/*******************************************************************************
 * Size: 24 px
 * Bpp: 4
 * Opts: --no-compress --bpp 4 --size 24 --font InstrumentSans-SemiBold.ttf -r 0x20-0x7F,0xA0-0x17F,0x2013-0x2026 --font ../../.pio/libdeps/WS-241/lvgl/scripts/built_in_font/FontAwesome5-Solid+Brands+Regular.woff -r 61441,61448,61451,61452,61453,61457,61459,61461,61465,61468,61473,61478,61479,61480,61502,61507,61512,61515,61516,61517,61521,61522,61523,61524,61543,61544,61550,61552,61553,61556,61559,61560,61561,61563,61587,61589,61636,61637,61639,61641,61664,61671,61674,61683,61724,61732,61787,61931,62016,62017,62018,62019,62020,62087,62099,62212,62189,62810,63426,63650 --format lvgl --lv-include lvgl.h --force-fast-kern-format -o ../../examples/at_core_debug/fonts/airki_sans_24.c
 ******************************************************************************/

#ifdef LV_LVGL_H_INCLUDE_SIMPLE
#include "lvgl.h"
#else
#include "lvgl.h"
#endif

#ifndef AIRKI_SANS_24
#define AIRKI_SANS_24 1
#endif

#if AIRKI_SANS_24

/*-----------------
 *    BITMAPS
 *----------------*/

/*Store the image of the glyphs*/
static LV_ATTRIBUTE_LARGE_CONST const uint8_t glyph_bitmap[] = {
    /* U+0020 " " */

    /* U+0021 "!" */
    0x1f, 0xff, 0x21, 0xff, 0xf2, 0xf, 0xff, 0x10,
    0xff, 0xf1, 0xf, 0xff, 0x0, 0xff, 0xf0, 0xe,
    0xff, 0x0, 0xdf, 0xe0, 0xd, 0xfe, 0x0, 0xcf,
    0xd0, 0xc, 0xfd, 0x0, 0xbf, 0xc0, 0x1, 0x22,
    0x0, 0x0, 0x0, 0x19, 0x99, 0x22, 0xff, 0xf4,
    0x2f, 0xff, 0x42, 0xff, 0xf4,

    /* U+0022 "\"" */
    0x8, 0x81, 0x2, 0x96, 0x8, 0xff, 0xa0, 0xdf,
    0xf4, 0xaf, 0xfc, 0xf, 0xff, 0x68, 0xff, 0xa0,
    0xef, 0xf4, 0x5f, 0xf7, 0xa, 0xff, 0x11, 0xff,
    0x30, 0x6f, 0xd0, 0xd, 0xf0, 0x2, 0xf9, 0x0,
    0x9b, 0x0, 0xe, 0x50,

    /* U+0023 "#" */
    0x0, 0x0, 0x7, 0xff, 0x30, 0x7, 0xff, 0x20,
    0x0, 0x0, 0x0, 0x9f, 0xf0, 0x0, 0x9f, 0xf0,
    0x0, 0x0, 0x0, 0xb, 0xfe, 0x0, 0xb, 0xfe,
    0x0, 0x0, 0x0, 0x0, 0xdf, 0xc0, 0x0, 0xef,
    0xc0, 0x0, 0x5, 0x99, 0x9f, 0xfe, 0x99, 0x9f,
    0xfe, 0x99, 0x50, 0x9f, 0xff, 0xff, 0xff, 0xff,
    0xff, 0xff, 0xf9, 0x9, 0xff, 0xff, 0xff, 0xff,
    0xff, 0xff, 0xff, 0x90, 0x0, 0x6, 0xff, 0x40,
    0x6, 0xff, 0x30, 0x0, 0x0, 0x0, 0x8f, 0xf2,
    0x0, 0x8f, 0xf1, 0x0, 0x0, 0x0, 0xa, 0xff,
    0x0, 0xa, 0xff, 0x0, 0x0, 0x19, 0x99, 0xef,
    0xf9, 0x99, 0xef, 0xf9, 0x99, 0x2, 0xff, 0xff,
    0xff, 0xff, 0xff, 0xff, 0xff, 0xf0, 0x2f, 0xff,
    0xff, 0xff, 0xff, 0xff, 0xff, 0xff, 0x0, 0x0,
    0x3f, 0xf7, 0x0, 0x3f, 0xf6, 0x0, 0x0, 0x0,
    0x5, 0xff, 0x50, 0x5, 0xff, 0x40, 0x0, 0x0,
    0x0, 0x7f, 0xf3, 0x0, 0x7f, 0xf2, 0x0, 0x0,
    0x0, 0x9, 0xff, 0x10, 0x9, 0xff, 0x0, 0x0,
    0x0, 0x0, 0xbf, 0xe0, 0x0, 0xcf, 0xe0, 0x0,
    0x0,

    /* U+0024 "$" */
    0x0, 0x0, 0x0, 0x6f, 0xf1, 0x0, 0x0, 0x0,
    0x0, 0x0, 0x6, 0xff, 0x10, 0x0, 0x0, 0x0,
    0x0, 0x0, 0x6f, 0xf1, 0x0, 0x0, 0x0, 0x0,
    0x6, 0xbf, 0xff, 0xd9, 0x20, 0x0, 0x0, 0x1c,
    0xff, 0xff, 0xff, 0xff, 0x70, 0x0, 0xc, 0xff,
    0xfa, 0x89, 0xdf, 0xff, 0x50, 0x3, 0xff, 0xe1,
    0x0, 0x0, 0x9f, 0xfe, 0x0, 0x6f, 0xf9, 0x0,
    0x0, 0x0, 0xef, 0xf3, 0x6, 0xff, 0xc0, 0x0,
    0x0, 0x3, 0x55, 0x10, 0x2f, 0xff, 0xb3, 0x0,
    0x0, 0x0, 0x0, 0x0, 0xaf, 0xff, 0xfe, 0x94,
    0x0, 0x0, 0x0, 0x0, 0x9f, 0xff, 0xff, 0xff,
    0x91, 0x0, 0x0, 0x0, 0x39, 0xef, 0xff, 0xff,
    0xf4, 0x0, 0x0, 0x0, 0x0, 0x38, 0xdf, 0xff,
    0xf1, 0x0, 0x0, 0x0, 0x0, 0x0, 0x5f, 0xff,
    0x62, 0xdd, 0xb0, 0x0, 0x0, 0x0, 0x8f, 0xf9,
    0xf, 0xff, 0x20, 0x0, 0x0, 0x7, 0xff, 0x90,
    0x9f, 0xfd, 0x20, 0x0, 0x1, 0xdf, 0xf6, 0x1,
    0xef, 0xff, 0xc8, 0x89, 0xef, 0xfe, 0x0, 0x2,
    0xcf, 0xff, 0xff, 0xff, 0xfe, 0x30, 0x0, 0x0,
    0x5a, 0xef, 0xfe, 0xc7, 0x0, 0x0, 0x0, 0x0,
    0x6, 0xff, 0x10, 0x0, 0x0, 0x0, 0x0, 0x0,
    0x6f, 0xf1, 0x0, 0x0, 0x0, 0x0, 0x0, 0x3,
    0x88, 0x0, 0x0, 0x0,

    /* U+0025 "%" */
    0x0, 0x4c, 0xfe, 0x91, 0x0, 0x0, 0x0, 0xbf,
    0xb0, 0x0, 0x5f, 0xff, 0xff, 0xc0, 0x0, 0x0,
    0x7f, 0xe1, 0x0, 0xd, 0xf7, 0x2, 0xef, 0x50,
    0x0, 0x3f, 0xf5, 0x0, 0x1, 0xff, 0x0, 0x7,
    0xf9, 0x0, 0xd, 0xfa, 0x0, 0x0, 0x2f, 0xe0,
    0x0, 0x6f, 0xa0, 0x9, 0xfe, 0x0, 0x0, 0x1,
    0xff, 0x0, 0x8, 0xf8, 0x4, 0xff, 0x30, 0x0,
    0x0, 0xc, 0xf9, 0x3, 0xef, 0x41, 0xef, 0x80,
    0x0, 0x0, 0x0, 0x3f, 0xff, 0xff, 0xb0, 0xbf,
    0xc0, 0x0, 0x0, 0x0, 0x0, 0x3b, 0xed, 0x70,
    0x6f, 0xf2, 0x0, 0x0, 0x0, 0x0, 0x0, 0x0,
    0x0, 0x2f, 0xf6, 0x1a, 0xff, 0xc3, 0x0, 0x0,
    0x0, 0x0, 0xc, 0xfa, 0x1e, 0xff, 0xff, 0xf3,
    0x0, 0x0, 0x0, 0x8, 0xfe, 0x17, 0xfc, 0x0,
    0x9f, 0xb0, 0x0, 0x0, 0x4, 0xff, 0x40, 0xbf,
    0x50, 0x1, 0xff, 0x0, 0x0, 0x1, 0xef, 0x90,
    0xc, 0xf3, 0x0, 0xf, 0xf0, 0x0, 0x0, 0xaf,
    0xd0, 0x0, 0xbf, 0x50, 0x1, 0xff, 0x0, 0x0,
    0x5f, 0xf2, 0x0, 0x7, 0xfc, 0x10, 0xaf, 0xb0,
    0x0, 0x2f, 0xf7, 0x0, 0x0, 0xd, 0xff, 0xff,
    0xf3, 0x0, 0xc, 0xfb, 0x0, 0x0, 0x0, 0x1a,
    0xff, 0xb3, 0x0,

    /* U+0026 "&" */
    0x0, 0x0, 0x7, 0xdf, 0xfc, 0x60, 0x0, 0x0,
    0x0, 0x0, 0x0, 0xd, 0xff, 0xff, 0xff, 0xb0,
    0x0, 0x0, 0x0, 0x0, 0x8, 0xff, 0xc4, 0x5c,
    0xff, 0x60, 0x0, 0x0, 0x0, 0x0, 0xdf, 0xf1,
    0x0, 0x1f, 0xfb, 0x0, 0x0, 0x0, 0x0, 0xd,
    0xff, 0x0, 0x0, 0xff, 0xb0, 0x0, 0x0, 0x0,
    0x0, 0xaf, 0xf6, 0x0, 0x8f, 0xf7, 0x0, 0x0,
    0x0, 0x0, 0x2, 0xff, 0xf5, 0xaf, 0xfd, 0x0,
    0x0, 0x0, 0x0, 0x0, 0x9, 0xff, 0xff, 0xfc,
    0x10, 0x0, 0x0, 0x0, 0x0, 0x1b, 0xff, 0xff,
    0xf7, 0x0, 0x2, 0xbb, 0x70, 0x0, 0x2e, 0xff,
    0xdb, 0xff, 0xd1, 0x0, 0x4f, 0xf9, 0x0, 0xc,
    0xff, 0x90, 0xb, 0xff, 0xd1, 0x6, 0xff, 0x70,
    0x2, 0xff, 0xe0, 0x0, 0xc, 0xff, 0xc1, 0xbf,
    0xf3, 0x0, 0x4f, 0xfb, 0x0, 0x0, 0x1d, 0xff,
    0xdf, 0xfd, 0x0, 0x4, 0xff, 0xe0, 0x0, 0x0,
    0x1d, 0xff, 0xff, 0x60, 0x0, 0xf, 0xff, 0x90,
    0x0, 0x0, 0x6f, 0xff, 0xe0, 0x0, 0x0, 0x7f,
    0xff, 0xeb, 0x9a, 0xdf, 0xff, 0xff, 0xb0, 0x0,
    0x0, 0x8f, 0xff, 0xff, 0xff, 0xff, 0x9f, 0xff,
    0xa0, 0x0, 0x0, 0x29, 0xdf, 0xfe, 0xc7, 0x10,
    0x4f, 0xff, 0xa0,

    /* U+0027 "'" */
    0x8, 0x81, 0x8f, 0xfa, 0xaf, 0xfc, 0x8f, 0xfa,
    0x5f, 0xf7, 0x1f, 0xf3, 0xd, 0xf0, 0x9, 0xb0,

    /* U+0028 "(" */
    0x0, 0x0, 0x5, 0x88, 0x20, 0x0, 0x6, 0xff,
    0x80, 0x0, 0x3, 0xff, 0xb0, 0x0, 0x0, 0xef,
    0xe1, 0x0, 0x0, 0x8f, 0xf6, 0x0, 0x0, 0xf,
    0xfe, 0x0, 0x0, 0x6, 0xff, 0x70, 0x0, 0x0,
    0xbf, 0xf2, 0x0, 0x0, 0xf, 0xfe, 0x0, 0x0,
    0x2, 0xff, 0xc0, 0x0, 0x0, 0x3f, 0xfa, 0x0,
    0x0, 0x3, 0xff, 0xa0, 0x0, 0x0, 0x3f, 0xfb,
    0x0, 0x0, 0x1, 0xff, 0xd0, 0x0, 0x0, 0xd,
    0xff, 0x0, 0x0, 0x0, 0x9f, 0xf5, 0x0, 0x0,
    0x3, 0xff, 0xb0, 0x0, 0x0, 0xc, 0xff, 0x20,
    0x0, 0x0, 0x4f, 0xfb, 0x0, 0x0, 0x0, 0xaf,
    0xf6, 0x0, 0x0, 0x0, 0xdf, 0xf2, 0x0, 0x0,
    0x1, 0xdf, 0xe2,

    /* U+0029 ")" */
    0x58, 0x82, 0x0, 0x0, 0x2e, 0xfe, 0x10, 0x0,
    0x3, 0xff, 0xc0, 0x0, 0x0, 0x7f, 0xf8, 0x0,
    0x0, 0xd, 0xff, 0x10, 0x0, 0x6, 0xff, 0x90,
    0x0, 0x0, 0xff, 0xe0, 0x0, 0x0, 0xaf, 0xf4,
    0x0, 0x0, 0x6f, 0xf8, 0x0, 0x0, 0x3f, 0xfa,
    0x0, 0x0, 0x2f, 0xfc, 0x0, 0x0, 0x2f, 0xfc,
    0x0, 0x0, 0x2f, 0xfb, 0x0, 0x0, 0x4f, 0xf9,
    0x0, 0x0, 0x8f, 0xf6, 0x0, 0x0, 0xcf, 0xf1,
    0x0, 0x2, 0xff, 0xb0, 0x0, 0x9, 0xff, 0x50,
    0x0, 0x2f, 0xfc, 0x0, 0x0, 0xcf, 0xf2, 0x0,
    0x9, 0xff, 0x60, 0x0, 0x7f, 0xf8, 0x0, 0x0,

    /* U+002A "*" */
    0x0, 0xf, 0xf5, 0x0, 0x1, 0xd2, 0xdf, 0x2b,
    0x50, 0x9f, 0xec, 0xfc, 0xfe, 0x4, 0xae, 0xff,
    0xfb, 0x60, 0x39, 0xef, 0xff, 0xa5, 0xa, 0xff,
    0xdf, 0xdf, 0xe0, 0x1e, 0x3c, 0xf3, 0xc6, 0x0,
    0x0, 0xff, 0x50, 0x0, 0x0, 0x1, 0x10, 0x0,
    0x0,

    /* U+002B "+" */
    0x0, 0x0, 0xaf, 0xb0, 0x0, 0x0, 0x0, 0xa,
    0xfb, 0x0, 0x0, 0x0, 0x0, 0xaf, 0xb0, 0x0,
    0x0, 0x0, 0xa, 0xfb, 0x0, 0x0, 0x45, 0x55,
    0xcf, 0xd5, 0x55, 0x4b, 0xff, 0xff, 0xff, 0xff,
    0xfc, 0xbf, 0xff, 0xff, 0xff, 0xff, 0xc0, 0x0,
    0xa, 0xfb, 0x0, 0x0, 0x0, 0x0, 0xaf, 0xb0,
    0x0, 0x0, 0x0, 0xa, 0xfb, 0x0, 0x0, 0x0,
    0x0, 0xaf, 0xb0, 0x0, 0x0, 0x0, 0x5, 0x85,
    0x0, 0x0,

    /* U+002C "," */
    0x49, 0x99, 0x6, 0xff, 0xf0, 0x6f, 0xff, 0x6,
    0xff, 0xf0, 0x0, 0xdd, 0x0, 0x2f, 0x80, 0x3e,
    0xe1, 0x5, 0xa1, 0x0,

    /* U+002D "-" */
    0x4a, 0xaa, 0xaa, 0xaa, 0xa2, 0x6f, 0xff, 0xff,
    0xff, 0xf3, 0x6f, 0xff, 0xff, 0xff, 0xf3,

    /* U+002E "." */
    0x49, 0x99, 0x7, 0xff, 0xf0, 0x7f, 0xff, 0x7,
    0xff, 0xf0,

    /* U+002F "/" */
    0x0, 0x0, 0x0, 0xf, 0xfa, 0x0, 0x0, 0x0,
    0x4f, 0xf5, 0x0, 0x0, 0x0, 0x9f, 0xf1, 0x0,
    0x0, 0x0, 0xef, 0xc0, 0x0, 0x0, 0x3, 0xff,
    0x70, 0x0, 0x0, 0x7, 0xff, 0x20, 0x0, 0x0,
    0xc, 0xfd, 0x0, 0x0, 0x0, 0x1f, 0xf8, 0x0,
    0x0, 0x0, 0x6f, 0xf4, 0x0, 0x0, 0x0, 0xaf,
    0xf0, 0x0, 0x0, 0x0, 0xff, 0xa0, 0x0, 0x0,
    0x4, 0xff, 0x50, 0x0, 0x0, 0x9, 0xff, 0x10,
    0x0, 0x0, 0xd, 0xfc, 0x0, 0x0, 0x0, 0x2f,
    0xf7, 0x0, 0x0, 0x0, 0x7f, 0xf2, 0x0, 0x0,
    0x0, 0xcf, 0xe0, 0x0, 0x0, 0x1, 0xff, 0x90,
    0x0, 0x0, 0x5, 0xff, 0x40, 0x0, 0x0, 0xa,
    0xff, 0x0, 0x0, 0x0, 0xf, 0xfa, 0x0, 0x0,
    0x0,

    /* U+0030 "0" */
    0x0, 0x0, 0x7, 0xcf, 0xfd, 0x92, 0x0, 0x0,
    0x0, 0x3, 0xef, 0xff, 0xff, 0xff, 0x50, 0x0,
    0x0, 0x2e, 0xff, 0xfc, 0xcf, 0xff, 0xf5, 0x0,
    0x0, 0xcf, 0xfd, 0x20, 0x1, 0xbf, 0xff, 0x10,
    0x4, 0xff, 0xf3, 0x0, 0x0, 0xe, 0xff, 0x80,
    0xa, 0xff, 0xb0, 0x0, 0x0, 0x7, 0xff, 0xe0,
    0xe, 0xff, 0x70, 0x0, 0x0, 0x3, 0xff, 0xf2,
    0xf, 0xff, 0x40, 0x0, 0x0, 0x0, 0xff, 0xf4,
    0x1f, 0xff, 0x30, 0x0, 0x0, 0x0, 0xff, 0xf5,
    0x1f, 0xff, 0x30, 0x0, 0x0, 0x0, 0xff, 0xf5,
    0xf, 0xff, 0x40, 0x0, 0x0, 0x0, 0xff, 0xf4,
    0xd, 0xff, 0x70, 0x0, 0x0, 0x3, 0xff, 0xf1,
    0x9, 0xff, 0xc0, 0x0, 0x0, 0x8, 0xff, 0xd0,
    0x3, 0xff, 0xf3, 0x0, 0x0, 0x1e, 0xff, 0x70,
    0x0, 0xbf, 0xfe, 0x20, 0x1, 0xcf, 0xfe, 0x0,
    0x0, 0x1e, 0xff, 0xfc, 0xcf, 0xff, 0xf4, 0x0,
    0x0, 0x2, 0xdf, 0xff, 0xff, 0xff, 0x50, 0x0,
    0x0, 0x0, 0x7, 0xcf, 0xfd, 0x92, 0x0, 0x0,

    /* U+0031 "1" */
    0x0, 0x0, 0x1f, 0xfc, 0x0, 0x2, 0xdf, 0xfc,
    0x0, 0x7f, 0xff, 0xfc, 0x7f, 0xff, 0xff, 0xfc,
    0x9f, 0xff, 0x8f, 0xfc, 0x9f, 0xb2, 0x4f, 0xfc,
    0x31, 0x0, 0x4f, 0xfc, 0x0, 0x0, 0x4f, 0xfc,
    0x0, 0x0, 0x4f, 0xfc, 0x0, 0x0, 0x4f, 0xfc,
    0x0, 0x0, 0x4f, 0xfc, 0x0, 0x0, 0x4f, 0xfc,
    0x0, 0x0, 0x4f, 0xfc, 0x0, 0x0, 0x4f, 0xfc,
    0x0, 0x0, 0x4f, 0xfc, 0x0, 0x0, 0x4f, 0xfc,
    0x0, 0x0, 0x4f, 0xfc, 0x0, 0x0, 0x4f, 0xfc,

    /* U+0032 "2" */
    0x0, 0x3, 0xae, 0xff, 0xd8, 0x10, 0x0, 0x8,
    0xff, 0xff, 0xff, 0xfe, 0x30, 0x6, 0xff, 0xfd,
    0x9b, 0xff, 0xfd, 0x0, 0xef, 0xf8, 0x0, 0x4,
    0xff, 0xf5, 0x4f, 0xfe, 0x0, 0x0, 0xd, 0xff,
    0x82, 0x66, 0x50, 0x0, 0x0, 0xcf, 0xf9, 0x0,
    0x0, 0x0, 0x0, 0xe, 0xff, 0x70, 0x0, 0x0,
    0x0, 0x6, 0xff, 0xf3, 0x0, 0x0, 0x0, 0x1,
    0xef, 0xfd, 0x0, 0x0, 0x0, 0x0, 0xcf, 0xff,
    0x40, 0x0, 0x0, 0x0, 0xbf, 0xff, 0x80, 0x0,
    0x0, 0x0, 0xcf, 0xff, 0xa0, 0x0, 0x0, 0x1,
    0xcf, 0xff, 0xa0, 0x0, 0x0, 0x2, 0xdf, 0xff,
    0x90, 0x0, 0x0, 0x4, 0xef, 0xff, 0x70, 0x0,
    0x0, 0x3, 0xff, 0xff, 0xd9, 0x99, 0x99, 0x98,
    0x4f, 0xff, 0xff, 0xff, 0xff, 0xff, 0xe4, 0xff,
    0xff, 0xff, 0xff, 0xff, 0xfe,

    /* U+0033 "3" */
    0x0, 0x2, 0x9d, 0xff, 0xea, 0x30, 0x0, 0x0,
    0x5f, 0xff, 0xff, 0xff, 0xf7, 0x0, 0x3, 0xff,
    0xfe, 0xaa, 0xef, 0xff, 0x30, 0xc, 0xff, 0xb0,
    0x0, 0x1e, 0xff, 0x90, 0xf, 0xff, 0x20, 0x0,
    0x9, 0xff, 0xc0, 0x1, 0x11, 0x0, 0x0, 0xb,
    0xff, 0xa0, 0x0, 0x0, 0x0, 0x1, 0x7f, 0xff,
    0x50, 0x0, 0x0, 0xf, 0xff, 0xff, 0xfa, 0x0,
    0x0, 0x0, 0xf, 0xff, 0xff, 0xc0, 0x0, 0x0,
    0x0, 0x8, 0x89, 0xef, 0xfd, 0x10, 0x0, 0x0,
    0x0, 0x0, 0xc, 0xff, 0x90, 0x0, 0x0, 0x0,
    0x0, 0x4, 0xff, 0xf0, 0x4f, 0xfc, 0x0, 0x0,
    0x2, 0xff, 0xf2, 0x1f, 0xff, 0x20, 0x0, 0x4,
    0xff, 0xf2, 0xb, 0xff, 0xb0, 0x0, 0xc, 0xff,
    0xe0, 0x3, 0xff, 0xfe, 0xaa, 0xef, 0xff, 0x60,
    0x0, 0x4f, 0xff, 0xff, 0xff, 0xf8, 0x0, 0x0,
    0x1, 0x8d, 0xff, 0xea, 0x30, 0x0,

    /* U+0034 "4" */
    0x0, 0x0, 0x0, 0x0, 0x2f, 0xff, 0x50, 0x0,
    0x0, 0x0, 0x0, 0xd, 0xff, 0xf5, 0x0, 0x0,
    0x0, 0x0, 0x8, 0xff, 0xff, 0x50, 0x0, 0x0,
    0x0, 0x4, 0xff, 0xff, 0xf5, 0x0, 0x0, 0x0,
    0x1, 0xef, 0xff, 0xff, 0x50, 0x0, 0x0, 0x0,
    0xaf, 0xfc, 0xbf, 0xf5, 0x0, 0x0, 0x0, 0x6f,
    0xff, 0x1b, 0xff, 0x50, 0x0, 0x0, 0x2f, 0xff,
    0x50, 0xbf, 0xf5, 0x0, 0x0, 0xc, 0xff, 0xa0,
    0xb, 0xff, 0x50, 0x0, 0x8, 0xff, 0xe1, 0x0,
    0xbf, 0xf5, 0x0, 0x3, 0xff, 0xf4, 0x0, 0xb,
    0xff, 0x50, 0x0, 0xef, 0xf8, 0x0, 0x0, 0xbf,
    0xf5, 0x0, 0x5f, 0xff, 0xff, 0xff, 0xff, 0xff,
    0xff, 0x35, 0xff, 0xff, 0xff, 0xff, 0xff, 0xff,
    0xf3, 0x39, 0x99, 0x99, 0x99, 0x9f, 0xff, 0xb9,
    0x10, 0x0, 0x0, 0x0, 0x0, 0xef, 0xf5, 0x0,
    0x0, 0x0, 0x0, 0x0, 0xe, 0xff, 0x50, 0x0,
    0x0, 0x0, 0x0, 0x0, 0xef, 0xf5, 0x0,

    /* U+0035 "5" */
    0x0, 0x9f, 0xff, 0xff, 0xff, 0xff, 0x20, 0x0,
    0xaf, 0xff, 0xff, 0xff, 0xff, 0x20, 0x0, 0xcf,
    0xfa, 0x99, 0x99, 0x99, 0x10, 0x0, 0xdf, 0xf2,
    0x0, 0x0, 0x0, 0x0, 0x0, 0xef, 0xf1, 0x0,
    0x0, 0x0, 0x0, 0x0, 0xff, 0xf0, 0x0, 0x0,
    0x0, 0x0, 0x1, 0xff, 0xf8, 0xef, 0xeb, 0x40,
    0x0, 0x2, 0xff, 0xff, 0xff, 0xff, 0xf7, 0x0,
    0x4, 0xff, 0xfc, 0x77, 0xdf, 0xff, 0x40, 0x4,
    0xcc, 0x90, 0x0, 0xc, 0xff, 0xc0, 0x0, 0x0,
    0x0, 0x0, 0x5, 0xff, 0xf0, 0x0, 0x0, 0x0,
    0x0, 0x2, 0xff, 0xf2, 0x14, 0x44, 0x0, 0x0,
    0x3, 0xff, 0xf2, 0x1f, 0xff, 0x20, 0x0, 0x6,
    0xff, 0xf0, 0xc, 0xff, 0xb0, 0x0, 0x1d, 0xff,
    0xb0, 0x3, 0xff, 0xfe, 0xaa, 0xff, 0xff, 0x30,
    0x0, 0x5f, 0xff, 0xff, 0xff, 0xf6, 0x0, 0x0,
    0x2, 0x9d, 0xff, 0xd9, 0x20, 0x0,

    /* U+0036 "6" */
    0x0, 0x0, 0x19, 0xdf, 0xfd, 0x81, 0x0, 0x0,
    0x0, 0x4f, 0xff, 0xff, 0xff, 0xe3, 0x0, 0x0,
    0x3f, 0xff, 0xd9, 0xae, 0xff, 0xe0, 0x0, 0xd,
    0xff, 0xa0, 0x0, 0x1e, 0xff, 0x60, 0x4, 0xff,
    0xe0, 0x0, 0x0, 0x7e, 0xea, 0x0, 0xaf, 0xf9,
    0x0, 0x0, 0x0, 0x0, 0x0, 0xd, 0xff, 0x50,
    0x26, 0x86, 0x30, 0x0, 0x0, 0xff, 0xf4, 0xaf,
    0xff, 0xff, 0xb1, 0x0, 0x1f, 0xff, 0xdf, 0xff,
    0xff, 0xff, 0xd0, 0x1, 0xff, 0xff, 0x92, 0x2,
    0x9f, 0xff, 0x70, 0x1f, 0xff, 0xa0, 0x0, 0x0,
    0xaf, 0xfd, 0x0, 0xff, 0xf5, 0x0, 0x0, 0x5,
    0xff, 0xf0, 0xc, 0xff, 0x40, 0x0, 0x0, 0x4f,
    0xff, 0x0, 0x8f, 0xf8, 0x0, 0x0, 0x7, 0xff,
    0xe0, 0x1, 0xff, 0xf4, 0x0, 0x3, 0xff, 0xfa,
    0x0, 0x7, 0xff, 0xfc, 0x9b, 0xff, 0xff, 0x20,
    0x0, 0x9, 0xff, 0xff, 0xff, 0xfe, 0x40, 0x0,
    0x0, 0x4, 0xae, 0xff, 0xd8, 0x10, 0x0,

    /* U+0037 "7" */
    0x6f, 0xff, 0xff, 0xff, 0xff, 0xff, 0xf6, 0xff,
    0xff, 0xff, 0xff, 0xff, 0xff, 0x39, 0x99, 0x99,
    0x99, 0x9c, 0xff, 0xd0, 0x0, 0x0, 0x0, 0x1,
    0xef, 0xf3, 0x0, 0x0, 0x0, 0x0, 0xaf, 0xf9,
    0x0, 0x0, 0x0, 0x0, 0x4f, 0xff, 0x10, 0x0,
    0x0, 0x0, 0xc, 0xff, 0x70, 0x0, 0x0, 0x0,
    0x5, 0xff, 0xe0, 0x0, 0x0, 0x0, 0x0, 0xcf,
    0xf8, 0x0, 0x0, 0x0, 0x0, 0x3f, 0xff, 0x10,
    0x0, 0x0, 0x0, 0x9, 0xff, 0xb0, 0x0, 0x0,
    0x0, 0x0, 0xff, 0xf6, 0x0, 0x0, 0x0, 0x0,
    0x4f, 0xff, 0x10, 0x0, 0x0, 0x0, 0x8, 0xff,
    0xc0, 0x0, 0x0, 0x0, 0x0, 0xcf, 0xf9, 0x0,
    0x0, 0x0, 0x0, 0xf, 0xff, 0x60, 0x0, 0x0,
    0x0, 0x2, 0xff, 0xf4, 0x0, 0x0, 0x0, 0x0,
    0x3f, 0xff, 0x20, 0x0, 0x0,

    /* U+0038 "8" */
    0x0, 0x2, 0x8d, 0xff, 0xea, 0x40, 0x0, 0x0,
    0x5f, 0xff, 0xff, 0xff, 0xf9, 0x0, 0x2, 0xff,
    0xff, 0xa9, 0xdf, 0xff, 0x70, 0x8, 0xff, 0xe1,
    0x0, 0xa, 0xff, 0xe0, 0xb, 0xff, 0x90, 0x0,
    0x3, 0xff, 0xf0, 0xa, 0xff, 0xb0, 0x0, 0x5,
    0xff, 0xf0, 0x6, 0xff, 0xf7, 0x10, 0x4e, 0xff,
    0xb0, 0x0, 0xbf, 0xff, 0xff, 0xff, 0xfe, 0x20,
    0x0, 0xc, 0xff, 0xff, 0xff, 0xf3, 0x0, 0x1,
    0xcf, 0xfc, 0x76, 0xaf, 0xff, 0x40, 0x9, 0xff,
    0xb0, 0x0, 0x6, 0xff, 0xe0, 0xf, 0xff, 0x30,
    0x0, 0x0, 0xef, 0xf6, 0x2f, 0xff, 0x20, 0x0,
    0x0, 0xcf, 0xf8, 0x2f, 0xff, 0x40, 0x0, 0x0,
    0xef, 0xf8, 0xe, 0xff, 0xc1, 0x0, 0x8, 0xff,
    0xf4, 0x6, 0xff, 0xfe, 0xa9, 0xdf, 0xff, 0xc0,
    0x0, 0x7f, 0xff, 0xff, 0xff, 0xfc, 0x10, 0x0,
    0x2, 0x9d, 0xff, 0xeb, 0x50, 0x0,

    /* U+0039 "9" */
    0x0, 0x2, 0x9d, 0xff, 0xd9, 0x20, 0x0, 0x0,
    0x7f, 0xff, 0xff, 0xff, 0xf6, 0x0, 0x5, 0xff,
    0xff, 0xa9, 0xdf, 0xff, 0x40, 0xd, 0xff, 0xd1,
    0x0, 0x8, 0xff, 0xd0, 0x2f, 0xff, 0x50, 0x0,
    0x0, 0xef, 0xf4, 0x3f, 0xff, 0x30, 0x0, 0x0,
    0xbf, 0xf8, 0x2f, 0xff, 0x50, 0x0, 0x0, 0xdf,
    0xfb, 0xe, 0xff, 0xd1, 0x0, 0x5, 0xff, 0xfd,
    0x7, 0xff, 0xfe, 0x98, 0xbf, 0xff, 0xfe, 0x0,
    0xaf, 0xff, 0xff, 0xfe, 0xbf, 0xfd, 0x0, 0x5,
    0xcf, 0xfd, 0x91, 0x9f, 0xfc, 0x0, 0x0, 0x0,
    0x0, 0x0, 0xaf, 0xfa, 0x7, 0x88, 0x10, 0x0,
    0x0, 0xdf, 0xf7, 0xd, 0xff, 0x50, 0x0, 0x2,
    0xff, 0xf2, 0x7, 0xff, 0xd1, 0x0, 0xb, 0xff,
    0xb0, 0x1, 0xef, 0xfe, 0xa9, 0xef, 0xff, 0x20,
    0x0, 0x3f, 0xff, 0xff, 0xff, 0xf4, 0x0, 0x0,
    0x1, 0x9d, 0xff, 0xd8, 0x10, 0x0,

    /* U+003A ":" */
    0x7f, 0xff, 0x7, 0xff, 0xf0, 0x7f, 0xff, 0x4,
    0x99, 0x90, 0x0, 0x0, 0x0, 0x0, 0x0, 0x0,
    0x0, 0x0, 0x0, 0x0, 0x49, 0x99, 0x7, 0xff,
    0xf0, 0x7f, 0xff, 0x7, 0xff, 0xf0,

    /* U+003B ";" */
    0x7f, 0xff, 0x7, 0xff, 0xf0, 0x7f, 0xff, 0x4,
    0x99, 0x90, 0x0, 0x0, 0x0, 0x0, 0x0, 0x0,
    0x0, 0x0, 0x0, 0x0, 0x49, 0x99, 0x6, 0xff,
    0xf0, 0x6f, 0xff, 0x6, 0xff, 0xf0, 0x0, 0xdd,
    0x0, 0x2f, 0x80, 0x3e, 0xe1, 0x5, 0xa1, 0x0,

    /* U+003C "<" */
    0x0, 0x0, 0x0, 0x0, 0x0, 0x30, 0x0, 0x0,
    0x0, 0x39, 0xec, 0x0, 0x0, 0x27, 0xdf, 0xff,
    0xc0, 0x16, 0xcf, 0xff, 0xfe, 0x83, 0x8f, 0xff,
    0xff, 0x94, 0x0, 0xb, 0xff, 0xd5, 0x0, 0x0,
    0x0, 0xbf, 0xff, 0xe8, 0x30, 0x0, 0x1, 0x7d,
    0xff, 0xff, 0xd8, 0x20, 0x0, 0x2, 0x8e, 0xff,
    0xff, 0xa0, 0x0, 0x0, 0x4, 0x9f, 0xfc, 0x0,
    0x0, 0x0, 0x0, 0x5, 0x80,

    /* U+003D "=" */
    0xbf, 0xff, 0xff, 0xff, 0xff, 0xcb, 0xff, 0xff,
    0xff, 0xff, 0xfc, 0x45, 0x55, 0x55, 0x55, 0x55,
    0x40, 0x0, 0x0, 0x0, 0x0, 0x0, 0x0, 0x0,
    0x0, 0x0, 0x0, 0xb, 0xff, 0xff, 0xff, 0xff,
    0xfc, 0xbf, 0xff, 0xff, 0xff, 0xff, 0xc4, 0x55,
    0x55, 0x55, 0x55, 0x54,

    /* U+003E ">" */
    0x20, 0x0, 0x0, 0x0, 0x0, 0xb, 0xd8, 0x20,
    0x0, 0x0, 0x0, 0xbf, 0xff, 0xc7, 0x10, 0x0,
    0x3, 0x9e, 0xff, 0xff, 0xb6, 0x10, 0x0, 0x4,
    0xaf, 0xff, 0xff, 0x90, 0x0, 0x0, 0x5, 0xdf,
    0xfc, 0x0, 0x0, 0x27, 0xdf, 0xff, 0xc0, 0x16,
    0xcf, 0xff, 0xfd, 0x82, 0x9f, 0xff, 0xfe, 0x93,
    0x0, 0xb, 0xff, 0xb5, 0x0, 0x0, 0x0, 0x86,
    0x10, 0x0, 0x0, 0x0, 0x0,

    /* U+003F "?" */
    0x0, 0x0, 0x15, 0x89, 0x85, 0x0, 0x0, 0x0,
    0x8, 0xff, 0xff, 0xff, 0xe6, 0x0, 0x0, 0xaf,
    0xff, 0xff, 0xff, 0xff, 0x60, 0x6, 0xff, 0xf6,
    0x10, 0x2b, 0xff, 0xe0, 0xd, 0xff, 0x40, 0x0,
    0x0, 0xff, 0xf3, 0x1d, 0xdc, 0x0, 0x0, 0x0,
    0xef, 0xf4, 0x0, 0x0, 0x0, 0x0, 0x4, 0xff,
    0xf1, 0x0, 0x0, 0x0, 0x0, 0x4f, 0xff, 0xa0,
    0x0, 0x0, 0x0, 0x6, 0xff, 0xfc, 0x10, 0x0,
    0x0, 0x0, 0x5f, 0xff, 0xa0, 0x0, 0x0, 0x0,
    0x0, 0xef, 0xf9, 0x0, 0x0, 0x0, 0x0, 0x2,
    0xff, 0xe0, 0x0, 0x0, 0x0, 0x0, 0x3, 0xbb,
    0x70, 0x0, 0x0, 0x0, 0x0, 0x0, 0x0, 0x0,
    0x0, 0x0, 0x0, 0x0, 0x0, 0x0, 0x0, 0x0,
    0x0, 0x0, 0x0, 0x5, 0x99, 0x80, 0x0, 0x0,
    0x0, 0x0, 0x8, 0xff, 0xe0, 0x0, 0x0, 0x0,
    0x0, 0x8, 0xff, 0xe0, 0x0, 0x0, 0x0, 0x0,
    0x8, 0xff, 0xe0, 0x0, 0x0,

    /* U+0040 "@" */
    0x0, 0x0, 0x0, 0x6, 0xad, 0xff, 0xfd, 0xa4,
    0x0, 0x0, 0x0, 0x0, 0x8, 0xff, 0xff, 0xff,
    0xff, 0xff, 0xd2, 0x0, 0x0, 0x1, 0xcf, 0xfc,
    0x63, 0x10, 0x13, 0x8e, 0xff, 0x30, 0x0, 0xd,
    0xfe, 0x40, 0x14, 0x41, 0x0, 0x1, 0xbf, 0xe0,
    0x0, 0xaf, 0xd1, 0x7, 0xff, 0xff, 0x47, 0x98,
    0xe, 0xf7, 0x3, 0xff, 0x30, 0x8f, 0xff, 0xff,
    0xdf, 0xfb, 0x7, 0xfc, 0x9, 0xfa, 0x2, 0xff,
    0xe3, 0x7, 0xff, 0xf7, 0x3, 0xfe, 0xd, 0xf4,
    0x9, 0xff, 0x40, 0x0, 0xef, 0xf3, 0x3, 0xfe,
    0xf, 0xf1, 0xd, 0xfe, 0x0, 0x0, 0xcf, 0xf0,
    0x4, 0xfc, 0x1f, 0xf0, 0xf, 0xfd, 0x0, 0x0,
    0xff, 0xb0, 0x8, 0xf8, 0x1f, 0xf0, 0xe, 0xff,
    0x10, 0x6, 0xff, 0x70, 0x1e, 0xf2, 0xf, 0xf3,
    0xb, 0xff, 0xc6, 0x8f, 0xff, 0x81, 0xbf, 0x80,
    0xb, 0xf9, 0x3, 0xff, 0xff, 0xf7, 0xef, 0xff,
    0xfa, 0x0, 0x4, 0xff, 0x30, 0x4d, 0xfd, 0x50,
    0x4d, 0xfd, 0x60, 0x0, 0x0, 0xaf, 0xe4, 0x0,
    0x0, 0x0, 0x0, 0x0, 0x0, 0x0, 0x0, 0xc,
    0xff, 0xb6, 0x21, 0x1, 0x48, 0xd6, 0x0, 0x0,
    0x0, 0x0, 0x8f, 0xff, 0xff, 0xff, 0xff, 0xfb,
    0x0, 0x0, 0x0, 0x0, 0x1, 0x6b, 0xdf, 0xff,
    0xd9, 0x50, 0x0, 0x0,

    /* U+0041 "A" */
    0x0, 0x0, 0x0, 0x2f, 0xff, 0xc0, 0x0, 0x0,
    0x0, 0x0, 0x0, 0x7, 0xff, 0xff, 0x10, 0x0,
    0x0, 0x0, 0x0, 0x0, 0xdf, 0xff, 0xf7, 0x0,
    0x0, 0x0, 0x0, 0x0, 0x3f, 0xfa, 0xff, 0xc0,
    0x0, 0x0, 0x0, 0x0, 0x8, 0xff, 0x3c, 0xff,
    0x20, 0x0, 0x0, 0x0, 0x0, 0xef, 0xe0, 0x6f,
    0xf8, 0x0, 0x0, 0x0, 0x0, 0x4f, 0xf9, 0x1,
    0xff, 0xd0, 0x0, 0x0, 0x0, 0x9, 0xff, 0x30,
    0xc, 0xff, 0x30, 0x0, 0x0, 0x0, 0xff, 0xe0,
    0x0, 0x7f, 0xf9, 0x0, 0x0, 0x0, 0x5f, 0xf9,
    0x0, 0x1, 0xff, 0xe0, 0x0, 0x0, 0xa, 0xff,
    0x30, 0x0, 0xc, 0xff, 0x40, 0x0, 0x1, 0xff,
    0xff, 0xff, 0xff, 0xff, 0xfa, 0x0, 0x0, 0x6f,
    0xff, 0xff, 0xff, 0xff, 0xff, 0xf0, 0x0, 0xb,
    0xff, 0xa9, 0x99, 0x99, 0x9e, 0xff, 0x50, 0x1,
    0xff, 0xe0, 0x0, 0x0, 0x0, 0x7f, 0xfb, 0x0,
    0x7f, 0xf9, 0x0, 0x0, 0x0, 0x2, 0xff, 0xf1,
    0xc, 0xff, 0x30, 0x0, 0x0, 0x0, 0xc, 0xff,
    0x62, 0xff, 0xe0, 0x0, 0x0, 0x0, 0x0, 0x7f,
    0xfb,

    /* U+0042 "B" */
    0x8f, 0xff, 0xff, 0xff, 0xfd, 0x91, 0x0, 0x8f,
    0xff, 0xff, 0xff, 0xff, 0xfe, 0x20, 0x8f, 0xfc,
    0x66, 0x66, 0x8f, 0xff, 0xc0, 0x8f, 0xf9, 0x0,
    0x0, 0x4, 0xff, 0xf1, 0x8f, 0xf9, 0x0, 0x0,
    0x0, 0xff, 0xf3, 0x8f, 0xf9, 0x0, 0x0, 0x0,
    0xff, 0xf1, 0x8f, 0xf9, 0x0, 0x0, 0x5, 0xff,
    0xb0, 0x8f, 0xfc, 0x66, 0x66, 0x9f, 0xfe, 0x20,
    0x8f, 0xff, 0xff, 0xff, 0xff, 0xe2, 0x0, 0x8f,
    0xff, 0xff, 0xff, 0xff, 0xfe, 0x30, 0x8f, 0xf9,
    0x0, 0x0, 0x19, 0xff, 0xe1, 0x8f, 0xf9, 0x0,
    0x0, 0x0, 0xcf, 0xf7, 0x8f, 0xf9, 0x0, 0x0,
    0x0, 0x8f, 0xfa, 0x8f, 0xf9, 0x0, 0x0, 0x0,
    0x8f, 0xfa, 0x8f, 0xf9, 0x0, 0x0, 0x1, 0xef,
    0xf8, 0x8f, 0xfc, 0x66, 0x66, 0x7d, 0xff, 0xf2,
    0x8f, 0xff, 0xff, 0xff, 0xff, 0xff, 0x60, 0x8f,
    0xff, 0xff, 0xff, 0xfe, 0xa3, 0x0,

    /* U+0043 "C" */
    0x0, 0x0, 0x2, 0x8c, 0xff, 0xeb, 0x60, 0x0,
    0x0, 0x0, 0x0, 0x8f, 0xff, 0xff, 0xff, 0xfe,
    0x40, 0x0, 0x0, 0xa, 0xff, 0xff, 0xba, 0xcf,
    0xff, 0xf4, 0x0, 0x0, 0x8f, 0xff, 0x80, 0x0,
    0x1, 0xbf, 0xfe, 0x10, 0x2, 0xff, 0xf6, 0x0,
    0x0, 0x0, 0xc, 0xff, 0x80, 0x8, 0xff, 0xc0,
    0x0, 0x0, 0x0, 0x4, 0xff, 0xe0, 0xd, 0xff,
    0x60, 0x0, 0x0, 0x0, 0x0, 0xbb, 0xb0, 0xf,
    0xff, 0x20, 0x0, 0x0, 0x0, 0x0, 0x0, 0x0,
    0x1f, 0xff, 0x10, 0x0, 0x0, 0x0, 0x0, 0x0,
    0x0, 0x1f, 0xff, 0x10, 0x0, 0x0, 0x0, 0x0,
    0x0, 0x0, 0xf, 0xff, 0x30, 0x0, 0x0, 0x0,
    0x0, 0x0, 0x0, 0xc, 0xff, 0x60, 0x0, 0x0,
    0x0, 0x0, 0xaa, 0xa1, 0x8, 0xff, 0xd0, 0x0,
    0x0, 0x0, 0x4, 0xff, 0xe0, 0x1, 0xff, 0xf7,
    0x0, 0x0, 0x0, 0xc, 0xff, 0x90, 0x0, 0x7f,
    0xff, 0x80, 0x0, 0x1, 0xbf, 0xff, 0x10, 0x0,
    0xa, 0xff, 0xff, 0xba, 0xcf, 0xff, 0xf4, 0x0,
    0x0, 0x0, 0x7f, 0xff, 0xff, 0xff, 0xfe, 0x40,
    0x0, 0x0, 0x0, 0x1, 0x8c, 0xff, 0xeb, 0x70,
    0x0, 0x0,

    /* U+0044 "D" */
    0x8f, 0xff, 0xff, 0xff, 0xeb, 0x71, 0x0, 0x0,
    0x8, 0xff, 0xff, 0xff, 0xff, 0xff, 0xf7, 0x0,
    0x0, 0x8f, 0xfd, 0x99, 0x9a, 0xcf, 0xff, 0xfb,
    0x0, 0x8, 0xff, 0x90, 0x0, 0x0, 0x19, 0xff,
    0xf9, 0x0, 0x8f, 0xf9, 0x0, 0x0, 0x0, 0x7,
    0xff, 0xf3, 0x8, 0xff, 0x90, 0x0, 0x0, 0x0,
    0xc, 0xff, 0xa0, 0x8f, 0xf9, 0x0, 0x0, 0x0,
    0x0, 0x5f, 0xff, 0x8, 0xff, 0x90, 0x0, 0x0,
    0x0, 0x1, 0xff, 0xf2, 0x8f, 0xf9, 0x0, 0x0,
    0x0, 0x0, 0xf, 0xff, 0x38, 0xff, 0x90, 0x0,
    0x0, 0x0, 0x0, 0xff, 0xf3, 0x8f, 0xf9, 0x0,
    0x0, 0x0, 0x0, 0x1f, 0xff, 0x18, 0xff, 0x90,
    0x0, 0x0, 0x0, 0x5, 0xff, 0xe0, 0x8f, 0xf9,
    0x0, 0x0, 0x0, 0x0, 0xcf, 0xf9, 0x8, 0xff,
    0x90, 0x0, 0x0, 0x0, 0x8f, 0xff, 0x20, 0x8f,
    0xf9, 0x0, 0x0, 0x1, 0xaf, 0xff, 0x80, 0x8,
    0xff, 0xd9, 0x99, 0xac, 0xff, 0xff, 0xa0, 0x0,
    0x8f, 0xff, 0xff, 0xff, 0xff, 0xff, 0x60, 0x0,
    0x8, 0xff, 0xff, 0xff, 0xfe, 0xb6, 0x10, 0x0,
    0x0,

    /* U+0045 "E" */
    0x8f, 0xff, 0xff, 0xff, 0xff, 0xff, 0xa8, 0xff,
    0xff, 0xff, 0xff, 0xff, 0xfa, 0x8f, 0xfd, 0x99,
    0x99, 0x99, 0x99, 0x68, 0xff, 0x90, 0x0, 0x0,
    0x0, 0x0, 0x8f, 0xf9, 0x0, 0x0, 0x0, 0x0,
    0x8, 0xff, 0x90, 0x0, 0x0, 0x0, 0x0, 0x8f,
    0xf9, 0x0, 0x0, 0x0, 0x0, 0x8, 0xff, 0xd8,
    0x88, 0x88, 0x88, 0x80, 0x8f, 0xff, 0xff, 0xff,
    0xff, 0xff, 0x18, 0xff, 0xff, 0xff, 0xff, 0xff,
    0xf1, 0x8f, 0xf9, 0x0, 0x0, 0x0, 0x0, 0x8,
    0xff, 0x90, 0x0, 0x0, 0x0, 0x0, 0x8f, 0xf9,
    0x0, 0x0, 0x0, 0x0, 0x8, 0xff, 0x90, 0x0,
    0x0, 0x0, 0x0, 0x8f, 0xf9, 0x0, 0x0, 0x0,
    0x0, 0x8, 0xff, 0xd9, 0x99, 0x99, 0x99, 0x98,
    0x8f, 0xff, 0xff, 0xff, 0xff, 0xff, 0xe8, 0xff,
    0xff, 0xff, 0xff, 0xff, 0xfe,

    /* U+0046 "F" */
    0x8f, 0xff, 0xff, 0xff, 0xff, 0xff, 0x48, 0xff,
    0xff, 0xff, 0xff, 0xff, 0xf4, 0x8f, 0xfd, 0x99,
    0x99, 0x99, 0x99, 0x28, 0xff, 0x90, 0x0, 0x0,
    0x0, 0x0, 0x8f, 0xf9, 0x0, 0x0, 0x0, 0x0,
    0x8, 0xff, 0x90, 0x0, 0x0, 0x0, 0x0, 0x8f,
    0xf9, 0x0, 0x0, 0x0, 0x0, 0x8, 0xff, 0x90,
    0x0, 0x0, 0x0, 0x0, 0x8f, 0xff, 0xff, 0xff,
    0xff, 0xfb, 0x8, 0xff, 0xff, 0xff, 0xff, 0xff,
    0xb0, 0x8f, 0xfd, 0x99, 0x99, 0x99, 0x96, 0x8,
    0xff, 0x90, 0x0, 0x0, 0x0, 0x0, 0x8f, 0xf9,
    0x0, 0x0, 0x0, 0x0, 0x8, 0xff, 0x90, 0x0,
    0x0, 0x0, 0x0, 0x8f, 0xf9, 0x0, 0x0, 0x0,
    0x0, 0x8, 0xff, 0x90, 0x0, 0x0, 0x0, 0x0,
    0x8f, 0xf9, 0x0, 0x0, 0x0, 0x0, 0x8, 0xff,
    0x90, 0x0, 0x0, 0x0, 0x0,

    /* U+0047 "G" */
    0x0, 0x0, 0x2, 0x8c, 0xff, 0xec, 0x71, 0x0,
    0x0, 0x0, 0x0, 0x8f, 0xff, 0xff, 0xff, 0xff,
    0x70, 0x0, 0x0, 0xa, 0xff, 0xff, 0xba, 0xcf,
    0xff, 0xf8, 0x0, 0x0, 0x8f, 0xff, 0x80, 0x0,
    0x0, 0x8f, 0xff, 0x40, 0x2, 0xff, 0xf7, 0x0,
    0x0, 0x0, 0x9, 0xff, 0xb0, 0x8, 0xff, 0xc0,
    0x0, 0x0, 0x0, 0x2, 0xcc, 0xc0, 0xd, 0xff,
    0x60, 0x0, 0x0, 0x0, 0x0, 0x0, 0x0, 0xf,
    0xff, 0x20, 0x0, 0x0, 0x0, 0x0, 0x0, 0x0,
    0x1f, 0xff, 0x10, 0x0, 0x1, 0xff, 0xff, 0xff,
    0xf2, 0x1f, 0xff, 0x10, 0x0, 0x1, 0xff, 0xff,
    0xff, 0xf2, 0xf, 0xff, 0x20, 0x0, 0x0, 0x88,
    0x88, 0xff, 0xf2, 0xd, 0xff, 0x60, 0x0, 0x0,
    0x0, 0x0, 0xff, 0xf2, 0x9, 0xff, 0xc0, 0x0,
    0x0, 0x0, 0x0, 0xff, 0xf2, 0x2, 0xff, 0xf6,
    0x0, 0x0, 0x0, 0x0, 0xff, 0xf2, 0x0, 0x9f,
    0xff, 0x81, 0x0, 0x0, 0x19, 0xff, 0xf2, 0x0,
    0xb, 0xff, 0xff, 0xca, 0xac, 0xff, 0xff, 0xa0,
    0x0, 0x0, 0x8f, 0xff, 0xff, 0xff, 0xff, 0xf6,
    0x0, 0x0, 0x0, 0x2, 0x8c, 0xef, 0xfe, 0xb6,
    0x10, 0x0,

    /* U+0048 "H" */
    0x8f, 0xf9, 0x0, 0x0, 0x0, 0x3, 0xff, 0xe8,
    0xff, 0x90, 0x0, 0x0, 0x0, 0x3f, 0xfe, 0x8f,
    0xf9, 0x0, 0x0, 0x0, 0x3, 0xff, 0xe8, 0xff,
    0x90, 0x0, 0x0, 0x0, 0x3f, 0xfe, 0x8f, 0xf9,
    0x0, 0x0, 0x0, 0x3, 0xff, 0xe8, 0xff, 0x90,
    0x0, 0x0, 0x0, 0x3f, 0xfe, 0x8f, 0xf9, 0x0,
    0x0, 0x0, 0x3, 0xff, 0xe8, 0xff, 0xd8, 0x88,
    0x88, 0x88, 0xaf, 0xfe, 0x8f, 0xff, 0xff, 0xff,
    0xff, 0xff, 0xff, 0xe8, 0xff, 0xff, 0xff, 0xff,
    0xff, 0xff, 0xfe, 0x8f, 0xf9, 0x0, 0x0, 0x0,
    0x3, 0xff, 0xe8, 0xff, 0x90, 0x0, 0x0, 0x0,
    0x3f, 0xfe, 0x8f, 0xf9, 0x0, 0x0, 0x0, 0x3,
    0xff, 0xe8, 0xff, 0x90, 0x0, 0x0, 0x0, 0x3f,
    0xfe, 0x8f, 0xf9, 0x0, 0x0, 0x0, 0x3, 0xff,
    0xe8, 0xff, 0x90, 0x0, 0x0, 0x0, 0x3f, 0xfe,
    0x8f, 0xf9, 0x0, 0x0, 0x0, 0x3, 0xff, 0xe8,
    0xff, 0x90, 0x0, 0x0, 0x0, 0x3f, 0xfe,

    /* U+0049 "I" */
    0x8f, 0xf9, 0x8f, 0xf9, 0x8f, 0xf9, 0x8f, 0xf9,
    0x8f, 0xf9, 0x8f, 0xf9, 0x8f, 0xf9, 0x8f, 0xf9,
    0x8f, 0xf9, 0x8f, 0xf9, 0x8f, 0xf9, 0x8f, 0xf9,
    0x8f, 0xf9, 0x8f, 0xf9, 0x8f, 0xf9, 0x8f, 0xf9,
    0x8f, 0xf9, 0x8f, 0xf9,

    /* U+004A "J" */
    0x0, 0x0, 0x4, 0xff, 0xd0, 0x0, 0x0, 0x4f,
    0xfd, 0x0, 0x0, 0x4, 0xff, 0xd0, 0x0, 0x0,
    0x4f, 0xfd, 0x0, 0x0, 0x4, 0xff, 0xd0, 0x0,
    0x0, 0x4f, 0xfd, 0x0, 0x0, 0x4, 0xff, 0xd0,
    0x0, 0x0, 0x4f, 0xfd, 0x0, 0x0, 0x4, 0xff,
    0xd0, 0x0, 0x0, 0x4f, 0xfd, 0x0, 0x0, 0x4,
    0xff, 0xd0, 0x0, 0x0, 0x4f, 0xfd, 0x0, 0x0,
    0x4, 0xff, 0xd0, 0x0, 0x0, 0x5f, 0xfc, 0x0,
    0x0, 0xb, 0xff, 0xaa, 0xb9, 0xad, 0xff, 0xf5,
    0xbf, 0xff, 0xff, 0xfa, 0x7, 0xdf, 0xfe, 0xb5,
    0x0,

    /* U+004B "K" */
    0x8f, 0xf9, 0x0, 0x0, 0x0, 0x8f, 0xff, 0x90,
    0x8f, 0xf9, 0x0, 0x0, 0x7, 0xff, 0xfa, 0x0,
    0x8f, 0xf9, 0x0, 0x0, 0x7f, 0xff, 0xa0, 0x0,
    0x8f, 0xf9, 0x0, 0x6, 0xff, 0xfa, 0x0, 0x0,
    0x8f, 0xf9, 0x0, 0x5f, 0xff, 0xa0, 0x0, 0x0,
    0x8f, 0xf9, 0x4, 0xff, 0xfb, 0x0, 0x0, 0x0,
    0x8f, 0xf9, 0x4f, 0xff, 0xb0, 0x0, 0x0, 0x0,
    0x8f, 0xfc, 0xff, 0xfb, 0x0, 0x0, 0x0, 0x0,
    0x8f, 0xff, 0xff, 0xd0, 0x0, 0x0, 0x0, 0x0,
    0x8f, 0xff, 0xff, 0xf6, 0x0, 0x0, 0x0, 0x0,
    0x8f, 0xf9, 0x9f, 0xff, 0x60, 0x0, 0x0, 0x0,
    0x8f, 0xf9, 0xa, 0xff, 0xf5, 0x0, 0x0, 0x0,
    0x8f, 0xf9, 0x0, 0xbf, 0xff, 0x50, 0x0, 0x0,
    0x8f, 0xf9, 0x0, 0xc, 0xff, 0xf4, 0x0, 0x0,
    0x8f, 0xf9, 0x0, 0x1, 0xdf, 0xff, 0x40, 0x0,
    0x8f, 0xf9, 0x0, 0x0, 0x1e, 0xff, 0xf3, 0x0,
    0x8f, 0xf9, 0x0, 0x0, 0x2, 0xef, 0xff, 0x30,
    0x8f, 0xf9, 0x0, 0x0, 0x0, 0x3f, 0xff, 0xe3,

    /* U+004C "L" */
    0x8f, 0xf9, 0x0, 0x0, 0x0, 0x0, 0x8, 0xff,
    0x90, 0x0, 0x0, 0x0, 0x0, 0x8f, 0xf9, 0x0,
    0x0, 0x0, 0x0, 0x8, 0xff, 0x90, 0x0, 0x0,
    0x0, 0x0, 0x8f, 0xf9, 0x0, 0x0, 0x0, 0x0,
    0x8, 0xff, 0x90, 0x0, 0x0, 0x0, 0x0, 0x8f,
    0xf9, 0x0, 0x0, 0x0, 0x0, 0x8, 0xff, 0x90,
    0x0, 0x0, 0x0, 0x0, 0x8f, 0xf9, 0x0, 0x0,
    0x0, 0x0, 0x8, 0xff, 0x90, 0x0, 0x0, 0x0,
    0x0, 0x8f, 0xf9, 0x0, 0x0, 0x0, 0x0, 0x8,
    0xff, 0x90, 0x0, 0x0, 0x0, 0x0, 0x8f, 0xf9,
    0x0, 0x0, 0x0, 0x0, 0x8, 0xff, 0x90, 0x0,
    0x0, 0x0, 0x0, 0x8f, 0xf9, 0x0, 0x0, 0x0,
    0x0, 0x8, 0xff, 0xd9, 0x99, 0x99, 0x99, 0x91,
    0x8f, 0xff, 0xff, 0xff, 0xff, 0xff, 0x18, 0xff,
    0xff, 0xff, 0xff, 0xff, 0xf1,

    /* U+004D "M" */
    0x8f, 0xff, 0xf7, 0x0, 0x0, 0x0, 0x0, 0xff,
    0xff, 0xf1, 0x8f, 0xff, 0xfc, 0x0, 0x0, 0x0,
    0x4, 0xff, 0xff, 0xf1, 0x8f, 0xff, 0xff, 0x10,
    0x0, 0x0, 0x9, 0xff, 0xff, 0xf1, 0x8f, 0xfc,
    0xff, 0x60, 0x0, 0x0, 0xe, 0xfc, 0xff, 0xf1,
    0x8f, 0xf7, 0xff, 0xb0, 0x0, 0x0, 0x2f, 0xf7,
    0xff, 0xf1, 0x8f, 0xf6, 0xbf, 0xf0, 0x0, 0x0,
    0x7f, 0xf2, 0xff, 0xf1, 0x8f, 0xf6, 0x6f, 0xf5,
    0x0, 0x0, 0xcf, 0xd0, 0xff, 0xf1, 0x8f, 0xf6,
    0x2f, 0xf9, 0x0, 0x1, 0xff, 0x80, 0xff, 0xf1,
    0x8f, 0xf6, 0xd, 0xfe, 0x0, 0x6, 0xff, 0x30,
    0xff, 0xf1, 0x8f, 0xf6, 0x8, 0xff, 0x30, 0xb,
    0xfe, 0x0, 0xff, 0xf1, 0x8f, 0xf6, 0x3, 0xff,
    0x80, 0xf, 0xfa, 0x0, 0xff, 0xf1, 0x8f, 0xf6,
    0x0, 0xef, 0xd0, 0x5f, 0xf5, 0x0, 0xff, 0xf1,
    0x8f, 0xf6, 0x0, 0xaf, 0xf2, 0x9f, 0xf0, 0x0,
    0xff, 0xf1, 0x8f, 0xf6, 0x0, 0x5f, 0xf7, 0xef,
    0xb0, 0x0, 0xff, 0xf1, 0x8f, 0xf6, 0x0, 0xf,
    0xfe, 0xff, 0x60, 0x0, 0xff, 0xf1, 0x8f, 0xf6,
    0x0, 0xb, 0xff, 0xff, 0x10, 0x0, 0xff, 0xf1,
    0x8f, 0xf6, 0x0, 0x6, 0xff, 0xfd, 0x0, 0x0,
    0xff, 0xf1, 0x8f, 0xf6, 0x0, 0x1, 0xff, 0xf8,
    0x0, 0x0, 0xff, 0xf1,

    /* U+004E "N" */
    0x8f, 0xff, 0xa0, 0x0, 0x0, 0x1, 0xff, 0xe8,
    0xff, 0xff, 0x20, 0x0, 0x0, 0x1f, 0xfe, 0x8f,
    0xff, 0xfb, 0x0, 0x0, 0x1, 0xff, 0xe8, 0xff,
    0xff, 0xf3, 0x0, 0x0, 0x1f, 0xfe, 0x8f, 0xfb,
    0xff, 0xc0, 0x0, 0x1, 0xff, 0xe8, 0xff, 0x8b,
    0xff, 0x50, 0x0, 0x1f, 0xfe, 0x8f, 0xf8, 0x2f,
    0xfd, 0x0, 0x1, 0xff, 0xe8, 0xff, 0x80, 0x9f,
    0xf6, 0x0, 0x1f, 0xfe, 0x8f, 0xf8, 0x1, 0xff,
    0xe0, 0x1, 0xff, 0xe8, 0xff, 0x80, 0x8, 0xff,
    0x70, 0x1f, 0xfe, 0x8f, 0xf8, 0x0, 0x1e, 0xff,
    0x11, 0xff, 0xe8, 0xff, 0x80, 0x0, 0x7f, 0xf8,
    0x1f, 0xfe, 0x8f, 0xf8, 0x0, 0x0, 0xef, 0xf3,
    0xff, 0xe8, 0xff, 0x80, 0x0, 0x6, 0xff, 0xbf,
    0xfe, 0x8f, 0xf8, 0x0, 0x0, 0xd, 0xff, 0xff,
    0xe8, 0xff, 0x80, 0x0, 0x0, 0x4f, 0xff, 0xfe,
    0x8f, 0xf8, 0x0, 0x0, 0x0, 0xcf, 0xff, 0xe8,
    0xff, 0x80, 0x0, 0x0, 0x3, 0xff, 0xfe,

    /* U+004F "O" */
    0x0, 0x0, 0x1, 0x8c, 0xff, 0xfc, 0x82, 0x0,
    0x0, 0x0, 0x0, 0x7, 0xff, 0xff, 0xff, 0xff,
    0xf8, 0x0, 0x0, 0x0, 0xa, 0xff, 0xff, 0xca,
    0xbf, 0xff, 0xfb, 0x0, 0x0, 0x8, 0xff, 0xf8,
    0x10, 0x0, 0x8, 0xff, 0xf8, 0x0, 0x2, 0xff,
    0xf7, 0x0, 0x0, 0x0, 0x6, 0xff, 0xf2, 0x0,
    0x8f, 0xfc, 0x0, 0x0, 0x0, 0x0, 0xc, 0xff,
    0x90, 0xd, 0xff, 0x60, 0x0, 0x0, 0x0, 0x0,
    0x5f, 0xfe, 0x0, 0xff, 0xf2, 0x0, 0x0, 0x0,
    0x0, 0x1, 0xff, 0xf1, 0x1f, 0xff, 0x10, 0x0,
    0x0, 0x0, 0x0, 0xf, 0xff, 0x21, 0xff, 0xf1,
    0x0, 0x0, 0x0, 0x0, 0x0, 0xff, 0xf2, 0xf,
    0xff, 0x30, 0x0, 0x0, 0x0, 0x0, 0x2f, 0xff,
    0x10, 0xcf, 0xf7, 0x0, 0x0, 0x0, 0x0, 0x6,
    0xff, 0xd0, 0x8, 0xff, 0xd0, 0x0, 0x0, 0x0,
    0x0, 0xdf, 0xf8, 0x0, 0x1f, 0xff, 0x80, 0x0,
    0x0, 0x0, 0x8f, 0xff, 0x20, 0x0, 0x7f, 0xff,
    0x91, 0x0, 0x1, 0x9f, 0xff, 0x80, 0x0, 0x0,
    0xaf, 0xff, 0xfc, 0xac, 0xff, 0xff, 0xa0, 0x0,
    0x0, 0x0, 0x7f, 0xff, 0xff, 0xff, 0xff, 0x80,
    0x0, 0x0, 0x0, 0x0, 0x17, 0xce, 0xff, 0xc8,
    0x10, 0x0, 0x0,

    /* U+0050 "P" */
    0x8f, 0xff, 0xff, 0xff, 0xfe, 0xb4, 0x0, 0x8,
    0xff, 0xff, 0xff, 0xff, 0xff, 0xfa, 0x0, 0x8f,
    0xfd, 0x99, 0x99, 0x9d, 0xff, 0xf8, 0x8, 0xff,
    0x90, 0x0, 0x0, 0x8, 0xff, 0xf0, 0x8f, 0xf9,
    0x0, 0x0, 0x0, 0xf, 0xff, 0x38, 0xff, 0x90,
    0x0, 0x0, 0x0, 0xdf, 0xf4, 0x8f, 0xf9, 0x0,
    0x0, 0x0, 0xf, 0xff, 0x38, 0xff, 0x90, 0x0,
    0x0, 0x8, 0xff, 0xe0, 0x8f, 0xfd, 0x88, 0x88,
    0x9c, 0xff, 0xf7, 0x8, 0xff, 0xff, 0xff, 0xff,
    0xff, 0xf9, 0x0, 0x8f, 0xff, 0xff, 0xff, 0xfe,
    0xb4, 0x0, 0x8, 0xff, 0x90, 0x0, 0x0, 0x0,
    0x0, 0x0, 0x8f, 0xf9, 0x0, 0x0, 0x0, 0x0,
    0x0, 0x8, 0xff, 0x90, 0x0, 0x0, 0x0, 0x0,
    0x0, 0x8f, 0xf9, 0x0, 0x0, 0x0, 0x0, 0x0,
    0x8, 0xff, 0x90, 0x0, 0x0, 0x0, 0x0, 0x0,
    0x8f, 0xf9, 0x0, 0x0, 0x0, 0x0, 0x0, 0x8,
    0xff, 0x90, 0x0, 0x0, 0x0, 0x0, 0x0,

    /* U+0051 "Q" */
    0x0, 0x0, 0x1, 0x8c, 0xff, 0xfc, 0x82, 0x0,
    0x0, 0x0, 0x0, 0x7, 0xff, 0xff, 0xff, 0xff,
    0xf8, 0x0, 0x0, 0x0, 0xa, 0xff, 0xff, 0xca,
    0xbf, 0xff, 0xfb, 0x0, 0x0, 0x8, 0xff, 0xf8,
    0x10, 0x0, 0x8, 0xff, 0xf8, 0x0, 0x2, 0xff,
    0xf7, 0x0, 0x0, 0x0, 0x6, 0xff, 0xf2, 0x0,
    0x8f, 0xfc, 0x0, 0x0, 0x0, 0x0, 0xc, 0xff,
    0x90, 0xd, 0xff, 0x60, 0x0, 0x0, 0x0, 0x0,
    0x5f, 0xfe, 0x0, 0xff, 0xf2, 0x0, 0x0, 0x0,
    0x0, 0x1, 0xff, 0xf1, 0x1f, 0xff, 0x10, 0x0,
    0x0, 0x0, 0x0, 0xf, 0xff, 0x21, 0xff, 0xf1,
    0x0, 0x0, 0x0, 0x0, 0x0, 0xff, 0xf2, 0xf,
    0xff, 0x30, 0x0, 0x0, 0x0, 0x0, 0x2f, 0xff,
    0x0, 0xcf, 0xf6, 0x0, 0x0, 0x0, 0x0, 0x6,
    0xff, 0xd0, 0x8, 0xff, 0xd0, 0x0, 0x0, 0x0,
    0x0, 0xcf, 0xf8, 0x0, 0x1f, 0xff, 0x70, 0x0,
    0x0, 0x0, 0x6f, 0xfe, 0x10, 0x0, 0x7f, 0xff,
    0x70, 0x0, 0x0, 0x7f, 0xff, 0x40, 0x0, 0x0,
    0x9f, 0xff, 0xea, 0x9a, 0xef, 0xff, 0xc8, 0x88,
    0x0, 0x0, 0x7f, 0xff, 0xff, 0xff, 0xff, 0xff,
    0xff, 0xf0, 0x0, 0x0, 0x17, 0xce, 0xff, 0xff,
    0xff, 0xff, 0xff,

    /* U+0052 "R" */
    0x9f, 0xff, 0xff, 0xff, 0xfc, 0x81, 0x0, 0x9,
    0xff, 0xff, 0xff, 0xff, 0xff, 0xe3, 0x0, 0x9f,
    0xfc, 0x99, 0x99, 0xae, 0xff, 0xe1, 0x9, 0xff,
    0x80, 0x0, 0x0, 0x1d, 0xff, 0x70, 0x9f, 0xf8,
    0x0, 0x0, 0x0, 0x5f, 0xfb, 0x9, 0xff, 0x80,
    0x0, 0x0, 0x4, 0xff, 0xc0, 0x9f, 0xf8, 0x0,
    0x0, 0x0, 0x8f, 0xf9, 0x9, 0xff, 0x80, 0x0,
    0x1, 0x7f, 0xff, 0x40, 0x9f, 0xff, 0xff, 0xff,
    0xff, 0xff, 0xa0, 0x9, 0xff, 0xff, 0xff, 0xff,
    0xff, 0x70, 0x0, 0x9f, 0xfc, 0xef, 0xfe, 0x64,
    0x0, 0x0, 0x9, 0xff, 0x83, 0xff, 0xf9, 0x0,
    0x0, 0x0, 0x9f, 0xf8, 0x5, 0xff, 0xf8, 0x0,
    0x0, 0x9, 0xff, 0x80, 0x7, 0xff, 0xf7, 0x0,
    0x0, 0x9f, 0xf8, 0x0, 0xa, 0xff, 0xf6, 0x0,
    0x9, 0xff, 0x80, 0x0, 0xc, 0xff, 0xf4, 0x0,
    0x9f, 0xf8, 0x0, 0x0, 0x1e, 0xff, 0xf4, 0x9,
    0xff, 0x80, 0x0, 0x0, 0x2f, 0xff, 0xf3,

    /* U+0053 "S" */
    0x0, 0x0, 0x6b, 0xef, 0xfd, 0x92, 0x0, 0x0,
    0x1, 0xcf, 0xff, 0xff, 0xff, 0xf7, 0x0, 0x0,
    0xcf, 0xff, 0xa8, 0x9d, 0xff, 0xf5, 0x0, 0x3f,
    0xfe, 0x10, 0x0, 0x9, 0xff, 0xe0, 0x6, 0xff,
    0x90, 0x0, 0x0, 0xe, 0xff, 0x30, 0x6f, 0xfc,
    0x0, 0x0, 0x0, 0x35, 0x51, 0x2, 0xff, 0xfb,
    0x30, 0x0, 0x0, 0x0, 0x0, 0xa, 0xff, 0xff,
    0xe9, 0x40, 0x0, 0x0, 0x0, 0x9, 0xff, 0xff,
    0xff, 0xf9, 0x10, 0x0, 0x0, 0x3, 0x9e, 0xff,
    0xff, 0xff, 0x40, 0x0, 0x0, 0x0, 0x3, 0x8d,
    0xff, 0xff, 0x10, 0x0, 0x0, 0x0, 0x0, 0x5,
    0xff, 0xf6, 0x2d, 0xdb, 0x0, 0x0, 0x0, 0x8,
    0xff, 0x90, 0xff, 0xf2, 0x0, 0x0, 0x0, 0x7f,
    0xf9, 0x9, 0xff, 0xd2, 0x0, 0x0, 0x1d, 0xff,
    0x60, 0x1e, 0xff, 0xfc, 0x88, 0x9e, 0xff, 0xe0,
    0x0, 0x2c, 0xff, 0xff, 0xff, 0xff, 0xe3, 0x0,
    0x0, 0x5, 0xae, 0xff, 0xec, 0x70, 0x0,

    /* U+0054 "T" */
    0x5f, 0xff, 0xff, 0xff, 0xff, 0xff, 0xff, 0xf4,
    0x5f, 0xff, 0xff, 0xff, 0xff, 0xff, 0xff, 0xf4,
    0x39, 0x99, 0x99, 0xdf, 0xfc, 0x99, 0x99, 0x92,
    0x0, 0x0, 0x0, 0x9f, 0xf8, 0x0, 0x0, 0x0,
    0x0, 0x0, 0x0, 0x9f, 0xf8, 0x0, 0x0, 0x0,
    0x0, 0x0, 0x0, 0x9f, 0xf8, 0x0, 0x0, 0x0,
    0x0, 0x0, 0x0, 0x9f, 0xf8, 0x0, 0x0, 0x0,
    0x0, 0x0, 0x0, 0x9f, 0xf8, 0x0, 0x0, 0x0,
    0x0, 0x0, 0x0, 0x9f, 0xf8, 0x0, 0x0, 0x0,
    0x0, 0x0, 0x0, 0x9f, 0xf8, 0x0, 0x0, 0x0,
    0x0, 0x0, 0x0, 0x9f, 0xf8, 0x0, 0x0, 0x0,
    0x0, 0x0, 0x0, 0x9f, 0xf8, 0x0, 0x0, 0x0,
    0x0, 0x0, 0x0, 0x9f, 0xf8, 0x0, 0x0, 0x0,
    0x0, 0x0, 0x0, 0x9f, 0xf8, 0x0, 0x0, 0x0,
    0x0, 0x0, 0x0, 0x9f, 0xf8, 0x0, 0x0, 0x0,
    0x0, 0x0, 0x0, 0x9f, 0xf8, 0x0, 0x0, 0x0,
    0x0, 0x0, 0x0, 0x9f, 0xf8, 0x0, 0x0, 0x0,
    0x0, 0x0, 0x0, 0x9f, 0xf8, 0x0, 0x0, 0x0,

    /* U+0055 "U" */
    0xbf, 0xf7, 0x0, 0x0, 0x0, 0x8, 0xff, 0x9b,
    0xff, 0x70, 0x0, 0x0, 0x0, 0x8f, 0xf9, 0xbf,
    0xf7, 0x0, 0x0, 0x0, 0x8, 0xff, 0x9b, 0xff,
    0x70, 0x0, 0x0, 0x0, 0x8f, 0xf9, 0xbf, 0xf7,
    0x0, 0x0, 0x0, 0x8, 0xff, 0x9b, 0xff, 0x70,
    0x0, 0x0, 0x0, 0x8f, 0xf9, 0xbf, 0xf7, 0x0,
    0x0, 0x0, 0x8, 0xff, 0x9b, 0xff, 0x70, 0x0,
    0x0, 0x0, 0x8f, 0xf9, 0xbf, 0xf7, 0x0, 0x0,
    0x0, 0x8, 0xff, 0x9b, 0xff, 0x70, 0x0, 0x0,
    0x0, 0x8f, 0xf9, 0xaf, 0xf7, 0x0, 0x0, 0x0,
    0x8, 0xff, 0x99, 0xff, 0x70, 0x0, 0x0, 0x0,
    0x9f, 0xf8, 0x7f, 0xfa, 0x0, 0x0, 0x0, 0xc,
    0xff, 0x53, 0xff, 0xf1, 0x0, 0x0, 0x2, 0xff,
    0xf1, 0xd, 0xff, 0xc1, 0x0, 0x2, 0xdf, 0xfb,
    0x0, 0x3f, 0xff, 0xfc, 0xac, 0xff, 0xff, 0x20,
    0x0, 0x5f, 0xff, 0xff, 0xff, 0xfe, 0x40, 0x0,
    0x0, 0x18, 0xdf, 0xfe, 0xc7, 0x10, 0x0,

    /* U+0056 "V" */
    0x2f, 0xff, 0x10, 0x0, 0x0, 0x0, 0x5, 0xff,
    0xb0, 0xcf, 0xf6, 0x0, 0x0, 0x0, 0x0, 0xaf,
    0xf6, 0x7, 0xff, 0xc0, 0x0, 0x0, 0x0, 0xf,
    0xff, 0x10, 0x1f, 0xff, 0x10, 0x0, 0x0, 0x5,
    0xff, 0xb0, 0x0, 0xbf, 0xf6, 0x0, 0x0, 0x0,
    0xaf, 0xf5, 0x0, 0x6, 0xff, 0xc0, 0x0, 0x0,
    0xf, 0xff, 0x0, 0x0, 0x1f, 0xff, 0x10, 0x0,
    0x5, 0xff, 0xa0, 0x0, 0x0, 0xaf, 0xf6, 0x0,
    0x0, 0xaf, 0xf4, 0x0, 0x0, 0x5, 0xff, 0xc0,
    0x0, 0xf, 0xfe, 0x0, 0x0, 0x0, 0xf, 0xff,
    0x10, 0x5, 0xff, 0x90, 0x0, 0x0, 0x0, 0x9f,
    0xf6, 0x0, 0xaf, 0xf3, 0x0, 0x0, 0x0, 0x4,
    0xff, 0xb0, 0xf, 0xfd, 0x0, 0x0, 0x0, 0x0,
    0xe, 0xff, 0x15, 0xff, 0x80, 0x0, 0x0, 0x0,
    0x0, 0x8f, 0xf6, 0xaf, 0xf2, 0x0, 0x0, 0x0,
    0x0, 0x3, 0xff, 0xcf, 0xfc, 0x0, 0x0, 0x0,
    0x0, 0x0, 0xd, 0xff, 0xff, 0x70, 0x0, 0x0,
    0x0, 0x0, 0x0, 0x7f, 0xff, 0xf1, 0x0, 0x0,
    0x0, 0x0, 0x0, 0x2, 0xff, 0xfc, 0x0, 0x0,
    0x0,

    /* U+0057 "W" */
    0xe, 0xff, 0x30, 0x0, 0x0, 0xc, 0xff, 0xf0,
    0x0, 0x0, 0x0, 0xff, 0xf0, 0xa, 0xff, 0x70,
    0x0, 0x0, 0xf, 0xff, 0xf4, 0x0, 0x0, 0x4,
    0xff, 0xb0, 0x5, 0xff, 0xc0, 0x0, 0x0, 0x4f,
    0xff, 0xf8, 0x0, 0x0, 0x8, 0xff, 0x70, 0x1,
    0xff, 0xf0, 0x0, 0x0, 0x8f, 0xfe, 0xfb, 0x0,
    0x0, 0xc, 0xff, 0x30, 0x0, 0xdf, 0xf4, 0x0,
    0x0, 0xbf, 0xca, 0xff, 0x0, 0x0, 0xf, 0xfe,
    0x0, 0x0, 0x8f, 0xf8, 0x0, 0x0, 0xff, 0x86,
    0xff, 0x30, 0x0, 0x4f, 0xfa, 0x0, 0x0, 0x4f,
    0xfc, 0x0, 0x3, 0xff, 0x42, 0xff, 0x70, 0x0,
    0x8f, 0xf5, 0x0, 0x0, 0xf, 0xff, 0x0, 0x7,
    0xff, 0x0, 0xef, 0xa0, 0x0, 0xcf, 0xf1, 0x0,
    0x0, 0xb, 0xff, 0x40, 0xa, 0xfc, 0x0, 0xbf,
    0xe0, 0x0, 0xff, 0xc0, 0x0, 0x0, 0x7, 0xff,
    0x80, 0xe, 0xf8, 0x0, 0x7f, 0xf2, 0x4, 0xff,
    0x80, 0x0, 0x0, 0x2, 0xff, 0xc0, 0x2f, 0xf4,
    0x0, 0x3f, 0xf6, 0x8, 0xff, 0x40, 0x0, 0x0,
    0x0, 0xef, 0xf0, 0x6f, 0xf1, 0x0, 0xf, 0xf9,
    0xd, 0xff, 0x0, 0x0, 0x0, 0x0, 0x9f, 0xf4,
    0xaf, 0xd0, 0x0, 0xb, 0xfd, 0x1f, 0xfb, 0x0,
    0x0, 0x0, 0x0, 0x5f, 0xf8, 0xdf, 0x90, 0x0,
    0x7, 0xff, 0x6f, 0xf6, 0x0, 0x0, 0x0, 0x0,
    0x1f, 0xfe, 0xff, 0x50, 0x0, 0x3, 0xff, 0xef,
    0xf2, 0x0, 0x0, 0x0, 0x0, 0xc, 0xff, 0xff,
    0x10, 0x0, 0x0, 0xff, 0xff, 0xe0, 0x0, 0x0,
    0x0, 0x0, 0x8, 0xff, 0xfd, 0x0, 0x0, 0x0,
    0xbf, 0xff, 0x90, 0x0, 0x0, 0x0, 0x0, 0x3,
    0xff, 0xf9, 0x0, 0x0, 0x0, 0x8f, 0xff, 0x50,
    0x0, 0x0,

    /* U+0058 "X" */
    0x9, 0xff, 0xe1, 0x0, 0x0, 0x0, 0x5f, 0xfe,
    0x10, 0x1e, 0xff, 0xa0, 0x0, 0x0, 0x1e, 0xff,
    0x40, 0x0, 0x4f, 0xff, 0x40, 0x0, 0x9, 0xff,
    0x90, 0x0, 0x0, 0xaf, 0xfd, 0x0, 0x4, 0xff,
    0xd0, 0x0, 0x0, 0x1, 0xef, 0xf8, 0x0, 0xdf,
    0xf3, 0x0, 0x0, 0x0, 0x5, 0xff, 0xf2, 0x8f,
    0xf8, 0x0, 0x0, 0x0, 0x0, 0xa, 0xff, 0xdf,
    0xfd, 0x0, 0x0, 0x0, 0x0, 0x0, 0x1e, 0xff,
    0xff, 0x20, 0x0, 0x0, 0x0, 0x0, 0x0, 0x5f,
    0xff, 0x70, 0x0, 0x0, 0x0, 0x0, 0x0, 0x8,
    0xff, 0xfb, 0x0, 0x0, 0x0, 0x0, 0x0, 0x3,
    0xff, 0xff, 0xf5, 0x0, 0x0, 0x0, 0x0, 0x0,
    0xdf, 0xf9, 0xff, 0xe1, 0x0, 0x0, 0x0, 0x0,
    0x9f, 0xf8, 0xc, 0xff, 0xa0, 0x0, 0x0, 0x0,
    0x4f, 0xfd, 0x0, 0x2f, 0xff, 0x50, 0x0, 0x0,
    0x1e, 0xff, 0x30, 0x0, 0x8f, 0xfe, 0x10, 0x0,
    0xa, 0xff, 0x90, 0x0, 0x0, 0xdf, 0xfa, 0x0,
    0x5, 0xff, 0xd0, 0x0, 0x0, 0x4, 0xff, 0xf5,
    0x1, 0xef, 0xf4, 0x0, 0x0, 0x0, 0xa, 0xff,
    0xe1,

    /* U+0059 "Y" */
    0x5f, 0xff, 0x60, 0x0, 0x0, 0x0, 0x4f, 0xff,
    0x20, 0xbf, 0xfe, 0x10, 0x0, 0x0, 0xd, 0xff,
    0x80, 0x2, 0xff, 0xf8, 0x0, 0x0, 0x6, 0xff,
    0xd0, 0x0, 0x7, 0xff, 0xf2, 0x0, 0x1, 0xef,
    0xf4, 0x0, 0x0, 0xd, 0xff, 0xb0, 0x0, 0x9f,
    0xfa, 0x0, 0x0, 0x0, 0x3f, 0xff, 0x40, 0x2f,
    0xfe, 0x10, 0x0, 0x0, 0x0, 0x9f, 0xfd, 0xb,
    0xff, 0x60, 0x0, 0x0, 0x0, 0x1, 0xef, 0xfa,
    0xff, 0xc0, 0x0, 0x0, 0x0, 0x0, 0x5, 0xff,
    0xff, 0xf2, 0x0, 0x0, 0x0, 0x0, 0x0, 0xb,
    0xff, 0xf8, 0x0, 0x0, 0x0, 0x0, 0x0, 0x0,
    0x3f, 0xff, 0x0, 0x0, 0x0, 0x0, 0x0, 0x0,
    0x2, 0xff, 0xf0, 0x0, 0x0, 0x0, 0x0, 0x0,
    0x0, 0x2f, 0xff, 0x0, 0x0, 0x0, 0x0, 0x0,
    0x0, 0x2, 0xff, 0xf0, 0x0, 0x0, 0x0, 0x0,
    0x0, 0x0, 0x2f, 0xff, 0x0, 0x0, 0x0, 0x0,
    0x0, 0x0, 0x2, 0xff, 0xf0, 0x0, 0x0, 0x0,
    0x0, 0x0, 0x0, 0x2f, 0xff, 0x0, 0x0, 0x0,
    0x0, 0x0, 0x0, 0x2, 0xff, 0xf0, 0x0, 0x0,
    0x0,

    /* U+005A "Z" */
    0x9f, 0xff, 0xff, 0xff, 0xff, 0xff, 0xf0, 0x9f,
    0xff, 0xff, 0xff, 0xff, 0xff, 0xf0, 0x59, 0x99,
    0x99, 0x99, 0xaf, 0xff, 0xc0, 0x0, 0x0, 0x0,
    0x0, 0xaf, 0xff, 0x20, 0x0, 0x0, 0x0, 0x4,
    0xff, 0xf7, 0x0, 0x0, 0x0, 0x0, 0x1e, 0xff,
    0xc0, 0x0, 0x0, 0x0, 0x0, 0xaf, 0xff, 0x20,
    0x0, 0x0, 0x0, 0x5, 0xff, 0xf7, 0x0, 0x0,
    0x0, 0x0, 0x1e, 0xff, 0xc0, 0x0, 0x0, 0x0,
    0x0, 0xaf, 0xff, 0x20, 0x0, 0x0, 0x0, 0x5,
    0xff, 0xf7, 0x0, 0x0, 0x0, 0x0, 0x1e, 0xff,
    0xc0, 0x0, 0x0, 0x0, 0x0, 0xaf, 0xff, 0x20,
    0x0, 0x0, 0x0, 0x5, 0xff, 0xf6, 0x0, 0x0,
    0x0, 0x0, 0x1e, 0xff, 0xb0, 0x0, 0x0, 0x0,
    0x0, 0xbf, 0xff, 0xb9, 0x99, 0x99, 0x99, 0x91,
    0xef, 0xff, 0xff, 0xff, 0xff, 0xff, 0xf2, 0xef,
    0xff, 0xff, 0xff, 0xff, 0xff, 0xf2,

    /* U+005B "[" */
    0x8, 0x88, 0x88, 0x88, 0x20, 0xff, 0xff, 0xff,
    0xf4, 0xf, 0xff, 0xff, 0xff, 0x40, 0xff, 0xe0,
    0x0, 0x0, 0xf, 0xfe, 0x0, 0x0, 0x0, 0xff,
    0xe0, 0x0, 0x0, 0xf, 0xfe, 0x0, 0x0, 0x0,
    0xff, 0xe0, 0x0, 0x0, 0xf, 0xfe, 0x0, 0x0,
    0x0, 0xff, 0xe0, 0x0, 0x0, 0xf, 0xfe, 0x0,
    0x0, 0x0, 0xff, 0xe0, 0x0, 0x0, 0xf, 0xfe,
    0x0, 0x0, 0x0, 0xff, 0xe0, 0x0, 0x0, 0xf,
    0xfe, 0x0, 0x0, 0x0, 0xff, 0xe0, 0x0, 0x0,
    0xf, 0xfe, 0x0, 0x0, 0x0, 0xff, 0xe0, 0x0,
    0x0, 0xf, 0xfe, 0x0, 0x0, 0x0, 0xff, 0xf8,
    0x88, 0x82, 0xf, 0xff, 0xff, 0xff, 0x40, 0xff,
    0xff, 0xff, 0xf4,

    /* U+005C "\\" */
    0xf, 0xfa, 0x0, 0x0, 0x0, 0xa, 0xff, 0x0,
    0x0, 0x0, 0x5, 0xff, 0x40, 0x0, 0x0, 0x1,
    0xff, 0x90, 0x0, 0x0, 0x0, 0xcf, 0xe0, 0x0,
    0x0, 0x0, 0x7f, 0xf2, 0x0, 0x0, 0x0, 0x2f,
    0xf7, 0x0, 0x0, 0x0, 0xd, 0xfc, 0x0, 0x0,
    0x0, 0x9, 0xff, 0x10, 0x0, 0x0, 0x4, 0xff,
    0x50, 0x0, 0x0, 0x0, 0xff, 0xa0, 0x0, 0x0,
    0x0, 0xaf, 0xf0, 0x0, 0x0, 0x0, 0x6f, 0xf4,
    0x0, 0x0, 0x0, 0x1f, 0xf8, 0x0, 0x0, 0x0,
    0xc, 0xfd, 0x0, 0x0, 0x0, 0x7, 0xff, 0x20,
    0x0, 0x0, 0x3, 0xff, 0x70, 0x0, 0x0, 0x0,
    0xef, 0xc0, 0x0, 0x0, 0x0, 0x9f, 0xf1, 0x0,
    0x0, 0x0, 0x4f, 0xf5, 0x0, 0x0, 0x0, 0xf,
    0xfa,

    /* U+005D "]" */
    0x58, 0x88, 0x88, 0x84, 0xbf, 0xff, 0xff, 0xf8,
    0xbf, 0xff, 0xff, 0xf8, 0x0, 0x0, 0x5f, 0xf8,
    0x0, 0x0, 0x5f, 0xf8, 0x0, 0x0, 0x5f, 0xf8,
    0x0, 0x0, 0x5f, 0xf8, 0x0, 0x0, 0x5f, 0xf8,
    0x0, 0x0, 0x5f, 0xf8, 0x0, 0x0, 0x5f, 0xf8,
    0x0, 0x0, 0x5f, 0xf8, 0x0, 0x0, 0x5f, 0xf8,
    0x0, 0x0, 0x5f, 0xf8, 0x0, 0x0, 0x5f, 0xf8,
    0x0, 0x0, 0x5f, 0xf8, 0x0, 0x0, 0x5f, 0xf8,
    0x0, 0x0, 0x5f, 0xf8, 0x0, 0x0, 0x5f, 0xf8,
    0x0, 0x0, 0x5f, 0xf8, 0x58, 0x88, 0xaf, 0xf8,
    0xbf, 0xff, 0xff, 0xf8, 0xbf, 0xff, 0xff, 0xf8,

    /* U+005E "^" */
    0x0, 0x1, 0xff, 0xf2, 0x0, 0x0, 0x0, 0xaf,
    0xff, 0xb0, 0x0, 0x0, 0x4f, 0xf9, 0xff, 0x50,
    0x0, 0xd, 0xfa, 0x9, 0xfe, 0x10, 0x8, 0xfe,
    0x10, 0xd, 0xf9, 0x2, 0xff, 0x40, 0x0, 0x3f,
    0xf3,

    /* U+005F "_" */
    0x66, 0x66, 0x66, 0x66, 0x66, 0x61, 0xff, 0xff,
    0xff, 0xff, 0xff, 0xf3, 0xff, 0xff, 0xff, 0xff,
    0xff, 0xf3,

    /* U+0060 "`" */
    0x2d, 0xff, 0xc0, 0x0, 0x3, 0xef, 0xf8, 0x0,
    0x0, 0x3e, 0xff, 0x20, 0x0, 0x3, 0xef, 0xc0,

    /* U+0061 "a" */
    0x0, 0x4, 0xae, 0xff, 0xd8, 0x0, 0x0, 0x7,
    0xff, 0xff, 0xff, 0xfd, 0x0, 0x3, 0xff, 0xf9,
    0x67, 0xef, 0xf8, 0x0, 0x8f, 0xf6, 0x0, 0x4,
    0xff, 0xd0, 0x0, 0x0, 0x0, 0x0, 0x1f, 0xfe,
    0x0, 0x0, 0x4, 0x8a, 0xdf, 0xff, 0xe0, 0x0,
    0x6e, 0xff, 0xff, 0xff, 0xfe, 0x0, 0x6f, 0xfe,
    0x74, 0x11, 0xff, 0xe0, 0xe, 0xff, 0x20, 0x0,
    0x2f, 0xfe, 0x0, 0xff, 0xf1, 0x0, 0x8, 0xff,
    0xe0, 0xe, 0xff, 0xc7, 0x7c, 0xff, 0xfe, 0x0,
    0x7f, 0xff, 0xff, 0xf8, 0xff, 0xf0, 0x0, 0x5c,
    0xff, 0xc5, 0xd, 0xff, 0x20,

    /* U+0062 "b" */
    0x6f, 0xfa, 0x0, 0x0, 0x0, 0x0, 0x0, 0x6f,
    0xfa, 0x0, 0x0, 0x0, 0x0, 0x0, 0x6f, 0xfa,
    0x0, 0x0, 0x0, 0x0, 0x0, 0x6f, 0xfa, 0x0,
    0x0, 0x0, 0x0, 0x0, 0x6f, 0xfa, 0x0, 0x0,
    0x0, 0x0, 0x0, 0x6f, 0xfa, 0x8, 0xdf, 0xfb,
    0x40, 0x0, 0x6f, 0xfa, 0xcf, 0xff, 0xff, 0xf7,
    0x0, 0x6f, 0xff, 0xfd, 0x9a, 0xff, 0xff, 0x30,
    0x6f, 0xff, 0x90, 0x0, 0x1e, 0xff, 0xb0, 0x6f,
    0xfe, 0x0, 0x0, 0x5, 0xff, 0xf0, 0x6f, 0xfa,
    0x0, 0x0, 0x1, 0xff, 0xf2, 0x6f, 0xf9, 0x0,
    0x0, 0x0, 0xff, 0xf2, 0x6f, 0xfa, 0x0, 0x0,
    0x1, 0xff, 0xf1, 0x6f, 0xfe, 0x0, 0x0, 0x5,
    0xff, 0xf0, 0x6f, 0xff, 0x90, 0x0, 0x2e, 0xff,
    0xa0, 0x6f, 0xff, 0xfd, 0x9a, 0xff, 0xff, 0x20,
    0x6f, 0xf9, 0xdf, 0xff, 0xff, 0xf5, 0x0, 0x6f,
    0xf9, 0x19, 0xef, 0xea, 0x30, 0x0,

    /* U+0063 "c" */
    0x0, 0x1, 0x8d, 0xff, 0xc7, 0x0, 0x0, 0x4,
    0xff, 0xff, 0xff, 0xfd, 0x20, 0x2, 0xff, 0xfd,
    0x99, 0xef, 0xfd, 0x0, 0xbf, 0xfb, 0x0, 0x0,
    0xcf, 0xf5, 0x1f, 0xff, 0x20, 0x0, 0x3, 0xaa,
    0x64, 0xff, 0xe0, 0x0, 0x0, 0x0, 0x0, 0x5f,
    0xfc, 0x0, 0x0, 0x0, 0x0, 0x4, 0xff, 0xe0,
    0x0, 0x0, 0x0, 0x0, 0x1f, 0xff, 0x20, 0x0,
    0x3, 0xaa, 0x60, 0xbf, 0xfb, 0x0, 0x0, 0xcf,
    0xf5, 0x2, 0xff, 0xfe, 0x99, 0xef, 0xfd, 0x0,
    0x4, 0xff, 0xff, 0xff, 0xfd, 0x10, 0x0, 0x1,
    0x8d, 0xff, 0xc7, 0x0, 0x0,

    /* U+0064 "d" */
    0x0, 0x0, 0x0, 0x0, 0x0, 0xcf, 0xf4, 0x0,
    0x0, 0x0, 0x0, 0x0, 0xcf, 0xf4, 0x0, 0x0,
    0x0, 0x0, 0x0, 0xcf, 0xf4, 0x0, 0x0, 0x0,
    0x0, 0x0, 0xcf, 0xf4, 0x0, 0x0, 0x0, 0x0,
    0x0, 0xcf, 0xf4, 0x0, 0x4, 0xbe, 0xfd, 0x80,
    0xcf, 0xf4, 0x0, 0x7f, 0xff, 0xff, 0xfc, 0xcf,
    0xf4, 0x4, 0xff, 0xff, 0xaa, 0xef, 0xff, 0xf4,
    0xb, 0xff, 0xd1, 0x0, 0xb, 0xff, 0xf4, 0x1f,
    0xff, 0x40, 0x0, 0x1, 0xff, 0xf4, 0x3f, 0xff,
    0x0, 0x0, 0x0, 0xcf, 0xf4, 0x4f, 0xfe, 0x0,
    0x0, 0x0, 0xbf, 0xf4, 0x3f, 0xff, 0x0, 0x0,
    0x0, 0xcf, 0xf4, 0x1f, 0xff, 0x30, 0x0, 0x1,
    0xff, 0xf4, 0xc, 0xff, 0xd1, 0x0, 0xa, 0xff,
    0xf4, 0x4, 0xff, 0xfe, 0xa9, 0xdf, 0xff, 0xf4,
    0x0, 0x8f, 0xff, 0xff, 0xfc, 0xaf, 0xf4, 0x0,
    0x4, 0xbf, 0xfd, 0x70, 0xaf, 0xf4,

    /* U+0065 "e" */
    0x0, 0x1, 0x8d, 0xff, 0xd9, 0x10, 0x0, 0x0,
    0x4f, 0xff, 0xff, 0xff, 0xf4, 0x0, 0x2, 0xff,
    0xfb, 0x66, 0xbf, 0xff, 0x20, 0xb, 0xff, 0x90,
    0x0, 0x9, 0xff, 0x90, 0x1f, 0xff, 0x0, 0x0,
    0x1, 0xff, 0xe0, 0x4f, 0xff, 0xff, 0xff, 0xff,
    0xff, 0xf0, 0x5f, 0xff, 0xff, 0xff, 0xff, 0xff,
    0xf0, 0x4f, 0xfd, 0x33, 0x33, 0x33, 0x33, 0x30,
    0x1f, 0xff, 0x0, 0x0, 0x0, 0x0, 0x0, 0xb,
    0xff, 0x80, 0x0, 0x6, 0xff, 0x80, 0x2, 0xff,
    0xfb, 0x66, 0xaf, 0xfe, 0x10, 0x0, 0x4e, 0xff,
    0xff, 0xff, 0xf3, 0x0, 0x0, 0x1, 0x8d, 0xff,
    0xd9, 0x10, 0x0,

    /* U+0066 "f" */
    0x0, 0x0, 0x7d, 0xff, 0x70, 0x0, 0xaf, 0xff,
    0xf8, 0x0, 0x2f, 0xff, 0xb8, 0x40, 0x6, 0xff,
    0xc0, 0x0, 0x0, 0x7f, 0xf9, 0x0, 0xa, 0xff,
    0xff, 0xff, 0xf4, 0xaf, 0xff, 0xff, 0xff, 0x44,
    0x7b, 0xff, 0xc7, 0x71, 0x0, 0x7f, 0xf9, 0x0,
    0x0, 0x7, 0xff, 0x90, 0x0, 0x0, 0x7f, 0xf9,
    0x0, 0x0, 0x7, 0xff, 0x90, 0x0, 0x0, 0x7f,
    0xf9, 0x0, 0x0, 0x7, 0xff, 0x90, 0x0, 0x0,
    0x7f, 0xf9, 0x0, 0x0, 0x7, 0xff, 0x90, 0x0,
    0x0, 0x7f, 0xf9, 0x0, 0x0, 0x7, 0xff, 0x90,
    0x0,

    /* U+0067 "g" */
    0x0, 0x3, 0xbe, 0xfd, 0x80, 0xaf, 0xf4, 0x0,
    0x7f, 0xff, 0xff, 0xfb, 0xaf, 0xf4, 0x3, 0xff,
    0xfe, 0x98, 0xdf, 0xff, 0xf4, 0xb, 0xff, 0xc0,
    0x0, 0xa, 0xff, 0xf4, 0x1f, 0xff, 0x30, 0x0,
    0x1, 0xff, 0xf4, 0x3f, 0xff, 0x0, 0x0, 0x0,
    0xcf, 0xf4, 0x4f, 0xfe, 0x0, 0x0, 0x0, 0xbf,
    0xf4, 0x3f, 0xff, 0x0, 0x0, 0x0, 0xcf, 0xf4,
    0x1f, 0xff, 0x30, 0x0, 0x1, 0xff, 0xf4, 0xc,
    0xff, 0xc0, 0x0, 0xa, 0xff, 0xf4, 0x4, 0xff,
    0xfe, 0x98, 0xdf, 0xff, 0xf4, 0x0, 0x8f, 0xff,
    0xff, 0xfa, 0xcf, 0xf4, 0x0, 0x5, 0xcf, 0xfd,
    0x70, 0xcf, 0xf4, 0x0, 0x0, 0x0, 0x0, 0x0,
    0xef, 0xf2, 0x9, 0xdd, 0x50, 0x0, 0x8, 0xff,
    0xe0, 0x5, 0xff, 0xfd, 0xbb, 0xef, 0xff, 0x50,
    0x0, 0x8f, 0xff, 0xff, 0xff, 0xf7, 0x0, 0x0,
    0x3, 0xae, 0xff, 0xda, 0x30, 0x0,

    /* U+0068 "h" */
    0x6f, 0xfa, 0x0, 0x0, 0x0, 0x0, 0x6, 0xff,
    0xa0, 0x0, 0x0, 0x0, 0x0, 0x6f, 0xfa, 0x0,
    0x0, 0x0, 0x0, 0x6, 0xff, 0xa0, 0x0, 0x0,
    0x0, 0x0, 0x6f, 0xfa, 0x0, 0x0, 0x0, 0x0,
    0x6, 0xff, 0xa0, 0x5c, 0xff, 0xc5, 0x0, 0x6f,
    0xfa, 0x9f, 0xff, 0xff, 0xf6, 0x6, 0xff, 0xef,
    0xe9, 0xaf, 0xff, 0xe0, 0x6f, 0xff, 0xa0, 0x0,
    0x3f, 0xff, 0x26, 0xff, 0xe0, 0x0, 0x0, 0xdf,
    0xf4, 0x6f, 0xfb, 0x0, 0x0, 0xc, 0xff, 0x46,
    0xff, 0xa0, 0x0, 0x0, 0xcf, 0xf4, 0x6f, 0xfa,
    0x0, 0x0, 0xc, 0xff, 0x46, 0xff, 0xa0, 0x0,
    0x0, 0xcf, 0xf4, 0x6f, 0xfa, 0x0, 0x0, 0xc,
    0xff, 0x46, 0xff, 0xa0, 0x0, 0x0, 0xcf, 0xf4,
    0x6f, 0xfa, 0x0, 0x0, 0xc, 0xff, 0x46, 0xff,
    0xa0, 0x0, 0x0, 0xcf, 0xf4,

    /* U+0069 "i" */
    0x8f, 0xfc, 0x8f, 0xfc, 0x8f, 0xfc, 0x47, 0x75,
    0x0, 0x0, 0x6f, 0xfa, 0x6f, 0xfa, 0x6f, 0xfa,
    0x6f, 0xfa, 0x6f, 0xfa, 0x6f, 0xfa, 0x6f, 0xfa,
    0x6f, 0xfa, 0x6f, 0xfa, 0x6f, 0xfa, 0x6f, 0xfa,
    0x6f, 0xfa, 0x6f, 0xfa,

    /* U+006A "j" */
    0x0, 0x8f, 0xfc, 0x0, 0x8f, 0xfc, 0x0, 0x8f,
    0xfc, 0x0, 0x47, 0x75, 0x0, 0x0, 0x0, 0x0,
    0x6f, 0xfa, 0x0, 0x6f, 0xfa, 0x0, 0x6f, 0xfa,
    0x0, 0x6f, 0xfa, 0x0, 0x6f, 0xfa, 0x0, 0x6f,
    0xfa, 0x0, 0x6f, 0xfa, 0x0, 0x6f, 0xfa, 0x0,
    0x6f, 0xfa, 0x0, 0x6f, 0xfa, 0x0, 0x6f, 0xfa,
    0x0, 0x6f, 0xfa, 0x0, 0x6f, 0xfa, 0x0, 0x6f,
    0xfa, 0x0, 0x7f, 0xf9, 0x68, 0xef, 0xf7, 0xcf,
    0xff, 0xe1, 0xaf, 0xfb, 0x20,

    /* U+006B "k" */
    0x6f, 0xfa, 0x0, 0x0, 0x0, 0x0, 0x6, 0xff,
    0xa0, 0x0, 0x0, 0x0, 0x0, 0x6f, 0xfa, 0x0,
    0x0, 0x0, 0x0, 0x6, 0xff, 0xa0, 0x0, 0x0,
    0x0, 0x0, 0x6f, 0xfa, 0x0, 0x0, 0x0, 0x0,
    0x6, 0xff, 0xa0, 0x0, 0x2e, 0xff, 0x80, 0x6f,
    0xfa, 0x0, 0x1d, 0xff, 0x90, 0x6, 0xff, 0xa0,
    0xc, 0xff, 0xb0, 0x0, 0x6f, 0xfa, 0xa, 0xff,
    0xc0, 0x0, 0x6, 0xff, 0xa8, 0xff, 0xd1, 0x0,
    0x0, 0x6f, 0xfe, 0xff, 0xd1, 0x0, 0x0, 0x6,
    0xff, 0xff, 0xfa, 0x0, 0x0, 0x0, 0x6f, 0xfb,
    0xef, 0xf8, 0x0, 0x0, 0x6, 0xff, 0xa3, 0xff,
    0xf5, 0x0, 0x0, 0x6f, 0xfa, 0x6, 0xff, 0xf3,
    0x0, 0x6, 0xff, 0xa0, 0x9, 0xff, 0xe2, 0x0,
    0x6f, 0xfa, 0x0, 0xb, 0xff, 0xd1, 0x6, 0xff,
    0xa0, 0x0, 0x1d, 0xff, 0xc0,

    /* U+006C "l" */
    0x6f, 0xfa, 0x6f, 0xfa, 0x6f, 0xfa, 0x6f, 0xfa,
    0x6f, 0xfa, 0x6f, 0xfa, 0x6f, 0xfa, 0x6f, 0xfa,
    0x6f, 0xfa, 0x6f, 0xfa, 0x6f, 0xfa, 0x6f, 0xfa,
    0x6f, 0xfa, 0x6f, 0xfa, 0x6f, 0xfa, 0x6f, 0xfa,
    0x6f, 0xfa, 0x6f, 0xfa,

    /* U+006D "m" */
    0x6f, 0xf9, 0x6, 0xcf, 0xfb, 0x30, 0x5, 0xcf,
    0xfc, 0x40, 0x6, 0xff, 0x99, 0xff, 0xff, 0xff,
    0x29, 0xff, 0xff, 0xff, 0x50, 0x6f, 0xfe, 0xfd,
    0x9b, 0xff, 0xfd, 0xfe, 0xaa, 0xff, 0xfd, 0x6,
    0xff, 0xf9, 0x0, 0x7, 0xff, 0xfc, 0x10, 0x3,
    0xff, 0xf1, 0x6f, 0xfe, 0x0, 0x0, 0x2f, 0xff,
    0x20, 0x0, 0xf, 0xff, 0x26, 0xff, 0xb0, 0x0,
    0x2, 0xff, 0xf0, 0x0, 0x0, 0xef, 0xf2, 0x6f,
    0xfa, 0x0, 0x0, 0x2f, 0xfe, 0x0, 0x0, 0xe,
    0xff, 0x26, 0xff, 0xa0, 0x0, 0x2, 0xff, 0xe0,
    0x0, 0x0, 0xef, 0xf2, 0x6f, 0xfa, 0x0, 0x0,
    0x2f, 0xfe, 0x0, 0x0, 0xe, 0xff, 0x26, 0xff,
    0xa0, 0x0, 0x2, 0xff, 0xe0, 0x0, 0x0, 0xef,
    0xf2, 0x6f, 0xfa, 0x0, 0x0, 0x2f, 0xfe, 0x0,
    0x0, 0xe, 0xff, 0x26, 0xff, 0xa0, 0x0, 0x2,
    0xff, 0xe0, 0x0, 0x0, 0xef, 0xf2, 0x6f, 0xfa,
    0x0, 0x0, 0x2f, 0xfe, 0x0, 0x0, 0xe, 0xff,
    0x20,

    /* U+006E "n" */
    0x6f, 0xf9, 0x5, 0xcf, 0xfc, 0x50, 0x6, 0xff,
    0x99, 0xff, 0xff, 0xff, 0x60, 0x6f, 0xfe, 0xfe,
    0x9a, 0xff, 0xfe, 0x6, 0xff, 0xfa, 0x0, 0x3,
    0xff, 0xf2, 0x6f, 0xfe, 0x0, 0x0, 0xd, 0xff,
    0x46, 0xff, 0xb0, 0x0, 0x0, 0xcf, 0xf4, 0x6f,
    0xfa, 0x0, 0x0, 0xc, 0xff, 0x46, 0xff, 0xa0,
    0x0, 0x0, 0xcf, 0xf4, 0x6f, 0xfa, 0x0, 0x0,
    0xc, 0xff, 0x46, 0xff, 0xa0, 0x0, 0x0, 0xcf,
    0xf4, 0x6f, 0xfa, 0x0, 0x0, 0xc, 0xff, 0x46,
    0xff, 0xa0, 0x0, 0x0, 0xcf, 0xf4, 0x6f, 0xfa,
    0x0, 0x0, 0xc, 0xff, 0x40,

    /* U+006F "o" */
    0x0, 0x1, 0x8d, 0xff, 0xea, 0x30, 0x0, 0x0,
    0x4e, 0xff, 0xff, 0xff, 0xf8, 0x0, 0x2, 0xff,
    0xfe, 0x98, 0xcf, 0xff, 0x70, 0xb, 0xff, 0xc1,
    0x0, 0x8, 0xff, 0xf1, 0x1f, 0xff, 0x20, 0x0,
    0x0, 0xdf, 0xf7, 0x4f, 0xfe, 0x0, 0x0, 0x0,
    0x8f, 0xfa, 0x5f, 0xfc, 0x0, 0x0, 0x0, 0x7f,
    0xfb, 0x4f, 0xfe, 0x0, 0x0, 0x0, 0x9f, 0xfa,
    0x1f, 0xff, 0x30, 0x0, 0x0, 0xdf, 0xf6, 0xb,
    0xff, 0xd1, 0x0, 0x8, 0xff, 0xf1, 0x2, 0xff,
    0xfe, 0x99, 0xdf, 0xff, 0x60, 0x0, 0x3e, 0xff,
    0xff, 0xff, 0xf8, 0x0, 0x0, 0x1, 0x8d, 0xff,
    0xea, 0x30, 0x0,

    /* U+0070 "p" */
    0x6f, 0xf9, 0x8, 0xdf, 0xfb, 0x40, 0x0, 0x6f,
    0xf9, 0xdf, 0xff, 0xff, 0xf7, 0x0, 0x6f, 0xff,
    0xfd, 0x9a, 0xff, 0xff, 0x30, 0x6f, 0xff, 0x90,
    0x0, 0x1e, 0xff, 0xb0, 0x6f, 0xfe, 0x0, 0x0,
    0x5, 0xff, 0xf0, 0x6f, 0xfa, 0x0, 0x0, 0x1,
    0xff, 0xf2, 0x6f, 0xf9, 0x0, 0x0, 0x0, 0xff,
    0xf2, 0x6f, 0xfa, 0x0, 0x0, 0x1, 0xff, 0xf1,
    0x6f, 0xfe, 0x0, 0x0, 0x5, 0xff, 0xf0, 0x6f,
    0xff, 0x90, 0x0, 0x2e, 0xff, 0xa0, 0x6f, 0xff,
    0xfd, 0x9a, 0xff, 0xff, 0x20, 0x6f, 0xfa, 0xdf,
    0xff, 0xff, 0xf5, 0x0, 0x6f, 0xfa, 0x19, 0xef,
    0xea, 0x30, 0x0, 0x6f, 0xfa, 0x0, 0x0, 0x0,
    0x0, 0x0, 0x6f, 0xfa, 0x0, 0x0, 0x0, 0x0,
    0x0, 0x6f, 0xfa, 0x0, 0x0, 0x0, 0x0, 0x0,
    0x6f, 0xfa, 0x0, 0x0, 0x0, 0x0, 0x0, 0x6f,
    0xfa, 0x0, 0x0, 0x0, 0x0, 0x0,

    /* U+0071 "q" */
    0x0, 0x4, 0xbe, 0xfd, 0x80, 0xaf, 0xf4, 0x0,
    0x7f, 0xff, 0xff, 0xfc, 0xaf, 0xf4, 0x4, 0xff,
    0xff, 0xaa, 0xef, 0xff, 0xf4, 0xb, 0xff, 0xd1,
    0x0, 0xb, 0xff, 0xf4, 0x1f, 0xff, 0x30, 0x0,
    0x1, 0xff, 0xf4, 0x3f, 0xff, 0x0, 0x0, 0x0,
    0xcf, 0xf4, 0x4f, 0xfe, 0x0, 0x0, 0x0, 0xbf,
    0xf4, 0x3f, 0xff, 0x0, 0x0, 0x0, 0xcf, 0xf4,
    0x1f, 0xff, 0x30, 0x0, 0x1, 0xff, 0xf4, 0xc,
    0xff, 0xc1, 0x0, 0xa, 0xff, 0xf4, 0x4, 0xff,
    0xfe, 0xa9, 0xdf, 0xff, 0xf4, 0x0, 0x8f, 0xff,
    0xff, 0xfc, 0xcf, 0xf4, 0x0, 0x4, 0xbf, 0xfd,
    0x70, 0xcf, 0xf4, 0x0, 0x0, 0x0, 0x0, 0x0,
    0xcf, 0xf4, 0x0, 0x0, 0x0, 0x0, 0x0, 0xcf,
    0xf4, 0x0, 0x0, 0x0, 0x0, 0x0, 0xcf, 0xf4,
    0x0, 0x0, 0x0, 0x0, 0x0, 0xcf, 0xf4, 0x0,
    0x0, 0x0, 0x0, 0x0, 0xcf, 0xf4,

    /* U+0072 "r" */
    0x6f, 0xf9, 0x9, 0xef, 0x6f, 0xf9, 0xcf, 0xff,
    0x6f, 0xfe, 0xff, 0xff, 0x6f, 0xff, 0xc4, 0x0,
    0x6f, 0xff, 0x10, 0x0, 0x6f, 0xfb, 0x0, 0x0,
    0x6f, 0xfa, 0x0, 0x0, 0x6f, 0xfa, 0x0, 0x0,
    0x6f, 0xfa, 0x0, 0x0, 0x6f, 0xfa, 0x0, 0x0,
    0x6f, 0xfa, 0x0, 0x0, 0x6f, 0xfa, 0x0, 0x0,
    0x6f, 0xfa, 0x0, 0x0,

    /* U+0073 "s" */
    0x0, 0x19, 0xdf, 0xfd, 0x92, 0x0, 0x2, 0xef,
    0xff, 0xff, 0xff, 0x40, 0xa, 0xff, 0x84, 0x48,
    0xff, 0xe0, 0xd, 0xfe, 0x0, 0x0, 0x8c, 0xc1,
    0xc, 0xff, 0x82, 0x0, 0x0, 0x0, 0x5, 0xff,
    0xff, 0xea, 0x50, 0x0, 0x0, 0x6e, 0xff, 0xff,
    0xfd, 0x20, 0x0, 0x0, 0x48, 0xcf, 0xff, 0xe0,
    0x2, 0x20, 0x0, 0x1, 0xbf, 0xf4, 0x5f, 0xf8,
    0x0, 0x0, 0x6f, 0xf6, 0xe, 0xff, 0x94, 0x36,
    0xef, 0xf3, 0x4, 0xff, 0xff, 0xff, 0xff, 0x90,
    0x0, 0x18, 0xdf, 0xfe, 0xb5, 0x0,

    /* U+0074 "t" */
    0x0, 0x0, 0x0, 0x0, 0x0, 0x0, 0x3, 0x9b,
    0x0, 0x0, 0x0, 0x4f, 0xfc, 0x0, 0x0, 0x0,
    0x4f, 0xfc, 0x0, 0x0, 0x0, 0x4f, 0xfc, 0x0,
    0x0, 0xaf, 0xff, 0xff, 0xff, 0xf1, 0xaf, 0xff,
    0xff, 0xff, 0xf1, 0x47, 0xaf, 0xfe, 0x77, 0x70,
    0x0, 0x4f, 0xfc, 0x0, 0x0, 0x0, 0x4f, 0xfc,
    0x0, 0x0, 0x0, 0x4f, 0xfc, 0x0, 0x0, 0x0,
    0x4f, 0xfc, 0x0, 0x0, 0x0, 0x4f, 0xfc, 0x0,
    0x0, 0x0, 0x4f, 0xfc, 0x0, 0x0, 0x0, 0x3f,
    0xfe, 0x0, 0x0, 0x0, 0xf, 0xff, 0xd9, 0xa1,
    0x0, 0x8, 0xff, 0xff, 0xf1, 0x0, 0x0, 0x6d,
    0xff, 0xd1,

    /* U+0075 "u" */
    0x8f, 0xf7, 0x0, 0x0, 0x2f, 0xfe, 0x8f, 0xf7,
    0x0, 0x0, 0x2f, 0xfe, 0x8f, 0xf7, 0x0, 0x0,
    0x2f, 0xfe, 0x8f, 0xf7, 0x0, 0x0, 0x2f, 0xfe,
    0x8f, 0xf7, 0x0, 0x0, 0x2f, 0xfe, 0x8f, 0xf7,
    0x0, 0x0, 0x2f, 0xfe, 0x8f, 0xf7, 0x0, 0x0,
    0x2f, 0xfe, 0x8f, 0xf7, 0x0, 0x0, 0x3f, 0xfe,
    0x8f, 0xf8, 0x0, 0x0, 0x7f, 0xfe, 0x7f, 0xfd,
    0x0, 0x3, 0xff, 0xfe, 0x3f, 0xff, 0xd9, 0xbf,
    0xef, 0xfe, 0xa, 0xff, 0xff, 0xfe, 0x3f, 0xfe,
    0x0, 0x7e, 0xfe, 0x91, 0x1f, 0xfe,

    /* U+0076 "v" */
    0xbf, 0xf8, 0x0, 0x0, 0x9, 0xff, 0x95, 0xff,
    0xe0, 0x0, 0x0, 0xef, 0xf3, 0xe, 0xff, 0x30,
    0x0, 0x3f, 0xfd, 0x0, 0x9f, 0xf8, 0x0, 0x8,
    0xff, 0x70, 0x2, 0xff, 0xd0, 0x0, 0xef, 0xf1,
    0x0, 0xd, 0xff, 0x20, 0x3f, 0xfa, 0x0, 0x0,
    0x6f, 0xf8, 0x8, 0xff, 0x40, 0x0, 0x1, 0xff,
    0xd0, 0xdf, 0xe0, 0x0, 0x0, 0xa, 0xff, 0x5f,
    0xf8, 0x0, 0x0, 0x0, 0x4f, 0xfe, 0xff, 0x20,
    0x0, 0x0, 0x0, 0xef, 0xff, 0xc0, 0x0, 0x0,
    0x0, 0x8, 0xff, 0xf6, 0x0, 0x0, 0x0, 0x0,
    0x2f, 0xff, 0x10, 0x0, 0x0,

    /* U+0077 "w" */
    0x7f, 0xfa, 0x0, 0x0, 0xef, 0xf2, 0x0, 0x6,
    0xff, 0xa2, 0xff, 0xe0, 0x0, 0x2f, 0xff, 0x70,
    0x0, 0x9f, 0xf6, 0xe, 0xff, 0x10, 0x7, 0xff,
    0xfb, 0x0, 0xd, 0xff, 0x10, 0x9f, 0xf5, 0x0,
    0xbf, 0xff, 0xf0, 0x1, 0xff, 0xc0, 0x5, 0xff,
    0x90, 0xf, 0xf9, 0xff, 0x40, 0x4f, 0xf8, 0x0,
    0xf, 0xfc, 0x4, 0xff, 0x1e, 0xf9, 0x8, 0xff,
    0x30, 0x0, 0xbf, 0xf0, 0x8f, 0xd0, 0x9f, 0xd0,
    0xbf, 0xe0, 0x0, 0x7, 0xff, 0x4d, 0xf8, 0x5,
    0xff, 0x2f, 0xfa, 0x0, 0x0, 0x2f, 0xf9, 0xff,
    0x30, 0x1f, 0xf9, 0xff, 0x50, 0x0, 0x0, 0xef,
    0xff, 0xf0, 0x0, 0xcf, 0xff, 0xf1, 0x0, 0x0,
    0x9, 0xff, 0xfa, 0x0, 0x7, 0xff, 0xfc, 0x0,
    0x0, 0x0, 0x4f, 0xff, 0x60, 0x0, 0x3f, 0xff,
    0x80, 0x0, 0x0, 0x0, 0xff, 0xf1, 0x0, 0x0,
    0xef, 0xf3, 0x0, 0x0,

    /* U+0078 "x" */
    0x7, 0xff, 0xd0, 0x0, 0x6, 0xff, 0xd0, 0x0,
    0xcf, 0xf8, 0x0, 0x2f, 0xff, 0x30, 0x0, 0x2f,
    0xff, 0x30, 0xbf, 0xf7, 0x0, 0x0, 0x5, 0xff,
    0xd6, 0xff, 0xb0, 0x0, 0x0, 0x0, 0xaf, 0xff,
    0xfe, 0x10, 0x0, 0x0, 0x0, 0x1e, 0xff, 0xf5,
    0x0, 0x0, 0x0, 0x0, 0xa, 0xff, 0xe0, 0x0,
    0x0, 0x0, 0x0, 0x5f, 0xff, 0xf9, 0x0, 0x0,
    0x0, 0x2, 0xff, 0xfe, 0xff, 0x40, 0x0, 0x0,
    0xc, 0xff, 0x54, 0xff, 0xe1, 0x0, 0x0, 0x8f,
    0xfb, 0x0, 0x9f, 0xfa, 0x0, 0x4, 0xff, 0xe1,
    0x0, 0x1e, 0xff, 0x60, 0x1e, 0xff, 0x50, 0x0,
    0x5, 0xff, 0xf2,

    /* U+0079 "y" */
    0xaf, 0xf9, 0x0, 0x0, 0xa, 0xff, 0x94, 0xff,
    0xe0, 0x0, 0x0, 0xff, 0xf2, 0xe, 0xff, 0x40,
    0x0, 0x5f, 0xfc, 0x0, 0x8f, 0xfa, 0x0, 0xb,
    0xff, 0x50, 0x2, 0xff, 0xf0, 0x1, 0xff, 0xe0,
    0x0, 0xb, 0xff, 0x60, 0x6f, 0xf8, 0x0, 0x0,
    0x5f, 0xfc, 0xc, 0xff, 0x20, 0x0, 0x0, 0xef,
    0xf4, 0xff, 0xb0, 0x0, 0x0, 0x8, 0xff, 0xef,
    0xf5, 0x0, 0x0, 0x0, 0x2f, 0xff, 0xfe, 0x0,
    0x0, 0x0, 0x0, 0xcf, 0xff, 0x80, 0x0, 0x0,
    0x0, 0x6, 0xff, 0xf1, 0x0, 0x0, 0x0, 0x0,
    0x5f, 0xfb, 0x0, 0x0, 0x0, 0x0, 0xb, 0xff,
    0x40, 0x0, 0x0, 0x0, 0x2, 0xff, 0xd0, 0x0,
    0x0, 0x0, 0x0, 0x8f, 0xf7, 0x0, 0x0, 0x0,
    0x0, 0xf, 0xff, 0x10, 0x0, 0x0, 0x0, 0x6,
    0xff, 0xa0, 0x0, 0x0, 0x0,

    /* U+007A "z" */
    0xaf, 0xff, 0xff, 0xff, 0xff, 0x2a, 0xff, 0xff,
    0xff, 0xff, 0xf2, 0x57, 0x77, 0x77, 0xff, 0xfe,
    0x0, 0x0, 0x0, 0x7f, 0xff, 0x30, 0x0, 0x0,
    0x3f, 0xff, 0x70, 0x0, 0x0, 0x1e, 0xff, 0xb0,
    0x0, 0x0, 0xb, 0xff, 0xe1, 0x0, 0x0, 0x7,
    0xff, 0xf4, 0x0, 0x0, 0x3, 0xff, 0xf8, 0x0,
    0x0, 0x0, 0xdf, 0xfc, 0x0, 0x0, 0x0, 0xaf,
    0xff, 0x97, 0x77, 0x77, 0x2e, 0xff, 0xff, 0xff,
    0xff, 0xf4, 0xef, 0xff, 0xff, 0xff, 0xff, 0x40,

    /* U+007B "{" */
    0x0, 0x0, 0x5, 0x78, 0x82, 0x0, 0x3, 0xef,
    0xff, 0xf4, 0x0, 0xd, 0xff, 0xff, 0xf4, 0x0,
    0x1f, 0xfe, 0x20, 0x0, 0x0, 0x1f, 0xfb, 0x0,
    0x0, 0x0, 0xe, 0xfd, 0x0, 0x0, 0x0, 0xb,
    0xff, 0x10, 0x0, 0x0, 0x8, 0xff, 0x50, 0x0,
    0x0, 0x7, 0xff, 0x60, 0x0, 0x0, 0x1c, 0xff,
    0x40, 0x0, 0x3f, 0xff, 0xf9, 0x0, 0x0, 0x3f,
    0xff, 0xd2, 0x0, 0x0, 0x18, 0x9f, 0xfe, 0x10,
    0x0, 0x0, 0x8, 0xff, 0x60, 0x0, 0x0, 0x7,
    0xff, 0x60, 0x0, 0x0, 0xa, 0xff, 0x30, 0x0,
    0x0, 0xd, 0xff, 0x0, 0x0, 0x0, 0xf, 0xfc,
    0x0, 0x0, 0x0, 0x2f, 0xfc, 0x0, 0x0, 0x0,
    0xf, 0xff, 0xa8, 0x82, 0x0, 0x9, 0xff, 0xff,
    0xf4, 0x0, 0x0, 0x7d, 0xff, 0xf4,

    /* U+007C "|" */
    0x8f, 0xf2, 0x8f, 0xf2, 0x8f, 0xf2, 0x8f, 0xf2,
    0x8f, 0xf2, 0x8f, 0xf2, 0x8f, 0xf2, 0x8f, 0xf2,
    0x8f, 0xf2, 0x8f, 0xf2, 0x8f, 0xf2, 0x8f, 0xf2,
    0x8f, 0xf2, 0x8f, 0xf2, 0x8f, 0xf2, 0x8f, 0xf2,
    0x8f, 0xf2, 0x8f, 0xf2, 0x8f, 0xf2, 0x8f, 0xf2,
    0x8f, 0xf2, 0x8f, 0xf2, 0x8f, 0xf2,

    /* U+007D "}" */
    0x58, 0x76, 0x30, 0x0, 0xb, 0xff, 0xff, 0xa0,
    0x0, 0xbf, 0xff, 0xff, 0x60, 0x0, 0x0, 0x8f,
    0xfa, 0x0, 0x0, 0x2, 0xff, 0xa0, 0x0, 0x0,
    0x5f, 0xf7, 0x0, 0x0, 0x9, 0xff, 0x40, 0x0,
    0x0, 0xcf, 0xf1, 0x0, 0x0, 0xe, 0xff, 0x0,
    0x0, 0x0, 0xbf, 0xf7, 0x0, 0x0, 0x2, 0xef,
    0xff, 0xc0, 0x0, 0x7, 0xff, 0xfc, 0x0, 0x7,
    0xff, 0xd8, 0x60, 0x0, 0xdf, 0xf1, 0x0, 0x0,
    0xd, 0xff, 0x0, 0x0, 0x0, 0xaf, 0xf2, 0x0,
    0x0, 0x7, 0xff, 0x50, 0x0, 0x0, 0x3f, 0xf9,
    0x0, 0x0, 0x3, 0xff, 0xa0, 0x5, 0x88, 0xdf,
    0xf9, 0x0, 0xbf, 0xff, 0xff, 0x20, 0xb, 0xff,
    0xeb, 0x30, 0x0,

    /* U+007E "~" */
    0x4, 0xcf, 0xfb, 0x60, 0x0, 0x1c, 0xb0, 0x3f,
    0xff, 0xff, 0xfe, 0x97, 0xdf, 0xc0, 0xbf, 0xd8,
    0x9e, 0xff, 0xff, 0xff, 0x40, 0xac, 0x20, 0x0,
    0x5b, 0xef, 0xd5, 0x0,

    /* U+00A0 " " */

    /* U+00A1 "¡" */
    0x2f, 0xff, 0x42, 0xff, 0xf4, 0x2f, 0xff, 0x41,
    0x99, 0x92, 0x0, 0x0, 0x0, 0x0, 0x0, 0x6,
    0x86, 0x0, 0xbf, 0xc0, 0xc, 0xfd, 0x0, 0xdf,
    0xd0, 0xd, 0xfe, 0x0, 0xef, 0xf0, 0xe, 0xff,
    0x0, 0xff, 0xf0, 0xf, 0xff, 0x10, 0xff, 0xf1,
    0x1f, 0xff, 0x21, 0xff, 0xf2,

    /* U+00A2 "¢" */
    0x0, 0x0, 0x2, 0x88, 0x10, 0x0, 0x0, 0x0,
    0x0, 0x4f, 0xf3, 0x0, 0x0, 0x0, 0x0, 0x4,
    0xff, 0x30, 0x0, 0x0, 0x0, 0x18, 0xef, 0xfd,
    0x70, 0x0, 0x0, 0x4f, 0xff, 0xff, 0xff, 0xd2,
    0x0, 0x2f, 0xff, 0xd8, 0x9e, 0xff, 0xd0, 0xb,
    0xff, 0xb0, 0x0, 0xc, 0xff, 0x51, 0xff, 0xf2,
    0x0, 0x0, 0x3a, 0xa6, 0x4f, 0xfe, 0x0, 0x0,
    0x0, 0x0, 0x5, 0xff, 0xc0, 0x0, 0x0, 0x0,
    0x0, 0x4f, 0xfe, 0x0, 0x0, 0x0, 0x0, 0x1,
    0xff, 0xf2, 0x0, 0x0, 0x3a, 0xa6, 0xb, 0xff,
    0xb0, 0x0, 0xc, 0xff, 0x50, 0x2f, 0xff, 0xd8,
    0x8e, 0xff, 0xd0, 0x0, 0x4f, 0xff, 0xff, 0xff,
    0xd2, 0x0, 0x0, 0x18, 0xef, 0xfd, 0x70, 0x0,
    0x0, 0x0, 0x4, 0xff, 0x30, 0x0, 0x0, 0x0,
    0x0, 0x4f, 0xf3, 0x0, 0x0, 0x0, 0x0, 0x2,
    0x88, 0x10, 0x0, 0x0,

    /* U+00A3 "£" */
    0x0, 0x2, 0x9d, 0xff, 0xea, 0x40, 0x0, 0x0,
    0x5f, 0xff, 0xff, 0xff, 0xfa, 0x0, 0x2, 0xff,
    0xfe, 0xa9, 0xbf, 0xff, 0x90, 0x9, 0xff, 0xc0,
    0x0, 0x3, 0xff, 0xf2, 0xd, 0xff, 0x50, 0x0,
    0x0, 0x9f, 0xf7, 0xe, 0xff, 0x30, 0x0, 0x0,
    0x13, 0x32, 0xb, 0xff, 0x70, 0x0, 0x0, 0x0,
    0x0, 0x6, 0xff, 0xd0, 0x0, 0x0, 0x0, 0x0,
    0xaf, 0xff, 0xff, 0xff, 0xff, 0xf2, 0x0, 0xaf,
    0xff, 0xff, 0xff, 0xff, 0xf2, 0x0, 0x7b, 0xbf,
    0xff, 0xbb, 0xbb, 0xb1, 0x0, 0x0, 0x1f, 0xfd,
    0x0, 0x0, 0x0, 0x0, 0x0, 0x5f, 0xfa, 0x0,
    0x0, 0x0, 0x0, 0x0, 0xcf, 0xf4, 0x0, 0x0,
    0x0, 0x0, 0x5, 0xff, 0xb0, 0x0, 0x0, 0x0,
    0x0, 0xe, 0xff, 0xcb, 0xbb, 0xbb, 0xbb, 0xa0,
    0xf, 0xff, 0xff, 0xff, 0xff, 0xff, 0xf0, 0xf,
    0xff, 0xff, 0xff, 0xff, 0xff, 0xf0,

    /* U+00A5 "¥" */
    0x5f, 0xff, 0x50, 0x0, 0x0, 0xb, 0xff, 0xb0,
    0xdf, 0xfd, 0x0, 0x0, 0x3, 0xff, 0xf3, 0x4,
    0xff, 0xf5, 0x0, 0x0, 0xaf, 0xfa, 0x0, 0xb,
    0xff, 0xd0, 0x0, 0x2f, 0xff, 0x10, 0x0, 0x3f,
    0xff, 0x50, 0xa, 0xff, 0x80, 0x0, 0x0, 0xaf,
    0xfc, 0x2, 0xff, 0xe1, 0x0, 0xe, 0xff, 0xff,
    0xf4, 0x9f, 0xff, 0xff, 0x40, 0xef, 0xff, 0xff,
    0xdf, 0xff, 0xff, 0xf4, 0x3, 0x33, 0x3e, 0xff,
    0xff, 0x73, 0x33, 0x0, 0x33, 0x33, 0x9f, 0xff,
    0xe3, 0x33, 0x30, 0xe, 0xff, 0xff, 0xff, 0xff,
    0xff, 0xff, 0x40, 0xef, 0xff, 0xff, 0xff, 0xff,
    0xff, 0xf4, 0x0, 0x0, 0x0, 0xef, 0xf3, 0x0,
    0x0, 0x0, 0x0, 0x0, 0xe, 0xff, 0x30, 0x0,
    0x0, 0x0, 0x0, 0x0, 0xef, 0xf3, 0x0, 0x0,
    0x0, 0x0, 0x0, 0xe, 0xff, 0x30, 0x0, 0x0,
    0x0, 0x0, 0x0, 0xef, 0xf3, 0x0, 0x0, 0x0,
    0x0, 0x0, 0xe, 0xff, 0x30, 0x0, 0x0,

    /* U+00A7 "§" */
    0x0, 0x6, 0xcf, 0xfe, 0xb5, 0x0, 0x0, 0xbf,
    0xff, 0xff, 0xff, 0xa0, 0x4, 0xff, 0xd6, 0x46,
    0xdf, 0xf5, 0x7, 0xff, 0x40, 0x0, 0x28, 0x84,
    0x6, 0xff, 0xb1, 0x0, 0x0, 0x0, 0x1, 0xef,
    0xff, 0xda, 0x61, 0x0, 0x6, 0xff, 0xff, 0xff,
    0xff, 0x60, 0xf, 0xfe, 0x47, 0xae, 0xff, 0xf4,
    0x3f, 0xf8, 0x0, 0x0, 0x6f, 0xfa, 0x3f, 0xfb,
    0x0, 0x0, 0xf, 0xfc, 0xf, 0xff, 0xd8, 0x42,
    0x8f, 0xf9, 0x6, 0xff, 0xff, 0xff, 0xff, 0xe1,
    0x0, 0x5e, 0xff, 0xff, 0xff, 0x40, 0x0, 0x0,
    0x37, 0xbf, 0xff, 0xb0, 0x0, 0x0, 0x0, 0x2,
    0xef, 0xf0, 0xe, 0xec, 0x0, 0x0, 0xcf, 0xf0,
    0xb, 0xff, 0xb5, 0x49, 0xff, 0xb0, 0x2, 0xef,
    0xff, 0xff, 0xfe, 0x20, 0x0, 0x18, 0xdf, 0xfe,
    0x91, 0x0,

    /* U+00A8 "¨" */
    0x48, 0x85, 0x0, 0x88, 0x82, 0x9f, 0xfb, 0x0,
    0xff, 0xf4, 0x9f, 0xfb, 0x0, 0xff, 0xf4, 0x9f,
    0xfb, 0x0, 0xff, 0xf4,

    /* U+00A9 "©" */
    0x0, 0x0, 0x0, 0x0, 0x1, 0x10, 0x0, 0x0,
    0x0, 0x0, 0x0, 0x0, 0x6, 0xcf, 0xff, 0xfb,
    0x50, 0x0, 0x0, 0x0, 0x0, 0x4e, 0xfb, 0x75,
    0x57, 0xcf, 0xc2, 0x0, 0x0, 0x0, 0x6f, 0xb2,
    0x0, 0x0, 0x0, 0x4d, 0xf3, 0x0, 0x0, 0x4f,
    0x90, 0x0, 0x69, 0xa6, 0x10, 0x1c, 0xe1, 0x0,
    0xe, 0xb0, 0x3, 0xef, 0xff, 0xfe, 0x30, 0x1e,
    0xb0, 0x6, 0xf2, 0x1, 0xef, 0x60, 0x7, 0xfe,
    0x0, 0x6f, 0x20, 0xbb, 0x0, 0x9f, 0x70, 0x0,
    0x9, 0xf6, 0x0, 0xe8, 0xf, 0x70, 0xd, 0xf0,
    0x0, 0x0, 0x28, 0x50, 0xa, 0xc1, 0xf5, 0x0,
    0xfd, 0x0, 0x0, 0x0, 0x0, 0x0, 0x8d, 0x1f,
    0x40, 0xf, 0xe0, 0x0, 0x0, 0x0, 0x0, 0x8,
    0xd0, 0xf6, 0x0, 0xdf, 0x10, 0x0, 0x2, 0x85,
    0x0, 0xac, 0xc, 0xa0, 0x8, 0xf7, 0x0, 0x0,
    0x9f, 0x60, 0xe, 0x90, 0x7f, 0x10, 0x1e, 0xf7,
    0x10, 0x7f, 0xe0, 0x4, 0xf4, 0x1, 0xf9, 0x0,
    0x3e, 0xff, 0xff, 0xe3, 0x0, 0xdc, 0x0, 0x6,
    0xf6, 0x0, 0x6, 0x99, 0x60, 0x0, 0xaf, 0x30,
    0x0, 0x9, 0xf8, 0x0, 0x0, 0x0, 0x1, 0xbf,
    0x50, 0x0, 0x0, 0x7, 0xfe, 0x84, 0x22, 0x49,
    0xfe, 0x40, 0x0, 0x0, 0x0, 0x2, 0x9f, 0xff,
    0xff, 0xe8, 0x10, 0x0, 0x0, 0x0, 0x0, 0x0,
    0x2, 0x44, 0x20, 0x0, 0x0, 0x0,

    /* U+00AA "ª" */
    0x0, 0x16, 0x86, 0x10, 0x3, 0xff, 0xff, 0xe2,
    0x9, 0xc8, 0x3c, 0xf9, 0x0, 0x26, 0x9d, 0xfa,
    0x6, 0xff, 0xdd, 0xfa, 0xf, 0xf4, 0x9, 0xfa,
    0xf, 0xfc, 0xbf, 0xfa, 0x6, 0xff, 0xc7, 0xfb,
    0x0, 0x1, 0x0, 0x0,

    /* U+00AB "«" */
    0x0, 0x1, 0x22, 0x0, 0x22, 0x10, 0x2, 0xff,
    0xc0, 0xaf, 0xf4, 0x0, 0xcf, 0xf2, 0x5f, 0xfa,
    0x0, 0x8f, 0xf7, 0x1e, 0xfe, 0x10, 0x3f, 0xfc,
    0xb, 0xff, 0x40, 0xa, 0xff, 0x53, 0xff, 0xd0,
    0x0, 0x2f, 0xfd, 0x9, 0xff, 0x60, 0x0, 0x6f,
    0xf9, 0xe, 0xff, 0x10, 0x0, 0xbf, 0xf3, 0x3f,
    0xfb, 0x0, 0x1, 0xef, 0xd0, 0x8f, 0xf6,

    /* U+00AE "®" */
    0x0, 0x0, 0x0, 0x0, 0x1, 0x10, 0x0, 0x0,
    0x0, 0x0, 0x0, 0x0, 0x6, 0xcf, 0xff, 0xfb,
    0x50, 0x0, 0x0, 0x0, 0x0, 0x4e, 0xfb, 0x75,
    0x57, 0xcf, 0xc2, 0x0, 0x0, 0x0, 0x6f, 0xb2,
    0x0, 0x0, 0x0, 0x4d, 0xf3, 0x0, 0x0, 0x4f,
    0x90, 0x8a, 0xaa, 0x98, 0x30, 0x1c, 0xe1, 0x0,
    0xe, 0xb0, 0xe, 0xff, 0xff, 0xff, 0x60, 0x1e,
    0xb0, 0x6, 0xf2, 0x0, 0xef, 0x0, 0x3, 0xff,
    0x0, 0x6f, 0x20, 0xbb, 0x0, 0xe, 0xf0, 0x0,
    0xc, 0xf1, 0x0, 0xe8, 0xf, 0x70, 0x0, 0xef,
    0x0, 0x4, 0xfd, 0x0, 0xa, 0xc1, 0xf5, 0x0,
    0xe, 0xff, 0xff, 0xfd, 0x30, 0x0, 0x8d, 0x1f,
    0x40, 0x0, 0xef, 0x88, 0x9e, 0xc2, 0x0, 0x8,
    0xd0, 0xf6, 0x0, 0xe, 0xf0, 0x0, 0x3f, 0xc0,
    0x0, 0xac, 0xc, 0xa0, 0x0, 0xef, 0x0, 0x0,
    0xfe, 0x0, 0xe, 0x90, 0x7f, 0x10, 0xe, 0xf0,
    0x0, 0xf, 0xe0, 0x4, 0xf4, 0x1, 0xf9, 0x0,
    0xef, 0x0, 0x0, 0xff, 0x0, 0xdc, 0x0, 0x6,
    0xf6, 0x5, 0x60, 0x0, 0x6, 0x60, 0xaf, 0x30,
    0x0, 0x9, 0xf8, 0x0, 0x0, 0x0, 0x1, 0xbf,
    0x50, 0x0, 0x0, 0x7, 0xfe, 0x84, 0x22, 0x49,
    0xfe, 0x40, 0x0, 0x0, 0x0, 0x2, 0x9f, 0xff,
    0xff, 0xe8, 0x10, 0x0, 0x0, 0x0, 0x0, 0x0,
    0x2, 0x44, 0x20, 0x0, 0x0, 0x0,

    /* U+00AF "¯" */
    0x24, 0x44, 0x44, 0x44, 0x40, 0x9f, 0xff, 0xff,
    0xff, 0xf1, 0x9f, 0xff, 0xff, 0xff, 0xf1,

    /* U+00B0 "°" */
    0x5, 0xdf, 0xd5, 0x5, 0xfe, 0xbf, 0xf4, 0xde,
    0x10, 0x1f, 0xcf, 0xb0, 0x0, 0xce, 0xce, 0x10,
    0x1f, 0xb5, 0xfe, 0xbf, 0xf4, 0x5, 0xdf, 0xd5,
    0x0,

    /* U+00B4 "´" */
    0x0, 0x5f, 0xff, 0x90, 0x1, 0xef, 0xfa, 0x0,
    0x9, 0xff, 0xa0, 0x0, 0x4f, 0xfa, 0x0, 0x0,

    /* U+00B6 "¶" */
    0x0, 0x18, 0xef, 0xff, 0xff, 0xff, 0xff, 0x60,
    0x1d, 0xff, 0xff, 0xff, 0xff, 0xff, 0xf6, 0xb,
    0xff, 0xff, 0xff, 0xfc, 0x6a, 0xff, 0x61, 0xff,
    0xff, 0xff, 0xff, 0xa0, 0x7f, 0xf6, 0x4f, 0xff,
    0xff, 0xff, 0xfa, 0x7, 0xff, 0x64, 0xff, 0xff,
    0xff, 0xff, 0xa0, 0x7f, 0xf6, 0x1f, 0xff, 0xff,
    0xff, 0xfa, 0x7, 0xff, 0x60, 0xaf, 0xff, 0xff,
    0xff, 0xa0, 0x7f, 0xf6, 0x1, 0xdf, 0xff, 0xff,
    0xfa, 0x7, 0xff, 0x60, 0x0, 0x7c, 0xee, 0xff,
    0xa0, 0x7f, 0xf6, 0x0, 0x0, 0x0, 0x3f, 0xfa,
    0x7, 0xff, 0x60, 0x0, 0x0, 0x3, 0xff, 0xa0,
    0x7f, 0xf6, 0x0, 0x0, 0x0, 0x3f, 0xfa, 0x7,
    0xff, 0x60, 0x0, 0x0, 0x3, 0xff, 0xa0, 0x7f,
    0xf6, 0x0, 0x0, 0x0, 0x3f, 0xfa, 0x7, 0xff,
    0x60, 0x0, 0x0, 0x3, 0xff, 0xa0, 0x7f, 0xf6,
    0x0, 0x0, 0x0, 0x3f, 0xfa, 0x7, 0xff, 0x60,
    0x0, 0x0, 0x3, 0xff, 0xa0, 0x7f, 0xf6, 0x0,
    0x0, 0x0, 0x3f, 0xfa, 0x7, 0xff, 0x60, 0x0,
    0x0, 0x3, 0xff, 0xa0, 0x7f, 0xf6, 0x0, 0x0,
    0x0, 0x3f, 0xfa, 0x7, 0xff, 0x60, 0x0, 0x0,
    0x1, 0x66, 0x30, 0x26, 0x62,

    /* U+00B7 "·" */
    0x99, 0x94, 0xff, 0xf7, 0xff, 0xf7, 0xff, 0xf7,

    /* U+00B8 "¸" */
    0x0, 0x1a, 0x60, 0x0, 0x4, 0xfb, 0x10, 0x0,
    0x8f, 0xff, 0x22, 0x52, 0x1b, 0xf8, 0x5f, 0xe9,
    0xef, 0x60, 0x7e, 0xfe, 0x80,

    /* U+00BA "º" */
    0x0, 0x4, 0x77, 0x40, 0x0, 0x1d, 0xff, 0xff,
    0xc1, 0xb, 0xfe, 0x66, 0xef, 0x90, 0xff, 0x40,
    0x6, 0xfe, 0x1f, 0xf2, 0x0, 0x4f, 0xf0, 0xef,
    0x80, 0xa, 0xfd, 0x6, 0xff, 0xdd, 0xff, 0x50,
    0x6, 0xef, 0xfd, 0x50, 0x0, 0x0, 0x11, 0x0,
    0x0,

    /* U+00BB "»" */
    0x12, 0x20, 0x2, 0x21, 0x0, 0x3, 0xff, 0xb0,
    0xbf, 0xf4, 0x0, 0x8, 0xff, 0x71, 0xef, 0xe0,
    0x0, 0xd, 0xff, 0x25, 0xff, 0xa0, 0x0, 0x3f,
    0xfd, 0xa, 0xff, 0x50, 0x0, 0xbf, 0xf4, 0x3f,
    0xfc, 0x0, 0x4f, 0xfb, 0xc, 0xff, 0x30, 0xe,
    0xff, 0x17, 0xff, 0x80, 0x9, 0xff, 0x52, 0xff,
    0xd0, 0x4, 0xff, 0xa0, 0xcf, 0xf2, 0x0,

    /* U+00BF "¿" */
    0x0, 0x0, 0xf, 0xff, 0x70, 0x0, 0x0, 0x0,
    0x0, 0xf, 0xff, 0x70, 0x0, 0x0, 0x0, 0x0,
    0xf, 0xff, 0x70, 0x0, 0x0, 0x0, 0x0, 0x9,
    0x99, 0x40, 0x0, 0x0, 0x0, 0x0, 0x0, 0x0,
    0x0, 0x0, 0x0, 0x0, 0x0, 0x0, 0x0, 0x0,
    0x0, 0x0, 0x0, 0x0, 0x8, 0xbb, 0x20, 0x0,
    0x0, 0x0, 0x0, 0x1f, 0xff, 0x10, 0x0, 0x0,
    0x0, 0x1, 0xcf, 0xfb, 0x0, 0x0, 0x0, 0x0,
    0x3e, 0xff, 0xe2, 0x0, 0x0, 0x0, 0x4, 0xff,
    0xfd, 0x20, 0x0, 0x0, 0x0, 0xe, 0xff, 0xb0,
    0x0, 0x0, 0x0, 0x0, 0x4f, 0xff, 0x0, 0x0,
    0x0, 0x0, 0x0, 0x5f, 0xfd, 0x0, 0x0, 0x0,
    0xef, 0xe0, 0x3f, 0xff, 0x30, 0x0, 0xa, 0xff,
    0xb0, 0xc, 0xff, 0xfb, 0x9a, 0xef, 0xff, 0x30,
    0x2, 0xdf, 0xff, 0xff, 0xff, 0xe4, 0x0, 0x0,
    0x7, 0xce, 0xfe, 0xc7, 0x10, 0x0,

    /* U+00C0 "À" */
    0x0, 0x0, 0x3e, 0xee, 0xb0, 0x0, 0x0, 0x0,
    0x0, 0x0, 0x0, 0x4f, 0xff, 0x60, 0x0, 0x0,
    0x0, 0x0, 0x0, 0x0, 0x4f, 0xfe, 0x10, 0x0,
    0x0, 0x0, 0x0, 0x0, 0x0, 0x4f, 0xfa, 0x0,
    0x0, 0x0, 0x0, 0x0, 0x0, 0x0, 0x0, 0x0,
    0x0, 0x0, 0x0, 0x0, 0x0, 0x0, 0x0, 0x0,
    0x0, 0x0, 0x0, 0x0, 0x0, 0x0, 0x2f, 0xff,
    0xc0, 0x0, 0x0, 0x0, 0x0, 0x0, 0x7, 0xff,
    0xff, 0x10, 0x0, 0x0, 0x0, 0x0, 0x0, 0xdf,
    0xff, 0xf7, 0x0, 0x0, 0x0, 0x0, 0x0, 0x3f,
    0xfa, 0xff, 0xc0, 0x0, 0x0, 0x0, 0x0, 0x8,
    0xff, 0x3c, 0xff, 0x20, 0x0, 0x0, 0x0, 0x0,
    0xef, 0xe0, 0x6f, 0xf8, 0x0, 0x0, 0x0, 0x0,
    0x4f, 0xf9, 0x1, 0xff, 0xd0, 0x0, 0x0, 0x0,
    0x9, 0xff, 0x30, 0xc, 0xff, 0x30, 0x0, 0x0,
    0x0, 0xff, 0xe0, 0x0, 0x7f, 0xf9, 0x0, 0x0,
    0x0, 0x5f, 0xf9, 0x0, 0x1, 0xff, 0xe0, 0x0,
    0x0, 0xa, 0xff, 0x30, 0x0, 0xc, 0xff, 0x40,
    0x0, 0x1, 0xff, 0xff, 0xff, 0xff, 0xff, 0xfa,
    0x0, 0x0, 0x6f, 0xff, 0xff, 0xff, 0xff, 0xff,
    0xf0, 0x0, 0xb, 0xff, 0xa9, 0x99, 0x99, 0x9e,
    0xff, 0x50, 0x1, 0xff, 0xe0, 0x0, 0x0, 0x0,
    0x7f, 0xfb, 0x0, 0x7f, 0xf9, 0x0, 0x0, 0x0,
    0x2, 0xff, 0xf1, 0xc, 0xff, 0x30, 0x0, 0x0,
    0x0, 0xc, 0xff, 0x62, 0xff, 0xe0, 0x0, 0x0,
    0x0, 0x0, 0x7f, 0xfb,

    /* U+00C1 "Á" */
    0x0, 0x0, 0x0, 0x0, 0x2e, 0xee, 0xb0, 0x0,
    0x0, 0x0, 0x0, 0x0, 0xc, 0xff, 0xc1, 0x0,
    0x0, 0x0, 0x0, 0x0, 0x6, 0xff, 0xc1, 0x0,
    0x0, 0x0, 0x0, 0x0, 0x1, 0xff, 0xc1, 0x0,
    0x0, 0x0, 0x0, 0x0, 0x0, 0x0, 0x0, 0x0,
    0x0, 0x0, 0x0, 0x0, 0x0, 0x0, 0x0, 0x0,
    0x0, 0x0, 0x0, 0x0, 0x0, 0x0, 0x2f, 0xff,
    0xc0, 0x0, 0x0, 0x0, 0x0, 0x0, 0x7, 0xff,
    0xff, 0x10, 0x0, 0x0, 0x0, 0x0, 0x0, 0xdf,
    0xff, 0xf7, 0x0, 0x0, 0x0, 0x0, 0x0, 0x3f,
    0xfa, 0xff, 0xc0, 0x0, 0x0, 0x0, 0x0, 0x8,
    0xff, 0x3c, 0xff, 0x20, 0x0, 0x0, 0x0, 0x0,
    0xef, 0xe0, 0x6f, 0xf8, 0x0, 0x0, 0x0, 0x0,
    0x4f, 0xf9, 0x1, 0xff, 0xd0, 0x0, 0x0, 0x0,
    0x9, 0xff, 0x30, 0xc, 0xff, 0x30, 0x0, 0x0,
    0x0, 0xff, 0xe0, 0x0, 0x7f, 0xf9, 0x0, 0x0,
    0x0, 0x5f, 0xf9, 0x0, 0x1, 0xff, 0xe0, 0x0,
    0x0, 0xa, 0xff, 0x30, 0x0, 0xc, 0xff, 0x40,
    0x0, 0x1, 0xff, 0xff, 0xff, 0xff, 0xff, 0xfa,
    0x0, 0x0, 0x6f, 0xff, 0xff, 0xff, 0xff, 0xff,
    0xf0, 0x0, 0xb, 0xff, 0xa9, 0x99, 0x99, 0x9e,
    0xff, 0x50, 0x1, 0xff, 0xe0, 0x0, 0x0, 0x0,
    0x7f, 0xfb, 0x0, 0x7f, 0xf9, 0x0, 0x0, 0x0,
    0x2, 0xff, 0xf1, 0xc, 0xff, 0x30, 0x0, 0x0,
    0x0, 0xc, 0xff, 0x62, 0xff, 0xe0, 0x0, 0x0,
    0x0, 0x0, 0x7f, 0xfb,

    /* U+00C2 "Â" */
    0x0, 0x0, 0x0, 0x7, 0x88, 0x40, 0x0, 0x0,
    0x0, 0x0, 0x0, 0xa, 0xff, 0xff, 0x40, 0x0,
    0x0, 0x0, 0x0, 0x9, 0xff, 0x7b, 0xff, 0x30,
    0x0, 0x0, 0x0, 0x7, 0xff, 0x40, 0x9, 0xfe,
    0x20, 0x0, 0x0, 0x0, 0x0, 0x0, 0x0, 0x0,
    0x0, 0x0, 0x0, 0x0, 0x0, 0x0, 0x0, 0x0,
    0x0, 0x0, 0x0, 0x0, 0x0, 0x0, 0x2f, 0xff,
    0xc0, 0x0, 0x0, 0x0, 0x0, 0x0, 0x7, 0xff,
    0xff, 0x10, 0x0, 0x0, 0x0, 0x0, 0x0, 0xdf,
    0xff, 0xf7, 0x0, 0x0, 0x0, 0x0, 0x0, 0x3f,
    0xfa, 0xff, 0xc0, 0x0, 0x0, 0x0, 0x0, 0x8,
    0xff, 0x3c, 0xff, 0x20, 0x0, 0x0, 0x0, 0x0,
    0xef, 0xe0, 0x6f, 0xf8, 0x0, 0x0, 0x0, 0x0,
    0x4f, 0xf9, 0x1, 0xff, 0xd0, 0x0, 0x0, 0x0,
    0x9, 0xff, 0x30, 0xc, 0xff, 0x30, 0x0, 0x0,
    0x0, 0xff, 0xe0, 0x0, 0x7f, 0xf9, 0x0, 0x0,
    0x0, 0x5f, 0xf9, 0x0, 0x1, 0xff, 0xe0, 0x0,
    0x0, 0xa, 0xff, 0x30, 0x0, 0xc, 0xff, 0x40,
    0x0, 0x1, 0xff, 0xff, 0xff, 0xff, 0xff, 0xfa,
    0x0, 0x0, 0x6f, 0xff, 0xff, 0xff, 0xff, 0xff,
    0xf0, 0x0, 0xb, 0xff, 0xa9, 0x99, 0x99, 0x9e,
    0xff, 0x50, 0x1, 0xff, 0xe0, 0x0, 0x0, 0x0,
    0x7f, 0xfb, 0x0, 0x7f, 0xf9, 0x0, 0x0, 0x0,
    0x2, 0xff, 0xf1, 0xc, 0xff, 0x30, 0x0, 0x0,
    0x0, 0xc, 0xff, 0x62, 0xff, 0xe0, 0x0, 0x0,
    0x0, 0x0, 0x7f, 0xfb,

    /* U+00C3 "Ã" */
    0x0, 0x0, 0x8, 0xef, 0x80, 0x3, 0xfa, 0x0,
    0x0, 0x0, 0x7, 0xff, 0xff, 0xb3, 0xaf, 0x70,
    0x0, 0x0, 0x0, 0xef, 0x55, 0xef, 0xff, 0xf1,
    0x0, 0x0, 0x0, 0x1f, 0xd0, 0x1, 0xbf, 0xd4,
    0x0, 0x0, 0x0, 0x0, 0x0, 0x0, 0x0, 0x0,
    0x0, 0x0, 0x0, 0x0, 0x0, 0x0, 0x0, 0x0,
    0x0, 0x0, 0x0, 0x0, 0x0, 0x0, 0x2f, 0xff,
    0xc0, 0x0, 0x0, 0x0, 0x0, 0x0, 0x7, 0xff,
    0xff, 0x10, 0x0, 0x0, 0x0, 0x0, 0x0, 0xdf,
    0xff, 0xf7, 0x0, 0x0, 0x0, 0x0, 0x0, 0x3f,
    0xfa, 0xff, 0xc0, 0x0, 0x0, 0x0, 0x0, 0x8,
    0xff, 0x3c, 0xff, 0x20, 0x0, 0x0, 0x0, 0x0,
    0xef, 0xe0, 0x6f, 0xf8, 0x0, 0x0, 0x0, 0x0,
    0x4f, 0xf9, 0x1, 0xff, 0xd0, 0x0, 0x0, 0x0,
    0x9, 0xff, 0x30, 0xc, 0xff, 0x30, 0x0, 0x0,
    0x0, 0xff, 0xe0, 0x0, 0x7f, 0xf9, 0x0, 0x0,
    0x0, 0x5f, 0xf9, 0x0, 0x1, 0xff, 0xe0, 0x0,
    0x0, 0xa, 0xff, 0x30, 0x0, 0xc, 0xff, 0x40,
    0x0, 0x1, 0xff, 0xff, 0xff, 0xff, 0xff, 0xfa,
    0x0, 0x0, 0x6f, 0xff, 0xff, 0xff, 0xff, 0xff,
    0xf0, 0x0, 0xb, 0xff, 0xa9, 0x99, 0x99, 0x9e,
    0xff, 0x50, 0x1, 0xff, 0xe0, 0x0, 0x0, 0x0,
    0x7f, 0xfb, 0x0, 0x7f, 0xf9, 0x0, 0x0, 0x0,
    0x2, 0xff, 0xf1, 0xc, 0xff, 0x30, 0x0, 0x0,
    0x0, 0xc, 0xff, 0x62, 0xff, 0xe0, 0x0, 0x0,
    0x0, 0x0, 0x7f, 0xfb,

    /* U+00C4 "Ä" */
    0x0, 0x0, 0x48, 0x85, 0x0, 0x88, 0x81, 0x0,
    0x0, 0x0, 0x9, 0xff, 0xb0, 0x1f, 0xff, 0x30,
    0x0, 0x0, 0x0, 0x9f, 0xfb, 0x1, 0xff, 0xf3,
    0x0, 0x0, 0x0, 0x9, 0xff, 0xb0, 0x1f, 0xff,
    0x30, 0x0, 0x0, 0x0, 0x0, 0x0, 0x0, 0x0,
    0x0, 0x0, 0x0, 0x0, 0x0, 0x0, 0x0, 0x0,
    0x0, 0x0, 0x0, 0x0, 0x0, 0x0, 0x2f, 0xff,
    0xc0, 0x0, 0x0, 0x0, 0x0, 0x0, 0x7, 0xff,
    0xff, 0x10, 0x0, 0x0, 0x0, 0x0, 0x0, 0xdf,
    0xff, 0xf7, 0x0, 0x0, 0x0, 0x0, 0x0, 0x3f,
    0xfa, 0xff, 0xc0, 0x0, 0x0, 0x0, 0x0, 0x8,
    0xff, 0x3c, 0xff, 0x20, 0x0, 0x0, 0x0, 0x0,
    0xef, 0xe0, 0x6f, 0xf8, 0x0, 0x0, 0x0, 0x0,
    0x4f, 0xf9, 0x1, 0xff, 0xd0, 0x0, 0x0, 0x0,
    0x9, 0xff, 0x30, 0xc, 0xff, 0x30, 0x0, 0x0,
    0x0, 0xff, 0xe0, 0x0, 0x7f, 0xf9, 0x0, 0x0,
    0x0, 0x5f, 0xf9, 0x0, 0x1, 0xff, 0xe0, 0x0,
    0x0, 0xa, 0xff, 0x30, 0x0, 0xc, 0xff, 0x40,
    0x0, 0x1, 0xff, 0xff, 0xff, 0xff, 0xff, 0xfa,
    0x0, 0x0, 0x6f, 0xff, 0xff, 0xff, 0xff, 0xff,
    0xf0, 0x0, 0xb, 0xff, 0xa9, 0x99, 0x99, 0x9e,
    0xff, 0x50, 0x1, 0xff, 0xe0, 0x0, 0x0, 0x0,
    0x7f, 0xfb, 0x0, 0x7f, 0xf9, 0x0, 0x0, 0x0,
    0x2, 0xff, 0xf1, 0xc, 0xff, 0x30, 0x0, 0x0,
    0x0, 0xc, 0xff, 0x62, 0xff, 0xe0, 0x0, 0x0,
    0x0, 0x0, 0x7f, 0xfb,

    /* U+00C5 "Å" */
    0x0, 0x0, 0x0, 0x4, 0x98, 0x10, 0x0, 0x0,
    0x0, 0x0, 0x0, 0x4, 0xff, 0xfd, 0x0, 0x0,
    0x0, 0x0, 0x0, 0x0, 0xbe, 0x16, 0xf4, 0x0,
    0x0, 0x0, 0x0, 0x0, 0xb, 0xf1, 0x7f, 0x40,
    0x0, 0x0, 0x0, 0x0, 0x0, 0x4f, 0xff, 0xd0,
    0x0, 0x0, 0x0, 0x0, 0x0, 0x0, 0x49, 0x81,
    0x0, 0x0, 0x0, 0x0, 0x0, 0x0, 0x0, 0x0,
    0x0, 0x0, 0x0, 0x0, 0x0, 0x0, 0x2, 0xff,
    0xfc, 0x0, 0x0, 0x0, 0x0, 0x0, 0x0, 0x7f,
    0xff, 0xf1, 0x0, 0x0, 0x0, 0x0, 0x0, 0xd,
    0xff, 0xff, 0x70, 0x0, 0x0, 0x0, 0x0, 0x3,
    0xff, 0xaf, 0xfc, 0x0, 0x0, 0x0, 0x0, 0x0,
    0x8f, 0xf3, 0xcf, 0xf2, 0x0, 0x0, 0x0, 0x0,
    0xe, 0xfe, 0x6, 0xff, 0x80, 0x0, 0x0, 0x0,
    0x4, 0xff, 0x90, 0x1f, 0xfd, 0x0, 0x0, 0x0,
    0x0, 0x9f, 0xf3, 0x0, 0xcf, 0xf3, 0x0, 0x0,
    0x0, 0xf, 0xfe, 0x0, 0x7, 0xff, 0x90, 0x0,
    0x0, 0x5, 0xff, 0x90, 0x0, 0x1f, 0xfe, 0x0,
    0x0, 0x0, 0xaf, 0xf3, 0x0, 0x0, 0xcf, 0xf4,
    0x0, 0x0, 0x1f, 0xff, 0xff, 0xff, 0xff, 0xff,
    0xa0, 0x0, 0x6, 0xff, 0xff, 0xff, 0xff, 0xff,
    0xff, 0x0, 0x0, 0xbf, 0xfa, 0x99, 0x99, 0x99,
    0xef, 0xf5, 0x0, 0x1f, 0xfe, 0x0, 0x0, 0x0,
    0x7, 0xff, 0xb0, 0x7, 0xff, 0x90, 0x0, 0x0,
    0x0, 0x2f, 0xff, 0x10, 0xcf, 0xf3, 0x0, 0x0,
    0x0, 0x0, 0xcf, 0xf6, 0x2f, 0xfe, 0x0, 0x0,
    0x0, 0x0, 0x7, 0xff, 0xb0,

    /* U+00C6 "Æ" */
    0x0, 0x0, 0x0, 0x2f, 0xff, 0xff, 0xff, 0xff,
    0xff, 0xff, 0xfc, 0x0, 0x0, 0x0, 0x7, 0xff,
    0xff, 0xff, 0xff, 0xff, 0xff, 0xff, 0xc0, 0x0,
    0x0, 0x0, 0xdf, 0xf9, 0x9c, 0xff, 0xe9, 0x99,
    0x99, 0x97, 0x0, 0x0, 0x0, 0x3f, 0xf9, 0x0,
    0x6f, 0xfb, 0x0, 0x0, 0x0, 0x0, 0x0, 0x0,
    0x8, 0xff, 0x40, 0x6, 0xff, 0xb0, 0x0, 0x0,
    0x0, 0x0, 0x0, 0x0, 0xef, 0xe0, 0x0, 0x6f,
    0xfb, 0x0, 0x0, 0x0, 0x0, 0x0, 0x0, 0x4f,
    0xf9, 0x0, 0x6, 0xff, 0xb0, 0x0, 0x0, 0x0,
    0x0, 0x0, 0x9, 0xff, 0xa8, 0x88, 0xbf, 0xfd,
    0x88, 0x88, 0x88, 0x10, 0x0, 0x0, 0xff, 0xff,
    0xff, 0xff, 0xff, 0xff, 0xff, 0xff, 0xf2, 0x0,
    0x0, 0x5f, 0xff, 0xff, 0xff, 0xff, 0xff, 0xff,
    0xff, 0xff, 0x20, 0x0, 0xa, 0xff, 0x40, 0x0,
    0x6, 0xff, 0xb0, 0x0, 0x0, 0x0, 0x0, 0x1,
    0xff, 0xe0, 0x0, 0x0, 0x6f, 0xfb, 0x0, 0x0,
    0x0, 0x0, 0x0, 0x6f, 0xf9, 0x0, 0x0, 0x6,
    0xff, 0xb0, 0x0, 0x0, 0x0, 0x0, 0xb, 0xff,
    0x40, 0x0, 0x0, 0x6f, 0xfb, 0x0, 0x0, 0x0,
    0x0, 0x1, 0xff, 0xe0, 0x0, 0x0, 0x6, 0xff,
    0xb0, 0x0, 0x0, 0x0, 0x0, 0x7f, 0xf9, 0x0,
    0x0, 0x0, 0x6f, 0xfe, 0x99, 0x99, 0x99, 0x90,
    0xc, 0xff, 0x40, 0x0, 0x0, 0x6, 0xff, 0xff,
    0xff, 0xff, 0xff, 0x2, 0xff, 0xe0, 0x0, 0x0,
    0x0, 0x6f, 0xff, 0xff, 0xff, 0xff, 0xf0,

    /* U+00C7 "Ç" */
    0x0, 0x0, 0x2, 0x8c, 0xff, 0xeb, 0x60, 0x0,
    0x0, 0x0, 0x0, 0x8f, 0xff, 0xff, 0xff, 0xfe,
    0x40, 0x0, 0x0, 0xa, 0xff, 0xff, 0xba, 0xcf,
    0xff, 0xf4, 0x0, 0x0, 0x8f, 0xff, 0x80, 0x0,
    0x1, 0xbf, 0xfe, 0x10, 0x2, 0xff, 0xf6, 0x0,
    0x0, 0x0, 0xc, 0xff, 0x80, 0x8, 0xff, 0xc0,
    0x0, 0x0, 0x0, 0x4, 0xff, 0xe0, 0xd, 0xff,
    0x60, 0x0, 0x0, 0x0, 0x0, 0xbb, 0xb0, 0xf,
    0xff, 0x20, 0x0, 0x0, 0x0, 0x0, 0x0, 0x0,
    0x1f, 0xff, 0x10, 0x0, 0x0, 0x0, 0x0, 0x0,
    0x0, 0x1f, 0xff, 0x10, 0x0, 0x0, 0x0, 0x0,
    0x0, 0x0, 0xf, 0xff, 0x30, 0x0, 0x0, 0x0,
    0x0, 0x0, 0x0, 0xc, 0xff, 0x60, 0x0, 0x0,
    0x0, 0x0, 0xaa, 0xa1, 0x8, 0xff, 0xd0, 0x0,
    0x0, 0x0, 0x4, 0xff, 0xe0, 0x1, 0xff, 0xf7,
    0x0, 0x0, 0x0, 0xc, 0xff, 0x90, 0x0, 0x7f,
    0xff, 0x80, 0x0, 0x1, 0xbf, 0xff, 0x10, 0x0,
    0xa, 0xff, 0xff, 0xba, 0xcf, 0xff, 0xf4, 0x0,
    0x0, 0x0, 0x7f, 0xff, 0xff, 0xff, 0xfe, 0x40,
    0x0, 0x0, 0x0, 0x1, 0x8c, 0xff, 0xeb, 0x70,
    0x0, 0x0, 0x0, 0x0, 0x0, 0x0, 0xcf, 0x40,
    0x0, 0x0, 0x0, 0x0, 0x0, 0x0, 0x0, 0xff,
    0xf9, 0x0, 0x0, 0x0, 0x0, 0x0, 0x0, 0x55,
    0x4, 0xff, 0x0, 0x0, 0x0, 0x0, 0x0, 0x0,
    0xdf, 0xbb, 0xfe, 0x0, 0x0, 0x0, 0x0, 0x0,
    0x0, 0x2b, 0xff, 0xc3, 0x0, 0x0, 0x0,

    /* U+00C8 "È" */
    0x0, 0x3e, 0xee, 0xb0, 0x0, 0x0, 0x0, 0x0,
    0x4f, 0xff, 0x60, 0x0, 0x0, 0x0, 0x0, 0x4f,
    0xff, 0x10, 0x0, 0x0, 0x0, 0x0, 0x4f, 0xfb,
    0x0, 0x0, 0x0, 0x0, 0x0, 0x0, 0x0, 0x0,
    0x0, 0x0, 0x0, 0x0, 0x0, 0x0, 0x0, 0x8f,
    0xff, 0xff, 0xff, 0xff, 0xff, 0xa8, 0xff, 0xff,
    0xff, 0xff, 0xff, 0xfa, 0x8f, 0xfd, 0x99, 0x99,
    0x99, 0x99, 0x68, 0xff, 0x90, 0x0, 0x0, 0x0,
    0x0, 0x8f, 0xf9, 0x0, 0x0, 0x0, 0x0, 0x8,
    0xff, 0x90, 0x0, 0x0, 0x0, 0x0, 0x8f, 0xf9,
    0x0, 0x0, 0x0, 0x0, 0x8, 0xff, 0xd8, 0x88,
    0x88, 0x88, 0x80, 0x8f, 0xff, 0xff, 0xff, 0xff,
    0xff, 0x18, 0xff, 0xff, 0xff, 0xff, 0xff, 0xf1,
    0x8f, 0xf9, 0x0, 0x0, 0x0, 0x0, 0x8, 0xff,
    0x90, 0x0, 0x0, 0x0, 0x0, 0x8f, 0xf9, 0x0,
    0x0, 0x0, 0x0, 0x8, 0xff, 0x90, 0x0, 0x0,
    0x0, 0x0, 0x8f, 0xf9, 0x0, 0x0, 0x0, 0x0,
    0x8, 0xff, 0xd9, 0x99, 0x99, 0x99, 0x98, 0x8f,
    0xff, 0xff, 0xff, 0xff, 0xff, 0xe8, 0xff, 0xff,
    0xff, 0xff, 0xff, 0xfe,

    /* U+00C9 "É" */
    0x0, 0x0, 0x0, 0x2e, 0xee, 0xb0, 0x0, 0x0,
    0x0, 0xb, 0xff, 0xc1, 0x0, 0x0, 0x0, 0x6,
    0xff, 0xc1, 0x0, 0x0, 0x0, 0x1, 0xef, 0xc1,
    0x0, 0x0, 0x0, 0x0, 0x0, 0x0, 0x0, 0x0,
    0x0, 0x0, 0x0, 0x0, 0x0, 0x0, 0x0, 0x8f,
    0xff, 0xff, 0xff, 0xff, 0xff, 0xa8, 0xff, 0xff,
    0xff, 0xff, 0xff, 0xfa, 0x8f, 0xfd, 0x99, 0x99,
    0x99, 0x99, 0x68, 0xff, 0x90, 0x0, 0x0, 0x0,
    0x0, 0x8f, 0xf9, 0x0, 0x0, 0x0, 0x0, 0x8,
    0xff, 0x90, 0x0, 0x0, 0x0, 0x0, 0x8f, 0xf9,
    0x0, 0x0, 0x0, 0x0, 0x8, 0xff, 0xd8, 0x88,
    0x88, 0x88, 0x80, 0x8f, 0xff, 0xff, 0xff, 0xff,
    0xff, 0x18, 0xff, 0xff, 0xff, 0xff, 0xff, 0xf1,
    0x8f, 0xf9, 0x0, 0x0, 0x0, 0x0, 0x8, 0xff,
    0x90, 0x0, 0x0, 0x0, 0x0, 0x8f, 0xf9, 0x0,
    0x0, 0x0, 0x0, 0x8, 0xff, 0x90, 0x0, 0x0,
    0x0, 0x0, 0x8f, 0xf9, 0x0, 0x0, 0x0, 0x0,
    0x8, 0xff, 0xd9, 0x99, 0x99, 0x99, 0x98, 0x8f,
    0xff, 0xff, 0xff, 0xff, 0xff, 0xe8, 0xff, 0xff,
    0xff, 0xff, 0xff, 0xfe,

    /* U+00CA "Ê" */
    0x0, 0x0, 0x7, 0x88, 0x50, 0x0, 0x0, 0x0,
    0xa, 0xff, 0xff, 0x50, 0x0, 0x0, 0x8, 0xff,
    0x7b, 0xff, 0x40, 0x0, 0x7, 0xff, 0x40, 0x9,
    0xff, 0x30, 0x0, 0x0, 0x0, 0x0, 0x0, 0x0,
    0x0, 0x0, 0x0, 0x0, 0x0, 0x0, 0x0, 0x8f,
    0xff, 0xff, 0xff, 0xff, 0xff, 0xa8, 0xff, 0xff,
    0xff, 0xff, 0xff, 0xfa, 0x8f, 0xfd, 0x99, 0x99,
    0x99, 0x99, 0x68, 0xff, 0x90, 0x0, 0x0, 0x0,
    0x0, 0x8f, 0xf9, 0x0, 0x0, 0x0, 0x0, 0x8,
    0xff, 0x90, 0x0, 0x0, 0x0, 0x0, 0x8f, 0xf9,
    0x0, 0x0, 0x0, 0x0, 0x8, 0xff, 0xd8, 0x88,
    0x88, 0x88, 0x80, 0x8f, 0xff, 0xff, 0xff, 0xff,
    0xff, 0x18, 0xff, 0xff, 0xff, 0xff, 0xff, 0xf1,
    0x8f, 0xf9, 0x0, 0x0, 0x0, 0x0, 0x8, 0xff,
    0x90, 0x0, 0x0, 0x0, 0x0, 0x8f, 0xf9, 0x0,
    0x0, 0x0, 0x0, 0x8, 0xff, 0x90, 0x0, 0x0,
    0x0, 0x0, 0x8f, 0xf9, 0x0, 0x0, 0x0, 0x0,
    0x8, 0xff, 0xd9, 0x99, 0x99, 0x99, 0x98, 0x8f,
    0xff, 0xff, 0xff, 0xff, 0xff, 0xe8, 0xff, 0xff,
    0xff, 0xff, 0xff, 0xfe,

    /* U+00CB "Ë" */
    0x0, 0x48, 0x85, 0x0, 0x88, 0x81, 0x0, 0x9,
    0xff, 0xb0, 0xf, 0xff, 0x30, 0x0, 0x9f, 0xfb,
    0x0, 0xff, 0xf3, 0x0, 0x9, 0xff, 0xb0, 0xf,
    0xff, 0x30, 0x0, 0x0, 0x0, 0x0, 0x0, 0x0,
    0x0, 0x0, 0x0, 0x0, 0x0, 0x0, 0x0, 0x8f,
    0xff, 0xff, 0xff, 0xff, 0xff, 0xa8, 0xff, 0xff,
    0xff, 0xff, 0xff, 0xfa, 0x8f, 0xfd, 0x99, 0x99,
    0x99, 0x99, 0x68, 0xff, 0x90, 0x0, 0x0, 0x0,
    0x0, 0x8f, 0xf9, 0x0, 0x0, 0x0, 0x0, 0x8,
    0xff, 0x90, 0x0, 0x0, 0x0, 0x0, 0x8f, 0xf9,
    0x0, 0x0, 0x0, 0x0, 0x8, 0xff, 0xd8, 0x88,
    0x88, 0x88, 0x80, 0x8f, 0xff, 0xff, 0xff, 0xff,
    0xff, 0x18, 0xff, 0xff, 0xff, 0xff, 0xff, 0xf1,
    0x8f, 0xf9, 0x0, 0x0, 0x0, 0x0, 0x8, 0xff,
    0x90, 0x0, 0x0, 0x0, 0x0, 0x8f, 0xf9, 0x0,
    0x0, 0x0, 0x0, 0x8, 0xff, 0x90, 0x0, 0x0,
    0x0, 0x0, 0x8f, 0xf9, 0x0, 0x0, 0x0, 0x0,
    0x8, 0xff, 0xd9, 0x99, 0x99, 0x99, 0x98, 0x8f,
    0xff, 0xff, 0xff, 0xff, 0xff, 0xe8, 0xff, 0xff,
    0xff, 0xff, 0xff, 0xfe,

    /* U+00CC "Ì" */
    0x1c, 0xee, 0xd1, 0x0, 0x2, 0xef, 0xf9, 0x0,
    0x0, 0x2e, 0xff, 0x40, 0x0, 0x2, 0xef, 0xd0,
    0x0, 0x0, 0x0, 0x0, 0x0, 0x0, 0x0, 0x0,
    0x0, 0x8, 0xff, 0x90, 0x0, 0x8, 0xff, 0x90,
    0x0, 0x8, 0xff, 0x90, 0x0, 0x8, 0xff, 0x90,
    0x0, 0x8, 0xff, 0x90, 0x0, 0x8, 0xff, 0x90,
    0x0, 0x8, 0xff, 0x90, 0x0, 0x8, 0xff, 0x90,
    0x0, 0x8, 0xff, 0x90, 0x0, 0x8, 0xff, 0x90,
    0x0, 0x8, 0xff, 0x90, 0x0, 0x8, 0xff, 0x90,
    0x0, 0x8, 0xff, 0x90, 0x0, 0x8, 0xff, 0x90,
    0x0, 0x8, 0xff, 0x90, 0x0, 0x8, 0xff, 0x90,
    0x0, 0x8, 0xff, 0x90, 0x0, 0x8, 0xff, 0x90,

    /* U+00CD "Í" */
    0x0, 0xc, 0xee, 0xd2, 0x0, 0x8f, 0xfe, 0x20,
    0x2, 0xff, 0xe2, 0x0, 0xc, 0xfe, 0x20, 0x0,
    0x0, 0x0, 0x0, 0x0, 0x0, 0x0, 0x0, 0x0,
    0x8, 0xff, 0x90, 0x0, 0x8, 0xff, 0x90, 0x0,
    0x8, 0xff, 0x90, 0x0, 0x8, 0xff, 0x90, 0x0,
    0x8, 0xff, 0x90, 0x0, 0x8, 0xff, 0x90, 0x0,
    0x8, 0xff, 0x90, 0x0, 0x8, 0xff, 0x90, 0x0,
    0x8, 0xff, 0x90, 0x0, 0x8, 0xff, 0x90, 0x0,
    0x8, 0xff, 0x90, 0x0, 0x8, 0xff, 0x90, 0x0,
    0x8, 0xff, 0x90, 0x0, 0x8, 0xff, 0x90, 0x0,
    0x8, 0xff, 0x90, 0x0, 0x8, 0xff, 0x90, 0x0,
    0x8, 0xff, 0x90, 0x0, 0x8, 0xff, 0x90, 0x0,

    /* U+00CE "Î" */
    0x0, 0x6, 0x88, 0x60, 0x0, 0x0, 0x7f, 0xff,
    0xf8, 0x0, 0x5, 0xff, 0x98, 0xff, 0x60, 0x4f,
    0xf7, 0x0, 0x6f, 0xf5, 0x0, 0x0, 0x0, 0x0,
    0x0, 0x0, 0x0, 0x0, 0x0, 0x0, 0x0, 0x8,
    0xff, 0x90, 0x0, 0x0, 0x8, 0xff, 0x90, 0x0,
    0x0, 0x8, 0xff, 0x90, 0x0, 0x0, 0x8, 0xff,
    0x90, 0x0, 0x0, 0x8, 0xff, 0x90, 0x0, 0x0,
    0x8, 0xff, 0x90, 0x0, 0x0, 0x8, 0xff, 0x90,
    0x0, 0x0, 0x8, 0xff, 0x90, 0x0, 0x0, 0x8,
    0xff, 0x90, 0x0, 0x0, 0x8, 0xff, 0x90, 0x0,
    0x0, 0x8, 0xff, 0x90, 0x0, 0x0, 0x8, 0xff,
    0x90, 0x0, 0x0, 0x8, 0xff, 0x90, 0x0, 0x0,
    0x8, 0xff, 0x90, 0x0, 0x0, 0x8, 0xff, 0x90,
    0x0, 0x0, 0x8, 0xff, 0x90, 0x0, 0x0, 0x8,
    0xff, 0x90, 0x0, 0x0, 0x8, 0xff, 0x90, 0x0,

    /* U+00CF "Ï" */
    0x38, 0x87, 0x0, 0x68, 0x83, 0x6f, 0xfe, 0x0,
    0xdf, 0xf7, 0x6f, 0xfe, 0x0, 0xdf, 0xf7, 0x6f,
    0xfe, 0x0, 0xdf, 0xf7, 0x0, 0x0, 0x0, 0x0,
    0x0, 0x0, 0x0, 0x0, 0x0, 0x0, 0x0, 0x8,
    0xff, 0x90, 0x0, 0x0, 0x8, 0xff, 0x90, 0x0,
    0x0, 0x8, 0xff, 0x90, 0x0, 0x0, 0x8, 0xff,
    0x90, 0x0, 0x0, 0x8, 0xff, 0x90, 0x0, 0x0,
    0x8, 0xff, 0x90, 0x0, 0x0, 0x8, 0xff, 0x90,
    0x0, 0x0, 0x8, 0xff, 0x90, 0x0, 0x0, 0x8,
    0xff, 0x90, 0x0, 0x0, 0x8, 0xff, 0x90, 0x0,
    0x0, 0x8, 0xff, 0x90, 0x0, 0x0, 0x8, 0xff,
    0x90, 0x0, 0x0, 0x8, 0xff, 0x90, 0x0, 0x0,
    0x8, 0xff, 0x90, 0x0, 0x0, 0x8, 0xff, 0x90,
    0x0, 0x0, 0x8, 0xff, 0x90, 0x0, 0x0, 0x8,
    0xff, 0x90, 0x0, 0x0, 0x8, 0xff, 0x90, 0x0,

    /* U+00D0 "Ð" */
    0x3, 0xff, 0xff, 0xff, 0xfe, 0xc8, 0x20, 0x0,
    0x0, 0x3, 0xff, 0xff, 0xff, 0xff, 0xff, 0xfa,
    0x10, 0x0, 0x3, 0xff, 0xf9, 0x99, 0xab, 0xff,
    0xff, 0xe2, 0x0, 0x3, 0xff, 0xe0, 0x0, 0x0,
    0x6, 0xff, 0xfd, 0x0, 0x3, 0xff, 0xe0, 0x0,
    0x0, 0x0, 0x2f, 0xff, 0x80, 0x3, 0xff, 0xe0,
    0x0, 0x0, 0x0, 0x6, 0xff, 0xf0, 0x3, 0xff,
    0xe0, 0x0, 0x0, 0x0, 0x0, 0xff, 0xf4, 0x7a,
    0xff, 0xf9, 0x99, 0x93, 0x0, 0x0, 0xcf, 0xf7,
    0xdf, 0xff, 0xff, 0xff, 0xf5, 0x0, 0x0, 0xaf,
    0xf8, 0xdf, 0xff, 0xff, 0xff, 0xf5, 0x0, 0x0,
    0xaf, 0xf8, 0x3, 0xff, 0xe0, 0x0, 0x0, 0x0,
    0x0, 0xcf, 0xf6, 0x3, 0xff, 0xe0, 0x0, 0x0,
    0x0, 0x1, 0xff, 0xf3, 0x3, 0xff, 0xe0, 0x0,
    0x0, 0x0, 0x7, 0xff, 0xe0, 0x3, 0xff, 0xe0,
    0x0, 0x0, 0x0, 0x3f, 0xff, 0x70, 0x3, 0xff,
    0xe0, 0x0, 0x0, 0x7, 0xff, 0xfc, 0x0, 0x3,
    0xff, 0xf9, 0x99, 0x9b, 0xff, 0xff, 0xd1, 0x0,
    0x3, 0xff, 0xff, 0xff, 0xff, 0xff, 0xf9, 0x10,
    0x0, 0x3, 0xff, 0xff, 0xff, 0xfe, 0xc8, 0x20,
    0x0, 0x0,

    /* U+00D1 "Ñ" */
    0x0, 0x0, 0x9f, 0xe7, 0x0, 0x5f, 0x90, 0x0,
    0x0, 0x9f, 0xff, 0xfa, 0x2b, 0xf6, 0x0, 0x0,
    0xf, 0xf4, 0x6f, 0xff, 0xfe, 0x10, 0x0, 0x2,
    0xfb, 0x0, 0x2c, 0xfc, 0x30, 0x0, 0x0, 0x0,
    0x0, 0x0, 0x0, 0x0, 0x0, 0x0, 0x0, 0x0,
    0x0, 0x0, 0x0, 0x0, 0x0, 0x8f, 0xff, 0xa0,
    0x0, 0x0, 0x1, 0xff, 0xe8, 0xff, 0xff, 0x20,
    0x0, 0x0, 0x1f, 0xfe, 0x8f, 0xff, 0xfb, 0x0,
    0x0, 0x1, 0xff, 0xe8, 0xff, 0xff, 0xf3, 0x0,
    0x0, 0x1f, 0xfe, 0x8f, 0xfb, 0xff, 0xc0, 0x0,
    0x1, 0xff, 0xe8, 0xff, 0x8b, 0xff, 0x50, 0x0,
    0x1f, 0xfe, 0x8f, 0xf8, 0x2f, 0xfd, 0x0, 0x1,
    0xff, 0xe8, 0xff, 0x80, 0x9f, 0xf6, 0x0, 0x1f,
    0xfe, 0x8f, 0xf8, 0x1, 0xff, 0xe0, 0x1, 0xff,
    0xe8, 0xff, 0x80, 0x8, 0xff, 0x70, 0x1f, 0xfe,
    0x8f, 0xf8, 0x0, 0x1e, 0xff, 0x11, 0xff, 0xe8,
    0xff, 0x80, 0x0, 0x7f, 0xf8, 0x1f, 0xfe, 0x8f,
    0xf8, 0x0, 0x0, 0xef, 0xf3, 0xff, 0xe8, 0xff,
    0x80, 0x0, 0x6, 0xff, 0xbf, 0xfe, 0x8f, 0xf8,
    0x0, 0x0, 0xd, 0xff, 0xff, 0xe8, 0xff, 0x80,
    0x0, 0x0, 0x4f, 0xff, 0xfe, 0x8f, 0xf8, 0x0,
    0x0, 0x0, 0xcf, 0xff, 0xe8, 0xff, 0x80, 0x0,
    0x0, 0x3, 0xff, 0xfe,

    /* U+00D2 "Ò" */
    0x0, 0x0, 0x7, 0xff, 0xf8, 0x0, 0x0, 0x0,
    0x0, 0x0, 0x0, 0x0, 0x7, 0xff, 0xf2, 0x0,
    0x0, 0x0, 0x0, 0x0, 0x0, 0x0, 0x7, 0xff,
    0xc0, 0x0, 0x0, 0x0, 0x0, 0x0, 0x0, 0x0,
    0x7, 0xee, 0x50, 0x0, 0x0, 0x0, 0x0, 0x0,
    0x0, 0x0, 0x0, 0x0, 0x0, 0x0, 0x0, 0x0,
    0x0, 0x0, 0x0, 0x0, 0x0, 0x0, 0x0, 0x0,
    0x0, 0x0, 0x0, 0x1, 0x8c, 0xff, 0xfc, 0x82,
    0x0, 0x0, 0x0, 0x0, 0x7, 0xff, 0xff, 0xff,
    0xff, 0xf8, 0x0, 0x0, 0x0, 0xa, 0xff, 0xff,
    0xca, 0xbf, 0xff, 0xfb, 0x0, 0x0, 0x8, 0xff,
    0xf8, 0x10, 0x0, 0x8, 0xff, 0xf8, 0x0, 0x2,
    0xff, 0xf7, 0x0, 0x0, 0x0, 0x6, 0xff, 0xf2,
    0x0, 0x8f, 0xfc, 0x0, 0x0, 0x0, 0x0, 0xc,
    0xff, 0x90, 0xd, 0xff, 0x60, 0x0, 0x0, 0x0,
    0x0, 0x5f, 0xfe, 0x0, 0xff, 0xf2, 0x0, 0x0,
    0x0, 0x0, 0x1, 0xff, 0xf1, 0x1f, 0xff, 0x10,
    0x0, 0x0, 0x0, 0x0, 0xf, 0xff, 0x21, 0xff,
    0xf1, 0x0, 0x0, 0x0, 0x0, 0x0, 0xff, 0xf2,
    0xf, 0xff, 0x30, 0x0, 0x0, 0x0, 0x0, 0x2f,
    0xff, 0x10, 0xcf, 0xf7, 0x0, 0x0, 0x0, 0x0,
    0x6, 0xff, 0xd0, 0x8, 0xff, 0xd0, 0x0, 0x0,
    0x0, 0x0, 0xdf, 0xf8, 0x0, 0x1f, 0xff, 0x80,
    0x0, 0x0, 0x0, 0x8f, 0xff, 0x20, 0x0, 0x7f,
    0xff, 0x91, 0x0, 0x1, 0x9f, 0xff, 0x80, 0x0,
    0x0, 0xaf, 0xff, 0xfc, 0xac, 0xff, 0xff, 0xa0,
    0x0, 0x0, 0x0, 0x7f, 0xff, 0xff, 0xff, 0xff,
    0x80, 0x0, 0x0, 0x0, 0x0, 0x17, 0xce, 0xff,
    0xc8, 0x10, 0x0, 0x0,

    /* U+00D3 "Ó" */
    0x0, 0x0, 0x0, 0x0, 0x7, 0xff, 0xf8, 0x0,
    0x0, 0x0, 0x0, 0x0, 0x0, 0x2, 0xff, 0xf8,
    0x0, 0x0, 0x0, 0x0, 0x0, 0x0, 0x0, 0xbf,
    0xf8, 0x0, 0x0, 0x0, 0x0, 0x0, 0x0, 0x0,
    0x4e, 0xe7, 0x0, 0x0, 0x0, 0x0, 0x0, 0x0,
    0x0, 0x0, 0x0, 0x0, 0x0, 0x0, 0x0, 0x0,
    0x0, 0x0, 0x0, 0x0, 0x0, 0x0, 0x0, 0x0,
    0x0, 0x0, 0x0, 0x1, 0x8c, 0xff, 0xfc, 0x82,
    0x0, 0x0, 0x0, 0x0, 0x7, 0xff, 0xff, 0xff,
    0xff, 0xf8, 0x0, 0x0, 0x0, 0xa, 0xff, 0xff,
    0xca, 0xbf, 0xff, 0xfb, 0x0, 0x0, 0x8, 0xff,
    0xf8, 0x10, 0x0, 0x8, 0xff, 0xf8, 0x0, 0x2,
    0xff, 0xf7, 0x0, 0x0, 0x0, 0x6, 0xff, 0xf2,
    0x0, 0x8f, 0xfc, 0x0, 0x0, 0x0, 0x0, 0xc,
    0xff, 0x90, 0xd, 0xff, 0x60, 0x0, 0x0, 0x0,
    0x0, 0x5f, 0xfe, 0x0, 0xff, 0xf2, 0x0, 0x0,
    0x0, 0x0, 0x1, 0xff, 0xf1, 0x1f, 0xff, 0x10,
    0x0, 0x0, 0x0, 0x0, 0xf, 0xff, 0x21, 0xff,
    0xf1, 0x0, 0x0, 0x0, 0x0, 0x0, 0xff, 0xf2,
    0xf, 0xff, 0x30, 0x0, 0x0, 0x0, 0x0, 0x2f,
    0xff, 0x10, 0xcf, 0xf7, 0x0, 0x0, 0x0, 0x0,
    0x6, 0xff, 0xd0, 0x8, 0xff, 0xd0, 0x0, 0x0,
    0x0, 0x0, 0xdf, 0xf8, 0x0, 0x1f, 0xff, 0x80,
    0x0, 0x0, 0x0, 0x8f, 0xff, 0x20, 0x0, 0x7f,
    0xff, 0x91, 0x0, 0x1, 0x9f, 0xff, 0x80, 0x0,
    0x0, 0xaf, 0xff, 0xfc, 0xac, 0xff, 0xff, 0xa0,
    0x0, 0x0, 0x0, 0x7f, 0xff, 0xff, 0xff, 0xff,
    0x80, 0x0, 0x0, 0x0, 0x0, 0x17, 0xce, 0xff,
    0xc8, 0x10, 0x0, 0x0,

    /* U+00D4 "Ô" */
    0x0, 0x0, 0x0, 0x7, 0xff, 0xf8, 0x0, 0x0,
    0x0, 0x0, 0x0, 0x0, 0x4, 0xff, 0xff, 0xf4,
    0x0, 0x0, 0x0, 0x0, 0x0, 0x1, 0xef, 0xc1,
    0xcf, 0xe2, 0x0, 0x0, 0x0, 0x0, 0x0, 0xcf,
    0xc1, 0x0, 0xcf, 0xd0, 0x0, 0x0, 0x0, 0x0,
    0x0, 0x0, 0x0, 0x0, 0x0, 0x0, 0x0, 0x0,
    0x0, 0x0, 0x0, 0x0, 0x0, 0x0, 0x0, 0x0,
    0x0, 0x0, 0x0, 0x1, 0x8c, 0xff, 0xfc, 0x82,
    0x0, 0x0, 0x0, 0x0, 0x7, 0xff, 0xff, 0xff,
    0xff, 0xf8, 0x0, 0x0, 0x0, 0xa, 0xff, 0xff,
    0xca, 0xbf, 0xff, 0xfb, 0x0, 0x0, 0x8, 0xff,
    0xf8, 0x10, 0x0, 0x8, 0xff, 0xf8, 0x0, 0x2,
    0xff, 0xf7, 0x0, 0x0, 0x0, 0x6, 0xff, 0xf2,
    0x0, 0x8f, 0xfc, 0x0, 0x0, 0x0, 0x0, 0xc,
    0xff, 0x90, 0xd, 0xff, 0x60, 0x0, 0x0, 0x0,
    0x0, 0x5f, 0xfe, 0x0, 0xff, 0xf2, 0x0, 0x0,
    0x0, 0x0, 0x1, 0xff, 0xf1, 0x1f, 0xff, 0x10,
    0x0, 0x0, 0x0, 0x0, 0xf, 0xff, 0x21, 0xff,
    0xf1, 0x0, 0x0, 0x0, 0x0, 0x0, 0xff, 0xf2,
    0xf, 0xff, 0x30, 0x0, 0x0, 0x0, 0x0, 0x2f,
    0xff, 0x10, 0xcf, 0xf7, 0x0, 0x0, 0x0, 0x0,
    0x6, 0xff, 0xd0, 0x8, 0xff, 0xd0, 0x0, 0x0,
    0x0, 0x0, 0xdf, 0xf8, 0x0, 0x1f, 0xff, 0x80,
    0x0, 0x0, 0x0, 0x8f, 0xff, 0x20, 0x0, 0x7f,
    0xff, 0x91, 0x0, 0x1, 0x9f, 0xff, 0x80, 0x0,
    0x0, 0xaf, 0xff, 0xfc, 0xac, 0xff, 0xff, 0xa0,
    0x0, 0x0, 0x0, 0x7f, 0xff, 0xff, 0xff, 0xff,
    0x80, 0x0, 0x0, 0x0, 0x0, 0x17, 0xce, 0xff,
    0xc8, 0x10, 0x0, 0x0,

    /* U+00D5 "Õ" */
    0x0, 0x0, 0x1, 0xbf, 0xe5, 0x0, 0x8f, 0x60,
    0x0, 0x0, 0x0, 0x0, 0xcf, 0xff, 0xf8, 0x3d,
    0xf3, 0x0, 0x0, 0x0, 0x0, 0x2f, 0xe3, 0x7f,
    0xff, 0xfc, 0x0, 0x0, 0x0, 0x0, 0x5, 0xf8,
    0x0, 0x4d, 0xfb, 0x10, 0x0, 0x0, 0x0, 0x0,
    0x0, 0x0, 0x0, 0x0, 0x0, 0x0, 0x0, 0x0,
    0x0, 0x0, 0x0, 0x0, 0x0, 0x0, 0x0, 0x0,
    0x0, 0x0, 0x0, 0x1, 0x8c, 0xff, 0xfc, 0x82,
    0x0, 0x0, 0x0, 0x0, 0x7, 0xff, 0xff, 0xff,
    0xff, 0xf8, 0x0, 0x0, 0x0, 0xa, 0xff, 0xff,
    0xca, 0xbf, 0xff, 0xfb, 0x0, 0x0, 0x8, 0xff,
    0xf8, 0x10, 0x0, 0x8, 0xff, 0xf8, 0x0, 0x2,
    0xff, 0xf7, 0x0, 0x0, 0x0, 0x6, 0xff, 0xf2,
    0x0, 0x8f, 0xfc, 0x0, 0x0, 0x0, 0x0, 0xc,
    0xff, 0x90, 0xd, 0xff, 0x60, 0x0, 0x0, 0x0,
    0x0, 0x5f, 0xfe, 0x0, 0xff, 0xf2, 0x0, 0x0,
    0x0, 0x0, 0x1, 0xff, 0xf1, 0x1f, 0xff, 0x10,
    0x0, 0x0, 0x0, 0x0, 0xf, 0xff, 0x21, 0xff,
    0xf1, 0x0, 0x0, 0x0, 0x0, 0x0, 0xff, 0xf2,
    0xf, 0xff, 0x30, 0x0, 0x0, 0x0, 0x0, 0x2f,
    0xff, 0x10, 0xcf, 0xf7, 0x0, 0x0, 0x0, 0x0,
    0x6, 0xff, 0xd0, 0x8, 0xff, 0xd0, 0x0, 0x0,
    0x0, 0x0, 0xdf, 0xf8, 0x0, 0x1f, 0xff, 0x80,
    0x0, 0x0, 0x0, 0x8f, 0xff, 0x20, 0x0, 0x7f,
    0xff, 0x91, 0x0, 0x1, 0x9f, 0xff, 0x80, 0x0,
    0x0, 0xaf, 0xff, 0xfc, 0xac, 0xff, 0xff, 0xa0,
    0x0, 0x0, 0x0, 0x7f, 0xff, 0xff, 0xff, 0xff,
    0x80, 0x0, 0x0, 0x0, 0x0, 0x17, 0xce, 0xff,
    0xc8, 0x10, 0x0, 0x0,

    /* U+00D6 "Ö" */
    0x0, 0x0, 0xe, 0xff, 0x60, 0x6f, 0xfe, 0x0,
    0x0, 0x0, 0x0, 0x0, 0xef, 0xf6, 0x6, 0xff,
    0xe0, 0x0, 0x0, 0x0, 0x0, 0xe, 0xff, 0x60,
    0x6f, 0xfe, 0x0, 0x0, 0x0, 0x0, 0x0, 0x78,
    0x83, 0x3, 0x88, 0x70, 0x0, 0x0, 0x0, 0x0,
    0x0, 0x0, 0x0, 0x0, 0x0, 0x0, 0x0, 0x0,
    0x0, 0x0, 0x0, 0x0, 0x0, 0x0, 0x0, 0x0,
    0x0, 0x0, 0x0, 0x1, 0x8c, 0xff, 0xfc, 0x82,
    0x0, 0x0, 0x0, 0x0, 0x7, 0xff, 0xff, 0xff,
    0xff, 0xf8, 0x0, 0x0, 0x0, 0xa, 0xff, 0xff,
    0xca, 0xbf, 0xff, 0xfb, 0x0, 0x0, 0x8, 0xff,
    0xf8, 0x10, 0x0, 0x8, 0xff, 0xf8, 0x0, 0x2,
    0xff, 0xf7, 0x0, 0x0, 0x0, 0x6, 0xff, 0xf2,
    0x0, 0x8f, 0xfc, 0x0, 0x0, 0x0, 0x0, 0xc,
    0xff, 0x90, 0xd, 0xff, 0x60, 0x0, 0x0, 0x0,
    0x0, 0x5f, 0xfe, 0x0, 0xff, 0xf2, 0x0, 0x0,
    0x0, 0x0, 0x1, 0xff, 0xf1, 0x1f, 0xff, 0x10,
    0x0, 0x0, 0x0, 0x0, 0xf, 0xff, 0x21, 0xff,
    0xf1, 0x0, 0x0, 0x0, 0x0, 0x0, 0xff, 0xf2,
    0xf, 0xff, 0x30, 0x0, 0x0, 0x0, 0x0, 0x2f,
    0xff, 0x10, 0xcf, 0xf7, 0x0, 0x0, 0x0, 0x0,
    0x6, 0xff, 0xd0, 0x8, 0xff, 0xd0, 0x0, 0x0,
    0x0, 0x0, 0xdf, 0xf8, 0x0, 0x1f, 0xff, 0x80,
    0x0, 0x0, 0x0, 0x8f, 0xff, 0x20, 0x0, 0x7f,
    0xff, 0x91, 0x0, 0x1, 0x9f, 0xff, 0x80, 0x0,
    0x0, 0xaf, 0xff, 0xfc, 0xac, 0xff, 0xff, 0xa0,
    0x0, 0x0, 0x0, 0x7f, 0xff, 0xff, 0xff, 0xff,
    0x80, 0x0, 0x0, 0x0, 0x0, 0x17, 0xce, 0xff,
    0xc8, 0x10, 0x0, 0x0,

    /* U+00D7 "×" */
    0x4, 0x30, 0x0, 0x0, 0x25, 0x4, 0xff, 0x30,
    0x0, 0x2e, 0xf5, 0x4f, 0xfe, 0x20, 0x2e, 0xff,
    0x40, 0x4f, 0xfe, 0x4e, 0xff, 0x50, 0x0, 0x4f,
    0xff, 0xff, 0x50, 0x0, 0x0, 0x6f, 0xff, 0x70,
    0x0, 0x0, 0x1c, 0xff, 0xfd, 0x10, 0x0, 0xc,
    0xff, 0xbf, 0xfd, 0x10, 0xc, 0xff, 0x80, 0x6f,
    0xfc, 0x17, 0xff, 0x80, 0x0, 0x7f, 0xf8, 0xa,
    0x90, 0x0, 0x0, 0x8b, 0x0, 0x0, 0x0, 0x0,
    0x0, 0x0,

    /* U+00D8 "Ø" */
    0x0, 0x0, 0x1, 0x8c, 0xff, 0xfc, 0x82, 0x6,
    0x80, 0x0, 0x0, 0x7, 0xff, 0xff, 0xff, 0xff,
    0xfa, 0xff, 0x60, 0x0, 0xa, 0xff, 0xff, 0xca,
    0xbf, 0xff, 0xff, 0xc0, 0x0, 0x8, 0xff, 0xf8,
    0x10, 0x0, 0x9, 0xff, 0xf9, 0x0, 0x2, 0xff,
    0xf7, 0x0, 0x0, 0x1, 0xdf, 0xff, 0xf2, 0x0,
    0x8f, 0xfc, 0x0, 0x0, 0x0, 0xcf, 0xfd, 0xff,
    0x90, 0xd, 0xff, 0x60, 0x0, 0x0, 0xaf, 0xf5,
    0x5f, 0xfe, 0x0, 0xff, 0xf2, 0x0, 0x0, 0x8f,
    0xf7, 0x1, 0xff, 0xf1, 0x1f, 0xff, 0x10, 0x0,
    0x6f, 0xf9, 0x0, 0xf, 0xff, 0x21, 0xff, 0xf1,
    0x0, 0x4f, 0xfb, 0x0, 0x0, 0xff, 0xf2, 0xf,
    0xff, 0x30, 0x3f, 0xfc, 0x0, 0x0, 0x2f, 0xff,
    0x10, 0xcf, 0xf7, 0x2e, 0xfe, 0x10, 0x0, 0x6,
    0xff, 0xd0, 0x8, 0xff, 0xdd, 0xff, 0x20, 0x0,
    0x0, 0xdf, 0xf8, 0x0, 0x1f, 0xff, 0xff, 0x40,
    0x0, 0x0, 0x8f, 0xff, 0x20, 0x0, 0x7f, 0xff,
    0xc1, 0x0, 0x1, 0x9f, 0xff, 0x80, 0x0, 0x9,
    0xff, 0xff, 0xfc, 0xac, 0xff, 0xff, 0xa0, 0x0,
    0x6, 0xff, 0xcf, 0xff, 0xff, 0xff, 0xff, 0x80,
    0x0, 0x0, 0x4f, 0xb0, 0x17, 0xce, 0xff, 0xc8,
    0x10, 0x0, 0x0, 0x0, 0x30, 0x0, 0x0, 0x0,
    0x0, 0x0, 0x0, 0x0, 0x0,

    /* U+00D9 "Ù" */
    0x0, 0x8, 0xff, 0xf6, 0x0, 0x0, 0x0, 0x0,
    0x0, 0x8, 0xff, 0xf1, 0x0, 0x0, 0x0, 0x0,
    0x0, 0x8, 0xff, 0xb0, 0x0, 0x0, 0x0, 0x0,
    0x0, 0x8, 0xee, 0x40, 0x0, 0x0, 0x0, 0x0,
    0x0, 0x0, 0x0, 0x0, 0x0, 0x0, 0x0, 0x0,
    0x0, 0x0, 0x0, 0x0, 0x0, 0xbf, 0xf7, 0x0,
    0x0, 0x0, 0x8, 0xff, 0x9b, 0xff, 0x70, 0x0,
    0x0, 0x0, 0x8f, 0xf9, 0xbf, 0xf7, 0x0, 0x0,
    0x0, 0x8, 0xff, 0x9b, 0xff, 0x70, 0x0, 0x0,
    0x0, 0x8f, 0xf9, 0xbf, 0xf7, 0x0, 0x0, 0x0,
    0x8, 0xff, 0x9b, 0xff, 0x70, 0x0, 0x0, 0x0,
    0x8f, 0xf9, 0xbf, 0xf7, 0x0, 0x0, 0x0, 0x8,
    0xff, 0x9b, 0xff, 0x70, 0x0, 0x0, 0x0, 0x8f,
    0xf9, 0xbf, 0xf7, 0x0, 0x0, 0x0, 0x8, 0xff,
    0x9b, 0xff, 0x70, 0x0, 0x0, 0x0, 0x8f, 0xf9,
    0xaf, 0xf7, 0x0, 0x0, 0x0, 0x8, 0xff, 0x99,
    0xff, 0x70, 0x0, 0x0, 0x0, 0x9f, 0xf8, 0x7f,
    0xfa, 0x0, 0x0, 0x0, 0xc, 0xff, 0x53, 0xff,
    0xf1, 0x0, 0x0, 0x2, 0xff, 0xf1, 0xd, 0xff,
    0xc1, 0x0, 0x2, 0xdf, 0xfb, 0x0, 0x3f, 0xff,
    0xfc, 0xac, 0xff, 0xff, 0x20, 0x0, 0x5f, 0xff,
    0xff, 0xff, 0xfe, 0x40, 0x0, 0x0, 0x18, 0xdf,
    0xfe, 0xc7, 0x10, 0x0,

    /* U+00DA "Ú" */
    0x0, 0x0, 0x0, 0x8, 0xff, 0xf6, 0x0, 0x0,
    0x0, 0x0, 0x3, 0xff, 0xf6, 0x0, 0x0, 0x0,
    0x0, 0x0, 0xcf, 0xf6, 0x0, 0x0, 0x0, 0x0,
    0x0, 0x6e, 0xe6, 0x0, 0x0, 0x0, 0x0, 0x0,
    0x0, 0x0, 0x0, 0x0, 0x0, 0x0, 0x0, 0x0,
    0x0, 0x0, 0x0, 0x0, 0x0, 0xbf, 0xf7, 0x0,
    0x0, 0x0, 0x8, 0xff, 0x9b, 0xff, 0x70, 0x0,
    0x0, 0x0, 0x8f, 0xf9, 0xbf, 0xf7, 0x0, 0x0,
    0x0, 0x8, 0xff, 0x9b, 0xff, 0x70, 0x0, 0x0,
    0x0, 0x8f, 0xf9, 0xbf, 0xf7, 0x0, 0x0, 0x0,
    0x8, 0xff, 0x9b, 0xff, 0x70, 0x0, 0x0, 0x0,
    0x8f, 0xf9, 0xbf, 0xf7, 0x0, 0x0, 0x0, 0x8,
    0xff, 0x9b, 0xff, 0x70, 0x0, 0x0, 0x0, 0x8f,
    0xf9, 0xbf, 0xf7, 0x0, 0x0, 0x0, 0x8, 0xff,
    0x9b, 0xff, 0x70, 0x0, 0x0, 0x0, 0x8f, 0xf9,
    0xaf, 0xf7, 0x0, 0x0, 0x0, 0x8, 0xff, 0x99,
    0xff, 0x70, 0x0, 0x0, 0x0, 0x9f, 0xf8, 0x7f,
    0xfa, 0x0, 0x0, 0x0, 0xc, 0xff, 0x53, 0xff,
    0xf1, 0x0, 0x0, 0x2, 0xff, 0xf1, 0xd, 0xff,
    0xc1, 0x0, 0x2, 0xdf, 0xfb, 0x0, 0x3f, 0xff,
    0xfc, 0xac, 0xff, 0xff, 0x20, 0x0, 0x5f, 0xff,
    0xff, 0xff, 0xfe, 0x40, 0x0, 0x0, 0x18, 0xdf,
    0xfe, 0xc7, 0x10, 0x0,

    /* U+00DB "Û" */
    0x0, 0x0, 0x8, 0xff, 0xf6, 0x0, 0x0, 0x0,
    0x0, 0x5, 0xff, 0xff, 0xf3, 0x0, 0x0, 0x0,
    0x2, 0xff, 0xb1, 0xdf, 0xe1, 0x0, 0x0, 0x0,
    0xdf, 0xb0, 0x1, 0xdf, 0xc0, 0x0, 0x0, 0x0,
    0x0, 0x0, 0x0, 0x0, 0x0, 0x0, 0x0, 0x0,
    0x0, 0x0, 0x0, 0x0, 0x0, 0xbf, 0xf7, 0x0,
    0x0, 0x0, 0x8, 0xff, 0x9b, 0xff, 0x70, 0x0,
    0x0, 0x0, 0x8f, 0xf9, 0xbf, 0xf7, 0x0, 0x0,
    0x0, 0x8, 0xff, 0x9b, 0xff, 0x70, 0x0, 0x0,
    0x0, 0x8f, 0xf9, 0xbf, 0xf7, 0x0, 0x0, 0x0,
    0x8, 0xff, 0x9b, 0xff, 0x70, 0x0, 0x0, 0x0,
    0x8f, 0xf9, 0xbf, 0xf7, 0x0, 0x0, 0x0, 0x8,
    0xff, 0x9b, 0xff, 0x70, 0x0, 0x0, 0x0, 0x8f,
    0xf9, 0xbf, 0xf7, 0x0, 0x0, 0x0, 0x8, 0xff,
    0x9b, 0xff, 0x70, 0x0, 0x0, 0x0, 0x8f, 0xf9,
    0xaf, 0xf7, 0x0, 0x0, 0x0, 0x8, 0xff, 0x99,
    0xff, 0x70, 0x0, 0x0, 0x0, 0x9f, 0xf8, 0x7f,
    0xfa, 0x0, 0x0, 0x0, 0xc, 0xff, 0x53, 0xff,
    0xf1, 0x0, 0x0, 0x2, 0xff, 0xf1, 0xd, 0xff,
    0xc1, 0x0, 0x2, 0xdf, 0xfb, 0x0, 0x3f, 0xff,
    0xfc, 0xac, 0xff, 0xff, 0x20, 0x0, 0x5f, 0xff,
    0xff, 0xff, 0xfe, 0x40, 0x0, 0x0, 0x18, 0xdf,
    0xfe, 0xc7, 0x10, 0x0,

    /* U+00DC "Ü" */
    0x0, 0xf, 0xff, 0x50, 0x7f, 0xfd, 0x0, 0x0,
    0x0, 0xff, 0xf5, 0x7, 0xff, 0xd0, 0x0, 0x0,
    0xf, 0xff, 0x50, 0x7f, 0xfd, 0x0, 0x0, 0x0,
    0x78, 0x82, 0x3, 0x88, 0x60, 0x0, 0x0, 0x0,
    0x0, 0x0, 0x0, 0x0, 0x0, 0x0, 0x0, 0x0,
    0x0, 0x0, 0x0, 0x0, 0x0, 0xbf, 0xf7, 0x0,
    0x0, 0x0, 0x8, 0xff, 0x9b, 0xff, 0x70, 0x0,
    0x0, 0x0, 0x8f, 0xf9, 0xbf, 0xf7, 0x0, 0x0,
    0x0, 0x8, 0xff, 0x9b, 0xff, 0x70, 0x0, 0x0,
    0x0, 0x8f, 0xf9, 0xbf, 0xf7, 0x0, 0x0, 0x0,
    0x8, 0xff, 0x9b, 0xff, 0x70, 0x0, 0x0, 0x0,
    0x8f, 0xf9, 0xbf, 0xf7, 0x0, 0x0, 0x0, 0x8,
    0xff, 0x9b, 0xff, 0x70, 0x0, 0x0, 0x0, 0x8f,
    0xf9, 0xbf, 0xf7, 0x0, 0x0, 0x0, 0x8, 0xff,
    0x9b, 0xff, 0x70, 0x0, 0x0, 0x0, 0x8f, 0xf9,
    0xaf, 0xf7, 0x0, 0x0, 0x0, 0x8, 0xff, 0x99,
    0xff, 0x70, 0x0, 0x0, 0x0, 0x9f, 0xf8, 0x7f,
    0xfa, 0x0, 0x0, 0x0, 0xc, 0xff, 0x53, 0xff,
    0xf1, 0x0, 0x0, 0x2, 0xff, 0xf1, 0xd, 0xff,
    0xc1, 0x0, 0x2, 0xdf, 0xfb, 0x0, 0x3f, 0xff,
    0xfc, 0xac, 0xff, 0xff, 0x20, 0x0, 0x5f, 0xff,
    0xff, 0xff, 0xfe, 0x40, 0x0, 0x0, 0x18, 0xdf,
    0xfe, 0xc7, 0x10, 0x0,

    /* U+00DD "Ý" */
    0x0, 0x0, 0x0, 0x0, 0x8e, 0xee, 0x60, 0x0,
    0x0, 0x0, 0x0, 0x0, 0x3f, 0xff, 0x70, 0x0,
    0x0, 0x0, 0x0, 0x0, 0xc, 0xff, 0x70, 0x0,
    0x0, 0x0, 0x0, 0x0, 0x7, 0xff, 0x70, 0x0,
    0x0, 0x0, 0x0, 0x0, 0x0, 0x0, 0x0, 0x0,
    0x0, 0x0, 0x0, 0x0, 0x0, 0x0, 0x0, 0x0,
    0x0, 0x0, 0x0, 0x5f, 0xff, 0x60, 0x0, 0x0,
    0x0, 0x4f, 0xff, 0x20, 0xbf, 0xfe, 0x10, 0x0,
    0x0, 0xd, 0xff, 0x80, 0x2, 0xff, 0xf8, 0x0,
    0x0, 0x6, 0xff, 0xd0, 0x0, 0x7, 0xff, 0xf2,
    0x0, 0x1, 0xef, 0xf4, 0x0, 0x0, 0xd, 0xff,
    0xb0, 0x0, 0x9f, 0xfa, 0x0, 0x0, 0x0, 0x3f,
    0xff, 0x40, 0x2f, 0xfe, 0x10, 0x0, 0x0, 0x0,
    0x9f, 0xfd, 0xb, 0xff, 0x60, 0x0, 0x0, 0x0,
    0x1, 0xef, 0xfa, 0xff, 0xc0, 0x0, 0x0, 0x0,
    0x0, 0x5, 0xff, 0xff, 0xf2, 0x0, 0x0, 0x0,
    0x0, 0x0, 0xb, 0xff, 0xf8, 0x0, 0x0, 0x0,
    0x0, 0x0, 0x0, 0x3f, 0xff, 0x0, 0x0, 0x0,
    0x0, 0x0, 0x0, 0x2, 0xff, 0xf0, 0x0, 0x0,
    0x0, 0x0, 0x0, 0x0, 0x2f, 0xff, 0x0, 0x0,
    0x0, 0x0, 0x0, 0x0, 0x2, 0xff, 0xf0, 0x0,
    0x0, 0x0, 0x0, 0x0, 0x0, 0x2f, 0xff, 0x0,
    0x0, 0x0, 0x0, 0x0, 0x0, 0x2, 0xff, 0xf0,
    0x0, 0x0, 0x0, 0x0, 0x0, 0x0, 0x2f, 0xff,
    0x0, 0x0, 0x0, 0x0, 0x0, 0x0, 0x2, 0xff,
    0xf0, 0x0, 0x0, 0x0,

    /* U+00DE "Þ" */
    0x9f, 0xf8, 0x0, 0x0, 0x0, 0x0, 0x0, 0x9,
    0xff, 0x80, 0x0, 0x0, 0x0, 0x0, 0x0, 0x9f,
    0xf8, 0x0, 0x0, 0x0, 0x0, 0x0, 0x9, 0xff,
    0xc9, 0x99, 0x99, 0x74, 0x0, 0x0, 0x9f, 0xff,
    0xff, 0xff, 0xff, 0xfd, 0x30, 0x9, 0xff, 0xff,
    0xff, 0xff, 0xff, 0xff, 0x30, 0x9f, 0xf8, 0x0,
    0x0, 0x4, 0xdf, 0xfc, 0x9, 0xff, 0x80, 0x0,
    0x0, 0x2, 0xff, 0xf1, 0x9f, 0xf8, 0x0, 0x0,
    0x0, 0xe, 0xff, 0x39, 0xff, 0x80, 0x0, 0x0,
    0x0, 0xff, 0xf2, 0x9f, 0xf8, 0x0, 0x0, 0x0,
    0x9f, 0xfe, 0x9, 0xff, 0xc9, 0x99, 0x99, 0xdf,
    0xff, 0x70, 0x9f, 0xff, 0xff, 0xff, 0xff, 0xff,
    0x90, 0x9, 0xff, 0xff, 0xff, 0xff, 0xea, 0x40,
    0x0, 0x9f, 0xf8, 0x0, 0x0, 0x0, 0x0, 0x0,
    0x9, 0xff, 0x80, 0x0, 0x0, 0x0, 0x0, 0x0,
    0x9f, 0xf8, 0x0, 0x0, 0x0, 0x0, 0x0, 0x9,
    0xff, 0x80, 0x0, 0x0, 0x0, 0x0, 0x0,

    /* U+00DF "ß" */
    0x0, 0x5, 0xbe, 0xff, 0xc7, 0x0, 0x0, 0x0,
    0xaf, 0xff, 0xff, 0xff, 0xe2, 0x0, 0x7, 0xff,
    0xfb, 0x89, 0xff, 0xfd, 0x0, 0xf, 0xff, 0x50,
    0x0, 0x2f, 0xff, 0x40, 0x3f, 0xfd, 0x0, 0x0,
    0xb, 0xff, 0x70, 0x5f, 0xfa, 0x0, 0x0, 0xd,
    0xff, 0x60, 0x6f, 0xfa, 0x0, 0x1, 0x9f, 0xff,
    0x10, 0x6f, 0xfa, 0x5, 0xff, 0xff, 0xf5, 0x0,
    0x6f, 0xfa, 0x5, 0xff, 0xff, 0x80, 0x0, 0x6f,
    0xfa, 0x2, 0x89, 0xdf, 0xfc, 0x10, 0x6f, 0xfa,
    0x0, 0x0, 0x8, 0xff, 0xb0, 0x6f, 0xfa, 0x0,
    0x0, 0x0, 0xef, 0xf2, 0x6f, 0xfa, 0x0, 0x0,
    0x0, 0xcf, 0xf5, 0x6f, 0xfa, 0x0, 0x0, 0x0,
    0xef, 0xf5, 0x6f, 0xfa, 0x0, 0x0, 0x7, 0xff,
    0xf2, 0x6f, 0xfa, 0x6, 0x99, 0xcf, 0xff, 0xb0,
    0x6f, 0xfa, 0x9, 0xff, 0xff, 0xfc, 0x10, 0x6f,
    0xfa, 0x8, 0xff, 0xeb, 0x60, 0x0,

    /* U+00E0 "à" */
    0x0, 0x3f, 0xff, 0xc0, 0x0, 0x0, 0x0, 0x0,
    0x3f, 0xff, 0x70, 0x0, 0x0, 0x0, 0x0, 0x3f,
    0xff, 0x20, 0x0, 0x0, 0x0, 0x0, 0x3e, 0xfa,
    0x0, 0x0, 0x0, 0x0, 0x0, 0x0, 0x0, 0x0,
    0x0, 0x0, 0x4a, 0xef, 0xfd, 0x80, 0x0, 0x0,
    0x7f, 0xff, 0xff, 0xff, 0xd0, 0x0, 0x3f, 0xff,
    0x96, 0x7e, 0xff, 0x80, 0x8, 0xff, 0x60, 0x0,
    0x4f, 0xfd, 0x0, 0x0, 0x0, 0x0, 0x1, 0xff,
    0xe0, 0x0, 0x0, 0x48, 0xad, 0xff, 0xfe, 0x0,
    0x6, 0xef, 0xff, 0xff, 0xff, 0xe0, 0x6, 0xff,
    0xe7, 0x41, 0x1f, 0xfe, 0x0, 0xef, 0xf2, 0x0,
    0x2, 0xff, 0xe0, 0xf, 0xff, 0x10, 0x0, 0x8f,
    0xfe, 0x0, 0xef, 0xfc, 0x77, 0xcf, 0xff, 0xe0,
    0x7, 0xff, 0xff, 0xff, 0x8f, 0xff, 0x0, 0x5,
    0xcf, 0xfc, 0x50, 0xdf, 0xf2,

    /* U+00E1 "á" */
    0x0, 0x0, 0x0, 0x2f, 0xff, 0xc0, 0x0, 0x0,
    0x0, 0xc, 0xff, 0xc0, 0x0, 0x0, 0x0, 0x6,
    0xff, 0xc0, 0x0, 0x0, 0x0, 0x1, 0xef, 0xc0,
    0x0, 0x0, 0x0, 0x0, 0x0, 0x0, 0x0, 0x0,
    0x0, 0x0, 0x4a, 0xef, 0xfd, 0x80, 0x0, 0x0,
    0x7f, 0xff, 0xff, 0xff, 0xd0, 0x0, 0x3f, 0xff,
    0x96, 0x7e, 0xff, 0x80, 0x8, 0xff, 0x60, 0x0,
    0x4f, 0xfd, 0x0, 0x0, 0x0, 0x0, 0x1, 0xff,
    0xe0, 0x0, 0x0, 0x48, 0xad, 0xff, 0xfe, 0x0,
    0x6, 0xef, 0xff, 0xff, 0xff, 0xe0, 0x6, 0xff,
    0xe7, 0x41, 0x1f, 0xfe, 0x0, 0xef, 0xf2, 0x0,
    0x2, 0xff, 0xe0, 0xf, 0xff, 0x10, 0x0, 0x8f,
    0xfe, 0x0, 0xef, 0xfc, 0x77, 0xcf, 0xff, 0xe0,
    0x7, 0xff, 0xff, 0xff, 0x8f, 0xff, 0x0, 0x5,
    0xcf, 0xfc, 0x50, 0xdf, 0xf2,

    /* U+00E2 "â" */
    0x0, 0x0, 0x4f, 0xff, 0xd1, 0x0, 0x0, 0x0,
    0x3f, 0xfa, 0xdf, 0xc0, 0x0, 0x0, 0x2e, 0xf9,
    0x1, 0xdf, 0xb0, 0x0, 0x4, 0x65, 0x0, 0x1,
    0x66, 0x20, 0x0, 0x0, 0x0, 0x0, 0x0, 0x0,
    0x0, 0x0, 0x4a, 0xef, 0xfd, 0x80, 0x0, 0x0,
    0x7f, 0xff, 0xff, 0xff, 0xd0, 0x0, 0x3f, 0xff,
    0x96, 0x7e, 0xff, 0x80, 0x8, 0xff, 0x60, 0x0,
    0x4f, 0xfd, 0x0, 0x0, 0x0, 0x0, 0x1, 0xff,
    0xe0, 0x0, 0x0, 0x48, 0xad, 0xff, 0xfe, 0x0,
    0x6, 0xef, 0xff, 0xff, 0xff, 0xe0, 0x6, 0xff,
    0xe7, 0x41, 0x1f, 0xfe, 0x0, 0xef, 0xf2, 0x0,
    0x2, 0xff, 0xe0, 0xf, 0xff, 0x10, 0x0, 0x8f,
    0xfe, 0x0, 0xef, 0xfc, 0x77, 0xcf, 0xff, 0xe0,
    0x7, 0xff, 0xff, 0xff, 0x8f, 0xff, 0x0, 0x5,
    0xcf, 0xfc, 0x50, 0xdf, 0xf2,

    /* U+00E3 "ã" */
    0x0, 0x1a, 0xff, 0xc6, 0x27, 0xfa, 0x0, 0xb,
    0xff, 0xff, 0xff, 0xff, 0x50, 0x0, 0xff, 0x43,
    0x8d, 0xfe, 0x60, 0x0, 0x0, 0x0, 0x0, 0x0,
    0x0, 0x0, 0x0, 0x0, 0x0, 0x0, 0x0, 0x0,
    0x0, 0x0, 0x4a, 0xef, 0xfd, 0x80, 0x0, 0x0,
    0x7f, 0xff, 0xff, 0xff, 0xd0, 0x0, 0x3f, 0xff,
    0x96, 0x7e, 0xff, 0x80, 0x8, 0xff, 0x60, 0x0,
    0x4f, 0xfd, 0x0, 0x0, 0x0, 0x0, 0x1, 0xff,
    0xe0, 0x0, 0x0, 0x48, 0xad, 0xff, 0xfe, 0x0,
    0x6, 0xef, 0xff, 0xff, 0xff, 0xe0, 0x6, 0xff,
    0xe7, 0x41, 0x1f, 0xfe, 0x0, 0xef, 0xf2, 0x0,
    0x2, 0xff, 0xe0, 0xf, 0xff, 0x10, 0x0, 0x8f,
    0xfe, 0x0, 0xef, 0xfc, 0x77, 0xcf, 0xff, 0xe0,
    0x7, 0xff, 0xff, 0xff, 0x8f, 0xff, 0x0, 0x5,
    0xcf, 0xfc, 0x50, 0xdf, 0xf2,

    /* U+00E4 "ä" */
    0x0, 0x9f, 0xfb, 0x1, 0xff, 0xf3, 0x0, 0x9,
    0xff, 0xb0, 0x1f, 0xff, 0x30, 0x0, 0x9f, 0xfb,
    0x1, 0xff, 0xf3, 0x0, 0x4, 0x88, 0x50, 0x8,
    0x88, 0x10, 0x0, 0x0, 0x0, 0x0, 0x0, 0x0,
    0x0, 0x0, 0x4a, 0xef, 0xfd, 0x80, 0x0, 0x0,
    0x7f, 0xff, 0xff, 0xff, 0xd0, 0x0, 0x3f, 0xff,
    0x96, 0x7e, 0xff, 0x80, 0x8, 0xff, 0x60, 0x0,
    0x4f, 0xfd, 0x0, 0x0, 0x0, 0x0, 0x1, 0xff,
    0xe0, 0x0, 0x0, 0x48, 0xad, 0xff, 0xfe, 0x0,
    0x6, 0xef, 0xff, 0xff, 0xff, 0xe0, 0x6, 0xff,
    0xe7, 0x41, 0x1f, 0xfe, 0x0, 0xef, 0xf2, 0x0,
    0x2, 0xff, 0xe0, 0xf, 0xff, 0x10, 0x0, 0x8f,
    0xfe, 0x0, 0xef, 0xfc, 0x77, 0xcf, 0xff, 0xe0,
    0x7, 0xff, 0xff, 0xff, 0x8f, 0xff, 0x0, 0x5,
    0xcf, 0xfc, 0x50, 0xdf, 0xf2,

    /* U+00E5 "å" */
    0x0, 0x0, 0x3, 0x98, 0x10, 0x0, 0x0, 0x0,
    0x4, 0xff, 0xfe, 0x0, 0x0, 0x0, 0x0, 0xaf,
    0x16, 0xf5, 0x0, 0x0, 0x0, 0xa, 0xf1, 0x6f,
    0x50, 0x0, 0x0, 0x0, 0x4f, 0xff, 0xe0, 0x0,
    0x0, 0x0, 0x0, 0x49, 0x81, 0x0, 0x0, 0x0,
    0x0, 0x0, 0x0, 0x0, 0x0, 0x0, 0x0, 0x4a,
    0xef, 0xfd, 0x80, 0x0, 0x0, 0x7f, 0xff, 0xff,
    0xff, 0xd0, 0x0, 0x3f, 0xff, 0x96, 0x7e, 0xff,
    0x80, 0x8, 0xff, 0x60, 0x0, 0x4f, 0xfd, 0x0,
    0x0, 0x0, 0x0, 0x1, 0xff, 0xe0, 0x0, 0x0,
    0x48, 0xad, 0xff, 0xfe, 0x0, 0x6, 0xef, 0xff,
    0xff, 0xff, 0xe0, 0x6, 0xff, 0xe7, 0x41, 0x1f,
    0xfe, 0x0, 0xef, 0xf2, 0x0, 0x2, 0xff, 0xe0,
    0xf, 0xff, 0x10, 0x0, 0x8f, 0xfe, 0x0, 0xef,
    0xfc, 0x77, 0xcf, 0xff, 0xe0, 0x7, 0xff, 0xff,
    0xff, 0x8f, 0xff, 0x0, 0x5, 0xcf, 0xfc, 0x50,
    0xdf, 0xf2,

    /* U+00E6 "æ" */
    0x0, 0x5, 0xbe, 0xff, 0xc6, 0x2, 0x9e, 0xff,
    0xc5, 0x0, 0x0, 0x9, 0xff, 0xff, 0xff, 0xfc,
    0xff, 0xff, 0xff, 0xfa, 0x0, 0x4, 0xff, 0xf8,
    0x68, 0xef, 0xff, 0xfa, 0x67, 0xdf, 0xf8, 0x0,
    0x7c, 0xc4, 0x0, 0x5, 0xff, 0xf7, 0x0, 0x0,
    0xdf, 0xf0, 0x0, 0x0, 0x0, 0x0, 0x5f, 0xfe,
    0x0, 0x0, 0x7, 0xff, 0x50, 0x0, 0x27, 0xad,
    0xff, 0xff, 0xff, 0xff, 0xff, 0xff, 0xf7, 0x0,
    0x9f, 0xff, 0xff, 0xdf, 0xff, 0xff, 0xff, 0xff,
    0xff, 0x70, 0x8f, 0xfd, 0x62, 0x4, 0xff, 0xc3,
    0x33, 0x33, 0x33, 0x31, 0xf, 0xff, 0x10, 0x0,
    0x4f, 0xfe, 0x0, 0x0, 0x0, 0x0, 0x0, 0xff,
    0xf1, 0x0, 0xb, 0xff, 0xf7, 0x0, 0x1, 0xef,
    0xe0, 0xe, 0xff, 0xc7, 0x7d, 0xfe, 0xff, 0xfa,
    0x67, 0xdf, 0xf7, 0x0, 0x6f, 0xff, 0xff, 0xff,
    0x34, 0xff, 0xff, 0xff, 0xf9, 0x0, 0x0, 0x4c,
    0xff, 0xd9, 0x10, 0x1, 0x9d, 0xff, 0xc5, 0x0,
    0x0,

    /* U+00E7 "ç" */
    0x0, 0x1, 0x8d, 0xff, 0xc7, 0x0, 0x0, 0x4,
    0xff, 0xff, 0xff, 0xfd, 0x20, 0x2, 0xff, 0xfd,
    0x99, 0xef, 0xfd, 0x0, 0xbf, 0xfb, 0x0, 0x0,
    0xcf, 0xf5, 0x1f, 0xff, 0x20, 0x0, 0x3, 0xaa,
    0x64, 0xff, 0xe0, 0x0, 0x0, 0x0, 0x0, 0x5f,
    0xfc, 0x0, 0x0, 0x0, 0x0, 0x4, 0xff, 0xe0,
    0x0, 0x0, 0x0, 0x0, 0x1f, 0xff, 0x20, 0x0,
    0x3, 0xaa, 0x60, 0xbf, 0xfb, 0x0, 0x0, 0xcf,
    0xf5, 0x2, 0xff, 0xfe, 0x99, 0xef, 0xfd, 0x0,
    0x4, 0xff, 0xff, 0xff, 0xfd, 0x10, 0x0, 0x1,
    0x8d, 0xff, 0xc7, 0x0, 0x0, 0x0, 0x0, 0x4f,
    0xb1, 0x0, 0x0, 0x0, 0x0, 0x8, 0xff, 0xe2,
    0x0, 0x0, 0x0, 0x25, 0x21, 0xbf, 0x80, 0x0,
    0x0, 0x5, 0xfe, 0x9e, 0xf6, 0x0, 0x0, 0x0,
    0x7, 0xdf, 0xe8, 0x0, 0x0,

    /* U+00E8 "è" */
    0x0, 0x1d, 0xff, 0xf2, 0x0, 0x0, 0x0, 0x0,
    0x1, 0xdf, 0xfb, 0x0, 0x0, 0x0, 0x0, 0x0,
    0x1d, 0xff, 0x50, 0x0, 0x0, 0x0, 0x0, 0x1,
    0xcf, 0xd0, 0x0, 0x0, 0x0, 0x0, 0x0, 0x0,
    0x0, 0x0, 0x0, 0x0, 0x1, 0x8d, 0xff, 0xd9,
    0x10, 0x0, 0x0, 0x4f, 0xff, 0xff, 0xff, 0xf4,
    0x0, 0x2, 0xff, 0xfb, 0x66, 0xbf, 0xff, 0x20,
    0xb, 0xff, 0x90, 0x0, 0x9, 0xff, 0x90, 0x1f,
    0xff, 0x0, 0x0, 0x1, 0xff, 0xe0, 0x4f, 0xff,
    0xff, 0xff, 0xff, 0xff, 0xf0, 0x5f, 0xff, 0xff,
    0xff, 0xff, 0xff, 0xf0, 0x4f, 0xfd, 0x33, 0x33,
    0x33, 0x33, 0x30, 0x1f, 0xff, 0x0, 0x0, 0x0,
    0x0, 0x0, 0xb, 0xff, 0x80, 0x0, 0x6, 0xff,
    0x80, 0x2, 0xff, 0xfb, 0x66, 0xaf, 0xfe, 0x10,
    0x0, 0x4e, 0xff, 0xff, 0xff, 0xf3, 0x0, 0x0,
    0x1, 0x8d, 0xff, 0xd9, 0x10, 0x0,

    /* U+00E9 "é" */
    0x0, 0x0, 0x0, 0xd, 0xff, 0xe2, 0x0, 0x0,
    0x0, 0x0, 0x8f, 0xfe, 0x20, 0x0, 0x0, 0x0,
    0x2, 0xff, 0xe2, 0x0, 0x0, 0x0, 0x0, 0xb,
    0xfe, 0x20, 0x0, 0x0, 0x0, 0x0, 0x0, 0x0,
    0x0, 0x0, 0x0, 0x0, 0x1, 0x8d, 0xff, 0xd9,
    0x10, 0x0, 0x0, 0x4f, 0xff, 0xff, 0xff, 0xf4,
    0x0, 0x2, 0xff, 0xfb, 0x66, 0xbf, 0xff, 0x20,
    0xb, 0xff, 0x90, 0x0, 0x9, 0xff, 0x90, 0x1f,
    0xff, 0x0, 0x0, 0x1, 0xff, 0xe0, 0x4f, 0xff,
    0xff, 0xff, 0xff, 0xff, 0xf0, 0x5f, 0xff, 0xff,
    0xff, 0xff, 0xff, 0xf0, 0x4f, 0xfd, 0x33, 0x33,
    0x33, 0x33, 0x30, 0x1f, 0xff, 0x0, 0x0, 0x0,
    0x0, 0x0, 0xb, 0xff, 0x80, 0x0, 0x6, 0xff,
    0x80, 0x2, 0xff, 0xfb, 0x66, 0xaf, 0xfe, 0x10,
    0x0, 0x4e, 0xff, 0xff, 0xff, 0xf3, 0x0, 0x0,
    0x1, 0x8d, 0xff, 0xd9, 0x10, 0x0,

    /* U+00EA "ê" */
    0x0, 0x0, 0x1d, 0xff, 0xf3, 0x0, 0x0, 0x0,
    0x1, 0xdf, 0xca, 0xfe, 0x20, 0x0, 0x0, 0xc,
    0xfc, 0x0, 0xaf, 0xe1, 0x0, 0x0, 0x26, 0x60,
    0x0, 0x5, 0x63, 0x0, 0x0, 0x0, 0x0, 0x0,
    0x0, 0x0, 0x0, 0x0, 0x1, 0x8d, 0xff, 0xd9,
    0x10, 0x0, 0x0, 0x4f, 0xff, 0xff, 0xff, 0xf4,
    0x0, 0x2, 0xff, 0xfb, 0x66, 0xbf, 0xff, 0x20,
    0xb, 0xff, 0x90, 0x0, 0x9, 0xff, 0x90, 0x1f,
    0xff, 0x0, 0x0, 0x1, 0xff, 0xe0, 0x4f, 0xff,
    0xff, 0xff, 0xff, 0xff, 0xf0, 0x5f, 0xff, 0xff,
    0xff, 0xff, 0xff, 0xf0, 0x4f, 0xfd, 0x33, 0x33,
    0x33, 0x33, 0x30, 0x1f, 0xff, 0x0, 0x0, 0x0,
    0x0, 0x0, 0xb, 0xff, 0x80, 0x0, 0x6, 0xff,
    0x80, 0x2, 0xff, 0xfb, 0x66, 0xaf, 0xfe, 0x10,
    0x0, 0x4e, 0xff, 0xff, 0xff, 0xf3, 0x0, 0x0,
    0x1, 0x8d, 0xff, 0xd9, 0x10, 0x0,

    /* U+00EB "ë" */
    0x0, 0x5f, 0xff, 0x0, 0xcf, 0xf8, 0x0, 0x0,
    0x5f, 0xff, 0x0, 0xcf, 0xf8, 0x0, 0x0, 0x5f,
    0xff, 0x0, 0xcf, 0xf8, 0x0, 0x0, 0x28, 0x87,
    0x0, 0x68, 0x84, 0x0, 0x0, 0x0, 0x0, 0x0,
    0x0, 0x0, 0x0, 0x0, 0x1, 0x8d, 0xff, 0xd9,
    0x10, 0x0, 0x0, 0x4f, 0xff, 0xff, 0xff, 0xf4,
    0x0, 0x2, 0xff, 0xfb, 0x66, 0xbf, 0xff, 0x20,
    0xb, 0xff, 0x90, 0x0, 0x9, 0xff, 0x90, 0x1f,
    0xff, 0x0, 0x0, 0x1, 0xff, 0xe0, 0x4f, 0xff,
    0xff, 0xff, 0xff, 0xff, 0xf0, 0x5f, 0xff, 0xff,
    0xff, 0xff, 0xff, 0xf0, 0x4f, 0xfd, 0x33, 0x33,
    0x33, 0x33, 0x30, 0x1f, 0xff, 0x0, 0x0, 0x0,
    0x0, 0x0, 0xb, 0xff, 0x80, 0x0, 0x6, 0xff,
    0x80, 0x2, 0xff, 0xfb, 0x66, 0xaf, 0xfe, 0x10,
    0x0, 0x4e, 0xff, 0xff, 0xff, 0xf3, 0x0, 0x0,
    0x1, 0x8d, 0xff, 0xd9, 0x10, 0x0,

    /* U+00EC "ì" */
    0x1c, 0xff, 0xf2, 0x0, 0x1, 0xcf, 0xfb, 0x0,
    0x0, 0x1c, 0xff, 0x50, 0x0, 0x1, 0xcf, 0xd0,
    0x0, 0x0, 0x0, 0x0, 0x0, 0x6, 0xff, 0xa0,
    0x0, 0x6, 0xff, 0xa0, 0x0, 0x6, 0xff, 0xa0,
    0x0, 0x6, 0xff, 0xa0, 0x0, 0x6, 0xff, 0xa0,
    0x0, 0x6, 0xff, 0xa0, 0x0, 0x6, 0xff, 0xa0,
    0x0, 0x6, 0xff, 0xa0, 0x0, 0x6, 0xff, 0xa0,
    0x0, 0x6, 0xff, 0xa0, 0x0, 0x6, 0xff, 0xa0,
    0x0, 0x6, 0xff, 0xa0, 0x0, 0x6, 0xff, 0xa0,

    /* U+00ED "í" */
    0x0, 0xd, 0xff, 0xe3, 0x0, 0x8f, 0xfe, 0x30,
    0x2, 0xff, 0xe3, 0x0, 0xb, 0xfe, 0x30, 0x0,
    0x0, 0x0, 0x0, 0x0, 0x6, 0xff, 0xa0, 0x0,
    0x6, 0xff, 0xa0, 0x0, 0x6, 0xff, 0xa0, 0x0,
    0x6, 0xff, 0xa0, 0x0, 0x6, 0xff, 0xa0, 0x0,
    0x6, 0xff, 0xa0, 0x0, 0x6, 0xff, 0xa0, 0x0,
    0x6, 0xff, 0xa0, 0x0, 0x6, 0xff, 0xa0, 0x0,
    0x6, 0xff, 0xa0, 0x0, 0x6, 0xff, 0xa0, 0x0,
    0x6, 0xff, 0xa0, 0x0, 0x6, 0xff, 0xa0, 0x0,

    /* U+00EE "î" */
    0x0, 0x1d, 0xff, 0xf3, 0x0, 0x1, 0xdf, 0xb9,
    0xff, 0x30, 0x1d, 0xfa, 0x0, 0x8f, 0xf3, 0x13,
    0x30, 0x0, 0x2, 0x32, 0x0, 0x0, 0x0, 0x0,
    0x0, 0x0, 0x6, 0xff, 0xa0, 0x0, 0x0, 0x6,
    0xff, 0xa0, 0x0, 0x0, 0x6, 0xff, 0xa0, 0x0,
    0x0, 0x6, 0xff, 0xa0, 0x0, 0x0, 0x6, 0xff,
    0xa0, 0x0, 0x0, 0x6, 0xff, 0xa0, 0x0, 0x0,
    0x6, 0xff, 0xa0, 0x0, 0x0, 0x6, 0xff, 0xa0,
    0x0, 0x0, 0x6, 0xff, 0xa0, 0x0, 0x0, 0x6,
    0xff, 0xa0, 0x0, 0x0, 0x6, 0xff, 0xa0, 0x0,
    0x0, 0x6, 0xff, 0xa0, 0x0, 0x0, 0x6, 0xff,
    0xa0, 0x0,

    /* U+00EF "ï" */
    0x4f, 0xff, 0x0, 0xcf, 0xf8, 0x4f, 0xff, 0x0,
    0xcf, 0xf8, 0x4f, 0xff, 0x0, 0xcf, 0xf8, 0x28,
    0x87, 0x0, 0x68, 0x84, 0x0, 0x0, 0x0, 0x0,
    0x0, 0x0, 0x6, 0xff, 0xa0, 0x0, 0x0, 0x6,
    0xff, 0xa0, 0x0, 0x0, 0x6, 0xff, 0xa0, 0x0,
    0x0, 0x6, 0xff, 0xa0, 0x0, 0x0, 0x6, 0xff,
    0xa0, 0x0, 0x0, 0x6, 0xff, 0xa0, 0x0, 0x0,
    0x6, 0xff, 0xa0, 0x0, 0x0, 0x6, 0xff, 0xa0,
    0x0, 0x0, 0x6, 0xff, 0xa0, 0x0, 0x0, 0x6,
    0xff, 0xa0, 0x0, 0x0, 0x6, 0xff, 0xa0, 0x0,
    0x0, 0x6, 0xff, 0xa0, 0x0, 0x0, 0x6, 0xff,
    0xa0, 0x0,

    /* U+00F0 "ð" */
    0x0, 0x0, 0x0, 0x0, 0x0, 0x60, 0x0, 0x0,
    0xf, 0xfd, 0xa5, 0x5d, 0xf7, 0x0, 0x0, 0x3f,
    0xff, 0xff, 0xff, 0xc2, 0x0, 0x0, 0x13, 0x5d,
    0xff, 0xff, 0xc1, 0x0, 0x0, 0x0, 0xcf, 0xf8,
    0xaf, 0xfd, 0x0, 0x0, 0x0, 0x6b, 0x20, 0x9,
    0xff, 0x90, 0x0, 0x1, 0x8d, 0xff, 0xc5, 0xef,
    0xf1, 0x0, 0x3e, 0xff, 0xff, 0xff, 0xef, 0xf6,
    0x1, 0xef, 0xff, 0x98, 0xcf, 0xff, 0xfa, 0x9,
    0xff, 0xe2, 0x0, 0x7, 0xff, 0xfc, 0xf, 0xff,
    0x60, 0x0, 0x0, 0xcf, 0xfd, 0x2f, 0xff, 0x20,
    0x0, 0x0, 0x8f, 0xfd, 0x3f, 0xff, 0x10, 0x0,
    0x0, 0x7f, 0xfc, 0x2f, 0xff, 0x20, 0x0, 0x0,
    0x8f, 0xfa, 0xf, 0xff, 0x60, 0x0, 0x0, 0xdf,
    0xf5, 0x9, 0xff, 0xe2, 0x0, 0x9, 0xff, 0xe0,
    0x1, 0xef, 0xff, 0xa9, 0xdf, 0xff, 0x60, 0x0,
    0x3e, 0xff, 0xff, 0xff, 0xf8, 0x0, 0x0, 0x1,
    0x7d, 0xff, 0xea, 0x30, 0x0,

    /* U+00F1 "ñ" */
    0x0, 0x8, 0xef, 0xc6, 0x4, 0xfc, 0x0, 0x8,
    0xff, 0xff, 0xff, 0xff, 0x70, 0x0, 0xef, 0x53,
    0x9e, 0xff, 0xa0, 0x0, 0x2, 0x20, 0x0, 0x2,
    0x0, 0x0, 0x0, 0x0, 0x0, 0x0, 0x0, 0x0,
    0x6, 0xff, 0x90, 0x5c, 0xff, 0xc5, 0x0, 0x6f,
    0xf9, 0x9f, 0xff, 0xff, 0xf6, 0x6, 0xff, 0xef,
    0xe9, 0xaf, 0xff, 0xe0, 0x6f, 0xff, 0xa0, 0x0,
    0x3f, 0xff, 0x26, 0xff, 0xe0, 0x0, 0x0, 0xdf,
    0xf4, 0x6f, 0xfb, 0x0, 0x0, 0xc, 0xff, 0x46,
    0xff, 0xa0, 0x0, 0x0, 0xcf, 0xf4, 0x6f, 0xfa,
    0x0, 0x0, 0xc, 0xff, 0x46, 0xff, 0xa0, 0x0,
    0x0, 0xcf, 0xf4, 0x6f, 0xfa, 0x0, 0x0, 0xc,
    0xff, 0x46, 0xff, 0xa0, 0x0, 0x0, 0xcf, 0xf4,
    0x6f, 0xfa, 0x0, 0x0, 0xc, 0xff, 0x46, 0xff,
    0xa0, 0x0, 0x0, 0xcf, 0xf4,

    /* U+00F2 "ò" */
    0x0, 0xc, 0xff, 0xf2, 0x0, 0x0, 0x0, 0x0,
    0x0, 0xcf, 0xfc, 0x0, 0x0, 0x0, 0x0, 0x0,
    0xc, 0xff, 0x60, 0x0, 0x0, 0x0, 0x0, 0x0,
    0xcf, 0xe1, 0x0, 0x0, 0x0, 0x0, 0x0, 0x0,
    0x0, 0x0, 0x0, 0x0, 0x1, 0x8d, 0xff, 0xea,
    0x30, 0x0, 0x0, 0x4e, 0xff, 0xff, 0xff, 0xf8,
    0x0, 0x2, 0xff, 0xfe, 0x98, 0xcf, 0xff, 0x70,
    0xb, 0xff, 0xc1, 0x0, 0x8, 0xff, 0xf1, 0x1f,
    0xff, 0x20, 0x0, 0x0, 0xdf, 0xf7, 0x4f, 0xfe,
    0x0, 0x0, 0x0, 0x8f, 0xfa, 0x5f, 0xfc, 0x0,
    0x0, 0x0, 0x7f, 0xfb, 0x4f, 0xfe, 0x0, 0x0,
    0x0, 0x9f, 0xfa, 0x1f, 0xff, 0x30, 0x0, 0x0,
    0xdf, 0xf6, 0xb, 0xff, 0xd1, 0x0, 0x8, 0xff,
    0xf1, 0x2, 0xff, 0xfe, 0x99, 0xdf, 0xff, 0x60,
    0x0, 0x3e, 0xff, 0xff, 0xff, 0xf8, 0x0, 0x0,
    0x1, 0x8d, 0xff, 0xea, 0x30, 0x0,

    /* U+00F3 "ó" */
    0x0, 0x0, 0x0, 0xc, 0xff, 0xf3, 0x0, 0x0,
    0x0, 0x0, 0x7f, 0xff, 0x30, 0x0, 0x0, 0x0,
    0x1, 0xff, 0xf3, 0x0, 0x0, 0x0, 0x0, 0xa,
    0xfe, 0x30, 0x0, 0x0, 0x0, 0x0, 0x0, 0x0,
    0x0, 0x0, 0x0, 0x0, 0x1, 0x8d, 0xff, 0xea,
    0x30, 0x0, 0x0, 0x4e, 0xff, 0xff, 0xff, 0xf8,
    0x0, 0x2, 0xff, 0xfe, 0x98, 0xcf, 0xff, 0x70,
    0xb, 0xff, 0xc1, 0x0, 0x8, 0xff, 0xf1, 0x1f,
    0xff, 0x20, 0x0, 0x0, 0xdf, 0xf7, 0x4f, 0xfe,
    0x0, 0x0, 0x0, 0x8f, 0xfa, 0x5f, 0xfc, 0x0,
    0x0, 0x0, 0x7f, 0xfb, 0x4f, 0xfe, 0x0, 0x0,
    0x0, 0x9f, 0xfa, 0x1f, 0xff, 0x30, 0x0, 0x0,
    0xdf, 0xf6, 0xb, 0xff, 0xd1, 0x0, 0x8, 0xff,
    0xf1, 0x2, 0xff, 0xfe, 0x99, 0xdf, 0xff, 0x60,
    0x0, 0x3e, 0xff, 0xff, 0xff, 0xf8, 0x0, 0x0,
    0x1, 0x8d, 0xff, 0xea, 0x30, 0x0,

    /* U+00F4 "ô" */
    0x0, 0x0, 0x1d, 0xff, 0xf4, 0x0, 0x0, 0x0,
    0x0, 0xcf, 0xd9, 0xff, 0x30, 0x0, 0x0, 0xb,
    0xfd, 0x10, 0x9f, 0xe2, 0x0, 0x0, 0x26, 0x61,
    0x0, 0x5, 0x64, 0x0, 0x0, 0x0, 0x0, 0x0,
    0x0, 0x0, 0x0, 0x0, 0x1, 0x8d, 0xff, 0xea,
    0x30, 0x0, 0x0, 0x4e, 0xff, 0xff, 0xff, 0xf8,
    0x0, 0x2, 0xff, 0xfe, 0x98, 0xcf, 0xff, 0x70,
    0xb, 0xff, 0xc1, 0x0, 0x8, 0xff, 0xf1, 0x1f,
    0xff, 0x20, 0x0, 0x0, 0xdf, 0xf7, 0x4f, 0xfe,
    0x0, 0x0, 0x0, 0x8f, 0xfa, 0x5f, 0xfc, 0x0,
    0x0, 0x0, 0x7f, 0xfb, 0x4f, 0xfe, 0x0, 0x0,
    0x0, 0x9f, 0xfa, 0x1f, 0xff, 0x30, 0x0, 0x0,
    0xdf, 0xf6, 0xb, 0xff, 0xd1, 0x0, 0x8, 0xff,
    0xf1, 0x2, 0xff, 0xfe, 0x99, 0xdf, 0xff, 0x60,
    0x0, 0x3e, 0xff, 0xff, 0xff, 0xf8, 0x0, 0x0,
    0x1, 0x8d, 0xff, 0xea, 0x30, 0x0,

    /* U+00F5 "õ" */
    0x0, 0x6, 0xef, 0xe9, 0x33, 0xff, 0x0, 0x0,
    0x5f, 0xff, 0xff, 0xff, 0xfa, 0x0, 0x0, 0xbf,
    0x73, 0x6c, 0xff, 0xa0, 0x0, 0x0, 0x0, 0x0,
    0x0, 0x0, 0x0, 0x0, 0x0, 0x0, 0x0, 0x0,
    0x0, 0x0, 0x0, 0x0, 0x1, 0x8d, 0xff, 0xea,
    0x30, 0x0, 0x0, 0x4e, 0xff, 0xff, 0xff, 0xf8,
    0x0, 0x2, 0xff, 0xfe, 0x98, 0xcf, 0xff, 0x70,
    0xb, 0xff, 0xc1, 0x0, 0x8, 0xff, 0xf1, 0x1f,
    0xff, 0x20, 0x0, 0x0, 0xdf, 0xf7, 0x4f, 0xfe,
    0x0, 0x0, 0x0, 0x8f, 0xfa, 0x5f, 0xfc, 0x0,
    0x0, 0x0, 0x7f, 0xfb, 0x4f, 0xfe, 0x0, 0x0,
    0x0, 0x9f, 0xfa, 0x1f, 0xff, 0x30, 0x0, 0x0,
    0xdf, 0xf6, 0xb, 0xff, 0xd1, 0x0, 0x8, 0xff,
    0xf1, 0x2, 0xff, 0xfe, 0x99, 0xdf, 0xff, 0x60,
    0x0, 0x3e, 0xff, 0xff, 0xff, 0xf8, 0x0, 0x0,
    0x1, 0x8d, 0xff, 0xea, 0x30, 0x0,

    /* U+00F6 "ö" */
    0x0, 0x3f, 0xff, 0x0, 0xbf, 0xf9, 0x0, 0x0,
    0x3f, 0xff, 0x0, 0xbf, 0xf9, 0x0, 0x0, 0x3f,
    0xff, 0x0, 0xbf, 0xf9, 0x0, 0x0, 0x18, 0x88,
    0x0, 0x58, 0x84, 0x0, 0x0, 0x0, 0x0, 0x0,
    0x0, 0x0, 0x0, 0x0, 0x1, 0x8d, 0xff, 0xea,
    0x30, 0x0, 0x0, 0x4e, 0xff, 0xff, 0xff, 0xf8,
    0x0, 0x2, 0xff, 0xfe, 0x98, 0xcf, 0xff, 0x70,
    0xb, 0xff, 0xc1, 0x0, 0x8, 0xff, 0xf1, 0x1f,
    0xff, 0x20, 0x0, 0x0, 0xdf, 0xf7, 0x4f, 0xfe,
    0x0, 0x0, 0x0, 0x8f, 0xfa, 0x5f, 0xfc, 0x0,
    0x0, 0x0, 0x7f, 0xfb, 0x4f, 0xfe, 0x0, 0x0,
    0x0, 0x9f, 0xfa, 0x1f, 0xff, 0x30, 0x0, 0x0,
    0xdf, 0xf6, 0xb, 0xff, 0xd1, 0x0, 0x8, 0xff,
    0xf1, 0x2, 0xff, 0xfe, 0x99, 0xdf, 0xff, 0x60,
    0x0, 0x3e, 0xff, 0xff, 0xff, 0xf8, 0x0, 0x0,
    0x1, 0x8d, 0xff, 0xea, 0x30, 0x0,

    /* U+00F7 "÷" */
    0x0, 0x0, 0x16, 0x20, 0x0, 0x0, 0x0, 0xe,
    0xfe, 0x0, 0x0, 0x0, 0x1, 0xff, 0xf2, 0x0,
    0x0, 0x0, 0x9, 0xfa, 0x0, 0x0, 0x0, 0x0,
    0x0, 0x0, 0x0, 0x4, 0x55, 0x55, 0x55, 0x55,
    0x54, 0xbf, 0xff, 0xff, 0xff, 0xff, 0xcb, 0xff,
    0xff, 0xff, 0xff, 0xfc, 0x0, 0x0, 0x0, 0x0,
    0x0, 0x0, 0x0, 0x1, 0x62, 0x0, 0x0, 0x0,
    0x0, 0xef, 0xe0, 0x0, 0x0, 0x0, 0x1f, 0xff,
    0x20, 0x0, 0x0, 0x0, 0x9f, 0xa0, 0x0, 0x0,

    /* U+00F8 "ø" */
    0x0, 0x0, 0x0, 0x0, 0x0, 0x0, 0x0, 0x0,
    0x1, 0x8d, 0xff, 0xea, 0x36, 0xb0, 0x0, 0x4e,
    0xff, 0xff, 0xff, 0xff, 0xf5, 0x2, 0xff, 0xfd,
    0x87, 0xbf, 0xff, 0xb0, 0xb, 0xff, 0xb0, 0x0,
    0x5f, 0xff, 0xf1, 0x1f, 0xff, 0x10, 0x5, 0xff,
    0xff, 0xf7, 0x4f, 0xfc, 0x0, 0x5f, 0xf9, 0x7f,
    0xfa, 0x5f, 0xfb, 0x4, 0xff, 0x90, 0x6f, 0xfb,
    0x4f, 0xfd, 0x4f, 0xfa, 0x0, 0x7f, 0xfa, 0x1f,
    0xff, 0xff, 0xa0, 0x0, 0xcf, 0xf6, 0xb, 0xff,
    0xfa, 0x0, 0x7, 0xff, 0xf1, 0x6, 0xff, 0xfd,
    0x87, 0xbf, 0xff, 0x60, 0x1f, 0xff, 0xff, 0xff,
    0xff, 0xf8, 0x0, 0x6, 0xb1, 0x8d, 0xff, 0xea,
    0x30, 0x0, 0x0, 0x0, 0x0, 0x0, 0x0, 0x0,
    0x0,

    /* U+00F9 "ù" */
    0x0, 0xbf, 0xff, 0x40, 0x0, 0x0, 0x0, 0xb,
    0xff, 0xd0, 0x0, 0x0, 0x0, 0x0, 0xbf, 0xf8,
    0x0, 0x0, 0x0, 0x0, 0xb, 0xfe, 0x20, 0x0,
    0x0, 0x0, 0x0, 0x0, 0x0, 0x0, 0x8f, 0xf7,
    0x0, 0x0, 0x2f, 0xfe, 0x8f, 0xf7, 0x0, 0x0,
    0x2f, 0xfe, 0x8f, 0xf7, 0x0, 0x0, 0x2f, 0xfe,
    0x8f, 0xf7, 0x0, 0x0, 0x2f, 0xfe, 0x8f, 0xf7,
    0x0, 0x0, 0x2f, 0xfe, 0x8f, 0xf7, 0x0, 0x0,
    0x2f, 0xfe, 0x8f, 0xf7, 0x0, 0x0, 0x2f, 0xfe,
    0x8f, 0xf7, 0x0, 0x0, 0x3f, 0xfe, 0x8f, 0xf8,
    0x0, 0x0, 0x7f, 0xfe, 0x7f, 0xfd, 0x0, 0x3,
    0xff, 0xfe, 0x3f, 0xff, 0xd9, 0xbf, 0xef, 0xfe,
    0xa, 0xff, 0xff, 0xfe, 0x3f, 0xfe, 0x0, 0x7e,
    0xfe, 0x91, 0x1f, 0xfe,

    /* U+00FA "ú" */
    0x0, 0x0, 0x0, 0xbf, 0xff, 0x40, 0x0, 0x0,
    0x5, 0xff, 0xf4, 0x0, 0x0, 0x0, 0x1e, 0xff,
    0x40, 0x0, 0x0, 0x0, 0x9f, 0xe4, 0x0, 0x0,
    0x0, 0x0, 0x0, 0x0, 0x0, 0x0, 0x8f, 0xf7,
    0x0, 0x0, 0x2f, 0xfe, 0x8f, 0xf7, 0x0, 0x0,
    0x2f, 0xfe, 0x8f, 0xf7, 0x0, 0x0, 0x2f, 0xfe,
    0x8f, 0xf7, 0x0, 0x0, 0x2f, 0xfe, 0x8f, 0xf7,
    0x0, 0x0, 0x2f, 0xfe, 0x8f, 0xf7, 0x0, 0x0,
    0x2f, 0xfe, 0x8f, 0xf7, 0x0, 0x0, 0x2f, 0xfe,
    0x8f, 0xf7, 0x0, 0x0, 0x3f, 0xfe, 0x8f, 0xf8,
    0x0, 0x0, 0x7f, 0xfe, 0x7f, 0xfd, 0x0, 0x3,
    0xff, 0xfe, 0x3f, 0xff, 0xd9, 0xbf, 0xef, 0xfe,
    0xa, 0xff, 0xff, 0xfe, 0x3f, 0xfe, 0x0, 0x7e,
    0xfe, 0x91, 0x1f, 0xfe,

    /* U+00FB "û" */
    0x0, 0x0, 0xcf, 0xff, 0x50, 0x0, 0x0, 0xc,
    0xfd, 0x8f, 0xf5, 0x0, 0x0, 0xcf, 0xc1, 0x5,
    0xff, 0x50, 0x1, 0x33, 0x0, 0x0, 0x23, 0x20,
    0x0, 0x0, 0x0, 0x0, 0x0, 0x0, 0x8f, 0xf7,
    0x0, 0x0, 0x2f, 0xfe, 0x8f, 0xf7, 0x0, 0x0,
    0x2f, 0xfe, 0x8f, 0xf7, 0x0, 0x0, 0x2f, 0xfe,
    0x8f, 0xf7, 0x0, 0x0, 0x2f, 0xfe, 0x8f, 0xf7,
    0x0, 0x0, 0x2f, 0xfe, 0x8f, 0xf7, 0x0, 0x0,
    0x2f, 0xfe, 0x8f, 0xf7, 0x0, 0x0, 0x2f, 0xfe,
    0x8f, 0xf7, 0x0, 0x0, 0x3f, 0xfe, 0x8f, 0xf8,
    0x0, 0x0, 0x7f, 0xfe, 0x7f, 0xfd, 0x0, 0x3,
    0xff, 0xfe, 0x3f, 0xff, 0xd9, 0xbf, 0xef, 0xfe,
    0xa, 0xff, 0xff, 0xfe, 0x3f, 0xfe, 0x0, 0x7e,
    0xfe, 0x91, 0x1f, 0xfe,

    /* U+00FC "ü" */
    0x2, 0xff, 0xf2, 0xa, 0xff, 0xa0, 0x2, 0xff,
    0xf2, 0xa, 0xff, 0xa0, 0x2, 0xff, 0xf2, 0xa,
    0xff, 0xa0, 0x1, 0x88, 0x81, 0x5, 0x88, 0x50,
    0x0, 0x0, 0x0, 0x0, 0x0, 0x0, 0x8f, 0xf7,
    0x0, 0x0, 0x2f, 0xfe, 0x8f, 0xf7, 0x0, 0x0,
    0x2f, 0xfe, 0x8f, 0xf7, 0x0, 0x0, 0x2f, 0xfe,
    0x8f, 0xf7, 0x0, 0x0, 0x2f, 0xfe, 0x8f, 0xf7,
    0x0, 0x0, 0x2f, 0xfe, 0x8f, 0xf7, 0x0, 0x0,
    0x2f, 0xfe, 0x8f, 0xf7, 0x0, 0x0, 0x2f, 0xfe,
    0x8f, 0xf7, 0x0, 0x0, 0x3f, 0xfe, 0x8f, 0xf8,
    0x0, 0x0, 0x7f, 0xfe, 0x7f, 0xfd, 0x0, 0x3,
    0xff, 0xfe, 0x3f, 0xff, 0xd9, 0xbf, 0xef, 0xfe,
    0xa, 0xff, 0xff, 0xfe, 0x3f, 0xfe, 0x0, 0x7e,
    0xfe, 0x91, 0x1f, 0xfe,

    /* U+00FD "ý" */
    0x0, 0x0, 0x0, 0x8f, 0xff, 0x70, 0x0, 0x0,
    0x0, 0x2f, 0xff, 0x70, 0x0, 0x0, 0x0, 0xc,
    0xff, 0x70, 0x0, 0x0, 0x0, 0x6, 0xff, 0x70,
    0x0, 0x0, 0x0, 0x0, 0x0, 0x0, 0x0, 0x0,
    0xa, 0xff, 0x90, 0x0, 0x0, 0xaf, 0xf9, 0x4f,
    0xfe, 0x0, 0x0, 0xf, 0xff, 0x20, 0xef, 0xf4,
    0x0, 0x5, 0xff, 0xc0, 0x8, 0xff, 0xa0, 0x0,
    0xbf, 0xf5, 0x0, 0x2f, 0xff, 0x0, 0x1f, 0xfe,
    0x0, 0x0, 0xbf, 0xf6, 0x6, 0xff, 0x80, 0x0,
    0x5, 0xff, 0xc0, 0xcf, 0xf2, 0x0, 0x0, 0xe,
    0xff, 0x4f, 0xfb, 0x0, 0x0, 0x0, 0x8f, 0xfe,
    0xff, 0x50, 0x0, 0x0, 0x2, 0xff, 0xff, 0xe0,
    0x0, 0x0, 0x0, 0xc, 0xff, 0xf8, 0x0, 0x0,
    0x0, 0x0, 0x6f, 0xff, 0x10, 0x0, 0x0, 0x0,
    0x5, 0xff, 0xb0, 0x0, 0x0, 0x0, 0x0, 0xbf,
    0xf4, 0x0, 0x0, 0x0, 0x0, 0x2f, 0xfd, 0x0,
    0x0, 0x0, 0x0, 0x8, 0xff, 0x70, 0x0, 0x0,
    0x0, 0x0, 0xff, 0xf1, 0x0, 0x0, 0x0, 0x0,
    0x6f, 0xfa, 0x0, 0x0, 0x0, 0x0,

    /* U+00FE "þ" */
    0x6f, 0xfa, 0x0, 0x0, 0x0, 0x0, 0x0, 0x6f,
    0xfa, 0x0, 0x0, 0x0, 0x0, 0x0, 0x6f, 0xfa,
    0x0, 0x0, 0x0, 0x0, 0x0, 0x6f, 0xfa, 0x0,
    0x0, 0x0, 0x0, 0x0, 0x6f, 0xfa, 0x0, 0x0,
    0x0, 0x0, 0x0, 0x6f, 0xfa, 0x8, 0xdf, 0xfb,
    0x40, 0x0, 0x6f, 0xfa, 0xdf, 0xff, 0xff, 0xf7,
    0x0, 0x6f, 0xff, 0xfd, 0x9a, 0xff, 0xff, 0x30,
    0x6f, 0xff, 0x90, 0x0, 0x1d, 0xff, 0xb0, 0x6f,
    0xfe, 0x0, 0x0, 0x5, 0xff, 0xf0, 0x6f, 0xfa,
    0x0, 0x0, 0x1, 0xff, 0xf2, 0x6f, 0xf9, 0x0,
    0x0, 0x0, 0xff, 0xf2, 0x6f, 0xfa, 0x0, 0x0,
    0x1, 0xff, 0xf1, 0x6f, 0xfe, 0x0, 0x0, 0x5,
    0xff, 0xf0, 0x6f, 0xff, 0x90, 0x0, 0x1e, 0xff,
    0xa0, 0x6f, 0xff, 0xfd, 0x9a, 0xff, 0xff, 0x20,
    0x6f, 0xfa, 0xdf, 0xff, 0xff, 0xf5, 0x0, 0x6f,
    0xfa, 0x19, 0xef, 0xea, 0x30, 0x0, 0x6f, 0xfa,
    0x0, 0x0, 0x0, 0x0, 0x0, 0x6f, 0xfa, 0x0,
    0x0, 0x0, 0x0, 0x0, 0x6f, 0xfa, 0x0, 0x0,
    0x0, 0x0, 0x0, 0x6f, 0xfa, 0x0, 0x0, 0x0,
    0x0, 0x0, 0x6f, 0xfa, 0x0, 0x0, 0x0, 0x0,
    0x0,

    /* U+00FF "ÿ" */
    0x0, 0xff, 0xf5, 0x7, 0xff, 0xd0, 0x0, 0xf,
    0xff, 0x50, 0x7f, 0xfd, 0x0, 0x0, 0xff, 0xf5,
    0x7, 0xff, 0xd0, 0x0, 0x7, 0x88, 0x20, 0x38,
    0x86, 0x0, 0x0, 0x0, 0x0, 0x0, 0x0, 0x0,
    0xa, 0xff, 0x90, 0x0, 0x0, 0xaf, 0xf9, 0x4f,
    0xfe, 0x0, 0x0, 0xf, 0xff, 0x20, 0xef, 0xf4,
    0x0, 0x5, 0xff, 0xc0, 0x8, 0xff, 0xa0, 0x0,
    0xbf, 0xf5, 0x0, 0x2f, 0xff, 0x0, 0x1f, 0xfe,
    0x0, 0x0, 0xbf, 0xf6, 0x6, 0xff, 0x80, 0x0,
    0x5, 0xff, 0xc0, 0xcf, 0xf2, 0x0, 0x0, 0xe,
    0xff, 0x4f, 0xfb, 0x0, 0x0, 0x0, 0x8f, 0xfe,
    0xff, 0x50, 0x0, 0x0, 0x2, 0xff, 0xff, 0xe0,
    0x0, 0x0, 0x0, 0xc, 0xff, 0xf8, 0x0, 0x0,
    0x0, 0x0, 0x6f, 0xff, 0x10, 0x0, 0x0, 0x0,
    0x5, 0xff, 0xb0, 0x0, 0x0, 0x0, 0x0, 0xbf,
    0xf4, 0x0, 0x0, 0x0, 0x0, 0x2f, 0xfd, 0x0,
    0x0, 0x0, 0x0, 0x8, 0xff, 0x70, 0x0, 0x0,
    0x0, 0x0, 0xff, 0xf1, 0x0, 0x0, 0x0, 0x0,
    0x6f, 0xfa, 0x0, 0x0, 0x0, 0x0,

    /* U+0100 "Ā" */
    0x0, 0x0, 0x24, 0x44, 0x44, 0x44, 0x40, 0x0,
    0x0, 0x0, 0x8, 0xff, 0xff, 0xff, 0xff, 0x10,
    0x0, 0x0, 0x0, 0x8f, 0xff, 0xff, 0xff, 0xf1,
    0x0, 0x0, 0x0, 0x0, 0x0, 0x0, 0x0, 0x0,
    0x0, 0x0, 0x0, 0x0, 0x0, 0x0, 0x0, 0x0,
    0x0, 0x0, 0x0, 0x0, 0x0, 0x0, 0x0, 0x0,
    0x0, 0x0, 0x0, 0x0, 0x0, 0x0, 0x2f, 0xff,
    0xc0, 0x0, 0x0, 0x0, 0x0, 0x0, 0x7, 0xff,
    0xff, 0x10, 0x0, 0x0, 0x0, 0x0, 0x0, 0xdf,
    0xff, 0xf7, 0x0, 0x0, 0x0, 0x0, 0x0, 0x3f,
    0xfa, 0xff, 0xc0, 0x0, 0x0, 0x0, 0x0, 0x8,
    0xff, 0x3c, 0xff, 0x20, 0x0, 0x0, 0x0, 0x0,
    0xef, 0xe0, 0x6f, 0xf8, 0x0, 0x0, 0x0, 0x0,
    0x4f, 0xf9, 0x1, 0xff, 0xd0, 0x0, 0x0, 0x0,
    0x9, 0xff, 0x30, 0xc, 0xff, 0x30, 0x0, 0x0,
    0x0, 0xff, 0xe0, 0x0, 0x7f, 0xf9, 0x0, 0x0,
    0x0, 0x5f, 0xf9, 0x0, 0x1, 0xff, 0xe0, 0x0,
    0x0, 0xa, 0xff, 0x30, 0x0, 0xc, 0xff, 0x40,
    0x0, 0x1, 0xff, 0xff, 0xff, 0xff, 0xff, 0xfa,
    0x0, 0x0, 0x6f, 0xff, 0xff, 0xff, 0xff, 0xff,
    0xf0, 0x0, 0xb, 0xff, 0xa9, 0x99, 0x99, 0x9e,
    0xff, 0x50, 0x1, 0xff, 0xe0, 0x0, 0x0, 0x0,
    0x7f, 0xfb, 0x0, 0x7f, 0xf9, 0x0, 0x0, 0x0,
    0x2, 0xff, 0xf1, 0xc, 0xff, 0x30, 0x0, 0x0,
    0x0, 0xc, 0xff, 0x62, 0xff, 0xe0, 0x0, 0x0,
    0x0, 0x0, 0x7f, 0xfb,

    /* U+0101 "ā" */
    0x0, 0x7f, 0xff, 0xff, 0xff, 0xf2, 0x0, 0x7,
    0xff, 0xff, 0xff, 0xff, 0x20, 0x0, 0x24, 0x44,
    0x44, 0x44, 0x40, 0x0, 0x0, 0x0, 0x0, 0x0,
    0x0, 0x0, 0x0, 0x0, 0x0, 0x0, 0x0, 0x0,
    0x0, 0x0, 0x4a, 0xef, 0xfd, 0x80, 0x0, 0x0,
    0x7f, 0xff, 0xff, 0xff, 0xd0, 0x0, 0x3f, 0xff,
    0x96, 0x7e, 0xff, 0x80, 0x8, 0xff, 0x60, 0x0,
    0x4f, 0xfd, 0x0, 0x0, 0x0, 0x0, 0x1, 0xff,
    0xe0, 0x0, 0x0, 0x48, 0xad, 0xff, 0xfe, 0x0,
    0x6, 0xef, 0xff, 0xff, 0xff, 0xe0, 0x6, 0xff,
    0xe7, 0x41, 0x1f, 0xfe, 0x0, 0xef, 0xf2, 0x0,
    0x2, 0xff, 0xe0, 0xf, 0xff, 0x10, 0x0, 0x8f,
    0xfe, 0x0, 0xef, 0xfc, 0x77, 0xcf, 0xff, 0xe0,
    0x7, 0xff, 0xff, 0xff, 0x8f, 0xff, 0x0, 0x5,
    0xcf, 0xfc, 0x50, 0xdf, 0xf2,

    /* U+0102 "Ă" */
    0x0, 0x0, 0x28, 0x60, 0x0, 0x28, 0x70, 0x0,
    0x0, 0x0, 0x2, 0xff, 0x50, 0x1a, 0xfc, 0x0,
    0x0, 0x0, 0x0, 0xb, 0xff, 0xff, 0xff, 0x50,
    0x0, 0x0, 0x0, 0x0, 0x1a, 0xff, 0xff, 0x60,
    0x0, 0x0, 0x0, 0x0, 0x0, 0x1, 0x43, 0x0,
    0x0, 0x0, 0x0, 0x0, 0x0, 0x0, 0x0, 0x0,
    0x0, 0x0, 0x0, 0x0, 0x0, 0x0, 0x2f, 0xff,
    0xc0, 0x0, 0x0, 0x0, 0x0, 0x0, 0x7, 0xff,
    0xff, 0x10, 0x0, 0x0, 0x0, 0x0, 0x0, 0xdf,
    0xff, 0xf7, 0x0, 0x0, 0x0, 0x0, 0x0, 0x3f,
    0xfa, 0xff, 0xc0, 0x0, 0x0, 0x0, 0x0, 0x8,
    0xff, 0x3c, 0xff, 0x20, 0x0, 0x0, 0x0, 0x0,
    0xef, 0xe0, 0x6f, 0xf8, 0x0, 0x0, 0x0, 0x0,
    0x4f, 0xf9, 0x1, 0xff, 0xd0, 0x0, 0x0, 0x0,
    0x9, 0xff, 0x30, 0xc, 0xff, 0x30, 0x0, 0x0,
    0x0, 0xff, 0xe0, 0x0, 0x7f, 0xf9, 0x0, 0x0,
    0x0, 0x5f, 0xf9, 0x0, 0x1, 0xff, 0xe0, 0x0,
    0x0, 0xa, 0xff, 0x30, 0x0, 0xc, 0xff, 0x40,
    0x0, 0x1, 0xff, 0xff, 0xff, 0xff, 0xff, 0xfa,
    0x0, 0x0, 0x6f, 0xff, 0xff, 0xff, 0xff, 0xff,
    0xf0, 0x0, 0xb, 0xff, 0xa9, 0x99, 0x99, 0x9e,
    0xff, 0x50, 0x1, 0xff, 0xe0, 0x0, 0x0, 0x0,
    0x7f, 0xfb, 0x0, 0x7f, 0xf9, 0x0, 0x0, 0x0,
    0x2, 0xff, 0xf1, 0xc, 0xff, 0x30, 0x0, 0x0,
    0x0, 0xc, 0xff, 0x62, 0xff, 0xe0, 0x0, 0x0,
    0x0, 0x0, 0x7f, 0xfb,

    /* U+0103 "ă" */
    0x0, 0x3f, 0xf3, 0x0, 0x7f, 0xe0, 0x0, 0x0,
    0xdf, 0xff, 0xff, 0xf8, 0x0, 0x0, 0x1, 0xbf,
    0xff, 0xf8, 0x0, 0x0, 0x0, 0x0, 0x14, 0x30,
    0x0, 0x0, 0x0, 0x0, 0x0, 0x0, 0x0, 0x0,
    0x0, 0x0, 0x2a, 0xef, 0xfd, 0x80, 0x0, 0x0,
    0x5f, 0xff, 0xff, 0xff, 0xd0, 0x0, 0x1f, 0xff,
    0xa6, 0x7e, 0xff, 0x80, 0x7, 0xff, 0x90, 0x0,
    0x4f, 0xfd, 0x0, 0x57, 0x72, 0x0, 0x1, 0xff,
    0xe0, 0x0, 0x0, 0x1, 0x36, 0x9f, 0xfe, 0x0,
    0x1, 0x8d, 0xff, 0xff, 0xff, 0xe0, 0x3, 0xef,
    0xfb, 0x86, 0x5f, 0xfe, 0x0, 0xdf, 0xf4, 0x0,
    0x2, 0xff, 0xe0, 0xf, 0xff, 0x0, 0x0, 0x7f,
    0xfe, 0x0, 0xff, 0xfc, 0x77, 0xbf, 0xff, 0xe0,
    0x7, 0xff, 0xff, 0xff, 0x9f, 0xff, 0x0, 0x6,
    0xcf, 0xfc, 0x60, 0xdf, 0xf2,

    /* U+0104 "Ą" */
    0x0, 0x0, 0x0, 0x2f, 0xff, 0xc0, 0x0, 0x0,
    0x0, 0x0, 0x0, 0x0, 0x7f, 0xff, 0xf1, 0x0,
    0x0, 0x0, 0x0, 0x0, 0x0, 0xdf, 0xff, 0xf7,
    0x0, 0x0, 0x0, 0x0, 0x0, 0x3, 0xff, 0xaf,
    0xfc, 0x0, 0x0, 0x0, 0x0, 0x0, 0x8, 0xff,
    0x3c, 0xff, 0x20, 0x0, 0x0, 0x0, 0x0, 0xe,
    0xfe, 0x6, 0xff, 0x80, 0x0, 0x0, 0x0, 0x0,
    0x4f, 0xf9, 0x1, 0xff, 0xd0, 0x0, 0x0, 0x0,
    0x0, 0x9f, 0xf3, 0x0, 0xcf, 0xf3, 0x0, 0x0,
    0x0, 0x0, 0xff, 0xe0, 0x0, 0x7f, 0xf9, 0x0,
    0x0, 0x0, 0x5, 0xff, 0x90, 0x0, 0x1f, 0xfe,
    0x0, 0x0, 0x0, 0xa, 0xff, 0xb9, 0x99, 0x9f,
    0xff, 0x40, 0x0, 0x0, 0x1f, 0xff, 0xff, 0xff,
    0xff, 0xff, 0xa0, 0x0, 0x0, 0x6f, 0xff, 0xff,
    0xff, 0xff, 0xff, 0xf0, 0x0, 0x0, 0xbf, 0xf3,
    0x0, 0x0, 0x0, 0xcf, 0xf5, 0x0, 0x1, 0xff,
    0xe0, 0x0, 0x0, 0x0, 0x7f, 0xfb, 0x0, 0x7,
    0xff, 0x90, 0x0, 0x0, 0x0, 0x2f, 0xff, 0x10,
    0xc, 0xff, 0x30, 0x0, 0x0, 0x0, 0xc, 0xff,
    0x60, 0x2f, 0xfe, 0x0, 0x0, 0x0, 0x0, 0x7,
    0xff, 0xc0, 0x0, 0x0, 0x0, 0x0, 0x0, 0x0,
    0x0, 0xaf, 0x50, 0x0, 0x0, 0x0, 0x0, 0x0,
    0x0, 0xb, 0xf3, 0x0, 0x0, 0x0, 0x0, 0x0,
    0x0, 0x0, 0x3f, 0xd0, 0x0, 0x0, 0x0, 0x0,
    0x0, 0x0, 0x0, 0x3f, 0xfb, 0xa0, 0x0, 0x0,
    0x0, 0x0, 0x0, 0x0, 0x8, 0xef, 0xc0,

    /* U+0105 "ą" */
    0x0, 0x4, 0xae, 0xff, 0xd8, 0x0, 0x0, 0x7,
    0xff, 0xff, 0xff, 0xfd, 0x0, 0x3, 0xff, 0xf9,
    0x67, 0xef, 0xf8, 0x0, 0x8f, 0xf6, 0x0, 0x4,
    0xff, 0xd0, 0x0, 0x0, 0x0, 0x0, 0x1f, 0xfe,
    0x0, 0x0, 0x4, 0x8a, 0xdf, 0xff, 0xe0, 0x0,
    0x6e, 0xff, 0xff, 0xff, 0xfe, 0x0, 0x6f, 0xfe,
    0x74, 0x11, 0xff, 0xe0, 0xe, 0xff, 0x20, 0x0,
    0x2f, 0xfe, 0x0, 0xff, 0xf1, 0x0, 0x8, 0xff,
    0xe0, 0xe, 0xff, 0xc7, 0x7c, 0xff, 0xfe, 0x0,
    0x7f, 0xff, 0xff, 0xf8, 0xff, 0xf0, 0x0, 0x5c,
    0xff, 0xc5, 0xd, 0xff, 0x20, 0x0, 0x0, 0x0,
    0x0, 0x5f, 0x90, 0x0, 0x0, 0x0, 0x0, 0x5f,
    0x90, 0x0, 0x0, 0x0, 0x0, 0xd, 0xf3, 0x0,
    0x0, 0x0, 0x0, 0x0, 0xdf, 0xdd, 0x10, 0x0,
    0x0, 0x0, 0x3, 0xdf, 0xe4,

    /* U+0106 "Ć" */
    0x0, 0x0, 0x0, 0x0, 0xb, 0xff, 0xf4, 0x0,
    0x0, 0x0, 0x0, 0x0, 0x0, 0x5f, 0xff, 0x40,
    0x0, 0x0, 0x0, 0x0, 0x0, 0x1, 0xef, 0xf4,
    0x0, 0x0, 0x0, 0x0, 0x0, 0x0, 0x8, 0xee,
    0x40, 0x0, 0x0, 0x0, 0x0, 0x0, 0x0, 0x0,
    0x0, 0x0, 0x0, 0x0, 0x0, 0x0, 0x0, 0x0,
    0x0, 0x0, 0x0, 0x0, 0x0, 0x0, 0x0, 0x0,
    0x2, 0x8c, 0xff, 0xeb, 0x60, 0x0, 0x0, 0x0,
    0x0, 0x8f, 0xff, 0xff, 0xff, 0xfe, 0x40, 0x0,
    0x0, 0xa, 0xff, 0xff, 0xba, 0xcf, 0xff, 0xf4,
    0x0, 0x0, 0x8f, 0xff, 0x80, 0x0, 0x1, 0xbf,
    0xfe, 0x10, 0x2, 0xff, 0xf6, 0x0, 0x0, 0x0,
    0xc, 0xff, 0x80, 0x8, 0xff, 0xc0, 0x0, 0x0,
    0x0, 0x4, 0xff, 0xe0, 0xd, 0xff, 0x60, 0x0,
    0x0, 0x0, 0x0, 0xbb, 0xb0, 0xf, 0xff, 0x20,
    0x0, 0x0, 0x0, 0x0, 0x0, 0x0, 0x1f, 0xff,
    0x10, 0x0, 0x0, 0x0, 0x0, 0x0, 0x0, 0x1f,
    0xff, 0x10, 0x0, 0x0, 0x0, 0x0, 0x0, 0x0,
    0xf, 0xff, 0x30, 0x0, 0x0, 0x0, 0x0, 0x0,
    0x0, 0xc, 0xff, 0x60, 0x0, 0x0, 0x0, 0x0,
    0xaa, 0xa1, 0x8, 0xff, 0xd0, 0x0, 0x0, 0x0,
    0x4, 0xff, 0xe0, 0x1, 0xff, 0xf7, 0x0, 0x0,
    0x0, 0xc, 0xff, 0x90, 0x0, 0x7f, 0xff, 0x80,
    0x0, 0x1, 0xbf, 0xff, 0x10, 0x0, 0xa, 0xff,
    0xff, 0xba, 0xcf, 0xff, 0xf4, 0x0, 0x0, 0x0,
    0x7f, 0xff, 0xff, 0xff, 0xfe, 0x40, 0x0, 0x0,
    0x0, 0x1, 0x8c, 0xff, 0xeb, 0x70, 0x0, 0x0,

    /* U+0107 "ć" */
    0x0, 0x0, 0x0, 0x1e, 0xff, 0xd1, 0x0, 0x0,
    0x0, 0xa, 0xff, 0xd1, 0x0, 0x0, 0x0, 0x4,
    0xff, 0xd1, 0x0, 0x0, 0x0, 0x0, 0xcf, 0xd1,
    0x0, 0x0, 0x0, 0x0, 0x0, 0x0, 0x0, 0x0,
    0x0, 0x0, 0x18, 0xdf, 0xfc, 0x70, 0x0, 0x0,
    0x4f, 0xff, 0xff, 0xff, 0xd2, 0x0, 0x2f, 0xff,
    0xd9, 0x9e, 0xff, 0xd0, 0xb, 0xff, 0xb0, 0x0,
    0xc, 0xff, 0x51, 0xff, 0xf2, 0x0, 0x0, 0x3a,
    0xa6, 0x4f, 0xfe, 0x0, 0x0, 0x0, 0x0, 0x5,
    0xff, 0xc0, 0x0, 0x0, 0x0, 0x0, 0x4f, 0xfe,
    0x0, 0x0, 0x0, 0x0, 0x1, 0xff, 0xf2, 0x0,
    0x0, 0x3a, 0xa6, 0xb, 0xff, 0xb0, 0x0, 0xc,
    0xff, 0x50, 0x2f, 0xff, 0xe9, 0x9e, 0xff, 0xd0,
    0x0, 0x4f, 0xff, 0xff, 0xff, 0xd1, 0x0, 0x0,
    0x18, 0xdf, 0xfc, 0x70, 0x0,

    /* U+010A "Ċ" */
    0x0, 0x0, 0x0, 0x6, 0xff, 0xe0, 0x0, 0x0,
    0x0, 0x0, 0x0, 0x0, 0x6, 0xff, 0xe0, 0x0,
    0x0, 0x0, 0x0, 0x0, 0x0, 0x6, 0xff, 0xe0,
    0x0, 0x0, 0x0, 0x0, 0x0, 0x0, 0x2, 0x77,
    0x60, 0x0, 0x0, 0x0, 0x0, 0x0, 0x0, 0x0,
    0x0, 0x0, 0x0, 0x0, 0x0, 0x0, 0x0, 0x0,
    0x0, 0x0, 0x0, 0x0, 0x0, 0x0, 0x0, 0x0,
    0x2, 0x8c, 0xff, 0xeb, 0x60, 0x0, 0x0, 0x0,
    0x0, 0x8f, 0xff, 0xff, 0xff, 0xfe, 0x40, 0x0,
    0x0, 0xa, 0xff, 0xff, 0xba, 0xcf, 0xff, 0xf4,
    0x0, 0x0, 0x8f, 0xff, 0x80, 0x0, 0x1, 0xbf,
    0xfe, 0x10, 0x2, 0xff, 0xf6, 0x0, 0x0, 0x0,
    0xc, 0xff, 0x80, 0x8, 0xff, 0xc0, 0x0, 0x0,
    0x0, 0x4, 0xff, 0xe0, 0xd, 0xff, 0x60, 0x0,
    0x0, 0x0, 0x0, 0xbb, 0xb0, 0xf, 0xff, 0x20,
    0x0, 0x0, 0x0, 0x0, 0x0, 0x0, 0x1f, 0xff,
    0x10, 0x0, 0x0, 0x0, 0x0, 0x0, 0x0, 0x1f,
    0xff, 0x10, 0x0, 0x0, 0x0, 0x0, 0x0, 0x0,
    0xf, 0xff, 0x30, 0x0, 0x0, 0x0, 0x0, 0x0,
    0x0, 0xc, 0xff, 0x60, 0x0, 0x0, 0x0, 0x0,
    0xaa, 0xa1, 0x8, 0xff, 0xd0, 0x0, 0x0, 0x0,
    0x4, 0xff, 0xe0, 0x1, 0xff, 0xf7, 0x0, 0x0,
    0x0, 0xc, 0xff, 0x90, 0x0, 0x7f, 0xff, 0x80,
    0x0, 0x1, 0xbf, 0xff, 0x10, 0x0, 0xa, 0xff,
    0xff, 0xba, 0xcf, 0xff, 0xf4, 0x0, 0x0, 0x0,
    0x7f, 0xff, 0xff, 0xff, 0xfe, 0x40, 0x0, 0x0,
    0x0, 0x1, 0x8c, 0xff, 0xeb, 0x70, 0x0, 0x0,

    /* U+010B "ċ" */
    0x0, 0x0, 0xa, 0xff, 0x90, 0x0, 0x0, 0x0,
    0x0, 0xaf, 0xf9, 0x0, 0x0, 0x0, 0x0, 0xa,
    0xff, 0x90, 0x0, 0x0, 0x0, 0x0, 0x57, 0x74,
    0x0, 0x0, 0x0, 0x0, 0x0, 0x0, 0x0, 0x0,
    0x0, 0x0, 0x18, 0xdf, 0xfc, 0x70, 0x0, 0x0,
    0x4f, 0xff, 0xff, 0xff, 0xd2, 0x0, 0x2f, 0xff,
    0xd9, 0x9e, 0xff, 0xd0, 0xb, 0xff, 0xb0, 0x0,
    0xc, 0xff, 0x51, 0xff, 0xf2, 0x0, 0x0, 0x3a,
    0xa6, 0x4f, 0xfe, 0x0, 0x0, 0x0, 0x0, 0x5,
    0xff, 0xc0, 0x0, 0x0, 0x0, 0x0, 0x4f, 0xfe,
    0x0, 0x0, 0x0, 0x0, 0x1, 0xff, 0xf2, 0x0,
    0x0, 0x3a, 0xa6, 0xb, 0xff, 0xb0, 0x0, 0xc,
    0xff, 0x50, 0x2f, 0xff, 0xe9, 0x9e, 0xff, 0xd0,
    0x0, 0x4f, 0xff, 0xff, 0xff, 0xd1, 0x0, 0x0,
    0x18, 0xdf, 0xfc, 0x70, 0x0,

    /* U+010C "Č" */
    0x0, 0x0, 0x2f, 0xfa, 0x0, 0x3e, 0xf9, 0x0,
    0x0, 0x0, 0x0, 0x4, 0xff, 0xc6, 0xff, 0xc0,
    0x0, 0x0, 0x0, 0x0, 0x0, 0x7f, 0xff, 0xfe,
    0x20, 0x0, 0x0, 0x0, 0x0, 0x0, 0xb, 0xff,
    0xf4, 0x0, 0x0, 0x0, 0x0, 0x0, 0x0, 0x0,
    0x0, 0x0, 0x0, 0x0, 0x0, 0x0, 0x0, 0x0,
    0x0, 0x0, 0x0, 0x0, 0x0, 0x0, 0x0, 0x0,
    0x2, 0x8c, 0xff, 0xeb, 0x60, 0x0, 0x0, 0x0,
    0x0, 0x8f, 0xff, 0xff, 0xff, 0xfe, 0x40, 0x0,
    0x0, 0xa, 0xff, 0xff, 0xba, 0xcf, 0xff, 0xf4,
    0x0, 0x0, 0x8f, 0xff, 0x80, 0x0, 0x1, 0xbf,
    0xfe, 0x10, 0x2, 0xff, 0xf6, 0x0, 0x0, 0x0,
    0xc, 0xff, 0x80, 0x8, 0xff, 0xc0, 0x0, 0x0,
    0x0, 0x4, 0xff, 0xe0, 0xd, 0xff, 0x60, 0x0,
    0x0, 0x0, 0x0, 0xbb, 0xb0, 0xf, 0xff, 0x20,
    0x0, 0x0, 0x0, 0x0, 0x0, 0x0, 0x1f, 0xff,
    0x10, 0x0, 0x0, 0x0, 0x0, 0x0, 0x0, 0x1f,
    0xff, 0x10, 0x0, 0x0, 0x0, 0x0, 0x0, 0x0,
    0xf, 0xff, 0x30, 0x0, 0x0, 0x0, 0x0, 0x0,
    0x0, 0xc, 0xff, 0x60, 0x0, 0x0, 0x0, 0x0,
    0xaa, 0xa1, 0x8, 0xff, 0xd0, 0x0, 0x0, 0x0,
    0x4, 0xff, 0xe0, 0x1, 0xff, 0xf7, 0x0, 0x0,
    0x0, 0xc, 0xff, 0x90, 0x0, 0x7f, 0xff, 0x80,
    0x0, 0x1, 0xbf, 0xff, 0x10, 0x0, 0xa, 0xff,
    0xff, 0xba, 0xcf, 0xff, 0xf4, 0x0, 0x0, 0x0,
    0x7f, 0xff, 0xff, 0xff, 0xfe, 0x40, 0x0, 0x0,
    0x0, 0x1, 0x8c, 0xff, 0xeb, 0x70, 0x0, 0x0,

    /* U+010D "č" */
    0x0, 0x5f, 0xf6, 0x0, 0x7f, 0xf4, 0x0, 0x0,
    0x7f, 0xf9, 0x9f, 0xf6, 0x0, 0x0, 0x0, 0x9f,
    0xff, 0xf8, 0x0, 0x0, 0x0, 0x0, 0x89, 0x97,
    0x0, 0x0, 0x0, 0x0, 0x0, 0x0, 0x0, 0x0,
    0x0, 0x0, 0x18, 0xdf, 0xfc, 0x60, 0x0, 0x0,
    0x4f, 0xff, 0xff, 0xff, 0xc0, 0x0, 0x2f, 0xff,
    0xd9, 0x9e, 0xff, 0xa0, 0xb, 0xff, 0xb0, 0x0,
    0x2e, 0xff, 0x31, 0xff, 0xf2, 0x0, 0x0, 0x7f,
    0xf8, 0x4f, 0xfe, 0x0, 0x0, 0x0, 0x33, 0x25,
    0xff, 0xc0, 0x0, 0x0, 0x0, 0x0, 0x4f, 0xfe,
    0x0, 0x0, 0x0, 0x0, 0x1, 0xff, 0xf2, 0x0,
    0x0, 0x27, 0x74, 0xb, 0xff, 0xb0, 0x0, 0xb,
    0xff, 0x60, 0x2f, 0xff, 0xe9, 0x9e, 0xff, 0xd0,
    0x0, 0x4f, 0xff, 0xff, 0xff, 0xe2, 0x0, 0x0,
    0x18, 0xdf, 0xfd, 0x70, 0x0,

    /* U+010E "Ď" */
    0x0, 0x3, 0x88, 0x10, 0x0, 0x78, 0x40, 0x0,
    0x0, 0x0, 0xb, 0xfe, 0x31, 0xcf, 0xd1, 0x0,
    0x0, 0x0, 0x0, 0xc, 0xff, 0xef, 0xe2, 0x0,
    0x0, 0x0, 0x0, 0x0, 0x1d, 0xff, 0xf3, 0x0,
    0x0, 0x0, 0x0, 0x0, 0x0, 0x0, 0x0, 0x0,
    0x0, 0x0, 0x0, 0x0, 0x0, 0x0, 0x0, 0x0,
    0x0, 0x0, 0x0, 0x8f, 0xff, 0xff, 0xff, 0xeb,
    0x71, 0x0, 0x0, 0x8, 0xff, 0xff, 0xff, 0xff,
    0xff, 0xf7, 0x0, 0x0, 0x8f, 0xfd, 0x99, 0x9a,
    0xcf, 0xff, 0xfb, 0x0, 0x8, 0xff, 0x90, 0x0,
    0x0, 0x19, 0xff, 0xf9, 0x0, 0x8f, 0xf9, 0x0,
    0x0, 0x0, 0x7, 0xff, 0xf3, 0x8, 0xff, 0x90,
    0x0, 0x0, 0x0, 0xc, 0xff, 0xa0, 0x8f, 0xf9,
    0x0, 0x0, 0x0, 0x0, 0x5f, 0xff, 0x8, 0xff,
    0x90, 0x0, 0x0, 0x0, 0x1, 0xff, 0xf2, 0x8f,
    0xf9, 0x0, 0x0, 0x0, 0x0, 0xf, 0xff, 0x38,
    0xff, 0x90, 0x0, 0x0, 0x0, 0x0, 0xff, 0xf3,
    0x8f, 0xf9, 0x0, 0x0, 0x0, 0x0, 0x1f, 0xff,
    0x18, 0xff, 0x90, 0x0, 0x0, 0x0, 0x5, 0xff,
    0xe0, 0x8f, 0xf9, 0x0, 0x0, 0x0, 0x0, 0xcf,
    0xf9, 0x8, 0xff, 0x90, 0x0, 0x0, 0x0, 0x8f,
    0xff, 0x20, 0x8f, 0xf9, 0x0, 0x0, 0x1, 0xaf,
    0xff, 0x80, 0x8, 0xff, 0xd9, 0x99, 0xac, 0xff,
    0xff, 0xa0, 0x0, 0x8f, 0xff, 0xff, 0xff, 0xff,
    0xff, 0x60, 0x0, 0x8, 0xff, 0xff, 0xff, 0xfe,
    0xb6, 0x10, 0x0, 0x0,

    /* U+010F "ď" */
    0x0, 0x0, 0x0, 0x0, 0x0, 0xcf, 0xf4, 0x5f,
    0xf3, 0x0, 0x0, 0x0, 0x0, 0x0, 0xcf, 0xf4,
    0x5f, 0xf1, 0x0, 0x0, 0x0, 0x0, 0x0, 0xcf,
    0xf4, 0x5f, 0xf0, 0x0, 0x0, 0x0, 0x0, 0x0,
    0xcf, 0xf4, 0x5f, 0xe0, 0x0, 0x0, 0x0, 0x0,
    0x0, 0xcf, 0xf4, 0x5f, 0xc0, 0x0, 0x4, 0xbe,
    0xfd, 0x80, 0xcf, 0xf4, 0x4c, 0x80, 0x0, 0x7f,
    0xff, 0xff, 0xfc, 0xcf, 0xf4, 0x0, 0x0, 0x4,
    0xff, 0xff, 0xaa, 0xef, 0xff, 0xf4, 0x0, 0x0,
    0xb, 0xff, 0xd1, 0x0, 0xb, 0xff, 0xf4, 0x0,
    0x0, 0x1f, 0xff, 0x40, 0x0, 0x1, 0xff, 0xf4,
    0x0, 0x0, 0x3f, 0xff, 0x0, 0x0, 0x0, 0xcf,
    0xf4, 0x0, 0x0, 0x4f, 0xfe, 0x0, 0x0, 0x0,
    0xbf, 0xf4, 0x0, 0x0, 0x3f, 0xff, 0x0, 0x0,
    0x0, 0xcf, 0xf4, 0x0, 0x0, 0x1f, 0xff, 0x30,
    0x0, 0x1, 0xff, 0xf4, 0x0, 0x0, 0xc, 0xff,
    0xd1, 0x0, 0xa, 0xff, 0xf4, 0x0, 0x0, 0x4,
    0xff, 0xfe, 0xa9, 0xdf, 0xff, 0xf4, 0x0, 0x0,
    0x0, 0x8f, 0xff, 0xff, 0xfc, 0xaf, 0xf4, 0x0,
    0x0, 0x0, 0x4, 0xbf, 0xfd, 0x70, 0xaf, 0xf4,
    0x0, 0x0,

    /* U+0110 "Đ" */
    0x3, 0xff, 0xff, 0xff, 0xfe, 0xc8, 0x20, 0x0,
    0x0, 0x3, 0xff, 0xff, 0xff, 0xff, 0xff, 0xfa,
    0x10, 0x0, 0x3, 0xff, 0xf9, 0x99, 0xab, 0xff,
    0xff, 0xe2, 0x0, 0x3, 0xff, 0xe0, 0x0, 0x0,
    0x6, 0xff, 0xfd, 0x0, 0x3, 0xff, 0xe0, 0x0,
    0x0, 0x0, 0x2f, 0xff, 0x80, 0x3, 0xff, 0xe0,
    0x0, 0x0, 0x0, 0x6, 0xff, 0xf0, 0x3, 0xff,
    0xe0, 0x0, 0x0, 0x0, 0x0, 0xff, 0xf4, 0x7a,
    0xff, 0xf9, 0x99, 0x93, 0x0, 0x0, 0xcf, 0xf7,
    0xdf, 0xff, 0xff, 0xff, 0xf5, 0x0, 0x0, 0xaf,
    0xf8, 0xdf, 0xff, 0xff, 0xff, 0xf5, 0x0, 0x0,
    0xaf, 0xf8, 0x3, 0xff, 0xe0, 0x0, 0x0, 0x0,
    0x0, 0xcf, 0xf6, 0x3, 0xff, 0xe0, 0x0, 0x0,
    0x0, 0x1, 0xff, 0xf3, 0x3, 0xff, 0xe0, 0x0,
    0x0, 0x0, 0x7, 0xff, 0xe0, 0x3, 0xff, 0xe0,
    0x0, 0x0, 0x0, 0x3f, 0xff, 0x70, 0x3, 0xff,
    0xe0, 0x0, 0x0, 0x7, 0xff, 0xfc, 0x0, 0x3,
    0xff, 0xf9, 0x99, 0x9b, 0xff, 0xff, 0xd1, 0x0,
    0x3, 0xff, 0xff, 0xff, 0xff, 0xff, 0xf9, 0x10,
    0x0, 0x3, 0xff, 0xff, 0xff, 0xfe, 0xc8, 0x20,
    0x0, 0x0,

    /* U+0111 "đ" */
    0x0, 0x0, 0x0, 0x0, 0x0, 0xcf, 0xf4, 0x0,
    0x0, 0x0, 0xf, 0xff, 0xff, 0xff, 0xfe, 0x0,
    0x0, 0x0, 0xff, 0xff, 0xff, 0xff, 0xe0, 0x0,
    0x0, 0x1, 0x11, 0x1c, 0xff, 0x51, 0x0, 0x0,
    0x0, 0x0, 0x0, 0xcf, 0xf4, 0x0, 0x0, 0x4b,
    0xef, 0xd8, 0xc, 0xff, 0x40, 0x0, 0x7f, 0xff,
    0xff, 0xfc, 0xcf, 0xf4, 0x0, 0x4f, 0xff, 0xfa,
    0xae, 0xff, 0xff, 0x40, 0xb, 0xff, 0xd1, 0x0,
    0xb, 0xff, 0xf4, 0x1, 0xff, 0xf4, 0x0, 0x0,
    0x1f, 0xff, 0x40, 0x3f, 0xff, 0x0, 0x0, 0x0,
    0xcf, 0xf4, 0x4, 0xff, 0xe0, 0x0, 0x0, 0xb,
    0xff, 0x40, 0x3f, 0xff, 0x0, 0x0, 0x0, 0xcf,
    0xf4, 0x1, 0xff, 0xf3, 0x0, 0x0, 0x1f, 0xff,
    0x40, 0xc, 0xff, 0xd1, 0x0, 0xa, 0xff, 0xf4,
    0x0, 0x4f, 0xff, 0xea, 0x9d, 0xff, 0xff, 0x40,
    0x0, 0x8f, 0xff, 0xff, 0xfc, 0xaf, 0xf4, 0x0,
    0x0, 0x4b, 0xff, 0xd7, 0xa, 0xff, 0x40,

    /* U+0112 "Ē" */
    0x0, 0x24, 0x44, 0x44, 0x44, 0x40, 0x0, 0x8,
    0xff, 0xff, 0xff, 0xff, 0x20, 0x0, 0x8f, 0xff,
    0xff, 0xff, 0xf2, 0x0, 0x0, 0x0, 0x0, 0x0,
    0x0, 0x0, 0x0, 0x0, 0x0, 0x0, 0x0, 0x0,
    0x0, 0x0, 0x0, 0x0, 0x0, 0x0, 0x0, 0x8f,
    0xff, 0xff, 0xff, 0xff, 0xff, 0xa8, 0xff, 0xff,
    0xff, 0xff, 0xff, 0xfa, 0x8f, 0xfd, 0x99, 0x99,
    0x99, 0x99, 0x68, 0xff, 0x90, 0x0, 0x0, 0x0,
    0x0, 0x8f, 0xf9, 0x0, 0x0, 0x0, 0x0, 0x8,
    0xff, 0x90, 0x0, 0x0, 0x0, 0x0, 0x8f, 0xf9,
    0x0, 0x0, 0x0, 0x0, 0x8, 0xff, 0xd8, 0x88,
    0x88, 0x88, 0x80, 0x8f, 0xff, 0xff, 0xff, 0xff,
    0xff, 0x18, 0xff, 0xff, 0xff, 0xff, 0xff, 0xf1,
    0x8f, 0xf9, 0x0, 0x0, 0x0, 0x0, 0x8, 0xff,
    0x90, 0x0, 0x0, 0x0, 0x0, 0x8f, 0xf9, 0x0,
    0x0, 0x0, 0x0, 0x8, 0xff, 0x90, 0x0, 0x0,
    0x0, 0x0, 0x8f, 0xf9, 0x0, 0x0, 0x0, 0x0,
    0x8, 0xff, 0xd9, 0x99, 0x99, 0x99, 0x98, 0x8f,
    0xff, 0xff, 0xff, 0xff, 0xff, 0xe8, 0xff, 0xff,
    0xff, 0xff, 0xff, 0xfe,

    /* U+0113 "ē" */
    0x0, 0x3f, 0xff, 0xff, 0xff, 0xf6, 0x0, 0x0,
    0x3f, 0xff, 0xff, 0xff, 0xf6, 0x0, 0x0, 0x14,
    0x44, 0x44, 0x44, 0x41, 0x0, 0x0, 0x0, 0x0,
    0x0, 0x0, 0x0, 0x0, 0x0, 0x0, 0x0, 0x0,
    0x0, 0x0, 0x0, 0x0, 0x1, 0x8d, 0xff, 0xd9,
    0x10, 0x0, 0x0, 0x4f, 0xff, 0xff, 0xff, 0xf4,
    0x0, 0x2, 0xff, 0xfb, 0x66, 0xbf, 0xff, 0x20,
    0xb, 0xff, 0x90, 0x0, 0x9, 0xff, 0x90, 0x1f,
    0xff, 0x0, 0x0, 0x1, 0xff, 0xe0, 0x4f, 0xff,
    0xff, 0xff, 0xff, 0xff, 0xf0, 0x5f, 0xff, 0xff,
    0xff, 0xff, 0xff, 0xf0, 0x4f, 0xfd, 0x33, 0x33,
    0x33, 0x33, 0x30, 0x1f, 0xff, 0x0, 0x0, 0x0,
    0x0, 0x0, 0xb, 0xff, 0x80, 0x0, 0x6, 0xff,
    0x80, 0x2, 0xff, 0xfb, 0x66, 0xaf, 0xfe, 0x10,
    0x0, 0x4e, 0xff, 0xff, 0xff, 0xf3, 0x0, 0x0,
    0x1, 0x8d, 0xff, 0xd9, 0x10, 0x0,

    /* U+0116 "Ė" */
    0x0, 0x0, 0x6, 0x77, 0x30, 0x0, 0x0, 0x0,
    0x0, 0xdf, 0xf7, 0x0, 0x0, 0x0, 0x0, 0xd,
    0xff, 0x70, 0x0, 0x0, 0x0, 0x0, 0xdf, 0xf7,
    0x0, 0x0, 0x0, 0x0, 0x0, 0x0, 0x0, 0x0,
    0x0, 0x0, 0x0, 0x0, 0x0, 0x0, 0x0, 0x8f,
    0xff, 0xff, 0xff, 0xff, 0xff, 0xa8, 0xff, 0xff,
    0xff, 0xff, 0xff, 0xfa, 0x8f, 0xfd, 0x99, 0x99,
    0x99, 0x99, 0x68, 0xff, 0x90, 0x0, 0x0, 0x0,
    0x0, 0x8f, 0xf9, 0x0, 0x0, 0x0, 0x0, 0x8,
    0xff, 0x90, 0x0, 0x0, 0x0, 0x0, 0x8f, 0xf9,
    0x0, 0x0, 0x0, 0x0, 0x8, 0xff, 0xd8, 0x88,
    0x88, 0x88, 0x80, 0x8f, 0xff, 0xff, 0xff, 0xff,
    0xff, 0x18, 0xff, 0xff, 0xff, 0xff, 0xff, 0xf1,
    0x8f, 0xf9, 0x0, 0x0, 0x0, 0x0, 0x8, 0xff,
    0x90, 0x0, 0x0, 0x0, 0x0, 0x8f, 0xf9, 0x0,
    0x0, 0x0, 0x0, 0x8, 0xff, 0x90, 0x0, 0x0,
    0x0, 0x0, 0x8f, 0xf9, 0x0, 0x0, 0x0, 0x0,
    0x8, 0xff, 0xd9, 0x99, 0x99, 0x99, 0x98, 0x8f,
    0xff, 0xff, 0xff, 0xff, 0xff, 0xe8, 0xff, 0xff,
    0xff, 0xff, 0xff, 0xfe,

    /* U+0117 "ė" */
    0x0, 0x0, 0x8, 0xff, 0xb0, 0x0, 0x0, 0x0,
    0x0, 0x8, 0xff, 0xb0, 0x0, 0x0, 0x0, 0x0,
    0x8, 0xff, 0xb0, 0x0, 0x0, 0x0, 0x0, 0x4,
    0x77, 0x50, 0x0, 0x0, 0x0, 0x0, 0x0, 0x0,
    0x0, 0x0, 0x0, 0x0, 0x1, 0x8d, 0xff, 0xd9,
    0x10, 0x0, 0x0, 0x4f, 0xff, 0xff, 0xff, 0xf4,
    0x0, 0x2, 0xff, 0xfb, 0x66, 0xbf, 0xff, 0x20,
    0xb, 0xff, 0x90, 0x0, 0x9, 0xff, 0x90, 0x1f,
    0xff, 0x0, 0x0, 0x1, 0xff, 0xe0, 0x4f, 0xff,
    0xff, 0xff, 0xff, 0xff, 0xf0, 0x5f, 0xff, 0xff,
    0xff, 0xff, 0xff, 0xf0, 0x4f, 0xfd, 0x33, 0x33,
    0x33, 0x33, 0x30, 0x1f, 0xff, 0x0, 0x0, 0x0,
    0x0, 0x0, 0xb, 0xff, 0x80, 0x0, 0x6, 0xff,
    0x80, 0x2, 0xff, 0xfb, 0x66, 0xaf, 0xfe, 0x10,
    0x0, 0x4e, 0xff, 0xff, 0xff, 0xf3, 0x0, 0x0,
    0x1, 0x8d, 0xff, 0xd9, 0x10, 0x0,

    /* U+0118 "Ę" */
    0x8f, 0xff, 0xff, 0xff, 0xff, 0xff, 0xa8, 0xff,
    0xff, 0xff, 0xff, 0xff, 0xfa, 0x8f, 0xfd, 0x99,
    0x99, 0x99, 0x99, 0x68, 0xff, 0x90, 0x0, 0x0,
    0x0, 0x0, 0x8f, 0xf9, 0x0, 0x0, 0x0, 0x0,
    0x8, 0xff, 0x90, 0x0, 0x0, 0x0, 0x0, 0x8f,
    0xf9, 0x0, 0x0, 0x0, 0x0, 0x8, 0xff, 0xff,
    0xff, 0xff, 0xff, 0xf1, 0x8f, 0xff, 0xff, 0xff,
    0xff, 0xff, 0x18, 0xff, 0xd8, 0x88, 0x88, 0x88,
    0x80, 0x8f, 0xf9, 0x0, 0x0, 0x0, 0x0, 0x8,
    0xff, 0x90, 0x0, 0x0, 0x0, 0x0, 0x8f, 0xf9,
    0x0, 0x0, 0x0, 0x0, 0x8, 0xff, 0x90, 0x0,
    0x0, 0x0, 0x0, 0x8f, 0xf9, 0x0, 0x0, 0x0,
    0x0, 0x8, 0xff, 0xd9, 0x99, 0x99, 0x99, 0x98,
    0x8f, 0xff, 0xff, 0xff, 0xff, 0xff, 0xe8, 0xff,
    0xff, 0xff, 0xff, 0xff, 0xfe, 0x0, 0x0, 0x0,
    0x0, 0x9, 0xf6, 0x0, 0x0, 0x0, 0x0, 0x9,
    0xf5, 0x0, 0x0, 0x0, 0x0, 0x1, 0xfe, 0x0,
    0x0, 0x0, 0x0, 0x0, 0x1f, 0xfc, 0xb0, 0x0,
    0x0, 0x0, 0x0, 0x6e, 0xfd, 0x10,

    /* U+0119 "ę" */
    0x0, 0x1, 0x8d, 0xff, 0xd8, 0x10, 0x0, 0x0,
    0x4f, 0xff, 0xff, 0xff, 0xe2, 0x0, 0x2, 0xff,
    0xfb, 0x66, 0xcf, 0xfd, 0x0, 0xb, 0xff, 0x90,
    0x0, 0xb, 0xff, 0x70, 0x1f, 0xff, 0x0, 0x0,
    0x3, 0xff, 0xc0, 0x4f, 0xfd, 0x33, 0x33, 0x33,
    0xff, 0xf0, 0x5f, 0xff, 0xff, 0xff, 0xff, 0xff,
    0xf0, 0x4f, 0xff, 0xff, 0xff, 0xff, 0xff, 0xf0,
    0x1f, 0xff, 0x0, 0x0, 0x0, 0x0, 0x0, 0xb,
    0xff, 0x80, 0x0, 0x3, 0x99, 0x50, 0x2, 0xff,
    0xfb, 0x66, 0x9f, 0xff, 0x30, 0x0, 0x4e, 0xff,
    0xff, 0xff, 0xf5, 0x0, 0x0, 0x1, 0x8d, 0xff,
    0xfd, 0x20, 0x0, 0x0, 0x0, 0x0, 0x2e, 0xe1,
    0x0, 0x0, 0x0, 0x0, 0x0, 0xbf, 0x50, 0x0,
    0x0, 0x0, 0x0, 0x0, 0xff, 0x20, 0x0, 0x0,
    0x0, 0x0, 0x0, 0xdf, 0xdd, 0x0, 0x0, 0x0,
    0x0, 0x0, 0x3d, 0xfe, 0x30, 0x0,

    /* U+011A "Ě" */
    0x0, 0x58, 0x70, 0x0, 0x28, 0x82, 0x0, 0x1,
    0xef, 0xc1, 0x3e, 0xfa, 0x0, 0x0, 0x2, 0xff,
    0xef, 0xfc, 0x0, 0x0, 0x0, 0x3, 0xff, 0xfd,
    0x10, 0x0, 0x0, 0x0, 0x0, 0x0, 0x0, 0x0,
    0x0, 0x0, 0x0, 0x0, 0x0, 0x0, 0x0, 0x8f,
    0xff, 0xff, 0xff, 0xff, 0xff, 0xa8, 0xff, 0xff,
    0xff, 0xff, 0xff, 0xfa, 0x8f, 0xfd, 0x99, 0x99,
    0x99, 0x99, 0x68, 0xff, 0x90, 0x0, 0x0, 0x0,
    0x0, 0x8f, 0xf9, 0x0, 0x0, 0x0, 0x0, 0x8,
    0xff, 0x90, 0x0, 0x0, 0x0, 0x0, 0x8f, 0xf9,
    0x0, 0x0, 0x0, 0x0, 0x8, 0xff, 0xd8, 0x88,
    0x88, 0x88, 0x80, 0x8f, 0xff, 0xff, 0xff, 0xff,
    0xff, 0x18, 0xff, 0xff, 0xff, 0xff, 0xff, 0xf1,
    0x8f, 0xf9, 0x0, 0x0, 0x0, 0x0, 0x8, 0xff,
    0x90, 0x0, 0x0, 0x0, 0x0, 0x8f, 0xf9, 0x0,
    0x0, 0x0, 0x0, 0x8, 0xff, 0x90, 0x0, 0x0,
    0x0, 0x0, 0x8f, 0xf9, 0x0, 0x0, 0x0, 0x0,
    0x8, 0xff, 0xd9, 0x99, 0x99, 0x99, 0x98, 0x8f,
    0xff, 0xff, 0xff, 0xff, 0xff, 0xe8, 0xff, 0xff,
    0xff, 0xff, 0xff, 0xfe,

    /* U+011B "ě" */
    0x0, 0x3f, 0xf8, 0x0, 0x6f, 0xf6, 0x0, 0x0,
    0x5, 0xff, 0xa8, 0xff, 0x80, 0x0, 0x0, 0x0,
    0x7f, 0xff, 0xfa, 0x0, 0x0, 0x0, 0x0, 0x6,
    0x99, 0x80, 0x0, 0x0, 0x0, 0x0, 0x0, 0x0,
    0x0, 0x0, 0x0, 0x0, 0x1, 0x8d, 0xff, 0xd9,
    0x10, 0x0, 0x0, 0x4f, 0xff, 0xff, 0xff, 0xf4,
    0x0, 0x2, 0xff, 0xfb, 0x66, 0xbf, 0xff, 0x20,
    0xb, 0xff, 0x90, 0x0, 0x9, 0xff, 0x90, 0x1f,
    0xff, 0x0, 0x0, 0x1, 0xff, 0xe0, 0x4f, 0xff,
    0xff, 0xff, 0xff, 0xff, 0xf0, 0x5f, 0xff, 0xff,
    0xff, 0xff, 0xff, 0xf0, 0x4f, 0xfd, 0x33, 0x33,
    0x33, 0x33, 0x30, 0x1f, 0xff, 0x0, 0x0, 0x0,
    0x0, 0x0, 0xb, 0xff, 0x80, 0x0, 0x6, 0xff,
    0x80, 0x2, 0xff, 0xfb, 0x66, 0xaf, 0xfe, 0x10,
    0x0, 0x4e, 0xff, 0xff, 0xff, 0xf3, 0x0, 0x0,
    0x1, 0x8d, 0xff, 0xd9, 0x10, 0x0,

    /* U+011E "Ğ" */
    0x0, 0x0, 0xa, 0xf8, 0x0, 0xb, 0xf7, 0x0,
    0x0, 0x0, 0x0, 0x6, 0xff, 0x74, 0x8f, 0xf3,
    0x0, 0x0, 0x0, 0x0, 0x0, 0xdf, 0xff, 0xff,
    0xa0, 0x0, 0x0, 0x0, 0x0, 0x0, 0x19, 0xef,
    0xd7, 0x0, 0x0, 0x0, 0x0, 0x0, 0x0, 0x0,
    0x0, 0x0, 0x0, 0x0, 0x0, 0x0, 0x0, 0x0,
    0x0, 0x0, 0x0, 0x0, 0x0, 0x0, 0x0, 0x0,
    0x2, 0x8c, 0xff, 0xec, 0x71, 0x0, 0x0, 0x0,
    0x0, 0x8f, 0xff, 0xff, 0xff, 0xff, 0x70, 0x0,
    0x0, 0xa, 0xff, 0xff, 0xba, 0xcf, 0xff, 0xf8,
    0x0, 0x0, 0x8f, 0xff, 0x80, 0x0, 0x0, 0x8f,
    0xff, 0x40, 0x2, 0xff, 0xf7, 0x0, 0x0, 0x0,
    0x9, 0xff, 0xb0, 0x8, 0xff, 0xc0, 0x0, 0x0,
    0x0, 0x2, 0xcc, 0xc0, 0xd, 0xff, 0x60, 0x0,
    0x0, 0x0, 0x0, 0x0, 0x0, 0xf, 0xff, 0x20,
    0x0, 0x0, 0x0, 0x0, 0x0, 0x0, 0x1f, 0xff,
    0x10, 0x0, 0x1, 0xff, 0xff, 0xff, 0xf2, 0x1f,
    0xff, 0x10, 0x0, 0x1, 0xff, 0xff, 0xff, 0xf2,
    0xf, 0xff, 0x20, 0x0, 0x0, 0x88, 0x88, 0xff,
    0xf2, 0xd, 0xff, 0x60, 0x0, 0x0, 0x0, 0x0,
    0xff, 0xf2, 0x9, 0xff, 0xc0, 0x0, 0x0, 0x0,
    0x0, 0xff, 0xf2, 0x2, 0xff, 0xf6, 0x0, 0x0,
    0x0, 0x0, 0xff, 0xf2, 0x0, 0x9f, 0xff, 0x81,
    0x0, 0x0, 0x19, 0xff, 0xf2, 0x0, 0xb, 0xff,
    0xff, 0xca, 0xac, 0xff, 0xff, 0xa0, 0x0, 0x0,
    0x8f, 0xff, 0xff, 0xff, 0xff, 0xf6, 0x0, 0x0,
    0x0, 0x2, 0x8c, 0xef, 0xfe, 0xb6, 0x10, 0x0,

    /* U+011F "ğ" */
    0x0, 0xf, 0xf6, 0x0, 0x4f, 0xf2, 0x0, 0x0,
    0x9, 0xff, 0xff, 0xff, 0xc0, 0x0, 0x0, 0x0,
    0x9f, 0xff, 0xfb, 0x10, 0x0, 0x0, 0x0, 0x1,
    0x34, 0x10, 0x0, 0x0, 0x0, 0x0, 0x0, 0x0,
    0x0, 0x0, 0x0, 0x0, 0x3, 0xbe, 0xfd, 0x80,
    0xaf, 0xf4, 0x0, 0x7f, 0xff, 0xff, 0xfb, 0xaf,
    0xf4, 0x3, 0xff, 0xfe, 0x98, 0xdf, 0xff, 0xf4,
    0xb, 0xff, 0xc0, 0x0, 0xa, 0xff, 0xf4, 0x1f,
    0xff, 0x30, 0x0, 0x1, 0xff, 0xf4, 0x3f, 0xff,
    0x0, 0x0, 0x0, 0xcf, 0xf4, 0x4f, 0xfe, 0x0,
    0x0, 0x0, 0xbf, 0xf4, 0x3f, 0xff, 0x0, 0x0,
    0x0, 0xcf, 0xf4, 0x1f, 0xff, 0x30, 0x0, 0x1,
    0xff, 0xf4, 0xc, 0xff, 0xc0, 0x0, 0xa, 0xff,
    0xf4, 0x4, 0xff, 0xfe, 0x98, 0xdf, 0xff, 0xf4,
    0x0, 0x8f, 0xff, 0xff, 0xfa, 0xcf, 0xf4, 0x0,
    0x5, 0xcf, 0xfd, 0x70, 0xcf, 0xf4, 0x0, 0x0,
    0x0, 0x0, 0x0, 0xef, 0xf2, 0x9, 0xdd, 0x50,
    0x0, 0x8, 0xff, 0xe0, 0x5, 0xff, 0xfd, 0xbb,
    0xef, 0xff, 0x50, 0x0, 0x8f, 0xff, 0xff, 0xff,
    0xf7, 0x0, 0x0, 0x3, 0xae, 0xff, 0xda, 0x30,
    0x0,

    /* U+0120 "Ġ" */
    0x0, 0x0, 0x0, 0x3, 0xff, 0xf1, 0x0, 0x0,
    0x0, 0x0, 0x0, 0x0, 0x3, 0xff, 0xf1, 0x0,
    0x0, 0x0, 0x0, 0x0, 0x0, 0x3, 0xff, 0xf1,
    0x0, 0x0, 0x0, 0x0, 0x0, 0x0, 0x1, 0x77,
    0x70, 0x0, 0x0, 0x0, 0x0, 0x0, 0x0, 0x0,
    0x0, 0x0, 0x0, 0x0, 0x0, 0x0, 0x0, 0x0,
    0x0, 0x0, 0x0, 0x0, 0x0, 0x0, 0x0, 0x0,
    0x2, 0x8c, 0xff, 0xec, 0x71, 0x0, 0x0, 0x0,
    0x0, 0x8f, 0xff, 0xff, 0xff, 0xff, 0x70, 0x0,
    0x0, 0xa, 0xff, 0xff, 0xba, 0xcf, 0xff, 0xf8,
    0x0, 0x0, 0x8f, 0xff, 0x80, 0x0, 0x0, 0x8f,
    0xff, 0x40, 0x2, 0xff, 0xf7, 0x0, 0x0, 0x0,
    0x9, 0xff, 0xb0, 0x8, 0xff, 0xc0, 0x0, 0x0,
    0x0, 0x2, 0xcc, 0xc0, 0xd, 0xff, 0x60, 0x0,
    0x0, 0x0, 0x0, 0x0, 0x0, 0xf, 0xff, 0x20,
    0x0, 0x0, 0x0, 0x0, 0x0, 0x0, 0x1f, 0xff,
    0x10, 0x0, 0x1, 0xff, 0xff, 0xff, 0xf2, 0x1f,
    0xff, 0x10, 0x0, 0x1, 0xff, 0xff, 0xff, 0xf2,
    0xf, 0xff, 0x20, 0x0, 0x0, 0x88, 0x88, 0xff,
    0xf2, 0xd, 0xff, 0x60, 0x0, 0x0, 0x0, 0x0,
    0xff, 0xf2, 0x9, 0xff, 0xc0, 0x0, 0x0, 0x0,
    0x0, 0xff, 0xf2, 0x2, 0xff, 0xf6, 0x0, 0x0,
    0x0, 0x0, 0xff, 0xf2, 0x0, 0x9f, 0xff, 0x81,
    0x0, 0x0, 0x19, 0xff, 0xf2, 0x0, 0xb, 0xff,
    0xff, 0xca, 0xac, 0xff, 0xff, 0xa0, 0x0, 0x0,
    0x8f, 0xff, 0xff, 0xff, 0xff, 0xf6, 0x0, 0x0,
    0x0, 0x2, 0x8c, 0xef, 0xfe, 0xb6, 0x10, 0x0,

    /* U+0121 "ġ" */
    0x0, 0x0, 0x9, 0xff, 0xb0, 0x0, 0x0, 0x0,
    0x0, 0x9, 0xff, 0xb0, 0x0, 0x0, 0x0, 0x0,
    0x9, 0xff, 0xb0, 0x0, 0x0, 0x0, 0x0, 0x4,
    0x77, 0x50, 0x0, 0x0, 0x0, 0x0, 0x0, 0x0,
    0x0, 0x0, 0x0, 0x0, 0x3, 0xbe, 0xfd, 0x80,
    0xaf, 0xf4, 0x0, 0x7f, 0xff, 0xff, 0xfb, 0xaf,
    0xf4, 0x3, 0xff, 0xfe, 0x98, 0xdf, 0xff, 0xf4,
    0xb, 0xff, 0xc0, 0x0, 0xa, 0xff, 0xf4, 0x1f,
    0xff, 0x30, 0x0, 0x1, 0xff, 0xf4, 0x3f, 0xff,
    0x0, 0x0, 0x0, 0xcf, 0xf4, 0x4f, 0xfe, 0x0,
    0x0, 0x0, 0xbf, 0xf4, 0x3f, 0xff, 0x0, 0x0,
    0x0, 0xcf, 0xf4, 0x1f, 0xff, 0x30, 0x0, 0x1,
    0xff, 0xf4, 0xc, 0xff, 0xc0, 0x0, 0xa, 0xff,
    0xf4, 0x4, 0xff, 0xfe, 0x98, 0xdf, 0xff, 0xf4,
    0x0, 0x8f, 0xff, 0xff, 0xfa, 0xcf, 0xf4, 0x0,
    0x5, 0xcf, 0xfd, 0x70, 0xcf, 0xf4, 0x0, 0x0,
    0x0, 0x0, 0x0, 0xef, 0xf2, 0x9, 0xdd, 0x50,
    0x0, 0x8, 0xff, 0xe0, 0x5, 0xff, 0xfd, 0xbb,
    0xef, 0xff, 0x50, 0x0, 0x8f, 0xff, 0xff, 0xff,
    0xf7, 0x0, 0x0, 0x3, 0xae, 0xff, 0xda, 0x30,
    0x0,

    /* U+0122 "Ģ" */
    0x0, 0x0, 0x2, 0x8c, 0xff, 0xec, 0x71, 0x0,
    0x0, 0x0, 0x0, 0x8f, 0xff, 0xff, 0xff, 0xff,
    0x50, 0x0, 0x0, 0xa, 0xff, 0xff, 0xba, 0xcf,
    0xff, 0xf7, 0x0, 0x0, 0x8f, 0xff, 0x80, 0x0,
    0x1, 0x9f, 0xff, 0x20, 0x2, 0xff, 0xf7, 0x0,
    0x0, 0x0, 0xa, 0xff, 0xa0, 0x8, 0xff, 0xc0,
    0x0, 0x0, 0x0, 0x3, 0xff, 0xf0, 0xd, 0xff,
    0x60, 0x0, 0x0, 0x0, 0x0, 0x11, 0x10, 0xf,
    0xff, 0x20, 0x0, 0x0, 0x0, 0x0, 0x0, 0x0,
    0x1f, 0xff, 0x10, 0x0, 0x0, 0x88, 0x88, 0x88,
    0x81, 0x1f, 0xff, 0x10, 0x0, 0x1, 0xff, 0xff,
    0xff, 0xf2, 0xf, 0xff, 0x20, 0x0, 0x1, 0xff,
    0xff, 0xff, 0xf2, 0xd, 0xff, 0x60, 0x0, 0x0,
    0x0, 0x0, 0xff, 0xf2, 0x9, 0xff, 0xc0, 0x0,
    0x0, 0x0, 0x0, 0xff, 0xf2, 0x2, 0xff, 0xf6,
    0x0, 0x0, 0x0, 0x0, 0xff, 0xf2, 0x0, 0x9f,
    0xff, 0x81, 0x0, 0x0, 0x7, 0xff, 0xf2, 0x0,
    0xb, 0xff, 0xff, 0xca, 0xab, 0xff, 0xff, 0xa0,
    0x0, 0x0, 0x8f, 0xff, 0xff, 0xff, 0xff, 0xf7,
    0x0, 0x0, 0x0, 0x2, 0x8c, 0xef, 0xfe, 0xb6,
    0x10, 0x0, 0x0, 0x0, 0x0, 0x0, 0x0, 0x0,
    0x0, 0x0, 0x0, 0x0, 0x0, 0x0, 0x0, 0x22,
    0x20, 0x0, 0x0, 0x0, 0x0, 0x0, 0x0, 0x4,
    0xff, 0xf0, 0x0, 0x0, 0x0, 0x0, 0x0, 0x0,
    0x4, 0xff, 0xf0, 0x0, 0x0, 0x0, 0x0, 0x0,
    0x0, 0x4, 0xff, 0xf0, 0x0, 0x0, 0x0, 0x0,
    0x0, 0x0, 0x0, 0xb, 0xe0, 0x0, 0x0, 0x0,
    0x0, 0x0, 0x0, 0x0, 0x7f, 0x80, 0x0, 0x0,
    0x0, 0x0, 0x0, 0x0, 0x4, 0xfa, 0x0, 0x0,
    0x0, 0x0, 0x0, 0x0, 0x0, 0x1, 0x20, 0x0,
    0x0, 0x0, 0x0,

    /* U+0123 "ģ" */
    0x0, 0x0, 0x0, 0x0, 0x20, 0x0, 0x0, 0x0,
    0x0, 0x0, 0x4e, 0xb0, 0x0, 0x0, 0x0, 0x0,
    0x1, 0xfc, 0x30, 0x0, 0x0, 0x0, 0x0, 0x7,
    0xf2, 0x0, 0x0, 0x0, 0x0, 0x0, 0x9, 0xff,
    0xb0, 0x0, 0x0, 0x0, 0x0, 0x9, 0xff, 0xb0,
    0x0, 0x0, 0x0, 0x0, 0x9, 0xff, 0xb0, 0x0,
    0x0, 0x0, 0x0, 0x1, 0x33, 0x20, 0x0, 0x0,
    0x0, 0x0, 0x0, 0x0, 0x0, 0x0, 0x0, 0x0,
    0x3, 0xbe, 0xfd, 0x80, 0xaf, 0xf4, 0x0, 0x7f,
    0xff, 0xff, 0xfb, 0xaf, 0xf4, 0x3, 0xff, 0xfe,
    0x98, 0xdf, 0xff, 0xf4, 0xb, 0xff, 0xc0, 0x0,
    0xa, 0xff, 0xf4, 0x1f, 0xff, 0x30, 0x0, 0x1,
    0xff, 0xf4, 0x3f, 0xff, 0x0, 0x0, 0x0, 0xcf,
    0xf4, 0x4f, 0xfe, 0x0, 0x0, 0x0, 0xbf, 0xf4,
    0x3f, 0xff, 0x0, 0x0, 0x0, 0xcf, 0xf4, 0x1f,
    0xff, 0x30, 0x0, 0x1, 0xff, 0xf4, 0xc, 0xff,
    0xc0, 0x0, 0xa, 0xff, 0xf4, 0x4, 0xff, 0xfe,
    0x98, 0xdf, 0xff, 0xf4, 0x0, 0x8f, 0xff, 0xff,
    0xfa, 0xcf, 0xf4, 0x0, 0x5, 0xcf, 0xfd, 0x70,
    0xcf, 0xf4, 0x0, 0x0, 0x0, 0x0, 0x0, 0xef,
    0xf2, 0x9, 0xdd, 0x50, 0x0, 0x8, 0xff, 0xe0,
    0x5, 0xff, 0xfd, 0xbb, 0xef, 0xff, 0x50, 0x0,
    0x8f, 0xff, 0xff, 0xff, 0xf7, 0x0, 0x0, 0x3,
    0xae, 0xff, 0xda, 0x30, 0x0,

    /* U+0126 "Ħ" */
    0x4, 0xff, 0xe0, 0x0, 0x0, 0x0, 0xf, 0xff,
    0x20, 0x4, 0xff, 0xe0, 0x0, 0x0, 0x0, 0xf,
    0xff, 0x20, 0x7a, 0xff, 0xf9, 0x99, 0x99, 0x99,
    0x9f, 0xff, 0xa6, 0xdf, 0xff, 0xff, 0xff, 0xff,
    0xff, 0xff, 0xff, 0xfc, 0xdf, 0xff, 0xff, 0xff,
    0xff, 0xff, 0xff, 0xff, 0xfc, 0x4, 0xff, 0xe0,
    0x0, 0x0, 0x0, 0xf, 0xff, 0x20, 0x4, 0xff,
    0xe0, 0x0, 0x0, 0x0, 0xf, 0xff, 0x20, 0x4,
    0xff, 0xf8, 0x88, 0x88, 0x88, 0x8f, 0xff, 0x20,
    0x4, 0xff, 0xff, 0xff, 0xff, 0xff, 0xff, 0xff,
    0x20, 0x4, 0xff, 0xff, 0xff, 0xff, 0xff, 0xff,
    0xff, 0x20, 0x4, 0xff, 0xe0, 0x0, 0x0, 0x0,
    0xf, 0xff, 0x20, 0x4, 0xff, 0xe0, 0x0, 0x0,
    0x0, 0xf, 0xff, 0x20, 0x4, 0xff, 0xe0, 0x0,
    0x0, 0x0, 0xf, 0xff, 0x20, 0x4, 0xff, 0xe0,
    0x0, 0x0, 0x0, 0xf, 0xff, 0x20, 0x4, 0xff,
    0xe0, 0x0, 0x0, 0x0, 0xf, 0xff, 0x20, 0x4,
    0xff, 0xe0, 0x0, 0x0, 0x0, 0xf, 0xff, 0x20,
    0x4, 0xff, 0xe0, 0x0, 0x0, 0x0, 0xf, 0xff,
    0x20, 0x4, 0xff, 0xe0, 0x0, 0x0, 0x0, 0xf,
    0xff, 0x20,

    /* U+0127 "ħ" */
    0x6, 0xff, 0xa0, 0x0, 0x0, 0x0, 0x0, 0xff,
    0xff, 0xff, 0xff, 0xd0, 0x0, 0x0, 0xff, 0xff,
    0xff, 0xff, 0xd0, 0x0, 0x0, 0x17, 0xff, 0xa1,
    0x11, 0x10, 0x0, 0x0, 0x6, 0xff, 0xa0, 0x0,
    0x0, 0x0, 0x0, 0x6, 0xff, 0xa0, 0x5c, 0xff,
    0xc5, 0x0, 0x6, 0xff, 0xa9, 0xff, 0xff, 0xff,
    0x60, 0x6, 0xff, 0xef, 0xe9, 0xaf, 0xff, 0xe0,
    0x6, 0xff, 0xfa, 0x0, 0x3, 0xff, 0xf2, 0x6,
    0xff, 0xe0, 0x0, 0x0, 0xdf, 0xf4, 0x6, 0xff,
    0xb0, 0x0, 0x0, 0xcf, 0xf4, 0x6, 0xff, 0xa0,
    0x0, 0x0, 0xcf, 0xf4, 0x6, 0xff, 0xa0, 0x0,
    0x0, 0xcf, 0xf4, 0x6, 0xff, 0xa0, 0x0, 0x0,
    0xcf, 0xf4, 0x6, 0xff, 0xa0, 0x0, 0x0, 0xcf,
    0xf4, 0x6, 0xff, 0xa0, 0x0, 0x0, 0xcf, 0xf4,
    0x6, 0xff, 0xa0, 0x0, 0x0, 0xcf, 0xf4, 0x6,
    0xff, 0xa0, 0x0, 0x0, 0xcf, 0xf4,

    /* U+012A "Ī" */
    0x14, 0x44, 0x44, 0x44, 0x41, 0x4f, 0xff, 0xff,
    0xff, 0xf6, 0x4f, 0xff, 0xff, 0xff, 0xf6, 0x0,
    0x0, 0x0, 0x0, 0x0, 0x0, 0x0, 0x0, 0x0,
    0x0, 0x0, 0x0, 0x0, 0x0, 0x0, 0x0, 0x8,
    0xff, 0x90, 0x0, 0x0, 0x8, 0xff, 0x90, 0x0,
    0x0, 0x8, 0xff, 0x90, 0x0, 0x0, 0x8, 0xff,
    0x90, 0x0, 0x0, 0x8, 0xff, 0x90, 0x0, 0x0,
    0x8, 0xff, 0x90, 0x0, 0x0, 0x8, 0xff, 0x90,
    0x0, 0x0, 0x8, 0xff, 0x90, 0x0, 0x0, 0x8,
    0xff, 0x90, 0x0, 0x0, 0x8, 0xff, 0x90, 0x0,
    0x0, 0x8, 0xff, 0x90, 0x0, 0x0, 0x8, 0xff,
    0x90, 0x0, 0x0, 0x8, 0xff, 0x90, 0x0, 0x0,
    0x8, 0xff, 0x90, 0x0, 0x0, 0x8, 0xff, 0x90,
    0x0, 0x0, 0x8, 0xff, 0x90, 0x0, 0x0, 0x8,
    0xff, 0x90, 0x0, 0x0, 0x8, 0xff, 0x90, 0x0,

    /* U+012B "ī" */
    0x3f, 0xff, 0xff, 0xff, 0xf7, 0x3f, 0xff, 0xff,
    0xff, 0xf7, 0x4, 0x44, 0x44, 0x44, 0x42, 0x0,
    0x0, 0x0, 0x0, 0x0, 0x0, 0x0, 0x0, 0x0,
    0x0, 0x0, 0x6, 0xff, 0xa0, 0x0, 0x0, 0x6,
    0xff, 0xa0, 0x0, 0x0, 0x6, 0xff, 0xa0, 0x0,
    0x0, 0x6, 0xff, 0xa0, 0x0, 0x0, 0x6, 0xff,
    0xa0, 0x0, 0x0, 0x6, 0xff, 0xa0, 0x0, 0x0,
    0x6, 0xff, 0xa0, 0x0, 0x0, 0x6, 0xff, 0xa0,
    0x0, 0x0, 0x6, 0xff, 0xa0, 0x0, 0x0, 0x6,
    0xff, 0xa0, 0x0, 0x0, 0x6, 0xff, 0xa0, 0x0,
    0x0, 0x6, 0xff, 0xa0, 0x0, 0x0, 0x6, 0xff,
    0xa0, 0x0,

    /* U+012E "Į" */
    0x0, 0x8f, 0xf9, 0x0, 0x8f, 0xf9, 0x0, 0x8f,
    0xf9, 0x0, 0x8f, 0xf9, 0x0, 0x8f, 0xf9, 0x0,
    0x8f, 0xf9, 0x0, 0x8f, 0xf9, 0x0, 0x8f, 0xf9,
    0x0, 0x8f, 0xf9, 0x0, 0x8f, 0xf9, 0x0, 0x8f,
    0xf9, 0x0, 0x8f, 0xf9, 0x0, 0x8f, 0xf9, 0x0,
    0x8f, 0xf9, 0x0, 0x8f, 0xf9, 0x0, 0x8f, 0xf9,
    0x0, 0x8f, 0xf9, 0x0, 0x8f, 0xf9, 0x0, 0x7f,
    0x70, 0x8, 0xf7, 0x0, 0xf, 0xf0, 0x0, 0xf,
    0xfc, 0xc0, 0x5, 0xef, 0xd2,

    /* U+012F "į" */
    0x8, 0xff, 0xc0, 0x8f, 0xfc, 0x8, 0xff, 0xc0,
    0x47, 0x75, 0x0, 0x0, 0x0, 0x6f, 0xfa, 0x6,
    0xff, 0xa0, 0x6f, 0xfa, 0x6, 0xff, 0xa0, 0x6f,
    0xfa, 0x6, 0xff, 0xa0, 0x6f, 0xfa, 0x6, 0xff,
    0xa0, 0x6f, 0xfa, 0x6, 0xff, 0xa0, 0x6f, 0xfa,
    0x6, 0xff, 0xa0, 0x6f, 0xfa, 0x2, 0xdd, 0x21,
    0xee, 0x10, 0x8f, 0x80, 0x8, 0xff, 0xb6, 0x1b,
    0xff, 0x80,

    /* U+0130 "İ" */
    0x47, 0x75, 0x9f, 0xfb, 0x9f, 0xfb, 0x9f, 0xfb,
    0x0, 0x0, 0x0, 0x0, 0x8f, 0xf9, 0x8f, 0xf9,
    0x8f, 0xf9, 0x8f, 0xf9, 0x8f, 0xf9, 0x8f, 0xf9,
    0x8f, 0xf9, 0x8f, 0xf9, 0x8f, 0xf9, 0x8f, 0xf9,
    0x8f, 0xf9, 0x8f, 0xf9, 0x8f, 0xf9, 0x8f, 0xf9,
    0x8f, 0xf9, 0x8f, 0xf9, 0x8f, 0xf9, 0x8f, 0xf9,

    /* U+0131 "ı" */
    0x6f, 0xfa, 0x6f, 0xfa, 0x6f, 0xfa, 0x6f, 0xfa,
    0x6f, 0xfa, 0x6f, 0xfa, 0x6f, 0xfa, 0x6f, 0xfa,
    0x6f, 0xfa, 0x6f, 0xfa, 0x6f, 0xfa, 0x6f, 0xfa,
    0x6f, 0xfa,

    /* U+0132 "Ĳ" */
    0x8f, 0xf9, 0x0, 0x0, 0x0, 0x3f, 0xfe, 0x8f,
    0xf9, 0x0, 0x0, 0x0, 0x3f, 0xfe, 0x8f, 0xf9,
    0x0, 0x0, 0x0, 0x3f, 0xfe, 0x8f, 0xf9, 0x0,
    0x0, 0x0, 0x3f, 0xfe, 0x8f, 0xf9, 0x0, 0x0,
    0x0, 0x3f, 0xfe, 0x8f, 0xf9, 0x0, 0x0, 0x0,
    0x3f, 0xfe, 0x8f, 0xf9, 0x0, 0x0, 0x0, 0x3f,
    0xfe, 0x8f, 0xf9, 0x0, 0x0, 0x0, 0x3f, 0xfe,
    0x8f, 0xf9, 0x0, 0x0, 0x0, 0x3f, 0xfe, 0x8f,
    0xf9, 0x0, 0x0, 0x0, 0x3f, 0xfe, 0x8f, 0xf9,
    0x0, 0x0, 0x0, 0x3f, 0xfe, 0x8f, 0xf9, 0x0,
    0x0, 0x0, 0x3f, 0xfe, 0x8f, 0xf9, 0x0, 0x0,
    0x0, 0x3f, 0xfe, 0x8f, 0xf9, 0x0, 0x0, 0x0,
    0x4f, 0xfe, 0x8f, 0xf9, 0x0, 0x0, 0x0, 0xaf,
    0xfc, 0x8f, 0xf9, 0x9, 0xc9, 0xad, 0xff, 0xf7,
    0x8f, 0xf9, 0x9, 0xff, 0xff, 0xff, 0xb0, 0x8f,
    0xf9, 0x7, 0xef, 0xfe, 0xc6, 0x0,

    /* U+0133 "ĳ" */
    0x8f, 0xfc, 0x0, 0x8f, 0xfc, 0x8f, 0xfc, 0x0,
    0x8f, 0xfc, 0x8f, 0xfc, 0x0, 0x8f, 0xfc, 0x47,
    0x75, 0x0, 0x37, 0x75, 0x0, 0x0, 0x0, 0x0,
    0x0, 0x6f, 0xfa, 0x0, 0x6f, 0xfa, 0x6f, 0xfa,
    0x0, 0x6f, 0xfa, 0x6f, 0xfa, 0x0, 0x6f, 0xfa,
    0x6f, 0xfa, 0x0, 0x6f, 0xfa, 0x6f, 0xfa, 0x0,
    0x6f, 0xfa, 0x6f, 0xfa, 0x0, 0x6f, 0xfa, 0x6f,
    0xfa, 0x0, 0x6f, 0xfa, 0x6f, 0xfa, 0x0, 0x6f,
    0xfa, 0x6f, 0xfa, 0x0, 0x6f, 0xfa, 0x6f, 0xfa,
    0x0, 0x6f, 0xfa, 0x6f, 0xfa, 0x0, 0x6f, 0xfa,
    0x6f, 0xfa, 0x0, 0x6f, 0xfa, 0x6f, 0xfa, 0x0,
    0x6f, 0xfa, 0x0, 0x0, 0x0, 0x6f, 0xfa, 0x0,
    0x0, 0x0, 0x6f, 0xfa, 0x0, 0x0, 0x68, 0xef,
    0xf7, 0x0, 0x0, 0xcf, 0xff, 0xf1, 0x0, 0x0,
    0xaf, 0xfb, 0x30,

    /* U+0136 "Ķ" */
    0x8f, 0xf9, 0x0, 0x0, 0x0, 0x8f, 0xff, 0x90,
    0x8f, 0xf9, 0x0, 0x0, 0x7, 0xff, 0xfa, 0x0,
    0x8f, 0xf9, 0x0, 0x0, 0x7f, 0xff, 0xa0, 0x0,
    0x8f, 0xf9, 0x0, 0x6, 0xff, 0xfa, 0x0, 0x0,
    0x8f, 0xf9, 0x0, 0x5f, 0xff, 0xa0, 0x0, 0x0,
    0x8f, 0xf9, 0x4, 0xff, 0xfb, 0x0, 0x0, 0x0,
    0x8f, 0xf9, 0x4f, 0xff, 0xb0, 0x0, 0x0, 0x0,
    0x8f, 0xfc, 0xff, 0xfb, 0x0, 0x0, 0x0, 0x0,
    0x8f, 0xff, 0xff, 0xd0, 0x0, 0x0, 0x0, 0x0,
    0x8f, 0xff, 0xff, 0xf6, 0x0, 0x0, 0x0, 0x0,
    0x8f, 0xf9, 0x9f, 0xff, 0x60, 0x0, 0x0, 0x0,
    0x8f, 0xf9, 0xa, 0xff, 0xf5, 0x0, 0x0, 0x0,
    0x8f, 0xf9, 0x0, 0xbf, 0xff, 0x50, 0x0, 0x0,
    0x8f, 0xf9, 0x0, 0xc, 0xff, 0xf4, 0x0, 0x0,
    0x8f, 0xf9, 0x0, 0x1, 0xdf, 0xff, 0x40, 0x0,
    0x8f, 0xf9, 0x0, 0x0, 0x1e, 0xff, 0xf3, 0x0,
    0x8f, 0xf9, 0x0, 0x0, 0x2, 0xef, 0xff, 0x30,
    0x8f, 0xf9, 0x0, 0x0, 0x0, 0x3f, 0xff, 0xe3,
    0x0, 0x0, 0x0, 0x0, 0x0, 0x0, 0x0, 0x0,
    0x0, 0x0, 0x0, 0x22, 0x20, 0x0, 0x0, 0x0,
    0x0, 0x0, 0x0, 0xff, 0xf4, 0x0, 0x0, 0x0,
    0x0, 0x0, 0x0, 0xff, 0xf4, 0x0, 0x0, 0x0,
    0x0, 0x0, 0x0, 0xff, 0xf4, 0x0, 0x0, 0x0,
    0x0, 0x0, 0x0, 0x7, 0xf2, 0x0, 0x0, 0x0,
    0x0, 0x0, 0x0, 0x4e, 0xc0, 0x0, 0x0, 0x0,
    0x0, 0x0, 0x0, 0xfc, 0x20, 0x0, 0x0, 0x0,
    0x0, 0x0, 0x0, 0x20, 0x0, 0x0, 0x0, 0x0,

    /* U+0137 "ķ" */
    0x6f, 0xfa, 0x0, 0x0, 0x0, 0x0, 0x6, 0xff,
    0xa0, 0x0, 0x0, 0x0, 0x0, 0x6f, 0xfa, 0x0,
    0x0, 0x0, 0x0, 0x6, 0xff, 0xa0, 0x0, 0x0,
    0x0, 0x0, 0x6f, 0xfa, 0x0, 0x0, 0x0, 0x0,
    0x6, 0xff, 0xa0, 0x0, 0x2e, 0xff, 0x80, 0x6f,
    0xfa, 0x0, 0x1d, 0xff, 0x90, 0x6, 0xff, 0xa0,
    0xc, 0xff, 0xb0, 0x0, 0x6f, 0xfa, 0xa, 0xff,
    0xc0, 0x0, 0x6, 0xff, 0xa8, 0xff, 0xd1, 0x0,
    0x0, 0x6f, 0xfe, 0xff, 0xd1, 0x0, 0x0, 0x6,
    0xff, 0xff, 0xfa, 0x0, 0x0, 0x0, 0x6f, 0xfb,
    0xef, 0xf8, 0x0, 0x0, 0x6, 0xff, 0xa3, 0xff,
    0xf5, 0x0, 0x0, 0x6f, 0xfa, 0x6, 0xff, 0xf3,
    0x0, 0x6, 0xff, 0xa0, 0x9, 0xff, 0xe2, 0x0,
    0x6f, 0xfa, 0x0, 0xb, 0xff, 0xd1, 0x6, 0xff,
    0xa0, 0x0, 0x1d, 0xff, 0xc0, 0x0, 0x0, 0x0,
    0x0, 0x0, 0x0, 0x0, 0x0, 0x2, 0x22, 0x10,
    0x0, 0x0, 0x0, 0x0, 0xcf, 0xf8, 0x0, 0x0,
    0x0, 0x0, 0xc, 0xff, 0x80, 0x0, 0x0, 0x0,
    0x0, 0xcf, 0xf7, 0x0, 0x0, 0x0, 0x0, 0x0,
    0x4f, 0x50, 0x0, 0x0, 0x0, 0x0, 0x3c, 0xe1,
    0x0, 0x0, 0x0, 0x0, 0xc, 0xe3, 0x0, 0x0,
    0x0, 0x0, 0x0, 0x20, 0x0, 0x0, 0x0, 0x0,

    /* U+0139 "Ĺ" */
    0x0, 0xc, 0xee, 0xd2, 0x0, 0x0, 0x0, 0x0,
    0x8f, 0xfe, 0x20, 0x0, 0x0, 0x0, 0x2, 0xff,
    0xe2, 0x0, 0x0, 0x0, 0x0, 0xc, 0xfe, 0x20,
    0x0, 0x0, 0x0, 0x0, 0x0, 0x0, 0x0, 0x0,
    0x0, 0x0, 0x0, 0x0, 0x0, 0x0, 0x0, 0x0,
    0x0, 0x0, 0x8, 0xff, 0x90, 0x0, 0x0, 0x0,
    0x0, 0x8, 0xff, 0x90, 0x0, 0x0, 0x0, 0x0,
    0x8, 0xff, 0x90, 0x0, 0x0, 0x0, 0x0, 0x8,
    0xff, 0x90, 0x0, 0x0, 0x0, 0x0, 0x8, 0xff,
    0x90, 0x0, 0x0, 0x0, 0x0, 0x8, 0xff, 0x90,
    0x0, 0x0, 0x0, 0x0, 0x8, 0xff, 0x90, 0x0,
    0x0, 0x0, 0x0, 0x8, 0xff, 0x90, 0x0, 0x0,
    0x0, 0x0, 0x8, 0xff, 0x90, 0x0, 0x0, 0x0,
    0x0, 0x8, 0xff, 0x90, 0x0, 0x0, 0x0, 0x0,
    0x8, 0xff, 0x90, 0x0, 0x0, 0x0, 0x0, 0x8,
    0xff, 0x90, 0x0, 0x0, 0x0, 0x0, 0x8, 0xff,
    0x90, 0x0, 0x0, 0x0, 0x0, 0x8, 0xff, 0x90,
    0x0, 0x0, 0x0, 0x0, 0x8, 0xff, 0x90, 0x0,
    0x0, 0x0, 0x0, 0x8, 0xff, 0xd9, 0x99, 0x99,
    0x99, 0x91, 0x8, 0xff, 0xff, 0xff, 0xff, 0xff,
    0xf1, 0x8, 0xff, 0xff, 0xff, 0xff, 0xff, 0xf1,

    /* U+013A "ĺ" */
    0x0, 0xc, 0xee, 0xd2, 0x0, 0x7f, 0xff, 0x30,
    0x2, 0xff, 0xf3, 0x0, 0xb, 0xff, 0x30, 0x0,
    0x0, 0x0, 0x0, 0x0, 0x0, 0x0, 0x0, 0x0,
    0x6, 0xff, 0xa0, 0x0, 0x6, 0xff, 0xa0, 0x0,
    0x6, 0xff, 0xa0, 0x0, 0x6, 0xff, 0xa0, 0x0,
    0x6, 0xff, 0xa0, 0x0, 0x6, 0xff, 0xa0, 0x0,
    0x6, 0xff, 0xa0, 0x0, 0x6, 0xff, 0xa0, 0x0,
    0x6, 0xff, 0xa0, 0x0, 0x6, 0xff, 0xa0, 0x0,
    0x6, 0xff, 0xa0, 0x0, 0x6, 0xff, 0xa0, 0x0,
    0x6, 0xff, 0xa0, 0x0, 0x6, 0xff, 0xa0, 0x0,
    0x6, 0xff, 0xa0, 0x0, 0x6, 0xff, 0xa0, 0x0,
    0x6, 0xff, 0xa0, 0x0, 0x6, 0xff, 0xa0, 0x0,

    /* U+013B "Ļ" */
    0x8f, 0xf9, 0x0, 0x0, 0x0, 0x0, 0x8, 0xff,
    0x90, 0x0, 0x0, 0x0, 0x0, 0x8f, 0xf9, 0x0,
    0x0, 0x0, 0x0, 0x8, 0xff, 0x90, 0x0, 0x0,
    0x0, 0x0, 0x8f, 0xf9, 0x0, 0x0, 0x0, 0x0,
    0x8, 0xff, 0x90, 0x0, 0x0, 0x0, 0x0, 0x8f,
    0xf9, 0x0, 0x0, 0x0, 0x0, 0x8, 0xff, 0x90,
    0x0, 0x0, 0x0, 0x0, 0x8f, 0xf9, 0x0, 0x0,
    0x0, 0x0, 0x8, 0xff, 0x90, 0x0, 0x0, 0x0,
    0x0, 0x8f, 0xf9, 0x0, 0x0, 0x0, 0x0, 0x8,
    0xff, 0x90, 0x0, 0x0, 0x0, 0x0, 0x8f, 0xf9,
    0x0, 0x0, 0x0, 0x0, 0x8, 0xff, 0x90, 0x0,
    0x0, 0x0, 0x0, 0x8f, 0xf9, 0x0, 0x0, 0x0,
    0x0, 0x8, 0xff, 0xd9, 0x99, 0x99, 0x99, 0x91,
    0x8f, 0xff, 0xff, 0xff, 0xff, 0xff, 0x18, 0xff,
    0xff, 0xff, 0xff, 0xff, 0xf1, 0x0, 0x0, 0x0,
    0x0, 0x0, 0x0, 0x0, 0x0, 0x0, 0x22, 0x20,
    0x0, 0x0, 0x0, 0x0, 0xf, 0xff, 0x50, 0x0,
    0x0, 0x0, 0x0, 0xff, 0xf5, 0x0, 0x0, 0x0,
    0x0, 0xf, 0xff, 0x40, 0x0, 0x0, 0x0, 0x0,
    0x6, 0xf2, 0x0, 0x0, 0x0, 0x0, 0x4, 0xec,
    0x0, 0x0, 0x0, 0x0, 0x0, 0xfd, 0x20, 0x0,
    0x0, 0x0, 0x0, 0x2, 0x0, 0x0, 0x0, 0x0,

    /* U+013C "ļ" */
    0x6f, 0xfa, 0x6f, 0xfa, 0x6f, 0xfa, 0x6f, 0xfa,
    0x6f, 0xfa, 0x6f, 0xfa, 0x6f, 0xfa, 0x6f, 0xfa,
    0x6f, 0xfa, 0x6f, 0xfa, 0x6f, 0xfa, 0x6f, 0xfa,
    0x6f, 0xfa, 0x6f, 0xfa, 0x6f, 0xfa, 0x6f, 0xfa,
    0x6f, 0xfa, 0x6f, 0xfa, 0x0, 0x0, 0x12, 0x22,
    0x8f, 0xfc, 0x8f, 0xfc, 0x8f, 0xfb, 0x0, 0xf9,
    0x1a, 0xf3, 0x8f, 0x70, 0x10, 0x0,

    /* U+013D "Ľ" */
    0x8f, 0xf9, 0x0, 0x2, 0xff, 0x70, 0x8, 0xff,
    0x90, 0x0, 0x2f, 0xf5, 0x0, 0x8f, 0xf9, 0x0,
    0x2, 0xff, 0x30, 0x8, 0xff, 0x90, 0x0, 0x2f,
    0xf1, 0x0, 0x8f, 0xf9, 0x0, 0x2, 0xff, 0x0,
    0x8, 0xff, 0x90, 0x0, 0x1c, 0xb0, 0x0, 0x8f,
    0xf9, 0x0, 0x0, 0x0, 0x0, 0x8, 0xff, 0x90,
    0x0, 0x0, 0x0, 0x0, 0x8f, 0xf9, 0x0, 0x0,
    0x0, 0x0, 0x8, 0xff, 0x90, 0x0, 0x0, 0x0,
    0x0, 0x8f, 0xf9, 0x0, 0x0, 0x0, 0x0, 0x8,
    0xff, 0x90, 0x0, 0x0, 0x0, 0x0, 0x8f, 0xf9,
    0x0, 0x0, 0x0, 0x0, 0x8, 0xff, 0x90, 0x0,
    0x0, 0x0, 0x0, 0x8f, 0xf9, 0x0, 0x0, 0x0,
    0x0, 0x8, 0xff, 0xd9, 0x99, 0x99, 0x99, 0x91,
    0x8f, 0xff, 0xff, 0xff, 0xff, 0xff, 0x18, 0xff,
    0xff, 0xff, 0xff, 0xff, 0xf1,

    /* U+013E "ľ" */
    0x6f, 0xfa, 0xf, 0xf8, 0x6f, 0xfa, 0xf, 0xf7,
    0x6f, 0xfa, 0xf, 0xf5, 0x6f, 0xfa, 0xf, 0xf3,
    0x6f, 0xfa, 0xf, 0xf1, 0x6f, 0xfa, 0xc, 0xc0,
    0x6f, 0xfa, 0x0, 0x0, 0x6f, 0xfa, 0x0, 0x0,
    0x6f, 0xfa, 0x0, 0x0, 0x6f, 0xfa, 0x0, 0x0,
    0x6f, 0xfa, 0x0, 0x0, 0x6f, 0xfa, 0x0, 0x0,
    0x6f, 0xfa, 0x0, 0x0, 0x6f, 0xfa, 0x0, 0x0,
    0x6f, 0xfa, 0x0, 0x0, 0x6f, 0xfa, 0x0, 0x0,
    0x6f, 0xfa, 0x0, 0x0, 0x6f, 0xfa, 0x0, 0x0,

    /* U+0141 "Ł" */
    0x5, 0xff, 0xc0, 0x0, 0x0, 0x0, 0x0, 0x5,
    0xff, 0xc0, 0x0, 0x0, 0x0, 0x0, 0x5, 0xff,
    0xc0, 0x0, 0x0, 0x0, 0x0, 0x5, 0xff, 0xc0,
    0x0, 0x0, 0x0, 0x0, 0x5, 0xff, 0xc0, 0x0,
    0x0, 0x0, 0x0, 0x5, 0xff, 0xc0, 0x17, 0x40,
    0x0, 0x0, 0x5, 0xff, 0xda, 0xff, 0x60, 0x0,
    0x0, 0x5, 0xff, 0xff, 0xfd, 0x30, 0x0, 0x0,
    0x4c, 0xff, 0xfb, 0x40, 0x0, 0x0, 0x0, 0xff,
    0xff, 0xc0, 0x0, 0x0, 0x0, 0x0, 0xfc, 0xff,
    0xc0, 0x0, 0x0, 0x0, 0x0, 0x15, 0xff, 0xc0,
    0x0, 0x0, 0x0, 0x0, 0x5, 0xff, 0xc0, 0x0,
    0x0, 0x0, 0x0, 0x5, 0xff, 0xc0, 0x0, 0x0,
    0x0, 0x0, 0x5, 0xff, 0xc0, 0x0, 0x0, 0x0,
    0x0, 0x5, 0xff, 0xe9, 0x99, 0x99, 0x99, 0x92,
    0x5, 0xff, 0xff, 0xff, 0xff, 0xff, 0xf4, 0x5,
    0xff, 0xff, 0xff, 0xff, 0xff, 0xf4,

    /* U+0142 "ł" */
    0x0, 0xff, 0xf0, 0x0, 0xf, 0xff, 0x0, 0x0,
    0xff, 0xf0, 0x0, 0xf, 0xff, 0x0, 0x0, 0xff,
    0xf0, 0x0, 0xf, 0xff, 0x0, 0x0, 0xff, 0xf8,
    0xd0, 0xf, 0xff, 0xfe, 0x3a, 0xff, 0xfa, 0x3d,
    0xff, 0xff, 0x0, 0xc8, 0xff, 0xf0, 0x0, 0xf,
    0xff, 0x0, 0x0, 0xff, 0xf0, 0x0, 0xf, 0xff,
    0x0, 0x0, 0xff, 0xf0, 0x0, 0xf, 0xff, 0x0,
    0x0, 0xff, 0xf0, 0x0, 0xf, 0xff, 0x0,

    /* U+0143 "Ń" */
    0x0, 0x0, 0x0, 0x3, 0xee, 0xea, 0x0, 0x0,
    0x0, 0x0, 0x0, 0xdf, 0xfb, 0x0, 0x0, 0x0,
    0x0, 0x0, 0x8f, 0xfb, 0x0, 0x0, 0x0, 0x0,
    0x0, 0x2f, 0xfb, 0x0, 0x0, 0x0, 0x0, 0x0,
    0x0, 0x0, 0x0, 0x0, 0x0, 0x0, 0x0, 0x0,
    0x0, 0x0, 0x0, 0x0, 0x0, 0x8f, 0xff, 0xa0,
    0x0, 0x0, 0x1, 0xff, 0xe8, 0xff, 0xff, 0x20,
    0x0, 0x0, 0x1f, 0xfe, 0x8f, 0xff, 0xfb, 0x0,
    0x0, 0x1, 0xff, 0xe8, 0xff, 0xff, 0xf3, 0x0,
    0x0, 0x1f, 0xfe, 0x8f, 0xfb, 0xff, 0xc0, 0x0,
    0x1, 0xff, 0xe8, 0xff, 0x8b, 0xff, 0x50, 0x0,
    0x1f, 0xfe, 0x8f, 0xf8, 0x2f, 0xfd, 0x0, 0x1,
    0xff, 0xe8, 0xff, 0x80, 0x9f, 0xf6, 0x0, 0x1f,
    0xfe, 0x8f, 0xf8, 0x1, 0xff, 0xe0, 0x1, 0xff,
    0xe8, 0xff, 0x80, 0x8, 0xff, 0x70, 0x1f, 0xfe,
    0x8f, 0xf8, 0x0, 0x1e, 0xff, 0x11, 0xff, 0xe8,
    0xff, 0x80, 0x0, 0x7f, 0xf8, 0x1f, 0xfe, 0x8f,
    0xf8, 0x0, 0x0, 0xef, 0xf3, 0xff, 0xe8, 0xff,
    0x80, 0x0, 0x6, 0xff, 0xbf, 0xfe, 0x8f, 0xf8,
    0x0, 0x0, 0xd, 0xff, 0xff, 0xe8, 0xff, 0x80,
    0x0, 0x0, 0x4f, 0xff, 0xfe, 0x8f, 0xf8, 0x0,
    0x0, 0x0, 0xcf, 0xff, 0xe8, 0xff, 0x80, 0x0,
    0x0, 0x3, 0xff, 0xfe,

    /* U+0144 "ń" */
    0x0, 0x0, 0x0, 0x1f, 0xff, 0xd1, 0x0, 0x0,
    0x0, 0xa, 0xff, 0xd1, 0x0, 0x0, 0x0, 0x4,
    0xff, 0xd1, 0x0, 0x0, 0x0, 0x0, 0xdf, 0xd1,
    0x0, 0x0, 0x0, 0x0, 0x0, 0x0, 0x0, 0x0,
    0x6, 0xff, 0x90, 0x5c, 0xff, 0xc5, 0x0, 0x6f,
    0xf9, 0x9f, 0xff, 0xff, 0xf6, 0x6, 0xff, 0xef,
    0xe9, 0xaf, 0xff, 0xe0, 0x6f, 0xff, 0xa0, 0x0,
    0x3f, 0xff, 0x26, 0xff, 0xe0, 0x0, 0x0, 0xdf,
    0xf4, 0x6f, 0xfb, 0x0, 0x0, 0xc, 0xff, 0x46,
    0xff, 0xa0, 0x0, 0x0, 0xcf, 0xf4, 0x6f, 0xfa,
    0x0, 0x0, 0xc, 0xff, 0x46, 0xff, 0xa0, 0x0,
    0x0, 0xcf, 0xf4, 0x6f, 0xfa, 0x0, 0x0, 0xc,
    0xff, 0x46, 0xff, 0xa0, 0x0, 0x0, 0xcf, 0xf4,
    0x6f, 0xfa, 0x0, 0x0, 0xc, 0xff, 0x46, 0xff,
    0xa0, 0x0, 0x0, 0xcf, 0xf4,

    /* U+0145 "Ņ" */
    0x8f, 0xff, 0xa0, 0x0, 0x0, 0x1, 0xff, 0xe8,
    0xff, 0xff, 0x20, 0x0, 0x0, 0x1f, 0xfe, 0x8f,
    0xff, 0xfb, 0x0, 0x0, 0x1, 0xff, 0xe8, 0xff,
    0xff, 0xf3, 0x0, 0x0, 0x1f, 0xfe, 0x8f, 0xfb,
    0xff, 0xc0, 0x0, 0x1, 0xff, 0xe8, 0xff, 0x8b,
    0xff, 0x50, 0x0, 0x1f, 0xfe, 0x8f, 0xf8, 0x2f,
    0xfd, 0x0, 0x1, 0xff, 0xe8, 0xff, 0x80, 0x9f,
    0xf6, 0x0, 0x1f, 0xfe, 0x8f, 0xf8, 0x1, 0xff,
    0xe0, 0x1, 0xff, 0xe8, 0xff, 0x80, 0x8, 0xff,
    0x70, 0x1f, 0xfe, 0x8f, 0xf8, 0x0, 0x1e, 0xff,
    0x11, 0xff, 0xe8, 0xff, 0x80, 0x0, 0x7f, 0xf8,
    0x1f, 0xfe, 0x8f, 0xf8, 0x0, 0x0, 0xef, 0xf3,
    0xff, 0xe8, 0xff, 0x80, 0x0, 0x6, 0xff, 0xbf,
    0xfe, 0x8f, 0xf8, 0x0, 0x0, 0xd, 0xff, 0xff,
    0xe8, 0xff, 0x80, 0x0, 0x0, 0x4f, 0xff, 0xfe,
    0x8f, 0xf8, 0x0, 0x0, 0x0, 0xcf, 0xff, 0xe8,
    0xff, 0x80, 0x0, 0x0, 0x3, 0xff, 0xfe, 0x0,
    0x0, 0x0, 0x0, 0x0, 0x0, 0x0, 0x0, 0x0,
    0x0, 0x2, 0x22, 0x0, 0x0, 0x0, 0x0, 0x0,
    0x0, 0xff, 0xf5, 0x0, 0x0, 0x0, 0x0, 0x0,
    0xf, 0xff, 0x50, 0x0, 0x0, 0x0, 0x0, 0x0,
    0xff, 0xf5, 0x0, 0x0, 0x0, 0x0, 0x0, 0x0,
    0x6f, 0x30, 0x0, 0x0, 0x0, 0x0, 0x0, 0x4e,
    0xd0, 0x0, 0x0, 0x0, 0x0, 0x0, 0xf, 0xd2,
    0x0, 0x0, 0x0, 0x0, 0x0, 0x0, 0x20, 0x0,
    0x0, 0x0, 0x0,

    /* U+0146 "ņ" */
    0x6f, 0xf9, 0x5, 0xcf, 0xfc, 0x50, 0x6, 0xff,
    0x99, 0xff, 0xff, 0xff, 0x60, 0x6f, 0xfe, 0xfe,
    0x9a, 0xff, 0xfe, 0x6, 0xff, 0xfa, 0x0, 0x3,
    0xff, 0xf2, 0x6f, 0xfe, 0x0, 0x0, 0xd, 0xff,
    0x46, 0xff, 0xb0, 0x0, 0x0, 0xcf, 0xf4, 0x6f,
    0xfa, 0x0, 0x0, 0xc, 0xff, 0x46, 0xff, 0xa0,
    0x0, 0x0, 0xcf, 0xf4, 0x6f, 0xfa, 0x0, 0x0,
    0xc, 0xff, 0x46, 0xff, 0xa0, 0x0, 0x0, 0xcf,
    0xf4, 0x6f, 0xfa, 0x0, 0x0, 0xc, 0xff, 0x46,
    0xff, 0xa0, 0x0, 0x0, 0xcf, 0xf4, 0x6f, 0xfa,
    0x0, 0x0, 0xc, 0xff, 0x40, 0x0, 0x0, 0x0,
    0x0, 0x0, 0x0, 0x0, 0x0, 0x2, 0x22, 0x0,
    0x0, 0x0, 0x0, 0x0, 0xff, 0xf3, 0x0, 0x0,
    0x0, 0x0, 0xf, 0xff, 0x30, 0x0, 0x0, 0x0,
    0x0, 0xff, 0xf3, 0x0, 0x0, 0x0, 0x0, 0x0,
    0x8f, 0x10, 0x0, 0x0, 0x0, 0x0, 0x5e, 0xb0,
    0x0, 0x0, 0x0, 0x0, 0xf, 0xc1, 0x0, 0x0,
    0x0, 0x0, 0x0, 0x20, 0x0, 0x0, 0x0,

    /* U+0147 "Ň" */
    0x0, 0x6, 0x86, 0x0, 0x3, 0x88, 0x10, 0x0,
    0x0, 0x3f, 0xfa, 0x5, 0xff, 0x80, 0x0, 0x0,
    0x0, 0x4f, 0xfd, 0xff, 0xa0, 0x0, 0x0, 0x0,
    0x0, 0x5f, 0xff, 0xb0, 0x0, 0x0, 0x0, 0x0,
    0x0, 0x0, 0x0, 0x0, 0x0, 0x0, 0x0, 0x0,
    0x0, 0x0, 0x0, 0x0, 0x0, 0x8f, 0xff, 0xa0,
    0x0, 0x0, 0x1, 0xff, 0xe8, 0xff, 0xff, 0x20,
    0x0, 0x0, 0x1f, 0xfe, 0x8f, 0xff, 0xfb, 0x0,
    0x0, 0x1, 0xff, 0xe8, 0xff, 0xff, 0xf3, 0x0,
    0x0, 0x1f, 0xfe, 0x8f, 0xfb, 0xff, 0xc0, 0x0,
    0x1, 0xff, 0xe8, 0xff, 0x8b, 0xff, 0x50, 0x0,
    0x1f, 0xfe, 0x8f, 0xf8, 0x2f, 0xfd, 0x0, 0x1,
    0xff, 0xe8, 0xff, 0x80, 0x9f, 0xf6, 0x0, 0x1f,
    0xfe, 0x8f, 0xf8, 0x1, 0xff, 0xe0, 0x1, 0xff,
    0xe8, 0xff, 0x80, 0x8, 0xff, 0x70, 0x1f, 0xfe,
    0x8f, 0xf8, 0x0, 0x1e, 0xff, 0x11, 0xff, 0xe8,
    0xff, 0x80, 0x0, 0x7f, 0xf8, 0x1f, 0xfe, 0x8f,
    0xf8, 0x0, 0x0, 0xef, 0xf3, 0xff, 0xe8, 0xff,
    0x80, 0x0, 0x6, 0xff, 0xbf, 0xfe, 0x8f, 0xf8,
    0x0, 0x0, 0xd, 0xff, 0xff, 0xe8, 0xff, 0x80,
    0x0, 0x0, 0x4f, 0xff, 0xfe, 0x8f, 0xf8, 0x0,
    0x0, 0x0, 0xcf, 0xff, 0xe8, 0xff, 0x80, 0x0,
    0x0, 0x3, 0xff, 0xfe,

    /* U+0148 "ň" */
    0x0, 0x6f, 0xf6, 0x0, 0x8f, 0xf4, 0x0, 0x0,
    0x7f, 0xf8, 0xaf, 0xf5, 0x0, 0x0, 0x0, 0x9f,
    0xff, 0xf7, 0x0, 0x0, 0x0, 0x0, 0x89, 0x97,
    0x0, 0x0, 0x0, 0x0, 0x0, 0x0, 0x0, 0x0,
    0x6, 0xff, 0x90, 0x5c, 0xff, 0xc5, 0x0, 0x6f,
    0xf9, 0x9f, 0xff, 0xff, 0xf6, 0x6, 0xff, 0xef,
    0xe9, 0xaf, 0xff, 0xe0, 0x6f, 0xff, 0xa0, 0x0,
    0x3f, 0xff, 0x26, 0xff, 0xe0, 0x0, 0x0, 0xdf,
    0xf4, 0x6f, 0xfb, 0x0, 0x0, 0xc, 0xff, 0x46,
    0xff, 0xa0, 0x0, 0x0, 0xcf, 0xf4, 0x6f, 0xfa,
    0x0, 0x0, 0xc, 0xff, 0x46, 0xff, 0xa0, 0x0,
    0x0, 0xcf, 0xf4, 0x6f, 0xfa, 0x0, 0x0, 0xc,
    0xff, 0x46, 0xff, 0xa0, 0x0, 0x0, 0xcf, 0xf4,
    0x6f, 0xfa, 0x0, 0x0, 0xc, 0xff, 0x46, 0xff,
    0xa0, 0x0, 0x0, 0xcf, 0xf4,

    /* U+014A "Ŋ" */
    0x9f, 0xff, 0x90, 0x0, 0x0, 0x2, 0xff, 0xd9,
    0xff, 0xff, 0x30, 0x0, 0x0, 0x2f, 0xfd, 0x9f,
    0xff, 0xfc, 0x0, 0x0, 0x2, 0xff, 0xd9, 0xff,
    0xff, 0xf6, 0x0, 0x0, 0x2f, 0xfd, 0x9f, 0xfa,
    0xff, 0xe1, 0x0, 0x2, 0xff, 0xd9, 0xff, 0x7a,
    0xff, 0x90, 0x0, 0x2f, 0xfd, 0x9f, 0xf7, 0x1f,
    0xff, 0x30, 0x2, 0xff, 0xd9, 0xff, 0x70, 0x6f,
    0xfc, 0x0, 0x2f, 0xfd, 0x9f, 0xf7, 0x0, 0xdf,
    0xf6, 0x2, 0xff, 0xd9, 0xff, 0x70, 0x3, 0xff,
    0xe1, 0x2f, 0xfd, 0x9f, 0xf7, 0x0, 0xa, 0xff,
    0x92, 0xff, 0xd9, 0xff, 0x70, 0x0, 0x1f, 0xff,
    0x5f, 0xfd, 0x9f, 0xf7, 0x0, 0x0, 0x6f, 0xfe,
    0xff, 0xd9, 0xff, 0x70, 0x0, 0x0, 0xdf, 0xff,
    0xfd, 0x9f, 0xf7, 0x0, 0x0, 0x3, 0xff, 0xff,
    0xd9, 0xff, 0x70, 0x0, 0x0, 0xa, 0xff, 0xfd,
    0x9f, 0xf7, 0x0, 0x0, 0x0, 0x1f, 0xff, 0xd9,
    0xff, 0x70, 0x0, 0x0, 0x0, 0x7f, 0xff, 0x0,
    0x0, 0x0, 0x0, 0x0, 0x3, 0xff, 0xd0, 0x0,
    0x0, 0x0, 0x0, 0x0, 0x4f, 0xfd, 0x0, 0x0,
    0x0, 0x0, 0x3a, 0xae, 0xff, 0xa0, 0x0, 0x0,
    0x0, 0x4, 0xff, 0xff, 0xf3, 0x0, 0x0, 0x0,
    0x0, 0x3e, 0xff, 0xb4, 0x0,

    /* U+014B "ŋ" */
    0x6f, 0xf9, 0x5, 0xcf, 0xfc, 0x50, 0x6, 0xff,
    0x99, 0xff, 0xff, 0xff, 0x60, 0x6f, 0xfe, 0xfe,
    0x9a, 0xff, 0xfe, 0x6, 0xff, 0xfa, 0x0, 0x2,
    0xff, 0xf3, 0x6f, 0xfe, 0x0, 0x0, 0xd, 0xff,
    0x46, 0xff, 0xb0, 0x0, 0x0, 0xcf, 0xf4, 0x6f,
    0xfa, 0x0, 0x0, 0xc, 0xff, 0x46, 0xff, 0xa0,
    0x0, 0x0, 0xcf, 0xf4, 0x6f, 0xfa, 0x0, 0x0,
    0xc, 0xff, 0x46, 0xff, 0xa0, 0x0, 0x0, 0xcf,
    0xf4, 0x6f, 0xfa, 0x0, 0x0, 0xc, 0xff, 0x46,
    0xff, 0xa0, 0x0, 0x0, 0xcf, 0xf4, 0x6f, 0xfa,
    0x0, 0x0, 0xc, 0xff, 0x40, 0x0, 0x0, 0x0,
    0x0, 0xcf, 0xf4, 0x0, 0x0, 0x0, 0x0, 0xd,
    0xff, 0x30, 0x0, 0x0, 0x1, 0x8a, 0xff, 0xf1,
    0x0, 0x0, 0x0, 0x2f, 0xff, 0xfa, 0x0, 0x0,
    0x0, 0x2, 0xef, 0xe8, 0x0,

    /* U+014C "Ō" */
    0x0, 0x0, 0x3, 0x44, 0x44, 0x44, 0x44, 0x0,
    0x0, 0x0, 0x0, 0x0, 0xcf, 0xff, 0xff, 0xff,
    0xd0, 0x0, 0x0, 0x0, 0x0, 0xc, 0xff, 0xff,
    0xff, 0xfd, 0x0, 0x0, 0x0, 0x0, 0x0, 0x0,
    0x0, 0x0, 0x0, 0x0, 0x0, 0x0, 0x0, 0x0,
    0x0, 0x0, 0x0, 0x0, 0x0, 0x0, 0x0, 0x0,
    0x0, 0x0, 0x0, 0x0, 0x0, 0x0, 0x0, 0x0,
    0x0, 0x0, 0x0, 0x1, 0x8c, 0xff, 0xfc, 0x82,
    0x0, 0x0, 0x0, 0x0, 0x7, 0xff, 0xff, 0xff,
    0xff, 0xf8, 0x0, 0x0, 0x0, 0xa, 0xff, 0xff,
    0xca, 0xbf, 0xff, 0xfb, 0x0, 0x0, 0x8, 0xff,
    0xf8, 0x10, 0x0, 0x8, 0xff, 0xf8, 0x0, 0x2,
    0xff, 0xf7, 0x0, 0x0, 0x0, 0x6, 0xff, 0xf2,
    0x0, 0x8f, 0xfc, 0x0, 0x0, 0x0, 0x0, 0xc,
    0xff, 0x90, 0xd, 0xff, 0x60, 0x0, 0x0, 0x0,
    0x0, 0x5f, 0xfe, 0x0, 0xff, 0xf2, 0x0, 0x0,
    0x0, 0x0, 0x1, 0xff, 0xf1, 0x1f, 0xff, 0x10,
    0x0, 0x0, 0x0, 0x0, 0xf, 0xff, 0x21, 0xff,
    0xf1, 0x0, 0x0, 0x0, 0x0, 0x0, 0xff, 0xf2,
    0xf, 0xff, 0x30, 0x0, 0x0, 0x0, 0x0, 0x2f,
    0xff, 0x10, 0xcf, 0xf7, 0x0, 0x0, 0x0, 0x0,
    0x6, 0xff, 0xd0, 0x8, 0xff, 0xd0, 0x0, 0x0,
    0x0, 0x0, 0xdf, 0xf8, 0x0, 0x1f, 0xff, 0x80,
    0x0, 0x0, 0x0, 0x8f, 0xff, 0x20, 0x0, 0x7f,
    0xff, 0x91, 0x0, 0x1, 0x9f, 0xff, 0x80, 0x0,
    0x0, 0xaf, 0xff, 0xfc, 0xac, 0xff, 0xff, 0xa0,
    0x0, 0x0, 0x0, 0x7f, 0xff, 0xff, 0xff, 0xff,
    0x80, 0x0, 0x0, 0x0, 0x0, 0x17, 0xce, 0xff,
    0xc8, 0x10, 0x0, 0x0,

    /* U+014D "ō" */
    0x0, 0x2f, 0xff, 0xff, 0xff, 0xf7, 0x0, 0x0,
    0x2f, 0xff, 0xff, 0xff, 0xf7, 0x0, 0x0, 0x4,
    0x44, 0x44, 0x44, 0x42, 0x0, 0x0, 0x0, 0x0,
    0x0, 0x0, 0x0, 0x0, 0x0, 0x0, 0x0, 0x0,
    0x0, 0x0, 0x0, 0x0, 0x1, 0x8d, 0xff, 0xea,
    0x30, 0x0, 0x0, 0x4e, 0xff, 0xff, 0xff, 0xf8,
    0x0, 0x2, 0xff, 0xfe, 0x98, 0xcf, 0xff, 0x70,
    0xb, 0xff, 0xc1, 0x0, 0x8, 0xff, 0xf1, 0x1f,
    0xff, 0x20, 0x0, 0x0, 0xdf, 0xf7, 0x4f, 0xfe,
    0x0, 0x0, 0x0, 0x8f, 0xfa, 0x5f, 0xfc, 0x0,
    0x0, 0x0, 0x7f, 0xfb, 0x4f, 0xfe, 0x0, 0x0,
    0x0, 0x9f, 0xfa, 0x1f, 0xff, 0x30, 0x0, 0x0,
    0xdf, 0xf6, 0xb, 0xff, 0xd1, 0x0, 0x8, 0xff,
    0xf1, 0x2, 0xff, 0xfe, 0x99, 0xdf, 0xff, 0x60,
    0x0, 0x3e, 0xff, 0xff, 0xff, 0xf8, 0x0, 0x0,
    0x1, 0x8d, 0xff, 0xea, 0x30, 0x0,

    /* U+0150 "Ő" */
    0x0, 0x0, 0x0, 0x6f, 0xfd, 0x4, 0xff, 0xe1,
    0x0, 0x0, 0x0, 0x0, 0xc, 0xff, 0x40, 0xaf,
    0xf6, 0x0, 0x0, 0x0, 0x0, 0x1, 0xff, 0xa0,
    0xf, 0xfb, 0x0, 0x0, 0x0, 0x0, 0x0, 0x6e,
    0xd1, 0x4, 0xee, 0x20, 0x0, 0x0, 0x0, 0x0,
    0x0, 0x0, 0x0, 0x0, 0x0, 0x0, 0x0, 0x0,
    0x0, 0x0, 0x0, 0x0, 0x0, 0x0, 0x0, 0x0,
    0x0, 0x0, 0x0, 0x1, 0x8c, 0xff, 0xfc, 0x82,
    0x0, 0x0, 0x0, 0x0, 0x7, 0xff, 0xff, 0xff,
    0xff, 0xf8, 0x0, 0x0, 0x0, 0xa, 0xff, 0xff,
    0xca, 0xbf, 0xff, 0xfb, 0x0, 0x0, 0x8, 0xff,
    0xf8, 0x10, 0x0, 0x8, 0xff, 0xf8, 0x0, 0x2,
    0xff, 0xf7, 0x0, 0x0, 0x0, 0x6, 0xff, 0xf2,
    0x0, 0x8f, 0xfc, 0x0, 0x0, 0x0, 0x0, 0xc,
    0xff, 0x90, 0xd, 0xff, 0x60, 0x0, 0x0, 0x0,
    0x0, 0x5f, 0xfe, 0x0, 0xff, 0xf2, 0x0, 0x0,
    0x0, 0x0, 0x1, 0xff, 0xf1, 0x1f, 0xff, 0x10,
    0x0, 0x0, 0x0, 0x0, 0xf, 0xff, 0x21, 0xff,
    0xf1, 0x0, 0x0, 0x0, 0x0, 0x0, 0xff, 0xf2,
    0xf, 0xff, 0x30, 0x0, 0x0, 0x0, 0x0, 0x2f,
    0xff, 0x10, 0xcf, 0xf7, 0x0, 0x0, 0x0, 0x0,
    0x6, 0xff, 0xd0, 0x8, 0xff, 0xd0, 0x0, 0x0,
    0x0, 0x0, 0xdf, 0xf8, 0x0, 0x1f, 0xff, 0x80,
    0x0, 0x0, 0x0, 0x8f, 0xff, 0x20, 0x0, 0x7f,
    0xff, 0x91, 0x0, 0x1, 0x9f, 0xff, 0x80, 0x0,
    0x0, 0xaf, 0xff, 0xfc, 0xac, 0xff, 0xff, 0xa0,
    0x0, 0x0, 0x0, 0x7f, 0xff, 0xff, 0xff, 0xff,
    0x80, 0x0, 0x0, 0x0, 0x0, 0x17, 0xce, 0xff,
    0xc8, 0x10, 0x0, 0x0,

    /* U+0151 "ő" */
    0x0, 0x0, 0xcf, 0xf8, 0xa, 0xff, 0xa0, 0x0,
    0x1, 0xff, 0xe0, 0xf, 0xff, 0x10, 0x0, 0x7,
    0xff, 0x40, 0x5f, 0xf6, 0x0, 0x0, 0xb, 0xfa,
    0x0, 0xaf, 0xb0, 0x0, 0x0, 0x0, 0x0, 0x0,
    0x0, 0x0, 0x0, 0x0, 0x1, 0x8d, 0xff, 0xea,
    0x30, 0x0, 0x0, 0x4e, 0xff, 0xff, 0xff, 0xf8,
    0x0, 0x2, 0xff, 0xfe, 0x98, 0xcf, 0xff, 0x70,
    0xb, 0xff, 0xc1, 0x0, 0x8, 0xff, 0xf1, 0x1f,
    0xff, 0x20, 0x0, 0x0, 0xdf, 0xf7, 0x4f, 0xfe,
    0x0, 0x0, 0x0, 0x8f, 0xfa, 0x5f, 0xfc, 0x0,
    0x0, 0x0, 0x7f, 0xfb, 0x4f, 0xfe, 0x0, 0x0,
    0x0, 0x9f, 0xfa, 0x1f, 0xff, 0x30, 0x0, 0x0,
    0xdf, 0xf6, 0xb, 0xff, 0xd1, 0x0, 0x8, 0xff,
    0xf1, 0x2, 0xff, 0xfe, 0x99, 0xdf, 0xff, 0x60,
    0x0, 0x3e, 0xff, 0xff, 0xff, 0xf8, 0x0, 0x0,
    0x1, 0x8d, 0xff, 0xea, 0x30, 0x0,

    /* U+0152 "Œ" */
    0x0, 0x0, 0x0, 0x5a, 0xdf, 0xff, 0xff, 0xff,
    0xff, 0xff, 0xff, 0xff, 0x80, 0x0, 0x5, 0xef,
    0xff, 0xff, 0xff, 0xff, 0xff, 0xff, 0xff, 0xff,
    0xf8, 0x0, 0x8, 0xff, 0xff, 0xdb, 0xab, 0xdf,
    0xff, 0xba, 0xaa, 0xaa, 0xaa, 0x50, 0x6, 0xff,
    0xfa, 0x20, 0x0, 0x0, 0xef, 0xf4, 0x0, 0x0,
    0x0, 0x0, 0x1, 0xff, 0xf9, 0x0, 0x0, 0x0,
    0xe, 0xff, 0x40, 0x0, 0x0, 0x0, 0x0, 0x8f,
    0xfd, 0x0, 0x0, 0x0, 0x0, 0xef, 0xf4, 0x0,
    0x0, 0x0, 0x0, 0xd, 0xff, 0x70, 0x0, 0x0,
    0x0, 0xe, 0xff, 0x40, 0x0, 0x0, 0x0, 0x0,
    0xff, 0xf3, 0x0, 0x0, 0x0, 0x0, 0xef, 0xff,
    0xff, 0xff, 0xff, 0xe0, 0x1f, 0xff, 0x10, 0x0,
    0x0, 0x0, 0xe, 0xff, 0xff, 0xff, 0xff, 0xfe,
    0x1, 0xff, 0xf1, 0x0, 0x0, 0x0, 0x0, 0xef,
    0xfa, 0x88, 0x88, 0x88, 0x70, 0xf, 0xff, 0x20,
    0x0, 0x0, 0x0, 0xe, 0xff, 0x40, 0x0, 0x0,
    0x0, 0x0, 0xcf, 0xf6, 0x0, 0x0, 0x0, 0x0,
    0xef, 0xf4, 0x0, 0x0, 0x0, 0x0, 0x7, 0xff,
    0xc0, 0x0, 0x0, 0x0, 0xe, 0xff, 0x40, 0x0,
    0x0, 0x0, 0x0, 0x1f, 0xff, 0x60, 0x0, 0x0,
    0x0, 0xef, 0xf4, 0x0, 0x0, 0x0, 0x0, 0x0,
    0x6f, 0xff, 0x70, 0x0, 0x0, 0xe, 0xff, 0x40,
    0x0, 0x0, 0x0, 0x0, 0x0, 0x8f, 0xff, 0xe9,
    0x76, 0x79, 0xff, 0xf8, 0x66, 0x66, 0x66, 0x64,
    0x0, 0x0, 0x5e, 0xff, 0xff, 0xff, 0xff, 0xff,
    0xff, 0xff, 0xff, 0xff, 0xc0, 0x0, 0x0, 0x5,
    0xad, 0xff, 0xff, 0xff, 0xff, 0xff, 0xff, 0xff,
    0xfc,

    /* U+0153 "œ" */
    0x0, 0x1, 0x8d, 0xff, 0xd7, 0x0, 0x5, 0xbe,
    0xfe, 0x92, 0x0, 0x0, 0x4, 0xff, 0xff, 0xff,
    0xfd, 0x2a, 0xff, 0xff, 0xff, 0xf5, 0x0, 0x3,
    0xff, 0xfe, 0x99, 0xef, 0xff, 0xff, 0xfa, 0x8c,
    0xff, 0xf2, 0x0, 0xcf, 0xfc, 0x0, 0x1, 0xdf,
    0xff, 0xf3, 0x0, 0x8, 0xff, 0xa0, 0x1f, 0xff,
    0x20, 0x0, 0x4, 0xff, 0xf8, 0x0, 0x0, 0xf,
    0xff, 0x4, 0xff, 0xe0, 0x0, 0x0, 0xf, 0xff,
    0xff, 0xff, 0xff, 0xff, 0xf1, 0x5f, 0xfc, 0x0,
    0x0, 0x0, 0xff, 0xff, 0xff, 0xff, 0xff, 0xff,
    0x14, 0xff, 0xe0, 0x0, 0x0, 0xf, 0xff, 0x73,
    0x33, 0x33, 0x33, 0x30, 0x1f, 0xff, 0x20, 0x0,
    0x5, 0xff, 0xf8, 0x0, 0x0, 0x0, 0x0, 0x0,
    0xbf, 0xfc, 0x0, 0x1, 0xdf, 0xff, 0xf3, 0x0,
    0x7, 0xff, 0x90, 0x2, 0xff, 0xfe, 0x99, 0xef,
    0xff, 0xff, 0xfa, 0x8b, 0xff, 0xf2, 0x0, 0x4,
    0xff, 0xff, 0xff, 0xfd, 0x2a, 0xff, 0xff, 0xff,
    0xf4, 0x0, 0x0, 0x1, 0x8d, 0xff, 0xd7, 0x0,
    0x4, 0xbe, 0xfe, 0xa2, 0x0, 0x0,

    /* U+0154 "Ŕ" */
    0x0, 0x0, 0x0, 0x1d, 0xee, 0xd1, 0x0, 0x0,
    0x0, 0x0, 0x9, 0xff, 0xe2, 0x0, 0x0, 0x0,
    0x0, 0x3, 0xff, 0xe2, 0x0, 0x0, 0x0, 0x0,
    0x0, 0xdf, 0xe2, 0x0, 0x0, 0x0, 0x0, 0x0,
    0x0, 0x0, 0x0, 0x0, 0x0, 0x0, 0x0, 0x0,
    0x0, 0x0, 0x0, 0x0, 0x0, 0x9f, 0xff, 0xff,
    0xff, 0xfc, 0x81, 0x0, 0x9, 0xff, 0xff, 0xff,
    0xff, 0xff, 0xe3, 0x0, 0x9f, 0xfc, 0x99, 0x99,
    0xae, 0xff, 0xe1, 0x9, 0xff, 0x80, 0x0, 0x0,
    0x1d, 0xff, 0x70, 0x9f, 0xf8, 0x0, 0x0, 0x0,
    0x5f, 0xfb, 0x9, 0xff, 0x80, 0x0, 0x0, 0x4,
    0xff, 0xc0, 0x9f, 0xf8, 0x0, 0x0, 0x0, 0x8f,
    0xf9, 0x9, 0xff, 0x80, 0x0, 0x1, 0x7f, 0xff,
    0x40, 0x9f, 0xff, 0xff, 0xff, 0xff, 0xff, 0xa0,
    0x9, 0xff, 0xff, 0xff, 0xff, 0xff, 0x70, 0x0,
    0x9f, 0xfc, 0xef, 0xfe, 0x64, 0x0, 0x0, 0x9,
    0xff, 0x83, 0xff, 0xf9, 0x0, 0x0, 0x0, 0x9f,
    0xf8, 0x5, 0xff, 0xf8, 0x0, 0x0, 0x9, 0xff,
    0x80, 0x7, 0xff, 0xf7, 0x0, 0x0, 0x9f, 0xf8,
    0x0, 0xa, 0xff, 0xf6, 0x0, 0x9, 0xff, 0x80,
    0x0, 0xc, 0xff, 0xf4, 0x0, 0x9f, 0xf8, 0x0,
    0x0, 0x1e, 0xff, 0xf4, 0x9, 0xff, 0x80, 0x0,
    0x0, 0x2f, 0xff, 0xf3,

    /* U+0155 "ŕ" */
    0x0, 0x0, 0xcf, 0xff, 0x30, 0x0, 0x6f, 0xff,
    0x30, 0x0, 0x1f, 0xff, 0x30, 0x0, 0xa, 0xfe,
    0x30, 0x0, 0x0, 0x0, 0x0, 0x0, 0x6, 0xff,
    0x90, 0x9e, 0xf0, 0x6f, 0xf9, 0xcf, 0xff, 0x6,
    0xff, 0xef, 0xff, 0xf0, 0x6f, 0xff, 0xc4, 0x0,
    0x6, 0xff, 0xf1, 0x0, 0x0, 0x6f, 0xfb, 0x0,
    0x0, 0x6, 0xff, 0xa0, 0x0, 0x0, 0x6f, 0xfa,
    0x0, 0x0, 0x6, 0xff, 0xa0, 0x0, 0x0, 0x6f,
    0xfa, 0x0, 0x0, 0x6, 0xff, 0xa0, 0x0, 0x0,
    0x6f, 0xfa, 0x0, 0x0, 0x6, 0xff, 0xa0, 0x0,
    0x0,

    /* U+0156 "Ŗ" */
    0x9f, 0xff, 0xff, 0xff, 0xfc, 0x81, 0x0, 0x9,
    0xff, 0xff, 0xff, 0xff, 0xff, 0xe3, 0x0, 0x9f,
    0xfc, 0x99, 0x99, 0xae, 0xff, 0xe1, 0x9, 0xff,
    0x80, 0x0, 0x0, 0x1d, 0xff, 0x70, 0x9f, 0xf8,
    0x0, 0x0, 0x0, 0x5f, 0xfb, 0x9, 0xff, 0x80,
    0x0, 0x0, 0x4, 0xff, 0xc0, 0x9f, 0xf8, 0x0,
    0x0, 0x0, 0x8f, 0xf9, 0x9, 0xff, 0x80, 0x0,
    0x1, 0x7f, 0xff, 0x40, 0x9f, 0xff, 0xff, 0xff,
    0xff, 0xff, 0xa0, 0x9, 0xff, 0xff, 0xff, 0xff,
    0xff, 0x70, 0x0, 0x9f, 0xfc, 0xef, 0xfe, 0x64,
    0x0, 0x0, 0x9, 0xff, 0x83, 0xff, 0xf9, 0x0,
    0x0, 0x0, 0x9f, 0xf8, 0x5, 0xff, 0xf8, 0x0,
    0x0, 0x9, 0xff, 0x80, 0x7, 0xff, 0xf7, 0x0,
    0x0, 0x9f, 0xf8, 0x0, 0xa, 0xff, 0xf6, 0x0,
    0x9, 0xff, 0x80, 0x0, 0xc, 0xff, 0xf4, 0x0,
    0x9f, 0xf8, 0x0, 0x0, 0x1e, 0xff, 0xf4, 0x9,
    0xff, 0x80, 0x0, 0x0, 0x2f, 0xff, 0xf3, 0x0,
    0x0, 0x0, 0x0, 0x0, 0x0, 0x0, 0x0, 0x0,
    0x0, 0x12, 0x21, 0x0, 0x0, 0x0, 0x0, 0x0,
    0xb, 0xff, 0x90, 0x0, 0x0, 0x0, 0x0, 0x0,
    0xbf, 0xf9, 0x0, 0x0, 0x0, 0x0, 0x0, 0xb,
    0xff, 0x90, 0x0, 0x0, 0x0, 0x0, 0x0, 0x2,
    0xf7, 0x0, 0x0, 0x0, 0x0, 0x0, 0x2, 0xbf,
    0x20, 0x0, 0x0, 0x0, 0x0, 0x0, 0xbe, 0x40,
    0x0, 0x0, 0x0, 0x0, 0x0, 0x2, 0x0, 0x0,
    0x0, 0x0, 0x0,

    /* U+0157 "ŗ" */
    0x6f, 0xf9, 0x9, 0xef, 0x6f, 0xf9, 0xcf, 0xff,
    0x6f, 0xfe, 0xff, 0xff, 0x6f, 0xff, 0xc4, 0x0,
    0x6f, 0xff, 0x10, 0x0, 0x6f, 0xfb, 0x0, 0x0,
    0x6f, 0xfa, 0x0, 0x0, 0x6f, 0xfa, 0x0, 0x0,
    0x6f, 0xfa, 0x0, 0x0, 0x6f, 0xfa, 0x0, 0x0,
    0x6f, 0xfa, 0x0, 0x0, 0x6f, 0xfa, 0x0, 0x0,
    0x6f, 0xfa, 0x0, 0x0, 0x0, 0x0, 0x0, 0x0,
    0x12, 0x21, 0x0, 0x0, 0x9f, 0xfb, 0x0, 0x0,
    0x9f, 0xfb, 0x0, 0x0, 0x9f, 0xfb, 0x0, 0x0,
    0x0, 0xf9, 0x0, 0x0, 0x2a, 0xf3, 0x0, 0x0,
    0x9f, 0x60, 0x0, 0x0, 0x20, 0x0, 0x0, 0x0,

    /* U+0158 "Ř" */
    0x0, 0x48, 0x71, 0x0, 0x17, 0x83, 0x0, 0x0,
    0x1, 0xdf, 0xd2, 0x2e, 0xfc, 0x0, 0x0, 0x0,
    0x1, 0xef, 0xef, 0xfd, 0x10, 0x0, 0x0, 0x0,
    0x2, 0xef, 0xfe, 0x10, 0x0, 0x0, 0x0, 0x0,
    0x0, 0x0, 0x0, 0x0, 0x0, 0x0, 0x0, 0x0,
    0x0, 0x0, 0x0, 0x0, 0x0, 0x9f, 0xff, 0xff,
    0xff, 0xfc, 0x81, 0x0, 0x9, 0xff, 0xff, 0xff,
    0xff, 0xff, 0xe3, 0x0, 0x9f, 0xfc, 0x99, 0x99,
    0xae, 0xff, 0xe1, 0x9, 0xff, 0x80, 0x0, 0x0,
    0x1d, 0xff, 0x70, 0x9f, 0xf8, 0x0, 0x0, 0x0,
    0x5f, 0xfb, 0x9, 0xff, 0x80, 0x0, 0x0, 0x4,
    0xff, 0xc0, 0x9f, 0xf8, 0x0, 0x0, 0x0, 0x8f,
    0xf9, 0x9, 0xff, 0x80, 0x0, 0x1, 0x7f, 0xff,
    0x40, 0x9f, 0xff, 0xff, 0xff, 0xff, 0xff, 0xa0,
    0x9, 0xff, 0xff, 0xff, 0xff, 0xff, 0x70, 0x0,
    0x9f, 0xfc, 0xef, 0xfe, 0x64, 0x0, 0x0, 0x9,
    0xff, 0x83, 0xff, 0xf9, 0x0, 0x0, 0x0, 0x9f,
    0xf8, 0x5, 0xff, 0xf8, 0x0, 0x0, 0x9, 0xff,
    0x80, 0x7, 0xff, 0xf7, 0x0, 0x0, 0x9f, 0xf8,
    0x0, 0xa, 0xff, 0xf6, 0x0, 0x9, 0xff, 0x80,
    0x0, 0xc, 0xff, 0xf4, 0x0, 0x9f, 0xf8, 0x0,
    0x0, 0x1e, 0xff, 0xf4, 0x9, 0xff, 0x80, 0x0,
    0x0, 0x2f, 0xff, 0xf3,

    /* U+0159 "ř" */
    0x2f, 0xf9, 0x0, 0x4f, 0xf8, 0x4, 0xff, 0xb7,
    0xff, 0x90, 0x0, 0x5f, 0xff, 0xfb, 0x0, 0x0,
    0x6, 0x99, 0x80, 0x0, 0x0, 0x0, 0x0, 0x0,
    0x0, 0x6, 0xff, 0x90, 0x9e, 0xf0, 0x6, 0xff,
    0x9c, 0xff, 0xf0, 0x6, 0xff, 0xef, 0xff, 0xf0,
    0x6, 0xff, 0xfc, 0x40, 0x0, 0x6, 0xff, 0xf1,
    0x0, 0x0, 0x6, 0xff, 0xb0, 0x0, 0x0, 0x6,
    0xff, 0xa0, 0x0, 0x0, 0x6, 0xff, 0xa0, 0x0,
    0x0, 0x6, 0xff, 0xa0, 0x0, 0x0, 0x6, 0xff,
    0xa0, 0x0, 0x0, 0x6, 0xff, 0xa0, 0x0, 0x0,
    0x6, 0xff, 0xa0, 0x0, 0x0, 0x6, 0xff, 0xa0,
    0x0, 0x0,

    /* U+015A "Ś" */
    0x0, 0x0, 0x0, 0x1, 0xee, 0xec, 0x10, 0x0,
    0x0, 0x0, 0x0, 0xbf, 0xfd, 0x10, 0x0, 0x0,
    0x0, 0x0, 0x5f, 0xfd, 0x10, 0x0, 0x0, 0x0,
    0x0, 0x1e, 0xfd, 0x10, 0x0, 0x0, 0x0, 0x0,
    0x0, 0x0, 0x0, 0x0, 0x0, 0x0, 0x0, 0x0,
    0x0, 0x0, 0x0, 0x0, 0x0, 0x0, 0x0, 0x6b,
    0xef, 0xfd, 0x92, 0x0, 0x0, 0x1, 0xcf, 0xff,
    0xff, 0xff, 0xf7, 0x0, 0x0, 0xcf, 0xff, 0xa8,
    0x9d, 0xff, 0xf5, 0x0, 0x3f, 0xfe, 0x10, 0x0,
    0x9, 0xff, 0xe0, 0x6, 0xff, 0x90, 0x0, 0x0,
    0xe, 0xff, 0x30, 0x6f, 0xfc, 0x0, 0x0, 0x0,
    0x35, 0x51, 0x2, 0xff, 0xfb, 0x30, 0x0, 0x0,
    0x0, 0x0, 0xa, 0xff, 0xff, 0xe9, 0x40, 0x0,
    0x0, 0x0, 0x9, 0xff, 0xff, 0xff, 0xf9, 0x10,
    0x0, 0x0, 0x3, 0x9e, 0xff, 0xff, 0xff, 0x40,
    0x0, 0x0, 0x0, 0x3, 0x8d, 0xff, 0xff, 0x10,
    0x0, 0x0, 0x0, 0x0, 0x5, 0xff, 0xf6, 0x2d,
    0xdb, 0x0, 0x0, 0x0, 0x8, 0xff, 0x90, 0xff,
    0xf2, 0x0, 0x0, 0x0, 0x7f, 0xf9, 0x9, 0xff,
    0xd2, 0x0, 0x0, 0x1d, 0xff, 0x60, 0x1e, 0xff,
    0xfc, 0x88, 0x9e, 0xff, 0xe0, 0x0, 0x2c, 0xff,
    0xff, 0xff, 0xff, 0xe3, 0x0, 0x0, 0x5, 0xae,
    0xff, 0xec, 0x70, 0x0,

    /* U+015B "ś" */
    0x0, 0x0, 0x1, 0xff, 0xfd, 0x10, 0x0, 0x0,
    0xa, 0xff, 0xd1, 0x0, 0x0, 0x0, 0x4f, 0xfd,
    0x10, 0x0, 0x0, 0x0, 0xdf, 0xd1, 0x0, 0x0,
    0x0, 0x0, 0x0, 0x0, 0x0, 0x0, 0x0, 0x19,
    0xdf, 0xfd, 0x92, 0x0, 0x2, 0xef, 0xff, 0xff,
    0xff, 0x40, 0xa, 0xff, 0x84, 0x48, 0xff, 0xe0,
    0xd, 0xfe, 0x0, 0x0, 0x8c, 0xc1, 0xc, 0xff,
    0x82, 0x0, 0x0, 0x0, 0x5, 0xff, 0xff, 0xea,
    0x50, 0x0, 0x0, 0x6e, 0xff, 0xff, 0xfd, 0x20,
    0x0, 0x0, 0x48, 0xcf, 0xff, 0xe0, 0x2, 0x20,
    0x0, 0x1, 0xbf, 0xf4, 0x5f, 0xf8, 0x0, 0x0,
    0x6f, 0xf6, 0xe, 0xff, 0x94, 0x36, 0xef, 0xf3,
    0x4, 0xff, 0xff, 0xff, 0xff, 0x90, 0x0, 0x18,
    0xdf, 0xfe, 0xb5, 0x0,

    /* U+015E "Ş" */
    0x0, 0x0, 0x6b, 0xef, 0xfd, 0x92, 0x0, 0x0,
    0x1, 0xcf, 0xff, 0xff, 0xff, 0xf7, 0x0, 0x0,
    0xcf, 0xff, 0xa8, 0x9d, 0xff, 0xf5, 0x0, 0x3f,
    0xfe, 0x10, 0x0, 0x9, 0xff, 0xe0, 0x6, 0xff,
    0x90, 0x0, 0x0, 0xe, 0xff, 0x30, 0x6f, 0xfc,
    0x0, 0x0, 0x0, 0x35, 0x51, 0x2, 0xff, 0xfb,
    0x30, 0x0, 0x0, 0x0, 0x0, 0xa, 0xff, 0xff,
    0xe9, 0x40, 0x0, 0x0, 0x0, 0x9, 0xff, 0xff,
    0xff, 0xf9, 0x10, 0x0, 0x0, 0x3, 0x9e, 0xff,
    0xff, 0xff, 0x40, 0x0, 0x0, 0x0, 0x3, 0x8d,
    0xff, 0xff, 0x10, 0x0, 0x0, 0x0, 0x0, 0x5,
    0xff, 0xf6, 0x2d, 0xdb, 0x0, 0x0, 0x0, 0x8,
    0xff, 0x90, 0xff, 0xf2, 0x0, 0x0, 0x0, 0x7f,
    0xf9, 0x9, 0xff, 0xd2, 0x0, 0x0, 0x1d, 0xff,
    0x60, 0x1e, 0xff, 0xfc, 0x88, 0x9e, 0xff, 0xe0,
    0x0, 0x2c, 0xff, 0xff, 0xff, 0xff, 0xe3, 0x0,
    0x0, 0x5, 0xae, 0xff, 0xec, 0x70, 0x0, 0x0,
    0x0, 0x0, 0xf, 0xe2, 0x0, 0x0, 0x0, 0x0,
    0x0, 0x3, 0xff, 0xf5, 0x0, 0x0, 0x0, 0x0,
    0x15, 0x40, 0x7f, 0xc0, 0x0, 0x0, 0x0, 0x1,
    0xff, 0xac, 0xfb, 0x0, 0x0, 0x0, 0x0, 0x4,
    0xcf, 0xfb, 0x10, 0x0, 0x0,

    /* U+015F "ş" */
    0x0, 0x19, 0xdf, 0xfd, 0x92, 0x0, 0x2, 0xef,
    0xff, 0xff, 0xff, 0x40, 0xa, 0xff, 0x84, 0x48,
    0xff, 0xe0, 0xd, 0xfe, 0x0, 0x0, 0x8c, 0xc1,
    0xc, 0xff, 0x82, 0x0, 0x0, 0x0, 0x5, 0xff,
    0xff, 0xea, 0x50, 0x0, 0x0, 0x6e, 0xff, 0xff,
    0xfd, 0x20, 0x0, 0x0, 0x48, 0xcf, 0xff, 0xe0,
    0x2, 0x20, 0x0, 0x1, 0xbf, 0xf4, 0x5f, 0xf8,
    0x0, 0x0, 0x6f, 0xf6, 0xe, 0xff, 0x94, 0x36,
    0xef, 0xf3, 0x4, 0xff, 0xff, 0xff, 0xff, 0x90,
    0x0, 0x18, 0xdf, 0xfe, 0xb5, 0x0, 0x0, 0x0,
    0xd, 0xf3, 0x0, 0x0, 0x0, 0x0, 0x1f, 0xff,
    0x80, 0x0, 0x0, 0x5, 0x50, 0x4f, 0xf0, 0x0,
    0x0, 0xd, 0xfb, 0xbf, 0xe0, 0x0, 0x0, 0x2,
    0xbf, 0xfc, 0x30, 0x0,

    /* U+0160 "Š" */
    0x0, 0x7, 0xff, 0x40, 0x7, 0xff, 0x40, 0x0,
    0x0, 0xc, 0xff, 0x36, 0xff, 0x80, 0x0, 0x0,
    0x0, 0x1e, 0xff, 0xff, 0xc0, 0x0, 0x0, 0x0,
    0x0, 0x4f, 0xff, 0xf2, 0x0, 0x0, 0x0, 0x0,
    0x0, 0x34, 0x42, 0x0, 0x0, 0x0, 0x0, 0x0,
    0x0, 0x0, 0x0, 0x0, 0x0, 0x0, 0x0, 0x6b,
    0xef, 0xfd, 0x93, 0x0, 0x0, 0x1, 0xcf, 0xff,
    0xff, 0xff, 0xf8, 0x0, 0x0, 0xcf, 0xff, 0xa8,
    0x9c, 0xff, 0xf7, 0x0, 0x3f, 0xfe, 0x10, 0x0,
    0x6, 0xff, 0xf0, 0x6, 0xff, 0x90, 0x0, 0x0,
    0xb, 0xee, 0x30, 0x6f, 0xfc, 0x0, 0x0, 0x0,
    0x0, 0x0, 0x2, 0xff, 0xfb, 0x30, 0x0, 0x0,
    0x0, 0x0, 0xa, 0xff, 0xff, 0xe9, 0x40, 0x0,
    0x0, 0x0, 0x9, 0xff, 0xff, 0xff, 0xf9, 0x10,
    0x0, 0x0, 0x3, 0x9e, 0xff, 0xff, 0xff, 0x40,
    0x0, 0x0, 0x0, 0x3, 0x8d, 0xff, 0xff, 0x10,
    0x0, 0x0, 0x0, 0x0, 0x5, 0xff, 0xf6, 0x3f,
    0xfd, 0x0, 0x0, 0x0, 0x8, 0xff, 0x90, 0xef,
    0xf3, 0x0, 0x0, 0x0, 0x7f, 0xf9, 0x8, 0xff,
    0xe3, 0x0, 0x0, 0x1d, 0xff, 0x60, 0xd, 0xff,
    0xfc, 0x98, 0x9e, 0xff, 0xe0, 0x0, 0x1c, 0xff,
    0xff, 0xff, 0xff, 0xe3, 0x0, 0x0, 0x5, 0xae,
    0xff, 0xec, 0x70, 0x0,

    /* U+0161 "š" */
    0x5, 0xff, 0x60, 0x7, 0xff, 0x40, 0x0, 0x7f,
    0xf8, 0xaf, 0xf6, 0x0, 0x0, 0x9, 0xff, 0xff,
    0x80, 0x0, 0x0, 0x0, 0x89, 0x97, 0x0, 0x0,
    0x0, 0x0, 0x0, 0x0, 0x0, 0x0, 0x0, 0x19,
    0xdf, 0xfd, 0x81, 0x0, 0x2, 0xef, 0xff, 0xff,
    0xfe, 0x20, 0xa, 0xff, 0x84, 0x4a, 0xff, 0xb0,
    0xd, 0xfe, 0x0, 0x0, 0xcf, 0xf1, 0xc, 0xff,
    0x82, 0x0, 0x24, 0x40, 0x5, 0xff, 0xff, 0xea,
    0x50, 0x0, 0x0, 0x6e, 0xff, 0xff, 0xfd, 0x20,
    0x0, 0x0, 0x48, 0xcf, 0xff, 0xe0, 0x0, 0x0,
    0x0, 0x1, 0xbf, 0xf4, 0x5f, 0xf8, 0x0, 0x0,
    0x6f, 0xf6, 0x1f, 0xff, 0x84, 0x36, 0xef, 0xf3,
    0x4, 0xff, 0xff, 0xff, 0xff, 0x90, 0x0, 0x29,
    0xdf, 0xfe, 0xb5, 0x0,

    /* U+0164 "Ť" */
    0x0, 0x4, 0x87, 0x10, 0x1, 0x78, 0x30, 0x0,
    0x0, 0x1, 0xdf, 0xd2, 0x2e, 0xfc, 0x0, 0x0,
    0x0, 0x0, 0x1e, 0xfe, 0xff, 0xd1, 0x0, 0x0,
    0x0, 0x0, 0x2, 0xef, 0xfe, 0x10, 0x0, 0x0,
    0x0, 0x0, 0x0, 0x0, 0x0, 0x0, 0x0, 0x0,
    0x0, 0x0, 0x0, 0x0, 0x0, 0x0, 0x0, 0x0,
    0x5f, 0xff, 0xff, 0xff, 0xff, 0xff, 0xff, 0xf4,
    0x5f, 0xff, 0xff, 0xff, 0xff, 0xff, 0xff, 0xf4,
    0x39, 0x99, 0x99, 0xdf, 0xfc, 0x99, 0x99, 0x92,
    0x0, 0x0, 0x0, 0x9f, 0xf8, 0x0, 0x0, 0x0,
    0x0, 0x0, 0x0, 0x9f, 0xf8, 0x0, 0x0, 0x0,
    0x0, 0x0, 0x0, 0x9f, 0xf8, 0x0, 0x0, 0x0,
    0x0, 0x0, 0x0, 0x9f, 0xf8, 0x0, 0x0, 0x0,
    0x0, 0x0, 0x0, 0x9f, 0xf8, 0x0, 0x0, 0x0,
    0x0, 0x0, 0x0, 0x9f, 0xf8, 0x0, 0x0, 0x0,
    0x0, 0x0, 0x0, 0x9f, 0xf8, 0x0, 0x0, 0x0,
    0x0, 0x0, 0x0, 0x9f, 0xf8, 0x0, 0x0, 0x0,
    0x0, 0x0, 0x0, 0x9f, 0xf8, 0x0, 0x0, 0x0,
    0x0, 0x0, 0x0, 0x9f, 0xf8, 0x0, 0x0, 0x0,
    0x0, 0x0, 0x0, 0x9f, 0xf8, 0x0, 0x0, 0x0,
    0x0, 0x0, 0x0, 0x9f, 0xf8, 0x0, 0x0, 0x0,
    0x0, 0x0, 0x0, 0x9f, 0xf8, 0x0, 0x0, 0x0,
    0x0, 0x0, 0x0, 0x9f, 0xf8, 0x0, 0x0, 0x0,
    0x0, 0x0, 0x0, 0x9f, 0xf8, 0x0, 0x0, 0x0,

    /* U+0165 "ť" */
    0x0, 0x0, 0x0, 0x5, 0xff, 0x30, 0x0, 0x0,
    0x0, 0x5f, 0xf2, 0x0, 0x0, 0x0, 0x5, 0xff,
    0x0, 0x0, 0x4a, 0xb0, 0x5f, 0xe0, 0x0, 0x4f,
    0xfc, 0x5, 0xfc, 0x0, 0x4, 0xff, 0xc0, 0x3c,
    0x80, 0x0, 0x4f, 0xfc, 0x0, 0x0, 0xa, 0xff,
    0xff, 0xff, 0xff, 0x10, 0xaf, 0xff, 0xff, 0xff,
    0xf1, 0x4, 0x7a, 0xff, 0xe7, 0x77, 0x0, 0x0,
    0x4f, 0xfc, 0x0, 0x0, 0x0, 0x4, 0xff, 0xc0,
    0x0, 0x0, 0x0, 0x4f, 0xfc, 0x0, 0x0, 0x0,
    0x4, 0xff, 0xc0, 0x0, 0x0, 0x0, 0x4f, 0xfc,
    0x0, 0x0, 0x0, 0x4, 0xff, 0xc0, 0x0, 0x0,
    0x0, 0x3f, 0xfe, 0x0, 0x0, 0x0, 0x0, 0xff,
    0xfd, 0x9a, 0x10, 0x0, 0x8, 0xff, 0xff, 0xf1,
    0x0, 0x0, 0x6, 0xcf, 0xfd, 0x10,

    /* U+016A "Ū" */
    0x0, 0x4, 0x44, 0x44, 0x44, 0x43, 0x0, 0x0,
    0x0, 0xef, 0xff, 0xff, 0xff, 0xc0, 0x0, 0x0,
    0xe, 0xff, 0xff, 0xff, 0xfc, 0x0, 0x0, 0x0,
    0x0, 0x0, 0x0, 0x0, 0x0, 0x0, 0x0, 0x0,
    0x0, 0x0, 0x0, 0x0, 0x0, 0x0, 0x0, 0x0,
    0x0, 0x0, 0x0, 0x0, 0x0, 0xbf, 0xf7, 0x0,
    0x0, 0x0, 0x8, 0xff, 0x9b, 0xff, 0x70, 0x0,
    0x0, 0x0, 0x8f, 0xf9, 0xbf, 0xf7, 0x0, 0x0,
    0x0, 0x8, 0xff, 0x9b, 0xff, 0x70, 0x0, 0x0,
    0x0, 0x8f, 0xf9, 0xbf, 0xf7, 0x0, 0x0, 0x0,
    0x8, 0xff, 0x9b, 0xff, 0x70, 0x0, 0x0, 0x0,
    0x8f, 0xf9, 0xbf, 0xf7, 0x0, 0x0, 0x0, 0x8,
    0xff, 0x9b, 0xff, 0x70, 0x0, 0x0, 0x0, 0x8f,
    0xf9, 0xbf, 0xf7, 0x0, 0x0, 0x0, 0x8, 0xff,
    0x9b, 0xff, 0x70, 0x0, 0x0, 0x0, 0x8f, 0xf9,
    0xaf, 0xf7, 0x0, 0x0, 0x0, 0x8, 0xff, 0x99,
    0xff, 0x70, 0x0, 0x0, 0x0, 0x9f, 0xf8, 0x7f,
    0xfa, 0x0, 0x0, 0x0, 0xc, 0xff, 0x53, 0xff,
    0xf1, 0x0, 0x0, 0x2, 0xff, 0xf1, 0xd, 0xff,
    0xc1, 0x0, 0x2, 0xdf, 0xfb, 0x0, 0x3f, 0xff,
    0xfc, 0xac, 0xff, 0xff, 0x20, 0x0, 0x5f, 0xff,
    0xff, 0xff, 0xfe, 0x40, 0x0, 0x0, 0x18, 0xdf,
    0xfe, 0xc7, 0x10, 0x0,

    /* U+016B "ū" */
    0x1, 0xff, 0xff, 0xff, 0xff, 0x90, 0x1, 0xff,
    0xff, 0xff, 0xff, 0x90, 0x0, 0x44, 0x44, 0x44,
    0x44, 0x20, 0x0, 0x0, 0x0, 0x0, 0x0, 0x0,
    0x0, 0x0, 0x0, 0x0, 0x0, 0x0, 0x8f, 0xf7,
    0x0, 0x0, 0x2f, 0xfe, 0x8f, 0xf7, 0x0, 0x0,
    0x2f, 0xfe, 0x8f, 0xf7, 0x0, 0x0, 0x2f, 0xfe,
    0x8f, 0xf7, 0x0, 0x0, 0x2f, 0xfe, 0x8f, 0xf7,
    0x0, 0x0, 0x2f, 0xfe, 0x8f, 0xf7, 0x0, 0x0,
    0x2f, 0xfe, 0x8f, 0xf7, 0x0, 0x0, 0x2f, 0xfe,
    0x8f, 0xf7, 0x0, 0x0, 0x3f, 0xfe, 0x8f, 0xf8,
    0x0, 0x0, 0x7f, 0xfe, 0x7f, 0xfd, 0x0, 0x3,
    0xff, 0xfe, 0x3f, 0xff, 0xd9, 0xbf, 0xef, 0xfe,
    0xa, 0xff, 0xff, 0xfe, 0x3f, 0xfe, 0x0, 0x7e,
    0xfe, 0x91, 0x1f, 0xfe,

    /* U+016C "Ŭ" */
    0x0, 0x9, 0xf8, 0x0, 0xa, 0xf8, 0x0, 0x0,
    0x0, 0x6f, 0xf7, 0x48, 0xff, 0x40, 0x0, 0x0,
    0x0, 0xcf, 0xff, 0xff, 0xb0, 0x0, 0x0, 0x0,
    0x0, 0x9e, 0xfe, 0x80, 0x0, 0x0, 0x0, 0x0,
    0x0, 0x0, 0x0, 0x0, 0x0, 0x0, 0x0, 0x0,
    0x0, 0x0, 0x0, 0x0, 0x0, 0xbf, 0xf7, 0x0,
    0x0, 0x0, 0x8, 0xff, 0x9b, 0xff, 0x70, 0x0,
    0x0, 0x0, 0x8f, 0xf9, 0xbf, 0xf7, 0x0, 0x0,
    0x0, 0x8, 0xff, 0x9b, 0xff, 0x70, 0x0, 0x0,
    0x0, 0x8f, 0xf9, 0xbf, 0xf7, 0x0, 0x0, 0x0,
    0x8, 0xff, 0x9b, 0xff, 0x70, 0x0, 0x0, 0x0,
    0x8f, 0xf9, 0xbf, 0xf7, 0x0, 0x0, 0x0, 0x8,
    0xff, 0x9b, 0xff, 0x70, 0x0, 0x0, 0x0, 0x8f,
    0xf9, 0xbf, 0xf7, 0x0, 0x0, 0x0, 0x8, 0xff,
    0x9b, 0xff, 0x70, 0x0, 0x0, 0x0, 0x8f, 0xf9,
    0xaf, 0xf7, 0x0, 0x0, 0x0, 0x8, 0xff, 0x99,
    0xff, 0x70, 0x0, 0x0, 0x0, 0x9f, 0xf8, 0x7f,
    0xfa, 0x0, 0x0, 0x0, 0xc, 0xff, 0x53, 0xff,
    0xf1, 0x0, 0x0, 0x2, 0xff, 0xf1, 0xd, 0xff,
    0xc1, 0x0, 0x2, 0xdf, 0xfb, 0x0, 0x3f, 0xff,
    0xfc, 0xac, 0xff, 0xff, 0x20, 0x0, 0x5f, 0xff,
    0xff, 0xff, 0xfe, 0x40, 0x0, 0x0, 0x18, 0xdf,
    0xfe, 0xc7, 0x10, 0x0,

    /* U+016D "ŭ" */
    0x0, 0xcf, 0x81, 0x3, 0xef, 0x40, 0x0, 0x6f,
    0xff, 0xff, 0xfe, 0x0, 0x0, 0x7, 0xff, 0xff,
    0xc2, 0x0, 0x0, 0x0, 0x3, 0x42, 0x0, 0x0,
    0x0, 0x0, 0x0, 0x0, 0x0, 0x0, 0x8f, 0xf7,
    0x0, 0x0, 0x2f, 0xfe, 0x8f, 0xf7, 0x0, 0x0,
    0x2f, 0xfe, 0x8f, 0xf7, 0x0, 0x0, 0x2f, 0xfe,
    0x8f, 0xf7, 0x0, 0x0, 0x2f, 0xfe, 0x8f, 0xf7,
    0x0, 0x0, 0x2f, 0xfe, 0x8f, 0xf7, 0x0, 0x0,
    0x2f, 0xfe, 0x8f, 0xf7, 0x0, 0x0, 0x2f, 0xfe,
    0x8f, 0xf7, 0x0, 0x0, 0x3f, 0xfe, 0x8f, 0xf8,
    0x0, 0x0, 0x7f, 0xfe, 0x7f, 0xfd, 0x0, 0x3,
    0xff, 0xfe, 0x3f, 0xff, 0xd9, 0xbf, 0xef, 0xfe,
    0xa, 0xff, 0xff, 0xfe, 0x3f, 0xfe, 0x0, 0x7e,
    0xfe, 0x91, 0x1f, 0xfe,

    /* U+016E "Ů" */
    0x0, 0x0, 0x2, 0xcf, 0xb1, 0x0, 0x0, 0x0,
    0x0, 0x0, 0xdf, 0xbf, 0xb0, 0x0, 0x0, 0x0,
    0x0, 0x1f, 0x80, 0xaf, 0x0, 0x0, 0x0, 0x0,
    0x0, 0xfb, 0xc, 0xe0, 0x0, 0x0, 0x0, 0x0,
    0x9, 0xff, 0xf7, 0x0, 0x0, 0x0, 0x0, 0x0,
    0x7, 0xa6, 0x0, 0x0, 0x0, 0x0, 0x0, 0x0,
    0x0, 0x0, 0x0, 0x0, 0xb, 0xff, 0x70, 0x0,
    0x0, 0x0, 0x8f, 0xf9, 0xbf, 0xf7, 0x0, 0x0,
    0x0, 0x8, 0xff, 0x9b, 0xff, 0x70, 0x0, 0x0,
    0x0, 0x8f, 0xf9, 0xbf, 0xf7, 0x0, 0x0, 0x0,
    0x8, 0xff, 0x9b, 0xff, 0x70, 0x0, 0x0, 0x0,
    0x8f, 0xf9, 0xbf, 0xf7, 0x0, 0x0, 0x0, 0x8,
    0xff, 0x9b, 0xff, 0x70, 0x0, 0x0, 0x0, 0x8f,
    0xf9, 0xbf, 0xf7, 0x0, 0x0, 0x0, 0x8, 0xff,
    0x9b, 0xff, 0x70, 0x0, 0x0, 0x0, 0x8f, 0xf9,
    0xbf, 0xf7, 0x0, 0x0, 0x0, 0x8, 0xff, 0x9a,
    0xff, 0x70, 0x0, 0x0, 0x0, 0x8f, 0xf9, 0x9f,
    0xf7, 0x0, 0x0, 0x0, 0x9, 0xff, 0x87, 0xff,
    0xa0, 0x0, 0x0, 0x0, 0xcf, 0xf5, 0x3f, 0xff,
    0x10, 0x0, 0x0, 0x2f, 0xff, 0x10, 0xdf, 0xfc,
    0x10, 0x0, 0x2d, 0xff, 0xb0, 0x3, 0xff, 0xff,
    0xca, 0xcf, 0xff, 0xf2, 0x0, 0x5, 0xff, 0xff,
    0xff, 0xff, 0xe4, 0x0, 0x0, 0x1, 0x8d, 0xff,
    0xec, 0x71, 0x0, 0x0,

    /* U+016F "ů" */
    0x0, 0x0, 0x18, 0x94, 0x0, 0x0, 0x0, 0x0,
    0xdf, 0xff, 0x50, 0x0, 0x0, 0x4, 0xf7, 0x1e,
    0xb0, 0x0, 0x0, 0x4, 0xf7, 0x1e, 0xb0, 0x0,
    0x0, 0x0, 0xdf, 0xff, 0x50, 0x0, 0x0, 0x0,
    0x18, 0x94, 0x0, 0x0, 0x0, 0x0, 0x0, 0x0,
    0x0, 0x0, 0x8f, 0xf7, 0x0, 0x0, 0x2f, 0xfe,
    0x8f, 0xf7, 0x0, 0x0, 0x2f, 0xfe, 0x8f, 0xf7,
    0x0, 0x0, 0x2f, 0xfe, 0x8f, 0xf7, 0x0, 0x0,
    0x2f, 0xfe, 0x8f, 0xf7, 0x0, 0x0, 0x2f, 0xfe,
    0x8f, 0xf7, 0x0, 0x0, 0x2f, 0xfe, 0x8f, 0xf7,
    0x0, 0x0, 0x2f, 0xfe, 0x8f, 0xf7, 0x0, 0x0,
    0x3f, 0xfe, 0x8f, 0xf8, 0x0, 0x0, 0x7f, 0xfe,
    0x7f, 0xfd, 0x0, 0x3, 0xff, 0xfe, 0x3f, 0xff,
    0xd9, 0xbf, 0xef, 0xfe, 0xa, 0xff, 0xff, 0xfe,
    0x3f, 0xfe, 0x0, 0x7e, 0xfe, 0x91, 0x1f, 0xfe,

    /* U+0170 "Ű" */
    0x0, 0x0, 0x7f, 0xfc, 0x6, 0xff, 0xe0, 0x0,
    0x0, 0xd, 0xff, 0x30, 0xbf, 0xf4, 0x0, 0x0,
    0x3, 0xff, 0x80, 0x1f, 0xfa, 0x0, 0x0, 0x0,
    0x7e, 0xd0, 0x5, 0xee, 0x10, 0x0, 0x0, 0x0,
    0x0, 0x0, 0x0, 0x0, 0x0, 0x0, 0x0, 0x0,
    0x0, 0x0, 0x0, 0x0, 0x0, 0xbf, 0xf7, 0x0,
    0x0, 0x0, 0x8, 0xff, 0x9b, 0xff, 0x70, 0x0,
    0x0, 0x0, 0x8f, 0xf9, 0xbf, 0xf7, 0x0, 0x0,
    0x0, 0x8, 0xff, 0x9b, 0xff, 0x70, 0x0, 0x0,
    0x0, 0x8f, 0xf9, 0xbf, 0xf7, 0x0, 0x0, 0x0,
    0x8, 0xff, 0x9b, 0xff, 0x70, 0x0, 0x0, 0x0,
    0x8f, 0xf9, 0xbf, 0xf7, 0x0, 0x0, 0x0, 0x8,
    0xff, 0x9b, 0xff, 0x70, 0x0, 0x0, 0x0, 0x8f,
    0xf9, 0xbf, 0xf7, 0x0, 0x0, 0x0, 0x8, 0xff,
    0x9b, 0xff, 0x70, 0x0, 0x0, 0x0, 0x8f, 0xf9,
    0xaf, 0xf7, 0x0, 0x0, 0x0, 0x8, 0xff, 0x99,
    0xff, 0x70, 0x0, 0x0, 0x0, 0x9f, 0xf8, 0x7f,
    0xfa, 0x0, 0x0, 0x0, 0xc, 0xff, 0x53, 0xff,
    0xf1, 0x0, 0x0, 0x2, 0xff, 0xf1, 0xd, 0xff,
    0xc1, 0x0, 0x2, 0xdf, 0xfb, 0x0, 0x3f, 0xff,
    0xfc, 0xac, 0xff, 0xff, 0x20, 0x0, 0x5f, 0xff,
    0xff, 0xff, 0xfe, 0x40, 0x0, 0x0, 0x18, 0xdf,
    0xfe, 0xc7, 0x10, 0x0,

    /* U+0171 "ű" */
    0x0, 0xa, 0xff, 0xa0, 0x8f, 0xfc, 0x0, 0x0,
    0xff, 0xe1, 0xe, 0xff, 0x20, 0x0, 0x5f, 0xf6,
    0x4, 0xff, 0x70, 0x0, 0xa, 0xfb, 0x0, 0x8f,
    0xc0, 0x0, 0x0, 0x0, 0x0, 0x0, 0x0, 0x0,
    0x8, 0xff, 0x70, 0x0, 0x2, 0xff, 0xe0, 0x8f,
    0xf7, 0x0, 0x0, 0x2f, 0xfe, 0x8, 0xff, 0x70,
    0x0, 0x2, 0xff, 0xe0, 0x8f, 0xf7, 0x0, 0x0,
    0x2f, 0xfe, 0x8, 0xff, 0x70, 0x0, 0x2, 0xff,
    0xe0, 0x8f, 0xf7, 0x0, 0x0, 0x2f, 0xfe, 0x8,
    0xff, 0x70, 0x0, 0x2, 0xff, 0xe0, 0x8f, 0xf7,
    0x0, 0x0, 0x3f, 0xfe, 0x8, 0xff, 0x80, 0x0,
    0x7, 0xff, 0xe0, 0x7f, 0xfd, 0x0, 0x3, 0xff,
    0xfe, 0x3, 0xff, 0xfd, 0x9b, 0xfe, 0xff, 0xe0,
    0xa, 0xff, 0xff, 0xfe, 0x3f, 0xfe, 0x0, 0x7,
    0xef, 0xe9, 0x11, 0xff, 0xe0,

    /* U+0172 "Ų" */
    0xbf, 0xf7, 0x0, 0x0, 0x0, 0x8, 0xff, 0x9b,
    0xff, 0x70, 0x0, 0x0, 0x0, 0x8f, 0xf9, 0xbf,
    0xf7, 0x0, 0x0, 0x0, 0x8, 0xff, 0x9b, 0xff,
    0x70, 0x0, 0x0, 0x0, 0x8f, 0xf9, 0xbf, 0xf7,
    0x0, 0x0, 0x0, 0x8, 0xff, 0x9b, 0xff, 0x70,
    0x0, 0x0, 0x0, 0x8f, 0xf9, 0xbf, 0xf7, 0x0,
    0x0, 0x0, 0x8, 0xff, 0x9b, 0xff, 0x70, 0x0,
    0x0, 0x0, 0x8f, 0xf9, 0xbf, 0xf7, 0x0, 0x0,
    0x0, 0x8, 0xff, 0x9b, 0xff, 0x70, 0x0, 0x0,
    0x0, 0x8f, 0xf9, 0xaf, 0xf7, 0x0, 0x0, 0x0,
    0x8, 0xff, 0x99, 0xff, 0x70, 0x0, 0x0, 0x0,
    0x9f, 0xf8, 0x7f, 0xfa, 0x0, 0x0, 0x0, 0xc,
    0xff, 0x53, 0xff, 0xf1, 0x0, 0x0, 0x2, 0xff,
    0xf1, 0xd, 0xff, 0xc1, 0x0, 0x2, 0xdf, 0xfb,
    0x0, 0x3f, 0xff, 0xfc, 0xac, 0xff, 0xff, 0x20,
    0x0, 0x5f, 0xff, 0xff, 0xff, 0xfe, 0x40, 0x0,
    0x0, 0x18, 0xdf, 0xff, 0xfb, 0x10, 0x0, 0x0,
    0x0, 0x0, 0x4, 0xfc, 0x0, 0x0, 0x0, 0x0,
    0x0, 0x0, 0xef, 0x20, 0x0, 0x0, 0x0, 0x0,
    0x0, 0x2f, 0xe0, 0x0, 0x0, 0x0, 0x0, 0x0,
    0x1, 0xff, 0xcb, 0x0, 0x0, 0x0, 0x0, 0x0,
    0x5, 0xef, 0xd1, 0x0, 0x0,

    /* U+0173 "ų" */
    0x8f, 0xf7, 0x0, 0x0, 0x2f, 0xfe, 0x8, 0xff,
    0x70, 0x0, 0x2, 0xff, 0xe0, 0x8f, 0xf7, 0x0,
    0x0, 0x2f, 0xfe, 0x8, 0xff, 0x70, 0x0, 0x2,
    0xff, 0xe0, 0x8f, 0xf7, 0x0, 0x0, 0x2f, 0xfe,
    0x8, 0xff, 0x70, 0x0, 0x2, 0xff, 0xe0, 0x8f,
    0xf7, 0x0, 0x0, 0x2f, 0xfe, 0x8, 0xff, 0x70,
    0x0, 0x3, 0xff, 0xe0, 0x8f, 0xf8, 0x0, 0x0,
    0x7f, 0xfe, 0x7, 0xff, 0xd0, 0x0, 0x3f, 0xff,
    0xe0, 0x3f, 0xff, 0xd9, 0xbf, 0xef, 0xfe, 0x0,
    0xaf, 0xff, 0xff, 0xe3, 0xff, 0xe0, 0x0, 0x7e,
    0xfe, 0x91, 0x1f, 0xfe, 0x0, 0x0, 0x0, 0x0,
    0x0, 0xaf, 0x40, 0x0, 0x0, 0x0, 0x0, 0xcf,
    0x30, 0x0, 0x0, 0x0, 0x0, 0x4f, 0xc0, 0x0,
    0x0, 0x0, 0x0, 0x4, 0xff, 0xb9, 0x0, 0x0,
    0x0, 0x0, 0x8, 0xef, 0xc0,

    /* U+0174 "Ŵ" */
    0x0, 0x0, 0x0, 0x0, 0x0, 0x6, 0x88, 0x60,
    0x0, 0x0, 0x0, 0x0, 0x0, 0x0, 0x0, 0x0,
    0x0, 0x0, 0x7f, 0xff, 0xf8, 0x0, 0x0, 0x0,
    0x0, 0x0, 0x0, 0x0, 0x0, 0x0, 0x5, 0xff,
    0x98, 0xff, 0x70, 0x0, 0x0, 0x0, 0x0, 0x0,
    0x0, 0x0, 0x0, 0x4f, 0xf7, 0x0, 0x6f, 0xf5,
    0x0, 0x0, 0x0, 0x0, 0x0, 0x0, 0x0, 0x0,
    0x0, 0x0, 0x0, 0x0, 0x0, 0x0, 0x0, 0x0,
    0x0, 0x0, 0x0, 0x0, 0x0, 0x0, 0x0, 0x0,
    0x0, 0x0, 0x0, 0x0, 0x0, 0x0, 0xe, 0xff,
    0x30, 0x0, 0x0, 0xc, 0xff, 0xf0, 0x0, 0x0,
    0x0, 0xff, 0xf0, 0xa, 0xff, 0x70, 0x0, 0x0,
    0xf, 0xff, 0xf4, 0x0, 0x0, 0x4, 0xff, 0xb0,
    0x5, 0xff, 0xc0, 0x0, 0x0, 0x4f, 0xff, 0xf8,
    0x0, 0x0, 0x8, 0xff, 0x70, 0x1, 0xff, 0xf0,
    0x0, 0x0, 0x8f, 0xfe, 0xfb, 0x0, 0x0, 0xc,
    0xff, 0x30, 0x0, 0xdf, 0xf4, 0x0, 0x0, 0xbf,
    0xca, 0xff, 0x0, 0x0, 0xf, 0xfe, 0x0, 0x0,
    0x8f, 0xf8, 0x0, 0x0, 0xff, 0x86, 0xff, 0x30,
    0x0, 0x4f, 0xfa, 0x0, 0x0, 0x4f, 0xfc, 0x0,
    0x3, 0xff, 0x42, 0xff, 0x70, 0x0, 0x8f, 0xf5,
    0x0, 0x0, 0xf, 0xff, 0x0, 0x7, 0xff, 0x0,
    0xef, 0xa0, 0x0, 0xcf, 0xf1, 0x0, 0x0, 0xb,
    0xff, 0x40, 0xa, 0xfc, 0x0, 0xbf, 0xe0, 0x0,
    0xff, 0xc0, 0x0, 0x0, 0x7, 0xff, 0x80, 0xe,
    0xf8, 0x0, 0x7f, 0xf2, 0x4, 0xff, 0x80, 0x0,
    0x0, 0x2, 0xff, 0xc0, 0x2f, 0xf4, 0x0, 0x3f,
    0xf6, 0x8, 0xff, 0x40, 0x0, 0x0, 0x0, 0xef,
    0xf0, 0x6f, 0xf1, 0x0, 0xf, 0xf9, 0xd, 0xff,
    0x0, 0x0, 0x0, 0x0, 0x9f, 0xf4, 0xaf, 0xd0,
    0x0, 0xb, 0xfd, 0x1f, 0xfb, 0x0, 0x0, 0x0,
    0x0, 0x5f, 0xf8, 0xdf, 0x90, 0x0, 0x7, 0xff,
    0x6f, 0xf6, 0x0, 0x0, 0x0, 0x0, 0x1f, 0xfe,
    0xff, 0x50, 0x0, 0x3, 0xff, 0xef, 0xf2, 0x0,
    0x0, 0x0, 0x0, 0xc, 0xff, 0xff, 0x10, 0x0,
    0x0, 0xff, 0xff, 0xe0, 0x0, 0x0, 0x0, 0x0,
    0x8, 0xff, 0xfd, 0x0, 0x0, 0x0, 0xbf, 0xff,
    0x90, 0x0, 0x0, 0x0, 0x0, 0x3, 0xff, 0xf9,
    0x0, 0x0, 0x0, 0x8f, 0xff, 0x50, 0x0, 0x0,

    /* U+0175 "ŵ" */
    0x0, 0x0, 0x0, 0x8, 0xff, 0xfa, 0x0, 0x0,
    0x0, 0x0, 0x0, 0x0, 0x7, 0xff, 0x7e, 0xfa,
    0x0, 0x0, 0x0, 0x0, 0x0, 0x7, 0xff, 0x40,
    0x2e, 0xfa, 0x0, 0x0, 0x0, 0x0, 0x0, 0x33,
    0x10, 0x0, 0x13, 0x30, 0x0, 0x0, 0x0, 0x0,
    0x0, 0x0, 0x0, 0x0, 0x0, 0x0, 0x0, 0x7,
    0xff, 0xa0, 0x0, 0xe, 0xff, 0x20, 0x0, 0x6f,
    0xfa, 0x2f, 0xfe, 0x0, 0x2, 0xff, 0xf7, 0x0,
    0x9, 0xff, 0x60, 0xef, 0xf1, 0x0, 0x7f, 0xff,
    0xb0, 0x0, 0xdf, 0xf1, 0x9, 0xff, 0x50, 0xb,
    0xff, 0xff, 0x0, 0x1f, 0xfc, 0x0, 0x5f, 0xf9,
    0x0, 0xff, 0x9f, 0xf4, 0x4, 0xff, 0x80, 0x0,
    0xff, 0xc0, 0x4f, 0xf1, 0xef, 0x90, 0x8f, 0xf3,
    0x0, 0xb, 0xff, 0x8, 0xfd, 0x9, 0xfd, 0xb,
    0xfe, 0x0, 0x0, 0x7f, 0xf4, 0xdf, 0x80, 0x5f,
    0xf2, 0xff, 0xa0, 0x0, 0x2, 0xff, 0x9f, 0xf3,
    0x1, 0xff, 0x9f, 0xf5, 0x0, 0x0, 0xe, 0xff,
    0xff, 0x0, 0xc, 0xff, 0xff, 0x10, 0x0, 0x0,
    0x9f, 0xff, 0xa0, 0x0, 0x7f, 0xff, 0xc0, 0x0,
    0x0, 0x4, 0xff, 0xf6, 0x0, 0x3, 0xff, 0xf8,
    0x0, 0x0, 0x0, 0xf, 0xff, 0x10, 0x0, 0xe,
    0xff, 0x30, 0x0,

    /* U+0176 "Ŷ" */
    0x0, 0x0, 0x0, 0x5a, 0xaa, 0x20, 0x0, 0x0,
    0x0, 0x0, 0x0, 0x3f, 0xff, 0xfd, 0x10, 0x0,
    0x0, 0x0, 0x0, 0x1e, 0xfe, 0x7f, 0xfb, 0x0,
    0x0, 0x0, 0x0, 0xc, 0xfd, 0x20, 0x4f, 0xf8,
    0x0, 0x0, 0x0, 0x0, 0x33, 0x10, 0x0, 0x13,
    0x30, 0x0, 0x0, 0x0, 0x0, 0x0, 0x0, 0x0,
    0x0, 0x0, 0x0, 0x5f, 0xff, 0x60, 0x0, 0x0,
    0x0, 0x4f, 0xff, 0x20, 0xbf, 0xfe, 0x0, 0x0,
    0x0, 0xd, 0xff, 0x80, 0x2, 0xff, 0xf8, 0x0,
    0x0, 0x6, 0xff, 0xd0, 0x0, 0x7, 0xff, 0xf2,
    0x0, 0x1, 0xef, 0xf4, 0x0, 0x0, 0xd, 0xff,
    0xa0, 0x0, 0x8f, 0xfa, 0x0, 0x0, 0x0, 0x3f,
    0xff, 0x30, 0x2f, 0xff, 0x10, 0x0, 0x0, 0x0,
    0xaf, 0xfd, 0xa, 0xff, 0x60, 0x0, 0x0, 0x0,
    0x1, 0xef, 0xfa, 0xff, 0xc0, 0x0, 0x0, 0x0,
    0x0, 0x6, 0xff, 0xff, 0xf3, 0x0, 0x0, 0x0,
    0x0, 0x0, 0xc, 0xff, 0xf9, 0x0, 0x0, 0x0,
    0x0, 0x0, 0x0, 0x3f, 0xff, 0x0, 0x0, 0x0,
    0x0, 0x0, 0x0, 0x2, 0xff, 0xf0, 0x0, 0x0,
    0x0, 0x0, 0x0, 0x0, 0x2f, 0xff, 0x0, 0x0,
    0x0, 0x0, 0x0, 0x0, 0x2, 0xff, 0xf0, 0x0,
    0x0, 0x0, 0x0, 0x0, 0x0, 0x2f, 0xff, 0x0,
    0x0, 0x0, 0x0, 0x0, 0x0, 0x2, 0xff, 0xf0,
    0x0, 0x0, 0x0, 0x0, 0x0, 0x0, 0x2f, 0xff,
    0x0, 0x0, 0x0, 0x0, 0x0, 0x0, 0x2, 0xff,
    0xf0, 0x0, 0x0, 0x0,

    /* U+0177 "ŷ" */
    0x0, 0x0, 0xaf, 0xff, 0x80, 0x0, 0x0, 0x0,
    0x9f, 0xe7, 0xff, 0x80, 0x0, 0x0, 0x9f, 0xe2,
    0x3, 0xff, 0x70, 0x0, 0x3, 0x31, 0x0, 0x1,
    0x33, 0x0, 0x0, 0x0, 0x0, 0x0, 0x0, 0x0,
    0xa, 0xff, 0x90, 0x0, 0x0, 0xaf, 0xf9, 0x4f,
    0xfe, 0x0, 0x0, 0xf, 0xff, 0x20, 0xef, 0xf4,
    0x0, 0x5, 0xff, 0xc0, 0x8, 0xff, 0xa0, 0x0,
    0xbf, 0xf5, 0x0, 0x2f, 0xff, 0x0, 0x1f, 0xfe,
    0x0, 0x0, 0xbf, 0xf6, 0x6, 0xff, 0x80, 0x0,
    0x5, 0xff, 0xc0, 0xcf, 0xf2, 0x0, 0x0, 0xe,
    0xff, 0x4f, 0xfb, 0x0, 0x0, 0x0, 0x8f, 0xfe,
    0xff, 0x50, 0x0, 0x0, 0x2, 0xff, 0xff, 0xe0,
    0x0, 0x0, 0x0, 0xc, 0xff, 0xf8, 0x0, 0x0,
    0x0, 0x0, 0x6f, 0xff, 0x10, 0x0, 0x0, 0x0,
    0x5, 0xff, 0xb0, 0x0, 0x0, 0x0, 0x0, 0xbf,
    0xf4, 0x0, 0x0, 0x0, 0x0, 0x2f, 0xfd, 0x0,
    0x0, 0x0, 0x0, 0x8, 0xff, 0x70, 0x0, 0x0,
    0x0, 0x0, 0xff, 0xf1, 0x0, 0x0, 0x0, 0x0,
    0x6f, 0xfa, 0x0, 0x0, 0x0, 0x0,

    /* U+0178 "Ÿ" */
    0x0, 0x0, 0x88, 0x82, 0x4, 0x88, 0x60, 0x0,
    0x0, 0x0, 0xf, 0xff, 0x40, 0x8f, 0xfc, 0x0,
    0x0, 0x0, 0x0, 0xff, 0xf4, 0x8, 0xff, 0xc0,
    0x0, 0x0, 0x0, 0xf, 0xff, 0x40, 0x8f, 0xfc,
    0x0, 0x0, 0x0, 0x0, 0x0, 0x0, 0x0, 0x0,
    0x0, 0x0, 0x0, 0x0, 0x0, 0x0, 0x0, 0x0,
    0x0, 0x0, 0x0, 0x5f, 0xff, 0x60, 0x0, 0x0,
    0x0, 0x4f, 0xff, 0x20, 0xbf, 0xfe, 0x10, 0x0,
    0x0, 0xd, 0xff, 0x80, 0x2, 0xff, 0xf8, 0x0,
    0x0, 0x6, 0xff, 0xd0, 0x0, 0x7, 0xff, 0xf2,
    0x0, 0x1, 0xef, 0xf4, 0x0, 0x0, 0xd, 0xff,
    0xb0, 0x0, 0x9f, 0xfa, 0x0, 0x0, 0x0, 0x3f,
    0xff, 0x40, 0x2f, 0xfe, 0x10, 0x0, 0x0, 0x0,
    0x9f, 0xfd, 0xb, 0xff, 0x60, 0x0, 0x0, 0x0,
    0x1, 0xef, 0xfa, 0xff, 0xc0, 0x0, 0x0, 0x0,
    0x0, 0x5, 0xff, 0xff, 0xf2, 0x0, 0x0, 0x0,
    0x0, 0x0, 0xb, 0xff, 0xf8, 0x0, 0x0, 0x0,
    0x0, 0x0, 0x0, 0x3f, 0xff, 0x0, 0x0, 0x0,
    0x0, 0x0, 0x0, 0x2, 0xff, 0xf0, 0x0, 0x0,
    0x0, 0x0, 0x0, 0x0, 0x2f, 0xff, 0x0, 0x0,
    0x0, 0x0, 0x0, 0x0, 0x2, 0xff, 0xf0, 0x0,
    0x0, 0x0, 0x0, 0x0, 0x0, 0x2f, 0xff, 0x0,
    0x0, 0x0, 0x0, 0x0, 0x0, 0x2, 0xff, 0xf0,
    0x0, 0x0, 0x0, 0x0, 0x0, 0x0, 0x2f, 0xff,
    0x0, 0x0, 0x0, 0x0, 0x0, 0x0, 0x2, 0xff,
    0xf0, 0x0, 0x0, 0x0,

    /* U+0179 "Ź" */
    0x0, 0x0, 0x0, 0x5e, 0xee, 0x90, 0x0, 0x0,
    0x0, 0x1, 0xef, 0xfa, 0x0, 0x0, 0x0, 0x0,
    0xa, 0xff, 0xa0, 0x0, 0x0, 0x0, 0x0, 0x4f,
    0xfa, 0x0, 0x0, 0x0, 0x0, 0x0, 0x0, 0x0,
    0x0, 0x0, 0x0, 0x0, 0x0, 0x0, 0x0, 0x0,
    0x0, 0x0, 0x9f, 0xff, 0xff, 0xff, 0xff, 0xff,
    0xf0, 0x9f, 0xff, 0xff, 0xff, 0xff, 0xff, 0xf0,
    0x59, 0x99, 0x99, 0x99, 0xaf, 0xff, 0xc0, 0x0,
    0x0, 0x0, 0x0, 0xaf, 0xff, 0x20, 0x0, 0x0,
    0x0, 0x4, 0xff, 0xf7, 0x0, 0x0, 0x0, 0x0,
    0x1e, 0xff, 0xc0, 0x0, 0x0, 0x0, 0x0, 0xaf,
    0xff, 0x20, 0x0, 0x0, 0x0, 0x5, 0xff, 0xf7,
    0x0, 0x0, 0x0, 0x0, 0x1e, 0xff, 0xc0, 0x0,
    0x0, 0x0, 0x0, 0xaf, 0xff, 0x20, 0x0, 0x0,
    0x0, 0x5, 0xff, 0xf7, 0x0, 0x0, 0x0, 0x0,
    0x1e, 0xff, 0xc0, 0x0, 0x0, 0x0, 0x0, 0xaf,
    0xff, 0x20, 0x0, 0x0, 0x0, 0x5, 0xff, 0xf6,
    0x0, 0x0, 0x0, 0x0, 0x1e, 0xff, 0xb0, 0x0,
    0x0, 0x0, 0x0, 0xbf, 0xff, 0xb9, 0x99, 0x99,
    0x99, 0x91, 0xef, 0xff, 0xff, 0xff, 0xff, 0xff,
    0xf2, 0xef, 0xff, 0xff, 0xff, 0xff, 0xff, 0xf2,

    /* U+017A "ź" */
    0x0, 0x0, 0xc, 0xff, 0xf3, 0x0, 0x0, 0x7,
    0xff, 0xf3, 0x0, 0x0, 0x1, 0xff, 0xf3, 0x0,
    0x0, 0x0, 0xaf, 0xe3, 0x0, 0x0, 0x0, 0x0,
    0x0, 0x0, 0x0, 0xa, 0xff, 0xff, 0xff, 0xff,
    0xf2, 0xaf, 0xff, 0xff, 0xff, 0xff, 0x25, 0x77,
    0x77, 0x7f, 0xff, 0xe0, 0x0, 0x0, 0x7, 0xff,
    0xf3, 0x0, 0x0, 0x3, 0xff, 0xf7, 0x0, 0x0,
    0x1, 0xef, 0xfb, 0x0, 0x0, 0x0, 0xbf, 0xfe,
    0x10, 0x0, 0x0, 0x7f, 0xff, 0x40, 0x0, 0x0,
    0x3f, 0xff, 0x80, 0x0, 0x0, 0xd, 0xff, 0xc0,
    0x0, 0x0, 0xa, 0xff, 0xf9, 0x77, 0x77, 0x72,
    0xef, 0xff, 0xff, 0xff, 0xff, 0x4e, 0xff, 0xff,
    0xff, 0xff, 0xf4,

    /* U+017B "Ż" */
    0x0, 0x0, 0x7, 0x77, 0x10, 0x0, 0x0, 0x0,
    0x0, 0x1f, 0xff, 0x30, 0x0, 0x0, 0x0, 0x0,
    0x1f, 0xff, 0x30, 0x0, 0x0, 0x0, 0x0, 0x1f,
    0xff, 0x30, 0x0, 0x0, 0x0, 0x0, 0x0, 0x0,
    0x0, 0x0, 0x0, 0x0, 0x0, 0x0, 0x0, 0x0,
    0x0, 0x0, 0x9f, 0xff, 0xff, 0xff, 0xff, 0xff,
    0xf0, 0x9f, 0xff, 0xff, 0xff, 0xff, 0xff, 0xf0,
    0x59, 0x99, 0x99, 0x99, 0xaf, 0xff, 0xc0, 0x0,
    0x0, 0x0, 0x0, 0xaf, 0xff, 0x20, 0x0, 0x0,
    0x0, 0x4, 0xff, 0xf7, 0x0, 0x0, 0x0, 0x0,
    0x1e, 0xff, 0xc0, 0x0, 0x0, 0x0, 0x0, 0xaf,
    0xff, 0x20, 0x0, 0x0, 0x0, 0x5, 0xff, 0xf7,
    0x0, 0x0, 0x0, 0x0, 0x1e, 0xff, 0xc0, 0x0,
    0x0, 0x0, 0x0, 0xaf, 0xff, 0x20, 0x0, 0x0,
    0x0, 0x5, 0xff, 0xf7, 0x0, 0x0, 0x0, 0x0,
    0x1e, 0xff, 0xc0, 0x0, 0x0, 0x0, 0x0, 0xaf,
    0xff, 0x20, 0x0, 0x0, 0x0, 0x5, 0xff, 0xf6,
    0x0, 0x0, 0x0, 0x0, 0x1e, 0xff, 0xb0, 0x0,
    0x0, 0x0, 0x0, 0xbf, 0xff, 0xb9, 0x99, 0x99,
    0x99, 0x91, 0xef, 0xff, 0xff, 0xff, 0xff, 0xff,
    0xf2, 0xef, 0xff, 0xff, 0xff, 0xff, 0xff, 0xf2,

    /* U+017C "ż" */
    0x0, 0x7, 0xff, 0xc0, 0x0, 0x0, 0x0, 0x7f,
    0xfc, 0x0, 0x0, 0x0, 0x7, 0xff, 0xc0, 0x0,
    0x0, 0x0, 0x37, 0x76, 0x0, 0x0, 0x0, 0x0,
    0x0, 0x0, 0x0, 0xa, 0xff, 0xff, 0xff, 0xff,
    0xf2, 0xaf, 0xff, 0xff, 0xff, 0xff, 0x25, 0x77,
    0x77, 0x7f, 0xff, 0xe0, 0x0, 0x0, 0x7, 0xff,
    0xf3, 0x0, 0x0, 0x3, 0xff, 0xf7, 0x0, 0x0,
    0x1, 0xef, 0xfb, 0x0, 0x0, 0x0, 0xbf, 0xfe,
    0x10, 0x0, 0x0, 0x7f, 0xff, 0x40, 0x0, 0x0,
    0x3f, 0xff, 0x80, 0x0, 0x0, 0xd, 0xff, 0xc0,
    0x0, 0x0, 0xa, 0xff, 0xf9, 0x77, 0x77, 0x72,
    0xef, 0xff, 0xff, 0xff, 0xff, 0x4e, 0xff, 0xff,
    0xff, 0xff, 0xf4,

    /* U+017D "Ž" */
    0x0, 0x78, 0x50, 0x0, 0x48, 0x70, 0x0, 0x0,
    0x4f, 0xf9, 0x7, 0xff, 0x60, 0x0, 0x0, 0x6,
    0xff, 0xdf, 0xf8, 0x0, 0x0, 0x0, 0x0, 0x7f,
    0xff, 0x90, 0x0, 0x0, 0x0, 0x0, 0x0, 0x0,
    0x0, 0x0, 0x0, 0x0, 0x0, 0x0, 0x0, 0x0,
    0x0, 0x0, 0x9f, 0xff, 0xff, 0xff, 0xff, 0xff,
    0xf0, 0x9f, 0xff, 0xff, 0xff, 0xff, 0xff, 0xf0,
    0x59, 0x99, 0x99, 0x99, 0xaf, 0xff, 0xc0, 0x0,
    0x0, 0x0, 0x0, 0xaf, 0xff, 0x20, 0x0, 0x0,
    0x0, 0x4, 0xff, 0xf7, 0x0, 0x0, 0x0, 0x0,
    0x1e, 0xff, 0xc0, 0x0, 0x0, 0x0, 0x0, 0xaf,
    0xff, 0x20, 0x0, 0x0, 0x0, 0x5, 0xff, 0xf7,
    0x0, 0x0, 0x0, 0x0, 0x1e, 0xff, 0xc0, 0x0,
    0x0, 0x0, 0x0, 0xaf, 0xff, 0x20, 0x0, 0x0,
    0x0, 0x5, 0xff, 0xf7, 0x0, 0x0, 0x0, 0x0,
    0x1e, 0xff, 0xc0, 0x0, 0x0, 0x0, 0x0, 0xaf,
    0xff, 0x20, 0x0, 0x0, 0x0, 0x5, 0xff, 0xf6,
    0x0, 0x0, 0x0, 0x0, 0x1e, 0xff, 0xb0, 0x0,
    0x0, 0x0, 0x0, 0xbf, 0xff, 0xb9, 0x99, 0x99,
    0x99, 0x91, 0xef, 0xff, 0xff, 0xff, 0xff, 0xff,
    0xf2, 0xef, 0xff, 0xff, 0xff, 0xff, 0xff, 0xf2,

    /* U+017E "ž" */
    0x2f, 0xf9, 0x0, 0x5f, 0xf7, 0x0, 0x3f, 0xfc,
    0x8f, 0xf8, 0x0, 0x0, 0x4f, 0xff, 0xf9, 0x0,
    0x0, 0x0, 0x46, 0x66, 0x0, 0x0, 0x0, 0x0,
    0x0, 0x0, 0x0, 0xa, 0xff, 0xff, 0xff, 0xff,
    0xf2, 0xaf, 0xff, 0xff, 0xff, 0xff, 0x25, 0x77,
    0x77, 0x7f, 0xff, 0xe0, 0x0, 0x0, 0x7, 0xff,
    0xf3, 0x0, 0x0, 0x3, 0xff, 0xf7, 0x0, 0x0,
    0x1, 0xef, 0xfb, 0x0, 0x0, 0x0, 0xbf, 0xfe,
    0x10, 0x0, 0x0, 0x7f, 0xff, 0x40, 0x0, 0x0,
    0x3f, 0xff, 0x80, 0x0, 0x0, 0xd, 0xff, 0xc0,
    0x0, 0x0, 0xa, 0xff, 0xf9, 0x77, 0x77, 0x72,
    0xef, 0xff, 0xff, 0xff, 0xff, 0x4e, 0xff, 0xff,
    0xff, 0xff, 0xf4,

    /* U+2013 "–" */
    0x26, 0x66, 0x66, 0x66, 0x66, 0x65, 0x6f, 0xff,
    0xff, 0xff, 0xff, 0xfc, 0x6f, 0xff, 0xff, 0xff,
    0xff, 0xfc,

    /* U+2014 "—" */
    0x26, 0x66, 0x66, 0x66, 0x66, 0x66, 0x66, 0x66,
    0x66, 0x66, 0xff, 0xff, 0xff, 0xff, 0xff, 0xff,
    0xff, 0xff, 0xff, 0x6f, 0xff, 0xff, 0xff, 0xff,
    0xff, 0xff, 0xff, 0xff, 0xf0,

    /* U+2018 "‘" */
    0x0, 0x0, 0x0, 0x8, 0xf1, 0x9, 0xf9, 0x1,
    0xf8, 0x0, 0x5f, 0x95, 0x6, 0xff, 0xf1, 0x7f,
    0xff, 0x17, 0xff, 0xf1,

    /* U+2019 "’" */
    0x7f, 0xff, 0x7, 0xff, 0xf0, 0x7f, 0xff, 0x2,
    0x5d, 0xf0, 0x0, 0xeb, 0x3, 0xcf, 0x30, 0x8d,
    0x40, 0x0, 0x0, 0x0,

    /* U+201A "‚" */
    0x49, 0x98, 0x7f, 0xff, 0x7f, 0xff, 0x7f, 0xfe,
    0x0, 0xec, 0x3, 0xf7, 0x4f, 0xd0, 0x6a, 0x10,

    /* U+201C "“" */
    0x0, 0x0, 0x0, 0x0, 0x0, 0x8, 0xf1, 0x1,
    0xbc, 0x9, 0xf9, 0x0, 0xde, 0x61, 0xf8, 0x0,
    0x6f, 0x40, 0x5f, 0x95, 0xa, 0xf6, 0x46, 0xff,
    0xf1, 0xbf, 0xfc, 0x7f, 0xff, 0x1b, 0xff, 0xc7,
    0xff, 0xf1, 0xbf, 0xfc,

    /* U+201D "”" */
    0x7f, 0xff, 0xc, 0xff, 0xc7, 0xff, 0xf0, 0xcf,
    0xfc, 0x7f, 0xff, 0xc, 0xff, 0xb2, 0x5d, 0xf0,
    0x46, 0xfa, 0x0, 0xeb, 0x0, 0x4f, 0x63, 0xcf,
    0x30, 0x6e, 0xd0, 0x8d, 0x40, 0xc, 0xb2, 0x0,
    0x0, 0x0, 0x0, 0x0,

    /* U+201E "„" */
    0x49, 0x99, 0x8, 0x99, 0x57, 0xff, 0xf0, 0xef,
    0xf8, 0x7f, 0xff, 0xe, 0xff, 0x87, 0xff, 0xe0,
    0xef, 0xf8, 0x0, 0xec, 0x0, 0x4f, 0x60, 0x3f,
    0x70, 0x9, 0xf1, 0x4f, 0xd0, 0xa, 0xf8, 0x6,
    0x91, 0x0, 0xb6, 0x0,

    /* U+2022 "•" */
    0x12, 0x22, 0x21, 0x7f, 0xff, 0xf8, 0x7f, 0xff,
    0xf8, 0x7f, 0xff, 0xf8, 0x7f, 0xff, 0xf8, 0x7f,
    0xff, 0xf8,

    /* U+2026 "…" */
    0x49, 0x99, 0x0, 0x99, 0x94, 0x5, 0x99, 0x87,
    0xff, 0xf0, 0xf, 0xff, 0x70, 0x9f, 0xfe, 0x7f,
    0xff, 0x0, 0xff, 0xf7, 0x9, 0xff, 0xe7, 0xff,
    0xf0, 0xf, 0xff, 0x70, 0x9f, 0xfe,

    /* U+F001 "" */
    0x0, 0x0, 0x0, 0x0, 0x0, 0x0, 0x0, 0x0,
    0x0, 0x0, 0x0, 0x0, 0x0, 0x0, 0x0, 0x0,
    0x0, 0x0, 0x0, 0x0, 0x0, 0x2, 0x7b, 0xe8,
    0x0, 0x0, 0x0, 0x0, 0x0, 0x0, 0x0, 0x0,
    0x49, 0xdf, 0xff, 0xff, 0x0, 0x0, 0x0, 0x0,
    0x0, 0x0, 0x16, 0xbf, 0xff, 0xff, 0xff, 0xff,
    0x0, 0x0, 0x0, 0x0, 0x3, 0x8c, 0xff, 0xff,
    0xff, 0xff, 0xff, 0xff, 0x0, 0x0, 0x0, 0x3a,
    0xef, 0xff, 0xff, 0xff, 0xff, 0xff, 0xff, 0xff,
    0x0, 0x0, 0x0, 0xef, 0xff, 0xff, 0xff, 0xff,
    0xff, 0xff, 0xff, 0xff, 0x0, 0x0, 0x0, 0xff,
    0xff, 0xff, 0xff, 0xff, 0xff, 0xfe, 0xaf, 0xff,
    0x0, 0x0, 0x0, 0xff, 0xff, 0xff, 0xff, 0xff,
    0xd8, 0x30, 0xf, 0xff, 0x0, 0x0, 0x0, 0xff,
    0xff, 0xff, 0xfb, 0x62, 0x0, 0x0, 0xf, 0xff,
    0x0, 0x0, 0x0, 0xff, 0xfe, 0x94, 0x0, 0x0,
    0x0, 0x0, 0xf, 0xff, 0x0, 0x0, 0x0, 0xff,
    0xf0, 0x0, 0x0, 0x0, 0x0, 0x0, 0xf, 0xff,
    0x0, 0x0, 0x0, 0xff, 0xf0, 0x0, 0x0, 0x0,
    0x0, 0x0, 0xf, 0xff, 0x0, 0x0, 0x0, 0xff,
    0xf0, 0x0, 0x0, 0x0, 0x0, 0x0, 0xf, 0xff,
    0x0, 0x0, 0x0, 0xff, 0xf0, 0x0, 0x0, 0x0,
    0x0, 0x0, 0xf, 0xff, 0x0, 0x0, 0x0, 0xff,
    0xf0, 0x0, 0x0, 0x0, 0x0, 0x0, 0xf, 0xff,
    0x0, 0x0, 0x0, 0xff, 0xf0, 0x0, 0x0, 0x0,
    0x3a, 0xdf, 0xef, 0xff, 0x0, 0x0, 0x0, 0xff,
    0xf0, 0x0, 0x0, 0x6, 0xff, 0xff, 0xff, 0xff,
    0x0, 0x0, 0x0, 0xff, 0xf0, 0x0, 0x0, 0xe,
    0xff, 0xff, 0xff, 0xff, 0x3, 0xad, 0xfe, 0xff,
    0xf0, 0x0, 0x0, 0xe, 0xff, 0xff, 0xff, 0xfe,
    0x6f, 0xff, 0xff, 0xff, 0xf0, 0x0, 0x0, 0x6,
    0xff, 0xff, 0xff, 0xf6, 0xef, 0xff, 0xff, 0xff,
    0xf0, 0x0, 0x0, 0x0, 0x3a, 0xef, 0xea, 0x30,
    0xef, 0xff, 0xff, 0xff, 0xe0, 0x0, 0x0, 0x0,
    0x0, 0x0, 0x0, 0x0, 0x6f, 0xff, 0xff, 0xff,
    0x60, 0x0, 0x0, 0x0, 0x0, 0x0, 0x0, 0x0,
    0x3, 0xae, 0xfe, 0xa3, 0x0, 0x0, 0x0, 0x0,
    0x0, 0x0, 0x0, 0x0,

    /* U+F008 "" */
    0xb7, 0x0, 0xbf, 0xff, 0xff, 0xff, 0xff, 0xff,
    0xff, 0xf4, 0x0, 0x7b, 0xfd, 0x88, 0xef, 0xff,
    0xff, 0xff, 0xff, 0xff, 0xff, 0xfb, 0x88, 0xdf,
    0xff, 0xff, 0xff, 0xb4, 0x44, 0x44, 0x44, 0x44,
    0x5f, 0xff, 0xff, 0xff, 0xf9, 0x0, 0xcf, 0x80,
    0x0, 0x0, 0x0, 0x0, 0xf, 0xf5, 0x0, 0x9f,
    0xf8, 0x0, 0xbf, 0x80, 0x0, 0x0, 0x0, 0x0,
    0xf, 0xf4, 0x0, 0x8f, 0xf9, 0x0, 0xcf, 0x80,
    0x0, 0x0, 0x0, 0x0, 0xf, 0xf5, 0x0, 0x9f,
    0xff, 0xff, 0xff, 0x80, 0x0, 0x0, 0x0, 0x0,
    0xf, 0xff, 0xff, 0xff, 0xfd, 0x88, 0xef, 0xa2,
    0x22, 0x22, 0x22, 0x22, 0x3f, 0xfb, 0x88, 0xdf,
    0xf8, 0x0, 0xbf, 0xff, 0xff, 0xff, 0xff, 0xff,
    0xff, 0xf4, 0x0, 0x8f, 0xf8, 0x0, 0xbf, 0xff,
    0xff, 0xff, 0xff, 0xff, 0xff, 0xf4, 0x0, 0x8f,
    0xfd, 0x88, 0xef, 0xa2, 0x22, 0x22, 0x22, 0x22,
    0x3f, 0xfb, 0x88, 0xdf, 0xff, 0xff, 0xff, 0x80,
    0x0, 0x0, 0x0, 0x0, 0xf, 0xff, 0xff, 0xff,
    0xf9, 0x0, 0xcf, 0x80, 0x0, 0x0, 0x0, 0x0,
    0xf, 0xf5, 0x0, 0x9f, 0xf8, 0x0, 0xbf, 0x80,
    0x0, 0x0, 0x0, 0x0, 0xf, 0xf4, 0x0, 0x8f,
    0xf9, 0x0, 0xcf, 0x80, 0x0, 0x0, 0x0, 0x0,
    0xf, 0xf5, 0x0, 0x9f, 0xff, 0xff, 0xff, 0xb4,
    0x44, 0x44, 0x44, 0x44, 0x5f, 0xff, 0xff, 0xff,
    0xfd, 0x88, 0xef, 0xff, 0xff, 0xff, 0xff, 0xff,
    0xff, 0xfb, 0x88, 0xdf, 0xb7, 0x0, 0xbf, 0xff,
    0xff, 0xff, 0xff, 0xff, 0xff, 0xf4, 0x0, 0x7b,

    /* U+F00B "" */
    0x14, 0x44, 0x44, 0x10, 0x3, 0x44, 0x44, 0x44,
    0x44, 0x44, 0x44, 0x41, 0xef, 0xff, 0xff, 0xe0,
    0x6f, 0xff, 0xff, 0xff, 0xff, 0xff, 0xff, 0xfe,
    0xff, 0xff, 0xff, 0xf0, 0x8f, 0xff, 0xff, 0xff,
    0xff, 0xff, 0xff, 0xff, 0xff, 0xff, 0xff, 0xf0,
    0x8f, 0xff, 0xff, 0xff, 0xff, 0xff, 0xff, 0xff,
    0xff, 0xff, 0xff, 0xf0, 0x8f, 0xff, 0xff, 0xff,
    0xff, 0xff, 0xff, 0xff, 0xff, 0xff, 0xff, 0xf0,
    0x8f, 0xff, 0xff, 0xff, 0xff, 0xff, 0xff, 0xff,
    0x7b, 0xbb, 0xbb, 0x60, 0x2a, 0xbb, 0xbb, 0xbb,
    0xbb, 0xbb, 0xbb, 0xb7, 0x0, 0x0, 0x0, 0x0,
    0x0, 0x0, 0x0, 0x0, 0x0, 0x0, 0x0, 0x0,
    0xbf, 0xff, 0xff, 0xb0, 0x4f, 0xff, 0xff, 0xff,
    0xff, 0xff, 0xff, 0xfb, 0xff, 0xff, 0xff, 0xf0,
    0x8f, 0xff, 0xff, 0xff, 0xff, 0xff, 0xff, 0xff,
    0xff, 0xff, 0xff, 0xf0, 0x8f, 0xff, 0xff, 0xff,
    0xff, 0xff, 0xff, 0xff, 0xff, 0xff, 0xff, 0xf0,
    0x8f, 0xff, 0xff, 0xff, 0xff, 0xff, 0xff, 0xff,
    0xff, 0xff, 0xff, 0xf0, 0x8f, 0xff, 0xff, 0xff,
    0xff, 0xff, 0xff, 0xff, 0xbf, 0xff, 0xff, 0xb0,
    0x4f, 0xff, 0xff, 0xff, 0xff, 0xff, 0xff, 0xfb,
    0x0, 0x0, 0x0, 0x0, 0x0, 0x0, 0x0, 0x0,
    0x0, 0x0, 0x0, 0x0, 0x14, 0x44, 0x44, 0x10,
    0x3, 0x44, 0x44, 0x44, 0x44, 0x44, 0x44, 0x41,
    0xef, 0xff, 0xff, 0xe0, 0x6f, 0xff, 0xff, 0xff,
    0xff, 0xff, 0xff, 0xfe, 0xff, 0xff, 0xff, 0xf0,
    0x8f, 0xff, 0xff, 0xff, 0xff, 0xff, 0xff, 0xff,
    0xff, 0xff, 0xff, 0xf0, 0x8f, 0xff, 0xff, 0xff,
    0xff, 0xff, 0xff, 0xff, 0xff, 0xff, 0xff, 0xf0,
    0x8f, 0xff, 0xff, 0xff, 0xff, 0xff, 0xff, 0xff,
    0xff, 0xff, 0xff, 0xf0, 0x8f, 0xff, 0xff, 0xff,
    0xff, 0xff, 0xff, 0xff, 0x7b, 0xbb, 0xbb, 0x60,
    0x2a, 0xbb, 0xbb, 0xbb, 0xbb, 0xbb, 0xbb, 0xb7,

    /* U+F00C "" */
    0x0, 0x0, 0x0, 0x0, 0x0, 0x0, 0x0, 0x0,
    0x0, 0x0, 0xbd, 0x20, 0x0, 0x0, 0x0, 0x0,
    0x0, 0x0, 0x0, 0x0, 0x0, 0xc, 0xff, 0xe2,
    0x0, 0x0, 0x0, 0x0, 0x0, 0x0, 0x0, 0x0,
    0x0, 0xcf, 0xff, 0xfd, 0x0, 0x0, 0x0, 0x0,
    0x0, 0x0, 0x0, 0x0, 0xc, 0xff, 0xff, 0xfd,
    0x0, 0x0, 0x0, 0x0, 0x0, 0x0, 0x0, 0x0,
    0xcf, 0xff, 0xff, 0xd1, 0x0, 0x0, 0x0, 0x0,
    0x0, 0x0, 0x0, 0xc, 0xff, 0xff, 0xfd, 0x10,
    0x2, 0xdb, 0x0, 0x0, 0x0, 0x0, 0x0, 0xcf,
    0xff, 0xff, 0xd1, 0x0, 0x2e, 0xff, 0xc0, 0x0,
    0x0, 0x0, 0xc, 0xff, 0xff, 0xfd, 0x10, 0x0,
    0xdf, 0xff, 0xfc, 0x0, 0x0, 0x0, 0xcf, 0xff,
    0xff, 0xd1, 0x0, 0x0, 0xdf, 0xff, 0xff, 0xc0,
    0x0, 0xc, 0xff, 0xff, 0xfd, 0x10, 0x0, 0x0,
    0x1d, 0xff, 0xff, 0xfc, 0x0, 0xcf, 0xff, 0xff,
    0xd1, 0x0, 0x0, 0x0, 0x1, 0xdf, 0xff, 0xff,
    0xcc, 0xff, 0xff, 0xfd, 0x10, 0x0, 0x0, 0x0,
    0x0, 0x1d, 0xff, 0xff, 0xff, 0xff, 0xff, 0xd1,
    0x0, 0x0, 0x0, 0x0, 0x0, 0x1, 0xdf, 0xff,
    0xff, 0xff, 0xfd, 0x10, 0x0, 0x0, 0x0, 0x0,
    0x0, 0x0, 0x1d, 0xff, 0xff, 0xff, 0xd1, 0x0,
    0x0, 0x0, 0x0, 0x0, 0x0, 0x0, 0x1, 0xdf,
    0xff, 0xfd, 0x10, 0x0, 0x0, 0x0, 0x0, 0x0,
    0x0, 0x0, 0x0, 0x1d, 0xff, 0xd1, 0x0, 0x0,
    0x0, 0x0, 0x0, 0x0, 0x0, 0x0, 0x0, 0x1,
    0xcc, 0x10, 0x0, 0x0, 0x0, 0x0, 0x0, 0x0,

    /* U+F00D "" */
    0x1, 0x41, 0x0, 0x0, 0x0, 0x0, 0x3, 0x30,
    0x1, 0xdf, 0xd2, 0x0, 0x0, 0x0, 0x7, 0xff,
    0x70, 0xcf, 0xff, 0xe2, 0x0, 0x0, 0x8, 0xff,
    0xff, 0x4e, 0xff, 0xff, 0xe2, 0x0, 0x8, 0xff,
    0xff, 0xf6, 0x4f, 0xff, 0xff, 0xe2, 0x8, 0xff,
    0xff, 0xfb, 0x0, 0x4f, 0xff, 0xff, 0xe9, 0xff,
    0xff, 0xfb, 0x0, 0x0, 0x4f, 0xff, 0xff, 0xff,
    0xff, 0xfb, 0x0, 0x0, 0x0, 0x4f, 0xff, 0xff,
    0xff, 0xfb, 0x0, 0x0, 0x0, 0x0, 0x4f, 0xff,
    0xff, 0xfc, 0x0, 0x0, 0x0, 0x0, 0x8, 0xff,
    0xff, 0xff, 0xe2, 0x0, 0x0, 0x0, 0x8, 0xff,
    0xff, 0xff, 0xff, 0xe2, 0x0, 0x0, 0x8, 0xff,
    0xff, 0xff, 0xff, 0xff, 0xe2, 0x0, 0x8, 0xff,
    0xff, 0xfb, 0x5f, 0xff, 0xff, 0xe2, 0x7, 0xff,
    0xff, 0xfb, 0x0, 0x4f, 0xff, 0xff, 0xe1, 0xff,
    0xff, 0xfb, 0x0, 0x0, 0x4f, 0xff, 0xff, 0x7a,
    0xff, 0xfb, 0x0, 0x0, 0x0, 0x4f, 0xff, 0xf3,
    0xb, 0xfb, 0x0, 0x0, 0x0, 0x0, 0x4f, 0xf4,
    0x0, 0x1, 0x0, 0x0, 0x0, 0x0, 0x0, 0x0,
    0x0,

    /* U+F011 "" */
    0x0, 0x0, 0x0, 0x0, 0x0, 0xaf, 0xf8, 0x0,
    0x0, 0x0, 0x0, 0x0, 0x0, 0x0, 0x0, 0x0,
    0x0, 0xef, 0xfd, 0x0, 0x0, 0x0, 0x0, 0x0,
    0x0, 0x0, 0x8, 0x60, 0x0, 0xef, 0xfd, 0x0,
    0x7, 0x70, 0x0, 0x0, 0x0, 0x1, 0xcf, 0xf3,
    0x0, 0xef, 0xfd, 0x0, 0x5f, 0xfb, 0x0, 0x0,
    0x0, 0xc, 0xff, 0xfb, 0x0, 0xef, 0xfd, 0x0,
    0xcf, 0xff, 0xb0, 0x0, 0x0, 0x9f, 0xff, 0xf6,
    0x0, 0xef, 0xfd, 0x0, 0x7f, 0xff, 0xf7, 0x0,
    0x3, 0xff, 0xff, 0x60, 0x0, 0xef, 0xfd, 0x0,
    0x8, 0xff, 0xff, 0x20, 0xa, 0xff, 0xf9, 0x0,
    0x0, 0xef, 0xfd, 0x0, 0x0, 0xbf, 0xff, 0x90,
    0x1f, 0xff, 0xe0, 0x0, 0x0, 0xef, 0xfd, 0x0,
    0x0, 0x1f, 0xff, 0xf0, 0x5f, 0xff, 0x90, 0x0,
    0x0, 0xef, 0xfd, 0x0, 0x0, 0xa, 0xff, 0xf3,
    0x8f, 0xff, 0x40, 0x0, 0x0, 0xef, 0xfd, 0x0,
    0x0, 0x6, 0xff, 0xf6, 0x9f, 0xff, 0x20, 0x0,
    0x0, 0xef, 0xfd, 0x0, 0x0, 0x4, 0xff, 0xf8,
    0x9f, 0xff, 0x20, 0x0, 0x0, 0xef, 0xfc, 0x0,
    0x0, 0x4, 0xff, 0xf7, 0x8f, 0xff, 0x40, 0x0,
    0x0, 0x37, 0x72, 0x0, 0x0, 0x6, 0xff, 0xf6,
    0x5f, 0xff, 0x80, 0x0, 0x0, 0x0, 0x0, 0x0,
    0x0, 0xa, 0xff, 0xf4, 0x1f, 0xff, 0xe0, 0x0,
    0x0, 0x0, 0x0, 0x0, 0x0, 0x1f, 0xff, 0xf0,
    0xb, 0xff, 0xf8, 0x0, 0x0, 0x0, 0x0, 0x0,
    0x0, 0xaf, 0xff, 0xa0, 0x3, 0xff, 0xff, 0x60,
    0x0, 0x0, 0x0, 0x0, 0x7, 0xff, 0xff, 0x20,
    0x0, 0xaf, 0xff, 0xf8, 0x0, 0x0, 0x0, 0x1,
    0x9f, 0xff, 0xf8, 0x0, 0x0, 0xd, 0xff, 0xff,
    0xe8, 0x42, 0x24, 0x9e, 0xff, 0xff, 0xb0, 0x0,
    0x0, 0x1, 0xdf, 0xff, 0xff, 0xff, 0xff, 0xff,
    0xff, 0xfb, 0x10, 0x0, 0x0, 0x0, 0xa, 0xff,
    0xff, 0xff, 0xff, 0xff, 0xff, 0x90, 0x0, 0x0,
    0x0, 0x0, 0x0, 0x3b, 0xff, 0xff, 0xff, 0xff,
    0xb3, 0x0, 0x0, 0x0, 0x0, 0x0, 0x0, 0x0,
    0x15, 0x89, 0x97, 0x51, 0x0, 0x0, 0x0, 0x0,

    /* U+F013 "" */
    0x0, 0x0, 0x0, 0x0, 0x4, 0x89, 0x98, 0x40,
    0x0, 0x0, 0x0, 0x0, 0x0, 0x0, 0x0, 0x0,
    0xf, 0xff, 0xff, 0xf0, 0x0, 0x0, 0x0, 0x0,
    0x0, 0x0, 0x0, 0x0, 0xf, 0xff, 0xff, 0xf0,
    0x0, 0x0, 0x0, 0x0, 0x0, 0x0, 0x0, 0x0,
    0x4f, 0xff, 0xff, 0xf4, 0x0, 0x0, 0x0, 0x0,
    0x0, 0xc, 0xc3, 0x2c, 0xff, 0xff, 0xff, 0xff,
    0xc2, 0x3c, 0xc0, 0x0, 0x0, 0x8f, 0xff, 0xff,
    0xff, 0xff, 0xff, 0xff, 0xff, 0xff, 0xf8, 0x0,
    0x3, 0xff, 0xff, 0xff, 0xff, 0xff, 0xff, 0xff,
    0xff, 0xff, 0xff, 0x30, 0xa, 0xff, 0xff, 0xff,
    0xff, 0xff, 0xff, 0xff, 0xff, 0xff, 0xff, 0xa0,
    0xf, 0xff, 0xff, 0xff, 0xff, 0x94, 0x49, 0xff,
    0xff, 0xff, 0xff, 0xf0, 0x6, 0xef, 0xff, 0xff,
    0xf4, 0x0, 0x0, 0x4f, 0xff, 0xff, 0xfe, 0x60,
    0x0, 0x1e, 0xff, 0xff, 0x90, 0x0, 0x0, 0x9,
    0xff, 0xff, 0xe1, 0x0, 0x0, 0xf, 0xff, 0xff,
    0x40, 0x0, 0x0, 0x4, 0xff, 0xff, 0xf0, 0x0,
    0x0, 0xf, 0xff, 0xff, 0x40, 0x0, 0x0, 0x4,
    0xff, 0xff, 0xf0, 0x0, 0x0, 0x1e, 0xff, 0xff,
    0x90, 0x0, 0x0, 0x9, 0xff, 0xff, 0xe1, 0x0,
    0x6, 0xef, 0xff, 0xff, 0xf4, 0x0, 0x0, 0x4f,
    0xff, 0xff, 0xfe, 0x60, 0xf, 0xff, 0xff, 0xff,
    0xff, 0x94, 0x49, 0xff, 0xff, 0xff, 0xff, 0xf0,
    0xa, 0xff, 0xff, 0xff, 0xff, 0xff, 0xff, 0xff,
    0xff, 0xff, 0xff, 0xa0, 0x3, 0xff, 0xff, 0xff,
    0xff, 0xff, 0xff, 0xff, 0xff, 0xff, 0xff, 0x30,
    0x0, 0x8f, 0xff, 0xff, 0xff, 0xff, 0xff, 0xff,
    0xff, 0xff, 0xf8, 0x0, 0x0, 0xc, 0xc3, 0x2c,
    0xff, 0xff, 0xff, 0xff, 0xc2, 0x3c, 0xc0, 0x0,
    0x0, 0x0, 0x0, 0x0, 0x4f, 0xff, 0xff, 0xf4,
    0x0, 0x0, 0x0, 0x0, 0x0, 0x0, 0x0, 0x0,
    0xf, 0xff, 0xff, 0xf0, 0x0, 0x0, 0x0, 0x0,
    0x0, 0x0, 0x0, 0x0, 0xf, 0xff, 0xff, 0xf0,
    0x0, 0x0, 0x0, 0x0, 0x0, 0x0, 0x0, 0x0,
    0x4, 0x89, 0x98, 0x40, 0x0, 0x0, 0x0, 0x0,

    /* U+F015 "" */
    0x0, 0x0, 0x0, 0x0, 0x0, 0x0, 0x13, 0x10,
    0x0, 0x2, 0x44, 0x20, 0x0, 0x0, 0x0, 0x0,
    0x0, 0x0, 0x0, 0x5f, 0xfe, 0x40, 0x0, 0xdf,
    0xfd, 0x0, 0x0, 0x0, 0x0, 0x0, 0x0, 0x0,
    0x7f, 0xff, 0xff, 0x70, 0xe, 0xff, 0xe0, 0x0,
    0x0, 0x0, 0x0, 0x0, 0x0, 0xaf, 0xff, 0xff,
    0xff, 0xa0, 0xef, 0xfe, 0x0, 0x0, 0x0, 0x0,
    0x0, 0x1, 0xcf, 0xff, 0xb3, 0xbf, 0xff, 0xce,
    0xff, 0xe0, 0x0, 0x0, 0x0, 0x0, 0x3, 0xef,
    0xff, 0x90, 0x0, 0x9f, 0xff, 0xff, 0xfe, 0x0,
    0x0, 0x0, 0x0, 0x6, 0xff, 0xff, 0x60, 0x5d,
    0x50, 0x6f, 0xff, 0xff, 0xe0, 0x0, 0x0, 0x0,
    0x8, 0xff, 0xfe, 0x30, 0x8f, 0xff, 0x70, 0x4e,
    0xff, 0xfe, 0x0, 0x0, 0x0, 0x1b, 0xff, 0xfd,
    0x20, 0xaf, 0xff, 0xff, 0xa0, 0x2d, 0xff, 0xfb,
    0x0, 0x0, 0x2d, 0xff, 0xfb, 0x1, 0xcf, 0xff,
    0xff, 0xff, 0xc1, 0xb, 0xff, 0xfd, 0x20, 0x4f,
    0xff, 0xf8, 0x3, 0xef, 0xff, 0xff, 0xff, 0xff,
    0xe3, 0x8, 0xff, 0xfe, 0x4e, 0xff, 0xf5, 0x5,
    0xff, 0xff, 0xff, 0xff, 0xff, 0xff, 0xf5, 0x5,
    0xff, 0xfe, 0x4f, 0xe3, 0x8, 0xff, 0xff, 0xff,
    0xff, 0xff, 0xff, 0xff, 0xf8, 0x3, 0xef, 0x40,
    0x41, 0x7, 0xff, 0xff, 0xff, 0xff, 0xff, 0xff,
    0xff, 0xff, 0xf7, 0x1, 0x40, 0x0, 0x0, 0x8f,
    0xff, 0xff, 0xff, 0xff, 0xff, 0xff, 0xff, 0xff,
    0x80, 0x0, 0x0, 0x0, 0x8, 0xff, 0xff, 0xff,
    0xeb, 0xbb, 0xef, 0xff, 0xff, 0xf8, 0x0, 0x0,
    0x0, 0x0, 0x8f, 0xff, 0xff, 0xf4, 0x0, 0x4,
    0xff, 0xff, 0xff, 0x80, 0x0, 0x0, 0x0, 0x8,
    0xff, 0xff, 0xff, 0x40, 0x0, 0x4f, 0xff, 0xff,
    0xf8, 0x0, 0x0, 0x0, 0x0, 0x8f, 0xff, 0xff,
    0xf4, 0x0, 0x4, 0xff, 0xff, 0xff, 0x80, 0x0,
    0x0, 0x0, 0x8, 0xff, 0xff, 0xff, 0x40, 0x0,
    0x4f, 0xff, 0xff, 0xf8, 0x0, 0x0, 0x0, 0x0,
    0x7f, 0xff, 0xff, 0xf3, 0x0, 0x3, 0xff, 0xff,
    0xff, 0x70, 0x0, 0x0, 0x0, 0x3, 0xbb, 0xbb,
    0xba, 0x10, 0x0, 0x1a, 0xbb, 0xbb, 0xb3, 0x0,
    0x0,

    /* U+F019 "" */
    0x0, 0x0, 0x0, 0x0, 0x9, 0xdd, 0xdd, 0x90,
    0x0, 0x0, 0x0, 0x0, 0x0, 0x0, 0x0, 0x0,
    0xf, 0xff, 0xff, 0xf0, 0x0, 0x0, 0x0, 0x0,
    0x0, 0x0, 0x0, 0x0, 0xf, 0xff, 0xff, 0xf0,
    0x0, 0x0, 0x0, 0x0, 0x0, 0x0, 0x0, 0x0,
    0xf, 0xff, 0xff, 0xf0, 0x0, 0x0, 0x0, 0x0,
    0x0, 0x0, 0x0, 0x0, 0xf, 0xff, 0xff, 0xf0,
    0x0, 0x0, 0x0, 0x0, 0x0, 0x0, 0x0, 0x0,
    0xf, 0xff, 0xff, 0xf0, 0x0, 0x0, 0x0, 0x0,
    0x0, 0x0, 0x0, 0x0, 0xf, 0xff, 0xff, 0xf0,
    0x0, 0x0, 0x0, 0x0, 0x0, 0x0, 0x0, 0x0,
    0xf, 0xff, 0xff, 0xf0, 0x0, 0x0, 0x0, 0x0,
    0x0, 0x0, 0x0, 0x0, 0xf, 0xff, 0xff, 0xf0,
    0x0, 0x0, 0x0, 0x0, 0x0, 0x0, 0xad, 0xdd,
    0xdf, 0xff, 0xff, 0xfd, 0xdd, 0xda, 0x0, 0x0,
    0x0, 0x0, 0xdf, 0xff, 0xff, 0xff, 0xff, 0xff,
    0xff, 0xfd, 0x0, 0x0, 0x0, 0x0, 0x2d, 0xff,
    0xff, 0xff, 0xff, 0xff, 0xff, 0xd1, 0x0, 0x0,
    0x0, 0x0, 0x1, 0xdf, 0xff, 0xff, 0xff, 0xff,
    0xfd, 0x10, 0x0, 0x0, 0x0, 0x0, 0x0, 0x1d,
    0xff, 0xff, 0xff, 0xff, 0xd1, 0x0, 0x0, 0x0,
    0x0, 0x0, 0x0, 0x1, 0xdf, 0xff, 0xff, 0xfd,
    0x10, 0x0, 0x0, 0x0, 0x0, 0x0, 0x0, 0x0,
    0x1d, 0xff, 0xff, 0xd1, 0x0, 0x0, 0x0, 0x0,
    0x25, 0x55, 0x55, 0x55, 0x11, 0xdf, 0xfd, 0x11,
    0x55, 0x55, 0x55, 0x52, 0xef, 0xff, 0xff, 0xff,
    0xd1, 0x1d, 0xd1, 0x1d, 0xff, 0xff, 0xff, 0xfe,
    0xff, 0xff, 0xff, 0xff, 0xfd, 0x10, 0x1, 0xdf,
    0xff, 0xff, 0xff, 0xff, 0xff, 0xff, 0xff, 0xff,
    0xff, 0xf9, 0x9f, 0xff, 0xff, 0xff, 0xff, 0xff,
    0xff, 0xff, 0xff, 0xff, 0xff, 0xff, 0xff, 0xff,
    0xff, 0xff, 0xff, 0xff, 0xff, 0xff, 0xff, 0xff,
    0xff, 0xff, 0xff, 0xff, 0x71, 0xe7, 0x1e, 0xff,
    0xff, 0xff, 0xff, 0xff, 0xff, 0xff, 0xff, 0xff,
    0xb6, 0xfb, 0x6f, 0xff, 0xbf, 0xff, 0xff, 0xff,
    0xff, 0xff, 0xff, 0xff, 0xff, 0xff, 0xff, 0xfb,

    /* U+F01C "" */
    0x0, 0x0, 0x3, 0xcf, 0xff, 0xff, 0xff, 0xff,
    0xff, 0xff, 0xd3, 0x0, 0x0, 0x0, 0x0, 0x1,
    0xef, 0xff, 0xff, 0xff, 0xff, 0xff, 0xff, 0xff,
    0xe1, 0x0, 0x0, 0x0, 0x0, 0xaf, 0xff, 0xff,
    0xff, 0xff, 0xff, 0xff, 0xff, 0xff, 0xa0, 0x0,
    0x0, 0x0, 0x5f, 0xff, 0x40, 0x0, 0x0, 0x0,
    0x0, 0x0, 0x4f, 0xff, 0x50, 0x0, 0x0, 0x1e,
    0xff, 0x90, 0x0, 0x0, 0x0, 0x0, 0x0, 0x0,
    0x9f, 0xfe, 0x10, 0x0, 0xa, 0xff, 0xe0, 0x0,
    0x0, 0x0, 0x0, 0x0, 0x0, 0x0, 0xef, 0xfa,
    0x0, 0x5, 0xff, 0xf4, 0x0, 0x0, 0x0, 0x0,
    0x0, 0x0, 0x0, 0x4, 0xff, 0xf5, 0x1, 0xef,
    0xf9, 0x0, 0x0, 0x0, 0x0, 0x0, 0x0, 0x0,
    0x0, 0x9, 0xff, 0xe1, 0xaf, 0xfe, 0x0, 0x0,
    0x0, 0x0, 0x0, 0x0, 0x0, 0x0, 0x0, 0xe,
    0xff, 0xaf, 0xff, 0xff, 0xff, 0xff, 0xa0, 0x0,
    0x0, 0x0, 0xaf, 0xff, 0xff, 0xff, 0xff, 0xff,
    0xff, 0xff, 0xff, 0xff, 0x20, 0x0, 0x0, 0x2f,
    0xff, 0xff, 0xff, 0xff, 0xff, 0xff, 0xff, 0xff,
    0xff, 0xfa, 0x0, 0x0, 0xa, 0xff, 0xff, 0xff,
    0xff, 0xff, 0xff, 0xff, 0xff, 0xff, 0xff, 0xff,
    0xff, 0xff, 0xff, 0xff, 0xff, 0xff, 0xff, 0xff,
    0xff, 0xff, 0xff, 0xff, 0xff, 0xff, 0xff, 0xff,
    0xff, 0xff, 0xff, 0xff, 0xff, 0xff, 0xff, 0xff,
    0xff, 0xff, 0xff, 0xff, 0xff, 0xff, 0xff, 0xff,
    0xff, 0xff, 0xff, 0xff, 0xff, 0xff, 0xff, 0xff,
    0xff, 0xff, 0xff, 0xff, 0xff, 0xff, 0xff, 0xff,
    0xdf, 0xff, 0xff, 0xff, 0xff, 0xff, 0xff, 0xff,
    0xff, 0xff, 0xff, 0xff, 0xff, 0xd3, 0xdf, 0xff,
    0xff, 0xff, 0xff, 0xff, 0xff, 0xff, 0xff, 0xff,
    0xff, 0xff, 0xd3,

    /* U+F021 "" */
    0x0, 0x0, 0x0, 0x0, 0x0, 0x0, 0x0, 0x0,
    0x0, 0x0, 0x3, 0x32, 0x0, 0x0, 0x0, 0x0,
    0x3, 0x67, 0x75, 0x20, 0x0, 0x0, 0x4f, 0xff,
    0x0, 0x0, 0x0, 0x29, 0xff, 0xff, 0xff, 0xfd,
    0x70, 0x0, 0x4f, 0xff, 0x0, 0x0, 0x8, 0xff,
    0xff, 0xff, 0xff, 0xff, 0xfe, 0x60, 0x3f, 0xff,
    0x0, 0x1, 0xcf, 0xff, 0xff, 0xfe, 0xef, 0xff,
    0xff, 0xfb, 0x3f, 0xff, 0x0, 0xd, 0xff, 0xff,
    0xb4, 0x0, 0x0, 0x5b, 0xff, 0xff, 0xdf, 0xff,
    0x0, 0xaf, 0xff, 0xe4, 0x0, 0x0, 0x0, 0x0,
    0x4d, 0xff, 0xff, 0xff, 0x4, 0xff, 0xfd, 0x10,
    0x0, 0x0, 0x0, 0x0, 0x0, 0xcf, 0xff, 0xff,
    0xc, 0xff, 0xf2, 0x0, 0x0, 0x0, 0x6, 0xff,
    0xee, 0xef, 0xff, 0xff, 0x1f, 0xff, 0x80, 0x0,
    0x0, 0x0, 0x8, 0xff, 0xff, 0xff, 0xff, 0xff,
    0x5f, 0xff, 0x10, 0x0, 0x0, 0x0, 0x7, 0xff,
    0xff, 0xff, 0xff, 0xff, 0x4, 0x43, 0x0, 0x0,
    0x0, 0x0, 0x1, 0x44, 0x44, 0x44, 0x44, 0x43,
    0x0, 0x0, 0x0, 0x0, 0x0, 0x0, 0x0, 0x0,
    0x0, 0x0, 0x0, 0x0, 0x0, 0x0, 0x0, 0x0,
    0x0, 0x0, 0x0, 0x0, 0x0, 0x0, 0x0, 0x0,
    0x34, 0x44, 0x44, 0x44, 0x44, 0x0, 0x0, 0x0,
    0x0, 0x0, 0x34, 0x40, 0xff, 0xff, 0xff, 0xff,
    0xff, 0x70, 0x0, 0x0, 0x0, 0x1, 0xff, 0xf5,
    0xff, 0xff, 0xff, 0xff, 0xff, 0x80, 0x0, 0x0,
    0x0, 0x8, 0xff, 0xf1, 0xff, 0xff, 0xfd, 0xee,
    0xff, 0x60, 0x0, 0x0, 0x0, 0x2f, 0xff, 0xb0,
    0xff, 0xff, 0xfb, 0x0, 0x0, 0x0, 0x0, 0x0,
    0x1, 0xdf, 0xff, 0x40, 0xff, 0xff, 0xff, 0xd3,
    0x0, 0x0, 0x0, 0x0, 0x4e, 0xff, 0xfa, 0x0,
    0xff, 0xfe, 0xff, 0xff, 0xb5, 0x0, 0x0, 0x4b,
    0xff, 0xff, 0xd0, 0x0, 0xff, 0xf3, 0xbf, 0xff,
    0xff, 0xfe, 0xef, 0xff, 0xff, 0xfc, 0x10, 0x0,
    0xff, 0xf3, 0x6, 0xff, 0xff, 0xff, 0xff, 0xff,
    0xff, 0x80, 0x0, 0x0, 0xff, 0xf4, 0x0, 0x17,
    0xdf, 0xff, 0xff, 0xff, 0xa2, 0x0, 0x0, 0x0,
    0xff, 0xf4, 0x0, 0x0, 0x2, 0x67, 0x76, 0x30,
    0x0, 0x0, 0x0, 0x0, 0x23, 0x30, 0x0, 0x0,
    0x0, 0x0, 0x0, 0x0, 0x0, 0x0, 0x0, 0x0,

    /* U+F026 "" */
    0x0, 0x0, 0x0, 0x0, 0x1, 0xa7, 0x0, 0x0,
    0x0, 0x0, 0x1c, 0xff, 0x0, 0x0, 0x0, 0x1,
    0xcf, 0xff, 0x0, 0x0, 0x0, 0x1c, 0xff, 0xff,
    0x14, 0x44, 0x44, 0xcf, 0xff, 0xff, 0xef, 0xff,
    0xff, 0xff, 0xff, 0xff, 0xff, 0xff, 0xff, 0xff,
    0xff, 0xff, 0xff, 0xff, 0xff, 0xff, 0xff, 0xff,
    0xff, 0xff, 0xff, 0xff, 0xff, 0xff, 0xff, 0xff,
    0xff, 0xff, 0xff, 0xff, 0xff, 0xff, 0xff, 0xff,
    0xff, 0xff, 0xff, 0xff, 0xff, 0xff, 0xff, 0xff,
    0xff, 0xff, 0xff, 0xff, 0xff, 0xff, 0x7b, 0xbb,
    0xbb, 0xff, 0xff, 0xff, 0x0, 0x0, 0x0, 0x5f,
    0xff, 0xff, 0x0, 0x0, 0x0, 0x5, 0xff, 0xff,
    0x0, 0x0, 0x0, 0x0, 0x5f, 0xff, 0x0, 0x0,
    0x0, 0x0, 0x5, 0xfd, 0x0, 0x0, 0x0, 0x0,
    0x0, 0x10,

    /* U+F027 "" */
    0x0, 0x0, 0x0, 0x0, 0x0, 0x96, 0x0, 0x0,
    0x0, 0x0, 0x0, 0x0, 0x0, 0xc, 0xff, 0x0,
    0x0, 0x0, 0x0, 0x0, 0x0, 0x0, 0xcf, 0xff,
    0x0, 0x0, 0x0, 0x0, 0x0, 0x0, 0xc, 0xff,
    0xff, 0x0, 0x0, 0x0, 0x13, 0x33, 0x33, 0xcf,
    0xff, 0xff, 0x0, 0x0, 0x0, 0xdf, 0xff, 0xff,
    0xff, 0xff, 0xff, 0x0, 0x4a, 0x20, 0xff, 0xff,
    0xff, 0xff, 0xff, 0xff, 0x0, 0xcf, 0xe1, 0xff,
    0xff, 0xff, 0xff, 0xff, 0xff, 0x0, 0x3e, 0xfa,
    0xff, 0xff, 0xff, 0xff, 0xff, 0xff, 0x0, 0x6,
    0xfe, 0xff, 0xff, 0xff, 0xff, 0xff, 0xff, 0x0,
    0x5, 0xfe, 0xff, 0xff, 0xff, 0xff, 0xff, 0xff,
    0x0, 0x2e, 0xfa, 0xff, 0xff, 0xff, 0xff, 0xff,
    0xff, 0x0, 0xcf, 0xf2, 0xff, 0xff, 0xff, 0xff,
    0xff, 0xff, 0x0, 0x5b, 0x30, 0x7c, 0xcc, 0xcc,
    0xff, 0xff, 0xff, 0x0, 0x0, 0x0, 0x0, 0x0,
    0x0, 0x5f, 0xff, 0xff, 0x0, 0x0, 0x0, 0x0,
    0x0, 0x0, 0x5, 0xff, 0xff, 0x0, 0x0, 0x0,
    0x0, 0x0, 0x0, 0x0, 0x5f, 0xff, 0x0, 0x0,
    0x0, 0x0, 0x0, 0x0, 0x0, 0x5, 0xfd, 0x0,
    0x0, 0x0, 0x0, 0x0, 0x0, 0x0, 0x0, 0x21,
    0x0, 0x0, 0x0,

    /* U+F028 "" */
    0x0, 0x0, 0x0, 0x0, 0x0, 0x0, 0x0, 0x0,
    0x0, 0x0, 0x30, 0x0, 0x0, 0x0, 0x0, 0x0,
    0x0, 0x0, 0x0, 0x0, 0x0, 0x0, 0x0, 0xaf,
    0xb1, 0x0, 0x0, 0x0, 0x0, 0x0, 0x0, 0x0,
    0x0, 0x0, 0x0, 0x0, 0x7, 0xff, 0xd1, 0x0,
    0x0, 0x0, 0x0, 0x0, 0x0, 0x1a, 0x70, 0x0,
    0x0, 0x0, 0x6, 0xff, 0xd0, 0x0, 0x0, 0x0,
    0x0, 0x0, 0x1c, 0xff, 0x0, 0x0, 0x6, 0x30,
    0x5, 0xff, 0xa0, 0x0, 0x0, 0x0, 0x0, 0x1c,
    0xff, 0xf0, 0x0, 0x3, 0xff, 0x70, 0x8, 0xff,
    0x40, 0x0, 0x0, 0x0, 0x1c, 0xff, 0xff, 0x0,
    0x0, 0xc, 0xff, 0x70, 0xc, 0xfc, 0x1, 0x44,
    0x44, 0x4c, 0xff, 0xff, 0xf0, 0x0, 0x0, 0xa,
    0xff, 0x30, 0x4f, 0xf3, 0xef, 0xff, 0xff, 0xff,
    0xff, 0xff, 0x0, 0x5a, 0x20, 0xc, 0xfb, 0x0,
    0xdf, 0x8f, 0xff, 0xff, 0xff, 0xff, 0xff, 0xf0,
    0xc, 0xfe, 0x20, 0x4f, 0xf1, 0x8, 0xfb, 0xff,
    0xff, 0xff, 0xff, 0xff, 0xff, 0x0, 0x2e, 0xfa,
    0x0, 0xff, 0x50, 0x5f, 0xef, 0xff, 0xff, 0xff,
    0xff, 0xff, 0xf0, 0x0, 0x6f, 0xe0, 0xc, 0xf7,
    0x4, 0xff, 0xff, 0xff, 0xff, 0xff, 0xff, 0xff,
    0x0, 0x6, 0xfe, 0x0, 0xcf, 0x70, 0x4f, 0xff,
    0xff, 0xff, 0xff, 0xff, 0xff, 0xf0, 0x2, 0xef,
    0xa0, 0xf, 0xf5, 0x6, 0xfe, 0xff, 0xff, 0xff,
    0xff, 0xff, 0xff, 0x0, 0xcf, 0xe2, 0x4, 0xff,
    0x10, 0x9f, 0xbf, 0xff, 0xff, 0xff, 0xff, 0xff,
    0xf0, 0x4, 0xa2, 0x0, 0xcf, 0xb0, 0xd, 0xf8,
    0x7b, 0xbb, 0xbb, 0xff, 0xff, 0xff, 0x0, 0x0,
    0x0, 0xaf, 0xf3, 0x4, 0xff, 0x30, 0x0, 0x0,
    0x5, 0xff, 0xff, 0xf0, 0x0, 0x0, 0xcf, 0xf7,
    0x0, 0xcf, 0xc0, 0x0, 0x0, 0x0, 0x5, 0xff,
    0xff, 0x0, 0x0, 0x3f, 0xf7, 0x0, 0x6f, 0xf4,
    0x0, 0x0, 0x0, 0x0, 0x5, 0xff, 0xf0, 0x0,
    0x0, 0x53, 0x0, 0x4f, 0xfa, 0x0, 0x0, 0x0,
    0x0, 0x0, 0x5, 0xfd, 0x0, 0x0, 0x0, 0x0,
    0x6f, 0xfd, 0x0, 0x0, 0x0, 0x0, 0x0, 0x0,
    0x1, 0x0, 0x0, 0x0, 0x0, 0x7f, 0xfd, 0x10,
    0x0, 0x0, 0x0, 0x0, 0x0, 0x0, 0x0, 0x0,
    0x0, 0x0, 0x9, 0xfb, 0x10, 0x0, 0x0, 0x0,
    0x0, 0x0, 0x0, 0x0, 0x0, 0x0, 0x0, 0x0,
    0x3, 0x0, 0x0, 0x0,

    /* U+F03E "" */
    0x3d, 0xff, 0xff, 0xff, 0xff, 0xff, 0xff, 0xff,
    0xff, 0xff, 0xff, 0xd3, 0xdf, 0xff, 0xff, 0xff,
    0xff, 0xff, 0xff, 0xff, 0xff, 0xff, 0xff, 0xfd,
    0xff, 0xff, 0xca, 0xef, 0xff, 0xff, 0xff, 0xff,
    0xff, 0xff, 0xff, 0xff, 0xff, 0xf6, 0x0, 0x1d,
    0xff, 0xff, 0xff, 0xff, 0xff, 0xff, 0xff, 0xff,
    0xff, 0xc0, 0x0, 0x4, 0xff, 0xff, 0xff, 0xff,
    0xff, 0xff, 0xff, 0xff, 0xff, 0xa0, 0x0, 0x2,
    0xff, 0xff, 0xff, 0xff, 0x9f, 0xff, 0xff, 0xff,
    0xff, 0xe1, 0x0, 0x8, 0xff, 0xff, 0xff, 0xf4,
    0x4, 0xff, 0xff, 0xff, 0xff, 0xfc, 0x42, 0x8f,
    0xff, 0xff, 0xff, 0x40, 0x0, 0x4f, 0xff, 0xff,
    0xff, 0xff, 0xff, 0xff, 0xff, 0xff, 0xf4, 0x0,
    0x0, 0x4, 0xff, 0xff, 0xff, 0xff, 0xff, 0x6b,
    0xff, 0xff, 0x40, 0x0, 0x0, 0x0, 0x4f, 0xff,
    0xff, 0xff, 0xf4, 0x0, 0xbf, 0xf4, 0x0, 0x0,
    0x0, 0x0, 0xf, 0xff, 0xff, 0xff, 0x40, 0x0,
    0xb, 0x40, 0x0, 0x0, 0x0, 0x0, 0xf, 0xff,
    0xff, 0xf4, 0x0, 0x0, 0x0, 0x0, 0x0, 0x0,
    0x0, 0x0, 0xf, 0xff, 0xff, 0xf0, 0x0, 0x0,
    0x0, 0x0, 0x0, 0x0, 0x0, 0x0, 0xf, 0xff,
    0xff, 0xf0, 0x0, 0x0, 0x0, 0x0, 0x0, 0x0,
    0x0, 0x0, 0xf, 0xff, 0xff, 0xff, 0xff, 0xff,
    0xff, 0xff, 0xff, 0xff, 0xff, 0xff, 0xff, 0xff,
    0xdf, 0xff, 0xff, 0xff, 0xff, 0xff, 0xff, 0xff,
    0xff, 0xff, 0xff, 0xfd, 0x3d, 0xff, 0xff, 0xff,
    0xff, 0xff, 0xff, 0xff, 0xff, 0xff, 0xff, 0xd3,

    /* U+F043 "" */
    0x0, 0x0, 0x0, 0xc, 0xe3, 0x0, 0x0, 0x0,
    0x0, 0x0, 0x0, 0x5, 0xff, 0xa0, 0x0, 0x0,
    0x0, 0x0, 0x0, 0x0, 0xbf, 0xff, 0x0, 0x0,
    0x0, 0x0, 0x0, 0x0, 0x2f, 0xff, 0xf6, 0x0,
    0x0, 0x0, 0x0, 0x0, 0x9, 0xff, 0xff, 0xd0,
    0x0, 0x0, 0x0, 0x0, 0x1, 0xff, 0xff, 0xff,
    0x50, 0x0, 0x0, 0x0, 0x0, 0xaf, 0xff, 0xff,
    0xfe, 0x0, 0x0, 0x0, 0x0, 0x4f, 0xff, 0xff,
    0xff, 0xf8, 0x0, 0x0, 0x0, 0x1e, 0xff, 0xff,
    0xff, 0xff, 0xf3, 0x0, 0x0, 0xa, 0xff, 0xff,
    0xff, 0xff, 0xff, 0xe0, 0x0, 0x5, 0xff, 0xff,
    0xff, 0xff, 0xff, 0xff, 0x90, 0x0, 0xdf, 0xff,
    0xff, 0xff, 0xff, 0xff, 0xff, 0x20, 0x5f, 0xff,
    0xff, 0xff, 0xff, 0xff, 0xff, 0xf9, 0xa, 0xff,
    0xff, 0xff, 0xff, 0xff, 0xff, 0xff, 0xe0, 0xef,
    0xff, 0xff, 0xff, 0xff, 0xff, 0xff, 0xff, 0x2f,
    0xff, 0x2d, 0xff, 0xff, 0xff, 0xff, 0xff, 0xf4,
    0xef, 0xf1, 0xaf, 0xff, 0xff, 0xff, 0xff, 0xff,
    0x3c, 0xff, 0x44, 0xff, 0xff, 0xff, 0xff, 0xff,
    0xf1, 0x8f, 0xfc, 0x7, 0xff, 0xff, 0xff, 0xff,
    0xfc, 0x1, 0xff, 0xf9, 0x2, 0x7c, 0xff, 0xff,
    0xff, 0x50, 0x7, 0xff, 0xfb, 0x40, 0x6f, 0xff,
    0xff, 0xb0, 0x0, 0xa, 0xff, 0xff, 0xff, 0xff,
    0xff, 0xd1, 0x0, 0x0, 0x8, 0xff, 0xff, 0xff,
    0xff, 0xb0, 0x0, 0x0, 0x0, 0x2, 0x8d, 0xff,
    0xda, 0x40, 0x0, 0x0,

    /* U+F048 "" */
    0x34, 0x40, 0x0, 0x0, 0x0, 0x0, 0x4, 0xf,
    0xff, 0x50, 0x0, 0x0, 0x0, 0x1d, 0xfb, 0xff,
    0xf6, 0x0, 0x0, 0x0, 0x2d, 0xff, 0xff, 0xff,
    0x60, 0x0, 0x0, 0x2e, 0xff, 0xff, 0xff, 0xf6,
    0x0, 0x0, 0x3f, 0xff, 0xff, 0xff, 0xff, 0x60,
    0x0, 0x4f, 0xff, 0xff, 0xff, 0xff, 0xf6, 0x0,
    0x5f, 0xff, 0xff, 0xff, 0xff, 0xff, 0x60, 0x6f,
    0xff, 0xff, 0xff, 0xff, 0xff, 0xf6, 0x8f, 0xff,
    0xff, 0xff, 0xff, 0xff, 0xff, 0xdf, 0xff, 0xff,
    0xff, 0xff, 0xff, 0xff, 0xff, 0xff, 0xff, 0xff,
    0xff, 0xff, 0xff, 0xff, 0xff, 0xff, 0xff, 0xff,
    0xff, 0xff, 0xff, 0xff, 0xff, 0xff, 0xff, 0xff,
    0xff, 0xff, 0xff, 0x8e, 0xff, 0xff, 0xff, 0xff,
    0xff, 0xff, 0xf6, 0x1d, 0xff, 0xff, 0xff, 0xff,
    0xff, 0xff, 0x60, 0x1c, 0xff, 0xff, 0xff, 0xff,
    0xff, 0xf6, 0x0, 0xb, 0xff, 0xff, 0xff, 0xff,
    0xff, 0x60, 0x0, 0xa, 0xff, 0xff, 0xff, 0xff,
    0xf6, 0x0, 0x0, 0x9, 0xff, 0xff, 0xff, 0xff,
    0x60, 0x0, 0x0, 0x8, 0xff, 0xff, 0xff, 0xf6,
    0x0, 0x0, 0x0, 0x6, 0xff, 0xea, 0xbb, 0x30,
    0x0, 0x0, 0x0, 0x5, 0xb4,

    /* U+F04B "" */
    0x0, 0x0, 0x0, 0x0, 0x0, 0x0, 0x0, 0x0,
    0x0, 0x0, 0x3, 0xdf, 0x91, 0x0, 0x0, 0x0,
    0x0, 0x0, 0x0, 0x0, 0x0, 0xdf, 0xff, 0xe6,
    0x0, 0x0, 0x0, 0x0, 0x0, 0x0, 0x0, 0xf,
    0xff, 0xff, 0xfc, 0x30, 0x0, 0x0, 0x0, 0x0,
    0x0, 0x0, 0xff, 0xff, 0xff, 0xff, 0xa1, 0x0,
    0x0, 0x0, 0x0, 0x0, 0xf, 0xff, 0xff, 0xff,
    0xff, 0xf7, 0x0, 0x0, 0x0, 0x0, 0x0, 0xff,
    0xff, 0xff, 0xff, 0xff, 0xfd, 0x40, 0x0, 0x0,
    0x0, 0xf, 0xff, 0xff, 0xff, 0xff, 0xff, 0xff,
    0xa2, 0x0, 0x0, 0x0, 0xff, 0xff, 0xff, 0xff,
    0xff, 0xff, 0xff, 0xf8, 0x0, 0x0, 0xf, 0xff,
    0xff, 0xff, 0xff, 0xff, 0xff, 0xff, 0xfe, 0x50,
    0x0, 0xff, 0xff, 0xff, 0xff, 0xff, 0xff, 0xff,
    0xff, 0xff, 0xb2, 0xf, 0xff, 0xff, 0xff, 0xff,
    0xff, 0xff, 0xff, 0xff, 0xff, 0xf5, 0xff, 0xff,
    0xff, 0xff, 0xff, 0xff, 0xff, 0xff, 0xff, 0xff,
    0xef, 0xff, 0xff, 0xff, 0xff, 0xff, 0xff, 0xff,
    0xff, 0xff, 0xfe, 0xff, 0xff, 0xff, 0xff, 0xff,
    0xff, 0xff, 0xff, 0xff, 0xff, 0x6f, 0xff, 0xff,
    0xff, 0xff, 0xff, 0xff, 0xff, 0xff, 0xfb, 0x20,
    0xff, 0xff, 0xff, 0xff, 0xff, 0xff, 0xff, 0xff,
    0xe5, 0x0, 0xf, 0xff, 0xff, 0xff, 0xff, 0xff,
    0xff, 0xff, 0x80, 0x0, 0x0, 0xff, 0xff, 0xff,
    0xff, 0xff, 0xff, 0xfb, 0x20, 0x0, 0x0, 0xf,
    0xff, 0xff, 0xff, 0xff, 0xff, 0xd4, 0x0, 0x0,
    0x0, 0x0, 0xff, 0xff, 0xff, 0xff, 0xff, 0x70,
    0x0, 0x0, 0x0, 0x0, 0xf, 0xff, 0xff, 0xff,
    0xfa, 0x10, 0x0, 0x0, 0x0, 0x0, 0x0, 0xff,
    0xff, 0xff, 0xd3, 0x0, 0x0, 0x0, 0x0, 0x0,
    0x0, 0xd, 0xff, 0xfe, 0x60, 0x0, 0x0, 0x0,
    0x0, 0x0, 0x0, 0x0, 0x3d, 0xf9, 0x10, 0x0,
    0x0, 0x0, 0x0, 0x0, 0x0, 0x0, 0x0, 0x0,
    0x0, 0x0, 0x0, 0x0, 0x0, 0x0, 0x0, 0x0,
    0x0,

    /* U+F04C "" */
    0x19, 0xcc, 0xcc, 0xc9, 0x10, 0x0, 0x19, 0xcc,
    0xcc, 0xc9, 0x1b, 0xff, 0xff, 0xff, 0xfb, 0x0,
    0xb, 0xff, 0xff, 0xff, 0xfb, 0xff, 0xff, 0xff,
    0xff, 0xf0, 0x0, 0xff, 0xff, 0xff, 0xff, 0xff,
    0xff, 0xff, 0xff, 0xff, 0x0, 0xf, 0xff, 0xff,
    0xff, 0xff, 0xff, 0xff, 0xff, 0xff, 0xf0, 0x0,
    0xff, 0xff, 0xff, 0xff, 0xff, 0xff, 0xff, 0xff,
    0xff, 0x0, 0xf, 0xff, 0xff, 0xff, 0xff, 0xff,
    0xff, 0xff, 0xff, 0xf0, 0x0, 0xff, 0xff, 0xff,
    0xff, 0xff, 0xff, 0xff, 0xff, 0xff, 0x0, 0xf,
    0xff, 0xff, 0xff, 0xff, 0xff, 0xff, 0xff, 0xff,
    0xf0, 0x0, 0xff, 0xff, 0xff, 0xff, 0xff, 0xff,
    0xff, 0xff, 0xff, 0x0, 0xf, 0xff, 0xff, 0xff,
    0xff, 0xff, 0xff, 0xff, 0xff, 0xf0, 0x0, 0xff,
    0xff, 0xff, 0xff, 0xff, 0xff, 0xff, 0xff, 0xff,
    0x0, 0xf, 0xff, 0xff, 0xff, 0xff, 0xff, 0xff,
    0xff, 0xff, 0xf0, 0x0, 0xff, 0xff, 0xff, 0xff,
    0xff, 0xff, 0xff, 0xff, 0xff, 0x0, 0xf, 0xff,
    0xff, 0xff, 0xff, 0xff, 0xff, 0xff, 0xff, 0xf0,
    0x0, 0xff, 0xff, 0xff, 0xff, 0xff, 0xff, 0xff,
    0xff, 0xff, 0x0, 0xf, 0xff, 0xff, 0xff, 0xff,
    0xff, 0xff, 0xff, 0xff, 0xf0, 0x0, 0xff, 0xff,
    0xff, 0xff, 0xff, 0xff, 0xff, 0xff, 0xff, 0x0,
    0xf, 0xff, 0xff, 0xff, 0xff, 0xff, 0xff, 0xff,
    0xff, 0xf0, 0x0, 0xff, 0xff, 0xff, 0xff, 0xfe,
    0xff, 0xff, 0xff, 0xfe, 0x0, 0xe, 0xff, 0xff,
    0xff, 0xfe, 0x5f, 0xff, 0xff, 0xff, 0x50, 0x0,
    0x5f, 0xff, 0xff, 0xff, 0x50, 0x13, 0x33, 0x33,
    0x10, 0x0, 0x0, 0x13, 0x33, 0x33, 0x10,

    /* U+F04D "" */
    0x1, 0x44, 0x44, 0x44, 0x44, 0x44, 0x44, 0x44,
    0x44, 0x41, 0x6, 0xff, 0xff, 0xff, 0xff, 0xff,
    0xff, 0xff, 0xff, 0xff, 0xf6, 0xef, 0xff, 0xff,
    0xff, 0xff, 0xff, 0xff, 0xff, 0xff, 0xff, 0xef,
    0xff, 0xff, 0xff, 0xff, 0xff, 0xff, 0xff, 0xff,
    0xff, 0xff, 0xff, 0xff, 0xff, 0xff, 0xff, 0xff,
    0xff, 0xff, 0xff, 0xff, 0xff, 0xff, 0xff, 0xff,
    0xff, 0xff, 0xff, 0xff, 0xff, 0xff, 0xff, 0xff,
    0xff, 0xff, 0xff, 0xff, 0xff, 0xff, 0xff, 0xff,
    0xff, 0xff, 0xff, 0xff, 0xff, 0xff, 0xff, 0xff,
    0xff, 0xff, 0xff, 0xff, 0xff, 0xff, 0xff, 0xff,
    0xff, 0xff, 0xff, 0xff, 0xff, 0xff, 0xff, 0xff,
    0xff, 0xff, 0xff, 0xff, 0xff, 0xff, 0xff, 0xff,
    0xff, 0xff, 0xff, 0xff, 0xff, 0xff, 0xff, 0xff,
    0xff, 0xff, 0xff, 0xff, 0xff, 0xff, 0xff, 0xff,
    0xff, 0xff, 0xff, 0xff, 0xff, 0xff, 0xff, 0xff,
    0xff, 0xff, 0xff, 0xff, 0xff, 0xff, 0xff, 0xff,
    0xff, 0xff, 0xff, 0xff, 0xff, 0xff, 0xff, 0xff,
    0xff, 0xff, 0xff, 0xff, 0xff, 0xff, 0xff, 0xff,
    0xff, 0xff, 0xff, 0xff, 0xff, 0xff, 0xff, 0xff,
    0xff, 0xff, 0xff, 0xff, 0xff, 0xff, 0xff, 0xff,
    0xff, 0xff, 0xff, 0xff, 0xff, 0xff, 0xff, 0xff,
    0xff, 0xff, 0xff, 0xff, 0xff, 0xff, 0xff, 0xff,
    0xff, 0xff, 0xff, 0xff, 0xff, 0xff, 0xff, 0xff,
    0xff, 0xff, 0xff, 0xff, 0xff, 0xff, 0xff, 0xff,
    0xff, 0xff, 0xff, 0xff, 0xff, 0xff, 0xff, 0xff,
    0xff, 0xff, 0xbf, 0xff, 0xff, 0xff, 0xff, 0xff,
    0xff, 0xff, 0xff, 0xff, 0xb1, 0x8b, 0xbb, 0xbb,
    0xbb, 0xbb, 0xbb, 0xbb, 0xbb, 0xbb, 0x81,

    /* U+F051 "" */
    0x4, 0x0, 0x0, 0x0, 0x0, 0x0, 0x44, 0x3b,
    0xfd, 0x10, 0x0, 0x0, 0x0, 0x5f, 0xff, 0xff,
    0xfd, 0x20, 0x0, 0x0, 0x6, 0xff, 0xff, 0xff,
    0xfe, 0x30, 0x0, 0x0, 0x6f, 0xff, 0xff, 0xff,
    0xff, 0x40, 0x0, 0x6, 0xff, 0xff, 0xff, 0xff,
    0xff, 0x50, 0x0, 0x6f, 0xff, 0xff, 0xff, 0xff,
    0xff, 0x60, 0x6, 0xff, 0xff, 0xff, 0xff, 0xff,
    0xff, 0x70, 0x6f, 0xff, 0xff, 0xff, 0xff, 0xff,
    0xff, 0x86, 0xff, 0xff, 0xff, 0xff, 0xff, 0xff,
    0xff, 0xdf, 0xff, 0xff, 0xff, 0xff, 0xff, 0xff,
    0xff, 0xff, 0xff, 0xff, 0xff, 0xff, 0xff, 0xff,
    0xff, 0xff, 0xff, 0xff, 0xff, 0xff, 0xff, 0xff,
    0xff, 0xff, 0xff, 0xff, 0xff, 0xff, 0xfd, 0x8f,
    0xff, 0xff, 0xff, 0xff, 0xff, 0xfc, 0x16, 0xff,
    0xff, 0xff, 0xff, 0xff, 0xfc, 0x0, 0x6f, 0xff,
    0xff, 0xff, 0xff, 0xfb, 0x0, 0x6, 0xff, 0xff,
    0xff, 0xff, 0xfa, 0x0, 0x0, 0x6f, 0xff, 0xff,
    0xff, 0xf8, 0x0, 0x0, 0x6, 0xff, 0xff, 0xff,
    0xf7, 0x0, 0x0, 0x0, 0x6f, 0xff, 0xef, 0xf6,
    0x0, 0x0, 0x0, 0x6, 0xff, 0xf4, 0xb5, 0x0,
    0x0, 0x0, 0x0, 0x3b, 0xba,

    /* U+F052 "" */
    0x0, 0x0, 0x0, 0x0, 0x0, 0x37, 0x30, 0x0,
    0x0, 0x0, 0x0, 0x0, 0x0, 0x0, 0x0, 0x0,
    0x5f, 0xff, 0x50, 0x0, 0x0, 0x0, 0x0, 0x0,
    0x0, 0x0, 0x0, 0x4f, 0xff, 0xff, 0x40, 0x0,
    0x0, 0x0, 0x0, 0x0, 0x0, 0x0, 0x3f, 0xff,
    0xff, 0xff, 0x30, 0x0, 0x0, 0x0, 0x0, 0x0,
    0x0, 0x2f, 0xff, 0xff, 0xff, 0xfe, 0x20, 0x0,
    0x0, 0x0, 0x0, 0x0, 0x2e, 0xff, 0xff, 0xff,
    0xff, 0xfe, 0x20, 0x0, 0x0, 0x0, 0x0, 0x1d,
    0xff, 0xff, 0xff, 0xff, 0xff, 0xfd, 0x10, 0x0,
    0x0, 0x0, 0xc, 0xff, 0xff, 0xff, 0xff, 0xff,
    0xff, 0xfc, 0x0, 0x0, 0x0, 0xc, 0xff, 0xff,
    0xff, 0xff, 0xff, 0xff, 0xff, 0xfc, 0x0, 0x0,
    0xb, 0xff, 0xff, 0xff, 0xff, 0xff, 0xff, 0xff,
    0xff, 0xfa, 0x0, 0x8, 0xff, 0xff, 0xff, 0xff,
    0xff, 0xff, 0xff, 0xff, 0xff, 0xf8, 0x0, 0xff,
    0xff, 0xff, 0xff, 0xff, 0xff, 0xff, 0xff, 0xff,
    0xff, 0xf0, 0xd, 0xff, 0xff, 0xff, 0xff, 0xff,
    0xff, 0xff, 0xff, 0xff, 0xfd, 0x0, 0x3d, 0xff,
    0xff, 0xff, 0xff, 0xff, 0xff, 0xff, 0xff, 0xfd,
    0x30, 0x0, 0x0, 0x0, 0x0, 0x0, 0x0, 0x0,
    0x0, 0x0, 0x0, 0x0, 0x0, 0x4, 0x44, 0x44,
    0x44, 0x44, 0x44, 0x44, 0x44, 0x44, 0x44, 0x0,
    0xb, 0xff, 0xff, 0xff, 0xff, 0xff, 0xff, 0xff,
    0xff, 0xff, 0xfb, 0x0, 0xff, 0xff, 0xff, 0xff,
    0xff, 0xff, 0xff, 0xff, 0xff, 0xff, 0xf0, 0xf,
    0xff, 0xff, 0xff, 0xff, 0xff, 0xff, 0xff, 0xff,
    0xff, 0xff, 0x0, 0xff, 0xff, 0xff, 0xff, 0xff,
    0xff, 0xff, 0xff, 0xff, 0xff, 0xf0, 0xe, 0xff,
    0xff, 0xff, 0xff, 0xff, 0xff, 0xff, 0xff, 0xff,
    0xfe, 0x0, 0x4b, 0xbb, 0xbb, 0xbb, 0xbb, 0xbb,
    0xbb, 0xbb, 0xbb, 0xbb, 0x40,

    /* U+F053 "" */
    0x0, 0x0, 0x0, 0x0, 0x0, 0x20, 0x0, 0x0,
    0x0, 0x0, 0x0, 0xaf, 0xb0, 0x0, 0x0, 0x0,
    0x0, 0xaf, 0xff, 0x80, 0x0, 0x0, 0x0, 0xaf,
    0xff, 0xf8, 0x0, 0x0, 0x0, 0xaf, 0xff, 0xfa,
    0x0, 0x0, 0x0, 0xaf, 0xff, 0xfa, 0x0, 0x0,
    0x0, 0xaf, 0xff, 0xfa, 0x0, 0x0, 0x0, 0xaf,
    0xff, 0xfa, 0x0, 0x0, 0x0, 0xaf, 0xff, 0xfa,
    0x0, 0x0, 0x0, 0xaf, 0xff, 0xfa, 0x0, 0x0,
    0x0, 0x8f, 0xff, 0xfa, 0x0, 0x0, 0x0, 0x8,
    0xff, 0xff, 0xa0, 0x0, 0x0, 0x0, 0xa, 0xff,
    0xff, 0xa0, 0x0, 0x0, 0x0, 0xa, 0xff, 0xff,
    0xa0, 0x0, 0x0, 0x0, 0xa, 0xff, 0xff, 0xa0,
    0x0, 0x0, 0x0, 0xa, 0xff, 0xff, 0xa0, 0x0,
    0x0, 0x0, 0xa, 0xff, 0xff, 0xa0, 0x0, 0x0,
    0x0, 0xa, 0xff, 0xff, 0xa0, 0x0, 0x0, 0x0,
    0xa, 0xff, 0xff, 0x80, 0x0, 0x0, 0x0, 0xa,
    0xff, 0xf8, 0x0, 0x0, 0x0, 0x0, 0xa, 0xfb,
    0x0, 0x0, 0x0, 0x0, 0x0, 0x2, 0x0,

    /* U+F054 "" */
    0x0, 0x20, 0x0, 0x0, 0x0, 0x0, 0x0, 0xbf,
    0xa0, 0x0, 0x0, 0x0, 0x0, 0x8f, 0xff, 0xa0,
    0x0, 0x0, 0x0, 0x8, 0xff, 0xff, 0xa0, 0x0,
    0x0, 0x0, 0xa, 0xff, 0xff, 0xa0, 0x0, 0x0,
    0x0, 0xa, 0xff, 0xff, 0xa0, 0x0, 0x0, 0x0,
    0xa, 0xff, 0xff, 0xa0, 0x0, 0x0, 0x0, 0xa,
    0xff, 0xff, 0xa0, 0x0, 0x0, 0x0, 0xa, 0xff,
    0xff, 0xa0, 0x0, 0x0, 0x0, 0xa, 0xff, 0xff,
    0xa0, 0x0, 0x0, 0x0, 0xa, 0xff, 0xff, 0x80,
    0x0, 0x0, 0x0, 0xaf, 0xff, 0xf8, 0x0, 0x0,
    0x0, 0xaf, 0xff, 0xfa, 0x0, 0x0, 0x0, 0xaf,
    0xff, 0xfa, 0x0, 0x0, 0x0, 0xaf, 0xff, 0xfa,
    0x0, 0x0, 0x0, 0xaf, 0xff, 0xfa, 0x0, 0x0,
    0x0, 0xaf, 0xff, 0xfa, 0x0, 0x0, 0x0, 0xaf,
    0xff, 0xfa, 0x0, 0x0, 0x0, 0x8f, 0xff, 0xfa,
    0x0, 0x0, 0x0, 0x8, 0xff, 0xfa, 0x0, 0x0,
    0x0, 0x0, 0xb, 0xfa, 0x0, 0x0, 0x0, 0x0,
    0x0, 0x2, 0x0, 0x0, 0x0, 0x0, 0x0,

    /* U+F067 "" */
    0x0, 0x0, 0x0, 0x0, 0x3, 0x43, 0x0, 0x0,
    0x0, 0x0, 0x0, 0x0, 0x0, 0x0, 0x7, 0xff,
    0xf7, 0x0, 0x0, 0x0, 0x0, 0x0, 0x0, 0x0,
    0x0, 0xbf, 0xff, 0xb0, 0x0, 0x0, 0x0, 0x0,
    0x0, 0x0, 0x0, 0xc, 0xff, 0xfc, 0x0, 0x0,
    0x0, 0x0, 0x0, 0x0, 0x0, 0x0, 0xcf, 0xff,
    0xc0, 0x0, 0x0, 0x0, 0x0, 0x0, 0x0, 0x0,
    0xc, 0xff, 0xfc, 0x0, 0x0, 0x0, 0x0, 0x0,
    0x0, 0x0, 0x0, 0xcf, 0xff, 0xc0, 0x0, 0x0,
    0x0, 0x0, 0x0, 0x0, 0x0, 0xc, 0xff, 0xfc,
    0x0, 0x0, 0x0, 0x0, 0x0, 0x0, 0x0, 0x0,
    0xcf, 0xff, 0xc0, 0x0, 0x0, 0x0, 0x8, 0xff,
    0xff, 0xff, 0xff, 0xff, 0xff, 0xff, 0xff, 0xff,
    0xf8, 0xff, 0xff, 0xff, 0xff, 0xff, 0xff, 0xff,
    0xff, 0xff, 0xff, 0xff, 0xff, 0xff, 0xff, 0xff,
    0xff, 0xff, 0xff, 0xff, 0xff, 0xff, 0xdf, 0xff,
    0xff, 0xff, 0xff, 0xff, 0xff, 0xff, 0xff, 0xff,
    0xd1, 0x77, 0x77, 0x77, 0x7d, 0xff, 0xfd, 0x77,
    0x77, 0x77, 0x71, 0x0, 0x0, 0x0, 0x0, 0xcf,
    0xff, 0xc0, 0x0, 0x0, 0x0, 0x0, 0x0, 0x0,
    0x0, 0xc, 0xff, 0xfc, 0x0, 0x0, 0x0, 0x0,
    0x0, 0x0, 0x0, 0x0, 0xcf, 0xff, 0xc0, 0x0,
    0x0, 0x0, 0x0, 0x0, 0x0, 0x0, 0xc, 0xff,
    0xfc, 0x0, 0x0, 0x0, 0x0, 0x0, 0x0, 0x0,
    0x0, 0xcf, 0xff, 0xc0, 0x0, 0x0, 0x0, 0x0,
    0x0, 0x0, 0x0, 0xc, 0xff, 0xfc, 0x0, 0x0,
    0x0, 0x0, 0x0, 0x0, 0x0, 0x0, 0xaf, 0xff,
    0xa0, 0x0, 0x0, 0x0, 0x0, 0x0, 0x0, 0x0,
    0x2, 0xab, 0xa2, 0x0, 0x0, 0x0, 0x0,

    /* U+F068 "" */
    0x16, 0x77, 0x77, 0x77, 0x77, 0x77, 0x77, 0x77,
    0x77, 0x76, 0x1d, 0xff, 0xff, 0xff, 0xff, 0xff,
    0xff, 0xff, 0xff, 0xff, 0xfd, 0xff, 0xff, 0xff,
    0xff, 0xff, 0xff, 0xff, 0xff, 0xff, 0xff, 0xff,
    0xff, 0xff, 0xff, 0xff, 0xff, 0xff, 0xff, 0xff,
    0xff, 0xff, 0x9f, 0xff, 0xff, 0xff, 0xff, 0xff,
    0xff, 0xff, 0xff, 0xff, 0x80, 0x0, 0x0, 0x0,
    0x0, 0x0, 0x0, 0x0, 0x0, 0x0, 0x0,

    /* U+F06E "" */
    0x0, 0x0, 0x0, 0x0, 0x16, 0xad, 0xef, 0xed,
    0xa6, 0x10, 0x0, 0x0, 0x0, 0x0, 0x0, 0x0,
    0x2, 0xbf, 0xff, 0xff, 0xff, 0xff, 0xff, 0xb2,
    0x0, 0x0, 0x0, 0x0, 0x0, 0x9, 0xff, 0xff,
    0xe9, 0x54, 0x59, 0xef, 0xff, 0xf9, 0x0, 0x0,
    0x0, 0x0, 0x2d, 0xff, 0xff, 0x90, 0x0, 0x0,
    0x0, 0x9f, 0xff, 0xfd, 0x20, 0x0, 0x0, 0x2e,
    0xff, 0xff, 0x70, 0x0, 0x14, 0x20, 0x0, 0x7f,
    0xff, 0xfe, 0x20, 0x0, 0x1e, 0xff, 0xff, 0xb0,
    0x0, 0x6, 0xff, 0xc2, 0x0, 0xbf, 0xff, 0xfe,
    0x10, 0xb, 0xff, 0xff, 0xf3, 0x0, 0x0, 0x5f,
    0xff, 0xe2, 0x3, 0xff, 0xff, 0xfb, 0x6, 0xff,
    0xff, 0xfe, 0x0, 0x0, 0x1c, 0xff, 0xff, 0xa0,
    0xe, 0xff, 0xff, 0xf5, 0xef, 0xff, 0xff, 0xc0,
    0xd, 0xcf, 0xff, 0xff, 0xfe, 0x0, 0xcf, 0xff,
    0xff, 0xee, 0xff, 0xff, 0xfc, 0x0, 0xff, 0xff,
    0xff, 0xff, 0xf0, 0xc, 0xff, 0xff, 0xfe, 0x5f,
    0xff, 0xff, 0xe0, 0xc, 0xff, 0xff, 0xff, 0xfc,
    0x0, 0xef, 0xff, 0xff, 0x50, 0xbf, 0xff, 0xff,
    0x30, 0x4f, 0xff, 0xff, 0xff, 0x50, 0x3f, 0xff,
    0xff, 0xb0, 0x1, 0xdf, 0xff, 0xfb, 0x0, 0x7f,
    0xff, 0xff, 0x80, 0xb, 0xff, 0xff, 0xe1, 0x0,
    0x2, 0xef, 0xff, 0xf7, 0x0, 0x39, 0xb9, 0x30,
    0x7, 0xff, 0xff, 0xe2, 0x0, 0x0, 0x2, 0xcf,
    0xff, 0xf9, 0x0, 0x0, 0x0, 0x9, 0xff, 0xff,
    0xd2, 0x0, 0x0, 0x0, 0x0, 0x9f, 0xff, 0xfe,
    0x95, 0x45, 0x9e, 0xff, 0xff, 0x90, 0x0, 0x0,
    0x0, 0x0, 0x0, 0x2a, 0xff, 0xff, 0xff, 0xff,
    0xff, 0xfb, 0x30, 0x0, 0x0, 0x0, 0x0, 0x0,
    0x0, 0x1, 0x6a, 0xdf, 0xfe, 0xda, 0x71, 0x0,
    0x0, 0x0, 0x0,

    /* U+F070 "" */
    0x5, 0xe6, 0x0, 0x0, 0x0, 0x0, 0x0, 0x0,
    0x0, 0x0, 0x0, 0x0, 0x0, 0x0, 0x0, 0x1,
    0xff, 0xf9, 0x0, 0x0, 0x0, 0x0, 0x0, 0x0,
    0x0, 0x0, 0x0, 0x0, 0x0, 0x0, 0x0, 0xd,
    0xff, 0xfc, 0x20, 0x0, 0x0, 0x0, 0x0, 0x0,
    0x0, 0x0, 0x0, 0x0, 0x0, 0x0, 0x0, 0xa,
    0xff, 0xfe, 0x40, 0x0, 0x48, 0xce, 0xff, 0xeb,
    0x72, 0x0, 0x0, 0x0, 0x0, 0x0, 0x0, 0x6,
    0xff, 0xff, 0x88, 0xef, 0xff, 0xff, 0xff, 0xff,
    0xfc, 0x40, 0x0, 0x0, 0x0, 0x0, 0x0, 0x3,
    0xef, 0xff, 0xff, 0xff, 0xb6, 0x45, 0x7d, 0xff,
    0xff, 0xb1, 0x0, 0x0, 0x0, 0x0, 0x0, 0x1,
    0xbf, 0xff, 0xfd, 0x20, 0x0, 0x0, 0x6, 0xff,
    0xff, 0xe4, 0x0, 0x0, 0x0, 0x0, 0x0, 0x0,
    0x8f, 0xff, 0xf6, 0x1, 0x76, 0x20, 0x4, 0xff,
    0xff, 0xf4, 0x0, 0x0, 0x0, 0x0, 0x10, 0x0,
    0x4e, 0xff, 0xfa, 0x1f, 0xff, 0x90, 0x8, 0xff,
    0xff, 0xf3, 0x0, 0x0, 0x0, 0x6e, 0x40, 0x0,
    0x2c, 0xff, 0xfd, 0xff, 0xff, 0x80, 0xf, 0xff,
    0xff, 0xe1, 0x0, 0x0, 0x2f, 0xff, 0x70, 0x0,
    0x9, 0xff, 0xff, 0xff, 0xff, 0x0, 0xbf, 0xff,
    0xff, 0x90, 0x0, 0x9, 0xff, 0xff, 0xb1, 0x0,
    0x6, 0xff, 0xff, 0xff, 0xf3, 0x9, 0xff, 0xff,
    0xff, 0x10, 0x0, 0x9f, 0xff, 0xff, 0xd1, 0x0,
    0x3, 0xdf, 0xff, 0xff, 0x30, 0x9f, 0xff, 0xff,
    0xf1, 0x0, 0x2, 0xff, 0xff, 0xff, 0x40, 0x0,
    0x1, 0xbf, 0xff, 0xf4, 0xb, 0xff, 0xff, 0xf9,
    0x0, 0x0, 0x7, 0xff, 0xff, 0xf9, 0x0, 0x0,
    0x0, 0x7f, 0xff, 0xf7, 0xff, 0xff, 0xfd, 0x0,
    0x0, 0x0, 0xa, 0xff, 0xff, 0xf1, 0x0, 0x0,
    0x0, 0x4e, 0xff, 0xff, 0xff, 0xff, 0x20, 0x0,
    0x0, 0x0, 0xb, 0xff, 0xff, 0xc0, 0x0, 0x0,
    0x0, 0x1c, 0xff, 0xff, 0xff, 0x40, 0x0, 0x0,
    0x0, 0x0, 0xa, 0xff, 0xff, 0xc2, 0x0, 0x0,
    0x0, 0x9, 0xff, 0xff, 0x80, 0x0, 0x0, 0x0,
    0x0, 0x0, 0x6, 0xff, 0xff, 0xfb, 0x64, 0x51,
    0x0, 0x5, 0xff, 0xff, 0x80, 0x0, 0x0, 0x0,
    0x0, 0x0, 0x1, 0x9f, 0xff, 0xff, 0xff, 0xe3,
    0x0, 0x2, 0xdf, 0xff, 0xc1, 0x0, 0x0, 0x0,
    0x0, 0x0, 0x0, 0x5, 0x9d, 0xef, 0xfe, 0xa1,
    0x0, 0x0, 0xaf, 0xff, 0xe4, 0x0, 0x0, 0x0,
    0x0, 0x0, 0x0, 0x0, 0x0, 0x0, 0x0, 0x0,
    0x0, 0x0, 0x7f, 0xff, 0xf6, 0x0, 0x0, 0x0,
    0x0, 0x0, 0x0, 0x0, 0x0, 0x0, 0x0, 0x0,
    0x0, 0x0, 0x3e, 0xff, 0x80, 0x0, 0x0, 0x0,
    0x0, 0x0, 0x0, 0x0, 0x0, 0x0, 0x0, 0x0,
    0x0, 0x0, 0x1b, 0xc0,

    /* U+F071 "" */
    0x0, 0x0, 0x0, 0x0, 0x0, 0x0, 0x1c, 0xfc,
    0x10, 0x0, 0x0, 0x0, 0x0, 0x0, 0x0, 0x0,
    0x0, 0x0, 0x0, 0x0, 0xa, 0xff, 0xfa, 0x0,
    0x0, 0x0, 0x0, 0x0, 0x0, 0x0, 0x0, 0x0,
    0x0, 0x0, 0x4, 0xff, 0xff, 0xf4, 0x0, 0x0,
    0x0, 0x0, 0x0, 0x0, 0x0, 0x0, 0x0, 0x0,
    0x0, 0xdf, 0xff, 0xff, 0xd0, 0x0, 0x0, 0x0,
    0x0, 0x0, 0x0, 0x0, 0x0, 0x0, 0x0, 0x6f,
    0xff, 0xff, 0xff, 0x60, 0x0, 0x0, 0x0, 0x0,
    0x0, 0x0, 0x0, 0x0, 0x0, 0x1e, 0xff, 0xff,
    0xff, 0xfe, 0x10, 0x0, 0x0, 0x0, 0x0, 0x0,
    0x0, 0x0, 0x0, 0x9, 0xff, 0xff, 0xff, 0xff,
    0xf9, 0x0, 0x0, 0x0, 0x0, 0x0, 0x0, 0x0,
    0x0, 0x2, 0xff, 0xff, 0xff, 0xff, 0xff, 0xf2,
    0x0, 0x0, 0x0, 0x0, 0x0, 0x0, 0x0, 0x0,
    0xbf, 0xff, 0xa4, 0x44, 0xaf, 0xff, 0xb0, 0x0,
    0x0, 0x0, 0x0, 0x0, 0x0, 0x0, 0x4f, 0xff,
    0xf7, 0x0, 0x7, 0xff, 0xff, 0x40, 0x0, 0x0,
    0x0, 0x0, 0x0, 0x0, 0xd, 0xff, 0xff, 0x80,
    0x0, 0x8f, 0xff, 0xfd, 0x0, 0x0, 0x0, 0x0,
    0x0, 0x0, 0x7, 0xff, 0xff, 0xf9, 0x0, 0x9,
    0xff, 0xff, 0xf7, 0x0, 0x0, 0x0, 0x0, 0x0,
    0x1, 0xff, 0xff, 0xff, 0xa0, 0x0, 0xaf, 0xff,
    0xff, 0xf1, 0x0, 0x0, 0x0, 0x0, 0x0, 0x9f,
    0xff, 0xff, 0xfb, 0x0, 0xb, 0xff, 0xff, 0xff,
    0x90, 0x0, 0x0, 0x0, 0x0, 0x3f, 0xff, 0xff,
    0xff, 0xc0, 0x0, 0xcf, 0xff, 0xff, 0xff, 0x30,
    0x0, 0x0, 0x0, 0xc, 0xff, 0xff, 0xff, 0xfd,
    0x0, 0xd, 0xff, 0xff, 0xff, 0xfc, 0x0, 0x0,
    0x0, 0x5, 0xff, 0xff, 0xff, 0xff, 0xff, 0xdf,
    0xff, 0xff, 0xff, 0xff, 0xf5, 0x0, 0x0, 0x0,
    0xef, 0xff, 0xff, 0xff, 0xfd, 0x10, 0x2d, 0xff,
    0xff, 0xff, 0xff, 0xe0, 0x0, 0x0, 0x7f, 0xff,
    0xff, 0xff, 0xff, 0x60, 0x0, 0x6f, 0xff, 0xff,
    0xff, 0xff, 0x70, 0x0, 0x1f, 0xff, 0xff, 0xff,
    0xff, 0xf8, 0x0, 0x8, 0xff, 0xff, 0xff, 0xff,
    0xff, 0x10, 0xa, 0xff, 0xff, 0xff, 0xff, 0xff,
    0xf5, 0x26, 0xff, 0xff, 0xff, 0xff, 0xff, 0xfa,
    0x0, 0xff, 0xff, 0xff, 0xff, 0xff, 0xff, 0xff,
    0xff, 0xff, 0xff, 0xff, 0xff, 0xff, 0xf0, 0xd,
    0xff, 0xff, 0xff, 0xff, 0xff, 0xff, 0xff, 0xff,
    0xff, 0xff, 0xff, 0xff, 0xfd, 0x0, 0x3d, 0xff,
    0xff, 0xff, 0xff, 0xff, 0xff, 0xff, 0xff, 0xff,
    0xff, 0xff, 0xfd, 0x30,

    /* U+F074 "" */
    0x0, 0x0, 0x0, 0x0, 0x0, 0x0, 0x0, 0x0,
    0x0, 0x69, 0x0, 0x0, 0x0, 0x0, 0x0, 0x0,
    0x0, 0x0, 0x0, 0x0, 0x0, 0xff, 0xc0, 0x0,
    0x0, 0x0, 0x0, 0x0, 0x0, 0x0, 0x0, 0x0,
    0x0, 0xff, 0xfc, 0x0, 0x9b, 0xbb, 0xbb, 0x30,
    0x0, 0x0, 0x0, 0x3b, 0xbb, 0xff, 0xff, 0xc0,
    0xff, 0xff, 0xff, 0xf3, 0x0, 0x0, 0x2, 0xef,
    0xff, 0xff, 0xff, 0xfb, 0xff, 0xff, 0xff, 0xfe,
    0x20, 0x0, 0x1e, 0xff, 0xff, 0xff, 0xff, 0xfe,
    0xff, 0xff, 0xff, 0xff, 0xe1, 0x1, 0xdf, 0xff,
    0xff, 0xff, 0xff, 0xe3, 0x0, 0x0, 0x3e, 0xff,
    0xe2, 0xc, 0xff, 0xfe, 0x20, 0xff, 0xfe, 0x30,
    0x0, 0x0, 0x3, 0xff, 0x30, 0xaf, 0xff, 0xf3,
    0x0, 0xff, 0xe3, 0x0, 0x0, 0x0, 0x0, 0x54,
    0x9, 0xff, 0xff, 0x40, 0x0, 0xbe, 0x30, 0x0,
    0x0, 0x0, 0x0, 0x0, 0x7f, 0xff, 0xf6, 0x0,
    0x0, 0x0, 0x0, 0x0, 0x0, 0x0, 0x0, 0x6,
    0xff, 0xff, 0x70, 0x0, 0x0, 0x0, 0x0, 0x0,
    0x0, 0x0, 0x0, 0x4f, 0xff, 0xf9, 0x4, 0x50,
    0x0, 0xbe, 0x30, 0x0, 0x0, 0x0, 0x3, 0xff,
    0xff, 0xa0, 0x3f, 0xf3, 0x0, 0xff, 0xe3, 0x0,
    0x0, 0x0, 0x2e, 0xff, 0xfc, 0x2, 0xef, 0xfe,
    0x30, 0xff, 0xfe, 0x30, 0xff, 0xff, 0xff, 0xff,
    0xd1, 0x1, 0xef, 0xff, 0xff, 0xff, 0xff, 0xe3,
    0xff, 0xff, 0xff, 0xfe, 0x10, 0x0, 0x2e, 0xff,
    0xff, 0xff, 0xff, 0xfe, 0xff, 0xff, 0xff, 0xe2,
    0x0, 0x0, 0x3, 0xff, 0xff, 0xff, 0xff, 0xfb,
    0x9b, 0xbb, 0xbb, 0x30, 0x0, 0x0, 0x0, 0x3b,
    0xbb, 0xff, 0xff, 0xc0, 0x0, 0x0, 0x0, 0x0,
    0x0, 0x0, 0x0, 0x0, 0x0, 0xff, 0xfc, 0x0,
    0x0, 0x0, 0x0, 0x0, 0x0, 0x0, 0x0, 0x0,
    0x0, 0xff, 0xc0, 0x0, 0x0, 0x0, 0x0, 0x0,
    0x0, 0x0, 0x0, 0x0, 0x0, 0x69, 0x0, 0x0,

    /* U+F077 "" */
    0x0, 0x0, 0x0, 0x0, 0x0, 0x20, 0x0, 0x0,
    0x0, 0x0, 0x0, 0x0, 0x0, 0x0, 0x0, 0xaf,
    0x90, 0x0, 0x0, 0x0, 0x0, 0x0, 0x0, 0x0,
    0x0, 0xaf, 0xff, 0x90, 0x0, 0x0, 0x0, 0x0,
    0x0, 0x0, 0x0, 0xaf, 0xff, 0xff, 0x90, 0x0,
    0x0, 0x0, 0x0, 0x0, 0x0, 0xaf, 0xff, 0xff,
    0xff, 0x90, 0x0, 0x0, 0x0, 0x0, 0x0, 0xaf,
    0xff, 0xfd, 0xff, 0xff, 0x90, 0x0, 0x0, 0x0,
    0x0, 0xaf, 0xff, 0xf9, 0xa, 0xff, 0xff, 0x90,
    0x0, 0x0, 0x0, 0xaf, 0xff, 0xf9, 0x0, 0xa,
    0xff, 0xff, 0x90, 0x0, 0x0, 0xaf, 0xff, 0xf9,
    0x0, 0x0, 0xa, 0xff, 0xff, 0x90, 0x0, 0xaf,
    0xff, 0xf9, 0x0, 0x0, 0x0, 0xa, 0xff, 0xff,
    0x90, 0x9f, 0xff, 0xf9, 0x0, 0x0, 0x0, 0x0,
    0xa, 0xff, 0xff, 0x79, 0xff, 0xf9, 0x0, 0x0,
    0x0, 0x0, 0x0, 0xa, 0xff, 0xf8, 0xb, 0xf9,
    0x0, 0x0, 0x0, 0x0, 0x0, 0x0, 0xa, 0xfa,
    0x0, 0x2, 0x0, 0x0, 0x0, 0x0, 0x0, 0x0,
    0x0, 0x2, 0x0,

    /* U+F078 "" */
    0x0, 0x20, 0x0, 0x0, 0x0, 0x0, 0x0, 0x0,
    0x0, 0x20, 0x0, 0xbf, 0x90, 0x0, 0x0, 0x0,
    0x0, 0x0, 0x0, 0xaf, 0xa0, 0x9f, 0xff, 0x90,
    0x0, 0x0, 0x0, 0x0, 0x0, 0xaf, 0xff, 0x89,
    0xff, 0xff, 0x90, 0x0, 0x0, 0x0, 0x0, 0xaf,
    0xff, 0xf7, 0xa, 0xff, 0xff, 0x90, 0x0, 0x0,
    0x0, 0xaf, 0xff, 0xf9, 0x0, 0xa, 0xff, 0xff,
    0x90, 0x0, 0x0, 0xaf, 0xff, 0xf9, 0x0, 0x0,
    0xa, 0xff, 0xff, 0x90, 0x0, 0xaf, 0xff, 0xf9,
    0x0, 0x0, 0x0, 0xa, 0xff, 0xff, 0x90, 0xaf,
    0xff, 0xf9, 0x0, 0x0, 0x0, 0x0, 0xa, 0xff,
    0xff, 0xdf, 0xff, 0xf9, 0x0, 0x0, 0x0, 0x0,
    0x0, 0xa, 0xff, 0xff, 0xff, 0xf9, 0x0, 0x0,
    0x0, 0x0, 0x0, 0x0, 0xa, 0xff, 0xff, 0xf9,
    0x0, 0x0, 0x0, 0x0, 0x0, 0x0, 0x0, 0xa,
    0xff, 0xf9, 0x0, 0x0, 0x0, 0x0, 0x0, 0x0,
    0x0, 0x0, 0xa, 0xf9, 0x0, 0x0, 0x0, 0x0,
    0x0, 0x0, 0x0, 0x0, 0x0, 0x2, 0x0, 0x0,
    0x0, 0x0, 0x0,

    /* U+F079 "" */
    0x0, 0x0, 0x3, 0xd9, 0x0, 0x0, 0x0, 0x0,
    0x0, 0x0, 0x0, 0x0, 0x0, 0x0, 0x0, 0x0,
    0x0, 0x3, 0xef, 0xfa, 0x0, 0x0, 0x34, 0x44,
    0x44, 0x44, 0x44, 0x44, 0x10, 0x0, 0x0, 0x0,
    0x3, 0xef, 0xff, 0xfa, 0x0, 0x7f, 0xff, 0xff,
    0xff, 0xff, 0xff, 0xff, 0x0, 0x0, 0x0, 0x3,
    0xef, 0xff, 0xff, 0xfa, 0x5, 0xff, 0xff, 0xff,
    0xff, 0xff, 0xff, 0xf1, 0x0, 0x0, 0x3, 0xff,
    0xff, 0xff, 0xff, 0xfa, 0x5, 0xbb, 0xbb, 0xbb,
    0xbb, 0xbf, 0xff, 0x10, 0x0, 0x0, 0xef, 0xfe,
    0xdf, 0xfb, 0xff, 0xf8, 0x0, 0x0, 0x0, 0x0,
    0x0, 0xef, 0xf1, 0x0, 0x0, 0xd, 0xfe, 0x2b,
    0xff, 0x48, 0xff, 0x60, 0x0, 0x0, 0x0, 0x0,
    0xe, 0xff, 0x10, 0x0, 0x0, 0x17, 0x20, 0xbf,
    0xf4, 0x5, 0x50, 0x0, 0x0, 0x0, 0x0, 0x0,
    0xef, 0xf1, 0x0, 0x0, 0x0, 0x0, 0xb, 0xff,
    0x40, 0x0, 0x0, 0x0, 0x0, 0x0, 0x0, 0xe,
    0xff, 0x10, 0x0, 0x0, 0x0, 0x0, 0xbf, 0xf4,
    0x0, 0x0, 0x0, 0x0, 0x0, 0x0, 0x0, 0xef,
    0xf1, 0x0, 0x0, 0x0, 0x0, 0xb, 0xff, 0x40,
    0x0, 0x0, 0x0, 0x0, 0x0, 0x0, 0xe, 0xff,
    0x10, 0x0, 0x0, 0x0, 0x0, 0xbf, 0xf4, 0x0,
    0x0, 0x0, 0x0, 0x0, 0xaf, 0x70, 0xef, 0xf1,
    0x4f, 0xc0, 0x0, 0x0, 0xb, 0xff, 0x40, 0x0,
    0x0, 0x0, 0x0, 0x3f, 0xff, 0x6e, 0xff, 0x5f,
    0xff, 0x60, 0x0, 0x0, 0xbf, 0xf7, 0x44, 0x44,
    0x44, 0x44, 0x20, 0xcf, 0xff, 0xff, 0xff, 0xff,
    0xd1, 0x0, 0x0, 0xb, 0xff, 0xff, 0xff, 0xff,
    0xff, 0xff, 0x50, 0xbf, 0xff, 0xff, 0xff, 0xd1,
    0x0, 0x0, 0x0, 0xbf, 0xff, 0xff, 0xff, 0xff,
    0xff, 0xfe, 0x0, 0xbf, 0xff, 0xff, 0xd1, 0x0,
    0x0, 0x0, 0x4, 0xbb, 0xbb, 0xbb, 0xbb, 0xbb,
    0xbb, 0x60, 0x0, 0xbf, 0xff, 0xd1, 0x0, 0x0,
    0x0, 0x0, 0x0, 0x0, 0x0, 0x0, 0x0, 0x0,
    0x0, 0x0, 0x0, 0xbf, 0xd1, 0x0, 0x0, 0x0,
    0x0, 0x0, 0x0, 0x0, 0x0, 0x0, 0x0, 0x0,
    0x0, 0x0, 0x0, 0x40, 0x0, 0x0, 0x0,

    /* U+F07B "" */
    0x3d, 0xff, 0xff, 0xff, 0xff, 0x40, 0x0, 0x0,
    0x0, 0x0, 0x0, 0x0, 0xdf, 0xff, 0xff, 0xff,
    0xff, 0xf4, 0x0, 0x0, 0x0, 0x0, 0x0, 0x0,
    0xff, 0xff, 0xff, 0xff, 0xff, 0xff, 0x40, 0x0,
    0x0, 0x0, 0x0, 0x0, 0xff, 0xff, 0xff, 0xff,
    0xff, 0xff, 0xff, 0xff, 0xff, 0xff, 0xff, 0xd3,
    0xff, 0xff, 0xff, 0xff, 0xff, 0xff, 0xff, 0xff,
    0xff, 0xff, 0xff, 0xfd, 0xff, 0xff, 0xff, 0xff,
    0xff, 0xff, 0xff, 0xff, 0xff, 0xff, 0xff, 0xff,
    0xff, 0xff, 0xff, 0xff, 0xff, 0xff, 0xff, 0xff,
    0xff, 0xff, 0xff, 0xff, 0xff, 0xff, 0xff, 0xff,
    0xff, 0xff, 0xff, 0xff, 0xff, 0xff, 0xff, 0xff,
    0xff, 0xff, 0xff, 0xff, 0xff, 0xff, 0xff, 0xff,
    0xff, 0xff, 0xff, 0xff, 0xff, 0xff, 0xff, 0xff,
    0xff, 0xff, 0xff, 0xff, 0xff, 0xff, 0xff, 0xff,
    0xff, 0xff, 0xff, 0xff, 0xff, 0xff, 0xff, 0xff,
    0xff, 0xff, 0xff, 0xff, 0xff, 0xff, 0xff, 0xff,
    0xff, 0xff, 0xff, 0xff, 0xff, 0xff, 0xff, 0xff,
    0xff, 0xff, 0xff, 0xff, 0xff, 0xff, 0xff, 0xff,
    0xff, 0xff, 0xff, 0xff, 0xff, 0xff, 0xff, 0xff,
    0xff, 0xff, 0xff, 0xff, 0xff, 0xff, 0xff, 0xff,
    0xff, 0xff, 0xff, 0xff, 0xff, 0xff, 0xff, 0xff,
    0xff, 0xff, 0xff, 0xff, 0xff, 0xff, 0xff, 0xff,
    0xff, 0xff, 0xff, 0xff, 0xff, 0xff, 0xff, 0xff,
    0xdf, 0xff, 0xff, 0xff, 0xff, 0xff, 0xff, 0xff,
    0xff, 0xff, 0xff, 0xfd, 0x3d, 0xff, 0xff, 0xff,
    0xff, 0xff, 0xff, 0xff, 0xff, 0xff, 0xff, 0xd3,

    /* U+F093 "" */
    0x0, 0x0, 0x0, 0x0, 0x0, 0xa, 0xa0, 0x0,
    0x0, 0x0, 0x0, 0x0, 0x0, 0x0, 0x0, 0x0,
    0x0, 0xbf, 0xfb, 0x0, 0x0, 0x0, 0x0, 0x0,
    0x0, 0x0, 0x0, 0x0, 0xb, 0xff, 0xff, 0xb0,
    0x0, 0x0, 0x0, 0x0, 0x0, 0x0, 0x0, 0x0,
    0xbf, 0xff, 0xff, 0xfb, 0x0, 0x0, 0x0, 0x0,
    0x0, 0x0, 0x0, 0xb, 0xff, 0xff, 0xff, 0xff,
    0xb0, 0x0, 0x0, 0x0, 0x0, 0x0, 0x0, 0xbf,
    0xff, 0xff, 0xff, 0xff, 0xfb, 0x0, 0x0, 0x0,
    0x0, 0x0, 0xb, 0xff, 0xff, 0xff, 0xff, 0xff,
    0xff, 0xb0, 0x0, 0x0, 0x0, 0x0, 0xbf, 0xff,
    0xff, 0xff, 0xff, 0xff, 0xff, 0xfa, 0x0, 0x0,
    0x0, 0x0, 0xef, 0xff, 0xff, 0xff, 0xff, 0xff,
    0xff, 0xfe, 0x0, 0x0, 0x0, 0x0, 0x2, 0x22,
    0x2f, 0xff, 0xff, 0xf2, 0x22, 0x20, 0x0, 0x0,
    0x0, 0x0, 0x0, 0x0, 0xf, 0xff, 0xff, 0xf0,
    0x0, 0x0, 0x0, 0x0, 0x0, 0x0, 0x0, 0x0,
    0xf, 0xff, 0xff, 0xf0, 0x0, 0x0, 0x0, 0x0,
    0x0, 0x0, 0x0, 0x0, 0xf, 0xff, 0xff, 0xf0,
    0x0, 0x0, 0x0, 0x0, 0x0, 0x0, 0x0, 0x0,
    0xf, 0xff, 0xff, 0xf0, 0x0, 0x0, 0x0, 0x0,
    0x0, 0x0, 0x0, 0x0, 0xf, 0xff, 0xff, 0xf0,
    0x0, 0x0, 0x0, 0x0, 0x0, 0x0, 0x0, 0x0,
    0xf, 0xff, 0xff, 0xf0, 0x0, 0x0, 0x0, 0x0,
    0x25, 0x55, 0x55, 0x52, 0xf, 0xff, 0xff, 0xf0,
    0x25, 0x55, 0x55, 0x52, 0xef, 0xff, 0xff, 0xf9,
    0xc, 0xff, 0xff, 0xc0, 0x9f, 0xff, 0xff, 0xfe,
    0xff, 0xff, 0xff, 0xff, 0x20, 0x1, 0x10, 0x2,
    0xff, 0xff, 0xff, 0xff, 0xff, 0xff, 0xff, 0xff,
    0xf9, 0x88, 0x88, 0x9f, 0xff, 0xff, 0xff, 0xff,
    0xff, 0xff, 0xff, 0xff, 0xff, 0xff, 0xff, 0xff,
    0xff, 0xff, 0xff, 0xff, 0xff, 0xff, 0xff, 0xff,
    0xff, 0xff, 0xff, 0xff, 0x71, 0xe7, 0x1e, 0xff,
    0xff, 0xff, 0xff, 0xff, 0xff, 0xff, 0xff, 0xff,
    0xb6, 0xfb, 0x6f, 0xff, 0xbf, 0xff, 0xff, 0xff,
    0xff, 0xff, 0xff, 0xff, 0xff, 0xff, 0xff, 0xfb,

    /* U+F095 "" */
    0x0, 0x0, 0x0, 0x0, 0x0, 0x0, 0x0, 0x0,
    0x0, 0x0, 0x0, 0x0, 0x0, 0x0, 0x0, 0x0,
    0x0, 0x0, 0x0, 0x0, 0x0, 0xd, 0xea, 0x63,
    0x0, 0x0, 0x0, 0x0, 0x0, 0x0, 0x0, 0x0,
    0x0, 0x6, 0xff, 0xff, 0xff, 0x80, 0x0, 0x0,
    0x0, 0x0, 0x0, 0x0, 0x0, 0x0, 0xdf, 0xff,
    0xff, 0xff, 0x0, 0x0, 0x0, 0x0, 0x0, 0x0,
    0x0, 0x0, 0x4f, 0xff, 0xff, 0xff, 0xf0, 0x0,
    0x0, 0x0, 0x0, 0x0, 0x0, 0x0, 0xa, 0xff,
    0xff, 0xff, 0xfe, 0x0, 0x0, 0x0, 0x0, 0x0,
    0x0, 0x0, 0x1, 0xff, 0xff, 0xff, 0xff, 0xc0,
    0x0, 0x0, 0x0, 0x0, 0x0, 0x0, 0x0, 0x4f,
    0xff, 0xff, 0xff, 0xf9, 0x0, 0x0, 0x0, 0x0,
    0x0, 0x0, 0x0, 0x0, 0x9f, 0xff, 0xff, 0xff,
    0x60, 0x0, 0x0, 0x0, 0x0, 0x0, 0x0, 0x0,
    0x0, 0x6f, 0xff, 0xff, 0xf2, 0x0, 0x0, 0x0,
    0x0, 0x0, 0x0, 0x0, 0x0, 0x0, 0x6f, 0xff,
    0xfc, 0x0, 0x0, 0x0, 0x0, 0x0, 0x0, 0x0,
    0x0, 0x0, 0xa, 0xff, 0xff, 0x60, 0x0, 0x0,
    0x0, 0x0, 0x0, 0x0, 0x0, 0x0, 0x4, 0xff,
    0xff, 0xe0, 0x0, 0x0, 0x0, 0x0, 0x0, 0x0,
    0x0, 0x0, 0x1, 0xdf, 0xff, 0xf7, 0x0, 0x0,
    0x0, 0x0, 0x0, 0x0, 0x0, 0x0, 0x0, 0xbf,
    0xff, 0xfd, 0x0, 0x0, 0x0, 0x0, 0x1, 0x40,
    0x0, 0x0, 0x0, 0xaf, 0xff, 0xff, 0x30, 0x0,
    0x0, 0x0, 0x3a, 0xff, 0xa0, 0x0, 0x1, 0xbf,
    0xff, 0xff, 0x70, 0x0, 0x0, 0x5, 0xcf, 0xff,
    0xff, 0x70, 0x3, 0xdf, 0xff, 0xff, 0xa0, 0x0,
    0x0, 0xd, 0xff, 0xff, 0xff, 0xff, 0x6a, 0xff,
    0xff, 0xff, 0xb0, 0x0, 0x0, 0x0, 0xef, 0xff,
    0xff, 0xff, 0xff, 0xff, 0xff, 0xff, 0xa0, 0x0,
    0x0, 0x0, 0xa, 0xff, 0xff, 0xff, 0xff, 0xff,
    0xff, 0xff, 0x70, 0x0, 0x0, 0x0, 0x0, 0x6f,
    0xff, 0xff, 0xff, 0xff, 0xff, 0xfd, 0x30, 0x0,
    0x0, 0x0, 0x0, 0x3, 0xff, 0xff, 0xff, 0xff,
    0xff, 0xe7, 0x0, 0x0, 0x0, 0x0, 0x0, 0x0,
    0xf, 0xff, 0xff, 0xff, 0xfc, 0x60, 0x0, 0x0,
    0x0, 0x0, 0x0, 0x0, 0x0, 0x8f, 0xfe, 0xc9,
    0x62, 0x0, 0x0, 0x0, 0x0, 0x0, 0x0, 0x0,
    0x0,

    /* U+F0C4 "" */
    0x0, 0x2, 0x42, 0x0, 0x0, 0x0, 0x0, 0x0,
    0x0, 0x0, 0x0, 0x2, 0xcf, 0xff, 0xc2, 0x0,
    0x0, 0x0, 0x0, 0x37, 0x73, 0x0, 0x2e, 0xff,
    0xff, 0xfe, 0x20, 0x0, 0x0, 0x8, 0xff, 0xff,
    0x90, 0xaf, 0xff, 0xcf, 0xff, 0xa0, 0x0, 0x0,
    0x9f, 0xff, 0xff, 0xb0, 0xef, 0xf4, 0x4, 0xff,
    0xe0, 0x0, 0x9, 0xff, 0xff, 0xfb, 0x0, 0xff,
    0xf1, 0x1, 0xff, 0xf0, 0x0, 0x9f, 0xff, 0xff,
    0xb0, 0x0, 0xcf, 0xfb, 0x5b, 0xff, 0xc0, 0x9,
    0xff, 0xff, 0xfb, 0x0, 0x0, 0x5f, 0xff, 0xff,
    0xff, 0xf5, 0x9f, 0xff, 0xff, 0xb0, 0x0, 0x0,
    0x8, 0xff, 0xff, 0xff, 0xff, 0xff, 0xff, 0xfb,
    0x0, 0x0, 0x0, 0x0, 0x39, 0xbe, 0xff, 0xff,
    0xff, 0xff, 0xb0, 0x0, 0x0, 0x0, 0x0, 0x0,
    0x2, 0xef, 0xff, 0xff, 0xfb, 0x0, 0x0, 0x0,
    0x0, 0x0, 0x0, 0x0, 0xaf, 0xff, 0xff, 0xf5,
    0x0, 0x0, 0x0, 0x0, 0x0, 0x2, 0x49, 0xff,
    0xff, 0xff, 0xff, 0x50, 0x0, 0x0, 0x0, 0x2,
    0xcf, 0xff, 0xff, 0xff, 0xff, 0xff, 0xf5, 0x0,
    0x0, 0x0, 0x2e, 0xff, 0xff, 0xff, 0xfb, 0xef,
    0xff, 0xff, 0x50, 0x0, 0x0, 0xaf, 0xff, 0xcf,
    0xff, 0xd0, 0x2e, 0xff, 0xff, 0xf5, 0x0, 0x0,
    0xef, 0xf4, 0x4, 0xff, 0xe0, 0x2, 0xef, 0xff,
    0xff, 0x50, 0x0, 0xff, 0xf1, 0x1, 0xff, 0xf0,
    0x0, 0x2e, 0xff, 0xff, 0xf5, 0x0, 0xcf, 0xfb,
    0x5b, 0xff, 0xc0, 0x0, 0x2, 0xef, 0xff, 0xff,
    0x50, 0x5f, 0xff, 0xff, 0xff, 0x50, 0x0, 0x0,
    0x2e, 0xff, 0xff, 0xd0, 0x8, 0xff, 0xff, 0xf8,
    0x0, 0x0, 0x0, 0x1, 0xae, 0xea, 0x20, 0x0,
    0x39, 0xb9, 0x30, 0x0, 0x0, 0x0, 0x0, 0x0,
    0x0, 0x0,

    /* U+F0C5 "" */
    0x0, 0x0, 0x0, 0xbf, 0xff, 0xff, 0xff, 0xf0,
    0x7a, 0x0, 0x0, 0x0, 0x0, 0xf, 0xff, 0xff,
    0xff, 0xff, 0x8, 0xfb, 0x0, 0x0, 0x0, 0x0,
    0xff, 0xff, 0xff, 0xff, 0xf0, 0x8f, 0xfb, 0x0,
    0x0, 0x0, 0xf, 0xff, 0xff, 0xff, 0xff, 0x8,
    0xff, 0xfa, 0x47, 0x88, 0x40, 0xff, 0xff, 0xff,
    0xff, 0xf0, 0x48, 0x88, 0x7f, 0xff, 0xf8, 0xf,
    0xff, 0xff, 0xff, 0xff, 0x40, 0x0, 0x0, 0xff,
    0xff, 0x80, 0xff, 0xff, 0xff, 0xff, 0xff, 0xff,
    0xff, 0xff, 0xff, 0xf8, 0xf, 0xff, 0xff, 0xff,
    0xff, 0xff, 0xff, 0xff, 0xff, 0xff, 0x80, 0xff,
    0xff, 0xff, 0xff, 0xff, 0xff, 0xff, 0xff, 0xff,
    0xf8, 0xf, 0xff, 0xff, 0xff, 0xff, 0xff, 0xff,
    0xff, 0xff, 0xff, 0x80, 0xff, 0xff, 0xff, 0xff,
    0xff, 0xff, 0xff, 0xff, 0xff, 0xf8, 0xf, 0xff,
    0xff, 0xff, 0xff, 0xff, 0xff, 0xff, 0xff, 0xff,
    0x80, 0xff, 0xff, 0xff, 0xff, 0xff, 0xff, 0xff,
    0xff, 0xff, 0xf8, 0xf, 0xff, 0xff, 0xff, 0xff,
    0xff, 0xff, 0xff, 0xff, 0xff, 0x80, 0xff, 0xff,
    0xff, 0xff, 0xff, 0xff, 0xff, 0xff, 0xff, 0xf8,
    0xf, 0xff, 0xff, 0xff, 0xff, 0xff, 0xff, 0xff,
    0xff, 0xff, 0x80, 0xff, 0xff, 0xff, 0xff, 0xff,
    0xff, 0xff, 0xff, 0xff, 0xf8, 0xf, 0xff, 0xff,
    0xff, 0xff, 0xff, 0xff, 0xff, 0xff, 0xff, 0x80,
    0xff, 0xff, 0xff, 0xff, 0xff, 0xff, 0xff, 0xff,
    0xff, 0xfc, 0x4, 0x78, 0x88, 0x88, 0x88, 0x88,
    0x88, 0x74, 0xff, 0xff, 0xfa, 0x10, 0x0, 0x0,
    0x0, 0x0, 0x0, 0x0, 0xf, 0xff, 0xff, 0xff,
    0xff, 0xff, 0xff, 0xff, 0x0, 0x0, 0x0, 0xff,
    0xff, 0xff, 0xff, 0xff, 0xff, 0xff, 0xf0, 0x0,
    0x0, 0xb, 0xff, 0xff, 0xff, 0xff, 0xff, 0xff,
    0xfb, 0x0, 0x0, 0x0,

    /* U+F0C7 "" */
    0x1, 0x44, 0x44, 0x44, 0x44, 0x44, 0x44, 0x42,
    0x0, 0x0, 0x6, 0xff, 0xff, 0xff, 0xff, 0xff,
    0xff, 0xff, 0xf8, 0x0, 0x0, 0xef, 0xff, 0xff,
    0xff, 0xff, 0xff, 0xff, 0xff, 0xf8, 0x0, 0xf,
    0xff, 0xcb, 0xbb, 0xbb, 0xbb, 0xbb, 0xbd, 0xff,
    0xf8, 0x0, 0xff, 0xf0, 0x0, 0x0, 0x0, 0x0,
    0x0, 0xf, 0xff, 0xf8, 0xf, 0xff, 0x0, 0x0,
    0x0, 0x0, 0x0, 0x0, 0xff, 0xff, 0xf7, 0xff,
    0xf0, 0x0, 0x0, 0x0, 0x0, 0x0, 0xf, 0xff,
    0xff, 0xef, 0xff, 0x0, 0x0, 0x0, 0x0, 0x0,
    0x0, 0xff, 0xff, 0xff, 0xff, 0xf0, 0x0, 0x0,
    0x0, 0x0, 0x0, 0xf, 0xff, 0xff, 0xff, 0xff,
    0x54, 0x44, 0x44, 0x44, 0x44, 0x45, 0xff, 0xff,
    0xff, 0xff, 0xff, 0xff, 0xff, 0xff, 0xff, 0xff,
    0xff, 0xff, 0xff, 0xff, 0xff, 0xff, 0xff, 0xff,
    0xff, 0xff, 0xff, 0xff, 0xff, 0xff, 0xff, 0xff,
    0xff, 0xff, 0xfe, 0xce, 0xff, 0xff, 0xff, 0xff,
    0xff, 0xff, 0xff, 0xff, 0xf8, 0x0, 0x8, 0xff,
    0xff, 0xff, 0xff, 0xff, 0xff, 0xff, 0xfc, 0x0,
    0x0, 0xc, 0xff, 0xff, 0xff, 0xff, 0xff, 0xff,
    0xff, 0x80, 0x0, 0x0, 0x8f, 0xff, 0xff, 0xff,
    0xff, 0xff, 0xff, 0xfa, 0x0, 0x0, 0xa, 0xff,
    0xff, 0xff, 0xff, 0xff, 0xff, 0xff, 0xf2, 0x0,
    0x2, 0xff, 0xff, 0xff, 0xff, 0xff, 0xff, 0xff,
    0xff, 0xf7, 0x57, 0xff, 0xff, 0xff, 0xff, 0xff,
    0xff, 0xff, 0xff, 0xff, 0xff, 0xff, 0xff, 0xff,
    0xff, 0xff, 0xbf, 0xff, 0xff, 0xff, 0xff, 0xff,
    0xff, 0xff, 0xff, 0xff, 0xb1, 0x8b, 0xbb, 0xbb,
    0xbb, 0xbb, 0xbb, 0xbb, 0xbb, 0xbb, 0x81,

    /* U+F0C9 "" */
    0x13, 0x33, 0x33, 0x33, 0x33, 0x33, 0x33, 0x33,
    0x33, 0x33, 0x1f, 0xff, 0xff, 0xff, 0xff, 0xff,
    0xff, 0xff, 0xff, 0xff, 0xfe, 0xff, 0xff, 0xff,
    0xff, 0xff, 0xff, 0xff, 0xff, 0xff, 0xff, 0xff,
    0xff, 0xff, 0xff, 0xff, 0xff, 0xff, 0xff, 0xff,
    0xff, 0xfe, 0x13, 0x33, 0x33, 0x33, 0x33, 0x33,
    0x33, 0x33, 0x33, 0x33, 0x10, 0x0, 0x0, 0x0,
    0x0, 0x0, 0x0, 0x0, 0x0, 0x0, 0x0, 0x0,
    0x0, 0x0, 0x0, 0x0, 0x0, 0x0, 0x0, 0x0,
    0x0, 0x0, 0x0, 0x0, 0x0, 0x0, 0x0, 0x0,
    0x0, 0x0, 0x0, 0x0, 0x57, 0x77, 0x77, 0x77,
    0x77, 0x77, 0x77, 0x77, 0x77, 0x77, 0x5f, 0xff,
    0xff, 0xff, 0xff, 0xff, 0xff, 0xff, 0xff, 0xff,
    0xff, 0xff, 0xff, 0xff, 0xff, 0xff, 0xff, 0xff,
    0xff, 0xff, 0xff, 0xfc, 0xee, 0xee, 0xee, 0xee,
    0xee, 0xee, 0xee, 0xee, 0xee, 0xeb, 0x0, 0x0,
    0x0, 0x0, 0x0, 0x0, 0x0, 0x0, 0x0, 0x0,
    0x0, 0x0, 0x0, 0x0, 0x0, 0x0, 0x0, 0x0,
    0x0, 0x0, 0x0, 0x0, 0x0, 0x0, 0x0, 0x0,
    0x0, 0x0, 0x0, 0x0, 0x0, 0x1, 0x33, 0x33,
    0x33, 0x33, 0x33, 0x33, 0x33, 0x33, 0x33, 0x31,
    0xff, 0xff, 0xff, 0xff, 0xff, 0xff, 0xff, 0xff,
    0xff, 0xff, 0xef, 0xff, 0xff, 0xff, 0xff, 0xff,
    0xff, 0xff, 0xff, 0xff, 0xff, 0xff, 0xff, 0xff,
    0xff, 0xff, 0xff, 0xff, 0xff, 0xff, 0xff, 0xe1,
    0x33, 0x33, 0x33, 0x33, 0x33, 0x33, 0x33, 0x33,
    0x33, 0x31,

    /* U+F0E0 "" */
    0x3d, 0xff, 0xff, 0xff, 0xff, 0xff, 0xff, 0xff,
    0xff, 0xff, 0xff, 0xd3, 0xdf, 0xff, 0xff, 0xff,
    0xff, 0xff, 0xff, 0xff, 0xff, 0xff, 0xff, 0xfd,
    0xff, 0xff, 0xff, 0xff, 0xff, 0xff, 0xff, 0xff,
    0xff, 0xff, 0xff, 0xff, 0xef, 0xff, 0xff, 0xff,
    0xff, 0xff, 0xff, 0xff, 0xff, 0xff, 0xff, 0xfe,
    0x2d, 0xff, 0xff, 0xff, 0xff, 0xff, 0xff, 0xff,
    0xff, 0xff, 0xff, 0xd2, 0x0, 0x9f, 0xff, 0xff,
    0xff, 0xff, 0xff, 0xff, 0xff, 0xff, 0xf9, 0x0,
    0xe4, 0x5, 0xff, 0xff, 0xff, 0xff, 0xff, 0xff,
    0xff, 0xff, 0x50, 0x4e, 0xff, 0x80, 0x2c, 0xff,
    0xff, 0xff, 0xff, 0xff, 0xff, 0xc2, 0x8, 0xff,
    0xff, 0xfc, 0x20, 0x8f, 0xff, 0xff, 0xff, 0xff,
    0xf9, 0x1, 0xcf, 0xff, 0xff, 0xff, 0xf5, 0x4,
    0xef, 0xff, 0xff, 0xfe, 0x40, 0x5e, 0xff, 0xff,
    0xff, 0xff, 0xff, 0x90, 0x1c, 0xff, 0xff, 0xb1,
    0x9, 0xff, 0xff, 0xff, 0xff, 0xff, 0xff, 0xfd,
    0x20, 0x6d, 0xd6, 0x2, 0xdf, 0xff, 0xff, 0xff,
    0xff, 0xff, 0xff, 0xff, 0xf6, 0x0, 0x0, 0x6f,
    0xff, 0xff, 0xff, 0xff, 0xff, 0xff, 0xff, 0xff,
    0xff, 0xd9, 0x9d, 0xff, 0xff, 0xff, 0xff, 0xff,
    0xff, 0xff, 0xff, 0xff, 0xff, 0xff, 0xff, 0xff,
    0xff, 0xff, 0xff, 0xff, 0xff, 0xff, 0xff, 0xff,
    0xff, 0xff, 0xff, 0xff, 0xff, 0xff, 0xff, 0xff,
    0xdf, 0xff, 0xff, 0xff, 0xff, 0xff, 0xff, 0xff,
    0xff, 0xff, 0xff, 0xfd, 0x3d, 0xff, 0xff, 0xff,
    0xff, 0xff, 0xff, 0xff, 0xff, 0xff, 0xff, 0xd3,

    /* U+F0E7 "" */
    0x0, 0x4f, 0xff, 0xff, 0xff, 0xf3, 0x0, 0x0,
    0x0, 0x9, 0xff, 0xff, 0xff, 0xff, 0x60, 0x0,
    0x0, 0x0, 0xbf, 0xff, 0xff, 0xff, 0xf1, 0x0,
    0x0, 0x0, 0xd, 0xff, 0xff, 0xff, 0xfc, 0x0,
    0x0, 0x0, 0x0, 0xff, 0xff, 0xff, 0xff, 0x70,
    0x0, 0x0, 0x0, 0x1f, 0xff, 0xff, 0xff, 0xf2,
    0x0, 0x0, 0x0, 0x3, 0xff, 0xff, 0xff, 0xfc,
    0x0, 0x0, 0x0, 0x0, 0x5f, 0xff, 0xff, 0xff,
    0xc8, 0x88, 0x87, 0x30, 0x8, 0xff, 0xff, 0xff,
    0xff, 0xff, 0xff, 0xff, 0x0, 0xaf, 0xff, 0xff,
    0xff, 0xff, 0xff, 0xff, 0xa0, 0xc, 0xff, 0xff,
    0xff, 0xff, 0xff, 0xff, 0xf2, 0x0, 0xef, 0xff,
    0xff, 0xff, 0xff, 0xff, 0xf8, 0x0, 0xf, 0xff,
    0xff, 0xff, 0xff, 0xff, 0xfe, 0x0, 0x0, 0x37,
    0x88, 0x88, 0xaf, 0xff, 0xff, 0x50, 0x0, 0x0,
    0x0, 0x0, 0x8, 0xff, 0xff, 0xc0, 0x0, 0x0,
    0x0, 0x0, 0x0, 0xcf, 0xff, 0xf3, 0x0, 0x0,
    0x0, 0x0, 0x0, 0xf, 0xff, 0xfa, 0x0, 0x0,
    0x0, 0x0, 0x0, 0x3, 0xff, 0xff, 0x10, 0x0,
    0x0, 0x0, 0x0, 0x0, 0x7f, 0xff, 0x70, 0x0,
    0x0, 0x0, 0x0, 0x0, 0xb, 0xff, 0xd0, 0x0,
    0x0, 0x0, 0x0, 0x0, 0x0, 0xff, 0xf4, 0x0,
    0x0, 0x0, 0x0, 0x0, 0x0, 0x3f, 0xfb, 0x0,
    0x0, 0x0, 0x0, 0x0, 0x0, 0x6, 0xff, 0x20,
    0x0, 0x0, 0x0, 0x0, 0x0, 0x0, 0x4f, 0x70,
    0x0, 0x0, 0x0, 0x0,

    /* U+F0EA "" */
    0x0, 0x0, 0x3, 0xdf, 0xd3, 0x0, 0x0, 0x0,
    0x0, 0x0, 0x4, 0x78, 0x88, 0xff, 0xef, 0xf8,
    0x88, 0x74, 0x0, 0x0, 0x0, 0xff, 0xff, 0xff,
    0x90, 0x9f, 0xff, 0xff, 0xf0, 0x0, 0x0, 0xf,
    0xff, 0xff, 0xf9, 0x9, 0xff, 0xff, 0xff, 0x0,
    0x0, 0x0, 0xff, 0xff, 0xff, 0xfe, 0xff, 0xff,
    0xff, 0xf0, 0x0, 0x0, 0xf, 0xff, 0xff, 0xff,
    0xff, 0xff, 0xff, 0xff, 0x0, 0x0, 0x0, 0xff,
    0xff, 0xff, 0xe5, 0x0, 0x0, 0x0, 0x0, 0x0,
    0x0, 0xf, 0xff, 0xff, 0xf4, 0x7, 0x88, 0x88,
    0x88, 0x3, 0x30, 0x0, 0xff, 0xff, 0xff, 0x7,
    0xff, 0xff, 0xff, 0xf0, 0x8f, 0x40, 0xf, 0xff,
    0xff, 0xf0, 0x8f, 0xff, 0xff, 0xff, 0x8, 0xff,
    0x40, 0xff, 0xff, 0xff, 0x8, 0xff, 0xff, 0xff,
    0xf0, 0x8f, 0xff, 0x4f, 0xff, 0xff, 0xf0, 0x8f,
    0xff, 0xff, 0xff, 0x8, 0xff, 0xfe, 0xff, 0xff,
    0xff, 0x8, 0xff, 0xff, 0xff, 0xf0, 0x0, 0x0,
    0xf, 0xff, 0xff, 0xf0, 0x8f, 0xff, 0xff, 0xff,
    0xb8, 0x88, 0x88, 0xff, 0xff, 0xff, 0x8, 0xff,
    0xff, 0xff, 0xff, 0xff, 0xff, 0xff, 0xff, 0xff,
    0xf0, 0x8f, 0xff, 0xff, 0xff, 0xff, 0xff, 0xff,
    0xff, 0xff, 0xff, 0x8, 0xff, 0xff, 0xff, 0xff,
    0xff, 0xff, 0xff, 0xff, 0xff, 0xf0, 0x8f, 0xff,
    0xff, 0xff, 0xff, 0xff, 0xff, 0xff, 0xff, 0xff,
    0x8, 0xff, 0xff, 0xff, 0xff, 0xff, 0xff, 0xf4,
    0x78, 0x88, 0x80, 0x8f, 0xff, 0xff, 0xff, 0xff,
    0xff, 0xff, 0x0, 0x0, 0x0, 0x8, 0xff, 0xff,
    0xff, 0xff, 0xff, 0xff, 0xf0, 0x0, 0x0, 0x0,
    0x8f, 0xff, 0xff, 0xff, 0xff, 0xff, 0xff, 0x0,
    0x0, 0x0, 0x7, 0xff, 0xff, 0xff, 0xff, 0xff,
    0xff, 0xf0, 0x0, 0x0, 0x0, 0x4f, 0xff, 0xff,
    0xff, 0xff, 0xff, 0xfb,

    /* U+F0F3 "" */
    0x0, 0x0, 0x0, 0x0, 0x8, 0xf8, 0x0, 0x0,
    0x0, 0x0, 0x0, 0x0, 0x0, 0x0, 0x0, 0xff,
    0xf0, 0x0, 0x0, 0x0, 0x0, 0x0, 0x0, 0x0,
    0x1, 0x6f, 0xff, 0x51, 0x0, 0x0, 0x0, 0x0,
    0x0, 0x0, 0x8, 0xff, 0xff, 0xff, 0xf8, 0x0,
    0x0, 0x0, 0x0, 0x0, 0xc, 0xff, 0xff, 0xff,
    0xff, 0xfb, 0x0, 0x0, 0x0, 0x0, 0xa, 0xff,
    0xff, 0xff, 0xff, 0xff, 0xf9, 0x0, 0x0, 0x0,
    0x4, 0xff, 0xff, 0xff, 0xff, 0xff, 0xff, 0xf3,
    0x0, 0x0, 0x0, 0xaf, 0xff, 0xff, 0xff, 0xff,
    0xff, 0xff, 0x90, 0x0, 0x0, 0xe, 0xff, 0xff,
    0xff, 0xff, 0xff, 0xff, 0xfd, 0x0, 0x0, 0x0,
    0xff, 0xff, 0xff, 0xff, 0xff, 0xff, 0xff, 0xf0,
    0x0, 0x0, 0xf, 0xff, 0xff, 0xff, 0xff, 0xff,
    0xff, 0xff, 0x0, 0x0, 0x1, 0xff, 0xff, 0xff,
    0xff, 0xff, 0xff, 0xff, 0xf1, 0x0, 0x0, 0x4f,
    0xff, 0xff, 0xff, 0xff, 0xff, 0xff, 0xff, 0x40,
    0x0, 0x8, 0xff, 0xff, 0xff, 0xff, 0xff, 0xff,
    0xff, 0xf8, 0x0, 0x0, 0xdf, 0xff, 0xff, 0xff,
    0xff, 0xff, 0xff, 0xff, 0xd0, 0x0, 0x5f, 0xff,
    0xff, 0xff, 0xff, 0xff, 0xff, 0xff, 0xff, 0x50,
    0x3f, 0xff, 0xff, 0xff, 0xff, 0xff, 0xff, 0xff,
    0xff, 0xff, 0x3d, 0xff, 0xff, 0xff, 0xff, 0xff,
    0xff, 0xff, 0xff, 0xff, 0xfd, 0xdf, 0xff, 0xff,
    0xff, 0xff, 0xff, 0xff, 0xff, 0xff, 0xff, 0xd2,
    0x78, 0x88, 0x88, 0x88, 0x88, 0x88, 0x88, 0x88,
    0x88, 0x72, 0x0, 0x0, 0x0, 0x0, 0x0, 0x0,
    0x0, 0x0, 0x0, 0x0, 0x0, 0x0, 0x0, 0x0,
    0x6f, 0xff, 0xff, 0x60, 0x0, 0x0, 0x0, 0x0,
    0x0, 0x0, 0x1, 0xff, 0xff, 0xe1, 0x0, 0x0,
    0x0, 0x0, 0x0, 0x0, 0x0, 0x3, 0xcf, 0xc3,
    0x0, 0x0, 0x0, 0x0,

    /* U+F11C "" */
    0x3d, 0xff, 0xff, 0xff, 0xff, 0xff, 0xff, 0xff,
    0xff, 0xff, 0xff, 0xff, 0xfd, 0x3d, 0xff, 0xff,
    0xff, 0xff, 0xff, 0xff, 0xff, 0xff, 0xff, 0xff,
    0xff, 0xff, 0xfd, 0xff, 0xff, 0xff, 0xff, 0xff,
    0xff, 0xff, 0xff, 0xff, 0xff, 0xff, 0xff, 0xff,
    0xff, 0xff, 0x10, 0x1f, 0x90, 0x9, 0xf1, 0x1,
    0xf9, 0x0, 0x9f, 0x10, 0x1f, 0xff, 0xff, 0xf0,
    0x0, 0xf8, 0x0, 0x8f, 0x0, 0xf, 0x80, 0x8,
    0xf0, 0x0, 0xff, 0xff, 0xff, 0x10, 0x1f, 0x90,
    0x9, 0xf1, 0x1, 0xf9, 0x0, 0x9f, 0x10, 0x1f,
    0xff, 0xff, 0xff, 0xff, 0xff, 0xff, 0xff, 0xff,
    0xff, 0xff, 0xff, 0xff, 0xff, 0xff, 0xff, 0xff,
    0xff, 0xb8, 0x8f, 0xe8, 0x8b, 0xfb, 0x88, 0xfe,
    0x88, 0xbf, 0xff, 0xff, 0xff, 0xff, 0xf4, 0x0,
    0xcc, 0x0, 0x4f, 0x40, 0xc, 0xc0, 0x4, 0xff,
    0xff, 0xff, 0xff, 0xff, 0x40, 0xc, 0xc0, 0x4,
    0xf4, 0x0, 0xcc, 0x0, 0x4f, 0xff, 0xff, 0xff,
    0xff, 0xfb, 0x88, 0xfe, 0x88, 0xbf, 0xb8, 0x8f,
    0xe8, 0x8b, 0xff, 0xff, 0xff, 0xff, 0xff, 0xff,
    0xff, 0xff, 0xff, 0xff, 0xff, 0xff, 0xff, 0xff,
    0xff, 0xff, 0xff, 0xf1, 0x1, 0xf9, 0x0, 0x0,
    0x0, 0x0, 0x0, 0x9, 0xf1, 0x1, 0xff, 0xff,
    0xff, 0x0, 0xf, 0x80, 0x0, 0x0, 0x0, 0x0,
    0x0, 0x8f, 0x0, 0xf, 0xff, 0xff, 0xf1, 0x1,
    0xf9, 0x0, 0x0, 0x0, 0x0, 0x0, 0x9, 0xf1,
    0x1, 0xff, 0xff, 0xff, 0xff, 0xff, 0xff, 0xff,
    0xff, 0xff, 0xff, 0xff, 0xff, 0xff, 0xff, 0xff,
    0xdf, 0xff, 0xff, 0xff, 0xff, 0xff, 0xff, 0xff,
    0xff, 0xff, 0xff, 0xff, 0xff, 0xd3, 0xdf, 0xff,
    0xff, 0xff, 0xff, 0xff, 0xff, 0xff, 0xff, 0xff,
    0xff, 0xff, 0xd3,

    /* U+F124 "" */
    0x0, 0x0, 0x0, 0x0, 0x0, 0x0, 0x0, 0x0,
    0x0, 0x0, 0x0, 0x0, 0x0, 0x0, 0x0, 0x0,
    0x0, 0x0, 0x0, 0x0, 0x0, 0x0, 0x0, 0x3a,
    0xfc, 0x20, 0x0, 0x0, 0x0, 0x0, 0x0, 0x0,
    0x0, 0x0, 0x0, 0x4b, 0xff, 0xff, 0xc0, 0x0,
    0x0, 0x0, 0x0, 0x0, 0x0, 0x0, 0x0, 0x5c,
    0xff, 0xff, 0xff, 0xf0, 0x0, 0x0, 0x0, 0x0,
    0x0, 0x0, 0x0, 0x6e, 0xff, 0xff, 0xff, 0xff,
    0xa0, 0x0, 0x0, 0x0, 0x0, 0x0, 0x1, 0x8e,
    0xff, 0xff, 0xff, 0xff, 0xff, 0x30, 0x0, 0x0,
    0x0, 0x0, 0x2, 0x9f, 0xff, 0xff, 0xff, 0xff,
    0xff, 0xfb, 0x0, 0x0, 0x0, 0x0, 0x3, 0xaf,
    0xff, 0xff, 0xff, 0xff, 0xff, 0xff, 0xf4, 0x0,
    0x0, 0x0, 0x4, 0xcf, 0xff, 0xff, 0xff, 0xff,
    0xff, 0xff, 0xff, 0xc0, 0x0, 0x0, 0x6, 0xdf,
    0xff, 0xff, 0xff, 0xff, 0xff, 0xff, 0xff, 0xff,
    0x50, 0x0, 0x3, 0xef, 0xff, 0xff, 0xff, 0xff,
    0xff, 0xff, 0xff, 0xff, 0xfe, 0x0, 0x0, 0xd,
    0xff, 0xff, 0xff, 0xff, 0xff, 0xff, 0xff, 0xff,
    0xff, 0xf6, 0x0, 0x0, 0xf, 0xff, 0xff, 0xff,
    0xff, 0xff, 0xff, 0xff, 0xff, 0xff, 0xe0, 0x0,
    0x0, 0x9, 0xff, 0xff, 0xff, 0xff, 0xff, 0xff,
    0xff, 0xff, 0xff, 0x80, 0x0, 0x0, 0x0, 0x57,
    0x88, 0x88, 0x88, 0x8c, 0xff, 0xff, 0xff, 0xff,
    0x10, 0x0, 0x0, 0x0, 0x0, 0x0, 0x0, 0x0,
    0x8, 0xff, 0xff, 0xff, 0xf9, 0x0, 0x0, 0x0,
    0x0, 0x0, 0x0, 0x0, 0x0, 0x8, 0xff, 0xff,
    0xff, 0xf2, 0x0, 0x0, 0x0, 0x0, 0x0, 0x0,
    0x0, 0x0, 0x8, 0xff, 0xff, 0xff, 0xa0, 0x0,
    0x0, 0x0, 0x0, 0x0, 0x0, 0x0, 0x0, 0x8,
    0xff, 0xff, 0xff, 0x30, 0x0, 0x0, 0x0, 0x0,
    0x0, 0x0, 0x0, 0x0, 0x8, 0xff, 0xff, 0xfc,
    0x0, 0x0, 0x0, 0x0, 0x0, 0x0, 0x0, 0x0,
    0x0, 0x8, 0xff, 0xff, 0xf4, 0x0, 0x0, 0x0,
    0x0, 0x0, 0x0, 0x0, 0x0, 0x0, 0x8, 0xff,
    0xff, 0xd0, 0x0, 0x0, 0x0, 0x0, 0x0, 0x0,
    0x0, 0x0, 0x0, 0x7, 0xff, 0xff, 0x60, 0x0,
    0x0, 0x0, 0x0, 0x0, 0x0, 0x0, 0x0, 0x0,
    0x5, 0xff, 0xfe, 0x0, 0x0, 0x0, 0x0, 0x0,
    0x0, 0x0, 0x0, 0x0, 0x0, 0x0, 0x9f, 0xd3,
    0x0, 0x0, 0x0, 0x0, 0x0, 0x0, 0x0, 0x0,
    0x0, 0x0, 0x0, 0x0, 0x0, 0x0, 0x0, 0x0,
    0x0, 0x0,

    /* U+F15B "" */
    0xbf, 0xff, 0xff, 0xff, 0xff, 0x80, 0xe4, 0x0,
    0x0, 0xff, 0xff, 0xff, 0xff, 0xff, 0x80, 0xff,
    0x40, 0x0, 0xff, 0xff, 0xff, 0xff, 0xff, 0x80,
    0xff, 0xf4, 0x0, 0xff, 0xff, 0xff, 0xff, 0xff,
    0x80, 0xff, 0xff, 0x40, 0xff, 0xff, 0xff, 0xff,
    0xff, 0x80, 0xff, 0xff, 0xf4, 0xff, 0xff, 0xff,
    0xff, 0xff, 0x80, 0xff, 0xff, 0xfe, 0xff, 0xff,
    0xff, 0xff, 0xff, 0x80, 0x0, 0x0, 0x0, 0xff,
    0xff, 0xff, 0xff, 0xff, 0xf8, 0x88, 0x88, 0x88,
    0xff, 0xff, 0xff, 0xff, 0xff, 0xff, 0xff, 0xff,
    0xff, 0xff, 0xff, 0xff, 0xff, 0xff, 0xff, 0xff,
    0xff, 0xff, 0xff, 0xff, 0xff, 0xff, 0xff, 0xff,
    0xff, 0xff, 0xff, 0xff, 0xff, 0xff, 0xff, 0xff,
    0xff, 0xff, 0xff, 0xff, 0xff, 0xff, 0xff, 0xff,
    0xff, 0xff, 0xff, 0xff, 0xff, 0xff, 0xff, 0xff,
    0xff, 0xff, 0xff, 0xff, 0xff, 0xff, 0xff, 0xff,
    0xff, 0xff, 0xff, 0xff, 0xff, 0xff, 0xff, 0xff,
    0xff, 0xff, 0xff, 0xff, 0xff, 0xff, 0xff, 0xff,
    0xff, 0xff, 0xff, 0xff, 0xff, 0xff, 0xff, 0xff,
    0xff, 0xff, 0xff, 0xff, 0xff, 0xff, 0xff, 0xff,
    0xff, 0xff, 0xff, 0xff, 0xff, 0xff, 0xff, 0xff,
    0xff, 0xff, 0xff, 0xff, 0xff, 0xff, 0xff, 0xff,
    0xff, 0xff, 0xff, 0xff, 0xff, 0xff, 0xff, 0xff,
    0xff, 0xff, 0xff, 0xff, 0xff, 0xff, 0xff, 0xff,
    0xff, 0xff, 0xff, 0xff, 0xff, 0xff, 0xff, 0xff,
    0xff, 0xff, 0xff, 0xff, 0xff, 0xff, 0xff, 0xbf,
    0xff, 0xff, 0xff, 0xff, 0xff, 0xff, 0xff, 0xfb,

    /* U+F1EB "" */
    0x0, 0x0, 0x0, 0x0, 0x0, 0x0, 0x0, 0x0,
    0x0, 0x0, 0x0, 0x0, 0x0, 0x0, 0x0, 0x0,
    0x0, 0x0, 0x0, 0x0, 0x3, 0x56, 0x77, 0x65,
    0x30, 0x0, 0x0, 0x0, 0x0, 0x0, 0x0, 0x0,
    0x0, 0x2, 0x7c, 0xff, 0xff, 0xff, 0xff, 0xff,
    0xc7, 0x20, 0x0, 0x0, 0x0, 0x0, 0x0, 0x5,
    0xcf, 0xff, 0xff, 0xff, 0xff, 0xff, 0xff, 0xff,
    0xfc, 0x50, 0x0, 0x0, 0x0, 0x3, 0xdf, 0xff,
    0xff, 0xff, 0xff, 0xff, 0xff, 0xff, 0xff, 0xff,
    0xfd, 0x30, 0x0, 0x0, 0x8f, 0xff, 0xff, 0xff,
    0xc9, 0x65, 0x44, 0x56, 0x9c, 0xff, 0xff, 0xff,
    0xf8, 0x0, 0x1c, 0xff, 0xff, 0xfd, 0x61, 0x0,
    0x0, 0x0, 0x0, 0x0, 0x16, 0xdf, 0xff, 0xff,
    0xc1, 0xdf, 0xff, 0xfe, 0x50, 0x0, 0x0, 0x0,
    0x0, 0x0, 0x0, 0x0, 0x5, 0xef, 0xff, 0xfd,
    0x9f, 0xff, 0x90, 0x0, 0x0, 0x0, 0x0, 0x0,
    0x0, 0x0, 0x0, 0x0, 0x9, 0xff, 0xf9, 0x9,
    0xf6, 0x0, 0x0, 0x0, 0x48, 0xcd, 0xff, 0xdc,
    0x84, 0x0, 0x0, 0x0, 0x6f, 0x90, 0x0, 0x10,
    0x0, 0x0, 0x6e, 0xff, 0xff, 0xff, 0xff, 0xff,
    0xe6, 0x0, 0x0, 0x1, 0x0, 0x0, 0x0, 0x0,
    0x3d, 0xff, 0xff, 0xff, 0xff, 0xff, 0xff, 0xff,
    0xd3, 0x0, 0x0, 0x0, 0x0, 0x0, 0x5, 0xff,
    0xff, 0xff, 0xfe, 0xcc, 0xef, 0xff, 0xff, 0xff,
    0x50, 0x0, 0x0, 0x0, 0x0, 0x8, 0xff, 0xff,
    0xc5, 0x10, 0x0, 0x1, 0x5c, 0xff, 0xff, 0x80,
    0x0, 0x0, 0x0, 0x0, 0x0, 0xaf, 0xe4, 0x0,
    0x0, 0x0, 0x0, 0x0, 0x4e, 0xfa, 0x0, 0x0,
    0x0, 0x0, 0x0, 0x0, 0x6, 0x10, 0x0, 0x0,
    0x0, 0x0, 0x0, 0x1, 0x60, 0x0, 0x0, 0x0,
    0x0, 0x0, 0x0, 0x0, 0x0, 0x0, 0x0, 0x32,
    0x0, 0x0, 0x0, 0x0, 0x0, 0x0, 0x0, 0x0,
    0x0, 0x0, 0x0, 0x0, 0x0, 0x1d, 0xff, 0xc1,
    0x0, 0x0, 0x0, 0x0, 0x0, 0x0, 0x0, 0x0,
    0x0, 0x0, 0x0, 0x0, 0xbf, 0xff, 0xfb, 0x0,
    0x0, 0x0, 0x0, 0x0, 0x0, 0x0, 0x0, 0x0,
    0x0, 0x0, 0x0, 0xff, 0xff, 0xff, 0x0, 0x0,
    0x0, 0x0, 0x0, 0x0, 0x0, 0x0, 0x0, 0x0,
    0x0, 0x0, 0xdf, 0xff, 0xfd, 0x0, 0x0, 0x0,
    0x0, 0x0, 0x0, 0x0, 0x0, 0x0, 0x0, 0x0,
    0x0, 0x5f, 0xff, 0xf5, 0x0, 0x0, 0x0, 0x0,
    0x0, 0x0, 0x0, 0x0, 0x0, 0x0, 0x0, 0x0,
    0x4, 0xaa, 0x40, 0x0, 0x0, 0x0, 0x0, 0x0,
    0x0,

    /* U+F240 "" */
    0x1, 0x44, 0x44, 0x44, 0x44, 0x44, 0x44, 0x44,
    0x44, 0x44, 0x44, 0x44, 0x44, 0x30, 0x0, 0x6f,
    0xff, 0xff, 0xff, 0xff, 0xff, 0xff, 0xff, 0xff,
    0xff, 0xff, 0xff, 0xff, 0xfd, 0x0, 0xef, 0xff,
    0xff, 0xff, 0xff, 0xff, 0xff, 0xff, 0xff, 0xff,
    0xff, 0xff, 0xff, 0xff, 0x60, 0xff, 0xfb, 0xbb,
    0xbb, 0xbb, 0xbb, 0xbb, 0xbb, 0xbb, 0xbb, 0xbb,
    0xbb, 0xbd, 0xff, 0xa1, 0xff, 0xf0, 0x0, 0x0,
    0x0, 0x0, 0x0, 0x0, 0x0, 0x0, 0x0, 0x0,
    0x8, 0xff, 0xfe, 0xff, 0xf0, 0x8f, 0xff, 0xff,
    0xff, 0xff, 0xff, 0xff, 0xff, 0xff, 0xff, 0x8,
    0xff, 0xff, 0xff, 0xf0, 0x8f, 0xff, 0xff, 0xff,
    0xff, 0xff, 0xff, 0xff, 0xff, 0xff, 0x5, 0xbf,
    0xff, 0xff, 0xf0, 0x8f, 0xff, 0xff, 0xff, 0xff,
    0xff, 0xff, 0xff, 0xff, 0xff, 0x0, 0xf, 0xff,
    0xff, 0xf0, 0x8f, 0xff, 0xff, 0xff, 0xff, 0xff,
    0xff, 0xff, 0xff, 0xff, 0x0, 0xf, 0xff, 0xff,
    0xf0, 0x8f, 0xff, 0xff, 0xff, 0xff, 0xff, 0xff,
    0xff, 0xff, 0xff, 0x2, 0x4f, 0xff, 0xff, 0xf0,
    0x8f, 0xff, 0xff, 0xff, 0xff, 0xff, 0xff, 0xff,
    0xff, 0xff, 0x8, 0xff, 0xff, 0xff, 0xf0, 0x0,
    0x0, 0x0, 0x0, 0x0, 0x0, 0x0, 0x0, 0x0,
    0x0, 0x8, 0xff, 0xff, 0xff, 0xf4, 0x44, 0x44,
    0x44, 0x44, 0x44, 0x44, 0x44, 0x44, 0x44, 0x44,
    0x4a, 0xff, 0xd7, 0xff, 0xff, 0xff, 0xff, 0xff,
    0xff, 0xff, 0xff, 0xff, 0xff, 0xff, 0xff, 0xff,
    0xff, 0x70, 0xbf, 0xff, 0xff, 0xff, 0xff, 0xff,
    0xff, 0xff, 0xff, 0xff, 0xff, 0xff, 0xff, 0xff,
    0x30, 0x18, 0xbb, 0xbb, 0xbb, 0xbb, 0xbb, 0xbb,
    0xbb, 0xbb, 0xbb, 0xbb, 0xbb, 0xbb, 0xa4, 0x0,

    /* U+F241 "" */
    0x1, 0x44, 0x44, 0x44, 0x44, 0x44, 0x44, 0x44,
    0x44, 0x44, 0x44, 0x44, 0x44, 0x30, 0x0, 0x6f,
    0xff, 0xff, 0xff, 0xff, 0xff, 0xff, 0xff, 0xff,
    0xff, 0xff, 0xff, 0xff, 0xfd, 0x0, 0xef, 0xff,
    0xff, 0xff, 0xff, 0xff, 0xff, 0xff, 0xff, 0xff,
    0xff, 0xff, 0xff, 0xff, 0x60, 0xff, 0xfb, 0xbb,
    0xbb, 0xbb, 0xbb, 0xbb, 0xbb, 0xbb, 0xbb, 0xbb,
    0xbb, 0xbd, 0xff, 0xa1, 0xff, 0xf0, 0x0, 0x0,
    0x0, 0x0, 0x0, 0x0, 0x0, 0x0, 0x0, 0x0,
    0x8, 0xff, 0xfe, 0xff, 0xf0, 0xbf, 0xff, 0xff,
    0xff, 0xff, 0xff, 0xff, 0xf4, 0x0, 0x0, 0x8,
    0xff, 0xff, 0xff, 0xf0, 0xbf, 0xff, 0xff, 0xff,
    0xff, 0xff, 0xff, 0xf4, 0x0, 0x0, 0x5, 0xbf,
    0xff, 0xff, 0xf0, 0xbf, 0xff, 0xff, 0xff, 0xff,
    0xff, 0xff, 0xf4, 0x0, 0x0, 0x0, 0xf, 0xff,
    0xff, 0xf0, 0xbf, 0xff, 0xff, 0xff, 0xff, 0xff,
    0xff, 0xf4, 0x0, 0x0, 0x0, 0xf, 0xff, 0xff,
    0xf0, 0xbf, 0xff, 0xff, 0xff, 0xff, 0xff, 0xff,
    0xf4, 0x0, 0x0, 0x2, 0x4f, 0xff, 0xff, 0xf0,
    0xbf, 0xff, 0xff, 0xff, 0xff, 0xff, 0xff, 0xf4,
    0x0, 0x0, 0x8, 0xff, 0xff, 0xff, 0xf0, 0x0,
    0x0, 0x0, 0x0, 0x0, 0x0, 0x0, 0x0, 0x0,
    0x0, 0x8, 0xff, 0xff, 0xff, 0xf4, 0x44, 0x44,
    0x44, 0x44, 0x44, 0x44, 0x44, 0x44, 0x44, 0x44,
    0x4a, 0xff, 0xd7, 0xff, 0xff, 0xff, 0xff, 0xff,
    0xff, 0xff, 0xff, 0xff, 0xff, 0xff, 0xff, 0xff,
    0xff, 0x70, 0xbf, 0xff, 0xff, 0xff, 0xff, 0xff,
    0xff, 0xff, 0xff, 0xff, 0xff, 0xff, 0xff, 0xff,
    0x30, 0x18, 0xbb, 0xbb, 0xbb, 0xbb, 0xbb, 0xbb,
    0xbb, 0xbb, 0xbb, 0xbb, 0xbb, 0xbb, 0xa4, 0x0,

    /* U+F242 "" */
    0x1, 0x44, 0x44, 0x44, 0x44, 0x44, 0x44, 0x44,
    0x44, 0x44, 0x44, 0x44, 0x44, 0x30, 0x0, 0x6f,
    0xff, 0xff, 0xff, 0xff, 0xff, 0xff, 0xff, 0xff,
    0xff, 0xff, 0xff, 0xff, 0xfd, 0x0, 0xef, 0xff,
    0xff, 0xff, 0xff, 0xff, 0xff, 0xff, 0xff, 0xff,
    0xff, 0xff, 0xff, 0xff, 0x60, 0xff, 0xfb, 0xbb,
    0xbb, 0xbb, 0xbb, 0xbb, 0xbb, 0xbb, 0xbb, 0xbb,
    0xbb, 0xbd, 0xff, 0xa1, 0xff, 0xf0, 0x0, 0x0,
    0x0, 0x0, 0x0, 0x0, 0x0, 0x0, 0x0, 0x0,
    0x8, 0xff, 0xfe, 0xff, 0xf0, 0x8f, 0xff, 0xff,
    0xff, 0xff, 0xf0, 0x0, 0x0, 0x0, 0x0, 0x8,
    0xff, 0xff, 0xff, 0xf0, 0x8f, 0xff, 0xff, 0xff,
    0xff, 0xf0, 0x0, 0x0, 0x0, 0x0, 0x5, 0xbf,
    0xff, 0xff, 0xf0, 0x8f, 0xff, 0xff, 0xff, 0xff,
    0xf0, 0x0, 0x0, 0x0, 0x0, 0x0, 0xf, 0xff,
    0xff, 0xf0, 0x8f, 0xff, 0xff, 0xff, 0xff, 0xf0,
    0x0, 0x0, 0x0, 0x0, 0x0, 0xf, 0xff, 0xff,
    0xf0, 0x8f, 0xff, 0xff, 0xff, 0xff, 0xf0, 0x0,
    0x0, 0x0, 0x0, 0x2, 0x4f, 0xff, 0xff, 0xf0,
    0x8f, 0xff, 0xff, 0xff, 0xff, 0xf0, 0x0, 0x0,
    0x0, 0x0, 0x8, 0xff, 0xff, 0xff, 0xf0, 0x0,
    0x0, 0x0, 0x0, 0x0, 0x0, 0x0, 0x0, 0x0,
    0x0, 0x8, 0xff, 0xff, 0xff, 0xf4, 0x44, 0x44,
    0x44, 0x44, 0x44, 0x44, 0x44, 0x44, 0x44, 0x44,
    0x4a, 0xff, 0xd7, 0xff, 0xff, 0xff, 0xff, 0xff,
    0xff, 0xff, 0xff, 0xff, 0xff, 0xff, 0xff, 0xff,
    0xff, 0x70, 0xbf, 0xff, 0xff, 0xff, 0xff, 0xff,
    0xff, 0xff, 0xff, 0xff, 0xff, 0xff, 0xff, 0xff,
    0x30, 0x18, 0xbb, 0xbb, 0xbb, 0xbb, 0xbb, 0xbb,
    0xbb, 0xbb, 0xbb, 0xbb, 0xbb, 0xbb, 0xa4, 0x0,

    /* U+F243 "" */
    0x1, 0x44, 0x44, 0x44, 0x44, 0x44, 0x44, 0x44,
    0x44, 0x44, 0x44, 0x44, 0x44, 0x30, 0x0, 0x6f,
    0xff, 0xff, 0xff, 0xff, 0xff, 0xff, 0xff, 0xff,
    0xff, 0xff, 0xff, 0xff, 0xfd, 0x0, 0xef, 0xff,
    0xff, 0xff, 0xff, 0xff, 0xff, 0xff, 0xff, 0xff,
    0xff, 0xff, 0xff, 0xff, 0x60, 0xff, 0xfb, 0xbb,
    0xbb, 0xbb, 0xbb, 0xbb, 0xbb, 0xbb, 0xbb, 0xbb,
    0xbb, 0xbd, 0xff, 0xa1, 0xff, 0xf0, 0x0, 0x0,
    0x0, 0x0, 0x0, 0x0, 0x0, 0x0, 0x0, 0x0,
    0x8, 0xff, 0xfe, 0xff, 0xf0, 0xbf, 0xff, 0xff,
    0x40, 0x0, 0x0, 0x0, 0x0, 0x0, 0x0, 0x8,
    0xff, 0xff, 0xff, 0xf0, 0xbf, 0xff, 0xff, 0x40,
    0x0, 0x0, 0x0, 0x0, 0x0, 0x0, 0x5, 0xbf,
    0xff, 0xff, 0xf0, 0xbf, 0xff, 0xff, 0x40, 0x0,
    0x0, 0x0, 0x0, 0x0, 0x0, 0x0, 0xf, 0xff,
    0xff, 0xf0, 0xbf, 0xff, 0xff, 0x40, 0x0, 0x0,
    0x0, 0x0, 0x0, 0x0, 0x0, 0xf, 0xff, 0xff,
    0xf0, 0xbf, 0xff, 0xff, 0x40, 0x0, 0x0, 0x0,
    0x0, 0x0, 0x0, 0x2, 0x4f, 0xff, 0xff, 0xf0,
    0xbf, 0xff, 0xff, 0x40, 0x0, 0x0, 0x0, 0x0,
    0x0, 0x0, 0x8, 0xff, 0xff, 0xff, 0xf0, 0x0,
    0x0, 0x0, 0x0, 0x0, 0x0, 0x0, 0x0, 0x0,
    0x0, 0x8, 0xff, 0xff, 0xff, 0xf4, 0x44, 0x44,
    0x44, 0x44, 0x44, 0x44, 0x44, 0x44, 0x44, 0x44,
    0x4a, 0xff, 0xd7, 0xff, 0xff, 0xff, 0xff, 0xff,
    0xff, 0xff, 0xff, 0xff, 0xff, 0xff, 0xff, 0xff,
    0xff, 0x70, 0xbf, 0xff, 0xff, 0xff, 0xff, 0xff,
    0xff, 0xff, 0xff, 0xff, 0xff, 0xff, 0xff, 0xff,
    0x30, 0x18, 0xbb, 0xbb, 0xbb, 0xbb, 0xbb, 0xbb,
    0xbb, 0xbb, 0xbb, 0xbb, 0xbb, 0xbb, 0xa4, 0x0,

    /* U+F244 "" */
    0x1, 0x44, 0x44, 0x44, 0x44, 0x44, 0x44, 0x44,
    0x44, 0x44, 0x44, 0x44, 0x44, 0x30, 0x0, 0x6f,
    0xff, 0xff, 0xff, 0xff, 0xff, 0xff, 0xff, 0xff,
    0xff, 0xff, 0xff, 0xff, 0xfd, 0x0, 0xef, 0xff,
    0xff, 0xff, 0xff, 0xff, 0xff, 0xff, 0xff, 0xff,
    0xff, 0xff, 0xff, 0xff, 0x60, 0xff, 0xfb, 0xbb,
    0xbb, 0xbb, 0xbb, 0xbb, 0xbb, 0xbb, 0xbb, 0xbb,
    0xbb, 0xbd, 0xff, 0xa1, 0xff, 0xf0, 0x0, 0x0,
    0x0, 0x0, 0x0, 0x0, 0x0, 0x0, 0x0, 0x0,
    0x8, 0xff, 0xfe, 0xff, 0xf0, 0x0, 0x0, 0x0,
    0x0, 0x0, 0x0, 0x0, 0x0, 0x0, 0x0, 0x8,
    0xff, 0xff, 0xff, 0xf0, 0x0, 0x0, 0x0, 0x0,
    0x0, 0x0, 0x0, 0x0, 0x0, 0x0, 0x5, 0xbf,
    0xff, 0xff, 0xf0, 0x0, 0x0, 0x0, 0x0, 0x0,
    0x0, 0x0, 0x0, 0x0, 0x0, 0x0, 0xf, 0xff,
    0xff, 0xf0, 0x0, 0x0, 0x0, 0x0, 0x0, 0x0,
    0x0, 0x0, 0x0, 0x0, 0x0, 0xf, 0xff, 0xff,
    0xf0, 0x0, 0x0, 0x0, 0x0, 0x0, 0x0, 0x0,
    0x0, 0x0, 0x0, 0x2, 0x4f, 0xff, 0xff, 0xf0,
    0x0, 0x0, 0x0, 0x0, 0x0, 0x0, 0x0, 0x0,
    0x0, 0x0, 0x8, 0xff, 0xff, 0xff, 0xf0, 0x0,
    0x0, 0x0, 0x0, 0x0, 0x0, 0x0, 0x0, 0x0,
    0x0, 0x8, 0xff, 0xff, 0xff, 0xf4, 0x44, 0x44,
    0x44, 0x44, 0x44, 0x44, 0x44, 0x44, 0x44, 0x44,
    0x4a, 0xff, 0xd7, 0xff, 0xff, 0xff, 0xff, 0xff,
    0xff, 0xff, 0xff, 0xff, 0xff, 0xff, 0xff, 0xff,
    0xff, 0x70, 0xbf, 0xff, 0xff, 0xff, 0xff, 0xff,
    0xff, 0xff, 0xff, 0xff, 0xff, 0xff, 0xff, 0xff,
    0x30, 0x18, 0xbb, 0xbb, 0xbb, 0xbb, 0xbb, 0xbb,
    0xbb, 0xbb, 0xbb, 0xbb, 0xbb, 0xbb, 0xa4, 0x0,

    /* U+F287 "" */
    0x0, 0x0, 0x0, 0x0, 0x0, 0x0, 0x0, 0x0,
    0x1, 0x0, 0x0, 0x0, 0x0, 0x0, 0x0, 0x0,
    0x0, 0x0, 0x0, 0x0, 0x0, 0x0, 0x0, 0x2d,
    0xfe, 0x30, 0x0, 0x0, 0x0, 0x0, 0x0, 0x0,
    0x0, 0x0, 0x0, 0x0, 0x0, 0x27, 0x7d, 0xff,
    0xfd, 0x0, 0x0, 0x0, 0x0, 0x0, 0x0, 0x0,
    0x0, 0x0, 0x0, 0x0, 0x4f, 0xff, 0xff, 0xff,
    0xf0, 0x0, 0x0, 0x0, 0x0, 0x0, 0x0, 0x0,
    0x0, 0x0, 0x0, 0xe, 0xf5, 0x3a, 0xff, 0xfb,
    0x0, 0x0, 0x0, 0x0, 0x0, 0x0, 0x0, 0x0,
    0x0, 0x0, 0x7, 0xf6, 0x0, 0x9, 0xda, 0x0,
    0x0, 0x0, 0x0, 0x0, 0x0, 0x0, 0x2, 0x0,
    0x0, 0x0, 0xed, 0x0, 0x0, 0x0, 0x0, 0x0,
    0x0, 0x0, 0x0, 0x0, 0x0, 0x9f, 0xfe, 0x50,
    0x0, 0x6f, 0x60, 0x0, 0x0, 0x0, 0x0, 0x0,
    0x0, 0xa4, 0x0, 0x0, 0x8f, 0xff, 0xff, 0x30,
    0x1e, 0xe0, 0x0, 0x0, 0x0, 0x0, 0x0, 0x0,
    0xf, 0xfa, 0x10, 0xe, 0xff, 0xff, 0xfd, 0xbe,
    0xfe, 0xbb, 0xbb, 0xbb, 0xbb, 0xbb, 0xbb, 0xbb,
    0xff, 0xff, 0x60, 0xef, 0xff, 0xff, 0xff, 0xff,
    0xff, 0xff, 0xff, 0xff, 0xff, 0xff, 0xff, 0xff,
    0xff, 0xfb, 0xa, 0xff, 0xff, 0xf5, 0x0, 0x0,
    0x1c, 0xf2, 0x0, 0x0, 0x0, 0x0, 0x0, 0xff,
    0xd4, 0x0, 0x1c, 0xff, 0xf9, 0x0, 0x0, 0x0,
    0x2f, 0xa0, 0x0, 0x0, 0x0, 0x0, 0xe, 0x70,
    0x0, 0x0, 0x4, 0x63, 0x0, 0x0, 0x0, 0x0,
    0xbf, 0x20, 0x0, 0x0, 0x0, 0x0, 0x0, 0x0,
    0x0, 0x0, 0x0, 0x0, 0x0, 0x0, 0x0, 0x3,
    0xfb, 0x0, 0x8f, 0xff, 0xf5, 0x0, 0x0, 0x0,
    0x0, 0x0, 0x0, 0x0, 0x0, 0x0, 0x0, 0xa,
    0xf8, 0x4b, 0xff, 0xff, 0x60, 0x0, 0x0, 0x0,
    0x0, 0x0, 0x0, 0x0, 0x0, 0x0, 0x0, 0xb,
    0xff, 0xff, 0xff, 0xf6, 0x0, 0x0, 0x0, 0x0,
    0x0, 0x0, 0x0, 0x0, 0x0, 0x0, 0x0, 0x3,
    0x5c, 0xff, 0xff, 0x60, 0x0, 0x0, 0x0, 0x0,
    0x0, 0x0, 0x0, 0x0, 0x0, 0x0, 0x0, 0x0,
    0x9f, 0xff, 0xf5, 0x0, 0x0, 0x0, 0x0, 0x0,
    0x0, 0x0, 0x0, 0x0, 0x0, 0x0, 0x0, 0x0,
    0x11, 0x10, 0x0, 0x0, 0x0, 0x0,

    /* U+F293 "" */
    0x0, 0x0, 0x2, 0x8c, 0xef, 0xfe, 0xa6, 0x0,
    0x0, 0x0, 0x0, 0x9, 0xff, 0xff, 0xff, 0xff,
    0xfe, 0x30, 0x0, 0x0, 0xc, 0xff, 0xff, 0xf4,
    0xff, 0xff, 0xff, 0x40, 0x0, 0xa, 0xff, 0xff,
    0xff, 0x5, 0xff, 0xff, 0xfe, 0x10, 0x2, 0xff,
    0xff, 0xff, 0xf0, 0x5, 0xff, 0xff, 0xf8, 0x0,
    0x9f, 0xff, 0xff, 0xff, 0x0, 0x6, 0xff, 0xff,
    0xe0, 0xe, 0xff, 0xfc, 0xff, 0xf0, 0x16, 0x7,
    0xff, 0xff, 0x21, 0xff, 0xf8, 0x9, 0xff, 0x1,
    0xf6, 0x7, 0xff, 0xf5, 0x4f, 0xff, 0xd1, 0x9,
    0xf0, 0x1f, 0x70, 0x6f, 0xff, 0x86, 0xff, 0xff,
    0xd1, 0x7, 0x1, 0x70, 0x5f, 0xff, 0xf9, 0x7f,
    0xff, 0xff, 0xd1, 0x0, 0x0, 0x3f, 0xff, 0xff,
    0xa7, 0xff, 0xff, 0xff, 0xc1, 0x0, 0x2e, 0xff,
    0xff, 0xfb, 0x7f, 0xff, 0xff, 0xff, 0x30, 0x5,
    0xff, 0xff, 0xff, 0xb7, 0xff, 0xff, 0xff, 0x40,
    0x0, 0x6, 0xff, 0xff, 0xfa, 0x6f, 0xff, 0xff,
    0x40, 0x30, 0x3, 0x7, 0xff, 0xff, 0xa4, 0xff,
    0xff, 0x40, 0x4e, 0x1, 0xe2, 0x8, 0xff, 0xf8,
    0x2f, 0xff, 0x70, 0x4f, 0xf0, 0x1f, 0x90, 0x2f,
    0xff, 0x60, 0xef, 0xff, 0x7f, 0xff, 0x1, 0xb0,
    0x2e, 0xff, 0xf3, 0xa, 0xff, 0xff, 0xff, 0xf0,
    0x0, 0x2e, 0xff, 0xff, 0x0, 0x4f, 0xff, 0xff,
    0xff, 0x0, 0x2e, 0xff, 0xff, 0x90, 0x0, 0xbf,
    0xff, 0xff, 0xf0, 0x2e, 0xff, 0xff, 0xf2, 0x0,
    0x1, 0xdf, 0xff, 0xff, 0x3e, 0xff, 0xff, 0xf7,
    0x0, 0x0, 0x0, 0xaf, 0xff, 0xff, 0xff, 0xff,
    0xf7, 0x0, 0x0, 0x0, 0x0, 0x28, 0xce, 0xff,
    0xec, 0x82, 0x0, 0x0,

    /* U+F2ED "" */
    0x0, 0x0, 0x0, 0x1a, 0xcc, 0xcc, 0xca, 0x10,
    0x0, 0x0, 0x2, 0x44, 0x44, 0x49, 0xff, 0xff,
    0xff, 0xf9, 0x44, 0x44, 0x42, 0xff, 0xff, 0xff,
    0xff, 0xff, 0xff, 0xff, 0xff, 0xff, 0xff, 0xff,
    0xff, 0xff, 0xff, 0xff, 0xff, 0xff, 0xff, 0xff,
    0xff, 0xff, 0x9b, 0xbb, 0xbb, 0xbb, 0xbb, 0xbb,
    0xbb, 0xbb, 0xbb, 0xbb, 0x80, 0x0, 0x0, 0x0,
    0x0, 0x0, 0x0, 0x0, 0x0, 0x0, 0x0, 0x8,
    0xff, 0xff, 0xff, 0xff, 0xff, 0xff, 0xff, 0xff,
    0xf8, 0x0, 0x8f, 0xff, 0xff, 0xff, 0xff, 0xff,
    0xff, 0xff, 0xff, 0x80, 0x8, 0xff, 0xff, 0xff,
    0xff, 0xff, 0xff, 0xff, 0xff, 0xf8, 0x0, 0x8f,
    0xff, 0x66, 0xff, 0xd1, 0xdf, 0xf6, 0x6f, 0xff,
    0x80, 0x8, 0xff, 0xf4, 0x4f, 0xfc, 0xc, 0xff,
    0x44, 0xff, 0xf8, 0x0, 0x8f, 0xff, 0x44, 0xff,
    0xc0, 0xcf, 0xf4, 0x4f, 0xff, 0x80, 0x8, 0xff,
    0xf4, 0x4f, 0xfc, 0xc, 0xff, 0x44, 0xff, 0xf8,
    0x0, 0x8f, 0xff, 0x44, 0xff, 0xc0, 0xcf, 0xf4,
    0x4f, 0xff, 0x80, 0x8, 0xff, 0xf4, 0x4f, 0xfc,
    0xc, 0xff, 0x44, 0xff, 0xf8, 0x0, 0x8f, 0xff,
    0x44, 0xff, 0xc0, 0xcf, 0xf4, 0x4f, 0xff, 0x80,
    0x8, 0xff, 0xf4, 0x4f, 0xfc, 0xc, 0xff, 0x44,
    0xff, 0xf8, 0x0, 0x8f, 0xff, 0x44, 0xff, 0xc0,
    0xcf, 0xf4, 0x4f, 0xff, 0x80, 0x8, 0xff, 0xf4,
    0x4f, 0xfc, 0xc, 0xff, 0x44, 0xff, 0xf8, 0x0,
    0x8f, 0xff, 0x44, 0xff, 0xc0, 0xcf, 0xf4, 0x4f,
    0xff, 0x80, 0x8, 0xff, 0xf6, 0x6f, 0xfd, 0x1d,
    0xff, 0x66, 0xff, 0xf8, 0x0, 0x7f, 0xff, 0xff,
    0xff, 0xff, 0xff, 0xff, 0xff, 0xff, 0x70, 0x5,
    0xff, 0xff, 0xff, 0xff, 0xff, 0xff, 0xff, 0xff,
    0xf5, 0x0, 0x9, 0xff, 0xff, 0xff, 0xff, 0xff,
    0xff, 0xff, 0xf9, 0x0,

    /* U+F304 "" */
    0x0, 0x0, 0x0, 0x0, 0x0, 0x0, 0x0, 0x0,
    0x0, 0x6e, 0xe5, 0x0, 0x0, 0x0, 0x0, 0x0,
    0x0, 0x0, 0x0, 0x0, 0x0, 0x8f, 0xff, 0xf6,
    0x0, 0x0, 0x0, 0x0, 0x0, 0x0, 0x0, 0x0,
    0x0, 0x8f, 0xff, 0xff, 0xf6, 0x0, 0x0, 0x0,
    0x0, 0x0, 0x0, 0x0, 0x0, 0x1f, 0xff, 0xff,
    0xff, 0xf5, 0x0, 0x0, 0x0, 0x0, 0x0, 0x0,
    0x0, 0x50, 0x3f, 0xff, 0xff, 0xff, 0xe0, 0x0,
    0x0, 0x0, 0x0, 0x0, 0x0, 0x8f, 0xb0, 0x3f,
    0xff, 0xff, 0xfe, 0x0, 0x0, 0x0, 0x0, 0x0,
    0x0, 0x8f, 0xff, 0xb0, 0x3f, 0xff, 0xff, 0x60,
    0x0, 0x0, 0x0, 0x0, 0x0, 0x8f, 0xff, 0xff,
    0xb0, 0x3f, 0xff, 0x80, 0x0, 0x0, 0x0, 0x0,
    0x0, 0x8f, 0xff, 0xff, 0xff, 0xb0, 0x3f, 0x80,
    0x0, 0x0, 0x0, 0x0, 0x0, 0x8f, 0xff, 0xff,
    0xff, 0xff, 0xb0, 0x10, 0x0, 0x0, 0x0, 0x0,
    0x0, 0x8f, 0xff, 0xff, 0xff, 0xff, 0xff, 0x50,
    0x0, 0x0, 0x0, 0x0, 0x0, 0x8f, 0xff, 0xff,
    0xff, 0xff, 0xff, 0x80, 0x0, 0x0, 0x0, 0x0,
    0x0, 0x8f, 0xff, 0xff, 0xff, 0xff, 0xff, 0x80,
    0x0, 0x0, 0x0, 0x0, 0x0, 0x8f, 0xff, 0xff,
    0xff, 0xff, 0xff, 0x80, 0x0, 0x0, 0x0, 0x0,
    0x0, 0x8f, 0xff, 0xff, 0xff, 0xff, 0xff, 0x80,
    0x0, 0x0, 0x0, 0x0, 0x0, 0x8f, 0xff, 0xff,
    0xff, 0xff, 0xff, 0x80, 0x0, 0x0, 0x0, 0x0,
    0x0, 0x8f, 0xff, 0xff, 0xff, 0xff, 0xff, 0x80,
    0x0, 0x0, 0x0, 0x0, 0x0, 0x5f, 0xff, 0xff,
    0xff, 0xff, 0xff, 0x80, 0x0, 0x0, 0x0, 0x0,
    0x0, 0x8, 0xff, 0xff, 0xff, 0xff, 0xff, 0x80,
    0x0, 0x0, 0x0, 0x0, 0x0, 0x0, 0xaf, 0xff,
    0xff, 0xff, 0xff, 0x80, 0x0, 0x0, 0x0, 0x0,
    0x0, 0x0, 0xb, 0xff, 0xff, 0xff, 0xff, 0x80,
    0x0, 0x0, 0x0, 0x0, 0x0, 0x0, 0x0, 0xdf,
    0xff, 0xff, 0xff, 0x80, 0x0, 0x0, 0x0, 0x0,
    0x0, 0x0, 0x0, 0xf, 0xff, 0xff, 0xff, 0x80,
    0x0, 0x0, 0x0, 0x0, 0x0, 0x0, 0x0, 0x0,
    0xbf, 0xdb, 0xa8, 0x50, 0x0, 0x0, 0x0, 0x0,
    0x0, 0x0, 0x0, 0x0, 0x0, 0x0, 0x0, 0x0,
    0x0, 0x0, 0x0, 0x0, 0x0, 0x0, 0x0, 0x0,
    0x0,

    /* U+F55A "" */
    0x0, 0x0, 0x0, 0x2, 0xbf, 0xff, 0xff, 0xff,
    0xff, 0xff, 0xff, 0xff, 0xff, 0xfe, 0x80, 0x0,
    0x0, 0x0, 0x3e, 0xff, 0xff, 0xff, 0xff, 0xff,
    0xff, 0xff, 0xff, 0xff, 0xff, 0xf8, 0x0, 0x0,
    0x3, 0xef, 0xff, 0xff, 0xff, 0xff, 0xff, 0xff,
    0xff, 0xff, 0xff, 0xff, 0xfe, 0x0, 0x0, 0x3e,
    0xff, 0xff, 0xff, 0xff, 0xcf, 0xff, 0xff, 0xfc,
    0xff, 0xff, 0xff, 0xff, 0x0, 0x3, 0xef, 0xff,
    0xff, 0xff, 0xf8, 0x6, 0xff, 0xff, 0x60, 0x8f,
    0xff, 0xff, 0xff, 0x0, 0x3e, 0xff, 0xff, 0xff,
    0xff, 0xc0, 0x0, 0x6f, 0xf6, 0x0, 0xc, 0xff,
    0xff, 0xff, 0x3, 0xef, 0xff, 0xff, 0xff, 0xff,
    0xf6, 0x0, 0x6, 0x60, 0x0, 0x6f, 0xff, 0xff,
    0xff, 0x3f, 0xff, 0xff, 0xff, 0xff, 0xff, 0xff,
    0x60, 0x0, 0x0, 0x6, 0xff, 0xff, 0xff, 0xff,
    0xdf, 0xff, 0xff, 0xff, 0xff, 0xff, 0xff, 0xf6,
    0x0, 0x0, 0x6f, 0xff, 0xff, 0xff, 0xff, 0xdf,
    0xff, 0xff, 0xff, 0xff, 0xff, 0xff, 0xf6, 0x0,
    0x0, 0x6f, 0xff, 0xff, 0xff, 0xff, 0x3f, 0xff,
    0xff, 0xff, 0xff, 0xff, 0xff, 0x60, 0x0, 0x0,
    0x6, 0xff, 0xff, 0xff, 0xff, 0x3, 0xff, 0xff,
    0xff, 0xff, 0xff, 0xf6, 0x0, 0x6, 0x60, 0x0,
    0x6f, 0xff, 0xff, 0xff, 0x0, 0x3e, 0xff, 0xff,
    0xff, 0xff, 0xc0, 0x0, 0x6f, 0xf6, 0x0, 0xc,
    0xff, 0xff, 0xff, 0x0, 0x3, 0xef, 0xff, 0xff,
    0xff, 0xf8, 0x6, 0xff, 0xff, 0x60, 0x8f, 0xff,
    0xff, 0xff, 0x0, 0x0, 0x3e, 0xff, 0xff, 0xff,
    0xff, 0xcf, 0xff, 0xff, 0xfc, 0xff, 0xff, 0xff,
    0xff, 0x0, 0x0, 0x3, 0xef, 0xff, 0xff, 0xff,
    0xff, 0xff, 0xff, 0xff, 0xff, 0xff, 0xff, 0xfe,
    0x0, 0x0, 0x0, 0x3e, 0xff, 0xff, 0xff, 0xff,
    0xff, 0xff, 0xff, 0xff, 0xff, 0xff, 0xf8, 0x0,
    0x0, 0x0, 0x2, 0xbf, 0xff, 0xff, 0xff, 0xff,
    0xff, 0xff, 0xff, 0xff, 0xfe, 0x80,

    /* U+F7C2 "" */
    0x0, 0x0, 0x8, 0xff, 0xff, 0xff, 0xff, 0xfe,
    0x80, 0x0, 0x0, 0x8f, 0xff, 0xff, 0xff, 0xff,
    0xff, 0xf8, 0x0, 0x8, 0xff, 0xff, 0xff, 0xff,
    0xff, 0xff, 0xfe, 0x0, 0x8f, 0xf4, 0x8, 0xf0,
    0xe, 0x90, 0xf, 0xff, 0x8, 0xff, 0xf4, 0x8,
    0xf0, 0xe, 0x90, 0xf, 0xff, 0x8f, 0xff, 0xf4,
    0x8, 0xf0, 0xe, 0x90, 0xf, 0xff, 0xff, 0xff,
    0xf4, 0x8, 0xf0, 0xe, 0x90, 0xf, 0xff, 0xff,
    0xff, 0xfa, 0x8c, 0xf8, 0x8f, 0xc8, 0x8f, 0xff,
    0xff, 0xff, 0xff, 0xff, 0xff, 0xff, 0xff, 0xff,
    0xff, 0xff, 0xff, 0xff, 0xff, 0xff, 0xff, 0xff,
    0xff, 0xff, 0xff, 0xff, 0xff, 0xff, 0xff, 0xff,
    0xff, 0xff, 0xff, 0xff, 0xff, 0xff, 0xff, 0xff,
    0xff, 0xff, 0xff, 0xff, 0xff, 0xff, 0xff, 0xff,
    0xff, 0xff, 0xff, 0xff, 0xff, 0xff, 0xff, 0xff,
    0xff, 0xff, 0xff, 0xff, 0xff, 0xff, 0xff, 0xff,
    0xff, 0xff, 0xff, 0xff, 0xff, 0xff, 0xff, 0xff,
    0xff, 0xff, 0xff, 0xff, 0xff, 0xff, 0xff, 0xff,
    0xff, 0xff, 0xff, 0xff, 0xff, 0xff, 0xff, 0xff,
    0xff, 0xff, 0xff, 0xff, 0xff, 0xff, 0xff, 0xff,
    0xff, 0xff, 0xff, 0xff, 0xff, 0xff, 0xff, 0xff,
    0xff, 0xff, 0xff, 0xff, 0xff, 0xff, 0xff, 0xff,
    0xff, 0xff, 0xff, 0xff, 0xff, 0xff, 0xff, 0xff,
    0xff, 0xff, 0xff, 0xff, 0xff, 0xef, 0xff, 0xff,
    0xff, 0xff, 0xff, 0xff, 0xff, 0xfe, 0x8f, 0xff,
    0xff, 0xff, 0xff, 0xff, 0xff, 0xff, 0xf8, 0x8,
    0xef, 0xff, 0xff, 0xff, 0xff, 0xff, 0xfe, 0x80,

    /* U+F8A2 "" */
    0x0, 0x0, 0x0, 0x0, 0x0, 0x0, 0x0, 0x0,
    0x0, 0x0, 0x0, 0x2, 0x0, 0x0, 0x0, 0x0,
    0x0, 0x0, 0x0, 0x0, 0x0, 0x0, 0x0, 0x7,
    0xf1, 0x0, 0x0, 0x0, 0x0, 0x0, 0x0, 0x0,
    0x0, 0x0, 0x0, 0x7, 0xff, 0x10, 0x0, 0x0,
    0x3, 0x0, 0x0, 0x0, 0x0, 0x0, 0x0, 0x6,
    0xff, 0xf1, 0x0, 0x0, 0x1c, 0xf7, 0x0, 0x0,
    0x0, 0x0, 0x0, 0x0, 0xaf, 0xff, 0x10, 0x0,
    0x1d, 0xff, 0x90, 0x0, 0x0, 0x0, 0x0, 0x0,
    0xa, 0xff, 0xf1, 0x0, 0x2d, 0xff, 0xf9, 0x0,
    0x0, 0x0, 0x0, 0x0, 0x0, 0xaf, 0xff, 0x10,
    0x2e, 0xff, 0xff, 0xa2, 0x22, 0x22, 0x22, 0x22,
    0x22, 0x2b, 0xff, 0xf1, 0x3e, 0xff, 0xff, 0xff,
    0xff, 0xff, 0xff, 0xff, 0xff, 0xff, 0xff, 0xff,
    0x1d, 0xff, 0xff, 0xff, 0xff, 0xff, 0xff, 0xff,
    0xff, 0xff, 0xff, 0xff, 0xf1, 0x8f, 0xff, 0xff,
    0xff, 0xff, 0xff, 0xff, 0xff, 0xff, 0xff, 0xff,
    0xff, 0x0, 0x8f, 0xff, 0xff, 0xd9, 0x99, 0x99,
    0x99, 0x99, 0x99, 0x99, 0x99, 0x60, 0x0, 0x7f,
    0xff, 0xf9, 0x0, 0x0, 0x0, 0x0, 0x0, 0x0,
    0x0, 0x0, 0x0, 0x0, 0x6f, 0xff, 0x90, 0x0,
    0x0, 0x0, 0x0, 0x0, 0x0, 0x0, 0x0, 0x0,
    0x0, 0x5f, 0xf8, 0x0, 0x0, 0x0, 0x0, 0x0,
    0x0, 0x0, 0x0, 0x0, 0x0, 0x0, 0x4a, 0x20,
    0x0, 0x0, 0x0, 0x0, 0x0, 0x0, 0x0, 0x0
};


/*---------------------
 *  GLYPH DESCRIPTION
 *--------------------*/

static const lv_font_fmt_txt_glyph_dsc_t glyph_dsc[] = {
    {.bitmap_index = 0, .adv_w = 0, .box_w = 0, .box_h = 0, .ofs_x = 0, .ofs_y = 0} /* id = 0 reserved */,
    {.bitmap_index = 0, .adv_w = 74, .box_w = 0, .box_h = 0, .ofs_x = 0, .ofs_y = 0},
    {.bitmap_index = 0, .adv_w = 113, .box_w = 5, .box_h = 18, .ofs_x = 1, .ofs_y = 0},
    {.bitmap_index = 45, .adv_w = 172, .box_w = 9, .box_h = 8, .ofs_x = 1, .ofs_y = 11},
    {.bitmap_index = 81, .adv_w = 279, .box_w = 17, .box_h = 18, .ofs_x = 0, .ofs_y = 0},
    {.bitmap_index = 234, .adv_w = 245, .box_w = 15, .box_h = 24, .ofs_x = 0, .ofs_y = -3},
    {.bitmap_index = 414, .adv_w = 302, .box_w = 19, .box_h = 18, .ofs_x = 0, .ofs_y = 0},
    {.bitmap_index = 585, .adv_w = 295, .box_w = 19, .box_h = 18, .ofs_x = 0, .ofs_y = 0},
    {.bitmap_index = 756, .adv_w = 98, .box_w = 4, .box_h = 8, .ofs_x = 1, .ofs_y = 11},
    {.bitmap_index = 772, .adv_w = 169, .box_w = 9, .box_h = 22, .ofs_x = 1, .ofs_y = -3},
    {.bitmap_index = 871, .adv_w = 169, .box_w = 8, .box_h = 22, .ofs_x = 1, .ofs_y = -3},
    {.bitmap_index = 959, .adv_w = 165, .box_w = 9, .box_h = 9, .ofs_x = 1, .ofs_y = 9},
    {.bitmap_index = 1000, .adv_w = 209, .box_w = 11, .box_h = 12, .ofs_x = 1, .ofs_y = 3},
    {.bitmap_index = 1066, .adv_w = 106, .box_w = 5, .box_h = 8, .ofs_x = 1, .ofs_y = -4},
    {.bitmap_index = 1086, .adv_w = 189, .box_w = 10, .box_h = 3, .ofs_x = 1, .ofs_y = 5},
    {.bitmap_index = 1101, .adv_w = 106, .box_w = 5, .box_h = 4, .ofs_x = 1, .ofs_y = 0},
    {.bitmap_index = 1111, .adv_w = 170, .box_w = 10, .box_h = 21, .ofs_x = 0, .ofs_y = -2},
    {.bitmap_index = 1216, .adv_w = 260, .box_w = 16, .box_h = 18, .ofs_x = 0, .ofs_y = 0},
    {.bitmap_index = 1360, .adv_w = 149, .box_w = 8, .box_h = 18, .ofs_x = 0, .ofs_y = 0},
    {.bitmap_index = 1432, .adv_w = 214, .box_w = 13, .box_h = 18, .ofs_x = 0, .ofs_y = 0},
    {.bitmap_index = 1549, .adv_w = 222, .box_w = 14, .box_h = 18, .ofs_x = 0, .ofs_y = 0},
    {.bitmap_index = 1675, .adv_w = 236, .box_w = 15, .box_h = 18, .ofs_x = 0, .ofs_y = 0},
    {.bitmap_index = 1810, .adv_w = 223, .box_w = 14, .box_h = 18, .ofs_x = 0, .ofs_y = 0},
    {.bitmap_index = 1936, .adv_w = 236, .box_w = 15, .box_h = 18, .ofs_x = 0, .ofs_y = 0},
    {.bitmap_index = 2071, .adv_w = 215, .box_w = 13, .box_h = 18, .ofs_x = 0, .ofs_y = 0},
    {.bitmap_index = 2188, .adv_w = 230, .box_w = 14, .box_h = 18, .ofs_x = 0, .ofs_y = 0},
    {.bitmap_index = 2314, .adv_w = 238, .box_w = 14, .box_h = 18, .ofs_x = 0, .ofs_y = 0},
    {.bitmap_index = 2440, .adv_w = 106, .box_w = 5, .box_h = 12, .ofs_x = 1, .ofs_y = 0},
    {.bitmap_index = 2470, .adv_w = 106, .box_w = 5, .box_h = 16, .ofs_x = 1, .ofs_y = -4},
    {.bitmap_index = 2510, .adv_w = 209, .box_w = 11, .box_h = 11, .ofs_x = 1, .ofs_y = 4},
    {.bitmap_index = 2571, .adv_w = 209, .box_w = 11, .box_h = 8, .ofs_x = 1, .ofs_y = 5},
    {.bitmap_index = 2615, .adv_w = 209, .box_w = 11, .box_h = 11, .ofs_x = 1, .ofs_y = 4},
    {.bitmap_index = 2676, .adv_w = 223, .box_w = 14, .box_h = 19, .ofs_x = 0, .ofs_y = 0},
    {.bitmap_index = 2809, .adv_w = 333, .box_w = 20, .box_h = 18, .ofs_x = 0, .ofs_y = 0},
    {.bitmap_index = 2989, .adv_w = 281, .box_w = 17, .box_h = 18, .ofs_x = 0, .ofs_y = 0},
    {.bitmap_index = 3142, .adv_w = 248, .box_w = 14, .box_h = 18, .ofs_x = 1, .ofs_y = 0},
    {.bitmap_index = 3268, .adv_w = 287, .box_w = 18, .box_h = 18, .ofs_x = 0, .ofs_y = 0},
    {.bitmap_index = 3430, .adv_w = 290, .box_w = 17, .box_h = 18, .ofs_x = 1, .ofs_y = 0},
    {.bitmap_index = 3583, .adv_w = 242, .box_w = 13, .box_h = 18, .ofs_x = 1, .ofs_y = 0},
    {.bitmap_index = 3700, .adv_w = 228, .box_w = 13, .box_h = 18, .ofs_x = 1, .ofs_y = 0},
    {.bitmap_index = 3817, .adv_w = 293, .box_w = 18, .box_h = 18, .ofs_x = 0, .ofs_y = 0},
    {.bitmap_index = 3979, .adv_w = 278, .box_w = 15, .box_h = 18, .ofs_x = 1, .ofs_y = 0},
    {.bitmap_index = 4114, .adv_w = 98, .box_w = 4, .box_h = 18, .ofs_x = 1, .ofs_y = 0},
    {.bitmap_index = 4150, .adv_w = 164, .box_w = 9, .box_h = 18, .ofs_x = 0, .ofs_y = 0},
    {.bitmap_index = 4231, .adv_w = 273, .box_w = 16, .box_h = 18, .ofs_x = 1, .ofs_y = 0},
    {.bitmap_index = 4375, .adv_w = 226, .box_w = 13, .box_h = 18, .ofs_x = 1, .ofs_y = 0},
    {.bitmap_index = 4492, .adv_w = 345, .box_w = 20, .box_h = 18, .ofs_x = 1, .ofs_y = 0},
    {.bitmap_index = 4672, .adv_w = 278, .box_w = 15, .box_h = 18, .ofs_x = 1, .ofs_y = 0},
    {.bitmap_index = 4807, .adv_w = 305, .box_w = 19, .box_h = 18, .ofs_x = 0, .ofs_y = 0},
    {.bitmap_index = 4978, .adv_w = 256, .box_w = 15, .box_h = 18, .ofs_x = 1, .ofs_y = 0},
    {.bitmap_index = 5113, .adv_w = 310, .box_w = 19, .box_h = 18, .ofs_x = 0, .ofs_y = 0},
    {.bitmap_index = 5284, .adv_w = 255, .box_w = 15, .box_h = 18, .ofs_x = 1, .ofs_y = 0},
    {.bitmap_index = 5419, .adv_w = 245, .box_w = 15, .box_h = 18, .ofs_x = 0, .ofs_y = 0},
    {.bitmap_index = 5554, .adv_w = 255, .box_w = 16, .box_h = 18, .ofs_x = 0, .ofs_y = 0},
    {.bitmap_index = 5698, .adv_w = 270, .box_w = 15, .box_h = 18, .ofs_x = 1, .ofs_y = 0},
    {.bitmap_index = 5833, .adv_w = 281, .box_w = 17, .box_h = 18, .ofs_x = 0, .ofs_y = 0},
    {.bitmap_index = 5986, .adv_w = 417, .box_w = 26, .box_h = 18, .ofs_x = 0, .ofs_y = 0},
    {.bitmap_index = 6220, .adv_w = 271, .box_w = 17, .box_h = 18, .ofs_x = 0, .ofs_y = 0},
    {.bitmap_index = 6373, .adv_w = 269, .box_w = 17, .box_h = 18, .ofs_x = 0, .ofs_y = 0},
    {.bitmap_index = 6526, .adv_w = 242, .box_w = 14, .box_h = 18, .ofs_x = 1, .ofs_y = 0},
    {.bitmap_index = 6652, .adv_w = 169, .box_w = 9, .box_h = 22, .ofs_x = 1, .ofs_y = -3},
    {.bitmap_index = 6751, .adv_w = 170, .box_w = 10, .box_h = 21, .ofs_x = 0, .ofs_y = -2},
    {.bitmap_index = 6856, .adv_w = 169, .box_w = 8, .box_h = 22, .ofs_x = 1, .ofs_y = -3},
    {.bitmap_index = 6944, .adv_w = 209, .box_w = 11, .box_h = 6, .ofs_x = 1, .ofs_y = 12},
    {.bitmap_index = 6977, .adv_w = 179, .box_w = 12, .box_h = 3, .ofs_x = 0, .ofs_y = -4},
    {.bitmap_index = 6995, .adv_w = 136, .box_w = 8, .box_h = 4, .ofs_x = 1, .ofs_y = 15},
    {.bitmap_index = 7011, .adv_w = 214, .box_w = 13, .box_h = 13, .ofs_x = 0, .ofs_y = 0},
    {.bitmap_index = 7096, .adv_w = 238, .box_w = 14, .box_h = 18, .ofs_x = 1, .ofs_y = 0},
    {.bitmap_index = 7222, .adv_w = 212, .box_w = 13, .box_h = 13, .ofs_x = 0, .ofs_y = 0},
    {.bitmap_index = 7307, .adv_w = 238, .box_w = 14, .box_h = 18, .ofs_x = 0, .ofs_y = 0},
    {.bitmap_index = 7433, .adv_w = 219, .box_w = 14, .box_h = 13, .ofs_x = 0, .ofs_y = 0},
    {.bitmap_index = 7524, .adv_w = 142, .box_w = 9, .box_h = 18, .ofs_x = 0, .ofs_y = 0},
    {.bitmap_index = 7605, .adv_w = 238, .box_w = 14, .box_h = 18, .ofs_x = 0, .ofs_y = -5},
    {.bitmap_index = 7731, .adv_w = 235, .box_w = 13, .box_h = 18, .ofs_x = 1, .ofs_y = 0},
    {.bitmap_index = 7848, .adv_w = 100, .box_w = 4, .box_h = 18, .ofs_x = 1, .ofs_y = 0},
    {.bitmap_index = 7884, .adv_w = 100, .box_w = 6, .box_h = 23, .ofs_x = -1, .ofs_y = -5},
    {.bitmap_index = 7953, .adv_w = 214, .box_w = 13, .box_h = 18, .ofs_x = 1, .ofs_y = 0},
    {.bitmap_index = 8070, .adv_w = 100, .box_w = 4, .box_h = 18, .ofs_x = 1, .ofs_y = 0},
    {.bitmap_index = 8106, .adv_w = 361, .box_w = 21, .box_h = 13, .ofs_x = 1, .ofs_y = 0},
    {.bitmap_index = 8243, .adv_w = 235, .box_w = 13, .box_h = 13, .ofs_x = 1, .ofs_y = 0},
    {.bitmap_index = 8328, .adv_w = 229, .box_w = 14, .box_h = 13, .ofs_x = 0, .ofs_y = 0},
    {.bitmap_index = 8419, .adv_w = 238, .box_w = 14, .box_h = 18, .ofs_x = 1, .ofs_y = -5},
    {.bitmap_index = 8545, .adv_w = 238, .box_w = 14, .box_h = 18, .ofs_x = 0, .ofs_y = -5},
    {.bitmap_index = 8671, .adv_w = 150, .box_w = 8, .box_h = 13, .ofs_x = 1, .ofs_y = 0},
    {.bitmap_index = 8723, .adv_w = 190, .box_w = 12, .box_h = 13, .ofs_x = 0, .ofs_y = 0},
    {.bitmap_index = 8801, .adv_w = 156, .box_w = 10, .box_h = 18, .ofs_x = 0, .ofs_y = 0},
    {.bitmap_index = 8891, .adv_w = 232, .box_w = 12, .box_h = 13, .ofs_x = 1, .ofs_y = 0},
    {.bitmap_index = 8969, .adv_w = 206, .box_w = 13, .box_h = 13, .ofs_x = 0, .ofs_y = 0},
    {.bitmap_index = 9054, .adv_w = 307, .box_w = 19, .box_h = 13, .ofs_x = 0, .ofs_y = 0},
    {.bitmap_index = 9178, .adv_w = 225, .box_w = 14, .box_h = 13, .ofs_x = 0, .ofs_y = 0},
    {.bitmap_index = 9269, .adv_w = 206, .box_w = 13, .box_h = 18, .ofs_x = 0, .ofs_y = -5},
    {.bitmap_index = 9386, .adv_w = 197, .box_w = 11, .box_h = 13, .ofs_x = 1, .ofs_y = 0},
    {.bitmap_index = 9458, .adv_w = 169, .box_w = 10, .box_h = 22, .ofs_x = 0, .ofs_y = -3},
    {.bitmap_index = 9568, .adv_w = 90, .box_w = 4, .box_h = 23, .ofs_x = 1, .ofs_y = -3},
    {.bitmap_index = 9614, .adv_w = 169, .box_w = 9, .box_h = 22, .ofs_x = 1, .ofs_y = -3},
    {.bitmap_index = 9713, .adv_w = 209, .box_w = 14, .box_h = 4, .ofs_x = 0, .ofs_y = 7},
    {.bitmap_index = 9741, .adv_w = 74, .box_w = 0, .box_h = 0, .ofs_x = 0, .ofs_y = 0},
    {.bitmap_index = 9741, .adv_w = 113, .box_w = 5, .box_h = 18, .ofs_x = 1, .ofs_y = -5},
    {.bitmap_index = 9786, .adv_w = 212, .box_w = 13, .box_h = 19, .ofs_x = 0, .ofs_y = -3},
    {.bitmap_index = 9910, .adv_w = 230, .box_w = 14, .box_h = 18, .ofs_x = 0, .ofs_y = 0},
    {.bitmap_index = 10036, .adv_w = 246, .box_w = 15, .box_h = 18, .ofs_x = 0, .ofs_y = 0},
    {.bitmap_index = 10171, .adv_w = 199, .box_w = 12, .box_h = 19, .ofs_x = 0, .ofs_y = -1},
    {.bitmap_index = 10285, .adv_w = 187, .box_w = 10, .box_h = 4, .ofs_x = 1, .ofs_y = 15},
    {.bitmap_index = 10305, .adv_w = 316, .box_w = 19, .box_h = 20, .ofs_x = 0, .ofs_y = -1},
    {.bitmap_index = 10495, .adv_w = 144, .box_w = 8, .box_h = 9, .ofs_x = 0, .ofs_y = 9},
    {.bitmap_index = 10531, .adv_w = 210, .box_w = 11, .box_h = 10, .ofs_x = 1, .ofs_y = 2},
    {.bitmap_index = 10586, .adv_w = 316, .box_w = 19, .box_h = 20, .ofs_x = 0, .ofs_y = -1},
    {.bitmap_index = 10776, .adv_w = 158, .box_w = 10, .box_h = 3, .ofs_x = 1, .ofs_y = 16},
    {.bitmap_index = 10791, .adv_w = 143, .box_w = 7, .box_h = 7, .ofs_x = 1, .ofs_y = 11},
    {.bitmap_index = 10816, .adv_w = 136, .box_w = 8, .box_h = 4, .ofs_x = 1, .ofs_y = 15},
    {.bitmap_index = 10832, .adv_w = 255, .box_w = 15, .box_h = 22, .ofs_x = 0, .ofs_y = -4},
    {.bitmap_index = 10997, .adv_w = 55, .box_w = 4, .box_h = 4, .ofs_x = 0, .ofs_y = 8},
    {.bitmap_index = 11005, .adv_w = 116, .box_w = 7, .box_h = 6, .ofs_x = 1, .ofs_y = -5},
    {.bitmap_index = 11026, .adv_w = 158, .box_w = 9, .box_h = 9, .ofs_x = 0, .ofs_y = 9},
    {.bitmap_index = 11067, .adv_w = 210, .box_w = 11, .box_h = 10, .ofs_x = 1, .ofs_y = 2},
    {.bitmap_index = 11122, .adv_w = 223, .box_w = 14, .box_h = 18, .ofs_x = 0, .ofs_y = -5},
    {.bitmap_index = 11248, .adv_w = 281, .box_w = 17, .box_h = 24, .ofs_x = 0, .ofs_y = 0},
    {.bitmap_index = 11452, .adv_w = 281, .box_w = 17, .box_h = 24, .ofs_x = 0, .ofs_y = 0},
    {.bitmap_index = 11656, .adv_w = 281, .box_w = 17, .box_h = 24, .ofs_x = 0, .ofs_y = 0},
    {.bitmap_index = 11860, .adv_w = 281, .box_w = 17, .box_h = 24, .ofs_x = 0, .ofs_y = 0},
    {.bitmap_index = 12064, .adv_w = 281, .box_w = 17, .box_h = 24, .ofs_x = 0, .ofs_y = 0},
    {.bitmap_index = 12268, .adv_w = 281, .box_w = 17, .box_h = 25, .ofs_x = 0, .ofs_y = 0},
    {.bitmap_index = 12481, .adv_w = 371, .box_w = 23, .box_h = 18, .ofs_x = 0, .ofs_y = 0},
    {.bitmap_index = 12688, .adv_w = 287, .box_w = 18, .box_h = 23, .ofs_x = 0, .ofs_y = -5},
    {.bitmap_index = 12895, .adv_w = 242, .box_w = 13, .box_h = 24, .ofs_x = 1, .ofs_y = 0},
    {.bitmap_index = 13051, .adv_w = 242, .box_w = 13, .box_h = 24, .ofs_x = 1, .ofs_y = 0},
    {.bitmap_index = 13207, .adv_w = 242, .box_w = 13, .box_h = 24, .ofs_x = 1, .ofs_y = 0},
    {.bitmap_index = 13363, .adv_w = 242, .box_w = 13, .box_h = 24, .ofs_x = 1, .ofs_y = 0},
    {.bitmap_index = 13519, .adv_w = 98, .box_w = 8, .box_h = 24, .ofs_x = -2, .ofs_y = 0},
    {.bitmap_index = 13615, .adv_w = 98, .box_w = 8, .box_h = 24, .ofs_x = 0, .ofs_y = 0},
    {.bitmap_index = 13711, .adv_w = 98, .box_w = 10, .box_h = 24, .ofs_x = -2, .ofs_y = 0},
    {.bitmap_index = 13831, .adv_w = 98, .box_w = 10, .box_h = 24, .ofs_x = -2, .ofs_y = 0},
    {.bitmap_index = 13951, .adv_w = 294, .box_w = 18, .box_h = 18, .ofs_x = 0, .ofs_y = 0},
    {.bitmap_index = 14113, .adv_w = 278, .box_w = 15, .box_h = 24, .ofs_x = 1, .ofs_y = 0},
    {.bitmap_index = 14293, .adv_w = 305, .box_w = 19, .box_h = 24, .ofs_x = 0, .ofs_y = 0},
    {.bitmap_index = 14521, .adv_w = 305, .box_w = 19, .box_h = 24, .ofs_x = 0, .ofs_y = 0},
    {.bitmap_index = 14749, .adv_w = 305, .box_w = 19, .box_h = 24, .ofs_x = 0, .ofs_y = 0},
    {.bitmap_index = 14977, .adv_w = 305, .box_w = 19, .box_h = 24, .ofs_x = 0, .ofs_y = 0},
    {.bitmap_index = 15205, .adv_w = 305, .box_w = 19, .box_h = 24, .ofs_x = 0, .ofs_y = 0},
    {.bitmap_index = 15433, .adv_w = 209, .box_w = 11, .box_h = 12, .ofs_x = 1, .ofs_y = 3},
    {.bitmap_index = 15499, .adv_w = 305, .box_w = 19, .box_h = 19, .ofs_x = 0, .ofs_y = -1},
    {.bitmap_index = 15680, .adv_w = 270, .box_w = 15, .box_h = 24, .ofs_x = 1, .ofs_y = 0},
    {.bitmap_index = 15860, .adv_w = 270, .box_w = 15, .box_h = 24, .ofs_x = 1, .ofs_y = 0},
    {.bitmap_index = 16040, .adv_w = 270, .box_w = 15, .box_h = 24, .ofs_x = 1, .ofs_y = 0},
    {.bitmap_index = 16220, .adv_w = 270, .box_w = 15, .box_h = 24, .ofs_x = 1, .ofs_y = 0},
    {.bitmap_index = 16400, .adv_w = 269, .box_w = 17, .box_h = 24, .ofs_x = 0, .ofs_y = 0},
    {.bitmap_index = 16604, .adv_w = 255, .box_w = 15, .box_h = 18, .ofs_x = 1, .ofs_y = 0},
    {.bitmap_index = 16739, .adv_w = 242, .box_w = 14, .box_h = 18, .ofs_x = 1, .ofs_y = 0},
    {.bitmap_index = 16865, .adv_w = 214, .box_w = 13, .box_h = 18, .ofs_x = 0, .ofs_y = 0},
    {.bitmap_index = 16982, .adv_w = 214, .box_w = 13, .box_h = 18, .ofs_x = 0, .ofs_y = 0},
    {.bitmap_index = 17099, .adv_w = 214, .box_w = 13, .box_h = 18, .ofs_x = 0, .ofs_y = 0},
    {.bitmap_index = 17216, .adv_w = 214, .box_w = 13, .box_h = 18, .ofs_x = 0, .ofs_y = 0},
    {.bitmap_index = 17333, .adv_w = 214, .box_w = 13, .box_h = 18, .ofs_x = 0, .ofs_y = 0},
    {.bitmap_index = 17450, .adv_w = 214, .box_w = 13, .box_h = 20, .ofs_x = 0, .ofs_y = 0},
    {.bitmap_index = 17580, .adv_w = 338, .box_w = 21, .box_h = 13, .ofs_x = 0, .ofs_y = 0},
    {.bitmap_index = 17717, .adv_w = 212, .box_w = 13, .box_h = 18, .ofs_x = 0, .ofs_y = -5},
    {.bitmap_index = 17834, .adv_w = 219, .box_w = 14, .box_h = 18, .ofs_x = 0, .ofs_y = 0},
    {.bitmap_index = 17960, .adv_w = 219, .box_w = 14, .box_h = 18, .ofs_x = 0, .ofs_y = 0},
    {.bitmap_index = 18086, .adv_w = 219, .box_w = 14, .box_h = 18, .ofs_x = 0, .ofs_y = 0},
    {.bitmap_index = 18212, .adv_w = 219, .box_w = 14, .box_h = 18, .ofs_x = 0, .ofs_y = 0},
    {.bitmap_index = 18338, .adv_w = 100, .box_w = 8, .box_h = 18, .ofs_x = -2, .ofs_y = 0},
    {.bitmap_index = 18410, .adv_w = 100, .box_w = 8, .box_h = 18, .ofs_x = 0, .ofs_y = 0},
    {.bitmap_index = 18482, .adv_w = 100, .box_w = 10, .box_h = 18, .ofs_x = -2, .ofs_y = 0},
    {.bitmap_index = 18572, .adv_w = 100, .box_w = 10, .box_h = 18, .ofs_x = -2, .ofs_y = 0},
    {.bitmap_index = 18662, .adv_w = 233, .box_w = 14, .box_h = 19, .ofs_x = 0, .ofs_y = 0},
    {.bitmap_index = 18795, .adv_w = 235, .box_w = 13, .box_h = 18, .ofs_x = 1, .ofs_y = 0},
    {.bitmap_index = 18912, .adv_w = 229, .box_w = 14, .box_h = 18, .ofs_x = 0, .ofs_y = 0},
    {.bitmap_index = 19038, .adv_w = 229, .box_w = 14, .box_h = 18, .ofs_x = 0, .ofs_y = 0},
    {.bitmap_index = 19164, .adv_w = 229, .box_w = 14, .box_h = 18, .ofs_x = 0, .ofs_y = 0},
    {.bitmap_index = 19290, .adv_w = 229, .box_w = 14, .box_h = 18, .ofs_x = 0, .ofs_y = 0},
    {.bitmap_index = 19416, .adv_w = 229, .box_w = 14, .box_h = 18, .ofs_x = 0, .ofs_y = 0},
    {.bitmap_index = 19542, .adv_w = 209, .box_w = 11, .box_h = 13, .ofs_x = 1, .ofs_y = 3},
    {.bitmap_index = 19614, .adv_w = 229, .box_w = 14, .box_h = 15, .ofs_x = 0, .ofs_y = -1},
    {.bitmap_index = 19719, .adv_w = 232, .box_w = 12, .box_h = 18, .ofs_x = 1, .ofs_y = 0},
    {.bitmap_index = 19827, .adv_w = 232, .box_w = 12, .box_h = 18, .ofs_x = 1, .ofs_y = 0},
    {.bitmap_index = 19935, .adv_w = 232, .box_w = 12, .box_h = 18, .ofs_x = 1, .ofs_y = 0},
    {.bitmap_index = 20043, .adv_w = 232, .box_w = 12, .box_h = 18, .ofs_x = 1, .ofs_y = 0},
    {.bitmap_index = 20151, .adv_w = 206, .box_w = 13, .box_h = 23, .ofs_x = 0, .ofs_y = -5},
    {.bitmap_index = 20301, .adv_w = 238, .box_w = 14, .box_h = 23, .ofs_x = 1, .ofs_y = -5},
    {.bitmap_index = 20462, .adv_w = 206, .box_w = 13, .box_h = 23, .ofs_x = 0, .ofs_y = -5},
    {.bitmap_index = 20612, .adv_w = 281, .box_w = 17, .box_h = 24, .ofs_x = 0, .ofs_y = 0},
    {.bitmap_index = 20816, .adv_w = 214, .box_w = 13, .box_h = 18, .ofs_x = 0, .ofs_y = 0},
    {.bitmap_index = 20933, .adv_w = 281, .box_w = 17, .box_h = 24, .ofs_x = 0, .ofs_y = 0},
    {.bitmap_index = 21137, .adv_w = 214, .box_w = 13, .box_h = 18, .ofs_x = 0, .ofs_y = 0},
    {.bitmap_index = 21254, .adv_w = 281, .box_w = 18, .box_h = 23, .ofs_x = 0, .ofs_y = -5},
    {.bitmap_index = 21461, .adv_w = 214, .box_w = 13, .box_h = 18, .ofs_x = 0, .ofs_y = -5},
    {.bitmap_index = 21578, .adv_w = 287, .box_w = 18, .box_h = 24, .ofs_x = 0, .ofs_y = 0},
    {.bitmap_index = 21794, .adv_w = 212, .box_w = 13, .box_h = 18, .ofs_x = 0, .ofs_y = 0},
    {.bitmap_index = 21911, .adv_w = 287, .box_w = 18, .box_h = 24, .ofs_x = 0, .ofs_y = 0},
    {.bitmap_index = 22127, .adv_w = 212, .box_w = 13, .box_h = 18, .ofs_x = 0, .ofs_y = 0},
    {.bitmap_index = 22244, .adv_w = 287, .box_w = 18, .box_h = 24, .ofs_x = 0, .ofs_y = 0},
    {.bitmap_index = 22460, .adv_w = 212, .box_w = 13, .box_h = 18, .ofs_x = 0, .ofs_y = 0},
    {.bitmap_index = 22577, .adv_w = 290, .box_w = 17, .box_h = 24, .ofs_x = 1, .ofs_y = 0},
    {.bitmap_index = 22781, .adv_w = 269, .box_w = 18, .box_h = 18, .ofs_x = 0, .ofs_y = 0},
    {.bitmap_index = 22943, .adv_w = 294, .box_w = 18, .box_h = 18, .ofs_x = 0, .ofs_y = 0},
    {.bitmap_index = 23105, .adv_w = 238, .box_w = 15, .box_h = 18, .ofs_x = 0, .ofs_y = 0},
    {.bitmap_index = 23240, .adv_w = 242, .box_w = 13, .box_h = 24, .ofs_x = 1, .ofs_y = 0},
    {.bitmap_index = 23396, .adv_w = 219, .box_w = 14, .box_h = 18, .ofs_x = 0, .ofs_y = 0},
    {.bitmap_index = 23522, .adv_w = 242, .box_w = 13, .box_h = 24, .ofs_x = 1, .ofs_y = 0},
    {.bitmap_index = 23678, .adv_w = 219, .box_w = 14, .box_h = 18, .ofs_x = 0, .ofs_y = 0},
    {.bitmap_index = 23804, .adv_w = 242, .box_w = 13, .box_h = 23, .ofs_x = 1, .ofs_y = -5},
    {.bitmap_index = 23954, .adv_w = 219, .box_w = 14, .box_h = 18, .ofs_x = 0, .ofs_y = -5},
    {.bitmap_index = 24080, .adv_w = 242, .box_w = 13, .box_h = 24, .ofs_x = 1, .ofs_y = 0},
    {.bitmap_index = 24236, .adv_w = 219, .box_w = 14, .box_h = 18, .ofs_x = 0, .ofs_y = 0},
    {.bitmap_index = 24362, .adv_w = 293, .box_w = 18, .box_h = 24, .ofs_x = 0, .ofs_y = 0},
    {.bitmap_index = 24578, .adv_w = 238, .box_w = 14, .box_h = 23, .ofs_x = 0, .ofs_y = -5},
    {.bitmap_index = 24739, .adv_w = 293, .box_w = 18, .box_h = 24, .ofs_x = 0, .ofs_y = 0},
    {.bitmap_index = 24955, .adv_w = 238, .box_w = 14, .box_h = 23, .ofs_x = 0, .ofs_y = -5},
    {.bitmap_index = 25116, .adv_w = 293, .box_w = 18, .box_h = 27, .ofs_x = 0, .ofs_y = -9},
    {.bitmap_index = 25359, .adv_w = 238, .box_w = 14, .box_h = 27, .ofs_x = 0, .ofs_y = -5},
    {.bitmap_index = 25548, .adv_w = 287, .box_w = 18, .box_h = 18, .ofs_x = 0, .ofs_y = 0},
    {.bitmap_index = 25710, .adv_w = 235, .box_w = 14, .box_h = 18, .ofs_x = 0, .ofs_y = 0},
    {.bitmap_index = 25836, .adv_w = 98, .box_w = 10, .box_h = 24, .ofs_x = -2, .ofs_y = 0},
    {.bitmap_index = 25956, .adv_w = 100, .box_w = 10, .box_h = 18, .ofs_x = -2, .ofs_y = 0},
    {.bitmap_index = 26046, .adv_w = 98, .box_w = 6, .box_h = 23, .ofs_x = -1, .ofs_y = -5},
    {.bitmap_index = 26115, .adv_w = 100, .box_w = 5, .box_h = 23, .ofs_x = 0, .ofs_y = -5},
    {.bitmap_index = 26173, .adv_w = 98, .box_w = 4, .box_h = 24, .ofs_x = 1, .ofs_y = 0},
    {.bitmap_index = 26221, .adv_w = 100, .box_w = 4, .box_h = 13, .ofs_x = 1, .ofs_y = 0},
    {.bitmap_index = 26247, .adv_w = 262, .box_w = 14, .box_h = 18, .ofs_x = 1, .ofs_y = 0},
    {.bitmap_index = 26373, .adv_w = 196, .box_w = 10, .box_h = 23, .ofs_x = 1, .ofs_y = -5},
    {.bitmap_index = 26488, .adv_w = 273, .box_w = 16, .box_h = 27, .ofs_x = 1, .ofs_y = -9},
    {.bitmap_index = 26704, .adv_w = 214, .box_w = 13, .box_h = 27, .ofs_x = 1, .ofs_y = -9},
    {.bitmap_index = 26880, .adv_w = 226, .box_w = 14, .box_h = 24, .ofs_x = 0, .ofs_y = 0},
    {.bitmap_index = 27048, .adv_w = 100, .box_w = 8, .box_h = 24, .ofs_x = 0, .ofs_y = 0},
    {.bitmap_index = 27144, .adv_w = 226, .box_w = 13, .box_h = 27, .ofs_x = 1, .ofs_y = -9},
    {.bitmap_index = 27320, .adv_w = 100, .box_w = 4, .box_h = 27, .ofs_x = 1, .ofs_y = -9},
    {.bitmap_index = 27374, .adv_w = 226, .box_w = 13, .box_h = 18, .ofs_x = 1, .ofs_y = 0},
    {.bitmap_index = 27491, .adv_w = 131, .box_w = 8, .box_h = 18, .ofs_x = 1, .ofs_y = 0},
    {.bitmap_index = 27563, .adv_w = 228, .box_w = 14, .box_h = 18, .ofs_x = 0, .ofs_y = 0},
    {.bitmap_index = 27689, .adv_w = 113, .box_w = 7, .box_h = 18, .ofs_x = 0, .ofs_y = 0},
    {.bitmap_index = 27752, .adv_w = 278, .box_w = 15, .box_h = 24, .ofs_x = 1, .ofs_y = 0},
    {.bitmap_index = 27932, .adv_w = 235, .box_w = 13, .box_h = 18, .ofs_x = 1, .ofs_y = 0},
    {.bitmap_index = 28049, .adv_w = 278, .box_w = 15, .box_h = 27, .ofs_x = 1, .ofs_y = -9},
    {.bitmap_index = 28252, .adv_w = 235, .box_w = 13, .box_h = 22, .ofs_x = 1, .ofs_y = -9},
    {.bitmap_index = 28395, .adv_w = 278, .box_w = 15, .box_h = 24, .ofs_x = 1, .ofs_y = 0},
    {.bitmap_index = 28575, .adv_w = 235, .box_w = 13, .box_h = 18, .ofs_x = 1, .ofs_y = 0},
    {.bitmap_index = 28692, .adv_w = 276, .box_w = 15, .box_h = 23, .ofs_x = 1, .ofs_y = -5},
    {.bitmap_index = 28865, .adv_w = 235, .box_w = 13, .box_h = 18, .ofs_x = 1, .ofs_y = -5},
    {.bitmap_index = 28982, .adv_w = 305, .box_w = 19, .box_h = 24, .ofs_x = 0, .ofs_y = 0},
    {.bitmap_index = 29210, .adv_w = 229, .box_w = 14, .box_h = 18, .ofs_x = 0, .ofs_y = 0},
    {.bitmap_index = 29336, .adv_w = 305, .box_w = 19, .box_h = 24, .ofs_x = 0, .ofs_y = 0},
    {.bitmap_index = 29564, .adv_w = 229, .box_w = 14, .box_h = 18, .ofs_x = 0, .ofs_y = 0},
    {.bitmap_index = 29690, .adv_w = 415, .box_w = 25, .box_h = 18, .ofs_x = 0, .ofs_y = 0},
    {.bitmap_index = 29915, .adv_w = 364, .box_w = 23, .box_h = 13, .ofs_x = 0, .ofs_y = 0},
    {.bitmap_index = 30065, .adv_w = 255, .box_w = 15, .box_h = 24, .ofs_x = 1, .ofs_y = 0},
    {.bitmap_index = 30245, .adv_w = 150, .box_w = 9, .box_h = 18, .ofs_x = 1, .ofs_y = 0},
    {.bitmap_index = 30326, .adv_w = 255, .box_w = 15, .box_h = 27, .ofs_x = 1, .ofs_y = -9},
    {.bitmap_index = 30529, .adv_w = 150, .box_w = 8, .box_h = 22, .ofs_x = 1, .ofs_y = -9},
    {.bitmap_index = 30617, .adv_w = 255, .box_w = 15, .box_h = 24, .ofs_x = 1, .ofs_y = 0},
    {.bitmap_index = 30797, .adv_w = 150, .box_w = 10, .box_h = 18, .ofs_x = 0, .ofs_y = 0},
    {.bitmap_index = 30887, .adv_w = 245, .box_w = 15, .box_h = 24, .ofs_x = 0, .ofs_y = 0},
    {.bitmap_index = 31067, .adv_w = 190, .box_w = 12, .box_h = 18, .ofs_x = 0, .ofs_y = 0},
    {.bitmap_index = 31175, .adv_w = 245, .box_w = 15, .box_h = 23, .ofs_x = 0, .ofs_y = -5},
    {.bitmap_index = 31348, .adv_w = 190, .box_w = 12, .box_h = 18, .ofs_x = 0, .ofs_y = -5},
    {.bitmap_index = 31456, .adv_w = 245, .box_w = 15, .box_h = 24, .ofs_x = 0, .ofs_y = 0},
    {.bitmap_index = 31636, .adv_w = 190, .box_w = 12, .box_h = 18, .ofs_x = 0, .ofs_y = 0},
    {.bitmap_index = 31744, .adv_w = 255, .box_w = 16, .box_h = 24, .ofs_x = 0, .ofs_y = 0},
    {.bitmap_index = 31936, .adv_w = 156, .box_w = 11, .box_h = 20, .ofs_x = 0, .ofs_y = 0},
    {.bitmap_index = 32046, .adv_w = 270, .box_w = 15, .box_h = 24, .ofs_x = 1, .ofs_y = 0},
    {.bitmap_index = 32226, .adv_w = 232, .box_w = 12, .box_h = 18, .ofs_x = 1, .ofs_y = 0},
    {.bitmap_index = 32334, .adv_w = 270, .box_w = 15, .box_h = 24, .ofs_x = 1, .ofs_y = 0},
    {.bitmap_index = 32514, .adv_w = 232, .box_w = 12, .box_h = 18, .ofs_x = 1, .ofs_y = 0},
    {.bitmap_index = 32622, .adv_w = 270, .box_w = 15, .box_h = 25, .ofs_x = 1, .ofs_y = 0},
    {.bitmap_index = 32810, .adv_w = 232, .box_w = 12, .box_h = 20, .ofs_x = 1, .ofs_y = 0},
    {.bitmap_index = 32930, .adv_w = 270, .box_w = 15, .box_h = 24, .ofs_x = 1, .ofs_y = 0},
    {.bitmap_index = 33110, .adv_w = 232, .box_w = 13, .box_h = 18, .ofs_x = 1, .ofs_y = 0},
    {.bitmap_index = 33227, .adv_w = 270, .box_w = 15, .box_h = 23, .ofs_x = 1, .ofs_y = -5},
    {.bitmap_index = 33400, .adv_w = 232, .box_w = 13, .box_h = 18, .ofs_x = 1, .ofs_y = -5},
    {.bitmap_index = 33517, .adv_w = 417, .box_w = 26, .box_h = 24, .ofs_x = 0, .ofs_y = 0},
    {.bitmap_index = 33829, .adv_w = 307, .box_w = 19, .box_h = 18, .ofs_x = 0, .ofs_y = 0},
    {.bitmap_index = 34000, .adv_w = 269, .box_w = 17, .box_h = 24, .ofs_x = 0, .ofs_y = 0},
    {.bitmap_index = 34204, .adv_w = 206, .box_w = 13, .box_h = 23, .ofs_x = 0, .ofs_y = -5},
    {.bitmap_index = 34354, .adv_w = 269, .box_w = 17, .box_h = 24, .ofs_x = 0, .ofs_y = 0},
    {.bitmap_index = 34558, .adv_w = 242, .box_w = 14, .box_h = 24, .ofs_x = 1, .ofs_y = 0},
    {.bitmap_index = 34726, .adv_w = 197, .box_w = 11, .box_h = 18, .ofs_x = 1, .ofs_y = 0},
    {.bitmap_index = 34825, .adv_w = 242, .box_w = 14, .box_h = 24, .ofs_x = 1, .ofs_y = 0},
    {.bitmap_index = 34993, .adv_w = 197, .box_w = 11, .box_h = 18, .ofs_x = 1, .ofs_y = 0},
    {.bitmap_index = 35092, .adv_w = 242, .box_w = 14, .box_h = 24, .ofs_x = 1, .ofs_y = 0},
    {.bitmap_index = 35260, .adv_w = 197, .box_w = 11, .box_h = 18, .ofs_x = 1, .ofs_y = 0},
    {.bitmap_index = 35359, .adv_w = 230, .box_w = 12, .box_h = 3, .ofs_x = 1, .ofs_y = 6},
    {.bitmap_index = 35377, .adv_w = 345, .box_w = 19, .box_h = 3, .ofs_x = 1, .ofs_y = 6},
    {.bitmap_index = 35406, .adv_w = 106, .box_w = 5, .box_h = 8, .ofs_x = 1, .ofs_y = 11},
    {.bitmap_index = 35426, .adv_w = 106, .box_w = 5, .box_h = 8, .ofs_x = 1, .ofs_y = 10},
    {.bitmap_index = 35446, .adv_w = 104, .box_w = 4, .box_h = 8, .ofs_x = 1, .ofs_y = -5},
    {.bitmap_index = 35462, .adv_w = 181, .box_w = 9, .box_h = 8, .ofs_x = 1, .ofs_y = 11},
    {.bitmap_index = 35498, .adv_w = 181, .box_w = 9, .box_h = 8, .ofs_x = 1, .ofs_y = 10},
    {.bitmap_index = 35534, .adv_w = 178, .box_w = 9, .box_h = 8, .ofs_x = 1, .ofs_y = -5},
    {.bitmap_index = 35570, .adv_w = 129, .box_w = 6, .box_h = 6, .ofs_x = 1, .ofs_y = 7},
    {.bitmap_index = 35588, .adv_w = 280, .box_w = 15, .box_h = 4, .ofs_x = 1, .ofs_y = 0},
    {.bitmap_index = 35618, .adv_w = 384, .box_w = 24, .box_h = 25, .ofs_x = 0, .ofs_y = -3},
    {.bitmap_index = 35918, .adv_w = 384, .box_w = 24, .box_h = 18, .ofs_x = 0, .ofs_y = 0},
    {.bitmap_index = 36134, .adv_w = 384, .box_w = 24, .box_h = 22, .ofs_x = 0, .ofs_y = -2},
    {.bitmap_index = 36398, .adv_w = 384, .box_w = 24, .box_h = 18, .ofs_x = 0, .ofs_y = 0},
    {.bitmap_index = 36614, .adv_w = 264, .box_w = 17, .box_h = 18, .ofs_x = 0, .ofs_y = 0},
    {.bitmap_index = 36767, .adv_w = 384, .box_w = 24, .box_h = 24, .ofs_x = 0, .ofs_y = -3},
    {.bitmap_index = 37055, .adv_w = 384, .box_w = 24, .box_h = 24, .ofs_x = 0, .ofs_y = -3},
    {.bitmap_index = 37343, .adv_w = 432, .box_w = 27, .box_h = 22, .ofs_x = 0, .ofs_y = -2},
    {.bitmap_index = 37640, .adv_w = 384, .box_w = 24, .box_h = 24, .ofs_x = 0, .ofs_y = -3},
    {.bitmap_index = 37928, .adv_w = 432, .box_w = 27, .box_h = 18, .ofs_x = 0, .ofs_y = 0},
    {.bitmap_index = 38171, .adv_w = 384, .box_w = 24, .box_h = 26, .ofs_x = 0, .ofs_y = -4},
    {.bitmap_index = 38483, .adv_w = 192, .box_w = 12, .box_h = 19, .ofs_x = 0, .ofs_y = -1},
    {.bitmap_index = 38597, .adv_w = 288, .box_w = 18, .box_h = 19, .ofs_x = 0, .ofs_y = -1},
    {.bitmap_index = 38768, .adv_w = 432, .box_w = 27, .box_h = 24, .ofs_x = 0, .ofs_y = -3},
    {.bitmap_index = 39092, .adv_w = 384, .box_w = 24, .box_h = 18, .ofs_x = 0, .ofs_y = 0},
    {.bitmap_index = 39308, .adv_w = 264, .box_w = 17, .box_h = 24, .ofs_x = 0, .ofs_y = -3},
    {.bitmap_index = 39512, .adv_w = 336, .box_w = 15, .box_h = 22, .ofs_x = 3, .ofs_y = -2},
    {.bitmap_index = 39677, .adv_w = 336, .box_w = 21, .box_h = 26, .ofs_x = 0, .ofs_y = -4},
    {.bitmap_index = 39950, .adv_w = 336, .box_w = 21, .box_h = 22, .ofs_x = 0, .ofs_y = -2},
    {.bitmap_index = 40181, .adv_w = 336, .box_w = 21, .box_h = 22, .ofs_x = 0, .ofs_y = -2},
    {.bitmap_index = 40412, .adv_w = 336, .box_w = 15, .box_h = 22, .ofs_x = 3, .ofs_y = -2},
    {.bitmap_index = 40577, .adv_w = 336, .box_w = 23, .box_h = 22, .ofs_x = -1, .ofs_y = -2},
    {.bitmap_index = 40830, .adv_w = 240, .box_w = 13, .box_h = 22, .ofs_x = 1, .ofs_y = -2},
    {.bitmap_index = 40973, .adv_w = 240, .box_w = 13, .box_h = 22, .ofs_x = 1, .ofs_y = -2},
    {.bitmap_index = 41116, .adv_w = 336, .box_w = 21, .box_h = 22, .ofs_x = 0, .ofs_y = -2},
    {.bitmap_index = 41347, .adv_w = 336, .box_w = 21, .box_h = 6, .ofs_x = 0, .ofs_y = 6},
    {.bitmap_index = 41410, .adv_w = 432, .box_w = 27, .box_h = 18, .ofs_x = 0, .ofs_y = 0},
    {.bitmap_index = 41653, .adv_w = 480, .box_w = 31, .box_h = 24, .ofs_x = -1, .ofs_y = -3},
    {.bitmap_index = 42025, .adv_w = 432, .box_w = 29, .box_h = 24, .ofs_x = -1, .ofs_y = -3},
    {.bitmap_index = 42373, .adv_w = 384, .box_w = 24, .box_h = 22, .ofs_x = 0, .ofs_y = -2},
    {.bitmap_index = 42637, .adv_w = 336, .box_w = 21, .box_h = 14, .ofs_x = 0, .ofs_y = 2},
    {.bitmap_index = 42784, .adv_w = 336, .box_w = 21, .box_h = 14, .ofs_x = 0, .ofs_y = 2},
    {.bitmap_index = 42931, .adv_w = 480, .box_w = 31, .box_h = 19, .ofs_x = -1, .ofs_y = -1},
    {.bitmap_index = 43226, .adv_w = 384, .box_w = 24, .box_h = 18, .ofs_x = 0, .ofs_y = 0},
    {.bitmap_index = 43442, .adv_w = 384, .box_w = 24, .box_h = 24, .ofs_x = 0, .ofs_y = -3},
    {.bitmap_index = 43730, .adv_w = 384, .box_w = 25, .box_h = 25, .ofs_x = -1, .ofs_y = -3},
    {.bitmap_index = 44043, .adv_w = 336, .box_w = 22, .box_h = 22, .ofs_x = 0, .ofs_y = -2},
    {.bitmap_index = 44285, .adv_w = 336, .box_w = 21, .box_h = 24, .ofs_x = 0, .ofs_y = -3},
    {.bitmap_index = 44537, .adv_w = 336, .box_w = 21, .box_h = 22, .ofs_x = 0, .ofs_y = -2},
    {.bitmap_index = 44768, .adv_w = 336, .box_w = 21, .box_h = 20, .ofs_x = 0, .ofs_y = -1},
    {.bitmap_index = 44978, .adv_w = 384, .box_w = 24, .box_h = 18, .ofs_x = 0, .ofs_y = 0},
    {.bitmap_index = 45194, .adv_w = 240, .box_w = 17, .box_h = 24, .ofs_x = -1, .ofs_y = -3},
    {.bitmap_index = 45398, .adv_w = 336, .box_w = 21, .box_h = 24, .ofs_x = 0, .ofs_y = -3},
    {.bitmap_index = 45650, .adv_w = 336, .box_w = 21, .box_h = 24, .ofs_x = 0, .ofs_y = -3},
    {.bitmap_index = 45902, .adv_w = 432, .box_w = 27, .box_h = 18, .ofs_x = 0, .ofs_y = 0},
    {.bitmap_index = 46145, .adv_w = 384, .box_w = 26, .box_h = 26, .ofs_x = -1, .ofs_y = -4},
    {.bitmap_index = 46483, .adv_w = 288, .box_w = 18, .box_h = 24, .ofs_x = 0, .ofs_y = -3},
    {.bitmap_index = 46699, .adv_w = 480, .box_w = 30, .box_h = 23, .ofs_x = 0, .ofs_y = -2},
    {.bitmap_index = 47044, .adv_w = 480, .box_w = 30, .box_h = 16, .ofs_x = 0, .ofs_y = 1},
    {.bitmap_index = 47284, .adv_w = 480, .box_w = 30, .box_h = 16, .ofs_x = 0, .ofs_y = 1},
    {.bitmap_index = 47524, .adv_w = 480, .box_w = 30, .box_h = 16, .ofs_x = 0, .ofs_y = 1},
    {.bitmap_index = 47764, .adv_w = 480, .box_w = 30, .box_h = 16, .ofs_x = 0, .ofs_y = 1},
    {.bitmap_index = 48004, .adv_w = 480, .box_w = 30, .box_h = 16, .ofs_x = 0, .ofs_y = 1},
    {.bitmap_index = 48244, .adv_w = 480, .box_w = 31, .box_h = 20, .ofs_x = 0, .ofs_y = -1},
    {.bitmap_index = 48554, .adv_w = 336, .box_w = 19, .box_h = 24, .ofs_x = 1, .ofs_y = -3},
    {.bitmap_index = 48782, .adv_w = 336, .box_w = 21, .box_h = 24, .ofs_x = 0, .ofs_y = -3},
    {.bitmap_index = 49034, .adv_w = 384, .box_w = 25, .box_h = 25, .ofs_x = -1, .ofs_y = -4},
    {.bitmap_index = 49347, .adv_w = 480, .box_w = 30, .box_h = 18, .ofs_x = 0, .ofs_y = 0},
    {.bitmap_index = 49617, .adv_w = 288, .box_w = 18, .box_h = 24, .ofs_x = 0, .ofs_y = -3},
    {.bitmap_index = 49833, .adv_w = 386, .box_w = 25, .box_h = 16, .ofs_x = 0, .ofs_y = 1}
};

/*---------------------
 *  CHARACTER MAPPING
 *--------------------*/

static const uint8_t glyph_id_ofs_list_1[] = {
    0, 1, 2, 3, 0, 4, 0, 5,
    6, 7, 8, 9, 0, 0, 10, 11,
    12, 0, 0, 0, 13, 0, 14, 15,
    16, 0, 17, 18
};

static const uint8_t glyph_id_ofs_list_3[] = {
    0, 1, 2, 3, 4, 5, 6, 7,
    8, 9, 0, 0, 10, 11, 12, 13,
    14, 15, 0, 0, 16, 17, 18, 19,
    20, 21, 0, 0, 22, 23, 0, 0,
    24, 25, 0, 0, 26, 27, 28, 29,
    30, 31, 0, 0, 32, 33, 0, 34,
    35, 36, 37, 38, 39, 0, 0, 40,
    41, 42, 43, 44, 45, 46, 47, 0,
    48, 49, 50, 51, 0, 0, 52, 53,
    54, 55, 56, 57, 58, 59, 60, 61,
    62, 63, 0, 0, 64, 65, 66, 67,
    0, 0, 68, 69
};

static const uint16_t unicode_list_5[] = {
    0x0, 0x1, 0x5, 0x6, 0x7, 0x9, 0xa, 0xb,
    0xf, 0x13, 0xcfee, 0xcff5, 0xcff8, 0xcff9, 0xcffa, 0xcffe,
    0xd000, 0xd002, 0xd006, 0xd009, 0xd00e, 0xd013, 0xd014, 0xd015,
    0xd02b, 0xd030, 0xd035, 0xd038, 0xd039, 0xd03a, 0xd03e, 0xd03f,
    0xd040, 0xd041, 0xd054, 0xd055, 0xd05b, 0xd05d, 0xd05e, 0xd061,
    0xd064, 0xd065, 0xd066, 0xd068, 0xd080, 0xd082, 0xd0b1, 0xd0b2,
    0xd0b4, 0xd0b6, 0xd0cd, 0xd0d4, 0xd0d7, 0xd0e0, 0xd109, 0xd111,
    0xd148, 0xd1d8, 0xd22d, 0xd22e, 0xd22f, 0xd230, 0xd231, 0xd274,
    0xd280, 0xd2da, 0xd2f1, 0xd547, 0xd7af, 0xd88f
};

/*Collect the unicode lists and glyph_id offsets*/
static const lv_font_fmt_txt_cmap_t cmaps[] =
{
    {
        .range_start = 32, .range_length = 95, .glyph_id_start = 1,
        .unicode_list = NULL, .glyph_id_ofs_list = NULL, .list_length = 0, .type = LV_FONT_FMT_TXT_CMAP_FORMAT0_TINY
    },
    {
        .range_start = 160, .range_length = 28, .glyph_id_start = 96,
        .unicode_list = NULL, .glyph_id_ofs_list = glyph_id_ofs_list_1, .list_length = 28, .type = LV_FONT_FMT_TXT_CMAP_FORMAT0_FULL
    },
    {
        .range_start = 191, .range_length = 73, .glyph_id_start = 115,
        .unicode_list = NULL, .glyph_id_ofs_list = NULL, .list_length = 0, .type = LV_FONT_FMT_TXT_CMAP_FORMAT0_TINY
    },
    {
        .range_start = 266, .range_length = 92, .glyph_id_start = 188,
        .unicode_list = NULL, .glyph_id_ofs_list = glyph_id_ofs_list_3, .list_length = 92, .type = LV_FONT_FMT_TXT_CMAP_FORMAT0_FULL
    },
    {
        .range_start = 362, .range_length = 21, .glyph_id_start = 258,
        .unicode_list = NULL, .glyph_id_ofs_list = NULL, .list_length = 0, .type = LV_FONT_FMT_TXT_CMAP_FORMAT0_TINY
    },
    {
        .range_start = 8211, .range_length = 55440, .glyph_id_start = 279,
        .unicode_list = unicode_list_5, .glyph_id_ofs_list = NULL, .list_length = 70, .type = LV_FONT_FMT_TXT_CMAP_SPARSE_TINY
    }
};

/*-----------------
 *    KERNING
 *----------------*/


/*Map glyph_ids to kern left classes*/
static const uint8_t kern_left_class_mapping[] =
{
    0, 0, 1, 2, 3, 4, 5, 6,
    7, 8, 9, 10, 11, 12, 13, 14,
    15, 16, 17, 18, 19, 20, 21, 22,
    23, 24, 25, 26, 27, 28, 29, 30,
    31, 32, 33, 34, 35, 36, 37, 38,
    39, 0, 0, 40, 41, 42, 0, 0,
    43, 44, 45, 46, 47, 48, 49, 50,
    51, 52, 53, 54, 55, 56, 0, 57,
    58, 0, 59, 60, 61, 0, 62, 63,
    0, 64, 65, 66, 67, 0, 68, 69,
    70, 71, 0, 72, 73, 74, 75, 76,
    77, 78, 79, 80, 81, 0, 82, 83,
    0, 84, 85, 86, 87, 0, 0, 88,
    89, 90, 91, 0, 92, 0, 0, 0,
    0, 93, 94, 95, 96, 97, 96, 96,
    96, 96, 98, 99, 100, 100, 100, 100,
    101, 102, 103, 104, 105, 101, 106, 106,
    106, 106, 106, 107, 108, 109, 109, 109,
    109, 110, 111, 112, 113, 114, 115, 115,
    115, 115, 116, 117, 118, 119, 120, 121,
    122, 123, 124, 125, 126, 127, 128, 129,
    128, 128, 130, 131, 132, 133, 134, 133,
    133, 135, 136, 137, 96, 115, 96, 115,
    96, 138, 99, 117, 99, 117, 99, 139,
    105, 140, 105, 141, 100, 142, 100, 118,
    100, 143, 100, 142, 144, 133, 144, 145,
    144, 146, 147, 148, 149, 150, 101, 151,
    101, 133, 152, 141, 153, 154, 155, 156,
    157, 141, 158, 140, 159, 160, 101, 161,
    101, 161, 101, 161, 101, 162, 106, 128,
    106, 163, 100, 116, 164, 165, 164, 166,
    164, 167, 168, 169, 168, 170, 171, 172,
    173, 174, 109, 133, 109, 133, 109, 133,
    109, 141, 109, 175, 176, 177, 178, 179,
    180, 181, 182, 181, 182, 181, 183, 184,
    185, 186, 187, 188, 189, 190, 191, 192,
    193, 0, 0, 0, 0, 0, 0, 0,
    0, 0, 0, 0, 0, 0, 0, 0,
    0, 0, 0, 0, 0, 0, 0, 0,
    0, 0, 0, 0, 0, 0, 0, 0,
    0, 0, 0, 0, 0, 0, 0, 0,
    0, 0, 0, 0, 0, 0, 0, 0,
    0, 0, 0, 0, 0, 0, 0, 0,
    0, 0, 0, 0, 0
};

/*Map glyph_ids to kern right classes*/
static const uint8_t kern_right_class_mapping[] =
{
    0, 0, 1, 2, 3, 4, 5, 6,
    7, 8, 9, 10, 11, 12, 13, 14,
    15, 16, 17, 18, 19, 20, 21, 22,
    23, 24, 25, 26, 26, 27, 28, 29,
    30, 31, 32, 33, 34, 0, 0, 0,
    35, 0, 0, 36, 0, 0, 0, 0,
    37, 0, 38, 39, 40, 41, 42, 43,
    44, 45, 46, 47, 0, 48, 49, 50,
    51, 0, 52, 0, 53, 54, 55, 56,
    57, 0, 58, 59, 0, 0, 60, 60,
    61, 60, 62, 63, 64, 65, 66, 67,
    68, 69, 70, 71, 0, 0, 72, 73,
    0, 74, 75, 76, 0, 77, 0, 78,
    79, 80, 81, 0, 82, 0, 0, 0,
    0, 83, 84, 85, 86, 87, 86, 88,
    86, 86, 87, 89, 39, 39, 39, 39,
    90, 39, 91, 92, 93, 39, 89, 89,
    89, 89, 89, 94, 95, 96, 42, 96,
    96, 97, 39, 98, 99, 100, 101, 102,
    103, 104, 105, 106, 107, 108, 109, 109,
    110, 111, 112, 113, 114, 98, 109, 115,
    109, 109, 116, 11, 117, 118, 119, 120,
    121, 122, 123, 124, 86, 125, 86, 126,
    86, 127, 89, 128, 89, 106, 89, 109,
    39, 129, 130, 129, 39, 109, 39, 131,
    39, 132, 39, 133, 89, 134, 89, 134,
    89, 134, 135, 136, 137, 138, 139, 140,
    39, 141, 39, 142, 39, 123, 39, 123,
    39, 123, 39, 123, 143, 144, 39, 145,
    39, 98, 39, 146, 39, 98, 89, 109,
    89, 109, 89, 106, 39, 98, 0, 98,
    39, 147, 148, 149, 148, 150, 148, 151,
    152, 153, 96, 154, 96, 155, 96, 156,
    96, 157, 96, 158, 159, 160, 161, 162,
    161, 163, 164, 163, 164, 163, 165, 166,
    167, 168, 169, 0, 170, 171, 172, 173,
    174, 0, 0, 0, 0, 0, 0, 0,
    0, 0, 0, 0, 0, 0, 0, 0,
    0, 0, 0, 0, 0, 0, 0, 0,
    0, 0, 0, 0, 0, 0, 0, 0,
    0, 0, 0, 0, 0, 0, 0, 0,
    0, 0, 0, 0, 0, 0, 0, 0,
    0, 0, 0, 0, 0, 0, 0, 0,
    0, 0, 0, 0, 0
};

/*Kern values between classes*/
static const int8_t kern_class_values[] =
{
    -12, -16, 0, 0, 0, 0, -16, 0,
    -17, -15, 0, -17, -25, -17, 0, -8,
    -8, -5, -10, -13, -11, -8, -9, -8,
    -6, -11, 0, 0, 0, -15, 0, -12,
    -8, -9, -9, -5, -9, -9, -8, -11,
    -10, -8, -13, -13, -13, -11, -11, 0,
    -17, 0, 0, -12, -9, -9, -9, -8,
    -9, -8, -9, 0, -9, -9, 0, -8,
    -8, -10, -9, -10, -14, -9, -12, 0,
    0, 0, 0, 0, 0, 0, 0, -22,
    0, 0, 0, -17, 0, -12, -12, -12,
    -9, -8, 0, 0, 0, 0, 0, -8,
    -11, 0, 0, -12, 0, 0, 0, 0,
    -12, -9, -9, -9, 0, -9, -9, 0,
    0, 0, -9, 0, 0, -10, -10, -10,
    -10, -9, -9, -9, 0, 0, -12, -9,
    -9, 0, -9, -9, 0, -9, 0, 0,
    -8, 0, 0, -9, 0, -8, 0, 0,
    0, 0, -9, -11, -8, -8, -8, -10,
    -8, -10, -10, -10, -10, -10, -13, -10,
    -11, -9, -11, -12, -12, -25, -25, -16,
    -16, -16, -13, 0, 0, 0, -16, -12,
    -20, -18, -8, 0, -12, -28, -16, -11,
    -31, -53, -55, -53, -47, -18, -5, -9,
    -13, -44, -18, -18, -4, -14, -10, -24,
    0, -20, 0, 0, -23, -46, -10, -20,
    -20, -51, -20, -20, -10, -18, -5, -8,
    -7, -10, -13, -7, -13, 0, -13, 0,
    -86, -31, -31, -30, -31, -11, -30, -11,
    -12, 0, -31, -30, 0, -28, -11, -20,
    -12, -13, -23, -12, -22, 0, -38, -26,
    0, 0, 0, 0, 0, -47, 0, 0,
    0, -32, -54, -46, -46, -46, -20, -10,
    0, 0, 0, 0, -20, -8, -7, -23,
    -24, -31, -24, -24, -24, -24, -31, -31,
    -31, -31, -27, -12, -12, 5, 0, 0,
    -31, -27, -31, -20, -20, -20, -20, -12,
    -12, -12, -24, -24, -31, -31, -30, -12,
    -31, -31, -27, -30, 0, 0, -10, 0,
    0, -12, -23, -11, -12, 0, -23, -23,
    -12, -18, -28, -28, -17, -5, -11, -20,
    -20, -20, -20, -20, -10, -13, -7, -12,
    -13, -22, -22, -46, -55, -13, -12, -13,
    0, 0, 0, -86, 0, 0, 0, 0,
    0, 0, 0, 0, -31, 0, 0, 0,
    0, 0, 0, 0, 0, 0, 0, -7,
    -8, 0, -18, 0, 0, 0, 0, 0,
    0, 0, 0, -24, 0, 0, 0, -26,
    0, 0, 0, 0, -18, 0, 0, 0,
    0, 0, 0, 0, 0, 0, 0, -11,
    0, 0, 0, 0, 0, 0, 0, 0,
    0, 0, 0, 0, 0, 0, 0, 0,
    0, 0, 0, 0, 0, 0, 0, 0,
    0, 0, 0, 0, 0, 0, 0, 0,
    0, 0, 0, 0, 0, 0, 0, 0,
    0, 0, 0, 0, 0, 0, 0, 0,
    0, 0, 0, 0, 0, 0, 0, 0,
    0, 0, 0, 0, 0, 0, 0, 0,
    0, 0, 0, 0, 0, 0, 0, 0,
    0, 0, 0, 0, 0, 0, 0, 0,
    0, 0, 0, 0, 0, 0, 0, 0,
    0, 0, 0, 0, 0, 0, 0, 0,
    0, 0, 0, 0, 0, 0, 0, 0,
    0, 0, 0, 0, 0, 0, 0, 0,
    0, 0, 0, 0, 0, 0, 0, 0,
    0, 0, -7, -13, 0, 0, 0, 0,
    -13, -7, -27, -8, -16, -12, -9, -12,
    -15, 2, -1, 1, 0, 0, -1, 2,
    -12, 5, 0, -7, 0, 0, 0, 0,
    0, 0, 0, 0, 0, 0, 0, 0,
    0, 0, 0, 0, 0, 0, 0, 0,
    0, 0, -19, 0, 0, 0, 0, 0,
    0, 0, 0, 0, 0, 0, 0, 0,
    0, 0, 0, 0, 0, 0, 0, 0,
    0, 0, 0, 0, 0, 0, 0, 0,
    0, -7, 0, 0, 0, -14, 0, 0,
    0, 0, 0, 0, 0, 0, 0, 0,
    0, 0, 0, 0, 0, 0, 0, 0,
    0, 0, 0, 0, 0, 0, 0, 0,
    0, 0, 0, 0, 0, 0, 0, 0,
    0, 0, 0, 0, 0, 0, 0, 0,
    0, 0, 0, 0, 0, 0, 0, 0,
    0, 0, 0, 0, 0, 0, 0, 0,
    0, 0, 0, 0, 0, 0, 0, 0,
    0, 0, 0, 0, 0, 0, 0, 0,
    0, 0, 0, 0, 0, 0, 0, 0,
    0, -10, -12, -10, 0, 0, 0, 0,
    -10, -20, 0, 0, 0, 0, -20, 0,
    -19, -26, 0, -11, -13, -11, -16, 0,
    0, 0, 0, 0, 0, 0, 0, 0,
    0, -8, 0, 0, 0, 0, 0, 0,
    0, 0, 0, 0, 0, 0, 0, 0,
    0, 0, 0, 0, 0, 0, 0, 0,
    -17, 0, 0, 0, 0, 0, 0, 0,
    0, 0, 0, 0, 0, 0, 0, 0,
    0, 0, 0, 0, 0, 0, 0, 0,
    0, 0, 0, 0, 0, 0, 0, -9,
    0, 0, 0, -13, 0, 0, 0, 0,
    0, 0, 0, 0, 0, 0, 0, 0,
    0, 0, 0, 0, 0, 0, 0, 0,
    0, 0, 0, 0, 0, 0, 0, 0,
    0, 0, 0, 0, 0, 0, 0, 0,
    0, 0, 0, 0, 0, 0, 0, 0,
    0, 0, 0, 0, 0, 0, 0, 0,
    0, 0, 0, 0, 0, 0, 0, 0,
    0, 0, 0, 0, 0, 0, 0, 0,
    0, 0, 0, 0, 0, 0, 0, 0,
    0, 0, 0, 0, 0, -14, -14, -29,
    -21, -29, 0, 0, 0, 0, 0, 0,
    0, 0, 0, 0, 0, 0, 0, 0,
    0, 0, 0, 0, 0, 0, -24, 0,
    0, 0, 0, 0, 0, 0, 0, 0,
    0, 0, 0, 0, 0, 0, -5, -10,
    -10, 0, -10, 0, 0, -17, -46, 0,
    -36, -33, 0, -48, 0, 0, 0, 0,
    0, -10, 0, 0, 0, 0, 0, 0,
    0, 0, 0, 0, 0, 0, -12, 0,
    0, 0, 0, 0, 0, 0, 0, 0,
    0, 0, 0, 0, 0, 0, 0, 0,
    0, 0, 0, 0, 0, 0, 0, 0,
    0, 0, 0, 0, 0, 0, 0, 0,
    0, 0, 0, 0, 0, 0, 0, 0,
    0, 0, 0, 0, 0, 0, 0, 0,
    0, 0, 0, 0, 0, 0, 0, 0,
    0, 0, 0, 0, 0, 0, 0, 0,
    0, 0, 0, 0, 0, 0, 0, 0,
    0, 0, 0, 0, 0, 0, 0, 0,
    0, 0, 0, 0, 0, 0, 0, 0,
    0, 0, 0, 0, 0, 0, 0, 0,
    0, 0, 0, 0, 0, 0, 0, 0,
    0, 0, 0, 0, -16, -12, 0, 0,
    -8, 0, -12, -28, -16, -11, -31, -49,
    -45, -49, -47, -18, -5, -9, -13, -44,
    -18, -18, -4, -14, -10, -24, 0, 0,
    0, 0, 0, -46, -10, -20, -20, -46,
    -20, -20, -10, -18, -5, -8, -7, -10,
    -13, -7, -13, 0, -13, 0, -49, -31,
    -31, -30, -31, -11, -30, -11, -12, 0,
    -31, -30, 0, -28, -11, -22, -12, -13,
    -23, -12, -22, 0, 0, 0, 0, 0,
    0, 0, 0, -47, 0, 0, 0, -32,
    0, -46, -46, -46, -20, -10, -4, 0,
    0, 0, -20, -8, -7, -23, -24, -31,
    -24, -24, -24, -24, -31, -31, -31, -31,
    -27, 1, -12, 5, 0, 0, -31, -27,
    0, -20, -20, -20, -20, -12, -12, -12,
    -24, -24, -31, -31, -30, 0, -31, -31,
    -27, -30, 0, 0, -10, 0, 0, -12,
    -23, -11, 0, 0, -23, -23, -12, -18,
    -28, -28, -17, -5, -11, -20, -20, -20,
    -20, -20, -10, -13, -7, -12, -13, -22,
    -22, -46, -46, -13, -12, -13, 0, 0,
    0, 0, -17, -16, -38, -30, -22, -35,
    -16, -42, -11, -24, -50, -31, -53, -31,
    -14, -34, -28, -22, -27, -41, -24, -34,
    -9, -27, -26, -29, -49, -42, -37, -30,
    -41, -24, -14, -38, -38, -22, -38, -38,
    -14, -30, -10, -14, -12, -14, -12, -8,
    -14, 0, -11, -39, 0, -35, -37, -36,
    -37, -33, -18, -15, 0, 0, -37, -36,
    0, -35, -35, -37, -35, -38, -26, -30,
    -27, 0, -55, 0, -37, -25, -24, -38,
    0, -50, -38, -23, 0, -39, 0, -24,
    -24, -24, -38, -14, -1, 0, -17, -41,
    -32, -14, -8, -29, -22, -35, -22, -22,
    -22, -22, -35, -37, -37, -37, -27, -15,
    -15, -7, 0, -29, -37, -27, -29, -37,
    -37, -37, -29, -30, -15, -30, -22, -22,
    -35, -37, -36, -17, -37, -37, -27, -18,
    -16, 0, -14, 0, 0, -5, -29, -15,
    -16, -19, -29, -29, -15, -30, -35, -35,
    -15, -10, -35, -37, -37, -37, -37, -37,
    -14, -38, -8, -30, -14, -27, -14, -53,
    -53, -28, -17, -28, -15, -16, -45, -29,
    -17, -28, 0, 0, 0, 0, -28, -15,
    -42, -23, -16, -27, -19, -27, -27, -5,
    -12, -13, -12, -11, -11, -5, -28, -8,
    -7, -13, 0, -15, 0, 0, 0, -21,
    -10, -7, -7, -17, -7, -7, -10, -12,
    -28, -9, -25, -26, -28, -33, -22, 0,
    -35, -26, 0, -11, -6, -6, -6, -8,
    -6, -10, -11, 0, -6, -6, 0, -8,
    -8, -10, -9, -10, -20, -9, -15, -32,
    0, 0, 0, 0, 0, 0, 0, -17,
    0, 0, 0, -20, 0, -21, -21, -21,
    -7, -10, 0, 0, 0, -18, 0, -9,
    -33, -11, -11, -11, -11, -11, -11, -11,
    -11, -6, -6, -6, -6, -11, -11, 0,
    0, 0, -6, -6, 0, -10, -10, -10,
    -10, -9, -11, -9, -11, -11, -11, -6,
    -6, 0, -6, -6, -6, -6, 0, 0,
    -10, 0, 0, -11, -11, -10, 0, 0,
    -11, -11, -11, -12, -8, -8, -8, -28,
    -8, -10, -10, -10, -10, -10, -26, -10,
    -33, -9, -22, -15, -15, -19, -19, -21,
    -23, -21, -22, 0, 0, 0, -15, -11,
    0, 0, 0, 0, -11, -23, -24, -8,
    0, -53, -49, -53, -45, -12, -2, -4,
    -8, -43, -16, -12, -5, -8, -4, -19,
    0, 0, 0, 0, 0, -45, -9, -13,
    -13, -50, -13, -13, -9, -12, -6, -7,
    -10, -11, -18, -11, -14, 0, -15, 0,
    0, -29, -30, -29, -30, -4, -28, -9,
    -10, 0, -30, -29, 0, -25, -4, -16,
    -3, -8, -18, -3, -15, 0, 0, 0,
    0, 0, 0, 0, 0, -46, 0, 0,
    0, -29, 0, -45, -45, -45, -13, -9,
    0, 0, 0, 0, 0, -7, -11, 0,
    0, -29, 0, 0, 0, 0, -29, -30,
    -30, -30, 0, -10, -10, 0, 0, 0,
    -30, 0, 0, -16, -16, -16, -16, -3,
    -10, -3, 0, 0, -29, -30, -29, 0,
    -30, -30, 0, -28, 0, 0, -9, 0,
    0, -10, 0, -9, 0, 0, 0, 0,
    -10, -12, -25, -25, -25, -6, -4, -16,
    -16, -16, -16, -16, -11, -8, -11, -3,
    -14, -15, -15, -51, -51, -8, -12, -8,
    0, 0, 0, 0, -20, -31, 0, 0,
    0, 0, -31, -16, -50, -29, -10, -53,
    -22, -53, -35, -6, -15, -30, -29, -18,
    -15, -6, -45, -15, -10, -12, 0, -17,
    0, 0, 0, -33, -12, -7, -7, -43,
    -7, -7, -12, -22, -46, -10, -31, -28,
    -49, -42, -41, 0, -47, 0, 0, -14,
    -8, -8, -8, -8, -8, -13, -13, 0,
    -8, -8, 0, -9, -8, -12, -9, -9,
    -24, -9, -20, 0, 0, 0, 0, 0,
    0, 0, 0, -21, 0, 0, 0, -16,
    0, -33, -33, -33, -7, -12, 0, 0,
    0, 0, 0, -10, -42, 0, -14, -14,
    -14, -14, -14, -14, -14, -8, -8, -8,
    -8, -13, -13, 0, 0, 0, -8, -8,
    0, -12, -12, -12, -12, -9, -13, -9,
    -14, -14, -14, -8, -8, 0, -8, -8,
    -8, -8, 0, 0, -12, 0, 0, -13,
    0, -13, 0, 0, 0, 0, -13, -22,
    -9, -9, -9, -46, -8, -12, -12, -12,
    -12, -12, -28, -9, -42, -9, -41, -20,
    -20, 0, 0, -24, -25, -24, 0, 0,
    0, 0, -17, -53, 0, 0, 0, 0,
    -53, -26, -30, -53, 0, -14, -31, -14,
    -16, -20, -41, -7, -14, -17, -15, -20,
    -36, -14, -17, -12, 0, 0, 0, 0,
    0, -10, -14, -24, -24, -3, -24, -24,
    -14, -16, -53, -22, -53, -47, -13, -53,
    -12, 0, -23, 0, 0, -12, -15, -15,
    -15, -23, -15, 0, -15, 0, -15, -15,
    0, -10, -29, -17, -35, -30, -13, -35,
    -12, 0, 0, 0, 0, 0, 0, 0,
    0, -27, 0, 0, 0, -20, 0, -10,
    -10, -10, -24, -14, 0, 0, 0, 0,
    0, -22, -53, 0, 0, -12, 0, 0,
    0, 0, -12, -15, -15, -15, 0, -15,
    -15, 0, 0, 0, -15, 0, 0, -17,
    -17, -17, -17, -35, -15, -35, 0, 0,
    -12, -15, -15, 0, -15, -15, 0, -15,
    0, 0, -14, 0, 0, -15, 0, 0,
    0, 0, 0, 0, -15, -16, -10, -10,
    -10, -53, -29, -17, -17, -17, -17, -17,
    -47, -30, -53, -35, -12, -12, -12, -32,
    -32, -53, -53, -53, -53, 0, 0, 0,
    -25, -55, 0, -17, 0, 0, -45, -19,
    -53, -49, -22, -31, -17, -31, -31, -10,
    -41, -31, -15, -11, -18, -10, -46, -11,
    -18, -24, 0, 0, 0, -56, 0, -28,
    -15, -10, -10, -36, -10, -10, -15, -17,
    -60, -14, -40, -36, -39, -60, -30, 0,
    -52, 0, 0, -18, -7, -8, -7, -20,
    -8, -16, -17, 0, -7, -8, 0, -17,
    -22, -15, -22, -19, -39, -22, -28, -41,
    0, 0, 0, 0, 0, 0, 0, -16,
    0, 0, 0, -30, 0, -28, -28, -28,
    -10, -15, -15, -15, 0, 0, -11, -14,
    -60, -17, -18, -18, -18, -18, -18, -18,
    -18, -7, -7, -7, -7, -17, -17, -17,
    -17, 0, -7, -7, -7, -15, -15, -15,
    -15, -22, -17, -22, -18, -18, -18, -7,
    -8, -8, -7, -7, -7, -8, -18, -17,
    -15, 0, -15, -17, -17, -16, -4, 0,
    -17, -17, -17, -17, -17, -17, -17, -60,
    -22, -15, -15, -15, -15, -15, -36, -19,
    -60, -22, -30, -28, -28, 0, 0, -43,
    -44, -43, -53, -41, 0, 0, -17, -53,
    0, 0, 0, 0, -53, -26, -30, -53,
    0, -14, -31, -14, -16, -20, -41, -7,
    -14, -17, -15, -20, -36, -14, -17, -12,
    0, 0, 0, -48, 0, -10, -14, -24,
    -24, -3, -24, -24, -14, -16, -53, -22,
    -53, -47, -13, -53, -12, 0, -23, 0,
    0, -12, -15, -15, -15, -23, -15, 0,
    -15, 0, -15, -15, 0, -10, -29, -17,
    -35, -30, -13, -35, -12, 0, 0, 0,
    0, 0, 0, 0, -53, -27, 0, 0,
    -53, -20, 0, -10, -10, -10, -24, -14,
    0, 0, 0, 0, 0, -22, -53, 0,
    0, -12, 0, 0, 0, 0, -12, -15,
    -15, -15, 0, -15, -15, 0, 0, 0,
    -15, 0, 0, -17, -17, -17, -17, -35,
    -15, -35, 0, 0, -12, -15, -15, 0,
    -15, -15, 0, -15, 0, 0, -14, 0,
    0, -15, 0, 0, 0, 0, 0, 0,
    -15, -16, -10, -10, -10, -53, -29, -17,
    -17, -17, -17, -17, -47, -30, -53, -35,
    -12, -12, -12, -32, -32, -53, -53, -53,
    -53, 0, 0, 0, -15, -12, 0, -20,
    -13, 0, -12, -30, -11, -14, -31, -52,
    -40, -52, -53, -19, -11, -15, -18, -35,
    -18, -19, -4, -17, -13, -27, 0, 0,
    0, 0, 0, -48, -10, -20, -20, -40,
    -20, -20, -10, -20, -5, -8, -6, -8,
    -12, -3, -12, 0, -8, 0, 0, -32,
    -28, -28, -28, -17, -28, -11, -12, 0,
    -28, -28, 0, -28, -17, -25, -16, -18,
    -26, -16, -26, 0, 0, 0, 0, 0,
    0, 0, 0, -41, 0, 0, 0, -33,
    0, -48, -48, -48, -20, -10, 0, 0,
    0, 0, -20, -8, -3, -24, -21, -32,
    -21, -21, -21, -21, -32, -28, -28, -28,
    -21, -12, -12, 0, 0, 0, -28, -21,
    -28, -25, -25, -25, -25, -16, -12, -16,
    -21, -21, -32, -28, -28, 0, -28, -28,
    -21, -28, 0, 0, -10, 0, 0, -12,
    -24, -11, 0, 0, -24, -24, -12, -20,
    -28, -28, -28, -5, -17, -25, -25, -25,
    -25, -25, -8, -18, -3, -16, -12, -26,
    -26, -41, -41, -18, -12, -18, 0, 0,
    0, 0, -8, -18, 0, 0, -5, 0,
    -18, -6, -33, -10, -6, -22, -11, -22,
    -22, 5, -2, -3, -3, -2, -1, 6,
    -17, 2, 2, -6, 0, 0, 0, 0,
    0, -16, 0, 4, 4, -14, 4, 4,
    0, -1, -16, 0, -16, -15, -23, -20,
    -15, 0, -25, -17, -43, -3, 0, 0,
    0, 0, 0, -2, -2, 0, 0, 0,
    0, 0, 0, -1, -1, -1, -12, -1,
    -7, -25, -8, 0, 0, 0, 0, 0,
    0, -10, 0, -13, -9, -11, 0, -16,
    -16, -16, 4, 0, 0, 0, 0, -8,
    0, 0, -20, -3, -3, -3, -3, -3,
    -3, -3, -3, 0, 0, 0, 0, -2,
    -2, 3, 0, 0, 0, 0, 0, -1,
    -1, -1, -1, -1, -2, -1, -3, -3,
    -3, 0, 0, 0, 0, 0, 0, 0,
    0, 0, 0, 0, 0, -2, -3, -2,
    0, 0, -3, -3, -2, -1, 0, 0,
    0, -16, 0, -1, -1, -1, -1, -1,
    -15, -1, -20, -1, -15, -7, -7, -10,
    -10, -10, -13, -10, 0, 0, 0, 0,
    -8, -10, 0, 0, -2, 0, -10, -10,
    -15, -9, -12, -14, -15, -14, -14, 0,
    -1, 0, 0, -3, -3, 0, -2, -1,
    1, -6, 0, 0, 0, 0, 0, -6,
    -5, 0, 0, 0, 0, 0, 0, 0,
    0, 0, 0, 0, 0, 0, 0, 0,
    -12, 0, 0, -4, 0, 0, 0, 0,
    0, 0, 0, 0, 0, 0, 0, -1,
    0, 0, 0, 0, -8, 0, 0, -12,
    0, 0, 0, 0, 0, 0, -7, -13,
    0, -9, -7, -13, 0, 0, 0, 0,
    0, 0, 0, 0, 0, -10, 0, 0,
    0, 0, 0, 0, 0, 0, 0, 0,
    0, 0, 0, 0, 0, 0, 0, 0,
    0, 0, 0, 0, 0, 0, 0, 0,
    0, 0, 0, 0, 0, 0, 0, 0,
    0, 0, 0, 0, 0, 0, 0, 0,
    0, 0, 0, 0, 0, 0, 0, 0,
    0, 0, 0, 0, 0, 0, 0, 0,
    0, 0, 0, 0, 0, 0, 0, 0,
    0, 0, 0, 0, 0, -16, -16, -11,
    -11, -11, 0, 0, 0, 0, -2, -10,
    0, 0, 3, 0, -10, -8, -19, -4,
    -12, -5, -25, -5, -5, 1, 3, 4,
    0, -5, 0, 1, -2, 2, 7, -2,
    0, 0, 0, 0, 0, 0, 0, 0,
    0, 0, 0, 0, 0, 0, 0, 0,
    0, 0, 0, 0, 0, 0, -9, 0,
    0, 0, 0, 0, 0, 0, 0, 0,
    0, 0, 0, 0, 0, 0, 0, 0,
    0, 0, 0, 0, 0, 0, 0, 0,
    0, 0, 0, 0, 0, -23, 0, 0,
    0, -8, 0, 0, 0, 0, 0, 0,
    0, 0, 0, 0, 0, 0, 0, 0,
    0, 0, 0, 0, 0, 0, 0, 0,
    0, 0, 0, 0, 0, 0, 0, 0,
    0, 0, 0, 0, 0, 0, 0, 0,
    0, 0, 0, 0, 0, 0, 0, 0,
    0, 0, 0, 0, 0, 0, 0, 0,
    0, 0, 0, 0, 0, 0, 0, 0,
    0, 0, 0, 0, 0, 0, 0, 0,
    0, 0, 0, 0, 0, 0, 0, 0,
    0, 0, 0, -25, -25, -6, -8, -6,
    0, 0, 0, 0, -6, -13, 0, 0,
    -3, 0, -13, -6, -26, -7, -14, -13,
    -10, -13, -15, 2, 0, 2, 3, 0,
    0, 2, -5, 6, 5, -7, 0, 0,
    0, 0, 0, -8, 0, 2, 0, 0,
    0, 0, 0, 0, 0, 0, 0, 0,
    -11, 0, 0, 0, -17, 0, 0, 0,
    0, 0, 0, 0, 0, 0, 0, 0,
    0, 0, 0, 0, 0, 0, 0, 0,
    -10, 0, 0, -17, 0, 0, 0, 0,
    0, 0, -6, -7, 0, -7, -5, -14,
    0, 0, 0, 0, 0, 0, 0, 0,
    0, -5, 0, 0, 0, 0, 0, 0,
    0, 0, 0, 0, 0, 0, 0, 0,
    0, 0, 0, 0, 0, 0, 0, 0,
    0, 0, 0, 0, 0, 0, 0, 0,
    0, 0, 0, 0, 0, 0, 0, 0,
    0, 0, 0, 0, 0, 0, 0, 0,
    0, 0, 0, 0, 0, 0, 0, 0,
    0, 0, 0, 0, 0, 0, 0, 0,
    0, 0, 0, 0, 0, 0, 0, 0,
    0, -11, -11, -10, -11, -10, 0, 0,
    0, 0, -11, -21, 0, 0, -12, 0,
    -21, -9, -24, -20, -18, -12, -12, -12,
    -15, 0, -9, -2, 0, 2, 0, 0,
    -12, 1, 0, -9, 0, 0, 0, 0,
    0, -8, 0, 0, 0, 0, 0, 0,
    0, 0, -13, 0, -13, -13, -12, -13,
    0, 0, -22, 0, 0, 0, 0, 0,
    0, 0, 0, 0, 0, 0, 0, 0,
    0, 0, -7, 0, 0, 0, -16, -8,
    0, -18, 0, 0, 0, 0, 0, 0,
    -17, -5, 0, -20, -18, -15, 0, 0,
    0, 0, 0, 0, 0, 0, 0, -6,
    0, 0, 0, 0, 0, 0, 0, 0,
    0, 0, 0, 0, 0, 0, 0, 0,
    0, 0, 0, 0, 0, 0, 0, 0,
    0, 0, 0, 0, 0, 0, 0, 0,
    0, 0, 0, 0, 0, 0, 0, 0,
    0, 0, 0, 0, 0, 0, 0, 0,
    0, 0, 0, 0, 0, 0, 0, 0,
    0, 0, 0, 0, 0, 0, 0, 0,
    0, 0, 0, 0, 0, 0, 0, -12,
    -12, -20, -20, -20, 0, 0, 0, 0,
    -9, -17, 0, 0, -12, 0, -17, -8,
    -18, -17, -11, -14, -9, -14, -17, 0,
    -11, -4, 0, 0, 0, 0, -5, 0,
    -1, -8, 0, 0, 0, 0, 0, -9,
    0, 0, 0, 0, 0, 0, 0, 0,
    0, 0, 0, 0, 0, 0, 0, 0,
    -16, -32, 0, 0, 0, 0, 0, 0,
    0, 0, 0, 0, 0, 0, 0, 0,
    -8, 0, -9, 0, -17, 0, 0, -15,
    0, 0, 0, 0, 0, 0, -17, -7,
    0, -17, -16, -16, 0, 0, 0, 0,
    0, 0, 0, 0, 0, -9, 0, 0,
    0, 0, 0, 0, 0, 0, 0, 0,
    0, 0, 0, 0, 0, 0, 0, 0,
    0, 0, 0, 0, 0, 0, 0, 0,
    0, 0, 0, 0, 0, 0, 0, 0,
    0, 0, 0, 0, 0, 0, 0, 0,
    0, 0, 0, 0, 0, 0, 0, 0,
    0, 0, 0, 0, 0, 0, 0, 0,
    0, 0, 0, 0, 0, 0, 0, 0,
    0, 0, 0, 0, 0, -10, -10, -19,
    -17, -19, 0, 0, 0, 0, -7, -13,
    0, 0, -5, 0, -13, -6, -27, -9,
    -12, -13, -8, -13, -16, 2, 0, 1,
    3, 0, 0, 4, -7, 7, 2, -8,
    0, 0, 0, 0, 0, -8, 0, 0,
    0, 0, 0, 0, 0, 0, -7, 0,
    0, 0, 0, 0, 0, 0, -19, 0,
    0, 0, 0, 0, 0, 0, 0, 0,
    0, 0, 0, 0, 0, 0, 0, 0,
    0, 0, -10, 0, 0, 0, 0, 0,
    0, 0, 0, 0, 0, -7, 0, -8,
    -7, -15, 0, 0, 0, 0, 0, 0,
    0, 0, 0, 0, 0, 0, 0, 0,
    0, 0, 0, 0, 0, 0, 0, 0,
    0, 0, 0, 0, 0, 0, 0, 0,
    0, 0, 0, 0, 0, 0, 0, 0,
    0, 0, 0, 0, 0, 0, 0, 0,
    0, 0, 0, 0, 0, 0, 0, 0,
    0, 0, 0, 0, 0, 0, 0, 0,
    0, 0, 0, 0, 0, 0, 0, 0,
    0, 0, 0, 0, 0, 0, 0, 0,
    0, 0, 0, -9, -9, -11, -13, -11,
    0, 0, 0, 0, -8, -3, 0, 0,
    -3, 0, -3, -23, -8, -3, -31, -53,
    -42, -53, -45, -9, 0, -2, -5, -35,
    -9, -9, 3, -5, -2, -24, 0, 0,
    0, 0, 0, -43, -1, -11, -11, -36,
    -11, -11, -1, -8, 2, 0, 0, 0,
    -1, 1, -1, 0, -4, 0, -51, -32,
    -28, -28, -28, -10, -28, -2, -4, 0,
    -28, -28, 0, -27, -11, -21, -13, -14,
    -23, -13, -21, 0, -38, 0, 0, 0,
    0, 0, 0, -41, 0, -3, 0, -31,
    0, -43, -43, -43, -11, -1, 0, 0,
    0, -18, 0, 0, 1, -22, -26, -32,
    -26, -26, -26, -26, -32, -28, -28, -28,
    -18, -4, -4, 0, 0, 0, -28, -18,
    0, -21, -21, -21, -21, -13, -4, -13,
    -26, -26, -32, -28, -28, 0, -28, -28,
    -18, -28, 0, 0, -1, 0, 0, -4,
    -22, -2, 0, 0, -22, -22, -4, -8,
    -27, -27, -27, 2, -11, -21, -21, -21,
    -21, -21, 0, -14, 1, -13, -1, -21,
    -21, -43, -43, -6, -3, -6, 0, 0,
    0, 0, -7, -14, 0, 0, -4, 0,
    -14, -8, -27, -8, -15, -13, -11, -13,
    -17, 2, 0, 0, 2, 0, 0, 2,
    -8, 5, 3, -8, 0, 0, 0, 0,
    0, -9, 0, 0, 0, 0, 0, 0,
    0, 0, -9, 0, 0, 0, 0, 0,
    0, 0, -19, 0, 0, 0, 0, 0,
    0, 0, 0, 0, 0, 0, 0, 0,
    0, 0, -3, 0, 0, 0, -11, 0,
    0, 0, 0, 0, 0, 0, 0, 0,
    0, -8, 0, -9, -6, -15, 0, 0,
    0, 0, 0, 0, 0, 0, 0, 0,
    0, 0, 0, 0, 0, 0, 0, 0,
    0, 0, 0, 0, 0, 0, 0, 0,
    0, 0, 0, 0, 0, 0, 0, 0,
    0, 0, 0, 0, 0, 0, 0, 0,
    0, 0, 0, 0, 0, 0, 0, 0,
    0, 0, 0, 0, 0, 0, 0, 0,
    0, 0, 0, 0, 0, 0, 0, 0,
    0, 0, 0, 0, 0, 0, 0, 0,
    0, 0, 0, 0, 0, 0, 0, -12,
    -12, -11, -12, -11, 0, 0, 0, 0,
    -8, -18, 0, 0, -5, 0, -18, -6,
    -33, -10, -6, -22, -11, -22, -22, 5,
    -2, -3, -1, -2, -1, 5, -15, 1,
    3, -6, 0, 0, 0, 0, 0, -16,
    0, 4, 4, -14, 4, 4, 0, -1,
    -16, 0, -16, -15, -23, -20, -15, 0,
    -25, 0, -41, -3, 0, 0, 0, 0,
    0, -2, -2, 0, 0, 0, 0, 0,
    0, -1, -1, -1, -12, -1, -7, -23,
    0, 0, 0, 0, 0, 0, 0, -10,
    0, -12, -8, -11, 0, -16, -16, -16,
    4, 0, 0, 0, 0, -8, 0, 0,
    -20, -3, -3, -3, -3, -3, -3, -3,
    -3, 0, 0, 0, 0, -2, -2, 0,
    0, 0, 0, 0, 0, -1, -1, -1,
    -1, -1, -2, -1, -3, -3, -3, 0,
    0, 0, 0, 0, 0, 0, 0, 0,
    0, 0, 0, -2, -3, -2, 0, 0,
    -3, -3, -2, -1, 0, 0, 0, -16,
    0, -1, -1, -1, -1, -1, -15, -1,
    -20, -1, -15, -7, -7, -10, -10, -10,
    -13, -10, 0, 0, 0, 0, 0, -24,
    0, 0, 0, 0, 0, -15, -29, 0,
    0, 0, 0, 0, 0, -6, -9, 0,
    -10, -13, -9, 0, -33, 0, 0, 0,
    0, 0, 0, 0, 0, 0, 0, 0,
    0, 0, 0, 0, 0, 0, -46, 0,
    -26, 0, 0, -34, 0, 0, 0, 0,
    0, 0, 0, 0, 0, 0, 0, 0,
    0, 0, 0, 0, 0, 0, 0, 0,
    0, 0, 0, 0, 0, 0, 0, 0,
    0, 0, 0, 0, 0, 0, 0, 0,
    0, 0, 0, 0, 0, 0, 0, 0,
    0, 0, 0, 0, 0, 0, 0, 0,
    0, 0, 0, 0, 0, 0, 0, 0,
    0, 0, 0, 0, 0, 0, 0, 0,
    0, 0, 0, 0, 0, 0, 0, 0,
    0, 0, 0, 0, 0, 0, 0, 0,
    0, 0, 0, 0, 0, 0, 0, 0,
    0, 0, 0, 0, 0, 0, 0, 0,
    0, 0, 0, 0, 0, 0, 0, 0,
    0, 0, 0, 0, 0, 0, 0, 0,
    0, 0, 0, 0, 0, 0, 0, 0,
    0, 0, 0, 0, 0, 0, 0, 0,
    0, 0, 0, 0, -20, 0, 0, 0,
    0, 0, 0, 0, 0, 0, 0, 0,
    0, 0, 0, 0, 0, 0, 0, 0,
    0, 0, 0, 0, 0, 0, 0, 0,
    0, 0, 0, 0, 0, 0, 0, 0,
    0, 0, 0, 0, 0, 0, 0, 0,
    0, 0, 0, 0, 0, 0, 0, 0,
    0, 0, 0, 0, 0, 0, 0, 0,
    0, 0, 0, 0, 0, 0, 0, 0,
    0, 0, 0, 0, 0, 0, 0, 0,
    0, 0, 0, 0, 0, 0, 0, 0,
    0, 0, 0, 0, 0, 0, 0, 0,
    0, 0, 0, 0, 0, 0, 0, 0,
    0, 0, 0, 0, 0, 0, 0, 0,
    0, 0, 0, 0, 0, 0, 0, 0,
    0, 0, 0, 0, 0, 0, 0, 0,
    0, 0, 0, 0, 0, 0, 0, 0,
    0, 0, 0, 0, 0, 0, 0, 0,
    0, 0, 0, 0, 0, 0, 0, 0,
    0, 0, 0, 0, 0, 0, 0, 0,
    0, 0, 0, 0, 0, 0, 0, 0,
    0, 0, 0, 0, 0, 0, 0, 0,
    0, 0, -37, 0, 0, 0, 0, 0,
    0, 0, 0, 0, 0, 0, 0, 0,
    0, 0, 0, 0, -20, 0, 0, 0,
    0, 0, 0, 0, 0, -19, 0, 0,
    0, 0, -19, 0, 0, 0, -29, -23,
    -18, 0, 0, 0, 0, 0, 0, 0,
    0, 0, 0, 0, 0, 0, 0, 0,
    0, 0, 0, 0, 0, 0, 0, 0,
    0, 0, 0, 0, 0, 0, 0, 0,
    0, 0, 0, 0, 0, 0, 0, 0,
    0, 0, 0, 0, 0, 0, 0, 0,
    0, 0, 0, 0, 0, 0, 0, 0,
    0, 0, 0, 0, 0, 0, 0, 0,
    0, 0, 0, 0, 0, 0, 0, 0,
    0, 0, 0, 0, 0, 0, 0, 0,
    0, 0, 0, 0, 0, 0, 0, 0,
    0, 0, 0, 0, 0, 0, 0, 0,
    0, 0, 0, 0, 0, 0, 0, 0,
    0, 0, 0, 0, 0, 0, 0, 0,
    0, 0, 0, 0, 0, 0, 0, 0,
    0, 0, 0, 0, 0, 0, 0, 0,
    0, -20, 0, 0, 0, 0, -20, -15,
    -42, 0, 0, 0, 0, 0, 0, 0,
    -7, 0, -11, -8, -10, 0, -29, 0,
    0, 0, 0, -7, 0, 0, 0, -26,
    -9, 0, 0, -37, 0, 0, 0, -10,
    -34, 0, -23, -22, -36, -30, -28, 0,
    -41, 0, 0, -15, 0, 0, 0, 0,
    0, 0, 0, 0, 0, 0, 0, -10,
    0, 0, 0, 0, -15, 0, 0, 0,
    0, 0, 0, 0, 0, 0, 0, 0,
    0, 0, 0, 0, 0, 0, 0, 0,
    0, 0, 0, 0, 0, 0, 0, 0,
    0, 0, 0, 0, 0, 0, 0, 0,
    0, 0, 0, 0, 0, 0, 0, 0,
    0, 0, 0, 0, 0, 0, 0, 0,
    0, 0, 0, 0, 0, 0, 0, 0,
    0, 0, 0, 0, 0, 0, 0, 0,
    0, 0, 0, 0, 0, 0, 0, 0,
    0, 0, 0, 0, 0, 0, 0, 0,
    0, 0, 0, 0, 0, 0, 0, 0,
    0, 0, 0, 0, 0, 0, 0, 0,
    0, 0, 0, 0, 0, 0, 0, 0,
    0, 0, 0, 0, 0, 0, -50, 0,
    0, 0, 0, 0, 0, 0, 0, 0,
    0, 0, 0, 0, -50, 0, 0, 0,
    0, 0, -19, 0, 0, -32, 0, 0,
    0, -51, 0, 0, 0, -21, -54, 0,
    -30, -28, -47, -41, -40, 0, 0, 0,
    0, 0, 0, 0, 0, 0, 0, 0,
    0, 0, 0, 0, 0, 0, 0, 0,
    0, 0, -22, 0, 0, 0, 0, 0,
    0, 0, 0, 0, 0, 0, 0, 0,
    0, 0, 0, 0, 0, 0, 0, 0,
    0, 0, 0, 0, 0, 0, 0, 0,
    0, 0, 0, 0, 0, 0, 0, 0,
    0, 0, 0, 0, 0, 0, 0, 0,
    0, 0, 0, 0, 0, 0, 0, 0,
    0, 0, 0, 0, 0, 0, 0, 0,
    0, 0, 0, 0, 0, 0, 0, 0,
    0, 0, 0, 0, 0, 0, 0, 0,
    0, 0, 0, 0, 0, 0, 0, 0,
    0, 0, 0, 0, 0, 0, 0, 0,
    0, 0, 0, 0, 0, 0, 0, 0,
    0, 0, 0, 0, -10, -7, 0, 0,
    0, 0, -7, -17, -24, -3, 0, -43,
    -36, -43, -37, 0, 0, 0, 0, 0,
    0, 0, 0, 0, 0, -11, 0, 0,
    0, 0, 0, -35, -4, -6, -6, -32,
    -6, -6, -4, -7, -3, -3, -8, -8,
    -16, -8, -12, 0, -15, 0, 0, -19,
    -20, -19, -20, -1, -18, -5, -6, 0,
    -20, -19, 0, -15, -1, -10, 0, 0,
    -10, 0, -9, 0, 0, 0, 0, 0,
    0, 0, 0, -39, 0, 0, 0, -21,
    0, -35, -35, -35, -6, -4, 0, 0,
    0, 0, 0, -3, -8, 0, 0, -19,
    0, 0, 0, 0, -19, -20, -20, -20,
    0, -6, -6, 0, 0, 0, -20, 0,
    0, -10, -10, -10, -10, 0, -6, 0,
    0, 0, -19, -20, -19, 0, -20, -20,
    0, -18, 0, 0, -4, 0, 0, -6,
    0, -5, 0, 0, 0, 0, -6, -7,
    -15, -15, -15, -3, -1, -10, -10, -10,
    -10, -10, -8, 0, -8, 0, -12, -9,
    -9, -37, -37, -5, -6, -5, 0, 0,
    0, 0, 0, 0, 0, 0, 0, 0,
    0, 0, -33, 0, 0, 0, 0, 0,
    0, 0, 0, 0, 0, 0, 0, 0,
    0, 0, 0, 0, 0, 0, 0, 0,
    0, -26, 0, 0, 0, -32, 0, 0,
    0, 0, -19, 0, 0, 0, -26, 0,
    -22, 0, 0, 0, 0, -10, 0, -5,
    0, 0, -5, 0, 0, 0, 0, 0,
    0, -5, 0, 0, 0, 0, 0, 0,
    0, 0, 0, 0, 0, 0, 0, 0,
    0, 0, 0, 0, 0, 0, 0, 0,
    0, 0, 0, 0, 0, 0, 0, 0,
    0, 0, 0, 0, 0, 0, 0, 0,
    0, 0, 0, 0, 0, 0, 0, 0,
    0, 0, 0, 0, 0, 0, 0, 0,
    0, 0, 0, 0, 0, 0, 0, 0,
    0, 0, 0, 0, 0, 0, 0, 0,
    0, 0, 0, 0, 0, 0, 0, 0,
    0, 0, 0, 0, 0, 0, 0, 0,
    0, 0, 0, 0, 0, 0, 0, 0,
    0, 0, 0, 0, 0, 0, 0, 0,
    0, 0, 0, 0, 0, 0, 0, 0,
    -12, -46, 0, -15, 0, -11, -46, -21,
    -24, -45, -33, -10, -28, -10, -9, -14,
    -29, 0, -11, -10, -11, -14, -28, -9,
    -12, -7, -32, -26, 0, -41, 0, 0,
    -6, -18, -18, 0, -18, -18, -6, -13,
    -45, -17, -46, -41, -1, -48, -2, -47,
    -14, -46, -19, -9, -12, -10, -12, -17,
    -8, -9, -9, 0, -12, -10, 0, -7,
    -22, -14, -28, -25, -2, -28, -5, 0,
    -30, 0, 0, 0, 0, 0, 0, -24,
    0, 0, 0, -17, 0, 0, 0, 0,
    -18, -6, -6, -6, 0, -25, 0, -17,
    -48, -9, -9, -9, -9, -9, -9, -9,
    -9, -12, -12, -12, -11, -9, -9, -9,
    -9, -13, -12, -11, 0, -14, -14, -14,
    -14, -28, -9, -28, -9, -9, -9, -12,
    -10, 0, -12, -12, -11, -8, 0, -9,
    -6, 0, 0, -9, -9, -9, 0, -10,
    -9, -9, -9, -13, -7, -7, -7, -45,
    -22, -14, -14, -14, -14, -14, -41, -25,
    -48, -28, -2, -5, -5, -28, -28, -42,
    -44, -42, -42, 0, 0, 0, -7, -14,
    0, 0, 0, 0, -14, -7, -27, -9,
    -15, -13, -12, -13, -16, 1, 0, 0,
    0, 0, 0, 1, -7, 5, 3, -7,
    0, 0, 0, -8, 0, -8, 0, 1,
    1, 0, 1, 1, 0, 1, -8, 0,
    -11, -12, -11, -15, -5, 0, -18, 0,
    -35, -3, 0, 0, 0, -3, 0, -1,
    -1, 0, 0, 0, 0, -1, -3, -1,
    -2, -3, -11, -2, -6, -18, 0, 0,
    0, 0, 0, 0, 0, -8, 0, 0,
    0, -15, 0, -8, -8, -8, 1, 0,
    0, 0, 0, 0, 0, 0, -15, -2,
    -3, -3, -3, -3, -3, -3, -3, 0,
    0, 0, 0, -1, -1, 6, 4, 0,
    0, 0, 0, -1, -1, -1, -1, -2,
    -1, -2, -3, -3, -3, 0, 0, 0,
    0, 0, 0, 0, 0, 3, 0, 3,
    0, -1, -2, -1, 0, 0, -2, -2,
    -1, 1, -1, -1, -1, -8, -3, -1,
    -1, -1, -1, -1, -12, -3, -15, -2,
    -5, -6, -6, -13, -13, -11, -13, -11,
    -12, 0, 0, 0, -10, -16, 0, 0,
    0, 0, -16, -10, -33, -9, -17, -20,
    -15, -20, -21, 1, -1, 0, 0, 0,
    0, 1, -15, 0, 0, -8, 0, -6,
    0, -9, 0, -14, 0, -1, -1, -9,
    -1, -1, 0, 0, -16, -1, -14, -13,
    -20, -21, -13, 0, -25, 0, -42, -7,
    -1, -2, -1, 0, -2, -3, -4, 0,
    -1, -2, 0, -6, 0, -5, 0, -1,
    -11, 0, -8, -23, 0, 0, 0, 0,
    0, 0, 0, -9, 0, 0, 0, -13,
    0, -14, -14, -14, -1, 0, 0, 0,
    0, 0, 0, -1, -21, -6, -6, -7,
    -6, -6, -6, -6, -7, -1, -1, -1,
    -1, -4, -4, 3, 0, 0, -1, -1,
    0, -5, -5, -5, -5, 0, -4, 0,
    -6, -6, -7, -1, -2, 0, -1, -1,
    -1, -2, 0, 0, 0, 0, 0, -4,
    -6, -3, 0, 0, -6, -6, -4, 0,
    -6, -6, -6, -16, 0, -5, -5, -5,
    -5, -5, -13, -1, -21, 0, -13, -8,
    -8, -15, -15, -8, -11, -8, -10, 0,
    0, 0, -8, -20, 0, 0, 0, -3,
    -20, -7, -38, -13, -7, -25, -11, -25,
    -23, 4, -1, 0, -4, 0, 0, 4,
    -21, 0, 0, -7, 0, 0, 0, -16,
    0, -18, 0, 2, 2, -18, 2, 2,
    0, -2, -22, 0, -18, -16, -27, -25,
    -18, 0, -31, 0, -49, -5, -1, -1,
    -1, 0, -1, -2, -3, 0, -1, -1,
    0, -1, 0, -2, -2, -3, -13, -2,
    -8, -26, 0, 0, 0, 0, 0, 0,
    0, -10, 0, 0, 0, -11, 0, -18,
    -18, -18, 2, 0, 0, 0, 0, 0,
    0, 0, -25, -3, -4, -5, -4, -4,
    -4, -4, -5, -1, -1, -1, -1, -3,
    -3, 3, 0, 0, -1, -1, 0, -2,
    -2, -2, -2, -2, -3, -2, -4, -4,
    -5, -1, -1, 0, -1, -1, -1, -1,
    0, 0, 0, 0, 0, -3, -3, -2,
    0, 0, -3, -3, -3, -2, -1, -1,
    -1, -22, 0, -2, -2, -2, -2, -2,
    -16, -3, -25, -2, -18, -8, -8, -11,
    -11, -12, -14, -12, -12, 0, 0, 0,
    -11, -13, 0, 0, 0, -11, -13, -20,
    -15, -13, -18, -12, -26, -12, -12, -11,
    -7, 0, -10, -10, -10, -11, 0, -9,
    -8, -10, 0, -22, 0, -16, -14, -4,
    -6, -12, -12, 1, -12, -12, -6, -13,
    -3, -7, -6, -8, -4, -4, -5, 0,
    -12, -29, -21, -10, -12, -12, -12, -13,
    -12, -4, -5, 0, -12, -12, 0, -8,
    -13, -14, -16, -16, -8, -16, -8, 0,
    -22, 0, 0, 0, 0, 0, 0, -26,
    0, 0, 0, -15, 0, -4, -4, -4,
    -12, -6, 0, -5, 0, -27, -8, -7,
    -4, -12, -9, -10, -9, -9, -9, -9,
    -10, -12, -12, -12, -11, -5, -5, 0,
    6, -13, -12, -11, 0, -14, -14, -14,
    -14, -16, -5, -16, -9, -9, -10, -12,
    -12, 0, -12, -12, -11, -12, 0, 0,
    -6, 0, 0, -5, -12, -4, 0, 0,
    -12, -12, -5, -13, -8, -8, -8, -3,
    -13, -14, -14, -14, -14, -14, -8, -16,
    -4, -16, -5, -8, -8, -27, -27, -17,
    -13, -17, -13, 0, 0, 0, -12, -8,
    -16, 0, 0, -15, -8, -18, -13, -9,
    -15, -49, -22, -49, -35, -7, -6, 0,
    -10, -13, -14, -7, 0, -9, -7, -18,
    0, -18, 0, -13, 0, -29, -3, -7,
    -7, -44, -7, -7, -3, -13, 0, -3,
    -2, -3, -6, -1, -5, 0, -8, -25,
    -82, -18, -8, -8, -8, -12, -8, -4,
    -5, 0, -8, -8, 0, -12, -12, -15,
    -15, -13, -30, -15, -23, 0, 0, 0,
    0, 0, 0, 0, 0, -19, 0, 0,
    0, -21, 0, -29, -29, -29, -7, -3,
    0, 0, 0, 0, -7, -3, -1, -17,
    -17, -18, -17, -17, -15, -17, -18, -8,
    -8, -8, -8, 3, -5, 2, 10, 0,
    -8, -8, -8, -15, -15, -15, -15, -15,
    -5, -15, -17, -17, -18, -8, -8, 0,
    -8, -8, -8, -8, 0, 0, -3, 0,
    0, -5, -17, -4, 0, 0, -17, -17,
    -5, -13, -12, -12, -12, 0, -12, -15,
    -15, -15, -15, -15, -3, -13, -1, -15,
    -5, -23, -23, -22, -22, -13, -8, -13,
    -8, 0, 0, 0, -8, -19, 0, 0,
    0, 0, -19, -8, -34, -13, -11, -16,
    -12, -16, -17, 2, -2, 0, 0, 0,
    0, 2, -16, 0, 0, -10, 0, 0,
    0, -13, 0, -10, -1, 0, 0, -3,
    0, 0, -1, 0, -19, 0, -17, -16,
    -14, -22, -8, 0, -26, 0, -38, -3,
    1, 3, 1, -3, 2, -2, -3, 0,
    1, 3, 0, -1, -3, -2, -2, -3,
    -12, -2, -8, -24, 0, 0, 0, 0,
    0, 0, 0, -10, 0, 0, 0, -14,
    0, -10, -10, -10, 0, -1, 0, 0,
    0, 0, 0, 0, -22, -3, -3, -3,
    -3, -3, -3, -3, -3, 1, 1, 1,
    1, -3, -3, 2, 0, 0, 1, 1,
    0, -2, -2, -2, -2, -2, -3, -2,
    -3, -3, -3, 1, 3, 0, 1, 1,
    1, 2, 0, 0, -1, 0, 0, -3,
    -3, -2, 0, 0, -3, -3, -3, 0,
    -1, -1, -1, -19, -3, -2, -2, -2,
    -2, -2, -16, -3, -22, -2, -8, -8,
    -8, -12, -12, -12, -15, -12, -14, 0,
    0, 0, -9, -10, 0, 0, 0, 0,
    -10, -9, -15, -8, -12, -18, -15, -18,
    -19, 0, 0, 0, 0, 0, 0, 0,
    0, 0, 0, -7, 0, 0, 0, -8,
    0, -12, -4, 0, 0, -4, 0, 0,
    -4, -1, -3, -2, -5, -5, -7, -3,
    -7, 0, -12, 0, -35, -4, 0, 0,
    0, 0, 0, -2, -3, 0, 0, 0,
    0, -1, 0, -3, -2, -2, -12, -2,
    -7, 0, 0, 0, 0, 0, 0, 0,
    0, -13, 0, 0, 0, -14, 0, -12,
    -12, -12, 0, -4, 0, 0, 0, 0,
    0, -2, -3, -5, -3, -4, -3, -3,
    -3, -3, -4, 0, 0, 0, 0, -3,
    -3, 4, 10, 0, 0, 0, 0, -3,
    -3, -3, -3, -2, -3, -2, -3, -3,
    -4, 0, 0, 0, 0, 0, 0, 0,
    0, 0, -4, 0, 0, -3, -5, -2,
    0, 0, -5, -5, -3, -1, -1, -1,
    -1, -3, 0, -3, -3, -3, -3, -3,
    -5, -2, -3, -2, -7, -7, -7, -15,
    -15, -10, -10, -10, -9, 0, 0, 0,
    -13, -15, 0, -22, 0, -20, -15, -30,
    -12, -20, -60, -13, -45, -13, -10, -22,
    -20, 0, -16, -25, -16, -22, 0, -15,
    -16, -10, -63, -43, -34, -23, -31, 0,
    -4, -28, -28, 0, -28, -28, -4, -19,
    -3, -8, -3, -6, 0, -4, -2, 0,
    -9, -38, -18, -13, -23, -20, -23, -19,
    -15, -8, -8, 0, -23, -20, -6, -15,
    -30, -19, -34, -32, 0, -34, -7, 0,
    -58, 0, 0, 0, 0, 0, 0, -39,
    -33, 0, 0, -22, 0, 0, 0, 0,
    -28, -4, 0, 0, 0, 0, 0, -8,
    -4, -12, -13, -13, -13, -13, -13, -13,
    -13, -23, -23, -23, -21, 4, -8, -2,
    0, 0, -23, -21, -7, -19, -19, -19,
    -19, -34, -8, -34, -13, -13, -13, -23,
    -20, 0, -23, -23, -21, -15, 0, 0,
    -4, 0, 0, -8, -12, -8, 0, -12,
    -12, -12, -3, -19, -15, -15, -15, -3,
    -30, -19, -19, -19, -19, -19, -6, -32,
    -4, -34, -2, -7, -7, -46, -46, -23,
    -16, -23, -15, 0, 0, 0, -12, -79,
    0, 0, 0, -13, -49, -25, -26, -81,
    -52, -11, -45, -11, -11, -19, -35, 0,
    -12, -12, -12, -19, -30, -11, -15, -8,
    -74, -53, -25, -43, -23, -3, -7, -23,
    -23, 1, -23, -23, -7, -15, -50, -21,
    -52, -42, -3, -55, -4, -52, -18, -91,
    -20, -9, -16, -14, -16, -21, -13, -10,
    -11, 0, -16, -14, 0, -8, -27, -15,
    -34, -29, -7, -34, -7, 0, -77, 0,
    0, 0, 0, 0, -74, -29, -26, 0,
    0, -18, 0, -3, -3, -3, -23, -7,
    -7, 0, 0, -33, -9, -21, -55, -11,
    -9, -9, -9, -9, -9, -9, -9, -16,
    -16, -16, -16, -11, -11, -11, -11, 0,
    -16, -16, -5, -15, -15, -15, -15, -34,
    -11, -34, -9, -9, -9, -16, -14, 0,
    -16, -16, -16, -13, 0, 0, -7, -11,
    -7, -11, -11, -10, 0, 0, -11, -11,
    -11, -15, -8, -8, -8, -50, -27, -15,
    -15, -15, -15, -15, -42, -29, -55, -34,
    -4, -7, -7, -53, -53, -50, -53, -50,
    -79, 0, 0, 0, -9, -20, 0, 0,
    0, 0, -20, -7, -38, -13, -7, -24,
    -11, -24, -23, 5, -1, 0, 0, 0,
    0, 5, -20, 0, 0, -7, 0, 0,
    0, -15, 0, -18, 0, 2, 2, -16,
    2, 2, 0, -2, -21, 0, -17, -16,
    -26, -23, -17, 0, -30, -18, -46, -4,
    -1, 0, -1, 0, -1, -2, -2, 0,
    -1, 0, 0, 0, 0, -2, -2, -2,
    -13, -2, -8, -26, 0, 0, 0, 0,
    0, 0, 0, -10, 0, 0, 0, -11,
    0, -18, -18, -18, 2, 0, 0, 0,
    0, 0, 0, 0, -23, -3, -4, -4,
    -4, -4, -4, -4, -4, -1, -1, -1,
    -1, -2, -2, 3, 1, 0, -1, -1,
    0, -2, -2, -2, -2, -2, -2, -2,
    -4, -4, -4, -1, 0, 0, -1, -1,
    -1, -1, 0, 0, 0, 0, 0, -2,
    -3, -2, 0, 0, -3, -3, -2, -2,
    0, 0, 0, -21, 0, -2, -2, -2,
    -2, -2, -16, -2, -23, -2, -17, -8,
    -8, -11, -11, -11, -14, -11, -12, 0,
    0, 0, -10, -10, 0, 0, 0, -16,
    -10, -13, -29, -4, -10, -53, -27, -53,
    -34, -2, 2, 0, 0, -23, -7, -2,
    -5, 0, 0, -6, 0, 0, 0, -2,
    0, -31, -1, -2, -2, -42, -2, -2,
    -1, -6, -6, -1, -9, -9, -20, -13,
    -15, 0, -22, 0, -89, -12, -10, -10,
    -10, 0, -10, -3, -3, 0, -10, -10,
    0, -7, 0, -6, 0, 0, -9, 0,
    -6, 0, 0, 0, 0, 0, 0, 0,
    0, -28, 0, 0, 0, -15, 0, -31,
    -31, -31, -2, -1, 0, 0, 0, 0,
    0, -1, -13, -8, -12, -12, -12, -12,
    -12, -12, -12, -10, -10, -10, -10, -3,
    -3, 7, 2, 0, -10, -10, 0, -6,
    -6, -6, -6, 0, -3, 0, -12, -12,
    -12, -10, -10, 0, -10, -10, -10, -10,
    0, 0, -1, 0, 0, -3, -8, -3,
    0, 0, -8, -8, -3, -6, -7, -7,
    -7, -6, 0, -6, -6, -6, -6, -6,
    -9, 0, -13, 0, -15, -6, -6, -28,
    -28, -5, -6, -5, -6, 0, 0, -73,
    -3, -22, 0, 0, 0, 0, -22, -6,
    -18, -15, -9, -4, -14, -4, -3, 1,
    -2, 0, 0, 0, 0, 1, -17, 0,
    0, 0, 0, 0, 0, -16, 0, 0,
    2, 0, 0, 7, 0, 0, 2, -2,
    -22, -2, -20, -19, 0, -26, 1, 0,
    -8, 0, -18, 0, 2, 2, 2, 0,
    3, 2, 2, 0, 2, 2, 0, 1,
    -2, 1, -3, -3, 0, -3, 0, 0,
    0, 0, 0, 0, 0, 0, 0, -12,
    0, 0, 0, -5, 0, 0, 0, 0,
    0, 2, 0, 0, 0, 0, 0, -2,
    -26, 2, 0, 0, 0, 0, 0, 0,
    0, 2, 2, 2, 2, 2, 2, 6,
    2, 0, 2, 2, 0, 1, 1, 1,
    1, -3, 2, -3, 0, 0, 0, 2,
    2, 6, 2, 2, 2, 3, 0, 0,
    2, 0, 0, 2, 2, 2, 0, 0,
    2, 2, 2, -2, 1, 1, 1, -22,
    -2, 1, 1, 1, 1, 1, -19, -3,
    -26, -3, 1, 0, 0, -14, -14, -13,
    -16, -13, -15, 0, 0, 0, -7, -14,
    0, 0, 0, -14, -14, -14, -20, -8,
    -17, -10, -30, -10, -6, -3, 0, 0,
    0, 0, 0, -3, 0, 0, 0, -4,
    0, 0, 0, -8, 0, 0, 0, -4,
    -4, 0, -4, -4, 0, -7, -11, -4,
    -12, -12, 0, -17, -2, 0, -8, 0,
    -18, -10, -12, -11, -12, -1, -9, -3,
    -4, 0, -12, -11, 0, -8, -2, -8,
    -1, -3, 0, -1, -3, 0, 0, 0,
    0, 0, 0, 0, 0, -31, 0, 0,
    0, -14, 0, 0, 0, 0, -4, 0,
    0, 0, 0, 0, 0, -4, -17, -7,
    -9, -10, -9, -9, -9, -9, -10, -12,
    -12, -12, -11, -4, -4, 5, 2, 0,
    -12, -11, 0, -8, -8, -8, -8, -1,
    -4, -1, -9, -9, -10, -12, -11, 0,
    -12, -12, -11, -9, 0, 0, 0, 0,
    0, -4, -7, -3, 0, 0, -7, -7,
    -4, -7, -8, -8, -8, -11, -2, -8,
    -8, -8, -8, -8, -12, -3, -17, -1,
    -2, -3, -3, -31, -31, -10, -12, -10,
    -10, 0, 0, 0, -7, -13, 0, 0,
    0, 0, -13, -7, -27, -8, -16, -12,
    -9, -12, -15, 3, 0, 0, 3, 0,
    0, 3, 0, 7, 0, -7, 0, 0,
    0, -7, 0, -7, 0, 0, 0, 0,
    0, 0, 0, 0, -8, 0, -12, -11,
    -11, -17, -5, 0, -19, 0, -35, 0,
    -1, 0, -1, -1, 0, -1, 0, 0,
    -1, 0, 0, -1, -1, -1, 0, -1,
    -9, 0, -7, 0, 0, 0, 0, 0,
    0, 0, 0, -7, 0, 0, 0, -14,
    0, -7, -7, -7, 0, 0, 0, 0,
    0, 0, 0, 0, -17, -2, -2, 0,
    -2, -2, -2, -2, 0, -1, -1, -1,
    0, 0, 0, 7, 4, 0, -1, 0,
    0, -1, -1, -1, 0, 0, 0, 0,
    -2, -2, 0, -1, 0, 0, -1, -1,
    0, 0, 0, 0, 0, 3, 0, 0,
    -2, -1, 0, 2, -2, -2, 0, 0,
    -1, -1, -1, -8, -1, -1, -1, -1,
    -1, -1, -11, -1, -17, 0, -5, -7,
    -7, -10, -10, -10, -12, -10, -11, 0,
    0, 0, -10, 0, -28, -17, 0, -26,
    0, -29, -11, -6, -46, -53, -60, -53,
    -49, -17, -6, 0, -8, -47, -13, -17,
    0, -9, 0, -46, -54, -34, -20, -10,
    -26, -45, -3, -21, -21, -38, -21, -21,
    -3, -15, 1, -2, 0, -2, -3, 0,
    -2, 0, -6, -23, -51, -46, -43, -43,
    -43, -22, -43, -4, -5, -43, -43, -43,
    -43, -43, -25, -35, -35, -35, -35, -35,
    -35, 0, -61, 0, 0, 0, 0, 0,
    0, -59, -23, 0, 0, -61, 0, -45,
    -45, -38, -21, -3, 0, 0, 0, -27,
    -20, -2, 0, -26, -17, -41, -17, -17,
    -15, -34, -46, -43, -34, -35, -20, 0,
    -8, 0, 12, 0, -43, -19, -43, -22,
    -35, -23, -20, -34, -5, -35, -17, -17,
    -46, -43, 0, 0, -40, -43, -20, -43,
    0, 0, -3, 8, 0, -5, -35, -4,
    0, -11, -26, -26, -1, -15, -26, -43,
    -10, 1, -25, -21, 0, -33, -26, -35,
    -2, -35, 0, -17, -2, 0, 0, -61,
    -61, -11, 0, -11, -5, 0, 0, 0,
    -8, -8, 0, 0, 0, 0, -8, -9,
    -14, -7, -10, -22, -14, -22, -23, 0,
    0, 0, 0, 0, 0, 0, 0, 0,
    0, -8, 0, 0, 0, -8, 0, -17,
    -3, 0, 0, -12, 0, 0, -3, -2,
    -2, -1, -3, -4, -8, -3, -7, 0,
    -11, 0, -41, -5, -1, -1, -1, 0,
    -1, -2, -2, 0, -1, -1, 0, -3,
    0, -3, -1, -2, -12, -1, -8, 0,
    -13, 0, 0, 0, 0, 0, 0, -12,
    0, 0, 0, -14, 0, -17, -17, -17,
    0, -3, 0, 0, 0, 0, 0, -1,
    -3, -4, -4, -5, -4, -4, -4, -4,
    -5, -1, -1, -1, 0, -2, -2, 6,
    11, 0, -1, 0, 0, -3, -3, -3,
    -3, -1, -2, -1, -4, -4, -5, -1,
    -1, 0, -1, -1, 0, -1, 0, 0,
    -3, 0, 0, -2, -4, -2, 0, 0,
    -4, -4, -2, -2, -3, -3, -3, -2,
    0, -3, -3, -3, -3, -3, -4, -2,
    -3, -1, -7, -8, -8, -14, -14, -10,
    -9, -10, -8, 0, 0, 0, -12, -7,
    0, 0, 0, -26, -7, -28, -13, -10,
    -31, -53, -40, -53, -50, -16, -6, 0,
    -12, -32, -12, -16, 0, -12, 0, -26,
    -30, -23, 0, -12, 0, -46, -5, -17,
    -17, -39, -17, -17, -5, -15, 0, -3,
    0, -2, -3, 0, -6, 0, -8, 0,
    -58, -31, -28, -28, -28, -13, -28, -5,
    -7, -17, -28, -28, -17, -27, -14, -25,
    -13, -16, -25, -13, -25, 0, 0, 0,
    0, 0, 0, 0, 0, -41, 0, 0,
    0, -31, 0, -46, -46, -46, -17, -5,
    0, 0, 0, 0, -17, -3, 0, -22,
    -19, -31, -23, -18, -18, -28, -31, -28,
    -28, -28, -18, 4, -13, 6, 7, 0,
    -28, -18, -28, -25, -25, -25, -17, -13,
    -7, -13, -19, -21, -31, -28, -28, 0,
    -28, -28, -18, -28, 0, 0, -5, 4,
    -5, -7, -22, -5, 0, 0, -22, -22,
    -7, -15, -27, -27, -10, 0, -14, -25,
    -25, -25, -25, -25, -2, -16, 0, -13,
    -6, 0, 0, -40, -40, -14, -9, -14,
    -6, 0, 0, 0, -13, -10, 0, 0,
    0, -26, -10, -26, -14, -11, -28, -47,
    -36, -47, -47, -15, -6, 0, -12, -28,
    -13, -15, 0, 0, 0, -24, 0, 0,
    0, -13, 0, -41, -5, -16, -16, -33,
    -16, -16, -5, -15, -2, -4, -2, -5,
    -5, 0, -8, 0, -11, 0, -47, -27,
    -24, -23, -24, -12, -23, -7, -8, -15,
    -24, -23, -15, -22, -12, -22, -13, -15,
    -23, -13, -23, 0, 0, 0, 0, 0,
    0, 0, 0, -37, 0, 0, 0, -29,
    0, -41, -41, -41, -16, -5, 0, 0,
    0, 0, 0, -4, 0, -23, -19, -27,
    -19, -19, -18, -19, -27, -24, -24, -24,
    -17, 3, -8, 4, 6, 0, -24, -17,
    0, -22, -22, -22, -17, -13, -8, -13,
    -19, -19, -27, -24, -23, 0, -24, -24,
    -17, -23, 0, 0, -5, 0, 0, -8,
    -23, -7, 0, -10, -23, -23, -8, -15,
    -22, -22, -11, -2, -12, -22, -22, -22,
    -22, -22, -5, -15, 0, -13, -8, -23,
    -23, -36, -36, -15, -10, -15, -9, 0,
    0, 0, -10, -10, 0, 0, 0, 0,
    -10, -26, -9, -15, -47, -13, -38, -13,
    -10, -19, -13, 0, -13, -19, -11, -19,
    0, -12, 0, -9, -45, -34, -26, -18,
    -25, -1, -3, -24, -24, 0, -24, -24,
    -3, -15, 0, -4, 0, -1, -2, 0,
    -2, 0, -7, -31, -20, -13, -20, -19,
    -20, -18, -12, -4, -5, 0, -20, -19,
    -6, -12, -22, -19, -26, -26, -2, -26,
    -7, 0, 0, 0, 0, 0, 0, 0,
    0, -33, -27, 0, 0, -20, 0, -1,
    -1, -1, -24, -3, 0, 0, 0, -31,
    0, -4, 0, -11, -12, -13, -12, -12,
    -12, -12, -13, -20, -20, -20, -17, -5,
    -5, 3, 7, 0, -20, -17, 0, -19,
    -19, -19, -19, -26, -5, -26, -12, -12,
    -13, -20, -19, 0, -20, -20, -17, -12,
    0, 0, -3, 3, 0, -5, -11, -4,
    0, 0, -11, -11, -5, -15, -12, -12,
    -12, 0, -22, -19, -19, -19, -19, -19,
    -1, -26, 0, -26, -2, -7, -7, -39,
    -39, -18, -11, -18, -8, 0, 0, 0,
    -11, -7, -29, 0, 0, -32, -7, -33,
    -8, -12, -42, -53, -60, -53, -52, -21,
    -9, 0, -16, -50, -13, -21, 0, -16,
    -14, -34, -41, -30, 0, -15, -30, -48,
    -4, -23, -23, -42, -23, -23, -4, -19,
    0, -3, 0, 0, -2, 0, -4, 0,
    -7, -27, -56, -42, -41, -41, -41, -22,
    -41, -5, -8, -34, -41, -41, -34, -38,
    -23, -32, -23, -24, -31, -23, -31, 0,
    -52, 0, 0, 0, 0, 0, 0, -60,
    -27, 0, 0, -42, 0, -48, -48, -48,
    -23, -4, 0, 0, 0, 0, 0, -3,
    0, -33, -17, -42, -17, -17, -17, -17,
    -42, -41, -31, -41, -19, -8, -8, 7,
    0, 0, -41, -19, 0, -19, -32, -29,
    -20, -23, -8, -23, -17, -17, -42, -41,
    -41, 0, -41, -41, -19, -41, 0, 0,
    -4, 0, 0, -8, -33, -5, 0, 0,
    -33, -33, -8, -19, -38, -38, -38, 0,
    -23, -21, 0, 0, 0, 0, 0, -24,
    0, -23, -4, -31, -31, -61, -61, -15,
    -7, -15, -6, 0, 0, 0, -9, -9,
    0, -13, 0, 0, -9, -23, -12, -10,
    -38, -10, -41, -10, -11, -12, -4, 0,
    -8, -10, -8, -12, 0, -6, -5, -8,
    -37, -25, 0, -11, -20, -2, -3, -15,
    -15, 1, -15, -15, -3, -9, -1, -5,
    -3, -5, -2, -2, -3, 0, -8, -25,
    -20, -9, -15, -13, -15, -13, -13, -3,
    -4, 0, -15, -13, 0, -7, -16, -14,
    -17, -18, -7, -17, -6, 0, 0, 0,
    0, 0, 0, 0, 0, -29, -20, 0,
    0, -18, 0, -2, -2, -2, -15, -3,
    0, 0, 0, 0, 0, -5, -2, -10,
    -8, -9, -8, -8, -8, -8, -9, -15,
    -15, -15, -12, -4, -4, 6, 0, 0,
    -15, -12, 0, -14, -14, -14, -14, -17,
    -4, -17, -8, -8, -9, -15, -13, 0,
    -15, -15, -12, -13, 0, 0, -3, 0,
    0, -4, -10, -3, -5, -9, -10, -10,
    -4, -9, -7, -7, -7, -1, -16, -14,
    -14, -14, -14, -14, -5, -18, -2, -17,
    -3, -6, -6, -43, -43, -13, -10, -13,
    -10, 0, 0, 0, -16, -13, -32, 0,
    -13, 0, -13, -36, -11, -16, -46, -23,
    -52, -23, -11, -27, -21, -13, -18, -42,
    -22, -27, -5, -19, -17, -21, 0, -41,
    0, 0, 0, -14, -12, -30, -30, -10,
    -30, -30, -12, -22, -6, -11, -8, -11,
    -8, -7, -11, 0, -5, 0, 0, -26,
    -31, -29, -31, -26, -14, -9, -10, 0,
    -31, -29, 0, -25, -29, -29, -40, -38,
    -14, -24, -19, 0, -53, 0, 0, 0,
    0, 0, 0, -46, 0, 0, 0, -30,
    0, -14, -14, -14, -30, -12, 0, 0,
    0, 0, -21, -11, -7, -22, -20, -26,
    -20, -20, -20, -20, -26, -31, -31, -31,
    -24, -10, -10, 0, 0, 0, -31, -24,
    -20, -29, -29, -29, -29, -24, -10, -24,
    -20, -20, -26, -31, -29, -16, -31, -31,
    -24, -14, 0, 0, -12, 0, 0, -10,
    -22, -9, 0, 0, -22, -22, -10, -22,
    -25, -25, -25, -6, -29, -29, -29, -29,
    -29, -29, -11, -38, -7, -24, -11, -19,
    -19, -52, -52, -20, -14, -20, 0, 0,
    0, -21, 0, -48, 0, 0, 0, 0,
    -47, 0, 0, -45, 0, 0, 0, 0,
    0, 0, 0, 0, 0, 0, 0, 0,
    0, 0, 0, 0, 0, 0, 0, 0,
    0, 0, 0, 0, 0, 0, 0, 0,
    0, 0, -49, 0, -50, -47, 0, -52,
    0, 0, 0, 0, 0, 0, 0, 0,
    0, -21, 0, 0, 0, 0, 0, 0,
    0, 0, -26, 0, 0, 0, 0, 0,
    0, 0, 0, 0, 0, 0, 0, 0,
    0, 0, 0, 0, 0, 0, 0, 0,
    0, 0, 0, 0, 0, 0, 0, 0,
    0, 0, 0, 0, 0, 0, 0, 0,
    0, 0, 0, 0, 0, 0, 0, 0,
    0, 0, 0, 0, 0, 0, 0, 0,
    0, 0, 0, 0, 0, 0, 0, 0,
    0, 0, 0, 0, 0, 0, 0, 0,
    0, 0, 0, 0, 0, 0, 0, 0,
    0, 0, 0, 0, 0, 0, 0, 0,
    0, 0, 0, 0, 0, 0, 0, 0,
    0, 0, 0, 0, 0, 0, 0, 0,
    0, 0, 0, 0, 0, 0, 0, 0,
    0, 0, 0, 0, 0, 0, 0, -27,
    -39, -15, 0, -53, -77, -53, 0, 0,
    0, 0, -14, -42, 0, 0, 0, 0,
    0, 0, 0, 0, 0, 0, 0, -46,
    -15, -18, -18, -56, -18, -18, -15, -18,
    -23, -15, -24, -24, -33, -27, -29, 0,
    0, 0, 0, -30, -31, -30, -31, -7,
    -30, -17, -18, 0, -31, -30, 0, -26,
    -7, -20, -5, -9, -20, -5, -20, 0,
    0, 0, 0, 0, 0, 0, 0, 0,
    0, 0, 0, 0, 0, -46, -46, -46,
    -18, -15, 0, 0, 0, 0, 0, -15,
    -27, 0, 0, -30, 0, 0, 0, 0,
    -30, -31, -31, -31, 0, -18, -18, 0,
    0, 0, -31, 0, 0, -20, -20, -20,
    -20, -5, -18, -5, 0, 0, -30, -31,
    -30, 0, -31, -31, 0, -30, 0, 0,
    -15, 0, 0, -18, 0, -17, 0, 0,
    0, 0, -18, -18, -26, -26, -26, -23,
    -7, -20, -20, -20, -20, -20, -24, -9,
    -27, -5, -29, -20, -20, 0, 0, 0,
    0, 0, 0, 0, 0, 0, 0, -86,
    0, 0, 0, 0, -49, -34, 0, -83,
    0, 0, 0, 0, 0, -43, -40, 0,
    -36, -78, -36, -40, -33, -36, -36, 0,
    0, 0, 0, 0, 0, -19, -22, -46,
    -46, -18, -46, -46, -22, -39, -51, -41,
    -58, -47, -20, -56, -20, 0, 0, 0,
    16, -28, -37, -34, -37, -25, -2, -21,
    0, 0, -37, -34, 0, -31, -39, -33,
    -18, -36, -18, -18, -20, 0, 0, 0,
    0, 0, 0, 0, 0, 0, 0, 0,
    0, 0, 0, -19, -19, -19, -46, -22,
    0, 0, 0, 0, 0, -41, -56, -21,
    -28, -28, -28, -28, -28, -28, -28, -37,
    -37, -37, -37, 0, 0, 0, 0, 0,
    -37, -37, 0, -33, -33, -33, -33, -18,
    0, -18, -28, -28, -28, -37, -34, 0,
    -37, -37, -37, -2, 0, 0, -22, 0,
    0, 0, -21, -21, 0, 0, -21, -21,
    0, -39, -31, -31, -31, -51, -39, -33,
    -33, -33, -33, -33, -47, -36, -56, -18,
    -20, -20, -20, 0, 0, 0, 0, 0,
    -88, 0, 0, 0, -12, -34, 0, 0,
    0, 0, -34, -13, -27, -31, -16, -14,
    -18, -14, -14, -5, -20, 0, -9, 0,
    0, -5, -33, 0, 0, -10, 0, -15,
    0, -30, 0, -8, -5, -6, -6, -3,
    -6, -6, -5, -9, -48, -8, -32, -29,
    -10, -44, -10, -33, -19, -32, -21, -6,
    -3, -3, -3, -10, -3, -5, -6, 0,
    -3, -3, 0, -4, -11, -7, -11, -11,
    -10, -11, -10, -19, -18, 0, 0, 0,
    0, 0, 0, -15, 0, 0, 0, -17,
    0, -8, -8, -8, -6, -5, 0, 0,
    0, 0, 0, -8, -44, -6, -6, -6,
    -6, -6, -6, -6, -6, -3, -3, -3,
    -3, -6, -6, -6, -6, -5, -3, -3,
    0, -7, -7, -7, -7, -11, -6, -11,
    -6, -6, -6, -3, -3, 0, -3, -3,
    -3, -3, 0, -6, -5, -6, 0, -6,
    -6, -5, 0, -3, -6, -6, -6, -9,
    -4, -4, -4, -21, -11, -7, -7, -7,
    -7, -7, -29, -11, -44, -11, -10, -10,
    -10, -18, -18, -25, -24, -25, -25, 0,
    0, 0, -8, -30, 0, 0, 0, 0,
    -30, -6, -36, -28, -8, -15, -8, -15,
    -15, 2, -16, 0, 0, 0, 0, 2,
    -31, 0, 0, -7, 0, 0, 0, -29,
    0, -11, 0, 0, 0, -5, 0, 0,
    0, -2, -43, -1, -27, -23, -20, -40,
    -12, 0, -29, -29, -35, 0, 3, 2,
    3, -3, 2, -1, -2, 0, 3, 2,
    0, 1, -4, 0, -5, -4, -16, -5,
    -9, -26, 0, 0, 0, 0, 0, 0,
    0, -6, 0, 0, 0, -13, 0, -11,
    -11, -11, 0, 0, 0, 0, 0, 0,
    0, -1, -40, -2, 0, 0, 0, 0,
    0, 0, 0, 3, 3, 3, 3, -2,
    -2, -2, -2, 0, 3, 3, 4, 0,
    0, 0, 0, -5, -2, -5, 0, 0,
    0, 3, 2, 0, 3, 3, 3, 2,
    0, 0, 0, -2, 0, -2, -2, -1,
    0, 0, -2, -2, -2, -2, 1, 1,
    1, -43, -4, 0, 0, 0, 0, 0,
    -23, -4, -40, -5, -12, -9, -9, -8,
    -8, -23, -25, -23, -24, 0, 0, 0,
    -9, -28, 0, 0, 0, 0, -28, -8,
    -36, -26, -7, -12, -15, -12, -17, -2,
    -13, 0, 0, 0, 0, -2, -34, 0,
    0, -4, 0, -8, 0, -28, 0, -10,
    -2, -2, -2, -2, -2, -2, -2, -2,
    -44, -4, -29, -26, -17, -40, -8, 0,
    -26, -28, -34, -3, -1, -1, -1, -1,
    -2, -3, -4, 0, -1, -1, 0, 0,
    -2, -4, -6, -5, -16, -6, -8, -26,
    0, 0, 0, 0, 0, 0, 0, -13,
    0, 0, 0, -11, 0, -10, -10, -10,
    -2, -2, 0, 0, 0, 0, 0, -4,
    -40, -4, -3, -3, -3, -3, -3, -3,
    -3, -1, -1, -1, -1, -4, -4, -4,
    -4, 0, -1, -1, 0, -4, -4, -4,
    -4, -6, -4, -6, -3, -3, -3, -1,
    -1, 0, -1, -1, -1, -2, 0, 0,
    -2, -4, 0, -4, -4, -3, 0, 0,
    -4, -4, -4, -2, 0, 0, 0, -44,
    -2, -4, -4, -4, -4, -4, -26, -5,
    -40, -6, -8, -8, -8, -15, -15, -22,
    -23, -22, -22, 0, 0, 0, -8, -30,
    0, 0, 0, 0, -30, -7, -36, -28,
    -8, -15, -7, -15, -16, 0, -17, 0,
    0, 0, 0, 0, -33, 0, 0, -6,
    0, -5, 0, -29, 0, -11, 0, -1,
    -1, -3, -1, -1, 0, -2, -43, -2,
    -28, -24, -19, -40, -12, 0, -29, -30,
    -35, -3, 3, 2, 3, -3, 2, -1,
    -2, 0, 3, 2, 0, 1, -4, 0,
    -5, -5, -16, -6, -10, -26, -8, 0,
    0, 0, 0, 0, 0, -6, 0, 0,
    0, -13, 0, -11, -11, -11, -1, 0,
    0, 0, 0, 0, 0, -2, -40, -2,
    -3, -3, -3, -3, -3, -3, -3, 3,
    3, 3, 3, -2, -2, -2, -2, 0,
    3, 3, 3, 0, 0, 0, 0, -5,
    -2, -5, -3, -3, -3, 3, 2, 0,
    3, 3, 3, 2, 0, 0, 0, 0,
    0, -2, -2, -1, 0, 2, -2, -2,
    -2, -2, 1, 1, 1, -43, -4, 0,
    0, 0, 0, 0, -24, -5, -40, -5,
    -12, -10, -10, -7, -7, -23, -25, -23,
    -24, 0, 0, -12, -5, 0, 0, 0,
    0, 0, 0, -11, -7, -2, -12, -28,
    -24, -28, -28, -1, 0, 0, 0, -20,
    0, -1, 0, 0, 0, -5, 0, 0,
    0, -5, 0, -23, 2, -1, -1, -20,
    -1, -1, 2, -5, 1, 4, 0, -1,
    -2, 2, -2, 0, -4, 0, -31, -10,
    -9, -8, -9, 2, -8, -2, -4, 0,
    -9, -8, 0, -7, 2, -4, 1, 0,
    -6, 1, -3, 0, 0, 0, 0, 0,
    0, 0, 0, -26, 0, 0, 0, -13,
    0, -23, -23, -23, -1, 2, 0, 0,
    0, 0, 0, 4, 2, -6, -10, -10,
    -10, -10, -10, -10, -10, -9, -9, -9,
    -8, 3, -4, 5, 5, -12, -9, -8,
    -8, -4, -4, -4, -4, 1, -4, 1,
    -10, -10, -10, -9, -8, 0, -9, -9,
    -8, -8, 0, 0, 2, 4, 0, -4,
    -6, -2, 0, 0, -6, -6, -4, -5,
    -7, -7, -7, 1, 2, -4, -4, -4,
    -4, -4, -1, 0, 2, 1, -2, -3,
    -3, -25, -25, -4, 0, -4, 0, 0,
    0, 0, -11, -31, 0, 0, 0, 0,
    -31, -10, -28, -28, -13, -13, -15, -13,
    -14, -2, -16, 0, -6, 0, 0, -2,
    -31, 0, 0, -7, 0, -12, 0, -28,
    0, -8, -4, -3, -3, -2, -3, -3,
    -4, -6, -44, -6, -30, -26, -9, -41,
    -10, -30, -21, -29, -21, -4, 0, 0,
    0, -7, 0, -2, -5, 0, 0, 0,
    0, -1, -7, -4, -8, -8, -9, -8,
    -8, -19, -15, 0, 0, 0, 0, 0,
    0, -13, 0, 0, 0, -15, 0, -8,
    -8, -8, -3, -4, 0, 0, 0, 0,
    0, -6, -41, -2, -4, -4, -4, -4,
    -4, -4, -4, 0, 0, 0, 0, -5,
    -5, -5, -5, 0, 0, 0, 1, -4,
    -4, -4, -4, -8, -5, -8, -4, -4,
    -4, 0, 0, 0, 0, 0, 0, 0,
    0, 0, -4, -5, 0, -5, -2, -2,
    0, 0, -2, -2, -5, -6, -1, -1,
    -1, -44, -7, -4, -4, -4, -4, -4,
    -26, -8, -41, -8, -10, -8, -8, -15,
    -15, -23, -25, -23, -24, 0, 0, 0,
    0, -11, 0, 0, 0, 0, -11, -10,
    -15, -9, -13, 0, -16, 0, -15, -1,
    -5, 0, 0, 0, 0, -1, 0, 0,
    0, 0, 0, -11, 0, 0, 0, -9,
    -3, -2, -2, -2, -2, -2, -3, -4,
    -4, -2, -5, -7, -8, -5, -4, 0,
    -9, -17, -21, -4, -1, -1, -1, -2,
    -2, -2, -3, 0, -1, -1, 0, -1,
    -2, -5, -3, -3, -9, -3, -6, -9,
    -15, 0, 0, 0, 0, 0, 0, -14,
    0, 0, 0, -14, 0, -9, -9, -9,
    -2, -3, 0, 0, 0, 0, 0, -2,
    -5, -7, -4, -4, -4, -4, -4, -4,
    -4, -1, -1, -1, -1, -3, -3, 0,
    0, -3, -1, -1, 2, -5, -5, -5,
    -5, -3, -3, -3, -4, -4, -4, -1,
    -1, 0, -1, -1, -1, -2, 0, 0,
    -3, 0, 0, -3, -7, -2, 0, 0,
    -7, -7, -3, -4, -1, -1, -1, -4,
    -2, -5, -5, -5, -5, -5, -7, -3,
    -5, -3, -4, -6, -6, -16, -16, 0,
    -10, 0, 0, 0, 0, 0, -11, -12,
    0, 0, 0, 0, -12, -11, -14, -10,
    -14, -15, -17, -15, -13, -2, -5, 0,
    0, 0, 0, -2, 0, 0, 0, -7,
    0, 0, 0, -12, 0, -9, -4, -2,
    -2, -3, -2, -2, -4, -5, -6, -3,
    -7, -9, -9, -7, -7, 0, -10, 0,
    -5, -5, -1, -2, -1, -3, -2, -3,
    0, 0, -1, -2, 0, -2, -3, -5,
    -4, -3, -10, -4, -7, 0, 0, 0,
    0, 0, 0, 0, 0, -15, 0, 0,
    0, -15, 0, -9, -9, -9, -2, -4,
    0, 0, 0, 0, 0, -3, -7, -7,
    -4, -5, -4, -4, -4, -4, -5, -1,
    -1, -1, -1, -5, -5, 0, 0, 0,
    -1, -1, 1, -5, -5, -5, -5, -4,
    -5, -4, -4, -4, -5, -1, -2, 0,
    -1, -1, -1, -2, 0, 0, -4, 0,
    0, -5, -7, -3, 0, 0, -7, -7,
    -5, -5, -2, -2, -2, -6, -3, -5,
    -5, -5, -5, -5, -9, -3, -7, -4,
    -7, -7, -7, -17, -17, -14, -10, -14,
    -12, 0, 0, 0, -8, -18, 0, 0,
    0, -14, -18, -15, -23, -9, -20, -8,
    -37, -8, -4, -5, 0, 0, 0, -21,
    0, -5, -27, 0, 0, -3, 0, 0,
    0, -5, 0, 0, -3, -5, -5, 0,
    -5, -5, -3, -7, -35, -5, -20, -19,
    0, -28, -2, 0, -7, 0, -18, -9,
    -13, -12, -13, 2, -8, -4, -5, 0,
    -13, -12, 0, -8, 1, -6, -3, -3,
    -5, -3, -1, 0, -30, 0, 0, 0,
    0, 0, 0, -33, 0, 0, 0, -14,
    0, 0, 0, 0, -5, -3, 0, 0,
    0, 0, 0, -5, -28, -5, -9, -9,
    -9, -9, -9, -9, -9, -13, -13, -13,
    -13, -5, -5, -3, -5, 0, -13, -13,
    0, -6, -6, -6, -6, -3, -5, -3,
    -9, -9, -9, -13, -12, 0, -13, -13,
    -13, -8, 0, 0, -3, -5, 0, -5,
    -5, -4, 0, -9, -5, -5, -5, -7,
    -8, -8, -8, -35, 1, -6, -6, -6,
    -6, -6, -19, -3, -28, -3, -2, -1,
    -1, -38, -38, -10, -12, -10, -10, 0,
    0, 0, -11, -31, 0, 0, 0, 0,
    -31, -10, -28, -28, -13, -13, -15, -13,
    -14, -2, -16, 0, 0, 0, 0, -2,
    -31, 0, 0, -7, 0, -12, 0, -28,
    0, -8, -4, -3, -3, -2, -3, -3,
    -4, -6, -44, -6, -30, -26, -9, -41,
    -10, -30, -21, -28, -21, -4, 0, 0,
    0, -7, 0, -2, -5, 0, 0, 0,
    0, -1, -7, -4, -8, -8, -9, -8,
    -8, -19, -15, 0, 0, 0, 0, 0,
    0, -13, 0, 0, -24, -15, 0, -8,
    -8, -8, -3, -4, 0, 0, 0, -15,
    0, -6, -41, -2, -4, -4, -4, -4,
    -4, -4, -4, 0, 0, 0, 0, -5,
    -5, -5, -5, 0, 0, 0, 1, -4,
    -4, -4, -4, -8, -5, -8, -4, -4,
    -4, 0, 0, 0, 0, 0, 0, 0,
    0, -5, -4, -5, 0, -5, -2, -2,
    0, 0, -2, -2, -5, -6, -1, -1,
    -1, -44, -7, -4, -4, -4, -4, -4,
    -26, -8, -41, -8, -10, -8, -8, -15,
    -15, -23, -25, -23, -24, 0, 0, 0,
    -11, -31, 0, 0, 0, 0, -31, -10,
    -28, -28, -13, -13, -15, -13, -14, -2,
    -16, 0, -6, 0, 0, -2, -31, 0,
    0, -7, 0, -12, 0, -28, -3, -8,
    -4, -3, -3, -2, -3, -3, -4, -6,
    -44, -6, -30, -26, -9, -41, -10, -30,
    -21, -29, -21, -4, 0, 0, 0, -7,
    0, -2, -5, 0, 0, 0, 0, -1,
    -7, -4, -8, -8, -9, -8, -8, -19,
    -15, 0, 0, 0, 0, 0, 0, -13,
    0, 0, -24, -15, 0, -8, -8, -8,
    -3, -4, 0, 0, 0, -15, 0, -6,
    -41, -2, -4, -4, -4, -4, -4, -4,
    -4, 0, 0, 0, 0, -5, -5, -5,
    -5, 0, 0, 0, 1, -4, -4, -4,
    -4, -8, -5, -8, -4, -4, -4, 0,
    0, 0, 0, 0, 0, 0, 0, -5,
    -4, -5, 0, -5, -2, -2, 0, 0,
    -2, -2, -5, -6, -1, -1, -1, -44,
    -7, -4, -4, -4, -4, -4, -26, -8,
    -41, -8, -10, -8, -8, -15, -15, -23,
    -25, -23, -24, 0, 0, 0, -9, -31,
    0, 0, 0, 0, -31, -6, -37, -30,
    -8, -15, -7, -15, -16, 0, -17, 0,
    0, 0, 0, 0, -31, 0, 0, -7,
    0, -5, 0, -31, 0, -12, 0, -1,
    -1, -5, -1, -1, 0, -1, -43, -1,
    -28, -24, -21, -41, -12, 0, -31, -31,
    -37, -1, 0, 3, 0, -3, 1, 0,
    -1, 0, 0, 3, 0, 1, -5, 0,
    -6, -5, -17, -6, -9, -26, -8, 0,
    0, 0, 0, 0, 0, -6, 0, 0,
    0, -13, 0, -12, -12, -12, -1, 0,
    0, 0, 0, 0, 0, -1, -41, -1,
    -1, -1, -1, -1, -1, -1, -1, 0,
    0, 0, 0, -1, -1, -1, -1, -1,
    0, 0, 0, 0, 0, 0, 0, -6,
    -1, -6, -1, -1, -1, 0, 3, 0,
    0, 0, 0, 1, 0, 0, 0, 0,
    0, -1, -1, 0, 0, 2, -1, -1,
    -1, -1, 1, 1, 1, -22, -5, 0,
    0, 0, 0, 0, -24, -5, -41, -6,
    -12, -9, -9, -7, -7, -23, -22, -23,
    -22, 0, 0, 0, -8, -30, 0, 0,
    0, 0, -30, -6, -36, -28, -8, -15,
    -8, -15, -15, 2, -16, 0, 0, 0,
    0, 2, -31, 0, 0, -7, 0, 0,
    0, -29, 0, -11, 0, 0, 0, -5,
    0, 0, 0, -2, -43, -1, -27, -23,
    -20, -40, -12, 0, -29, -29, -35, 0,
    3, 2, 3, -3, 2, -1, -2, 0,
    3, 2, 0, 1, -4, 0, -5, -4,
    -16, -5, -9, -26, 0, 0, 0, 0,
    0, 0, 0, -6, 0, 0, 0, -13,
    0, -11, -11, -11, 0, 0, 0, 0,
    0, 0, 0, -1, -40, -2, 0, 0,
    0, 0, 0, 0, 0, 3, 3, 3,
    3, -2, -2, -2, -2, 0, 3, 3,
    4, 0, 0, 0, 0, -5, -2, -5,
    0, 0, 0, 3, 2, 0, 3, 3,
    3, 2, 0, 0, 0, -2, 0, -2,
    -2, -1, 0, 0, -2, -2, -2, -2,
    1, 1, 1, -43, -4, 0, 0, 0,
    0, 0, -23, -4, -40, -5, -12, -9,
    -9, -8, -8, -23, -25, -23, -24, 0,
    0, 0, -8, -11, 0, 0, 0, -16,
    -11, -8, -36, -4, -8, -40, -25, -40,
    -31, -1, -1, 0, 0, -20, 0, -1,
    -31, 0, 0, -2, 0, 0, 0, -4,
    0, -28, -1, -1, -1, -31, -1, -1,
    -1, -5, -33, -1, -14, -12, -30, -24,
    -30, 0, -38, 0, -40, -7, -4, -5,
    -4, 5, -4, -3, -4, 0, -2, -5,
    0, -3, 5, -2, 5, 3, -4, 5,
    -2, -30, -18, 0, 0, 0, 0, 0,
    0, -24, 0, 0, 0, -10, 0, -28,
    -28, -28, -1, -1, 0, 0, 0, 0,
    0, -1, -24, -4, -7, -7, -7, -7,
    -7, -7, -7, -4, -4, -4, -4, -4,
    -4, -2, -4, -10, -4, -4, -4, -2,
    -2, -2, -2, 5, -4, 5, -7, -7,
    -7, -4, -5, 0, -4, -4, -4, -4,
    0, 0, -1, -4, 0, -4, -4, -3,
    0, 0, -4, -4, -4, -5, -3, -3,
    -3, -33, 5, -2, -2, -2, -2, -2,
    -12, 3, -24, 5, -30, -2, -2, -26,
    -26, -7, -8, -7, -7, 0, 0, -38,
    -6, -25, 0, 0, 0, 0, -25, -4,
    -30, -22, -8, -7, -13, -7, -11, 5,
    -7, 0, 0, 0, 0, 5, -28, 0,
    0, -2, 0, -7, 0, -25, 0, -4,
    3, 1, 1, 0, 1, 1, 3, 0,
    -41, 0, -25, -20, -8, -36, -4, 0,
    -24, -24, -27, 3, 7, 7, 7, 0,
    7, 1, 1, 0, 7, 7, 0, 3,
    0, 2, -2, -2, -8, -2, -1, -19,
    -12, 0, 0, 0, 0, 0, 0, -8,
    0, 0, 0, -7, 0, -4, -4, -4,
    1, 3, 0, 0, 0, 0, 0, 0,
    -36, 0, 3, 3, 3, 3, 3, 3,
    3, 7, 7, 7, 7, 0, 0, 1,
    0, 0, 7, 7, 8, 2, 2, 2,
    2, -2, 0, -2, 3, 3, 3, 7,
    7, 0, 7, 7, 7, 7, 0, 0,
    3, 0, 0, 0, 0, 1, 0, 2,
    0, 0, 0, 0, 3, 3, 3, -41,
    0, 2, 2, 2, 2, 2, -20, -2,
    -36, -2, -4, -1, -1, -13, -13, -19,
    -20, -19, -19, 0, 0, 0, -7, -15,
    0, 0, 0, 0, -15, -11, -23, -8,
    -12, -7, -26, -7, -7, -2, 0, 0,
    0, -9, 0, -2, -25, 0, 0, 0,
    0, -4, 0, -8, 0, -2, 0, -2,
    -2, 1, -2, -2, 0, -6, -31, -4,
    -17, -15, -2, -26, -3, 0, -15, 0,
    -16, -3, -6, -5, -6, 3, -5, -1,
    -2, 0, -6, -5, 0, -2, 3, -4,
    2, 0, -2, 2, 0, -13, -20, 0,
    0, 0, 0, 0, 0, -25, 0, 0,
    0, -9, 0, -2, -2, -2, -2, 0,
    0, 0, 0, 0, 0, -4, -26, -2,
    -3, -3, -3, -3, -3, -3, -3, -6,
    -6, -6, -6, -2, -2, -2, -2, 0,
    -6, -6, 0, -4, -4, -4, -4, 2,
    -2, 2, -3, -3, -3, -6, -5, 0,
    -6, -6, -6, -5, 0, 0, 0, 0,
    0, -2, -2, -1, 0, 0, -2, -2,
    -2, -6, -2, -2, -2, -31, 3, -4,
    -4, -4, -4, -4, -15, 0, -26, 2,
    -3, 0, 0, -27, -27, -8, -11, -8,
    -10, 0, 0, 0, -12, -22, 0, 0,
    0, 0, -23, -11, -28, -17, -13, -15,
    -17, -15, -15, -3, -9, 0, 0, 0,
    0, -3, -31, 0, 0, -7, 0, 0,
    0, -18, 0, -9, -6, -3, -3, -3,
    -3, -3, -6, -7, -35, -5, -26, -23,
    -11, -33, -11, 0, -20, -22, -21, -5,
    -1, -2, -1, -3, -2, -6, -7, 0,
    -1, -2, 0, -2, -3, -5, -4, -3,
    -9, -4, -7, -20, -16, 0, 0, 0,
    0, 0, 0, -15, 0, 0, 0, -15,
    0, -9, -9, -9, -3, -6, 0, 0,
    0, 0, 0, -5, -33, -7, -5, -5,
    -5, -5, -5, -5, -5, -1, -1, -1,
    -1, -7, -7, -3, -7, -3, -1, -1,
    0, -5, -5, -5, -5, -4, -7, -4,
    -5, -5, -5, -1, -2, 0, -1, -1,
    -1, -2, 0, -5, -6, -7, 0, -7,
    -7, -6, 0, 0, -7, -7, -7, -7,
    -2, -2, -2, -24, -3, -5, -5, -5,
    -5, -5, -23, -3, -33, -4, -11, -7,
    -7, -17, -17, -17, -20, -17, -18, 0,
    0, 0, -9, -12, 0, 0, 0, 0,
    -12, -10, -36, -3, -10, -35, -22, -35,
    -31, -1, -1, 0, 0, -16, 0, -1,
    -35, 0, 0, -3, 0, 0, 0, -3,
    0, -28, -2, -2, -2, -29, -2, -2,
    -2, -5, -35, -2, -14, -13, -28, -23,
    -30, 0, -39, 0, -42, -10, -6, -5,
    -6, 3, -6, -3, -4, 0, -6, -5,
    0, -5, 2, -2, 2, 1, -1, 2,
    -2, -30, 0, 0, 0, 0, 0, 0,
    0, -22, 0, 0, 0, -13, 0, -28,
    -28, -28, -2, -2, 0, 0, 0, 0,
    0, -2, -23, -4, -10, -10, -10, -10,
    -10, -10, -10, -6, -6, -6, -6, -4,
    -4, -3, -4, -10, -6, -6, -6, -2,
    -2, -2, -2, 2, -4, 2, -10, -10,
    -10, -6, -5, 0, -6, -6, -6, -6,
    0, 0, -2, -4, 0, -4, -4, -3,
    0, 0, -4, -4, -4, -5, -5, -5,
    -5, -35, 2, -2, -2, -2, -2, -2,
    -13, 1, -23, 2, -30, -2, -2, -23,
    -23, -5, -7, -5, -5, 0, 0, 0,
    -10, -13, 0, 0, 0, 0, -13, -10,
    -38, -8, -9, -30, -19, -30, -30, -1,
    -2, 0, 0, 0, 0, -1, -35, 0,
    0, -4, 0, 0, 0, -5, 0, -25,
    -3, -2, -2, -22, -2, -2, -3, -7,
    -35, -2, -16, -15, -28, -24, -25, 0,
    -38, 0, -36, -8, -5, -5, -5, 2,
    -5, -3, -3, 0, -5, -5, 0, -4,
    1, -2, 1, 0, -3, 1, -3, -30,
    -16, 0, 0, 0, 0, 0, 0, -19,
    0, 0, 0, -12, 0, -25, -25, -25,
    -2, -3, 0, 0, 0, 0, 0, -2,
    -24, -3, -8, -8, -8, -8, -8, -8,
    -8, -5, -5, -5, -5, -3, -3, -3,
    -3, 0, -5, -5, 0, -2, -2, -2,
    -2, 1, -3, 1, -8, -8, -8, -5,
    -5, 0, -5, -5, -5, -5, 0, -3,
    -3, -3, 0, -3, -3, -3, 0, -1,
    -3, -3, -3, -7, -4, -4, -4, -35,
    1, -2, -2, -2, -2, -2, -15, 0,
    -24, 1, -25, -3, -3, -20, -20, -8,
    -10, -8, -8, 0, 0, 0, -12, -21,
    0, 0, 0, 0, -21, -17, -26, -15,
    -21, -13, -37, -13, -10, -8, -3, 0,
    0, -21, -12, -8, -31, -8, 0, -8,
    0, -12, 0, -10, 0, -2, -7, -10,
    -10, 0, -10, -10, -7, -11, -35, -9,
    -23, -21, -2, -30, -7, 0, -14, -17,
    -18, -13, -15, -14, -15, -1, -12, -8,
    -8, 0, -15, -14, 0, -11, -1, -9,
    0, 0, -1, 0, -5, -13, 0, 0,
    0, 0, 0, 0, 0, -33, 0, 0,
    0, -16, 0, -2, -2, -2, -10, -7,
    0, 0, 0, 0, 0, -9, -30, -8,
    -13, -13, -13, -13, -13, -13, -13, -15,
    -15, -15, -15, -8, -8, -7, -8, 0,
    -15, -15, 0, -9, -9, -9, -9, 0,
    -8, 0, -13, -13, -13, -15, -14, 0,
    -15, -15, -15, -12, 0, 0, -7, -8,
    0, -8, -8, -8, 0, 0, -8, -8,
    -8, -11, -11, -11, -11, -35, -1, -9,
    -9, -9, -9, -9, -21, 0, -30, 0,
    -7, -5, -5, -38, -38, -15, -17, -15,
    -16, 0, 0, 0, -9, -12, 0, 0,
    0, -12, -12, -10, -36, -3, -10, -35,
    -22, -35, -31, -1, -1, 0, 0, 0,
    0, -1, -35, 0, 0, -3, 0, 0,
    0, -3, 0, -28, -2, -2, -2, -29,
    -2, -2, -2, -5, -35, -2, -14, -13,
    -28, -23, -30, 0, -39, 0, -42, -10,
    -6, -5, -6, 3, -6, -3, -4, 0,
    -6, -5, 0, -5, 2, -2, 2, 1,
    -1, 2, -2, -31, -17, 0, 0, 0,
    0, 0, 0, -22, 0, 0, 0, -13,
    0, -28, -28, -28, -2, -2, 0, 0,
    0, 0, 0, -2, -23, -4, -10, -10,
    -10, -10, -10, -10, -10, -6, -6, -6,
    -6, -4, -4, -3, -4, -10, -6, -6,
    0, -2, -2, -2, -2, 2, -4, 2,
    -10, -10, -10, -6, -5, 0, -6, -6,
    -6, -6, 0, 0, -2, 0, 0, -4,
    -4, -3, 0, -2, -4, -4, -4, -5,
    -5, -5, -5, -35, 2, -2, -2, -2,
    -2, -2, -13, 1, -23, 2, -30, -2,
    -2, -23, -23, -5, -7, -5, -5, 0,
    0, -35, -10, -20, 0, 0, 0, 0,
    -20, -13, -26, -13, -14, -10, -27, -10,
    -10, -4, -5, 0, 0, 0, 0, -4,
    -31, 0, 0, -6, 0, 0, 0, -14,
    0, -4, -5, -5, -5, 0, -5, -5,
    -5, -11, -35, -7, -23, -21, -6, -30,
    -6, 0, -18, 0, -20, -6, -8, -7,
    -8, 0, -7, -5, -6, 0, -8, -7,
    0, -5, -1, -5, 0, -2, -5, 0,
    -5, 0, -22, 0, 0, 0, 0, 0,
    0, -28, 0, 0, 0, -13, 0, -4,
    -4, -4, -5, -5, 0, 0, 0, 0,
    0, -7, -30, -6, -6, -6, -6, -6,
    -6, -6, -6, -8, -8, -8, -8, -6,
    -6, -3, -6, 0, -8, -8, 0, -5,
    -5, -5, -5, 0, -6, 0, -6, -6,
    -6, -8, -7, 0, -8, -8, -8, -7,
    0, 0, -5, -6, 0, -6, -6, -5,
    0, -4, -6, -6, -6, -11, -5, -5,
    -5, -35, -1, -5, -5, -5, -5, -5,
    -21, -2, -30, 0, -6, -5, -5, -27,
    -27, -12, -17, -12, -14, 0, 0, 0,
    0, 0, 0, 0, 0, 0, 0, -32,
    0, 0, 0, 0, -41, 0, 0, -25,
    -18, 0, 0, -32, 0, 0, 0, 0,
    0, 0, 0, 0, 0, 0, 0, -13,
    -12, -26, -26, -9, -26, -26, -12, -22,
    -6, -10, -8, -10, -8, -6, -11, 0,
    0, 0, 0, -22, -26, -26, -26, -25,
    -13, -9, -10, 0, -26, -26, 0, -22,
    -27, -26, -27, -30, -13, -27, -18, 0,
    0, 0, 0, 0, 0, 0, 0, 0,
    0, 0, 0, 0, 0, -13, -13, -13,
    -26, -12, 0, 0, 0, 0, 0, -10,
    -6, 0, 0, -22, 0, 0, 0, 0,
    -22, -26, -26, -26, 0, -10, -10, 0,
    0, 0, -26, 0, 0, -26, -26, -26,
    -26, -27, -10, -27, 0, 0, -22, -26,
    -26, 0, -26, -26, 0, -13, 0, 0,
    -12, 0, 0, -10, 0, -9, 0, 0,
    0, 0, -10, -22, -22, -22, -22, -6,
    -27, -26, -26, -26, -26, -26, -10, -30,
    -6, -27, -11, -18, -18, 0, 0, 0,
    0, 0, 0, 0, 0, 0, 0, 0,
    0, 0, 0, 0, 0, 0, -32, 0,
    0, 0, 0, 0, 0, 0, 0, 0,
    0, 0, 0, 0, 0, 0, 0, 0,
    0, 0, 0, 0, 0, 0, 0, 0,
    0, 0, 0, 0, 0, 0, 0, 0,
    0, 0, 0, 0, 0, 0, 0, 0,
    0, 0, 0, 0, 0, 0, 0, 0,
    0, 0, 0, 0, 0, 0, 0, 0,
    0, 0, 0, 0, 0, -24, 0, 0,
    0, 0, 0, 0, 0, 0, 0, 0,
    0, 0, 0, 0, 0, 0, 0, 0,
    0, 0, 0, 0, 0, 0, 0, 0,
    0, 0, 0, 0, 0, 0, 0, 0,
    0, 0, 0, 0, 0, 0, 0, 0,
    0, 0, 0, 0, 0, 0, 0, 0,
    0, 0, 0, 0, 0, 0, 0, 0,
    0, 0, 0, 0, 0, 0, 0, 0,
    0, 0, 0, 0, 0, 0, 0, 0,
    0, 0, 0, 0, 0, 0, 0, 0,
    0, 0, 0, 0, 0, 0, 0, 0,
    0, 0, 0, 0, 0, 0, 0, 0,
    0, 0, 0, 0, -22, -31, 0, 0,
    0, 0, -31, -18, -53, -29, 0, -53,
    -25, -53, -38, -8, -15, -30, -28, -24,
    -17, -8, -55, -18, -12, -13, 0, 0,
    0, 0, 0, -36, -14, -8, -8, -55,
    -8, -8, -14, -22, -61, -12, -31, -29,
    -48, -41, -48, 0, -53, 0, 0, -16,
    -12, -12, -12, -9, -12, -15, -15, 0,
    -12, -12, 0, -12, -9, -14, -10, -11,
    -23, -10, -20, 0, 0, 0, 0, 0,
    0, 0, 0, -28, 0, 0, 0, -18,
    0, -36, -36, -36, -8, -14, 0, 0,
    0, 0, 0, -12, -41, 0, 0, -16,
    0, 0, 0, 0, -16, -12, -12, -12,
    -12, -15, -15, 0, 0, 0, -12, -12,
    0, -14, -14, -14, -14, -10, -15, -10,
    0, 0, -16, -12, -12, 0, -12, -12,
    -12, -12, 0, 0, -14, 0, 0, -15,
    0, -15, 0, 0, 0, 0, -15, -22,
    -12, -12, -12, -61, -9, -14, -14, -14,
    -14, -14, -29, -11, -41, -10, -48, -20,
    -20, 0, 0, -23, -25, -23, 0, 0,
    0, 0, 0, 0, 0, 0, 0, 0,
    0, 0, 0, 0, 0, 0, 0, 0,
    0, 0, 0, 0, 0, 0, 0, 0,
    0, 0, 0, 0, 0, 0, 0, 0,
    0, 0, 0, 0, 0, 0, 0, 0,
    0, 0, -38, 0, -28, 0, 0, -35,
    0, 0, 0, 0, 0, 0, 0, 0,
    0, 0, 0, 0, 0, 0, 0, 0,
    0, 0, 0, 0, 0, 0, 0, 0,
    0, 0, 0, 0, 0, 0, 0, 0,
    0, 0, 0, 0, 0, 0, 0, 0,
    0, 0, 0, 0, 0, 0, 0, 0,
    0, 0, 0, 0, 0, 0, 0, 0,
    0, 0, 0, 0, 0, 0, 0, 0,
    0, 0, 0, 0, 0, 0, 0, 0,
    0, 0, 0, 0, 0, 0, 0, 0,
    0, 0, 0, 0, 0, 0, 0, 0,
    0, 0, 0, 0, 0, 0, 0, 0,
    0, 0, 0, 0, 0, 0, 0, 0,
    0, 0, 0, 0, 0, 0, 0, 0,
    0, 0, 0, 0, 0, 0, 0, 0,
    0, 0, 0, 0, 0, 0, 0, 0,
    0, 0, 0, 0, 0, 0, 0, 0,
    -35, 0, 0, 0, 0, 0, 0, 0,
    0, 0, 0, 0, 0, 0, -33, 0,
    0, 0, 0, 0, 0, 0, 0, 0,
    0, 0, 0, 0, 0, 0, 0, 0,
    0, 0, 0, 0, 0, 0, 0, 0,
    0, 0, 0, 0, 0, 0, 0, 0,
    0, 0, 0, 0, 0, 0, 0, 0,
    0, 0, 0, 0, 0, 0, 0, 0,
    0, 0, 0, 0, 0, 0, 0, 0,
    0, 0, 0, 0, 0, 0, 0, 0,
    0, 0, 0, 0, 0, 0, 0, 0,
    0, 0, 0, 0, 0, 0, 0, 0,
    0, 0, 0, 0, 0, 0, 0, 0,
    0, 0, 0, 0, 0, 0, 0, 0,
    0, 0, 0, 0, 0, 0, 0, 0,
    0, 0, 0, 0, 0, 0, 0, 0,
    0, 0, 0, 0, 0, 0, 0, 0,
    0, 0, 0, 0, 0, 0, 0, 0,
    0, 0, 0, 0, 0, 0, 0, 0,
    0, 0, 0, 0, 0, 0, 0, 0,
    0, 0, 0, 0, 0, 0, 0, 0,
    0, 0, 0, 0, 0, 0, -27, 0,
    0, 0, 0, 0, 0, 0, -1, 0,
    -4, -18, -12, -9, -12, 0, 0, 0,
    0, 0, 0, 0, 0, 0, 0, 0,
    0, 0, 0, 0, 0, 0, 0, 0,
    0, 0, 0, 0, 0, 0, 0, 0,
    0, 0, 0, 0, 0, 0, 0, 0,
    0, 0, 0, 0, 0, 0, 0, 0,
    0, 0, 0, 0, 0, 0, 0, 0,
    0, 0, 0, 0, 0, 0, 0, 0,
    0, 0, 0, 0, 0, 0, 0, 0,
    0, 0, 0, 0, 0, 0, 0, 0,
    0, 0, 0, 0, 0, 0, 0, 0,
    0, 0, 0, 0, 0, 0, 0, 0,
    0, 0, 0, 0, 0, 0, 0, 0,
    0, 0, 0, 0, 0, 0, 0, 0,
    0, 0, 0, 0, 0, 0, 0, 0,
    0, 0, 0, 0, 0, 0, 0, 0,
    0, 0, 0, 0, 0, 0, 0, 0,
    0, 0, 0, 0, 0, 0, 0, 0,
    0, 0, 0, 0, 0, 0, 0, 0,
    0, 0, 0, 0, 0, 0, 0, 0,
    0, 0, 0, 0, 0, 0, 0, 0,
    0, 0, -29, 0, 0, 0, 0, 0,
    0, 0, 0, 0, 0, 0, 0, 0,
    0, 0, 0, 0, 0, 0, 0, 0,
    0, 0, 0, 0, 0, 0, 0, 0,
    0, 0, 0, 0, 0, 0, 0, 0,
    0, 0, 0, 0, 0, 0, 0, 0,
    0, 0, 0, 0, 0, 0, 0, 0,
    0, 0, 0, 0, 0, 0, 0, 0,
    0, 0, 0, 0, 0, 0, 0, 0,
    0, 0, 0, 0, 0, 0, 0, 0,
    0, 0, 0, 0, 0, 0, 0, 0,
    0, 0, 0, 0, 0, 0, 0, 0,
    0, 0, 0, 0, 0, 0, 0, 0,
    0, 0, 0, 0, 0, 0, 0, 0,
    0, 0, 0, 0, 0, 0, 0, 0,
    0, 0, 0, 0, 0, 0, 0, 0,
    0, 0, 0, 0, 0, 0, 0, 0,
    0, 0, 0, 0, 0, 0, 0, 0,
    0, 0, 0, 0, 0, 0, 0, 0,
    0, 0, 0, 0, 0, 0, 0, 0,
    0, 0, 0, 0, 0, 0, 0, 0,
    0, 0, -39, 0, 0, 0, 0, 0,
    0, 0, 0, 0, 0, 0, 0, 0,
    0, 0, 0, 0, 0, 0, 0, 0,
    0, 0, 0, 0, 0, -20, 0, 0,
    0, 0, 0, 0, 0, 0, 0, 0,
    0, 0, 0, 0, 0, 0, 0, 0,
    0, 0, 0, 0, 0, 0, 0, 0,
    0, 0, 0, 0, 0, 0, 0, 0,
    0, 0, 0, 0, 0, 0, 0, 0,
    0, 0, 0, 0, 0, 0, 0, 0,
    0, 0, 0, 0, 0, 0, 0, 0,
    0, 0, 0, 0, 0, 0, 0, 0,
    0, 0, 0, 0, 0, 0, 0, 0,
    0, 0, 0, 0, 0, 0, 0, 0,
    0, 0, 0, 0, 0, 0, 0, 0,
    0, 0, 0, 0, 0, 0, 0, 0,
    0, 0, 0, 0, 0, 0, 0, 0,
    0, 0, 0, 0, 0, 0, 0, 0,
    0, 0, 0, 0, 0, 0, 0, 0,
    0, 0, 0, 0, 0, 0, 0, 0,
    0, 0, 0, 0, 0, 0, 0, 0,
    0, 0, 0, 0, 0, 0, 0, 0,
    -25, 0, 0, -53, -36, -53, 0, 0,
    0, 0, 0, 0, 0, 0, 0, 0,
    0, 0, 0, 0, 0, 0, 0, 0,
    0, 0, 0, 0, 0, 0, 0, 0,
    0, 0, 0, 0, 0, 0, 0, 0,
    0, 0, 0, 0, 0, 0, 0, 0,
    0, 0, 0, 0, 0, 0, 0, 0,
    0, 0, 0, 0, 0, 0, 0, 0,
    0, 0, 0, 0, 0, 0, 0, 0,
    0, 0, 0, 0, 0, 0, 0, 0,
    0, 0, 0, 0, 0, 0, 0, 0,
    0, 0, 0, 0, 0, 0, 0, 0,
    0, 0, 0, 0, 0, 0, 0, 0,
    0, 0, 0, 0, 0, 0, 0, 0,
    0, 0, 0, 0, 0, 0, 0, 0,
    0, 0, 0, 0, 0, 0, 0, 0,
    0, 0, 0, 0, 0, 0, 0, 0,
    0, 0, 0, 0, 0, 0, 0, 0,
    0, 0, 0, 0, 0, 0, 0, 0,
    0, 0, 0, 0, 0, 0, 0, 0,
    0, 0, 0, 0, 0, 0, -17, -32,
    0, 0, -15, 0, -32, -20, -39, -29,
    -16, -20, -30, -20, -22, -11, -14, -13,
    -18, -16, -16, -11, -38, -15, -10, -13,
    0, 0, 0, 0, 0, -17, -13, -11,
    -11, -9, -11, -11, -13, -18, -61, -14,
    -31, -29, -20, -42, -17, 0, -30, 0,
    0, -13, -13, -13, -13, -8, -13, -14,
    -15, 0, -13, -13, 0, -11, -8, -14,
    -12, -12, -17, -12, -13, 0, 0, 0,
    0, 0, 0, 0, 0, -30, 0, 0,
    0, -16, 0, -17, -17, -17, -11, -13,
    -13, 0, 0, 0, -10, -14, -42, -15,
    -13, -13, -13, -13, -13, -13, -13, -13,
    -13, -13, -13, -15, -15, -15, 0, 0,
    -13, -13, 0, -14, -14, -14, -14, -12,
    -15, -12, -13, -13, -13, -13, -13, 0,
    -13, -13, -13, -13, 0, 0, -13, 0,
    0, -15, -15, -14, 0, 0, -15, -15,
    -15, -18, -11, -11, -11, -61, -8, -14,
    -14, -14, -14, -14, -29, -12, -42, -12,
    -17, -13, -13, -31, -31, -24, -25, -24,
    0, 0, 0, 0, 0, 0, 0, 0,
    0, 0, 0, 0, -39, 0, 0, 0,
    0, 0, 0, 0, 0, 0, 0, 0,
    0, 0, 0, 0, 0, 0, 0, 0,
    0, 0, 0, 0, 0, 0, 0, 0,
    0, 0, 0, 0, 0, 0, 0, 0,
    0, 0, 0, 0, 0, 0, 0, 0,
    0, 0, 0, 0, 0, 0, 0, 0,
    0, 0, 0, 0, 0, 0, 0, 0,
    0, 0, 0, 0, 0, 0, 0, 0,
    0, 0, 0, 0, 0, 0, 0, 0,
    0, 0, 0, 0, 0, 0, 0, 0,
    0, 0, 0, 0, 0, 0, 0, 0,
    0, 0, 0, 0, 0, 0, 0, 0,
    0, 0, 0, 0, 0, 0, 0, 0,
    0, 0, 0, 0, 0, 0, 0, 0,
    0, 0, 0, 0, 0, 0, 0, 0,
    0, 0, 0, 0, 0, 0, 0, 0,
    0, 0, 0, 0, 0, 0, 0, 0,
    0, 0, 0, 0, 0, 0, 0, 0,
    0, 0, 0, 0, 0, 0, 0, 0,
    0, 0, 0, 0, 0, 0, 0, 0,
    0, 0, -15, -10, 0, 0, 0, 0,
    -10, 0, -23, -7, 0, -53, -55, -53,
    -47, -13, -2, -4, -6, -45, -17, -13,
    -5, -9, -5, -23, 0, 0, 0, 0,
    0, -46, 0, -14, 0, 0, 0, 0,
    0, -13, 0, 0, 0, -11, 0, 0,
    0, 0, -16, 0, 0, -31, -32, -31,
    0, 0, -31, 0, 0, 0, -32, 0,
    0, 0, 0, 0, 0, 0, 0, 0,
    0, 0, 0, 0, 0, 0, 0, 0,
    0, 0, 0, 0, 0, -31, 0, 0,
    0, 0, 0, 0, 0, 0, 0, 0,
    0, 0, 0, 0, 0, 0, 0, 0,
    0, 0, 0, 0, 0, 0, 0, 0,
    0, 0, 0, 0, 0, 0, 0, 0,
    0, 0, 0, 0, 0, 0, 0, 0,
    0, 0, 0, 0, 0, 0, 0, 0,
    0, 0, 0, 0, 0, 0, 0, 0,
    0, 0, 0, 0, 0, 0, 0, 0,
    0, 0, 0, 0, 0, 0, 0, 0,
    0, 0, 0, 0, 0, 0, 0, -58,
    -58, -9, -10, -9, 0, 0, 0, 0,
    0, 0, 0, 0, 0, 0, 0, 0,
    -24, 0, 0, -53, -45, -53, -44, 0,
    0, 0, 0, 0, 0, 0, 0, 0,
    0, 0, 0, 0, 0, 0, 0, 0,
    0, 0, 0, 0, 0, 0, 0, 0,
    0, 0, 0, 0, 0, 0, 0, 0,
    0, 0, 0, 0, 0, 0, 0, 0,
    0, 0, 0, 0, 0, 0, 0, 0,
    0, 0, 0, 0, 0, 0, 0, 0,
    0, 0, 0, 0, 0, 0, 0, 0,
    0, 0, 0, 0, 0, 0, 0, 0,
    0, 0, 0, 0, 0, 0, 0, 0,
    0, 0, 0, 0, 0, 0, 0, 0,
    0, 0, 0, 0, 0, 0, 0, 0,
    0, 0, 0, 0, 0, 0, 0, 0,
    0, 0, 0, 0, 0, 0, 0, 0,
    0, 0, 0, 0, 0, 0, 0, 0,
    0, 0, 0, 0, 0, 0, 0, 0,
    0, 0, 0, 0, 0, 0, 0, 0,
    0, 0, 0, 0, 0, 0, 0, 0,
    0, 0, 0, 0, 0, 0, 0, 0,
    0, 0, 0, 0, 0, 0, -22, -47,
    0, 0, -36, 0, -47, -17, -50, -46,
    -21, -27, -16, -27, -29, -10, -32, -25,
    -10, -6, -11, -10, -43, -8, -12, -23,
    0, 0, 0, 0, 0, -24, -13, -10,
    -10, -23, -10, -10, -13, -11, -59, -12,
    -41, -37, -34, -60, -28, 0, -46, 0,
    0, -15, -6, -6, -6, -21, -6, -14,
    -15, 0, -6, -6, 0, -14, -23, -13,
    -21, -19, -35, -21, -28, 0, 0, 0,
    0, 0, 0, 0, 0, -13, 0, 0,
    0, -30, 0, -24, -24, -24, -10, -13,
    0, 0, 0, 0, 0, -12, -60, -15,
    -15, -15, -15, -15, -15, -15, -15, -6,
    -6, -6, -6, -15, -15, 0, 0, 0,
    -6, -6, 0, -13, -13, -13, -13, -21,
    -15, -21, -15, -15, -15, -6, -6, 0,
    -6, -6, -6, -6, 0, 0, -13, 0,
    0, -15, -15, -14, 0, 0, -15, -15,
    -15, -11, -14, -14, -14, -59, -23, -13,
    -13, -13, -13, -13, -37, -19, -60, -21,
    -28, -28, -28, -16, -16, -40, -41, -40,
    0, 0, 0, 0, 0, 0, 0, 0,
    0, 0, 0, 0, 0, 0, 0, 0,
    0, 0, 0, 0, 0, 0, 0, 0,
    0, 0, 0, 0, 0, 0, 0, 0,
    0, 0, 0, 0, 0, -40, 0, 0,
    -40, -40, 0, -32, -58, 0, -61, 0,
    0, -63, 0, 0, 0, 0, 0, 0,
    -30, 0, -30, 0, 0, 0, 0, 0,
    0, -29, 0, 0, 0, 0, 0, 0,
    0, 0, 0, 0, 0, 0, 0, 0,
    0, 0, 0, 0, 0, 0, 0, 0,
    0, 0, 0, 0, 0, 0, 0, 0,
    0, 0, 0, 0, 0, 0, 0, 0,
    0, 0, 0, 0, 0, 0, 0, 0,
    0, 0, 0, 0, 0, 0, 0, 0,
    0, 0, 0, 0, 0, 0, 0, 0,
    0, 0, 0, 0, 0, 0, 0, 0,
    0, 0, 0, 0, 0, 0, 0, 0,
    0, 0, 0, 0, 0, 0, 0, 0,
    0, 0, 0, 0, 0, 0, 0, 0,
    0, 0, 0, 0, 0, 0, 0, 0,
    0, 0, 0, 0, 0, 0, 0, 0,
    0, 0, -12, -46, 0, 0, 0, 0,
    -46, -21, -24, -45, -33, -10, -28, -10,
    -9, -14, -29, 0, 0, 0, 0, -14,
    0, 0, 0, -7, 0, 0, 0, -41,
    0, 0, -6, -18, -18, 0, -18, -18,
    -6, -13, -45, -17, -46, -41, -1, -48,
    -2, 0, -14, 0, -19, -9, -12, -10,
    -12, -17, -8, -9, -9, 0, -12, -10,
    0, -7, -22, -14, -28, -25, -2, -28,
    -5, 0, 0, 0, 0, 0, 0, 0,
    0, -24, 0, 0, 0, -17, 0, 0,
    0, 0, -18, -6, 0, 0, 0, 0,
    0, -17, -48, -9, -9, -9, -9, -9,
    -9, -9, -9, -12, -12, -12, -11, -9,
    -9, -9, -9, 0, -12, -11, 0, -14,
    -14, -14, -14, -28, -9, -28, -9, -9,
    -9, -12, -10, 0, -12, -12, -11, -8,
    0, 0, -6, 0, 0, -9, -9, -9,
    0, 0, -9, -9, -9, -13, -7, -7,
    -7, -45, -22, -14, -14, -14, -14, -14,
    -41, -25, -48, -28, -2, -5, -5, -28,
    -28, -42, -44, -42, -42, 0, 0, 0,
    -12, -46, 0, 0, 0, 0, -46, -21,
    -24, -45, -33, -10, -28, -10, -9, -14,
    -29, 0, 0, 0, 0, -14, 0, 0,
    0, -7, 0, 0, 0, -41, 0, 0,
    -6, -18, -18, 0, -18, -18, -6, -13,
    -45, -17, -46, -41, -1, -48, -2, 0,
    -14, 0, -19, -9, -12, -10, -12, -17,
    -8, -9, -9, 0, -12, -10, 0, -7,
    -22, -14, -28, -25, -2, -28, -5, 0,
    0, 0, 0, 0, 0, 0, 0, -24,
    0, 0, 0, -17, 0, 0, 0, 0,
    -18, -6, 0, 0, 0, 0, 0, -17,
    -48, -9, -9, -9, -9, -9, -9, -9,
    -9, -12, -12, -12, -11, -9, -9, -9,
    -9, -13, -12, -11, 0, -14, -14, -14,
    -14, -28, -9, -28, -9, -9, -9, -12,
    -10, 0, -12, -12, -11, -8, 0, 0,
    -6, 0, 0, -9, -9, -9, 0, -10,
    -9, -9, -9, -13, -7, -7, -7, -45,
    -22, -14, -14, -14, -14, -14, -41, -25,
    -48, -28, -2, -5, -5, -28, -28, -42,
    -44, -42, -42, 0, 0, 0, -11, -13,
    0, 0, 0, 0, -13, -20, -15, -13,
    -18, -12, -26, -12, -12, -11, -7, 0,
    0, 0, 0, -11, 0, 0, 0, -10,
    0, 0, 0, -16, 0, -4, -6, -12,
    -12, 1, -12, -12, -6, -13, -3, -7,
    -6, -8, -4, -4, -5, 0, -12, 0,
    -21, -10, -12, -12, -12, -13, -12, -4,
    -5, 0, -12, -12, 0, -8, -13, -14,
    -16, -16, -8, -16, -8, 0, 0, 0,
    0, 0, 0, 0, 0, -26, 0, 0,
    0, -15, 0, -4, -4, -4, -12, -6,
    0, 0, 0, 0, 0, -7, -4, -12,
    -9, -10, -9, -9, -9, -9, -10, -12,
    -12, -12, -11, -5, -5, 0, 6, -13,
    -12, -11, 0, -14, -14, -14, -14, -16,
    -5, -16, -9, -9, -10, -12, -12, 0,
    -12, -12, -11, -12, 0, 0, -6, 0,
    0, -5, -12, -4, 0, 0, -12, -12,
    -5, -13, -8, -8, -8, -3, -13, -14,
    -14, -14, -14, -14, -8, -16, -4, -16,
    -5, -8, -8, -27, -27, -17, -13, -17,
    -13, 0, 0, 0, -10, -16, 0, 0,
    0, 0, -16, -10, -33, -9, -17, -20,
    -15, -20, -21, 1, -1, 0, 0, 0,
    0, 1, 0, 0, 0, -8, 0, 0,
    0, -9, 0, -14, 0, -1, -1, -9,
    -1, -1, 0, 0, -16, -1, -14, -13,
    -20, -21, -13, 0, -25, 0, -42, -7,
    -1, -2, -1, 0, -2, -3, -4, 0,
    -1, -2, 0, -6, 0, -5, 0, -1,
    -11, 0, -8, 0, 0, 0, 0, 0,
    0, 0, 0, -9, 0, 0, 0, -13,
    0, -14, -14, -14, -1, 0, 0, 0,
    0, 0, 0, -1, -21, -6, -6, -7,
    -6, -6, -6, -6, -7, -1, -1, -1,
    -1, -4, -4, 3, 0, 0, -1, -1,
    0, -5, -5, -5, -5, 0, -4, 0,
    -6, -6, -7, -1, -2, 0, -1, -1,
    -1, -2, 0, 0, 0, 0, 0, -4,
    -6, -3, 0, 0, -6, -6, -4, 0,
    -6, -6, -6, -16, 0, -5, -5, -5,
    -5, -5, -13, -1, -21, 0, -13, -8,
    -8, -15, -15, -8, -11, -8, -10, 0,
    0, 0, -11, -13, 0, 0, 0, 0,
    -13, -20, -15, -13, -18, -12, -26, -12,
    -12, -11, -7, 0, 0, 0, 0, -11,
    0, 0, 0, -10, 0, 0, 0, -16,
    0, -4, -6, -12, -12, 1, -12, -12,
    -6, -13, -3, -7, -6, -8, -4, -4,
    -5, 0, -12, 0, -21, -10, -12, -12,
    -12, -13, -12, -4, -5, 0, -12, -12,
    0, -8, -13, -14, -16, -16, -8, -16,
    -8, 0, 0, 0, 0, 0, 0, 0,
    0, -26, 0, 0, 0, -15, 0, -4,
    -4, -4, -12, -6, 0, 0, 0, 0,
    0, -7, -4, -12, -9, -10, -9, -9,
    -9, -9, -10, -12, -12, -12, -11, -5,
    -5, 0, 6, 0, -12, -11, 0, -14,
    -14, -14, -14, -16, -5, -16, -9, -9,
    -10, -12, -12, 0, -12, -12, -11, -12,
    0, 0, -6, 0, 0, -5, -12, -4,
    0, 0, -12, -12, -5, -13, -8, -8,
    -8, -3, -13, -14, -14, -14, -14, -14,
    -8, -16, -4, -16, -5, -8, -8, -27,
    -27, -17, -13, -17, -13, 0, 0, 0,
    -8, -10, 0, 0, 0, 0, -10, -10,
    -15, -9, 0, -14, -15, -14, -14, 0,
    -1, 0, 0, 0, 0, 0, 0, 0,
    0, -5, 0, 0, 0, -9, 0, -6,
    -4, 0, 0, 0, 0, 0, -4, -2,
    -3, -3, -5, -5, -5, -4, -5, 0,
    -10, 0, -22, -4, 0, -1, 0, -1,
    0, -3, -4, 0, 0, -1, 0, -1,
    -1, -4, -2, -3, -8, -2, -6, 0,
    0, 0, 0, 0, 0, 0, 0, -13,
    0, 0, 0, -13, 0, -6, -6, -6,
    0, -4, 0, 0, 0, 0, 0, -3,
    -4, -6, -3, -4, -3, -3, -3, -3,
    -4, 0, 0, 0, 1, -4, -4, 0,
    0, 0, 0, 1, 0, -4, -4, -4,
    -4, -2, -4, -2, -3, -3, -4, 0,
    -1, 0, 0, 0, 1, 0, 0, 0,
    -4, 0, 0, -4, -6, -3, 0, 0,
    -6, -6, -4, -2, -1, -1, -1, -3,
    -1, -4, -4, -4, -4, -4, -5, -3,
    -4, -2, -5, -6, -6, -16, -16, -11,
    -10, -11, -10, 0, 0, 0, -8, -10,
    0, 0, 0, 0, -10, -10, -15, -9,
    0, -14, -15, -14, -14, 0, -1, 0,
    0, 0, 0, 0, 0, 0, 0, -5,
    0, 0, 0, -9, 0, -6, -4, 0,
    0, 0, 0, 0, -4, -2, -3, -3,
    -5, -5, -5, -4, -5, 0, -10, 0,
    -22, -4, 0, -1, 0, -1, 0, -3,
    -4, 0, 0, -1, 0, -1, -1, -4,
    -2, -3, -8, -2, -6, 0, 0, 0,
    0, 0, 0, 0, 0, -13, 0, 0,
    0, -13, 0, -6, -6, -6, 0, 15,
    0, 0, 0, 0, 0, -3, -4, -6,
    -3, -4, -3, -3, -3, -3, -4, 0,
    0, 0, 1, -4, -4, 0, 0, 0,
    0, 1, 0, -4, -4, -4, -4, -2,
    -4, -2, -3, -3, -4, 0, -1, 0,
    0, 0, 1, 0, 0, 0, -4, 0,
    0, -4, -6, -3, 0, 0, -6, -6,
    -4, -2, -1, -1, -1, -3, -1, -4,
    -4, -4, -4, -4, -5, -3, -4, -2,
    -5, -6, -6, -16, -16, -11, -10, -11,
    -10, 0, 0, 0, 0, 0, 0, 0,
    0, 0, 0, 0, 0, 0, 0, 0,
    0, 0, 0, 0, 0, 0, 0, 0,
    0, 0, 0, 0, 0, 0, 0, 0,
    0, 0, 0, 0, 0, 0, 0, 0,
    0, 0, 0, 0, 0, 0, 0, 0,
    0, 0, 0, 0, 0, 0, 0, 0,
    0, 0, 0, 0, 0, 0, 0, 0,
    0, 0, 0, 0, 0, 0, 0, 0,
    0, 0, -6, 0, 0, 0, 0, 0,
    0, 0, 0, 0, 0, 0, 0, 0,
    0, 0, 0, 0, 0, 0, 0, 0,
    0, 0, 0, 0, 0, 0, 0, 0,
    0, 0, 0, 0, 0, 0, 0, 0,
    0, 0, 0, 0, 0, 0, 0, 0,
    0, 0, 0, 0, 0, 0, 0, 0,
    0, 0, 0, 0, 0, 0, 0, 0,
    0, 0, 0, 0, 0, 0, 0, 0,
    0, 0, 0, 0, 0, 0, 0, 0,
    0, 0, 0, 0, 0, 0, 0, 0,
    0, 0, 0, 0, 0, 0, 0, 0,
    0, 0, 0, 0, 0, 0, 0, 0,
    0, 0, 0, 0, 0, 0, 0, 0,
    0, 0, 0, 0, 0, 0, -15, 0,
    0, 0, 0, 0, 0, 0, 0, 0,
    0, 0, 0, 0, 0, 0, 0, 0,
    0, 0, 0, 0, 0, 0, 0, 0,
    0, 0, 0, 0, 0, 0, 0, 0,
    0, 0, 0, 0, 0, 0, 0, 0,
    0, 0, 0, 0, 0, 0, 0, 0,
    0, 0, 0, 0, 0, 0, 0, 0,
    0, 0, 0, 0, 0, 0, 0, 0,
    0, 0, 0, 0, 0, 0, 0, 0,
    0, 0, 0, 0, 0, 55, 0, 0,
    0, 0, 0, 0, 0, 0, 0, 0,
    0, 0, 0, 0, 0, 0, 0, 0,
    0, 0, 0, 0, 0, 0, 0, 0,
    0, 0, 0, 0, 0, 0, 0, 0,
    0, 0, 0, 0, 0, 0, 0, 0,
    0, 0, 0, 0, 0, 0, 0, 0,
    0, 0, 0, 0, 0, 0, 0, 0,
    0, 0, 0, 0, 0, 0, 0, 0,
    0, 0, 0, 0, 0, 0, 0, 0,
    0, 0, 0, 0, 0, 0, 0, 0,
    -8, -20, 0, 0, 0, 0, -20, -7,
    -38, -13, -7, -25, -11, -25, -23, 4,
    -1, 0, 0, 0, 0, 4, 0, 0,
    0, -7, 0, 0, 0, -16, 0, -18,
    0, 2, 2, -18, 2, 2, 0, -2,
    -22, 0, -18, -16, -27, -25, -18, 0,
    -31, 0, -49, -5, -1, -1, -1, 0,
    -1, -2, -3, 0, -1, -1, 0, -1,
    0, -2, -2, -3, -13, -2, -8, 0,
    0, 0, 0, 0, 0, 0, 0, -10,
    0, 0, 0, -11, 0, -18, -18, -18,
    2, 0, 0, 0, 0, 0, 0, 0,
    -25, -3, -4, -5, -4, -4, -4, -4,
    -5, -1, -1, -1, -1, -3, -3, 3,
    0, 0, -1, -1, 0, -2, -2, -2,
    -2, -2, -3, -2, -4, -4, -5, -1,
    -1, 0, -1, -1, -1, -1, 0, 0,
    0, 0, 0, -3, -3, -2, 0, 0,
    -3, -3, -3, -2, -1, -1, -1, -22,
    0, -2, -2, -2, -2, -2, -16, -3,
    -25, -2, -18, -8, -8, -11, -11, -12,
    -14, -12, -12, 0, 0, 0, -9, -20,
    0, 0, 0, 0, -20, -7, -38, -13,
    -7, -24, -11, -24, -23, 5, -1, 0,
    0, 0, 0, 5, 0, 0, 0, -7,
    0, 0, 0, -15, 0, -18, 0, 2,
    2, -16, 2, 2, 0, -2, -21, 0,
    -17, -16, -26, -23, -17, 0, -30, 0,
    -46, -4, -1, 0, -1, 0, -1, -2,
    -2, 0, -1, 0, 0, 0, 0, -2,
    -2, -2, -13, -2, -8, 0, 0, 0,
    0, 0, 0, 0, 0, -10, 0, 0,
    0, -11, 0, -18, -18, -18, 2, 0,
    0, 0, 0, 0, 0, 0, -23, -3,
    -4, -4, -4, -4, -4, -4, -4, -1,
    -1, -1, -1, -2, -2, 3, 1, 0,
    -1, -1, 0, -2, -2, -2, -2, -2,
    -2, -2, -4, -4, -4, -1, 0, 0,
    -1, -1, -1, -1, 0, 0, 0, 0,
    0, -2, -3, -2, 0, 0, -3, -3,
    -2, -2, 0, 0, 0, -21, 0, -2,
    -2, -2, -2, -2, -16, -2, -23, -2,
    -17, -8, -8, -11, -11, -11, -14, -11,
    -12, 0, 0, 0, 0, 0, 0, 0,
    0, 0, 0, 0, -42, 0, 0, 0,
    0, 0, 0, 0, -6, 0, -7, -8,
    -10, 0, -26, 0, 0, 0, 0, 0,
    0, 0, 0, -25, 0, 0, 0, 0,
    0, 0, 0, 0, -27, 0, 0, 0,
    0, 0, 0, 0, 0, 0, 0, 0,
    0, 0, 0, 0, 0, 0, 0, 0,
    0, 0, 0, 0, 0, 0, 0, 0,
    0, 0, 0, 0, 0, 0, 0, 0,
    0, 0, 0, 0, 0, 0, 0, 0,
    0, 0, 0, 0, 0, 0, 0, 0,
    0, 0, 0, 0, 0, 0, 0, 0,
    0, 0, 0, 0, 0, 0, 0, 0,
    0, 0, 0, 0, 0, 0, 0, 0,
    0, 0, 0, 0, 0, 0, 0, 0,
    0, 0, 0, 0, 0, 0, 0, 0,
    0, 0, 0, 0, 0, 0, 0, 0,
    0, 0, 0, 0, 0, 0, 0, 0,
    0, 0, 0, 0, 0, 0, 0, 0,
    0, 0, 0, 0, 0, 0, 0, 0,
    0, 0, 0, 0, 0, 0, 0, 0,
    0, 0, 0, 0, 0, 0, 0, 0,
    0, 0, -23, 0, 0, 0, -11, 0,
    0, 0, 0, 0, 0, 0, 0, 0,
    0, 0, 0, 0, 0, 0, 0, 0,
    0, 0, 0, 0, 0, -16, 0, 0,
    0, 0, 0, 0, 0, 0, 0, 0,
    0, 0, 0, 0, 0, 0, 0, 0,
    0, 0, 0, 0, 0, 0, 0, 0,
    0, 0, 0, 0, -2, 0, 0, -2,
    0, 0, 0, 0, 0, 0, 0, 0,
    0, 0, 0, 0, 0, 0, 0, 0,
    0, 0, 0, 0, 0, 0, 0, 0,
    0, 0, 0, 0, 0, 0, 0, 0,
    0, 0, 0, 0, 0, 0, 0, 0,
    0, 0, 0, 0, 0, 0, 0, 0,
    0, 0, 0, 0, 0, 0, 0, 0,
    0, 0, 0, 0, 0, 0, 0, 0,
    0, 0, 0, 0, 0, 0, 0, 0,
    0, 0, 0, 0, 0, 0, 0, 0,
    0, 0, 0, 0, 0, 0, 0, 0,
    0, 0, 0, 0, 0, 0, 0, 0,
    0, 0, 0, 0, 0, 0, 0, 0,
    -8, -8, 0, 0, 0, 0, -8, -9,
    -14, -7, -10, -22, -14, -22, -23, 0,
    0, 0, 0, 0, 0, 0, 0, 0,
    0, -8, 0, 0, 0, -8, 0, -17,
    -3, 0, 0, -12, 0, 0, -3, -2,
    -2, -1, -3, -4, -8, -3, -7, 0,
    -11, 0, -41, -5, -1, -1, -1, 0,
    -1, -2, -2, 0, -1, -1, 0, -3,
    0, -3, -1, -2, -12, -1, -8, 0,
    0, 0, 0, 0, 0, 0, 0, -12,
    0, 0, 0, -14, 0, -17, -17, -17,
    0, -3, 0, 0, 0, 0, 0, -1,
    -3, -4, -4, -5, -4, -4, -4, -4,
    -5, -1, -1, -1, 0, -2, -2, 6,
    11, 0, -1, 0, 0, -3, -3, -3,
    -3, -1, -2, -1, -4, -4, -5, -1,
    -1, 0, -1, -1, 0, -1, 0, 0,
    -3, 0, 0, -2, -4, -2, 0, 0,
    -4, -4, -2, -2, -3, -3, -3, -2,
    0, -3, -3, -3, -3, -3, -4, -2,
    -3, -1, -7, -8, -8, -14, -14, -10,
    -9, -10, -8, 0, 0, 0, -11, -7,
    0, 0, 0, 0, -7, -33, -8, -12,
    -42, -53, -60, -53, -52, -21, -9, 0,
    0, 0, 0, -21, 0, 0, 0, -34,
    0, 0, 0, -15, 0, -48, -4, -23,
    -23, -42, -23, -23, -4, -19, 0, -3,
    0, 0, -2, 0, -4, 0, -7, 0,
    -56, -42, -41, -41, -41, -22, -41, -5,
    -8, -34, -41, -41, -34, -38, -23, -32,
    -23, -24, -31, -23, -31, 0, 0, 0,
    0, 0, 0, 0, 0, -60, 0, 0,
    0, -42, 0, -48, -48, -48, -23, -4,
    0, 0, 0, 0, 0, -3, 0, -33,
    -17, -42, -17, -17, -17, -17, -42, -41,
    -41, -41, -19, -8, -8, 7, 0, 0,
    -41, -19, 0, 0, 0, 0, -20, -23,
    -8, -23, -17, -17, -42, -41, -41, 0,
    -41, -41, -19, -41, 0, 0, -4, 0,
    0, -8, -33, -5, 0, 0, -33, -33,
    -8, -19, -38, -38, -38, 0, -23, 0,
    0, 0, 0, 0, 0, -24, 0, -23,
    -4, -31, -31, -61, -61, -15, -7, -15,
    -6, 0, 0, 0, 0, 0, 0, 0,
    0, 0, 0, 0, -40, 0, 0, 0,
    0, -34, 0, 0, 0, 0, 0, 0,
    0, 0, 0, 0, 0, 0, 0, 0,
    0, 0, 0, -22, 0, 0, 0, -27,
    0, 0, 0, 0, 0, 0, -20, 0,
    0, -30, 0, 0, 0, 0, 0, -7,
    0, 0, -2, 0, 0, -4, -5, 0,
    -2, 0, 0, 0, 0, -4, -2, 0,
    0, 0, 0, 0, 0, 0, 0, 0,
    0, 0, 0, 0, 0, 0, 0, 0,
    0, 0, -22, 0, 0, 0, 0, 0,
    0, 0, 0, 0, -30, 0, 0, -7,
    0, 0, 0, 0, -7, 0, 0, 0,
    0, 0, 0, 0, 0, 0, -2, 0,
    0, 0, 0, 0, 0, -2, 0, 0,
    -7, 0, 0, 0, 0, 0, 0, 0,
    0, 0, 0, 0, 0, 0, 0, 0,
    0, 0, 0, 0, 0, 0, 0, 0,
    0, 0, 0, 0, 0, 0, 0, 0,
    0, 0, 0, 0, 0, 0, 0, 0,
    0, 0, 0, 0, 0, 0, 0, 0,
    0, 0, 0, 0, 0, 0, 0, 0,
    -19, 0, -30, 0, 0, -13, -12, -13,
    0, 0, 0, 0, 0, 0, 0, 0,
    0, 0, 0, 0, 0, 0, 0, 0,
    0, 0, 0, 0, 0, 0, 0, 0,
    0, 0, 0, 0, 0, 0, 0, 0,
    0, 0, 0, 0, 0, -3, 0, 0,
    -1, -3, -1, -3, 0, 0, 0, 0,
    0, 0, -5, -2, -4, -4, 0, 0,
    -7, 0, 0, 0, 0, 0, 0, 0,
    0, 0, 0, 0, 0, -15, 0, 0,
    0, 0, 0, 0, 0, 0, 0, 0,
    0, 0, 0, 0, 0, 0, 0, 0,
    0, 0, 0, 0, 0, 0, 0, 0,
    0, 0, 0, 0, 0, 0, 0, 0,
    0, 0, 0, 0, 0, 0, 0, 0,
    0, 0, 0, 0, 0, 0, 0, 0,
    0, 0, 0, 0, 0, 0, 0, 0,
    0, 0, 0, 0, 0, 0, 0, 0,
    0, 0, 0, 0, 0, 0, 0, 0,
    0, 0, 0, 0, 0, 0, 0, 0,
    0, 0, 0, 0, 0, 0, 0, 0,
    -12, -34, 0, 0, 0, 0, -34, -13,
    -21, -31, -16, -14, -18, -14, -14, -5,
    -20, 0, 0, 0, 0, -5, 0, 0,
    0, -10, 0, 0, 0, -30, 0, -8,
    -5, -6, -6, -3, -6, -6, -5, -9,
    -21, -8, -32, -29, -10, -44, -10, 0,
    -19, 0, -21, -6, -3, -3, -3, -10,
    -3, -5, -6, 0, -3, -3, 0, -4,
    -11, -7, -11, -11, -10, -11, -10, 0,
    0, 0, 0, 0, 0, 0, 0, -15,
    0, 0, 0, -17, 0, -8, -8, -8,
    -6, -5, 0, 0, 0, 0, 0, -8,
    -44, -6, -6, -6, -6, -6, -6, -6,
    -6, -3, -3, -3, -3, -6, -6, -6,
    -6, 0, -3, -3, 0, -7, -7, -7,
    -7, -11, -6, -11, -6, -6, -6, -3,
    -3, 0, -3, -3, -3, -3, 0, 0,
    -5, 0, 0, -6, -6, -5, 0, 0,
    -6, -6, -6, -9, -4, -4, -4, -21,
    -11, -7, -7, -7, -7, -7, -29, -11,
    -44, -11, -10, -10, -10, -18, -18, -25,
    -24, -25, -25, 0, 0, 0, -12, -24,
    0, 0, 0, 0, -24, -13, -21, -31,
    -16, -14, -18, -14, -14, -5, -20, 0,
    0, 0, 0, -5, 0, 0, 0, -10,
    0, 0, 0, -30, 0, -8, -5, -6,
    -6, -3, -6, -6, -5, -9, -21, -8,
    -32, -29, -10, -44, -10, 0, -19, 0,
    -21, -6, -3, -3, -3, -10, -3, -5,
    -6, 0, -3, -3, 0, -4, -11, -7,
    -11, -11, -10, -11, -10, 0, 0, 0,
    0, 0, 0, 0, 0, -15, 0, 0,
    0, -17, 0, -8, -8, -8, -6, -5,
    0, 0, 0, 0, 0, -8, -44, -6,
    -6, -6, -6, -6, -6, -6, -6, -3,
    -3, -3, -3, -6, -6, -6, -6, -5,
    -3, -3, 0, -7, -7, -7, -7, -11,
    -6, -11, -6, -6, -6, -3, -3, 0,
    -3, -3, -3, -3, 0, 0, -5, 0,
    0, -6, -6, -5, 0, 0, -6, -6,
    -6, -9, -4, -4, -4, -21, -11, -7,
    -7, -7, -7, -7, -29, -11, -44, -11,
    -10, -10, -10, -18, -18, -25, -24, -25,
    -25, 0, 0, 0, -12, -24, 0, 0,
    0, 0, -24, -13, -21, -31, -16, -14,
    -18, -14, -14, -5, -20, 0, 0, 0,
    0, -5, 0, 0, 0, -10, 0, 0,
    0, -30, 0, -8, -5, -6, -6, -3,
    -6, -6, -5, -9, -21, -8, -32, -29,
    -10, -44, -10, 0, -19, 0, -21, -6,
    -3, -3, -3, -10, -3, -5, -6, 0,
    -3, -3, 0, -4, -11, -7, -11, -11,
    -10, -11, -10, 0, 0, 0, 0, 0,
    0, 0, 0, -15, 0, 0, 0, -17,
    0, -8, -8, -8, -6, -5, 0, 0,
    0, 0, 0, -8, -44, -6, -6, -6,
    -6, -6, -6, -6, -6, -3, -3, -3,
    -3, -6, -6, -6, -6, 0, -3, -3,
    0, -7, -7, -7, -7, -11, -6, -11,
    -6, -6, -6, -3, -3, 0, -3, -3,
    -3, -3, 0, 0, -5, 0, 0, -6,
    -6, -5, 0, 0, -6, -6, -6, -9,
    -4, -4, -4, -21, -11, -7, -7, -7,
    -7, -7, -29, -11, -44, -11, -10, -10,
    -10, -18, -18, -25, -24, -25, -25, 0,
    0, 0, -8, -30, 0, 0, 0, 0,
    -30, -7, -36, -28, -8, -15, -7, -15,
    -16, 0, -17, 0, 0, 0, 0, 0,
    0, 0, 0, -6, 0, 0, 0, -29,
    0, -11, 0, -1, -1, -3, -1, -1,
    0, -2, -43, -2, -28, -24, -19, -40,
    -12, 0, -29, 0, -35, -3, 3, 2,
    3, -3, 2, -1, -2, 0, 3, 2,
    0, 1, -4, 0, -5, -5, -16, -5,
    -10, 0, 0, 0, 0, 0, 0, 0,
    0, -6, 0, 0, 0, -13, 0, -11,
    -11, -11, -1, 0, 0, 0, 0, 0,
    0, -2, -40, -2, -3, -3, -3, -3,
    -3, -3, -3, 3, 3, 3, 3, -2,
    -2, -2, -2, 0, 3, 3, 0, 0,
    0, 0, 0, -5, -2, -5, -3, -3,
    -3, 3, 2, 0, 3, 3, 3, 2,
    0, 0, 0, 0, 0, -2, -2, -1,
    0, 0, -2, -2, -2, -2, 1, 1,
    1, -43, -4, 0, 0, 0, 0, 0,
    -24, -5, -40, -5, -12, -10, -10, -7,
    -7, -23, -25, -23, -24, 0, 0, 0,
    -9, -28, 0, 0, 0, 0, -28, -8,
    -25, -26, -7, -12, -15, -12, -17, -2,
    -13, 0, 0, 0, 0, -2, 0, 0,
    0, -4, 0, 0, 0, -28, 0, -10,
    -2, -2, -2, -2, -2, -2, -2, -2,
    -44, -4, -29, -26, -17, -40, -8, 0,
    -26, 0, -34, -3, -1, -1, -1, -1,
    -2, -3, -4, 0, -1, -1, 0, 0,
    -2, -4, -6, -5, -16, -6, -8, 0,
    0, 0, 0, 0, 0, 0, 0, -13,
    0, 0, 0, -11, 0, -10, -10, -10,
    -2, -2, 0, 0, 0, 0, 0, -4,
    -40, -4, -3, -3, -3, -3, -3, -3,
    -3, -1, -1, -1, -1, -4, -4, -4,
    -4, 0, -1, -1, 0, -4, -4, -4,
    -4, -6, -4, -6, -3, -3, -3, -1,
    -1, 0, -1, -1, -1, -2, 0, 0,
    -2, 0, 0, -4, -4, -3, 0, 0,
    -4, -4, -4, -2, 0, 0, 0, -44,
    -2, -4, -4, -4, -4, -4, -26, -5,
    -40, -6, -8, -8, -8, -15, -15, -22,
    -23, -22, -22, 0, 0, 0, -7, -28,
    0, 0, 0, 0, -28, -5, -33, 0,
    0, -13, -6, -13, -14, 0, -11, 0,
    0, 0, 0, 0, 0, 0, 0, -5,
    0, 0, 0, -25, 0, -10, 3, 0,
    0, -2, 0, 0, 3, 0, -25, -1,
    -23, 0, 0, 0, 0, 0, -27, 0,
    0, -2, 5, 4, 5, -2, 4, 1,
    0, 0, 5, 4, 0, 4, -2, 2,
    -3, -3, -14, -3, -8, 0, 0, 0,
    0, 0, 0, 0, 0, -4, 0, 0,
    0, -12, 0, -10, -10, -10, 0, 3,
    0, 0, 0, 0, 0, -1, 0, 0,
    -2, -2, -2, -2, -2, -2, -2, 5,
    5, 5, 5, 0, 0, 1, 0, 0,
    5, 5, 0, 2, 2, 2, 2, -3,
    0, -3, -2, -2, -2, 5, 4, 0,
    5, 5, 5, 4, 0, 0, 3, 0,
    0, 0, 0, 1, 0, 0, 0, 0,
    0, 0, 4, 4, 4, -25, -2, 2,
    2, 2, 2, 2, 0, -3, 0, -3,
    0, -8, -8, -6, -6, -20, -21, -20,
    -20, 0, 0, 0, -8, -30, 0, 0,
    0, 0, -30, -7, -28, -28, -8, -15,
    -7, -15, -16, 0, -17, 0, 0, 0,
    0, 0, 0, 0, 0, -6, 0, 0,
    0, -29, 0, -11, 0, -1, -1, -3,
    -1, -1, 0, -2, -43, -2, -28, -24,
    -19, -40, -12, 0, -29, 0, -35, -3,
    3, 2, 3, -3, 2, -1, -2, 0,
    3, 2, 0, 1, -4, 0, -5, -5,
    -16, -5, -10, 0, 0, 0, 0, 0,
    0, 0, 0, -6, 0, 0, 0, -13,
    0, -11, -11, -11, -1, 0, 0, 0,
    0, 0, 0, -2, -40, -2, -3, -3,
    -3, -3, -3, -3, -3, 3, 3, 3,
    3, -2, -2, -2, -2, 0, 3, 3,
    0, 0, 0, 0, 0, -5, -2, -5,
    -3, -3, -3, 3, 2, 0, 3, 3,
    3, 2, 0, 0, 0, 0, 0, -2,
    -2, -1, 0, 0, -2, -2, -2, -2,
    1, 1, 1, -43, -4, 0, 0, 0,
    0, 0, -24, -5, -40, -5, -12, -10,
    -10, -7, -7, -23, -25, -23, -24, 0,
    0, 0, -7, -22, 0, 0, 0, 0,
    -22, -6, -33, -18, 0, -15, -7, -15,
    -15, 0, -10, 0, 0, 0, 0, 0,
    0, 0, 0, -6, 0, 0, 0, -18,
    0, -11, 0, -1, -1, -3, -1, -1,
    0, -2, -7, -1, -8, -17, -15, 0,
    -7, 0, -19, 0, 0, -3, 3, 2,
    3, -3, 2, 0, -2, 0, 3, 2,
    0, 1, -4, 0, -5, -5, -16, -5,
    -10, 0, 0, 0, 0, 0, 0, 0,
    0, -6, 0, 0, 0, -13, 0, -11,
    -11, -11, -1, 0, 0, 0, 0, 0,
    0, -1, 0, -2, -3, -3, -3, -3,
    -3, -3, -3, 3, 3, 3, 3, -2,
    -2, 2, 0, 0, 3, 3, 0, 0,
    0, 0, 0, -5, -2, -5, -3, -3,
    -3, 3, 2, 0, 3, 3, 3, 2,
    0, 0, 0, 0, 0, -2, -2, 0,
    0, 0, -2, -2, -2, -2, 1, 1,
    1, -7, -4, 0, 0, 0, 0, 0,
    -17, -5, 0, -5, -7, -10, -10, -7,
    -7, -18, -13, -18, -18, 0, 0, 0,
    -7, -14, 0, 0, 0, 0, -22, -6,
    -22, -18, 0, -15, -7, -15, -15, 0,
    -10, 0, 0, 0, 0, 0, 0, 0,
    0, -6, 0, 0, 0, -18, 0, -11,
    0, -1, -1, -3, -1, -1, 0, -2,
    -7, -1, -8, -17, -15, 0, -7, 0,
    -19, 0, 0, -3, 3, 2, 3, -3,
    2, 0, -2, 0, 3, 2, 0, 1,
    -4, 0, -5, -5, -16, -5, -10, 0,
    0, 0, 0, 0, 0, 0, 0, -6,
    0, 0, 0, -13, 0, -11, -11, -11,
    -1, 0, 0, 0, 0, 0, 0, -1,
    0, -2, -3, -3, -3, -3, -3, -3,
    -3, 3, 3, 3, 3, -2, -2, 2,
    0, 0, 3, 3, 0, 0, 0, 0,
    0, -5, -2, -5, -3, -3, -3, 3,
    2, 0, 3, 3, 3, 2, 0, 0,
    0, 0, 0, -2, -2, 0, 0, 0,
    -2, -2, -2, -2, 1, 1, 1, -7,
    -4, 0, 0, 0, 0, 0, -17, -5,
    0, -5, -7, -10, -10, -7, -7, -18,
    -13, -18, -18, 0, 0, 0, 0, 0,
    0, 0, 0, 0, 0, -1, -18, 3,
    0, -5, -8, -5, -6, 11, 3, 0,
    0, 0, 0, 11, 0, 0, 0, 2,
    0, 0, 0, 0, 0, -1, 4, 10,
    10, 4, 10, 10, 4, 7, 3, 0,
    0, 0, 0, 5, 0, 0, 0, 0,
    0, 5, 12, 11, 12, 5, 11, 3,
    3, 0, 12, 11, 0, 9, 5, 3,
    6, 5, -1, 6, 3, 0, 0, 0,
    0, 0, 0, 0, 0, -5, 0, 0,
    0, -5, 0, -1, -1, -1, 10, 4,
    0, 0, 0, 0, 0, 0, 5, 3,
    5, 5, 5, 5, 5, 5, 5, 12,
    12, 12, 12, 3, 3, 5, 0, 0,
    12, 12, 0, 3, 3, 3, 3, 6,
    3, 6, 5, 5, 5, 12, 11, 0,
    12, 12, 12, 11, 0, 0, 4, 0,
    0, 3, 3, 3, 0, 0, 3, 3,
    3, 7, 9, 9, 9, 3, 5, 3,
    3, 3, 3, 3, 0, 5, 5, 6,
    0, 3, 3, -8, -8, 1, 0, 1,
    0, 0, 0, 0, 0, 0, 0, 0,
    0, 0, 0, -1, 0, 3, 0, -5,
    -8, -5, -6, 11, 3, 0, 0, 0,
    0, 11, 0, 0, 0, 2, 0, 0,
    0, 0, 0, -1, 4, 10, 10, 4,
    10, 10, 4, 7, 3, 0, 0, 0,
    0, 5, 0, 0, 0, 0, 0, 5,
    12, 11, 12, 5, 11, 3, 3, 0,
    12, 11, 0, 9, 5, 3, 6, 5,
    -1, 6, 3, 0, 0, 0, 0, 0,
    0, 0, 0, -5, 0, 0, 0, -5,
    0, -1, -1, -1, 10, 4, 0, 0,
    0, 0, 0, 0, 5, 3, 5, 5,
    5, 5, 5, 5, 5, 12, 12, 12,
    12, 3, 3, 5, 0, 10, 12, 12,
    0, 3, 3, 3, 3, 6, 3, 6,
    5, 5, 5, 12, 11, 0, 12, 12,
    12, 11, 0, 0, 4, 0, 0, 3,
    3, 3, 0, 9, 3, 3, 3, 7,
    9, 9, 12, 3, 5, 3, 3, 3,
    3, 3, 0, 5, 5, 6, 0, 3,
    7, -8, -8, 1, 0, 1, 0, 0,
    0, 0, 0, 5, 0, 0, 0, 0,
    5, 0, -8, 0, 0, -15, -17, -15,
    -14, 0, 0, 0, 0, 0, 0, 0,
    0, 0, 0, 0, 0, 0, 0, 0,
    0, 0, 0, 0, 0, 0, 0, 0,
    0, 0, 0, 0, 0, 0, 0, 0,
    0, 0, 0, 0, 0, -5, 0, 0,
    0, 0, 0, 0, 0, 0, 0, 0,
    0, 0, 0, 0, 0, 0, -7, -3,
    -4, 0, 0, 0, 0, 0, 0, 0,
    0, 0, 0, 0, 0, -15, 0, 0,
    0, 0, 0, 0, 0, 0, 0, 0,
    0, 0, 0, 0, 0, 0, 0, 0,
    0, 0, 0, 0, 0, 0, 0, 0,
    0, 0, 0, 0, 0, 0, 0, 0,
    0, 0, 0, 0, 0, 0, 0, 0,
    0, 0, 0, 0, 0, 0, 0, 0,
    0, 0, 0, 0, 0, 0, 0, 0,
    0, 0, 0, 0, 0, 0, 0, 0,
    0, 0, 0, 0, 0, 0, 0, 0,
    0, 0, 0, 0, 0, 0, 0, 0,
    0, 0, 0, 0, 0, 0, 0, 0,
    0, 0, 0, 0, 0, 0, 0, 0,
    0, 0, 0, 0, -17, 0, 0, 0,
    0, 0, 0, 0, 0, 0, 0, 0,
    0, 0, 0, 0, 0, 0, 0, 0,
    0, 0, 0, 0, 0, 0, 0, 0,
    0, 0, 0, 0, 0, 0, 0, 0,
    0, 0, 0, -5, 0, -2, 0, 0,
    0, 0, 0, 0, 0, -2, 0, -2,
    -3, 0, -4, -3, -9, 0, 0, 0,
    0, 0, 0, 0, 0, 0, 0, 0,
    0, 0, 0, 0, 0, 0, 0, 0,
    0, 0, 0, 0, 0, 0, 0, 0,
    0, 0, 0, 0, 0, 0, 0, 0,
    0, 0, 0, 0, 0, 0, 0, 0,
    0, 0, 0, 0, 0, 0, 0, 0,
    0, 0, 0, 0, 0, 0, 0, 0,
    0, 0, 0, 0, 0, 0, 0, 0,
    0, 0, 0, 0, 0, 0, 0, 0,
    0, 0, 0, 0, 0, 0, 0, 0,
    0, 0, 0, 0, 0, 0, 0, 0,
    0, 0, 0, 0, 0, 0, 0, 0,
    0, 0, 0, 0, 0, 0, 0, -20,
    0, 0, 0, 0, 0, 0, -31, 0,
    0, -18, -8, -18, 0, 0, 0, 0,
    0, 0, 0, 0, 0, 0, 0, 0,
    0, 0, 0, 0, 0, 0, 0, 0,
    0, 0, 0, 0, 0, 0, 0, 0,
    0, 0, 0, 0, 0, 0, -27, 0,
    0, -1, 0, 4, 3, 0, 3, 0,
    0, 0, 0, 0, 0, 3, 0, 0,
    -1, 0, 0, 0, 0, 0, 0, 0,
    0, 0, 0, 0, 0, 0, 0, 0,
    0, 0, 0, 0, 0, 0, 0, 0,
    0, 0, 0, 0, 0, 0, 0, 0,
    0, 0, 0, 0, 0, 0, 0, 0,
    0, 0, 0, 0, 0, 0, 0, 0,
    0, 0, 0, 0, 0, 0, 0, 0,
    0, 0, 0, 0, 0, 0, 0, 0,
    0, 0, 0, 0, 0, 0, 0, 0,
    0, 0, 0, 0, 0, 0, 0, 0,
    0, 0, 0, 0, 0, 0, 0, 0,
    0, 0, 0, 0, 0, 0, 0, 0,
    0, 0, 0, 0, 0, 0, 0, 0,
    0, 0, 0, 0, -11, -25, 0, 0,
    0, 0, -31, -10, -28, -28, -13, -13,
    -15, -13, -14, -2, -16, 0, 0, 0,
    0, -2, 0, 0, 0, -7, 0, 0,
    0, -28, 0, -8, -4, -3, -3, -2,
    -3, -3, -4, -6, -44, -6, -30, -26,
    -9, -41, -10, 0, -21, 0, -21, -4,
    0, 0, 0, -7, 0, -2, -5, 0,
    0, 0, 0, -1, -7, -4, -8, -8,
    -9, -8, -8, 0, 0, 0, 0, 0,
    0, 0, 0, -13, 0, 0, 0, -15,
    0, -8, -8, -8, -3, -4, 0, 0,
    0, 0, 0, -6, -41, -2, -4, -4,
    -4, -4, -4, -4, -4, 0, 0, 0,
    0, -5, -5, -5, -5, 0, 0, 0,
    0, -4, -4, -4, -4, -8, -5, -8,
    -4, -4, -4, 0, 0, 0, 0, 0,
    0, 0, 0, 0, -4, 0, 0, -5,
    -2, -2, 0, 0, -2, -2, -5, -6,
    -1, -1, -1, -44, -7, -4, -4, -4,
    -4, -4, -26, -8, -41, -8, -10, -8,
    -8, -15, -15, -23, -25, -23, -24, 0,
    0, 0, -9, -27, 0, 0, 0, 0,
    -27, -6, -25, -30, -8, -15, -7, -15,
    -16, 0, -17, 0, 0, 0, 0, 0,
    0, 0, 0, -7, 0, 0, 0, -31,
    0, -12, 0, -1, -1, -5, -1, -1,
    0, -1, -22, -1, -28, -24, -21, -41,
    -12, 0, -27, 0, -37, -1, 0, 3,
    0, -3, 1, 0, -1, 0, 0, 3,
    0, 1, -5, 0, -6, -5, -17, -6,
    -9, 0, 0, 0, 0, 0, 0, 0,
    0, -6, 0, 0, 0, -13, 0, -12,
    -12, -12, -1, 0, 0, 0, 0, 0,
    0, -1, -41, -1, -1, -1, -1, -1,
    -1, -1, -1, 0, 0, 0, 0, -1,
    -1, -1, -1, 0, 0, 0, 0, 0,
    0, 0, 0, -6, -1, -6, -1, -1,
    -1, 0, 3, 0, 0, 0, 0, 1,
    0, 0, 0, 0, 0, -1, -1, 0,
    0, 0, -1, -1, -1, -1, 1, 1,
    1, -22, -5, 0, 0, 0, 0, 0,
    -24, -5, -41, -6, -12, -9, -9, -7,
    -7, -23, -22, -23, -22, 0, 0, 0,
    -9, -27, 0, 0, 0, 0, -27, -6,
    -25, -30, -8, -15, -7, -15, -16, 0,
    -17, 0, 0, 0, 0, 0, 0, 0,
    0, -7, 0, 0, 0, -31, 0, -12,
    0, -1, -1, -5, -1, -1, 0, -1,
    -22, -1, -28, -24, -21, -41, -12, 0,
    -27, 0, -37, -1, 0, 3, 0, -3,
    1, 0, -1, 0, 0, 3, 0, 1,
    -5, 0, -6, -5, -17, -6, -9, 0,
    0, 0, 0, 0, 0, 0, 0, -6,
    0, 0, 0, -13, 0, -12, -12, -12,
    -1, 0, 0, 0, 0, 0, 0, -1,
    -41, -1, -1, -1, -1, -1, -1, -1,
    -1, 0, 0, 0, 0, -1, -1, -1,
    -1, -1, 0, 0, 0, 0, 0, 0,
    0, -6, -1, -6, -1, -1, -1, 0,
    3, 0, 0, 0, 0, 1, 0, 0,
    0, 0, 0, -1, -1, 0, 0, 2,
    -1, -1, -1, -1, 1, 1, 1, -22,
    -5, 0, 0, 0, 0, 0, -24, -5,
    -41, -6, -12, -9, -9, -7, -7, -23,
    -22, -23, -22, 0, 0, 0, -9, -27,
    0, 0, 0, 0, -27, -6, -25, -30,
    -8, -15, -7, -15, -16, 0, -17, 0,
    0, 0, 0, 0, 0, 0, 0, -7,
    0, 0, 0, -31, 0, -12, 0, -1,
    -1, -5, -1, -1, 0, -1, -22, -1,
    -28, -24, -21, -41, -12, 0, -27, 0,
    -37, -1, 0, 3, 0, -3, 1, 0,
    -1, 0, 0, 3, 0, 1, -5, 0,
    -6, -5, -17, -6, -9, 0, 0, 0,
    0, 0, 0, 0, 0, -6, 0, 0,
    0, -13, 0, -12, -12, -12, -1, 0,
    0, 0, 0, 0, 0, -1, -41, -1,
    -1, -1, -1, -1, -1, -1, -1, 0,
    0, 0, 0, -1, -1, -1, -1, -1,
    0, 0, 0, 0, 0, 0, 0, -6,
    -1, -6, -1, -1, -1, 0, 3, 0,
    0, 0, 0, 1, 0, 0, 0, 0,
    0, -1, -1, 0, 0, 0, -1, -1,
    -1, -1, 1, 1, 1, -22, -5, 0,
    0, 0, 0, 0, -24, -5, -41, -6,
    -12, -9, -9, -7, -7, -23, -22, -23,
    -22, 0, 0, 0, -20, -31, 0, 0,
    0, 0, -31, -16, -50, -29, -10, -53,
    -22, -53, -35, -6, -15, -30, -29, -18,
    -15, -6, -45, -15, -10, -12, 0, 0,
    0, 0, 0, -33, -12, -7, -7, -43,
    -7, -7, -12, -22, -46, -10, -31, -28,
    -49, -42, -41, 0, -47, 0, 0, -14,
    -8, -8, -8, -8, -8, -13, -13, 0,
    -8, -8, 0, -9, -8, -12, -9, -9,
    -24, -9, -20, 0, 0, 0, 0, 0,
    0, 0, 0, -21, 0, 0, 0, -16,
    0, -33, -33, -33, -7, -12, 0, 0,
    0, 0, 0, -10, -42, 0, -14, -14,
    -14, -14, -14, -14, -14, -8, -8, -8,
    -8, -13, -13, 0, 0, 0, -8, -8,
    0, -12, -12, -12, -12, -9, -13, -9,
    -14, -14, -14, -8, -8, 0, -8, -8,
    -8, -8, 0, 0, -12, 0, 0, -13,
    0, -13, 0, 0, 0, 0, -13, -22,
    -9, -9, -9, -46, -8, -12, -12, -12,
    -12, -12, -28, -9, -42, -9, -41, -20,
    -20, 0, 0, -24, -25, -24, 0, 0,
    0, 0, 0, -20, 0, 0, 0, 0,
    0, 0, -37, 0, 0, -15, -7, -15,
    -15, 0, 0, 0, 0, 0, 0, 0,
    0, 0, 0, 0, 0, 0, 0, 0,
    0, 0, 0, 0, 0, 0, 0, 0,
    0, 0, 0, 0, 0, 0, 0, 0,
    0, 0, -31, 0, 0, 0, 0, 4,
    3, 0, 3, 3, 2, 0, 0, 0,
    0, 0, 0, 0, 0, 0, 0, 0,
    0, 0, 0, 0, 0, 0, 0, 0,
    0, 0, 0, 0, 0, 0, 0, 0,
    0, 0, 0, 0, 0, 0, 0, 0,
    0, 0, 0, 0, 0, 0, 0, 0,
    0, 0, 0, 0, 0, 0, 0, 0,
    0, 0, 0, 0, 0, 0, 0, 0,
    0, 0, 0, 0, 0, 0, 0, 0,
    0, 0, 0, 0, 0, 0, 0, 0,
    0, 0, 0, 0, 0, 0, 0, 0,
    0, 0, 0, 0, 0, 0, 0, 0,
    0, 0, 0, 0, 0, 0, 0, 0,
    0, 0, 0, 0, 0, 0, 0, 0,
    0, 0, 0, 0, 0, 0, 0, 0,
    -12, -22, 0, 0, 0, 0, -22, -11,
    -28, -17, -13, -15, -17, -15, -15, -3,
    -9, 0, 0, 0, 0, -3, 0, 0,
    0, -7, 0, 0, 0, -18, 0, -9,
    -6, -3, -3, -3, -3, -3, -6, -7,
    -24, -5, -26, -23, -11, -33, -11, 0,
    -20, 0, -21, -5, -1, -2, -1, -3,
    -2, -6, -7, 0, -1, -2, 0, -2,
    -3, -5, -4, -3, -9, -4, -7, 0,
    0, 0, 0, 0, 0, 0, 0, -15,
    0, 0, 0, -15, 0, -9, -9, -9,
    -3, -6, 0, 0, 0, 0, 0, -5,
    -33, -7, -5, -5, -5, -5, -5, -5,
    -5, -1, -1, -1, -1, -7, -7, -3,
    -7, 0, -1, -1, 0, -5, -5, -5,
    -5, -4, -7, -4, -5, -5, -5, -1,
    -2, 0, -1, -1, -1, -2, 0, 0,
    -6, 0, 0, -7, -7, -6, 0, 0,
    -7, -7, -7, -7, -2, -2, -2, -24,
    -3, -5, -5, -5, -5, -5, -23, -3,
    -33, -4, -11, -7, -7, -17, -17, -17,
    -20, -17, -18, 0, 0, 0, -12, -22,
    0, 0, 0, 0, -22, -11, -28, -17,
    -13, -15, -17, -15, -15, -3, -9, 0,
    0, 0, 0, -3, 0, 0, 0, -7,
    0, 0, 0, -18, 0, -9, -6, -3,
    -3, -3, -3, -3, -6, -7, -24, -5,
    -26, -23, -11, -33, -11, 0, -20, 0,
    -21, -5, -1, -2, -1, -3, -2, -6,
    -7, 0, -1, -2, 0, -2, -3, -5,
    -4, -3, -9, -4, -7, 0, 0, 0,
    0, 0, 0, 0, 0, -15, 0, 0,
    0, -15, 0, -9, -9, -9, -3, -6,
    0, 0, 0, 0, 0, -5, -33, -7,
    -5, -5, -5, -5, -5, -5, -5, -1,
    -1, -1, -1, -7, -7, -3, -7, -3,
    -1, -1, 0, -5, -5, -5, -5, -4,
    -7, -4, -5, -5, -5, -1, -2, 0,
    -1, -1, -1, -2, 0, 0, -6, 0,
    0, -7, -7, -6, 0, 0, -7, -7,
    -7, -7, -2, -2, -2, -24, -3, -5,
    -5, -5, -5, -5, -23, -3, -33, -4,
    -11, -7, -7, -17, -17, -17, -20, -17,
    -18, 0, 0, 0, -9, -12, 0, 0,
    0, 0, -12, -10, -20, -3, -10, -35,
    -22, -35, -31, -1, -1, 0, 0, 0,
    0, -1, 0, 0, 0, -3, 0, 0,
    0, -3, 0, -28, -2, -2, -2, -29,
    -2, -2, -2, -5, -35, -2, -14, -13,
    -28, -23, -30, 0, -39, 0, -42, -10,
    -6, -5, -6, 3, -6, -3, -4, 0,
    -6, -5, 0, -5, 2, -2, 2, 1,
    -1, 2, -2, 0, 0, 0, 0, 0,
    0, 0, 0, -22, 0, 0, 0, -13,
    0, -28, -28, -28, -2, -2, 0, 0,
    0, 0, 0, -2, -23, -4, -10, -10,
    -10, -10, -10, -10, -10, -6, -6, -6,
    -6, -4, -4, -3, -4, -10, -6, -6,
    0, -2, -2, -2, -2, 2, -4, 2,
    -10, -10, -10, -6, -5, 0, -6, -6,
    -6, -6, 0, 0, -2, 0, 0, -4,
    -4, -3, 0, 0, -4, -4, -4, -5,
    -5, -5, -5, -35, 2, -2, -2, -2,
    -2, -2, -13, 1, -23, 2, -30, -2,
    -2, -23, -23, -5, -7, -5, -5, 0,
    0, 0, -8, -30, 0, 0, 0, 0,
    -30, -6, -36, -28, -8, -15, -8, -15,
    -15, 2, -16, 0, 0, 0, 0, 2,
    0, 0, 0, -7, 0, 0, 0, -29,
    0, -11, 0, 0, 0, -5, 0, 0,
    0, -2, -43, -1, -27, -23, -20, -40,
    -12, 0, -29, 0, -35, 0, 3, 2,
    3, -3, 2, -1, -2, 0, 3, 2,
    0, 1, -4, 0, -5, -4, -16, -5,
    -9, 0, 0, 0, 0, 0, 0, 0,
    0, -6, 0, 0, 0, -13, 0, -11,
    -11, -11, 0, 0, 0, 0, 0, 0,
    0, -1, -40, -2, 0, 0, 0, 0,
    0, 0, 0, 3, 3, 3, 3, -2,
    -2, -2, -2, 0, 3, 3, 0, 0,
    0, 0, 0, -5, -2, -5, 0, 0,
    0, 3, 2, 0, 3, 3, 3, 2,
    0, 0, 0, 0, 0, -2, -2, -1,
    0, 0, -2, -2, -2, -2, 1, 1,
    1, -43, -4, 0, 0, 0, 0, 0,
    -23, -4, -40, -5, -12, -9, -9, -8,
    -8, -23, -25, -23, -24, 0, 0, 0,
    -9, -12, 0, 0, 0, 0, -12, -10,
    -36, -3, -10, -35, -22, -35, -31, -1,
    -1, 0, 0, 0, 0, -1, 0, 0,
    0, -3, 0, 0, 0, -3, 0, -28,
    -2, -2, -2, -29, -2, -2, -2, -5,
    -35, -2, -14, -13, -28, -23, -30, 0,
    -39, 0, -42, -10, -6, -5, -6, 3,
    -6, -3, -4, 0, -6, -5, 0, -5,
    2, -2, 2, 1, -1, 2, -2, 0,
    0, 0, 0, 0, 0, 0, 0, -22,
    0, 0, 0, -13, 0, -28, -28, -28,
    -2, -2, 0, 0, 0, 0, 0, -2,
    -23, -4, -10, -10, -10, -10, -10, -10,
    -10, -6, -6, -6, -6, -4, -4, -3,
    -4, 0, -6, -6, 0, -2, -2, -2,
    -2, 2, -4, 2, -10, -10, -10, -6,
    -5, 0, -6, -6, -6, -6, 0, 0,
    -2, 0, 0, -4, -4, -3, 0, 0,
    -4, -4, -4, -5, -5, -5, -5, -35,
    2, -2, -2, -2, -2, -2, -13, 1,
    -23, 2, -30, -2, -2, -23, -23, -5,
    -7, -5, -5, 0, 0, 0, -12, -24,
    0, 0, 0, 0, -24, -13, -21, -31,
    -16, -14, -18, -14, -14, -5, -20, 0,
    0, 0, 0, -5, 0, 0, 0, -10,
    0, 0, 0, -30, 0, -8, -5, -6,
    -6, -3, -6, -6, -5, -9, -21, -8,
    -32, -29, -10, -44, -10, 0, -19, 0,
    -21, -6, -3, -3, -3, -10, -3, -5,
    -6, 0, -3, -3, 0, -4, -11, -7,
    -11, -11, -10, -11, -10, 0, 0, 0,
    0, 0, 0, 0, 0, -15, 0, 0,
    0, -17, 0, -8, -8, -8, -6, -5,
    0, 0, 0, 0, 0, -8, -44, -6,
    -6, -6, -6, -6, -6, -6, -6, -3,
    -3, -3, -3, -6, -6, -6, -6, 0,
    -3, -3, 0, -7, -7, -7, -7, -11,
    -6, -11, -6, -6, -6, -3, -3, 0,
    -3, -3, -3, -3, 0, 0, -5, 0,
    0, -6, -6, -5, 0, -3, -6, -6,
    -6, -9, -4, -4, -4, -21, -11, -7,
    -7, -7, -7, -7, -29, -11, -44, -11,
    -10, -10, -10, -18, -18, -25, -24, -25,
    -25, 0, 0, 0, -9, -20, 0, 0,
    0, 0, -28, -8, -25, -26, -7, -12,
    -15, -12, -17, -2, -13, 0, 0, 0,
    0, -2, 0, 0, 0, -4, 0, 0,
    0, -28, 0, -10, -2, -2, -2, -2,
    -2, -2, -2, -2, -44, -4, -29, -26,
    -17, -40, -8, 0, -26, 0, -34, -3,
    -1, -1, -1, -1, -2, -2, -4, 0,
    -1, -1, 0, 0, -2, -4, -6, -5,
    -16, -6, -8, 0, 0, 0, 0, 0,
    0, 0, 0, -13, 0, 0, 0, -11,
    0, -10, -10, -10, -2, -2, 0, 0,
    0, 0, 0, -4, -40, -4, -3, -3,
    -3, -3, -3, -3, -3, -1, -1, -1,
    -1, -4, -4, -4, -4, 0, -1, -1,
    0, -4, -4, -4, -4, -6, -4, -6,
    -3, -3, -3, -1, -1, 0, -1, -1,
    -1, -2, 0, 0, -2, 0, 0, -4,
    -4, -3, 0, 0, -4, -4, -4, -2,
    0, 0, 0, -44, -2, -4, -4, -4,
    -4, -4, -26, -5, -40, -6, -8, -8,
    -8, -15, -15, -22, -23, -22, -22, 0,
    0, 0, 0, 5, 0, 0, 0, 0,
    5, 0, 3, 0, 0, -31, -33, -31,
    -28, 0, 0, 0, 0, 0, 0, 0,
    0, 0, 0, -4, 0, 0, 0, 3,
    0, -24, 0, -2, -2, 0, -2, -2,
    0, 0, 0, 0, 0, 0, 0, 0,
    0, 0, 0, 0, 0, -14, -14, -12,
    -14, 2, -12, 0, 0, 0, -14, -12,
    0, -12, 2, -4, 0, 0, 0, 0,
    0, 0, 0, 0, 0, 0, 0, 0,
    0, -31, 0, 0, 0, 0, 0, -24,
    -24, -24, -2, 0, 0, 0, 0, 0,
    0, 0, 0, -6, -12, -14, -12, -12,
    -12, -12, -14, -14, -14, -14, -8, 0,
    0, 0, 0, 0, -14, -8, 0, -4,
    -4, -4, -4, 0, 0, 0, -12, -12,
    -14, -14, -12, 0, -14, -14, -8, -12,
    0, 0, 0, 0, 0, 0, -6, 0,
    0, 0, -6, -6, 0, 0, -12, -12,
    -12, 0, 2, -4, -4, -4, -4, -4,
    0, 0, 0, 0, 0, 0, 0, 0,
    0, 1, 6, 1, 5, 0, 0, 0,
    -11, -12, 0, 0, 0, 0, -12, -11,
    -14, -10, -14, -15, -17, -15, -13, -2,
    -5, 0, 0, 0, 0, -2, 0, 0,
    0, -7, 0, 0, 0, -12, 0, -9,
    -4, -2, -2, -3, -2, -2, -4, -5,
    -6, -3, -7, -9, -9, -7, -7, 0,
    -10, 0, -5, -5, -1, -2, -1, -3,
    -2, -3, -5, 0, -1, -2, 0, -2,
    -3, -5, -4, -3, -10, -4, -7, 0,
    0, 0, 0, 0, 0, 0, 0, -15,
    0, 0, 0, -15, 0, -9, -9, -9,
    -2, -4, 0, 0, 0, 0, 0, -3,
    -7, -7, -4, -5, -4, -4, -4, -4,
    -5, -1, -1, -1, -1, -5, -5, 0,
    0, 0, -1, -1, 0, -5, -5, -5,
    -5, -4, -5, -4, -4, -4, -5, -1,
    -2, 0, -1, -1, -1, -2, 0, 0,
    -4, 0, 0, -5, -7, -3, 0, 0,
    -7, -7, -5, -5, -2, -2, -2, -6,
    -3, -5, -5, -5, -5, -5, -9, -3,
    -7, -4, -7, -7, -7, -17, -17, -14,
    -10, -14, -12, 0, 0, 0, -7, -22,
    0, 0, 0, 0, -22, -6, -22, -18,
    0, -15, -7, -15, -15, 0, -10, 0,
    0, 0, 0, 0, 0, 0, 0, -6,
    0, 0, 0, -18, 0, -11, 0, -1,
    -1, -3, -1, -1, 0, -2, -7, -1,
    -8, -17, -15, 0, -7, 0, -19, 0,
    0, -3, 3, 2, 3, -3, 2, 0,
    -2, 0, 3, 2, 0, 1, -4, 0,
    -5, -5, -16, -5, -10, 0, 0, 0,
    0, 0, 0, 0, 0, -6, 0, 0,
    0, -13, 0, -11, -11, -11, -1, 0,
    0, 0, 0, 0, 0, -1, 0, -2,
    -3, -3, -3, -3, -3, -3, -3, 3,
    3, 3, 3, -2, -2, 2, 0, 0,
    3, 3, 0, 0, 0, 0, 0, -5,
    -2, -5, -3, -3, -3, 3, 2, 0,
    3, 3, 3, 2, 0, 0, 0, 0,
    0, -2, -2, 0, 0, 0, -2, -2,
    -2, -2, 1, 1, 1, -7, -4, 0,
    0, 0, 0, 0, -17, -5, 0, -5,
    -7, -10, -10, -7, -7, -18, -13, -18,
    -18, 0, 0, 0, -8, -30, 0, 0,
    0, 0, -30, -7, -36, -28, -8, -15,
    -7, -15, -16, 0, -17, 0, 0, 0,
    0, 0, 0, 0, 0, -6, 0, 0,
    0, -29, 0, -11, 0, -1, -1, -3,
    -1, -1, 0, -2, -43, -2, -28, -24,
    -19, -40, -12, 0, -29, 0, -35, -3,
    3, 2, 3, -3, 2, -1, -2, 0,
    3, 2, 0, 1, -4, 0, -5, -5,
    -16, -5, -10, 0, 0, 0, 0, 0,
    0, 0, 0, -6, 0, 0, 0, -13,
    0, -11, -11, -11, -1, 0, 0, 0,
    0, 0, 0, -2, -40, -2, -3, -3,
    -3, -3, -3, -3, -3, 3, 3, 3,
    3, -2, -2, -2, -2, 0, 3, 3,
    0, 0, 0, 0, 0, -5, -2, -5,
    -3, -3, -3, 3, 2, 0, 3, 3,
    3, 2, 0, 0, 0, 0, 0, -2,
    -2, -1, 0, 2, -2, -2, -2, -2,
    1, 1, 1, -43, -4, 0, 0, 0,
    0, 0, -24, -5, -40, -5, -12, -10,
    -10, -7, -7, -23, -25, -23, -24, 0,
    0, 0, -8, -19, 0, 0, 0, 0,
    -19, -8, -34, -13, -11, -16, -12, -16,
    -17, 2, -2, 0, 0, 0, 0, 2,
    0, 0, 0, -10, 0, 0, 0, -13,
    0, -10, -1, 0, 0, -3, 0, 0,
    -1, 0, -19, 0, -17, -16, -14, -22,
    -8, 0, -26, 0, -38, -3, 1, 3,
    1, -3, 2, -2, -3, 0, 1, 3,
    0, -1, -3, -2, -2, -3, -12, -2,
    -8, 0, 0, 0, 0, 0, 0, 0,
    0, -10, 0, 0, 0, -14, 0, -10,
    -10, -10, 0, -1, 0, 0, 0, 0,
    0, 0, -22, -3, -3, -3, -3, -3,
    -3, -3, -3, 1, 1, 1, 1, -3,
    -3, 2, 0, 0, 1, 1, 0, -2,
    -2, -2, -2, -2, -3, -2, -3, -3,
    -3, 1, 3, 0, 1, 1, 1, 2,
    0, 0, -1, 0, 0, -3, -3, -2,
    0, 0, -3, -3, -3, 0, -1, -1,
    -1, -19, -3, -2, -2, -2, -2, -2,
    -16, -3, -22, -2, -8, -8, -8, -12,
    -12, -12, -15, -12, -14, 0, 0, 0,
    -12, -22, 0, 0, 0, 0, -22, -11,
    -28, -17, -13, -15, -17, -15, -15, -3,
    -9, 0, 0, 0, 0, -3, 0, 0,
    0, -7, 0, 0, 0, -18, 0, -9,
    -6, -3, -3, -3, -3, -3, -6, -7,
    -24, -5, -26, -23, -11, -33, -11, 0,
    -20, 0, -21, -5, -1, -2, -1, -3,
    -2, -6, -2, 0, -1, -2, 0, -2,
    -3, -5, -4, -3, -9, -4, -7, 0,
    0, 0, 0, 0, 0, 0, 0, -15,
    0, 0, 0, -15, 0, -9, -9, -9,
    -3, -6, 0, 0, 0, 0, 0, -5,
    -33, -7, -5, -5, -5, -5, -5, -5,
    -5, -1, -1, -1, -1, -7, -7, -3,
    -7, 0, -1, -1, 0, -5, -5, -5,
    -5, -4, -7, -4, -5, -5, -5, -1,
    -2, 0, -1, -1, -1, -2, 0, 0,
    -6, 0, 0, -7, -7, -6, 0, 0,
    -7, -7, -7, -7, -2, -2, -2, -24,
    -3, -5, -5, -5, -5, -5, -23, -3,
    -33, -4, -11, -7, -7, -17, -17, -17,
    -20, -17, -18, 0, 0, 0, -12, -22,
    0, 0, 0, 0, -22, -11, -28, -17,
    -13, -15, -17, -15, -15, -3, -9, 0,
    0, 0, 0, -3, 0, 0, 0, -7,
    0, 0, 0, -18, 0, -9, -6, -3,
    -3, -3, -3, -3, -6, -7, -24, -5,
    -26, -23, -11, -33, -11, 0, -20, 0,
    -21, -5, -1, -2, -1, -3, -2, -6,
    -7, 0, -1, -2, 0, -2, -3, -5,
    -4, -3, -9, -4, -7, 0, 0, 0,
    0, 0, 0, 0, 0, -15, 0, 0,
    0, -15, 0, -9, -9, -9, -3, -6,
    0, 0, 0, 0, 0, -5, -33, -7,
    -5, -5, -5, -5, -5, -5, -5, -1,
    -1, -1, -1, -7, -7, -3, -7, 0,
    -1, -1, 0, -5, -5, -5, -5, -4,
    -7, -4, -5, -5, -5, -1, -2, 0,
    -1, -1, -1, -2, 0, 0, -6, -7,
    0, -7, -7, -6, 0, 0, -7, -7,
    -7, -7, -2, -2, -2, -24, -3, -5,
    -5, -5, -5, -5, -23, -3, -33, -4,
    -11, -7, -7, -17, -17, -17, -20, -17,
    -18, 0, 0, 0, 0, 0, 0, 0,
    0, 0, 0, 0, 0, 0, 0, 0,
    0, 0, 0, 0, 0, 0, 0, 0,
    0, 0, 0, 0, 0, 0, 0, 0,
    0, 0, 0, -8, 0, 0, 0, 0,
    0, 0, 0, 0, 0, 0, 0, 0,
    0, 0, 0, 0, 0, 0, 0, -5,
    0, 0, -2, 0, 0, 0, 0, 0,
    -2, 0, 0, 0, 0, 0, 0, 0,
    0, 0, 0, 0, 0, 0, 0, 0,
    0, 0, 0, 0, 0, 0, 0, 0,
    0, 0, 0, 0, 0, 0, 0, 0,
    0, 0, 0, 0, 0, 0, 0, 0,
    0, 0, 0, 0, 0, 0, 0, 0,
    0, 0, 0, 0, 0, 0, 0, 0,
    0, 0, 0, 0, 0, 0, 0, 0,
    0, 0, 0, 0, 0, 0, 0, 0,
    0, 0, 14, 0, 0, 0, 0, 0,
    0, 0, 0, 0, 0, 0, 0, 0,
    0, 0, 0, 0, 0, 0, 0, 0,
    0, 0, 0, 0, 0, 0, 0, 0,
    0, 0, 0, 0, 0, 0, 0, 0,
    0, 0, -11, -31, 0, 0, 0, 0,
    -31, -10, -28, -28, -13, -13, -15, -13,
    -14, -2, -16, 0, 0, 0, 0, -2,
    0, 0, 0, -7, 0, 0, 0, -28,
    0, -8, -4, -3, -3, -2, -3, -3,
    -4, -6, -44, -6, -30, -26, -9, -41,
    -10, 0, -21, 0, -21, -4, 0, 0,
    0, -7, 0, -2, -5, 0, 0, 0,
    0, -1, -7, -4, -8, -8, -9, -8,
    -8, 0, 0, 0, 0, 0, 0, 0,
    0, -13, 0, 0, 0, -15, 0, -8,
    -8, -8, -3, -4, 0, 0, 0, 0,
    0, -6, -41, -2, -4, -4, -4, -4,
    -4, -4, -4, 0, 0, 0, 0, -5,
    -5, -5, -5, 0, 0, 0, 0, -4,
    -4, -4, -4, -8, -5, -8, -4, -4,
    -4, 0, 0, 0, 0, 0, 0, 0,
    0, -5, -4, 0, 0, -5, -2, -2,
    0, 0, -2, -2, -5, -6, -1, -1,
    -1, -44, -7, -4, -4, -4, -4, -4,
    -26, -8, -41, -8, -10, -8, -8, -15,
    -15, -23, -25, -23, -24, 0, 0, 0,
    -8, -10, 0, 0, 0, 0, -10, -10,
    -15, -9, 0, -14, -15, -14, -14, 0,
    -1, 0, 0, 0, 0, 0, 0, 0,
    0, -5, 0, 0, 0, -9, 0, -6,
    -4, 0, 0, 0, 0, 0, -4, -2,
    -3, -3, -5, -5, -5, -4, -5, 0,
    -10, 0, -22, -4, 0, -1, 0, -1,
    0, -3, -4, 0, 0, -1, 0, -1,
    -1, -4, -2, -3, -8, -2, -6, 0,
    0, 0, 0, 0, 0, 0, 0, -13,
    0, 0, 0, -13, 0, -6, -6, -6,
    0, -4, 0, 0, 0, 0, 0, -3,
    -4, -6, -3, -4, -3, -3, -3, -3,
    -4, 0, 0, 0, 1, -4, -4, 0,
    0, 0, 0, 1, 0, -4, -4, -4,
    -4, -2, -4, -2, -3, -3, -4, 0,
    -1, 0, 0, 0, 1, 0, 0, 0,
    29, 0, 0, -4, -6, -3, 0, 0,
    -6, -6, -4, -2, -1, -1, -1, -3,
    -1, -4, -4, -4, -4, -4, -5, -3,
    -4, -2, -5, -6, -6, -16, -16, -11,
    -10, -11, -10, 0, 0, 0, -11, 0,
    0, 0, 0, 0, -12, -11, 0, -10,
    -14, -15, -17, -15, -13, -2, -5, 0,
    0, 0, 0, -2, 0, 0, 0, -7,
    0, 0, 0, -12, 0, -9, -4, -2,
    -2, -3, -2, -2, -4, -5, -6, -3,
    -7, -9, -9, -7, -7, 0, -10, 0,
    -5, -5, -1, -2, -1, -3, -2, -3,
    -5, 0, -1, -2, 0, -2, -3, -5,
    -4, -3, -10, -4, -7, 0, 0, 0,
    0, 0, 0, 0, 0, -15, 0, 0,
    0, -15, 0, -9, -9, -9, -2, -4,
    0, 0, 0, 0, 0, -3, -7, -7,
    -4, -5, -4, -4, -4, -4, -5, -1,
    -1, -1, -1, -5, -5, 0, 0, 0,
    -1, -1, 0, -5, -5, -5, -5, -4,
    -5, -4, -4, -4, -5, -1, -2, 0,
    -1, -1, -1, -2, 0, 0, -4, 0,
    0, -5, -7, -3, 0, 0, -7, -7,
    -5, -5, -2, -2, -2, -6, -3, -5,
    -5, -5, -5, -5, -9, -3, -7, -4,
    -7, -7, -7, -17, -17, -14, -10, -14,
    -12, 0, 0, 0, 0, -4, 0, 0,
    0, 0, -4, -3, -9, -3, -7, 0,
    -9, 0, -7, 8, 2, 0, 0, 0,
    0, 8, 0, 0, 0, 0, 0, 0,
    0, 0, 0, -2, 4, 8, 8, 3,
    8, 8, 4, 2, -2, 7, -2, -3,
    -3, -2, 4, 0, -4, 0, -21, 4,
    10, 9, 10, 5, 9, 2, 1, 0,
    10, 9, 0, 7, 4, 2, 5, 4,
    -2, 5, 2, 0, 0, 0, 0, 0,
    0, 0, 0, -7, 0, 0, 0, -7,
    0, -2, -2, -2, 8, 4, 0, 0,
    0, 0, 0, 7, -2, 0, 4, 4,
    4, 4, 4, 4, 4, 10, 10, 10,
    10, 1, 1, 3, 3, 0, 10, 10,
    0, 2, 2, 2, 2, 5, 1, 5,
    4, 4, 4, 10, 9, 0, 10, 10,
    10, 9, 0, 0, 4, 0, 0, 1,
    0, 2, 0, 0, 0, 0, 1, 2,
    7, 7, 7, -2, 4, 2, 2, 2,
    2, 2, -3, 4, -2, 5, 4, 2,
    2, -9, -9, 0, -4, 0, 0, 0,
    0, 0, 0, 0, 0, 0, 0, 0,
    0, 0, 0, 0, 0, 0, -15, 0,
    0, 0, 0, 0, 0, 0, 0, 0,
    0, 0, 0, 0, 0, 0, 0, 0,
    0, 0, 0, 0, 0, 0, 0, 0,
    0, 0, 0, 0, 0, 0, 0, 0,
    0, 0, 0, 0, 0, 0, 0, 0,
    0, 0, 0, 0, 0, 0, 0, 0,
    0, -1, 0, 0, 0, 0, 0, 0,
    0, 0, 0, 0, 0, 0, 0, 0,
    0, 0, 0, 0, 0, 0, 0, 0,
    0, 0, 0, 0, 0, 0, 0, 0,
    0, 0, 0, 0, 0, 0, 0, 0,
    0, 0, 0, 0, 0, 0, 0, 0,
    0, 0, 0, 0, 0, 0, 0, 0,
    0, 0, 0, 0, 0, 0, 0, 0,
    0, 0, 0, 0, 0, 0, 0, 0,
    0, 0, 0, 0, 0, 0, 0, 0,
    0, 0, 0, 0, 0, 0, 0, 0,
    0, 0, 0, 0, 0, 0, 0, 0,
    0, 0, 0, 0, 0, 0, 0, 0,
    0, 0, 0, 0, 0, 0, 0, 0,
    -13, -15, 0, 0, 0, 0, -15, -30,
    -12, -20, -60, -13, -45, -13, -10, -22,
    -20, 0, 0, 0, 0, -22, 0, 0,
    0, -10, 0, 0, 0, -23, 0, 0,
    -4, -28, -28, 0, -28, -28, -4, -19,
    -3, -8, -3, -6, 0, -4, -2, 0,
    -9, 0, -18, -13, -23, -20, -23, -19,
    -15, -8, -8, 0, -23, -20, -6, -15,
    -30, -19, -34, -32, 0, -34, -7, 0,
    0, 0, 0, 0, 0, 0, 0, -39,
    0, 0, 0, -22, 0, 0, 0, 0,
    -28, -4, 0, 0, 0, 0, 0, -8,
    -4, -12, -13, -13, -13, -13, -13, -13,
    -13, -23, -23, -23, -21, -8, -8, -2,
    0, 0, -23, -21, 0, -19, -19, -19,
    -19, -34, -8, -34, -13, -13, -13, -23,
    -20, 0, -23, -23, -21, -15, 0, 0,
    -4, 3, 0, -8, -12, -8, 0, 0,
    -12, -12, -8, -19, -15, -15, -15, -3,
    -30, -19, -19, -19, -19, -19, -6, -32,
    -4, -34, -2, -7, -7, -46, -46, -23,
    -16, -23, -15, 0, 0, 0, -8, -18,
    0, 0, 0, 0, -18, -15, -23, -9,
    -20, -8, -37, -8, -4, -5, 0, 0,
    0, 0, 0, -5, 0, 0, 0, -3,
    0, 0, 0, -5, 0, 0, -3, -5,
    -5, 0, -5, -5, -3, -7, -35, -5,
    -20, -19, 0, -28, -2, 0, -7, 0,
    -18, -9, -13, -12, -13, 2, -8, -4,
    -5, 0, -13, -12, 0, -8, 1, -6,
    -3, -3, -5, -3, -1, 0, 0, 0,
    0, 0, 0, 0, 0, -33, 0, 0,
    0, -14, 0, 0, 0, 0, -5, -3,
    0, 0, 0, 0, 0, -5, -28, -5,
    -9, -9, -9, -9, -9, -9, -9, -13,
    -13, -13, -13, -5, -5, -3, -5, 0,
    -13, -13, 0, -6, -6, -6, -6, -3,
    -5, -3, -9, -9, -9, -13, -12, 0,
    -13, -13, -13, -8, 0, 0, -3, -5,
    0, -5, -5, -4, 0, 0, -5, -5,
    -5, -7, -8, -8, -8, -35, 1, -6,
    -6, -6, -6, -6, -19, -3, -28, -3,
    -2, -1, -1, -38, -38, -10, -12, -10,
    -10, 0, 0, 0, -12, -49, 0, 0,
    0, 0, -49, -25, -26, -81, -52, -11,
    -45, -11, -11, -19, -35, 0, 0, 0,
    0, -19, 0, 0, 0, -8, 0, 0,
    0, -43, 0, -3, -7, -23, -23, 1,
    -23, -23, -7, -15, -50, -21, -52, -42,
    -3, -55, -4, 0, -18, 0, -20, -9,
    -16, -14, -16, -21, -13, -10, -11, 0,
    -16, -14, 0, -8, -27, -15, -34, -29,
    -7, -34, -7, 0, 0, 0, 0, 0,
    0, 0, 0, -29, 0, 0, 0, -18,
    0, -3, -3, -3, -23, -7, 0, -7,
    0, 0, 0, -21, -55, -11, -9, -9,
    -9, -9, -9, -9, -9, -16, -16, -16,
    -16, -11, -11, -11, -11, 0, -16, -16,
    0, -15, -15, -15, -15, -34, -11, -34,
    -9, -9, -9, -16, -14, 0, -16, -16,
    -16, -13, 0, 0, -7, 0, 0, -11,
    -11, -10, 0, 0, -11, -11, -11, -15,
    -8, -8, -8, -50, -27, -15, -15, -15,
    -15, -15, -42, -29, -55, -34, -4, -7,
    -7, -53, -53, -50, -53, -50, -79, 0,
    0, 0, 0, 0, 0, 0, 0, 0,
    0, 0, 0, 0, 0, 0, 0, 0,
    0, 0, 0, 0, 0, 0, 0, 0,
    0, 0, 0, 0, 0, 0, 0, 0,
    0, 0, 0, 0, 0, 0, 0, 0,
    0, 0, 0, 0, 0, 0, 0, 0,
    0, 0, 0, 0, 0, 0, 0, 0,
    0, 0, 0, 0, 0, 0, 0, 0,
    0, 0, 0, 0, 0, 0, 0, 0,
    -7, 0, 0, 0, 0, 0, 0, 0,
    0, 0, 0, 0, 0, 0, 0, 0,
    0, 0, 0, 0, 0, 0, 0, 0,
    0, 0, 0, 0, 0, 0, 0, 0,
    0, 0, 0, 0, 0, 0, 0, 0,
    0, 0, 0, 0, 0, 0, 0, 0,
    0, 0, 0, 0, 0, 0, 0, 0,
    0, 0, 0, 0, 0, 0, 0, 0,
    0, 0, 0, 0, 0, 0, 0, 0,
    0, 0, 0, -7, 0, 0, 0, 0,
    0, 0, 0, 0, 0, 0, 0, 0,
    0, 0, 0, 0, 0, 0, -7, 0,
    0, 0, 0, 0, 0, 0, 0, 0,
    -12, -49, 0, 0, 0, 0, -49, -25,
    -26, -81, -52, -11, -45, -11, -11, -19,
    -35, 0, 0, 0, 0, -19, 0, 0,
    0, -8, 0, 0, 0, -43, 0, -3,
    -7, -23, -23, 1, -23, -23, -7, -15,
    -50, -21, -52, -42, -3, -55, -4, 0,
    -18, 0, -20, -9, -16, -14, -16, -21,
    -13, -10, -11, 0, -16, -14, 0, -8,
    -27, -15, -34, -29, -7, -34, -7, 0,
    0, 0, 0, 0, 0, 0, 0, -29,
    0, 0, 0, -18, 0, -3, -3, -3,
    -23, -7, 0, 0, 0, 0, 0, -21,
    -55, -11, -9, -9, -9, -9, -9, -9,
    -9, -16, -16, -16, -16, -11, -11, -11,
    -11, 0, -16, -16, 0, -15, -15, -15,
    -15, -34, -11, -34, -9, -9, -9, -16,
    -14, 0, -16, -16, -16, -13, 0, 0,
    -7, 0, 0, -11, -11, -10, 0, 0,
    -11, -11, -11, -15, -8, -8, -8, -50,
    -27, -15, -15, -15, -15, -15, -42, -29,
    -55, -34, -4, -7, -7, -53, -53, -50,
    -53, -50, -79, 0, 0, 0, 0, 0,
    0, 0, 0, 0, 0, 0, -25, 0,
    0, 0, -50, 0, 0, 0, 0, 0,
    0, 0, 0, 0, 0, 0, 0, 0,
    0, 0, 0, 0, 0, 0, 0, 0,
    0, 0, -20, 0, 0, -13, 0, -15,
    0, 0, 0, 0, 0, 0, 0, 0,
    0, -9, 0, 0, 0, 0, 0, 0,
    0, 0, 0, 0, 0, 0, 0, -15,
    -22, 0, 0, 0, 0, 0, 0, 0,
    0, 0, 0, 0, 0, 0, 0, 0,
    0, 0, 0, 0, 0, 0, 0, 0,
    0, 0, 0, 0, 0, 0, 0, 0,
    0, 0, 0, 0, 0, 0, 0, 0,
    0, 0, 0, 0, 0, 0, 0, 0,
    0, 0, 0, 0, -15, 0, 0, 0,
    0, 0, 0, 0, 0, 0, 0, 0,
    0, 0, 0, 0, 0, 0, 0, 0,
    0, 0, 0, 0, 0, 0, 0, 0,
    0, 0, 0, 0, 0, 0, 0, 0,
    0, 0, 0, 0, 0, 0, 0, 0,
    0, 0, 0, 0, 0, 0, 0, 0,
    0, 0, 0, 0, -12, -49, 0, 0,
    0, 0, -49, -25, -26, 0, 0, -10,
    -50, -10, -10, 0, 0, 0, 0, 0,
    0, 0, 0, 0, 0, -8, 0, 0,
    0, -43, 0, -2, -7, -23, -23, 1,
    -23, -23, -7, -14, -48, -20, -51, -41,
    -3, -55, -3, 0, -18, 0, 0, -8,
    -15, -13, -15, 0, 0, -10, -10, 0,
    -15, -13, 0, -7, 0, -15, -33, 0,
    0, -33, -6, 0, 0, 0, 0, 0,
    0, 0, 0, -29, 0, 0, 0, -18,
    0, -2, -2, -2, -23, -7, 0, 0,
    0, 0, 0, -20, -55, 0, -8, -8,
    -8, -8, -8, -8, -8, -15, -15, -15,
    -15, -10, -10, 0, 0, 0, -15, -15,
    0, -15, -15, -15, -15, -33, -10, -33,
    -8, -8, -8, -15, -13, 0, -15, -15,
    -15, 0, 0, 0, -7, 0, 0, -10,
    0, -10, 0, 0, 0, 0, -10, -14,
    -7, -7, -7, -48, 0, -15, -15, -15,
    -15, -15, -41, 0, -55, -33, -3, -6,
    -6, -52, -52, -50, -52, -50, -55, 0,
    0, 0, 0, 0, 0, 0, 0, 0,
    -9, 0, -20, 0, 0, -18, -19, -18,
    0, 0, 0, 0, 0, 0, 0, 0,
    0, 0, 0, 0, 0, 0, 0, 0,
    0, 0, 0, 0, 0, 0, 0, 0,
    0, 0, 0, 0, 0, 0, 0, 0,
    0, 0, 0, 0, 0, -3, -1, 0,
    -1, 0, 1, 0, 0, 0, -1, 0,
    0, 0, 5, 0, 0, 0, 0, 3,
    0, 0, 0, 0, 0, 0, 0, 0,
    0, 0, 0, 0, 0, 0, 0, 0,
    0, 0, 0, 0, 0, 0, 0, 0,
    0, 0, 0, 0, 0, 0, 0, 0,
    0, 0, 0, 0, 0, 0, 0, 0,
    0, 0, 0, 0, -1, 0, 0, 0,
    0, 0, 0, 0, 0, 0, 0, 0,
    -3, 0, 0, 0, 0, -1, 0, 0,
    0, 0, 0, 0, 0, 0, 0, 0,
    0, 3, 0, 0, 0, 0, 0, 0,
    0, 0, 0, 0, 0, 0, 0, 0,
    0, 0, 0, 0, 0, 0, 0, 0,
    0, 0, 0, 0, 0, 0, 0, 0,
    -11, -31, 0, 0, 0, 0, -31, -10,
    -28, -28, -13, -13, -15, -13, -14, -2,
    -16, 0, 0, 0, 0, -2, 0, 0,
    0, -7, 0, 0, 0, -28, 0, -8,
    -4, -3, -3, -2, -3, -3, -4, -6,
    -44, -6, -30, -26, -9, -41, -10, 0,
    -21, 0, -21, -4, 0, 0, 0, -7,
    0, -2, -5, 0, 0, 0, 0, -1,
    -7, -4, -8, -8, -9, -8, -8, 0,
    0, 0, 0, 0, 0, 0, 0, -13,
    0, 0, 0, -15, 0, -8, -8, -8,
    -3, -4, 0, 0, 0, 0, 0, -6,
    -41, -2, -4, -4, -4, -4, -4, -4,
    -4, 0, 0, 0, 0, -5, -5, -5,
    -5, 0, 0, 0, 0, -4, -4, -4,
    -4, -8, -5, -8, -4, -4, -4, 0,
    0, 0, 0, 0, 0, 0, 0, 0,
    -4, 0, 0, -5, -2, -2, 0, 0,
    -2, -2, -5, -6, -1, -1, -1, -44,
    -7, -4, -4, -4, -4, -4, -26, -8,
    -41, -8, -10, -8, -8, -15, -15, -23,
    -25, -23, -24, 0, 0, 0, -11, -31,
    0, 0, 0, 0, -31, -10, -28, -28,
    -13, -13, -15, -13, -14, -2, -16, 0,
    0, 0, 0, -2, 0, 0, 0, -7,
    0, 0, 0, -28, 0, -8, -4, -3,
    -3, -2, -3, -3, -4, -6, -44, -6,
    -30, -26, -9, -41, -10, 0, -12, 0,
    -21, -4, 0, 0, 0, -7, 0, -2,
    -5, 0, 0, 0, 0, -1, -7, -4,
    -8, -8, -9, -8, -8, 0, 0, 0,
    0, 0, 0, 0, 0, -13, 0, 0,
    0, -15, 0, -8, -8, -8, -3, -4,
    0, 0, 0, 0, 0, -6, -41, -2,
    -4, -4, -4, -4, -4, -4, -4, 0,
    0, 0, 0, -5, -5, -5, -5, 0,
    0, 0, 0, -4, -4, -4, -4, -8,
    -5, -8, -4, -4, -4, 0, 0, 0,
    0, 0, 0, 0, 0, 0, -4, 0,
    0, -5, -2, -2, 0, 0, -2, -2,
    -5, -6, -1, -1, -1, -44, -7, -4,
    -4, -4, -4, -4, -26, -8, -41, -8,
    -10, -8, -8, -15, -15, -23, -25, -23,
    -24, 0, 0, 0, -9, -27, 0, 0,
    0, 0, -27, -6, -15, -30, -8, -15,
    -7, -15, -16, 0, -17, 0, 0, 0,
    0, 0, 0, 0, 0, -7, 0, 0,
    0, -31, 0, -12, 0, -1, -1, -5,
    -1, -1, 0, -1, -22, -1, -28, -24,
    -21, -41, -12, 0, -27, 0, -37, -1,
    0, 3, 0, -3, 1, 0, -1, 0,
    0, 3, 0, 1, -5, 0, -6, -5,
    -17, -6, -9, 0, 0, 0, 0, 0,
    0, 0, 0, -6, 0, 0, 0, -13,
    0, -12, -12, -12, -1, 0, 0, 0,
    0, 0, 0, -1, -41, -1, -1, -1,
    -1, -1, -1, -1, -1, 0, 0, 0,
    0, -1, -1, -1, -1, 0, 0, 0,
    0, 0, 0, 0, 0, -6, -1, -6,
    -1, -1, -1, 0, 3, 0, 0, 0,
    0, 1, 0, 0, 0, 0, 0, -1,
    -1, 0, 0, 0, -1, -1, -1, -1,
    1, 1, 1, -22, -5, 0, 0, 0,
    0, 0, -24, -5, -41, -6, -12, -9,
    -9, -7, -7, -23, -22, -23, -22, 0,
    0, 0, -7, -14, 0, 0, 0, 0,
    -14, -14, -20, -8, -17, -10, -30, -10,
    -6, -3, 0, 0, 0, 0, 0, -3,
    0, 0, 0, -4, 0, 0, 0, -8,
    0, 0, 0, -4, -4, 0, -4, -4,
    0, -7, -11, -4, -12, -12, 0, -17,
    -2, 0, -8, 0, -18, -10, -12, -11,
    -12, -1, -9, -3, -4, 0, -12, -11,
    0, -8, -2, -8, -1, -3, 0, -1,
    -3, 0, 0, 0, 0, 0, 0, 0,
    0, -31, 0, 0, 0, -14, 0, 0,
    0, 0, -4, 0, 0, 0, 0, 0,
    0, -4, -17, -7, -9, -10, -9, -9,
    -9, -9, -10, -12, -12, -12, -11, -4,
    -4, 5, 2, 0, -12, -11, 0, -8,
    -8, -8, -8, -1, -4, -1, -9, -9,
    -10, -12, -11, 0, -12, -12, -11, -9,
    0, 0, 0, 0, 0, -4, -7, -3,
    0, 0, -7, -7, -4, -7, -8, -8,
    -8, -11, -2, -8, -8, -8, -8, -8,
    -12, -3, -17, -1, -2, -3, -3, -31,
    -31, -10, -12, -10, -10, 0, 0, 0,
    0, 0, 0, 0, 0, 0, 0, 0,
    0, 0, 0, -40, -25, -40, 0, 0,
    0, 0, 0, 0, 0, 0, 0, 0,
    0, 0, 0, 0, 0, 0, 0, 0,
    0, 0, 0, 0, 0, 0, 0, 0,
    0, 0, 0, 0, 0, 0, 0, 0,
    0, 0, 0, 0, 0, -5, 0, 0,
    0, 0, 0, 0, 0, 0, 0, -3,
    5, 0, 0, 0, 0, 0, 0, 0,
    0, 0, 0, 0, 0, 0, 0, 0,
    0, 0, 0, 0, 0, 0, 0, 0,
    0, 0, 0, 0, 0, 0, 0, 0,
    0, 0, 0, 0, 0, 0, 0, 0,
    0, 0, 0, 0, 0, 0, 0, 0,
    0, 0, 0, 0, 0, 0, 0, 0,
    0, 0, 0, 0, 0, 0, 0, 0,
    0, 0, 0, 0, 0, 0, 0, 0,
    0, 0, 0, 0, 0, 0, 0, 0,
    0, -4, 0, 0, 0, 0, 0, 0,
    0, 0, 0, 0, 0, 0, 0, 0,
    0, 0, 0, 0, 0, 0, 0, 0,
    0, 0, 0, 0, 0, 0, -8, -11,
    0, 0, 0, 0, -11, -8, -36, -4,
    -8, -40, -25, -40, -31, -1, -1, 0,
    0, 0, 0, -1, 0, 0, 0, -2,
    0, 0, 0, -4, 0, -28, -1, -1,
    -1, -31, -1, -1, -1, -5, -33, -1,
    -14, -12, -30, -24, -30, 0, -38, 0,
    -40, -7, -4, -5, -4, 5, -4, -3,
    -4, 0, -4, -5, 0, -3, 5, -2,
    5, 3, -4, 5, -2, 0, 0, 0,
    0, 0, 0, 0, 0, -24, 0, 0,
    0, -10, 0, -28, -28, -28, -1, -1,
    0, 0, 0, 0, 0, -1, -24, -4,
    -7, -7, -7, -7, -7, -7, -7, -4,
    -4, -4, -4, -4, -4, -2, -4, 0,
    -4, -4, 0, -2, -2, -2, -2, 5,
    -4, 5, -7, -7, -7, -4, -5, 0,
    -4, -4, -4, -4, 0, 0, -1, 0,
    0, -4, -4, -3, 0, 0, -4, -4,
    -4, -5, -3, -3, -3, -33, 5, -2,
    -2, -2, -2, -2, -12, 3, -24, 5,
    -30, -2, -2, -26, -26, -7, -8, -7,
    -7, 0, 0, 0, 0, 0, 0, 0,
    0, 0, 0, 0, 0, 0, 0, -40,
    -25, -40, 0, 0, 0, 0, 0, 0,
    0, 0, 0, 0, 0, 0, 0, 0,
    0, 0, 0, 0, 0, 0, 0, 0,
    0, 0, 0, 0, 0, 0, 0, 0,
    0, 0, 0, 0, 0, 0, 0, -7,
    -5, 0, -4, 0, 0, 0, 0, 0,
    -4, 0, 0, -3, 0, -2, 0, 0,
    0, 0, 0, 0, 0, 0, 0, 0,
    0, 0, 0, 0, 0, 0, 0, 0,
    0, 0, 0, 0, 0, 0, 0, 0,
    0, 0, 0, 0, 0, 0, 0, -7,
    0, 0, 0, 0, 0, 0, 0, 0,
    0, 0, -3, 0, 0, 0, 0, 0,
    0, 0, 0, 0, 0, 0, 0, 0,
    0, 0, 0, 0, 0, 0, 0, 0,
    0, 0, 0, 0, 0, 0, 0, 0,
    0, 0, 0, 0, 0, 0, 0, 0,
    0, 0, 0, 0, 0, 0, 0, -2,
    0, 0, 0, 0, 0, 0, 0, 0,
    0, 0, 0, 0, 0, 0, 0, 0,
    0, 0, -7, -13, 0, 0, 0, 0,
    -13, -7, -27, -8, -16, -12, -9, -12,
    -15, 3, 0, 0, 0, 0, 0, 3,
    0, 0, 0, -7, 0, 0, 0, -7,
    0, -7, 0, 0, 0, 0, 0, 0,
    0, 0, -8, 0, -12, -11, -11, -17,
    -5, 0, -19, 0, -35, 0, -1, 0,
    -1, -1, 0, -1, 0, 0, -1, 0,
    0, -1, -1, -1, 0, -1, -9, 0,
    -7, 0, 0, 0, 0, 0, 0, 0,
    0, -7, 0, 0, 0, -14, 0, -7,
    -7, -7, 0, 0, 0, 0, 0, 0,
    0, 0, -17, -2, -2, 0, -2, -2,
    -2, -2, 0, -1, -1, -1, 0, 0,
    0, 7, 4, 0, -1, 0, 0, -1,
    -1, -1, -1, 0, 0, 0, -2, -2,
    0, -1, 0, 0, -1, -1, 0, 0,
    0, 0, 0, 0, 0, 0, -2, -1,
    0, 0, -2, -2, 0, 0, -1, -1,
    -1, -8, -1, -1, -1, -1, -1, -1,
    -11, -1, -17, 0, -5, -7, -7, -10,
    -10, -10, -12, -10, -11, 0, 0, 0,
    0, 0, 0, 0, 0, 0, 0, 0,
    -18, 0, 0, 0, -10, 0, 0, 0,
    0, 0, 0, 0, 0, 0, 0, 0,
    0, 0, 0, 0, 0, 0, 0, 0,
    0, 0, 0, 0, 0, 0, 0, 0,
    0, 0, 0, 0, 0, 0, 0, 0,
    0, 0, 0, 7, 11, 0, 11, 0,
    0, 5, 0, 0, 11, 0, 0, 0,
    0, 5, 0, 0, 0, 0, 0, 0,
    0, 0, 0, 0, 0, 0, 0, 0,
    0, 0, 0, 0, 0, 0, 0, 0,
    0, 0, 0, 0, 0, 0, 0, 0,
    0, 0, 0, 0, 0, 0, 0, 0,
    0, 0, 0, 0, 0, 0, 0, 0,
    0, 0, 0, 0, 0, 0, 0, 0,
    0, 0, 0, 0, 0, 0, 0, 11,
    0, 0, 0, 0, 11, 0, 0, 0,
    0, 0, 0, 0, 0, 0, 0, 0,
    3, 0, 0, 0, 0, 0, 0, 0,
    0, 0, 0, 5, 0, 0, 0, 0,
    0, 0, 0, 0, 0, 0, 0, 0,
    0, 0, 0, 0, 0, 0, -6, -25,
    0, 0, 0, 0, -25, -4, -30, -22,
    -8, -7, -13, -7, -11, 5, -7, 0,
    0, 0, 0, 5, 0, 0, 0, -2,
    0, 0, 0, -25, 0, -4, 3, 1,
    1, 0, 1, 1, 3, 0, -41, 0,
    -25, -20, -8, -36, -4, 0, -24, 0,
    -27, 3, 7, 7, 7, 0, 7, 1,
    0, 0, 7, 7, 0, 3, 0, 2,
    -2, -2, -8, -2, -1, 0, 0, 0,
    0, 0, 0, 0, 0, -8, 0, 0,
    0, -7, 0, -4, -4, -4, 1, 3,
    0, 0, 0, 0, 0, 0, -36, 0,
    3, 3, 3, 3, 3, 3, 3, 7,
    7, 7, 7, 0, 0, 1, 0, 0,
    7, 7, 0, 2, 2, 2, 2, -2,
    0, -2, 3, 3, 3, 7, 7, 0,
    7, 7, 7, 7, 0, 0, 3, 0,
    0, 0, 0, 1, 0, 0, 0, 0,
    0, 0, 3, 3, 3, -41, 0, 2,
    2, 2, 2, 2, -20, -2, -36, -2,
    -4, -1, -1, -13, -13, -19, -20, -19,
    -19, 0, 0, 0, -7, -13, 0, 0,
    0, 0, -13, -7, -27, -8, -16, -12,
    -9, -12, -15, 3, 0, 0, 0, 0,
    0, 3, 0, 0, 0, -7, 0, 0,
    0, -7, 0, -7, 0, 0, 0, 0,
    0, 0, 0, 0, -8, 0, -12, -11,
    -11, -17, -5, 0, -19, 0, -35, 0,
    -1, 0, -1, -1, 0, -1, 0, 0,
    -1, 0, 0, -1, -1, -1, 0, -1,
    -9, 0, -7, 0, 0, 0, 0, 0,
    0, 0, 0, -7, 0, 0, 0, -14,
    0, -7, -7, -7, 0, 0, 0, 0,
    0, 0, 0, 0, -17, -2, -2, 0,
    -2, -2, -2, -2, 0, -1, -1, -1,
    0, 0, 0, 7, 4, 0, -1, 0,
    0, -1, -1, -1, -1, 0, 0, 0,
    -2, -2, 0, -1, 0, 0, -1, -1,
    0, 0, 0, 0, 0, 3, 0, 0,
    -2, -1, 0, 0, -2, -2, 0, 0,
    -1, -1, -1, -8, -1, -1, -1, -1,
    -1, -1, -11, -1, -17, 0, -5, -7,
    -7, -10, -10, -10, -12, -10, -11, 0,
    0, 0, -6, -16, 0, 0, 0, 0,
    -25, -4, -14, -22, -8, -7, -13, -7,
    -11, 5, -7, 0, 0, 0, 0, 5,
    0, 0, 0, -2, 0, 0, 0, -25,
    0, -4, 3, 1, 1, 0, 1, 1,
    3, 0, -41, 0, -25, -20, -8, -36,
    -4, 0, -24, 0, -27, 3, 7, 7,
    7, 0, 7, 1, 0, 0, 7, 7,
    0, 3, 0, 2, -2, -2, -8, -2,
    -1, 0, 0, 0, 0, 0, 0, 0,
    0, -8, 0, 0, 0, -7, 0, -4,
    -4, -4, 1, 3, 0, 0, 0, 0,
    0, 0, -36, 0, 3, 3, 3, 3,
    3, 3, 3, 7, 7, 7, 7, 0,
    0, 1, 0, 0, 7, 7, 0, 2,
    2, 2, 2, -2, 0, -2, 3, 3,
    3, 7, 7, 0, 7, 7, 7, 7,
    0, 0, 3, 1, 3, 0, 0, 1,
    0, 0, 0, 0, 0, 0, 3, 3,
    3, -41, 0, 2, 2, 2, 2, 2,
    -20, -2, -36, -2, -4, -1, -1, -13,
    -13, -19, -20, -19, -19, 0, 0, 0,
    -10, 0, 0, 0, 0, 0, 0, -29,
    -11, -6, -46, -53, -60, -53, -49, -17,
    -6, 0, 0, 0, 0, -17, 0, 0,
    0, -46, 0, 0, 0, -10, 0, -45,
    -3, -21, -21, -38, -21, -21, -3, -15,
    1, -2, 0, -2, -3, 0, -2, 0,
    -6, 0, -51, -46, -43, 0, -43, -22,
    -43, -4, -5, -43, -43, 0, -43, -43,
    -25, -35, -35, -35, -35, -35, 0, 0,
    0, 0, 0, 0, 0, 0, 0, -59,
    0, 0, 0, -61, 0, -45, -45, -45,
    -21, -3, 0, 0, 0, 0, 0, -2,
    0, -26, -17, -46, -17, -17, -17, -17,
    -46, -43, -43, -43, -20, -5, -5, 0,
    12, 0, -43, -20, 0, 0, 0, 0,
    0, -35, -5, -35, -17, -17, -46, -43,
    0, 0, -43, -43, -20, -43, 0, 0,
    -3, 0, 0, -5, -26, -4, 0, 0,
    -26, -26, -5, -15, -43, -43, -43, 1,
    -25, 0, 0, 0, 0, 0, -2, -35,
    0, -35, -2, 0, 0, -61, -61, -11,
    0, -11, -5, 0, 0, 0, 2, 4,
    0, 0, 0, 0, 4, -8, 3, 0,
    0, -7, -26, -7, -7, 0, 0, 0,
    0, 0, 0, 0, 0, 0, 0, 0,
    0, 0, 0, 0, 0, 0, 0, 0,
    0, 0, 0, 0, 0, 0, 0, 0,
    0, 0, 0, 0, 0, 0, 1, 0,
    0, -3, -6, -5, -6, 3, 0, 0,
    0, 0, -6, -5, 0, -2, 3, -4,
    2, 0, 0, 2, 0, 0, 0, 0,
    0, 0, 0, 0, 0, -25, 0, 0,
    0, 0, 0, 0, 0, 0, 0, 0,
    0, 0, 0, 0, 0, 0, 0, 0,
    0, -3, 0, 0, 0, 0, -3, -6,
    -6, -6, -5, 0, 0, 0, 0, 0,
    -6, -5, 0, -4, -4, -4, -4, 2,
    0, 2, 0, 0, -3, -6, -5, 0,
    -6, -6, -5, 0, 0, 0, 0, 0,
    0, 0, 0, 0, 0, 0, 0, 0,
    0, 0, -2, -2, -2, 0, 3, -4,
    -4, -4, -4, -4, 0, 0, 0, 2,
    0, 0, 0, -27, -27, 0, 2, 0,
    3, 0, 0, 0, -12, -22, 0, 0,
    0, 0, -22, -11, -28, -17, -13, -15,
    -17, -15, -15, -3, -9, 0, 0, 0,
    0, -3, 0, 0, 0, -7, 0, 0,
    0, -18, 0, -9, -6, -3, -3, -3,
    -3, -3, -6, -7, -24, -5, -26, -23,
    -11, -33, -11, 0, -20, 0, -21, -5,
    -1, -2, -1, -3, -2, -6, 0, 0,
    -1, -2, 0, -2, -3, -5, -4, -3,
    -9, -4, -7, 0, 0, 0, 0, 0,
    0, 0, 0, -15, 0, 0, 0, -15,
    0, -9, -9, -9, -3, -6, 0, 0,
    0, 0, 0, -5, -33, -7, -5, -5,
    -5, -5, -5, -5, -5, -1, -1, -1,
    -1, -7, -7, -3, -7, 0, -1, -1,
    0, -5, -5, -5, -5, -4, -7, -4,
    -5, -5, -5, -1, -2, 0, -1, -1,
    -1, -2, 0, 0, -6, 0, 0, -7,
    -7, -6, 0, 0, -7, -7, -7, -7,
    -2, -2, -2, -24, -3, -5, -5, -5,
    -5, -5, -23, -3, -33, -4, -11, -7,
    -7, -17, -17, -17, -20, -17, -18, 0,
    0, 0, -13, -10, 0, 0, 0, 0,
    -10, -26, -14, -11, -28, -47, -36, -47,
    -47, -15, -6, 0, 0, 0, 0, -15,
    0, 0, 0, -24, 0, 0, 0, -13,
    0, -41, -5, -16, -16, -33, -16, -16,
    -5, -15, -2, -4, -2, -5, -5, 0,
    -8, 0, -11, 0, -47, -27, -24, -23,
    -24, -12, -23, -7, -8, -15, -24, -23,
    -15, -22, -12, -22, -13, -15, -23, -13,
    -23, 0, 0, 0, 0, 0, 0, 0,
    0, -37, 0, 0, 0, -29, 0, -41,
    -41, -41, -16, -5, 0, 0, 0, 0,
    0, -4, 0, -23, -19, -27, -19, -19,
    -19, -19, -27, -24, -24, -24, -17, -8,
    -8, 4, 6, 0, -24, -17, 0, -22,
    -22, -22, -22, -13, -8, -13, -19, -19,
    -27, -24, -23, 0, -24, -24, -17, -23,
    0, 0, -5, 0, 0, -8, -23, -7,
    0, 0, -23, -23, -8, -15, -22, -22,
    -22, -2, -12, -22, -22, -22, -22, -22,
    -5, -15, 0, -13, -8, -23, -23, -36,
    -36, -15, -10, -15, -9, 0, 0, 0,
    -10, -13, 0, 0, 0, 0, -13, -10,
    -38, -8, -9, -30, -19, -30, -30, -1,
    -2, 0, 0, 0, 0, -1, 0, 0,
    0, -4, 0, 0, 0, -5, 0, -25,
    -3, -2, -2, -22, -2, -2, -3, -7,
    -35, -2, -16, -15, -28, -24, -25, 0,
    -38, 0, -36, -8, -5, -5, -5, 2,
    -5, -3, -3, 0, -5, -5, 0, -4,
    1, -2, 1, 0, -3, 1, -3, 0,
    0, 0, 0, 0, 0, 0, 0, -19,
    0, 0, 0, -12, 0, -25, -25, -25,
    -2, -3, 0, 0, 0, 0, 0, -2,
    -24, -3, -8, -8, -8, -8, -8, -8,
    -8, -5, -5, -5, -5, -3, -3, -3,
    -3, 0, -5, -5, 0, -2, -2, -2,
    -2, 1, -3, 1, -8, -8, -8, -5,
    -5, 0, -5, -5, -5, -5, 0, 0,
    -3, 0, 0, -3, -3, -3, 0, 0,
    -3, -3, -3, -7, -4, -4, -4, -35,
    1, -2, -2, -2, -2, -2, -15, 0,
    -24, 1, -25, -3, -3, -20, -20, -8,
    -10, -8, -8, 0, 0, 0, -11, -7,
    0, 0, 0, 0, -7, -33, -8, -12,
    -42, -53, -60, -53, -52, -21, -9, 0,
    0, 0, 0, -21, 0, 0, 0, -34,
    0, 0, 0, -15, 0, -48, -4, -23,
    -23, -42, -23, -23, -4, -19, 0, -3,
    0, 0, -2, 0, -4, 0, -7, 0,
    -56, -42, -41, -41, -41, -22, -41, -5,
    -8, -34, -41, -41, -34, -38, -23, -32,
    -23, -24, -31, -23, -31, 0, 0, 0,
    0, 0, 0, 0, 0, -60, 0, 0,
    0, -42, 0, -48, -48, -48, -23, -4,
    0, 0, 0, 0, 0, -3, 0, -33,
    -17, -42, -17, -17, -17, -17, -42, -41,
    -41, -41, -19, -8, -8, 7, 0, 0,
    -41, -19, 0, 0, 0, 0, 0, -23,
    -8, -23, -17, -17, -42, -41, -41, 0,
    -41, -41, -19, -41, 0, 0, -4, 0,
    0, -8, -33, -5, 0, 0, -33, -33,
    -8, -19, -38, -38, -38, 0, -23, 0,
    0, 0, 0, 0, 0, -24, 0, -23,
    -4, -31, -31, -61, -61, -15, -7, -15,
    -6, 0, 0, 0, -9, -12, 0, 0,
    0, 0, -10, -10, -36, -3, -10, -35,
    -22, -35, -31, -1, -1, 0, 0, 0,
    0, -1, 0, 0, 0, -3, 0, 0,
    0, -3, 0, -28, -2, -2, -2, -29,
    -2, -2, -2, -5, -35, -2, -14, -13,
    -28, -23, -30, 0, -39, 0, -42, -10,
    -6, -5, -6, 3, -6, -3, -4, 0,
    -6, -5, 0, -5, 2, -2, 2, 1,
    -1, 2, -2, 0, 0, 0, 0, 0,
    0, 0, 0, -22, 0, 0, 0, -13,
    0, -28, -28, -28, -2, -2, 0, 0,
    0, 0, 0, -2, -23, -4, -10, -10,
    -10, -10, -10, -10, -10, -6, -6, -6,
    -6, -4, -4, -3, -4, 0, -6, -6,
    0, -2, -2, -2, -2, 2, -4, 2,
    -10, -10, -10, -6, -5, 0, -6, -6,
    -6, -6, 0, 0, -2, 0, 0, -4,
    -4, -3, 0, 0, -4, -4, -4, -5,
    -5, -5, -5, -35, 2, -2, -2, -2,
    -2, -2, -13, 1, -23, 2, -30, -2,
    -2, -23, -23, -5, -7, -5, -5, 0,
    0, 0, -11, -7, 0, 0, 0, 0,
    -7, -33, -8, -12, -42, -53, -60, -53,
    -52, -21, -9, 0, 0, 0, 0, -21,
    0, 0, 0, -34, 0, 0, 0, -15,
    0, -48, -4, -23, -23, -42, -23, -23,
    -4, -19, 0, -3, 0, 0, -2, 0,
    -4, 0, -7, 0, -56, -42, -41, -41,
    -41, -22, -41, -5, -8, -34, -41, -41,
    -34, -38, -23, 0, -23, -24, -31, -23,
    -31, 0, 0, 0, 0, 0, 0, 0,
    0, -60, 0, 0, 0, -42, 0, -48,
    -48, -48, -23, -4, 0, 0, 0, 0,
    0, -3, 0, -33, -17, -42, -17, -17,
    -17, -17, -42, -41, -41, -41, -19, -8,
    -8, 7, 0, 0, -41, -19, 0, 0,
    0, 0, 0, -23, -8, -23, -17, -17,
    -42, -41, -41, 0, -41, -41, -19, -41,
    0, 0, -4, 0, 0, -8, -33, -5,
    0, 0, -33, -33, -8, -19, -38, -38,
    -38, 0, -23, 0, 0, 0, 0, 0,
    0, -24, 0, -23, -4, -31, -31, -61,
    -61, -15, -7, -15, -6, 0, 0, 0,
    -9, -9, 0, 0, 0, 0, -9, -23,
    -12, -10, -38, -10, -41, -10, -11, -12,
    -4, 0, 0, 0, 0, -12, 0, 0,
    0, -8, 0, 0, 0, -11, 0, -2,
    -3, -15, -15, 1, -15, -15, -3, -9,
    -1, -5, -3, -5, -2, -2, -3, 0,
    -8, 0, -20, -9, -15, -13, -15, -13,
    -13, -3, -4, 0, -15, -13, 0, -7,
    -16, -14, -17, -18, -7, -17, -6, 0,
    0, 0, 0, 0, 0, 0, 0, -29,
    0, 0, 0, -18, 0, -2, -2, -2,
    -15, -3, 0, 0, 0, 0, 0, -5,
    -2, -10, -8, -9, -8, -8, -8, -8,
    -9, -15, -15, -15, -12, -4, -4, 6,
    0, 0, -15, -12, 0, -14, -14, -14,
    -14, -17, -4, -17, -8, -8, -9, -15,
    -13, 0, -15, -15, -12, -13, 0, 0,
    -3, 0, 0, -4, -10, -3, 0, 0,
    -10, -10, -4, -9, -7, -7, -7, -1,
    -16, -14, -14, -14, -14, -14, -5, -18,
    -2, -17, -3, -6, -6, -43, -43, -13,
    -10, -13, -10, 0, 0, 0, -10, -20,
    0, 0, 0, 0, -20, -13, -26, -13,
    -14, -10, -27, -10, -10, -4, -5, 0,
    0, 0, 0, -4, 0, 0, 0, -6,
    0, 0, 0, -14, 0, -4, -5, -5,
    -5, 0, -5, -5, -5, -11, -35, -7,
    -23, -21, -6, -30, -6, 0, -18, 0,
    -20, -6, -8, -7, -8, 0, -7, -5,
    -6, 0, -8, -7, 0, -5, -1, -5,
    0, -2, -5, 0, -5, 0, 0, 0,
    0, 0, 0, 0, 0, -28, 0, 0,
    0, -13, 0, -4, -4, -4, -5, -5,
    0, 0, 0, 0, 0, -7, -30, -6,
    -6, -6, -6, -6, -6, -6, -6, -8,
    -8, -8, -8, -6, -6, -3, -6, 0,
    -8, -8, 0, -5, -5, -5, -5, 0,
    -6, 0, -6, -6, -6, -8, -7, 0,
    -8, -8, -8, -7, 0, 0, -5, 0,
    0, -6, -6, -5, 0, 0, -6, -6,
    -6, -11, -5, -5, -5, -35, -1, -5,
    -5, -5, -5, -5, -21, -2, -30, 0,
    -6, -5, -5, -27, -27, -12, -17, -12,
    -14, 0, 0, 0, -10, -20, 0, 0,
    0, 0, -20, -13, -14, -13, -14, -10,
    -27, -10, -10, -4, -5, 0, 0, 0,
    0, -4, 0, 0, 0, -6, 0, 0,
    0, -14, 0, -4, -5, -5, -5, 0,
    -5, -5, -5, -11, -35, -7, -23, -21,
    -6, -30, -6, 0, -18, 0, -20, -6,
    -8, -7, -8, 0, -7, -5, -6, 0,
    -8, -7, 0, -5, -1, -5, 0, -2,
    -5, 0, -5, 0, 0, 0, 0, 0,
    0, 0, 0, -28, 0, 0, 0, -13,
    0, -4, -4, -4, -5, -5, 0, 0,
    0, 0, 0, -7, -30, -6, -6, -6,
    -6, -6, -6, -6, -6, -8, -8, -8,
    -8, -6, -6, -3, -6, 0, -8, -8,
    0, -5, -5, -5, -5, 0, -6, 0,
    -6, -6, -6, -8, -7, 0, -8, -8,
    -8, -7, 0, 0, -5, 0, 0, -6,
    -6, -5, 0, 0, -6, -6, -6, -11,
    -5, -5, -5, -35, -1, -5, -5, -5,
    -5, -5, -21, -2, -30, 0, -6, -5,
    -5, -27, -27, -12, -17, -12, -14, 0,
    0, 0, -25, -46, 0, 0, 0, 0,
    -46, -19, -53, 0, 0, -32, 0, -32,
    -31, -10, -43, -32, -15, -11, -18, -10,
    -46, -12, -19, -24, 0, 0, 0, 0,
    0, -28, -16, -11, -11, -37, -11, -11,
    -16, -16, -61, -14, -40, -36, -40, -61,
    -31, 0, -52, 0, 0, -19, -7, -8,
    -7, -20, -8, -16, -17, 0, -7, -8,
    0, -17, -23, -15, -22, -20, -40, -22,
    -29, 0, 0, 0, 0, 0, 0, 0,
    0, -16, 0, 0, 0, -31, 0, -28,
    -28, -28, -11, -16, 0, 0, 0, 0,
    0, -14, -61, -17, -19, -19, -19, -19,
    -19, -19, -19, -7, -7, -7, -7, -17,
    -17, 0, 0, 0, -7, -7, 0, -15,
    -15, -15, -15, -22, -17, -22, -19, -19,
    -19, -7, -8, 0, -7, -7, -7, -8,
    0, 0, -16, 0, 0, -17, -17, -16,
    0, 0, -17, -17, -17, -16, -17, -17,
    -17, -61, -23, -15, -15, -15, -15, -15,
    -36, -20, -61, -22, -31, -29, -29, -17,
    -17, -45, -45, -45, 0, 0, 0, 0,
    -25, -46, 0, 0, 0, 0, -46, -19,
    -53, 0, 0, -32, 0, -32, -31, -10,
    -43, -32, -15, -11, -18, -10, -46, -12,
    -19, -24, 0, 0, 0, 0, 0, -28,
    -16, -11, -11, -37, -11, -11, -16, -16,
    -61, -14, -40, -36, -40, -61, -31, 0,
    -52, 0, 0, -19, -7, -8, -7, -20,
    -8, -16, -17, 0, -7, -8, 0, -17,
    -23, -15, -22, -20, -40, -22, -29, 0,
    0, 0, 0, 0, 0, 0, 0, -16,
    0, 0, 0, -31, 0, -28, -28, -28,
    -11, -16, 0, 0, 0, 0, 0, -14,
    -61, -17, -19, -19, -19, -19, -19, -19,
    -19, -7, -7, -7, -7, -17, -17, 0,
    0, 0, -7, -7, 0, -15, -15, -15,
    -15, -22, -17, -22, -19, -19, -19, -7,
    -8, 0, -7, -7, -7, -8, 0, 0,
    -16, 0, 0, -17, -17, -16, 0, 0,
    -17, -17, -17, -16, -17, -17, -17, -61,
    -23, -15, -15, -15, -15, -15, -36, -20,
    -61, -22, -31, -29, -29, -17, -17, -45,
    -45, -45, -55, 0, 0, 0, -12, -10,
    0, 0, -6, 0, -10, -22, -16, -10,
    -24, -53, -43, -53, -45, -10, -2, -7,
    -10, -36, -17, -10, -7, -11, -6, -18,
    0, 0, 0, 0, 0, -42, -8, -11,
    -11, -45, -11, -11, -8, -14, -8, -6,
    -8, -10, -14, -7, -15, 0, -13, 0,
    0, -25, -25, -24, -25, -5, -24, 0,
    -12, 0, -25, -24, 0, -22, -5, -15,
    -5, -8, -18, -5, -15, 0, 0, 0,
    0, 0, 0, 0, 0, -40, 0, 0,
    0, -24, -45, -42, -42, -42, -11, -8,
    0, 0, 0, 0, 0, -6, -7, -17,
    -20, -25, -20, -20, -20, -20, -25, -25,
    -25, -25, -20, -12, -12, 0, 0, 0,
    -25, -20, 0, -15, -15, -15, -15, -5,
    -12, -5, -20, -20, -25, -25, -24, 0,
    -25, -25, -20, -24, 0, 0, -8, 0,
    0, -12, -17, 0, 0, 0, -17, -17,
    -12, -14, -22, -22, -22, -8, -5, -15,
    -15, -15, -15, -15, -10, -8, -7, -5,
    -15, -15, -15, -45, -45, -11, -12, -11,
    0, -50, 0, -50, 0, 0, 0, 0,
    0, 0, 0, 0, -17, 0, 0, -53,
    -53, -53, 0, 0, 0, 0, 0, 0,
    0, 0, 0, 0, 0, 0, 0, 0,
    0, 0, 0, -50, -14, -22, -22, -48,
    -22, -22, -14, -20, -7, -12, -9, -11,
    -15, -8, -15, 0, 0, 0, 0, -37,
    -37, -37, -37, -15, -36, 0, -16, 0,
    -37, -37, 0, -33, -16, -25, -18, -20,
    -26, -18, -25, 0, 0, 0, 0, 0,
    0, 0, 0, -53, 0, 0, 0, 0,
    0, -50, -50, -50, -22, -14, 0, 0,
    0, 0, 0, -12, -8, -26, -26, -37,
    -26, -26, -26, -26, -37, -37, -37, -37,
    -27, -16, -16, 0, 0, 0, -37, -27,
    0, -25, -25, -25, -25, -18, -16, -18,
    -26, -26, -37, -37, -37, 0, -37, -37,
    -27, -36, 0, 0, -14, 0, 0, -16,
    -26, 0, 0, 0, -26, -26, -16, -20,
    -33, -33, -33, -7, -16, -25, -25, -25,
    -25, -25, -11, -20, -8, -18, -15, -25,
    -25, 0, 0, 0, 0, 0, 0, 0,
    0, 0, -16, 0, 0, 0, -21, 0,
    0, -27, 0, -49, -49, -12, -40, -12,
    -9, -21, -40, -5, -16, -17, -16, -21,
    -35, -15, -17, -11, 0, 0, 0, 0,
    0, -8, -13, -26, -26, -1, -26, -26,
    -13, -18, -49, -23, -49, -47, -10, -49,
    -9, 0, 0, 0, 0, -11, -17, -15,
    -17, -23, -12, 0, -12, 0, -17, -15,
    0, -10, -29, -17, -36, -31, -11, -36,
    -10, 0, 0, 0, 0, 0, 0, 0,
    0, -31, 0, 0, 0, -20, 0, -8,
    -8, -8, -26, -13, 0, 0, 0, 0,
    0, -23, -49, -14, -11, -11, -11, -11,
    -11, -11, -11, -17, -17, -17, -17, -12,
    -12, 0, 0, 0, -17, -17, 0, -17,
    -17, -17, -17, -36, -12, -36, -11, -11,
    -11, -17, -15, 0, -17, -17, -17, -12,
    0, 0, -13, 0, 0, -12, -14, 0,
    0, 0, -14, -14, -12, -18, -10, -10,
    -10, -49, -29, -17, -17, -17, -17, -17,
    -47, -31, -49, -36, -9, -10, -10, -42,
    -42, -50, -53, -50, 0, 0, 0, 0,
    -12, -10, 0, 0, -6, 0, -10, -22,
    -16, -10, -24, -53, -43, -53, -45, -10,
    -2, -7, -10, -36, -17, -10, -7, -11,
    -6, -18, 0, 0, 0, 0, 0, -42,
    -8, -11, -11, -45, -11, -11, -8, -14,
    -8, -6, -8, -10, -14, -7, -15, 0,
    -13, 0, -88, -25, -25, -24, -25, -5,
    -24, 0, -12, 0, -25, -24, 0, -22,
    -5, -15, -5, -8, -18, -5, -15, 0,
    0, 0, 0, 0, 0, 0, 0, -40,
    0, 0, 0, -24, -45, -42, -42, -42,
    -11, -8, 0, 0, 0, 0, 0, -6,
    -7, -17, -20, -25, -20, -20, -20, -20,
    -25, -25, -25, -25, -20, -12, -12, 0,
    0, 0, -25, -20, 0, -15, -15, -15,
    -15, -5, -12, -5, -20, -20, -25, -25,
    -24, 0, -25, -25, -20, -24, 0, 0,
    -8, 0, 0, -12, -17, 0, 0, 0,
    -17, -17, -12, -14, -22, -22, -22, -8,
    -5, -15, -15, -15, -15, -15, -10, -8,
    -7, -5, -15, -15, -15, -45, -45, -11,
    -12, -11, 0, -86, 0, -88, 0, 0,
    0, 0, 0, 0, 0, 0, -15, 0,
    0, -53, -64, -53, 0, 0, 0, 0,
    0, 0, 0, 0, 0, 0, 0, -26,
    0, 0, 0, 0, 0, -50, -12, -20,
    -20, -51, -20, -20, -12, -17, -5, -10,
    -6, -9, -12, -6, -13, 0, 0, 0,
    0, -35, -36, -35, -36, -14, -35, 0,
    -14, 0, -36, -35, 0, -31, -14, -24,
    -15, -19, -25, -15, -17, 0, 0, 0,
    0, 0, 0, 0, 0, 0, 0, 0,
    0, 0, 0, -50, -50, -50, -20, -12,
    0, 0, 0, 0, 0, -10, -6, -25,
    -24, -35, -24, -24, -24, -24, -35, -36,
    -36, -36, -25, -14, -14, 0, 0, 0,
    -36, -25, 0, -24, -24, -24, -24, -15,
    -14, -15, -24, -24, -35, -36, -35, 0,
    -36, -36, -25, -35, 0, 0, -12, 0,
    0, -14, -25, 0, 0, 0, -25, -25,
    -14, -17, -31, -31, -31, -5, -14, -24,
    -24, -24, -24, -24, -9, -19, -6, -15,
    -13, -17, -17, 0, -65, 0, 0, 0,
    0, 0, 0, -88, -16, 0, 0, 0,
    -21, 0, 0, -27, 0, -49, -49, -12,
    -40, -12, -9, -21, -40, -5, -16, -17,
    -16, -21, -35, -15, -17, -11, 0, 0,
    0, 0, 0, -8, -13, -26, -26, -1,
    -26, -26, -13, -18, -49, -23, -49, -47,
    -10, -49, -9, 0, 0, 0, 0, -11,
    -17, -15, -17, -23, -12, 0, -12, 0,
    -17, -15, 0, -10, -29, -17, -36, -31,
    -11, -36, -10, 0, 0, 0, 0, 0,
    0, 0, 0, -31, 0, 0, 0, -20,
    0, -8, -8, -8, -26, -13, 0, 0,
    0, 0, 0, -23, -49, -14, -11, -11,
    -11, -11, -11, -11, -11, -17, -17, -17,
    -17, -12, -12, 0, 0, 0, -17, -17,
    0, -17, -17, -17, -17, -36, -12, -36,
    -11, -11, -11, -17, -15, 0, -17, -17,
    -17, -12, 0, 0, -13, 0, 0, -12,
    -14, 0, 0, 0, -14, -14, -12, -18,
    -10, -10, -10, -49, -29, -17, -17, -17,
    -17, -17, -47, -31, -49, -36, -9, -10,
    -10, -42, -42, -50, -53, -50, -86, 0,
    0, 0, 0, 0, 0, 0, 0, 0,
    0, 0, -45, 0, 0, 0, 0, 0,
    0, 0, 0, 0, 0, 0, 0, 0,
    0, 0, 0, 0, 0, 0, 0, 0,
    0, 0, 0, 0, 0, 0, 0, 0,
    0, 0, -52, 0, 0, 0, 0, 0,
    0, 0, 0, 0, 0, 0, 0, 0,
    0, 0, 0, 0, 0, 0, 0, 0,
    0, 0, 0, 0, 0, 0, 0, 0,
    0, 0, 0, 0, 0, 0, 0, 0,
    0, 0, 0, 0, 0, 0, 0, 0,
    0, 0, 0, 0, 0, 0, 0, 0,
    0, 0, 0, 0, 0, 0, 0, 0,
    0, 0, 0, 0, 0, 0, 0, 0,
    0, 0, 0, 0, 0, 0, 0, 0,
    0, 0, 0, 0, 0, 0, 0, 0,
    0, 0, 0, 0, 0, 0, 0, 0,
    0, 0, 0, 0, 0, 0, 0, 0,
    0, 0, 0, 0, 0, 0, 0, 0,
    0, 0, 0, 0, 0, 0, 0, 0,
    0, 0, 0, 0, 0, 0, 0, 0,
    0, 0, 0, 0, 0, 0, 0, 0,
    0, -86, 0, 0, 0, 0, 0, -25,
    -29, 0, 0, 0, 0, 0, 0, 0,
    0, 0, 0, 0, 0, 0, 0, 0,
    0, 0, 0, 0, 0, 0, 0, 0,
    0, 0, 0, 0, 0, 0, 0, 0,
    -56, 0, 0, 0, 0, 0, 0, 0,
    -21, 0, 0, 0, 0, 0, 0, 0,
    0, 0, 0, 0, 0, 0, 0, 0,
    0, 0, 0, -28, 0, 0, 0, 0,
    0, 0, 0, 0, 0, 0, 0, 0,
    0, 0, 0, -18, 0, 0, 0, 0,
    0, 0, 0, 0, 0, 0, 0, 0,
    0, 0, 0, 0, 0, 0, 0, 0,
    0, 0, 0, 0, 0, 0, 0, 0,
    0, 0, 0, 0, 0, 0, 0, 0,
    0, 0, 0, 0, 0, 0, 0, 0,
    0, 0, 0, 0, 0, 0, 0, 0,
    0, 0, 0, 0, 0, 0, 0, 0,
    0, 0, 0, 0, 0, 0, 0, 0,
    0, 0, 0, 0, 0, 0, 0, 0,
    0, 0, 0, 0, 0, 0, 0, -50,
    -53, -88, -88, 0, 0, 0
};


/*Collect the kern class' data in one place*/
static const lv_font_fmt_txt_kern_classes_t kern_classes =
{
    .class_pair_values   = kern_class_values,
    .left_class_mapping  = kern_left_class_mapping,
    .right_class_mapping = kern_right_class_mapping,
    .left_class_cnt      = 193,
    .right_class_cnt     = 174,
};

/*--------------------
 *  ALL CUSTOM DATA
 *--------------------*/

#if LV_VERSION_CHECK(8, 0, 0)
/*Store all the custom data of the font*/
static  lv_font_fmt_txt_glyph_cache_t cache;
static const lv_font_fmt_txt_dsc_t font_dsc = {
#else
static lv_font_fmt_txt_dsc_t font_dsc = {
#endif
    .glyph_bitmap = glyph_bitmap,
    .glyph_dsc = glyph_dsc,
    .cmaps = cmaps,
    .kern_dsc = &kern_classes,
    .kern_scale = 16,
    .cmap_num = 6,
    .bpp = 4,
    .kern_classes = 1,
    .bitmap_format = 0,
#if LV_VERSION_CHECK(8, 0, 0)
    .cache = &cache
#endif
};


/*-----------------
 *  PUBLIC FONT
 *----------------*/

/*Initialize a public general font descriptor*/
#if LV_VERSION_CHECK(8, 0, 0)
const lv_font_t airki_sans_24 = {
#else
lv_font_t airki_sans_24 = {
#endif
    .get_glyph_dsc = lv_font_get_glyph_dsc_fmt_txt,    /*Function pointer to get glyph's data*/
    .get_glyph_bitmap = lv_font_get_bitmap_fmt_txt,    /*Function pointer to get glyph's bitmap*/
    .line_height = 34,          /*The maximum line height required by the font*/
    .base_line = 9,             /*Baseline measured from the bottom of the line*/
#if !(LVGL_VERSION_MAJOR == 6 && LVGL_VERSION_MINOR == 0)
    .subpx = LV_FONT_SUBPX_NONE,
#endif
#if LV_VERSION_CHECK(7, 4, 0) || LVGL_VERSION_MAJOR >= 8
    .underline_position = -4,
    .underline_thickness = 1,
#endif
    .dsc = &font_dsc           /*The custom font data. Will be accessed by `get_glyph_bitmap/dsc` */
};



#endif /*#if AIRKI_SANS_24*/

