/*******************************************************************************
 * Size: 16 px
 * Bpp: 4
 * Opts: --no-compress --bpp 4 --size 16 --font InstrumentSans-SemiBold.ttf -r 0x20-0x7F,0xA0-0x17F,0x2013-0x2026 --font ../../.pio/libdeps/WS-241/lvgl/scripts/built_in_font/FontAwesome5-Solid+Brands+Regular.woff -r 61441,61448,61451,61452,61453,61457,61459,61461,61465,61468,61473,61478,61479,61480,61502,61507,61512,61515,61516,61517,61521,61522,61523,61524,61543,61544,61550,61552,61553,61556,61559,61560,61561,61563,61587,61589,61636,61637,61639,61641,61664,61671,61674,61683,61724,61732,61787,61931,62016,62017,62018,62019,62020,62087,62099,62212,62189,62810,63426,63650 --format lvgl --lv-include lvgl.h --force-fast-kern-format -o ../../examples/at_core_debug/fonts/airki_sans_16.c
 ******************************************************************************/

#ifdef LV_LVGL_H_INCLUDE_SIMPLE
#include "lvgl.h"
#else
#include "lvgl.h"
#endif

#ifndef AIRKI_SANS_16
#define AIRKI_SANS_16 1
#endif

#if AIRKI_SANS_16

/*-----------------
 *    BITMAPS
 *----------------*/

/*Store the image of the glyphs*/
static LV_ATTRIBUTE_LARGE_CONST const uint8_t glyph_bitmap[] = {
    /* U+0020 " " */

    /* U+0021 "!" */
    0xbf, 0x7b, 0xf6, 0xaf, 0x59, 0xf5, 0x9f, 0x48,
    0xf4, 0x8f, 0x33, 0x81, 0x23, 0x1c, 0xf8, 0xcf,
    0x80,

    /* U+0022 "\"" */
    0xc, 0xd1, 0xbe, 0x11, 0xff, 0x3f, 0xf4, 0xe,
    0xf0, 0xcf, 0x10, 0x9b, 0x8, 0xc0, 0x4, 0x50,
    0x36, 0x0,

    /* U+0023 "#" */
    0x0, 0x5, 0xf6, 0x5, 0xf6, 0x0, 0x0, 0x7,
    0xf4, 0x7, 0xf4, 0x0, 0x0, 0x9, 0xf2, 0xa,
    0xf1, 0x0, 0xf, 0xff, 0xff, 0xff, 0xff, 0xf1,
    0x9, 0x9f, 0xe9, 0x9f, 0xe9, 0x90, 0x0, 0xf,
    0xb0, 0x1f, 0xa0, 0x0, 0x49, 0xaf, 0xd9, 0xaf,
    0xd9, 0x60, 0x7f, 0xff, 0xff, 0xff, 0xff, 0xa0,
    0x0, 0x7f, 0x40, 0x8f, 0x40, 0x0, 0x0, 0xaf,
    0x10, 0xaf, 0x10, 0x0, 0x0, 0xcf, 0x0, 0xcf,
    0x0, 0x0,

    /* U+0024 "$" */
    0x0, 0x0, 0x9f, 0x10, 0x0, 0x0, 0x0, 0x9f,
    0x10, 0x0, 0x0, 0x5c, 0xff, 0xe8, 0x0, 0x7,
    0xfe, 0x99, 0xdf, 0xc0, 0xe, 0xf2, 0x0, 0xc,
    0xf5, 0xe, 0xf5, 0x0, 0x1, 0x31, 0x7, 0xff,
    0xc8, 0x30, 0x0, 0x0, 0x5c, 0xff, 0xfe, 0x60,
    0x0, 0x0, 0x16, 0xaf, 0xf6, 0x49, 0x50, 0x0,
    0x6, 0xfb, 0x3f, 0xe1, 0x0, 0x6, 0xfa, 0x9,
    0xff, 0xa8, 0xaf, 0xf4, 0x0, 0x5b, 0xff, 0xeb,
    0x30, 0x0, 0x0, 0x9f, 0x10, 0x0, 0x0, 0x0,
    0x48, 0x0, 0x0,

    /* U+0025 "%" */
    0x7, 0xef, 0xb1, 0x0, 0xa, 0xe1, 0x4, 0xf4,
    0x1d, 0x90, 0x6, 0xf4, 0x0, 0x6e, 0x0, 0x9c,
    0x3, 0xf7, 0x0, 0x4, 0xf3, 0x1d, 0x91, 0xeb,
    0x0, 0x0, 0x7, 0xef, 0xb1, 0xbd, 0x10, 0x0,
    0x0, 0x0, 0x0, 0x8f, 0x6d, 0xfb, 0x10, 0x0,
    0x0, 0x4f, 0x6e, 0xa3, 0xcb, 0x0, 0x0, 0x1e,
    0x92, 0xf3, 0x6, 0xf0, 0x0, 0xc, 0xd0, 0x2f,
    0x20, 0x5f, 0x0, 0x9, 0xf2, 0x0, 0xe8, 0x1b,
    0xb0, 0x5, 0xf5, 0x0, 0x3, 0xdf, 0xb1, 0x0,

    /* U+0026 "&" */
    0x0, 0x19, 0xef, 0xd5, 0x0, 0x0, 0x0, 0xa,
    0xfa, 0x6d, 0xf3, 0x0, 0x0, 0x0, 0xef, 0x0,
    0x5f, 0x70, 0x0, 0x0, 0xb, 0xf6, 0x1c, 0xf3,
    0x0, 0x0, 0x0, 0x3f, 0xff, 0xf6, 0x0, 0x0,
    0x0, 0x6f, 0xff, 0xf6, 0x0, 0xdf, 0x10, 0x3f,
    0xe2, 0x2e, 0xf5, 0xf, 0xf0, 0x8, 0xf8, 0x0,
    0x2e, 0xfa, 0xf9, 0x0, 0x7f, 0xb0, 0x0, 0x2e,
    0xff, 0x10, 0x1, 0xdf, 0xc8, 0x7a, 0xff, 0xf8,
    0x0, 0x1, 0x8d, 0xff, 0xd7, 0x3e, 0xf8, 0x0,

    /* U+0027 "'" */
    0xc, 0xd1, 0x1f, 0xf2, 0xe, 0xf0, 0x9, 0xb0,
    0x4, 0x50,

    /* U+0028 "(" */
    0x0, 0x3f, 0xc0, 0x1, 0xed, 0x10, 0xa, 0xf4,
    0x0, 0x2f, 0xb0, 0x0, 0x8f, 0x60, 0x0, 0xbf,
    0x30, 0x0, 0xdf, 0x20, 0x0, 0xcf, 0x20, 0x0,
    0x9f, 0x50, 0x0, 0x4f, 0xa0, 0x0, 0xd, 0xf2,
    0x0, 0x3, 0xfc, 0x0, 0x0, 0x6f, 0x90, 0x0,
    0x2, 0x30,

    /* U+0029 ")" */
    0x3, 0x20, 0x0, 0x9, 0xf6, 0x0, 0x0, 0xbf,
    0x40, 0x0, 0x2f, 0xd0, 0x0, 0xa, 0xf5, 0x0,
    0x5, 0xf9, 0x0, 0x2, 0xfc, 0x0, 0x1, 0xfd,
    0x0, 0x2, 0xfc, 0x0, 0x5, 0xf8, 0x0, 0xb,
    0xf3, 0x0, 0x3f, 0xb0, 0x1, 0xde, 0x20, 0xc,
    0xf3, 0x0,

    /* U+002A "*" */
    0x3, 0x5f, 0x32, 0x1, 0xfc, 0xfc, 0xe0, 0x6,
    0xef, 0xe5, 0x1, 0xeb, 0xfc, 0xd0, 0x2, 0x4f,
    0x32, 0x0,

    /* U+002B "+" */
    0x0, 0x1, 0x30, 0x0, 0x0, 0x6, 0xf2, 0x0,
    0x0, 0x6, 0xf2, 0x0, 0x2, 0x28, 0xf4, 0x21,
    0x2f, 0xff, 0xff, 0xfd, 0x5, 0x59, 0xf6, 0x54,
    0x0, 0x6, 0xf2, 0x0, 0x0, 0x6, 0xf2, 0x0,
    0x0, 0x2, 0x50, 0x0,

    /* U+002C "," */
    0x33, 0x1f, 0xf5, 0xff, 0x50, 0xe2, 0xaa, 0x4,
    0x0,

    /* U+002D "-" */
    0x9a, 0xaa, 0xa8, 0xef, 0xff, 0xfd,

    /* U+002E "." */
    0x33, 0x1f, 0xf5, 0xff, 0x50,

    /* U+002F "/" */
    0x0, 0x0, 0x6f, 0x50, 0x0, 0xb, 0xf1, 0x0,
    0x1, 0xfb, 0x0, 0x0, 0x5f, 0x60, 0x0, 0xa,
    0xf1, 0x0, 0x0, 0xfc, 0x0, 0x0, 0x5f, 0x70,
    0x0, 0xa, 0xf2, 0x0, 0x0, 0xfc, 0x0, 0x0,
    0x4f, 0x70, 0x0, 0x9, 0xf2, 0x0, 0x0, 0xed,
    0x0, 0x0, 0x3f, 0x80, 0x0, 0x0,

    /* U+0030 "0" */
    0x0, 0x19, 0xef, 0xe8, 0x0, 0x0, 0x2e, 0xfd,
    0xbe, 0xfc, 0x0, 0xb, 0xfa, 0x0, 0xc, 0xf8,
    0x2, 0xff, 0x10, 0x0, 0x4f, 0xf0, 0x5f, 0xd0,
    0x0, 0x0, 0xff, 0x26, 0xfc, 0x0, 0x0, 0xf,
    0xf3, 0x5f, 0xe0, 0x0, 0x0, 0xff, 0x21, 0xff,
    0x20, 0x0, 0x5f, 0xe0, 0xa, 0xfb, 0x0, 0x1d,
    0xf8, 0x0, 0x1e, 0xfe, 0xbe, 0xfc, 0x0, 0x0,
    0x19, 0xef, 0xd8, 0x0, 0x0,

    /* U+0031 "1" */
    0x0, 0x1d, 0xf3, 0x16, 0xef, 0xf3, 0xbf, 0xee,
    0xf3, 0x98, 0x1d, 0xf3, 0x0, 0xd, 0xf3, 0x0,
    0xd, 0xf3, 0x0, 0xd, 0xf3, 0x0, 0xd, 0xf3,
    0x0, 0xd, 0xf3, 0x0, 0xd, 0xf3, 0x0, 0xd,
    0xf3,

    /* U+0032 "2" */
    0x1, 0x9e, 0xfe, 0xa1, 0x0, 0xdf, 0xc9, 0xdf,
    0xd0, 0x6f, 0xc0, 0x0, 0xff, 0x43, 0x52, 0x0,
    0xd, 0xf6, 0x0, 0x0, 0x3, 0xff, 0x20, 0x0,
    0x1, 0xdf, 0xb0, 0x0, 0x1, 0xdf, 0xd1, 0x0,
    0x3, 0xef, 0xd1, 0x0, 0x6, 0xff, 0xb1, 0x0,
    0x6, 0xff, 0xf9, 0x99, 0x95, 0x8f, 0xff, 0xff,
    0xff, 0x90,

    /* U+0033 "3" */
    0x0, 0x8d, 0xff, 0xc4, 0x0, 0xbf, 0xd9, 0xcf,
    0xf3, 0x4f, 0xe0, 0x0, 0xcf, 0x71, 0x32, 0x0,
    0xd, 0xf3, 0x0, 0x6, 0x9c, 0xf6, 0x0, 0x0,
    0xaf, 0xff, 0xf3, 0x0, 0x0, 0x2, 0xdf, 0xa4,
    0x84, 0x0, 0x7, 0xfc, 0x5f, 0xd0, 0x0, 0x9f,
    0xa0, 0xcf, 0xe9, 0xcf, 0xf2, 0x0, 0x8d, 0xff,
    0xb3, 0x0,

    /* U+0034 "4" */
    0x0, 0x0, 0x4, 0xff, 0x30, 0x0, 0x0, 0x2e,
    0xff, 0x30, 0x0, 0x0, 0xdf, 0xff, 0x30, 0x0,
    0xa, 0xf9, 0xdf, 0x30, 0x0, 0x7f, 0xc0, 0xdf,
    0x30, 0x4, 0xfe, 0x10, 0xdf, 0x30, 0x2f, 0xf3,
    0x0, 0xdf, 0x30, 0x9f, 0xff, 0xff, 0xff, 0xf7,
    0x59, 0x99, 0x99, 0xff, 0xa4, 0x0, 0x0, 0x0,
    0xef, 0x30, 0x0, 0x0, 0x0, 0xef, 0x30,

    /* U+0035 "5" */
    0x6, 0xff, 0xff, 0xff, 0x10, 0x7f, 0xc9, 0x99,
    0x90, 0x9, 0xf6, 0x0, 0x0, 0x0, 0xaf, 0x51,
    0x10, 0x0, 0xc, 0xfe, 0xff, 0xe5, 0x0, 0xdf,
    0xa5, 0x8f, 0xf4, 0x2, 0x20, 0x0, 0x9f, 0xa1,
    0x21, 0x0, 0x7, 0xfc, 0x5f, 0xd0, 0x0, 0xbf,
    0xa0, 0xcf, 0xe9, 0xcf, 0xf2, 0x0, 0x8e, 0xff,
    0xb3, 0x0,

    /* U+0036 "6" */
    0x0, 0x2a, 0xef, 0xd7, 0x0, 0x2, 0xef, 0xb9,
    0xef, 0x90, 0xc, 0xf7, 0x0, 0x1f, 0xf1, 0x1f,
    0xf0, 0x0, 0x0, 0x0, 0x5f, 0xd5, 0xdf, 0xe9,
    0x10, 0x6f, 0xfe, 0x99, 0xef, 0xc0, 0x5f, 0xf2,
    0x0, 0x2f, 0xf3, 0x3f, 0xd0, 0x0, 0xd, 0xf5,
    0xe, 0xf3, 0x0, 0x2f, 0xf3, 0x4, 0xff, 0xaa,
    0xff, 0xb0, 0x0, 0x4b, 0xff, 0xd7, 0x0,

    /* U+0037 "7" */
    0x9f, 0xff, 0xff, 0xff, 0xa5, 0x99, 0x99, 0x9e,
    0xf8, 0x0, 0x0, 0x3, 0xfd, 0x0, 0x0, 0x0,
    0xdf, 0x40, 0x0, 0x0, 0x7f, 0xb0, 0x0, 0x0,
    0x1f, 0xf3, 0x0, 0x0, 0x6, 0xfc, 0x0, 0x0,
    0x0, 0xcf, 0x60, 0x0, 0x0, 0x1f, 0xf2, 0x0,
    0x0, 0x5, 0xfe, 0x0, 0x0, 0x0, 0x7f, 0xc0,
    0x0, 0x0,

    /* U+0038 "8" */
    0x1, 0x9e, 0xff, 0xc6, 0x0, 0xd, 0xfe, 0x9a,
    0xff, 0x60, 0x2f, 0xf2, 0x0, 0x8f, 0xb0, 0xd,
    0xf8, 0x23, 0xdf, 0x60, 0x2, 0xef, 0xff, 0xf9,
    0x0, 0xc, 0xfb, 0x57, 0xef, 0x60, 0x5f, 0xe0,
    0x0, 0x5f, 0xe0, 0x7f, 0xc0, 0x0, 0x3f, 0xf0,
    0x4f, 0xf1, 0x0, 0x8f, 0xe0, 0xc, 0xfe, 0xab,
    0xff, 0x50, 0x0, 0x8d, 0xff, 0xc4, 0x0,

    /* U+0039 "9" */
    0x1, 0x9e, 0xfe, 0xb3, 0x0, 0xd, 0xfe, 0x9b,
    0xff, 0x30, 0x6f, 0xf1, 0x0, 0x6f, 0xc0, 0x7f,
    0xd0, 0x0, 0x2f, 0xf1, 0x4f, 0xf6, 0x1, 0xaf,
    0xf3, 0x9, 0xff, 0xff, 0xdf, 0xf4, 0x0, 0x38,
    0x85, 0x1f, 0xf3, 0x27, 0x60, 0x0, 0x3f, 0xf0,
    0x1f, 0xf1, 0x0, 0x9f, 0xa0, 0x9, 0xfe, 0xac,
    0xfe, 0x20, 0x0, 0x7d, 0xfe, 0xa2, 0x0,

    /* U+003A ":" */
    0xff, 0x5f, 0xf5, 0x33, 0x10, 0x0, 0x0, 0x3,
    0x31, 0xff, 0x5f, 0xf5,

    /* U+003B ";" */
    0xff, 0x5f, 0xf5, 0x33, 0x10, 0x0, 0x0, 0x3,
    0x31, 0xff, 0x5f, 0xf5, 0xe, 0x2a, 0xa0, 0x40,
    0x0,

    /* U+003C "<" */
    0x0, 0x0, 0x1, 0x6a, 0x0, 0x16, 0xcf, 0xfb,
    0x1b, 0xff, 0xc7, 0x10, 0x2f, 0xfa, 0x30, 0x0,
    0x4, 0xaf, 0xfe, 0x93, 0x0, 0x0, 0x49, 0xed,
    0x0, 0x0, 0x0, 0x3,

    /* U+003D "=" */
    0x2f, 0xff, 0xff, 0xfd, 0x17, 0x77, 0x77, 0x76,
    0x2, 0x22, 0x22, 0x21, 0x2f, 0xff, 0xff, 0xfd,
    0x5, 0x55, 0x55, 0x54,

    /* U+003E ">" */
    0x29, 0x40, 0x0, 0x0, 0x1e, 0xfe, 0x94, 0x0,
    0x0, 0x39, 0xef, 0xf9, 0x0, 0x0, 0x4c, 0xfd,
    0x4, 0xae, 0xfe, 0x83, 0x2f, 0xe9, 0x30, 0x0,
    0x13, 0x0, 0x0, 0x0,

    /* U+003F "?" */
    0x0, 0x7d, 0xff, 0xc6, 0x0, 0xbf, 0xe9, 0xaf,
    0xf7, 0x4f, 0xd0, 0x0, 0x5f, 0xc1, 0x42, 0x0,
    0x7, 0xfb, 0x0, 0x0, 0x8, 0xfe, 0x30, 0x0,
    0xa, 0xfc, 0x20, 0x0, 0x1, 0xfe, 0x0, 0x0,
    0x0, 0x3, 0x30, 0x0, 0x0, 0x1, 0x33, 0x0,
    0x0, 0x0, 0x5f, 0xf0, 0x0, 0x0, 0x5, 0xff,
    0x0, 0x0,

    /* U+0040 "@" */
    0x0, 0x1, 0x7c, 0xef, 0xfd, 0x81, 0x0, 0x0,
    0x4e, 0xe8, 0x64, 0x47, 0xde, 0x30, 0x4, 0xf9,
    0x3d, 0xff, 0x6a, 0x6b, 0xe0, 0xd, 0xb1, 0xee,
    0x68, 0xff, 0x53, 0xf3, 0x3f, 0x37, 0xf6, 0x0,
    0xef, 0x12, 0xf4, 0x6f, 0xa, 0xf3, 0x0, 0xfc,
    0x5, 0xf1, 0x5f, 0x8, 0xf9, 0x18, 0xfa, 0x2e,
    0x80, 0x2f, 0x51, 0xdf, 0xf6, 0xdf, 0xf8, 0x0,
    0xb, 0xe2, 0x3, 0x10, 0x3, 0x10, 0x0, 0x1,
    0xcf, 0xa5, 0x44, 0x7c, 0x50, 0x0, 0x0, 0x5,
    0xbe, 0xff, 0xda, 0x30, 0x0,

    /* U+0041 "A" */
    0x0, 0x0, 0x8f, 0xf4, 0x0, 0x0, 0x0, 0x0,
    0xef, 0xfa, 0x0, 0x0, 0x0, 0x4, 0xf9, 0xef,
    0x0, 0x0, 0x0, 0xa, 0xf3, 0x9f, 0x60, 0x0,
    0x0, 0x1f, 0xd0, 0x3f, 0xc0, 0x0, 0x0, 0x6f,
    0x70, 0xd, 0xf2, 0x0, 0x0, 0xdf, 0xb9, 0x9d,
    0xf8, 0x0, 0x3, 0xff, 0xff, 0xff, 0xfe, 0x0,
    0x9, 0xf6, 0x0, 0x0, 0xcf, 0x50, 0xf, 0xf1,
    0x0, 0x0, 0x6f, 0xb0, 0x5f, 0xa0, 0x0, 0x0,
    0x1f, 0xf1,

    /* U+0042 "B" */
    0xf, 0xff, 0xff, 0xfc, 0x30, 0xf, 0xf8, 0x77,
    0xaf, 0xf2, 0xf, 0xf1, 0x0, 0xb, 0xf6, 0xf,
    0xf1, 0x0, 0xa, 0xf6, 0xf, 0xf3, 0x22, 0x5f,
    0xe1, 0xf, 0xff, 0xff, 0xff, 0x30, 0xf, 0xf6,
    0x55, 0x7e, 0xf3, 0xf, 0xf1, 0x0, 0x6, 0xfb,
    0xf, 0xf1, 0x0, 0x6, 0xfc, 0xf, 0xf8, 0x77,
    0x9f, 0xf6, 0xf, 0xff, 0xff, 0xfd, 0x60,

    /* U+0043 "C" */
    0x0, 0x6, 0xcf, 0xfe, 0x91, 0x0, 0x0, 0xbf,
    0xfb, 0xad, 0xfe, 0x30, 0x9, 0xfc, 0x10, 0x0,
    0x7f, 0xe0, 0x1f, 0xf2, 0x0, 0x0, 0xc, 0xf4,
    0x5f, 0xc0, 0x0, 0x0, 0x0, 0x10, 0x6f, 0xb0,
    0x0, 0x0, 0x0, 0x0, 0x5f, 0xd0, 0x0, 0x0,
    0x0, 0x10, 0x1f, 0xf2, 0x0, 0x0, 0xc, 0xf5,
    0x8, 0xfd, 0x20, 0x0, 0x7f, 0xe0, 0x0, 0xbf,
    0xfb, 0xad, 0xff, 0x30, 0x0, 0x5, 0xcf, 0xfe,
    0x91, 0x0,

    /* U+0044 "D" */
    0xf, 0xff, 0xff, 0xeb, 0x50, 0x0, 0xf, 0xfa,
    0x99, 0xcf, 0xfb, 0x0, 0xf, 0xf1, 0x0, 0x2,
    0xdf, 0xa0, 0xf, 0xf1, 0x0, 0x0, 0x1f, 0xf2,
    0xf, 0xf1, 0x0, 0x0, 0xb, 0xf6, 0xf, 0xf1,
    0x0, 0x0, 0xa, 0xf7, 0xf, 0xf1, 0x0, 0x0,
    0xc, 0xf6, 0xf, 0xf1, 0x0, 0x0, 0x2f, 0xf2,
    0xf, 0xf1, 0x0, 0x2, 0xdf, 0x90, 0xf, 0xfa,
    0x99, 0xcf, 0xfa, 0x0, 0xf, 0xff, 0xff, 0xeb,
    0x40, 0x0,

    /* U+0045 "E" */
    0xf, 0xff, 0xff, 0xff, 0xf1, 0xf, 0xfa, 0x99,
    0x99, 0x91, 0xf, 0xf1, 0x0, 0x0, 0x0, 0xf,
    0xf1, 0x0, 0x0, 0x0, 0xf, 0xf9, 0x99, 0x99,
    0x60, 0xf, 0xff, 0xff, 0xff, 0xb0, 0xf, 0xf1,
    0x0, 0x0, 0x0, 0xf, 0xf1, 0x0, 0x0, 0x0,
    0xf, 0xf1, 0x0, 0x0, 0x0, 0xf, 0xfa, 0x99,
    0x99, 0x92, 0xf, 0xff, 0xff, 0xff, 0xf4,

    /* U+0046 "F" */
    0xf, 0xff, 0xff, 0xff, 0xd0, 0xff, 0xa9, 0x99,
    0x98, 0xf, 0xf1, 0x0, 0x0, 0x0, 0xff, 0x10,
    0x0, 0x0, 0xf, 0xf1, 0x0, 0x0, 0x0, 0xff,
    0xff, 0xff, 0xf7, 0xf, 0xf9, 0x99, 0x99, 0x40,
    0xff, 0x10, 0x0, 0x0, 0xf, 0xf1, 0x0, 0x0,
    0x0, 0xff, 0x10, 0x0, 0x0, 0xf, 0xf1, 0x0,
    0x0, 0x0,

    /* U+0047 "G" */
    0x0, 0x6, 0xcf, 0xfe, 0x92, 0x0, 0x0, 0xbf,
    0xfb, 0xac, 0xff, 0x40, 0x9, 0xfc, 0x10, 0x0,
    0x5f, 0xf1, 0x1f, 0xf2, 0x0, 0x0, 0x7, 0x92,
    0x5f, 0xc0, 0x0, 0x0, 0x0, 0x0, 0x6f, 0xb0,
    0x0, 0x6f, 0xff, 0xf7, 0x5f, 0xc0, 0x0, 0x39,
    0x9d, 0xf7, 0x1f, 0xf2, 0x0, 0x0, 0xa, 0xf7,
    0x9, 0xfc, 0x10, 0x0, 0xc, 0xf7, 0x0, 0xbf,
    0xfb, 0xab, 0xef, 0xe2, 0x0, 0x6, 0xbe, 0xff,
    0xc7, 0x0,

    /* U+0048 "H" */
    0xf, 0xf1, 0x0, 0x0, 0x7f, 0x90, 0xff, 0x10,
    0x0, 0x7, 0xf9, 0xf, 0xf1, 0x0, 0x0, 0x7f,
    0x90, 0xff, 0x10, 0x0, 0x7, 0xf9, 0xf, 0xf9,
    0x99, 0x99, 0xcf, 0x90, 0xff, 0xff, 0xff, 0xff,
    0xf9, 0xf, 0xf1, 0x0, 0x0, 0x7f, 0x90, 0xff,
    0x10, 0x0, 0x7, 0xf9, 0xf, 0xf1, 0x0, 0x0,
    0x7f, 0x90, 0xff, 0x10, 0x0, 0x7, 0xf9, 0xf,
    0xf1, 0x0, 0x0, 0x7f, 0x90,

    /* U+0049 "I" */
    0xf, 0xf1, 0xf, 0xf1, 0xf, 0xf1, 0xf, 0xf1,
    0xf, 0xf1, 0xf, 0xf1, 0xf, 0xf1, 0xf, 0xf1,
    0xf, 0xf1, 0xf, 0xf1, 0xf, 0xf1,

    /* U+004A "J" */
    0x0, 0x3, 0xfe, 0x0, 0x3, 0xfe, 0x0, 0x3,
    0xfe, 0x0, 0x3, 0xfe, 0x0, 0x3, 0xfe, 0x0,
    0x3, 0xfe, 0x0, 0x3, 0xfe, 0x0, 0x3, 0xfe,
    0x0, 0x5, 0xfd, 0x9a, 0xaf, 0xf8, 0xaf, 0xfd,
    0x80,

    /* U+004B "K" */
    0xf, 0xf1, 0x0, 0x8, 0xff, 0x40, 0xf, 0xf1,
    0x0, 0x9f, 0xe3, 0x0, 0xf, 0xf1, 0x9, 0xfe,
    0x20, 0x0, 0xf, 0xf1, 0x9f, 0xe2, 0x0, 0x0,
    0xf, 0xfb, 0xfd, 0x10, 0x0, 0x0, 0xf, 0xff,
    0xf7, 0x0, 0x0, 0x0, 0xf, 0xf5, 0xff, 0x60,
    0x0, 0x0, 0xf, 0xf1, 0x4f, 0xf7, 0x0, 0x0,
    0xf, 0xf1, 0x4, 0xff, 0x70, 0x0, 0xf, 0xf1,
    0x0, 0x4f, 0xf8, 0x0, 0xf, 0xf1, 0x0, 0x5,
    0xff, 0x80,

    /* U+004C "L" */
    0xf, 0xf1, 0x0, 0x0, 0x0, 0xff, 0x10, 0x0,
    0x0, 0xf, 0xf1, 0x0, 0x0, 0x0, 0xff, 0x10,
    0x0, 0x0, 0xf, 0xf1, 0x0, 0x0, 0x0, 0xff,
    0x10, 0x0, 0x0, 0xf, 0xf1, 0x0, 0x0, 0x0,
    0xff, 0x10, 0x0, 0x0, 0xf, 0xf1, 0x0, 0x0,
    0x0, 0xff, 0xa9, 0x99, 0x97, 0xf, 0xff, 0xff,
    0xff, 0xb0,

    /* U+004D "M" */
    0xf, 0xff, 0x60, 0x0, 0x1, 0xff, 0xf6, 0xf,
    0xff, 0xb0, 0x0, 0x6, 0xff, 0xf6, 0xf, 0xfc,
    0xf1, 0x0, 0xb, 0xfb, 0xf6, 0xf, 0xf6, 0xf6,
    0x0, 0x1f, 0xba, 0xf6, 0xf, 0xf1, 0xfb, 0x0,
    0x5f, 0x5a, 0xf6, 0xf, 0xf0, 0xcf, 0x10, 0xbf,
    0x1a, 0xf6, 0xf, 0xf0, 0x7f, 0x60, 0xfb, 0xa,
    0xf6, 0xf, 0xf0, 0x2f, 0xb5, 0xf6, 0xa, 0xf6,
    0xf, 0xf0, 0xc, 0xfc, 0xf1, 0xa, 0xf6, 0xf,
    0xf0, 0x7, 0xff, 0xb0, 0xa, 0xf6, 0xf, 0xf0,
    0x2, 0xff, 0x60, 0xa, 0xf6,

    /* U+004E "N" */
    0xf, 0xfd, 0x0, 0x0, 0x6f, 0x90, 0xff, 0xf7,
    0x0, 0x6, 0xf9, 0xf, 0xfe, 0xf1, 0x0, 0x6f,
    0x90, 0xff, 0x6f, 0x90, 0x6, 0xf9, 0xf, 0xf0,
    0xcf, 0x30, 0x6f, 0x90, 0xff, 0x3, 0xfc, 0x6,
    0xf9, 0xf, 0xf0, 0x9, 0xf6, 0x6f, 0x90, 0xff,
    0x0, 0x1f, 0xe7, 0xf9, 0xf, 0xf0, 0x0, 0x6f,
    0xef, 0x90, 0xff, 0x0, 0x0, 0xdf, 0xf9, 0xf,
    0xf0, 0x0, 0x4, 0xff, 0x90,

    /* U+004F "O" */
    0x0, 0x5, 0xbf, 0xfe, 0xa3, 0x0, 0x0, 0xb,
    0xff, 0xba, 0xcf, 0xf7, 0x0, 0x9, 0xfc, 0x10,
    0x0, 0x4f, 0xf4, 0x1, 0xff, 0x20, 0x0, 0x0,
    0x7f, 0xc0, 0x5f, 0xc0, 0x0, 0x0, 0x1, 0xff,
    0x6, 0xfb, 0x0, 0x0, 0x0, 0xf, 0xf1, 0x4f,
    0xd0, 0x0, 0x0, 0x2, 0xff, 0x1, 0xff, 0x30,
    0x0, 0x0, 0x7f, 0xc0, 0x8, 0xfd, 0x20, 0x0,
    0x5f, 0xf4, 0x0, 0xa, 0xff, 0xba, 0xdf, 0xf6,
    0x0, 0x0, 0x5, 0xbf, 0xfe, 0xa3, 0x0, 0x0,

    /* U+0050 "P" */
    0xf, 0xff, 0xff, 0xfd, 0x70, 0x0, 0xff, 0xa9,
    0x9a, 0xef, 0xa0, 0xf, 0xf1, 0x0, 0x1, 0xff,
    0x10, 0xff, 0x10, 0x0, 0xe, 0xf2, 0xf, 0xf1,
    0x0, 0x7, 0xfe, 0x0, 0xff, 0xff, 0xff, 0xff,
    0x40, 0xf, 0xf9, 0x99, 0x86, 0x10, 0x0, 0xff,
    0x10, 0x0, 0x0, 0x0, 0xf, 0xf1, 0x0, 0x0,
    0x0, 0x0, 0xff, 0x10, 0x0, 0x0, 0x0, 0xf,
    0xf1, 0x0, 0x0, 0x0, 0x0,

    /* U+0051 "Q" */
    0x0, 0x5, 0xbf, 0xfe, 0xa3, 0x0, 0x0, 0xb,
    0xff, 0xba, 0xcf, 0xf7, 0x0, 0x9, 0xfc, 0x10,
    0x0, 0x4f, 0xf4, 0x1, 0xff, 0x20, 0x0, 0x0,
    0x7f, 0xc0, 0x5f, 0xc0, 0x0, 0x0, 0x1, 0xff,
    0x6, 0xfb, 0x0, 0x0, 0x0, 0xf, 0xf1, 0x5f,
    0xd0, 0x0, 0x0, 0x1, 0xff, 0x1, 0xff, 0x20,
    0x0, 0x0, 0x7f, 0xb0, 0x8, 0xfc, 0x10, 0x0,
    0x4f, 0xf2, 0x0, 0xa, 0xff, 0xa9, 0xcf, 0xfc,
    0x95, 0x0, 0x5, 0xbe, 0xff, 0xff, 0xff, 0xa0,

    /* U+0052 "R" */
    0x1f, 0xff, 0xff, 0xfb, 0x40, 0x1, 0xff, 0x99,
    0x9b, 0xff, 0x40, 0x1f, 0xf0, 0x0, 0x6, 0xfb,
    0x1, 0xff, 0x0, 0x0, 0x3f, 0xd0, 0x1f, 0xf0,
    0x0, 0x1b, 0xf9, 0x1, 0xff, 0xff, 0xff, 0xfc,
    0x10, 0x1f, 0xfb, 0xff, 0x84, 0x0, 0x1, 0xff,
    0xb, 0xfb, 0x0, 0x0, 0x1f, 0xf0, 0xc, 0xfc,
    0x0, 0x1, 0xff, 0x0, 0x1d, 0xfc, 0x10, 0x1f,
    0xf0, 0x0, 0x1d, 0xfd, 0x10,

    /* U+0053 "S" */
    0x0, 0x5c, 0xff, 0xd8, 0x0, 0x7, 0xfe, 0x99,
    0xdf, 0xc0, 0xe, 0xf2, 0x0, 0xc, 0xf5, 0xe,
    0xf5, 0x0, 0x1, 0x31, 0x7, 0xff, 0xc8, 0x30,
    0x0, 0x0, 0x5c, 0xff, 0xfe, 0x60, 0x0, 0x0,
    0x16, 0xaf, 0xf6, 0x49, 0x50, 0x0, 0x6, 0xfb,
    0x3f, 0xe1, 0x0, 0x6, 0xfa, 0x9, 0xff, 0xa8,
    0xaf, 0xf4, 0x0, 0x5b, 0xff, 0xeb, 0x30,

    /* U+0054 "T" */
    0x8f, 0xff, 0xff, 0xff, 0xff, 0x25, 0x99, 0x9e,
    0xfb, 0x99, 0x91, 0x0, 0x0, 0xbf, 0x50, 0x0,
    0x0, 0x0, 0xb, 0xf5, 0x0, 0x0, 0x0, 0x0,
    0xbf, 0x50, 0x0, 0x0, 0x0, 0xb, 0xf5, 0x0,
    0x0, 0x0, 0x0, 0xbf, 0x50, 0x0, 0x0, 0x0,
    0xb, 0xf5, 0x0, 0x0, 0x0, 0x0, 0xbf, 0x50,
    0x0, 0x0, 0x0, 0xb, 0xf5, 0x0, 0x0, 0x0,
    0x0, 0xbf, 0x50, 0x0, 0x0,

    /* U+0055 "U" */
    0x2f, 0xf0, 0x0, 0x0, 0xbf, 0x62, 0xff, 0x0,
    0x0, 0xb, 0xf6, 0x2f, 0xf0, 0x0, 0x0, 0xbf,
    0x62, 0xff, 0x0, 0x0, 0xb, 0xf6, 0x2f, 0xf0,
    0x0, 0x0, 0xbf, 0x62, 0xff, 0x0, 0x0, 0xb,
    0xf6, 0x1f, 0xf0, 0x0, 0x0, 0xbf, 0x60, 0xff,
    0x10, 0x0, 0xd, 0xf4, 0xb, 0xf9, 0x0, 0x5,
    0xfe, 0x0, 0x2f, 0xfd, 0xac, 0xff, 0x50, 0x0,
    0x2a, 0xef, 0xfb, 0x40, 0x0,

    /* U+0056 "V" */
    0x5f, 0xc0, 0x0, 0x0, 0xf, 0xf1, 0xf, 0xf2,
    0x0, 0x0, 0x5f, 0xb0, 0x9, 0xf8, 0x0, 0x0,
    0xbf, 0x50, 0x3, 0xfe, 0x0, 0x1, 0xfe, 0x0,
    0x0, 0xdf, 0x40, 0x6, 0xf8, 0x0, 0x0, 0x6f,
    0x90, 0xc, 0xf2, 0x0, 0x0, 0x1f, 0xf0, 0x2f,
    0xc0, 0x0, 0x0, 0xa, 0xf5, 0x7f, 0x60, 0x0,
    0x0, 0x4, 0xfb, 0xdf, 0x0, 0x0, 0x0, 0x0,
    0xef, 0xfa, 0x0, 0x0, 0x0, 0x0, 0x8f, 0xf4,
    0x0, 0x0,

    /* U+0057 "W" */
    0x3f, 0xd0, 0x0, 0x9, 0xff, 0x10, 0x0, 0x6f,
    0x90, 0xef, 0x20, 0x0, 0xdf, 0xf5, 0x0, 0xa,
    0xf5, 0x9, 0xf6, 0x0, 0x1f, 0xcf, 0x90, 0x0,
    0xef, 0x0, 0x5f, 0xb0, 0x5, 0xf5, 0xed, 0x0,
    0x3f, 0xb0, 0x0, 0xff, 0x0, 0x9f, 0xa, 0xf1,
    0x8, 0xf6, 0x0, 0xb, 0xf4, 0xe, 0xc0, 0x5f,
    0x50, 0xcf, 0x10, 0x0, 0x6f, 0x82, 0xf8, 0x1,
    0xf9, 0x1f, 0xc0, 0x0, 0x1, 0xfd, 0x6f, 0x30,
    0xd, 0xd5, 0xf8, 0x0, 0x0, 0xd, 0xfc, 0xf0,
    0x0, 0x9f, 0xbf, 0x30, 0x0, 0x0, 0x8f, 0xfb,
    0x0, 0x4, 0xff, 0xe0, 0x0, 0x0, 0x3, 0xff,
    0x60, 0x0, 0xf, 0xf9, 0x0, 0x0,

    /* U+0058 "X" */
    0xe, 0xf7, 0x0, 0x0, 0xaf, 0x80, 0x3f, 0xf2,
    0x0, 0x6f, 0xb0, 0x0, 0x8f, 0xd0, 0x2f, 0xe1,
    0x0, 0x0, 0xcf, 0x8c, 0xf4, 0x0, 0x0, 0x2,
    0xff, 0xf7, 0x0, 0x0, 0x0, 0x9, 0xff, 0x10,
    0x0, 0x0, 0x3, 0xff, 0xfa, 0x0, 0x0, 0x1,
    0xef, 0x3e, 0xf5, 0x0, 0x0, 0xbf, 0x60, 0x4f,
    0xf2, 0x0, 0x7f, 0xa0, 0x0, 0x9f, 0xc0, 0x3f,
    0xe1, 0x0, 0x0, 0xdf, 0x80,

    /* U+0059 "Y" */
    0x6f, 0xf1, 0x0, 0x0, 0xaf, 0x90, 0xbf, 0xb0,
    0x0, 0x4f, 0xe0, 0x2, 0xff, 0x50, 0xd, 0xf4,
    0x0, 0x6, 0xfe, 0x8, 0xf9, 0x0, 0x0, 0xb,
    0xfa, 0xfd, 0x0, 0x0, 0x0, 0x1e, 0xff, 0x30,
    0x0, 0x0, 0x0, 0x7f, 0xb0, 0x0, 0x0, 0x0,
    0x7, 0xfa, 0x0, 0x0, 0x0, 0x0, 0x7f, 0xa0,
    0x0, 0x0, 0x0, 0x7, 0xfa, 0x0, 0x0, 0x0,
    0x0, 0x7f, 0xa0, 0x0, 0x0,

    /* U+005A "Z" */
    0x1f, 0xff, 0xff, 0xff, 0xf5, 0x9, 0x99, 0x99,
    0xcf, 0xf3, 0x0, 0x0, 0x1, 0xef, 0x80, 0x0,
    0x0, 0xb, 0xfc, 0x0, 0x0, 0x0, 0x7f, 0xe1,
    0x0, 0x0, 0x3, 0xff, 0x40, 0x0, 0x0, 0x1e,
    0xf9, 0x0, 0x0, 0x0, 0xbf, 0xc0, 0x0, 0x0,
    0x6, 0xff, 0x20, 0x0, 0x0, 0x2f, 0xfd, 0x99,
    0x99, 0x94, 0x4f, 0xff, 0xff, 0xff, 0xf6,

    /* U+005B "[" */
    0xaf, 0xff, 0xf2, 0xaf, 0xa8, 0x81, 0xaf, 0x40,
    0x0, 0xaf, 0x40, 0x0, 0xaf, 0x40, 0x0, 0xaf,
    0x40, 0x0, 0xaf, 0x40, 0x0, 0xaf, 0x40, 0x0,
    0xaf, 0x40, 0x0, 0xaf, 0x40, 0x0, 0xaf, 0x40,
    0x0, 0xaf, 0xa8, 0x81, 0xaf, 0xff, 0xf2,

    /* U+005C "\\" */
    0x3f, 0x80, 0x0, 0x0, 0xed, 0x0, 0x0, 0x9,
    0xf2, 0x0, 0x0, 0x4f, 0x70, 0x0, 0x0, 0xfc,
    0x0, 0x0, 0xa, 0xf2, 0x0, 0x0, 0x5f, 0x70,
    0x0, 0x0, 0xfc, 0x0, 0x0, 0xa, 0xf1, 0x0,
    0x0, 0x5f, 0x60, 0x0, 0x1, 0xfb, 0x0, 0x0,
    0xb, 0xf1, 0x0, 0x0, 0x6f, 0x50,

    /* U+005D "]" */
    0x2f, 0xff, 0xfb, 0x18, 0x8a, 0xfb, 0x0, 0x3,
    0xfb, 0x0, 0x3, 0xfb, 0x0, 0x3, 0xfb, 0x0,
    0x3, 0xfb, 0x0, 0x3, 0xfb, 0x0, 0x3, 0xfb,
    0x0, 0x3, 0xfb, 0x0, 0x3, 0xfb, 0x0, 0x3,
    0xfb, 0x18, 0x8a, 0xfb, 0x2f, 0xff, 0xfb,

    /* U+005E "^" */
    0x0, 0xcf, 0x80, 0x0, 0x6f, 0xff, 0x20, 0x1f,
    0xc2, 0xeb, 0xa, 0xe1, 0x4, 0xf5,

    /* U+005F "_" */
    0x22, 0x22, 0x22, 0x21, 0xff, 0xff, 0xff, 0xf7,
    0x55, 0x55, 0x55, 0x52,

    /* U+0060 "`" */
    0x5, 0x65, 0x0, 0x2, 0xef, 0x50, 0x0, 0x2d,
    0xf1,

    /* U+0061 "a" */
    0x1, 0x9e, 0xfe, 0x90, 0x0, 0xcf, 0xa7, 0xcf,
    0xa0, 0x7, 0x60, 0x1, 0xfe, 0x0, 0x5, 0x9b,
    0xef, 0xf0, 0xc, 0xfc, 0x86, 0xff, 0x4, 0xfb,
    0x0, 0x2f, 0xf0, 0x3f, 0xe6, 0x6c, 0xff, 0x0,
    0x7e, 0xfd, 0x4e, 0xf1,

    /* U+0062 "b" */
    0xef, 0x10, 0x0, 0x0, 0xe, 0xf1, 0x0, 0x0,
    0x0, 0xef, 0x10, 0x0, 0x0, 0xe, 0xf4, 0xcf,
    0xfa, 0x10, 0xef, 0xfb, 0x9e, 0xfc, 0xe, 0xf7,
    0x0, 0x1f, 0xf3, 0xef, 0x10, 0x0, 0xbf, 0x6e,
    0xf1, 0x0, 0xb, 0xf6, 0xef, 0x70, 0x1, 0xff,
    0x3e, 0xfe, 0xba, 0xef, 0xb0, 0xef, 0x4c, 0xfe,
    0x90, 0x0,

    /* U+0063 "c" */
    0x0, 0x8d, 0xfe, 0x91, 0x0, 0xbf, 0xd9, 0xbf,
    0xd0, 0x4f, 0xe0, 0x0, 0x9d, 0x48, 0xf9, 0x0,
    0x0, 0x0, 0x8f, 0x90, 0x0, 0x0, 0x4, 0xfe,
    0x10, 0x9, 0xd4, 0xb, 0xfd, 0x9b, 0xfd, 0x0,
    0x8, 0xdf, 0xe9, 0x10,

    /* U+0064 "d" */
    0x0, 0x0, 0x0, 0x2f, 0xd0, 0x0, 0x0, 0x2,
    0xfd, 0x0, 0x0, 0x0, 0x2f, 0xd0, 0x19, 0xef,
    0xc5, 0xfd, 0xc, 0xfe, 0xab, 0xff, 0xd4, 0xfe,
    0x10, 0x8, 0xfd, 0x7f, 0xa0, 0x0, 0x2f, 0xd7,
    0xfa, 0x0, 0x2, 0xfd, 0x4f, 0xe1, 0x0, 0x8f,
    0xd0, 0xdf, 0xea, 0xbf, 0xfd, 0x1, 0xaf, 0xfb,
    0x4f, 0xd0,

    /* U+0065 "e" */
    0x0, 0x7d, 0xfe, 0xa2, 0x0, 0xbf, 0xc7, 0x9f,
    0xe2, 0x4f, 0xd1, 0x11, 0x8f, 0x88, 0xff, 0xff,
    0xff, 0xfb, 0x8f, 0xa4, 0x44, 0x44, 0x24, 0xfc,
    0x0, 0x4, 0x83, 0xb, 0xfc, 0x89, 0xfd, 0x0,
    0x7, 0xdf, 0xea, 0x10,

    /* U+0066 "f" */
    0x0, 0x5d, 0xfa, 0x1, 0xff, 0xa6, 0x4, 0xfc,
    0x0, 0xcf, 0xff, 0xf8, 0x6a, 0xfe, 0x84, 0x4,
    0xfb, 0x0, 0x4, 0xfb, 0x0, 0x4, 0xfb, 0x0,
    0x4, 0xfb, 0x0, 0x4, 0xfb, 0x0, 0x4, 0xfb,
    0x0,

    /* U+0067 "g" */
    0x1, 0x9e, 0xfc, 0x4f, 0xd0, 0xcf, 0xd9, 0xae,
    0xfd, 0x4f, 0xe1, 0x0, 0x8f, 0xd7, 0xfa, 0x0,
    0x2, 0xfd, 0x7f, 0xa0, 0x0, 0x2f, 0xd4, 0xfe,
    0x10, 0x8, 0xfd, 0xc, 0xfd, 0x9a, 0xef, 0xd0,
    0x1a, 0xff, 0xb5, 0xfd, 0x5, 0x40, 0x0, 0x6f,
    0xb0, 0xdf, 0xda, 0xcf, 0xf3, 0x1, 0x9e, 0xfe,
    0xb3, 0x0,

    /* U+0068 "h" */
    0xef, 0x10, 0x0, 0x0, 0xef, 0x10, 0x0, 0x0,
    0xef, 0x10, 0x0, 0x0, 0xef, 0x3a, 0xff, 0xa1,
    0xef, 0xeb, 0x9e, 0xf9, 0xef, 0x80, 0x4, 0xfd,
    0xef, 0x20, 0x3, 0xfd, 0xef, 0x10, 0x3, 0xfd,
    0xef, 0x10, 0x3, 0xfd, 0xef, 0x10, 0x3, 0xfd,
    0xef, 0x10, 0x3, 0xfd,

    /* U+0069 "i" */
    0xf, 0xf2, 0xf, 0xf2, 0x2, 0x20, 0xe, 0xf1,
    0xe, 0xf1, 0xe, 0xf1, 0xe, 0xf1, 0xe, 0xf1,
    0xe, 0xf1, 0xe, 0xf1, 0xe, 0xf1,

    /* U+006A "j" */
    0x0, 0xff, 0x20, 0xf, 0xf2, 0x0, 0x22, 0x0,
    0xe, 0xf1, 0x0, 0xef, 0x10, 0xe, 0xf1, 0x0,
    0xef, 0x10, 0xe, 0xf1, 0x0, 0xef, 0x10, 0xe,
    0xf1, 0x0, 0xef, 0x10, 0xe, 0xf1, 0x4a, 0xff,
    0x7, 0xfd, 0x50,

    /* U+006B "k" */
    0xef, 0x10, 0x0, 0x0, 0xef, 0x10, 0x0, 0x0,
    0xef, 0x10, 0x0, 0x0, 0xef, 0x10, 0x4f, 0xf3,
    0xef, 0x13, 0xff, 0x30, 0xef, 0x4f, 0xf3, 0x0,
    0xef, 0xff, 0x40, 0x0, 0xef, 0xdf, 0x90, 0x0,
    0xef, 0x2d, 0xf7, 0x0, 0xef, 0x11, 0xef, 0x60,
    0xef, 0x10, 0x2e, 0xf5,

    /* U+006C "l" */
    0xef, 0x1e, 0xf1, 0xef, 0x1e, 0xf1, 0xef, 0x1e,
    0xf1, 0xef, 0x1e, 0xf1, 0xef, 0x1e, 0xf1, 0xef,
    0x10,

    /* U+006D "m" */
    0xef, 0x2b, 0xfe, 0x90, 0x8e, 0xfc, 0x30, 0xef,
    0xd9, 0x7e, 0xfd, 0xc7, 0xbf, 0xd0, 0xef, 0x60,
    0x7, 0xfd, 0x0, 0xf, 0xf1, 0xef, 0x20, 0x7,
    0xfa, 0x0, 0xf, 0xf1, 0xef, 0x10, 0x7, 0xf9,
    0x0, 0xf, 0xf1, 0xef, 0x10, 0x7, 0xf9, 0x0,
    0xf, 0xf1, 0xef, 0x10, 0x7, 0xf9, 0x0, 0xf,
    0xf1, 0xef, 0x10, 0x7, 0xf9, 0x0, 0xf, 0xf1,

    /* U+006E "n" */
    0xef, 0x2b, 0xff, 0xa1, 0xef, 0xe9, 0x7d, 0xf9,
    0xef, 0x60, 0x4, 0xfd, 0xef, 0x20, 0x3, 0xfd,
    0xef, 0x10, 0x3, 0xfd, 0xef, 0x10, 0x3, 0xfd,
    0xef, 0x10, 0x3, 0xfd, 0xef, 0x10, 0x3, 0xfd,

    /* U+006F "o" */
    0x0, 0x7d, 0xff, 0xb3, 0x0, 0xb, 0xfe, 0x9a,
    0xff, 0x40, 0x4f, 0xe1, 0x0, 0x6f, 0xd0, 0x8f,
    0x90, 0x0, 0xf, 0xf1, 0x8f, 0x90, 0x0, 0xf,
    0xf1, 0x4f, 0xe1, 0x0, 0x7f, 0xd0, 0xb, 0xfe,
    0x9b, 0xff, 0x40, 0x0, 0x7d, 0xff, 0xb3, 0x0,

    /* U+0070 "p" */
    0xef, 0x4c, 0xff, 0xa1, 0xe, 0xff, 0x97, 0xdf,
    0xc0, 0xef, 0x60, 0x1, 0xef, 0x3e, 0xf1, 0x0,
    0xb, 0xf6, 0xef, 0x10, 0x0, 0xbf, 0x6e, 0xf8,
    0x0, 0x2f, 0xf3, 0xef, 0xfb, 0xae, 0xfb, 0xe,
    0xf4, 0xcf, 0xe9, 0x0, 0xef, 0x10, 0x0, 0x0,
    0xe, 0xf1, 0x0, 0x0, 0x0, 0xef, 0x10, 0x0,
    0x0, 0x0,

    /* U+0071 "q" */
    0x1, 0x9e, 0xfc, 0x4f, 0xd0, 0xcf, 0xea, 0xbe,
    0xfd, 0x4f, 0xe1, 0x0, 0x8f, 0xd7, 0xfa, 0x0,
    0x2, 0xfd, 0x7f, 0x90, 0x0, 0x2f, 0xd4, 0xfe,
    0x10, 0x8, 0xfd, 0xd, 0xfe, 0xab, 0xff, 0xd0,
    0x1a, 0xff, 0xb5, 0xfd, 0x0, 0x0, 0x0, 0x2f,
    0xd0, 0x0, 0x0, 0x2, 0xfd, 0x0, 0x0, 0x0,
    0x2f, 0xd0,

    /* U+0072 "r" */
    0x0, 0x0, 0xe, 0xf4, 0xdf, 0xef, 0xed, 0xbe,
    0xf7, 0x0, 0xef, 0x20, 0xe, 0xf1, 0x0, 0xef,
    0x10, 0xe, 0xf1, 0x0, 0xef, 0x10, 0x0,

    /* U+0073 "s" */
    0x4, 0xcf, 0xfc, 0x50, 0x1f, 0xe6, 0x6d, 0xf3,
    0x3f, 0xc1, 0x2, 0x42, 0xc, 0xff, 0xd9, 0x20,
    0x0, 0x59, 0xdf, 0xf3, 0x59, 0x20, 0x5, 0xf9,
    0x4f, 0xd7, 0x6b, 0xf6, 0x4, 0xcf, 0xfd, 0x70,

    /* U+0074 "t" */
    0x0, 0x4, 0x0, 0x0, 0x2f, 0xd0, 0x0, 0x3,
    0xfd, 0x0, 0xc, 0xff, 0xff, 0xf1, 0x6a, 0xfe,
    0x88, 0x0, 0x3f, 0xd0, 0x0, 0x3, 0xfd, 0x0,
    0x0, 0x3f, 0xd0, 0x0, 0x2, 0xfe, 0x0, 0x0,
    0xf, 0xfb, 0x90, 0x0, 0x4d, 0xfe, 0x0,

    /* U+0075 "u" */
    0xf, 0xf0, 0x0, 0x7f, 0x90, 0xff, 0x0, 0x7,
    0xf9, 0xf, 0xf0, 0x0, 0x7f, 0x90, 0xff, 0x0,
    0x7, 0xf9, 0xf, 0xf0, 0x0, 0x7f, 0x90, 0xff,
    0x10, 0xd, 0xf9, 0xc, 0xfd, 0x9d, 0xef, 0x90,
    0x2c, 0xfe, 0x86, 0xf9,

    /* U+0076 "v" */
    0xbf, 0x60, 0x0, 0xcf, 0x44, 0xfc, 0x0, 0x2f,
    0xe0, 0xe, 0xf2, 0x7, 0xf7, 0x0, 0x7f, 0x70,
    0xdf, 0x10, 0x1, 0xfd, 0x3f, 0xa0, 0x0, 0xa,
    0xfb, 0xf4, 0x0, 0x0, 0x4f, 0xfd, 0x0, 0x0,
    0x0, 0xdf, 0x70, 0x0,

    /* U+0077 "w" */
    0x9f, 0x80, 0xa, 0xf7, 0x0, 0xaf, 0x64, 0xfb,
    0x0, 0xef, 0xc0, 0xe, 0xf1, 0xf, 0xf0, 0x3f,
    0xdf, 0x12, 0xfc, 0x0, 0xaf, 0x38, 0xf4, 0xf6,
    0x5f, 0x70, 0x5, 0xf7, 0xdb, 0xe, 0xb9, 0xf2,
    0x0, 0xf, 0xdf, 0x60, 0x9f, 0xed, 0x0, 0x0,
    0xbf, 0xf1, 0x4, 0xff, 0x80, 0x0, 0x6, 0xfc,
    0x0, 0xf, 0xf3, 0x0,

    /* U+0078 "x" */
    0xd, 0xf6, 0x0, 0xbf, 0x70, 0x2f, 0xf2, 0x7f,
    0xa0, 0x0, 0x5f, 0xdf, 0xd0, 0x0, 0x0, 0x9f,
    0xf2, 0x0, 0x0, 0xc, 0xff, 0x40, 0x0, 0x9,
    0xf9, 0xfe, 0x10, 0x6, 0xfc, 0x6, 0xfc, 0x3,
    0xfe, 0x10, 0xa, 0xf9,

    /* U+0079 "y" */
    0xbf, 0x70, 0x0, 0xdf, 0x44, 0xfd, 0x0, 0x3f,
    0xd0, 0xd, 0xf4, 0x9, 0xf6, 0x0, 0x6f, 0xa0,
    0xfe, 0x0, 0x0, 0xff, 0x7f, 0x80, 0x0, 0x9,
    0xff, 0xf1, 0x0, 0x0, 0x2f, 0xfa, 0x0, 0x0,
    0x0, 0xdf, 0x20, 0x0, 0x0, 0x4f, 0xb0, 0x0,
    0x0, 0xb, 0xf4, 0x0, 0x0, 0x3, 0xfd, 0x0,
    0x0, 0x0,

    /* U+007A "z" */
    0x1f, 0xff, 0xff, 0xf7, 0x8, 0x88, 0xbf, 0xf4,
    0x0, 0x1, 0xdf, 0x80, 0x0, 0xb, 0xfb, 0x0,
    0x0, 0x8f, 0xd1, 0x0, 0x5, 0xff, 0x20, 0x0,
    0x2f, 0xfc, 0x88, 0x84, 0x4f, 0xff, 0xff, 0xf8,

    /* U+007B "{" */
    0x0, 0x5d, 0xff, 0x20, 0xf, 0xf9, 0x81, 0x0,
    0xfd, 0x0, 0x0, 0xe, 0xf0, 0x0, 0x0, 0xbf,
    0x30, 0x0, 0xc, 0xf3, 0x0, 0x7f, 0xf8, 0x0,
    0x4, 0x9f, 0xe1, 0x0, 0x0, 0xaf, 0x40, 0x0,
    0xc, 0xf1, 0x0, 0x0, 0xfd, 0x0, 0x0, 0xf,
    0xf9, 0x81, 0x0, 0x5d, 0xff, 0x20,

    /* U+007C "|" */
    0x2, 0x20, 0xfc, 0xf, 0xc0, 0xfc, 0xf, 0xc0,
    0xfc, 0xf, 0xc0, 0xfc, 0xf, 0xc0, 0xfc, 0xf,
    0xc0, 0xfc, 0xf, 0xc0, 0xfc, 0xf, 0xc0,

    /* U+007D "}" */
    0x2f, 0xfd, 0x50, 0x1, 0x89, 0xff, 0x0, 0x0,
    0xc, 0xf1, 0x0, 0x0, 0xfe, 0x0, 0x0, 0x3f,
    0xb0, 0x0, 0x2, 0xfc, 0x0, 0x0, 0x7, 0xff,
    0x80, 0x1, 0xef, 0x94, 0x0, 0x3f, 0xa0, 0x0,
    0x0, 0xfd, 0x0, 0x0, 0xc, 0xf1, 0x1, 0x89,
    0xff, 0x10, 0x2f, 0xfd, 0x50, 0x0,

    /* U+007E "~" */
    0x0, 0x10, 0x0, 0x1, 0x14, 0xef, 0xfd, 0x99,
    0xf8, 0xdb, 0x47, 0xbf, 0xfb, 0x10,

    /* U+00A0 " " */

    /* U+00A1 "¡" */
    0xcf, 0x8c, 0xf8, 0x23, 0x10, 0x10, 0x7f, 0x38,
    0xf3, 0x9f, 0x49, 0xf5, 0xaf, 0x5b, 0xf6, 0xbf,
    0x70,

    /* U+00A2 "¢" */
    0x0, 0x1, 0x83, 0x0, 0x0, 0x0, 0x3f, 0x70,
    0x0, 0x0, 0x8e, 0xfe, 0x91, 0x0, 0xbf, 0xd9,
    0xbf, 0xd0, 0x4f, 0xe0, 0x0, 0x9d, 0x48, 0xf9,
    0x0, 0x0, 0x0, 0x8f, 0x90, 0x0, 0x0, 0x4,
    0xfe, 0x10, 0x9, 0xd4, 0xb, 0xfd, 0x9c, 0xfd,
    0x0, 0x8, 0xef, 0xe9, 0x10, 0x0, 0x3, 0xf7,
    0x0, 0x0, 0x0, 0x18, 0x30, 0x0,

    /* U+00A3 "£" */
    0x0, 0x8d, 0xff, 0xb4, 0x0, 0xb, 0xfe, 0x9a,
    0xff, 0x50, 0x2f, 0xf1, 0x0, 0x3f, 0xd0, 0x3f,
    0xd0, 0x0, 0x3, 0x40, 0xe, 0xf3, 0x0, 0x0,
    0x0, 0xcf, 0xff, 0xff, 0xf6, 0x0, 0x8a, 0xff,
    0xaa, 0xa4, 0x0, 0x3, 0xfc, 0x0, 0x0, 0x0,
    0xa, 0xf6, 0x0, 0x0, 0x0, 0x3f, 0xfa, 0xaa,
    0xaa, 0x60, 0x5f, 0xff, 0xff, 0xff, 0xa0,

    /* U+00A5 "¥" */
    0x7f, 0xf1, 0x0, 0x9, 0xfb, 0xd, 0xf8, 0x0,
    0x2f, 0xf2, 0x4, 0xff, 0x10, 0xaf, 0x70, 0x1,
    0xbf, 0xa2, 0xfe, 0x10, 0x4f, 0xff, 0xfd, 0xff,
    0xf8, 0x15, 0x59, 0xff, 0xc5, 0x52, 0x4f, 0xff,
    0xff, 0xff, 0xf8, 0x14, 0x44, 0xff, 0x64, 0x42,
    0x0, 0x0, 0xef, 0x20, 0x0, 0x0, 0x0, 0xef,
    0x20, 0x0, 0x0, 0x0, 0xef, 0x20, 0x0,

    /* U+00A7 "§" */
    0x2, 0xbf, 0xfe, 0x80, 0xd, 0xf8, 0x6b, 0xf8,
    0xf, 0xe0, 0x0, 0x11, 0xc, 0xff, 0xb8, 0x20,
    0x5f, 0xbb, 0xef, 0xf5, 0x7f, 0x60, 0x4, 0xfc,
    0x2f, 0xfc, 0x85, 0xfb, 0x3, 0xbe, 0xff, 0xf3,
    0x0, 0x0, 0x3c, 0xf4, 0x3d, 0xa2, 0x2b, 0xf3,
    0x9, 0xff, 0xff, 0x90, 0x0, 0x14, 0x41, 0x0,

    /* U+00A8 "¨" */
    0x2, 0x20, 0x2, 0x20, 0xff, 0x25, 0xfd, 0xf,
    0xf2, 0x5f, 0xd0,

    /* U+00A9 "©" */
    0x0, 0x1, 0x8c, 0xdd, 0x93, 0x0, 0x0, 0x5,
    0xd6, 0x0, 0x5, 0xd7, 0x0, 0x4, 0xd1, 0x0,
    0x0, 0x0, 0xb6, 0x0, 0xd3, 0x3, 0xbe, 0xc6,
    0x1, 0xe1, 0x3c, 0x3, 0xf6, 0x14, 0xe6, 0x9,
    0x66, 0x80, 0x9a, 0x0, 0x3, 0x40, 0x69, 0x68,
    0xa, 0xa0, 0x0, 0x12, 0x6, 0x93, 0xc0, 0x4f,
    0x40, 0x1d, 0x80, 0x96, 0xd, 0x30, 0x6e, 0xef,
    0x90, 0x1e, 0x10, 0x4d, 0x10, 0x1, 0x0, 0xc,
    0x60, 0x0, 0x5e, 0x61, 0x0, 0x5d, 0x70, 0x0,
    0x0, 0x18, 0xcd, 0xd9, 0x30, 0x0,

    /* U+00AA "ª" */
    0x4, 0xaa, 0x30, 0x1d, 0x9b, 0xf0, 0x5, 0xad,
    0xf1, 0x3f, 0x68, 0xf1, 0x4f, 0xdd, 0xf2, 0x4,
    0x51, 0x51,

    /* U+00AB "«" */
    0x0, 0x3a, 0x63, 0xa6, 0x1, 0xee, 0x2e, 0xe1,
    0xb, 0xf4, 0xbf, 0x40, 0x1e, 0xf2, 0xef, 0x10,
    0x4, 0xfb, 0x4f, 0xb0, 0x0, 0x8f, 0x78, 0xf7,

    /* U+00AE "®" */
    0x0, 0x1, 0x8c, 0xdd, 0x93, 0x0, 0x0, 0x5,
    0xd6, 0x0, 0x5, 0xd7, 0x0, 0x4, 0xd1, 0x0,
    0x0, 0x0, 0xb6, 0x0, 0xd3, 0xe, 0xff, 0xfa,
    0x1, 0xe1, 0x3c, 0x0, 0xe5, 0x1, 0xf5, 0x9,
    0x66, 0x80, 0xe, 0x50, 0x1e, 0x30, 0x69, 0x68,
    0x0, 0xef, 0xff, 0xd0, 0x6, 0x93, 0xc0, 0xe,
    0x50, 0x2f, 0x40, 0x96, 0xd, 0x30, 0xe5, 0x0,
    0xf4, 0x1e, 0x10, 0x4d, 0x15, 0x10, 0x5, 0x2c,
    0x60, 0x0, 0x5e, 0x61, 0x0, 0x5d, 0x70, 0x0,
    0x0, 0x18, 0xcd, 0xd9, 0x30, 0x0,

    /* U+00AF "¯" */
    0x2, 0x22, 0x22, 0x10, 0xff, 0xff, 0xfb, 0x4,
    0x44, 0x44, 0x30,

    /* U+00B0 "°" */
    0x6, 0xdd, 0x60, 0x3f, 0x33, 0xf2, 0x3e, 0x11,
    0xe3, 0x9, 0xff, 0x90, 0x0, 0x11, 0x0,

    /* U+00B4 "´" */
    0x0, 0x36, 0x61, 0x1, 0xef, 0x60, 0xb, 0xf5,
    0x0,

    /* U+00B6 "¶" */
    0x3, 0xcf, 0xff, 0xff, 0xf9, 0x2f, 0xff, 0xff,
    0xba, 0xf9, 0x7f, 0xff, 0xff, 0x74, 0xf9, 0x7f,
    0xff, 0xff, 0x74, 0xf9, 0x2f, 0xff, 0xff, 0x74,
    0xf9, 0x4, 0xdf, 0xff, 0x74, 0xf9, 0x0, 0x0,
    0x8f, 0x74, 0xf9, 0x0, 0x0, 0x7f, 0x74, 0xf9,
    0x0, 0x0, 0x7f, 0x74, 0xf9, 0x0, 0x0, 0x7f,
    0x74, 0xf9, 0x0, 0x0, 0x7f, 0x74, 0xf9, 0x0,
    0x0, 0x7f, 0x74, 0xf9, 0x0, 0x0, 0x7f, 0x64,
    0xf9,

    /* U+00B7 "·" */
    0x33, 0x1f, 0xf5, 0xff, 0x50,

    /* U+00B8 "¸" */
    0x0, 0x47, 0x0, 0x0, 0xaf, 0x70, 0x7, 0x38,
    0xf0, 0x8, 0xef, 0x80,

    /* U+00BA "º" */
    0x2, 0x9a, 0x70, 0x1e, 0xd9, 0xf9, 0x5f, 0x20,
    0x9f, 0x5f, 0x40, 0xbe, 0xc, 0xfe, 0xf6, 0x0,
    0x46, 0x20,

    /* U+00BB "»" */
    0x8, 0xa1, 0x8a, 0x10, 0x4, 0xfb, 0x4f, 0xb0,
    0x0, 0x8f, 0x78, 0xf7, 0x0, 0x4f, 0xb4, 0xfb,
    0x1, 0xee, 0x2e, 0xe1, 0xb, 0xf4, 0xbf, 0x40,

    /* U+00BF "¿" */
    0x0, 0xa, 0xfa, 0x0, 0x0, 0x0, 0xaf, 0xa0,
    0x0, 0x0, 0x2, 0x32, 0x0, 0x0, 0x0, 0x12,
    0x10, 0x0, 0x0, 0xa, 0xf6, 0x0, 0x0, 0x9,
    0xfe, 0x10, 0x0, 0xd, 0xfc, 0x10, 0x0, 0x7,
    0xfc, 0x0, 0x0, 0x0, 0x8f, 0xa0, 0x0, 0x8f,
    0x93, 0xff, 0xb9, 0xcf, 0xe2, 0x3, 0xbf, 0xfe,
    0x91, 0x0,

    /* U+00C0 "À" */
    0x0, 0x5, 0x65, 0x0, 0x0, 0x0, 0x0, 0x3,
    0xef, 0x40, 0x0, 0x0, 0x0, 0x0, 0x2e, 0xe1,
    0x0, 0x0, 0x0, 0x0, 0x0, 0x0, 0x0, 0x0,
    0x0, 0x0, 0x8f, 0xf4, 0x0, 0x0, 0x0, 0x0,
    0xef, 0xfa, 0x0, 0x0, 0x0, 0x4, 0xf9, 0xef,
    0x0, 0x0, 0x0, 0xa, 0xf3, 0x9f, 0x60, 0x0,
    0x0, 0x1f, 0xd0, 0x3f, 0xc0, 0x0, 0x0, 0x6f,
    0x70, 0xd, 0xf2, 0x0, 0x0, 0xdf, 0xb9, 0x9d,
    0xf8, 0x0, 0x3, 0xff, 0xff, 0xff, 0xfe, 0x0,
    0x9, 0xf6, 0x0, 0x0, 0xcf, 0x50, 0xf, 0xf1,
    0x0, 0x0, 0x6f, 0xb0, 0x5f, 0xa0, 0x0, 0x0,
    0x1f, 0xf1,

    /* U+00C1 "Á" */
    0x0, 0x0, 0x0, 0x66, 0x40, 0x0, 0x0, 0x0,
    0x8, 0xfc, 0x10, 0x0, 0x0, 0x0, 0x3f, 0xb0,
    0x0, 0x0, 0x0, 0x0, 0x0, 0x0, 0x0, 0x0,
    0x0, 0x0, 0x8f, 0xf4, 0x0, 0x0, 0x0, 0x0,
    0xef, 0xfa, 0x0, 0x0, 0x0, 0x4, 0xf9, 0xef,
    0x0, 0x0, 0x0, 0xa, 0xf3, 0x9f, 0x60, 0x0,
    0x0, 0x1f, 0xd0, 0x3f, 0xc0, 0x0, 0x0, 0x6f,
    0x70, 0xd, 0xf2, 0x0, 0x0, 0xdf, 0xb9, 0x9d,
    0xf8, 0x0, 0x3, 0xff, 0xff, 0xff, 0xfe, 0x0,
    0x9, 0xf6, 0x0, 0x0, 0xcf, 0x50, 0xf, 0xf1,
    0x0, 0x0, 0x6f, 0xb0, 0x5f, 0xa0, 0x0, 0x0,
    0x1f, 0xf1,

    /* U+00C2 "Â" */
    0x0, 0x0, 0x38, 0x71, 0x0, 0x0, 0x0, 0x2,
    0xef, 0xfb, 0x0, 0x0, 0x0, 0xd, 0xd2, 0x5f,
    0x90, 0x0, 0x0, 0x0, 0x0, 0x0, 0x0, 0x0,
    0x0, 0x0, 0x8f, 0xf4, 0x0, 0x0, 0x0, 0x0,
    0xef, 0xfa, 0x0, 0x0, 0x0, 0x4, 0xf9, 0xef,
    0x0, 0x0, 0x0, 0xa, 0xf3, 0x9f, 0x60, 0x0,
    0x0, 0x1f, 0xd0, 0x3f, 0xc0, 0x0, 0x0, 0x6f,
    0x70, 0xd, 0xf2, 0x0, 0x0, 0xdf, 0xb9, 0x9d,
    0xf8, 0x0, 0x3, 0xff, 0xff, 0xff, 0xfe, 0x0,
    0x9, 0xf6, 0x0, 0x0, 0xcf, 0x50, 0xf, 0xf1,
    0x0, 0x0, 0x6f, 0xb0, 0x5f, 0xa0, 0x0, 0x0,
    0x1f, 0xf1,

    /* U+00C3 "Ã" */
    0x0, 0x0, 0x1, 0x11, 0x10, 0x0, 0x0, 0x2d,
    0xff, 0xff, 0xd0, 0x0, 0x0, 0x14, 0x44, 0x43,
    0x0, 0x0, 0x0, 0x0, 0x0, 0x0, 0x0, 0x0,
    0x0, 0x0, 0x8f, 0xf4, 0x0, 0x0, 0x0, 0x0,
    0xef, 0xfa, 0x0, 0x0, 0x0, 0x4, 0xf9, 0xef,
    0x0, 0x0, 0x0, 0xa, 0xf3, 0x9f, 0x60, 0x0,
    0x0, 0x1f, 0xd0, 0x3f, 0xc0, 0x0, 0x0, 0x6f,
    0x70, 0xd, 0xf2, 0x0, 0x0, 0xdf, 0xb9, 0x9d,
    0xf8, 0x0, 0x3, 0xff, 0xff, 0xff, 0xfe, 0x0,
    0x9, 0xf6, 0x0, 0x0, 0xcf, 0x50, 0xf, 0xf1,
    0x0, 0x0, 0x6f, 0xb0, 0x5f, 0xa0, 0x0, 0x0,
    0x1f, 0xf1,

    /* U+00C4 "Ä" */
    0x0, 0x2, 0x20, 0x12, 0x20, 0x0, 0x0, 0x1f,
    0xf2, 0x6f, 0xc0, 0x0, 0x0, 0x1f, 0xf2, 0x6f,
    0xc0, 0x0, 0x0, 0x0, 0x0, 0x0, 0x0, 0x0,
    0x0, 0x0, 0x8f, 0xf4, 0x0, 0x0, 0x0, 0x0,
    0xef, 0xfa, 0x0, 0x0, 0x0, 0x4, 0xf9, 0xef,
    0x0, 0x0, 0x0, 0xa, 0xf3, 0x9f, 0x60, 0x0,
    0x0, 0x1f, 0xd0, 0x3f, 0xc0, 0x0, 0x0, 0x6f,
    0x70, 0xd, 0xf2, 0x0, 0x0, 0xdf, 0xb9, 0x9d,
    0xf8, 0x0, 0x3, 0xff, 0xff, 0xff, 0xfe, 0x0,
    0x9, 0xf6, 0x0, 0x0, 0xcf, 0x50, 0xf, 0xf1,
    0x0, 0x0, 0x6f, 0xb0, 0x5f, 0xa0, 0x0, 0x0,
    0x1f, 0xf1,

    /* U+00C5 "Å" */
    0x0, 0x0, 0x4d, 0xc2, 0x0, 0x0, 0x0, 0x0,
    0xd6, 0xa8, 0x0, 0x0, 0x0, 0x0, 0x7f, 0xe3,
    0x0, 0x0, 0x0, 0x0, 0x0, 0x0, 0x0, 0x0,
    0x0, 0x0, 0x8f, 0xf4, 0x0, 0x0, 0x0, 0x0,
    0xef, 0xfa, 0x0, 0x0, 0x0, 0x4, 0xf9, 0xef,
    0x0, 0x0, 0x0, 0xa, 0xf3, 0x9f, 0x60, 0x0,
    0x0, 0x1f, 0xd0, 0x3f, 0xc0, 0x0, 0x0, 0x6f,
    0x70, 0xd, 0xf2, 0x0, 0x0, 0xdf, 0xb9, 0x9d,
    0xf8, 0x0, 0x3, 0xff, 0xff, 0xff, 0xfe, 0x0,
    0x9, 0xf6, 0x0, 0x0, 0xcf, 0x50, 0xf, 0xf1,
    0x0, 0x0, 0x6f, 0xb0, 0x5f, 0xa0, 0x0, 0x0,
    0x1f, 0xf1,

    /* U+00C6 "Æ" */
    0x0, 0x0, 0x8f, 0xff, 0xff, 0xff, 0xff, 0x80,
    0x0, 0xe, 0xf9, 0xbf, 0xe9, 0x99, 0x94, 0x0,
    0x4, 0xf9, 0x4, 0xfd, 0x0, 0x0, 0x0, 0x0,
    0xaf, 0x30, 0x4f, 0xd0, 0x0, 0x0, 0x0, 0x1f,
    0xf9, 0x9a, 0xfe, 0x99, 0x99, 0x10, 0x6, 0xff,
    0xff, 0xff, 0xff, 0xff, 0xf1, 0x0, 0xdf, 0x20,
    0x4, 0xfd, 0x0, 0x0, 0x0, 0x3f, 0xc0, 0x0,
    0x4f, 0xd0, 0x0, 0x0, 0x9, 0xf6, 0x0, 0x4,
    0xfd, 0x0, 0x0, 0x0, 0xff, 0x10, 0x0, 0x4f,
    0xe9, 0x99, 0x96, 0x5f, 0xa0, 0x0, 0x4, 0xff,
    0xff, 0xff, 0xa0,

    /* U+00C7 "Ç" */
    0x0, 0x6, 0xcf, 0xfe, 0x91, 0x0, 0x0, 0xbf,
    0xfb, 0xad, 0xfe, 0x30, 0x9, 0xfc, 0x10, 0x0,
    0x7f, 0xe0, 0x1f, 0xf2, 0x0, 0x0, 0xc, 0xf4,
    0x5f, 0xc0, 0x0, 0x0, 0x0, 0x10, 0x6f, 0xb0,
    0x0, 0x0, 0x0, 0x0, 0x5f, 0xd0, 0x0, 0x0,
    0x0, 0x10, 0x1f, 0xf2, 0x0, 0x0, 0xc, 0xf5,
    0x8, 0xfd, 0x20, 0x0, 0x7f, 0xe0, 0x0, 0xbf,
    0xfb, 0xad, 0xff, 0x30, 0x0, 0x5, 0xcf, 0xfe,
    0x91, 0x0, 0x0, 0x0, 0x9, 0xe4, 0x0, 0x0,
    0x0, 0x0, 0x75, 0x9f, 0x0, 0x0, 0x0, 0x0,
    0x8f, 0xf9, 0x0, 0x0,

    /* U+00C8 "È" */
    0x0, 0x36, 0x61, 0x0, 0x0, 0x0, 0xb, 0xfa,
    0x0, 0x0, 0x0, 0x0, 0xaf, 0x50, 0x0, 0x0,
    0x0, 0x0, 0x0, 0x0, 0xf, 0xff, 0xff, 0xff,
    0xf1, 0xf, 0xfa, 0x99, 0x99, 0x91, 0xf, 0xf1,
    0x0, 0x0, 0x0, 0xf, 0xf1, 0x0, 0x0, 0x0,
    0xf, 0xf9, 0x99, 0x99, 0x60, 0xf, 0xff, 0xff,
    0xff, 0xb0, 0xf, 0xf1, 0x0, 0x0, 0x0, 0xf,
    0xf1, 0x0, 0x0, 0x0, 0xf, 0xf1, 0x0, 0x0,
    0x0, 0xf, 0xfa, 0x99, 0x99, 0x92, 0xf, 0xff,
    0xff, 0xff, 0xf4,

    /* U+00C9 "É" */
    0x0, 0x0, 0x4, 0x66, 0x0, 0x0, 0x0, 0x3f,
    0xf4, 0x0, 0x0, 0x0, 0xde, 0x30, 0x0, 0x0,
    0x0, 0x0, 0x0, 0x0, 0xf, 0xff, 0xff, 0xff,
    0xf1, 0xf, 0xfa, 0x99, 0x99, 0x91, 0xf, 0xf1,
    0x0, 0x0, 0x0, 0xf, 0xf1, 0x0, 0x0, 0x0,
    0xf, 0xf9, 0x99, 0x99, 0x60, 0xf, 0xff, 0xff,
    0xff, 0xb0, 0xf, 0xf1, 0x0, 0x0, 0x0, 0xf,
    0xf1, 0x0, 0x0, 0x0, 0xf, 0xf1, 0x0, 0x0,
    0x0, 0xf, 0xfa, 0x99, 0x99, 0x92, 0xf, 0xff,
    0xff, 0xff, 0xf4,

    /* U+00CA "Ê" */
    0x0, 0x0, 0x78, 0x30, 0x0, 0x0, 0xa, 0xfe,
    0xf2, 0x0, 0x0, 0x8f, 0x61, 0xce, 0x10, 0x0,
    0x0, 0x0, 0x0, 0x0, 0xf, 0xff, 0xff, 0xff,
    0xf1, 0xf, 0xfa, 0x99, 0x99, 0x91, 0xf, 0xf1,
    0x0, 0x0, 0x0, 0xf, 0xf1, 0x0, 0x0, 0x0,
    0xf, 0xf9, 0x99, 0x99, 0x60, 0xf, 0xff, 0xff,
    0xff, 0xb0, 0xf, 0xf1, 0x0, 0x0, 0x0, 0xf,
    0xf1, 0x0, 0x0, 0x0, 0xf, 0xf1, 0x0, 0x0,
    0x0, 0xf, 0xfa, 0x99, 0x99, 0x92, 0xf, 0xff,
    0xff, 0xff, 0xf4,

    /* U+00CB "Ë" */
    0x0, 0x12, 0x10, 0x22, 0x0, 0x0, 0xbf, 0x70,
    0xff, 0x20, 0x0, 0xbf, 0x70, 0xff, 0x20, 0x0,
    0x0, 0x0, 0x0, 0x0, 0xf, 0xff, 0xff, 0xff,
    0xf1, 0xf, 0xfa, 0x99, 0x99, 0x91, 0xf, 0xf1,
    0x0, 0x0, 0x0, 0xf, 0xf1, 0x0, 0x0, 0x0,
    0xf, 0xf9, 0x99, 0x99, 0x60, 0xf, 0xff, 0xff,
    0xff, 0xb0, 0xf, 0xf1, 0x0, 0x0, 0x0, 0xf,
    0xf1, 0x0, 0x0, 0x0, 0xf, 0xf1, 0x0, 0x0,
    0x0, 0xf, 0xfa, 0x99, 0x99, 0x92, 0xf, 0xff,
    0xff, 0xff, 0xf4,

    /* U+00CC "Ì" */
    0x46, 0x60, 0x1, 0xdf, 0x60, 0x1, 0xdf, 0x20,
    0x0, 0x0, 0x0, 0xff, 0x10, 0xf, 0xf1, 0x0,
    0xff, 0x10, 0xf, 0xf1, 0x0, 0xff, 0x10, 0xf,
    0xf1, 0x0, 0xff, 0x10, 0xf, 0xf1, 0x0, 0xff,
    0x10, 0xf, 0xf1, 0x0, 0xff, 0x10,

    /* U+00CD "Í" */
    0x0, 0x56, 0x50, 0x5, 0xfe, 0x20, 0x2f, 0xd1,
    0x0, 0x0, 0x0, 0x0, 0xf, 0xf1, 0x0, 0xf,
    0xf1, 0x0, 0xf, 0xf1, 0x0, 0xf, 0xf1, 0x0,
    0xf, 0xf1, 0x0, 0xf, 0xf1, 0x0, 0xf, 0xf1,
    0x0, 0xf, 0xf1, 0x0, 0xf, 0xf1, 0x0, 0xf,
    0xf1, 0x0, 0xf, 0xf1, 0x0,

    /* U+00CE "Î" */
    0x0, 0x28, 0x82, 0x0, 0x0, 0xdf, 0xfd, 0x10,
    0xb, 0xe3, 0x3e, 0xc0, 0x0, 0x0, 0x0, 0x0,
    0x0, 0xf, 0xf1, 0x0, 0x0, 0xf, 0xf1, 0x0,
    0x0, 0xf, 0xf1, 0x0, 0x0, 0xf, 0xf1, 0x0,
    0x0, 0xf, 0xf1, 0x0, 0x0, 0xf, 0xf1, 0x0,
    0x0, 0xf, 0xf1, 0x0, 0x0, 0xf, 0xf1, 0x0,
    0x0, 0xf, 0xf1, 0x0, 0x0, 0xf, 0xf1, 0x0,
    0x0, 0xf, 0xf1, 0x0,

    /* U+00CF "Ï" */
    0x22, 0x0, 0x22, 0xef, 0x43, 0xff, 0xef, 0x43,
    0xff, 0x0, 0x0, 0x0, 0x0, 0xff, 0x10, 0x0,
    0xff, 0x10, 0x0, 0xff, 0x10, 0x0, 0xff, 0x10,
    0x0, 0xff, 0x10, 0x0, 0xff, 0x10, 0x0, 0xff,
    0x10, 0x0, 0xff, 0x10, 0x0, 0xff, 0x10, 0x0,
    0xff, 0x10, 0x0, 0xff, 0x10,

    /* U+00D0 "Ð" */
    0xc, 0xff, 0xff, 0xec, 0x60, 0x0, 0xc, 0xfb,
    0x99, 0xbf, 0xfd, 0x20, 0xc, 0xf4, 0x0, 0x1,
    0xaf, 0xd0, 0xc, 0xf4, 0x0, 0x0, 0xd, 0xf5,
    0x8e, 0xfb, 0x99, 0x20, 0x8, 0xf9, 0xef, 0xff,
    0xff, 0x30, 0x7, 0xfb, 0xc, 0xf4, 0x0, 0x0,
    0x8, 0xf9, 0xc, 0xf4, 0x0, 0x0, 0xe, 0xf5,
    0xc, 0xf4, 0x0, 0x1, 0xbf, 0xc0, 0xc, 0xfb,
    0x99, 0xbf, 0xfd, 0x10, 0xc, 0xff, 0xff, 0xeb,
    0x60, 0x0,

    /* U+00D1 "Ñ" */
    0x0, 0x0, 0x1, 0x11, 0x10, 0x0, 0x2, 0xdf,
    0xff, 0xfc, 0x0, 0x0, 0x14, 0x44, 0x43, 0x0,
    0x0, 0x0, 0x0, 0x0, 0x0, 0x0, 0xf, 0xfd,
    0x0, 0x0, 0x6f, 0x90, 0xff, 0xf7, 0x0, 0x6,
    0xf9, 0xf, 0xfe, 0xf1, 0x0, 0x6f, 0x90, 0xff,
    0x6f, 0x90, 0x6, 0xf9, 0xf, 0xf0, 0xcf, 0x30,
    0x6f, 0x90, 0xff, 0x3, 0xfc, 0x6, 0xf9, 0xf,
    0xf0, 0x9, 0xf6, 0x6f, 0x90, 0xff, 0x0, 0x1f,
    0xe7, 0xf9, 0xf, 0xf0, 0x0, 0x6f, 0xef, 0x90,
    0xff, 0x0, 0x0, 0xdf, 0xf9, 0xf, 0xf0, 0x0,
    0x4, 0xff, 0x90,

    /* U+00D2 "Ò" */
    0x0, 0x3, 0xef, 0x70, 0x0, 0x0, 0x0, 0x0,
    0x2, 0xdf, 0x30, 0x0, 0x0, 0x0, 0x0, 0x1,
    0x64, 0x0, 0x0, 0x0, 0x0, 0x0, 0x0, 0x0,
    0x0, 0x0, 0x0, 0x5, 0xbf, 0xfe, 0xa3, 0x0,
    0x0, 0xb, 0xff, 0xba, 0xcf, 0xf7, 0x0, 0x9,
    0xfc, 0x10, 0x0, 0x4f, 0xf4, 0x1, 0xff, 0x20,
    0x0, 0x0, 0x7f, 0xc0, 0x5f, 0xc0, 0x0, 0x0,
    0x1, 0xff, 0x6, 0xfb, 0x0, 0x0, 0x0, 0xf,
    0xf1, 0x4f, 0xd0, 0x0, 0x0, 0x2, 0xff, 0x1,
    0xff, 0x30, 0x0, 0x0, 0x7f, 0xc0, 0x8, 0xfd,
    0x20, 0x0, 0x5f, 0xf4, 0x0, 0xa, 0xff, 0xba,
    0xdf, 0xf6, 0x0, 0x0, 0x5, 0xbf, 0xfe, 0xa3,
    0x0, 0x0,

    /* U+00D3 "Ó" */
    0x0, 0x0, 0x0, 0xcf, 0xb0, 0x0, 0x0, 0x0,
    0x0, 0x7f, 0xa0, 0x0, 0x0, 0x0, 0x0, 0x6,
    0x50, 0x0, 0x0, 0x0, 0x0, 0x0, 0x0, 0x0,
    0x0, 0x0, 0x0, 0x5, 0xbf, 0xfe, 0xa3, 0x0,
    0x0, 0xb, 0xff, 0xba, 0xcf, 0xf7, 0x0, 0x9,
    0xfc, 0x10, 0x0, 0x4f, 0xf4, 0x1, 0xff, 0x20,
    0x0, 0x0, 0x7f, 0xc0, 0x5f, 0xc0, 0x0, 0x0,
    0x1, 0xff, 0x6, 0xfb, 0x0, 0x0, 0x0, 0xf,
    0xf1, 0x4f, 0xd0, 0x0, 0x0, 0x2, 0xff, 0x1,
    0xff, 0x30, 0x0, 0x0, 0x7f, 0xc0, 0x8, 0xfd,
    0x20, 0x0, 0x5f, 0xf4, 0x0, 0xa, 0xff, 0xba,
    0xdf, 0xf6, 0x0, 0x0, 0x5, 0xbf, 0xfe, 0xa3,
    0x0, 0x0,

    /* U+00D4 "Ô" */
    0x0, 0x0, 0x2f, 0xfc, 0x0, 0x0, 0x0, 0x0,
    0x1e, 0xe7, 0xfa, 0x0, 0x0, 0x0, 0x4, 0x71,
    0x4, 0x82, 0x0, 0x0, 0x0, 0x0, 0x0, 0x0,
    0x0, 0x0, 0x0, 0x5, 0xbf, 0xfe, 0xa3, 0x0,
    0x0, 0xb, 0xff, 0xba, 0xcf, 0xf7, 0x0, 0x9,
    0xfc, 0x10, 0x0, 0x4f, 0xf4, 0x1, 0xff, 0x20,
    0x0, 0x0, 0x7f, 0xc0, 0x5f, 0xc0, 0x0, 0x0,
    0x1, 0xff, 0x6, 0xfb, 0x0, 0x0, 0x0, 0xf,
    0xf1, 0x4f, 0xd0, 0x0, 0x0, 0x2, 0xff, 0x1,
    0xff, 0x30, 0x0, 0x0, 0x7f, 0xc0, 0x8, 0xfd,
    0x20, 0x0, 0x5f, 0xf4, 0x0, 0xa, 0xff, 0xba,
    0xdf, 0xf6, 0x0, 0x0, 0x5, 0xbf, 0xfe, 0xa3,
    0x0, 0x0,

    /* U+00D5 "Õ" */
    0x0, 0x0, 0x0, 0x0, 0x0, 0x0, 0x0, 0x0,
    0x4e, 0xf9, 0x1c, 0x80, 0x0, 0x0, 0xc, 0xa6,
    0xef, 0xe2, 0x0, 0x0, 0x0, 0x31, 0x0, 0x31,
    0x0, 0x0, 0x0, 0x0, 0x0, 0x0, 0x0, 0x0,
    0x0, 0x0, 0x5b, 0xff, 0xea, 0x30, 0x0, 0x0,
    0xbf, 0xfb, 0xac, 0xff, 0x70, 0x0, 0x9f, 0xc1,
    0x0, 0x4, 0xff, 0x40, 0x1f, 0xf2, 0x0, 0x0,
    0x7, 0xfc, 0x5, 0xfc, 0x0, 0x0, 0x0, 0x1f,
    0xf0, 0x6f, 0xb0, 0x0, 0x0, 0x0, 0xff, 0x14,
    0xfd, 0x0, 0x0, 0x0, 0x2f, 0xf0, 0x1f, 0xf3,
    0x0, 0x0, 0x7, 0xfc, 0x0, 0x8f, 0xd2, 0x0,
    0x5, 0xff, 0x40, 0x0, 0xaf, 0xfb, 0xad, 0xff,
    0x60, 0x0, 0x0, 0x5b, 0xff, 0xea, 0x30, 0x0,

    /* U+00D6 "Ö" */
    0x0, 0x9, 0xf9, 0xe, 0xf4, 0x0, 0x0, 0x0,
    0x9f, 0x90, 0xef, 0x40, 0x0, 0x0, 0x1, 0x21,
    0x2, 0x20, 0x0, 0x0, 0x0, 0x0, 0x0, 0x0,
    0x0, 0x0, 0x0, 0x5, 0xbf, 0xfe, 0xa3, 0x0,
    0x0, 0xb, 0xff, 0xba, 0xcf, 0xf7, 0x0, 0x9,
    0xfc, 0x10, 0x0, 0x4f, 0xf4, 0x1, 0xff, 0x20,
    0x0, 0x0, 0x7f, 0xc0, 0x5f, 0xc0, 0x0, 0x0,
    0x1, 0xff, 0x6, 0xfb, 0x0, 0x0, 0x0, 0xf,
    0xf1, 0x4f, 0xd0, 0x0, 0x0, 0x2, 0xff, 0x1,
    0xff, 0x30, 0x0, 0x0, 0x7f, 0xc0, 0x8, 0xfd,
    0x20, 0x0, 0x5f, 0xf4, 0x0, 0xa, 0xff, 0xba,
    0xdf, 0xf6, 0x0, 0x0, 0x5, 0xbf, 0xfe, 0xa3,
    0x0, 0x0,

    /* U+00D7 "×" */
    0x0, 0x0, 0x0, 0x0, 0xa, 0x90, 0x1, 0xc5,
    0x9, 0xf9, 0x1d, 0xf5, 0x0, 0x8f, 0xff, 0x40,
    0x0, 0x1f, 0xfc, 0x0, 0x2, 0xef, 0x9f, 0xb0,
    0xd, 0xe3, 0x6, 0xf9, 0x3, 0x20, 0x0, 0x51,

    /* U+00D8 "Ø" */
    0x0, 0x5, 0xbf, 0xfe, 0xa4, 0xb4, 0x0, 0xb,
    0xff, 0xba, 0xcf, 0xff, 0x40, 0x9, 0xfc, 0x10,
    0x0, 0xcf, 0xf4, 0x1, 0xff, 0x20, 0x0, 0xaf,
    0xbf, 0xc0, 0x5f, 0xc0, 0x0, 0x9f, 0x61, 0xff,
    0x6, 0xfb, 0x0, 0x8f, 0x70, 0xf, 0xf1, 0x4f,
    0xd0, 0x7f, 0x80, 0x2, 0xff, 0x1, 0xff, 0x9f,
    0x90, 0x0, 0x7f, 0xc0, 0x8, 0xff, 0xb0, 0x0,
    0x5f, 0xf4, 0x0, 0x5f, 0xff, 0xba, 0xdf, 0xf6,
    0x0, 0xe, 0xb6, 0xbf, 0xfe, 0xa3, 0x0, 0x0,
    0x10, 0x0, 0x0, 0x0, 0x0, 0x0,

    /* U+00D9 "Ù" */
    0x0, 0xc, 0xfb, 0x0, 0x0, 0x0, 0x0, 0xb,
    0xf7, 0x0, 0x0, 0x0, 0x0, 0x6, 0x60, 0x0,
    0x0, 0x0, 0x0, 0x0, 0x0, 0x0, 0x2f, 0xf0,
    0x0, 0x0, 0xbf, 0x62, 0xff, 0x0, 0x0, 0xb,
    0xf6, 0x2f, 0xf0, 0x0, 0x0, 0xbf, 0x62, 0xff,
    0x0, 0x0, 0xb, 0xf6, 0x2f, 0xf0, 0x0, 0x0,
    0xbf, 0x62, 0xff, 0x0, 0x0, 0xb, 0xf6, 0x1f,
    0xf0, 0x0, 0x0, 0xbf, 0x60, 0xff, 0x10, 0x0,
    0xd, 0xf4, 0xb, 0xf9, 0x0, 0x5, 0xfe, 0x0,
    0x2f, 0xfd, 0xac, 0xff, 0x50, 0x0, 0x2a, 0xef,
    0xfb, 0x40, 0x0,

    /* U+00DA "Ú" */
    0x0, 0x0, 0x7, 0xfe, 0x20, 0x0, 0x0, 0x3,
    0xfd, 0x20, 0x0, 0x0, 0x0, 0x46, 0x10, 0x0,
    0x0, 0x0, 0x0, 0x0, 0x0, 0x0, 0x2f, 0xf0,
    0x0, 0x0, 0xbf, 0x62, 0xff, 0x0, 0x0, 0xb,
    0xf6, 0x2f, 0xf0, 0x0, 0x0, 0xbf, 0x62, 0xff,
    0x0, 0x0, 0xb, 0xf6, 0x2f, 0xf0, 0x0, 0x0,
    0xbf, 0x62, 0xff, 0x0, 0x0, 0xb, 0xf6, 0x1f,
    0xf0, 0x0, 0x0, 0xbf, 0x60, 0xff, 0x10, 0x0,
    0xd, 0xf4, 0xb, 0xf9, 0x0, 0x5, 0xfe, 0x0,
    0x2f, 0xfd, 0xac, 0xff, 0x50, 0x0, 0x2a, 0xef,
    0xfb, 0x40, 0x0,

    /* U+00DB "Û" */
    0x0, 0x0, 0xcf, 0xf2, 0x0, 0x0, 0x0, 0xbf,
    0x7e, 0xd1, 0x0, 0x0, 0x28, 0x30, 0x18, 0x40,
    0x0, 0x0, 0x0, 0x0, 0x0, 0x0, 0x2f, 0xf0,
    0x0, 0x0, 0xbf, 0x62, 0xff, 0x0, 0x0, 0xb,
    0xf6, 0x2f, 0xf0, 0x0, 0x0, 0xbf, 0x62, 0xff,
    0x0, 0x0, 0xb, 0xf6, 0x2f, 0xf0, 0x0, 0x0,
    0xbf, 0x62, 0xff, 0x0, 0x0, 0xb, 0xf6, 0x1f,
    0xf0, 0x0, 0x0, 0xbf, 0x60, 0xff, 0x10, 0x0,
    0xd, 0xf4, 0xb, 0xf9, 0x0, 0x5, 0xfe, 0x0,
    0x2f, 0xfd, 0xac, 0xff, 0x50, 0x0, 0x2a, 0xef,
    0xfb, 0x40, 0x0,

    /* U+00DC "Ü" */
    0x0, 0x5f, 0xe0, 0xaf, 0x90, 0x0, 0x5, 0xfe,
    0xa, 0xf9, 0x0, 0x0, 0x2, 0x20, 0x12, 0x10,
    0x0, 0x0, 0x0, 0x0, 0x0, 0x0, 0x2f, 0xf0,
    0x0, 0x0, 0xbf, 0x62, 0xff, 0x0, 0x0, 0xb,
    0xf6, 0x2f, 0xf0, 0x0, 0x0, 0xbf, 0x62, 0xff,
    0x0, 0x0, 0xb, 0xf6, 0x2f, 0xf0, 0x0, 0x0,
    0xbf, 0x62, 0xff, 0x0, 0x0, 0xb, 0xf6, 0x1f,
    0xf0, 0x0, 0x0, 0xbf, 0x60, 0xff, 0x10, 0x0,
    0xd, 0xf4, 0xb, 0xf9, 0x0, 0x5, 0xfe, 0x0,
    0x2f, 0xfd, 0xac, 0xff, 0x50, 0x0, 0x2a, 0xef,
    0xfb, 0x40, 0x0,

    /* U+00DD "Ý" */
    0x0, 0x0, 0x2, 0x66, 0x20, 0x0, 0x0, 0x0,
    0xcf, 0x90, 0x0, 0x0, 0x0, 0x7f, 0x80, 0x0,
    0x0, 0x0, 0x0, 0x0, 0x0, 0x0, 0x6f, 0xf1,
    0x0, 0x0, 0xaf, 0x90, 0xbf, 0xb0, 0x0, 0x4f,
    0xe0, 0x2, 0xff, 0x50, 0xd, 0xf4, 0x0, 0x6,
    0xfe, 0x8, 0xf9, 0x0, 0x0, 0xb, 0xfa, 0xfd,
    0x0, 0x0, 0x0, 0x1e, 0xff, 0x30, 0x0, 0x0,
    0x0, 0x7f, 0xb0, 0x0, 0x0, 0x0, 0x7, 0xfa,
    0x0, 0x0, 0x0, 0x0, 0x7f, 0xa0, 0x0, 0x0,
    0x0, 0x7, 0xfa, 0x0, 0x0, 0x0, 0x0, 0x7f,
    0xa0, 0x0, 0x0,

    /* U+00DE "Þ" */
    0x1f, 0xf0, 0x0, 0x0, 0x0, 0x1, 0xff, 0x0,
    0x0, 0x0, 0x0, 0x1f, 0xff, 0xff, 0xfd, 0x70,
    0x1, 0xff, 0x99, 0x9a, 0xef, 0x90, 0x1f, 0xf0,
    0x0, 0x2, 0xff, 0x11, 0xff, 0x0, 0x0, 0xf,
    0xf2, 0x1f, 0xf0, 0x0, 0x8, 0xfe, 0x1, 0xff,
    0xff, 0xff, 0xff, 0x40, 0x1f, 0xf9, 0x99, 0x86,
    0x10, 0x1, 0xff, 0x0, 0x0, 0x0, 0x0, 0x1f,
    0xf0, 0x0, 0x0, 0x0, 0x0,

    /* U+00DF "ß" */
    0x4, 0xcf, 0xfd, 0x80, 0x4, 0xff, 0x99, 0xef,
    0xa0, 0xcf, 0x50, 0x4, 0xff, 0xe, 0xf1, 0x0,
    0x4f, 0xa0, 0xef, 0x15, 0x9e, 0xc1, 0xe, 0xf1,
    0x9f, 0xff, 0xd0, 0xef, 0x10, 0x4, 0xef, 0x6e,
    0xf1, 0x0, 0x9, 0xf9, 0xef, 0x10, 0x0, 0xbf,
    0x7e, 0xf1, 0x79, 0xcf, 0xe1, 0xef, 0x1a, 0xfe,
    0xa2, 0x0,

    /* U+00E0 "à" */
    0x1, 0xcf, 0xa0, 0x0, 0x0, 0x0, 0xcf, 0x60,
    0x0, 0x0, 0x0, 0x65, 0x0, 0x0, 0x19, 0xef,
    0xe9, 0x0, 0xc, 0xfa, 0x7c, 0xfa, 0x0, 0x76,
    0x0, 0x1f, 0xe0, 0x0, 0x59, 0xbe, 0xff, 0x0,
    0xcf, 0xc8, 0x6f, 0xf0, 0x4f, 0xb0, 0x2, 0xff,
    0x3, 0xfe, 0x66, 0xcf, 0xf0, 0x7, 0xef, 0xd4,
    0xef, 0x10,

    /* U+00E1 "á" */
    0x0, 0x0, 0x9f, 0xd2, 0x0, 0x0, 0x4f, 0xd1,
    0x0, 0x0, 0x4, 0x61, 0x0, 0x0, 0x19, 0xef,
    0xe9, 0x0, 0xc, 0xfa, 0x7c, 0xfa, 0x0, 0x76,
    0x0, 0x1f, 0xe0, 0x0, 0x59, 0xbe, 0xff, 0x0,
    0xcf, 0xc8, 0x6f, 0xf0, 0x4f, 0xb0, 0x2, 0xff,
    0x3, 0xfe, 0x66, 0xcf, 0xf0, 0x7, 0xef, 0xd4,
    0xef, 0x10,

    /* U+00E2 "â" */
    0x0, 0x2e, 0xee, 0x30, 0x0, 0x2e, 0xa0, 0x9f,
    0x30, 0x0, 0x0, 0x0, 0x0, 0x0, 0x19, 0xef,
    0xe9, 0x0, 0xc, 0xfa, 0x7c, 0xfa, 0x0, 0x76,
    0x0, 0x1f, 0xe0, 0x0, 0x59, 0xbe, 0xff, 0x0,
    0xcf, 0xc8, 0x6f, 0xf0, 0x4f, 0xb0, 0x2, 0xff,
    0x3, 0xfe, 0x66, 0xcf, 0xf0, 0x7, 0xef, 0xd4,
    0xef, 0x10,

    /* U+00E3 "ã" */
    0x1, 0xcf, 0xb2, 0x9c, 0x0, 0x9d, 0x6d, 0xff,
    0x40, 0x2, 0x20, 0x3, 0x10, 0x0, 0x19, 0xef,
    0xe9, 0x0, 0xc, 0xfa, 0x7c, 0xfa, 0x0, 0x76,
    0x0, 0x1f, 0xe0, 0x0, 0x59, 0xbe, 0xff, 0x0,
    0xcf, 0xc8, 0x6f, 0xf0, 0x4f, 0xb0, 0x2, 0xff,
    0x3, 0xfe, 0x66, 0xcf, 0xf0, 0x7, 0xef, 0xd4,
    0xef, 0x10,

    /* U+00E4 "ä" */
    0x6, 0xfd, 0xb, 0xf7, 0x0, 0x6f, 0xd0, 0xbf,
    0x70, 0x1, 0x22, 0x1, 0x21, 0x0, 0x19, 0xef,
    0xe9, 0x0, 0xc, 0xfa, 0x7c, 0xfa, 0x0, 0x76,
    0x0, 0x1f, 0xe0, 0x0, 0x59, 0xbe, 0xff, 0x0,
    0xcf, 0xc8, 0x6f, 0xf0, 0x4f, 0xb0, 0x2, 0xff,
    0x3, 0xfe, 0x66, 0xcf, 0xf0, 0x7, 0xef, 0xd4,
    0xef, 0x10,

    /* U+00E5 "å" */
    0x0, 0x8, 0xe9, 0x0, 0x0, 0x2, 0xf2, 0xe3,
    0x0, 0x0, 0xb, 0xfc, 0x0, 0x0, 0x0, 0x1,
    0x0, 0x0, 0x1, 0x9e, 0xfe, 0x90, 0x0, 0xcf,
    0xa7, 0xcf, 0xa0, 0x7, 0x60, 0x1, 0xfe, 0x0,
    0x5, 0x9b, 0xef, 0xf0, 0xc, 0xfc, 0x86, 0xff,
    0x4, 0xfb, 0x0, 0x2f, 0xf0, 0x3f, 0xe6, 0x6c,
    0xff, 0x0, 0x7e, 0xfd, 0x4e, 0xf1,

    /* U+00E6 "æ" */
    0x1, 0xae, 0xfe, 0x85, 0xcf, 0xfa, 0x20, 0xd,
    0xfa, 0x7c, 0xff, 0xd8, 0x8f, 0xe1, 0x3, 0x30,
    0x4, 0xff, 0x31, 0x17, 0xf7, 0x1, 0x9d, 0xff,
    0xff, 0xff, 0xff, 0xfa, 0x1e, 0xf7, 0x34, 0xfe,
    0x44, 0x44, 0x42, 0x5f, 0xb0, 0x6, 0xff, 0x20,
    0x6, 0xa3, 0x3f, 0xf8, 0x9f, 0xbf, 0xe8, 0x9f,
    0xd0, 0x6, 0xef, 0xd7, 0x4, 0xcf, 0xfa, 0x10,

    /* U+00E7 "ç" */
    0x0, 0x8d, 0xfe, 0x91, 0x0, 0xbf, 0xd9, 0xbf,
    0xd0, 0x4f, 0xe0, 0x0, 0x9d, 0x48, 0xf9, 0x0,
    0x0, 0x0, 0x8f, 0x90, 0x0, 0x0, 0x4, 0xfe,
    0x10, 0x9, 0xd4, 0xb, 0xfd, 0x9b, 0xfd, 0x0,
    0x8, 0xef, 0xe9, 0x10, 0x0, 0x4, 0xf7, 0x0,
    0x0, 0x4, 0x65, 0xf5, 0x0, 0x0, 0x4d, 0xfc,
    0x10, 0x0,

    /* U+00E8 "è" */
    0x0, 0xaf, 0xd0, 0x0, 0x0, 0x0, 0x9f, 0x80,
    0x0, 0x0, 0x0, 0x56, 0x0, 0x0, 0x7, 0xdf,
    0xea, 0x20, 0xb, 0xfc, 0x79, 0xfe, 0x24, 0xfd,
    0x11, 0x18, 0xf8, 0x8f, 0xff, 0xff, 0xff, 0xb8,
    0xfa, 0x44, 0x44, 0x42, 0x4f, 0xc0, 0x0, 0x48,
    0x30, 0xbf, 0xc8, 0x9f, 0xd0, 0x0, 0x7d, 0xfe,
    0xa1, 0x0,

    /* U+00E9 "é" */
    0x0, 0x0, 0x6f, 0xf3, 0x0, 0x0, 0x2f, 0xe3,
    0x0, 0x0, 0x3, 0x62, 0x0, 0x0, 0x7, 0xdf,
    0xea, 0x20, 0xb, 0xfc, 0x79, 0xfe, 0x24, 0xfd,
    0x11, 0x18, 0xf8, 0x8f, 0xff, 0xff, 0xff, 0xb8,
    0xfa, 0x44, 0x44, 0x42, 0x4f, 0xc0, 0x0, 0x48,
    0x30, 0xbf, 0xc8, 0x9f, 0xd0, 0x0, 0x7d, 0xfe,
    0xa1, 0x0,

    /* U+00EA "ê" */
    0x0, 0x1c, 0xff, 0x50, 0x0, 0x1d, 0xc1, 0x7f,
    0x50, 0x0, 0x0, 0x0, 0x0, 0x0, 0x7, 0xdf,
    0xea, 0x20, 0xb, 0xfc, 0x79, 0xfe, 0x24, 0xfd,
    0x11, 0x18, 0xf8, 0x8f, 0xff, 0xff, 0xff, 0xb8,
    0xfa, 0x44, 0x44, 0x42, 0x4f, 0xc0, 0x0, 0x48,
    0x30, 0xbf, 0xc8, 0x9f, 0xd0, 0x0, 0x7d, 0xfe,
    0xa1, 0x0,

    /* U+00EB "ë" */
    0x3, 0xff, 0x8, 0xfa, 0x0, 0x3f, 0xf0, 0x8f,
    0xa0, 0x0, 0x22, 0x1, 0x21, 0x0, 0x7, 0xdf,
    0xea, 0x20, 0xb, 0xfc, 0x79, 0xfe, 0x24, 0xfd,
    0x11, 0x18, 0xf8, 0x8f, 0xff, 0xff, 0xff, 0xb8,
    0xfa, 0x44, 0x44, 0x42, 0x4f, 0xc0, 0x0, 0x48,
    0x30, 0xbf, 0xc8, 0x9f, 0xd0, 0x0, 0x7d, 0xfe,
    0xa1, 0x0,

    /* U+00EC "ì" */
    0x6f, 0xf3, 0x0, 0x4f, 0xd0, 0x0, 0x36, 0x20,
    0xe, 0xf1, 0x0, 0xef, 0x10, 0xe, 0xf1, 0x0,
    0xef, 0x10, 0xe, 0xf1, 0x0, 0xef, 0x10, 0xe,
    0xf1, 0x0, 0xef, 0x10,

    /* U+00ED "í" */
    0x1, 0xff, 0x80, 0xb, 0xf7, 0x0, 0x16, 0x40,
    0x0, 0xe, 0xf1, 0x0, 0xe, 0xf1, 0x0, 0xe,
    0xf1, 0x0, 0xe, 0xf1, 0x0, 0xe, 0xf1, 0x0,
    0xe, 0xf1, 0x0, 0xe, 0xf1, 0x0, 0xe, 0xf1,
    0x0,

    /* U+00EE "î" */
    0x0, 0x8f, 0xfa, 0x0, 0x8, 0xd3, 0x2d, 0xa0,
    0x0, 0x0, 0x0, 0x0, 0x0, 0xe, 0xf1, 0x0,
    0x0, 0xe, 0xf1, 0x0, 0x0, 0xe, 0xf1, 0x0,
    0x0, 0xe, 0xf1, 0x0, 0x0, 0xe, 0xf1, 0x0,
    0x0, 0xe, 0xf1, 0x0, 0x0, 0xe, 0xf1, 0x0,
    0x0, 0xe, 0xf1, 0x0,

    /* U+00EF "ï" */
    0xdf, 0x53, 0xff, 0xd, 0xf5, 0x3f, 0xf0, 0x22,
    0x0, 0x22, 0x0, 0xe, 0xf1, 0x0, 0x0, 0xef,
    0x10, 0x0, 0xe, 0xf1, 0x0, 0x0, 0xef, 0x10,
    0x0, 0xe, 0xf1, 0x0, 0x0, 0xef, 0x10, 0x0,
    0xe, 0xf1, 0x0, 0x0, 0xef, 0x10, 0x0,

    /* U+00F0 "ð" */
    0x0, 0x0, 0x0, 0x12, 0x0, 0x0, 0xfe, 0xb9,
    0xf9, 0x0, 0x1, 0x6d, 0xff, 0xf4, 0x0, 0x0,
    0x2d, 0x63, 0xdf, 0x30, 0x0, 0x7d, 0xfe, 0xaf,
    0xc0, 0xa, 0xfe, 0x9a, 0xff, 0xf1, 0x3f, 0xf2,
    0x0, 0x5f, 0xf3, 0x6f, 0xc0, 0x0, 0xf, 0xf3,
    0x6f, 0xb0, 0x0, 0xf, 0xf1, 0x3f, 0xf2, 0x0,
    0x6f, 0xc0, 0xa, 0xfe, 0xab, 0xff, 0x30, 0x0,
    0x7d, 0xff, 0xb3, 0x0,

    /* U+00F1 "ñ" */
    0x4, 0xef, 0x81, 0xd7, 0xd, 0xa7, 0xef, 0xe1,
    0x3, 0x10, 0x3, 0x0, 0xef, 0x2b, 0xff, 0xa1,
    0xef, 0xe9, 0x7d, 0xf9, 0xef, 0x60, 0x4, 0xfd,
    0xef, 0x20, 0x3, 0xfd, 0xef, 0x10, 0x3, 0xfd,
    0xef, 0x10, 0x3, 0xfd, 0xef, 0x10, 0x3, 0xfd,
    0xef, 0x10, 0x3, 0xfd,

    /* U+00F2 "ò" */
    0x0, 0xaf, 0xd0, 0x0, 0x0, 0x0, 0x9, 0xf9,
    0x0, 0x0, 0x0, 0x0, 0x56, 0x0, 0x0, 0x0,
    0x7d, 0xff, 0xb3, 0x0, 0xb, 0xfe, 0x9a, 0xff,
    0x40, 0x4f, 0xe1, 0x0, 0x6f, 0xd0, 0x8f, 0x90,
    0x0, 0xf, 0xf1, 0x8f, 0x90, 0x0, 0xf, 0xf1,
    0x4f, 0xe1, 0x0, 0x7f, 0xd0, 0xb, 0xfe, 0x9b,
    0xff, 0x40, 0x0, 0x7d, 0xff, 0xb3, 0x0,

    /* U+00F3 "ó" */
    0x0, 0x0, 0x5f, 0xf4, 0x0, 0x0, 0x1, 0xee,
    0x30, 0x0, 0x0, 0x3, 0x62, 0x0, 0x0, 0x0,
    0x7d, 0xff, 0xb3, 0x0, 0xb, 0xfe, 0x9a, 0xff,
    0x40, 0x4f, 0xe1, 0x0, 0x6f, 0xd0, 0x8f, 0x90,
    0x0, 0xf, 0xf1, 0x8f, 0x90, 0x0, 0xf, 0xf1,
    0x4f, 0xe1, 0x0, 0x7f, 0xd0, 0xb, 0xfe, 0x9b,
    0xff, 0x40, 0x0, 0x7d, 0xff, 0xb3, 0x0,

    /* U+00F4 "ô" */
    0x0, 0xc, 0xff, 0x60, 0x0, 0x1, 0xcd, 0x16,
    0xf6, 0x0, 0x0, 0x0, 0x0, 0x0, 0x0, 0x0,
    0x7d, 0xff, 0xb3, 0x0, 0xb, 0xfe, 0x9a, 0xff,
    0x40, 0x4f, 0xe1, 0x0, 0x6f, 0xd0, 0x8f, 0x90,
    0x0, 0xf, 0xf1, 0x8f, 0x90, 0x0, 0xf, 0xf1,
    0x4f, 0xe1, 0x0, 0x7f, 0xd0, 0xb, 0xfe, 0x9b,
    0xff, 0x40, 0x0, 0x7d, 0xff, 0xb3, 0x0,

    /* U+00F5 "õ" */
    0x0, 0x0, 0x0, 0x0, 0x0, 0x2, 0xdf, 0xff,
    0xfc, 0x0, 0x1, 0x45, 0x44, 0x30, 0x0, 0x0,
    0x0, 0x0, 0x0, 0x0, 0x0, 0x7d, 0xff, 0xb3,
    0x0, 0xb, 0xfe, 0x9a, 0xff, 0x40, 0x4f, 0xe1,
    0x0, 0x6f, 0xd0, 0x8f, 0x90, 0x0, 0xf, 0xf1,
    0x8f, 0x90, 0x0, 0xf, 0xf1, 0x4f, 0xe1, 0x0,
    0x7f, 0xd0, 0xb, 0xfe, 0x9b, 0xff, 0x40, 0x0,
    0x7d, 0xff, 0xb3, 0x0,

    /* U+00F6 "ö" */
    0x2, 0xff, 0x7, 0xfb, 0x0, 0x2, 0xff, 0x7,
    0xfb, 0x0, 0x0, 0x22, 0x1, 0x21, 0x0, 0x0,
    0x7d, 0xff, 0xb3, 0x0, 0xb, 0xfe, 0x9a, 0xff,
    0x40, 0x4f, 0xe1, 0x0, 0x6f, 0xd0, 0x8f, 0x90,
    0x0, 0xf, 0xf1, 0x8f, 0x90, 0x0, 0xf, 0xf1,
    0x4f, 0xe1, 0x0, 0x7f, 0xd0, 0xb, 0xfe, 0x9b,
    0xff, 0x40, 0x0, 0x7d, 0xff, 0xb3, 0x0,

    /* U+00F7 "÷" */
    0x0, 0x0, 0x10, 0x0, 0x0, 0x9, 0xf4, 0x0,
    0x0, 0x8, 0xf3, 0x0, 0x2, 0x22, 0x22, 0x21,
    0x2f, 0xff, 0xff, 0xfd, 0x5, 0x55, 0x65, 0x54,
    0x0, 0x9, 0xf4, 0x0, 0x0, 0x8, 0xf3, 0x0,

    /* U+00F8 "ø" */
    0x0, 0x0, 0x0, 0x0, 0x0, 0x0, 0x7d, 0xff,
    0xb9, 0xb0, 0xb, 0xfd, 0x89, 0xff, 0x90, 0x4f,
    0xd0, 0x9, 0xff, 0xd0, 0x8f, 0x80, 0xaf, 0x5f,
    0xf1, 0x8f, 0x9b, 0xf4, 0xf, 0xf1, 0x4f, 0xfe,
    0x30, 0x5f, 0xd0, 0x1f, 0xfe, 0x8a, 0xff, 0x40,
    0x3d, 0x8d, 0xff, 0xb3, 0x0, 0x0, 0x0, 0x0,
    0x0, 0x0,

    /* U+00F9 "ù" */
    0x0, 0x9f, 0xe1, 0x0, 0x0, 0x0, 0x8f, 0xa0,
    0x0, 0x0, 0x0, 0x46, 0x0, 0x0, 0xff, 0x0,
    0x7, 0xf9, 0xf, 0xf0, 0x0, 0x7f, 0x90, 0xff,
    0x0, 0x7, 0xf9, 0xf, 0xf0, 0x0, 0x7f, 0x90,
    0xff, 0x0, 0x7, 0xf9, 0xf, 0xf1, 0x0, 0xdf,
    0x90, 0xcf, 0xd9, 0xde, 0xf9, 0x2, 0xcf, 0xe8,
    0x6f, 0x90,

    /* U+00FA "ú" */
    0x0, 0x0, 0x4f, 0xf5, 0x0, 0x0, 0x1e, 0xf4,
    0x0, 0x0, 0x3, 0x62, 0x0, 0x0, 0xff, 0x0,
    0x7, 0xf9, 0xf, 0xf0, 0x0, 0x7f, 0x90, 0xff,
    0x0, 0x7, 0xf9, 0xf, 0xf0, 0x0, 0x7f, 0x90,
    0xff, 0x0, 0x7, 0xf9, 0xf, 0xf1, 0x0, 0xdf,
    0x90, 0xcf, 0xd9, 0xde, 0xf9, 0x2, 0xcf, 0xe8,
    0x6f, 0x90,

    /* U+00FB "û" */
    0x0, 0xb, 0xef, 0x70, 0x0, 0xb, 0xc1, 0x4e,
    0x70, 0x0, 0x0, 0x0, 0x0, 0x0, 0xff, 0x0,
    0x7, 0xf9, 0xf, 0xf0, 0x0, 0x7f, 0x90, 0xff,
    0x0, 0x7, 0xf9, 0xf, 0xf0, 0x0, 0x7f, 0x90,
    0xff, 0x0, 0x7, 0xf9, 0xf, 0xf1, 0x0, 0xdf,
    0x90, 0xcf, 0xd9, 0xde, 0xf9, 0x2, 0xcf, 0xe8,
    0x6f, 0x90,

    /* U+00FC "ü" */
    0x1, 0xff, 0x16, 0xfc, 0x0, 0x1f, 0xf1, 0x6f,
    0xc0, 0x0, 0x22, 0x1, 0x21, 0x0, 0xff, 0x0,
    0x7, 0xf9, 0xf, 0xf0, 0x0, 0x7f, 0x90, 0xff,
    0x0, 0x7, 0xf9, 0xf, 0xf0, 0x0, 0x7f, 0x90,
    0xff, 0x0, 0x7, 0xf9, 0xf, 0xf1, 0x0, 0xdf,
    0x90, 0xcf, 0xd9, 0xde, 0xf9, 0x2, 0xcf, 0xe8,
    0x6f, 0x90,

    /* U+00FD "ý" */
    0x0, 0x0, 0xcf, 0xb0, 0x0, 0x0, 0x8f, 0xa0,
    0x0, 0x0, 0x6, 0x50, 0x0, 0xb, 0xf7, 0x0,
    0xd, 0xf4, 0x4f, 0xd0, 0x3, 0xfd, 0x0, 0xdf,
    0x40, 0x9f, 0x60, 0x6, 0xfa, 0xf, 0xe0, 0x0,
    0xf, 0xf7, 0xf8, 0x0, 0x0, 0x9f, 0xff, 0x10,
    0x0, 0x2, 0xff, 0xa0, 0x0, 0x0, 0xd, 0xf2,
    0x0, 0x0, 0x4, 0xfb, 0x0, 0x0, 0x0, 0xbf,
    0x40, 0x0, 0x0, 0x3f, 0xd0, 0x0, 0x0,

    /* U+00FE "þ" */
    0xef, 0x10, 0x0, 0x0, 0xe, 0xf1, 0x0, 0x0,
    0x0, 0xef, 0x10, 0x0, 0x0, 0xe, 0xf4, 0xcf,
    0xfa, 0x10, 0xef, 0xfb, 0x9e, 0xfc, 0xe, 0xf7,
    0x0, 0x1f, 0xf3, 0xef, 0x10, 0x0, 0xbf, 0x6e,
    0xf1, 0x0, 0xb, 0xf6, 0xef, 0x70, 0x1, 0xff,
    0x3e, 0xff, 0xba, 0xef, 0xb0, 0xef, 0x4c, 0xfe,
    0x90, 0xe, 0xf1, 0x0, 0x0, 0x0, 0xef, 0x10,
    0x0, 0x0, 0xe, 0xf1, 0x0, 0x0, 0x0,

    /* U+00FF "ÿ" */
    0xa, 0xf8, 0xf, 0xf3, 0x0, 0xaf, 0x80, 0xff,
    0x30, 0x1, 0x21, 0x2, 0x20, 0xb, 0xf7, 0x0,
    0xd, 0xf4, 0x4f, 0xd0, 0x3, 0xfd, 0x0, 0xdf,
    0x40, 0x9f, 0x60, 0x6, 0xfa, 0xf, 0xe0, 0x0,
    0xf, 0xf7, 0xf8, 0x0, 0x0, 0x9f, 0xff, 0x10,
    0x0, 0x2, 0xff, 0xa0, 0x0, 0x0, 0xd, 0xf2,
    0x0, 0x0, 0x4, 0xfb, 0x0, 0x0, 0x0, 0xbf,
    0x40, 0x0, 0x0, 0x3f, 0xd0, 0x0, 0x0,

    /* U+0100 "Ā" */
    0x0, 0x1, 0x11, 0x11, 0x10, 0x0, 0x0, 0xf,
    0xff, 0xff, 0xb0, 0x0, 0x0, 0x4, 0x44, 0x44,
    0x30, 0x0, 0x0, 0x0, 0x0, 0x0, 0x0, 0x0,
    0x0, 0x0, 0x8f, 0xf4, 0x0, 0x0, 0x0, 0x0,
    0xef, 0xfa, 0x0, 0x0, 0x0, 0x4, 0xf9, 0xef,
    0x0, 0x0, 0x0, 0xa, 0xf3, 0x9f, 0x60, 0x0,
    0x0, 0x1f, 0xd0, 0x3f, 0xc0, 0x0, 0x0, 0x6f,
    0x70, 0xd, 0xf2, 0x0, 0x0, 0xdf, 0xb9, 0x9d,
    0xf8, 0x0, 0x3, 0xff, 0xff, 0xff, 0xfe, 0x0,
    0x9, 0xf6, 0x0, 0x0, 0xcf, 0x50, 0xf, 0xf1,
    0x0, 0x0, 0x6f, 0xb0, 0x5f, 0xa0, 0x0, 0x0,
    0x1f, 0xf1,

    /* U+0101 "ā" */
    0x5, 0xff, 0xff, 0xf7, 0x0, 0x26, 0x66, 0x66,
    0x20, 0x0, 0x0, 0x0, 0x0, 0x0, 0x19, 0xef,
    0xe9, 0x0, 0xc, 0xfa, 0x7c, 0xfa, 0x0, 0x76,
    0x0, 0x1f, 0xe0, 0x0, 0x59, 0xbe, 0xff, 0x0,
    0xcf, 0xc8, 0x6f, 0xf0, 0x4f, 0xb0, 0x2, 0xff,
    0x3, 0xfe, 0x66, 0xcf, 0xf0, 0x7, 0xef, 0xd4,
    0xef, 0x10,

    /* U+0102 "Ă" */
    0x0, 0x6, 0x40, 0x6, 0x40, 0x0, 0x0, 0xa,
    0xd2, 0x4f, 0x60, 0x0, 0x0, 0x2, 0xef, 0xfb,
    0x0, 0x0, 0x0, 0x0, 0x3, 0x30, 0x0, 0x0,
    0x0, 0x0, 0x8f, 0xf4, 0x0, 0x0, 0x0, 0x0,
    0xef, 0xfa, 0x0, 0x0, 0x0, 0x4, 0xf9, 0xef,
    0x0, 0x0, 0x0, 0xa, 0xf3, 0x9f, 0x60, 0x0,
    0x0, 0x1f, 0xd0, 0x3f, 0xc0, 0x0, 0x0, 0x6f,
    0x70, 0xd, 0xf2, 0x0, 0x0, 0xdf, 0xb9, 0x9d,
    0xf8, 0x0, 0x3, 0xff, 0xff, 0xff, 0xfe, 0x0,
    0x9, 0xf6, 0x0, 0x0, 0xcf, 0x50, 0xf, 0xf1,
    0x0, 0x0, 0x6f, 0xb0, 0x5f, 0xa0, 0x0, 0x0,
    0x1f, 0xf1,

    /* U+0103 "ă" */
    0x1, 0xf8, 0x16, 0xf3, 0x0, 0x8, 0xff, 0xf9,
    0x0, 0x0, 0x2, 0x42, 0x0, 0x0, 0x8, 0xef,
    0xe9, 0x0, 0xa, 0xfb, 0x7c, 0xfa, 0x0, 0xdc,
    0x0, 0x1f, 0xe0, 0x0, 0x4, 0x68, 0xff, 0x0,
    0x8f, 0xeb, 0x9f, 0xf0, 0x4f, 0xc0, 0x2, 0xff,
    0x4, 0xfe, 0x66, 0xcf, 0xf0, 0x8, 0xef, 0xd5,
    0xef, 0x10,

    /* U+0104 "Ą" */
    0x0, 0x0, 0x8f, 0xf4, 0x0, 0x0, 0x0, 0x0,
    0xef, 0xfa, 0x0, 0x0, 0x0, 0x4, 0xf9, 0xef,
    0x0, 0x0, 0x0, 0xa, 0xf3, 0x9f, 0x60, 0x0,
    0x0, 0x1f, 0xd0, 0x3f, 0xc0, 0x0, 0x0, 0x6f,
    0x70, 0xd, 0xf2, 0x0, 0x0, 0xdf, 0xb9, 0x9d,
    0xf8, 0x0, 0x3, 0xff, 0xff, 0xff, 0xfe, 0x0,
    0x9, 0xf6, 0x0, 0x0, 0xcf, 0x50, 0xf, 0xf1,
    0x0, 0x0, 0x6f, 0xb0, 0x5f, 0xa0, 0x0, 0x0,
    0x1f, 0xf1, 0x0, 0x0, 0x0, 0x0, 0xa, 0x90,
    0x0, 0x0, 0x0, 0x0, 0x7e, 0x10, 0x0, 0x0,
    0x0, 0x0, 0x3e, 0xf3,

    /* U+0105 "ą" */
    0x1, 0x9e, 0xfe, 0x90, 0x0, 0xcf, 0xa7, 0xcf,
    0xa0, 0x7, 0x60, 0x1, 0xfe, 0x0, 0x5, 0x9b,
    0xef, 0xf0, 0xc, 0xfc, 0x86, 0xff, 0x4, 0xfb,
    0x0, 0x2f, 0xf0, 0x3f, 0xe6, 0x6c, 0xff, 0x0,
    0x7e, 0xfd, 0x4e, 0xf1, 0x0, 0x0, 0x1, 0xb7,
    0x0, 0x0, 0x0, 0x8d, 0x10, 0x0, 0x0, 0x5,
    0xef, 0x20,

    /* U+0106 "Ć" */
    0x0, 0x0, 0x0, 0xef, 0x90, 0x0, 0x0, 0x0,
    0xa, 0xf8, 0x0, 0x0, 0x0, 0x0, 0x6, 0x50,
    0x0, 0x0, 0x0, 0x0, 0x0, 0x0, 0x0, 0x0,
    0x0, 0x6, 0xcf, 0xfe, 0x91, 0x0, 0x0, 0xbf,
    0xfb, 0xad, 0xfe, 0x30, 0x9, 0xfc, 0x10, 0x0,
    0x7f, 0xe0, 0x1f, 0xf2, 0x0, 0x0, 0xc, 0xf4,
    0x5f, 0xc0, 0x0, 0x0, 0x0, 0x10, 0x6f, 0xb0,
    0x0, 0x0, 0x0, 0x0, 0x5f, 0xd0, 0x0, 0x0,
    0x0, 0x10, 0x1f, 0xf2, 0x0, 0x0, 0xc, 0xf5,
    0x8, 0xfd, 0x20, 0x0, 0x7f, 0xe0, 0x0, 0xbf,
    0xfb, 0xad, 0xff, 0x30, 0x0, 0x5, 0xcf, 0xfe,
    0x91, 0x0,

    /* U+0107 "ć" */
    0x0, 0x0, 0x7f, 0xe3, 0x0, 0x0, 0x2f, 0xd2,
    0x0, 0x0, 0x4, 0x61, 0x0, 0x0, 0x8, 0xdf,
    0xe9, 0x10, 0xb, 0xfd, 0x9b, 0xfd, 0x4, 0xfe,
    0x0, 0x9, 0xd4, 0x8f, 0x90, 0x0, 0x0, 0x8,
    0xf9, 0x0, 0x0, 0x0, 0x4f, 0xe1, 0x0, 0x9d,
    0x40, 0xbf, 0xd9, 0xbf, 0xd0, 0x0, 0x8d, 0xfe,
    0x91, 0x0,

    /* U+010A "Ċ" */
    0x0, 0x0, 0xe, 0xf4, 0x0, 0x0, 0x0, 0x0,
    0xe, 0xf4, 0x0, 0x0, 0x0, 0x0, 0x2, 0x20,
    0x0, 0x0, 0x0, 0x0, 0x0, 0x0, 0x0, 0x0,
    0x0, 0x6, 0xcf, 0xfe, 0x91, 0x0, 0x0, 0xbf,
    0xfb, 0xad, 0xfe, 0x30, 0x9, 0xfc, 0x10, 0x0,
    0x7f, 0xe0, 0x1f, 0xf2, 0x0, 0x0, 0xc, 0xf4,
    0x5f, 0xc0, 0x0, 0x0, 0x0, 0x10, 0x6f, 0xb0,
    0x0, 0x0, 0x0, 0x0, 0x5f, 0xd0, 0x0, 0x0,
    0x0, 0x10, 0x1f, 0xf2, 0x0, 0x0, 0xc, 0xf5,
    0x8, 0xfd, 0x20, 0x0, 0x7f, 0xe0, 0x0, 0xbf,
    0xfb, 0xad, 0xff, 0x30, 0x0, 0x5, 0xcf, 0xfe,
    0x91, 0x0,

    /* U+010B "ċ" */
    0x0, 0x7, 0xfc, 0x0, 0x0, 0x0, 0x7f, 0xc0,
    0x0, 0x0, 0x1, 0x21, 0x0, 0x0, 0x8, 0xdf,
    0xe9, 0x10, 0xb, 0xfd, 0x9b, 0xfd, 0x4, 0xfe,
    0x0, 0x9, 0xd4, 0x8f, 0x90, 0x0, 0x0, 0x8,
    0xf9, 0x0, 0x0, 0x0, 0x4f, 0xe1, 0x0, 0x9d,
    0x40, 0xbf, 0xd9, 0xbf, 0xd0, 0x0, 0x8d, 0xfe,
    0x91, 0x0,

    /* U+010C "Č" */
    0x0, 0x8, 0xf5, 0x2d, 0xd1, 0x0, 0x0, 0x0,
    0xbf, 0xfe, 0x20, 0x0, 0x0, 0x0, 0x7, 0x83,
    0x0, 0x0, 0x0, 0x0, 0x0, 0x0, 0x0, 0x0,
    0x0, 0x6, 0xcf, 0xfe, 0x91, 0x0, 0x0, 0xbf,
    0xfb, 0xad, 0xfe, 0x30, 0x9, 0xfc, 0x10, 0x0,
    0x7f, 0xe0, 0x1f, 0xf2, 0x0, 0x0, 0xc, 0xf4,
    0x5f, 0xc0, 0x0, 0x0, 0x0, 0x10, 0x6f, 0xb0,
    0x0, 0x0, 0x0, 0x0, 0x5f, 0xd0, 0x0, 0x0,
    0x0, 0x10, 0x1f, 0xf2, 0x0, 0x0, 0xc, 0xf5,
    0x8, 0xfd, 0x20, 0x0, 0x7f, 0xe0, 0x0, 0xbf,
    0xfb, 0xad, 0xff, 0x30, 0x0, 0x5, 0xcf, 0xfe,
    0x91, 0x0,

    /* U+010D "č" */
    0x2, 0xec, 0x28, 0xf5, 0x0, 0x2, 0xef, 0xf5,
    0x0, 0x0, 0x0, 0x21, 0x0, 0x0, 0x8, 0xdf,
    0xe8, 0x0, 0xb, 0xfd, 0x9c, 0xfb, 0x4, 0xfe,
    0x0, 0xc, 0xf3, 0x8f, 0x90, 0x0, 0x24, 0x18,
    0xf9, 0x0, 0x0, 0x0, 0x4f, 0xe1, 0x0, 0x7b,
    0x30, 0xbf, 0xd9, 0xbf, 0xd0, 0x0, 0x8d, 0xfe,
    0x91, 0x0,

    /* U+010E "Ď" */
    0x0, 0x7, 0x70, 0x6, 0x70, 0x0, 0x0, 0x4,
    0xfb, 0xaf, 0x60, 0x0, 0x0, 0x0, 0x6f, 0xf8,
    0x0, 0x0, 0x0, 0x0, 0x0, 0x0, 0x0, 0x0,
    0xf, 0xff, 0xff, 0xeb, 0x50, 0x0, 0xf, 0xfa,
    0x99, 0xcf, 0xfb, 0x0, 0xf, 0xf1, 0x0, 0x2,
    0xdf, 0xa0, 0xf, 0xf1, 0x0, 0x0, 0x1f, 0xf2,
    0xf, 0xf1, 0x0, 0x0, 0xb, 0xf6, 0xf, 0xf1,
    0x0, 0x0, 0xa, 0xf7, 0xf, 0xf1, 0x0, 0x0,
    0xc, 0xf6, 0xf, 0xf1, 0x0, 0x0, 0x2f, 0xf2,
    0xf, 0xf1, 0x0, 0x2, 0xdf, 0x90, 0xf, 0xfa,
    0x99, 0xcf, 0xfa, 0x0, 0xf, 0xff, 0xff, 0xeb,
    0x40, 0x0,

    /* U+010F "ď" */
    0x0, 0x0, 0x0, 0x2f, 0xd3, 0xf7, 0x0, 0x0,
    0x0, 0x2f, 0xd3, 0xf5, 0x0, 0x0, 0x0, 0x2f,
    0xd3, 0xf3, 0x1, 0x9e, 0xfc, 0x5f, 0xd1, 0x81,
    0xc, 0xfe, 0xab, 0xff, 0xd0, 0x0, 0x4f, 0xe1,
    0x0, 0x8f, 0xd0, 0x0, 0x7f, 0xa0, 0x0, 0x2f,
    0xd0, 0x0, 0x7f, 0xa0, 0x0, 0x2f, 0xd0, 0x0,
    0x4f, 0xe1, 0x0, 0x8f, 0xd0, 0x0, 0xd, 0xfe,
    0xab, 0xff, 0xd0, 0x0, 0x1, 0xaf, 0xfb, 0x4f,
    0xd0, 0x0,

    /* U+0110 "Đ" */
    0xc, 0xff, 0xff, 0xec, 0x60, 0x0, 0xc, 0xfb,
    0x99, 0xbf, 0xfd, 0x20, 0xc, 0xf4, 0x0, 0x1,
    0xaf, 0xd0, 0xc, 0xf4, 0x0, 0x0, 0xd, 0xf5,
    0x8e, 0xfb, 0x99, 0x20, 0x8, 0xf9, 0xef, 0xff,
    0xff, 0x30, 0x7, 0xfb, 0xc, 0xf4, 0x0, 0x0,
    0x8, 0xf9, 0xc, 0xf4, 0x0, 0x0, 0xe, 0xf5,
    0xc, 0xf4, 0x0, 0x1, 0xbf, 0xc0, 0xc, 0xfb,
    0x99, 0xbf, 0xfd, 0x10, 0xc, 0xff, 0xff, 0xeb,
    0x60, 0x0,

    /* U+0111 "đ" */
    0x0, 0x0, 0x0, 0x3f, 0xd0, 0x0, 0x0, 0xff,
    0xff, 0xff, 0x0, 0x0, 0x33, 0x5f, 0xe3, 0x1,
    0x9e, 0xfc, 0x5f, 0xd0, 0xc, 0xfe, 0xab, 0xff,
    0xd0, 0x4f, 0xe1, 0x0, 0x8f, 0xd0, 0x7f, 0xa0,
    0x0, 0x2f, 0xd0, 0x7f, 0xa0, 0x0, 0x2f, 0xd0,
    0x4f, 0xe1, 0x0, 0x8f, 0xd0, 0xd, 0xfe, 0xab,
    0xff, 0xd0, 0x1, 0xaf, 0xfb, 0x4f, 0xd0,

    /* U+0112 "Ē" */
    0x0, 0x11, 0x11, 0x11, 0x0, 0x0, 0xaf, 0xff,
    0xff, 0x10, 0x0, 0x34, 0x44, 0x44, 0x0, 0x0,
    0x0, 0x0, 0x0, 0x0, 0xf, 0xff, 0xff, 0xff,
    0xf1, 0xf, 0xfa, 0x99, 0x99, 0x91, 0xf, 0xf1,
    0x0, 0x0, 0x0, 0xf, 0xf1, 0x0, 0x0, 0x0,
    0xf, 0xf9, 0x99, 0x99, 0x60, 0xf, 0xff, 0xff,
    0xff, 0xb0, 0xf, 0xf1, 0x0, 0x0, 0x0, 0xf,
    0xf1, 0x0, 0x0, 0x0, 0xf, 0xf1, 0x0, 0x0,
    0x0, 0xf, 0xfa, 0x99, 0x99, 0x92, 0xf, 0xff,
    0xff, 0xff, 0xf4,

    /* U+0113 "ē" */
    0x2, 0xff, 0xff, 0xf9, 0x0, 0x16, 0x66, 0x66,
    0x40, 0x0, 0x0, 0x0, 0x0, 0x0, 0x7, 0xdf,
    0xea, 0x20, 0xb, 0xfc, 0x79, 0xfe, 0x24, 0xfd,
    0x11, 0x18, 0xf8, 0x8f, 0xff, 0xff, 0xff, 0xb8,
    0xfa, 0x44, 0x44, 0x42, 0x4f, 0xc0, 0x0, 0x48,
    0x30, 0xbf, 0xc8, 0x9f, 0xd0, 0x0, 0x7d, 0xfe,
    0xa1, 0x0,

    /* U+0116 "Ė" */
    0x0, 0x0, 0x22, 0x0, 0x0, 0x0, 0x0, 0xef,
    0x50, 0x0, 0x0, 0x0, 0xef, 0x50, 0x0, 0x0,
    0x0, 0x0, 0x0, 0x0, 0xf, 0xff, 0xff, 0xff,
    0xf1, 0xf, 0xfa, 0x99, 0x99, 0x91, 0xf, 0xf1,
    0x0, 0x0, 0x0, 0xf, 0xf1, 0x0, 0x0, 0x0,
    0xf, 0xf9, 0x99, 0x99, 0x60, 0xf, 0xff, 0xff,
    0xff, 0xb0, 0xf, 0xf1, 0x0, 0x0, 0x0, 0xf,
    0xf1, 0x0, 0x0, 0x0, 0xf, 0xf1, 0x0, 0x0,
    0x0, 0xf, 0xfa, 0x99, 0x99, 0x92, 0xf, 0xff,
    0xff, 0xff, 0xf4,

    /* U+0117 "ė" */
    0x0, 0x6, 0xfd, 0x0, 0x0, 0x0, 0x6f, 0xd0,
    0x0, 0x0, 0x0, 0x21, 0x0, 0x0, 0x7, 0xdf,
    0xea, 0x20, 0xb, 0xfc, 0x79, 0xfe, 0x24, 0xfd,
    0x11, 0x18, 0xf8, 0x8f, 0xff, 0xff, 0xff, 0xb8,
    0xfa, 0x44, 0x44, 0x42, 0x4f, 0xc0, 0x0, 0x48,
    0x30, 0xbf, 0xc8, 0x9f, 0xd0, 0x0, 0x7d, 0xfe,
    0xa1, 0x0,

    /* U+0118 "Ę" */
    0xf, 0xff, 0xff, 0xff, 0xf1, 0xf, 0xfa, 0x99,
    0x99, 0x91, 0xf, 0xf1, 0x0, 0x0, 0x0, 0xf,
    0xf1, 0x0, 0x0, 0x0, 0xf, 0xff, 0xff, 0xff,
    0xb0, 0xf, 0xf9, 0x99, 0x99, 0x60, 0xf, 0xf1,
    0x0, 0x0, 0x0, 0xf, 0xf1, 0x0, 0x0, 0x0,
    0xf, 0xf1, 0x0, 0x0, 0x0, 0xf, 0xfa, 0x99,
    0x99, 0x92, 0xf, 0xff, 0xff, 0xff, 0xf4, 0x0,
    0x0, 0x0, 0x5c, 0x20, 0x0, 0x0, 0x1, 0xf6,
    0x10, 0x0, 0x0, 0x0, 0xbf, 0x90,

    /* U+0119 "ę" */
    0x0, 0x7d, 0xfe, 0xa2, 0x0, 0xbf, 0xc7, 0x9f,
    0xe2, 0x4f, 0xd1, 0x11, 0x8f, 0x88, 0xff, 0xff,
    0xff, 0xfb, 0x8f, 0xa4, 0x44, 0x44, 0x24, 0xfc,
    0x0, 0x4, 0x83, 0xb, 0xfc, 0x89, 0xfd, 0x0,
    0x7, 0xdf, 0xfc, 0x10, 0x0, 0x0, 0x8c, 0x0,
    0x0, 0x0, 0xf, 0x71, 0x0, 0x0, 0x0, 0x9f,
    0xb0, 0x0,

    /* U+011A "Ě" */
    0x0, 0x57, 0x10, 0x58, 0x10, 0x0, 0x2f, 0xd8,
    0xf8, 0x0, 0x0, 0x4, 0xff, 0xb0, 0x0, 0x0,
    0x0, 0x0, 0x0, 0x0, 0xf, 0xff, 0xff, 0xff,
    0xf1, 0xf, 0xfa, 0x99, 0x99, 0x91, 0xf, 0xf1,
    0x0, 0x0, 0x0, 0xf, 0xf1, 0x0, 0x0, 0x0,
    0xf, 0xf9, 0x99, 0x99, 0x60, 0xf, 0xff, 0xff,
    0xff, 0xb0, 0xf, 0xf1, 0x0, 0x0, 0x0, 0xf,
    0xf1, 0x0, 0x0, 0x0, 0xf, 0xf1, 0x0, 0x0,
    0x0, 0xf, 0xfa, 0x99, 0x99, 0x92, 0xf, 0xff,
    0xff, 0xff, 0xf4,

    /* U+011B "ě" */
    0x1, 0xdc, 0x27, 0xf6, 0x0, 0x1, 0xdf, 0xf6,
    0x0, 0x0, 0x0, 0x21, 0x0, 0x0, 0x7, 0xdf,
    0xea, 0x20, 0xb, 0xfc, 0x79, 0xfe, 0x24, 0xfd,
    0x11, 0x18, 0xf8, 0x8f, 0xff, 0xff, 0xff, 0xb8,
    0xfa, 0x44, 0x44, 0x42, 0x4f, 0xc0, 0x0, 0x48,
    0x30, 0xbf, 0xc8, 0x9f, 0xd0, 0x0, 0x7d, 0xfe,
    0xa1, 0x0,

    /* U+011E "Ğ" */
    0x0, 0x6, 0xf4, 0x1a, 0xe0, 0x0, 0x0, 0x0,
    0xcf, 0xff, 0x50, 0x0, 0x0, 0x0, 0x3, 0x41,
    0x0, 0x0, 0x0, 0x0, 0x0, 0x0, 0x0, 0x0,
    0x0, 0x6, 0xcf, 0xfe, 0x92, 0x0, 0x0, 0xbf,
    0xfb, 0xac, 0xff, 0x40, 0x9, 0xfc, 0x10, 0x0,
    0x5f, 0xf1, 0x1f, 0xf2, 0x0, 0x0, 0x7, 0x92,
    0x5f, 0xc0, 0x0, 0x0, 0x0, 0x0, 0x6f, 0xb0,
    0x0, 0x6f, 0xff, 0xf7, 0x5f, 0xc0, 0x0, 0x39,
    0x9d, 0xf7, 0x1f, 0xf2, 0x0, 0x0, 0xa, 0xf7,
    0x9, 0xfc, 0x10, 0x0, 0xc, 0xf7, 0x0, 0xbf,
    0xfb, 0xab, 0xef, 0xe2, 0x0, 0x6, 0xbe, 0xff,
    0xc7, 0x0,

    /* U+011F "ğ" */
    0x0, 0xea, 0x14, 0xf5, 0x0, 0x6, 0xff, 0xfb,
    0x0, 0x0, 0x1, 0x43, 0x0, 0x0, 0x19, 0xef,
    0xc4, 0xfd, 0xc, 0xfd, 0x9a, 0xef, 0xd4, 0xfe,
    0x10, 0x8, 0xfd, 0x7f, 0xa0, 0x0, 0x2f, 0xd7,
    0xfa, 0x0, 0x2, 0xfd, 0x4f, 0xe1, 0x0, 0x8f,
    0xd0, 0xcf, 0xd9, 0xae, 0xfd, 0x1, 0xaf, 0xfb,
    0x5f, 0xd0, 0x54, 0x0, 0x6, 0xfb, 0xd, 0xfd,
    0xac, 0xff, 0x30, 0x19, 0xef, 0xeb, 0x30,

    /* U+0120 "Ġ" */
    0x0, 0x0, 0xd, 0xf6, 0x0, 0x0, 0x0, 0x0,
    0xd, 0xf6, 0x0, 0x0, 0x0, 0x0, 0x1, 0x20,
    0x0, 0x0, 0x0, 0x0, 0x0, 0x0, 0x0, 0x0,
    0x0, 0x6, 0xcf, 0xfe, 0x92, 0x0, 0x0, 0xbf,
    0xfb, 0xac, 0xff, 0x40, 0x9, 0xfc, 0x10, 0x0,
    0x5f, 0xf1, 0x1f, 0xf2, 0x0, 0x0, 0x7, 0x92,
    0x5f, 0xc0, 0x0, 0x0, 0x0, 0x0, 0x6f, 0xb0,
    0x0, 0x6f, 0xff, 0xf7, 0x5f, 0xc0, 0x0, 0x39,
    0x9d, 0xf7, 0x1f, 0xf2, 0x0, 0x0, 0xa, 0xf7,
    0x9, 0xfc, 0x10, 0x0, 0xc, 0xf7, 0x0, 0xbf,
    0xfb, 0xab, 0xef, 0xe2, 0x0, 0x6, 0xbe, 0xff,
    0xc7, 0x0,

    /* U+0121 "ġ" */
    0x0, 0x6, 0xfd, 0x0, 0x0, 0x0, 0x6f, 0xd0,
    0x0, 0x0, 0x0, 0x21, 0x0, 0x0, 0x19, 0xef,
    0xc4, 0xfd, 0xc, 0xfd, 0x9a, 0xef, 0xd4, 0xfe,
    0x10, 0x8, 0xfd, 0x7f, 0xa0, 0x0, 0x2f, 0xd7,
    0xfa, 0x0, 0x2, 0xfd, 0x4f, 0xe1, 0x0, 0x8f,
    0xd0, 0xcf, 0xd9, 0xae, 0xfd, 0x1, 0xaf, 0xfb,
    0x5f, 0xd0, 0x54, 0x0, 0x6, 0xfb, 0xd, 0xfd,
    0xac, 0xff, 0x30, 0x19, 0xef, 0xeb, 0x30,

    /* U+0122 "Ģ" */
    0x0, 0x6, 0xcf, 0xfe, 0x92, 0x0, 0x0, 0xbf,
    0xfb, 0xac, 0xff, 0x40, 0x9, 0xfc, 0x10, 0x0,
    0x5f, 0xf1, 0x1f, 0xf2, 0x0, 0x0, 0x7, 0x92,
    0x5f, 0xc0, 0x0, 0x0, 0x0, 0x0, 0x6f, 0xb0,
    0x0, 0x6f, 0xff, 0xf7, 0x5f, 0xc0, 0x0, 0x39,
    0x9d, 0xf7, 0x1f, 0xf2, 0x0, 0x0, 0xa, 0xf7,
    0x9, 0xfc, 0x10, 0x0, 0xc, 0xf7, 0x0, 0xbf,
    0xfb, 0xab, 0xef, 0xe2, 0x0, 0x6, 0xbe, 0xff,
    0xc7, 0x0, 0x0, 0x0, 0x0, 0x0, 0x0, 0x0,
    0x0, 0x0, 0xc, 0xf5, 0x0, 0x0, 0x0, 0x0,
    0xd, 0xf5, 0x0, 0x0, 0x0, 0x0, 0x0, 0xe3,
    0x0, 0x0, 0x0, 0x0, 0xb, 0x70, 0x0, 0x0,
    0x0, 0x0, 0x0, 0x0, 0x0, 0x0,

    /* U+0123 "ģ" */
    0x0, 0x0, 0x0, 0x0, 0x0, 0x0, 0x8, 0xb0,
    0x0, 0x0, 0x3, 0xd0, 0x0, 0x0, 0x0, 0x6f,
    0xd0, 0x0, 0x0, 0x5, 0xfc, 0x0, 0x0, 0x0,
    0x0, 0x0, 0x0, 0x1, 0x9e, 0xfc, 0x4f, 0xd0,
    0xcf, 0xd9, 0xae, 0xfd, 0x4f, 0xe1, 0x0, 0x8f,
    0xd7, 0xfa, 0x0, 0x2, 0xfd, 0x7f, 0xa0, 0x0,
    0x2f, 0xd4, 0xfe, 0x10, 0x8, 0xfd, 0xc, 0xfd,
    0x9a, 0xef, 0xd0, 0x1a, 0xff, 0xb5, 0xfd, 0x5,
    0x40, 0x0, 0x6f, 0xb0, 0xdf, 0xda, 0xcf, 0xf3,
    0x1, 0x9e, 0xfe, 0xb3, 0x0,

    /* U+0126 "Ħ" */
    0xd, 0xf4, 0x0, 0x0, 0x4f, 0xc0, 0x8f, 0xfb,
    0x99, 0x99, 0xbf, 0xe8, 0xef, 0xff, 0xff, 0xff,
    0xff, 0xfd, 0xd, 0xf4, 0x0, 0x0, 0x4f, 0xc0,
    0xd, 0xfa, 0x99, 0x99, 0xbf, 0xc0, 0xd, 0xff,
    0xff, 0xff, 0xff, 0xc0, 0xd, 0xf4, 0x0, 0x0,
    0x4f, 0xc0, 0xd, 0xf4, 0x0, 0x0, 0x4f, 0xc0,
    0xd, 0xf4, 0x0, 0x0, 0x4f, 0xc0, 0xd, 0xf4,
    0x0, 0x0, 0x4f, 0xc0, 0xd, 0xf4, 0x0, 0x0,
    0x4f, 0xc0,

    /* U+0127 "ħ" */
    0xe, 0xf2, 0x0, 0x0, 0xf, 0xff, 0xff, 0xe0,
    0x0, 0x3f, 0xf4, 0x33, 0x0, 0x0, 0xef, 0x3a,
    0xff, 0xa1, 0xe, 0xfe, 0xb9, 0xef, 0x90, 0xef,
    0x80, 0x4, 0xfd, 0xe, 0xf2, 0x0, 0x3f, 0xd0,
    0xef, 0x10, 0x3, 0xfd, 0xe, 0xf1, 0x0, 0x3f,
    0xd0, 0xef, 0x10, 0x3, 0xfd, 0xe, 0xf1, 0x0,
    0x3f, 0xd0,

    /* U+012A "Ī" */
    0x11, 0x11, 0x11, 0xdf, 0xff, 0xfe, 0x44, 0x44,
    0x44, 0x0, 0x0, 0x0, 0x0, 0xff, 0x10, 0x0,
    0xff, 0x10, 0x0, 0xff, 0x10, 0x0, 0xff, 0x10,
    0x0, 0xff, 0x10, 0x0, 0xff, 0x10, 0x0, 0xff,
    0x10, 0x0, 0xff, 0x10, 0x0, 0xff, 0x10, 0x0,
    0xff, 0x10, 0x0, 0xff, 0x10,

    /* U+012B "ī" */
    0xcf, 0xff, 0xff, 0x56, 0x66, 0x66, 0x0, 0x0,
    0x0, 0x0, 0xef, 0x10, 0x0, 0xef, 0x10, 0x0,
    0xef, 0x10, 0x0, 0xef, 0x10, 0x0, 0xef, 0x10,
    0x0, 0xef, 0x10, 0x0, 0xef, 0x10, 0x0, 0xef,
    0x10,

    /* U+012E "Į" */
    0x0, 0xff, 0x10, 0xf, 0xf1, 0x0, 0xff, 0x10,
    0xf, 0xf1, 0x0, 0xff, 0x10, 0xf, 0xf1, 0x0,
    0xff, 0x10, 0xf, 0xf1, 0x0, 0xff, 0x10, 0xf,
    0xf1, 0x0, 0xff, 0x10, 0x4c, 0x30, 0xf, 0x71,
    0x0, 0xbf, 0xa0,

    /* U+012F "į" */
    0xf, 0xf2, 0xf, 0xf2, 0x2, 0x20, 0xe, 0xf1,
    0xe, 0xf1, 0xe, 0xf1, 0xe, 0xf1, 0xe, 0xf1,
    0xe, 0xf1, 0xe, 0xf1, 0xe, 0xf1, 0x1c, 0x60,
    0xac, 0x10, 0x6f, 0xe1,

    /* U+0130 "İ" */
    0x2, 0x20, 0x1f, 0xf2, 0x1f, 0xf2, 0x0, 0x0,
    0xf, 0xf1, 0xf, 0xf1, 0xf, 0xf1, 0xf, 0xf1,
    0xf, 0xf1, 0xf, 0xf1, 0xf, 0xf1, 0xf, 0xf1,
    0xf, 0xf1, 0xf, 0xf1, 0xf, 0xf1,

    /* U+0131 "ı" */
    0xef, 0x1e, 0xf1, 0xef, 0x1e, 0xf1, 0xef, 0x1e,
    0xf1, 0xef, 0x1e, 0xf1,

    /* U+0132 "Ĳ" */
    0xf, 0xf1, 0x0, 0x2, 0xff, 0xf, 0xf1, 0x0,
    0x2, 0xff, 0xf, 0xf1, 0x0, 0x2, 0xff, 0xf,
    0xf1, 0x0, 0x2, 0xff, 0xf, 0xf1, 0x0, 0x2,
    0xff, 0xf, 0xf1, 0x0, 0x2, 0xff, 0xf, 0xf1,
    0x0, 0x2, 0xff, 0xf, 0xf1, 0x0, 0x2, 0xff,
    0xf, 0xf1, 0x0, 0x3, 0xfe, 0xf, 0xf1, 0x77,
    0x8d, 0xf9, 0xf, 0xf1, 0xaf, 0xfe, 0x80,

    /* U+0133 "ĳ" */
    0xf, 0xf2, 0xf, 0xf3, 0xf, 0xf2, 0xf, 0xf3,
    0x2, 0x20, 0x2, 0x20, 0xe, 0xf1, 0xe, 0xf1,
    0xe, 0xf1, 0xe, 0xf1, 0xe, 0xf1, 0xe, 0xf1,
    0xe, 0xf1, 0xe, 0xf1, 0xe, 0xf1, 0xe, 0xf1,
    0xe, 0xf1, 0xe, 0xf1, 0xe, 0xf1, 0xe, 0xf1,
    0xe, 0xf1, 0xe, 0xf1, 0x0, 0x0, 0xe, 0xf1,
    0x0, 0x4, 0xaf, 0xf0, 0x0, 0x7, 0xfd, 0x50,

    /* U+0136 "Ķ" */
    0xf, 0xf1, 0x0, 0x8, 0xff, 0x40, 0xf, 0xf1,
    0x0, 0x9f, 0xe3, 0x0, 0xf, 0xf1, 0x9, 0xfe,
    0x20, 0x0, 0xf, 0xf1, 0x9f, 0xe2, 0x0, 0x0,
    0xf, 0xfb, 0xfd, 0x10, 0x0, 0x0, 0xf, 0xff,
    0xf7, 0x0, 0x0, 0x0, 0xf, 0xf5, 0xff, 0x60,
    0x0, 0x0, 0xf, 0xf1, 0x4f, 0xf7, 0x0, 0x0,
    0xf, 0xf1, 0x4, 0xff, 0x70, 0x0, 0xf, 0xf1,
    0x0, 0x4f, 0xf8, 0x0, 0xf, 0xf1, 0x0, 0x5,
    0xff, 0x80, 0x0, 0x0, 0x0, 0x0, 0x0, 0x0,
    0x0, 0x0, 0x5f, 0xd0, 0x0, 0x0, 0x0, 0x0,
    0x5f, 0xd0, 0x0, 0x0, 0x0, 0x0, 0x6, 0xb0,
    0x0, 0x0, 0x0, 0x0, 0x4c, 0x20, 0x0, 0x0,
    0x0, 0x0, 0x0, 0x0, 0x0, 0x0,

    /* U+0137 "ķ" */
    0xef, 0x10, 0x0, 0x0, 0xef, 0x10, 0x0, 0x0,
    0xef, 0x10, 0x0, 0x0, 0xef, 0x10, 0x4f, 0xf3,
    0xef, 0x13, 0xff, 0x30, 0xef, 0x4f, 0xf3, 0x0,
    0xef, 0xff, 0x40, 0x0, 0xef, 0xdf, 0x90, 0x0,
    0xef, 0x2d, 0xf7, 0x0, 0xef, 0x11, 0xef, 0x60,
    0xef, 0x10, 0x2e, 0xf5, 0x0, 0x0, 0x0, 0x0,
    0x0, 0x8f, 0xa0, 0x0, 0x0, 0x8f, 0xa0, 0x0,
    0x0, 0x9, 0x70, 0x0, 0x0, 0x7b, 0x0, 0x0,
    0x0, 0x0, 0x0, 0x0,

    /* U+0139 "Ĺ" */
    0x0, 0x56, 0x50, 0x0, 0x0, 0x5f, 0xe2, 0x0,
    0x0, 0x2f, 0xd1, 0x0, 0x0, 0x0, 0x0, 0x0,
    0x0, 0x0, 0xf, 0xf1, 0x0, 0x0, 0x0, 0xff,
    0x10, 0x0, 0x0, 0xf, 0xf1, 0x0, 0x0, 0x0,
    0xff, 0x10, 0x0, 0x0, 0xf, 0xf1, 0x0, 0x0,
    0x0, 0xff, 0x10, 0x0, 0x0, 0xf, 0xf1, 0x0,
    0x0, 0x0, 0xff, 0x10, 0x0, 0x0, 0xf, 0xf1,
    0x0, 0x0, 0x0, 0xff, 0xa9, 0x99, 0x97, 0xf,
    0xff, 0xff, 0xff, 0xb0,

    /* U+013A "ĺ" */
    0x0, 0x56, 0x50, 0x5, 0xfe, 0x20, 0x1e, 0xd2,
    0x0, 0x0, 0x0, 0x0, 0xe, 0xf1, 0x0, 0xe,
    0xf1, 0x0, 0xe, 0xf1, 0x0, 0xe, 0xf1, 0x0,
    0xe, 0xf1, 0x0, 0xe, 0xf1, 0x0, 0xe, 0xf1,
    0x0, 0xe, 0xf1, 0x0, 0xe, 0xf1, 0x0, 0xe,
    0xf1, 0x0, 0xe, 0xf1, 0x0,

    /* U+013B "Ļ" */
    0xf, 0xf1, 0x0, 0x0, 0x0, 0xff, 0x10, 0x0,
    0x0, 0xf, 0xf1, 0x0, 0x0, 0x0, 0xff, 0x10,
    0x0, 0x0, 0xf, 0xf1, 0x0, 0x0, 0x0, 0xff,
    0x10, 0x0, 0x0, 0xf, 0xf1, 0x0, 0x0, 0x0,
    0xff, 0x10, 0x0, 0x0, 0xf, 0xf1, 0x0, 0x0,
    0x0, 0xff, 0xa9, 0x99, 0x97, 0xf, 0xff, 0xff,
    0xff, 0xb0, 0x0, 0x0, 0x0, 0x0, 0x0, 0x0,
    0xff, 0x30, 0x0, 0x0, 0xf, 0xf3, 0x0, 0x0,
    0x0, 0x1f, 0x10, 0x0, 0x0, 0xd, 0x50, 0x0,
    0x0, 0x0, 0x0, 0x0, 0x0,

    /* U+013C "ļ" */
    0xe, 0xf1, 0xe, 0xf1, 0xe, 0xf1, 0xe, 0xf1,
    0xe, 0xf1, 0xe, 0xf1, 0xe, 0xf1, 0xe, 0xf1,
    0xe, 0xf1, 0xe, 0xf1, 0xe, 0xf1, 0x0, 0x0,
    0xf, 0xf2, 0xf, 0xf2, 0x2, 0xf0, 0xd, 0x50,
    0x0, 0x0,

    /* U+013D "Ľ" */
    0xf, 0xf1, 0x1, 0xf9, 0x0, 0xff, 0x10, 0x1f,
    0x70, 0xf, 0xf1, 0x1, 0xf5, 0x0, 0xff, 0x10,
    0x8, 0x20, 0xf, 0xf1, 0x0, 0x0, 0x0, 0xff,
    0x10, 0x0, 0x0, 0xf, 0xf1, 0x0, 0x0, 0x0,
    0xff, 0x10, 0x0, 0x0, 0xf, 0xf1, 0x0, 0x0,
    0x0, 0xff, 0xa9, 0x99, 0x97, 0xf, 0xff, 0xff,
    0xff, 0xb0,

    /* U+013E "ľ" */
    0xef, 0x1f, 0xbe, 0xf1, 0xf9, 0xef, 0x1f, 0x7e,
    0xf1, 0x83, 0xef, 0x10, 0xe, 0xf1, 0x0, 0xef,
    0x10, 0xe, 0xf1, 0x0, 0xef, 0x10, 0xe, 0xf1,
    0x0, 0xef, 0x10, 0x0,

    /* U+0141 "Ł" */
    0xe, 0xf3, 0x0, 0x0, 0x0, 0xef, 0x30, 0x0,
    0x0, 0xe, 0xf3, 0x0, 0x0, 0x0, 0xef, 0x47,
    0x70, 0x0, 0xe, 0xff, 0xf6, 0x0, 0xc, 0xff,
    0x70, 0x0, 0x0, 0xaf, 0xf3, 0x0, 0x0, 0x0,
    0xef, 0x30, 0x0, 0x0, 0xe, 0xf3, 0x0, 0x0,
    0x0, 0xef, 0xa9, 0x99, 0x98, 0xe, 0xff, 0xff,
    0xff, 0xd0,

    /* U+0142 "ł" */
    0xa, 0xf5, 0x0, 0xaf, 0x50, 0xa, 0xf5, 0x0,
    0xaf, 0x62, 0xa, 0xff, 0x9a, 0xff, 0x80, 0x8c,
    0xf5, 0x0, 0xaf, 0x50, 0xa, 0xf5, 0x0, 0xaf,
    0x50, 0xa, 0xf5, 0x0,

    /* U+0143 "Ń" */
    0x0, 0x0, 0x0, 0x66, 0x30, 0x0, 0x0, 0x0,
    0x9f, 0xc0, 0x0, 0x0, 0x0, 0x4f, 0xb0, 0x0,
    0x0, 0x0, 0x0, 0x0, 0x0, 0x0, 0xf, 0xfd,
    0x0, 0x0, 0x6f, 0x90, 0xff, 0xf7, 0x0, 0x6,
    0xf9, 0xf, 0xfe, 0xf1, 0x0, 0x6f, 0x90, 0xff,
    0x6f, 0x90, 0x6, 0xf9, 0xf, 0xf0, 0xcf, 0x30,
    0x6f, 0x90, 0xff, 0x3, 0xfc, 0x6, 0xf9, 0xf,
    0xf0, 0x9, 0xf6, 0x6f, 0x90, 0xff, 0x0, 0x1f,
    0xe7, 0xf9, 0xf, 0xf0, 0x0, 0x6f, 0xef, 0x90,
    0xff, 0x0, 0x0, 0xdf, 0xf9, 0xf, 0xf0, 0x0,
    0x4, 0xff, 0x90,

    /* U+0144 "ń" */
    0x0, 0x0, 0xcf, 0xb0, 0x0, 0x8, 0xfa, 0x0,
    0x0, 0x6, 0x50, 0x0, 0xef, 0x2b, 0xff, 0xa1,
    0xef, 0xe9, 0x7d, 0xf9, 0xef, 0x60, 0x4, 0xfd,
    0xef, 0x20, 0x3, 0xfd, 0xef, 0x10, 0x3, 0xfd,
    0xef, 0x10, 0x3, 0xfd, 0xef, 0x10, 0x3, 0xfd,
    0xef, 0x10, 0x3, 0xfd,

    /* U+0145 "Ņ" */
    0xf, 0xfd, 0x0, 0x0, 0x6f, 0x90, 0xff, 0xf7,
    0x0, 0x6, 0xf9, 0xf, 0xfe, 0xf1, 0x0, 0x6f,
    0x90, 0xff, 0x6f, 0x90, 0x6, 0xf9, 0xf, 0xf0,
    0xcf, 0x30, 0x6f, 0x90, 0xff, 0x3, 0xfc, 0x6,
    0xf9, 0xf, 0xf0, 0x9, 0xf6, 0x6f, 0x90, 0xff,
    0x0, 0x1f, 0xe7, 0xf9, 0xf, 0xf0, 0x0, 0x6f,
    0xef, 0x90, 0xff, 0x0, 0x0, 0xdf, 0xf9, 0xf,
    0xf0, 0x0, 0x4, 0xff, 0x90, 0x0, 0x0, 0x0,
    0x0, 0x0, 0x0, 0x0, 0x4f, 0xd0, 0x0, 0x0,
    0x0, 0x4, 0xfe, 0x0, 0x0, 0x0, 0x0, 0x6,
    0xb0, 0x0, 0x0, 0x0, 0x4, 0xc2, 0x0, 0x0,
    0x0, 0x0, 0x0, 0x0, 0x0, 0x0,

    /* U+0146 "ņ" */
    0xef, 0x2b, 0xff, 0xa1, 0xef, 0xe9, 0x7d, 0xf9,
    0xef, 0x60, 0x4, 0xfd, 0xef, 0x20, 0x3, 0xfd,
    0xef, 0x10, 0x3, 0xfd, 0xef, 0x10, 0x3, 0xfd,
    0xef, 0x10, 0x3, 0xfd, 0xef, 0x10, 0x3, 0xfd,
    0x0, 0x0, 0x0, 0x0, 0x0, 0xf, 0xf2, 0x0,
    0x0, 0xf, 0xf2, 0x0, 0x0, 0x2, 0xf0, 0x0,
    0x0, 0xd, 0x50, 0x0, 0x0, 0x0, 0x0, 0x0,

    /* U+0147 "Ň" */
    0x0, 0x17, 0x50, 0x7, 0x50, 0x0, 0x0, 0x8f,
    0x8c, 0xf2, 0x0, 0x0, 0x0, 0xaf, 0xf4, 0x0,
    0x0, 0x0, 0x0, 0x0, 0x0, 0x0, 0xf, 0xfd,
    0x0, 0x0, 0x6f, 0x90, 0xff, 0xf7, 0x0, 0x6,
    0xf9, 0xf, 0xfe, 0xf1, 0x0, 0x6f, 0x90, 0xff,
    0x6f, 0x90, 0x6, 0xf9, 0xf, 0xf0, 0xcf, 0x30,
    0x6f, 0x90, 0xff, 0x3, 0xfc, 0x6, 0xf9, 0xf,
    0xf0, 0x9, 0xf6, 0x6f, 0x90, 0xff, 0x0, 0x1f,
    0xe7, 0xf9, 0xf, 0xf0, 0x0, 0x6f, 0xef, 0x90,
    0xff, 0x0, 0x0, 0xdf, 0xf9, 0xf, 0xf0, 0x0,
    0x4, 0xff, 0x90,

    /* U+0148 "ň" */
    0x6, 0xf8, 0x2c, 0xd1, 0x0, 0x5f, 0xfd, 0x10,
    0x0, 0x0, 0x0, 0x0, 0xef, 0x2b, 0xff, 0xa1,
    0xef, 0xe9, 0x7d, 0xf9, 0xef, 0x60, 0x4, 0xfd,
    0xef, 0x20, 0x3, 0xfd, 0xef, 0x10, 0x3, 0xfd,
    0xef, 0x10, 0x3, 0xfd, 0xef, 0x10, 0x3, 0xfd,
    0xef, 0x10, 0x3, 0xfd,

    /* U+014A "Ŋ" */
    0x1f, 0xfd, 0x0, 0x0, 0x7f, 0x91, 0xff, 0xf8,
    0x0, 0x7, 0xf9, 0x1f, 0xfe, 0xf2, 0x0, 0x7f,
    0x91, 0xff, 0x5f, 0xc0, 0x7, 0xf9, 0x1f, 0xf0,
    0xaf, 0x70, 0x7f, 0x91, 0xff, 0x1, 0xef, 0x27,
    0xf9, 0x1f, 0xf0, 0x5, 0xfc, 0x7f, 0x91, 0xff,
    0x0, 0xb, 0xfd, 0xf9, 0x1f, 0xf0, 0x0, 0x1f,
    0xff, 0x91, 0xff, 0x0, 0x0, 0x6f, 0xf9, 0x1f,
    0xf0, 0x0, 0x0, 0xcf, 0xa0, 0x0, 0x0, 0x0,
    0x7, 0xf9, 0x0, 0x0, 0x0, 0x5a, 0xef, 0x70,
    0x0, 0x0, 0x7, 0xff, 0xa0,

    /* U+014B "ŋ" */
    0xef, 0x2a, 0xff, 0xa1, 0xef, 0xeb, 0x9e, 0xf9,
    0xef, 0x80, 0x4, 0xfd, 0xef, 0x20, 0x3, 0xfd,
    0xef, 0x10, 0x3, 0xfd, 0xef, 0x10, 0x3, 0xfd,
    0xef, 0x10, 0x3, 0xfd, 0xef, 0x10, 0x3, 0xfd,
    0x0, 0x0, 0x3, 0xfd, 0x0, 0x0, 0x6c, 0xfb,
    0x0, 0x0, 0xbf, 0xc2,

    /* U+014C "Ō" */
    0x0, 0x0, 0x11, 0x11, 0x10, 0x0, 0x0, 0x0,
    0x8f, 0xff, 0xff, 0x30, 0x0, 0x0, 0x2, 0x44,
    0x44, 0x41, 0x0, 0x0, 0x0, 0x0, 0x0, 0x0,
    0x0, 0x0, 0x0, 0x5, 0xbf, 0xfe, 0xa3, 0x0,
    0x0, 0xb, 0xff, 0xba, 0xcf, 0xf7, 0x0, 0x9,
    0xfc, 0x10, 0x0, 0x4f, 0xf4, 0x1, 0xff, 0x20,
    0x0, 0x0, 0x7f, 0xc0, 0x5f, 0xc0, 0x0, 0x0,
    0x1, 0xff, 0x6, 0xfb, 0x0, 0x0, 0x0, 0xf,
    0xf1, 0x4f, 0xd0, 0x0, 0x0, 0x2, 0xff, 0x1,
    0xff, 0x30, 0x0, 0x0, 0x7f, 0xc0, 0x8, 0xfd,
    0x20, 0x0, 0x5f, 0xf4, 0x0, 0xa, 0xff, 0xba,
    0xdf, 0xf6, 0x0, 0x0, 0x5, 0xbf, 0xfe, 0xa3,
    0x0, 0x0,

    /* U+014D "ō" */
    0x1, 0xff, 0xff, 0xfa, 0x0, 0x0, 0x66, 0x66,
    0x64, 0x0, 0x0, 0x0, 0x0, 0x0, 0x0, 0x0,
    0x7d, 0xff, 0xb3, 0x0, 0xb, 0xfe, 0x9a, 0xff,
    0x40, 0x4f, 0xe1, 0x0, 0x6f, 0xd0, 0x8f, 0x90,
    0x0, 0xf, 0xf1, 0x8f, 0x90, 0x0, 0xf, 0xf1,
    0x4f, 0xe1, 0x0, 0x7f, 0xd0, 0xb, 0xfe, 0x9b,
    0xff, 0x40, 0x0, 0x7d, 0xff, 0xb3, 0x0,

    /* U+0150 "Ő" */
    0x0, 0x0, 0xaf, 0x74, 0xfd, 0x0, 0x0, 0x0,
    0x1f, 0xc0, 0xaf, 0x30, 0x0, 0x0, 0x2, 0x61,
    0x5, 0x40, 0x0, 0x0, 0x0, 0x0, 0x0, 0x0,
    0x0, 0x0, 0x0, 0x5, 0xbf, 0xfe, 0xa3, 0x0,
    0x0, 0xb, 0xff, 0xba, 0xcf, 0xf7, 0x0, 0x9,
    0xfc, 0x10, 0x0, 0x4f, 0xf4, 0x1, 0xff, 0x20,
    0x0, 0x0, 0x7f, 0xc0, 0x5f, 0xc0, 0x0, 0x0,
    0x1, 0xff, 0x6, 0xfb, 0x0, 0x0, 0x0, 0xf,
    0xf1, 0x4f, 0xd0, 0x0, 0x0, 0x2, 0xff, 0x1,
    0xff, 0x30, 0x0, 0x0, 0x7f, 0xc0, 0x8, 0xfd,
    0x20, 0x0, 0x5f, 0xf4, 0x0, 0xa, 0xff, 0xba,
    0xdf, 0xf6, 0x0, 0x0, 0x5, 0xbf, 0xfe, 0xa3,
    0x0, 0x0,

    /* U+0151 "ő" */
    0x0, 0x4f, 0xd0, 0xdf, 0x50, 0x0, 0xaf, 0x33,
    0xf9, 0x0, 0x0, 0x54, 0x3, 0x60, 0x0, 0x0,
    0x7d, 0xff, 0xb3, 0x0, 0xb, 0xfe, 0x9a, 0xff,
    0x40, 0x4f, 0xe1, 0x0, 0x6f, 0xd0, 0x8f, 0x90,
    0x0, 0xf, 0xf1, 0x8f, 0x90, 0x0, 0xf, 0xf1,
    0x4f, 0xe1, 0x0, 0x7f, 0xd0, 0xb, 0xfe, 0x9b,
    0xff, 0x40, 0x0, 0x7d, 0xff, 0xb3, 0x0,

    /* U+0152 "Œ" */
    0x0, 0x4, 0xae, 0xff, 0xff, 0xff, 0xff, 0xff,
    0x50, 0x9, 0xff, 0xca, 0xac, 0xff, 0xaa, 0xaa,
    0xa3, 0x8, 0xfd, 0x20, 0x0, 0x4f, 0xd0, 0x0,
    0x0, 0x1, 0xff, 0x20, 0x0, 0x4, 0xfd, 0x0,
    0x0, 0x0, 0x5f, 0xc0, 0x0, 0x0, 0x4f, 0xe9,
    0x99, 0x98, 0x6, 0xfb, 0x0, 0x0, 0x4, 0xff,
    0xff, 0xff, 0xf0, 0x5f, 0xd0, 0x0, 0x0, 0x4f,
    0xd0, 0x0, 0x0, 0x1, 0xff, 0x20, 0x0, 0x4,
    0xfd, 0x0, 0x0, 0x0, 0x8, 0xfd, 0x20, 0x0,
    0x4f, 0xd0, 0x0, 0x0, 0x0, 0x9, 0xff, 0xca,
    0xad, 0xff, 0xaa, 0xaa, 0xa5, 0x0, 0x4, 0xae,
    0xff, 0xff, 0xff, 0xff, 0xff, 0x80,

    /* U+0153 "œ" */
    0x0, 0x7d, 0xfe, 0x91, 0x4c, 0xff, 0xb3, 0x0,
    0xbf, 0xd9, 0xcf, 0xef, 0xf9, 0xaf, 0xf2, 0x4f,
    0xe1, 0x0, 0xbf, 0xf4, 0x11, 0x7f, 0x98, 0xf9,
    0x0, 0x5, 0xff, 0xff, 0xff, 0xfb, 0x8f, 0x90,
    0x0, 0x5f, 0xe4, 0x44, 0x44, 0x34, 0xfe, 0x10,
    0xb, 0xff, 0x30, 0x4, 0x83, 0xb, 0xfe, 0x9c,
    0xfe, 0xff, 0x9a, 0xfe, 0x10, 0x7, 0xdf, 0xe9,
    0x14, 0xcf, 0xfa, 0x20,

    /* U+0154 "Ŕ" */
    0x0, 0x0, 0x3, 0x66, 0x0, 0x0, 0x0, 0x2,
    0xff, 0x50, 0x0, 0x0, 0x0, 0xcf, 0x40, 0x0,
    0x0, 0x0, 0x0, 0x0, 0x0, 0x0, 0x1f, 0xff,
    0xff, 0xfb, 0x40, 0x1, 0xff, 0x99, 0x9b, 0xff,
    0x40, 0x1f, 0xf0, 0x0, 0x6, 0xfb, 0x1, 0xff,
    0x0, 0x0, 0x3f, 0xd0, 0x1f, 0xf0, 0x0, 0x1b,
    0xf9, 0x1, 0xff, 0xff, 0xff, 0xfc, 0x10, 0x1f,
    0xfb, 0xff, 0x84, 0x0, 0x1, 0xff, 0xb, 0xfb,
    0x0, 0x0, 0x1f, 0xf0, 0xc, 0xfc, 0x0, 0x1,
    0xff, 0x0, 0x1d, 0xfc, 0x10, 0x1f, 0xf0, 0x0,
    0x1d, 0xfd, 0x10,

    /* U+0155 "ŕ" */
    0x0, 0xaf, 0xd1, 0x5, 0xfc, 0x0, 0x5, 0x60,
    0x0, 0xef, 0x4d, 0xf0, 0xef, 0xed, 0xb0, 0xef,
    0x70, 0x0, 0xef, 0x20, 0x0, 0xef, 0x10, 0x0,
    0xef, 0x10, 0x0, 0xef, 0x10, 0x0, 0xef, 0x10,
    0x0,

    /* U+0156 "Ŗ" */
    0x1f, 0xff, 0xff, 0xfc, 0x50, 0x1, 0xff, 0x99,
    0x9a, 0xff, 0x50, 0x1f, 0xf0, 0x0, 0x5, 0xfc,
    0x1, 0xff, 0x0, 0x0, 0x4f, 0xc0, 0x1f, 0xf8,
    0x88, 0x9f, 0xf6, 0x1, 0xff, 0xff, 0xff, 0xc5,
    0x0, 0x1f, 0xf5, 0xff, 0x30, 0x0, 0x1, 0xff,
    0x7, 0xfe, 0x20, 0x0, 0x1f, 0xf0, 0x9, 0xfe,
    0x20, 0x1, 0xff, 0x0, 0xb, 0xfe, 0x10, 0x1f,
    0xf0, 0x0, 0x1d, 0xfd, 0x10, 0x0, 0x0, 0x0,
    0x0, 0x0, 0x0, 0x0, 0xcf, 0x60, 0x0, 0x0,
    0x0, 0xc, 0xf6, 0x0, 0x0, 0x0, 0x0, 0xd,
    0x30, 0x0, 0x0, 0x0, 0xb, 0x80, 0x0, 0x0,
    0x0, 0x0, 0x0, 0x0, 0x0, 0x0,

    /* U+0157 "ŗ" */
    0x0, 0x0, 0x0, 0xe, 0xf4, 0xdf, 0xe, 0xfe,
    0xdb, 0xe, 0xf7, 0x0, 0xe, 0xf2, 0x0, 0xe,
    0xf1, 0x0, 0xe, 0xf1, 0x0, 0xe, 0xf1, 0x0,
    0xe, 0xf1, 0x0, 0x0, 0x0, 0x0, 0xf, 0xf2,
    0x0, 0x1f, 0xf2, 0x0, 0x2, 0xf0, 0x0, 0xd,
    0x50, 0x0, 0x0, 0x0, 0x0,

    /* U+0158 "Ř" */
    0x0, 0x57, 0x10, 0x48, 0x20, 0x0, 0x1, 0xed,
    0x8f, 0xa0, 0x0, 0x0, 0x3, 0xff, 0xc0, 0x0,
    0x0, 0x0, 0x0, 0x0, 0x0, 0x0, 0x1f, 0xff,
    0xff, 0xfb, 0x40, 0x1, 0xff, 0x99, 0x9b, 0xff,
    0x40, 0x1f, 0xf0, 0x0, 0x6, 0xfb, 0x1, 0xff,
    0x0, 0x0, 0x3f, 0xd0, 0x1f, 0xf0, 0x0, 0x1b,
    0xf9, 0x1, 0xff, 0xff, 0xff, 0xfc, 0x10, 0x1f,
    0xfb, 0xff, 0x84, 0x0, 0x1, 0xff, 0xb, 0xfb,
    0x0, 0x0, 0x1f, 0xf0, 0xc, 0xfc, 0x0, 0x1,
    0xff, 0x0, 0x1d, 0xfc, 0x10, 0x1f, 0xf0, 0x0,
    0x1d, 0xfd, 0x10,

    /* U+0159 "ř" */
    0x3f, 0xa2, 0xbe, 0x30, 0x3f, 0xfe, 0x20, 0x0,
    0x0, 0x0, 0x0, 0xef, 0x4d, 0xf0, 0xe, 0xfe,
    0xdb, 0x0, 0xef, 0x70, 0x0, 0xe, 0xf2, 0x0,
    0x0, 0xef, 0x10, 0x0, 0xe, 0xf1, 0x0, 0x0,
    0xef, 0x10, 0x0, 0xe, 0xf1, 0x0, 0x0,

    /* U+015A "Ś" */
    0x0, 0x0, 0xd, 0xfa, 0x0, 0x0, 0x0, 0x9f,
    0x90, 0x0, 0x0, 0x0, 0x65, 0x0, 0x0, 0x0,
    0x0, 0x0, 0x0, 0x0, 0x0, 0x5c, 0xff, 0xd8,
    0x0, 0x7, 0xfe, 0x99, 0xdf, 0xc0, 0xe, 0xf2,
    0x0, 0xc, 0xf5, 0xe, 0xf5, 0x0, 0x1, 0x31,
    0x7, 0xff, 0xc8, 0x30, 0x0, 0x0, 0x5c, 0xff,
    0xfe, 0x60, 0x0, 0x0, 0x16, 0xaf, 0xf6, 0x49,
    0x50, 0x0, 0x6, 0xfb, 0x3f, 0xe1, 0x0, 0x6,
    0xfa, 0x9, 0xff, 0xa8, 0xaf, 0xf4, 0x0, 0x5b,
    0xff, 0xeb, 0x30,

    /* U+015B "ś" */
    0x0, 0x2, 0xff, 0x60, 0x0, 0xd, 0xf5, 0x0,
    0x0, 0x26, 0x30, 0x0, 0x4, 0xcf, 0xfc, 0x50,
    0x1f, 0xe6, 0x6d, 0xf3, 0x3f, 0xc1, 0x2, 0x42,
    0xc, 0xff, 0xd9, 0x20, 0x0, 0x59, 0xdf, 0xf3,
    0x59, 0x20, 0x5, 0xf9, 0x4f, 0xd7, 0x6b, 0xf6,
    0x4, 0xcf, 0xfd, 0x70,

    /* U+015E "Ş" */
    0x0, 0x5c, 0xff, 0xd8, 0x0, 0x7, 0xfe, 0x99,
    0xdf, 0xc0, 0xe, 0xf2, 0x0, 0xc, 0xf5, 0xe,
    0xf5, 0x0, 0x1, 0x31, 0x7, 0xff, 0xc8, 0x30,
    0x0, 0x0, 0x5c, 0xff, 0xfe, 0x60, 0x0, 0x0,
    0x16, 0xaf, 0xf6, 0x49, 0x50, 0x0, 0x6, 0xfb,
    0x3f, 0xe1, 0x0, 0x6, 0xfa, 0x9, 0xff, 0xa8,
    0xaf, 0xf4, 0x0, 0x5b, 0xff, 0xeb, 0x30, 0x0,
    0x0, 0x6f, 0x60, 0x0, 0x0, 0x5, 0x67, 0xf2,
    0x0, 0x0, 0x5, 0xef, 0xb0, 0x0,

    /* U+015F "ş" */
    0x4, 0xcf, 0xfc, 0x50, 0x1f, 0xe6, 0x6d, 0xf3,
    0x3f, 0xc1, 0x2, 0x42, 0xc, 0xff, 0xd9, 0x20,
    0x0, 0x59, 0xdf, 0xf3, 0x59, 0x20, 0x5, 0xf9,
    0x4f, 0xd7, 0x6b, 0xf6, 0x4, 0xcf, 0xfd, 0x70,
    0x0, 0x9, 0xd4, 0x0, 0x0, 0x75, 0x9f, 0x0,
    0x0, 0x8f, 0xf8, 0x0,

    /* U+0160 "Š" */
    0x0, 0x7b, 0x20, 0x7b, 0x10, 0x0, 0x1e, 0xea,
    0xf7, 0x0, 0x0, 0x3, 0xef, 0xa0, 0x0, 0x0,
    0x0, 0x0, 0x0, 0x0, 0x0, 0x5c, 0xff, 0xd9,
    0x10, 0x7, 0xfe, 0x98, 0xcf, 0xd0, 0xe, 0xf2,
    0x0, 0xb, 0xf6, 0xe, 0xf5, 0x0, 0x0, 0x0,
    0x7, 0xff, 0xc8, 0x30, 0x0, 0x0, 0x5c, 0xff,
    0xfe, 0x60, 0x0, 0x0, 0x16, 0xaf, 0xf6, 0x4a,
    0x60, 0x0, 0x6, 0xfb, 0x3f, 0xe2, 0x0, 0x6,
    0xfa, 0x8, 0xff, 0xa8, 0xaf, 0xf4, 0x0, 0x5b,
    0xff, 0xeb, 0x30,

    /* U+0161 "š" */
    0xa, 0xe4, 0x4f, 0xa0, 0x0, 0xbf, 0xfa, 0x0,
    0x0, 0x2, 0x20, 0x0, 0x4, 0xcf, 0xfc, 0x30,
    0x1f, 0xe6, 0x7e, 0xf2, 0x3f, 0xc1, 0x5, 0xb4,
    0xc, 0xff, 0xd9, 0x20, 0x0, 0x59, 0xdf, 0xf3,
    0x37, 0x20, 0x5, 0xf9, 0x4f, 0xd7, 0x6b, 0xf6,
    0x5, 0xcf, 0xfd, 0x70,

    /* U+0164 "Ť" */
    0x0, 0x57, 0x10, 0x48, 0x20, 0x0, 0x1, 0xed,
    0x8f, 0xa0, 0x0, 0x0, 0x3, 0xff, 0xc0, 0x0,
    0x0, 0x0, 0x0, 0x0, 0x0, 0x0, 0x8f, 0xff,
    0xff, 0xff, 0xff, 0x25, 0x99, 0x9e, 0xfb, 0x99,
    0x91, 0x0, 0x0, 0xbf, 0x50, 0x0, 0x0, 0x0,
    0xb, 0xf5, 0x0, 0x0, 0x0, 0x0, 0xbf, 0x50,
    0x0, 0x0, 0x0, 0xb, 0xf5, 0x0, 0x0, 0x0,
    0x0, 0xbf, 0x50, 0x0, 0x0, 0x0, 0xb, 0xf5,
    0x0, 0x0, 0x0, 0x0, 0xbf, 0x50, 0x0, 0x0,
    0x0, 0xb, 0xf5, 0x0, 0x0, 0x0, 0x0, 0xbf,
    0x50, 0x0, 0x0,

    /* U+0165 "ť" */
    0x0, 0x0, 0x7, 0x70, 0x0, 0x0, 0xeb, 0x0,
    0x48, 0xe, 0xa0, 0x3f, 0xd0, 0xe8, 0x3, 0xfd,
    0x0, 0xc, 0xff, 0xff, 0xf1, 0x6a, 0xfe, 0x88,
    0x0, 0x3f, 0xd0, 0x0, 0x3, 0xfd, 0x0, 0x0,
    0x3f, 0xd0, 0x0, 0x2, 0xfe, 0x0, 0x0, 0xe,
    0xfb, 0x90, 0x0, 0x4d, 0xfe, 0x0,

    /* U+016A "Ū" */
    0x0, 0x1, 0x11, 0x11, 0x0, 0x0, 0x4, 0xff,
    0xff, 0xf8, 0x0, 0x0, 0x14, 0x44, 0x44, 0x20,
    0x0, 0x0, 0x0, 0x0, 0x0, 0x0, 0x2f, 0xf0,
    0x0, 0x0, 0xbf, 0x62, 0xff, 0x0, 0x0, 0xb,
    0xf6, 0x2f, 0xf0, 0x0, 0x0, 0xbf, 0x62, 0xff,
    0x0, 0x0, 0xb, 0xf6, 0x2f, 0xf0, 0x0, 0x0,
    0xbf, 0x62, 0xff, 0x0, 0x0, 0xb, 0xf6, 0x1f,
    0xf0, 0x0, 0x0, 0xbf, 0x60, 0xff, 0x10, 0x0,
    0xd, 0xf4, 0xb, 0xf9, 0x0, 0x5, 0xfe, 0x0,
    0x2f, 0xfd, 0xac, 0xff, 0x50, 0x0, 0x2a, 0xef,
    0xfb, 0x40, 0x0,

    /* U+016B "ū" */
    0x0, 0xff, 0xff, 0xfb, 0x0, 0x6, 0x66, 0x66,
    0x40, 0x0, 0x0, 0x0, 0x0, 0x0, 0xff, 0x0,
    0x7, 0xf9, 0xf, 0xf0, 0x0, 0x7f, 0x90, 0xff,
    0x0, 0x7, 0xf9, 0xf, 0xf0, 0x0, 0x7f, 0x90,
    0xff, 0x0, 0x7, 0xf9, 0xf, 0xf1, 0x0, 0xdf,
    0x90, 0xcf, 0xd9, 0xde, 0xf9, 0x2, 0xcf, 0xe8,
    0x6f, 0x90,

    /* U+016C "Ŭ" */
    0x0, 0xf, 0x91, 0x5f, 0x40, 0x0, 0x0, 0x7f,
    0xff, 0xa0, 0x0, 0x0, 0x0, 0x14, 0x20, 0x0,
    0x0, 0x0, 0x0, 0x0, 0x0, 0x0, 0x2f, 0xf0,
    0x0, 0x0, 0xbf, 0x62, 0xff, 0x0, 0x0, 0xb,
    0xf6, 0x2f, 0xf0, 0x0, 0x0, 0xbf, 0x62, 0xff,
    0x0, 0x0, 0xb, 0xf6, 0x2f, 0xf0, 0x0, 0x0,
    0xbf, 0x62, 0xff, 0x0, 0x0, 0xb, 0xf6, 0x1f,
    0xf0, 0x0, 0x0, 0xbf, 0x60, 0xff, 0x10, 0x0,
    0xd, 0xf4, 0xb, 0xf9, 0x0, 0x5, 0xfe, 0x0,
    0x2f, 0xfd, 0xac, 0xff, 0x50, 0x0, 0x2a, 0xef,
    0xfb, 0x40, 0x0,

    /* U+016D "ŭ" */
    0x0, 0xdb, 0x23, 0xf7, 0x0, 0x4, 0xff, 0xfc,
    0x10, 0x0, 0x0, 0x43, 0x0, 0x0, 0xff, 0x0,
    0x7, 0xf9, 0xf, 0xf0, 0x0, 0x7f, 0x90, 0xff,
    0x0, 0x7, 0xf9, 0xf, 0xf0, 0x0, 0x7f, 0x90,
    0xff, 0x0, 0x7, 0xf9, 0xf, 0xf1, 0x0, 0xdf,
    0x90, 0xcf, 0xd9, 0xde, 0xf9, 0x2, 0xcf, 0xe8,
    0x6f, 0x90,

    /* U+016E "Ů" */
    0x0, 0x0, 0x7e, 0xa0, 0x0, 0x0, 0x0, 0x1f,
    0x3d, 0x50, 0x0, 0x0, 0x0, 0xaf, 0xd1, 0x0,
    0x0, 0x0, 0x0, 0x10, 0x0, 0x0, 0x2f, 0xf0,
    0x0, 0x0, 0xbf, 0x62, 0xff, 0x0, 0x0, 0xb,
    0xf6, 0x2f, 0xf0, 0x0, 0x0, 0xbf, 0x62, 0xff,
    0x0, 0x0, 0xb, 0xf6, 0x2f, 0xf0, 0x0, 0x0,
    0xbf, 0x62, 0xff, 0x0, 0x0, 0xb, 0xf6, 0x1f,
    0xf0, 0x0, 0x0, 0xbf, 0x60, 0xff, 0x10, 0x0,
    0xd, 0xf4, 0xb, 0xf9, 0x0, 0x5, 0xfe, 0x0,
    0x2f, 0xfd, 0xac, 0xff, 0x50, 0x0, 0x2a, 0xef,
    0xfb, 0x40, 0x0,

    /* U+016F "ů" */
    0x0, 0x5, 0xdc, 0x10, 0x0, 0x0, 0xd5, 0xa8,
    0x0, 0x0, 0x7, 0xfe, 0x30, 0x0, 0x0, 0x0,
    0x0, 0x0, 0xf, 0xf0, 0x0, 0x7f, 0x90, 0xff,
    0x0, 0x7, 0xf9, 0xf, 0xf0, 0x0, 0x7f, 0x90,
    0xff, 0x0, 0x7, 0xf9, 0xf, 0xf0, 0x0, 0x7f,
    0x90, 0xff, 0x10, 0xd, 0xf9, 0xc, 0xfd, 0x9d,
    0xef, 0x90, 0x2c, 0xfe, 0x86, 0xf9,

    /* U+0170 "Ű" */
    0x0, 0x6, 0xfb, 0xf, 0xf2, 0x0, 0x0, 0xcf,
    0x15, 0xf7, 0x0, 0x0, 0x6, 0x30, 0x46, 0x0,
    0x0, 0x0, 0x0, 0x0, 0x0, 0x0, 0x2f, 0xf0,
    0x0, 0x0, 0xbf, 0x62, 0xff, 0x0, 0x0, 0xb,
    0xf6, 0x2f, 0xf0, 0x0, 0x0, 0xbf, 0x62, 0xff,
    0x0, 0x0, 0xb, 0xf6, 0x2f, 0xf0, 0x0, 0x0,
    0xbf, 0x62, 0xff, 0x0, 0x0, 0xb, 0xf6, 0x1f,
    0xf0, 0x0, 0x0, 0xbf, 0x60, 0xff, 0x10, 0x0,
    0xd, 0xf4, 0xb, 0xf9, 0x0, 0x5, 0xfe, 0x0,
    0x2f, 0xfd, 0xac, 0xff, 0x50, 0x0, 0x2a, 0xef,
    0xfb, 0x40, 0x0,

    /* U+0171 "ű" */
    0x0, 0x2f, 0xe1, 0xcf, 0x50, 0x9, 0xf4, 0x2f,
    0xa0, 0x0, 0x55, 0x2, 0x61, 0x0, 0xff, 0x0,
    0x7, 0xf9, 0xf, 0xf0, 0x0, 0x7f, 0x90, 0xff,
    0x0, 0x7, 0xf9, 0xf, 0xf0, 0x0, 0x7f, 0x90,
    0xff, 0x0, 0x7, 0xf9, 0xf, 0xf1, 0x0, 0xdf,
    0x90, 0xcf, 0xd9, 0xde, 0xf9, 0x2, 0xcf, 0xe8,
    0x6f, 0x90,

    /* U+0172 "Ų" */
    0x2f, 0xf0, 0x0, 0x0, 0xbf, 0x62, 0xff, 0x0,
    0x0, 0xb, 0xf6, 0x2f, 0xf0, 0x0, 0x0, 0xbf,
    0x62, 0xff, 0x0, 0x0, 0xb, 0xf6, 0x2f, 0xf0,
    0x0, 0x0, 0xbf, 0x62, 0xff, 0x0, 0x0, 0xb,
    0xf6, 0x1f, 0xf0, 0x0, 0x0, 0xbf, 0x60, 0xff,
    0x10, 0x0, 0xd, 0xf4, 0xb, 0xf9, 0x0, 0x5,
    0xfe, 0x0, 0x2f, 0xfd, 0xac, 0xff, 0x50, 0x0,
    0x2a, 0xef, 0xfe, 0x40, 0x0, 0x0, 0x0, 0x5e,
    0x10, 0x0, 0x0, 0x0, 0xc, 0xa1, 0x0, 0x0,
    0x0, 0x0, 0x6f, 0xe0, 0x0,

    /* U+0173 "ų" */
    0xf, 0xf0, 0x0, 0x7f, 0x90, 0xff, 0x0, 0x7,
    0xf9, 0xf, 0xf0, 0x0, 0x7f, 0x90, 0xff, 0x0,
    0x7, 0xf9, 0xf, 0xf0, 0x0, 0x7f, 0x90, 0xff,
    0x10, 0xd, 0xf9, 0xc, 0xfd, 0x9d, 0xef, 0x90,
    0x2c, 0xfe, 0x86, 0xf9, 0x0, 0x0, 0x0, 0x8b,
    0x0, 0x0, 0x0, 0x2f, 0x41, 0x0, 0x0, 0x0,
    0xcf, 0x80,

    /* U+0174 "Ŵ" */
    0x0, 0x0, 0x0, 0x4, 0x87, 0x0, 0x0, 0x0,
    0x0, 0x0, 0x0, 0x3, 0xfe, 0xf9, 0x0, 0x0,
    0x0, 0x0, 0x0, 0x2, 0xec, 0x17, 0xf7, 0x0,
    0x0, 0x0, 0x0, 0x0, 0x0, 0x0, 0x0, 0x0,
    0x0, 0x0, 0x3f, 0xd0, 0x0, 0x9, 0xff, 0x10,
    0x0, 0x6f, 0x90, 0xef, 0x20, 0x0, 0xdf, 0xf5,
    0x0, 0xa, 0xf5, 0x9, 0xf6, 0x0, 0x1f, 0xcf,
    0x90, 0x0, 0xef, 0x0, 0x5f, 0xb0, 0x5, 0xf5,
    0xed, 0x0, 0x3f, 0xb0, 0x0, 0xff, 0x0, 0x9f,
    0xa, 0xf1, 0x8, 0xf6, 0x0, 0xb, 0xf4, 0xe,
    0xc0, 0x5f, 0x50, 0xcf, 0x10, 0x0, 0x6f, 0x82,
    0xf8, 0x1, 0xf9, 0x1f, 0xc0, 0x0, 0x1, 0xfd,
    0x6f, 0x30, 0xd, 0xd5, 0xf8, 0x0, 0x0, 0xd,
    0xfc, 0xf0, 0x0, 0x9f, 0xbf, 0x30, 0x0, 0x0,
    0x8f, 0xfb, 0x0, 0x4, 0xff, 0xe0, 0x0, 0x0,
    0x3, 0xff, 0x60, 0x0, 0xf, 0xf9, 0x0, 0x0,

    /* U+0175 "ŵ" */
    0x0, 0x0, 0x4f, 0xed, 0x20, 0x0, 0x0, 0x0,
    0x4e, 0x70, 0xad, 0x20, 0x0, 0x0, 0x0, 0x0,
    0x0, 0x0, 0x0, 0x9, 0xf8, 0x0, 0xaf, 0x70,
    0xa, 0xf6, 0x4f, 0xb0, 0xe, 0xfc, 0x0, 0xef,
    0x10, 0xff, 0x3, 0xfd, 0xf1, 0x2f, 0xc0, 0xa,
    0xf3, 0x8f, 0x4f, 0x65, 0xf7, 0x0, 0x5f, 0x7d,
    0xb0, 0xeb, 0x9f, 0x20, 0x0, 0xfd, 0xf6, 0x9,
    0xfe, 0xd0, 0x0, 0xb, 0xff, 0x10, 0x4f, 0xf8,
    0x0, 0x0, 0x6f, 0xc0, 0x0, 0xff, 0x30, 0x0,

    /* U+0176 "Ŷ" */
    0x0, 0x0, 0x46, 0x50, 0x0, 0x0, 0x0, 0x4f,
    0xef, 0x70, 0x0, 0x0, 0x2e, 0xa0, 0x7e, 0x50,
    0x0, 0x0, 0x0, 0x0, 0x0, 0x0, 0x6f, 0xf1,
    0x0, 0x0, 0xaf, 0xa0, 0xcf, 0xa0, 0x0, 0x4f,
    0xe1, 0x2, 0xff, 0x40, 0xd, 0xf4, 0x0, 0x7,
    0xfd, 0x7, 0xfa, 0x0, 0x0, 0xc, 0xf9, 0xfe,
    0x10, 0x0, 0x0, 0x2f, 0xff, 0x50, 0x0, 0x0,
    0x0, 0x8f, 0xb0, 0x0, 0x0, 0x0, 0x7, 0xfa,
    0x0, 0x0, 0x0, 0x0, 0x7f, 0xa0, 0x0, 0x0,
    0x0, 0x7, 0xfa, 0x0, 0x0, 0x0, 0x0, 0x7f,
    0xa0, 0x0, 0x0,

    /* U+0177 "ŷ" */
    0x0, 0x5f, 0xed, 0x10, 0x0, 0x5e, 0x61, 0xbc,
    0x10, 0x0, 0x0, 0x0, 0x0, 0xb, 0xf7, 0x0,
    0xd, 0xf4, 0x4f, 0xd0, 0x3, 0xfd, 0x0, 0xdf,
    0x40, 0x9f, 0x60, 0x6, 0xfa, 0xf, 0xe0, 0x0,
    0xf, 0xf7, 0xf8, 0x0, 0x0, 0x9f, 0xff, 0x10,
    0x0, 0x2, 0xff, 0xa0, 0x0, 0x0, 0xd, 0xf2,
    0x0, 0x0, 0x4, 0xfb, 0x0, 0x0, 0x0, 0xbf,
    0x40, 0x0, 0x0, 0x3f, 0xd0, 0x0, 0x0,

    /* U+0178 "Ÿ" */
    0x0, 0x2, 0x20, 0x12, 0x10, 0x0, 0x5, 0xfd,
    0xa, 0xf8, 0x0, 0x0, 0x5f, 0xd0, 0xaf, 0x80,
    0x0, 0x0, 0x0, 0x0, 0x0, 0x0, 0x6f, 0xf1,
    0x0, 0x0, 0xaf, 0x90, 0xbf, 0xb0, 0x0, 0x4f,
    0xe0, 0x2, 0xff, 0x50, 0xd, 0xf4, 0x0, 0x6,
    0xfe, 0x8, 0xf9, 0x0, 0x0, 0xb, 0xfa, 0xfd,
    0x0, 0x0, 0x0, 0x1e, 0xff, 0x30, 0x0, 0x0,
    0x0, 0x7f, 0xb0, 0x0, 0x0, 0x0, 0x7, 0xfa,
    0x0, 0x0, 0x0, 0x0, 0x7f, 0xa0, 0x0, 0x0,
    0x0, 0x7, 0xfa, 0x0, 0x0, 0x0, 0x0, 0x7f,
    0xa0, 0x0, 0x0,

    /* U+0179 "Ź" */
    0x0, 0x0, 0x5, 0x65, 0x0, 0x0, 0x0, 0x5f,
    0xe2, 0x0, 0x0, 0x1, 0xed, 0x10, 0x0, 0x0,
    0x0, 0x0, 0x0, 0x0, 0x1f, 0xff, 0xff, 0xff,
    0xf5, 0x9, 0x99, 0x99, 0xcf, 0xf3, 0x0, 0x0,
    0x1, 0xef, 0x80, 0x0, 0x0, 0xb, 0xfc, 0x0,
    0x0, 0x0, 0x7f, 0xe1, 0x0, 0x0, 0x3, 0xff,
    0x40, 0x0, 0x0, 0x1e, 0xf9, 0x0, 0x0, 0x0,
    0xbf, 0xc0, 0x0, 0x0, 0x6, 0xff, 0x20, 0x0,
    0x0, 0x2f, 0xfd, 0x99, 0x99, 0x94, 0x4f, 0xff,
    0xff, 0xff, 0xf6,

    /* U+017A "ź" */
    0x0, 0x1, 0xef, 0x80, 0x0, 0xb, 0xf7, 0x0,
    0x0, 0x16, 0x40, 0x0, 0x1f, 0xff, 0xff, 0xf7,
    0x8, 0x88, 0xbf, 0xf4, 0x0, 0x1, 0xdf, 0x80,
    0x0, 0xb, 0xfb, 0x0, 0x0, 0x8f, 0xd1, 0x0,
    0x5, 0xff, 0x20, 0x0, 0x2f, 0xfc, 0x88, 0x84,
    0x4f, 0xff, 0xff, 0xf8,

    /* U+017B "Ż" */
    0x0, 0x0, 0x22, 0x0, 0x0, 0x0, 0x0, 0xff,
    0x20, 0x0, 0x0, 0x0, 0xff, 0x20, 0x0, 0x0,
    0x0, 0x0, 0x0, 0x0, 0x1f, 0xff, 0xff, 0xff,
    0xf5, 0x9, 0x99, 0x99, 0xcf, 0xf3, 0x0, 0x0,
    0x1, 0xef, 0x80, 0x0, 0x0, 0xb, 0xfc, 0x0,
    0x0, 0x0, 0x7f, 0xe1, 0x0, 0x0, 0x3, 0xff,
    0x40, 0x0, 0x0, 0x1e, 0xf9, 0x0, 0x0, 0x0,
    0xbf, 0xc0, 0x0, 0x0, 0x6, 0xff, 0x20, 0x0,
    0x0, 0x2f, 0xfd, 0x99, 0x99, 0x94, 0x4f, 0xff,
    0xff, 0xff, 0xf6,

    /* U+017C "ż" */
    0x0, 0xf, 0xf3, 0x0, 0x0, 0xf, 0xf3, 0x0,
    0x0, 0x2, 0x20, 0x0, 0x1f, 0xff, 0xff, 0xf7,
    0x8, 0x88, 0xbf, 0xf4, 0x0, 0x1, 0xdf, 0x80,
    0x0, 0xb, 0xfb, 0x0, 0x0, 0x8f, 0xd1, 0x0,
    0x5, 0xff, 0x20, 0x0, 0x2f, 0xfc, 0x88, 0x84,
    0x4f, 0xff, 0xff, 0xf8,

    /* U+017D "Ž" */
    0x0, 0x76, 0x0, 0x67, 0x0, 0x0, 0x4f, 0xba,
    0xf5, 0x0, 0x0, 0x6, 0xff, 0x80, 0x0, 0x0,
    0x0, 0x0, 0x0, 0x0, 0x1f, 0xff, 0xff, 0xff,
    0xf5, 0x9, 0x99, 0x99, 0xcf, 0xf3, 0x0, 0x0,
    0x1, 0xef, 0x80, 0x0, 0x0, 0xb, 0xfc, 0x0,
    0x0, 0x0, 0x7f, 0xe1, 0x0, 0x0, 0x3, 0xff,
    0x40, 0x0, 0x0, 0x1e, 0xf9, 0x0, 0x0, 0x0,
    0xbf, 0xc0, 0x0, 0x0, 0x6, 0xff, 0x20, 0x0,
    0x0, 0x2f, 0xfd, 0x99, 0x99, 0x94, 0x4f, 0xff,
    0xff, 0xff, 0xf6,

    /* U+017E "ž" */
    0x8, 0xf6, 0x3e, 0xb0, 0x0, 0x8f, 0xfb, 0x0,
    0x0, 0x0, 0x0, 0x0, 0x1f, 0xff, 0xff, 0xf7,
    0x8, 0x88, 0xbf, 0xf4, 0x0, 0x1, 0xdf, 0x80,
    0x0, 0xb, 0xfb, 0x0, 0x0, 0x8f, 0xd1, 0x0,
    0x5, 0xff, 0x20, 0x0, 0x2f, 0xfc, 0x88, 0x84,
    0x4f, 0xff, 0xff, 0xf8,

    /* U+2013 "–" */
    0x22, 0x22, 0x22, 0x21, 0xef, 0xff, 0xff, 0xf8,
    0x45, 0x55, 0x55, 0x52,

    /* U+2014 "—" */
    0x22, 0x22, 0x22, 0x22, 0x22, 0x22, 0xe, 0xff,
    0xff, 0xff, 0xff, 0xff, 0xf5, 0x45, 0x55, 0x55,
    0x55, 0x55, 0x55, 0x10,

    /* U+2018 "‘" */
    0x2, 0x24, 0xd3, 0xd5, 0xf, 0xf6, 0xff, 0x60,

    /* U+2019 "’" */
    0xf, 0xf5, 0xf, 0xf5, 0x1, 0xe3, 0xb, 0xa0,
    0x4, 0x0,

    /* U+201A "‚" */
    0x33, 0x1f, 0xf4, 0xff, 0x40, 0xf2, 0xb9, 0x4,
    0x0,

    /* U+201C "“" */
    0x2, 0x20, 0x13, 0x4d, 0x33, 0xe5, 0xd5, 0xa,
    0x70, 0xff, 0x6d, 0xf8, 0xff, 0x6d, 0xf8,

    /* U+201D "”" */
    0xf, 0xf5, 0xdf, 0x80, 0xff, 0x5d, 0xf7, 0x1,
    0xe3, 0xc, 0x50, 0xba, 0x9, 0xc0, 0x4, 0x0,
    0x40, 0x0,

    /* U+201E "„" */
    0x33, 0x13, 0x31, 0xff, 0x4e, 0xf6, 0xff, 0x4e,
    0xf5, 0xf, 0x20, 0xe3, 0xb9, 0xa, 0xa0, 0x40,
    0x4, 0x0,

    /* U+2022 "•" */
    0x22, 0x20, 0xff, 0xf5, 0xff, 0xf5, 0xff, 0xf5,

    /* U+2026 "…" */
    0x33, 0x11, 0x33, 0x2, 0x32, 0xff, 0x55, 0xff,
    0xb, 0xf9, 0xff, 0x55, 0xff, 0xb, 0xf9,

    /* U+F001 "" */
    0x0, 0x0, 0x0, 0x0, 0x0, 0x0, 0x0, 0x0,
    0x0, 0x0, 0x0, 0x0, 0x0, 0x0, 0x49, 0xdc,
    0x0, 0x0, 0x0, 0x0, 0x16, 0xbf, 0xff, 0xff,
    0x0, 0x0, 0x3, 0x8d, 0xff, 0xff, 0xff, 0xff,
    0x0, 0x0, 0xcf, 0xff, 0xff, 0xff, 0xff, 0xff,
    0x0, 0x0, 0xff, 0xff, 0xff, 0xff, 0xc7, 0xff,
    0x0, 0x0, 0xff, 0xff, 0xea, 0x51, 0x0, 0xff,
    0x0, 0x0, 0xff, 0x83, 0x0, 0x0, 0x0, 0xff,
    0x0, 0x0, 0xff, 0x0, 0x0, 0x0, 0x0, 0xff,
    0x0, 0x0, 0xff, 0x0, 0x0, 0x0, 0x0, 0xff,
    0x0, 0x0, 0xff, 0x0, 0x0, 0x0, 0x0, 0xff,
    0x0, 0x0, 0xff, 0x0, 0x0, 0x2b, 0xff, 0xff,
    0x0, 0x0, 0xff, 0x0, 0x0, 0xdf, 0xff, 0xff,
    0x2b, 0xff, 0xff, 0x0, 0x0, 0xdf, 0xff, 0xfd,
    0xdf, 0xff, 0xff, 0x0, 0x0, 0x2b, 0xff, 0xb2,
    0xdf, 0xff, 0xfd, 0x0, 0x0, 0x0, 0x0, 0x0,
    0x2b, 0xff, 0xb2, 0x0, 0x0, 0x0, 0x0, 0x0,

    /* U+F008 "" */
    0xd0, 0xf, 0xff, 0xff, 0xff, 0xff, 0xf0, 0xd,
    0xff, 0xff, 0xc8, 0x88, 0x88, 0x8c, 0xff, 0xff,
    0xf0, 0xf, 0x80, 0x0, 0x0, 0x8, 0xf0, 0xf,
    0xf0, 0xf, 0x80, 0x0, 0x0, 0x8, 0xf0, 0xf,
    0xff, 0xff, 0x80, 0x0, 0x0, 0x8, 0xff, 0xff,
    0xf0, 0xf, 0xec, 0xcc, 0xcc, 0xce, 0xf0, 0xf,
    0xf0, 0xf, 0xec, 0xcc, 0xcc, 0xce, 0xf0, 0xf,
    0xff, 0xff, 0x80, 0x0, 0x0, 0x8, 0xff, 0xff,
    0xf0, 0xf, 0x80, 0x0, 0x0, 0x8, 0xf0, 0xf,
    0xf0, 0xf, 0x80, 0x0, 0x0, 0x8, 0xf0, 0xf,
    0xff, 0xff, 0xc8, 0x88, 0x88, 0x8c, 0xff, 0xff,
    0xd0, 0xf, 0xff, 0xff, 0xff, 0xff, 0xf0, 0xd,

    /* U+F00B "" */
    0xdf, 0xff, 0x73, 0xff, 0xff, 0xff, 0xff, 0xfd,
    0xff, 0xff, 0xa5, 0xff, 0xff, 0xff, 0xff, 0xff,
    0xff, 0xff, 0xa5, 0xff, 0xff, 0xff, 0xff, 0xff,
    0xdf, 0xff, 0x73, 0xff, 0xff, 0xff, 0xff, 0xfd,
    0x0, 0x0, 0x0, 0x0, 0x0, 0x0, 0x0, 0x0,
    0xdf, 0xff, 0x73, 0xff, 0xff, 0xff, 0xff, 0xfd,
    0xff, 0xff, 0xa5, 0xff, 0xff, 0xff, 0xff, 0xff,
    0xff, 0xff, 0xa5, 0xff, 0xff, 0xff, 0xff, 0xff,
    0xdf, 0xff, 0x73, 0xff, 0xff, 0xff, 0xff, 0xfd,
    0x0, 0x0, 0x0, 0x0, 0x0, 0x0, 0x0, 0x0,
    0xdf, 0xff, 0x73, 0xff, 0xff, 0xff, 0xff, 0xfd,
    0xff, 0xff, 0xa5, 0xff, 0xff, 0xff, 0xff, 0xff,
    0xff, 0xff, 0xa5, 0xff, 0xff, 0xff, 0xff, 0xff,
    0xdf, 0xff, 0x73, 0xff, 0xff, 0xff, 0xff, 0xfd,

    /* U+F00C "" */
    0x0, 0x0, 0x0, 0x0, 0x0, 0x0, 0xa, 0xb1,
    0x0, 0x0, 0x0, 0x0, 0x0, 0x0, 0xbf, 0xfc,
    0x0, 0x0, 0x0, 0x0, 0x0, 0xb, 0xff, 0xfb,
    0x0, 0x0, 0x0, 0x0, 0x0, 0xbf, 0xff, 0xc0,
    0x1b, 0xa0, 0x0, 0x0, 0xb, 0xff, 0xfc, 0x0,
    0xcf, 0xfb, 0x0, 0x0, 0xbf, 0xff, 0xc0, 0x0,
    0xbf, 0xff, 0xb0, 0xb, 0xff, 0xfc, 0x0, 0x0,
    0xc, 0xff, 0xfb, 0xbf, 0xff, 0xc0, 0x0, 0x0,
    0x0, 0xcf, 0xff, 0xff, 0xfb, 0x0, 0x0, 0x0,
    0x0, 0xc, 0xff, 0xff, 0xb0, 0x0, 0x0, 0x0,
    0x0, 0x0, 0xbf, 0xfb, 0x0, 0x0, 0x0, 0x0,
    0x0, 0x0, 0xb, 0xb0, 0x0, 0x0, 0x0, 0x0,

    /* U+F00D "" */
    0x3, 0x0, 0x0, 0x0, 0x3, 0x8, 0xfc, 0x10,
    0x0, 0x1c, 0xf8, 0xff, 0xfc, 0x10, 0x1c, 0xff,
    0xf5, 0xff, 0xfc, 0x2c, 0xff, 0xf5, 0x5, 0xff,
    0xff, 0xff, 0xf5, 0x0, 0x5, 0xff, 0xff, 0xf5,
    0x0, 0x0, 0x1d, 0xff, 0xfd, 0x10, 0x0, 0x1c,
    0xff, 0xff, 0xfc, 0x10, 0x1c, 0xff, 0xf9, 0xff,
    0xfc, 0x1c, 0xff, 0xf5, 0x5, 0xff, 0xfc, 0xdf,
    0xf5, 0x0, 0x5, 0xff, 0xd1, 0xa4, 0x0, 0x0,
    0x4, 0xa1,

    /* U+F011 "" */
    0x0, 0x0, 0x0, 0x4f, 0xe0, 0x0, 0x0, 0x0,
    0x0, 0x2, 0x10, 0x6f, 0xf1, 0x3, 0x10, 0x0,
    0x0, 0x5f, 0xd0, 0x6f, 0xf1, 0x3f, 0xd1, 0x0,
    0x3, 0xff, 0xf1, 0x6f, 0xf1, 0x5f, 0xfd, 0x0,
    0xd, 0xff, 0x40, 0x6f, 0xf1, 0x9, 0xff, 0x70,
    0x4f, 0xf7, 0x0, 0x6f, 0xf1, 0x0, 0xcf, 0xe0,
    0x9f, 0xf0, 0x0, 0x6f, 0xf1, 0x0, 0x5f, 0xf3,
    0xbf, 0xc0, 0x0, 0x6f, 0xf1, 0x0, 0x2f, 0xf5,
    0xbf, 0xc0, 0x0, 0x4f, 0xe0, 0x0, 0x1f, 0xf6,
    0xaf, 0xe0, 0x0, 0x0, 0x0, 0x0, 0x4f, 0xf4,
    0x6f, 0xf4, 0x0, 0x0, 0x0, 0x0, 0xaf, 0xf0,
    0xf, 0xfe, 0x10, 0x0, 0x0, 0x5, 0xff, 0xa0,
    0x6, 0xff, 0xd3, 0x0, 0x0, 0x7f, 0xff, 0x20,
    0x0, 0x9f, 0xff, 0xda, 0xbe, 0xff, 0xf4, 0x0,
    0x0, 0x6, 0xff, 0xff, 0xff, 0xfd, 0x30, 0x0,
    0x0, 0x0, 0x17, 0xbd, 0xca, 0x50, 0x0, 0x0,

    /* U+F013 "" */
    0x0, 0x0, 0x0, 0x8b, 0xb8, 0x0, 0x0, 0x0,
    0x0, 0x0, 0x0, 0xff, 0xff, 0x0, 0x0, 0x0,
    0x0, 0x30, 0x6, 0xff, 0xff, 0x60, 0x3, 0x0,
    0x4, 0xfd, 0xdf, 0xff, 0xff, 0xfd, 0xef, 0x40,
    0xd, 0xff, 0xff, 0xff, 0xff, 0xff, 0xff, 0xd0,
    0x4f, 0xff, 0xff, 0xf9, 0x9f, 0xff, 0xff, 0xf4,
    0x8, 0xff, 0xff, 0x20, 0x2, 0xff, 0xff, 0x80,
    0x0, 0xff, 0xf9, 0x0, 0x0, 0x9f, 0xff, 0x0,
    0x0, 0xff, 0xf9, 0x0, 0x0, 0x9f, 0xff, 0x0,
    0x8, 0xff, 0xff, 0x20, 0x2, 0xff, 0xff, 0x80,
    0x4f, 0xff, 0xff, 0xf9, 0x9f, 0xff, 0xff, 0xf4,
    0xd, 0xff, 0xff, 0xff, 0xff, 0xff, 0xff, 0xd0,
    0x4, 0xfe, 0xdf, 0xff, 0xff, 0xfd, 0xdf, 0x40,
    0x0, 0x30, 0x6, 0xff, 0xff, 0x60, 0x3, 0x0,
    0x0, 0x0, 0x0, 0xff, 0xff, 0x0, 0x0, 0x0,
    0x0, 0x0, 0x0, 0x8b, 0xb8, 0x0, 0x0, 0x0,

    /* U+F015 "" */
    0x0, 0x0, 0x0, 0x3, 0xdd, 0x30, 0x3f, 0xf3,
    0x0, 0x0, 0x0, 0x0, 0x6f, 0xff, 0xf5, 0x4f,
    0xf4, 0x0, 0x0, 0x0, 0x9, 0xff, 0x99, 0xff,
    0xbf, 0xf4, 0x0, 0x0, 0x1, 0xbf, 0xf6, 0x22,
    0x6f, 0xff, 0xf4, 0x0, 0x0, 0x2d, 0xfe, 0x35,
    0xff, 0x53, 0xef, 0xf4, 0x0, 0x4, 0xff, 0xc1,
    0x8f, 0xff, 0xf8, 0x2d, 0xfe, 0x40, 0x7f, 0xfa,
    0x1a, 0xff, 0xff, 0xff, 0xa1, 0xaf, 0xf7, 0xcf,
    0x82, 0xdf, 0xff, 0xff, 0xff, 0xfd, 0x28, 0xfc,
    0x14, 0xe, 0xff, 0xff, 0xff, 0xff, 0xff, 0xe0,
    0x41, 0x0, 0xf, 0xff, 0xff, 0xff, 0xff, 0xff,
    0xf0, 0x0, 0x0, 0xf, 0xff, 0xf9, 0x0, 0x8f,
    0xff, 0xf0, 0x0, 0x0, 0xf, 0xff, 0xf8, 0x0,
    0x8f, 0xff, 0xf0, 0x0, 0x0, 0xf, 0xff, 0xf8,
    0x0, 0x8f, 0xff, 0xf0, 0x0, 0x0, 0xe, 0xff,
    0xf6, 0x0, 0x6f, 0xff, 0xe0, 0x0,

    /* U+F019 "" */
    0x0, 0x0, 0x0, 0xdf, 0xfd, 0x0, 0x0, 0x0,
    0x0, 0x0, 0x0, 0xff, 0xff, 0x0, 0x0, 0x0,
    0x0, 0x0, 0x0, 0xff, 0xff, 0x0, 0x0, 0x0,
    0x0, 0x0, 0x0, 0xff, 0xff, 0x0, 0x0, 0x0,
    0x0, 0x0, 0x0, 0xff, 0xff, 0x0, 0x0, 0x0,
    0x0, 0x0, 0x0, 0xff, 0xff, 0x0, 0x0, 0x0,
    0x0, 0x4f, 0xff, 0xff, 0xff, 0xff, 0xf4, 0x0,
    0x0, 0xb, 0xff, 0xff, 0xff, 0xff, 0xb0, 0x0,
    0x0, 0x0, 0xbf, 0xff, 0xff, 0xfb, 0x0, 0x0,
    0x0, 0x0, 0xb, 0xff, 0xff, 0xb0, 0x0, 0x0,
    0x0, 0x0, 0x0, 0xbf, 0xfb, 0x0, 0x0, 0x0,
    0xdf, 0xff, 0xfc, 0x1b, 0xb1, 0xcf, 0xff, 0xfd,
    0xff, 0xff, 0xff, 0xc2, 0x2c, 0xff, 0xff, 0xff,
    0xff, 0xff, 0xff, 0xff, 0xff, 0xff, 0xff, 0xff,
    0xff, 0xff, 0xff, 0xff, 0xff, 0xf0, 0xe0, 0xff,
    0xdf, 0xff, 0xff, 0xff, 0xff, 0xff, 0xff, 0xfd,

    /* U+F01C "" */
    0x0, 0x4, 0xef, 0xff, 0xff, 0xff, 0xfe, 0x40,
    0x0, 0x0, 0x1e, 0xff, 0xff, 0xff, 0xff, 0xff,
    0xe1, 0x0, 0x0, 0xaf, 0xb0, 0x0, 0x0, 0x0,
    0xb, 0xfa, 0x0, 0x5, 0xff, 0x10, 0x0, 0x0,
    0x0, 0x1, 0xff, 0x50, 0x1e, 0xf6, 0x0, 0x0,
    0x0, 0x0, 0x0, 0x6f, 0xe1, 0xaf, 0xb0, 0x0,
    0x0, 0x0, 0x0, 0x0, 0xb, 0xfa, 0xff, 0xff,
    0xff, 0x80, 0x0, 0x8, 0xff, 0xff, 0xff, 0xff,
    0xff, 0xff, 0xf1, 0x0, 0x1f, 0xff, 0xff, 0xff,
    0xff, 0xff, 0xff, 0xff, 0xff, 0xff, 0xff, 0xff,
    0xff, 0xff, 0xff, 0xff, 0xff, 0xff, 0xff, 0xff,
    0xff, 0xff, 0xff, 0xff, 0xff, 0xff, 0xff, 0xff,
    0xff, 0xff, 0xff, 0x8f, 0xff, 0xff, 0xff, 0xff,
    0xff, 0xff, 0xff, 0xf8,

    /* U+F021 "" */
    0x0, 0x0, 0x6, 0xbd, 0xda, 0x50, 0x2, 0xff,
    0x0, 0x5, 0xef, 0xff, 0xff, 0xfe, 0x42, 0xff,
    0x0, 0x7f, 0xff, 0xa7, 0x7b, 0xff, 0xf9, 0xff,
    0x5, 0xff, 0xc1, 0x0, 0x0, 0x2c, 0xff, 0xff,
    0xe, 0xfc, 0x0, 0x0, 0x2, 0x22, 0xdf, 0xff,
    0x5f, 0xf2, 0x0, 0x0, 0xf, 0xff, 0xff, 0xff,
    0x8f, 0xb0, 0x0, 0x0, 0xf, 0xff, 0xff, 0xff,
    0x0, 0x0, 0x0, 0x0, 0x0, 0x0, 0x0, 0x0,
    0x0, 0x0, 0x0, 0x0, 0x0, 0x0, 0x0, 0x0,
    0xff, 0xff, 0xff, 0xf0, 0x0, 0x0, 0xb, 0xf8,
    0xff, 0xff, 0xff, 0xf0, 0x0, 0x0, 0x2f, 0xf4,
    0xff, 0xfd, 0x22, 0x20, 0x0, 0x0, 0xcf, 0xe0,
    0xff, 0xff, 0xc2, 0x0, 0x0, 0x2c, 0xff, 0x40,
    0xff, 0x9f, 0xff, 0xb7, 0x6a, 0xff, 0xf7, 0x0,
    0xff, 0x24, 0xdf, 0xff, 0xff, 0xfe, 0x50, 0x0,
    0xff, 0x20, 0x5, 0xac, 0xdb, 0x60, 0x0, 0x0,

    /* U+F026 "" */
    0x0, 0x0, 0x0, 0x0, 0x0, 0x0, 0x0, 0x8d,
    0x0, 0x0, 0x8, 0xff, 0x0, 0x0, 0x8f, 0xff,
    0xdf, 0xff, 0xff, 0xff, 0xff, 0xff, 0xff, 0xff,
    0xff, 0xff, 0xff, 0xff, 0xff, 0xff, 0xff, 0xff,
    0xff, 0xff, 0xff, 0xff, 0xdf, 0xff, 0xff, 0xff,
    0x0, 0x0, 0x8f, 0xff, 0x0, 0x0, 0x8, 0xff,
    0x0, 0x0, 0x0, 0x8d, 0x0, 0x0, 0x0, 0x0,

    /* U+F027 "" */
    0x0, 0x0, 0x0, 0x0, 0x0, 0x0, 0x0, 0x0,
    0x0, 0x8d, 0x0, 0x0, 0x0, 0x0, 0x8, 0xff,
    0x0, 0x0, 0x0, 0x0, 0x8f, 0xff, 0x0, 0x0,
    0xcf, 0xff, 0xff, 0xff, 0x1, 0x50, 0xff, 0xff,
    0xff, 0xff, 0x6, 0xf7, 0xff, 0xff, 0xff, 0xff,
    0x0, 0xbe, 0xff, 0xff, 0xff, 0xff, 0x0, 0xae,
    0xff, 0xff, 0xff, 0xff, 0x5, 0xf8, 0xdf, 0xff,
    0xff, 0xff, 0x2, 0x60, 0x0, 0x0, 0x9f, 0xff,
    0x0, 0x0, 0x0, 0x0, 0x9, 0xff, 0x0, 0x0,
    0x0, 0x0, 0x0, 0x9e, 0x0, 0x0, 0x0, 0x0,
    0x0, 0x0, 0x0, 0x0,

    /* U+F028 "" */
    0x0, 0x0, 0x0, 0x0, 0x0, 0x0, 0x6, 0x10,
    0x0, 0x0, 0x0, 0x0, 0x0, 0x0, 0x0, 0x1f,
    0xd2, 0x0, 0x0, 0x0, 0x0, 0x8d, 0x0, 0x0,
    0x3, 0xee, 0x10, 0x0, 0x0, 0x8, 0xff, 0x0,
    0xa, 0xb1, 0x2f, 0xb0, 0x0, 0x0, 0x8f, 0xff,
    0x0, 0x5, 0xfc, 0x7, 0xf4, 0xdf, 0xff, 0xff,
    0xff, 0x2, 0x50, 0x5f, 0x60, 0xf9, 0xff, 0xff,
    0xff, 0xff, 0x6, 0xf7, 0xd, 0xc0, 0xbd, 0xff,
    0xff, 0xff, 0xff, 0x0, 0xae, 0x9, 0xf0, 0x9f,
    0xff, 0xff, 0xff, 0xff, 0x0, 0xae, 0x9, 0xf0,
    0x8f, 0xff, 0xff, 0xff, 0xff, 0x6, 0xf7, 0xd,
    0xc0, 0xad, 0xdf, 0xff, 0xff, 0xff, 0x2, 0x50,
    0x5f, 0x60, 0xe9, 0x0, 0x0, 0x8f, 0xff, 0x0,
    0x5, 0xfc, 0x6, 0xf4, 0x0, 0x0, 0x8, 0xff,
    0x0, 0xa, 0xb1, 0x2f, 0xb0, 0x0, 0x0, 0x0,
    0x8d, 0x0, 0x0, 0x2, 0xee, 0x10, 0x0, 0x0,
    0x0, 0x0, 0x0, 0x0, 0x1f, 0xd2, 0x0, 0x0,
    0x0, 0x0, 0x0, 0x0, 0x0, 0x6, 0x10, 0x0,

    /* U+F03E "" */
    0x8f, 0xff, 0xff, 0xff, 0xff, 0xff, 0xff, 0xf8,
    0xff, 0xfc, 0xff, 0xff, 0xff, 0xff, 0xff, 0xff,
    0xff, 0x20, 0x2f, 0xff, 0xff, 0xff, 0xff, 0xff,
    0xfc, 0x0, 0xc, 0xff, 0xff, 0xee, 0xff, 0xff,
    0xff, 0x20, 0x2f, 0xff, 0xfe, 0x22, 0xef, 0xff,
    0xff, 0xfc, 0xff, 0xff, 0xe2, 0x0, 0x2e, 0xff,
    0xff, 0xfe, 0x4e, 0xfe, 0x20, 0x0, 0x2, 0xff,
    0xff, 0xe2, 0x2, 0xc2, 0x0, 0x0, 0x0, 0xff,
    0xff, 0x20, 0x0, 0x0, 0x0, 0x0, 0x0, 0xff,
    0xff, 0x0, 0x0, 0x0, 0x0, 0x0, 0x0, 0xff,
    0xff, 0xff, 0xff, 0xff, 0xff, 0xff, 0xff, 0xff,
    0x8f, 0xff, 0xff, 0xff, 0xff, 0xff, 0xff, 0xf8,

    /* U+F043 "" */
    0x0, 0x0, 0x4e, 0x40, 0x0, 0x0, 0x0, 0xb,
    0xfb, 0x0, 0x0, 0x0, 0x1, 0xff, 0xf1, 0x0,
    0x0, 0x0, 0x9f, 0xff, 0x90, 0x0, 0x0, 0x2f,
    0xff, 0xff, 0x30, 0x0, 0xc, 0xff, 0xff, 0xfc,
    0x0, 0x7, 0xff, 0xff, 0xff, 0xf8, 0x2, 0xff,
    0xff, 0xff, 0xff, 0xf2, 0x9f, 0xff, 0xff, 0xff,
    0xff, 0x9e, 0xff, 0xff, 0xff, 0xff, 0xfe, 0xff,
    0x2f, 0xff, 0xff, 0xff, 0xfe, 0xf2, 0xbf, 0xff,
    0xff, 0xfe, 0x9f, 0xa1, 0xbf, 0xff, 0xff, 0x92,
    0xff, 0xa2, 0x2f, 0xff, 0xf2, 0x4, 0xff, 0xff,
    0xff, 0xf4, 0x0, 0x2, 0x9e, 0xfe, 0x92, 0x0,

    /* U+F048 "" */
    0x0, 0x0, 0x0, 0x0, 0x0, 0xff, 0x30, 0x0,
    0x1, 0xcc, 0xff, 0x40, 0x0, 0x2d, 0xff, 0xff,
    0x40, 0x3, 0xef, 0xff, 0xff, 0x40, 0x3f, 0xff,
    0xff, 0xff, 0x44, 0xff, 0xff, 0xff, 0xff, 0x9f,
    0xff, 0xff, 0xff, 0xff, 0xff, 0xff, 0xff, 0xff,
    0xff, 0xff, 0xff, 0xff, 0xff, 0xff, 0xaf, 0xff,
    0xff, 0xff, 0xff, 0x45, 0xff, 0xff, 0xff, 0xff,
    0x40, 0x4f, 0xff, 0xff, 0xff, 0x40, 0x3, 0xef,
    0xff, 0xff, 0x40, 0x0, 0x2e, 0xff, 0xff, 0x30,
    0x0, 0x1, 0xcc, 0x0, 0x0, 0x0, 0x0, 0x0,

    /* U+F04B "" */
    0x0, 0x0, 0x0, 0x0, 0x0, 0x0, 0x0, 0x8f,
    0x91, 0x0, 0x0, 0x0, 0x0, 0x0, 0xff, 0xff,
    0x70, 0x0, 0x0, 0x0, 0x0, 0xff, 0xff, 0xfd,
    0x40, 0x0, 0x0, 0x0, 0xff, 0xff, 0xff, 0xfa,
    0x10, 0x0, 0x0, 0xff, 0xff, 0xff, 0xff, 0xf7,
    0x0, 0x0, 0xff, 0xff, 0xff, 0xff, 0xff, 0xd5,
    0x0, 0xff, 0xff, 0xff, 0xff, 0xff, 0xff, 0xb2,
    0xff, 0xff, 0xff, 0xff, 0xff, 0xff, 0xfd, 0xff,
    0xff, 0xff, 0xff, 0xff, 0xff, 0xfd, 0xff, 0xff,
    0xff, 0xff, 0xff, 0xff, 0xb2, 0xff, 0xff, 0xff,
    0xff, 0xff, 0xd5, 0x0, 0xff, 0xff, 0xff, 0xff,
    0xf7, 0x0, 0x0, 0xff, 0xff, 0xff, 0xfa, 0x10,
    0x0, 0x0, 0xff, 0xff, 0xfd, 0x40, 0x0, 0x0,
    0x0, 0xff, 0xff, 0x70, 0x0, 0x0, 0x0, 0x0,
    0x8e, 0xa1, 0x0, 0x0, 0x0, 0x0, 0x0, 0x0,
    0x0, 0x0, 0x0, 0x0, 0x0, 0x0,

    /* U+F04C "" */
    0x0, 0x0, 0x0, 0x0, 0x0, 0x0, 0x0, 0x8f,
    0xff, 0xf8, 0x0, 0x8f, 0xff, 0xf8, 0xff, 0xff,
    0xff, 0x0, 0xff, 0xff, 0xff, 0xff, 0xff, 0xff,
    0x0, 0xff, 0xff, 0xff, 0xff, 0xff, 0xff, 0x0,
    0xff, 0xff, 0xff, 0xff, 0xff, 0xff, 0x0, 0xff,
    0xff, 0xff, 0xff, 0xff, 0xff, 0x0, 0xff, 0xff,
    0xff, 0xff, 0xff, 0xff, 0x0, 0xff, 0xff, 0xff,
    0xff, 0xff, 0xff, 0x0, 0xff, 0xff, 0xff, 0xff,
    0xff, 0xff, 0x0, 0xff, 0xff, 0xff, 0xff, 0xff,
    0xff, 0x0, 0xff, 0xff, 0xff, 0xff, 0xff, 0xff,
    0x0, 0xff, 0xff, 0xff, 0xff, 0xff, 0xff, 0x0,
    0xff, 0xff, 0xff, 0xff, 0xff, 0xff, 0x0, 0xff,
    0xff, 0xff, 0x7f, 0xff, 0xf7, 0x0, 0x7f, 0xff,
    0xf7,

    /* U+F04D "" */
    0x8f, 0xff, 0xff, 0xff, 0xff, 0xff, 0xf8, 0xff,
    0xff, 0xff, 0xff, 0xff, 0xff, 0xff, 0xff, 0xff,
    0xff, 0xff, 0xff, 0xff, 0xff, 0xff, 0xff, 0xff,
    0xff, 0xff, 0xff, 0xff, 0xff, 0xff, 0xff, 0xff,
    0xff, 0xff, 0xff, 0xff, 0xff, 0xff, 0xff, 0xff,
    0xff, 0xff, 0xff, 0xff, 0xff, 0xff, 0xff, 0xff,
    0xff, 0xff, 0xff, 0xff, 0xff, 0xff, 0xff, 0xff,
    0xff, 0xff, 0xff, 0xff, 0xff, 0xff, 0xff, 0xff,
    0xff, 0xff, 0xff, 0xff, 0xff, 0xff, 0xff, 0xff,
    0xff, 0xff, 0xff, 0xff, 0xff, 0xff, 0xff, 0xff,
    0xff, 0xff, 0xff, 0xff, 0xff, 0xff, 0xff, 0xff,
    0xff, 0xff, 0xff, 0x8f, 0xff, 0xff, 0xff, 0xff,
    0xff, 0xf8,

    /* U+F051 "" */
    0x0, 0x0, 0x0, 0x0, 0x0, 0xcc, 0x10, 0x0,
    0x3, 0xff, 0xff, 0xd2, 0x0, 0x4, 0xff, 0xff,
    0xfe, 0x30, 0x4, 0xff, 0xff, 0xff, 0xf4, 0x4,
    0xff, 0xff, 0xff, 0xff, 0x54, 0xff, 0xff, 0xff,
    0xff, 0xf9, 0xff, 0xff, 0xff, 0xff, 0xff, 0xff,
    0xff, 0xff, 0xff, 0xff, 0xff, 0xff, 0xff, 0xff,
    0xf9, 0xff, 0xff, 0xff, 0xff, 0x44, 0xff, 0xff,
    0xff, 0xf3, 0x4, 0xff, 0xff, 0xfe, 0x30, 0x4,
    0xff, 0xff, 0xd2, 0x0, 0x4, 0xff, 0xcc, 0x10,
    0x0, 0x3, 0xff, 0x0, 0x0, 0x0, 0x0, 0x0,

    /* U+F052 "" */
    0x0, 0x0, 0x0, 0x2d, 0xd2, 0x0, 0x0, 0x0,
    0x0, 0x0, 0x1, 0xef, 0xfe, 0x10, 0x0, 0x0,
    0x0, 0x0, 0x1d, 0xff, 0xff, 0xd1, 0x0, 0x0,
    0x0, 0x0, 0xcf, 0xff, 0xff, 0xfc, 0x0, 0x0,
    0x0, 0xb, 0xff, 0xff, 0xff, 0xff, 0xb0, 0x0,
    0x0, 0xaf, 0xff, 0xff, 0xff, 0xff, 0xfa, 0x0,
    0x9, 0xff, 0xff, 0xff, 0xff, 0xff, 0xff, 0x90,
    0xf, 0xff, 0xff, 0xff, 0xff, 0xff, 0xff, 0xf0,
    0x8, 0xff, 0xff, 0xff, 0xff, 0xff, 0xff, 0x80,
    0x0, 0x0, 0x0, 0x0, 0x0, 0x0, 0x0, 0x0,
    0xc, 0xff, 0xff, 0xff, 0xff, 0xff, 0xff, 0xc0,
    0xf, 0xff, 0xff, 0xff, 0xff, 0xff, 0xff, 0xf0,
    0xf, 0xff, 0xff, 0xff, 0xff, 0xff, 0xff, 0xf0,
    0xc, 0xff, 0xff, 0xff, 0xff, 0xff, 0xff, 0xc0,

    /* U+F053 "" */
    0x0, 0x0, 0x0, 0x1a, 0x40, 0x0, 0x0, 0x1,
    0xdf, 0xf0, 0x0, 0x0, 0x1d, 0xff, 0xa0, 0x0,
    0x1, 0xdf, 0xfa, 0x0, 0x0, 0x1d, 0xff, 0xa0,
    0x0, 0x1, 0xdf, 0xfa, 0x0, 0x0, 0xc, 0xff,
    0xa0, 0x0, 0x0, 0xd, 0xff, 0x80, 0x0, 0x0,
    0x1, 0xdf, 0xf8, 0x0, 0x0, 0x0, 0x1d, 0xff,
    0x80, 0x0, 0x0, 0x1, 0xdf, 0xf8, 0x0, 0x0,
    0x0, 0x1d, 0xff, 0x80, 0x0, 0x0, 0x1, 0xdf,
    0xf0, 0x0, 0x0, 0x0, 0x1b, 0x50,

    /* U+F054 "" */
    0x4, 0xa1, 0x0, 0x0, 0x0, 0xf, 0xfd, 0x10,
    0x0, 0x0, 0xa, 0xff, 0xd1, 0x0, 0x0, 0x0,
    0xaf, 0xfd, 0x10, 0x0, 0x0, 0xa, 0xff, 0xd1,
    0x0, 0x0, 0x0, 0xaf, 0xfd, 0x10, 0x0, 0x0,
    0xa, 0xff, 0xc0, 0x0, 0x0, 0x8, 0xff, 0xd0,
    0x0, 0x0, 0x8f, 0xfd, 0x10, 0x0, 0x8, 0xff,
    0xd1, 0x0, 0x0, 0x8f, 0xfd, 0x10, 0x0, 0x8,
    0xff, 0xd1, 0x0, 0x0, 0xf, 0xfd, 0x10, 0x0,
    0x0, 0x5, 0xb1, 0x0, 0x0, 0x0,

    /* U+F067 "" */
    0x0, 0x0, 0x4, 0xff, 0x40, 0x0, 0x0, 0x0,
    0x0, 0x8, 0xff, 0x80, 0x0, 0x0, 0x0, 0x0,
    0x8, 0xff, 0x80, 0x0, 0x0, 0x0, 0x0, 0x8,
    0xff, 0x80, 0x0, 0x0, 0x0, 0x0, 0x8, 0xff,
    0x80, 0x0, 0x0, 0x48, 0x88, 0x8c, 0xff, 0xc8,
    0x88, 0x84, 0xff, 0xff, 0xff, 0xff, 0xff, 0xff,
    0xff, 0xff, 0xff, 0xff, 0xff, 0xff, 0xff, 0xff,
    0x48, 0x88, 0x8c, 0xff, 0xc8, 0x88, 0x84, 0x0,
    0x0, 0x8, 0xff, 0x80, 0x0, 0x0, 0x0, 0x0,
    0x8, 0xff, 0x80, 0x0, 0x0, 0x0, 0x0, 0x8,
    0xff, 0x80, 0x0, 0x0, 0x0, 0x0, 0x8, 0xff,
    0x80, 0x0, 0x0, 0x0, 0x0, 0x4, 0xff, 0x40,
    0x0, 0x0,

    /* U+F068 "" */
    0x14, 0x44, 0x44, 0x44, 0x44, 0x44, 0x41, 0xef,
    0xff, 0xff, 0xff, 0xff, 0xff, 0xfe, 0xff, 0xff,
    0xff, 0xff, 0xff, 0xff, 0xff, 0x7b, 0xbb, 0xbb,
    0xbb, 0xbb, 0xbb, 0xb7,

    /* U+F06E "" */
    0x0, 0x0, 0x5, 0xad, 0xff, 0xda, 0x50, 0x0,
    0x0, 0x0, 0x4, 0xdf, 0xfc, 0x88, 0xcf, 0xfd,
    0x40, 0x0, 0x0, 0x7f, 0xfe, 0x40, 0x0, 0x4,
    0xef, 0xf7, 0x0, 0x7, 0xff, 0xf4, 0x0, 0x9e,
    0x80, 0x4f, 0xff, 0x70, 0x4f, 0xff, 0xc0, 0x0,
    0xaf, 0xf8, 0xc, 0xff, 0xf4, 0xdf, 0xff, 0x80,
    0x9a, 0xff, 0xfe, 0x8, 0xff, 0xfd, 0xdf, 0xff,
    0x80, 0xef, 0xff, 0xfe, 0x8, 0xff, 0xfd, 0x4f,
    0xff, 0xc0, 0x8f, 0xff, 0xf8, 0xc, 0xff, 0xf4,
    0x7, 0xff, 0xf4, 0x8, 0xee, 0x80, 0x4f, 0xff,
    0x70, 0x0, 0x7f, 0xfe, 0x40, 0x0, 0x4, 0xef,
    0xf8, 0x0, 0x0, 0x4, 0xdf, 0xfc, 0x88, 0xcf,
    0xfd, 0x40, 0x0, 0x0, 0x0, 0x5, 0xad, 0xff,
    0xda, 0x50, 0x0, 0x0,

    /* U+F070 "" */
    0x8c, 0x20, 0x0, 0x0, 0x0, 0x0, 0x0, 0x0,
    0x0, 0x0, 0xdf, 0xe4, 0x0, 0x0, 0x0, 0x0,
    0x0, 0x0, 0x0, 0x0, 0x1b, 0xff, 0x80, 0x49,
    0xdf, 0xfd, 0xa5, 0x0, 0x0, 0x0, 0x0, 0x7f,
    0xff, 0xff, 0xd8, 0x8c, 0xff, 0xd4, 0x0, 0x0,
    0x0, 0x4, 0xef, 0xf8, 0x0, 0x0, 0x4e, 0xff,
    0x70, 0x0, 0x0, 0x0, 0x1c, 0xff, 0x69, 0xe8,
    0x4, 0xff, 0xf7, 0x0, 0x4, 0xe3, 0x0, 0x9f,
    0xfe, 0xff, 0x80, 0xcf, 0xff, 0x40, 0xd, 0xff,
    0x70, 0x5, 0xff, 0xff, 0xe0, 0x8f, 0xff, 0xd0,
    0xd, 0xff, 0xf7, 0x0, 0x2d, 0xff, 0xe0, 0x8f,
    0xff, 0xd0, 0x4, 0xff, 0xfc, 0x0, 0x0, 0xaf,
    0xf8, 0xcf, 0xff, 0x30, 0x0, 0x7f, 0xff, 0x40,
    0x0, 0x6, 0xff, 0xff, 0xf7, 0x0, 0x0, 0x8,
    0xff, 0xf4, 0x0, 0x0, 0x3e, 0xff, 0xa0, 0x0,
    0x0, 0x0, 0x4d, 0xff, 0xc8, 0x82, 0x1, 0xbf,
    0xf7, 0x0, 0x0, 0x0, 0x0, 0x5a, 0xdf, 0xfc,
    0x10, 0x8, 0xff, 0xa0, 0x0, 0x0, 0x0, 0x0,
    0x0, 0x0, 0x0, 0x0, 0x4e, 0xfd, 0x0, 0x0,
    0x0, 0x0, 0x0, 0x0, 0x0, 0x0, 0x2, 0xc8,

    /* U+F071 "" */
    0x0, 0x0, 0x0, 0x0, 0x2d, 0xd2, 0x0, 0x0,
    0x0, 0x0, 0x0, 0x0, 0x0, 0x0, 0xbf, 0xfb,
    0x0, 0x0, 0x0, 0x0, 0x0, 0x0, 0x0, 0x5,
    0xff, 0xff, 0x50, 0x0, 0x0, 0x0, 0x0, 0x0,
    0x0, 0xd, 0xff, 0xff, 0xd0, 0x0, 0x0, 0x0,
    0x0, 0x0, 0x0, 0x7f, 0xff, 0xff, 0xf7, 0x0,
    0x0, 0x0, 0x0, 0x0, 0x1, 0xff, 0xd8, 0x8d,
    0xff, 0x10, 0x0, 0x0, 0x0, 0x0, 0xa, 0xff,
    0xa0, 0xa, 0xff, 0xa0, 0x0, 0x0, 0x0, 0x0,
    0x3f, 0xff, 0xb0, 0xb, 0xff, 0xf3, 0x0, 0x0,
    0x0, 0x0, 0xcf, 0xff, 0xc0, 0xc, 0xff, 0xfc,
    0x0, 0x0, 0x0, 0x5, 0xff, 0xff, 0xd0, 0xd,
    0xff, 0xff, 0x50, 0x0, 0x0, 0xe, 0xff, 0xff,
    0xf9, 0x9f, 0xff, 0xff, 0xe0, 0x0, 0x0, 0x8f,
    0xff, 0xff, 0xe2, 0x2e, 0xff, 0xff, 0xf8, 0x0,
    0x2, 0xff, 0xff, 0xff, 0x90, 0x9, 0xff, 0xff,
    0xff, 0x10, 0xa, 0xff, 0xff, 0xff, 0xe3, 0x3e,
    0xff, 0xff, 0xff, 0xa0, 0xf, 0xff, 0xff, 0xff,
    0xff, 0xff, 0xff, 0xff, 0xff, 0xf0, 0x8, 0xff,
    0xff, 0xff, 0xff, 0xff, 0xff, 0xff, 0xff, 0x80,

    /* U+F074 "" */
    0x0, 0x0, 0x0, 0x0, 0x0, 0x0, 0x0, 0x0,
    0x0, 0x0, 0x0, 0x0, 0x0, 0x0, 0xd8, 0x0,
    0x0, 0x0, 0x0, 0x0, 0x0, 0x0, 0xff, 0x80,
    0xff, 0xff, 0x70, 0x0, 0x7, 0xff, 0xff, 0xf8,
    0xff, 0xff, 0xf6, 0x0, 0x6f, 0xff, 0xff, 0xfd,
    0x78, 0x8e, 0xff, 0x15, 0xff, 0xe8, 0xff, 0xe2,
    0x0, 0x2, 0xe5, 0x4f, 0xfe, 0x20, 0xfe, 0x20,
    0x0, 0x0, 0x13, 0xff, 0xf3, 0x0, 0x52, 0x0,
    0x0, 0x0, 0x3f, 0xff, 0x31, 0x0, 0x52, 0x0,
    0x0, 0x2, 0xef, 0xf4, 0x5e, 0x20, 0xfe, 0x20,
    0x78, 0x8e, 0xff, 0x51, 0xff, 0xe8, 0xff, 0xe2,
    0xff, 0xff, 0xf6, 0x0, 0x6f, 0xff, 0xff, 0xfd,
    0xff, 0xff, 0x70, 0x0, 0x7, 0xff, 0xff, 0xf8,
    0x0, 0x0, 0x0, 0x0, 0x0, 0x0, 0xff, 0x80,
    0x0, 0x0, 0x0, 0x0, 0x0, 0x0, 0xd8, 0x0,
    0x0, 0x0, 0x0, 0x0, 0x0, 0x0, 0x0, 0x0,

    /* U+F077 "" */
    0x0, 0x0, 0x0, 0x0, 0x0, 0x0, 0x0, 0x0,
    0x0, 0x1, 0xdd, 0x10, 0x0, 0x0, 0x0, 0x0,
    0x1d, 0xff, 0xd1, 0x0, 0x0, 0x0, 0x1, 0xdf,
    0xff, 0xfd, 0x10, 0x0, 0x0, 0x1d, 0xff, 0x99,
    0xff, 0xd1, 0x0, 0x1, 0xdf, 0xf9, 0x0, 0x9f,
    0xfd, 0x10, 0x1d, 0xff, 0x90, 0x0, 0x9, 0xff,
    0xd1, 0xbf, 0xf9, 0x0, 0x0, 0x0, 0x9f, 0xfb,
    0x5f, 0x90, 0x0, 0x0, 0x0, 0x9, 0xf5, 0x0,
    0x0, 0x0, 0x0, 0x0, 0x0, 0x0,

    /* U+F078 "" */
    0x0, 0x0, 0x0, 0x0, 0x0, 0x0, 0x0, 0x5f,
    0x90, 0x0, 0x0, 0x0, 0x9, 0xf5, 0xbf, 0xf9,
    0x0, 0x0, 0x0, 0x9f, 0xfb, 0x1d, 0xff, 0x90,
    0x0, 0x9, 0xff, 0xd1, 0x1, 0xdf, 0xf9, 0x0,
    0x9f, 0xfd, 0x10, 0x0, 0x1d, 0xff, 0x99, 0xff,
    0xd1, 0x0, 0x0, 0x1, 0xdf, 0xff, 0xfd, 0x10,
    0x0, 0x0, 0x0, 0x1d, 0xff, 0xd1, 0x0, 0x0,
    0x0, 0x0, 0x1, 0xdd, 0x10, 0x0, 0x0, 0x0,
    0x0, 0x0, 0x0, 0x0, 0x0, 0x0,

    /* U+F079 "" */
    0x0, 0x0, 0x0, 0x0, 0x0, 0x0, 0x0, 0x0,
    0x0, 0x0, 0x0, 0x1d, 0xd1, 0x0, 0x0, 0x0,
    0x0, 0x0, 0x0, 0x0, 0x1, 0xdf, 0xfd, 0x10,
    0xef, 0xff, 0xff, 0xff, 0xd0, 0x0, 0x1d, 0xff,
    0xff, 0xd1, 0xaf, 0xff, 0xff, 0xff, 0xf0, 0x0,
    0xcf, 0xcf, 0xfc, 0xfc, 0x0, 0x0, 0x0, 0xf,
    0xf0, 0x0, 0x6b, 0x1f, 0xf1, 0xb6, 0x0, 0x0,
    0x0, 0xf, 0xf0, 0x0, 0x0, 0xf, 0xf0, 0x0,
    0x0, 0x0, 0x0, 0xf, 0xf0, 0x0, 0x0, 0xf,
    0xf0, 0x0, 0x0, 0x0, 0x0, 0xf, 0xf0, 0x0,
    0x0, 0xf, 0xf0, 0x0, 0x0, 0x0, 0x6b, 0x1f,
    0xf1, 0xb6, 0x0, 0xf, 0xf0, 0x0, 0x0, 0x0,
    0xcf, 0xcf, 0xfc, 0xfc, 0x0, 0xf, 0xff, 0xff,
    0xff, 0xfa, 0x1d, 0xff, 0xff, 0xd1, 0x0, 0xd,
    0xff, 0xff, 0xff, 0xfe, 0x1, 0xdf, 0xfd, 0x10,
    0x0, 0x0, 0x0, 0x0, 0x0, 0x0, 0x0, 0x1d,
    0xd1, 0x0, 0x0, 0x0, 0x0, 0x0, 0x0, 0x0,
    0x0, 0x0, 0x0, 0x0,

    /* U+F07B "" */
    0x8f, 0xff, 0xff, 0xe2, 0x0, 0x0, 0x0, 0x0,
    0xff, 0xff, 0xff, 0xfe, 0x20, 0x0, 0x0, 0x0,
    0xff, 0xff, 0xff, 0xff, 0xff, 0xff, 0xff, 0xf8,
    0xff, 0xff, 0xff, 0xff, 0xff, 0xff, 0xff, 0xff,
    0xff, 0xff, 0xff, 0xff, 0xff, 0xff, 0xff, 0xff,
    0xff, 0xff, 0xff, 0xff, 0xff, 0xff, 0xff, 0xff,
    0xff, 0xff, 0xff, 0xff, 0xff, 0xff, 0xff, 0xff,
    0xff, 0xff, 0xff, 0xff, 0xff, 0xff, 0xff, 0xff,
    0xff, 0xff, 0xff, 0xff, 0xff, 0xff, 0xff, 0xff,
    0xff, 0xff, 0xff, 0xff, 0xff, 0xff, 0xff, 0xff,
    0xff, 0xff, 0xff, 0xff, 0xff, 0xff, 0xff, 0xff,
    0x8f, 0xff, 0xff, 0xff, 0xff, 0xff, 0xff, 0xf8,

    /* U+F093 "" */
    0x0, 0x0, 0x0, 0xb, 0xb0, 0x0, 0x0, 0x0,
    0x0, 0x0, 0x0, 0xbf, 0xfb, 0x0, 0x0, 0x0,
    0x0, 0x0, 0xb, 0xff, 0xff, 0xb0, 0x0, 0x0,
    0x0, 0x0, 0xbf, 0xff, 0xff, 0xfb, 0x0, 0x0,
    0x0, 0xb, 0xff, 0xff, 0xff, 0xff, 0xb0, 0x0,
    0x0, 0x4f, 0xff, 0xff, 0xff, 0xff, 0xf4, 0x0,
    0x0, 0x0, 0x0, 0xff, 0xff, 0x0, 0x0, 0x0,
    0x0, 0x0, 0x0, 0xff, 0xff, 0x0, 0x0, 0x0,
    0x0, 0x0, 0x0, 0xff, 0xff, 0x0, 0x0, 0x0,
    0x0, 0x0, 0x0, 0xff, 0xff, 0x0, 0x0, 0x0,
    0x0, 0x0, 0x0, 0xff, 0xff, 0x0, 0x0, 0x0,
    0xdf, 0xff, 0xf0, 0xdf, 0xfd, 0xf, 0xff, 0xfd,
    0xff, 0xff, 0xf9, 0x0, 0x0, 0x9f, 0xff, 0xff,
    0xff, 0xff, 0xff, 0xff, 0xff, 0xff, 0xff, 0xff,
    0xff, 0xff, 0xff, 0xff, 0xff, 0xf0, 0xe0, 0xff,
    0xdf, 0xff, 0xff, 0xff, 0xff, 0xff, 0xff, 0xfd,

    /* U+F095 "" */
    0x0, 0x0, 0x0, 0x0, 0x0, 0x0, 0x0, 0x0,
    0x0, 0x0, 0x0, 0x0, 0x0, 0x0, 0xa, 0xea,
    0x62, 0x0, 0x0, 0x0, 0x0, 0x0, 0x2, 0xff,
    0xff, 0xf0, 0x0, 0x0, 0x0, 0x0, 0x0, 0x9f,
    0xff, 0xff, 0x0, 0x0, 0x0, 0x0, 0x0, 0xf,
    0xff, 0xff, 0xd0, 0x0, 0x0, 0x0, 0x0, 0x2,
    0xff, 0xff, 0xfb, 0x0, 0x0, 0x0, 0x0, 0x0,
    0x3, 0xef, 0xff, 0x70, 0x0, 0x0, 0x0, 0x0,
    0x0, 0x4, 0xff, 0xf2, 0x0, 0x0, 0x0, 0x0,
    0x0, 0x0, 0xbf, 0xfb, 0x0, 0x0, 0x0, 0x0,
    0x0, 0x0, 0x6f, 0xff, 0x30, 0x0, 0x0, 0x2,
    0x0, 0x0, 0x4f, 0xff, 0x90, 0x0, 0x2, 0x8f,
    0xf3, 0x0, 0x6f, 0xff, 0xd0, 0x0, 0xa, 0xff,
    0xff, 0xe4, 0xbf, 0xff, 0xd1, 0x0, 0x0, 0xef,
    0xff, 0xff, 0xff, 0xff, 0xd1, 0x0, 0x0, 0xa,
    0xff, 0xff, 0xff, 0xff, 0x90, 0x0, 0x0, 0x0,
    0x6f, 0xff, 0xff, 0xfb, 0x30, 0x0, 0x0, 0x0,
    0x2, 0xff, 0xdb, 0x72, 0x0, 0x0, 0x0, 0x0,
    0x0,

    /* U+F0C4 "" */
    0x8, 0xee, 0x80, 0x0, 0x0, 0x6, 0x61, 0x8,
    0xff, 0xff, 0x80, 0x0, 0x2d, 0xff, 0xd0, 0xef,
    0x33, 0xfe, 0x0, 0x2e, 0xff, 0xf3, 0xe, 0xf3,
    0x3f, 0xe0, 0x2e, 0xff, 0xf3, 0x0, 0x8f, 0xff,
    0xff, 0x6e, 0xff, 0xf3, 0x0, 0x0, 0x8e, 0xff,
    0xff, 0xff, 0xf3, 0x0, 0x0, 0x0, 0x2, 0xef,
    0xff, 0xf3, 0x0, 0x0, 0x0, 0x0, 0x2e, 0xff,
    0xff, 0x30, 0x0, 0x0, 0x8, 0xef, 0xff, 0xff,
    0xff, 0x30, 0x0, 0x8, 0xff, 0xff, 0xf6, 0xef,
    0xff, 0x30, 0x0, 0xef, 0x33, 0xfe, 0x2, 0xef,
    0xff, 0x30, 0xe, 0xf3, 0x3f, 0xe0, 0x2, 0xef,
    0xff, 0x30, 0x8f, 0xff, 0xf8, 0x0, 0x2, 0xdf,
    0xfd, 0x0, 0x8e, 0xe8, 0x0, 0x0, 0x0, 0x66,
    0x10,

    /* U+F0C5 "" */
    0x0, 0x0, 0xdf, 0xff, 0xff, 0xd, 0x20, 0x0,
    0x0, 0xff, 0xff, 0xff, 0xf, 0xe2, 0x0, 0x0,
    0xff, 0xff, 0xff, 0xf, 0xfd, 0xdf, 0xf0, 0xff,
    0xff, 0xff, 0x20, 0x0, 0xff, 0xf0, 0xff, 0xff,
    0xff, 0xff, 0xff, 0xff, 0xf0, 0xff, 0xff, 0xff,
    0xff, 0xff, 0xff, 0xf0, 0xff, 0xff, 0xff, 0xff,
    0xff, 0xff, 0xf0, 0xff, 0xff, 0xff, 0xff, 0xff,
    0xff, 0xf0, 0xff, 0xff, 0xff, 0xff, 0xff, 0xff,
    0xf0, 0xff, 0xff, 0xff, 0xff, 0xff, 0xff, 0xf0,
    0xff, 0xff, 0xff, 0xff, 0xff, 0xff, 0xf0, 0xff,
    0xff, 0xff, 0xff, 0xff, 0xff, 0xf0, 0xdf, 0xff,
    0xff, 0xff, 0xfd, 0xff, 0xf9, 0x0, 0x0, 0x0,
    0x0, 0x0, 0xff, 0xff, 0xff, 0xff, 0xff, 0x0,
    0x0, 0xdf, 0xff, 0xff, 0xff, 0xfd, 0x0, 0x0,

    /* U+F0C7 "" */
    0x8f, 0xff, 0xff, 0xff, 0xff, 0xc2, 0x0, 0xff,
    0xff, 0xff, 0xff, 0xff, 0xfe, 0x20, 0xff, 0x0,
    0x0, 0x0, 0x1, 0xff, 0xe2, 0xff, 0x0, 0x0,
    0x0, 0x0, 0xff, 0xfc, 0xff, 0x0, 0x0, 0x0,
    0x0, 0xff, 0xff, 0xff, 0x0, 0x0, 0x0, 0x0,
    0xff, 0xff, 0xff, 0xff, 0xff, 0xff, 0xff, 0xff,
    0xff, 0xff, 0xff, 0xff, 0xff, 0xff, 0xff, 0xff,
    0xff, 0xff, 0xfb, 0x11, 0xbf, 0xff, 0xff, 0xff,
    0xff, 0xf1, 0x0, 0x1f, 0xff, 0xff, 0xff, 0xff,
    0xf1, 0x0, 0x1f, 0xff, 0xff, 0xff, 0xff, 0xfb,
    0x11, 0xbf, 0xff, 0xff, 0xff, 0xff, 0xff, 0xff,
    0xff, 0xff, 0xff, 0x8f, 0xff, 0xff, 0xff, 0xff,
    0xff, 0xf8,

    /* U+F0C9 "" */
    0x12, 0x22, 0x22, 0x22, 0x22, 0x22, 0x21, 0xff,
    0xff, 0xff, 0xff, 0xff, 0xff, 0xff, 0xff, 0xff,
    0xff, 0xff, 0xff, 0xff, 0xff, 0x12, 0x22, 0x22,
    0x22, 0x22, 0x22, 0x21, 0x0, 0x0, 0x0, 0x0,
    0x0, 0x0, 0x0, 0x12, 0x22, 0x22, 0x22, 0x22,
    0x22, 0x21, 0xff, 0xff, 0xff, 0xff, 0xff, 0xff,
    0xff, 0xff, 0xff, 0xff, 0xff, 0xff, 0xff, 0xff,
    0x12, 0x22, 0x22, 0x22, 0x22, 0x22, 0x21, 0x0,
    0x0, 0x0, 0x0, 0x0, 0x0, 0x0, 0x12, 0x22,
    0x22, 0x22, 0x22, 0x22, 0x21, 0xff, 0xff, 0xff,
    0xff, 0xff, 0xff, 0xff, 0xff, 0xff, 0xff, 0xff,
    0xff, 0xff, 0xff, 0x12, 0x22, 0x22, 0x22, 0x22,
    0x22, 0x21,

    /* U+F0E0 "" */
    0x8f, 0xff, 0xff, 0xff, 0xff, 0xff, 0xff, 0xf8,
    0xff, 0xff, 0xff, 0xff, 0xff, 0xff, 0xff, 0xff,
    0xcf, 0xff, 0xff, 0xff, 0xff, 0xff, 0xff, 0xfc,
    0x9, 0xff, 0xff, 0xff, 0xff, 0xff, 0xff, 0x90,
    0xd2, 0x5f, 0xff, 0xff, 0xff, 0xff, 0xf5, 0x2d,
    0xff, 0x62, 0xcf, 0xff, 0xff, 0xfc, 0x26, 0xff,
    0xff, 0xfa, 0x18, 0xff, 0xff, 0x81, 0xaf, 0xff,
    0xff, 0xff, 0xe3, 0x4d, 0xd4, 0x3e, 0xff, 0xff,
    0xff, 0xff, 0xff, 0x81, 0x18, 0xff, 0xff, 0xff,
    0xff, 0xff, 0xff, 0xff, 0xff, 0xff, 0xff, 0xff,
    0xff, 0xff, 0xff, 0xff, 0xff, 0xff, 0xff, 0xff,
    0x8f, 0xff, 0xff, 0xff, 0xff, 0xff, 0xff, 0xf8,

    /* U+F0E7 "" */
    0x0, 0xdf, 0xff, 0xfd, 0x0, 0x0, 0x1, 0xff,
    0xff, 0xfc, 0x0, 0x0, 0x3, 0xff, 0xff, 0xf7,
    0x0, 0x0, 0x6, 0xff, 0xff, 0xf2, 0x0, 0x0,
    0x8, 0xff, 0xff, 0xd0, 0x0, 0x0, 0xa, 0xff,
    0xff, 0xff, 0xff, 0xd0, 0xc, 0xff, 0xff, 0xff,
    0xff, 0xa0, 0xe, 0xff, 0xff, 0xff, 0xff, 0x20,
    0xd, 0xff, 0xff, 0xff, 0xf8, 0x0, 0x0, 0x0,
    0xa, 0xff, 0xe0, 0x0, 0x0, 0x0, 0xe, 0xff,
    0x50, 0x0, 0x0, 0x0, 0x2f, 0xfc, 0x0, 0x0,
    0x0, 0x0, 0x5f, 0xf3, 0x0, 0x0, 0x0, 0x0,
    0x9f, 0xa0, 0x0, 0x0, 0x0, 0x0, 0xdf, 0x10,
    0x0, 0x0, 0x0, 0x0, 0xd7, 0x0, 0x0, 0x0,

    /* U+F0EA "" */
    0x0, 0x4, 0xee, 0x40, 0x0, 0x0, 0x0, 0xdf,
    0xff, 0x99, 0xff, 0xfd, 0x0, 0x0, 0xff, 0xff,
    0x99, 0xff, 0xff, 0x0, 0x0, 0xff, 0xff, 0xff,
    0xff, 0xff, 0x0, 0x0, 0xff, 0xff, 0x90, 0x0,
    0x0, 0x0, 0x0, 0xff, 0xff, 0xd, 0xff, 0xff,
    0xd, 0x20, 0xff, 0xff, 0xf, 0xff, 0xff, 0xf,
    0xe2, 0xff, 0xff, 0xf, 0xff, 0xff, 0xf, 0xfd,
    0xff, 0xff, 0xf, 0xff, 0xff, 0x20, 0x0, 0xff,
    0xff, 0xf, 0xff, 0xff, 0xff, 0xff, 0xff, 0xff,
    0xf, 0xff, 0xff, 0xff, 0xff, 0xff, 0xff, 0xf,
    0xff, 0xff, 0xff, 0xff, 0xdf, 0xff, 0xf, 0xff,
    0xff, 0xff, 0xff, 0x0, 0x0, 0xf, 0xff, 0xff,
    0xff, 0xff, 0x0, 0x0, 0xf, 0xff, 0xff, 0xff,
    0xff, 0x0, 0x0, 0xd, 0xff, 0xff, 0xff, 0xfd,

    /* U+F0F3 "" */
    0x0, 0x0, 0x0, 0xcc, 0x0, 0x0, 0x0, 0x0,
    0x0, 0x2, 0xff, 0x30, 0x0, 0x0, 0x0, 0x1,
    0xbf, 0xff, 0xfc, 0x20, 0x0, 0x0, 0x1e, 0xff,
    0xff, 0xff, 0xe1, 0x0, 0x0, 0x9f, 0xff, 0xff,
    0xff, 0xf8, 0x0, 0x0, 0xef, 0xff, 0xff, 0xff,
    0xfd, 0x0, 0x0, 0xff, 0xff, 0xff, 0xff, 0xff,
    0x0, 0x1, 0xff, 0xff, 0xff, 0xff, 0xff, 0x0,
    0x3, 0xff, 0xff, 0xff, 0xff, 0xff, 0x30, 0x8,
    0xff, 0xff, 0xff, 0xff, 0xff, 0x80, 0x1e, 0xff,
    0xff, 0xff, 0xff, 0xff, 0xe1, 0xcf, 0xff, 0xff,
    0xff, 0xff, 0xff, 0xfc, 0xcf, 0xff, 0xff, 0xff,
    0xff, 0xff, 0xfc, 0x0, 0x0, 0x0, 0x0, 0x0,
    0x0, 0x0, 0x0, 0x0, 0xe, 0xff, 0xe0, 0x0,
    0x0, 0x0, 0x0, 0x4, 0xee, 0x40, 0x0, 0x0,

    /* U+F11C "" */
    0x8f, 0xff, 0xff, 0xff, 0xff, 0xff, 0xff, 0xff,
    0xf8, 0xff, 0xff, 0xff, 0xff, 0xff, 0xff, 0xff,
    0xff, 0xff, 0xff, 0x0, 0xf0, 0xf, 0x0, 0xf0,
    0xf, 0x0, 0xff, 0xff, 0x0, 0xf0, 0xf, 0x0,
    0xf0, 0xf, 0x0, 0xff, 0xff, 0xff, 0xff, 0xff,
    0xff, 0xff, 0xff, 0xff, 0xff, 0xff, 0xf8, 0x8,
    0x80, 0x88, 0x8, 0x80, 0x8f, 0xff, 0xff, 0xf8,
    0x8, 0x80, 0x88, 0x8, 0x80, 0x8f, 0xff, 0xff,
    0xff, 0xff, 0xff, 0xff, 0xff, 0xff, 0xff, 0xff,
    0xff, 0x0, 0xf0, 0x0, 0x0, 0x0, 0xf, 0x0,
    0xff, 0xff, 0x0, 0xf0, 0x0, 0x0, 0x0, 0xf,
    0x0, 0xff, 0xff, 0xff, 0xff, 0xff, 0xff, 0xff,
    0xff, 0xff, 0xff, 0x8f, 0xff, 0xff, 0xff, 0xff,
    0xff, 0xff, 0xff, 0xf8,

    /* U+F124 "" */
    0x0, 0x0, 0x0, 0x0, 0x0, 0x0, 0x0, 0x0,
    0x0, 0x0, 0x0, 0x0, 0x0, 0x0, 0x0, 0x3,
    0xaf, 0x70, 0x0, 0x0, 0x0, 0x0, 0x0, 0x4,
    0xcf, 0xff, 0xf0, 0x0, 0x0, 0x0, 0x0, 0x6,
    0xdf, 0xff, 0xff, 0xa0, 0x0, 0x0, 0x0, 0x17,
    0xef, 0xff, 0xff, 0xff, 0x30, 0x0, 0x0, 0x18,
    0xff, 0xff, 0xff, 0xff, 0xfc, 0x0, 0x0, 0x2a,
    0xff, 0xff, 0xff, 0xff, 0xff, 0xf4, 0x0, 0x8,
    0xff, 0xff, 0xff, 0xff, 0xff, 0xff, 0xd0, 0x0,
    0xf, 0xff, 0xff, 0xff, 0xff, 0xff, 0xff, 0x60,
    0x0, 0x8, 0xff, 0xff, 0xff, 0xff, 0xff, 0xfe,
    0x0, 0x0, 0x0, 0x0, 0x0, 0x0, 0xff, 0xff,
    0xf7, 0x0, 0x0, 0x0, 0x0, 0x0, 0x0, 0xff,
    0xff, 0xf1, 0x0, 0x0, 0x0, 0x0, 0x0, 0x0,
    0xff, 0xff, 0x80, 0x0, 0x0, 0x0, 0x0, 0x0,
    0x0, 0xff, 0xff, 0x10, 0x0, 0x0, 0x0, 0x0,
    0x0, 0x0, 0xff, 0xfa, 0x0, 0x0, 0x0, 0x0,
    0x0, 0x0, 0x0, 0xff, 0xf2, 0x0, 0x0, 0x0,
    0x0, 0x0, 0x0, 0x0, 0x8f, 0x80, 0x0, 0x0,
    0x0, 0x0, 0x0, 0x0, 0x0, 0x0, 0x0, 0x0,
    0x0, 0x0,

    /* U+F15B "" */
    0xdf, 0xff, 0xff, 0xf0, 0xd2, 0x0, 0xff, 0xff,
    0xff, 0xf0, 0xfe, 0x20, 0xff, 0xff, 0xff, 0xf0,
    0xff, 0xe2, 0xff, 0xff, 0xff, 0xf0, 0xff, 0xfd,
    0xff, 0xff, 0xff, 0xf2, 0x0, 0x0, 0xff, 0xff,
    0xff, 0xff, 0xff, 0xff, 0xff, 0xff, 0xff, 0xff,
    0xff, 0xff, 0xff, 0xff, 0xff, 0xff, 0xff, 0xff,
    0xff, 0xff, 0xff, 0xff, 0xff, 0xff, 0xff, 0xff,
    0xff, 0xff, 0xff, 0xff, 0xff, 0xff, 0xff, 0xff,
    0xff, 0xff, 0xff, 0xff, 0xff, 0xff, 0xff, 0xff,
    0xff, 0xff, 0xff, 0xff, 0xff, 0xff, 0xff, 0xff,
    0xff, 0xff, 0xff, 0xff, 0xff, 0xff, 0xff, 0xff,
    0xff, 0xff, 0xdf, 0xff, 0xff, 0xff, 0xff, 0xfd,

    /* U+F1EB "" */
    0x0, 0x0, 0x0, 0x0, 0x0, 0x0, 0x0, 0x0,
    0x0, 0x0, 0x0, 0x0, 0x4, 0x9c, 0xef, 0xfe,
    0xc9, 0x40, 0x0, 0x0, 0x0, 0x7, 0xef, 0xff,
    0xff, 0xff, 0xff, 0xfe, 0x70, 0x0, 0x4, 0xdf,
    0xff, 0xfc, 0xa8, 0x8a, 0xcf, 0xff, 0xfd, 0x40,
    0x6f, 0xff, 0xd5, 0x0, 0x0, 0x0, 0x0, 0x5d,
    0xff, 0xf6, 0xcf, 0xf6, 0x0, 0x0, 0x0, 0x0,
    0x0, 0x0, 0x6f, 0xfc, 0x1a, 0x30, 0x0, 0x5a,
    0xdf, 0xfd, 0xa5, 0x0, 0x3, 0xa1, 0x0, 0x0,
    0x4d, 0xff, 0xff, 0xff, 0xff, 0xd4, 0x0, 0x0,
    0x0, 0x5, 0xff, 0xfe, 0xa8, 0x8a, 0xef, 0xff,
    0x50, 0x0, 0x0, 0x1, 0xdf, 0x70, 0x0, 0x0,
    0x7, 0xfd, 0x10, 0x0, 0x0, 0x0, 0x12, 0x0,
    0x0, 0x0, 0x0, 0x21, 0x0, 0x0, 0x0, 0x0,
    0x0, 0x0, 0x4e, 0xe4, 0x0, 0x0, 0x0, 0x0,
    0x0, 0x0, 0x0, 0x0, 0xef, 0xfe, 0x0, 0x0,
    0x0, 0x0, 0x0, 0x0, 0x0, 0x0, 0xef, 0xfe,
    0x0, 0x0, 0x0, 0x0, 0x0, 0x0, 0x0, 0x0,
    0x4e, 0xe4, 0x0, 0x0, 0x0, 0x0,

    /* U+F240 "" */
    0x8f, 0xff, 0xff, 0xff, 0xff, 0xff, 0xff, 0xff,
    0xff, 0x80, 0xff, 0xff, 0xff, 0xff, 0xff, 0xff,
    0xff, 0xff, 0xff, 0xf0, 0xff, 0x0, 0x0, 0x0,
    0x0, 0x0, 0x0, 0x0, 0xf, 0xfd, 0xff, 0xf,
    0xff, 0xff, 0xff, 0xff, 0xff, 0xff, 0xf, 0xff,
    0xff, 0xf, 0xff, 0xff, 0xff, 0xff, 0xff, 0xff,
    0x0, 0xff, 0xff, 0xf, 0xff, 0xff, 0xff, 0xff,
    0xff, 0xff, 0x0, 0xff, 0xff, 0xf, 0xff, 0xff,
    0xff, 0xff, 0xff, 0xff, 0xf, 0xff, 0xff, 0x0,
    0x0, 0x0, 0x0, 0x0, 0x0, 0x0, 0xf, 0xfd,
    0xff, 0xff, 0xff, 0xff, 0xff, 0xff, 0xff, 0xff,
    0xff, 0xf0, 0x8f, 0xff, 0xff, 0xff, 0xff, 0xff,
    0xff, 0xff, 0xff, 0x80,

    /* U+F241 "" */
    0x8f, 0xff, 0xff, 0xff, 0xff, 0xff, 0xff, 0xff,
    0xff, 0x80, 0xff, 0xff, 0xff, 0xff, 0xff, 0xff,
    0xff, 0xff, 0xff, 0xf0, 0xff, 0x0, 0x0, 0x0,
    0x0, 0x0, 0x0, 0x0, 0xf, 0xfd, 0xff, 0xf,
    0xff, 0xff, 0xff, 0xff, 0xf0, 0x0, 0xf, 0xff,
    0xff, 0xf, 0xff, 0xff, 0xff, 0xff, 0xf0, 0x0,
    0x0, 0xff, 0xff, 0xf, 0xff, 0xff, 0xff, 0xff,
    0xf0, 0x0, 0x0, 0xff, 0xff, 0xf, 0xff, 0xff,
    0xff, 0xff, 0xf0, 0x0, 0xf, 0xff, 0xff, 0x0,
    0x0, 0x0, 0x0, 0x0, 0x0, 0x0, 0xf, 0xfd,
    0xff, 0xff, 0xff, 0xff, 0xff, 0xff, 0xff, 0xff,
    0xff, 0xf0, 0x8f, 0xff, 0xff, 0xff, 0xff, 0xff,
    0xff, 0xff, 0xff, 0x80,

    /* U+F242 "" */
    0x8f, 0xff, 0xff, 0xff, 0xff, 0xff, 0xff, 0xff,
    0xff, 0x80, 0xff, 0xff, 0xff, 0xff, 0xff, 0xff,
    0xff, 0xff, 0xff, 0xf0, 0xff, 0x0, 0x0, 0x0,
    0x0, 0x0, 0x0, 0x0, 0xf, 0xfd, 0xff, 0xf,
    0xff, 0xff, 0xff, 0x0, 0x0, 0x0, 0xf, 0xff,
    0xff, 0xf, 0xff, 0xff, 0xff, 0x0, 0x0, 0x0,
    0x0, 0xff, 0xff, 0xf, 0xff, 0xff, 0xff, 0x0,
    0x0, 0x0, 0x0, 0xff, 0xff, 0xf, 0xff, 0xff,
    0xff, 0x0, 0x0, 0x0, 0xf, 0xff, 0xff, 0x0,
    0x0, 0x0, 0x0, 0x0, 0x0, 0x0, 0xf, 0xfd,
    0xff, 0xff, 0xff, 0xff, 0xff, 0xff, 0xff, 0xff,
    0xff, 0xf0, 0x8f, 0xff, 0xff, 0xff, 0xff, 0xff,
    0xff, 0xff, 0xff, 0x80,

    /* U+F243 "" */
    0x8f, 0xff, 0xff, 0xff, 0xff, 0xff, 0xff, 0xff,
    0xff, 0x80, 0xff, 0xff, 0xff, 0xff, 0xff, 0xff,
    0xff, 0xff, 0xff, 0xf0, 0xff, 0x0, 0x0, 0x0,
    0x0, 0x0, 0x0, 0x0, 0xf, 0xfd, 0xff, 0xf,
    0xff, 0xf0, 0x0, 0x0, 0x0, 0x0, 0xf, 0xff,
    0xff, 0xf, 0xff, 0xf0, 0x0, 0x0, 0x0, 0x0,
    0x0, 0xff, 0xff, 0xf, 0xff, 0xf0, 0x0, 0x0,
    0x0, 0x0, 0x0, 0xff, 0xff, 0xf, 0xff, 0xf0,
    0x0, 0x0, 0x0, 0x0, 0xf, 0xff, 0xff, 0x0,
    0x0, 0x0, 0x0, 0x0, 0x0, 0x0, 0xf, 0xfd,
    0xff, 0xff, 0xff, 0xff, 0xff, 0xff, 0xff, 0xff,
    0xff, 0xf0, 0x8f, 0xff, 0xff, 0xff, 0xff, 0xff,
    0xff, 0xff, 0xff, 0x80,

    /* U+F244 "" */
    0x8f, 0xff, 0xff, 0xff, 0xff, 0xff, 0xff, 0xff,
    0xff, 0x80, 0xff, 0xff, 0xff, 0xff, 0xff, 0xff,
    0xff, 0xff, 0xff, 0xf0, 0xff, 0x0, 0x0, 0x0,
    0x0, 0x0, 0x0, 0x0, 0xf, 0xfd, 0xff, 0x0,
    0x0, 0x0, 0x0, 0x0, 0x0, 0x0, 0xf, 0xff,
    0xff, 0x0, 0x0, 0x0, 0x0, 0x0, 0x0, 0x0,
    0x0, 0xff, 0xff, 0x0, 0x0, 0x0, 0x0, 0x0,
    0x0, 0x0, 0x0, 0xff, 0xff, 0x0, 0x0, 0x0,
    0x0, 0x0, 0x0, 0x0, 0xf, 0xff, 0xff, 0x0,
    0x0, 0x0, 0x0, 0x0, 0x0, 0x0, 0xf, 0xfd,
    0xff, 0xff, 0xff, 0xff, 0xff, 0xff, 0xff, 0xff,
    0xff, 0xf0, 0x8f, 0xff, 0xff, 0xff, 0xff, 0xff,
    0xff, 0xff, 0xff, 0x80,

    /* U+F287 "" */
    0x0, 0x0, 0x0, 0x0, 0x0, 0x1, 0x0, 0x0,
    0x0, 0x0, 0x0, 0x0, 0x0, 0x0, 0x0, 0x7,
    0xfd, 0x10, 0x0, 0x0, 0x0, 0x0, 0x0, 0x0,
    0x1, 0xcf, 0xff, 0xf5, 0x0, 0x0, 0x0, 0x0,
    0x0, 0x0, 0x0, 0xb9, 0x29, 0xfe, 0x10, 0x0,
    0x0, 0x0, 0x0, 0x0, 0x0, 0x3f, 0x10, 0x2,
    0x0, 0x0, 0x0, 0x0, 0x3, 0xdf, 0x80, 0xa,
    0x90, 0x0, 0x0, 0x0, 0x3, 0x70, 0x0, 0xdf,
    0xff, 0x77, 0xf7, 0x55, 0x55, 0x55, 0x55, 0x8f,
    0xd3, 0xf, 0xff, 0xfd, 0xcc, 0xdf, 0xdc, 0xcc,
    0xcc, 0xcd, 0xff, 0xb0, 0x8f, 0xfe, 0x10, 0x0,
    0xaa, 0x0, 0x0, 0x0, 0x4d, 0x40, 0x0, 0x46,
    0x10, 0x0, 0x1, 0xf2, 0x2, 0x33, 0x10, 0x0,
    0x0, 0x0, 0x0, 0x0, 0x0, 0x9, 0xb1, 0xcf,
    0xf9, 0x0, 0x0, 0x0, 0x0, 0x0, 0x0, 0x0,
    0xa, 0xff, 0xff, 0x90, 0x0, 0x0, 0x0, 0x0,
    0x0, 0x0, 0x0, 0x0, 0xbf, 0xf9, 0x0, 0x0,
    0x0, 0x0, 0x0, 0x0, 0x0, 0x0, 0x1, 0x22,
    0x0, 0x0, 0x0,

    /* U+F293 "" */
    0x0, 0x18, 0xdf, 0xfd, 0x92, 0x0, 0x2, 0xef,
    0xfb, 0xef, 0xff, 0x30, 0xd, 0xff, 0xfa, 0x2e,
    0xff, 0xe0, 0x4f, 0xff, 0xfa, 0x3, 0xff, 0xf5,
    0x9f, 0xfa, 0xfa, 0x35, 0x4f, 0xfa, 0xcf, 0xc0,
    0x8a, 0x3d, 0xb, 0xfd, 0xef, 0xfb, 0x3, 0x12,
    0x8f, 0xfe, 0xff, 0xff, 0xb0, 0x6, 0xff, 0xff,
    0xff, 0xff, 0xd1, 0x8, 0xff, 0xff, 0xef, 0xfd,
    0x11, 0x10, 0x9f, 0xff, 0xdf, 0xd1, 0x59, 0x3b,
    0xb, 0xfd, 0xaf, 0xd7, 0xfa, 0x38, 0x1d, 0xfb,
    0x5f, 0xff, 0xfa, 0x1, 0xdf, 0xf7, 0xd, 0xff,
    0xfa, 0x1d, 0xff, 0xf1, 0x3, 0xef, 0xfc, 0xdf,
    0xff, 0x50, 0x0, 0x18, 0xdf, 0xfe, 0xa3, 0x0,

    /* U+F2ED "" */
    0x0, 0x0, 0x7f, 0xff, 0xf7, 0x0, 0x0, 0xef,
    0xff, 0xff, 0xff, 0xff, 0xff, 0xfe, 0xef, 0xff,
    0xff, 0xff, 0xff, 0xff, 0xfe, 0x0, 0x0, 0x0,
    0x0, 0x0, 0x0, 0x0, 0xf, 0xff, 0xff, 0xff,
    0xff, 0xff, 0xf0, 0xf, 0xff, 0xff, 0xff, 0xff,
    0xff, 0xf0, 0xf, 0xf9, 0x9f, 0x99, 0xf9, 0x9f,
    0xf0, 0xf, 0xf8, 0x8f, 0x88, 0xf8, 0x8f, 0xf0,
    0xf, 0xf8, 0x8f, 0x88, 0xf8, 0x8f, 0xf0, 0xf,
    0xf8, 0x8f, 0x88, 0xf8, 0x8f, 0xf0, 0xf, 0xf8,
    0x8f, 0x88, 0xf8, 0x8f, 0xf0, 0xf, 0xf8, 0x8f,
    0x88, 0xf8, 0x8f, 0xf0, 0xf, 0xf8, 0x8f, 0x88,
    0xf8, 0x8f, 0xf0, 0xf, 0xf9, 0x9f, 0x99, 0xf9,
    0x9f, 0xf0, 0xf, 0xff, 0xff, 0xff, 0xff, 0xff,
    0xf0, 0x8, 0xff, 0xff, 0xff, 0xff, 0xff, 0x80,

    /* U+F304 "" */
    0x0, 0x0, 0x0, 0x0, 0x0, 0x0, 0x7f, 0xa0,
    0x0, 0x0, 0x0, 0x0, 0x0, 0x0, 0x8f, 0xff,
    0xb0, 0x0, 0x0, 0x0, 0x0, 0x0, 0xd, 0xff,
    0xff, 0xa0, 0x0, 0x0, 0x0, 0x0, 0x8a, 0x1d,
    0xff, 0xff, 0x0, 0x0, 0x0, 0x0, 0x8f, 0xfa,
    0x1d, 0xff, 0x70, 0x0, 0x0, 0x0, 0x8f, 0xff,
    0xfa, 0x1d, 0x80, 0x0, 0x0, 0x0, 0x8f, 0xff,
    0xff, 0xfa, 0x0, 0x0, 0x0, 0x0, 0x8f, 0xff,
    0xff, 0xff, 0x80, 0x0, 0x0, 0x0, 0x8f, 0xff,
    0xff, 0xff, 0x80, 0x0, 0x0, 0x0, 0x8f, 0xff,
    0xff, 0xff, 0x80, 0x0, 0x0, 0x0, 0x8f, 0xff,
    0xff, 0xff, 0x80, 0x0, 0x0, 0x0, 0x6f, 0xff,
    0xff, 0xff, 0x80, 0x0, 0x0, 0x0, 0xb, 0xff,
    0xff, 0xff, 0x80, 0x0, 0x0, 0x0, 0x0, 0xdf,
    0xff, 0xff, 0x80, 0x0, 0x0, 0x0, 0x0, 0xe,
    0xff, 0xff, 0x80, 0x0, 0x0, 0x0, 0x0, 0x0,
    0xde, 0xdb, 0x60, 0x0, 0x0, 0x0, 0x0, 0x0,
    0x0, 0x0, 0x0, 0x0, 0x0, 0x0, 0x0, 0x0,
    0x0,

    /* U+F55A "" */
    0x0, 0x0, 0x1b, 0xff, 0xff, 0xff, 0xff, 0xff,
    0xff, 0xe4, 0x0, 0x1, 0xdf, 0xff, 0xff, 0xff,
    0xff, 0xff, 0xff, 0xfe, 0x0, 0x1d, 0xff, 0xff,
    0xfa, 0xef, 0xfe, 0xaf, 0xff, 0xff, 0x1, 0xdf,
    0xff, 0xff, 0xa0, 0x2e, 0xe2, 0xa, 0xff, 0xff,
    0x1d, 0xff, 0xff, 0xff, 0xe2, 0x2, 0x20, 0x2e,
    0xff, 0xff, 0xcf, 0xff, 0xff, 0xff, 0xfe, 0x20,
    0x2, 0xef, 0xff, 0xff, 0xcf, 0xff, 0xff, 0xff,
    0xfe, 0x20, 0x2, 0xef, 0xff, 0xff, 0x1d, 0xff,
    0xff, 0xff, 0xe2, 0x2, 0x20, 0x2e, 0xff, 0xff,
    0x1, 0xdf, 0xff, 0xff, 0xa0, 0x2e, 0xe2, 0xa,
    0xff, 0xff, 0x0, 0x1d, 0xff, 0xff, 0xfa, 0xef,
    0xfe, 0xaf, 0xff, 0xff, 0x0, 0x1, 0xdf, 0xff,
    0xff, 0xff, 0xff, 0xff, 0xff, 0xfe, 0x0, 0x0,
    0x1b, 0xff, 0xff, 0xff, 0xff, 0xff, 0xff, 0xe4,

    /* U+F7C2 "" */
    0x0, 0x8, 0xff, 0xff, 0xff, 0xe4, 0x0, 0x8f,
    0xff, 0xff, 0xff, 0xfe, 0x8, 0xf8, 0xf, 0xb,
    0x40, 0xff, 0x8f, 0xf8, 0xf, 0xb, 0x40, 0xff,
    0xff, 0xf8, 0xf, 0xb, 0x40, 0xff, 0xff, 0xff,
    0xff, 0xff, 0xff, 0xff, 0xff, 0xff, 0xff, 0xff,
    0xff, 0xff, 0xff, 0xff, 0xff, 0xff, 0xff, 0xff,
    0xff, 0xff, 0xff, 0xff, 0xff, 0xff, 0xff, 0xff,
    0xff, 0xff, 0xff, 0xff, 0xff, 0xff, 0xff, 0xff,
    0xff, 0xff, 0xff, 0xff, 0xff, 0xff, 0xff, 0xff,
    0xff, 0xff, 0xff, 0xff, 0xff, 0xff, 0xff, 0xff,
    0xff, 0xff, 0xff, 0xff, 0xef, 0xff, 0xff, 0xff,
    0xff, 0xfe, 0x4e, 0xff, 0xff, 0xff, 0xff, 0xe4,

    /* U+F8A2 "" */
    0x0, 0x0, 0x0, 0x0, 0x0, 0x0, 0x0, 0x1,
    0x0, 0x0, 0x0, 0x0, 0x0, 0x0, 0x0, 0x3,
    0xe0, 0x0, 0x0, 0x10, 0x0, 0x0, 0x0, 0x2,
    0xef, 0x10, 0x0, 0xbf, 0x0, 0x0, 0x0, 0x0,
    0x7f, 0xf1, 0x0, 0xcf, 0xf1, 0x0, 0x0, 0x0,
    0x7, 0xff, 0x11, 0xcf, 0xff, 0x77, 0x77, 0x77,
    0x77, 0xbf, 0xf1, 0xcf, 0xff, 0xff, 0xff, 0xff,
    0xff, 0xff, 0xff, 0x17, 0xff, 0xff, 0xff, 0xff,
    0xff, 0xff, 0xff, 0xe0, 0x7, 0xff, 0xf1, 0x0,
    0x0, 0x0, 0x0, 0x0, 0x0, 0x6, 0xff, 0x10,
    0x0, 0x0, 0x0, 0x0, 0x0, 0x0, 0x5, 0xa0,
    0x0, 0x0, 0x0, 0x0, 0x0, 0x0
};


/*---------------------
 *  GLYPH DESCRIPTION
 *--------------------*/

static const lv_font_fmt_txt_glyph_dsc_t glyph_dsc[] = {
    {.bitmap_index = 0, .adv_w = 0, .box_w = 0, .box_h = 0, .ofs_x = 0, .ofs_y = 0} /* id = 0 reserved */,
    {.bitmap_index = 0, .adv_w = 49, .box_w = 0, .box_h = 0, .ofs_x = 0, .ofs_y = 0},
    {.bitmap_index = 0, .adv_w = 76, .box_w = 3, .box_h = 11, .ofs_x = 1, .ofs_y = 0},
    {.bitmap_index = 17, .adv_w = 115, .box_w = 7, .box_h = 5, .ofs_x = 0, .ofs_y = 6},
    {.bitmap_index = 35, .adv_w = 186, .box_w = 12, .box_h = 11, .ofs_x = 0, .ofs_y = 0},
    {.bitmap_index = 101, .adv_w = 163, .box_w = 10, .box_h = 15, .ofs_x = 0, .ofs_y = -2},
    {.bitmap_index = 176, .adv_w = 201, .box_w = 13, .box_h = 11, .ofs_x = 0, .ofs_y = 0},
    {.bitmap_index = 248, .adv_w = 197, .box_w = 13, .box_h = 11, .ofs_x = 0, .ofs_y = 0},
    {.bitmap_index = 320, .adv_w = 66, .box_w = 4, .box_h = 5, .ofs_x = 0, .ofs_y = 6},
    {.bitmap_index = 330, .adv_w = 112, .box_w = 6, .box_h = 14, .ofs_x = 1, .ofs_y = -3},
    {.bitmap_index = 372, .adv_w = 112, .box_w = 6, .box_h = 14, .ofs_x = 0, .ofs_y = -2},
    {.bitmap_index = 414, .adv_w = 110, .box_w = 7, .box_h = 5, .ofs_x = 0, .ofs_y = 6},
    {.bitmap_index = 432, .adv_w = 139, .box_w = 8, .box_h = 9, .ofs_x = 0, .ofs_y = 1},
    {.bitmap_index = 468, .adv_w = 70, .box_w = 3, .box_h = 6, .ofs_x = 1, .ofs_y = -3},
    {.bitmap_index = 477, .adv_w = 126, .box_w = 6, .box_h = 2, .ofs_x = 1, .ofs_y = 3},
    {.bitmap_index = 483, .adv_w = 70, .box_w = 3, .box_h = 3, .ofs_x = 1, .ofs_y = 0},
    {.bitmap_index = 488, .adv_w = 114, .box_w = 7, .box_h = 13, .ofs_x = 0, .ofs_y = -1},
    {.bitmap_index = 534, .adv_w = 173, .box_w = 11, .box_h = 11, .ofs_x = 0, .ofs_y = 0},
    {.bitmap_index = 595, .adv_w = 99, .box_w = 6, .box_h = 11, .ofs_x = 0, .ofs_y = 0},
    {.bitmap_index = 628, .adv_w = 143, .box_w = 9, .box_h = 11, .ofs_x = 0, .ofs_y = 0},
    {.bitmap_index = 678, .adv_w = 148, .box_w = 9, .box_h = 11, .ofs_x = 0, .ofs_y = 0},
    {.bitmap_index = 728, .adv_w = 157, .box_w = 10, .box_h = 11, .ofs_x = 0, .ofs_y = 0},
    {.bitmap_index = 783, .adv_w = 149, .box_w = 9, .box_h = 11, .ofs_x = 0, .ofs_y = 0},
    {.bitmap_index = 833, .adv_w = 157, .box_w = 10, .box_h = 11, .ofs_x = 0, .ofs_y = 0},
    {.bitmap_index = 888, .adv_w = 144, .box_w = 9, .box_h = 11, .ofs_x = 0, .ofs_y = 0},
    {.bitmap_index = 938, .adv_w = 153, .box_w = 10, .box_h = 11, .ofs_x = 0, .ofs_y = 0},
    {.bitmap_index = 993, .adv_w = 158, .box_w = 10, .box_h = 11, .ofs_x = 0, .ofs_y = 0},
    {.bitmap_index = 1048, .adv_w = 70, .box_w = 3, .box_h = 8, .ofs_x = 1, .ofs_y = 0},
    {.bitmap_index = 1060, .adv_w = 70, .box_w = 3, .box_h = 11, .ofs_x = 1, .ofs_y = -3},
    {.bitmap_index = 1077, .adv_w = 139, .box_w = 8, .box_h = 7, .ofs_x = 0, .ofs_y = 2},
    {.bitmap_index = 1105, .adv_w = 139, .box_w = 8, .box_h = 5, .ofs_x = 0, .ofs_y = 3},
    {.bitmap_index = 1125, .adv_w = 139, .box_w = 8, .box_h = 7, .ofs_x = 0, .ofs_y = 2},
    {.bitmap_index = 1153, .adv_w = 148, .box_w = 9, .box_h = 11, .ofs_x = 0, .ofs_y = 0},
    {.bitmap_index = 1203, .adv_w = 222, .box_w = 14, .box_h = 11, .ofs_x = 0, .ofs_y = 0},
    {.bitmap_index = 1280, .adv_w = 188, .box_w = 12, .box_h = 11, .ofs_x = 0, .ofs_y = 0},
    {.bitmap_index = 1346, .adv_w = 165, .box_w = 10, .box_h = 11, .ofs_x = 0, .ofs_y = 0},
    {.bitmap_index = 1401, .adv_w = 191, .box_w = 12, .box_h = 11, .ofs_x = 0, .ofs_y = 0},
    {.bitmap_index = 1467, .adv_w = 193, .box_w = 12, .box_h = 11, .ofs_x = 0, .ofs_y = 0},
    {.bitmap_index = 1533, .adv_w = 161, .box_w = 10, .box_h = 11, .ofs_x = 0, .ofs_y = 0},
    {.bitmap_index = 1588, .adv_w = 152, .box_w = 9, .box_h = 11, .ofs_x = 0, .ofs_y = 0},
    {.bitmap_index = 1638, .adv_w = 196, .box_w = 12, .box_h = 11, .ofs_x = 0, .ofs_y = 0},
    {.bitmap_index = 1704, .adv_w = 186, .box_w = 11, .box_h = 11, .ofs_x = 0, .ofs_y = 0},
    {.bitmap_index = 1765, .adv_w = 65, .box_w = 4, .box_h = 11, .ofs_x = 0, .ofs_y = 0},
    {.bitmap_index = 1787, .adv_w = 109, .box_w = 6, .box_h = 11, .ofs_x = 0, .ofs_y = 0},
    {.bitmap_index = 1820, .adv_w = 182, .box_w = 12, .box_h = 11, .ofs_x = 0, .ofs_y = 0},
    {.bitmap_index = 1886, .adv_w = 151, .box_w = 9, .box_h = 11, .ofs_x = 0, .ofs_y = 0},
    {.bitmap_index = 1936, .adv_w = 230, .box_w = 14, .box_h = 11, .ofs_x = 0, .ofs_y = 0},
    {.bitmap_index = 2013, .adv_w = 186, .box_w = 11, .box_h = 11, .ofs_x = 0, .ofs_y = 0},
    {.bitmap_index = 2074, .adv_w = 203, .box_w = 13, .box_h = 11, .ofs_x = 0, .ofs_y = 0},
    {.bitmap_index = 2146, .adv_w = 171, .box_w = 11, .box_h = 11, .ofs_x = 0, .ofs_y = 0},
    {.bitmap_index = 2207, .adv_w = 206, .box_w = 13, .box_h = 11, .ofs_x = 0, .ofs_y = 0},
    {.bitmap_index = 2279, .adv_w = 170, .box_w = 11, .box_h = 11, .ofs_x = 0, .ofs_y = 0},
    {.bitmap_index = 2340, .adv_w = 163, .box_w = 10, .box_h = 11, .ofs_x = 0, .ofs_y = 0},
    {.bitmap_index = 2395, .adv_w = 170, .box_w = 11, .box_h = 11, .ofs_x = 0, .ofs_y = 0},
    {.bitmap_index = 2456, .adv_w = 180, .box_w = 11, .box_h = 11, .ofs_x = 0, .ofs_y = 0},
    {.bitmap_index = 2517, .adv_w = 188, .box_w = 12, .box_h = 11, .ofs_x = 0, .ofs_y = 0},
    {.bitmap_index = 2583, .adv_w = 278, .box_w = 17, .box_h = 11, .ofs_x = 0, .ofs_y = 0},
    {.bitmap_index = 2677, .adv_w = 181, .box_w = 11, .box_h = 11, .ofs_x = 0, .ofs_y = 0},
    {.bitmap_index = 2738, .adv_w = 179, .box_w = 11, .box_h = 11, .ofs_x = 0, .ofs_y = 0},
    {.bitmap_index = 2799, .adv_w = 162, .box_w = 10, .box_h = 11, .ofs_x = 0, .ofs_y = 0},
    {.bitmap_index = 2854, .adv_w = 112, .box_w = 6, .box_h = 13, .ofs_x = 1, .ofs_y = -2},
    {.bitmap_index = 2893, .adv_w = 114, .box_w = 7, .box_h = 13, .ofs_x = 0, .ofs_y = -1},
    {.bitmap_index = 2939, .adv_w = 112, .box_w = 6, .box_h = 13, .ofs_x = 0, .ofs_y = -2},
    {.bitmap_index = 2978, .adv_w = 139, .box_w = 7, .box_h = 4, .ofs_x = 1, .ofs_y = 8},
    {.bitmap_index = 2992, .adv_w = 119, .box_w = 8, .box_h = 3, .ofs_x = 0, .ofs_y = -3},
    {.bitmap_index = 3004, .adv_w = 91, .box_w = 6, .box_h = 3, .ofs_x = 0, .ofs_y = 9},
    {.bitmap_index = 3013, .adv_w = 143, .box_w = 9, .box_h = 8, .ofs_x = 0, .ofs_y = 0},
    {.bitmap_index = 3049, .adv_w = 159, .box_w = 9, .box_h = 11, .ofs_x = 1, .ofs_y = 0},
    {.bitmap_index = 3099, .adv_w = 141, .box_w = 9, .box_h = 8, .ofs_x = 0, .ofs_y = 0},
    {.bitmap_index = 3135, .adv_w = 159, .box_w = 9, .box_h = 11, .ofs_x = 0, .ofs_y = 0},
    {.bitmap_index = 3185, .adv_w = 146, .box_w = 9, .box_h = 8, .ofs_x = 0, .ofs_y = 0},
    {.bitmap_index = 3221, .adv_w = 95, .box_w = 6, .box_h = 11, .ofs_x = 0, .ofs_y = 0},
    {.bitmap_index = 3254, .adv_w = 159, .box_w = 9, .box_h = 11, .ofs_x = 0, .ofs_y = -3},
    {.bitmap_index = 3304, .adv_w = 157, .box_w = 8, .box_h = 11, .ofs_x = 1, .ofs_y = 0},
    {.bitmap_index = 3348, .adv_w = 67, .box_w = 4, .box_h = 11, .ofs_x = 0, .ofs_y = 0},
    {.bitmap_index = 3370, .adv_w = 67, .box_w = 5, .box_h = 14, .ofs_x = -1, .ofs_y = -3},
    {.bitmap_index = 3405, .adv_w = 143, .box_w = 8, .box_h = 11, .ofs_x = 1, .ofs_y = 0},
    {.bitmap_index = 3449, .adv_w = 67, .box_w = 3, .box_h = 11, .ofs_x = 1, .ofs_y = 0},
    {.bitmap_index = 3466, .adv_w = 241, .box_w = 14, .box_h = 8, .ofs_x = 1, .ofs_y = 0},
    {.bitmap_index = 3522, .adv_w = 157, .box_w = 8, .box_h = 8, .ofs_x = 1, .ofs_y = 0},
    {.bitmap_index = 3554, .adv_w = 153, .box_w = 10, .box_h = 8, .ofs_x = 0, .ofs_y = 0},
    {.bitmap_index = 3594, .adv_w = 159, .box_w = 9, .box_h = 11, .ofs_x = 1, .ofs_y = -3},
    {.bitmap_index = 3644, .adv_w = 159, .box_w = 9, .box_h = 11, .ofs_x = 0, .ofs_y = -3},
    {.bitmap_index = 3694, .adv_w = 100, .box_w = 5, .box_h = 9, .ofs_x = 1, .ofs_y = 0},
    {.bitmap_index = 3717, .adv_w = 126, .box_w = 8, .box_h = 8, .ofs_x = 0, .ofs_y = 0},
    {.bitmap_index = 3749, .adv_w = 104, .box_w = 7, .box_h = 11, .ofs_x = 0, .ofs_y = 0},
    {.bitmap_index = 3788, .adv_w = 155, .box_w = 9, .box_h = 8, .ofs_x = 0, .ofs_y = 0},
    {.bitmap_index = 3824, .adv_w = 137, .box_w = 9, .box_h = 8, .ofs_x = 0, .ofs_y = 0},
    {.bitmap_index = 3860, .adv_w = 205, .box_w = 13, .box_h = 8, .ofs_x = 0, .ofs_y = 0},
    {.bitmap_index = 3912, .adv_w = 150, .box_w = 9, .box_h = 8, .ofs_x = 0, .ofs_y = 0},
    {.bitmap_index = 3948, .adv_w = 137, .box_w = 9, .box_h = 11, .ofs_x = 0, .ofs_y = -3},
    {.bitmap_index = 3998, .adv_w = 131, .box_w = 8, .box_h = 8, .ofs_x = 0, .ofs_y = 0},
    {.bitmap_index = 4030, .adv_w = 112, .box_w = 7, .box_h = 13, .ofs_x = 0, .ofs_y = -2},
    {.bitmap_index = 4076, .adv_w = 60, .box_w = 3, .box_h = 15, .ofs_x = 0, .ofs_y = -2},
    {.bitmap_index = 4099, .adv_w = 112, .box_w = 7, .box_h = 13, .ofs_x = 0, .ofs_y = -2},
    {.bitmap_index = 4145, .adv_w = 139, .box_w = 9, .box_h = 3, .ofs_x = 0, .ofs_y = 4},
    {.bitmap_index = 4159, .adv_w = 49, .box_w = 0, .box_h = 0, .ofs_x = 0, .ofs_y = 0},
    {.bitmap_index = 4159, .adv_w = 76, .box_w = 3, .box_h = 11, .ofs_x = 1, .ofs_y = -3},
    {.bitmap_index = 4176, .adv_w = 141, .box_w = 9, .box_h = 12, .ofs_x = 0, .ofs_y = -2},
    {.bitmap_index = 4230, .adv_w = 154, .box_w = 10, .box_h = 11, .ofs_x = 0, .ofs_y = 0},
    {.bitmap_index = 4285, .adv_w = 164, .box_w = 10, .box_h = 11, .ofs_x = 0, .ofs_y = 0},
    {.bitmap_index = 4340, .adv_w = 133, .box_w = 8, .box_h = 12, .ofs_x = 0, .ofs_y = -1},
    {.bitmap_index = 4388, .adv_w = 125, .box_w = 7, .box_h = 3, .ofs_x = 0, .ofs_y = 9},
    {.bitmap_index = 4399, .adv_w = 211, .box_w = 13, .box_h = 12, .ofs_x = 0, .ofs_y = 0},
    {.bitmap_index = 4477, .adv_w = 96, .box_w = 6, .box_h = 6, .ofs_x = 0, .ofs_y = 6},
    {.bitmap_index = 4495, .adv_w = 140, .box_w = 8, .box_h = 6, .ofs_x = 0, .ofs_y = 1},
    {.bitmap_index = 4519, .adv_w = 211, .box_w = 13, .box_h = 12, .ofs_x = 0, .ofs_y = 0},
    {.bitmap_index = 4597, .adv_w = 105, .box_w = 7, .box_h = 3, .ofs_x = 0, .ofs_y = 9},
    {.bitmap_index = 4608, .adv_w = 95, .box_w = 6, .box_h = 5, .ofs_x = 0, .ofs_y = 6},
    {.bitmap_index = 4623, .adv_w = 91, .box_w = 6, .box_h = 3, .ofs_x = 0, .ofs_y = 9},
    {.bitmap_index = 4632, .adv_w = 170, .box_w = 10, .box_h = 13, .ofs_x = 0, .ofs_y = -2},
    {.bitmap_index = 4697, .adv_w = 37, .box_w = 3, .box_h = 3, .ofs_x = 0, .ofs_y = 5},
    {.bitmap_index = 4702, .adv_w = 77, .box_w = 6, .box_h = 4, .ofs_x = 0, .ofs_y = -3},
    {.bitmap_index = 4714, .adv_w = 105, .box_w = 6, .box_h = 6, .ofs_x = 0, .ofs_y = 6},
    {.bitmap_index = 4732, .adv_w = 140, .box_w = 8, .box_h = 6, .ofs_x = 0, .ofs_y = 1},
    {.bitmap_index = 4756, .adv_w = 148, .box_w = 9, .box_h = 11, .ofs_x = 0, .ofs_y = -3},
    {.bitmap_index = 4806, .adv_w = 188, .box_w = 12, .box_h = 15, .ofs_x = 0, .ofs_y = 0},
    {.bitmap_index = 4896, .adv_w = 188, .box_w = 12, .box_h = 15, .ofs_x = 0, .ofs_y = 0},
    {.bitmap_index = 4986, .adv_w = 188, .box_w = 12, .box_h = 15, .ofs_x = 0, .ofs_y = 0},
    {.bitmap_index = 5076, .adv_w = 188, .box_w = 12, .box_h = 15, .ofs_x = 0, .ofs_y = 0},
    {.bitmap_index = 5166, .adv_w = 188, .box_w = 12, .box_h = 15, .ofs_x = 0, .ofs_y = 0},
    {.bitmap_index = 5256, .adv_w = 188, .box_w = 12, .box_h = 15, .ofs_x = 0, .ofs_y = 0},
    {.bitmap_index = 5346, .adv_w = 248, .box_w = 15, .box_h = 11, .ofs_x = 0, .ofs_y = 0},
    {.bitmap_index = 5429, .adv_w = 191, .box_w = 12, .box_h = 14, .ofs_x = 0, .ofs_y = -3},
    {.bitmap_index = 5513, .adv_w = 161, .box_w = 10, .box_h = 15, .ofs_x = 0, .ofs_y = 0},
    {.bitmap_index = 5588, .adv_w = 161, .box_w = 10, .box_h = 15, .ofs_x = 0, .ofs_y = 0},
    {.bitmap_index = 5663, .adv_w = 161, .box_w = 10, .box_h = 15, .ofs_x = 0, .ofs_y = 0},
    {.bitmap_index = 5738, .adv_w = 161, .box_w = 10, .box_h = 15, .ofs_x = 0, .ofs_y = 0},
    {.bitmap_index = 5813, .adv_w = 65, .box_w = 5, .box_h = 15, .ofs_x = -1, .ofs_y = 0},
    {.bitmap_index = 5851, .adv_w = 65, .box_w = 6, .box_h = 15, .ofs_x = 0, .ofs_y = 0},
    {.bitmap_index = 5896, .adv_w = 65, .box_w = 8, .box_h = 15, .ofs_x = -2, .ofs_y = 0},
    {.bitmap_index = 5956, .adv_w = 65, .box_w = 6, .box_h = 15, .ofs_x = -1, .ofs_y = 0},
    {.bitmap_index = 6001, .adv_w = 196, .box_w = 12, .box_h = 11, .ofs_x = 0, .ofs_y = 0},
    {.bitmap_index = 6067, .adv_w = 186, .box_w = 11, .box_h = 15, .ofs_x = 0, .ofs_y = 0},
    {.bitmap_index = 6150, .adv_w = 203, .box_w = 13, .box_h = 15, .ofs_x = 0, .ofs_y = 0},
    {.bitmap_index = 6248, .adv_w = 203, .box_w = 13, .box_h = 15, .ofs_x = 0, .ofs_y = 0},
    {.bitmap_index = 6346, .adv_w = 203, .box_w = 13, .box_h = 15, .ofs_x = 0, .ofs_y = 0},
    {.bitmap_index = 6444, .adv_w = 203, .box_w = 13, .box_h = 16, .ofs_x = 0, .ofs_y = 0},
    {.bitmap_index = 6548, .adv_w = 203, .box_w = 13, .box_h = 15, .ofs_x = 0, .ofs_y = 0},
    {.bitmap_index = 6646, .adv_w = 139, .box_w = 8, .box_h = 8, .ofs_x = 0, .ofs_y = 2},
    {.bitmap_index = 6678, .adv_w = 203, .box_w = 13, .box_h = 12, .ofs_x = 0, .ofs_y = -1},
    {.bitmap_index = 6756, .adv_w = 180, .box_w = 11, .box_h = 15, .ofs_x = 0, .ofs_y = 0},
    {.bitmap_index = 6839, .adv_w = 180, .box_w = 11, .box_h = 15, .ofs_x = 0, .ofs_y = 0},
    {.bitmap_index = 6922, .adv_w = 180, .box_w = 11, .box_h = 15, .ofs_x = 0, .ofs_y = 0},
    {.bitmap_index = 7005, .adv_w = 180, .box_w = 11, .box_h = 15, .ofs_x = 0, .ofs_y = 0},
    {.bitmap_index = 7088, .adv_w = 179, .box_w = 11, .box_h = 15, .ofs_x = 0, .ofs_y = 0},
    {.bitmap_index = 7171, .adv_w = 170, .box_w = 11, .box_h = 11, .ofs_x = 0, .ofs_y = 0},
    {.bitmap_index = 7232, .adv_w = 162, .box_w = 9, .box_h = 11, .ofs_x = 1, .ofs_y = 0},
    {.bitmap_index = 7282, .adv_w = 143, .box_w = 9, .box_h = 11, .ofs_x = 0, .ofs_y = 0},
    {.bitmap_index = 7332, .adv_w = 143, .box_w = 9, .box_h = 11, .ofs_x = 0, .ofs_y = 0},
    {.bitmap_index = 7382, .adv_w = 143, .box_w = 9, .box_h = 11, .ofs_x = 0, .ofs_y = 0},
    {.bitmap_index = 7432, .adv_w = 143, .box_w = 9, .box_h = 11, .ofs_x = 0, .ofs_y = 0},
    {.bitmap_index = 7482, .adv_w = 143, .box_w = 9, .box_h = 11, .ofs_x = 0, .ofs_y = 0},
    {.bitmap_index = 7532, .adv_w = 143, .box_w = 9, .box_h = 12, .ofs_x = 0, .ofs_y = 0},
    {.bitmap_index = 7586, .adv_w = 225, .box_w = 14, .box_h = 8, .ofs_x = 0, .ofs_y = 0},
    {.bitmap_index = 7642, .adv_w = 141, .box_w = 9, .box_h = 11, .ofs_x = 0, .ofs_y = -3},
    {.bitmap_index = 7692, .adv_w = 146, .box_w = 9, .box_h = 11, .ofs_x = 0, .ofs_y = 0},
    {.bitmap_index = 7742, .adv_w = 146, .box_w = 9, .box_h = 11, .ofs_x = 0, .ofs_y = 0},
    {.bitmap_index = 7792, .adv_w = 146, .box_w = 9, .box_h = 11, .ofs_x = 0, .ofs_y = 0},
    {.bitmap_index = 7842, .adv_w = 146, .box_w = 9, .box_h = 11, .ofs_x = 0, .ofs_y = 0},
    {.bitmap_index = 7892, .adv_w = 67, .box_w = 5, .box_h = 11, .ofs_x = -1, .ofs_y = 0},
    {.bitmap_index = 7920, .adv_w = 67, .box_w = 6, .box_h = 11, .ofs_x = 0, .ofs_y = 0},
    {.bitmap_index = 7953, .adv_w = 67, .box_w = 8, .box_h = 11, .ofs_x = -2, .ofs_y = 0},
    {.bitmap_index = 7997, .adv_w = 67, .box_w = 7, .box_h = 11, .ofs_x = -1, .ofs_y = 0},
    {.bitmap_index = 8036, .adv_w = 156, .box_w = 10, .box_h = 12, .ofs_x = 0, .ofs_y = 0},
    {.bitmap_index = 8096, .adv_w = 157, .box_w = 8, .box_h = 11, .ofs_x = 1, .ofs_y = 0},
    {.bitmap_index = 8140, .adv_w = 153, .box_w = 10, .box_h = 11, .ofs_x = 0, .ofs_y = 0},
    {.bitmap_index = 8195, .adv_w = 153, .box_w = 10, .box_h = 11, .ofs_x = 0, .ofs_y = 0},
    {.bitmap_index = 8250, .adv_w = 153, .box_w = 10, .box_h = 11, .ofs_x = 0, .ofs_y = 0},
    {.bitmap_index = 8305, .adv_w = 153, .box_w = 10, .box_h = 12, .ofs_x = 0, .ofs_y = 0},
    {.bitmap_index = 8365, .adv_w = 153, .box_w = 10, .box_h = 11, .ofs_x = 0, .ofs_y = 0},
    {.bitmap_index = 8420, .adv_w = 139, .box_w = 8, .box_h = 8, .ofs_x = 0, .ofs_y = 2},
    {.bitmap_index = 8452, .adv_w = 153, .box_w = 10, .box_h = 10, .ofs_x = 0, .ofs_y = -1},
    {.bitmap_index = 8502, .adv_w = 155, .box_w = 9, .box_h = 11, .ofs_x = 0, .ofs_y = 0},
    {.bitmap_index = 8552, .adv_w = 155, .box_w = 9, .box_h = 11, .ofs_x = 0, .ofs_y = 0},
    {.bitmap_index = 8602, .adv_w = 155, .box_w = 9, .box_h = 11, .ofs_x = 0, .ofs_y = 0},
    {.bitmap_index = 8652, .adv_w = 155, .box_w = 9, .box_h = 11, .ofs_x = 0, .ofs_y = 0},
    {.bitmap_index = 8702, .adv_w = 137, .box_w = 9, .box_h = 14, .ofs_x = 0, .ofs_y = -3},
    {.bitmap_index = 8765, .adv_w = 159, .box_w = 9, .box_h = 14, .ofs_x = 1, .ofs_y = -3},
    {.bitmap_index = 8828, .adv_w = 137, .box_w = 9, .box_h = 14, .ofs_x = 0, .ofs_y = -3},
    {.bitmap_index = 8891, .adv_w = 188, .box_w = 12, .box_h = 15, .ofs_x = 0, .ofs_y = 0},
    {.bitmap_index = 8981, .adv_w = 143, .box_w = 9, .box_h = 11, .ofs_x = 0, .ofs_y = 0},
    {.bitmap_index = 9031, .adv_w = 188, .box_w = 12, .box_h = 15, .ofs_x = 0, .ofs_y = 0},
    {.bitmap_index = 9121, .adv_w = 143, .box_w = 9, .box_h = 11, .ofs_x = 0, .ofs_y = 0},
    {.bitmap_index = 9171, .adv_w = 188, .box_w = 12, .box_h = 14, .ofs_x = 0, .ofs_y = -3},
    {.bitmap_index = 9255, .adv_w = 143, .box_w = 9, .box_h = 11, .ofs_x = 0, .ofs_y = -3},
    {.bitmap_index = 9305, .adv_w = 191, .box_w = 12, .box_h = 15, .ofs_x = 0, .ofs_y = 0},
    {.bitmap_index = 9395, .adv_w = 141, .box_w = 9, .box_h = 11, .ofs_x = 0, .ofs_y = 0},
    {.bitmap_index = 9445, .adv_w = 191, .box_w = 12, .box_h = 15, .ofs_x = 0, .ofs_y = 0},
    {.bitmap_index = 9535, .adv_w = 141, .box_w = 9, .box_h = 11, .ofs_x = 0, .ofs_y = 0},
    {.bitmap_index = 9585, .adv_w = 191, .box_w = 12, .box_h = 15, .ofs_x = 0, .ofs_y = 0},
    {.bitmap_index = 9675, .adv_w = 141, .box_w = 9, .box_h = 11, .ofs_x = 0, .ofs_y = 0},
    {.bitmap_index = 9725, .adv_w = 193, .box_w = 12, .box_h = 15, .ofs_x = 0, .ofs_y = 0},
    {.bitmap_index = 9815, .adv_w = 179, .box_w = 12, .box_h = 11, .ofs_x = 0, .ofs_y = 0},
    {.bitmap_index = 9881, .adv_w = 196, .box_w = 12, .box_h = 11, .ofs_x = 0, .ofs_y = 0},
    {.bitmap_index = 9947, .adv_w = 159, .box_w = 10, .box_h = 11, .ofs_x = 0, .ofs_y = 0},
    {.bitmap_index = 10002, .adv_w = 161, .box_w = 10, .box_h = 15, .ofs_x = 0, .ofs_y = 0},
    {.bitmap_index = 10077, .adv_w = 146, .box_w = 9, .box_h = 11, .ofs_x = 0, .ofs_y = 0},
    {.bitmap_index = 10127, .adv_w = 161, .box_w = 10, .box_h = 15, .ofs_x = 0, .ofs_y = 0},
    {.bitmap_index = 10202, .adv_w = 146, .box_w = 9, .box_h = 11, .ofs_x = 0, .ofs_y = 0},
    {.bitmap_index = 10252, .adv_w = 161, .box_w = 10, .box_h = 14, .ofs_x = 0, .ofs_y = -3},
    {.bitmap_index = 10322, .adv_w = 146, .box_w = 9, .box_h = 11, .ofs_x = 0, .ofs_y = -3},
    {.bitmap_index = 10372, .adv_w = 161, .box_w = 10, .box_h = 15, .ofs_x = 0, .ofs_y = 0},
    {.bitmap_index = 10447, .adv_w = 146, .box_w = 9, .box_h = 11, .ofs_x = 0, .ofs_y = 0},
    {.bitmap_index = 10497, .adv_w = 196, .box_w = 12, .box_h = 15, .ofs_x = 0, .ofs_y = 0},
    {.bitmap_index = 10587, .adv_w = 159, .box_w = 9, .box_h = 14, .ofs_x = 0, .ofs_y = -3},
    {.bitmap_index = 10650, .adv_w = 196, .box_w = 12, .box_h = 15, .ofs_x = 0, .ofs_y = 0},
    {.bitmap_index = 10740, .adv_w = 159, .box_w = 9, .box_h = 14, .ofs_x = 0, .ofs_y = -3},
    {.bitmap_index = 10803, .adv_w = 196, .box_w = 12, .box_h = 17, .ofs_x = 0, .ofs_y = -6},
    {.bitmap_index = 10905, .adv_w = 159, .box_w = 9, .box_h = 17, .ofs_x = 0, .ofs_y = -3},
    {.bitmap_index = 10982, .adv_w = 191, .box_w = 12, .box_h = 11, .ofs_x = 0, .ofs_y = 0},
    {.bitmap_index = 11048, .adv_w = 157, .box_w = 9, .box_h = 11, .ofs_x = 0, .ofs_y = 0},
    {.bitmap_index = 11098, .adv_w = 65, .box_w = 6, .box_h = 15, .ofs_x = -1, .ofs_y = 0},
    {.bitmap_index = 11143, .adv_w = 67, .box_w = 6, .box_h = 11, .ofs_x = -1, .ofs_y = 0},
    {.bitmap_index = 11176, .adv_w = 65, .box_w = 5, .box_h = 14, .ofs_x = -1, .ofs_y = -3},
    {.bitmap_index = 11211, .adv_w = 67, .box_w = 4, .box_h = 14, .ofs_x = 0, .ofs_y = -3},
    {.bitmap_index = 11239, .adv_w = 65, .box_w = 4, .box_h = 15, .ofs_x = 0, .ofs_y = 0},
    {.bitmap_index = 11269, .adv_w = 67, .box_w = 3, .box_h = 8, .ofs_x = 1, .ofs_y = 0},
    {.bitmap_index = 11281, .adv_w = 174, .box_w = 10, .box_h = 11, .ofs_x = 0, .ofs_y = 0},
    {.bitmap_index = 11336, .adv_w = 131, .box_w = 8, .box_h = 14, .ofs_x = 0, .ofs_y = -3},
    {.bitmap_index = 11392, .adv_w = 182, .box_w = 12, .box_h = 17, .ofs_x = 0, .ofs_y = -6},
    {.bitmap_index = 11494, .adv_w = 143, .box_w = 8, .box_h = 17, .ofs_x = 1, .ofs_y = -6},
    {.bitmap_index = 11562, .adv_w = 151, .box_w = 9, .box_h = 15, .ofs_x = 0, .ofs_y = 0},
    {.bitmap_index = 11630, .adv_w = 67, .box_w = 6, .box_h = 15, .ofs_x = 0, .ofs_y = 0},
    {.bitmap_index = 11675, .adv_w = 151, .box_w = 9, .box_h = 17, .ofs_x = 0, .ofs_y = -6},
    {.bitmap_index = 11752, .adv_w = 67, .box_w = 4, .box_h = 17, .ofs_x = 0, .ofs_y = -6},
    {.bitmap_index = 11786, .adv_w = 151, .box_w = 9, .box_h = 11, .ofs_x = 0, .ofs_y = 0},
    {.bitmap_index = 11836, .adv_w = 87, .box_w = 5, .box_h = 11, .ofs_x = 1, .ofs_y = 0},
    {.bitmap_index = 11864, .adv_w = 152, .box_w = 9, .box_h = 11, .ofs_x = 0, .ofs_y = 0},
    {.bitmap_index = 11914, .adv_w = 75, .box_w = 5, .box_h = 11, .ofs_x = 0, .ofs_y = 0},
    {.bitmap_index = 11942, .adv_w = 186, .box_w = 11, .box_h = 15, .ofs_x = 0, .ofs_y = 0},
    {.bitmap_index = 12025, .adv_w = 157, .box_w = 8, .box_h = 11, .ofs_x = 1, .ofs_y = 0},
    {.bitmap_index = 12069, .adv_w = 186, .box_w = 11, .box_h = 17, .ofs_x = 0, .ofs_y = -6},
    {.bitmap_index = 12163, .adv_w = 157, .box_w = 8, .box_h = 14, .ofs_x = 1, .ofs_y = -6},
    {.bitmap_index = 12219, .adv_w = 186, .box_w = 11, .box_h = 15, .ofs_x = 0, .ofs_y = 0},
    {.bitmap_index = 12302, .adv_w = 157, .box_w = 8, .box_h = 11, .ofs_x = 1, .ofs_y = 0},
    {.bitmap_index = 12346, .adv_w = 184, .box_w = 11, .box_h = 14, .ofs_x = 0, .ofs_y = -3},
    {.bitmap_index = 12423, .adv_w = 157, .box_w = 8, .box_h = 11, .ofs_x = 1, .ofs_y = -3},
    {.bitmap_index = 12467, .adv_w = 203, .box_w = 13, .box_h = 15, .ofs_x = 0, .ofs_y = 0},
    {.bitmap_index = 12565, .adv_w = 153, .box_w = 10, .box_h = 11, .ofs_x = 0, .ofs_y = 0},
    {.bitmap_index = 12620, .adv_w = 203, .box_w = 13, .box_h = 15, .ofs_x = 0, .ofs_y = 0},
    {.bitmap_index = 12718, .adv_w = 153, .box_w = 10, .box_h = 11, .ofs_x = 0, .ofs_y = 0},
    {.bitmap_index = 12773, .adv_w = 277, .box_w = 17, .box_h = 11, .ofs_x = 0, .ofs_y = 0},
    {.bitmap_index = 12867, .adv_w = 243, .box_w = 15, .box_h = 8, .ofs_x = 0, .ofs_y = 0},
    {.bitmap_index = 12927, .adv_w = 170, .box_w = 11, .box_h = 15, .ofs_x = 0, .ofs_y = 0},
    {.bitmap_index = 13010, .adv_w = 100, .box_w = 6, .box_h = 11, .ofs_x = 1, .ofs_y = 0},
    {.bitmap_index = 13043, .adv_w = 170, .box_w = 11, .box_h = 17, .ofs_x = 0, .ofs_y = -6},
    {.bitmap_index = 13137, .adv_w = 100, .box_w = 6, .box_h = 15, .ofs_x = 0, .ofs_y = -6},
    {.bitmap_index = 13182, .adv_w = 170, .box_w = 11, .box_h = 15, .ofs_x = 0, .ofs_y = 0},
    {.bitmap_index = 13265, .adv_w = 100, .box_w = 7, .box_h = 11, .ofs_x = 0, .ofs_y = 0},
    {.bitmap_index = 13304, .adv_w = 163, .box_w = 10, .box_h = 15, .ofs_x = 0, .ofs_y = 0},
    {.bitmap_index = 13379, .adv_w = 126, .box_w = 8, .box_h = 11, .ofs_x = 0, .ofs_y = 0},
    {.bitmap_index = 13423, .adv_w = 163, .box_w = 10, .box_h = 14, .ofs_x = 0, .ofs_y = -3},
    {.bitmap_index = 13493, .adv_w = 126, .box_w = 8, .box_h = 11, .ofs_x = 0, .ofs_y = -3},
    {.bitmap_index = 13537, .adv_w = 163, .box_w = 10, .box_h = 15, .ofs_x = 0, .ofs_y = 0},
    {.bitmap_index = 13612, .adv_w = 126, .box_w = 8, .box_h = 11, .ofs_x = 0, .ofs_y = 0},
    {.bitmap_index = 13656, .adv_w = 170, .box_w = 11, .box_h = 15, .ofs_x = 0, .ofs_y = 0},
    {.bitmap_index = 13739, .adv_w = 104, .box_w = 7, .box_h = 13, .ofs_x = 0, .ofs_y = 0},
    {.bitmap_index = 13785, .adv_w = 180, .box_w = 11, .box_h = 15, .ofs_x = 0, .ofs_y = 0},
    {.bitmap_index = 13868, .adv_w = 155, .box_w = 9, .box_h = 11, .ofs_x = 0, .ofs_y = 0},
    {.bitmap_index = 13918, .adv_w = 180, .box_w = 11, .box_h = 15, .ofs_x = 0, .ofs_y = 0},
    {.bitmap_index = 14001, .adv_w = 155, .box_w = 9, .box_h = 11, .ofs_x = 0, .ofs_y = 0},
    {.bitmap_index = 14051, .adv_w = 180, .box_w = 11, .box_h = 15, .ofs_x = 0, .ofs_y = 0},
    {.bitmap_index = 14134, .adv_w = 155, .box_w = 9, .box_h = 12, .ofs_x = 0, .ofs_y = 0},
    {.bitmap_index = 14188, .adv_w = 180, .box_w = 11, .box_h = 15, .ofs_x = 0, .ofs_y = 0},
    {.bitmap_index = 14271, .adv_w = 155, .box_w = 9, .box_h = 11, .ofs_x = 0, .ofs_y = 0},
    {.bitmap_index = 14321, .adv_w = 180, .box_w = 11, .box_h = 14, .ofs_x = 0, .ofs_y = -3},
    {.bitmap_index = 14398, .adv_w = 155, .box_w = 9, .box_h = 11, .ofs_x = 0, .ofs_y = -3},
    {.bitmap_index = 14448, .adv_w = 278, .box_w = 17, .box_h = 15, .ofs_x = 0, .ofs_y = 0},
    {.bitmap_index = 14576, .adv_w = 205, .box_w = 13, .box_h = 11, .ofs_x = 0, .ofs_y = 0},
    {.bitmap_index = 14648, .adv_w = 179, .box_w = 11, .box_h = 15, .ofs_x = 0, .ofs_y = 0},
    {.bitmap_index = 14731, .adv_w = 137, .box_w = 9, .box_h = 14, .ofs_x = 0, .ofs_y = -3},
    {.bitmap_index = 14794, .adv_w = 179, .box_w = 11, .box_h = 15, .ofs_x = 0, .ofs_y = 0},
    {.bitmap_index = 14877, .adv_w = 162, .box_w = 10, .box_h = 15, .ofs_x = 0, .ofs_y = 0},
    {.bitmap_index = 14952, .adv_w = 131, .box_w = 8, .box_h = 11, .ofs_x = 0, .ofs_y = 0},
    {.bitmap_index = 14996, .adv_w = 162, .box_w = 10, .box_h = 15, .ofs_x = 0, .ofs_y = 0},
    {.bitmap_index = 15071, .adv_w = 131, .box_w = 8, .box_h = 11, .ofs_x = 0, .ofs_y = 0},
    {.bitmap_index = 15115, .adv_w = 162, .box_w = 10, .box_h = 15, .ofs_x = 0, .ofs_y = 0},
    {.bitmap_index = 15190, .adv_w = 131, .box_w = 8, .box_h = 11, .ofs_x = 0, .ofs_y = 0},
    {.bitmap_index = 15234, .adv_w = 153, .box_w = 8, .box_h = 3, .ofs_x = 1, .ofs_y = 3},
    {.bitmap_index = 15246, .adv_w = 230, .box_w = 13, .box_h = 3, .ofs_x = 1, .ofs_y = 3},
    {.bitmap_index = 15266, .adv_w = 70, .box_w = 3, .box_h = 5, .ofs_x = 1, .ofs_y = 7},
    {.bitmap_index = 15274, .adv_w = 70, .box_w = 4, .box_h = 5, .ofs_x = 0, .ofs_y = 6},
    {.bitmap_index = 15284, .adv_w = 69, .box_w = 3, .box_h = 6, .ofs_x = 1, .ofs_y = -3},
    {.bitmap_index = 15293, .adv_w = 121, .box_w = 6, .box_h = 5, .ofs_x = 1, .ofs_y = 7},
    {.bitmap_index = 15308, .adv_w = 121, .box_w = 7, .box_h = 5, .ofs_x = 0, .ofs_y = 6},
    {.bitmap_index = 15326, .adv_w = 119, .box_w = 6, .box_h = 6, .ofs_x = 1, .ofs_y = -4},
    {.bitmap_index = 15344, .adv_w = 86, .box_w = 4, .box_h = 4, .ofs_x = 1, .ofs_y = 4},
    {.bitmap_index = 15352, .adv_w = 186, .box_w = 10, .box_h = 3, .ofs_x = 1, .ofs_y = 0},
    {.bitmap_index = 15367, .adv_w = 256, .box_w = 16, .box_h = 17, .ofs_x = 0, .ofs_y = -2},
    {.bitmap_index = 15503, .adv_w = 256, .box_w = 16, .box_h = 12, .ofs_x = 0, .ofs_y = 0},
    {.bitmap_index = 15599, .adv_w = 256, .box_w = 16, .box_h = 14, .ofs_x = 0, .ofs_y = -1},
    {.bitmap_index = 15711, .adv_w = 256, .box_w = 16, .box_h = 12, .ofs_x = 0, .ofs_y = 0},
    {.bitmap_index = 15807, .adv_w = 176, .box_w = 11, .box_h = 12, .ofs_x = 0, .ofs_y = 0},
    {.bitmap_index = 15873, .adv_w = 256, .box_w = 16, .box_h = 16, .ofs_x = 0, .ofs_y = -2},
    {.bitmap_index = 16001, .adv_w = 256, .box_w = 16, .box_h = 16, .ofs_x = 0, .ofs_y = -2},
    {.bitmap_index = 16129, .adv_w = 288, .box_w = 18, .box_h = 14, .ofs_x = 0, .ofs_y = -1},
    {.bitmap_index = 16255, .adv_w = 256, .box_w = 16, .box_h = 16, .ofs_x = 0, .ofs_y = -2},
    {.bitmap_index = 16383, .adv_w = 288, .box_w = 18, .box_h = 12, .ofs_x = 0, .ofs_y = 0},
    {.bitmap_index = 16491, .adv_w = 256, .box_w = 16, .box_h = 16, .ofs_x = 0, .ofs_y = -2},
    {.bitmap_index = 16619, .adv_w = 128, .box_w = 8, .box_h = 14, .ofs_x = 0, .ofs_y = -1},
    {.bitmap_index = 16675, .adv_w = 192, .box_w = 12, .box_h = 14, .ofs_x = 0, .ofs_y = -1},
    {.bitmap_index = 16759, .adv_w = 288, .box_w = 18, .box_h = 16, .ofs_x = 0, .ofs_y = -2},
    {.bitmap_index = 16903, .adv_w = 256, .box_w = 16, .box_h = 12, .ofs_x = 0, .ofs_y = 0},
    {.bitmap_index = 16999, .adv_w = 176, .box_w = 11, .box_h = 16, .ofs_x = 0, .ofs_y = -2},
    {.bitmap_index = 17087, .adv_w = 224, .box_w = 10, .box_h = 16, .ofs_x = 2, .ofs_y = -2},
    {.bitmap_index = 17167, .adv_w = 224, .box_w = 14, .box_h = 18, .ofs_x = 0, .ofs_y = -3},
    {.bitmap_index = 17293, .adv_w = 224, .box_w = 14, .box_h = 15, .ofs_x = 0, .ofs_y = -1},
    {.bitmap_index = 17398, .adv_w = 224, .box_w = 14, .box_h = 14, .ofs_x = 0, .ofs_y = -1},
    {.bitmap_index = 17496, .adv_w = 224, .box_w = 10, .box_h = 16, .ofs_x = 2, .ofs_y = -2},
    {.bitmap_index = 17576, .adv_w = 224, .box_w = 16, .box_h = 14, .ofs_x = -1, .ofs_y = -1},
    {.bitmap_index = 17688, .adv_w = 160, .box_w = 10, .box_h = 14, .ofs_x = 0, .ofs_y = -1},
    {.bitmap_index = 17758, .adv_w = 160, .box_w = 10, .box_h = 14, .ofs_x = 0, .ofs_y = -1},
    {.bitmap_index = 17828, .adv_w = 224, .box_w = 14, .box_h = 14, .ofs_x = 0, .ofs_y = -1},
    {.bitmap_index = 17926, .adv_w = 224, .box_w = 14, .box_h = 4, .ofs_x = 0, .ofs_y = 4},
    {.bitmap_index = 17954, .adv_w = 288, .box_w = 18, .box_h = 12, .ofs_x = 0, .ofs_y = 0},
    {.bitmap_index = 18062, .adv_w = 320, .box_w = 20, .box_h = 16, .ofs_x = 0, .ofs_y = -2},
    {.bitmap_index = 18222, .adv_w = 288, .box_w = 20, .box_h = 16, .ofs_x = -1, .ofs_y = -2},
    {.bitmap_index = 18382, .adv_w = 256, .box_w = 16, .box_h = 16, .ofs_x = 0, .ofs_y = -2},
    {.bitmap_index = 18510, .adv_w = 224, .box_w = 14, .box_h = 10, .ofs_x = 0, .ofs_y = 1},
    {.bitmap_index = 18580, .adv_w = 224, .box_w = 14, .box_h = 10, .ofs_x = 0, .ofs_y = 1},
    {.bitmap_index = 18650, .adv_w = 320, .box_w = 20, .box_h = 14, .ofs_x = 0, .ofs_y = -1},
    {.bitmap_index = 18790, .adv_w = 256, .box_w = 16, .box_h = 12, .ofs_x = 0, .ofs_y = 0},
    {.bitmap_index = 18886, .adv_w = 256, .box_w = 16, .box_h = 16, .ofs_x = 0, .ofs_y = -2},
    {.bitmap_index = 19014, .adv_w = 256, .box_w = 17, .box_h = 17, .ofs_x = -1, .ofs_y = -2},
    {.bitmap_index = 19159, .adv_w = 224, .box_w = 15, .box_h = 14, .ofs_x = 0, .ofs_y = -1},
    {.bitmap_index = 19264, .adv_w = 224, .box_w = 14, .box_h = 16, .ofs_x = 0, .ofs_y = -2},
    {.bitmap_index = 19376, .adv_w = 224, .box_w = 14, .box_h = 14, .ofs_x = 0, .ofs_y = -1},
    {.bitmap_index = 19474, .adv_w = 224, .box_w = 14, .box_h = 14, .ofs_x = 0, .ofs_y = -1},
    {.bitmap_index = 19572, .adv_w = 256, .box_w = 16, .box_h = 12, .ofs_x = 0, .ofs_y = 0},
    {.bitmap_index = 19668, .adv_w = 160, .box_w = 12, .box_h = 16, .ofs_x = -1, .ofs_y = -2},
    {.bitmap_index = 19764, .adv_w = 224, .box_w = 14, .box_h = 16, .ofs_x = 0, .ofs_y = -2},
    {.bitmap_index = 19876, .adv_w = 224, .box_w = 14, .box_h = 16, .ofs_x = 0, .ofs_y = -2},
    {.bitmap_index = 19988, .adv_w = 288, .box_w = 18, .box_h = 12, .ofs_x = 0, .ofs_y = 0},
    {.bitmap_index = 20096, .adv_w = 256, .box_w = 18, .box_h = 18, .ofs_x = -1, .ofs_y = -3},
    {.bitmap_index = 20258, .adv_w = 192, .box_w = 12, .box_h = 16, .ofs_x = 0, .ofs_y = -2},
    {.bitmap_index = 20354, .adv_w = 320, .box_w = 20, .box_h = 15, .ofs_x = 0, .ofs_y = -1},
    {.bitmap_index = 20504, .adv_w = 320, .box_w = 20, .box_h = 10, .ofs_x = 0, .ofs_y = 1},
    {.bitmap_index = 20604, .adv_w = 320, .box_w = 20, .box_h = 10, .ofs_x = 0, .ofs_y = 1},
    {.bitmap_index = 20704, .adv_w = 320, .box_w = 20, .box_h = 10, .ofs_x = 0, .ofs_y = 1},
    {.bitmap_index = 20804, .adv_w = 320, .box_w = 20, .box_h = 10, .ofs_x = 0, .ofs_y = 1},
    {.bitmap_index = 20904, .adv_w = 320, .box_w = 20, .box_h = 10, .ofs_x = 0, .ofs_y = 1},
    {.bitmap_index = 21004, .adv_w = 320, .box_w = 21, .box_h = 14, .ofs_x = 0, .ofs_y = -1},
    {.bitmap_index = 21151, .adv_w = 224, .box_w = 12, .box_h = 16, .ofs_x = 1, .ofs_y = -2},
    {.bitmap_index = 21247, .adv_w = 224, .box_w = 14, .box_h = 16, .ofs_x = 0, .ofs_y = -2},
    {.bitmap_index = 21359, .adv_w = 256, .box_w = 17, .box_h = 17, .ofs_x = -1, .ofs_y = -3},
    {.bitmap_index = 21504, .adv_w = 320, .box_w = 20, .box_h = 12, .ofs_x = 0, .ofs_y = 0},
    {.bitmap_index = 21624, .adv_w = 192, .box_w = 12, .box_h = 16, .ofs_x = 0, .ofs_y = -2},
    {.bitmap_index = 21720, .adv_w = 258, .box_w = 17, .box_h = 11, .ofs_x = 0, .ofs_y = 1}
};

/*---------------------
 *  CHARACTER MAPPING
 *--------------------*/

static const uint8_t glyph_id_ofs_list_1[] = {
    0, 1, 2, 3, 0, 4, 0, 5,
    6, 7, 8, 9, 0, 0, 10, 11,
    12, 0, 0, 0, 13, 0, 14, 15,
    16, 0, 17, 18
};

static const uint8_t glyph_id_ofs_list_3[] = {
    0, 1, 2, 3, 4, 5, 6, 7,
    8, 9, 0, 0, 10, 11, 12, 13,
    14, 15, 0, 0, 16, 17, 18, 19,
    20, 21, 0, 0, 22, 23, 0, 0,
    24, 25, 0, 0, 26, 27, 28, 29,
    30, 31, 0, 0, 32, 33, 0, 34,
    35, 36, 37, 38, 39, 0, 0, 40,
    41, 42, 43, 44, 45, 46, 47, 0,
    48, 49, 50, 51, 0, 0, 52, 53,
    54, 55, 56, 57, 58, 59, 60, 61,
    62, 63, 0, 0, 64, 65, 66, 67,
    0, 0, 68, 69
};

static const uint16_t unicode_list_5[] = {
    0x0, 0x1, 0x5, 0x6, 0x7, 0x9, 0xa, 0xb,
    0xf, 0x13, 0xcfee, 0xcff5, 0xcff8, 0xcff9, 0xcffa, 0xcffe,
    0xd000, 0xd002, 0xd006, 0xd009, 0xd00e, 0xd013, 0xd014, 0xd015,
    0xd02b, 0xd030, 0xd035, 0xd038, 0xd039, 0xd03a, 0xd03e, 0xd03f,
    0xd040, 0xd041, 0xd054, 0xd055, 0xd05b, 0xd05d, 0xd05e, 0xd061,
    0xd064, 0xd065, 0xd066, 0xd068, 0xd080, 0xd082, 0xd0b1, 0xd0b2,
    0xd0b4, 0xd0b6, 0xd0cd, 0xd0d4, 0xd0d7, 0xd0e0, 0xd109, 0xd111,
    0xd148, 0xd1d8, 0xd22d, 0xd22e, 0xd22f, 0xd230, 0xd231, 0xd274,
    0xd280, 0xd2da, 0xd2f1, 0xd547, 0xd7af, 0xd88f
};

/*Collect the unicode lists and glyph_id offsets*/
static const lv_font_fmt_txt_cmap_t cmaps[] =
{
    {
        .range_start = 32, .range_length = 95, .glyph_id_start = 1,
        .unicode_list = NULL, .glyph_id_ofs_list = NULL, .list_length = 0, .type = LV_FONT_FMT_TXT_CMAP_FORMAT0_TINY
    },
    {
        .range_start = 160, .range_length = 28, .glyph_id_start = 96,
        .unicode_list = NULL, .glyph_id_ofs_list = glyph_id_ofs_list_1, .list_length = 28, .type = LV_FONT_FMT_TXT_CMAP_FORMAT0_FULL
    },
    {
        .range_start = 191, .range_length = 73, .glyph_id_start = 115,
        .unicode_list = NULL, .glyph_id_ofs_list = NULL, .list_length = 0, .type = LV_FONT_FMT_TXT_CMAP_FORMAT0_TINY
    },
    {
        .range_start = 266, .range_length = 92, .glyph_id_start = 188,
        .unicode_list = NULL, .glyph_id_ofs_list = glyph_id_ofs_list_3, .list_length = 92, .type = LV_FONT_FMT_TXT_CMAP_FORMAT0_FULL
    },
    {
        .range_start = 362, .range_length = 21, .glyph_id_start = 258,
        .unicode_list = NULL, .glyph_id_ofs_list = NULL, .list_length = 0, .type = LV_FONT_FMT_TXT_CMAP_FORMAT0_TINY
    },
    {
        .range_start = 8211, .range_length = 55440, .glyph_id_start = 279,
        .unicode_list = unicode_list_5, .glyph_id_ofs_list = NULL, .list_length = 70, .type = LV_FONT_FMT_TXT_CMAP_SPARSE_TINY
    }
};

/*-----------------
 *    KERNING
 *----------------*/


/*Map glyph_ids to kern left classes*/
static const uint8_t kern_left_class_mapping[] =
{
    0, 0, 1, 2, 3, 4, 5, 6,
    7, 8, 9, 10, 11, 12, 13, 14,
    15, 16, 17, 18, 19, 20, 21, 22,
    23, 24, 25, 26, 27, 28, 29, 30,
    31, 32, 33, 34, 35, 36, 37, 38,
    39, 0, 0, 40, 41, 42, 0, 0,
    43, 44, 45, 46, 47, 48, 49, 50,
    51, 52, 53, 54, 55, 56, 0, 57,
    58, 0, 59, 60, 61, 0, 62, 63,
    0, 64, 65, 66, 67, 0, 68, 69,
    70, 71, 0, 72, 73, 74, 75, 76,
    77, 78, 79, 80, 81, 0, 82, 83,
    0, 84, 85, 86, 87, 0, 0, 88,
    89, 90, 91, 0, 92, 0, 0, 0,
    0, 93, 94, 95, 96, 97, 96, 96,
    96, 96, 98, 99, 100, 100, 100, 100,
    101, 102, 103, 104, 105, 101, 106, 106,
    106, 106, 106, 107, 108, 109, 109, 109,
    109, 110, 111, 112, 113, 114, 115, 115,
    115, 115, 116, 117, 118, 119, 120, 121,
    122, 123, 124, 125, 126, 127, 128, 129,
    128, 128, 130, 131, 132, 133, 134, 133,
    133, 135, 136, 137, 96, 115, 96, 115,
    96, 138, 99, 117, 99, 117, 99, 139,
    105, 140, 105, 141, 100, 142, 100, 118,
    100, 143, 100, 142, 144, 133, 144, 145,
    144, 146, 147, 148, 149, 150, 101, 151,
    101, 133, 152, 141, 153, 154, 155, 156,
    157, 141, 158, 140, 159, 160, 101, 161,
    101, 161, 101, 161, 101, 162, 106, 128,
    106, 163, 100, 116, 164, 165, 164, 166,
    164, 167, 168, 169, 168, 170, 171, 172,
    173, 174, 109, 133, 109, 133, 109, 133,
    109, 141, 109, 175, 176, 177, 178, 179,
    180, 181, 182, 181, 182, 181, 183, 184,
    185, 186, 187, 188, 189, 190, 191, 192,
    193, 0, 0, 0, 0, 0, 0, 0,
    0, 0, 0, 0, 0, 0, 0, 0,
    0, 0, 0, 0, 0, 0, 0, 0,
    0, 0, 0, 0, 0, 0, 0, 0,
    0, 0, 0, 0, 0, 0, 0, 0,
    0, 0, 0, 0, 0, 0, 0, 0,
    0, 0, 0, 0, 0, 0, 0, 0,
    0, 0, 0, 0, 0
};

/*Map glyph_ids to kern right classes*/
static const uint8_t kern_right_class_mapping[] =
{
    0, 0, 1, 2, 3, 4, 5, 6,
    7, 8, 9, 10, 11, 12, 13, 14,
    15, 16, 17, 18, 19, 20, 21, 22,
    23, 24, 25, 26, 26, 27, 28, 29,
    30, 31, 32, 33, 34, 0, 0, 0,
    35, 0, 0, 36, 0, 0, 0, 0,
    37, 0, 38, 39, 40, 41, 42, 43,
    44, 45, 46, 47, 0, 48, 49, 50,
    51, 0, 52, 0, 53, 54, 55, 56,
    57, 0, 58, 59, 0, 0, 60, 60,
    61, 60, 62, 63, 64, 65, 66, 67,
    68, 69, 70, 71, 0, 0, 72, 73,
    0, 74, 75, 76, 0, 77, 0, 78,
    79, 80, 81, 0, 82, 0, 0, 0,
    0, 83, 84, 85, 86, 87, 86, 88,
    86, 86, 87, 89, 39, 39, 39, 39,
    90, 39, 91, 92, 93, 39, 89, 89,
    89, 89, 89, 94, 95, 96, 42, 96,
    96, 97, 39, 98, 99, 100, 101, 102,
    103, 104, 105, 106, 107, 108, 109, 109,
    110, 111, 112, 113, 114, 98, 109, 115,
    109, 109, 116, 11, 117, 118, 119, 120,
    121, 122, 123, 124, 86, 125, 86, 126,
    86, 127, 89, 128, 89, 106, 89, 109,
    39, 129, 130, 129, 39, 109, 39, 131,
    39, 132, 39, 133, 89, 134, 89, 134,
    89, 134, 135, 136, 137, 138, 139, 140,
    39, 141, 39, 142, 39, 123, 39, 123,
    39, 123, 39, 123, 143, 144, 39, 145,
    39, 98, 39, 146, 39, 98, 89, 109,
    89, 109, 89, 106, 39, 98, 0, 98,
    39, 147, 148, 149, 148, 150, 148, 151,
    152, 153, 96, 154, 96, 155, 96, 156,
    96, 157, 96, 158, 159, 160, 161, 162,
    161, 163, 164, 163, 164, 163, 165, 166,
    167, 168, 169, 0, 170, 171, 172, 173,
    174, 0, 0, 0, 0, 0, 0, 0,
    0, 0, 0, 0, 0, 0, 0, 0,
    0, 0, 0, 0, 0, 0, 0, 0,
    0, 0, 0, 0, 0, 0, 0, 0,
    0, 0, 0, 0, 0, 0, 0, 0,
    0, 0, 0, 0, 0, 0, 0, 0,
    0, 0, 0, 0, 0, 0, 0, 0,
    0, 0, 0, 0, 0
};

/*Kern values between classes*/
static const int8_t kern_class_values[] =
{
    -8, -10, 0, 0, 0, 0, -10, 0,
    -12, -10, 0, -11, -17, -11, 0, -6,
    -5, -3, -6, -9, -7, -6, -6, -5,
    -4, -7, 0, 0, 0, -10, 0, -8,
    -5, -6, -6, -3, -6, -6, -5, -7,
    -7, -6, -8, -9, -8, -7, -7, 0,
    -11, 0, 0, -8, -6, -6, -6, -5,
    -6, -5, -6, 0, -6, -6, 0, -5,
    -5, -7, -6, -7, -9, -6, -8, 0,
    0, 0, 0, 0, 0, 0, 0, -15,
    0, 0, 0, -12, 0, -8, -8, -8,
    -6, -5, 0, 0, 0, 0, 0, -6,
    -7, 0, 0, -8, 0, 0, 0, 0,
    -8, -6, -6, -6, 0, -6, -6, 0,
    0, 0, -6, 0, 0, -7, -7, -7,
    -7, -6, -6, -6, 0, 0, -8, -6,
    -6, 0, -6, -6, 0, -6, 0, 0,
    -5, 0, 0, -6, 0, -5, 0, 0,
    0, 0, -6, -7, -5, -5, -5, -7,
    -5, -7, -7, -7, -7, -7, -9, -7,
    -7, -6, -7, -8, -8, -17, -17, -11,
    -10, -11, -9, 0, 0, 0, -10, -8,
    -14, -12, -6, 0, -8, -18, -11, -7,
    -21, -35, -36, -35, -31, -12, -3, -6,
    -8, -29, -12, -12, -3, -9, -7, -16,
    0, -13, 0, 0, -15, -31, -7, -13,
    -13, -34, -13, -13, -7, -12, -3, -6,
    -5, -6, -9, -5, -9, 0, -9, 0,
    -58, -21, -20, -20, -20, -7, -20, -7,
    -8, 0, -20, -20, 0, -18, -7, -14,
    -8, -9, -15, -8, -14, 0, -26, -17,
    0, 0, 0, 0, 0, -31, 0, 0,
    0, -21, -36, -31, -31, -31, -13, -7,
    0, 0, 0, 0, -13, -6, -5, -15,
    -16, -21, -16, -16, -16, -16, -21, -20,
    -20, -20, -18, -8, -8, 3, 0, 0,
    -20, -18, -20, -14, -14, -14, -14, -8,
    -8, -8, -16, -16, -21, -20, -20, -8,
    -20, -20, -18, -20, 0, 0, -7, 0,
    0, -8, -15, -7, -8, 0, -15, -15,
    -8, -12, -18, -18, -11, -3, -7, -14,
    -14, -14, -14, -14, -6, -9, -5, -8,
    -9, -14, -14, -30, -37, -9, -8, -9,
    0, 0, 0, -58, 0, 0, 0, 0,
    0, 0, 0, 0, -20, 0, 0, 0,
    0, 0, 0, 0, 0, 0, 0, -4,
    -6, 0, -12, 0, 0, 0, 0, 0,
    0, 0, 0, -16, 0, 0, 0, -17,
    0, 0, 0, 0, -12, 0, 0, 0,
    0, 0, 0, 0, 0, 0, 0, -7,
    0, 0, 0, 0, 0, 0, 0, 0,
    0, 0, 0, 0, 0, 0, 0, 0,
    0, 0, 0, 0, 0, 0, 0, 0,
    0, 0, 0, 0, 0, 0, 0, 0,
    0, 0, 0, 0, 0, 0, 0, 0,
    0, 0, 0, 0, 0, 0, 0, 0,
    0, 0, 0, 0, 0, 0, 0, 0,
    0, 0, 0, 0, 0, 0, 0, 0,
    0, 0, 0, 0, 0, 0, 0, 0,
    0, 0, 0, 0, 0, 0, 0, 0,
    0, 0, 0, 0, 0, 0, 0, 0,
    0, 0, 0, 0, 0, 0, 0, 0,
    0, 0, 0, 0, 0, 0, 0, 0,
    0, 0, 0, 0, 0, 0, 0, 0,
    0, 0, 0, 0, 0, 0, 0, 0,
    0, 0, -5, -9, 0, 0, 0, 0,
    -9, -4, -18, -6, -11, -8, -6, -8,
    -10, 2, -1, 1, 0, 0, -1, 2,
    -8, 3, 0, -5, 0, 0, 0, 0,
    0, 0, 0, 0, 0, 0, 0, 0,
    0, 0, 0, 0, 0, 0, 0, 0,
    0, 0, -13, 0, 0, 0, 0, 0,
    0, 0, 0, 0, 0, 0, 0, 0,
    0, 0, 0, 0, 0, 0, 0, 0,
    0, 0, 0, 0, 0, 0, 0, 0,
    0, -5, 0, 0, 0, -9, 0, 0,
    0, 0, 0, 0, 0, 0, 0, 0,
    0, 0, 0, 0, 0, 0, 0, 0,
    0, 0, 0, 0, 0, 0, 0, 0,
    0, 0, 0, 0, 0, 0, 0, 0,
    0, 0, 0, 0, 0, 0, 0, 0,
    0, 0, 0, 0, 0, 0, 0, 0,
    0, 0, 0, 0, 0, 0, 0, 0,
    0, 0, 0, 0, 0, 0, 0, 0,
    0, 0, 0, 0, 0, 0, 0, 0,
    0, 0, 0, 0, 0, 0, 0, 0,
    0, -7, -8, -7, 0, 0, 0, 0,
    -7, -14, 0, 0, 0, 0, -14, 0,
    -13, -17, 0, -7, -9, -7, -10, 0,
    0, 0, 0, 0, 0, 0, 0, 0,
    0, -6, 0, 0, 0, 0, 0, 0,
    0, 0, 0, 0, 0, 0, 0, 0,
    0, 0, 0, 0, 0, 0, 0, 0,
    -12, 0, 0, 0, 0, 0, 0, 0,
    0, 0, 0, 0, 0, 0, 0, 0,
    0, 0, 0, 0, 0, 0, 0, 0,
    0, 0, 0, 0, 0, 0, 0, -6,
    0, 0, 0, -9, 0, 0, 0, 0,
    0, 0, 0, 0, 0, 0, 0, 0,
    0, 0, 0, 0, 0, 0, 0, 0,
    0, 0, 0, 0, 0, 0, 0, 0,
    0, 0, 0, 0, 0, 0, 0, 0,
    0, 0, 0, 0, 0, 0, 0, 0,
    0, 0, 0, 0, 0, 0, 0, 0,
    0, 0, 0, 0, 0, 0, 0, 0,
    0, 0, 0, 0, 0, 0, 0, 0,
    0, 0, 0, 0, 0, 0, 0, 0,
    0, 0, 0, 0, 0, -9, -9, -19,
    -14, -19, 0, 0, 0, 0, 0, 0,
    0, 0, 0, 0, 0, 0, 0, 0,
    0, 0, 0, 0, 0, 0, -16, 0,
    0, 0, 0, 0, 0, 0, 0, 0,
    0, 0, 0, 0, 0, 0, -4, -7,
    -7, 0, -7, 0, 0, -12, -30, 0,
    -24, -22, 0, -32, 0, 0, 0, 0,
    0, -7, 0, 0, 0, 0, 0, 0,
    0, 0, 0, 0, 0, 0, -8, 0,
    0, 0, 0, 0, 0, 0, 0, 0,
    0, 0, 0, 0, 0, 0, 0, 0,
    0, 0, 0, 0, 0, 0, 0, 0,
    0, 0, 0, 0, 0, 0, 0, 0,
    0, 0, 0, 0, 0, 0, 0, 0,
    0, 0, 0, 0, 0, 0, 0, 0,
    0, 0, 0, 0, 0, 0, 0, 0,
    0, 0, 0, 0, 0, 0, 0, 0,
    0, 0, 0, 0, 0, 0, 0, 0,
    0, 0, 0, 0, 0, 0, 0, 0,
    0, 0, 0, 0, 0, 0, 0, 0,
    0, 0, 0, 0, 0, 0, 0, 0,
    0, 0, 0, 0, 0, 0, 0, 0,
    0, 0, 0, 0, -10, -8, 0, 0,
    -6, 0, -8, -18, -11, -7, -21, -33,
    -30, -33, -31, -12, -3, -6, -8, -29,
    -12, -12, -3, -9, -7, -16, 0, 0,
    0, 0, 0, -31, -7, -13, -13, -30,
    -13, -13, -7, -12, -3, -6, -5, -6,
    -9, -5, -9, 0, -9, 0, -33, -21,
    -20, -20, -20, -7, -20, -7, -8, 0,
    -20, -20, 0, -18, -7, -15, -8, -9,
    -15, -8, -14, 0, 0, 0, 0, 0,
    0, 0, 0, -31, 0, 0, 0, -21,
    0, -31, -31, -31, -13, -7, -3, 0,
    0, 0, -13, -6, -5, -15, -16, -21,
    -16, -16, -16, -16, -21, -20, -20, -20,
    -18, 1, -8, 3, 0, 0, -20, -18,
    0, -14, -14, -14, -14, -8, -8, -8,
    -16, -16, -21, -20, -20, 0, -20, -20,
    -18, -20, 0, 0, -7, 0, 0, -8,
    -15, -7, 0, 0, -15, -15, -8, -12,
    -18, -18, -11, -3, -7, -14, -14, -14,
    -14, -14, -6, -9, -5, -8, -9, -14,
    -14, -30, -30, -9, -8, -9, 0, 0,
    0, 0, -11, -10, -26, -20, -15, -23,
    -10, -28, -7, -16, -34, -20, -36, -20,
    -9, -23, -19, -15, -18, -27, -16, -23,
    -6, -18, -17, -19, -33, -28, -25, -20,
    -27, -16, -9, -25, -25, -15, -25, -25,
    -9, -20, -7, -9, -8, -9, -8, -5,
    -9, 0, -7, -26, 0, -23, -25, -24,
    -25, -22, -12, -10, 0, 0, -25, -24,
    0, -23, -24, -25, -24, -25, -17, -20,
    -18, 0, -37, 0, -25, -16, -16, -26,
    0, -33, -26, -15, 0, -26, 0, -16,
    -16, -16, -25, -9, -1, 0, -12, -28,
    -22, -9, -5, -19, -14, -23, -14, -14,
    -14, -14, -23, -25, -25, -25, -18, -10,
    -10, -5, 0, -19, -25, -18, -19, -25,
    -25, -25, -19, -20, -10, -20, -14, -14,
    -23, -25, -24, -12, -25, -25, -18, -12,
    -11, 0, -9, 0, 0, -3, -19, -10,
    -10, -13, -19, -19, -10, -20, -23, -23,
    -10, -7, -24, -25, -25, -25, -25, -25,
    -9, -25, -5, -20, -9, -18, -9, -36,
    -36, -18, -11, -18, -10, -10, -30, -19,
    -12, -18, 0, 0, 0, 0, -18, -10,
    -28, -15, -10, -18, -13, -18, -18, -4,
    -8, -9, -8, -7, -7, -4, -18, -5,
    -5, -9, 0, -10, 0, 0, 0, -14,
    -7, -4, -4, -12, -4, -4, -7, -8,
    -19, -6, -17, -17, -19, -22, -14, 0,
    -23, -17, 0, -7, -4, -4, -4, -5,
    -4, -7, -7, 0, -4, -4, 0, -5,
    -5, -7, -6, -6, -13, -6, -10, -22,
    0, 0, 0, 0, 0, 0, 0, -12,
    0, 0, 0, -14, 0, -14, -14, -14,
    -4, -7, 0, 0, 0, -12, 0, -6,
    -22, -7, -7, -7, -7, -7, -7, -7,
    -7, -4, -4, -4, -4, -7, -7, 0,
    0, 0, -4, -4, 0, -7, -7, -7,
    -7, -6, -7, -6, -7, -7, -7, -4,
    -4, 0, -4, -4, -4, -4, 0, 0,
    -7, 0, 0, -7, -7, -7, 0, 0,
    -7, -7, -7, -8, -5, -5, -5, -19,
    -5, -7, -7, -7, -7, -7, -17, -6,
    -22, -6, -14, -10, -10, -13, -13, -14,
    -15, -14, -14, 0, 0, 0, -10, -7,
    0, 0, 0, 0, -7, -16, -16, -5,
    0, -35, -33, -35, -30, -8, -1, -3,
    -5, -29, -11, -8, -3, -6, -3, -13,
    0, 0, 0, 0, 0, -30, -6, -8,
    -8, -33, -8, -8, -6, -8, -4, -5,
    -7, -7, -12, -7, -9, 0, -10, 0,
    0, -19, -20, -19, -20, -3, -19, -6,
    -7, 0, -20, -19, 0, -16, -3, -10,
    -2, -5, -12, -2, -10, 0, 0, 0,
    0, 0, 0, 0, 0, -30, 0, 0,
    0, -19, 0, -30, -30, -30, -8, -6,
    0, 0, 0, 0, 0, -5, -7, 0,
    0, -19, 0, 0, 0, 0, -19, -20,
    -20, -20, 0, -7, -7, 0, 0, 0,
    -20, 0, 0, -10, -10, -10, -10, -2,
    -7, -2, 0, 0, -19, -20, -19, 0,
    -20, -20, 0, -19, 0, 0, -6, 0,
    0, -7, 0, -6, 0, 0, 0, 0,
    -7, -8, -16, -16, -16, -4, -3, -10,
    -10, -10, -10, -10, -7, -5, -7, -2,
    -9, -10, -10, -34, -34, -6, -8, -6,
    0, 0, 0, 0, -13, -21, 0, 0,
    0, 0, -21, -11, -34, -19, -7, -35,
    -15, -35, -24, -4, -10, -20, -19, -12,
    -10, -4, -30, -10, -7, -8, 0, -12,
    0, 0, 0, -22, -8, -4, -4, -29,
    -4, -4, -8, -14, -30, -7, -21, -19,
    -33, -28, -27, 0, -31, 0, 0, -9,
    -6, -6, -6, -5, -5, -8, -9, 0,
    -6, -6, 0, -6, -5, -8, -6, -6,
    -16, -6, -13, 0, 0, 0, 0, 0,
    0, 0, 0, -14, 0, 0, 0, -10,
    0, -22, -22, -22, -4, -8, 0, 0,
    0, 0, 0, -7, -28, 0, -9, -9,
    -9, -9, -9, -9, -9, -6, -6, -6,
    -6, -9, -9, 0, 0, 0, -6, -6,
    0, -8, -8, -8, -8, -6, -9, -6,
    -9, -9, -9, -6, -6, 0, -6, -6,
    -6, -5, 0, 0, -8, 0, 0, -9,
    0, -8, 0, 0, 0, 0, -9, -14,
    -6, -6, -6, -30, -5, -8, -8, -8,
    -8, -8, -19, -6, -28, -6, -27, -13,
    -13, 0, 0, -16, -17, -16, 0, 0,
    0, 0, -11, -35, 0, 0, 0, 0,
    -35, -18, -20, -35, 0, -9, -21, -9,
    -11, -14, -27, -5, -9, -12, -10, -14,
    -24, -9, -12, -8, 0, 0, 0, 0,
    0, -7, -9, -16, -16, -2, -16, -16,
    -9, -11, -35, -15, -35, -31, -8, -35,
    -8, 0, -15, 0, 0, -8, -10, -10,
    -10, -15, -10, 0, -10, 0, -10, -10,
    0, -6, -19, -12, -23, -20, -9, -23,
    -8, 0, 0, 0, 0, 0, 0, 0,
    0, -18, 0, 0, 0, -13, 0, -7,
    -7, -7, -16, -9, 0, 0, 0, 0,
    0, -15, -35, 0, 0, -8, 0, 0,
    0, 0, -8, -10, -10, -10, 0, -10,
    -10, 0, 0, 0, -10, 0, 0, -12,
    -12, -12, -12, -23, -10, -23, 0, 0,
    -8, -10, -10, 0, -10, -10, 0, -10,
    0, 0, -9, 0, 0, -10, 0, 0,
    0, 0, 0, 0, -10, -11, -6, -6,
    -6, -35, -19, -12, -12, -12, -12, -12,
    -31, -20, -35, -23, -8, -8, -8, -22,
    -22, -35, -35, -35, -35, 0, 0, 0,
    -17, -36, 0, -11, 0, 0, -30, -13,
    -35, -33, -15, -21, -11, -21, -21, -7,
    -27, -20, -10, -7, -12, -7, -30, -7,
    -12, -16, 0, 0, 0, -37, 0, -18,
    -10, -7, -7, -24, -7, -7, -10, -11,
    -40, -9, -27, -24, -26, -40, -20, 0,
    -35, 0, 0, -12, -5, -5, -5, -13,
    -5, -11, -11, 0, -5, -5, 0, -11,
    -14, -10, -14, -13, -26, -14, -19, -28,
    0, 0, 0, 0, 0, 0, 0, -11,
    0, 0, 0, -20, 0, -18, -18, -18,
    -7, -10, -10, -10, 0, 0, -7, -9,
    -40, -11, -12, -12, -12, -12, -12, -12,
    -12, -5, -5, -5, -5, -11, -11, -11,
    -11, 0, -5, -5, -5, -10, -10, -10,
    -10, -14, -11, -14, -12, -12, -12, -5,
    -5, -5, -5, -5, -5, -5, -12, -11,
    -10, 0, -10, -11, -11, -11, -3, 0,
    -11, -11, -11, -11, -11, -11, -11, -40,
    -14, -10, -10, -10, -10, -10, -24, -13,
    -40, -14, -20, -19, -19, 0, 0, -29,
    -29, -29, -35, -27, 0, 0, -11, -35,
    0, 0, 0, 0, -35, -18, -20, -35,
    0, -9, -21, -9, -11, -14, -27, -5,
    -9, -12, -10, -14, -24, -9, -12, -8,
    0, 0, 0, -32, 0, -7, -9, -16,
    -16, -2, -16, -16, -9, -11, -35, -15,
    -35, -31, -8, -35, -8, 0, -15, 0,
    0, -8, -10, -10, -10, -15, -10, 0,
    -10, 0, -10, -10, 0, -6, -19, -12,
    -23, -20, -9, -23, -8, 0, 0, 0,
    0, 0, 0, 0, -35, -18, 0, 0,
    -35, -13, 0, -7, -7, -7, -16, -9,
    0, 0, 0, 0, 0, -15, -35, 0,
    0, -8, 0, 0, 0, 0, -8, -10,
    -10, -10, 0, -10, -10, 0, 0, 0,
    -10, 0, 0, -12, -12, -12, -12, -23,
    -10, -23, 0, 0, -8, -10, -10, 0,
    -10, -10, 0, -10, 0, 0, -9, 0,
    0, -10, 0, 0, 0, 0, 0, 0,
    -10, -11, -6, -6, -6, -35, -19, -12,
    -12, -12, -12, -12, -31, -20, -35, -23,
    -8, -8, -8, -22, -22, -35, -35, -35,
    -35, 0, 0, 0, -10, -8, 0, -13,
    -8, 0, -8, -20, -7, -9, -21, -35,
    -27, -35, -36, -13, -7, -10, -12, -23,
    -12, -13, -3, -11, -9, -18, 0, 0,
    0, 0, 0, -32, -7, -14, -14, -27,
    -14, -14, -7, -13, -3, -5, -4, -6,
    -8, -2, -8, 0, -6, 0, 0, -21,
    -19, -19, -19, -11, -19, -7, -8, 0,
    -19, -19, 0, -19, -11, -17, -10, -12,
    -18, -10, -17, 0, 0, 0, 0, 0,
    0, 0, 0, -27, 0, 0, 0, -22,
    0, -32, -32, -32, -14, -7, 0, 0,
    0, 0, -14, -5, -2, -16, -14, -21,
    -14, -14, -14, -14, -21, -19, -19, -19,
    -14, -8, -8, 0, 0, 0, -19, -14,
    -19, -17, -17, -17, -17, -10, -8, -10,
    -14, -14, -21, -19, -19, 0, -19, -19,
    -14, -19, 0, 0, -7, 0, 0, -8,
    -16, -7, 0, 0, -16, -16, -8, -13,
    -19, -19, -19, -3, -11, -17, -17, -17,
    -17, -17, -6, -12, -2, -10, -8, -17,
    -17, -27, -27, -12, -8, -12, 0, 0,
    0, 0, -6, -12, 0, 0, -4, 0,
    -12, -4, -22, -7, -4, -15, -7, -15,
    -15, 3, -1, -2, -2, -2, -1, 4,
    -11, 1, 1, -4, 0, 0, 0, 0,
    0, -11, 0, 3, 3, -9, 3, 3,
    0, -1, -11, 0, -11, -10, -16, -13,
    -10, 0, -17, -12, -28, -2, 0, 0,
    0, 0, 0, -1, -1, 0, 0, 0,
    0, 0, 0, -1, -1, -1, -8, -1,
    -5, -16, -6, 0, 0, 0, 0, 0,
    0, -7, 0, -9, -6, -7, 0, -11,
    -11, -11, 3, 0, 0, 0, 0, -6,
    0, 0, -13, -2, -2, -2, -2, -2,
    -2, -2, -2, 0, 0, 0, 0, -1,
    -1, 2, 0, 0, 0, 0, 0, -1,
    -1, -1, -1, -1, -1, -1, -2, -2,
    -2, 0, 0, 0, 0, 0, 0, 0,
    0, 0, 0, 0, 0, -1, -2, -1,
    0, 0, -2, -2, -1, -1, 0, 0,
    0, -11, 0, -1, -1, -1, -1, -1,
    -10, -1, -13, -1, -10, -5, -5, -7,
    -7, -6, -8, -6, 0, 0, 0, 0,
    -5, -7, 0, 0, -1, 0, -7, -7,
    -10, -6, -8, -9, -10, -9, -9, 0,
    -1, 0, 0, -2, -2, 0, -1, -1,
    1, -4, 0, 0, 0, 0, 0, -4,
    -3, 0, 0, 0, 0, 0, 0, 0,
    0, 0, 0, 0, 0, 0, 0, 0,
    -8, 0, 0, -3, 0, 0, 0, 0,
    0, 0, 0, 0, 0, 0, 0, -1,
    0, 0, 0, 0, -6, 0, 0, -8,
    0, 0, 0, 0, 0, 0, -4, -9,
    0, -6, -5, -9, 0, 0, 0, 0,
    0, 0, 0, 0, 0, -7, 0, 0,
    0, 0, 0, 0, 0, 0, 0, 0,
    0, 0, 0, 0, 0, 0, 0, 0,
    0, 0, 0, 0, 0, 0, 0, 0,
    0, 0, 0, 0, 0, 0, 0, 0,
    0, 0, 0, 0, 0, 0, 0, 0,
    0, 0, 0, 0, 0, 0, 0, 0,
    0, 0, 0, 0, 0, 0, 0, 0,
    0, 0, 0, 0, 0, 0, 0, 0,
    0, 0, 0, 0, 0, -10, -10, -7,
    -7, -7, 0, 0, 0, 0, -1, -6,
    0, 0, 2, 0, -6, -6, -13, -3,
    -8, -3, -16, -3, -3, 1, 2, 3,
    0, -3, 0, 1, -2, 1, 4, -1,
    0, 0, 0, 0, 0, 0, 0, 0,
    0, 0, 0, 0, 0, 0, 0, 0,
    0, 0, 0, 0, 0, 0, -6, 0,
    0, 0, 0, 0, 0, 0, 0, 0,
    0, 0, 0, 0, 0, 0, 0, 0,
    0, 0, 0, 0, 0, 0, 0, 0,
    0, 0, 0, 0, 0, -15, 0, 0,
    0, -5, 0, 0, 0, 0, 0, 0,
    0, 0, 0, 0, 0, 0, 0, 0,
    0, 0, 0, 0, 0, 0, 0, 0,
    0, 0, 0, 0, 0, 0, 0, 0,
    0, 0, 0, 0, 0, 0, 0, 0,
    0, 0, 0, 0, 0, 0, 0, 0,
    0, 0, 0, 0, 0, 0, 0, 0,
    0, 0, 0, 0, 0, 0, 0, 0,
    0, 0, 0, 0, 0, 0, 0, 0,
    0, 0, 0, 0, 0, 0, 0, 0,
    0, 0, 0, -17, -17, -4, -5, -4,
    0, 0, 0, 0, -4, -8, 0, 0,
    -2, 0, -8, -4, -17, -5, -9, -8,
    -7, -8, -10, 2, 0, 1, 2, 0,
    0, 2, -4, 4, 3, -4, 0, 0,
    0, 0, 0, -5, 0, 1, 0, 0,
    0, 0, 0, 0, 0, 0, 0, 0,
    -7, 0, 0, 0, -12, 0, 0, 0,
    0, 0, 0, 0, 0, 0, 0, 0,
    0, 0, 0, 0, 0, 0, 0, 0,
    -7, 0, 0, -11, 0, 0, 0, 0,
    0, 0, -4, -5, 0, -5, -4, -9,
    0, 0, 0, 0, 0, 0, 0, 0,
    0, -4, 0, 0, 0, 0, 0, 0,
    0, 0, 0, 0, 0, 0, 0, 0,
    0, 0, 0, 0, 0, 0, 0, 0,
    0, 0, 0, 0, 0, 0, 0, 0,
    0, 0, 0, 0, 0, 0, 0, 0,
    0, 0, 0, 0, 0, 0, 0, 0,
    0, 0, 0, 0, 0, 0, 0, 0,
    0, 0, 0, 0, 0, 0, 0, 0,
    0, 0, 0, 0, 0, 0, 0, 0,
    0, -7, -7, -6, -7, -6, 0, 0,
    0, 0, -7, -14, 0, 0, -8, 0,
    -14, -6, -16, -13, -12, -8, -8, -8,
    -10, 0, -6, -1, 0, 1, 0, 0,
    -8, 1, 0, -6, 0, 0, 0, 0,
    0, -5, 0, 0, 0, 0, 0, 0,
    0, 0, -9, 0, -9, -9, -8, -9,
    0, 0, -15, 0, 0, 0, 0, 0,
    0, 0, 0, 0, 0, 0, 0, 0,
    0, 0, -5, 0, 0, 0, -11, -6,
    0, -12, 0, 0, 0, 0, 0, 0,
    -11, -4, 0, -13, -12, -10, 0, 0,
    0, 0, 0, 0, 0, 0, 0, -4,
    0, 0, 0, 0, 0, 0, 0, 0,
    0, 0, 0, 0, 0, 0, 0, 0,
    0, 0, 0, 0, 0, 0, 0, 0,
    0, 0, 0, 0, 0, 0, 0, 0,
    0, 0, 0, 0, 0, 0, 0, 0,
    0, 0, 0, 0, 0, 0, 0, 0,
    0, 0, 0, 0, 0, 0, 0, 0,
    0, 0, 0, 0, 0, 0, 0, 0,
    0, 0, 0, 0, 0, 0, 0, -8,
    -8, -13, -13, -13, 0, 0, 0, 0,
    -6, -11, 0, 0, -8, 0, -11, -5,
    -12, -11, -7, -9, -6, -9, -11, 0,
    -7, -3, 0, 0, 0, 0, -3, 0,
    -1, -6, 0, 0, 0, 0, 0, -6,
    0, 0, 0, 0, 0, 0, 0, 0,
    0, 0, 0, 0, 0, 0, 0, 0,
    -11, -21, 0, 0, 0, 0, 0, 0,
    0, 0, 0, 0, 0, 0, 0, 0,
    -5, 0, -6, 0, -11, 0, 0, -10,
    0, 0, 0, 0, 0, 0, -11, -5,
    0, -11, -10, -10, 0, 0, 0, 0,
    0, 0, 0, 0, 0, -6, 0, 0,
    0, 0, 0, 0, 0, 0, 0, 0,
    0, 0, 0, 0, 0, 0, 0, 0,
    0, 0, 0, 0, 0, 0, 0, 0,
    0, 0, 0, 0, 0, 0, 0, 0,
    0, 0, 0, 0, 0, 0, 0, 0,
    0, 0, 0, 0, 0, 0, 0, 0,
    0, 0, 0, 0, 0, 0, 0, 0,
    0, 0, 0, 0, 0, 0, 0, 0,
    0, 0, 0, 0, 0, -6, -6, -13,
    -11, -13, 0, 0, 0, 0, -4, -9,
    0, 0, -3, 0, -9, -4, -18, -6,
    -8, -9, -5, -9, -10, 2, 0, 1,
    2, 0, 0, 3, -4, 4, 2, -5,
    0, 0, 0, 0, 0, -6, 0, 0,
    0, 0, 0, 0, 0, 0, -5, 0,
    0, 0, 0, 0, 0, 0, -13, 0,
    0, 0, 0, 0, 0, 0, 0, 0,
    0, 0, 0, 0, 0, 0, 0, 0,
    0, 0, -7, 0, 0, 0, 0, 0,
    0, 0, 0, 0, 0, -4, 0, -5,
    -4, -10, 0, 0, 0, 0, 0, 0,
    0, 0, 0, 0, 0, 0, 0, 0,
    0, 0, 0, 0, 0, 0, 0, 0,
    0, 0, 0, 0, 0, 0, 0, 0,
    0, 0, 0, 0, 0, 0, 0, 0,
    0, 0, 0, 0, 0, 0, 0, 0,
    0, 0, 0, 0, 0, 0, 0, 0,
    0, 0, 0, 0, 0, 0, 0, 0,
    0, 0, 0, 0, 0, 0, 0, 0,
    0, 0, 0, 0, 0, 0, 0, 0,
    0, 0, 0, -6, -6, -7, -8, -7,
    0, 0, 0, 0, -5, -2, 0, 0,
    -2, 0, -2, -15, -6, -2, -20, -35,
    -28, -35, -30, -6, 0, -1, -3, -23,
    -6, -6, 2, -4, -2, -16, 0, 0,
    0, 0, 0, -28, -1, -7, -7, -24,
    -7, -7, -1, -6, 1, 0, 0, 0,
    -1, 1, -1, 0, -3, 0, -34, -21,
    -19, -19, -19, -7, -18, -2, -3, 0,
    -19, -19, 0, -18, -7, -14, -8, -9,
    -15, -8, -14, 0, -25, 0, 0, 0,
    0, 0, 0, -28, 0, -2, 0, -21,
    0, -28, -28, -28, -7, -1, 0, 0,
    0, -12, 0, 0, 1, -15, -17, -21,
    -17, -17, -17, -17, -21, -19, -19, -19,
    -12, -3, -3, 0, 0, 0, -19, -12,
    0, -14, -14, -14, -14, -8, -3, -8,
    -17, -17, -21, -19, -19, 0, -19, -19,
    -12, -18, 0, 0, -1, 0, 0, -3,
    -15, -2, 0, 0, -15, -15, -3, -6,
    -18, -18, -18, 1, -7, -14, -14, -14,
    -14, -14, 0, -9, 1, -8, -1, -14,
    -14, -29, -29, -4, -2, -4, 0, 0,
    0, 0, -5, -9, 0, 0, -3, 0,
    -9, -5, -18, -6, -10, -9, -7, -9,
    -11, 1, 0, 0, 1, 0, 0, 1,
    -5, 3, 2, -5, 0, 0, 0, 0,
    0, -6, 0, 0, 0, 0, 0, 0,
    0, 0, -6, 0, 0, 0, 0, 0,
    0, 0, -13, 0, 0, 0, 0, 0,
    0, 0, 0, 0, 0, 0, 0, 0,
    0, 0, -2, 0, 0, 0, -7, 0,
    0, 0, 0, 0, 0, 0, 0, 0,
    0, -5, 0, -6, -4, -10, 0, 0,
    0, 0, 0, 0, 0, 0, 0, 0,
    0, 0, 0, 0, 0, 0, 0, 0,
    0, 0, 0, 0, 0, 0, 0, 0,
    0, 0, 0, 0, 0, 0, 0, 0,
    0, 0, 0, 0, 0, 0, 0, 0,
    0, 0, 0, 0, 0, 0, 0, 0,
    0, 0, 0, 0, 0, 0, 0, 0,
    0, 0, 0, 0, 0, 0, 0, 0,
    0, 0, 0, 0, 0, 0, 0, 0,
    0, 0, 0, 0, 0, 0, 0, -8,
    -8, -7, -8, -7, 0, 0, 0, 0,
    -6, -12, 0, 0, -4, 0, -12, -4,
    -22, -7, -4, -15, -7, -15, -15, 3,
    -1, -2, -1, -2, -1, 3, -10, 1,
    2, -4, 0, 0, 0, 0, 0, -11,
    0, 3, 3, -9, 3, 3, 0, -1,
    -11, 0, -11, -10, -16, -13, -10, 0,
    -17, 0, -27, -2, 0, 0, 0, 0,
    0, -1, -1, 0, 0, 0, 0, 0,
    0, -1, -1, -1, -8, -1, -5, -15,
    0, 0, 0, 0, 0, 0, 0, -7,
    0, -8, -5, -7, 0, -11, -11, -11,
    3, 0, 0, 0, 0, -6, 0, 0,
    -13, -2, -2, -2, -2, -2, -2, -2,
    -2, 0, 0, 0, 0, -1, -1, 0,
    0, 0, 0, 0, 0, -1, -1, -1,
    -1, -1, -1, -1, -2, -2, -2, 0,
    0, 0, 0, 0, 0, 0, 0, 0,
    0, 0, 0, -1, -2, -1, 0, 0,
    -2, -2, -1, -1, 0, 0, 0, -11,
    0, -1, -1, -1, -1, -1, -10, -1,
    -13, -1, -10, -5, -5, -7, -7, -6,
    -8, -6, 0, 0, 0, 0, 0, -16,
    0, 0, 0, 0, 0, -10, -19, 0,
    0, 0, 0, 0, 0, -4, -6, 0,
    -7, -8, -6, 0, -22, 0, 0, 0,
    0, 0, 0, 0, 0, 0, 0, 0,
    0, 0, 0, 0, 0, 0, -31, 0,
    -18, 0, 0, -23, 0, 0, 0, 0,
    0, 0, 0, 0, 0, 0, 0, 0,
    0, 0, 0, 0, 0, 0, 0, 0,
    0, 0, 0, 0, 0, 0, 0, 0,
    0, 0, 0, 0, 0, 0, 0, 0,
    0, 0, 0, 0, 0, 0, 0, 0,
    0, 0, 0, 0, 0, 0, 0, 0,
    0, 0, 0, 0, 0, 0, 0, 0,
    0, 0, 0, 0, 0, 0, 0, 0,
    0, 0, 0, 0, 0, 0, 0, 0,
    0, 0, 0, 0, 0, 0, 0, 0,
    0, 0, 0, 0, 0, 0, 0, 0,
    0, 0, 0, 0, 0, 0, 0, 0,
    0, 0, 0, 0, 0, 0, 0, 0,
    0, 0, 0, 0, 0, 0, 0, 0,
    0, 0, 0, 0, 0, 0, 0, 0,
    0, 0, 0, 0, 0, 0, 0, 0,
    0, 0, 0, 0, -13, 0, 0, 0,
    0, 0, 0, 0, 0, 0, 0, 0,
    0, 0, 0, 0, 0, 0, 0, 0,
    0, 0, 0, 0, 0, 0, 0, 0,
    0, 0, 0, 0, 0, 0, 0, 0,
    0, 0, 0, 0, 0, 0, 0, 0,
    0, 0, 0, 0, 0, 0, 0, 0,
    0, 0, 0, 0, 0, 0, 0, 0,
    0, 0, 0, 0, 0, 0, 0, 0,
    0, 0, 0, 0, 0, 0, 0, 0,
    0, 0, 0, 0, 0, 0, 0, 0,
    0, 0, 0, 0, 0, 0, 0, 0,
    0, 0, 0, 0, 0, 0, 0, 0,
    0, 0, 0, 0, 0, 0, 0, 0,
    0, 0, 0, 0, 0, 0, 0, 0,
    0, 0, 0, 0, 0, 0, 0, 0,
    0, 0, 0, 0, 0, 0, 0, 0,
    0, 0, 0, 0, 0, 0, 0, 0,
    0, 0, 0, 0, 0, 0, 0, 0,
    0, 0, 0, 0, 0, 0, 0, 0,
    0, 0, 0, 0, 0, 0, 0, 0,
    0, 0, 0, 0, 0, 0, 0, 0,
    0, 0, -25, 0, 0, 0, 0, 0,
    0, 0, 0, 0, 0, 0, 0, 0,
    0, 0, 0, 0, -13, 0, 0, 0,
    0, 0, 0, 0, 0, -13, 0, 0,
    0, 0, -13, 0, 0, 0, -19, -15,
    -12, 0, 0, 0, 0, 0, 0, 0,
    0, 0, 0, 0, 0, 0, 0, 0,
    0, 0, 0, 0, 0, 0, 0, 0,
    0, 0, 0, 0, 0, 0, 0, 0,
    0, 0, 0, 0, 0, 0, 0, 0,
    0, 0, 0, 0, 0, 0, 0, 0,
    0, 0, 0, 0, 0, 0, 0, 0,
    0, 0, 0, 0, 0, 0, 0, 0,
    0, 0, 0, 0, 0, 0, 0, 0,
    0, 0, 0, 0, 0, 0, 0, 0,
    0, 0, 0, 0, 0, 0, 0, 0,
    0, 0, 0, 0, 0, 0, 0, 0,
    0, 0, 0, 0, 0, 0, 0, 0,
    0, 0, 0, 0, 0, 0, 0, 0,
    0, 0, 0, 0, 0, 0, 0, 0,
    0, 0, 0, 0, 0, 0, 0, 0,
    0, -13, 0, 0, 0, 0, -13, -10,
    -28, 0, 0, 0, 0, 0, 0, 0,
    -4, 0, -7, -5, -7, 0, -19, 0,
    0, 0, 0, -5, 0, 0, 0, -17,
    -6, 0, 0, -25, 0, 0, 0, -6,
    -23, 0, -16, -15, -24, -20, -19, 0,
    -28, 0, 0, -10, 0, 0, 0, 0,
    0, 0, 0, 0, 0, 0, 0, -7,
    0, 0, 0, 0, -10, 0, 0, 0,
    0, 0, 0, 0, 0, 0, 0, 0,
    0, 0, 0, 0, 0, 0, 0, 0,
    0, 0, 0, 0, 0, 0, 0, 0,
    0, 0, 0, 0, 0, 0, 0, 0,
    0, 0, 0, 0, 0, 0, 0, 0,
    0, 0, 0, 0, 0, 0, 0, 0,
    0, 0, 0, 0, 0, 0, 0, 0,
    0, 0, 0, 0, 0, 0, 0, 0,
    0, 0, 0, 0, 0, 0, 0, 0,
    0, 0, 0, 0, 0, 0, 0, 0,
    0, 0, 0, 0, 0, 0, 0, 0,
    0, 0, 0, 0, 0, 0, 0, 0,
    0, 0, 0, 0, 0, 0, 0, 0,
    0, 0, 0, 0, 0, 0, -33, 0,
    0, 0, 0, 0, 0, 0, 0, 0,
    0, 0, 0, 0, -33, 0, 0, 0,
    0, 0, -13, 0, 0, -22, 0, 0,
    0, -34, 0, 0, 0, -14, -36, 0,
    -20, -18, -31, -28, -27, 0, 0, 0,
    0, 0, 0, 0, 0, 0, 0, 0,
    0, 0, 0, 0, 0, 0, 0, 0,
    0, 0, -15, 0, 0, 0, 0, 0,
    0, 0, 0, 0, 0, 0, 0, 0,
    0, 0, 0, 0, 0, 0, 0, 0,
    0, 0, 0, 0, 0, 0, 0, 0,
    0, 0, 0, 0, 0, 0, 0, 0,
    0, 0, 0, 0, 0, 0, 0, 0,
    0, 0, 0, 0, 0, 0, 0, 0,
    0, 0, 0, 0, 0, 0, 0, 0,
    0, 0, 0, 0, 0, 0, 0, 0,
    0, 0, 0, 0, 0, 0, 0, 0,
    0, 0, 0, 0, 0, 0, 0, 0,
    0, 0, 0, 0, 0, 0, 0, 0,
    0, 0, 0, 0, 0, 0, 0, 0,
    0, 0, 0, 0, -6, -5, 0, 0,
    0, 0, -5, -12, -16, -2, 0, -28,
    -24, -28, -25, 0, 0, 0, 0, 0,
    0, 0, 0, 0, 0, -7, 0, 0,
    0, 0, 0, -23, -3, -4, -4, -22,
    -4, -4, -3, -5, -2, -2, -5, -6,
    -10, -6, -8, 0, -10, 0, 0, -13,
    -13, -13, -13, -1, -12, -3, -4, 0,
    -13, -13, 0, -10, -1, -6, 0, 0,
    -7, 0, -6, 0, 0, 0, 0, 0,
    0, 0, 0, -26, 0, 0, 0, -14,
    0, -23, -23, -23, -4, -3, 0, 0,
    0, 0, 0, -2, -6, 0, 0, -13,
    0, 0, 0, 0, -13, -13, -13, -13,
    0, -4, -4, 0, 0, 0, -13, 0,
    0, -6, -6, -6, -6, 0, -4, 0,
    0, 0, -13, -13, -13, 0, -13, -13,
    0, -12, 0, 0, -3, 0, 0, -4,
    0, -3, 0, 0, 0, 0, -4, -5,
    -10, -10, -10, -2, -1, -6, -6, -6,
    -6, -6, -6, 0, -6, 0, -8, -6,
    -6, -25, -25, -3, -4, -3, 0, 0,
    0, 0, 0, 0, 0, 0, 0, 0,
    0, 0, -22, 0, 0, 0, 0, 0,
    0, 0, 0, 0, 0, 0, 0, 0,
    0, 0, 0, 0, 0, 0, 0, 0,
    0, -17, 0, 0, 0, -21, 0, 0,
    0, 0, -13, 0, 0, 0, -17, 0,
    -14, 0, 0, 0, 0, -7, 0, -4,
    0, 0, -3, 0, 0, 0, 0, 0,
    0, -4, 0, 0, 0, 0, 0, 0,
    0, 0, 0, 0, 0, 0, 0, 0,
    0, 0, 0, 0, 0, 0, 0, 0,
    0, 0, 0, 0, 0, 0, 0, 0,
    0, 0, 0, 0, 0, 0, 0, 0,
    0, 0, 0, 0, 0, 0, 0, 0,
    0, 0, 0, 0, 0, 0, 0, 0,
    0, 0, 0, 0, 0, 0, 0, 0,
    0, 0, 0, 0, 0, 0, 0, 0,
    0, 0, 0, 0, 0, 0, 0, 0,
    0, 0, 0, 0, 0, 0, 0, 0,
    0, 0, 0, 0, 0, 0, 0, 0,
    0, 0, 0, 0, 0, 0, 0, 0,
    0, 0, 0, 0, 0, 0, 0, 0,
    -8, -31, 0, -10, 0, -7, -31, -14,
    -16, -30, -22, -7, -18, -7, -6, -9,
    -19, 0, -7, -7, -7, -9, -19, -6,
    -8, -5, -22, -17, 0, -27, 0, 0,
    -4, -12, -12, 0, -12, -12, -4, -9,
    -30, -11, -30, -28, -1, -32, -2, -31,
    -9, -30, -13, -6, -8, -7, -8, -11,
    -6, -6, -6, 0, -8, -7, 0, -5,
    -15, -9, -18, -17, -1, -18, -3, 0,
    -20, 0, 0, 0, 0, 0, 0, -16,
    0, 0, 0, -12, 0, 0, 0, 0,
    -12, -4, -4, -4, 0, -17, 0, -11,
    -32, -6, -6, -6, -6, -6, -6, -6,
    -6, -8, -8, -8, -7, -6, -6, -6,
    -6, -8, -8, -7, 0, -9, -9, -9,
    -9, -18, -6, -18, -6, -6, -6, -8,
    -7, 0, -8, -8, -7, -6, 0, -6,
    -4, 0, 0, -6, -6, -6, 0, -6,
    -6, -6, -6, -9, -5, -5, -5, -30,
    -15, -9, -9, -9, -9, -9, -28, -17,
    -32, -18, -2, -3, -3, -19, -19, -28,
    -29, -28, -28, 0, 0, 0, -4, -9,
    0, 0, 0, 0, -9, -5, -18, -6,
    -10, -9, -8, -9, -10, 1, 0, 0,
    0, 0, 0, 1, -5, 3, 2, -5,
    0, 0, 0, -6, 0, -6, 0, 1,
    1, 0, 1, 1, 0, 1, -6, 0,
    -7, -8, -7, -10, -3, 0, -12, 0,
    -23, -2, 0, 0, 0, -2, 0, -1,
    -1, 0, 0, 0, 0, -1, -2, -1,
    -1, -2, -7, -1, -4, -12, 0, 0,
    0, 0, 0, 0, 0, -5, 0, 0,
    0, -10, 0, -6, -6, -6, 1, 0,
    0, 0, 0, 0, 0, 0, -10, -1,
    -2, -2, -2, -2, -2, -2, -2, 0,
    0, 0, 0, -1, -1, 4, 3, 0,
    0, 0, 0, -1, -1, -1, -1, -1,
    -1, -1, -2, -2, -2, 0, 0, 0,
    0, 0, 0, 0, 0, 2, 0, 2,
    0, -1, -1, -1, 0, 0, -1, -1,
    -1, 1, -1, -1, -1, -6, -2, -1,
    -1, -1, -1, -1, -8, -2, -10, -1,
    -3, -4, -4, -8, -8, -7, -8, -7,
    -8, 0, 0, 0, -6, -10, 0, 0,
    0, 0, -10, -7, -22, -6, -11, -13,
    -10, -13, -14, 1, -1, 0, 0, 0,
    0, 1, -10, 0, 0, -5, 0, -4,
    0, -6, 0, -9, 0, -1, -1, -6,
    -1, -1, 0, 0, -11, -1, -9, -9,
    -14, -14, -9, 0, -16, 0, -28, -5,
    -1, -1, -1, 0, -1, -2, -3, 0,
    -1, -1, 0, -4, 0, -3, 0, -1,
    -7, 0, -5, -15, 0, 0, 0, 0,
    0, 0, 0, -6, 0, 0, 0, -8,
    0, -9, -9, -9, -1, 0, 0, 0,
    0, 0, 0, -1, -14, -4, -4, -5,
    -4, -4, -4, -4, -5, -1, -1, -1,
    -1, -3, -3, 2, 0, 0, -1, -1,
    0, -3, -3, -3, -3, 0, -3, 0,
    -4, -4, -5, -1, -1, 0, -1, -1,
    -1, -1, 0, 0, 0, 0, 0, -3,
    -4, -2, 0, 0, -4, -4, -3, 0,
    -4, -4, -4, -11, 0, -3, -3, -3,
    -3, -3, -9, -1, -14, 0, -9, -5,
    -5, -10, -10, -5, -7, -5, -6, 0,
    0, 0, -6, -13, 0, 0, 0, -2,
    -13, -5, -26, -9, -4, -16, -7, -16,
    -15, 3, -1, 0, -3, 0, 0, 3,
    -14, 0, 0, -5, 0, 0, 0, -10,
    0, -12, 0, 1, 1, -12, 1, 1,
    0, -1, -15, 0, -12, -11, -18, -16,
    -12, 0, -20, 0, -33, -3, -1, -1,
    -1, 0, -1, -1, -2, 0, -1, -1,
    0, -1, 0, -1, -1, -2, -8, -1,
    -5, -18, 0, 0, 0, 0, 0, 0,
    0, -7, 0, 0, 0, -7, 0, -12,
    -12, -12, 1, 0, 0, 0, 0, 0,
    0, 0, -16, -2, -3, -3, -3, -3,
    -3, -3, -3, -1, -1, -1, -1, -2,
    -2, 2, 0, 0, -1, -1, 0, -1,
    -1, -1, -1, -1, -2, -1, -3, -3,
    -3, -1, -1, 0, -1, -1, -1, -1,
    0, 0, 0, 0, 0, -2, -2, -1,
    0, 0, -2, -2, -2, -1, -1, -1,
    -1, -15, 0, -1, -1, -1, -1, -1,
    -11, -2, -16, -1, -12, -5, -5, -7,
    -7, -8, -9, -8, -8, 0, 0, 0,
    -7, -8, 0, 0, 0, -7, -8, -14,
    -10, -9, -12, -8, -18, -8, -8, -7,
    -5, 0, -7, -7, -6, -7, 0, -6,
    -6, -7, 0, -15, 0, -11, -9, -3,
    -4, -8, -8, 1, -8, -8, -4, -8,
    -2, -5, -4, -6, -3, -3, -3, 0,
    -8, -19, -14, -7, -8, -8, -8, -8,
    -8, -3, -3, 0, -8, -8, 0, -5,
    -9, -9, -10, -10, -6, -10, -5, 0,
    -15, 0, 0, 0, 0, 0, 0, -17,
    0, 0, 0, -10, 0, -3, -3, -3,
    -8, -4, 0, -3, 0, -18, -5, -5,
    -3, -8, -6, -7, -6, -6, -6, -6,
    -7, -8, -8, -8, -7, -3, -3, 0,
    4, -9, -8, -7, 0, -9, -9, -9,
    -9, -10, -3, -10, -6, -6, -7, -8,
    -8, 0, -8, -8, -7, -8, 0, 0,
    -4, 0, 0, -3, -8, -3, 0, 0,
    -8, -8, -3, -8, -5, -5, -5, -2,
    -9, -9, -9, -9, -9, -9, -6, -10,
    -3, -10, -3, -5, -5, -18, -18, -11,
    -9, -11, -8, 0, 0, 0, -8, -5,
    -10, 0, 0, -10, -5, -12, -9, -6,
    -10, -33, -14, -33, -23, -4, -4, 0,
    -7, -9, -9, -4, 0, -6, -5, -12,
    0, -12, 0, -9, 0, -19, -2, -5,
    -5, -29, -5, -5, -2, -9, 0, -2,
    -1, -2, -4, -1, -4, 0, -6, -17,
    -55, -12, -5, -6, -5, -8, -6, -3,
    -3, 0, -5, -6, 0, -8, -8, -10,
    -10, -9, -20, -10, -16, 0, 0, 0,
    0, 0, 0, 0, 0, -13, 0, 0,
    0, -14, 0, -19, -19, -19, -5, -2,
    0, 0, 0, 0, -5, -2, -1, -11,
    -11, -12, -11, -11, -10, -11, -12, -5,
    -5, -5, -5, 2, -3, 1, 7, 0,
    -5, -5, -5, -10, -10, -10, -10, -10,
    -3, -10, -11, -11, -12, -5, -6, 0,
    -5, -5, -5, -6, 0, 0, -2, 0,
    0, -3, -11, -3, 0, 0, -11, -11,
    -3, -9, -8, -8, -8, 0, -8, -10,
    -10, -10, -10, -10, -2, -9, -1, -10,
    -4, -16, -16, -14, -14, -8, -6, -8,
    -5, 0, 0, 0, -5, -13, 0, 0,
    0, 0, -13, -5, -23, -9, -7, -10,
    -8, -10, -12, 1, -1, 0, 0, 0,
    0, 1, -11, 0, 0, -6, 0, 0,
    0, -9, 0, -6, -1, 0, 0, -2,
    0, 0, -1, 0, -13, 0, -11, -10,
    -9, -14, -5, 0, -17, 0, -25, -2,
    1, 2, 1, -2, 1, -1, -2, 0,
    1, 2, 0, -1, -2, -1, -1, -2,
    -8, -1, -5, -16, 0, 0, 0, 0,
    0, 0, 0, -7, 0, 0, 0, -9,
    0, -6, -6, -6, 0, -1, 0, 0,
    0, 0, 0, 0, -14, -2, -2, -2,
    -2, -2, -2, -2, -2, 1, 1, 1,
    1, -2, -2, 1, 0, 0, 1, 1,
    0, -1, -1, -1, -1, -1, -2, -1,
    -2, -2, -2, 1, 2, 0, 1, 1,
    1, 1, 0, 0, -1, 0, 0, -2,
    -2, -1, 0, 0, -2, -2, -2, 0,
    -1, -1, -1, -13, -2, -1, -1, -1,
    -1, -1, -10, -2, -14, -1, -5, -5,
    -5, -8, -8, -8, -10, -8, -9, 0,
    0, 0, -6, -6, 0, 0, 0, 0,
    -6, -6, -10, -5, -8, -12, -10, -12,
    -13, 0, 0, 0, 0, 0, 0, 0,
    0, 0, 0, -4, 0, 0, 0, -6,
    0, -8, -3, 0, 0, -3, 0, 0,
    -3, -1, -2, -1, -3, -3, -5, -2,
    -4, 0, -8, 0, -23, -3, 0, 0,
    0, 0, 0, -1, -2, 0, 0, 0,
    0, -1, 0, -2, -1, -1, -8, -1,
    -5, 0, 0, 0, 0, 0, 0, 0,
    0, -8, 0, 0, 0, -9, 0, -8,
    -8, -8, 0, -3, 0, 0, 0, 0,
    0, -1, -2, -4, -2, -3, -2, -2,
    -2, -2, -3, 0, 0, 0, 0, -2,
    -2, 3, 6, 0, 0, 0, 0, -2,
    -2, -2, -2, -1, -2, -1, -2, -2,
    -3, 0, 0, 0, 0, 0, 0, 0,
    0, 0, -3, 0, 0, -2, -4, -1,
    0, 0, -4, -4, -2, -1, -1, -1,
    -1, -2, 0, -2, -2, -2, -2, -2,
    -3, -1, -2, -1, -4, -5, -5, -10,
    -10, -7, -7, -7, -6, 0, 0, 0,
    -8, -10, 0, -15, 0, -13, -10, -20,
    -8, -14, -40, -9, -30, -9, -7, -15,
    -13, 0, -10, -17, -11, -15, 0, -10,
    -11, -6, -42, -29, -23, -16, -21, 0,
    -3, -19, -19, 0, -19, -19, -3, -13,
    -2, -6, -2, -4, 0, -3, -2, 0,
    -6, -25, -12, -9, -15, -14, -15, -13,
    -10, -5, -6, 0, -15, -14, -4, -10,
    -20, -13, -23, -21, 0, -23, -4, 0,
    -39, 0, 0, 0, 0, 0, 0, -26,
    -22, 0, 0, -14, 0, 0, 0, 0,
    -19, -3, 0, 0, 0, 0, 0, -6,
    -3, -8, -9, -9, -9, -9, -8, -9,
    -9, -15, -15, -15, -14, 3, -6, -1,
    0, 0, -15, -14, -5, -13, -13, -13,
    -13, -23, -6, -23, -9, -9, -9, -15,
    -14, 0, -15, -15, -14, -10, 0, 0,
    -3, 0, 0, -6, -8, -5, 0, -8,
    -8, -8, -2, -13, -10, -10, -10, -2,
    -20, -13, -13, -13, -13, -13, -4, -21,
    -3, -23, -2, -4, -4, -30, -30, -15,
    -10, -15, -10, 0, 0, 0, -8, -53,
    0, 0, 0, -9, -33, -17, -18, -54,
    -35, -7, -30, -7, -7, -13, -24, 0,
    -8, -8, -8, -13, -20, -7, -10, -6,
    -49, -36, -17, -29, -16, -2, -5, -16,
    -16, 1, -16, -16, -5, -10, -34, -14,
    -35, -28, -2, -37, -3, -35, -12, -61,
    -13, -6, -10, -9, -10, -14, -9, -7,
    -7, 0, -10, -9, 0, -6, -18, -10,
    -23, -19, -5, -23, -4, 0, -51, 0,
    0, 0, 0, 0, -49, -19, -17, 0,
    0, -12, 0, -2, -2, -2, -16, -5,
    -5, 0, 0, -22, -6, -14, -37, -7,
    -6, -6, -6, -6, -6, -6, -6, -10,
    -10, -10, -11, -7, -7, -7, -7, 0,
    -10, -11, -4, -10, -10, -10, -10, -23,
    -7, -23, -6, -6, -6, -10, -9, 0,
    -10, -10, -11, -9, 0, 0, -5, -7,
    -4, -7, -7, -7, 0, 0, -7, -7,
    -7, -10, -6, -6, -6, -34, -18, -10,
    -10, -10, -10, -10, -28, -19, -37, -23,
    -3, -4, -4, -36, -36, -33, -35, -33,
    -52, 0, 0, 0, -6, -13, 0, 0,
    0, 0, -13, -4, -25, -8, -4, -16,
    -7, -16, -15, 3, -1, 0, 0, 0,
    0, 3, -13, 0, 0, -4, 0, 0,
    0, -10, 0, -12, 0, 1, 1, -11,
    1, 1, 0, -1, -14, 0, -12, -10,
    -17, -16, -12, 0, -20, -12, -31, -3,
    -1, 0, -1, 0, -1, -1, -2, 0,
    -1, 0, 0, 0, 0, -1, -1, -1,
    -8, -1, -5, -17, 0, 0, 0, 0,
    0, 0, 0, -7, 0, 0, 0, -7,
    0, -12, -12, -12, 1, 0, 0, 0,
    0, 0, 0, 0, -16, -2, -3, -3,
    -3, -3, -3, -3, -3, -1, -1, -1,
    -1, -2, -2, 2, 1, 0, -1, -1,
    0, -1, -1, -1, -1, -1, -2, -1,
    -3, -3, -3, -1, 0, 0, -1, -1,
    -1, -1, 0, 0, 0, 0, 0, -2,
    -2, -1, 0, 0, -2, -2, -2, -1,
    0, 0, 0, -14, 0, -1, -1, -1,
    -1, -1, -10, -1, -16, -1, -12, -5,
    -5, -7, -7, -7, -9, -7, -8, 0,
    0, 0, -6, -6, 0, 0, 0, -11,
    -6, -9, -19, -3, -7, -35, -18, -35,
    -23, -1, 2, 0, 0, -15, -4, -1,
    -3, 0, 0, -4, 0, 0, 0, -2,
    0, -21, -1, -1, -1, -28, -1, -1,
    -1, -4, -4, -1, -6, -6, -13, -9,
    -10, 0, -14, 0, -60, -8, -7, -7,
    -7, 0, -7, -2, -2, 0, -7, -7,
    0, -5, 0, -4, 0, 0, -6, 0,
    -4, 0, 0, 0, 0, 0, 0, 0,
    0, -19, 0, 0, 0, -10, 0, -21,
    -21, -21, -1, -1, 0, 0, 0, 0,
    0, -1, -9, -5, -8, -8, -8, -8,
    -8, -8, -8, -7, -7, -7, -6, -2,
    -2, 4, 2, 0, -7, -6, 0, -4,
    -4, -4, -4, 0, -2, 0, -8, -8,
    -8, -7, -7, 0, -7, -7, -6, -7,
    0, 0, -1, 0, 0, -2, -5, -2,
    0, 0, -5, -5, -2, -4, -5, -5,
    -5, -4, 0, -4, -4, -4, -4, -4,
    -6, 0, -9, 0, -10, -4, -4, -18,
    -18, -4, -4, -4, -4, 0, 0, -49,
    -2, -15, 0, 0, 0, 0, -15, -4,
    -12, -10, -6, -3, -9, -3, -2, 1,
    -1, 0, 0, 0, 0, 1, -11, 0,
    0, 0, 0, 0, 0, -11, 0, 0,
    1, 0, 0, 4, 0, 0, 1, -1,
    -15, -1, -13, -13, 0, -17, 1, 0,
    -5, 0, -12, 0, 2, 1, 2, 0,
    2, 1, 1, 0, 2, 1, 0, 1,
    -1, 1, -2, -2, 0, -2, 0, 0,
    0, 0, 0, 0, 0, 0, 0, -8,
    0, 0, 0, -4, 0, 0, 0, 0,
    0, 1, 0, 0, 0, 0, 0, -1,
    -17, 1, 0, 0, 0, 0, 0, 0,
    0, 2, 2, 2, 2, 1, 1, 4,
    1, 0, 2, 2, 0, 1, 1, 1,
    1, -2, 1, -2, 0, 0, 0, 2,
    1, 4, 2, 2, 2, 2, 0, 0,
    1, 0, 0, 1, 1, 1, 0, 0,
    1, 1, 1, -1, 1, 1, 1, -15,
    -1, 1, 1, 1, 1, 1, -13, -2,
    -17, -2, 1, 0, 0, -9, -9, -9,
    -11, -9, -10, 0, 0, 0, -5, -9,
    0, 0, 0, -9, -9, -9, -14, -5,
    -12, -7, -20, -7, -4, -2, 0, 0,
    0, 0, 0, -2, 0, 0, 0, -3,
    0, 0, 0, -6, 0, 0, 0, -3,
    -3, 0, -3, -3, 0, -5, -7, -3,
    -8, -8, 0, -12, -1, 0, -5, 0,
    -12, -6, -8, -7, -8, -1, -6, -2,
    -3, 0, -8, -7, 0, -5, -1, -5,
    -1, -2, 0, -1, -2, 0, 0, 0,
    0, 0, 0, 0, 0, -21, 0, 0,
    0, -9, 0, 0, 0, 0, -3, 0,
    0, 0, 0, 0, 0, -3, -12, -4,
    -6, -6, -6, -6, -6, -6, -6, -8,
    -8, -8, -7, -3, -3, 4, 2, 0,
    -8, -7, 0, -5, -5, -5, -5, -1,
    -3, -1, -6, -6, -6, -8, -7, 0,
    -8, -8, -7, -6, 0, 0, 0, 0,
    0, -3, -4, -2, 0, 0, -4, -4,
    -3, -5, -5, -5, -5, -7, -1, -5,
    -5, -5, -5, -5, -8, -2, -12, -1,
    -1, -2, -2, -20, -20, -7, -8, -7,
    -7, 0, 0, 0, -5, -9, 0, 0,
    0, 0, -9, -4, -18, -6, -11, -8,
    -6, -8, -10, 2, 0, 0, 2, 0,
    0, 2, 0, 5, 0, -5, 0, 0,
    0, -4, 0, -5, 0, 0, 0, 0,
    0, 0, 0, 0, -5, 0, -8, -7,
    -7, -11, -3, 0, -13, 0, -23, 0,
    -1, 0, -1, -1, 0, -1, 0, 0,
    -1, 0, 0, -1, -1, -1, 0, -1,
    -6, 0, -5, 0, 0, 0, 0, 0,
    0, 0, 0, -5, 0, 0, 0, -9,
    0, -5, -5, -5, 0, 0, 0, 0,
    0, 0, 0, 0, -11, -1, -1, 0,
    -1, -1, -1, -1, 0, -1, -1, -1,
    0, 0, 0, 5, 3, 0, -1, 0,
    0, -1, -1, -1, 0, 0, 0, 0,
    -1, -1, 0, -1, 0, 0, -1, -1,
    0, 0, 0, 0, 0, 2, 0, 0,
    -1, -1, 0, 1, -1, -1, 0, 0,
    -1, -1, -1, -5, -1, -1, -1, -1,
    -1, -1, -7, -1, -11, 0, -3, -5,
    -5, -6, -6, -7, -8, -7, -7, 0,
    0, 0, -7, 0, -18, -11, 0, -17,
    0, -19, -7, -4, -30, -35, -40, -35,
    -33, -12, -4, 0, -5, -31, -9, -12,
    0, -6, 0, -31, -36, -23, -13, -7,
    -17, -30, -2, -14, -14, -26, -14, -14,
    -2, -10, 1, -2, 0, -1, -2, 0,
    -2, 0, -4, -15, -34, -30, -29, -29,
    -29, -14, -29, -3, -3, -28, -29, -29,
    -28, -29, -17, -23, -23, -23, -24, -23,
    -23, 0, -40, 0, 0, 0, 0, 0,
    0, -39, -16, 0, 0, -41, 0, -30,
    -30, -26, -14, -2, 0, 0, 0, -18,
    -13, -2, 0, -18, -11, -27, -11, -11,
    -10, -23, -30, -29, -23, -23, -13, 0,
    -6, 0, 8, 0, -29, -13, -29, -15,
    -23, -15, -13, -23, -3, -23, -11, -11,
    -30, -29, 0, 0, -27, -29, -13, -29,
    0, 0, -2, 5, 0, -3, -24, -3,
    0, -7, -18, -18, -1, -10, -18, -29,
    -7, 1, -17, -14, 0, -22, -18, -23,
    -1, -23, 0, -11, -2, 0, 0, -40,
    -40, -7, 0, -7, -3, 0, 0, 0,
    -5, -6, 0, 0, 0, 0, -6, -6,
    -9, -5, -7, -15, -9, -15, -15, 0,
    0, 0, 0, 0, 0, 0, 0, 0,
    0, -6, 0, 0, 0, -5, 0, -11,
    -2, 0, 0, -8, 0, 0, -2, -1,
    -2, -1, -2, -3, -6, -2, -5, 0,
    -7, 0, -28, -4, -1, -1, -1, 0,
    -1, -1, -2, 0, -1, -1, 0, -2,
    0, -2, -1, -1, -8, -1, -6, 0,
    -9, 0, 0, 0, 0, 0, 0, -8,
    0, 0, 0, -9, 0, -11, -11, -11,
    0, -2, 0, 0, 0, 0, 0, -1,
    -2, -3, -3, -4, -3, -3, -3, -3,
    -4, -1, -1, -1, 0, -2, -2, 4,
    7, 0, -1, 0, 0, -2, -2, -2,
    -2, -1, -2, -1, -3, -3, -4, -1,
    -1, 0, -1, -1, 0, -1, 0, 0,
    -2, 0, 0, -2, -3, -1, 0, 0,
    -3, -3, -2, -1, -2, -2, -2, -2,
    0, -2, -2, -2, -2, -2, -3, -1,
    -2, -1, -5, -6, -6, -9, -9, -6,
    -6, -6, -6, 0, 0, 0, -8, -5,
    0, 0, 0, -18, -5, -18, -8, -7,
    -21, -35, -27, -35, -33, -10, -4, 0,
    -8, -22, -8, -10, 0, -8, 0, -18,
    -20, -16, 0, -8, 0, -30, -4, -12,
    -12, -26, -12, -12, -4, -10, 0, -2,
    0, -1, -2, 0, -4, 0, -6, 0,
    -39, -21, -19, -18, -19, -9, -18, -4,
    -5, -12, -19, -18, -12, -18, -9, -17,
    -9, -10, -17, -9, -16, 0, 0, 0,
    0, 0, 0, 0, 0, -27, 0, 0,
    0, -21, 0, -30, -30, -30, -12, -4,
    0, 0, 0, 0, -12, -2, 0, -15,
    -13, -21, -15, -12, -12, -19, -21, -19,
    -19, -19, -12, 3, -8, 4, 5, 0,
    -19, -12, -18, -17, -17, -17, -11, -9,
    -5, -9, -13, -14, -21, -19, -18, 0,
    -19, -19, -12, -18, 0, 0, -4, 3,
    -4, -5, -15, -4, 0, 0, -15, -15,
    -5, -10, -18, -18, -6, 0, -9, -17,
    -17, -17, -17, -17, -1, -10, 0, -9,
    -4, 0, 0, -27, -27, -9, -6, -9,
    -4, 0, 0, 0, -9, -6, 0, 0,
    0, -17, -6, -17, -9, -7, -19, -31,
    -24, -31, -31, -10, -4, 0, -8, -19,
    -9, -10, 0, 0, 0, -16, 0, 0,
    0, -9, 0, -28, -4, -10, -10, -22,
    -10, -10, -4, -10, -1, -3, -1, -3,
    -4, 0, -5, 0, -7, 0, -31, -18,
    -16, -16, -16, -8, -16, -5, -5, -10,
    -16, -16, -10, -14, -8, -14, -8, -10,
    -15, -8, -15, 0, 0, 0, 0, 0,
    0, 0, 0, -25, 0, 0, 0, -19,
    0, -28, -28, -28, -10, -4, 0, 0,
    0, 0, 0, -3, 0, -15, -13, -18,
    -13, -13, -12, -13, -18, -16, -16, -16,
    -12, 2, -5, 3, 4, 0, -16, -12,
    0, -14, -14, -14, -12, -8, -5, -8,
    -13, -13, -18, -16, -16, 0, -16, -16,
    -12, -16, 0, 0, -4, 0, 0, -5,
    -15, -5, 0, -7, -15, -15, -5, -10,
    -14, -14, -7, -1, -8, -14, -14, -14,
    -14, -14, -3, -10, 0, -8, -5, -15,
    -15, -24, -24, -10, -7, -10, -6, 0,
    0, 0, -6, -7, 0, 0, 0, 0,
    -7, -18, -6, -10, -31, -8, -25, -8,
    -7, -13, -8, 0, -9, -13, -7, -13,
    0, -8, 0, -6, -30, -23, -17, -12,
    -16, -1, -2, -16, -16, 0, -16, -16,
    -2, -10, 0, -3, 0, -1, -2, 0,
    -1, 0, -5, -21, -13, -8, -13, -13,
    -13, -12, -8, -3, -3, 0, -13, -13,
    -4, -8, -15, -13, -17, -17, -2, -17,
    -5, 0, 0, 0, 0, 0, 0, 0,
    0, -22, -18, 0, 0, -14, 0, -1,
    -1, -1, -16, -2, 0, 0, 0, -21,
    0, -3, 0, -7, -8, -8, -8, -8,
    -8, -8, -8, -13, -13, -13, -12, -3,
    -3, 2, 5, 0, -13, -12, 0, -13,
    -13, -13, -13, -17, -3, -17, -8, -8,
    -8, -13, -13, 0, -13, -13, -12, -8,
    0, 0, -2, 2, 0, -3, -7, -3,
    0, 0, -7, -7, -3, -10, -8, -8,
    -8, 0, -15, -13, -13, -13, -13, -13,
    -1, -17, 0, -17, -1, -5, -5, -26,
    -26, -12, -7, -12, -5, 0, 0, 0,
    -7, -5, -19, 0, 0, -21, -5, -22,
    -6, -8, -28, -35, -40, -35, -35, -14,
    -6, 0, -10, -33, -8, -14, 0, -10,
    -9, -23, -28, -20, 0, -10, -20, -32,
    -3, -16, -16, -28, -16, -16, -3, -13,
    0, -2, 0, 0, -1, 0, -3, 0,
    -5, -18, -37, -28, -28, -27, -28, -14,
    -27, -3, -5, -23, -28, -27, -23, -25,
    -15, -22, -15, -16, -21, -15, -21, 0,
    -35, 0, 0, 0, 0, 0, 0, -40,
    -18, 0, 0, -28, 0, -32, -32, -32,
    -16, -3, 0, 0, 0, 0, 0, -2,
    0, -22, -12, -28, -12, -12, -12, -12,
    -28, -28, -20, -28, -13, -5, -5, 5,
    0, 0, -28, -13, 0, -13, -22, -19,
    -13, -15, -5, -15, -12, -12, -28, -28,
    -27, 0, -28, -28, -13, -27, 0, 0,
    -3, 0, 0, -5, -22, -3, 0, 0,
    -22, -22, -5, -13, -25, -25, -25, 0,
    -15, -14, 0, 0, 0, 0, 0, -16,
    0, -15, -3, -21, -21, -40, -40, -10,
    -5, -10, -4, 0, 0, 0, -6, -6,
    0, -8, 0, 0, -6, -15, -8, -7,
    -25, -7, -27, -7, -7, -8, -3, 0,
    -5, -7, -5, -8, 0, -4, -4, -5,
    -25, -17, 0, -7, -14, -2, -2, -10,
    -10, 1, -10, -10, -2, -6, -1, -3,
    -2, -4, -2, -1, -2, 0, -6, -17,
    -14, -6, -10, -9, -10, -9, -9, -2,
    -3, 0, -10, -9, 0, -5, -11, -9,
    -12, -12, -4, -12, -4, 0, 0, 0,
    0, 0, 0, 0, 0, -19, -13, 0,
    0, -12, 0, -2, -2, -2, -10, -2,
    0, 0, 0, 0, 0, -3, -1, -7,
    -5, -6, -5, -5, -5, -5, -6, -10,
    -10, -10, -8, -3, -3, 4, 0, 0,
    -10, -8, 0, -9, -9, -9, -9, -12,
    -3, -12, -5, -5, -6, -10, -9, 0,
    -10, -10, -8, -9, 0, 0, -2, 0,
    0, -3, -7, -2, -4, -6, -7, -7,
    -3, -6, -5, -5, -5, -1, -11, -9,
    -9, -9, -9, -9, -4, -12, -1, -12,
    -2, -4, -4, -28, -28, -9, -6, -9,
    -6, 0, 0, 0, -11, -9, -22, 0,
    -9, 0, -9, -24, -7, -10, -31, -15,
    -35, -15, -7, -18, -14, -8, -12, -28,
    -15, -18, -3, -13, -11, -14, 0, -28,
    0, 0, 0, -9, -8, -20, -20, -7,
    -20, -20, -8, -15, -4, -7, -6, -7,
    -5, -5, -7, 0, -3, 0, 0, -17,
    -20, -19, -20, -18, -9, -6, -6, 0,
    -20, -19, 0, -17, -19, -19, -26, -26,
    -9, -16, -13, 0, -35, 0, 0, 0,
    0, 0, 0, -30, 0, 0, 0, -20,
    0, -9, -9, -9, -20, -8, 0, 0,
    0, 0, -14, -7, -5, -14, -13, -17,
    -13, -13, -13, -13, -17, -20, -20, -20,
    -16, -6, -6, 0, 0, 0, -20, -16,
    -13, -19, -19, -19, -19, -16, -6, -16,
    -13, -13, -17, -20, -19, -10, -20, -20,
    -16, -9, 0, 0, -8, 0, 0, -6,
    -14, -6, 0, 0, -14, -14, -6, -15,
    -17, -17, -17, -4, -19, -19, -19, -19,
    -19, -19, -7, -26, -5, -16, -7, -13,
    -13, -35, -35, -13, -9, -13, 0, 0,
    0, -14, 0, -32, 0, 0, 0, 0,
    -31, 0, 0, -30, 0, 0, 0, 0,
    0, 0, 0, 0, 0, 0, 0, 0,
    0, 0, 0, 0, 0, 0, 0, 0,
    0, 0, 0, 0, 0, 0, 0, 0,
    0, 0, -33, 0, -33, -31, 0, -35,
    0, 0, 0, 0, 0, 0, 0, 0,
    0, -14, 0, 0, 0, 0, 0, 0,
    0, 0, -17, 0, 0, 0, 0, 0,
    0, 0, 0, 0, 0, 0, 0, 0,
    0, 0, 0, 0, 0, 0, 0, 0,
    0, 0, 0, 0, 0, 0, 0, 0,
    0, 0, 0, 0, 0, 0, 0, 0,
    0, 0, 0, 0, 0, 0, 0, 0,
    0, 0, 0, 0, 0, 0, 0, 0,
    0, 0, 0, 0, 0, 0, 0, 0,
    0, 0, 0, 0, 0, 0, 0, 0,
    0, 0, 0, 0, 0, 0, 0, 0,
    0, 0, 0, 0, 0, 0, 0, 0,
    0, 0, 0, 0, 0, 0, 0, 0,
    0, 0, 0, 0, 0, 0, 0, 0,
    0, 0, 0, 0, 0, 0, 0, 0,
    0, 0, 0, 0, 0, 0, 0, -18,
    -26, -10, 0, -35, -51, -35, 0, 0,
    0, 0, -9, -28, 0, 0, 0, 0,
    0, 0, 0, 0, 0, 0, 0, -30,
    -10, -12, -12, -38, -12, -12, -10, -12,
    -15, -10, -16, -16, -22, -18, -19, 0,
    0, 0, 0, -20, -21, -20, -21, -5,
    -20, -11, -12, 0, -21, -20, 0, -17,
    -5, -14, -4, -6, -13, -4, -13, 0,
    0, 0, 0, 0, 0, 0, 0, 0,
    0, 0, 0, 0, 0, -30, -30, -30,
    -12, -10, 0, 0, 0, 0, 0, -10,
    -18, 0, 0, -20, 0, 0, 0, 0,
    -20, -21, -21, -21, 0, -12, -12, 0,
    0, 0, -21, 0, 0, -14, -14, -14,
    -14, -4, -12, -4, 0, 0, -20, -21,
    -20, 0, -21, -21, 0, -20, 0, 0,
    -10, 0, 0, -12, 0, -11, 0, 0,
    0, 0, -12, -12, -17, -17, -17, -15,
    -5, -14, -14, -14, -14, -14, -16, -6,
    -18, -4, -19, -13, -13, 0, 0, 0,
    0, 0, 0, 0, 0, 0, 0, -58,
    0, 0, 0, 0, -33, -23, 0, -55,
    0, 0, 0, 0, 0, -28, -26, 0,
    -24, -52, -24, -27, -22, -24, -24, 0,
    0, 0, 0, 0, 0, -13, -14, -31,
    -31, -12, -31, -31, -14, -26, -34, -27,
    -39, -31, -13, -37, -14, 0, 0, 0,
    10, -19, -25, -23, -25, -17, -1, -14,
    0, 0, -25, -23, 0, -21, -26, -22,
    -12, -24, -12, -12, -14, 0, 0, 0,
    0, 0, 0, 0, 0, 0, 0, 0,
    0, 0, 0, -13, -13, -13, -31, -14,
    0, 0, 0, 0, 0, -27, -37, -14,
    -19, -19, -19, -19, -19, -19, -19, -25,
    -25, -25, -25, 0, 0, 0, 0, 0,
    -25, -25, 0, -22, -22, -22, -22, -12,
    0, -12, -19, -19, -19, -25, -23, 0,
    -25, -25, -25, -1, 0, 0, -14, 0,
    0, 0, -14, -14, 0, 0, -14, -14,
    0, -26, -21, -21, -21, -34, -26, -22,
    -22, -22, -22, -22, -31, -24, -37, -12,
    -14, -14, -14, 0, 0, 0, 0, 0,
    -58, 0, 0, 0, -8, -23, 0, 0,
    0, 0, -23, -9, -18, -21, -10, -9,
    -12, -9, -9, -3, -13, 0, -6, 0,
    0, -3, -22, 0, 0, -6, 0, -10,
    0, -20, 0, -5, -3, -4, -4, -2,
    -4, -4, -3, -6, -32, -5, -21, -19,
    -7, -29, -7, -22, -13, -21, -14, -4,
    -2, -2, -2, -6, -2, -4, -4, 0,
    -2, -2, 0, -3, -7, -4, -7, -7,
    -6, -7, -6, -13, -12, 0, 0, 0,
    0, 0, 0, -10, 0, 0, 0, -11,
    0, -5, -5, -5, -4, -3, 0, 0,
    0, 0, 0, -5, -29, -4, -4, -4,
    -4, -4, -4, -4, -4, -2, -2, -2,
    -2, -4, -4, -4, -4, -3, -2, -2,
    0, -4, -4, -4, -4, -7, -4, -7,
    -4, -4, -4, -2, -2, 0, -2, -2,
    -2, -2, 0, -4, -3, -4, 0, -4,
    -4, -4, 0, -2, -4, -4, -4, -6,
    -3, -3, -3, -14, -7, -4, -4, -4,
    -4, -4, -19, -7, -29, -7, -7, -6,
    -6, -12, -12, -17, -16, -17, -16, 0,
    0, 0, -6, -20, 0, 0, 0, 0,
    -20, -4, -24, -19, -5, -10, -5, -10,
    -10, 1, -10, 0, 0, 0, 0, 1,
    -21, 0, 0, -4, 0, 0, 0, -19,
    0, -7, 0, 0, 0, -4, 0, 0,
    0, -1, -29, -1, -18, -16, -13, -27,
    -8, 0, -19, -19, -23, 0, 2, 1,
    2, -2, 1, -1, -1, 0, 2, 1,
    0, 1, -3, 0, -3, -3, -10, -4,
    -6, -17, 0, 0, 0, 0, 0, 0,
    0, -4, 0, 0, 0, -9, 0, -7,
    -7, -7, 0, 0, 0, 0, 0, 0,
    0, -1, -27, -1, 0, 0, 0, 0,
    0, 0, 0, 2, 2, 2, 2, -1,
    -1, -1, -1, 0, 2, 2, 3, 0,
    0, 0, 0, -4, -1, -4, 0, 0,
    0, 2, 1, 0, 2, 2, 2, 1,
    0, 0, 0, -1, 0, -1, -1, -1,
    0, 0, -1, -1, -1, -1, 1, 1,
    1, -29, -3, 0, 0, 0, 0, 0,
    -16, -3, -27, -4, -8, -6, -6, -5,
    -5, -16, -17, -16, -16, 0, 0, 0,
    -6, -18, 0, 0, 0, 0, -18, -5,
    -24, -18, -5, -8, -10, -8, -11, -1,
    -9, 0, 0, 0, 0, -1, -23, 0,
    0, -3, 0, -5, 0, -19, 0, -7,
    -1, -1, -1, -1, -1, -1, -1, -1,
    -29, -3, -19, -17, -11, -26, -6, 0,
    -18, -19, -23, -2, -1, -1, -1, -1,
    -1, -2, -3, 0, -1, -1, 0, 0,
    -1, -3, -4, -4, -11, -4, -5, -18,
    0, 0, 0, 0, 0, 0, 0, -8,
    0, 0, 0, -7, 0, -7, -7, -7,
    -1, -1, 0, 0, 0, 0, 0, -3,
    -26, -3, -2, -2, -2, -2, -2, -2,
    -2, -1, -1, -1, -1, -3, -3, -3,
    -3, 0, -1, -1, 0, -3, -3, -3,
    -3, -4, -3, -4, -2, -2, -2, -1,
    -1, 0, -1, -1, -1, -1, 0, 0,
    -1, -3, 0, -3, -3, -2, 0, 0,
    -3, -3, -3, -1, 0, 0, 0, -29,
    -1, -3, -3, -3, -3, -3, -17, -4,
    -26, -4, -6, -5, -5, -10, -10, -14,
    -15, -14, -15, 0, 0, 0, -6, -20,
    0, 0, 0, 0, -20, -4, -24, -19,
    -5, -10, -5, -10, -10, 0, -11, 0,
    0, 0, 0, 0, -22, 0, 0, -4,
    0, -3, 0, -19, 0, -7, 0, -1,
    -1, -2, -1, -1, 0, -1, -28, -1,
    -18, -16, -13, -27, -8, 0, -19, -20,
    -23, -2, 2, 1, 2, -2, 1, -1,
    -1, 0, 2, 1, 0, 1, -3, 0,
    -4, -3, -11, -4, -6, -18, -5, 0,
    0, 0, 0, 0, 0, -4, 0, 0,
    0, -9, 0, -7, -7, -7, -1, 0,
    0, 0, 0, 0, 0, -1, -27, -1,
    -2, -2, -2, -2, -2, -2, -2, 2,
    2, 2, 2, -1, -1, -1, -1, 0,
    2, 2, 2, 0, 0, 0, 0, -4,
    -1, -4, -2, -2, -2, 2, 1, 0,
    2, 2, 2, 1, 0, 0, 0, 0,
    0, -1, -1, -1, 0, 2, -1, -1,
    -1, -1, 1, 1, 1, -28, -3, 0,
    0, 0, 0, 0, -16, -3, -27, -4,
    -8, -6, -6, -5, -5, -16, -17, -16,
    -16, 0, 0, -8, -3, 0, 0, 0,
    0, 0, 0, -7, -5, -2, -8, -19,
    -16, -19, -18, -1, 0, 0, 0, -13,
    0, -1, 0, 0, 0, -3, 0, 0,
    0, -4, 0, -15, 1, -1, -1, -13,
    -1, -1, 1, -4, 1, 3, 0, -1,
    -1, 1, -1, 0, -3, 0, -20, -7,
    -6, -6, -6, 2, -6, -2, -3, 0,
    -6, -6, 0, -4, 2, -3, 1, 0,
    -4, 1, -2, 0, 0, 0, 0, 0,
    0, 0, 0, -18, 0, 0, 0, -9,
    0, -15, -15, -15, -1, 1, 0, 0,
    0, 0, 0, 3, 1, -4, -7, -7,
    -7, -7, -6, -7, -7, -6, -6, -6,
    -6, 2, -3, 3, 3, -8, -6, -6,
    -6, -3, -3, -3, -3, 1, -3, 1,
    -7, -7, -7, -6, -6, 0, -6, -6,
    -6, -6, 0, 0, 1, 3, 0, -3,
    -4, -2, 0, 0, -4, -4, -3, -4,
    -4, -4, -4, 1, 2, -3, -3, -3,
    -3, -3, -1, 0, 1, 1, -1, -2,
    -2, -17, -17, -3, 0, -3, 0, 0,
    0, 0, -7, -20, 0, 0, 0, 0,
    -20, -7, -19, -18, -8, -9, -10, -9,
    -9, -2, -10, 0, -4, 0, 0, -2,
    -21, 0, 0, -5, 0, -8, 0, -18,
    0, -5, -3, -2, -2, -1, -2, -2,
    -3, -4, -29, -4, -20, -17, -6, -28,
    -7, -20, -14, -19, -14, -3, 0, 0,
    0, -4, 0, -1, -4, 0, 0, 0,
    0, -1, -5, -3, -5, -5, -6, -5,
    -5, -13, -10, 0, 0, 0, 0, 0,
    0, -9, 0, 0, 0, -10, 0, -5,
    -5, -5, -2, -3, 0, 0, 0, 0,
    0, -4, -28, -1, -3, -3, -3, -3,
    -3, -3, -3, 0, 0, 0, 0, -4,
    -4, -3, -4, 0, 0, 0, 1, -3,
    -3, -3, -3, -5, -4, -5, -3, -3,
    -3, 0, 0, 0, 0, 0, 0, 0,
    0, 0, -3, -4, 0, -4, -1, -1,
    0, 0, -1, -1, -4, -4, -1, -1,
    -1, -29, -5, -3, -3, -3, -3, -3,
    -17, -5, -28, -5, -7, -5, -5, -10,
    -10, -16, -17, -16, -16, 0, 0, 0,
    0, -7, 0, 0, 0, 0, -7, -7,
    -10, -6, -8, 0, -11, 0, -10, -1,
    -3, 0, 0, 0, 0, -1, 0, 0,
    0, 0, 0, -7, 0, 0, 0, -6,
    -2, -1, -1, -2, -1, -1, -2, -3,
    -3, -1, -4, -4, -5, -3, -3, 0,
    -6, -11, -14, -3, -1, -1, -1, -1,
    -1, -2, -2, 0, -1, -1, 0, -1,
    -2, -3, -2, -2, -6, -2, -4, -6,
    -10, 0, 0, 0, 0, 0, 0, -9,
    0, 0, 0, -9, 0, -6, -6, -6,
    -1, -2, 0, 0, 0, 0, 0, -1,
    -3, -4, -3, -3, -3, -3, -3, -3,
    -3, -1, -1, -1, -1, -2, -2, 0,
    0, -2, -1, -1, 1, -3, -3, -3,
    -3, -2, -2, -2, -3, -3, -3, -1,
    -1, 0, -1, -1, -1, -1, 0, 0,
    -2, 0, 0, -2, -4, -2, 0, 0,
    -4, -4, -2, -3, -1, -1, -1, -3,
    -2, -3, -3, -3, -3, -3, -4, -2,
    -3, -2, -3, -4, -4, -11, -11, 0,
    -6, 0, 0, 0, 0, 0, -7, -8,
    0, 0, 0, 0, -8, -7, -9, -7,
    -9, -10, -11, -10, -9, -1, -3, 0,
    0, 0, 0, -1, 0, 0, 0, -4,
    0, 0, 0, -8, 0, -6, -3, -2,
    -2, -2, -2, -2, -3, -3, -4, -2,
    -5, -6, -6, -5, -4, 0, -7, 0,
    -3, -3, -1, -1, -1, -2, -1, -2,
    0, 0, -1, -1, 0, -1, -2, -4,
    -3, -2, -6, -3, -4, 0, 0, 0,
    0, 0, 0, 0, 0, -10, 0, 0,
    0, -10, 0, -6, -6, -6, -2, -3,
    0, 0, 0, 0, 0, -2, -5, -5,
    -3, -3, -3, -3, -3, -3, -3, -1,
    -1, -1, -1, -3, -3, 0, 0, 0,
    -1, -1, 1, -4, -4, -4, -4, -3,
    -3, -3, -3, -3, -3, -1, -1, 0,
    -1, -1, -1, -1, 0, 0, -3, 0,
    0, -3, -5, -2, 0, 0, -5, -5,
    -3, -3, -1, -1, -1, -4, -2, -4,
    -4, -4, -4, -4, -6, -2, -5, -3,
    -4, -4, -4, -12, -12, -9, -7, -9,
    -8, 0, 0, 0, -6, -12, 0, 0,
    0, -9, -12, -10, -15, -6, -13, -5,
    -25, -5, -3, -3, 0, 0, 0, -14,
    0, -3, -18, 0, 0, -2, 0, 0,
    0, -3, 0, 0, -2, -4, -4, 0,
    -4, -4, -2, -5, -23, -3, -13, -13,
    0, -18, -1, 0, -5, 0, -12, -6,
    -9, -8, -9, 1, -6, -3, -3, 0,
    -9, -8, 0, -6, 1, -4, -2, -2,
    -3, -2, -1, 0, -20, 0, 0, 0,
    0, 0, 0, -22, 0, 0, 0, -9,
    0, 0, 0, 0, -4, -2, 0, 0,
    0, 0, 0, -3, -18, -3, -6, -6,
    -6, -6, -6, -6, -6, -9, -9, -9,
    -9, -3, -3, -2, -3, 0, -9, -9,
    0, -4, -4, -4, -4, -2, -3, -2,
    -6, -6, -6, -9, -8, 0, -9, -9,
    -9, -6, 0, 0, -2, -3, 0, -3,
    -3, -3, 0, -6, -3, -3, -3, -5,
    -6, -6, -6, -23, 1, -4, -4, -4,
    -4, -4, -13, -2, -18, -2, -1, -1,
    -1, -25, -25, -6, -8, -6, -7, 0,
    0, 0, -7, -20, 0, 0, 0, 0,
    -20, -7, -19, -18, -8, -9, -10, -9,
    -9, -2, -10, 0, 0, 0, 0, -2,
    -21, 0, 0, -5, 0, -8, 0, -18,
    0, -5, -3, -2, -2, -1, -2, -2,
    -3, -4, -29, -4, -20, -17, -6, -28,
    -7, -20, -14, -19, -14, -3, 0, 0,
    0, -4, 0, -1, -4, 0, 0, 0,
    0, -1, -5, -3, -5, -5, -6, -5,
    -5, -13, -10, 0, 0, 0, 0, 0,
    0, -9, 0, 0, -16, -10, 0, -5,
    -5, -5, -2, -3, 0, 0, 0, -10,
    0, -4, -28, -1, -3, -3, -3, -3,
    -3, -3, -3, 0, 0, 0, 0, -4,
    -4, -3, -4, 0, 0, 0, 1, -3,
    -3, -3, -3, -5, -4, -5, -3, -3,
    -3, 0, 0, 0, 0, 0, 0, 0,
    0, -4, -3, -4, 0, -4, -1, -1,
    0, 0, -1, -1, -4, -4, -1, -1,
    -1, -29, -5, -3, -3, -3, -3, -3,
    -17, -5, -28, -5, -7, -5, -5, -10,
    -10, -16, -17, -16, -16, 0, 0, 0,
    -7, -20, 0, 0, 0, 0, -20, -7,
    -19, -18, -8, -9, -10, -9, -9, -2,
    -10, 0, -4, 0, 0, -2, -21, 0,
    0, -5, 0, -8, 0, -18, -2, -5,
    -3, -2, -2, -1, -2, -2, -3, -4,
    -29, -4, -20, -17, -6, -28, -7, -20,
    -14, -19, -14, -3, 0, 0, 0, -4,
    0, -1, -4, 0, 0, 0, 0, -1,
    -5, -3, -5, -5, -6, -5, -5, -13,
    -10, 0, 0, 0, 0, 0, 0, -9,
    0, 0, -16, -10, 0, -5, -5, -5,
    -2, -3, 0, 0, 0, -10, 0, -4,
    -28, -1, -3, -3, -3, -3, -3, -3,
    -3, 0, 0, 0, 0, -4, -4, -3,
    -4, 0, 0, 0, 1, -3, -3, -3,
    -3, -5, -4, -5, -3, -3, -3, 0,
    0, 0, 0, 0, 0, 0, 0, -4,
    -3, -4, 0, -4, -1, -1, 0, 0,
    -1, -1, -4, -4, -1, -1, -1, -29,
    -5, -3, -3, -3, -3, -3, -17, -5,
    -28, -5, -7, -5, -5, -10, -10, -16,
    -17, -16, -16, 0, 0, 0, -6, -20,
    0, 0, 0, 0, -20, -4, -25, -20,
    -6, -10, -5, -10, -11, 0, -11, 0,
    0, 0, 0, 0, -21, 0, 0, -5,
    0, -3, 0, -21, 0, -8, 0, -1,
    -1, -4, -1, -1, 0, -1, -29, -1,
    -19, -16, -14, -28, -8, 0, -21, -21,
    -25, -1, 0, 2, 0, -2, 1, 0,
    -1, 0, 0, 2, 0, 1, -3, 0,
    -4, -3, -11, -4, -6, -17, -6, 0,
    0, 0, 0, 0, 0, -4, 0, 0,
    0, -9, 0, -8, -8, -8, -1, 0,
    0, 0, 0, 0, 0, -1, -28, -1,
    -1, -1, -1, -1, -1, -1, -1, 0,
    0, 0, 0, -1, -1, -1, -1, -1,
    0, 0, 0, 0, 0, 0, 0, -4,
    -1, -4, -1, -1, -1, 0, 2, 0,
    0, 0, 0, 1, 0, 0, 0, 0,
    0, -1, -1, 0, 0, 2, -1, -1,
    -1, -1, 1, 1, 1, -15, -3, 0,
    0, 0, 0, 0, -16, -3, -28, -4,
    -8, -6, -6, -5, -5, -16, -15, -16,
    -14, 0, 0, 0, -6, -20, 0, 0,
    0, 0, -20, -4, -24, -19, -5, -10,
    -5, -10, -10, 1, -10, 0, 0, 0,
    0, 1, -21, 0, 0, -4, 0, 0,
    0, -19, 0, -7, 0, 0, 0, -4,
    0, 0, 0, -1, -29, -1, -18, -16,
    -13, -27, -8, 0, -19, -19, -23, 0,
    2, 1, 2, -2, 1, -1, -1, 0,
    2, 1, 0, 1, -3, 0, -4, -3,
    -10, -4, -6, -17, 0, 0, 0, 0,
    0, 0, 0, -4, 0, 0, 0, -9,
    0, -7, -7, -7, 0, 0, 0, 0,
    0, 0, 0, -1, -27, -1, 0, 0,
    0, 0, 0, 0, 0, 2, 2, 2,
    2, -1, -1, -1, -1, 0, 2, 2,
    3, 0, 0, 0, 0, -4, -1, -4,
    0, 0, 0, 2, 1, 0, 2, 2,
    2, 1, 0, 0, 0, -1, 0, -1,
    -1, -1, 0, 0, -1, -1, -1, -1,
    1, 1, 1, -29, -3, 0, 0, 0,
    0, 0, -16, -3, -27, -4, -8, -6,
    -6, -5, -5, -16, -17, -16, -16, 0,
    0, 0, -6, -7, 0, 0, 0, -10,
    -7, -6, -24, -3, -6, -27, -17, -27,
    -20, -1, -1, 0, 0, -13, 0, -1,
    -21, 0, 0, -2, 0, 0, 0, -3,
    0, -19, -1, -1, -1, -21, -1, -1,
    -1, -3, -22, -1, -9, -8, -20, -16,
    -20, 0, -25, 0, -26, -5, -3, -3,
    -3, 3, -3, -2, -3, 0, -1, -3,
    0, -2, 3, -2, 3, 2, -3, 3,
    -1, -20, -12, 0, 0, 0, 0, 0,
    0, -16, 0, 0, 0, -7, 0, -19,
    -19, -19, -1, -1, 0, 0, 0, 0,
    0, -1, -16, -3, -5, -5, -5, -5,
    -5, -5, -5, -3, -3, -3, -3, -3,
    -3, -2, -3, -7, -3, -3, -3, -2,
    -2, -2, -2, 3, -3, 3, -5, -5,
    -5, -3, -3, 0, -3, -3, -3, -3,
    0, 0, -1, -3, 0, -3, -3, -2,
    0, 0, -3, -3, -3, -3, -2, -2,
    -2, -22, 3, -2, -2, -2, -2, -2,
    -8, 2, -16, 3, -20, -1, -1, -17,
    -17, -4, -5, -4, -5, 0, 0, -25,
    -4, -17, 0, 0, 0, 0, -17, -3,
    -20, -15, -5, -5, -8, -5, -7, 3,
    -5, 0, 0, 0, 0, 3, -18, 0,
    0, -1, 0, -4, 0, -17, 0, -3,
    2, 1, 1, 0, 1, 1, 2, 0,
    -27, 0, -16, -14, -6, -24, -3, 0,
    -16, -16, -18, 2, 4, 5, 5, 0,
    4, 1, 1, 0, 4, 5, 0, 2,
    0, 1, -2, -1, -5, -2, -1, -13,
    -8, 0, 0, 0, 0, 0, 0, -6,
    0, 0, 0, -4, 0, -3, -3, -3,
    1, 2, 0, 0, 0, 0, 0, 0,
    -24, 0, 2, 2, 2, 2, 2, 2,
    2, 4, 4, 4, 4, 0, 0, 1,
    0, 0, 4, 4, 6, 1, 1, 1,
    1, -2, 0, -2, 2, 2, 2, 4,
    5, 0, 4, 4, 4, 4, 0, 0,
    2, 0, 0, 0, 0, 1, 0, 2,
    0, 0, 0, 0, 2, 2, 2, -27,
    0, 1, 1, 1, 1, 1, -14, -1,
    -24, -2, -3, -1, -1, -9, -9, -13,
    -14, -13, -13, 0, 0, 0, -5, -10,
    0, 0, 0, 0, -10, -7, -15, -5,
    -8, -5, -18, -5, -5, -1, 0, 0,
    0, -6, 0, -1, -17, 0, 0, 0,
    0, -3, 0, -5, 0, -2, 0, -1,
    -1, 1, -1, -1, 0, -4, -21, -3,
    -12, -10, -1, -17, -2, 0, -10, 0,
    -11, -2, -4, -3, -4, 2, -3, -1,
    -1, 0, -4, -3, 0, -1, 2, -3,
    1, 0, -2, 1, 0, -9, -14, 0,
    0, 0, 0, 0, 0, -17, 0, 0,
    0, -6, 0, -2, -2, -2, -1, 0,
    0, 0, 0, 0, 0, -3, -17, -1,
    -2, -2, -2, -2, -2, -2, -2, -4,
    -4, -4, -4, -1, -1, -1, -1, 0,
    -4, -4, 0, -3, -3, -3, -3, 1,
    -1, 1, -2, -2, -2, -4, -3, 0,
    -4, -4, -4, -3, 0, 0, 0, 0,
    0, -1, -1, -1, 0, 0, -1, -1,
    -1, -4, -1, -1, -1, -21, 2, -3,
    -3, -3, -3, -3, -10, 0, -17, 1,
    -2, 0, 0, -18, -18, -5, -7, -5,
    -7, 0, 0, 0, -8, -15, 0, 0,
    0, 0, -16, -7, -19, -12, -9, -10,
    -11, -10, -10, -2, -6, 0, 0, 0,
    0, -2, -21, 0, 0, -5, 0, 0,
    0, -12, 0, -6, -4, -2, -2, -2,
    -2, -2, -4, -4, -24, -3, -18, -15,
    -7, -22, -7, 0, -13, -15, -14, -3,
    -1, -1, -1, -2, -1, -4, -5, 0,
    -1, -1, 0, -1, -2, -4, -3, -2,
    -6, -3, -4, -13, -11, 0, 0, 0,
    0, 0, 0, -10, 0, 0, 0, -10,
    0, -6, -6, -6, -2, -4, 0, 0,
    0, 0, 0, -3, -22, -5, -3, -3,
    -3, -3, -3, -3, -3, -1, -1, -1,
    -1, -5, -5, -2, -5, -2, -1, -1,
    0, -4, -4, -4, -4, -3, -5, -3,
    -3, -3, -3, -1, -1, 0, -1, -1,
    -1, -1, 0, -4, -4, -5, 0, -5,
    -5, -4, 0, 0, -5, -5, -5, -4,
    -1, -1, -1, -16, -2, -4, -4, -4,
    -4, -4, -15, -2, -22, -3, -7, -4,
    -4, -11, -11, -11, -13, -11, -12, 0,
    0, 0, -6, -8, 0, 0, 0, 0,
    -8, -7, -24, -2, -7, -23, -15, -23,
    -20, -1, -1, 0, 0, -10, 0, -1,
    -23, 0, 0, -2, 0, 0, 0, -2,
    0, -19, -2, -1, -1, -19, -1, -1,
    -2, -3, -23, -1, -9, -9, -19, -15,
    -20, 0, -26, 0, -28, -6, -4, -4,
    -4, 2, -4, -2, -3, 0, -4, -4,
    0, -4, 2, -2, 1, 1, -1, 1,
    -2, -20, 0, 0, 0, 0, 0, 0,
    0, -15, 0, 0, 0, -8, 0, -19,
    -19, -19, -1, -2, 0, 0, 0, 0,
    0, -1, -15, -3, -6, -6, -6, -6,
    -6, -6, -6, -4, -4, -4, -4, -3,
    -3, -2, -3, -6, -4, -4, -4, -2,
    -2, -2, -2, 1, -3, 1, -6, -6,
    -6, -4, -4, 0, -4, -4, -4, -4,
    0, 0, -2, -3, 0, -3, -3, -2,
    0, 0, -3, -3, -3, -3, -4, -4,
    -4, -23, 2, -2, -2, -2, -2, -2,
    -9, 1, -15, 1, -20, -2, -2, -15,
    -15, -4, -5, -4, -4, 0, 0, 0,
    -7, -9, 0, 0, 0, 0, -9, -7,
    -25, -5, -6, -20, -13, -20, -20, -1,
    -1, 0, 0, 0, 0, -1, -23, 0,
    0, -3, 0, 0, 0, -3, 0, -17,
    -2, -1, -1, -14, -1, -1, -2, -5,
    -23, -1, -10, -10, -18, -16, -17, 0,
    -26, 0, -24, -6, -3, -3, -3, 1,
    -3, -2, -2, 0, -3, -3, 0, -3,
    1, -2, 1, 0, -2, 1, -2, -20,
    -11, 0, 0, 0, 0, 0, 0, -13,
    0, 0, 0, -8, 0, -17, -17, -17,
    -1, -2, 0, 0, 0, 0, 0, -1,
    -16, -2, -5, -6, -5, -5, -5, -5,
    -6, -3, -3, -3, -3, -2, -2, -2,
    -2, 0, -3, -3, 0, -2, -2, -2,
    -2, 1, -2, 1, -5, -5, -6, -3,
    -3, 0, -3, -3, -3, -3, 0, -2,
    -2, -2, 0, -2, -2, -2, 0, -1,
    -2, -2, -2, -5, -3, -3, -3, -23,
    1, -2, -2, -2, -2, -2, -10, 0,
    -16, 1, -17, -2, -2, -13, -13, -6,
    -6, -6, -6, 0, 0, 0, -8, -14,
    0, 0, 0, 0, -14, -12, -17, -10,
    -14, -8, -25, -8, -7, -6, -2, 0,
    0, -14, -8, -6, -20, -6, 0, -5,
    0, -8, 0, -7, 0, -1, -5, -6,
    -6, 0, -6, -6, -5, -7, -24, -6,
    -15, -14, -1, -20, -5, 0, -9, -11,
    -12, -8, -10, -9, -10, -1, -8, -5,
    -6, 0, -10, -9, 0, -7, -1, -6,
    0, 0, -1, 0, -3, -9, 0, 0,
    0, 0, 0, 0, 0, -22, 0, 0,
    0, -11, 0, -1, -1, -1, -6, -5,
    0, 0, 0, 0, 0, -6, -20, -6,
    -8, -8, -8, -8, -8, -8, -8, -10,
    -10, -10, -10, -6, -6, -5, -6, 0,
    -10, -10, 0, -6, -6, -6, -6, 0,
    -6, 0, -8, -8, -8, -10, -9, 0,
    -10, -10, -10, -8, 0, 0, -5, -6,
    0, -6, -6, -5, 0, 0, -6, -6,
    -6, -7, -7, -7, -7, -24, -1, -6,
    -6, -6, -6, -6, -14, 0, -20, 0,
    -5, -3, -3, -25, -25, -10, -11, -10,
    -10, 0, 0, 0, -6, -8, 0, 0,
    0, -8, -8, -7, -24, -2, -7, -23,
    -15, -23, -20, -1, -1, 0, 0, 0,
    0, -1, -23, 0, 0, -2, 0, 0,
    0, -2, 0, -19, -2, -1, -1, -19,
    -1, -1, -2, -3, -23, -1, -9, -9,
    -19, -15, -20, 0, -26, 0, -28, -6,
    -4, -4, -4, 2, -4, -2, -3, 0,
    -4, -4, 0, -4, 2, -2, 1, 1,
    -1, 1, -2, -20, -12, 0, 0, 0,
    0, 0, 0, -15, 0, 0, 0, -8,
    0, -19, -19, -19, -1, -2, 0, 0,
    0, 0, 0, -1, -15, -3, -6, -6,
    -6, -6, -6, -6, -6, -4, -4, -4,
    -4, -3, -3, -2, -3, -7, -4, -4,
    0, -2, -2, -2, -2, 1, -3, 1,
    -6, -6, -6, -4, -4, 0, -4, -4,
    -4, -4, 0, 0, -2, 0, 0, -3,
    -3, -2, 0, -2, -3, -3, -3, -3,
    -4, -4, -4, -23, 2, -2, -2, -2,
    -2, -2, -9, 1, -15, 1, -20, -2,
    -2, -15, -15, -4, -5, -4, -4, 0,
    0, -23, -7, -13, 0, 0, 0, 0,
    -13, -8, -17, -9, -9, -7, -18, -7,
    -7, -3, -3, 0, 0, 0, 0, -3,
    -20, 0, 0, -4, 0, 0, 0, -9,
    0, -3, -3, -3, -3, 0, -3, -3,
    -3, -7, -23, -5, -15, -14, -4, -20,
    -4, 0, -12, 0, -13, -4, -5, -5,
    -5, 0, -5, -3, -4, 0, -5, -5,
    0, -3, -1, -4, 0, -1, -3, 0,
    -3, 0, -14, 0, 0, 0, 0, 0,
    0, -19, 0, 0, 0, -8, 0, -3,
    -3, -3, -3, -3, 0, 0, 0, 0,
    0, -5, -20, -4, -4, -4, -4, -4,
    -4, -4, -4, -5, -5, -5, -5, -4,
    -4, -2, -4, 0, -5, -5, 0, -4,
    -4, -4, -4, 0, -4, 0, -4, -4,
    -4, -5, -5, 0, -5, -5, -5, -5,
    0, 0, -3, -4, 0, -4, -4, -3,
    0, -3, -4, -4, -4, -7, -3, -3,
    -3, -23, -1, -4, -4, -4, -4, -4,
    -14, -1, -20, 0, -4, -3, -3, -18,
    -18, -8, -11, -8, -9, 0, 0, 0,
    0, 0, 0, 0, 0, 0, 0, -22,
    0, 0, 0, 0, -28, 0, 0, -16,
    -12, 0, 0, -22, 0, 0, 0, 0,
    0, 0, 0, 0, 0, 0, 0, -9,
    -8, -17, -17, -6, -17, -17, -8, -14,
    -4, -7, -5, -7, -5, -4, -7, 0,
    0, 0, 0, -15, -17, -17, -17, -17,
    -9, -6, -6, 0, -17, -17, 0, -15,
    -18, -17, -18, -20, -9, -18, -12, 0,
    0, 0, 0, 0, 0, 0, 0, 0,
    0, 0, 0, 0, 0, -9, -9, -9,
    -17, -8, 0, 0, 0, 0, 0, -7,
    -4, 0, 0, -15, 0, 0, 0, 0,
    -15, -17, -17, -17, 0, -6, -6, 0,
    0, 0, -17, 0, 0, -17, -17, -17,
    -17, -18, -6, -18, 0, 0, -15, -17,
    -17, 0, -17, -17, 0, -9, 0, 0,
    -8, 0, 0, -6, 0, -6, 0, 0,
    0, 0, -6, -14, -15, -15, -15, -4,
    -18, -17, -17, -17, -17, -17, -7, -20,
    -4, -18, -7, -12, -12, 0, 0, 0,
    0, 0, 0, 0, 0, 0, 0, 0,
    0, 0, 0, 0, 0, 0, -21, 0,
    0, 0, 0, 0, 0, 0, 0, 0,
    0, 0, 0, 0, 0, 0, 0, 0,
    0, 0, 0, 0, 0, 0, 0, 0,
    0, 0, 0, 0, 0, 0, 0, 0,
    0, 0, 0, 0, 0, 0, 0, 0,
    0, 0, 0, 0, 0, 0, 0, 0,
    0, 0, 0, 0, 0, 0, 0, 0,
    0, 0, 0, 0, 0, -16, 0, 0,
    0, 0, 0, 0, 0, 0, 0, 0,
    0, 0, 0, 0, 0, 0, 0, 0,
    0, 0, 0, 0, 0, 0, 0, 0,
    0, 0, 0, 0, 0, 0, 0, 0,
    0, 0, 0, 0, 0, 0, 0, 0,
    0, 0, 0, 0, 0, 0, 0, 0,
    0, 0, 0, 0, 0, 0, 0, 0,
    0, 0, 0, 0, 0, 0, 0, 0,
    0, 0, 0, 0, 0, 0, 0, 0,
    0, 0, 0, 0, 0, 0, 0, 0,
    0, 0, 0, 0, 0, 0, 0, 0,
    0, 0, 0, 0, 0, 0, 0, 0,
    0, 0, 0, 0, -14, -21, 0, 0,
    0, 0, -21, -12, -35, -19, 0, -35,
    -17, -35, -26, -5, -10, -20, -19, -16,
    -12, -5, -36, -12, -8, -9, 0, 0,
    0, 0, 0, -24, -9, -5, -5, -37,
    -5, -5, -9, -15, -40, -8, -20, -19,
    -32, -27, -32, 0, -35, 0, 0, -11,
    -8, -8, -8, -6, -8, -10, -10, 0,
    -8, -8, 0, -8, -6, -9, -6, -7,
    -16, -6, -14, 0, 0, 0, 0, 0,
    0, 0, 0, -18, 0, 0, 0, -12,
    0, -24, -24, -24, -5, -9, 0, 0,
    0, 0, 0, -8, -27, 0, 0, -11,
    0, 0, 0, 0, -11, -8, -8, -8,
    -8, -10, -10, 0, 0, 0, -8, -8,
    0, -9, -9, -9, -9, -6, -10, -6,
    0, 0, -11, -8, -8, 0, -8, -8,
    -8, -8, 0, 0, -9, 0, 0, -10,
    0, -10, 0, 0, 0, 0, -10, -15,
    -8, -8, -8, -40, -6, -9, -9, -9,
    -9, -9, -19, -7, -27, -6, -32, -14,
    -14, 0, 0, -16, -16, -16, 0, 0,
    0, 0, 0, 0, 0, 0, 0, 0,
    0, 0, 0, 0, 0, 0, 0, 0,
    0, 0, 0, 0, 0, 0, 0, 0,
    0, 0, 0, 0, 0, 0, 0, 0,
    0, 0, 0, 0, 0, 0, 0, 0,
    0, 0, -25, 0, -19, 0, 0, -23,
    0, 0, 0, 0, 0, 0, 0, 0,
    0, 0, 0, 0, 0, 0, 0, 0,
    0, 0, 0, 0, 0, 0, 0, 0,
    0, 0, 0, 0, 0, 0, 0, 0,
    0, 0, 0, 0, 0, 0, 0, 0,
    0, 0, 0, 0, 0, 0, 0, 0,
    0, 0, 0, 0, 0, 0, 0, 0,
    0, 0, 0, 0, 0, 0, 0, 0,
    0, 0, 0, 0, 0, 0, 0, 0,
    0, 0, 0, 0, 0, 0, 0, 0,
    0, 0, 0, 0, 0, 0, 0, 0,
    0, 0, 0, 0, 0, 0, 0, 0,
    0, 0, 0, 0, 0, 0, 0, 0,
    0, 0, 0, 0, 0, 0, 0, 0,
    0, 0, 0, 0, 0, 0, 0, 0,
    0, 0, 0, 0, 0, 0, 0, 0,
    0, 0, 0, 0, 0, 0, 0, 0,
    -24, 0, 0, 0, 0, 0, 0, 0,
    0, 0, 0, 0, 0, 0, -22, 0,
    0, 0, 0, 0, 0, 0, 0, 0,
    0, 0, 0, 0, 0, 0, 0, 0,
    0, 0, 0, 0, 0, 0, 0, 0,
    0, 0, 0, 0, 0, 0, 0, 0,
    0, 0, 0, 0, 0, 0, 0, 0,
    0, 0, 0, 0, 0, 0, 0, 0,
    0, 0, 0, 0, 0, 0, 0, 0,
    0, 0, 0, 0, 0, 0, 0, 0,
    0, 0, 0, 0, 0, 0, 0, 0,
    0, 0, 0, 0, 0, 0, 0, 0,
    0, 0, 0, 0, 0, 0, 0, 0,
    0, 0, 0, 0, 0, 0, 0, 0,
    0, 0, 0, 0, 0, 0, 0, 0,
    0, 0, 0, 0, 0, 0, 0, 0,
    0, 0, 0, 0, 0, 0, 0, 0,
    0, 0, 0, 0, 0, 0, 0, 0,
    0, 0, 0, 0, 0, 0, 0, 0,
    0, 0, 0, 0, 0, 0, 0, 0,
    0, 0, 0, 0, 0, 0, 0, 0,
    0, 0, 0, 0, 0, 0, -18, 0,
    0, 0, 0, 0, 0, 0, -1, 0,
    -3, -12, -8, -6, -8, 0, 0, 0,
    0, 0, 0, 0, 0, 0, 0, 0,
    0, 0, 0, 0, 0, 0, 0, 0,
    0, 0, 0, 0, 0, 0, 0, 0,
    0, 0, 0, 0, 0, 0, 0, 0,
    0, 0, 0, 0, 0, 0, 0, 0,
    0, 0, 0, 0, 0, 0, 0, 0,
    0, 0, 0, 0, 0, 0, 0, 0,
    0, 0, 0, 0, 0, 0, 0, 0,
    0, 0, 0, 0, 0, 0, 0, 0,
    0, 0, 0, 0, 0, 0, 0, 0,
    0, 0, 0, 0, 0, 0, 0, 0,
    0, 0, 0, 0, 0, 0, 0, 0,
    0, 0, 0, 0, 0, 0, 0, 0,
    0, 0, 0, 0, 0, 0, 0, 0,
    0, 0, 0, 0, 0, 0, 0, 0,
    0, 0, 0, 0, 0, 0, 0, 0,
    0, 0, 0, 0, 0, 0, 0, 0,
    0, 0, 0, 0, 0, 0, 0, 0,
    0, 0, 0, 0, 0, 0, 0, 0,
    0, 0, 0, 0, 0, 0, 0, 0,
    0, 0, -19, 0, 0, 0, 0, 0,
    0, 0, 0, 0, 0, 0, 0, 0,
    0, 0, 0, 0, 0, 0, 0, 0,
    0, 0, 0, 0, 0, 0, 0, 0,
    0, 0, 0, 0, 0, 0, 0, 0,
    0, 0, 0, 0, 0, 0, 0, 0,
    0, 0, 0, 0, 0, 0, 0, 0,
    0, 0, 0, 0, 0, 0, 0, 0,
    0, 0, 0, 0, 0, 0, 0, 0,
    0, 0, 0, 0, 0, 0, 0, 0,
    0, 0, 0, 0, 0, 0, 0, 0,
    0, 0, 0, 0, 0, 0, 0, 0,
    0, 0, 0, 0, 0, 0, 0, 0,
    0, 0, 0, 0, 0, 0, 0, 0,
    0, 0, 0, 0, 0, 0, 0, 0,
    0, 0, 0, 0, 0, 0, 0, 0,
    0, 0, 0, 0, 0, 0, 0, 0,
    0, 0, 0, 0, 0, 0, 0, 0,
    0, 0, 0, 0, 0, 0, 0, 0,
    0, 0, 0, 0, 0, 0, 0, 0,
    0, 0, 0, 0, 0, 0, 0, 0,
    0, 0, -26, 0, 0, 0, 0, 0,
    0, 0, 0, 0, 0, 0, 0, 0,
    0, 0, 0, 0, 0, 0, 0, 0,
    0, 0, 0, 0, 0, -13, 0, 0,
    0, 0, 0, 0, 0, 0, 0, 0,
    0, 0, 0, 0, 0, 0, 0, 0,
    0, 0, 0, 0, 0, 0, 0, 0,
    0, 0, 0, 0, 0, 0, 0, 0,
    0, 0, 0, 0, 0, 0, 0, 0,
    0, 0, 0, 0, 0, 0, 0, 0,
    0, 0, 0, 0, 0, 0, 0, 0,
    0, 0, 0, 0, 0, 0, 0, 0,
    0, 0, 0, 0, 0, 0, 0, 0,
    0, 0, 0, 0, 0, 0, 0, 0,
    0, 0, 0, 0, 0, 0, 0, 0,
    0, 0, 0, 0, 0, 0, 0, 0,
    0, 0, 0, 0, 0, 0, 0, 0,
    0, 0, 0, 0, 0, 0, 0, 0,
    0, 0, 0, 0, 0, 0, 0, 0,
    0, 0, 0, 0, 0, 0, 0, 0,
    0, 0, 0, 0, 0, 0, 0, 0,
    0, 0, 0, 0, 0, 0, 0, 0,
    -17, 0, 0, -35, -24, -35, 0, 0,
    0, 0, 0, 0, 0, 0, 0, 0,
    0, 0, 0, 0, 0, 0, 0, 0,
    0, 0, 0, 0, 0, 0, 0, 0,
    0, 0, 0, 0, 0, 0, 0, 0,
    0, 0, 0, 0, 0, 0, 0, 0,
    0, 0, 0, 0, 0, 0, 0, 0,
    0, 0, 0, 0, 0, 0, 0, 0,
    0, 0, 0, 0, 0, 0, 0, 0,
    0, 0, 0, 0, 0, 0, 0, 0,
    0, 0, 0, 0, 0, 0, 0, 0,
    0, 0, 0, 0, 0, 0, 0, 0,
    0, 0, 0, 0, 0, 0, 0, 0,
    0, 0, 0, 0, 0, 0, 0, 0,
    0, 0, 0, 0, 0, 0, 0, 0,
    0, 0, 0, 0, 0, 0, 0, 0,
    0, 0, 0, 0, 0, 0, 0, 0,
    0, 0, 0, 0, 0, 0, 0, 0,
    0, 0, 0, 0, 0, 0, 0, 0,
    0, 0, 0, 0, 0, 0, 0, 0,
    0, 0, 0, 0, 0, 0, -12, -21,
    0, 0, -10, 0, -21, -14, -26, -19,
    -10, -13, -20, -13, -15, -7, -9, -8,
    -12, -11, -11, -7, -26, -10, -7, -9,
    0, 0, 0, 0, 0, -12, -9, -7,
    -7, -6, -7, -7, -9, -12, -41, -9,
    -21, -19, -14, -28, -12, 0, -20, 0,
    0, -8, -9, -9, -9, -5, -9, -9,
    -10, 0, -9, -9, 0, -7, -5, -9,
    -8, -8, -11, -8, -9, 0, 0, 0,
    0, 0, 0, 0, 0, -20, 0, 0,
    0, -10, 0, -12, -12, -12, -7, -9,
    -9, 0, 0, 0, -7, -9, -28, -10,
    -8, -8, -8, -8, -8, -8, -8, -9,
    -9, -9, -9, -10, -10, -10, 0, 0,
    -9, -9, 0, -9, -9, -9, -9, -8,
    -10, -8, -8, -8, -8, -9, -9, 0,
    -9, -9, -9, -9, 0, 0, -9, 0,
    0, -10, -10, -9, 0, 0, -10, -10,
    -10, -12, -7, -7, -7, -41, -5, -9,
    -9, -9, -9, -9, -19, -8, -28, -8,
    -12, -9, -9, -20, -20, -16, -17, -16,
    0, 0, 0, 0, 0, 0, 0, 0,
    0, 0, 0, 0, -26, 0, 0, 0,
    0, 0, 0, 0, 0, 0, 0, 0,
    0, 0, 0, 0, 0, 0, 0, 0,
    0, 0, 0, 0, 0, 0, 0, 0,
    0, 0, 0, 0, 0, 0, 0, 0,
    0, 0, 0, 0, 0, 0, 0, 0,
    0, 0, 0, 0, 0, 0, 0, 0,
    0, 0, 0, 0, 0, 0, 0, 0,
    0, 0, 0, 0, 0, 0, 0, 0,
    0, 0, 0, 0, 0, 0, 0, 0,
    0, 0, 0, 0, 0, 0, 0, 0,
    0, 0, 0, 0, 0, 0, 0, 0,
    0, 0, 0, 0, 0, 0, 0, 0,
    0, 0, 0, 0, 0, 0, 0, 0,
    0, 0, 0, 0, 0, 0, 0, 0,
    0, 0, 0, 0, 0, 0, 0, 0,
    0, 0, 0, 0, 0, 0, 0, 0,
    0, 0, 0, 0, 0, 0, 0, 0,
    0, 0, 0, 0, 0, 0, 0, 0,
    0, 0, 0, 0, 0, 0, 0, 0,
    0, 0, 0, 0, 0, 0, 0, 0,
    0, 0, -10, -6, 0, 0, 0, 0,
    -6, 0, -15, -5, 0, -35, -37, -35,
    -31, -9, -1, -3, -4, -30, -11, -9,
    -4, -6, -3, -15, 0, 0, 0, 0,
    0, -30, 0, -9, 0, 0, 0, 0,
    0, -8, 0, 0, 0, -7, 0, 0,
    0, 0, -11, 0, 0, -21, -21, -20,
    0, 0, -20, 0, 0, 0, -21, 0,
    0, 0, 0, 0, 0, 0, 0, 0,
    0, 0, 0, 0, 0, 0, 0, 0,
    0, 0, 0, 0, 0, -21, 0, 0,
    0, 0, 0, 0, 0, 0, 0, 0,
    0, 0, 0, 0, 0, 0, 0, 0,
    0, 0, 0, 0, 0, 0, 0, 0,
    0, 0, 0, 0, 0, 0, 0, 0,
    0, 0, 0, 0, 0, 0, 0, 0,
    0, 0, 0, 0, 0, 0, 0, 0,
    0, 0, 0, 0, 0, 0, 0, 0,
    0, 0, 0, 0, 0, 0, 0, 0,
    0, 0, 0, 0, 0, 0, 0, 0,
    0, 0, 0, 0, 0, 0, 0, -38,
    -38, -6, -7, -6, 0, 0, 0, 0,
    0, 0, 0, 0, 0, 0, 0, 0,
    -16, 0, 0, -35, -30, -35, -29, 0,
    0, 0, 0, 0, 0, 0, 0, 0,
    0, 0, 0, 0, 0, 0, 0, 0,
    0, 0, 0, 0, 0, 0, 0, 0,
    0, 0, 0, 0, 0, 0, 0, 0,
    0, 0, 0, 0, 0, 0, 0, 0,
    0, 0, 0, 0, 0, 0, 0, 0,
    0, 0, 0, 0, 0, 0, 0, 0,
    0, 0, 0, 0, 0, 0, 0, 0,
    0, 0, 0, 0, 0, 0, 0, 0,
    0, 0, 0, 0, 0, 0, 0, 0,
    0, 0, 0, 0, 0, 0, 0, 0,
    0, 0, 0, 0, 0, 0, 0, 0,
    0, 0, 0, 0, 0, 0, 0, 0,
    0, 0, 0, 0, 0, 0, 0, 0,
    0, 0, 0, 0, 0, 0, 0, 0,
    0, 0, 0, 0, 0, 0, 0, 0,
    0, 0, 0, 0, 0, 0, 0, 0,
    0, 0, 0, 0, 0, 0, 0, 0,
    0, 0, 0, 0, 0, 0, 0, 0,
    0, 0, 0, 0, 0, 0, -15, -31,
    0, 0, -24, 0, -31, -12, -33, -30,
    -14, -18, -11, -18, -19, -7, -22, -17,
    -6, -4, -7, -7, -29, -5, -8, -15,
    0, 0, 0, 0, 0, -16, -9, -7,
    -7, -15, -7, -7, -9, -7, -39, -8,
    -27, -25, -23, -40, -19, 0, -30, 0,
    0, -10, -4, -4, -4, -14, -4, -9,
    -10, 0, -4, -4, 0, -9, -15, -9,
    -14, -13, -23, -14, -18, 0, 0, 0,
    0, 0, 0, 0, 0, -9, 0, 0,
    0, -20, 0, -16, -16, -16, -7, -9,
    0, 0, 0, 0, 0, -8, -40, -10,
    -10, -10, -10, -10, -10, -10, -10, -4,
    -4, -4, -4, -10, -10, 0, 0, 0,
    -4, -4, 0, -9, -9, -9, -9, -14,
    -10, -14, -10, -10, -10, -4, -4, 0,
    -4, -4, -4, -4, 0, 0, -9, 0,
    0, -10, -10, -9, 0, 0, -10, -10,
    -10, -7, -9, -9, -9, -39, -15, -9,
    -9, -9, -9, -9, -25, -13, -40, -14,
    -19, -18, -18, -11, -11, -26, -27, -26,
    0, 0, 0, 0, 0, 0, 0, 0,
    0, 0, 0, 0, 0, 0, 0, 0,
    0, 0, 0, 0, 0, 0, 0, 0,
    0, 0, 0, 0, 0, 0, 0, 0,
    0, 0, 0, 0, 0, -26, 0, 0,
    -27, -27, 0, -22, -38, 0, -40, 0,
    0, -42, 0, 0, 0, 0, 0, 0,
    -20, 0, -20, 0, 0, 0, 0, 0,
    0, -19, 0, 0, 0, 0, 0, 0,
    0, 0, 0, 0, 0, 0, 0, 0,
    0, 0, 0, 0, 0, 0, 0, 0,
    0, 0, 0, 0, 0, 0, 0, 0,
    0, 0, 0, 0, 0, 0, 0, 0,
    0, 0, 0, 0, 0, 0, 0, 0,
    0, 0, 0, 0, 0, 0, 0, 0,
    0, 0, 0, 0, 0, 0, 0, 0,
    0, 0, 0, 0, 0, 0, 0, 0,
    0, 0, 0, 0, 0, 0, 0, 0,
    0, 0, 0, 0, 0, 0, 0, 0,
    0, 0, 0, 0, 0, 0, 0, 0,
    0, 0, 0, 0, 0, 0, 0, 0,
    0, 0, 0, 0, 0, 0, 0, 0,
    0, 0, -8, -31, 0, 0, 0, 0,
    -31, -14, -16, -30, -22, -7, -18, -7,
    -6, -9, -19, 0, 0, 0, 0, -9,
    0, 0, 0, -5, 0, 0, 0, -27,
    0, 0, -4, -12, -12, 0, -12, -12,
    -4, -9, -30, -11, -30, -28, -1, -32,
    -2, 0, -9, 0, -13, -6, -8, -7,
    -8, -11, -6, -6, -6, 0, -8, -7,
    0, -5, -15, -9, -18, -17, -1, -18,
    -3, 0, 0, 0, 0, 0, 0, 0,
    0, -16, 0, 0, 0, -12, 0, 0,
    0, 0, -12, -4, 0, 0, 0, 0,
    0, -11, -32, -6, -6, -6, -6, -6,
    -6, -6, -6, -8, -8, -8, -7, -6,
    -6, -6, -6, 0, -8, -7, 0, -9,
    -9, -9, -9, -18, -6, -18, -6, -6,
    -6, -8, -7, 0, -8, -8, -7, -6,
    0, 0, -4, 0, 0, -6, -6, -6,
    0, 0, -6, -6, -6, -9, -5, -5,
    -5, -30, -15, -9, -9, -9, -9, -9,
    -28, -17, -32, -18, -2, -3, -3, -19,
    -19, -28, -29, -28, -28, 0, 0, 0,
    -8, -31, 0, 0, 0, 0, -31, -14,
    -16, -30, -22, -7, -18, -7, -6, -9,
    -19, 0, 0, 0, 0, -9, 0, 0,
    0, -5, 0, 0, 0, -27, 0, 0,
    -4, -12, -12, 0, -12, -12, -4, -9,
    -30, -11, -30, -28, -1, -32, -2, 0,
    -9, 0, -13, -6, -8, -7, -8, -11,
    -6, -6, -6, 0, -8, -7, 0, -5,
    -15, -9, -18, -17, -1, -18, -3, 0,
    0, 0, 0, 0, 0, 0, 0, -16,
    0, 0, 0, -12, 0, 0, 0, 0,
    -12, -4, 0, 0, 0, 0, 0, -11,
    -32, -6, -6, -6, -6, -6, -6, -6,
    -6, -8, -8, -8, -7, -6, -6, -6,
    -6, -8, -8, -7, 0, -9, -9, -9,
    -9, -18, -6, -18, -6, -6, -6, -8,
    -7, 0, -8, -8, -7, -6, 0, 0,
    -4, 0, 0, -6, -6, -6, 0, -6,
    -6, -6, -6, -9, -5, -5, -5, -30,
    -15, -9, -9, -9, -9, -9, -28, -17,
    -32, -18, -2, -3, -3, -19, -19, -28,
    -29, -28, -28, 0, 0, 0, -7, -8,
    0, 0, 0, 0, -8, -14, -10, -9,
    -12, -8, -18, -8, -8, -7, -5, 0,
    0, 0, 0, -7, 0, 0, 0, -7,
    0, 0, 0, -11, 0, -3, -4, -8,
    -8, 1, -8, -8, -4, -8, -2, -5,
    -4, -6, -3, -3, -3, 0, -8, 0,
    -14, -7, -8, -8, -8, -8, -8, -3,
    -3, 0, -8, -8, 0, -5, -9, -9,
    -10, -10, -6, -10, -5, 0, 0, 0,
    0, 0, 0, 0, 0, -17, 0, 0,
    0, -10, 0, -3, -3, -3, -8, -4,
    0, 0, 0, 0, 0, -5, -3, -8,
    -6, -7, -6, -6, -6, -6, -7, -8,
    -8, -8, -7, -3, -3, 0, 4, -9,
    -8, -7, 0, -9, -9, -9, -9, -10,
    -3, -10, -6, -6, -7, -8, -8, 0,
    -8, -8, -7, -8, 0, 0, -4, 0,
    0, -3, -8, -3, 0, 0, -8, -8,
    -3, -8, -5, -5, -5, -2, -9, -9,
    -9, -9, -9, -9, -6, -10, -3, -10,
    -3, -5, -5, -18, -18, -11, -9, -11,
    -8, 0, 0, 0, -6, -10, 0, 0,
    0, 0, -10, -7, -22, -6, -11, -13,
    -10, -13, -14, 1, -1, 0, 0, 0,
    0, 1, 0, 0, 0, -5, 0, 0,
    0, -6, 0, -9, 0, -1, -1, -6,
    -1, -1, 0, 0, -11, -1, -9, -9,
    -14, -14, -9, 0, -16, 0, -28, -5,
    -1, -1, -1, 0, -1, -2, -3, 0,
    -1, -1, 0, -4, 0, -3, 0, -1,
    -7, 0, -5, 0, 0, 0, 0, 0,
    0, 0, 0, -6, 0, 0, 0, -8,
    0, -9, -9, -9, -1, 0, 0, 0,
    0, 0, 0, -1, -14, -4, -4, -5,
    -4, -4, -4, -4, -5, -1, -1, -1,
    -1, -3, -3, 2, 0, 0, -1, -1,
    0, -3, -3, -3, -3, 0, -3, 0,
    -4, -4, -5, -1, -1, 0, -1, -1,
    -1, -1, 0, 0, 0, 0, 0, -3,
    -4, -2, 0, 0, -4, -4, -3, 0,
    -4, -4, -4, -11, 0, -3, -3, -3,
    -3, -3, -9, -1, -14, 0, -9, -5,
    -5, -10, -10, -5, -7, -5, -6, 0,
    0, 0, -7, -8, 0, 0, 0, 0,
    -8, -14, -10, -9, -12, -8, -18, -8,
    -8, -7, -5, 0, 0, 0, 0, -7,
    0, 0, 0, -7, 0, 0, 0, -11,
    0, -3, -4, -8, -8, 1, -8, -8,
    -4, -8, -2, -5, -4, -6, -3, -3,
    -3, 0, -8, 0, -14, -7, -8, -8,
    -8, -8, -8, -3, -3, 0, -8, -8,
    0, -5, -9, -9, -10, -10, -6, -10,
    -5, 0, 0, 0, 0, 0, 0, 0,
    0, -17, 0, 0, 0, -10, 0, -3,
    -3, -3, -8, -4, 0, 0, 0, 0,
    0, -5, -3, -8, -6, -7, -6, -6,
    -6, -6, -7, -8, -8, -8, -7, -3,
    -3, 0, 4, 0, -8, -7, 0, -9,
    -9, -9, -9, -10, -3, -10, -6, -6,
    -7, -8, -8, 0, -8, -8, -7, -8,
    0, 0, -4, 0, 0, -3, -8, -3,
    0, 0, -8, -8, -3, -8, -5, -5,
    -5, -2, -9, -9, -9, -9, -9, -9,
    -6, -10, -3, -10, -3, -5, -5, -18,
    -18, -11, -9, -11, -8, 0, 0, 0,
    -5, -7, 0, 0, 0, 0, -7, -7,
    -10, -6, 0, -9, -10, -9, -9, 0,
    -1, 0, 0, 0, 0, 0, 0, 0,
    0, -3, 0, 0, 0, -6, 0, -4,
    -3, 0, 0, 0, 0, 0, -3, -1,
    -2, -2, -4, -4, -3, -3, -4, 0,
    -7, 0, -14, -3, 0, -1, 0, -1,
    0, -2, -3, 0, 0, -1, 0, -1,
    -1, -3, -2, -2, -6, -2, -4, 0,
    0, 0, 0, 0, 0, 0, 0, -9,
    0, 0, 0, -9, 0, -4, -4, -4,
    0, -3, 0, 0, 0, 0, 0, -2,
    -3, -4, -2, -3, -2, -2, -2, -2,
    -3, 0, 0, 0, 1, -3, -3, 0,
    0, 0, 0, 1, 0, -3, -3, -3,
    -3, -2, -3, -2, -2, -2, -3, 0,
    -1, 0, 0, 0, 1, 0, 0, 0,
    -3, 0, 0, -3, -4, -2, 0, 0,
    -4, -4, -3, -1, -1, -1, -1, -2,
    -1, -3, -3, -3, -3, -3, -4, -2,
    -3, -2, -4, -4, -4, -10, -10, -7,
    -7, -7, -7, 0, 0, 0, -5, -7,
    0, 0, 0, 0, -7, -7, -10, -6,
    0, -9, -10, -9, -9, 0, -1, 0,
    0, 0, 0, 0, 0, 0, 0, -3,
    0, 0, 0, -6, 0, -4, -3, 0,
    0, 0, 0, 0, -3, -1, -2, -2,
    -4, -4, -3, -3, -4, 0, -7, 0,
    -14, -3, 0, -1, 0, -1, 0, -2,
    -3, 0, 0, -1, 0, -1, -1, -3,
    -2, -2, -6, -2, -4, 0, 0, 0,
    0, 0, 0, 0, 0, -9, 0, 0,
    0, -9, 0, -4, -4, -4, 0, 10,
    0, 0, 0, 0, 0, -2, -3, -4,
    -2, -3, -2, -2, -2, -2, -3, 0,
    0, 0, 1, -3, -3, 0, 0, 0,
    0, 1, 0, -3, -3, -3, -3, -2,
    -3, -2, -2, -2, -3, 0, -1, 0,
    0, 0, 1, 0, 0, 0, -3, 0,
    0, -3, -4, -2, 0, 0, -4, -4,
    -3, -1, -1, -1, -1, -2, -1, -3,
    -3, -3, -3, -3, -4, -2, -3, -2,
    -4, -4, -4, -10, -10, -7, -7, -7,
    -7, 0, 0, 0, 0, 0, 0, 0,
    0, 0, 0, 0, 0, 0, 0, 0,
    0, 0, 0, 0, 0, 0, 0, 0,
    0, 0, 0, 0, 0, 0, 0, 0,
    0, 0, 0, 0, 0, 0, 0, 0,
    0, 0, 0, 0, 0, 0, 0, 0,
    0, 0, 0, 0, 0, 0, 0, 0,
    0, 0, 0, 0, 0, 0, 0, 0,
    0, 0, 0, 0, 0, 0, 0, 0,
    0, 0, -4, 0, 0, 0, 0, 0,
    0, 0, 0, 0, 0, 0, 0, 0,
    0, 0, 0, 0, 0, 0, 0, 0,
    0, 0, 0, 0, 0, 0, 0, 0,
    0, 0, 0, 0, 0, 0, 0, 0,
    0, 0, 0, 0, 0, 0, 0, 0,
    0, 0, 0, 0, 0, 0, 0, 0,
    0, 0, 0, 0, 0, 0, 0, 0,
    0, 0, 0, 0, 0, 0, 0, 0,
    0, 0, 0, 0, 0, 0, 0, 0,
    0, 0, 0, 0, 0, 0, 0, 0,
    0, 0, 0, 0, 0, 0, 0, 0,
    0, 0, 0, 0, 0, 0, 0, 0,
    0, 0, 0, 0, 0, 0, 0, 0,
    0, 0, 0, 0, 0, 0, -10, 0,
    0, 0, 0, 0, 0, 0, 0, 0,
    0, 0, 0, 0, 0, 0, 0, 0,
    0, 0, 0, 0, 0, 0, 0, 0,
    0, 0, 0, 0, 0, 0, 0, 0,
    0, 0, 0, 0, 0, 0, 0, 0,
    0, 0, 0, 0, 0, 0, 0, 0,
    0, 0, 0, 0, 0, 0, 0, 0,
    0, 0, 0, 0, 0, 0, 0, 0,
    0, 0, 0, 0, 0, 0, 0, 0,
    0, 0, 0, 0, 0, 36, 0, 0,
    0, 0, 0, 0, 0, 0, 0, 0,
    0, 0, 0, 0, 0, 0, 0, 0,
    0, 0, 0, 0, 0, 0, 0, 0,
    0, 0, 0, 0, 0, 0, 0, 0,
    0, 0, 0, 0, 0, 0, 0, 0,
    0, 0, 0, 0, 0, 0, 0, 0,
    0, 0, 0, 0, 0, 0, 0, 0,
    0, 0, 0, 0, 0, 0, 0, 0,
    0, 0, 0, 0, 0, 0, 0, 0,
    0, 0, 0, 0, 0, 0, 0, 0,
    -6, -13, 0, 0, 0, 0, -13, -5,
    -26, -9, -4, -16, -7, -16, -15, 3,
    -1, 0, 0, 0, 0, 3, 0, 0,
    0, -5, 0, 0, 0, -10, 0, -12,
    0, 1, 1, -12, 1, 1, 0, -1,
    -15, 0, -12, -11, -18, -16, -12, 0,
    -20, 0, -33, -3, -1, -1, -1, 0,
    -1, -1, -2, 0, -1, -1, 0, -1,
    0, -1, -1, -2, -8, -1, -5, 0,
    0, 0, 0, 0, 0, 0, 0, -7,
    0, 0, 0, -7, 0, -12, -12, -12,
    1, 0, 0, 0, 0, 0, 0, 0,
    -16, -2, -3, -3, -3, -3, -3, -3,
    -3, -1, -1, -1, -1, -2, -2, 2,
    0, 0, -1, -1, 0, -1, -1, -1,
    -1, -1, -2, -1, -3, -3, -3, -1,
    -1, 0, -1, -1, -1, -1, 0, 0,
    0, 0, 0, -2, -2, -1, 0, 0,
    -2, -2, -2, -1, -1, -1, -1, -15,
    0, -1, -1, -1, -1, -1, -11, -2,
    -16, -1, -12, -5, -5, -7, -7, -8,
    -9, -8, -8, 0, 0, 0, -6, -13,
    0, 0, 0, 0, -13, -4, -25, -8,
    -4, -16, -7, -16, -15, 3, -1, 0,
    0, 0, 0, 3, 0, 0, 0, -4,
    0, 0, 0, -10, 0, -12, 0, 1,
    1, -11, 1, 1, 0, -1, -14, 0,
    -12, -10, -17, -16, -12, 0, -20, 0,
    -31, -3, -1, 0, -1, 0, -1, -1,
    -2, 0, -1, 0, 0, 0, 0, -1,
    -1, -1, -8, -1, -5, 0, 0, 0,
    0, 0, 0, 0, 0, -7, 0, 0,
    0, -7, 0, -12, -12, -12, 1, 0,
    0, 0, 0, 0, 0, 0, -16, -2,
    -3, -3, -3, -3, -3, -3, -3, -1,
    -1, -1, -1, -2, -2, 2, 1, 0,
    -1, -1, 0, -1, -1, -1, -1, -1,
    -2, -1, -3, -3, -3, -1, 0, 0,
    -1, -1, -1, -1, 0, 0, 0, 0,
    0, -2, -2, -1, 0, 0, -2, -2,
    -2, -1, 0, 0, 0, -14, 0, -1,
    -1, -1, -1, -1, -10, -1, -16, -1,
    -12, -5, -5, -7, -7, -7, -9, -7,
    -8, 0, 0, 0, 0, 0, 0, 0,
    0, 0, 0, 0, -28, 0, 0, 0,
    0, 0, 0, 0, -4, 0, -5, -5,
    -7, 0, -17, 0, 0, 0, 0, 0,
    0, 0, 0, -17, 0, 0, 0, 0,
    0, 0, 0, 0, -18, 0, 0, 0,
    0, 0, 0, 0, 0, 0, 0, 0,
    0, 0, 0, 0, 0, 0, 0, 0,
    0, 0, 0, 0, 0, 0, 0, 0,
    0, 0, 0, 0, 0, 0, 0, 0,
    0, 0, 0, 0, 0, 0, 0, 0,
    0, 0, 0, 0, 0, 0, 0, 0,
    0, 0, 0, 0, 0, 0, 0, 0,
    0, 0, 0, 0, 0, 0, 0, 0,
    0, 0, 0, 0, 0, 0, 0, 0,
    0, 0, 0, 0, 0, 0, 0, 0,
    0, 0, 0, 0, 0, 0, 0, 0,
    0, 0, 0, 0, 0, 0, 0, 0,
    0, 0, 0, 0, 0, 0, 0, 0,
    0, 0, 0, 0, 0, 0, 0, 0,
    0, 0, 0, 0, 0, 0, 0, 0,
    0, 0, 0, 0, 0, 0, 0, 0,
    0, 0, 0, 0, 0, 0, 0, 0,
    0, 0, -15, 0, 0, 0, -7, 0,
    0, 0, 0, 0, 0, 0, 0, 0,
    0, 0, 0, 0, 0, 0, 0, 0,
    0, 0, 0, 0, 0, -11, 0, 0,
    0, 0, 0, 0, 0, 0, 0, 0,
    0, 0, 0, 0, 0, 0, 0, 0,
    0, 0, 0, 0, 0, 0, 0, 0,
    0, 0, 0, 0, -1, 0, 0, -1,
    0, 0, 0, 0, 0, 0, 0, 0,
    0, 0, 0, 0, 0, 0, 0, 0,
    0, 0, 0, 0, 0, 0, 0, 0,
    0, 0, 0, 0, 0, 0, 0, 0,
    0, 0, 0, 0, 0, 0, 0, 0,
    0, 0, 0, 0, 0, 0, 0, 0,
    0, 0, 0, 0, 0, 0, 0, 0,
    0, 0, 0, 0, 0, 0, 0, 0,
    0, 0, 0, 0, 0, 0, 0, 0,
    0, 0, 0, 0, 0, 0, 0, 0,
    0, 0, 0, 0, 0, 0, 0, 0,
    0, 0, 0, 0, 0, 0, 0, 0,
    0, 0, 0, 0, 0, 0, 0, 0,
    -5, -6, 0, 0, 0, 0, -6, -6,
    -9, -5, -7, -15, -9, -15, -15, 0,
    0, 0, 0, 0, 0, 0, 0, 0,
    0, -6, 0, 0, 0, -5, 0, -11,
    -2, 0, 0, -8, 0, 0, -2, -1,
    -2, -1, -2, -3, -6, -2, -5, 0,
    -7, 0, -28, -4, -1, -1, -1, 0,
    -1, -1, -2, 0, -1, -1, 0, -2,
    0, -2, -1, -1, -8, -1, -6, 0,
    0, 0, 0, 0, 0, 0, 0, -8,
    0, 0, 0, -9, 0, -11, -11, -11,
    0, -2, 0, 0, 0, 0, 0, -1,
    -2, -3, -3, -4, -3, -3, -3, -3,
    -4, -1, -1, -1, 0, -2, -2, 4,
    7, 0, -1, 0, 0, -2, -2, -2,
    -2, -1, -2, -1, -3, -3, -4, -1,
    -1, 0, -1, -1, 0, -1, 0, 0,
    -2, 0, 0, -2, -3, -1, 0, 0,
    -3, -3, -2, -1, -2, -2, -2, -2,
    0, -2, -2, -2, -2, -2, -3, -1,
    -2, -1, -5, -6, -6, -9, -9, -6,
    -6, -6, -6, 0, 0, 0, -7, -5,
    0, 0, 0, 0, -5, -22, -6, -8,
    -28, -35, -40, -35, -35, -14, -6, 0,
    0, 0, 0, -14, 0, 0, 0, -23,
    0, 0, 0, -10, 0, -32, -3, -16,
    -16, -28, -16, -16, -3, -13, 0, -2,
    0, 0, -1, 0, -3, 0, -5, 0,
    -37, -28, -28, -27, -28, -14, -27, -3,
    -5, -23, -28, -27, -23, -25, -15, -22,
    -15, -16, -21, -15, -21, 0, 0, 0,
    0, 0, 0, 0, 0, -40, 0, 0,
    0, -28, 0, -32, -32, -32, -16, -3,
    0, 0, 0, 0, 0, -2, 0, -22,
    -12, -28, -12, -12, -12, -12, -28, -28,
    -28, -28, -13, -5, -5, 5, 0, 0,
    -28, -13, 0, 0, 0, 0, -13, -15,
    -5, -15, -12, -12, -28, -28, -27, 0,
    -28, -28, -13, -27, 0, 0, -3, 0,
    0, -5, -22, -3, 0, 0, -22, -22,
    -5, -13, -25, -25, -25, 0, -15, 0,
    0, 0, 0, 0, 0, -16, 0, -15,
    -3, -21, -21, -40, -40, -10, -5, -10,
    -4, 0, 0, 0, 0, 0, 0, 0,
    0, 0, 0, 0, -27, 0, 0, 0,
    0, -23, 0, 0, 0, 0, 0, 0,
    0, 0, 0, 0, 0, 0, 0, 0,
    0, 0, 0, -15, 0, 0, 0, -18,
    0, 0, 0, 0, 0, 0, -14, 0,
    0, -20, 0, 0, 0, 0, 0, -5,
    0, 0, -1, 0, 0, -3, -3, 0,
    -1, 0, 0, 0, 0, -3, -1, 0,
    0, 0, 0, 0, 0, 0, 0, 0,
    0, 0, 0, 0, 0, 0, 0, 0,
    0, 0, -15, 0, 0, 0, 0, 0,
    0, 0, 0, 0, -20, 0, 0, -5,
    0, 0, 0, 0, -5, 0, 0, 0,
    0, 0, 0, 0, 0, 0, -1, 0,
    0, 0, 0, 0, 0, -1, 0, 0,
    -5, 0, 0, 0, 0, 0, 0, 0,
    0, 0, 0, 0, 0, 0, 0, 0,
    0, 0, 0, 0, 0, 0, 0, 0,
    0, 0, 0, 0, 0, 0, 0, 0,
    0, 0, 0, 0, 0, 0, 0, 0,
    0, 0, 0, 0, 0, 0, 0, 0,
    0, 0, 0, 0, 0, 0, 0, 0,
    -13, 0, -20, 0, 0, -8, -8, -9,
    0, 0, 0, 0, 0, 0, 0, 0,
    0, 0, 0, 0, 0, 0, 0, 0,
    0, 0, 0, 0, 0, 0, 0, 0,
    0, 0, 0, 0, 0, 0, 0, 0,
    0, 0, 0, 0, 0, -2, 0, 0,
    -1, -2, -1, -2, 0, 0, 0, 0,
    0, 0, -3, -2, -3, -3, 0, 0,
    -5, 0, 0, 0, 0, 0, 0, 0,
    0, 0, 0, 0, 0, -10, 0, 0,
    0, 0, 0, 0, 0, 0, 0, 0,
    0, 0, 0, 0, 0, 0, 0, 0,
    0, 0, 0, 0, 0, 0, 0, 0,
    0, 0, 0, 0, 0, 0, 0, 0,
    0, 0, 0, 0, 0, 0, 0, 0,
    0, 0, 0, 0, 0, 0, 0, 0,
    0, 0, 0, 0, 0, 0, 0, 0,
    0, 0, 0, 0, 0, 0, 0, 0,
    0, 0, 0, 0, 0, 0, 0, 0,
    0, 0, 0, 0, 0, 0, 0, 0,
    0, 0, 0, 0, 0, 0, 0, 0,
    -8, -23, 0, 0, 0, 0, -23, -9,
    -14, -21, -10, -9, -12, -9, -9, -3,
    -13, 0, 0, 0, 0, -3, 0, 0,
    0, -6, 0, 0, 0, -20, 0, -5,
    -3, -4, -4, -2, -4, -4, -3, -6,
    -14, -5, -21, -19, -7, -29, -7, 0,
    -13, 0, -14, -4, -2, -2, -2, -6,
    -2, -4, -4, 0, -2, -2, 0, -3,
    -7, -4, -7, -7, -6, -7, -6, 0,
    0, 0, 0, 0, 0, 0, 0, -10,
    0, 0, 0, -11, 0, -5, -5, -5,
    -4, -3, 0, 0, 0, 0, 0, -5,
    -29, -4, -4, -4, -4, -4, -4, -4,
    -4, -2, -2, -2, -2, -4, -4, -4,
    -4, 0, -2, -2, 0, -4, -4, -4,
    -4, -7, -4, -7, -4, -4, -4, -2,
    -2, 0, -2, -2, -2, -2, 0, 0,
    -3, 0, 0, -4, -4, -4, 0, 0,
    -4, -4, -4, -6, -3, -3, -3, -14,
    -7, -4, -4, -4, -4, -4, -19, -7,
    -29, -7, -7, -6, -6, -12, -12, -17,
    -16, -17, -16, 0, 0, 0, -8, -16,
    0, 0, 0, 0, -16, -9, -14, -21,
    -10, -9, -12, -9, -9, -3, -13, 0,
    0, 0, 0, -3, 0, 0, 0, -6,
    0, 0, 0, -20, 0, -5, -3, -4,
    -4, -2, -4, -4, -3, -6, -14, -5,
    -21, -19, -7, -29, -7, 0, -13, 0,
    -14, -4, -2, -2, -2, -6, -2, -4,
    -4, 0, -2, -2, 0, -3, -7, -4,
    -7, -7, -6, -7, -6, 0, 0, 0,
    0, 0, 0, 0, 0, -10, 0, 0,
    0, -11, 0, -5, -5, -5, -4, -3,
    0, 0, 0, 0, 0, -5, -29, -4,
    -4, -4, -4, -4, -4, -4, -4, -2,
    -2, -2, -2, -4, -4, -4, -4, -3,
    -2, -2, 0, -4, -4, -4, -4, -7,
    -4, -7, -4, -4, -4, -2, -2, 0,
    -2, -2, -2, -2, 0, 0, -3, 0,
    0, -4, -4, -4, 0, 0, -4, -4,
    -4, -6, -3, -3, -3, -14, -7, -4,
    -4, -4, -4, -4, -19, -7, -29, -7,
    -7, -6, -6, -12, -12, -17, -16, -17,
    -16, 0, 0, 0, -8, -16, 0, 0,
    0, 0, -16, -9, -14, -21, -10, -9,
    -12, -9, -9, -3, -13, 0, 0, 0,
    0, -3, 0, 0, 0, -6, 0, 0,
    0, -20, 0, -5, -3, -4, -4, -2,
    -4, -4, -3, -6, -14, -5, -21, -19,
    -7, -29, -7, 0, -13, 0, -14, -4,
    -2, -2, -2, -6, -2, -4, -4, 0,
    -2, -2, 0, -3, -7, -4, -7, -7,
    -6, -7, -6, 0, 0, 0, 0, 0,
    0, 0, 0, -10, 0, 0, 0, -11,
    0, -5, -5, -5, -4, -3, 0, 0,
    0, 0, 0, -5, -29, -4, -4, -4,
    -4, -4, -4, -4, -4, -2, -2, -2,
    -2, -4, -4, -4, -4, 0, -2, -2,
    0, -4, -4, -4, -4, -7, -4, -7,
    -4, -4, -4, -2, -2, 0, -2, -2,
    -2, -2, 0, 0, -3, 0, 0, -4,
    -4, -4, 0, 0, -4, -4, -4, -6,
    -3, -3, -3, -14, -7, -4, -4, -4,
    -4, -4, -19, -7, -29, -7, -7, -6,
    -6, -12, -12, -17, -16, -17, -16, 0,
    0, 0, -6, -20, 0, 0, 0, 0,
    -20, -4, -24, -19, -5, -10, -5, -10,
    -10, 0, -11, 0, 0, 0, 0, 0,
    0, 0, 0, -4, 0, 0, 0, -19,
    0, -7, 0, -1, -1, -2, -1, -1,
    0, -1, -28, -1, -18, -16, -13, -27,
    -8, 0, -19, 0, -23, -2, 2, 1,
    2, -2, 1, -1, -1, 0, 2, 1,
    0, 1, -3, 0, -4, -3, -11, -4,
    -6, 0, 0, 0, 0, 0, 0, 0,
    0, -4, 0, 0, 0, -9, 0, -7,
    -7, -7, -1, 0, 0, 0, 0, 0,
    0, -1, -27, -1, -2, -2, -2, -2,
    -2, -2, -2, 2, 2, 2, 2, -1,
    -1, -1, -1, 0, 2, 2, 0, 0,
    0, 0, 0, -4, -1, -4, -2, -2,
    -2, 2, 1, 0, 2, 2, 2, 1,
    0, 0, 0, 0, 0, -1, -1, -1,
    0, 0, -1, -1, -1, -1, 1, 1,
    1, -28, -3, 0, 0, 0, 0, 0,
    -16, -3, -27, -4, -8, -6, -6, -5,
    -5, -16, -17, -16, -16, 0, 0, 0,
    -6, -18, 0, 0, 0, 0, -18, -5,
    -17, -18, -5, -8, -10, -8, -11, -1,
    -9, 0, 0, 0, 0, -1, 0, 0,
    0, -3, 0, 0, 0, -19, 0, -7,
    -1, -1, -1, -1, -1, -1, -1, -1,
    -29, -3, -19, -17, -11, -26, -6, 0,
    -18, 0, -23, -2, -1, -1, -1, -1,
    -1, -2, -3, 0, -1, -1, 0, 0,
    -1, -3, -4, -4, -11, -4, -5, 0,
    0, 0, 0, 0, 0, 0, 0, -8,
    0, 0, 0, -7, 0, -7, -7, -7,
    -1, -1, 0, 0, 0, 0, 0, -3,
    -26, -3, -2, -2, -2, -2, -2, -2,
    -2, -1, -1, -1, -1, -3, -3, -3,
    -3, 0, -1, -1, 0, -3, -3, -3,
    -3, -4, -3, -4, -2, -2, -2, -1,
    -1, 0, -1, -1, -1, -1, 0, 0,
    -1, 0, 0, -3, -3, -2, 0, 0,
    -3, -3, -3, -1, 0, 0, 0, -29,
    -1, -3, -3, -3, -3, -3, -17, -4,
    -26, -4, -6, -5, -5, -10, -10, -14,
    -15, -14, -15, 0, 0, 0, -4, -19,
    0, 0, 0, 0, -19, -3, -22, 0,
    0, -8, -4, -8, -9, 0, -7, 0,
    0, 0, 0, 0, 0, 0, 0, -4,
    0, 0, 0, -16, 0, -6, 2, 0,
    0, -2, 0, 0, 2, 0, -17, -1,
    -16, 0, 0, 0, 0, 0, -18, 0,
    0, -1, 3, 3, 3, -1, 3, 1,
    0, 0, 3, 3, 0, 3, -2, 1,
    -2, -2, -9, -2, -5, 0, 0, 0,
    0, 0, 0, 0, 0, -3, 0, 0,
    0, -8, 0, -6, -6, -6, 0, 2,
    0, 0, 0, 0, 0, -1, 0, 0,
    -1, -1, -1, -1, -1, -1, -1, 3,
    3, 3, 3, 0, 0, 1, 0, 0,
    3, 3, 0, 1, 1, 1, 1, -2,
    0, -2, -1, -1, -1, 3, 3, 0,
    3, 3, 3, 3, 0, 0, 2, 0,
    0, 0, 0, 1, 0, 0, 0, 0,
    0, 0, 3, 3, 3, -17, -2, 1,
    1, 1, 1, 1, 0, -2, 0, -2,
    0, -5, -5, -4, -4, -13, -14, -13,
    -13, 0, 0, 0, -6, -20, 0, 0,
    0, 0, -20, -4, -19, -19, -5, -10,
    -5, -10, -10, 0, -11, 0, 0, 0,
    0, 0, 0, 0, 0, -4, 0, 0,
    0, -19, 0, -7, 0, -1, -1, -2,
    -1, -1, 0, -1, -28, -1, -18, -16,
    -13, -27, -8, 0, -19, 0, -23, -2,
    2, 1, 2, -2, 1, -1, -1, 0,
    2, 1, 0, 1, -3, 0, -4, -3,
    -11, -4, -6, 0, 0, 0, 0, 0,
    0, 0, 0, -4, 0, 0, 0, -9,
    0, -7, -7, -7, -1, 0, 0, 0,
    0, 0, 0, -1, -27, -1, -2, -2,
    -2, -2, -2, -2, -2, 2, 2, 2,
    2, -1, -1, -1, -1, 0, 2, 2,
    0, 0, 0, 0, 0, -4, -1, -4,
    -2, -2, -2, 2, 1, 0, 2, 2,
    2, 1, 0, 0, 0, 0, 0, -1,
    -1, -1, 0, 0, -1, -1, -1, -1,
    1, 1, 1, -28, -3, 0, 0, 0,
    0, 0, -16, -3, -27, -4, -8, -6,
    -6, -5, -5, -16, -17, -16, -16, 0,
    0, 0, -5, -14, 0, 0, 0, 0,
    -14, -4, -22, -12, 0, -10, -5, -10,
    -10, 0, -6, 0, 0, 0, 0, 0,
    0, 0, 0, -4, 0, 0, 0, -12,
    0, -7, 0, -1, -1, -2, -1, -1,
    0, -1, -5, -1, -5, -12, -10, 0,
    -5, 0, -13, 0, 0, -2, 2, 1,
    2, -2, 1, 0, -1, 0, 2, 1,
    0, 1, -3, 0, -3, -3, -11, -3,
    -6, 0, 0, 0, 0, 0, 0, 0,
    0, -4, 0, 0, 0, -9, 0, -7,
    -7, -7, -1, 0, 0, 0, 0, 0,
    0, -1, 0, -1, -2, -2, -2, -2,
    -2, -2, -2, 2, 2, 2, 2, -1,
    -1, 1, 0, 0, 2, 2, 0, 0,
    0, 0, 0, -3, -1, -3, -2, -2,
    -2, 2, 1, 0, 2, 2, 2, 1,
    0, 0, 0, 0, 0, -1, -1, 0,
    0, 0, -1, -1, -1, -1, 1, 1,
    1, -5, -3, 0, 0, 0, 0, 0,
    -12, -3, 0, -3, -5, -6, -6, -5,
    -5, -12, -9, -12, -12, 0, 0, 0,
    -5, -9, 0, 0, 0, 0, -14, -4,
    -15, -12, 0, -10, -5, -10, -10, 0,
    -6, 0, 0, 0, 0, 0, 0, 0,
    0, -4, 0, 0, 0, -12, 0, -7,
    0, -1, -1, -2, -1, -1, 0, -1,
    -5, -1, -5, -12, -10, 0, -5, 0,
    -13, 0, 0, -2, 2, 1, 2, -2,
    1, 0, -1, 0, 2, 1, 0, 1,
    -3, 0, -3, -3, -11, -3, -6, 0,
    0, 0, 0, 0, 0, 0, 0, -4,
    0, 0, 0, -9, 0, -7, -7, -7,
    -1, 0, 0, 0, 0, 0, 0, -1,
    0, -1, -2, -2, -2, -2, -2, -2,
    -2, 2, 2, 2, 2, -1, -1, 1,
    0, 0, 2, 2, 0, 0, 0, 0,
    0, -3, -1, -3, -2, -2, -2, 2,
    1, 0, 2, 2, 2, 1, 0, 0,
    0, 0, 0, -1, -1, 0, 0, 0,
    -1, -1, -1, -1, 1, 1, 1, -5,
    -3, 0, 0, 0, 0, 0, -12, -3,
    0, -3, -5, -6, -6, -5, -5, -12,
    -9, -12, -12, 0, 0, 0, 0, 0,
    0, 0, 0, 0, 0, -1, -12, 2,
    0, -3, -5, -3, -4, 7, 2, 0,
    0, 0, 0, 7, 0, 0, 0, 1,
    0, 0, 0, 0, 0, -1, 3, 6,
    6, 3, 6, 6, 3, 4, 2, 0,
    0, 0, 0, 3, 0, 0, 0, 0,
    0, 3, 8, 7, 8, 3, 7, 2,
    2, 0, 8, 7, 0, 6, 3, 2,
    4, 3, -1, 4, 2, 0, 0, 0,
    0, 0, 0, 0, 0, -4, 0, 0,
    0, -4, 0, -1, -1, -1, 6, 3,
    0, 0, 0, 0, 0, 0, 3, 2,
    3, 3, 3, 3, 3, 3, 3, 8,
    8, 8, 8, 2, 2, 3, 0, 0,
    8, 8, 0, 2, 2, 2, 2, 4,
    2, 4, 3, 3, 3, 8, 7, 0,
    8, 8, 8, 7, 0, 0, 3, 0,
    0, 2, 2, 2, 0, 0, 2, 2,
    2, 4, 6, 6, 6, 2, 3, 2,
    2, 2, 2, 2, 0, 3, 3, 4,
    0, 2, 2, -5, -5, 1, 0, 1,
    0, 0, 0, 0, 0, 0, 0, 0,
    0, 0, 0, -1, 0, 2, 0, -3,
    -5, -3, -4, 7, 2, 0, 0, 0,
    0, 7, 0, 0, 0, 1, 0, 0,
    0, 0, 0, -1, 3, 6, 6, 3,
    6, 6, 3, 4, 2, 0, 0, 0,
    0, 3, 0, 0, 0, 0, 0, 3,
    8, 7, 8, 3, 7, 2, 2, 0,
    8, 7, 0, 6, 3, 2, 4, 3,
    -1, 4, 2, 0, 0, 0, 0, 0,
    0, 0, 0, -4, 0, 0, 0, -4,
    0, -1, -1, -1, 6, 3, 0, 0,
    0, 0, 0, 0, 3, 2, 3, 3,
    3, 3, 3, 3, 3, 8, 8, 8,
    8, 2, 2, 3, 0, 6, 8, 8,
    0, 2, 2, 2, 2, 4, 2, 4,
    3, 3, 3, 8, 7, 0, 8, 8,
    8, 7, 0, 0, 3, 0, 0, 2,
    2, 2, 0, 6, 2, 2, 2, 4,
    6, 6, 8, 2, 3, 2, 2, 2,
    2, 2, 0, 3, 3, 4, 0, 2,
    5, -5, -5, 1, 0, 1, 0, 0,
    0, 0, 0, 3, 0, 0, 0, 0,
    3, 0, -5, 0, 0, -10, -11, -10,
    -9, 0, 0, 0, 0, 0, 0, 0,
    0, 0, 0, 0, 0, 0, 0, 0,
    0, 0, 0, 0, 0, 0, 0, 0,
    0, 0, 0, 0, 0, 0, 0, 0,
    0, 0, 0, 0, 0, -3, 0, 0,
    0, 0, 0, 0, 0, 0, 0, 0,
    0, 0, 0, 0, 0, 0, -5, -2,
    -3, 0, 0, 0, 0, 0, 0, 0,
    0, 0, 0, 0, 0, -10, 0, 0,
    0, 0, 0, 0, 0, 0, 0, 0,
    0, 0, 0, 0, 0, 0, 0, 0,
    0, 0, 0, 0, 0, 0, 0, 0,
    0, 0, 0, 0, 0, 0, 0, 0,
    0, 0, 0, 0, 0, 0, 0, 0,
    0, 0, 0, 0, 0, 0, 0, 0,
    0, 0, 0, 0, 0, 0, 0, 0,
    0, 0, 0, 0, 0, 0, 0, 0,
    0, 0, 0, 0, 0, 0, 0, 0,
    0, 0, 0, 0, 0, 0, 0, 0,
    0, 0, 0, 0, 0, 0, 0, 0,
    0, 0, 0, 0, 0, 0, 0, 0,
    0, 0, 0, 0, -11, 0, 0, 0,
    0, 0, 0, 0, 0, 0, 0, 0,
    0, 0, 0, 0, 0, 0, 0, 0,
    0, 0, 0, 0, 0, 0, 0, 0,
    0, 0, 0, 0, 0, 0, 0, 0,
    0, 0, 0, -3, 0, -1, 0, 0,
    0, 0, 0, 0, 0, -1, 0, -1,
    -2, 0, -3, -2, -6, 0, 0, 0,
    0, 0, 0, 0, 0, 0, 0, 0,
    0, 0, 0, 0, 0, 0, 0, 0,
    0, 0, 0, 0, 0, 0, 0, 0,
    0, 0, 0, 0, 0, 0, 0, 0,
    0, 0, 0, 0, 0, 0, 0, 0,
    0, 0, 0, 0, 0, 0, 0, 0,
    0, 0, 0, 0, 0, 0, 0, 0,
    0, 0, 0, 0, 0, 0, 0, 0,
    0, 0, 0, 0, 0, 0, 0, 0,
    0, 0, 0, 0, 0, 0, 0, 0,
    0, 0, 0, 0, 0, 0, 0, 0,
    0, 0, 0, 0, 0, 0, 0, 0,
    0, 0, 0, 0, 0, 0, 0, -13,
    0, 0, 0, 0, 0, 0, -20, 0,
    0, -12, -5, -12, 0, 0, 0, 0,
    0, 0, 0, 0, 0, 0, 0, 0,
    0, 0, 0, 0, 0, 0, 0, 0,
    0, 0, 0, 0, 0, 0, 0, 0,
    0, 0, 0, 0, 0, 0, -18, 0,
    0, -1, 0, 3, 2, 0, 2, 0,
    0, 0, 0, 0, 0, 2, 0, 0,
    -1, 0, 0, 0, 0, 0, 0, 0,
    0, 0, 0, 0, 0, 0, 0, 0,
    0, 0, 0, 0, 0, 0, 0, 0,
    0, 0, 0, 0, 0, 0, 0, 0,
    0, 0, 0, 0, 0, 0, 0, 0,
    0, 0, 0, 0, 0, 0, 0, 0,
    0, 0, 0, 0, 0, 0, 0, 0,
    0, 0, 0, 0, 0, 0, 0, 0,
    0, 0, 0, 0, 0, 0, 0, 0,
    0, 0, 0, 0, 0, 0, 0, 0,
    0, 0, 0, 0, 0, 0, 0, 0,
    0, 0, 0, 0, 0, 0, 0, 0,
    0, 0, 0, 0, 0, 0, 0, 0,
    0, 0, 0, 0, -7, -16, 0, 0,
    0, 0, -20, -7, -19, -18, -8, -9,
    -10, -9, -9, -2, -10, 0, 0, 0,
    0, -2, 0, 0, 0, -5, 0, 0,
    0, -18, 0, -5, -3, -2, -2, -1,
    -2, -2, -3, -4, -29, -4, -20, -17,
    -6, -28, -7, 0, -14, 0, -14, -3,
    0, 0, 0, -4, 0, -1, -4, 0,
    0, 0, 0, -1, -5, -3, -5, -5,
    -6, -5, -5, 0, 0, 0, 0, 0,
    0, 0, 0, -9, 0, 0, 0, -10,
    0, -5, -5, -5, -2, -3, 0, 0,
    0, 0, 0, -4, -28, -1, -3, -3,
    -3, -3, -3, -3, -3, 0, 0, 0,
    0, -4, -4, -3, -4, 0, 0, 0,
    0, -3, -3, -3, -3, -5, -4, -5,
    -3, -3, -3, 0, 0, 0, 0, 0,
    0, 0, 0, 0, -3, 0, 0, -4,
    -1, -1, 0, 0, -1, -1, -4, -4,
    -1, -1, -1, -29, -5, -3, -3, -3,
    -3, -3, -17, -5, -28, -5, -7, -5,
    -5, -10, -10, -16, -17, -16, -16, 0,
    0, 0, -6, -18, 0, 0, 0, 0,
    -18, -4, -17, -20, -6, -10, -5, -10,
    -11, 0, -11, 0, 0, 0, 0, 0,
    0, 0, 0, -5, 0, 0, 0, -21,
    0, -8, 0, -1, -1, -4, -1, -1,
    0, -1, -15, -1, -19, -16, -14, -28,
    -8, 0, -18, 0, -25, -1, 0, 2,
    0, -2, 1, 0, -1, 0, 0, 2,
    0, 1, -3, 0, -4, -3, -11, -4,
    -6, 0, 0, 0, 0, 0, 0, 0,
    0, -4, 0, 0, 0, -9, 0, -8,
    -8, -8, -1, 0, 0, 0, 0, 0,
    0, -1, -28, -1, -1, -1, -1, -1,
    -1, -1, -1, 0, 0, 0, 0, -1,
    -1, -1, -1, 0, 0, 0, 0, 0,
    0, 0, 0, -4, -1, -4, -1, -1,
    -1, 0, 2, 0, 0, 0, 0, 1,
    0, 0, 0, 0, 0, -1, -1, 0,
    0, 0, -1, -1, -1, -1, 1, 1,
    1, -15, -3, 0, 0, 0, 0, 0,
    -16, -3, -28, -4, -8, -6, -6, -5,
    -5, -16, -15, -16, -14, 0, 0, 0,
    -6, -18, 0, 0, 0, 0, -18, -4,
    -17, -20, -6, -10, -5, -10, -11, 0,
    -11, 0, 0, 0, 0, 0, 0, 0,
    0, -5, 0, 0, 0, -21, 0, -8,
    0, -1, -1, -4, -1, -1, 0, -1,
    -15, -1, -19, -16, -14, -28, -8, 0,
    -18, 0, -25, -1, 0, 2, 0, -2,
    1, 0, -1, 0, 0, 2, 0, 1,
    -3, 0, -4, -3, -11, -4, -6, 0,
    0, 0, 0, 0, 0, 0, 0, -4,
    0, 0, 0, -9, 0, -8, -8, -8,
    -1, 0, 0, 0, 0, 0, 0, -1,
    -28, -1, -1, -1, -1, -1, -1, -1,
    -1, 0, 0, 0, 0, -1, -1, -1,
    -1, -1, 0, 0, 0, 0, 0, 0,
    0, -4, -1, -4, -1, -1, -1, 0,
    2, 0, 0, 0, 0, 1, 0, 0,
    0, 0, 0, -1, -1, 0, 0, 2,
    -1, -1, -1, -1, 1, 1, 1, -15,
    -3, 0, 0, 0, 0, 0, -16, -3,
    -28, -4, -8, -6, -6, -5, -5, -16,
    -15, -16, -14, 0, 0, 0, -6, -18,
    0, 0, 0, 0, -18, -4, -17, -20,
    -6, -10, -5, -10, -11, 0, -11, 0,
    0, 0, 0, 0, 0, 0, 0, -5,
    0, 0, 0, -21, 0, -8, 0, -1,
    -1, -4, -1, -1, 0, -1, -15, -1,
    -19, -16, -14, -28, -8, 0, -18, 0,
    -25, -1, 0, 2, 0, -2, 1, 0,
    -1, 0, 0, 2, 0, 1, -3, 0,
    -4, -3, -11, -4, -6, 0, 0, 0,
    0, 0, 0, 0, 0, -4, 0, 0,
    0, -9, 0, -8, -8, -8, -1, 0,
    0, 0, 0, 0, 0, -1, -28, -1,
    -1, -1, -1, -1, -1, -1, -1, 0,
    0, 0, 0, -1, -1, -1, -1, -1,
    0, 0, 0, 0, 0, 0, 0, -4,
    -1, -4, -1, -1, -1, 0, 2, 0,
    0, 0, 0, 1, 0, 0, 0, 0,
    0, -1, -1, 0, 0, 0, -1, -1,
    -1, -1, 1, 1, 1, -15, -3, 0,
    0, 0, 0, 0, -16, -3, -28, -4,
    -8, -6, -6, -5, -5, -16, -15, -16,
    -14, 0, 0, 0, -13, -21, 0, 0,
    0, 0, -21, -11, -34, -19, -7, -35,
    -15, -35, -24, -4, -10, -20, -19, -12,
    -10, -4, -30, -10, -7, -8, 0, 0,
    0, 0, 0, -22, -8, -4, -4, -29,
    -4, -4, -8, -14, -30, -7, -21, -19,
    -33, -28, -27, 0, -31, 0, 0, -9,
    -6, -6, -6, -5, -5, -8, -9, 0,
    -6, -6, 0, -6, -5, -8, -6, -6,
    -16, -6, -13, 0, 0, 0, 0, 0,
    0, 0, 0, -14, 0, 0, 0, -10,
    0, -22, -22, -22, -4, -8, 0, 0,
    0, 0, 0, -7, -28, 0, -9, -9,
    -9, -9, -9, -9, -9, -6, -6, -6,
    -6, -9, -9, 0, 0, 0, -6, -6,
    0, -8, -8, -8, -8, -6, -9, -6,
    -9, -9, -9, -6, -6, 0, -6, -6,
    -6, -5, 0, 0, -8, 0, 0, -9,
    0, -8, 0, 0, 0, 0, -9, -14,
    -6, -6, -6, -30, -5, -8, -8, -8,
    -8, -8, -19, -6, -28, -6, -27, -13,
    -13, 0, 0, -16, -17, -16, 0, 0,
    0, 0, 0, -13, 0, 0, 0, 0,
    0, 0, -25, 0, 0, -10, -5, -10,
    -10, 0, 0, 0, 0, 0, 0, 0,
    0, 0, 0, 0, 0, 0, 0, 0,
    0, 0, 0, 0, 0, 0, 0, 0,
    0, 0, 0, 0, 0, 0, 0, 0,
    0, 0, -21, 0, 0, 0, 0, 3,
    2, 0, 2, 2, 1, 0, 0, 0,
    0, 0, 0, 0, 0, 0, 0, 0,
    0, 0, 0, 0, 0, 0, 0, 0,
    0, 0, 0, 0, 0, 0, 0, 0,
    0, 0, 0, 0, 0, 0, 0, 0,
    0, 0, 0, 0, 0, 0, 0, 0,
    0, 0, 0, 0, 0, 0, 0, 0,
    0, 0, 0, 0, 0, 0, 0, 0,
    0, 0, 0, 0, 0, 0, 0, 0,
    0, 0, 0, 0, 0, 0, 0, 0,
    0, 0, 0, 0, 0, 0, 0, 0,
    0, 0, 0, 0, 0, 0, 0, 0,
    0, 0, 0, 0, 0, 0, 0, 0,
    0, 0, 0, 0, 0, 0, 0, 0,
    0, 0, 0, 0, 0, 0, 0, 0,
    -8, -15, 0, 0, 0, 0, -15, -7,
    -19, -12, -9, -10, -11, -10, -10, -2,
    -6, 0, 0, 0, 0, -2, 0, 0,
    0, -5, 0, 0, 0, -12, 0, -6,
    -4, -2, -2, -2, -2, -2, -4, -4,
    -16, -3, -18, -15, -7, -22, -7, 0,
    -13, 0, -14, -3, -1, -1, -1, -2,
    -1, -4, -5, 0, -1, -1, 0, -1,
    -2, -4, -3, -2, -6, -3, -4, 0,
    0, 0, 0, 0, 0, 0, 0, -10,
    0, 0, 0, -10, 0, -6, -6, -6,
    -2, -4, 0, 0, 0, 0, 0, -3,
    -22, -5, -3, -3, -3, -3, -3, -3,
    -3, -1, -1, -1, -1, -5, -5, -2,
    -5, 0, -1, -1, 0, -4, -4, -4,
    -4, -3, -5, -3, -3, -3, -3, -1,
    -1, 0, -1, -1, -1, -1, 0, 0,
    -4, 0, 0, -5, -5, -4, 0, 0,
    -5, -5, -5, -4, -1, -1, -1, -16,
    -2, -4, -4, -4, -4, -4, -15, -2,
    -22, -3, -7, -4, -4, -11, -11, -11,
    -13, -11, -12, 0, 0, 0, -8, -15,
    0, 0, 0, 0, -15, -7, -19, -12,
    -9, -10, -11, -10, -10, -2, -6, 0,
    0, 0, 0, -2, 0, 0, 0, -5,
    0, 0, 0, -12, 0, -6, -4, -2,
    -2, -2, -2, -2, -4, -4, -16, -3,
    -18, -15, -7, -22, -7, 0, -13, 0,
    -14, -3, -1, -1, -1, -2, -1, -4,
    -5, 0, -1, -1, 0, -1, -2, -4,
    -3, -2, -6, -3, -4, 0, 0, 0,
    0, 0, 0, 0, 0, -10, 0, 0,
    0, -10, 0, -6, -6, -6, -2, -4,
    0, 0, 0, 0, 0, -3, -22, -5,
    -3, -3, -3, -3, -3, -3, -3, -1,
    -1, -1, -1, -5, -5, -2, -5, -2,
    -1, -1, 0, -4, -4, -4, -4, -3,
    -5, -3, -3, -3, -3, -1, -1, 0,
    -1, -1, -1, -1, 0, 0, -4, 0,
    0, -5, -5, -4, 0, 0, -5, -5,
    -5, -4, -1, -1, -1, -16, -2, -4,
    -4, -4, -4, -4, -15, -2, -22, -3,
    -7, -4, -4, -11, -11, -11, -13, -11,
    -12, 0, 0, 0, -6, -8, 0, 0,
    0, 0, -8, -7, -14, -2, -7, -23,
    -15, -23, -20, -1, -1, 0, 0, 0,
    0, -1, 0, 0, 0, -2, 0, 0,
    0, -2, 0, -19, -2, -1, -1, -19,
    -1, -1, -2, -3, -23, -1, -9, -9,
    -19, -15, -20, 0, -26, 0, -28, -6,
    -4, -4, -4, 2, -4, -2, -3, 0,
    -4, -4, 0, -4, 2, -2, 1, 1,
    -1, 1, -2, 0, 0, 0, 0, 0,
    0, 0, 0, -15, 0, 0, 0, -8,
    0, -19, -19, -19, -1, -2, 0, 0,
    0, 0, 0, -1, -15, -3, -6, -6,
    -6, -6, -6, -6, -6, -4, -4, -4,
    -4, -3, -3, -2, -3, -7, -4, -4,
    0, -2, -2, -2, -2, 1, -3, 1,
    -6, -6, -6, -4, -4, 0, -4, -4,
    -4, -4, 0, 0, -2, 0, 0, -3,
    -3, -2, 0, 0, -3, -3, -3, -3,
    -4, -4, -4, -23, 2, -2, -2, -2,
    -2, -2, -9, 1, -15, 1, -20, -2,
    -2, -15, -15, -4, -5, -4, -4, 0,
    0, 0, -6, -20, 0, 0, 0, 0,
    -20, -4, -24, -19, -5, -10, -5, -10,
    -10, 1, -10, 0, 0, 0, 0, 1,
    0, 0, 0, -4, 0, 0, 0, -19,
    0, -7, 0, 0, 0, -4, 0, 0,
    0, -1, -29, -1, -18, -16, -13, -27,
    -8, 0, -19, 0, -23, 0, 2, 1,
    2, -2, 1, -1, -1, 0, 2, 1,
    0, 1, -3, 0, -4, -3, -10, -4,
    -6, 0, 0, 0, 0, 0, 0, 0,
    0, -4, 0, 0, 0, -9, 0, -7,
    -7, -7, 0, 0, 0, 0, 0, 0,
    0, -1, -27, -1, 0, 0, 0, 0,
    0, 0, 0, 2, 2, 2, 2, -1,
    -1, -1, -1, 0, 2, 2, 0, 0,
    0, 0, 0, -4, -1, -4, 0, 0,
    0, 2, 1, 0, 2, 2, 2, 1,
    0, 0, 0, 0, 0, -1, -1, -1,
    0, 0, -1, -1, -1, -1, 1, 1,
    1, -29, -3, 0, 0, 0, 0, 0,
    -16, -3, -27, -4, -8, -6, -6, -5,
    -5, -16, -17, -16, -16, 0, 0, 0,
    -6, -8, 0, 0, 0, 0, -8, -7,
    -24, -2, -7, -23, -15, -23, -20, -1,
    -1, 0, 0, 0, 0, -1, 0, 0,
    0, -2, 0, 0, 0, -2, 0, -19,
    -2, -1, -1, -19, -1, -1, -2, -3,
    -23, -1, -9, -9, -19, -15, -20, 0,
    -26, 0, -28, -6, -4, -4, -4, 2,
    -4, -2, -3, 0, -4, -4, 0, -4,
    2, -2, 1, 1, -1, 1, -2, 0,
    0, 0, 0, 0, 0, 0, 0, -15,
    0, 0, 0, -8, 0, -19, -19, -19,
    -1, -2, 0, 0, 0, 0, 0, -1,
    -15, -3, -6, -6, -6, -6, -6, -6,
    -6, -4, -4, -4, -4, -3, -3, -2,
    -3, 0, -4, -4, 0, -2, -2, -2,
    -2, 1, -3, 1, -6, -6, -6, -4,
    -4, 0, -4, -4, -4, -4, 0, 0,
    -2, 0, 0, -3, -3, -2, 0, 0,
    -3, -3, -3, -3, -4, -4, -4, -23,
    2, -2, -2, -2, -2, -2, -9, 1,
    -15, 1, -20, -2, -2, -15, -15, -4,
    -5, -4, -4, 0, 0, 0, -8, -16,
    0, 0, 0, 0, -16, -9, -14, -21,
    -10, -9, -12, -9, -9, -3, -13, 0,
    0, 0, 0, -3, 0, 0, 0, -6,
    0, 0, 0, -20, 0, -5, -3, -4,
    -4, -2, -4, -4, -3, -6, -14, -5,
    -21, -19, -7, -29, -7, 0, -13, 0,
    -14, -4, -2, -2, -2, -6, -2, -4,
    -4, 0, -2, -2, 0, -3, -7, -4,
    -7, -7, -6, -7, -6, 0, 0, 0,
    0, 0, 0, 0, 0, -10, 0, 0,
    0, -11, 0, -5, -5, -5, -4, -3,
    0, 0, 0, 0, 0, -5, -29, -4,
    -4, -4, -4, -4, -4, -4, -4, -2,
    -2, -2, -2, -4, -4, -4, -4, 0,
    -2, -2, 0, -4, -4, -4, -4, -7,
    -4, -7, -4, -4, -4, -2, -2, 0,
    -2, -2, -2, -2, 0, 0, -3, 0,
    0, -4, -4, -4, 0, -2, -4, -4,
    -4, -6, -3, -3, -3, -14, -7, -4,
    -4, -4, -4, -4, -19, -7, -29, -7,
    -7, -6, -6, -12, -12, -17, -16, -17,
    -16, 0, 0, 0, -6, -13, 0, 0,
    0, 0, -18, -5, -17, -18, -5, -8,
    -10, -8, -11, -1, -9, 0, 0, 0,
    0, -1, 0, 0, 0, -3, 0, 0,
    0, -19, 0, -7, -1, -1, -1, -1,
    -1, -1, -1, -1, -29, -3, -19, -17,
    -11, -26, -6, 0, -18, 0, -23, -2,
    -1, -1, -1, -1, -1, -2, -3, 0,
    -1, -1, 0, 0, -1, -3, -4, -4,
    -11, -4, -5, 0, 0, 0, 0, 0,
    0, 0, 0, -8, 0, 0, 0, -7,
    0, -7, -7, -7, -1, -1, 0, 0,
    0, 0, 0, -3, -26, -3, -2, -2,
    -2, -2, -2, -2, -2, -1, -1, -1,
    -1, -3, -3, -3, -3, 0, -1, -1,
    0, -3, -3, -3, -3, -4, -3, -4,
    -2, -2, -2, -1, -1, 0, -1, -1,
    -1, -1, 0, 0, -1, 0, 0, -3,
    -3, -2, 0, 0, -3, -3, -3, -1,
    0, 0, 0, -29, -1, -3, -3, -3,
    -3, -3, -17, -4, -26, -4, -6, -5,
    -5, -10, -10, -14, -15, -14, -15, 0,
    0, 0, 0, 3, 0, 0, 0, 0,
    3, 0, 2, 0, 0, -21, -22, -21,
    -19, 0, 0, 0, 0, 0, 0, 0,
    0, 0, 0, -3, 0, 0, 0, 2,
    0, -16, 0, -1, -1, 0, -1, -1,
    0, 0, 0, 0, 0, 0, 0, 0,
    0, 0, 0, 0, 0, -9, -9, -8,
    -9, 1, -8, 0, 0, 0, -9, -8,
    0, -8, 1, -3, 0, 0, 0, 0,
    0, 0, 0, 0, 0, 0, 0, 0,
    0, -21, 0, 0, 0, 0, 0, -16,
    -16, -16, -1, 0, 0, 0, 0, 0,
    0, 0, 0, -4, -8, -9, -8, -8,
    -8, -8, -9, -9, -9, -9, -5, 0,
    0, 0, 0, 0, -9, -5, 0, -3,
    -3, -3, -3, 0, 0, 0, -8, -8,
    -9, -9, -8, 0, -9, -9, -5, -8,
    0, 0, 0, 0, 0, 0, -4, 0,
    0, 0, -4, -4, 0, 0, -8, -8,
    -8, 0, 1, -3, -3, -3, -3, -3,
    0, 0, 0, 0, 0, 0, 0, 0,
    0, 1, 4, 1, 3, 0, 0, 0,
    -7, -8, 0, 0, 0, 0, -8, -7,
    -9, -7, -9, -10, -11, -10, -9, -1,
    -3, 0, 0, 0, 0, -1, 0, 0,
    0, -4, 0, 0, 0, -8, 0, -6,
    -3, -2, -2, -2, -2, -2, -3, -3,
    -4, -2, -5, -6, -6, -5, -4, 0,
    -7, 0, -3, -3, -1, -1, -1, -2,
    -1, -2, -3, 0, -1, -1, 0, -1,
    -2, -4, -3, -2, -6, -3, -4, 0,
    0, 0, 0, 0, 0, 0, 0, -10,
    0, 0, 0, -10, 0, -6, -6, -6,
    -2, -3, 0, 0, 0, 0, 0, -2,
    -5, -5, -3, -3, -3, -3, -3, -3,
    -3, -1, -1, -1, -1, -3, -3, 0,
    0, 0, -1, -1, 0, -4, -4, -4,
    -4, -3, -3, -3, -3, -3, -3, -1,
    -1, 0, -1, -1, -1, -1, 0, 0,
    -3, 0, 0, -3, -5, -2, 0, 0,
    -5, -5, -3, -3, -1, -1, -1, -4,
    -2, -4, -4, -4, -4, -4, -6, -2,
    -5, -3, -4, -4, -4, -12, -12, -9,
    -7, -9, -8, 0, 0, 0, -5, -14,
    0, 0, 0, 0, -14, -4, -15, -12,
    0, -10, -5, -10, -10, 0, -6, 0,
    0, 0, 0, 0, 0, 0, 0, -4,
    0, 0, 0, -12, 0, -7, 0, -1,
    -1, -2, -1, -1, 0, -1, -5, -1,
    -5, -12, -10, 0, -5, 0, -13, 0,
    0, -2, 2, 1, 2, -2, 1, 0,
    -1, 0, 2, 1, 0, 1, -3, 0,
    -3, -3, -11, -3, -6, 0, 0, 0,
    0, 0, 0, 0, 0, -4, 0, 0,
    0, -9, 0, -7, -7, -7, -1, 0,
    0, 0, 0, 0, 0, -1, 0, -1,
    -2, -2, -2, -2, -2, -2, -2, 2,
    2, 2, 2, -1, -1, 1, 0, 0,
    2, 2, 0, 0, 0, 0, 0, -3,
    -1, -3, -2, -2, -2, 2, 1, 0,
    2, 2, 2, 1, 0, 0, 0, 0,
    0, -1, -1, 0, 0, 0, -1, -1,
    -1, -1, 1, 1, 1, -5, -3, 0,
    0, 0, 0, 0, -12, -3, 0, -3,
    -5, -6, -6, -5, -5, -12, -9, -12,
    -12, 0, 0, 0, -6, -20, 0, 0,
    0, 0, -20, -4, -24, -19, -5, -10,
    -5, -10, -10, 0, -11, 0, 0, 0,
    0, 0, 0, 0, 0, -4, 0, 0,
    0, -19, 0, -7, 0, -1, -1, -2,
    -1, -1, 0, -1, -28, -1, -18, -16,
    -13, -27, -8, 0, -19, 0, -23, -2,
    2, 1, 2, -2, 1, -1, -1, 0,
    2, 1, 0, 1, -3, 0, -4, -3,
    -11, -4, -6, 0, 0, 0, 0, 0,
    0, 0, 0, -4, 0, 0, 0, -9,
    0, -7, -7, -7, -1, 0, 0, 0,
    0, 0, 0, -1, -27, -1, -2, -2,
    -2, -2, -2, -2, -2, 2, 2, 2,
    2, -1, -1, -1, -1, 0, 2, 2,
    0, 0, 0, 0, 0, -4, -1, -4,
    -2, -2, -2, 2, 1, 0, 2, 2,
    2, 1, 0, 0, 0, 0, 0, -1,
    -1, -1, 0, 2, -1, -1, -1, -1,
    1, 1, 1, -28, -3, 0, 0, 0,
    0, 0, -16, -3, -27, -4, -8, -6,
    -6, -5, -5, -16, -17, -16, -16, 0,
    0, 0, -5, -13, 0, 0, 0, 0,
    -13, -5, -23, -9, -7, -10, -8, -10,
    -12, 1, -1, 0, 0, 0, 0, 1,
    0, 0, 0, -6, 0, 0, 0, -9,
    0, -6, -1, 0, 0, -2, 0, 0,
    -1, 0, -13, 0, -11, -10, -9, -14,
    -5, 0, -17, 0, -25, -2, 1, 2,
    1, -2, 1, -1, -2, 0, 1, 2,
    0, -1, -2, -1, -1, -2, -8, -1,
    -5, 0, 0, 0, 0, 0, 0, 0,
    0, -7, 0, 0, 0, -9, 0, -6,
    -6, -6, 0, -1, 0, 0, 0, 0,
    0, 0, -14, -2, -2, -2, -2, -2,
    -2, -2, -2, 1, 1, 1, 1, -2,
    -2, 1, 0, 0, 1, 1, 0, -1,
    -1, -1, -1, -1, -2, -1, -2, -2,
    -2, 1, 2, 0, 1, 1, 1, 1,
    0, 0, -1, 0, 0, -2, -2, -1,
    0, 0, -2, -2, -2, 0, -1, -1,
    -1, -13, -2, -1, -1, -1, -1, -1,
    -10, -2, -14, -1, -5, -5, -5, -8,
    -8, -8, -10, -8, -9, 0, 0, 0,
    -8, -15, 0, 0, 0, 0, -15, -7,
    -19, -12, -9, -10, -11, -10, -10, -2,
    -6, 0, 0, 0, 0, -2, 0, 0,
    0, -5, 0, 0, 0, -12, 0, -6,
    -4, -2, -2, -2, -2, -2, -4, -4,
    -16, -3, -18, -15, -7, -22, -7, 0,
    -13, 0, -14, -3, -1, -1, -1, -2,
    -1, -4, -1, 0, -1, -1, 0, -1,
    -2, -4, -3, -2, -6, -3, -4, 0,
    0, 0, 0, 0, 0, 0, 0, -10,
    0, 0, 0, -10, 0, -6, -6, -6,
    -2, -4, 0, 0, 0, 0, 0, -3,
    -22, -5, -3, -3, -3, -3, -3, -3,
    -3, -1, -1, -1, -1, -5, -5, -2,
    -5, 0, -1, -1, 0, -4, -4, -4,
    -4, -3, -5, -3, -3, -3, -3, -1,
    -1, 0, -1, -1, -1, -1, 0, 0,
    -4, 0, 0, -5, -5, -4, 0, 0,
    -5, -5, -5, -4, -1, -1, -1, -16,
    -2, -4, -4, -4, -4, -4, -15, -2,
    -22, -3, -7, -4, -4, -11, -11, -11,
    -13, -11, -12, 0, 0, 0, -8, -15,
    0, 0, 0, 0, -15, -7, -19, -12,
    -9, -10, -11, -10, -10, -2, -6, 0,
    0, 0, 0, -2, 0, 0, 0, -5,
    0, 0, 0, -12, 0, -6, -4, -2,
    -2, -2, -2, -2, -4, -4, -16, -3,
    -18, -15, -7, -22, -7, 0, -13, 0,
    -14, -3, -1, -1, -1, -2, -1, -4,
    -5, 0, -1, -1, 0, -1, -2, -4,
    -3, -2, -6, -3, -4, 0, 0, 0,
    0, 0, 0, 0, 0, -10, 0, 0,
    0, -10, 0, -6, -6, -6, -2, -4,
    0, 0, 0, 0, 0, -3, -22, -5,
    -3, -3, -3, -3, -3, -3, -3, -1,
    -1, -1, -1, -5, -5, -2, -5, 0,
    -1, -1, 0, -4, -4, -4, -4, -3,
    -5, -3, -3, -3, -3, -1, -1, 0,
    -1, -1, -1, -1, 0, 0, -4, -5,
    0, -5, -5, -4, 0, 0, -5, -5,
    -5, -4, -1, -1, -1, -16, -2, -4,
    -4, -4, -4, -4, -15, -2, -22, -3,
    -7, -4, -4, -11, -11, -11, -13, -11,
    -12, 0, 0, 0, 0, 0, 0, 0,
    0, 0, 0, 0, 0, 0, 0, 0,
    0, 0, 0, 0, 0, 0, 0, 0,
    0, 0, 0, 0, 0, 0, 0, 0,
    0, 0, 0, -6, 0, 0, 0, 0,
    0, 0, 0, 0, 0, 0, 0, 0,
    0, 0, 0, 0, 0, 0, 0, -4,
    0, 0, -1, 0, 0, 0, 0, 0,
    -1, 0, 0, 0, 0, 0, 0, 0,
    0, 0, 0, 0, 0, 0, 0, 0,
    0, 0, 0, 0, 0, 0, 0, 0,
    0, 0, 0, 0, 0, 0, 0, 0,
    0, 0, 0, 0, 0, 0, 0, 0,
    0, 0, 0, 0, 0, 0, 0, 0,
    0, 0, 0, 0, 0, 0, 0, 0,
    0, 0, 0, 0, 0, 0, 0, 0,
    0, 0, 0, 0, 0, 0, 0, 0,
    0, 0, 9, 0, 0, 0, 0, 0,
    0, 0, 0, 0, 0, 0, 0, 0,
    0, 0, 0, 0, 0, 0, 0, 0,
    0, 0, 0, 0, 0, 0, 0, 0,
    0, 0, 0, 0, 0, 0, 0, 0,
    0, 0, -7, -20, 0, 0, 0, 0,
    -20, -7, -19, -18, -8, -9, -10, -9,
    -9, -2, -10, 0, 0, 0, 0, -2,
    0, 0, 0, -5, 0, 0, 0, -18,
    0, -5, -3, -2, -2, -1, -2, -2,
    -3, -4, -29, -4, -20, -17, -6, -28,
    -7, 0, -14, 0, -14, -3, 0, 0,
    0, -4, 0, -1, -4, 0, 0, 0,
    0, -1, -5, -3, -5, -5, -6, -5,
    -5, 0, 0, 0, 0, 0, 0, 0,
    0, -9, 0, 0, 0, -10, 0, -5,
    -5, -5, -2, -3, 0, 0, 0, 0,
    0, -4, -28, -1, -3, -3, -3, -3,
    -3, -3, -3, 0, 0, 0, 0, -4,
    -4, -3, -4, 0, 0, 0, 0, -3,
    -3, -3, -3, -5, -4, -5, -3, -3,
    -3, 0, 0, 0, 0, 0, 0, 0,
    0, -4, -3, 0, 0, -4, -1, -1,
    0, 0, -1, -1, -4, -4, -1, -1,
    -1, -29, -5, -3, -3, -3, -3, -3,
    -17, -5, -28, -5, -7, -5, -5, -10,
    -10, -16, -17, -16, -16, 0, 0, 0,
    -5, -7, 0, 0, 0, 0, -7, -7,
    -10, -6, 0, -9, -10, -9, -9, 0,
    -1, 0, 0, 0, 0, 0, 0, 0,
    0, -3, 0, 0, 0, -6, 0, -4,
    -3, 0, 0, 0, 0, 0, -3, -1,
    -2, -2, -4, -4, -3, -3, -4, 0,
    -7, 0, -14, -3, 0, -1, 0, -1,
    0, -2, -3, 0, 0, -1, 0, -1,
    -1, -3, -2, -2, -6, -2, -4, 0,
    0, 0, 0, 0, 0, 0, 0, -9,
    0, 0, 0, -9, 0, -4, -4, -4,
    0, -3, 0, 0, 0, 0, 0, -2,
    -3, -4, -2, -3, -2, -2, -2, -2,
    -3, 0, 0, 0, 1, -3, -3, 0,
    0, 0, 0, 1, 0, -3, -3, -3,
    -3, -2, -3, -2, -2, -2, -3, 0,
    -1, 0, 0, 0, 1, 0, 0, 0,
    19, 0, 0, -3, -4, -2, 0, 0,
    -4, -4, -3, -1, -1, -1, -1, -2,
    -1, -3, -3, -3, -3, -3, -4, -2,
    -3, -2, -4, -4, -4, -10, -10, -7,
    -7, -7, -7, 0, 0, 0, -7, 0,
    0, 0, 0, 0, -8, -7, 0, -7,
    -9, -10, -11, -10, -9, -1, -3, 0,
    0, 0, 0, -1, 0, 0, 0, -4,
    0, 0, 0, -8, 0, -6, -3, -2,
    -2, -2, -2, -2, -3, -3, -4, -2,
    -5, -6, -6, -5, -4, 0, -7, 0,
    -3, -3, -1, -1, -1, -2, -1, -2,
    -3, 0, -1, -1, 0, -1, -2, -4,
    -3, -2, -6, -3, -4, 0, 0, 0,
    0, 0, 0, 0, 0, -10, 0, 0,
    0, -10, 0, -6, -6, -6, -2, -3,
    0, 0, 0, 0, 0, -2, -5, -5,
    -3, -3, -3, -3, -3, -3, -3, -1,
    -1, -1, -1, -3, -3, 0, 0, 0,
    -1, -1, 0, -4, -4, -4, -4, -3,
    -3, -3, -3, -3, -3, -1, -1, 0,
    -1, -1, -1, -1, 0, 0, -3, 0,
    0, -3, -5, -2, 0, 0, -5, -5,
    -3, -3, -1, -1, -1, -4, -2, -4,
    -4, -4, -4, -4, -6, -2, -5, -3,
    -4, -4, -4, -12, -12, -9, -7, -9,
    -8, 0, 0, 0, 0, -3, 0, 0,
    0, 0, -3, -2, -6, -2, -4, 0,
    -6, 0, -5, 6, 1, 0, 0, 0,
    0, 6, 0, 0, 0, 0, 0, 0,
    0, 0, 0, -2, 3, 5, 5, 2,
    5, 5, 3, 2, -1, 4, -2, -2,
    -2, -1, 3, 0, -3, 0, -14, 3,
    7, 6, 7, 3, 6, 1, 1, 0,
    7, 6, 0, 5, 3, 1, 3, 3,
    -2, 3, 1, 0, 0, 0, 0, 0,
    0, 0, 0, -5, 0, 0, 0, -5,
    0, -2, -2, -2, 5, 3, 0, 0,
    0, 0, 0, 4, -1, 0, 3, 3,
    3, 3, 3, 3, 3, 7, 7, 7,
    7, 1, 1, 2, 2, 0, 7, 7,
    0, 1, 1, 1, 1, 3, 1, 3,
    3, 3, 3, 7, 6, 0, 7, 7,
    7, 6, 0, 0, 3, 0, 0, 1,
    0, 1, 0, 0, 0, 0, 1, 2,
    5, 5, 5, -1, 3, 1, 1, 1,
    1, 1, -2, 3, -1, 3, 3, 1,
    1, -6, -6, 0, -3, 0, 0, 0,
    0, 0, 0, 0, 0, 0, 0, 0,
    0, 0, 0, 0, 0, 0, -10, 0,
    0, 0, 0, 0, 0, 0, 0, 0,
    0, 0, 0, 0, 0, 0, 0, 0,
    0, 0, 0, 0, 0, 0, 0, 0,
    0, 0, 0, 0, 0, 0, 0, 0,
    0, 0, 0, 0, 0, 0, 0, 0,
    0, 0, 0, 0, 0, 0, 0, 0,
    0, -1, 0, 0, 0, 0, 0, 0,
    0, 0, 0, 0, 0, 0, 0, 0,
    0, 0, 0, 0, 0, 0, 0, 0,
    0, 0, 0, 0, 0, 0, 0, 0,
    0, 0, 0, 0, 0, 0, 0, 0,
    0, 0, 0, 0, 0, 0, 0, 0,
    0, 0, 0, 0, 0, 0, 0, 0,
    0, 0, 0, 0, 0, 0, 0, 0,
    0, 0, 0, 0, 0, 0, 0, 0,
    0, 0, 0, 0, 0, 0, 0, 0,
    0, 0, 0, 0, 0, 0, 0, 0,
    0, 0, 0, 0, 0, 0, 0, 0,
    0, 0, 0, 0, 0, 0, 0, 0,
    0, 0, 0, 0, 0, 0, 0, 0,
    -8, -10, 0, 0, 0, 0, -10, -20,
    -8, -14, -40, -9, -30, -9, -7, -15,
    -13, 0, 0, 0, 0, -15, 0, 0,
    0, -6, 0, 0, 0, -16, 0, 0,
    -3, -19, -19, 0, -19, -19, -3, -13,
    -2, -6, -2, -4, 0, -3, -2, 0,
    -6, 0, -12, -9, -15, -14, -15, -13,
    -10, -5, -6, 0, -15, -14, -4, -10,
    -20, -13, -23, -21, 0, -23, -4, 0,
    0, 0, 0, 0, 0, 0, 0, -26,
    0, 0, 0, -14, 0, 0, 0, 0,
    -19, -3, 0, 0, 0, 0, 0, -6,
    -3, -8, -9, -9, -9, -9, -9, -9,
    -9, -15, -15, -15, -14, -6, -6, -1,
    0, 0, -15, -14, 0, -13, -13, -13,
    -13, -23, -6, -23, -9, -9, -9, -15,
    -14, 0, -15, -15, -14, -10, 0, 0,
    -3, 2, 0, -6, -8, -5, 0, 0,
    -8, -8, -6, -13, -10, -10, -10, -2,
    -20, -13, -13, -13, -13, -13, -4, -21,
    -3, -23, -2, -4, -4, -30, -30, -15,
    -10, -15, -10, 0, 0, 0, -6, -12,
    0, 0, 0, 0, -12, -10, -15, -6,
    -13, -5, -25, -5, -3, -3, 0, 0,
    0, 0, 0, -3, 0, 0, 0, -2,
    0, 0, 0, -3, 0, 0, -2, -4,
    -4, 0, -4, -4, -2, -5, -23, -3,
    -13, -13, 0, -18, -1, 0, -5, 0,
    -12, -6, -9, -8, -9, 1, -6, -3,
    -3, 0, -9, -8, 0, -6, 1, -4,
    -2, -2, -3, -2, -1, 0, 0, 0,
    0, 0, 0, 0, 0, -22, 0, 0,
    0, -9, 0, 0, 0, 0, -4, -2,
    0, 0, 0, 0, 0, -3, -18, -3,
    -6, -6, -6, -6, -6, -6, -6, -9,
    -9, -9, -9, -3, -3, -2, -3, 0,
    -9, -9, 0, -4, -4, -4, -4, -2,
    -3, -2, -6, -6, -6, -9, -8, 0,
    -9, -9, -9, -6, 0, 0, -2, -3,
    0, -3, -3, -3, 0, 0, -3, -3,
    -3, -5, -6, -6, -6, -23, 1, -4,
    -4, -4, -4, -4, -13, -2, -18, -2,
    -1, -1, -1, -25, -25, -6, -8, -6,
    -7, 0, 0, 0, -8, -33, 0, 0,
    0, 0, -33, -17, -18, -54, -35, -7,
    -30, -7, -7, -13, -24, 0, 0, 0,
    0, -13, 0, 0, 0, -6, 0, 0,
    0, -29, 0, -2, -5, -16, -16, 1,
    -16, -16, -5, -10, -34, -14, -35, -28,
    -2, -37, -3, 0, -12, 0, -13, -6,
    -10, -9, -10, -14, -9, -7, -7, 0,
    -10, -9, 0, -6, -18, -10, -23, -19,
    -5, -23, -4, 0, 0, 0, 0, 0,
    0, 0, 0, -19, 0, 0, 0, -12,
    0, -2, -2, -2, -16, -5, 0, -5,
    0, 0, 0, -14, -37, -7, -6, -6,
    -6, -6, -6, -6, -6, -10, -10, -10,
    -11, -7, -7, -7, -7, 0, -10, -11,
    0, -10, -10, -10, -10, -23, -7, -23,
    -6, -6, -6, -10, -9, 0, -10, -10,
    -11, -9, 0, 0, -5, 0, 0, -7,
    -7, -7, 0, 0, -7, -7, -7, -10,
    -6, -6, -6, -34, -18, -10, -10, -10,
    -10, -10, -28, -19, -37, -23, -3, -4,
    -4, -36, -36, -33, -35, -33, -52, 0,
    0, 0, 0, 0, 0, 0, 0, 0,
    0, 0, 0, 0, 0, 0, 0, 0,
    0, 0, 0, 0, 0, 0, 0, 0,
    0, 0, 0, 0, 0, 0, 0, 0,
    0, 0, 0, 0, 0, 0, 0, 0,
    0, 0, 0, 0, 0, 0, 0, 0,
    0, 0, 0, 0, 0, 0, 0, 0,
    0, 0, 0, 0, 0, 0, 0, 0,
    0, 0, 0, 0, 0, 0, 0, 0,
    -4, 0, 0, 0, 0, 0, 0, 0,
    0, 0, 0, 0, 0, 0, 0, 0,
    0, 0, 0, 0, 0, 0, 0, 0,
    0, 0, 0, 0, 0, 0, 0, 0,
    0, 0, 0, 0, 0, 0, 0, 0,
    0, 0, 0, 0, 0, 0, 0, 0,
    0, 0, 0, 0, 0, 0, 0, 0,
    0, 0, 0, 0, 0, 0, 0, 0,
    0, 0, 0, 0, 0, 0, 0, 0,
    0, 0, 0, -5, 0, 0, 0, 0,
    0, 0, 0, 0, 0, 0, 0, 0,
    0, 0, 0, 0, 0, 0, -4, 0,
    0, 0, 0, 0, 0, 0, 0, 0,
    -8, -33, 0, 0, 0, 0, -33, -17,
    -18, -54, -35, -7, -30, -7, -7, -13,
    -24, 0, 0, 0, 0, -13, 0, 0,
    0, -6, 0, 0, 0, -29, 0, -2,
    -5, -16, -16, 1, -16, -16, -5, -10,
    -34, -14, -35, -28, -2, -37, -3, 0,
    -12, 0, -13, -6, -10, -9, -10, -14,
    -9, -7, -7, 0, -10, -9, 0, -6,
    -18, -10, -23, -19, -5, -23, -4, 0,
    0, 0, 0, 0, 0, 0, 0, -19,
    0, 0, 0, -12, 0, -2, -2, -2,
    -16, -5, 0, 0, 0, 0, 0, -14,
    -37, -7, -6, -6, -6, -6, -6, -6,
    -6, -10, -10, -10, -11, -7, -7, -7,
    -7, 0, -10, -11, 0, -10, -10, -10,
    -10, -23, -7, -23, -6, -6, -6, -10,
    -9, 0, -10, -10, -11, -9, 0, 0,
    -5, 0, 0, -7, -7, -7, 0, 0,
    -7, -7, -7, -10, -6, -6, -6, -34,
    -18, -10, -10, -10, -10, -10, -28, -19,
    -37, -23, -3, -4, -4, -36, -36, -33,
    -35, -33, -52, 0, 0, 0, 0, 0,
    0, 0, 0, 0, 0, 0, -17, 0,
    0, 0, -33, 0, 0, 0, 0, 0,
    0, 0, 0, 0, 0, 0, 0, 0,
    0, 0, 0, 0, 0, 0, 0, 0,
    0, 0, -14, 0, 0, -9, 0, -10,
    0, 0, 0, 0, 0, 0, 0, 0,
    0, -6, 0, 0, 0, 0, 0, 0,
    0, 0, 0, 0, 0, 0, 0, -10,
    -15, 0, 0, 0, 0, 0, 0, 0,
    0, 0, 0, 0, 0, 0, 0, 0,
    0, 0, 0, 0, 0, 0, 0, 0,
    0, 0, 0, 0, 0, 0, 0, 0,
    0, 0, 0, 0, 0, 0, 0, 0,
    0, 0, 0, 0, 0, 0, 0, 0,
    0, 0, 0, 0, -10, 0, 0, 0,
    0, 0, 0, 0, 0, 0, 0, 0,
    0, 0, 0, 0, 0, 0, 0, 0,
    0, 0, 0, 0, 0, 0, 0, 0,
    0, 0, 0, 0, 0, 0, 0, 0,
    0, 0, 0, 0, 0, 0, 0, 0,
    0, 0, 0, 0, 0, 0, 0, 0,
    0, 0, 0, 0, -8, -33, 0, 0,
    0, 0, -33, -16, -17, 0, 0, -7,
    -33, -7, -7, 0, 0, 0, 0, 0,
    0, 0, 0, 0, 0, -5, 0, 0,
    0, -29, 0, -1, -4, -15, -15, 1,
    -15, -15, -4, -9, -32, -14, -34, -28,
    -2, -36, -2, 0, -12, 0, 0, -6,
    -10, -9, -10, 0, 0, -6, -7, 0,
    -10, -9, 0, -5, 0, -10, -22, 0,
    0, -22, -4, 0, 0, 0, 0, 0,
    0, 0, 0, -19, 0, 0, 0, -12,
    0, -1, -1, -1, -15, -4, 0, 0,
    0, 0, 0, -14, -36, 0, -6, -6,
    -6, -6, -6, -6, -6, -10, -10, -10,
    -10, -7, -7, 0, 0, 0, -10, -10,
    0, -10, -10, -10, -10, -22, -7, -22,
    -6, -6, -6, -10, -9, 0, -10, -10,
    -10, 0, 0, 0, -4, 0, 0, -7,
    0, -6, 0, 0, 0, 0, -7, -9,
    -5, -5, -5, -32, 0, -10, -10, -10,
    -10, -10, -28, 0, -36, -22, -2, -4,
    -4, -35, -35, -33, -35, -33, -37, 0,
    0, 0, 0, 0, 0, 0, 0, 0,
    -6, 0, -13, 0, 0, -12, -13, -12,
    0, 0, 0, 0, 0, 0, 0, 0,
    0, 0, 0, 0, 0, 0, 0, 0,
    0, 0, 0, 0, 0, 0, 0, 0,
    0, 0, 0, 0, 0, 0, 0, 0,
    0, 0, 0, 0, 0, -2, -1, 0,
    -1, 0, 1, 0, 0, 0, -1, 0,
    0, 0, 3, 0, 0, 0, 0, 2,
    0, 0, 0, 0, 0, 0, 0, 0,
    0, 0, 0, 0, 0, 0, 0, 0,
    0, 0, 0, 0, 0, 0, 0, 0,
    0, 0, 0, 0, 0, 0, 0, 0,
    0, 0, 0, 0, 0, 0, 0, 0,
    0, 0, 0, 0, -1, 0, 0, 0,
    0, 0, 0, 0, 0, 0, 0, 0,
    -2, 0, 0, 0, 0, -1, 0, 0,
    0, 0, 0, 0, 0, 0, 0, 0,
    0, 2, 0, 0, 0, 0, 0, 0,
    0, 0, 0, 0, 0, 0, 0, 0,
    0, 0, 0, 0, 0, 0, 0, 0,
    0, 0, 0, 0, 0, 0, 0, 0,
    -7, -20, 0, 0, 0, 0, -20, -7,
    -19, -18, -8, -9, -10, -9, -9, -2,
    -10, 0, 0, 0, 0, -2, 0, 0,
    0, -5, 0, 0, 0, -18, 0, -5,
    -3, -2, -2, -1, -2, -2, -3, -4,
    -29, -4, -20, -17, -6, -28, -7, 0,
    -14, 0, -14, -3, 0, 0, 0, -4,
    0, -1, -4, 0, 0, 0, 0, -1,
    -5, -3, -5, -5, -6, -5, -5, 0,
    0, 0, 0, 0, 0, 0, 0, -9,
    0, 0, 0, -10, 0, -5, -5, -5,
    -2, -3, 0, 0, 0, 0, 0, -4,
    -28, -1, -3, -3, -3, -3, -3, -3,
    -3, 0, 0, 0, 0, -4, -4, -3,
    -4, 0, 0, 0, 0, -3, -3, -3,
    -3, -5, -4, -5, -3, -3, -3, 0,
    0, 0, 0, 0, 0, 0, 0, 0,
    -3, 0, 0, -4, -1, -1, 0, 0,
    -1, -1, -4, -4, -1, -1, -1, -29,
    -5, -3, -3, -3, -3, -3, -17, -5,
    -28, -5, -7, -5, -5, -10, -10, -16,
    -17, -16, -16, 0, 0, 0, -7, -20,
    0, 0, 0, 0, -20, -7, -19, -18,
    -8, -9, -10, -9, -9, -2, -10, 0,
    0, 0, 0, -2, 0, 0, 0, -5,
    0, 0, 0, -18, 0, -5, -3, -2,
    -2, -1, -2, -2, -3, -4, -29, -4,
    -20, -17, -6, -28, -7, 0, -8, 0,
    -14, -3, 0, 0, 0, -4, 0, -1,
    -4, 0, 0, 0, 0, -1, -5, -3,
    -5, -5, -6, -5, -5, 0, 0, 0,
    0, 0, 0, 0, 0, -9, 0, 0,
    0, -10, 0, -5, -5, -5, -2, -3,
    0, 0, 0, 0, 0, -4, -28, -1,
    -3, -3, -3, -3, -3, -3, -3, 0,
    0, 0, 0, -4, -4, -3, -4, 0,
    0, 0, 0, -3, -3, -3, -3, -5,
    -4, -5, -3, -3, -3, 0, 0, 0,
    0, 0, 0, 0, 0, 0, -3, 0,
    0, -4, -1, -1, 0, 0, -1, -1,
    -4, -4, -1, -1, -1, -29, -5, -3,
    -3, -3, -3, -3, -17, -5, -28, -5,
    -7, -5, -5, -10, -10, -16, -17, -16,
    -16, 0, 0, 0, -6, -18, 0, 0,
    0, 0, -18, -4, -10, -20, -6, -10,
    -5, -10, -11, 0, -11, 0, 0, 0,
    0, 0, 0, 0, 0, -5, 0, 0,
    0, -21, 0, -8, 0, -1, -1, -4,
    -1, -1, 0, -1, -15, -1, -19, -16,
    -14, -28, -8, 0, -18, 0, -25, -1,
    0, 2, 0, -2, 1, 0, -1, 0,
    0, 2, 0, 1, -3, 0, -4, -3,
    -11, -4, -6, 0, 0, 0, 0, 0,
    0, 0, 0, -4, 0, 0, 0, -9,
    0, -8, -8, -8, -1, 0, 0, 0,
    0, 0, 0, -1, -28, -1, -1, -1,
    -1, -1, -1, -1, -1, 0, 0, 0,
    0, -1, -1, -1, -1, 0, 0, 0,
    0, 0, 0, 0, 0, -4, -1, -4,
    -1, -1, -1, 0, 2, 0, 0, 0,
    0, 1, 0, 0, 0, 0, 0, -1,
    -1, 0, 0, 0, -1, -1, -1, -1,
    1, 1, 1, -15, -3, 0, 0, 0,
    0, 0, -16, -3, -28, -4, -8, -6,
    -6, -5, -5, -16, -15, -16, -14, 0,
    0, 0, -5, -9, 0, 0, 0, 0,
    -9, -9, -14, -5, -12, -7, -20, -7,
    -4, -2, 0, 0, 0, 0, 0, -2,
    0, 0, 0, -3, 0, 0, 0, -6,
    0, 0, 0, -3, -3, 0, -3, -3,
    0, -5, -7, -3, -8, -8, 0, -12,
    -1, 0, -5, 0, -12, -6, -8, -7,
    -8, -1, -6, -2, -3, 0, -8, -7,
    0, -5, -1, -5, -1, -2, 0, -1,
    -2, 0, 0, 0, 0, 0, 0, 0,
    0, -21, 0, 0, 0, -9, 0, 0,
    0, 0, -3, 0, 0, 0, 0, 0,
    0, -3, -12, -4, -6, -6, -6, -6,
    -6, -6, -6, -8, -8, -8, -7, -3,
    -3, 4, 2, 0, -8, -7, 0, -5,
    -5, -5, -5, -1, -3, -1, -6, -6,
    -6, -8, -7, 0, -8, -8, -7, -6,
    0, 0, 0, 0, 0, -3, -4, -2,
    0, 0, -4, -4, -3, -5, -5, -5,
    -5, -7, -1, -5, -5, -5, -5, -5,
    -8, -2, -12, -1, -1, -2, -2, -20,
    -20, -7, -8, -7, -7, 0, 0, 0,
    0, 0, 0, 0, 0, 0, 0, 0,
    0, 0, 0, -27, -17, -27, 0, 0,
    0, 0, 0, 0, 0, 0, 0, 0,
    0, 0, 0, 0, 0, 0, 0, 0,
    0, 0, 0, 0, 0, 0, 0, 0,
    0, 0, 0, 0, 0, 0, 0, 0,
    0, 0, 0, 0, 0, -3, 0, 0,
    0, 0, 0, 0, 0, 0, 0, -2,
    3, 0, 0, 0, 0, 0, 0, 0,
    0, 0, 0, 0, 0, 0, 0, 0,
    0, 0, 0, 0, 0, 0, 0, 0,
    0, 0, 0, 0, 0, 0, 0, 0,
    0, 0, 0, 0, 0, 0, 0, 0,
    0, 0, 0, 0, 0, 0, 0, 0,
    0, 0, 0, 0, 0, 0, 0, 0,
    0, 0, 0, 0, 0, 0, 0, 0,
    0, 0, 0, 0, 0, 0, 0, 0,
    0, 0, 0, 0, 0, 0, 0, 0,
    0, -3, 0, 0, 0, 0, 0, 0,
    0, 0, 0, 0, 0, 0, 0, 0,
    0, 0, 0, 0, 0, 0, 0, 0,
    0, 0, 0, 0, 0, 0, -6, -7,
    0, 0, 0, 0, -7, -6, -24, -3,
    -6, -27, -17, -27, -20, -1, -1, 0,
    0, 0, 0, -1, 0, 0, 0, -2,
    0, 0, 0, -3, 0, -19, -1, -1,
    -1, -21, -1, -1, -1, -3, -22, -1,
    -9, -8, -20, -16, -20, 0, -25, 0,
    -26, -5, -3, -3, -3, 3, -3, -2,
    -3, 0, -3, -3, 0, -2, 3, -2,
    3, 2, -3, 3, -1, 0, 0, 0,
    0, 0, 0, 0, 0, -16, 0, 0,
    0, -7, 0, -19, -19, -19, -1, -1,
    0, 0, 0, 0, 0, -1, -16, -3,
    -5, -5, -5, -5, -5, -5, -5, -3,
    -3, -3, -3, -3, -3, -2, -3, 0,
    -3, -3, 0, -2, -2, -2, -2, 3,
    -3, 3, -5, -5, -5, -3, -3, 0,
    -3, -3, -3, -3, 0, 0, -1, 0,
    0, -3, -3, -2, 0, 0, -3, -3,
    -3, -3, -2, -2, -2, -22, 3, -2,
    -2, -2, -2, -2, -8, 2, -16, 3,
    -20, -1, -1, -17, -17, -4, -5, -4,
    -5, 0, 0, 0, 0, 0, 0, 0,
    0, 0, 0, 0, 0, 0, 0, -27,
    -17, -27, 0, 0, 0, 0, 0, 0,
    0, 0, 0, 0, 0, 0, 0, 0,
    0, 0, 0, 0, 0, 0, 0, 0,
    0, 0, 0, 0, 0, 0, 0, 0,
    0, 0, 0, 0, 0, 0, 0, -5,
    -3, 0, -3, 0, 0, 0, 0, 0,
    -3, 0, 0, -2, 0, -2, 0, 0,
    0, 0, 0, 0, 0, 0, 0, 0,
    0, 0, 0, 0, 0, 0, 0, 0,
    0, 0, 0, 0, 0, 0, 0, 0,
    0, 0, 0, 0, 0, 0, 0, -5,
    0, 0, 0, 0, 0, 0, 0, 0,
    0, 0, -2, 0, 0, 0, 0, 0,
    0, 0, 0, 0, 0, 0, 0, 0,
    0, 0, 0, 0, 0, 0, 0, 0,
    0, 0, 0, 0, 0, 0, 0, 0,
    0, 0, 0, 0, 0, 0, 0, 0,
    0, 0, 0, 0, 0, 0, 0, -2,
    0, 0, 0, 0, 0, 0, 0, 0,
    0, 0, 0, 0, 0, 0, 0, 0,
    0, 0, -5, -9, 0, 0, 0, 0,
    -9, -4, -18, -6, -11, -8, -6, -8,
    -10, 2, 0, 0, 0, 0, 0, 2,
    0, 0, 0, -5, 0, 0, 0, -4,
    0, -5, 0, 0, 0, 0, 0, 0,
    0, 0, -5, 0, -8, -7, -7, -11,
    -3, 0, -13, 0, -23, 0, -1, 0,
    -1, -1, 0, -1, 0, 0, -1, 0,
    0, -1, -1, -1, 0, -1, -6, 0,
    -5, 0, 0, 0, 0, 0, 0, 0,
    0, -5, 0, 0, 0, -9, 0, -5,
    -5, -5, 0, 0, 0, 0, 0, 0,
    0, 0, -11, -1, -1, 0, -1, -1,
    -1, -1, 0, -1, -1, -1, 0, 0,
    0, 5, 3, 0, -1, 0, 0, -1,
    -1, -1, -1, 0, 0, 0, -1, -1,
    0, -1, 0, 0, -1, -1, 0, 0,
    0, 0, 0, 0, 0, 0, -1, -1,
    0, 0, -1, -1, 0, 0, -1, -1,
    -1, -5, -1, -1, -1, -1, -1, -1,
    -7, -1, -11, 0, -3, -5, -5, -6,
    -6, -7, -8, -7, -7, 0, 0, 0,
    0, 0, 0, 0, 0, 0, 0, 0,
    -12, 0, 0, 0, -7, 0, 0, 0,
    0, 0, 0, 0, 0, 0, 0, 0,
    0, 0, 0, 0, 0, 0, 0, 0,
    0, 0, 0, 0, 0, 0, 0, 0,
    0, 0, 0, 0, 0, 0, 0, 0,
    0, 0, 0, 5, 7, 0, 7, 0,
    0, 3, 0, 0, 7, 0, 0, 0,
    0, 3, 0, 0, 0, 0, 0, 0,
    0, 0, 0, 0, 0, 0, 0, 0,
    0, 0, 0, 0, 0, 0, 0, 0,
    0, 0, 0, 0, 0, 0, 0, 0,
    0, 0, 0, 0, 0, 0, 0, 0,
    0, 0, 0, 0, 0, 0, 0, 0,
    0, 0, 0, 0, 0, 0, 0, 0,
    0, 0, 0, 0, 0, 0, 0, 7,
    0, 0, 0, 0, 7, 0, 0, 0,
    0, 0, 0, 0, 0, 0, 0, 0,
    2, 0, 0, 0, 0, 0, 0, 0,
    0, 0, 0, 3, 0, 0, 0, 0,
    0, 0, 0, 0, 0, 0, 0, 0,
    0, 0, 0, 0, 0, 0, -4, -17,
    0, 0, 0, 0, -17, -3, -20, -15,
    -5, -5, -8, -5, -7, 3, -5, 0,
    0, 0, 0, 3, 0, 0, 0, -1,
    0, 0, 0, -17, 0, -3, 2, 1,
    1, 0, 1, 1, 2, 0, -27, 0,
    -16, -14, -6, -24, -3, 0, -16, 0,
    -18, 2, 4, 5, 4, 0, 4, 1,
    0, 0, 4, 5, 0, 2, 0, 1,
    -2, -1, -5, -2, -1, 0, 0, 0,
    0, 0, 0, 0, 0, -6, 0, 0,
    0, -4, 0, -3, -3, -3, 1, 2,
    0, 0, 0, 0, 0, 0, -24, 0,
    2, 2, 2, 2, 2, 2, 2, 4,
    4, 4, 4, 0, 0, 1, 0, 0,
    4, 4, 0, 1, 1, 1, 1, -2,
    0, -2, 2, 2, 2, 4, 5, 0,
    4, 4, 4, 4, 0, 0, 2, 0,
    0, 0, 0, 1, 0, 0, 0, 0,
    0, 0, 2, 2, 2, -27, 0, 1,
    1, 1, 1, 1, -14, -1, -24, -2,
    -3, -1, -1, -9, -9, -13, -14, -13,
    -13, 0, 0, 0, -5, -9, 0, 0,
    0, 0, -9, -4, -18, -6, -11, -8,
    -6, -8, -10, 2, 0, 0, 0, 0,
    0, 2, 0, 0, 0, -5, 0, 0,
    0, -4, 0, -5, 0, 0, 0, 0,
    0, 0, 0, 0, -5, 0, -8, -7,
    -7, -11, -3, 0, -13, 0, -23, 0,
    -1, 0, -1, -1, 0, -1, 0, 0,
    -1, 0, 0, -1, -1, -1, 0, -1,
    -6, 0, -5, 0, 0, 0, 0, 0,
    0, 0, 0, -5, 0, 0, 0, -9,
    0, -5, -5, -5, 0, 0, 0, 0,
    0, 0, 0, 0, -11, -1, -1, 0,
    -1, -1, -1, -1, 0, -1, -1, -1,
    0, 0, 0, 5, 3, 0, -1, 0,
    0, -1, -1, -1, -1, 0, 0, 0,
    -1, -1, 0, -1, 0, 0, -1, -1,
    0, 0, 0, 0, 0, 2, 0, 0,
    -1, -1, 0, 0, -1, -1, 0, 0,
    -1, -1, -1, -5, -1, -1, -1, -1,
    -1, -1, -7, -1, -11, 0, -3, -5,
    -5, -6, -6, -7, -8, -7, -7, 0,
    0, 0, -4, -10, 0, 0, 0, 0,
    -17, -3, -9, -15, -5, -5, -8, -5,
    -7, 3, -5, 0, 0, 0, 0, 3,
    0, 0, 0, -1, 0, 0, 0, -17,
    0, -3, 2, 1, 1, 0, 1, 1,
    2, 0, -27, 0, -16, -14, -6, -24,
    -3, 0, -16, 0, -18, 2, 4, 5,
    4, 0, 4, 1, 0, 0, 4, 5,
    0, 2, 0, 1, -2, -1, -5, -2,
    -1, 0, 0, 0, 0, 0, 0, 0,
    0, -6, 0, 0, 0, -4, 0, -3,
    -3, -3, 1, 2, 0, 0, 0, 0,
    0, 0, -24, 0, 2, 2, 2, 2,
    2, 2, 2, 4, 4, 4, 4, 0,
    0, 1, 0, 0, 4, 4, 0, 1,
    1, 1, 1, -2, 0, -2, 2, 2,
    2, 4, 5, 0, 4, 4, 4, 4,
    0, 0, 2, 1, 2, 0, 0, 1,
    0, 0, 0, 0, 0, 0, 2, 2,
    2, -27, 0, 1, 1, 1, 1, 1,
    -14, -1, -24, -2, -3, -1, -1, -9,
    -9, -13, -14, -13, -13, 0, 0, 0,
    -7, 0, 0, 0, 0, 0, 0, -19,
    -7, -4, -30, -35, -40, -35, -33, -12,
    -4, 0, 0, 0, 0, -12, 0, 0,
    0, -31, 0, 0, 0, -7, 0, -30,
    -2, -14, -14, -26, -14, -14, -2, -10,
    1, -2, 0, -1, -2, 0, -2, 0,
    -4, 0, -34, -30, -29, 0, -29, -14,
    -29, -3, -3, -28, -29, 0, -28, -29,
    -17, -23, -23, -23, -24, -23, 0, 0,
    0, 0, 0, 0, 0, 0, 0, -39,
    0, 0, 0, -41, 0, -30, -30, -30,
    -14, -2, 0, 0, 0, 0, 0, -2,
    0, -18, -11, -30, -11, -11, -11, -11,
    -30, -29, -29, -29, -13, -3, -3, 0,
    8, 0, -29, -13, 0, 0, 0, 0,
    0, -23, -3, -23, -11, -11, -30, -29,
    0, 0, -29, -29, -13, -29, 0, 0,
    -2, 0, 0, -3, -18, -3, 0, 0,
    -18, -18, -3, -10, -29, -29, -29, 1,
    -17, 0, 0, 0, 0, 0, -1, -23,
    0, -23, -2, 0, 0, -40, -40, -7,
    0, -7, -3, 0, 0, 0, 1, 3,
    0, 0, 0, 0, 3, -5, 2, 0,
    0, -5, -18, -5, -4, 0, 0, 0,
    0, 0, 0, 0, 0, 0, 0, 0,
    0, 0, 0, 0, 0, 0, 0, 0,
    0, 0, 0, 0, 0, 0, 0, 0,
    0, 0, 0, 0, 0, 0, 1, 0,
    0, -2, -4, -3, -4, 2, 0, 0,
    0, 0, -4, -3, 0, -1, 2, -3,
    1, 0, 0, 1, 0, 0, 0, 0,
    0, 0, 0, 0, 0, -17, 0, 0,
    0, 0, 0, 0, 0, 0, 0, 0,
    0, 0, 0, 0, 0, 0, 0, 0,
    0, -2, 0, 0, 0, 0, -2, -4,
    -4, -4, -3, 0, 0, 0, 0, 0,
    -4, -3, 0, -3, -3, -3, -3, 1,
    0, 1, 0, 0, -2, -4, -3, 0,
    -4, -4, -3, 0, 0, 0, 0, 0,
    0, 0, 0, 0, 0, 0, 0, 0,
    0, 0, -1, -1, -1, 0, 2, -3,
    -3, -3, -3, -3, 0, 0, 0, 1,
    0, 0, 0, -18, -18, 0, 1, 0,
    2, 0, 0, 0, -8, -15, 0, 0,
    0, 0, -15, -7, -19, -12, -9, -10,
    -11, -10, -10, -2, -6, 0, 0, 0,
    0, -2, 0, 0, 0, -5, 0, 0,
    0, -12, 0, -6, -4, -2, -2, -2,
    -2, -2, -4, -4, -16, -3, -18, -15,
    -7, -22, -7, 0, -13, 0, -14, -3,
    -1, -1, -1, -2, -1, -4, 0, 0,
    -1, -1, 0, -1, -2, -4, -3, -2,
    -6, -3, -4, 0, 0, 0, 0, 0,
    0, 0, 0, -10, 0, 0, 0, -10,
    0, -6, -6, -6, -2, -4, 0, 0,
    0, 0, 0, -3, -22, -5, -3, -3,
    -3, -3, -3, -3, -3, -1, -1, -1,
    -1, -5, -5, -2, -5, 0, -1, -1,
    0, -4, -4, -4, -4, -3, -5, -3,
    -3, -3, -3, -1, -1, 0, -1, -1,
    -1, -1, 0, 0, -4, 0, 0, -5,
    -5, -4, 0, 0, -5, -5, -5, -4,
    -1, -1, -1, -16, -2, -4, -4, -4,
    -4, -4, -15, -2, -22, -3, -7, -4,
    -4, -11, -11, -11, -13, -11, -12, 0,
    0, 0, -9, -6, 0, 0, 0, 0,
    -6, -17, -9, -7, -19, -31, -24, -31,
    -31, -10, -4, 0, 0, 0, 0, -10,
    0, 0, 0, -16, 0, 0, 0, -9,
    0, -28, -4, -10, -10, -22, -10, -10,
    -4, -10, -1, -3, -1, -3, -4, 0,
    -5, 0, -7, 0, -31, -18, -16, -16,
    -16, -8, -16, -5, -5, -10, -16, -16,
    -10, -14, -8, -14, -8, -10, -15, -8,
    -15, 0, 0, 0, 0, 0, 0, 0,
    0, -25, 0, 0, 0, -19, 0, -28,
    -28, -28, -10, -4, 0, 0, 0, 0,
    0, -3, 0, -15, -13, -18, -13, -13,
    -13, -13, -18, -16, -16, -16, -12, -5,
    -5, 3, 4, 0, -16, -12, 0, -14,
    -14, -14, -14, -8, -5, -8, -13, -13,
    -18, -16, -16, 0, -16, -16, -12, -16,
    0, 0, -4, 0, 0, -5, -15, -5,
    0, 0, -15, -15, -5, -10, -14, -14,
    -14, -1, -8, -14, -14, -14, -14, -14,
    -3, -10, 0, -8, -5, -15, -15, -24,
    -24, -10, -7, -10, -6, 0, 0, 0,
    -7, -9, 0, 0, 0, 0, -9, -7,
    -25, -5, -6, -20, -13, -20, -20, -1,
    -1, 0, 0, 0, 0, -1, 0, 0,
    0, -3, 0, 0, 0, -3, 0, -17,
    -2, -1, -1, -14, -1, -1, -2, -5,
    -23, -1, -10, -10, -18, -16, -17, 0,
    -26, 0, -24, -6, -3, -3, -3, 1,
    -3, -2, -2, 0, -3, -3, 0, -3,
    1, -2, 1, 0, -2, 1, -2, 0,
    0, 0, 0, 0, 0, 0, 0, -13,
    0, 0, 0, -8, 0, -17, -17, -17,
    -1, -2, 0, 0, 0, 0, 0, -1,
    -16, -2, -5, -6, -5, -5, -5, -5,
    -6, -3, -3, -3, -3, -2, -2, -2,
    -2, 0, -3, -3, 0, -2, -2, -2,
    -2, 1, -2, 1, -5, -5, -6, -3,
    -3, 0, -3, -3, -3, -3, 0, 0,
    -2, 0, 0, -2, -2, -2, 0, 0,
    -2, -2, -2, -5, -3, -3, -3, -23,
    1, -2, -2, -2, -2, -2, -10, 0,
    -16, 1, -17, -2, -2, -13, -13, -6,
    -6, -6, -6, 0, 0, 0, -7, -5,
    0, 0, 0, 0, -5, -22, -6, -8,
    -28, -35, -40, -35, -35, -14, -6, 0,
    0, 0, 0, -14, 0, 0, 0, -23,
    0, 0, 0, -10, 0, -32, -3, -16,
    -16, -28, -16, -16, -3, -13, 0, -2,
    0, 0, -1, 0, -3, 0, -5, 0,
    -37, -28, -28, -27, -28, -14, -27, -3,
    -5, -23, -28, -27, -23, -25, -15, -22,
    -15, -16, -21, -15, -21, 0, 0, 0,
    0, 0, 0, 0, 0, -40, 0, 0,
    0, -28, 0, -32, -32, -32, -16, -3,
    0, 0, 0, 0, 0, -2, 0, -22,
    -12, -28, -12, -12, -12, -12, -28, -28,
    -28, -28, -13, -5, -5, 5, 0, 0,
    -28, -13, 0, 0, 0, 0, 0, -15,
    -5, -15, -12, -12, -28, -28, -27, 0,
    -28, -28, -13, -27, 0, 0, -3, 0,
    0, -5, -22, -3, 0, 0, -22, -22,
    -5, -13, -25, -25, -25, 0, -15, 0,
    0, 0, 0, 0, 0, -16, 0, -15,
    -3, -21, -21, -40, -40, -10, -5, -10,
    -4, 0, 0, 0, -6, -8, 0, 0,
    0, 0, -6, -7, -24, -2, -7, -23,
    -15, -23, -20, -1, -1, 0, 0, 0,
    0, -1, 0, 0, 0, -2, 0, 0,
    0, -2, 0, -19, -2, -1, -1, -19,
    -1, -1, -2, -3, -23, -1, -9, -9,
    -19, -15, -20, 0, -26, 0, -28, -6,
    -4, -4, -4, 2, -4, -2, -3, 0,
    -4, -4, 0, -4, 2, -2, 1, 1,
    -1, 1, -2, 0, 0, 0, 0, 0,
    0, 0, 0, -15, 0, 0, 0, -8,
    0, -19, -19, -19, -1, -2, 0, 0,
    0, 0, 0, -1, -15, -3, -6, -6,
    -6, -6, -6, -6, -6, -4, -4, -4,
    -4, -3, -3, -2, -3, 0, -4, -4,
    0, -2, -2, -2, -2, 1, -3, 1,
    -6, -6, -6, -4, -4, 0, -4, -4,
    -4, -4, 0, 0, -2, 0, 0, -3,
    -3, -2, 0, 0, -3, -3, -3, -3,
    -4, -4, -4, -23, 2, -2, -2, -2,
    -2, -2, -9, 1, -15, 1, -20, -2,
    -2, -15, -15, -4, -5, -4, -4, 0,
    0, 0, -7, -5, 0, 0, 0, 0,
    -5, -22, -6, -8, -28, -35, -40, -35,
    -35, -14, -6, 0, 0, 0, 0, -14,
    0, 0, 0, -23, 0, 0, 0, -10,
    0, -32, -3, -16, -16, -28, -16, -16,
    -3, -13, 0, -2, 0, 0, -1, 0,
    -3, 0, -5, 0, -37, -28, -28, -27,
    -28, -14, -27, -3, -5, -23, -28, -27,
    -23, -25, -15, 0, -15, -16, -21, -15,
    -21, 0, 0, 0, 0, 0, 0, 0,
    0, -40, 0, 0, 0, -28, 0, -32,
    -32, -32, -16, -3, 0, 0, 0, 0,
    0, -2, 0, -22, -12, -28, -12, -12,
    -12, -12, -28, -28, -28, -28, -13, -5,
    -5, 5, 0, 0, -28, -13, 0, 0,
    0, 0, 0, -15, -5, -15, -12, -12,
    -28, -28, -27, 0, -28, -28, -13, -27,
    0, 0, -3, 0, 0, -5, -22, -3,
    0, 0, -22, -22, -5, -13, -25, -25,
    -25, 0, -15, 0, 0, 0, 0, 0,
    0, -16, 0, -15, -3, -21, -21, -40,
    -40, -10, -5, -10, -4, 0, 0, 0,
    -6, -6, 0, 0, 0, 0, -6, -15,
    -8, -7, -25, -7, -27, -7, -7, -8,
    -3, 0, 0, 0, 0, -8, 0, 0,
    0, -5, 0, 0, 0, -7, 0, -2,
    -2, -10, -10, 1, -10, -10, -2, -6,
    -1, -3, -2, -4, -2, -1, -2, 0,
    -6, 0, -14, -6, -10, -9, -10, -9,
    -9, -2, -3, 0, -10, -9, 0, -5,
    -11, -9, -12, -12, -4, -12, -4, 0,
    0, 0, 0, 0, 0, 0, 0, -19,
    0, 0, 0, -12, 0, -2, -2, -2,
    -10, -2, 0, 0, 0, 0, 0, -3,
    -1, -7, -5, -6, -5, -5, -5, -5,
    -6, -10, -10, -10, -8, -3, -3, 4,
    0, 0, -10, -8, 0, -9, -9, -9,
    -9, -12, -3, -12, -5, -5, -6, -10,
    -9, 0, -10, -10, -8, -9, 0, 0,
    -2, 0, 0, -3, -7, -2, 0, 0,
    -7, -7, -3, -6, -5, -5, -5, -1,
    -11, -9, -9, -9, -9, -9, -4, -12,
    -1, -12, -2, -4, -4, -28, -28, -9,
    -6, -9, -6, 0, 0, 0, -7, -13,
    0, 0, 0, 0, -13, -8, -17, -9,
    -9, -7, -18, -7, -7, -3, -3, 0,
    0, 0, 0, -3, 0, 0, 0, -4,
    0, 0, 0, -9, 0, -3, -3, -3,
    -3, 0, -3, -3, -3, -7, -23, -5,
    -15, -14, -4, -20, -4, 0, -12, 0,
    -13, -4, -5, -5, -5, 0, -5, -3,
    -4, 0, -5, -5, 0, -3, -1, -4,
    0, -1, -3, 0, -3, 0, 0, 0,
    0, 0, 0, 0, 0, -19, 0, 0,
    0, -8, 0, -3, -3, -3, -3, -3,
    0, 0, 0, 0, 0, -5, -20, -4,
    -4, -4, -4, -4, -4, -4, -4, -5,
    -5, -5, -5, -4, -4, -2, -4, 0,
    -5, -5, 0, -4, -4, -4, -4, 0,
    -4, 0, -4, -4, -4, -5, -5, 0,
    -5, -5, -5, -5, 0, 0, -3, 0,
    0, -4, -4, -3, 0, 0, -4, -4,
    -4, -7, -3, -3, -3, -23, -1, -4,
    -4, -4, -4, -4, -14, -1, -20, 0,
    -4, -3, -3, -18, -18, -8, -11, -8,
    -9, 0, 0, 0, -7, -13, 0, 0,
    0, 0, -13, -8, -9, -9, -9, -7,
    -18, -7, -7, -3, -3, 0, 0, 0,
    0, -3, 0, 0, 0, -4, 0, 0,
    0, -9, 0, -3, -3, -3, -3, 0,
    -3, -3, -3, -7, -23, -5, -15, -14,
    -4, -20, -4, 0, -12, 0, -13, -4,
    -5, -5, -5, 0, -5, -3, -4, 0,
    -5, -5, 0, -3, -1, -4, 0, -1,
    -3, 0, -3, 0, 0, 0, 0, 0,
    0, 0, 0, -19, 0, 0, 0, -8,
    0, -3, -3, -3, -3, -3, 0, 0,
    0, 0, 0, -5, -20, -4, -4, -4,
    -4, -4, -4, -4, -4, -5, -5, -5,
    -5, -4, -4, -2, -4, 0, -5, -5,
    0, -4, -4, -4, -4, 0, -4, 0,
    -4, -4, -4, -5, -5, 0, -5, -5,
    -5, -5, 0, 0, -3, 0, 0, -4,
    -4, -3, 0, 0, -4, -4, -4, -7,
    -3, -3, -3, -23, -1, -4, -4, -4,
    -4, -4, -14, -1, -20, 0, -4, -3,
    -3, -18, -18, -8, -11, -8, -9, 0,
    0, 0, -17, -30, 0, 0, 0, 0,
    -30, -13, -36, 0, 0, -22, 0, -22,
    -21, -7, -29, -21, -10, -7, -12, -7,
    -31, -8, -13, -16, 0, 0, 0, 0,
    0, -19, -10, -7, -7, -25, -7, -7,
    -10, -11, -40, -9, -27, -24, -26, -40,
    -20, 0, -35, 0, 0, -13, -5, -6,
    -5, -14, -5, -11, -11, 0, -5, -6,
    0, -12, -15, -10, -15, -13, -26, -15,
    -19, 0, 0, 0, 0, 0, 0, 0,
    0, -11, 0, 0, 0, -20, 0, -19,
    -19, -19, -7, -10, 0, 0, 0, 0,
    0, -9, -40, -11, -13, -13, -13, -13,
    -13, -13, -13, -5, -5, -5, -5, -11,
    -11, 0, 0, 0, -5, -5, 0, -10,
    -10, -10, -10, -15, -11, -15, -13, -13,
    -13, -5, -6, 0, -5, -5, -5, -5,
    0, 0, -10, 0, 0, -11, -11, -11,
    0, 0, -11, -11, -11, -11, -12, -12,
    -12, -40, -15, -10, -10, -10, -10, -10,
    -24, -13, -40, -15, -20, -19, -19, -11,
    -11, -30, -30, -30, 0, 0, 0, 0,
    -17, -30, 0, 0, 0, 0, -30, -13,
    -36, 0, 0, -22, 0, -22, -21, -7,
    -29, -21, -10, -7, -12, -7, -31, -8,
    -13, -16, 0, 0, 0, 0, 0, -19,
    -10, -7, -7, -25, -7, -7, -10, -11,
    -40, -9, -27, -24, -26, -40, -20, 0,
    -35, 0, 0, -13, -5, -6, -5, -14,
    -5, -11, -11, 0, -5, -6, 0, -12,
    -15, -10, -15, -13, -26, -15, -19, 0,
    0, 0, 0, 0, 0, 0, 0, -11,
    0, 0, 0, -20, 0, -19, -19, -19,
    -7, -10, 0, 0, 0, 0, 0, -9,
    -40, -11, -13, -13, -13, -13, -13, -13,
    -13, -5, -5, -5, -5, -11, -11, 0,
    0, 0, -5, -5, 0, -10, -10, -10,
    -10, -15, -11, -15, -13, -13, -13, -5,
    -6, 0, -5, -5, -5, -5, 0, 0,
    -10, 0, 0, -11, -11, -11, 0, 0,
    -11, -11, -11, -11, -12, -12, -12, -40,
    -15, -10, -10, -10, -10, -10, -24, -13,
    -40, -15, -20, -19, -19, -11, -11, -30,
    -30, -30, -36, 0, 0, 0, -8, -7,
    0, 0, -4, 0, -7, -15, -11, -7,
    -16, -35, -29, -35, -30, -7, -1, -4,
    -6, -24, -11, -7, -4, -7, -4, -12,
    0, 0, 0, 0, 0, -28, -5, -7,
    -7, -30, -7, -7, -5, -9, -5, -4,
    -5, -6, -9, -4, -10, 0, -8, 0,
    0, -16, -16, -16, -16, -3, -16, 0,
    -8, 0, -16, -16, 0, -14, -3, -10,
    -4, -6, -12, -4, -10, 0, 0, 0,
    0, 0, 0, 0, 0, -26, 0, 0,
    0, -16, -30, -28, -28, -28, -7, -5,
    0, 0, 0, 0, 0, -4, -4, -11,
    -14, -16, -14, -14, -14, -14, -16, -16,
    -16, -16, -13, -8, -8, 0, 0, 0,
    -16, -13, 0, -10, -10, -10, -10, -4,
    -8, -4, -14, -14, -16, -16, -16, 0,
    -16, -16, -13, -16, 0, 0, -5, 0,
    0, -8, -11, 0, 0, 0, -11, -11,
    -8, -9, -14, -14, -14, -5, -3, -10,
    -10, -10, -10, -10, -6, -6, -4, -4,
    -10, -10, -10, -30, -30, -7, -8, -7,
    0, -33, 0, -33, 0, 0, 0, 0,
    0, 0, 0, 0, -11, 0, 0, -35,
    -35, -35, 0, 0, 0, 0, 0, 0,
    0, 0, 0, 0, 0, 0, 0, 0,
    0, 0, 0, -34, -9, -15, -15, -32,
    -15, -15, -9, -13, -5, -8, -6, -7,
    -10, -5, -10, 0, 0, 0, 0, -25,
    -25, -25, -25, -10, -24, 0, -11, 0,
    -25, -25, 0, -22, -10, -16, -12, -14,
    -18, -12, -17, 0, 0, 0, 0, 0,
    0, 0, 0, -35, 0, 0, 0, 0,
    0, -34, -34, -34, -15, -9, 0, 0,
    0, 0, 0, -8, -5, -17, -18, -25,
    -18, -18, -18, -18, -25, -25, -25, -25,
    -18, -11, -11, 0, 0, 0, -25, -18,
    0, -16, -16, -16, -16, -12, -11, -12,
    -18, -18, -25, -25, -25, 0, -25, -25,
    -18, -24, 0, 0, -9, 0, 0, -11,
    -17, 0, 0, 0, -17, -17, -11, -13,
    -22, -22, -22, -5, -10, -16, -16, -16,
    -16, -16, -7, -14, -5, -12, -10, -17,
    -17, 0, 0, 0, 0, 0, 0, 0,
    0, 0, -11, 0, 0, 0, -14, 0,
    0, -18, 0, -33, -33, -8, -27, -8,
    -6, -14, -27, -3, -10, -12, -11, -14,
    -23, -10, -12, -7, 0, 0, 0, 0,
    0, -5, -8, -17, -17, -1, -17, -17,
    -8, -12, -33, -15, -33, -31, -7, -33,
    -6, 0, 0, 0, 0, -7, -11, -10,
    -11, -16, -8, 0, -8, 0, -11, -10,
    0, -7, -19, -11, -24, -21, -7, -24,
    -6, 0, 0, 0, 0, 0, 0, 0,
    0, -20, 0, 0, 0, -13, 0, -5,
    -5, -5, -17, -8, 0, 0, 0, 0,
    0, -15, -33, -9, -7, -7, -7, -7,
    -7, -7, -7, -11, -11, -11, -11, -8,
    -8, 0, 0, 0, -11, -11, 0, -11,
    -11, -11, -11, -24, -8, -24, -7, -7,
    -7, -11, -10, 0, -11, -11, -11, -8,
    0, 0, -8, 0, 0, -8, -9, 0,
    0, 0, -9, -9, -8, -12, -7, -7,
    -7, -33, -19, -11, -11, -11, -11, -11,
    -31, -21, -33, -24, -6, -6, -6, -28,
    -28, -33, -35, -33, 0, 0, 0, 0,
    -8, -7, 0, 0, -4, 0, -7, -15,
    -11, -7, -16, -35, -29, -35, -30, -7,
    -1, -4, -6, -24, -11, -7, -4, -7,
    -4, -12, 0, 0, 0, 0, 0, -28,
    -5, -7, -7, -30, -7, -7, -5, -9,
    -5, -4, -5, -6, -9, -4, -10, 0,
    -8, 0, -58, -16, -16, -16, -16, -3,
    -16, 0, -8, 0, -16, -16, 0, -14,
    -3, -10, -4, -6, -12, -4, -10, 0,
    0, 0, 0, 0, 0, 0, 0, -26,
    0, 0, 0, -16, -30, -28, -28, -28,
    -7, -5, 0, 0, 0, 0, 0, -4,
    -4, -11, -14, -16, -14, -14, -14, -14,
    -16, -16, -16, -16, -13, -8, -8, 0,
    0, 0, -16, -13, 0, -10, -10, -10,
    -10, -4, -8, -4, -14, -14, -16, -16,
    -16, 0, -16, -16, -13, -16, 0, 0,
    -5, 0, 0, -8, -11, 0, 0, 0,
    -11, -11, -8, -9, -14, -14, -14, -5,
    -3, -10, -10, -10, -10, -10, -6, -6,
    -4, -4, -10, -10, -10, -30, -30, -7,
    -8, -7, 0, -57, 0, -58, 0, 0,
    0, 0, 0, 0, 0, 0, -10, 0,
    0, -35, -42, -35, 0, 0, 0, 0,
    0, 0, 0, 0, 0, 0, 0, -17,
    0, 0, 0, 0, 0, -34, -8, -14,
    -14, -34, -14, -14, -8, -12, -3, -6,
    -4, -6, -8, -4, -8, 0, 0, 0,
    0, -23, -24, -23, -24, -9, -23, 0,
    -9, 0, -24, -23, 0, -20, -9, -16,
    -10, -13, -17, -10, -11, 0, 0, 0,
    0, 0, 0, 0, 0, 0, 0, 0,
    0, 0, 0, -34, -34, -34, -14, -8,
    0, 0, 0, 0, 0, -6, -4, -16,
    -16, -23, -16, -16, -16, -16, -23, -24,
    -24, -24, -16, -9, -9, 0, 0, 0,
    -24, -16, 0, -16, -16, -16, -16, -10,
    -9, -10, -16, -16, -23, -24, -23, 0,
    -24, -24, -16, -23, 0, 0, -8, 0,
    0, -9, -16, 0, 0, 0, -16, -16,
    -9, -12, -20, -20, -20, -3, -9, -16,
    -16, -16, -16, -16, -6, -13, -4, -10,
    -8, -11, -11, 0, -43, 0, 0, 0,
    0, 0, 0, -58, -11, 0, 0, 0,
    -14, 0, 0, -18, 0, -33, -33, -8,
    -27, -8, -6, -14, -27, -3, -10, -12,
    -11, -14, -23, -10, -12, -7, 0, 0,
    0, 0, 0, -5, -8, -17, -17, -1,
    -17, -17, -8, -12, -33, -15, -33, -31,
    -7, -33, -6, 0, 0, 0, 0, -7,
    -11, -10, -11, -16, -8, 0, -8, 0,
    -11, -10, 0, -7, -19, -11, -24, -21,
    -7, -24, -6, 0, 0, 0, 0, 0,
    0, 0, 0, -20, 0, 0, 0, -13,
    0, -5, -5, -5, -17, -8, 0, 0,
    0, 0, 0, -15, -33, -9, -7, -7,
    -7, -7, -7, -7, -7, -11, -11, -11,
    -11, -8, -8, 0, 0, 0, -11, -11,
    0, -11, -11, -11, -11, -24, -8, -24,
    -7, -7, -7, -11, -10, 0, -11, -11,
    -11, -8, 0, 0, -8, 0, 0, -8,
    -9, 0, 0, 0, -9, -9, -8, -12,
    -7, -7, -7, -33, -19, -11, -11, -11,
    -11, -11, -31, -21, -33, -24, -6, -6,
    -6, -28, -28, -33, -35, -33, -57, 0,
    0, 0, 0, 0, 0, 0, 0, 0,
    0, 0, -30, 0, 0, 0, 0, 0,
    0, 0, 0, 0, 0, 0, 0, 0,
    0, 0, 0, 0, 0, 0, 0, 0,
    0, 0, 0, 0, 0, 0, 0, 0,
    0, 0, -35, 0, 0, 0, 0, 0,
    0, 0, 0, 0, 0, 0, 0, 0,
    0, 0, 0, 0, 0, 0, 0, 0,
    0, 0, 0, 0, 0, 0, 0, 0,
    0, 0, 0, 0, 0, 0, 0, 0,
    0, 0, 0, 0, 0, 0, 0, 0,
    0, 0, 0, 0, 0, 0, 0, 0,
    0, 0, 0, 0, 0, 0, 0, 0,
    0, 0, 0, 0, 0, 0, 0, 0,
    0, 0, 0, 0, 0, 0, 0, 0,
    0, 0, 0, 0, 0, 0, 0, 0,
    0, 0, 0, 0, 0, 0, 0, 0,
    0, 0, 0, 0, 0, 0, 0, 0,
    0, 0, 0, 0, 0, 0, 0, 0,
    0, 0, 0, 0, 0, 0, 0, 0,
    0, 0, 0, 0, 0, 0, 0, 0,
    0, 0, 0, 0, 0, 0, 0, 0,
    0, -58, 0, 0, 0, 0, 0, -16,
    -19, 0, 0, 0, 0, 0, 0, 0,
    0, 0, 0, 0, 0, 0, 0, 0,
    0, 0, 0, 0, 0, 0, 0, 0,
    0, 0, 0, 0, 0, 0, 0, 0,
    -37, 0, 0, 0, 0, 0, 0, 0,
    -14, 0, 0, 0, 0, 0, 0, 0,
    0, 0, 0, 0, 0, 0, 0, 0,
    0, 0, 0, -19, 0, 0, 0, 0,
    0, 0, 0, 0, 0, 0, 0, 0,
    0, 0, 0, -12, 0, 0, 0, 0,
    0, 0, 0, 0, 0, 0, 0, 0,
    0, 0, 0, 0, 0, 0, 0, 0,
    0, 0, 0, 0, 0, 0, 0, 0,
    0, 0, 0, 0, 0, 0, 0, 0,
    0, 0, 0, 0, 0, 0, 0, 0,
    0, 0, 0, 0, 0, 0, 0, 0,
    0, 0, 0, 0, 0, 0, 0, 0,
    0, 0, 0, 0, 0, 0, 0, 0,
    0, 0, 0, 0, 0, 0, 0, 0,
    0, 0, 0, 0, 0, 0, 0, -33,
    -35, -58, -58, 0, 0, 0
};


/*Collect the kern class' data in one place*/
static const lv_font_fmt_txt_kern_classes_t kern_classes =
{
    .class_pair_values   = kern_class_values,
    .left_class_mapping  = kern_left_class_mapping,
    .right_class_mapping = kern_right_class_mapping,
    .left_class_cnt      = 193,
    .right_class_cnt     = 174,
};

/*--------------------
 *  ALL CUSTOM DATA
 *--------------------*/

#if LV_VERSION_CHECK(8, 0, 0)
/*Store all the custom data of the font*/
static  lv_font_fmt_txt_glyph_cache_t cache;
static const lv_font_fmt_txt_dsc_t font_dsc = {
#else
static lv_font_fmt_txt_dsc_t font_dsc = {
#endif
    .glyph_bitmap = glyph_bitmap,
    .glyph_dsc = glyph_dsc,
    .cmaps = cmaps,
    .kern_dsc = &kern_classes,
    .kern_scale = 16,
    .cmap_num = 6,
    .bpp = 4,
    .kern_classes = 1,
    .bitmap_format = 0,
#if LV_VERSION_CHECK(8, 0, 0)
    .cache = &cache
#endif
};


/*-----------------
 *  PUBLIC FONT
 *----------------*/

/*Initialize a public general font descriptor*/
#if LV_VERSION_CHECK(8, 0, 0)
const lv_font_t airki_sans_16 = {
#else
lv_font_t airki_sans_16 = {
#endif
    .get_glyph_dsc = lv_font_get_glyph_dsc_fmt_txt,    /*Function pointer to get glyph's data*/
    .get_glyph_bitmap = lv_font_get_bitmap_fmt_txt,    /*Function pointer to get glyph's bitmap*/
    .line_height = 22,          /*The maximum line height required by the font*/
    .base_line = 6,             /*Baseline measured from the bottom of the line*/
#if !(LVGL_VERSION_MAJOR == 6 && LVGL_VERSION_MINOR == 0)
    .subpx = LV_FONT_SUBPX_NONE,
#endif
#if LV_VERSION_CHECK(7, 4, 0) || LVGL_VERSION_MAJOR >= 8
    .underline_position = -3,
    .underline_thickness = 1,
#endif
    .dsc = &font_dsc           /*The custom font data. Will be accessed by `get_glyph_bitmap/dsc` */
};



#endif /*#if AIRKI_SANS_16*/

