/*******************************************************************************
 * Size: 28 px
 * Bpp: 4
 * Opts: --no-compress --bpp 4 --size 28 --font InstrumentSans-SemiBold.ttf -r 0x20-0x7F,0xA0-0xFF,0x2013-0x2026 --font ../../.pio/libdeps/WS-241/lvgl/scripts/built_in_font/FontAwesome5-Solid+Brands+Regular.woff -r 61441,61448,61451,61452,61453,61457,61459,61461,61465,61468,61473,61478,61479,61480,61502,61507,61512,61515,61516,61517,61521,61522,61523,61524,61543,61544,61550,61552,61553,61556,61559,61560,61561,61563,61587,61589,61636,61637,61639,61641,61664,61671,61674,61683,61724,61732,61787,61931,62016,62017,62018,62019,62020,62087,62099,62212,62189,62810,63426,63650 --format lvgl --lv-include lvgl.h --force-fast-kern-format -o ../../examples/at_core_debug/fonts/airki_sans_28.c
 ******************************************************************************/

#ifdef LV_LVGL_H_INCLUDE_SIMPLE
#include "lvgl.h"
#else
#include "lvgl.h"
#endif

#ifndef AIRKI_SANS_28
#define AIRKI_SANS_28 1
#endif

#if AIRKI_SANS_28

/*-----------------
 *    BITMAPS
 *----------------*/

/*Store the image of the glyphs*/
static LV_ATTRIBUTE_LARGE_CONST const uint8_t glyph_bitmap[] = {
    /* U+0020 " " */

    /* U+0021 "!" */
    0xcf, 0xff, 0xc, 0xff, 0xf0, 0xbf, 0xff, 0xb,
    0xff, 0xf0, 0xaf, 0xfe, 0x9, 0xff, 0xd0, 0x9f,
    0xfd, 0x8, 0xff, 0xc0, 0x8f, 0xfc, 0x7, 0xff,
    0xb0, 0x7f, 0xfa, 0x6, 0xff, 0xa0, 0x5f, 0xf9,
    0x5, 0xff, 0x90, 0x0, 0x0, 0x0, 0x0, 0x0,
    0x22, 0x22, 0xe, 0xff, 0xf2, 0xef, 0xff, 0x2e,
    0xff, 0xf2, 0xef, 0xff, 0x20,

    /* U+0022 "\"" */
    0x7, 0xc9, 0x0, 0x3b, 0xb2, 0x4, 0xff, 0xf6,
    0xd, 0xff, 0xd0, 0x6f, 0xff, 0x90, 0xff, 0xff,
    0x5, 0xff, 0xf8, 0xf, 0xff, 0xe0, 0x2f, 0xff,
    0x40, 0xbf, 0xfb, 0x0, 0xef, 0xf1, 0x7, 0xff,
    0x70, 0xa, 0xfd, 0x0, 0x3f, 0xf3, 0x0, 0x6f,
    0x80, 0x0, 0xff, 0x0, 0x2, 0xf4, 0x0, 0xb,
    0xb0, 0x0,

    /* U+0023 "#" */
    0x0, 0x0, 0x0, 0x8f, 0xf9, 0x0, 0x8, 0xff,
    0x80, 0x0, 0x0, 0x0, 0x0, 0xaf, 0xf6, 0x0,
    0xa, 0xff, 0x60, 0x0, 0x0, 0x0, 0x0, 0xcf,
    0xf4, 0x0, 0xc, 0xff, 0x40, 0x0, 0x0, 0x0,
    0x0, 0xef, 0xf2, 0x0, 0xf, 0xff, 0x20, 0x0,
    0x0, 0x0, 0x0, 0xff, 0xf0, 0x0, 0x1f, 0xff,
    0x0, 0x0, 0x0, 0x0, 0x3, 0xff, 0xe0, 0x0,
    0x3f, 0xfe, 0x0, 0x0, 0x5, 0xff, 0xff, 0xff,
    0xff, 0xff, 0xff, 0xff, 0xff, 0xf5, 0x5, 0xff,
    0xff, 0xff, 0xff, 0xff, 0xff, 0xff, 0xff, 0xf5,
    0x5, 0xff, 0xff, 0xff, 0xff, 0xff, 0xff, 0xff,
    0xff, 0xf5, 0x0, 0x0, 0xb, 0xff, 0x50, 0x0,
    0xbf, 0xf5, 0x0, 0x0, 0x0, 0x0, 0xd, 0xff,
    0x30, 0x0, 0xef, 0xf3, 0x0, 0x0, 0x0, 0x0,
    0xf, 0xff, 0x10, 0x0, 0xff, 0xf1, 0x0, 0x0,
    0xf, 0xff, 0xff, 0xff, 0xff, 0xff, 0xff, 0xff,
    0xff, 0xa0, 0xf, 0xff, 0xff, 0xff, 0xff, 0xff,
    0xff, 0xff, 0xff, 0xa0, 0xf, 0xff, 0xff, 0xff,
    0xff, 0xff, 0xff, 0xff, 0xff, 0xa0, 0x0, 0x0,
    0x8f, 0xf9, 0x0, 0x8, 0xff, 0x80, 0x0, 0x0,
    0x0, 0x0, 0xaf, 0xf6, 0x0, 0xa, 0xff, 0x60,
    0x0, 0x0, 0x0, 0x0, 0xcf, 0xf4, 0x0, 0xd,
    0xff, 0x40, 0x0, 0x0, 0x0, 0x0, 0xef, 0xf2,
    0x0, 0xf, 0xff, 0x20, 0x0, 0x0, 0x0, 0x0,
    0xff, 0xf0, 0x0, 0x1f, 0xff, 0x0, 0x0, 0x0,
    0x0, 0x3, 0xff, 0xe0, 0x0, 0x3f, 0xfd, 0x0,
    0x0, 0x0,

    /* U+0024 "$" */
    0x0, 0x0, 0x0, 0x4, 0xff, 0x90, 0x0, 0x0,
    0x0, 0x0, 0x0, 0x0, 0x4, 0xff, 0x90, 0x0,
    0x0, 0x0, 0x0, 0x0, 0x0, 0x4, 0xff, 0x90,
    0x0, 0x0, 0x0, 0x0, 0x0, 0x6, 0xbe, 0xff,
    0xfb, 0x70, 0x0, 0x0, 0x0, 0x3, 0xdf, 0xff,
    0xff, 0xff, 0xfe, 0x40, 0x0, 0x0, 0x2f, 0xff,
    0xff, 0xee, 0xff, 0xff, 0xf4, 0x0, 0x0, 0xbf,
    0xff, 0x60, 0x0, 0x18, 0xff, 0xfe, 0x0, 0x0,
    0xff, 0xf8, 0x0, 0x0, 0x0, 0x7f, 0xff, 0x50,
    0x2, 0xff, 0xf5, 0x0, 0x0, 0x0, 0xf, 0xff,
    0x90, 0x2, 0xff, 0xfa, 0x0, 0x0, 0x0, 0x2,
    0x22, 0x10, 0x0, 0xef, 0xff, 0xa2, 0x0, 0x0,
    0x0, 0x0, 0x0, 0x0, 0x7f, 0xff, 0xff, 0xd8,
    0x30, 0x0, 0x0, 0x0, 0x0, 0x9, 0xff, 0xff,
    0xff, 0xfe, 0x93, 0x0, 0x0, 0x0, 0x0, 0x5d,
    0xff, 0xff, 0xff, 0xff, 0xa1, 0x0, 0x0, 0x0,
    0x0, 0x39, 0xef, 0xff, 0xff, 0xfc, 0x0, 0x0,
    0x0, 0x0, 0x0, 0x2, 0x7d, 0xff, 0xff, 0x80,
    0x0, 0x0, 0x0, 0x0, 0x0, 0x0, 0x5f, 0xff,
    0xd0, 0x1d, 0xdd, 0x50, 0x0, 0x0, 0x0, 0xa,
    0xff, 0xf0, 0xe, 0xff, 0xb0, 0x0, 0x0, 0x0,
    0x7, 0xff, 0xf0, 0x8, 0xff, 0xf6, 0x0, 0x0,
    0x0, 0xb, 0xff, 0xe0, 0x1, 0xff, 0xff, 0x93,
    0x0, 0x2, 0x9f, 0xff, 0x90, 0x0, 0x4f, 0xff,
    0xff, 0xfe, 0xff, 0xff, 0xfe, 0x10, 0x0, 0x3,
    0xdf, 0xff, 0xff, 0xff, 0xff, 0xd2, 0x0, 0x0,
    0x0, 0x5, 0xae, 0xff, 0xfd, 0xa5, 0x0, 0x0,
    0x0, 0x0, 0x0, 0x4, 0xff, 0x90, 0x0, 0x0,
    0x0, 0x0, 0x0, 0x0, 0x4, 0xff, 0x90, 0x0,
    0x0, 0x0, 0x0, 0x0, 0x0, 0x4, 0xff, 0x90,
    0x0, 0x0, 0x0,

    /* U+0025 "%" */
    0x0, 0x18, 0xef, 0xe9, 0x10, 0x0, 0x0, 0x0,
    0x5f, 0xf9, 0x0, 0x0, 0xdf, 0xff, 0xff, 0xe1,
    0x0, 0x0, 0x1, 0xef, 0xd0, 0x0, 0x8, 0xff,
    0x73, 0x7f, 0xf9, 0x0, 0x0, 0xb, 0xff, 0x30,
    0x0, 0xd, 0xf9, 0x0, 0x8, 0xfe, 0x0, 0x0,
    0x7f, 0xf7, 0x0, 0x0, 0xf, 0xf5, 0x0, 0x4,
    0xff, 0x0, 0x2, 0xff, 0xc0, 0x0, 0x0, 0xf,
    0xf5, 0x0, 0x4, 0xff, 0x0, 0xd, 0xff, 0x20,
    0x0, 0x0, 0xd, 0xf8, 0x0, 0x7, 0xfe, 0x0,
    0x9f, 0xf5, 0x0, 0x0, 0x0, 0x8, 0xff, 0x40,
    0x4f, 0xf9, 0x4, 0xff, 0xa0, 0x0, 0x0, 0x0,
    0x0, 0xdf, 0xff, 0xff, 0xd1, 0x1e, 0xfe, 0x10,
    0x0, 0x0, 0x0, 0x0, 0x8, 0xef, 0xe8, 0x10,
    0xaf, 0xf4, 0x0, 0x0, 0x0, 0x0, 0x0, 0x0,
    0x0, 0x0, 0x6, 0xff, 0x80, 0x8e, 0xfd, 0x80,
    0x0, 0x0, 0x0, 0x0, 0x0, 0x2f, 0xfd, 0x1c,
    0xff, 0xff, 0xfc, 0x0, 0x0, 0x0, 0x0, 0x0,
    0xcf, 0xf2, 0x7f, 0xf7, 0x39, 0xff, 0x70, 0x0,
    0x0, 0x0, 0x8, 0xff, 0x60, 0xdf, 0x90, 0x0,
    0xbf, 0xc0, 0x0, 0x0, 0x0, 0x3f, 0xfb, 0x0,
    0xff, 0x50, 0x0, 0x6f, 0xf0, 0x0, 0x0, 0x0,
    0xdf, 0xe1, 0x1, 0xff, 0x40, 0x0, 0x5f, 0xf0,
    0x0, 0x0, 0xa, 0xff, 0x40, 0x0, 0xff, 0x50,
    0x0, 0x6f, 0xf0, 0x0, 0x0, 0x5f, 0xf9, 0x0,
    0x0, 0xdf, 0xa0, 0x0, 0xbf, 0xc0, 0x0, 0x1,
    0xef, 0xd0, 0x0, 0x0, 0x7f, 0xf7, 0x39, 0xff,
    0x60, 0x0, 0xb, 0xff, 0x30, 0x0, 0x0, 0xc,
    0xff, 0xff, 0xfb, 0x0, 0x0, 0x7f, 0xf7, 0x0,
    0x0, 0x0, 0x0, 0x8e, 0xfd, 0x70, 0x0,

    /* U+0026 "&" */
    0x0, 0x0, 0x0, 0x7c, 0xff, 0xea, 0x30, 0x0,
    0x0, 0x0, 0x0, 0x0, 0x0, 0x1d, 0xff, 0xff,
    0xff, 0xf7, 0x0, 0x0, 0x0, 0x0, 0x0, 0x0,
    0xcf, 0xff, 0xba, 0xdf, 0xff, 0x40, 0x0, 0x0,
    0x0, 0x0, 0x3, 0xff, 0xf6, 0x0, 0xb, 0xff,
    0xa0, 0x0, 0x0, 0x0, 0x0, 0x5, 0xff, 0xf0,
    0x0, 0x5, 0xff, 0xd0, 0x0, 0x0, 0x0, 0x0,
    0x5, 0xff, 0xf1, 0x0, 0x6, 0xff, 0xd0, 0x0,
    0x0, 0x0, 0x0, 0x1, 0xff, 0xf9, 0x0, 0x1d,
    0xff, 0x90, 0x0, 0x0, 0x0, 0x0, 0x0, 0x9f,
    0xff, 0x54, 0xdf, 0xfe, 0x10, 0x0, 0x0, 0x0,
    0x0, 0x0, 0xd, 0xff, 0xff, 0xff, 0xe3, 0x0,
    0x0, 0x0, 0x0, 0x0, 0x0, 0x7e, 0xff, 0xff,
    0xfa, 0x10, 0x0, 0x23, 0x31, 0x0, 0x0, 0x2d,
    0xff, 0xff, 0xff, 0xe2, 0x0, 0x0, 0xff, 0xf6,
    0x0, 0x1, 0xef, 0xff, 0x85, 0xff, 0xfe, 0x20,
    0x0, 0xff, 0xf5, 0x0, 0xa, 0xff, 0xf4, 0x0,
    0x5f, 0xff, 0xe1, 0x3, 0xff, 0xf2, 0x0, 0xf,
    0xff, 0x90, 0x0, 0x6, 0xff, 0xfd, 0x18, 0xff,
    0xe0, 0x0, 0x3f, 0xff, 0x50, 0x0, 0x0, 0x7f,
    0xff, 0xde, 0xff, 0x90, 0x0, 0x2f, 0xff, 0x70,
    0x0, 0x0, 0x8, 0xff, 0xff, 0xff, 0x20, 0x0,
    0xf, 0xff, 0xe1, 0x0, 0x0, 0x0, 0x9f, 0xff,
    0xf8, 0x0, 0x0, 0x9, 0xff, 0xfe, 0x61, 0x0,
    0x27, 0xdf, 0xff, 0xfb, 0x0, 0x0, 0x1, 0xdf,
    0xff, 0xff, 0xff, 0xff, 0xff, 0xff, 0xff, 0xb0,
    0x0, 0x0, 0x1b, 0xff, 0xff, 0xff, 0xff, 0xfe,
    0x6c, 0xff, 0xfb, 0x0, 0x0, 0x0, 0x39, 0xdf,
    0xff, 0xda, 0x50, 0x1, 0xdf, 0xff, 0xa0,

    /* U+0027 "'" */
    0x7, 0xc9, 0x4, 0xff, 0xf6, 0x6f, 0xff, 0x95,
    0xff, 0xf8, 0x2f, 0xff, 0x40, 0xef, 0xf1, 0xa,
    0xfd, 0x0, 0x6f, 0x80, 0x2, 0xf4, 0x0,

    /* U+0028 "(" */
    0x0, 0x0, 0x9, 0xcc, 0x80, 0x0, 0x0, 0xaf,
    0xfc, 0x0, 0x0, 0x7, 0xff, 0xe1, 0x0, 0x0,
    0x2f, 0xff, 0x40, 0x0, 0x0, 0xcf, 0xfa, 0x0,
    0x0, 0x4, 0xff, 0xf2, 0x0, 0x0, 0xb, 0xff,
    0xa0, 0x0, 0x0, 0x1f, 0xff, 0x40, 0x0, 0x0,
    0x6f, 0xff, 0x0, 0x0, 0x0, 0xaf, 0xfb, 0x0,
    0x0, 0x0, 0xcf, 0xf9, 0x0, 0x0, 0x0, 0xef,
    0xf7, 0x0, 0x0, 0x0, 0xff, 0xf7, 0x0, 0x0,
    0x0, 0xef, 0xf7, 0x0, 0x0, 0x0, 0xdf, 0xf8,
    0x0, 0x0, 0x0, 0xaf, 0xfb, 0x0, 0x0, 0x0,
    0x7f, 0xfe, 0x0, 0x0, 0x0, 0x3f, 0xff, 0x30,
    0x0, 0x0, 0xd, 0xff, 0x90, 0x0, 0x0, 0x6,
    0xff, 0xf1, 0x0, 0x0, 0x0, 0xef, 0xf9, 0x0,
    0x0, 0x0, 0x5f, 0xff, 0x30, 0x0, 0x0, 0xa,
    0xff, 0xd0, 0x0, 0x0, 0x0, 0xcf, 0xfb, 0x0,
    0x0, 0x0, 0x1d, 0xff, 0x90,

    /* U+0029 ")" */
    0x5d, 0xdc, 0x10, 0x0, 0x0, 0x8, 0xff, 0xd1,
    0x0, 0x0, 0x0, 0xbf, 0xfc, 0x0, 0x0, 0x0,
    0x1e, 0xff, 0x70, 0x0, 0x0, 0x6, 0xff, 0xf2,
    0x0, 0x0, 0x0, 0xdf, 0xf9, 0x0, 0x0, 0x0,
    0x5f, 0xff, 0x10, 0x0, 0x0, 0xf, 0xff, 0x60,
    0x0, 0x0, 0xa, 0xff, 0xb0, 0x0, 0x0, 0x7,
    0xff, 0xf0, 0x0, 0x0, 0x4, 0xff, 0xf1, 0x0,
    0x0, 0x2, 0xff, 0xf3, 0x0, 0x0, 0x2, 0xff,
    0xf3, 0x0, 0x0, 0x2, 0xff, 0xf3, 0x0, 0x0,
    0x4, 0xff, 0xf2, 0x0, 0x0, 0x6, 0xff, 0xf0,
    0x0, 0x0, 0xa, 0xff, 0xb0, 0x0, 0x0, 0xe,
    0xff, 0x70, 0x0, 0x0, 0x4f, 0xff, 0x10, 0x0,
    0x0, 0xbf, 0xfa, 0x0, 0x0, 0x3, 0xff, 0xf2,
    0x0, 0x0, 0xd, 0xff, 0x90, 0x0, 0x0, 0x9f,
    0xfd, 0x0, 0x0, 0x6, 0xff, 0xe2, 0x0, 0x0,
    0x5f, 0xff, 0x30, 0x0, 0x0,

    /* U+002A "*" */
    0x0, 0x6, 0xff, 0x70, 0x0, 0x8, 0x52, 0xff,
    0x34, 0x90, 0x2f, 0xf6, 0xff, 0x6f, 0xf3, 0x7f,
    0xff, 0xff, 0xff, 0xf8, 0x1, 0x7f, 0xff, 0xf7,
    0x10, 0x5c, 0xff, 0xff, 0xff, 0xc5, 0x4f, 0xfb,
    0xef, 0xaf, 0xf5, 0xb, 0xa1, 0xff, 0x29, 0xc0,
    0x1, 0x5, 0xff, 0x60, 0x10, 0x0, 0x2, 0x55,
    0x20, 0x0,

    /* U+002B "+" */
    0x0, 0x0, 0xb, 0xff, 0x0, 0x0, 0x0, 0x0,
    0x0, 0xbf, 0xf0, 0x0, 0x0, 0x0, 0x0, 0xb,
    0xff, 0x0, 0x0, 0x0, 0x0, 0x0, 0xbf, 0xf0,
    0x0, 0x0, 0x0, 0x0, 0xb, 0xff, 0x0, 0x0,
    0x5, 0xbb, 0xbb, 0xef, 0xfb, 0xbb, 0xb8, 0x8f,
    0xff, 0xff, 0xff, 0xff, 0xff, 0xc8, 0xff, 0xff,
    0xff, 0xff, 0xff, 0xfc, 0x0, 0x0, 0xb, 0xff,
    0x0, 0x0, 0x0, 0x0, 0x0, 0xbf, 0xf0, 0x0,
    0x0, 0x0, 0x0, 0xb, 0xff, 0x0, 0x0, 0x0,
    0x0, 0x0, 0xbf, 0xf0, 0x0, 0x0, 0x0, 0x0,
    0xb, 0xff, 0x0, 0x0, 0x0, 0x0, 0x0, 0x58,
    0x80, 0x0, 0x0,

    /* U+002C "," */
    0x2, 0x22, 0x22, 0xff, 0xfd, 0x2f, 0xff, 0xd2,
    0xff, 0xfd, 0x2f, 0xff, 0xd0, 0x4, 0xfb, 0x0,
    0x8f, 0x60, 0x7f, 0xe0, 0x2f, 0xe2, 0x1, 0x60,
    0x0,

    /* U+002D "-" */
    0x1, 0x11, 0x11, 0x11, 0x11, 0x2, 0xff, 0xff,
    0xff, 0xff, 0xfe, 0x2f, 0xff, 0xff, 0xff, 0xff,
    0xe2, 0xff, 0xff, 0xff, 0xff, 0xfe,

    /* U+002E "." */
    0x2, 0x22, 0x23, 0xff, 0xfe, 0x3f, 0xff, 0xe3,
    0xff, 0xfe, 0x3f, 0xff, 0xe0,

    /* U+002F "/" */
    0x0, 0x0, 0x0, 0xc, 0xff, 0x40, 0x0, 0x0,
    0x1, 0xff, 0xf0, 0x0, 0x0, 0x0, 0x6f, 0xfa,
    0x0, 0x0, 0x0, 0xb, 0xff, 0x50, 0x0, 0x0,
    0x0, 0xff, 0xf1, 0x0, 0x0, 0x0, 0x5f, 0xfb,
    0x0, 0x0, 0x0, 0xa, 0xff, 0x70, 0x0, 0x0,
    0x0, 0xef, 0xf2, 0x0, 0x0, 0x0, 0x3f, 0xfd,
    0x0, 0x0, 0x0, 0x8, 0xff, 0x80, 0x0, 0x0,
    0x0, 0xdf, 0xf3, 0x0, 0x0, 0x0, 0x2f, 0xfe,
    0x0, 0x0, 0x0, 0x7, 0xff, 0x90, 0x0, 0x0,
    0x0, 0xcf, 0xf4, 0x0, 0x0, 0x0, 0x1f, 0xff,
    0x0, 0x0, 0x0, 0x6, 0xff, 0xb0, 0x0, 0x0,
    0x0, 0xaf, 0xf6, 0x0, 0x0, 0x0, 0xf, 0xff,
    0x10, 0x0, 0x0, 0x4, 0xff, 0xc0, 0x0, 0x0,
    0x0, 0x9f, 0xf7, 0x0, 0x0, 0x0, 0xe, 0xff,
    0x20, 0x0, 0x0, 0x3, 0xff, 0xd0, 0x0, 0x0,
    0x0, 0x8f, 0xf9, 0x0, 0x0, 0x0, 0xd, 0xff,
    0x40, 0x0, 0x0, 0x0,

    /* U+0030 "0" */
    0x0, 0x0, 0x7, 0xcf, 0xfe, 0xb6, 0x0, 0x0,
    0x0, 0x0, 0x4e, 0xff, 0xff, 0xff, 0xfd, 0x30,
    0x0, 0x0, 0x4f, 0xff, 0xff, 0xff, 0xff, 0xff,
    0x30, 0x0, 0x2f, 0xff, 0xfa, 0x42, 0x4b, 0xff,
    0xfe, 0x10, 0xa, 0xff, 0xf8, 0x0, 0x0, 0x9,
    0xff, 0xf9, 0x2, 0xff, 0xfd, 0x0, 0x0, 0x0,
    0xe, 0xff, 0xf1, 0x7f, 0xff, 0x70, 0x0, 0x0,
    0x0, 0x8f, 0xff, 0x6b, 0xff, 0xf3, 0x0, 0x0,
    0x0, 0x3, 0xff, 0xfa, 0xdf, 0xff, 0x0, 0x0,
    0x0, 0x0, 0xf, 0xff, 0xcf, 0xff, 0xf0, 0x0,
    0x0, 0x0, 0x0, 0xff, 0xfe, 0xff, 0xfe, 0x0,
    0x0, 0x0, 0x0, 0xf, 0xff, 0xee, 0xff, 0xf0,
    0x0, 0x0, 0x0, 0x0, 0xff, 0xfe, 0xdf, 0xff,
    0x0, 0x0, 0x0, 0x0, 0x1f, 0xff, 0xca, 0xff,
    0xf3, 0x0, 0x0, 0x0, 0x4, 0xff, 0xf9, 0x6f,
    0xff, 0x80, 0x0, 0x0, 0x0, 0x9f, 0xff, 0x51,
    0xff, 0xfe, 0x0, 0x0, 0x0, 0x1f, 0xff, 0xf0,
    0x9, 0xff, 0xf9, 0x0, 0x0, 0xa, 0xff, 0xf8,
    0x0, 0x1e, 0xff, 0xfb, 0x42, 0x4b, 0xff, 0xfe,
    0x10, 0x0, 0x3f, 0xff, 0xff, 0xff, 0xff, 0xff,
    0x30, 0x0, 0x0, 0x3e, 0xff, 0xff, 0xff, 0xfd,
    0x30, 0x0, 0x0, 0x0, 0x6, 0xcf, 0xfe, 0xb6,
    0x0, 0x0, 0x0,

    /* U+0031 "1" */
    0x0, 0x0, 0x2, 0xff, 0xf1, 0x0, 0x0, 0x2e,
    0xff, 0xf1, 0x0, 0x6, 0xff, 0xff, 0xf1, 0x16,
    0xdf, 0xff, 0xff, 0xf1, 0x8f, 0xff, 0xfe, 0xff,
    0xf1, 0x8f, 0xff, 0xa7, 0xff, 0xf1, 0x8f, 0xd5,
    0x7, 0xff, 0xf1, 0x33, 0x0, 0x7, 0xff, 0xf1,
    0x0, 0x0, 0x7, 0xff, 0xf1, 0x0, 0x0, 0x7,
    0xff, 0xf1, 0x0, 0x0, 0x7, 0xff, 0xf1, 0x0,
    0x0, 0x7, 0xff, 0xf1, 0x0, 0x0, 0x7, 0xff,
    0xf1, 0x0, 0x0, 0x7, 0xff, 0xf1, 0x0, 0x0,
    0x7, 0xff, 0xf1, 0x0, 0x0, 0x7, 0xff, 0xf1,
    0x0, 0x0, 0x7, 0xff, 0xf1, 0x0, 0x0, 0x7,
    0xff, 0xf1, 0x0, 0x0, 0x7, 0xff, 0xf1, 0x0,
    0x0, 0x7, 0xff, 0xf1, 0x0, 0x0, 0x7, 0xff,
    0xf1,

    /* U+0032 "2" */
    0x0, 0x0, 0x4a, 0xef, 0xfe, 0xa4, 0x0, 0x0,
    0x0, 0x1b, 0xff, 0xff, 0xff, 0xff, 0xa0, 0x0,
    0x0, 0xdf, 0xff, 0xff, 0xff, 0xff, 0xf9, 0x0,
    0x8, 0xff, 0xfc, 0x30, 0x6, 0xff, 0xff, 0x20,
    0xf, 0xff, 0xe1, 0x0, 0x0, 0x8f, 0xff, 0x70,
    0x3f, 0xff, 0x80, 0x0, 0x0, 0x3f, 0xff, 0xa0,
    0x14, 0x44, 0x10, 0x0, 0x0, 0x3f, 0xff, 0xa0,
    0x0, 0x0, 0x0, 0x0, 0x0, 0x6f, 0xff, 0x90,
    0x0, 0x0, 0x0, 0x0, 0x0, 0xdf, 0xff, 0x50,
    0x0, 0x0, 0x0, 0x0, 0x6, 0xff, 0xff, 0x0,
    0x0, 0x0, 0x0, 0x0, 0x2f, 0xff, 0xf7, 0x0,
    0x0, 0x0, 0x0, 0x2, 0xef, 0xff, 0xd0, 0x0,
    0x0, 0x0, 0x0, 0x1d, 0xff, 0xfe, 0x20, 0x0,
    0x0, 0x0, 0x2, 0xef, 0xff, 0xf3, 0x0, 0x0,
    0x0, 0x0, 0x3e, 0xff, 0xff, 0x40, 0x0, 0x0,
    0x0, 0x4, 0xff, 0xff, 0xe3, 0x0, 0x0, 0x0,
    0x0, 0x6f, 0xff, 0xfe, 0x20, 0x0, 0x0, 0x0,
    0x8, 0xff, 0xff, 0xc1, 0x0, 0x0, 0x0, 0x0,
    0x2f, 0xff, 0xff, 0xff, 0xff, 0xff, 0xff, 0xf0,
    0x2f, 0xff, 0xff, 0xff, 0xff, 0xff, 0xff, 0xf0,
    0x2f, 0xff, 0xff, 0xff, 0xff, 0xff, 0xff, 0xf0,

    /* U+0033 "3" */
    0x0, 0x0, 0x39, 0xdf, 0xfe, 0xc7, 0x10, 0x0,
    0x0, 0x9, 0xff, 0xff, 0xff, 0xff, 0xe4, 0x0,
    0x0, 0xaf, 0xff, 0xff, 0xff, 0xff, 0xff, 0x20,
    0x4, 0xff, 0xfe, 0x50, 0x3, 0xcf, 0xff, 0x90,
    0xb, 0xff, 0xf2, 0x0, 0x0, 0x2f, 0xff, 0xd0,
    0xc, 0xdd, 0xa0, 0x0, 0x0, 0xf, 0xff, 0xd0,
    0x0, 0x0, 0x0, 0x0, 0x0, 0x3f, 0xff, 0xb0,
    0x0, 0x0, 0x0, 0x0, 0x3, 0xdf, 0xff, 0x40,
    0x0, 0x0, 0x2, 0xee, 0xff, 0xff, 0xf8, 0x0,
    0x0, 0x0, 0x2, 0xff, 0xff, 0xff, 0x90, 0x0,
    0x0, 0x0, 0x2, 0xff, 0xff, 0xff, 0xfa, 0x0,
    0x0, 0x0, 0x0, 0x0, 0x4, 0xdf, 0xff, 0x80,
    0x0, 0x0, 0x0, 0x0, 0x0, 0x1f, 0xff, 0xf0,
    0x0, 0x0, 0x0, 0x0, 0x0, 0xa, 0xff, 0xf3,
    0x2f, 0xff, 0x70, 0x0, 0x0, 0x8, 0xff, 0xf5,
    0xf, 0xff, 0xb0, 0x0, 0x0, 0x9, 0xff, 0xf5,
    0xb, 0xff, 0xf3, 0x0, 0x0, 0xe, 0xff, 0xf2,
    0x3, 0xff, 0xfe, 0x50, 0x3, 0xcf, 0xff, 0xc0,
    0x0, 0x8f, 0xff, 0xff, 0xff, 0xff, 0xff, 0x30,
    0x0, 0x8, 0xff, 0xff, 0xff, 0xff, 0xe3, 0x0,
    0x0, 0x0, 0x28, 0xdf, 0xfe, 0xb6, 0x0, 0x0,

    /* U+0034 "4" */
    0x0, 0x0, 0x0, 0x0, 0x0, 0x9f, 0xff, 0x50,
    0x0, 0x0, 0x0, 0x0, 0x0, 0x5f, 0xff, 0xf5,
    0x0, 0x0, 0x0, 0x0, 0x0, 0x1e, 0xff, 0xff,
    0x50, 0x0, 0x0, 0x0, 0x0, 0xb, 0xff, 0xff,
    0xf5, 0x0, 0x0, 0x0, 0x0, 0x6, 0xff, 0xff,
    0xff, 0x50, 0x0, 0x0, 0x0, 0x2, 0xff, 0xfe,
    0xff, 0xf5, 0x0, 0x0, 0x0, 0x0, 0xdf, 0xff,
    0x5f, 0xff, 0x50, 0x0, 0x0, 0x0, 0x9f, 0xff,
    0x73, 0xff, 0xf5, 0x0, 0x0, 0x0, 0x4f, 0xff,
    0xb0, 0x3f, 0xff, 0x50, 0x0, 0x0, 0x1e, 0xff,
    0xe1, 0x3, 0xff, 0xf5, 0x0, 0x0, 0xb, 0xff,
    0xf5, 0x0, 0x3f, 0xff, 0x50, 0x0, 0x6, 0xff,
    0xfa, 0x0, 0x3, 0xff, 0xf5, 0x0, 0x2, 0xff,
    0xfe, 0x0, 0x0, 0x3f, 0xff, 0x50, 0x0, 0xcf,
    0xff, 0x30, 0x0, 0x3, 0xff, 0xf5, 0x0, 0x3f,
    0xff, 0xff, 0xff, 0xff, 0xff, 0xff, 0xff, 0x84,
    0xff, 0xff, 0xff, 0xff, 0xff, 0xff, 0xff, 0xf8,
    0x3f, 0xff, 0xff, 0xff, 0xff, 0xff, 0xff, 0xff,
    0x80, 0x0, 0x0, 0x0, 0x0, 0x5, 0xff, 0xf5,
    0x0, 0x0, 0x0, 0x0, 0x0, 0x0, 0x5f, 0xff,
    0x50, 0x0, 0x0, 0x0, 0x0, 0x0, 0x5, 0xff,
    0xf5, 0x0, 0x0, 0x0, 0x0, 0x0, 0x0, 0x5f,
    0xff, 0x50, 0x0,

    /* U+0035 "5" */
    0x0, 0x2f, 0xff, 0xff, 0xff, 0xff, 0xff, 0x20,
    0x0, 0x3f, 0xff, 0xff, 0xff, 0xff, 0xff, 0x20,
    0x0, 0x5f, 0xff, 0xff, 0xff, 0xff, 0xff, 0x20,
    0x0, 0x6f, 0xff, 0x10, 0x0, 0x0, 0x0, 0x0,
    0x0, 0x8f, 0xff, 0x0, 0x0, 0x0, 0x0, 0x0,
    0x0, 0x9f, 0xfe, 0x0, 0x0, 0x0, 0x0, 0x0,
    0x0, 0xaf, 0xfd, 0x0, 0x0, 0x0, 0x0, 0x0,
    0x0, 0xcf, 0xfc, 0x7d, 0xff, 0xd8, 0x10, 0x0,
    0x0, 0xdf, 0xff, 0xff, 0xff, 0xff, 0xe3, 0x0,
    0x0, 0xef, 0xff, 0xfd, 0xdf, 0xff, 0xfe, 0x10,
    0x0, 0xff, 0xfd, 0x20, 0x1, 0xbf, 0xff, 0xa0,
    0x0, 0x66, 0x62, 0x0, 0x0, 0x1f, 0xff, 0xf0,
    0x0, 0x0, 0x0, 0x0, 0x0, 0xa, 0xff, 0xf4,
    0x0, 0x0, 0x0, 0x0, 0x0, 0x8, 0xff, 0xf5,
    0x2, 0x22, 0x10, 0x0, 0x0, 0x8, 0xff, 0xf5,
    0xf, 0xff, 0xb0, 0x0, 0x0, 0xb, 0xff, 0xf3,
    0xb, 0xff, 0xf3, 0x0, 0x0, 0x2f, 0xff, 0xf0,
    0x4, 0xff, 0xfe, 0x50, 0x4, 0xdf, 0xff, 0x90,
    0x0, 0x9f, 0xff, 0xff, 0xff, 0xff, 0xfe, 0x10,
    0x0, 0x9, 0xff, 0xff, 0xff, 0xff, 0xd2, 0x0,
    0x0, 0x0, 0x39, 0xdf, 0xfe, 0xb6, 0x0, 0x0,

    /* U+0036 "6" */
    0x0, 0x0, 0x18, 0xdf, 0xfe, 0xb5, 0x0, 0x0,
    0x0, 0x6, 0xff, 0xff, 0xff, 0xff, 0xb0, 0x0,
    0x0, 0x6f, 0xff, 0xff, 0xff, 0xff, 0xfb, 0x0,
    0x3, 0xff, 0xff, 0x60, 0x3, 0xdf, 0xff, 0x50,
    0xb, 0xff, 0xf3, 0x0, 0x0, 0x1f, 0xff, 0xc0,
    0x2f, 0xff, 0xa0, 0x0, 0x0, 0xa, 0xff, 0xf0,
    0x7f, 0xff, 0x50, 0x0, 0x0, 0x0, 0x0, 0x0,
    0xaf, 0xff, 0x10, 0x0, 0x0, 0x0, 0x0, 0x0,
    0xdf, 0xff, 0x2, 0x9d, 0xff, 0xd8, 0x10, 0x0,
    0xef, 0xfe, 0x4f, 0xff, 0xff, 0xff, 0xf4, 0x0,
    0xff, 0xff, 0xff, 0xfe, 0xff, 0xff, 0xff, 0x30,
    0xff, 0xff, 0xf8, 0x10, 0x3, 0xdf, 0xff, 0xc0,
    0xef, 0xff, 0x70, 0x0, 0x0, 0x1e, 0xff, 0xf2,
    0xcf, 0xff, 0x0, 0x0, 0x0, 0x9, 0xff, 0xf5,
    0x9f, 0xff, 0x0, 0x0, 0x0, 0x7, 0xff, 0xf6,
    0x5f, 0xff, 0x20, 0x0, 0x0, 0x9, 0xff, 0xf5,
    0xe, 0xff, 0xa0, 0x0, 0x0, 0x1f, 0xff, 0xf1,
    0x7, 0xff, 0xfa, 0x20, 0x4, 0xdf, 0xff, 0xb0,
    0x0, 0xbf, 0xff, 0xff, 0xff, 0xff, 0xfe, 0x10,
    0x0, 0xa, 0xff, 0xff, 0xff, 0xff, 0xd2, 0x0,
    0x0, 0x0, 0x4a, 0xdf, 0xfe, 0xb5, 0x0, 0x0,

    /* U+0037 "7" */
    0x5f, 0xff, 0xff, 0xff, 0xff, 0xff, 0xff, 0xf2,
    0x5f, 0xff, 0xff, 0xff, 0xff, 0xff, 0xff, 0xf2,
    0x5f, 0xff, 0xff, 0xff, 0xff, 0xff, 0xff, 0xf1,
    0x0, 0x0, 0x0, 0x0, 0x0, 0x2f, 0xff, 0x90,
    0x0, 0x0, 0x0, 0x0, 0x0, 0xcf, 0xfe, 0x10,
    0x0, 0x0, 0x0, 0x0, 0x6, 0xff, 0xf5, 0x0,
    0x0, 0x0, 0x0, 0x0, 0x1e, 0xff, 0xc0, 0x0,
    0x0, 0x0, 0x0, 0x0, 0x9f, 0xff, 0x40, 0x0,
    0x0, 0x0, 0x0, 0x1, 0xff, 0xfc, 0x0, 0x0,
    0x0, 0x0, 0x0, 0x9, 0xff, 0xf4, 0x0, 0x0,
    0x0, 0x0, 0x0, 0x1f, 0xff, 0xd0, 0x0, 0x0,
    0x0, 0x0, 0x0, 0x6f, 0xff, 0x60, 0x0, 0x0,
    0x0, 0x0, 0x0, 0xdf, 0xff, 0x10, 0x0, 0x0,
    0x0, 0x0, 0x2, 0xff, 0xfb, 0x0, 0x0, 0x0,
    0x0, 0x0, 0x7, 0xff, 0xf6, 0x0, 0x0, 0x0,
    0x0, 0x0, 0xc, 0xff, 0xf2, 0x0, 0x0, 0x0,
    0x0, 0x0, 0xf, 0xff, 0xe0, 0x0, 0x0, 0x0,
    0x0, 0x0, 0x3f, 0xff, 0xb0, 0x0, 0x0, 0x0,
    0x0, 0x0, 0x6f, 0xff, 0x90, 0x0, 0x0, 0x0,
    0x0, 0x0, 0x8f, 0xff, 0x60, 0x0, 0x0, 0x0,
    0x0, 0x0, 0xaf, 0xff, 0x50, 0x0, 0x0, 0x0,

    /* U+0038 "8" */
    0x0, 0x0, 0x39, 0xdf, 0xfe, 0xc8, 0x10, 0x0,
    0x0, 0x9, 0xff, 0xff, 0xff, 0xff, 0xf6, 0x0,
    0x0, 0xaf, 0xff, 0xff, 0xff, 0xff, 0xff, 0x50,
    0x2, 0xff, 0xff, 0x71, 0x2, 0xaf, 0xff, 0xe0,
    0x7, 0xff, 0xf9, 0x0, 0x0, 0xd, 0xff, 0xf3,
    0x8, 0xff, 0xf5, 0x0, 0x0, 0x9, 0xff, 0xf4,
    0x5, 0xff, 0xf7, 0x0, 0x0, 0xb, 0xff, 0xf1,
    0x1, 0xff, 0xff, 0x40, 0x0, 0x6f, 0xff, 0xb0,
    0x0, 0x4f, 0xff, 0xfd, 0xce, 0xff, 0xfd, 0x10,
    0x0, 0x3, 0xff, 0xff, 0xff, 0xff, 0xd1, 0x0,
    0x0, 0x5f, 0xff, 0xff, 0xff, 0xff, 0xfd, 0x20,
    0x2, 0xff, 0xff, 0x61, 0x2, 0x9f, 0xff, 0xd0,
    0xa, 0xff, 0xf5, 0x0, 0x0, 0x9, 0xff, 0xf6,
    0xf, 0xff, 0xe0, 0x0, 0x0, 0x3, 0xff, 0xfa,
    0x1f, 0xff, 0xd0, 0x0, 0x0, 0x1, 0xff, 0xfc,
    0xf, 0xff, 0xe0, 0x0, 0x0, 0x3, 0xff, 0xfc,
    0xd, 0xff, 0xf5, 0x0, 0x0, 0x9, 0xff, 0xf9,
    0x6, 0xff, 0xff, 0x61, 0x1, 0x8f, 0xff, 0xf2,
    0x0, 0xbf, 0xff, 0xff, 0xff, 0xff, 0xff, 0x80,
    0x0, 0xa, 0xff, 0xff, 0xff, 0xff, 0xf7, 0x0,
    0x0, 0x0, 0x39, 0xdf, 0xff, 0xc8, 0x20, 0x0,

    /* U+0039 "9" */
    0x0, 0x0, 0x39, 0xdf, 0xfe, 0xb6, 0x0, 0x0,
    0x0, 0x0, 0xaf, 0xff, 0xff, 0xff, 0xfd, 0x20,
    0x0, 0x0, 0xbf, 0xff, 0xff, 0xff, 0xff, 0xfe,
    0x10, 0x0, 0x6f, 0xff, 0xf7, 0x10, 0x18, 0xff,
    0xfb, 0x0, 0xd, 0xff, 0xf6, 0x0, 0x0, 0x8,
    0xff, 0xf3, 0x0, 0xff, 0xff, 0x0, 0x0, 0x0,
    0x1f, 0xff, 0x90, 0x1f, 0xff, 0xe0, 0x0, 0x0,
    0x0, 0xff, 0xfd, 0x0, 0xff, 0xff, 0x0, 0x0,
    0x0, 0x1f, 0xff, 0xf0, 0xd, 0xff, 0xf7, 0x0,
    0x0, 0x7, 0xff, 0xff, 0x20, 0x7f, 0xff, 0xf7,
    0x10, 0x28, 0xff, 0xff, 0xf3, 0x0, 0xcf, 0xff,
    0xff, 0xff, 0xff, 0xff, 0xff, 0x30, 0x1, 0xcf,
    0xff, 0xff, 0xff, 0x6d, 0xff, 0xf2, 0x0, 0x0,
    0x5a, 0xde, 0xc8, 0x20, 0xef, 0xff, 0x10, 0x0,
    0x0, 0x0, 0x0, 0x0, 0xf, 0xff, 0xf0, 0x4,
    0x55, 0x40, 0x0, 0x0, 0x2, 0xff, 0xfb, 0x0,
    0xbf, 0xff, 0x0, 0x0, 0x0, 0x6f, 0xff, 0x70,
    0x6, 0xff, 0xf6, 0x0, 0x0, 0xd, 0xff, 0xf1,
    0x0, 0x1f, 0xff, 0xf6, 0x0, 0x2b, 0xff, 0xf9,
    0x0, 0x0, 0x6f, 0xff, 0xff, 0xff, 0xff, 0xfc,
    0x0, 0x0, 0x0, 0x7f, 0xff, 0xff, 0xff, 0xfb,
    0x10, 0x0, 0x0, 0x0, 0x29, 0xdf, 0xfe, 0xa4,
    0x0, 0x0, 0x0,

    /* U+003A ":" */
    0x3f, 0xff, 0xe3, 0xff, 0xfe, 0x3f, 0xff, 0xe3,
    0xff, 0xfe, 0x2, 0x22, 0x20, 0x0, 0x0, 0x0,
    0x0, 0x0, 0x0, 0x0, 0x0, 0x0, 0x0, 0x22,
    0x22, 0x3f, 0xff, 0xe3, 0xff, 0xfe, 0x3f, 0xff,
    0xe3, 0xff, 0xfe,

    /* U+003B ";" */
    0x3f, 0xff, 0xe3, 0xff, 0xfe, 0x3f, 0xff, 0xe3,
    0xff, 0xfe, 0x2, 0x22, 0x20, 0x0, 0x0, 0x0,
    0x0, 0x0, 0x0, 0x0, 0x0, 0x0, 0x0, 0x22,
    0x22, 0x2f, 0xff, 0xd2, 0xff, 0xfd, 0x2f, 0xff,
    0xd2, 0xff, 0xfd, 0x0, 0x4f, 0xb0, 0x8, 0xf6,
    0x7, 0xfe, 0x2, 0xfe, 0x20, 0x16, 0x0, 0x0,

    /* U+003C "<" */
    0x0, 0x0, 0x0, 0x0, 0x0, 0x3, 0x60, 0x0,
    0x0, 0x0, 0x1, 0x7d, 0xfc, 0x0, 0x0, 0x0,
    0x6b, 0xff, 0xff, 0xc0, 0x0, 0x4a, 0xff, 0xff,
    0xff, 0xb4, 0x29, 0xef, 0xff, 0xff, 0xb6, 0x10,
    0x8, 0xff, 0xff, 0xc7, 0x10, 0x0, 0x0, 0x8f,
    0xff, 0xb3, 0x0, 0x0, 0x0, 0x7, 0xff, 0xff,
    0xfe, 0x83, 0x0, 0x0, 0x2, 0x8d, 0xff, 0xff,
    0xfd, 0x83, 0x0, 0x0, 0x3, 0x9e, 0xff, 0xff,
    0xfa, 0x0, 0x0, 0x0, 0x4, 0xaf, 0xff, 0xc0,
    0x0, 0x0, 0x0, 0x0, 0x5, 0xab, 0x0, 0x0,
    0x0, 0x0, 0x0, 0x0, 0x0,

    /* U+003D "=" */
    0x8f, 0xff, 0xff, 0xff, 0xff, 0xff, 0xc8, 0xff,
    0xff, 0xff, 0xff, 0xff, 0xfc, 0x5b, 0xbb, 0xbb,
    0xbb, 0xbb, 0xbb, 0x80, 0x0, 0x0, 0x0, 0x0,
    0x0, 0x0, 0x0, 0x0, 0x0, 0x0, 0x0, 0x0,
    0x0, 0x0, 0x0, 0x0, 0x0, 0x0, 0x0, 0x8f,
    0xff, 0xff, 0xff, 0xff, 0xff, 0xc8, 0xff, 0xff,
    0xff, 0xff, 0xff, 0xfc, 0x5b, 0xbb, 0xbb, 0xbb,
    0xbb, 0xbb, 0x80,

    /* U+003E ">" */
    0x32, 0x0, 0x0, 0x0, 0x0, 0x0, 0x8, 0xfd,
    0x71, 0x0, 0x0, 0x0, 0x0, 0x8f, 0xff, 0xfc,
    0x61, 0x0, 0x0, 0x3, 0xbf, 0xff, 0xff, 0xfb,
    0x50, 0x0, 0x0, 0x16, 0xbf, 0xff, 0xff, 0xfa,
    0x40, 0x0, 0x0, 0x16, 0xcf, 0xff, 0xfc, 0x0,
    0x0, 0x0, 0x1, 0x9f, 0xff, 0xc0, 0x0, 0x1,
    0x6c, 0xff, 0xff, 0xfb, 0x0, 0x5b, 0xff, 0xff,
    0xff, 0x94, 0x6, 0xff, 0xff, 0xff, 0xb5, 0x0,
    0x0, 0x8f, 0xff, 0xc6, 0x10, 0x0, 0x0, 0x8,
    0xd8, 0x20, 0x0, 0x0, 0x0, 0x0, 0x10, 0x0,
    0x0, 0x0, 0x0, 0x0, 0x0,

    /* U+003F "?" */
    0x0, 0x0, 0x6, 0xbe, 0xfe, 0xc8, 0x20, 0x0,
    0x0, 0x5, 0xef, 0xff, 0xff, 0xff, 0xf7, 0x0,
    0x0, 0x6f, 0xff, 0xff, 0xff, 0xff, 0xff, 0x70,
    0x2, 0xff, 0xff, 0x71, 0x1, 0x6f, 0xff, 0xf1,
    0x9, 0xff, 0xf3, 0x0, 0x0, 0x7, 0xff, 0xf5,
    0xe, 0xff, 0xa0, 0x0, 0x0, 0x3, 0xff, 0xf7,
    0x6, 0x66, 0x30, 0x0, 0x0, 0x5, 0xff, 0xf6,
    0x0, 0x0, 0x0, 0x0, 0x0, 0xd, 0xff, 0xf3,
    0x0, 0x0, 0x0, 0x0, 0x1, 0xcf, 0xff, 0xb0,
    0x0, 0x0, 0x0, 0x0, 0x2e, 0xff, 0xfd, 0x10,
    0x0, 0x0, 0x0, 0x1, 0xef, 0xff, 0xc1, 0x0,
    0x0, 0x0, 0x0, 0xa, 0xff, 0xfa, 0x0, 0x0,
    0x0, 0x0, 0x0, 0x1f, 0xff, 0xc0, 0x0, 0x0,
    0x0, 0x0, 0x0, 0x4f, 0xff, 0x40, 0x0, 0x0,
    0x0, 0x0, 0x0, 0x3a, 0xaa, 0x10, 0x0, 0x0,
    0x0, 0x0, 0x0, 0x0, 0x0, 0x0, 0x0, 0x0,
    0x0, 0x0, 0x0, 0x0, 0x0, 0x0, 0x0, 0x0,
    0x0, 0x0, 0x0, 0x12, 0x22, 0x10, 0x0, 0x0,
    0x0, 0x0, 0x0, 0x9f, 0xff, 0x60, 0x0, 0x0,
    0x0, 0x0, 0x0, 0x9f, 0xff, 0x60, 0x0, 0x0,
    0x0, 0x0, 0x0, 0x9f, 0xff, 0x60, 0x0, 0x0,
    0x0, 0x0, 0x0, 0x9f, 0xff, 0x60, 0x0, 0x0,

    /* U+0040 "@" */
    0x0, 0x0, 0x0, 0x3, 0x8b, 0xef, 0xff, 0xda,
    0x61, 0x0, 0x0, 0x0, 0x0, 0x0, 0x5d, 0xff,
    0xff, 0xff, 0xff, 0xff, 0xf7, 0x0, 0x0, 0x0,
    0x0, 0xaf, 0xff, 0xea, 0x75, 0x56, 0x8c, 0xff,
    0xfb, 0x0, 0x0, 0x1, 0xcf, 0xfd, 0x40, 0x0,
    0x0, 0x0, 0x2, 0xbf, 0xfb, 0x0, 0x0, 0xbf,
    0xf8, 0x0, 0x28, 0xa9, 0x40, 0x0, 0x0, 0x9f,
    0xf5, 0x0, 0x6f, 0xf8, 0x0, 0x7f, 0xff, 0xff,
    0x78, 0xdd, 0x70, 0xef, 0xc0, 0xe, 0xfc, 0x0,
    0x7f, 0xff, 0xff, 0xff, 0xdf, 0xf5, 0x8, 0xff,
    0x15, 0xff, 0x40, 0x2f, 0xff, 0xa1, 0x19, 0xff,
    0xff, 0x10, 0x4f, 0xf3, 0x9f, 0xe0, 0x9, 0xff,
    0xc0, 0x0, 0xe, 0xff, 0xd0, 0x3, 0xff, 0x3d,
    0xfb, 0x0, 0xef, 0xf5, 0x0, 0x0, 0xcf, 0xf9,
    0x0, 0x4f, 0xf2, 0xef, 0x80, 0x1f, 0xff, 0x20,
    0x0, 0xd, 0xff, 0x50, 0x7, 0xfe, 0xf, 0xf8,
    0x1, 0xff, 0xf2, 0x0, 0x1, 0xff, 0xf1, 0x0,
    0xcf, 0x90, 0xef, 0x90, 0xf, 0xff, 0x70, 0x0,
    0xaf, 0xfd, 0x0, 0x4f, 0xf2, 0xc, 0xfc, 0x0,
    0xcf, 0xff, 0x86, 0xbf, 0xff, 0xe0, 0x4e, 0xf8,
    0x0, 0x8f, 0xf2, 0x5, 0xff, 0xff, 0xff, 0x7f,
    0xff, 0xff, 0xfb, 0x0, 0x2, 0xff, 0xb0, 0x7,
    0xff, 0xff, 0x60, 0x6f, 0xff, 0xf7, 0x0, 0x0,
    0x9, 0xff, 0x80, 0x1, 0x44, 0x0, 0x0, 0x15,
    0x40, 0x0, 0x0, 0x0, 0xc, 0xff, 0xb3, 0x0,
    0x0, 0x0, 0x0, 0x25, 0x0, 0x0, 0x0, 0x0,
    0x1c, 0xff, 0xfd, 0x86, 0x55, 0x69, 0xdf, 0xf1,
    0x0, 0x0, 0x0, 0x0, 0x6, 0xef, 0xff, 0xff,
    0xff, 0xff, 0xff, 0x50, 0x0, 0x0, 0x0, 0x0,
    0x0, 0x59, 0xce, 0xff, 0xed, 0xa6, 0x10, 0x0,
    0x0, 0x0,

    /* U+0041 "A" */
    0x0, 0x0, 0x0, 0x0, 0xff, 0xff, 0x80, 0x0,
    0x0, 0x0, 0x0, 0x0, 0x0, 0x5, 0xff, 0xff,
    0xd0, 0x0, 0x0, 0x0, 0x0, 0x0, 0x0, 0xa,
    0xff, 0xff, 0xf3, 0x0, 0x0, 0x0, 0x0, 0x0,
    0x0, 0x1f, 0xff, 0xef, 0xf9, 0x0, 0x0, 0x0,
    0x0, 0x0, 0x0, 0x6f, 0xfd, 0x7f, 0xfe, 0x0,
    0x0, 0x0, 0x0, 0x0, 0x0, 0xbf, 0xf8, 0x2f,
    0xff, 0x40, 0x0, 0x0, 0x0, 0x0, 0x1, 0xff,
    0xf2, 0xc, 0xff, 0xa0, 0x0, 0x0, 0x0, 0x0,
    0x7, 0xff, 0xd0, 0x7, 0xff, 0xf0, 0x0, 0x0,
    0x0, 0x0, 0xc, 0xff, 0x80, 0x2, 0xff, 0xf5,
    0x0, 0x0, 0x0, 0x0, 0x2f, 0xff, 0x30, 0x0,
    0xdf, 0xfb, 0x0, 0x0, 0x0, 0x0, 0x8f, 0xfd,
    0x0, 0x0, 0x7f, 0xff, 0x10, 0x0, 0x0, 0x0,
    0xdf, 0xf8, 0x0, 0x0, 0x2f, 0xff, 0x60, 0x0,
    0x0, 0x3, 0xff, 0xf3, 0x0, 0x0, 0xd, 0xff,
    0xb0, 0x0, 0x0, 0x9, 0xff, 0xff, 0xff, 0xff,
    0xff, 0xff, 0xf1, 0x0, 0x0, 0xe, 0xff, 0xff,
    0xff, 0xff, 0xff, 0xff, 0xf7, 0x0, 0x0, 0x4f,
    0xff, 0xff, 0xff, 0xff, 0xff, 0xff, 0xfc, 0x0,
    0x0, 0xaf, 0xfd, 0x0, 0x0, 0x0, 0x0, 0x8f,
    0xff, 0x20, 0x0, 0xff, 0xf8, 0x0, 0x0, 0x0,
    0x0, 0x2f, 0xff, 0x80, 0x5, 0xff, 0xf3, 0x0,
    0x0, 0x0, 0x0, 0xd, 0xff, 0xd0, 0xb, 0xff,
    0xd0, 0x0, 0x0, 0x0, 0x0, 0x8, 0xff, 0xf3,
    0x1f, 0xff, 0x80, 0x0, 0x0, 0x0, 0x0, 0x2,
    0xff, 0xf8,

    /* U+0042 "B" */
    0x4f, 0xff, 0xff, 0xff, 0xff, 0xfc, 0x60, 0x0,
    0x4, 0xff, 0xff, 0xff, 0xff, 0xff, 0xff, 0xd1,
    0x0, 0x4f, 0xff, 0xdc, 0xcc, 0xcd, 0xff, 0xff,
    0xc0, 0x4, 0xff, 0xf6, 0x0, 0x0, 0x2, 0xdf,
    0xff, 0x30, 0x4f, 0xff, 0x60, 0x0, 0x0, 0x4,
    0xff, 0xf7, 0x4, 0xff, 0xf6, 0x0, 0x0, 0x0,
    0x1f, 0xff, 0x90, 0x4f, 0xff, 0x60, 0x0, 0x0,
    0x2, 0xff, 0xf7, 0x4, 0xff, 0xf6, 0x0, 0x0,
    0x0, 0x6f, 0xff, 0x40, 0x4f, 0xff, 0x60, 0x0,
    0x1, 0x6f, 0xff, 0xc0, 0x4, 0xff, 0xff, 0xff,
    0xff, 0xff, 0xff, 0xd1, 0x0, 0x4f, 0xff, 0xff,
    0xff, 0xff, 0xff, 0xd1, 0x0, 0x4, 0xff, 0xfd,
    0xcc, 0xcc, 0xcf, 0xff, 0xf5, 0x0, 0x4f, 0xff,
    0x60, 0x0, 0x0, 0x1a, 0xff, 0xf3, 0x4, 0xff,
    0xf6, 0x0, 0x0, 0x0, 0xe, 0xff, 0xb0, 0x4f,
    0xff, 0x60, 0x0, 0x0, 0x0, 0x9f, 0xff, 0x4,
    0xff, 0xf6, 0x0, 0x0, 0x0, 0x9, 0xff, 0xf2,
    0x4f, 0xff, 0x60, 0x0, 0x0, 0x0, 0xdf, 0xff,
    0x14, 0xff, 0xf6, 0x0, 0x0, 0x0, 0x9f, 0xff,
    0xd0, 0x4f, 0xff, 0xdc, 0xcc, 0xcc, 0xff, 0xff,
    0xf5, 0x4, 0xff, 0xff, 0xff, 0xff, 0xff, 0xff,
    0xf7, 0x0, 0x4f, 0xff, 0xff, 0xff, 0xff, 0xfd,
    0x92, 0x0, 0x0,

    /* U+0043 "C" */
    0x0, 0x0, 0x1, 0x6b, 0xef, 0xfe, 0xa5, 0x0,
    0x0, 0x0, 0x0, 0x0, 0x7f, 0xff, 0xff, 0xff,
    0xff, 0xe4, 0x0, 0x0, 0x0, 0xb, 0xff, 0xff,
    0xff, 0xff, 0xff, 0xff, 0x70, 0x0, 0x0, 0xaf,
    0xff, 0xf8, 0x31, 0x13, 0x9f, 0xff, 0xf5, 0x0,
    0x5, 0xff, 0xfd, 0x20, 0x0, 0x0, 0x3, 0xff,
    0xfe, 0x0, 0xe, 0xff, 0xf2, 0x0, 0x0, 0x0,
    0x0, 0x6f, 0xff, 0x60, 0x5f, 0xff, 0x80, 0x0,
    0x0, 0x0, 0x0, 0xe, 0xff, 0xb0, 0x9f, 0xff,
    0x20, 0x0, 0x0, 0x0, 0x0, 0x8, 0xcc, 0xb0,
    0xdf, 0xfe, 0x0, 0x0, 0x0, 0x0, 0x0, 0x0,
    0x0, 0x0, 0xef, 0xfc, 0x0, 0x0, 0x0, 0x0,
    0x0, 0x0, 0x0, 0x0, 0xff, 0xfb, 0x0, 0x0,
    0x0, 0x0, 0x0, 0x0, 0x0, 0x0, 0xef, 0xfc,
    0x0, 0x0, 0x0, 0x0, 0x0, 0x0, 0x0, 0x0,
    0xcf, 0xfe, 0x0, 0x0, 0x0, 0x0, 0x0, 0x0,
    0x0, 0x0, 0x9f, 0xff, 0x30, 0x0, 0x0, 0x0,
    0x0, 0x7, 0xcc, 0xb0, 0x4f, 0xff, 0x90, 0x0,
    0x0, 0x0, 0x0, 0xe, 0xff, 0xc0, 0xd, 0xff,
    0xf3, 0x0, 0x0, 0x0, 0x0, 0x6f, 0xff, 0x70,
    0x5, 0xff, 0xfe, 0x20, 0x0, 0x0, 0x4, 0xff,
    0xfe, 0x0, 0x0, 0x9f, 0xff, 0xf9, 0x31, 0x13,
    0x9f, 0xff, 0xf5, 0x0, 0x0, 0xa, 0xff, 0xff,
    0xff, 0xff, 0xff, 0xff, 0x70, 0x0, 0x0, 0x0,
    0x6e, 0xff, 0xff, 0xff, 0xff, 0xe5, 0x0, 0x0,
    0x0, 0x0, 0x0, 0x6b, 0xef, 0xfe, 0xb6, 0x0,
    0x0, 0x0,

    /* U+0044 "D" */
    0x4f, 0xff, 0xff, 0xff, 0xff, 0xd9, 0x50, 0x0,
    0x0, 0x0, 0x4f, 0xff, 0xff, 0xff, 0xff, 0xff,
    0xfe, 0x60, 0x0, 0x0, 0x4f, 0xff, 0xff, 0xff,
    0xff, 0xff, 0xff, 0xfa, 0x0, 0x0, 0x4f, 0xff,
    0x60, 0x0, 0x1, 0x4a, 0xff, 0xff, 0xb0, 0x0,
    0x4f, 0xff, 0x60, 0x0, 0x0, 0x0, 0x3e, 0xff,
    0xf7, 0x0, 0x4f, 0xff, 0x60, 0x0, 0x0, 0x0,
    0x2, 0xff, 0xff, 0x10, 0x4f, 0xff, 0x60, 0x0,
    0x0, 0x0, 0x0, 0x7f, 0xff, 0x70, 0x4f, 0xff,
    0x60, 0x0, 0x0, 0x0, 0x0, 0x1f, 0xff, 0xc0,
    0x4f, 0xff, 0x60, 0x0, 0x0, 0x0, 0x0, 0xc,
    0xff, 0xf0, 0x4f, 0xff, 0x60, 0x0, 0x0, 0x0,
    0x0, 0xa, 0xff, 0xf1, 0x4f, 0xff, 0x60, 0x0,
    0x0, 0x0, 0x0, 0x9, 0xff, 0xf1, 0x4f, 0xff,
    0x60, 0x0, 0x0, 0x0, 0x0, 0xa, 0xff, 0xf1,
    0x4f, 0xff, 0x60, 0x0, 0x0, 0x0, 0x0, 0xd,
    0xff, 0xf0, 0x4f, 0xff, 0x60, 0x0, 0x0, 0x0,
    0x0, 0x1f, 0xff, 0xb0, 0x4f, 0xff, 0x60, 0x0,
    0x0, 0x0, 0x0, 0x8f, 0xff, 0x60, 0x4f, 0xff,
    0x60, 0x0, 0x0, 0x0, 0x3, 0xff, 0xfe, 0x0,
    0x4f, 0xff, 0x60, 0x0, 0x0, 0x0, 0x4e, 0xff,
    0xf6, 0x0, 0x4f, 0xff, 0x60, 0x0, 0x1, 0x5b,
    0xff, 0xff, 0xa0, 0x0, 0x4f, 0xff, 0xff, 0xff,
    0xff, 0xff, 0xff, 0xf9, 0x0, 0x0, 0x4f, 0xff,
    0xff, 0xff, 0xff, 0xff, 0xfd, 0x50, 0x0, 0x0,
    0x4f, 0xff, 0xff, 0xff, 0xff, 0xd9, 0x40, 0x0,
    0x0, 0x0,

    /* U+0045 "E" */
    0x4f, 0xff, 0xff, 0xff, 0xff, 0xff, 0xff, 0xf0,
    0x4f, 0xff, 0xff, 0xff, 0xff, 0xff, 0xff, 0xf0,
    0x4f, 0xff, 0xff, 0xff, 0xff, 0xff, 0xff, 0xe0,
    0x4f, 0xff, 0x60, 0x0, 0x0, 0x0, 0x0, 0x0,
    0x4f, 0xff, 0x60, 0x0, 0x0, 0x0, 0x0, 0x0,
    0x4f, 0xff, 0x60, 0x0, 0x0, 0x0, 0x0, 0x0,
    0x4f, 0xff, 0x60, 0x0, 0x0, 0x0, 0x0, 0x0,
    0x4f, 0xff, 0x60, 0x0, 0x0, 0x0, 0x0, 0x0,
    0x4f, 0xff, 0x60, 0x0, 0x0, 0x0, 0x0, 0x0,
    0x4f, 0xff, 0xff, 0xff, 0xff, 0xff, 0xff, 0x40,
    0x4f, 0xff, 0xff, 0xff, 0xff, 0xff, 0xff, 0x40,
    0x4f, 0xff, 0xfe, 0xee, 0xee, 0xee, 0xee, 0x30,
    0x4f, 0xff, 0x60, 0x0, 0x0, 0x0, 0x0, 0x0,
    0x4f, 0xff, 0x60, 0x0, 0x0, 0x0, 0x0, 0x0,
    0x4f, 0xff, 0x60, 0x0, 0x0, 0x0, 0x0, 0x0,
    0x4f, 0xff, 0x60, 0x0, 0x0, 0x0, 0x0, 0x0,
    0x4f, 0xff, 0x60, 0x0, 0x0, 0x0, 0x0, 0x0,
    0x4f, 0xff, 0x60, 0x0, 0x0, 0x0, 0x0, 0x0,
    0x4f, 0xff, 0xff, 0xff, 0xff, 0xff, 0xff, 0xf3,
    0x4f, 0xff, 0xff, 0xff, 0xff, 0xff, 0xff, 0xf3,
    0x4f, 0xff, 0xff, 0xff, 0xff, 0xff, 0xff, 0xf3,

    /* U+0046 "F" */
    0x4f, 0xff, 0xff, 0xff, 0xff, 0xff, 0xff, 0x74,
    0xff, 0xff, 0xff, 0xff, 0xff, 0xff, 0xf7, 0x4f,
    0xff, 0xff, 0xff, 0xff, 0xff, 0xff, 0x74, 0xff,
    0xf6, 0x0, 0x0, 0x0, 0x0, 0x0, 0x4f, 0xff,
    0x60, 0x0, 0x0, 0x0, 0x0, 0x4, 0xff, 0xf6,
    0x0, 0x0, 0x0, 0x0, 0x0, 0x4f, 0xff, 0x60,
    0x0, 0x0, 0x0, 0x0, 0x4, 0xff, 0xf6, 0x0,
    0x0, 0x0, 0x0, 0x0, 0x4f, 0xff, 0x60, 0x0,
    0x0, 0x0, 0x0, 0x4, 0xff, 0xf6, 0x0, 0x0,
    0x0, 0x0, 0x0, 0x4f, 0xff, 0xff, 0xff, 0xff,
    0xff, 0xfd, 0x4, 0xff, 0xff, 0xff, 0xff, 0xff,
    0xff, 0xd0, 0x4f, 0xff, 0xff, 0xff, 0xff, 0xff,
    0xfc, 0x4, 0xff, 0xf6, 0x0, 0x0, 0x0, 0x0,
    0x0, 0x4f, 0xff, 0x60, 0x0, 0x0, 0x0, 0x0,
    0x4, 0xff, 0xf6, 0x0, 0x0, 0x0, 0x0, 0x0,
    0x4f, 0xff, 0x60, 0x0, 0x0, 0x0, 0x0, 0x4,
    0xff, 0xf6, 0x0, 0x0, 0x0, 0x0, 0x0, 0x4f,
    0xff, 0x60, 0x0, 0x0, 0x0, 0x0, 0x4, 0xff,
    0xf6, 0x0, 0x0, 0x0, 0x0, 0x0, 0x4f, 0xff,
    0x60, 0x0, 0x0, 0x0, 0x0, 0x0,

    /* U+0047 "G" */
    0x0, 0x0, 0x1, 0x7b, 0xef, 0xfe, 0xb7, 0x10,
    0x0, 0x0, 0x0, 0x0, 0x7f, 0xff, 0xff, 0xff,
    0xff, 0xf8, 0x0, 0x0, 0x0, 0xb, 0xff, 0xff,
    0xff, 0xff, 0xff, 0xff, 0xb0, 0x0, 0x0, 0xaf,
    0xff, 0xf9, 0x31, 0x13, 0x7e, 0xff, 0xfa, 0x0,
    0x5, 0xff, 0xfe, 0x20, 0x0, 0x0, 0x1, 0xcf,
    0xff, 0x40, 0xe, 0xff, 0xf2, 0x0, 0x0, 0x0,
    0x0, 0x2f, 0xff, 0xa0, 0x5f, 0xff, 0x80, 0x0,
    0x0, 0x0, 0x0, 0x7, 0x99, 0x70, 0x9f, 0xff,
    0x20, 0x0, 0x0, 0x0, 0x0, 0x0, 0x0, 0x0,
    0xcf, 0xfe, 0x0, 0x0, 0x0, 0x0, 0x0, 0x0,
    0x0, 0x0, 0xef, 0xfc, 0x0, 0x0, 0x0, 0x6f,
    0xff, 0xff, 0xff, 0xf0, 0xff, 0xfb, 0x0, 0x0,
    0x0, 0x7f, 0xff, 0xff, 0xff, 0xf0, 0xef, 0xfc,
    0x0, 0x0, 0x0, 0x7f, 0xff, 0xff, 0xff, 0xf0,
    0xdf, 0xfe, 0x0, 0x0, 0x0, 0x0, 0x0, 0xa,
    0xff, 0xf0, 0xaf, 0xff, 0x20, 0x0, 0x0, 0x0,
    0x0, 0xa, 0xff, 0xf0, 0x5f, 0xff, 0x80, 0x0,
    0x0, 0x0, 0x0, 0xa, 0xff, 0xf0, 0xe, 0xff,
    0xf2, 0x0, 0x0, 0x0, 0x0, 0xa, 0xff, 0xf0,
    0x7, 0xff, 0xfe, 0x20, 0x0, 0x0, 0x0, 0x1d,
    0xff, 0xf0, 0x0, 0xbf, 0xff, 0xf9, 0x41, 0x1,
    0x38, 0xef, 0xff, 0xe0, 0x0, 0xb, 0xff, 0xff,
    0xff, 0xff, 0xff, 0xff, 0xfd, 0x20, 0x0, 0x0,
    0x7f, 0xff, 0xff, 0xff, 0xff, 0xff, 0x80, 0x0,
    0x0, 0x0, 0x1, 0x6b, 0xdf, 0xff, 0xda, 0x61,
    0x0, 0x0,

    /* U+0048 "H" */
    0x4f, 0xff, 0x60, 0x0, 0x0, 0x0, 0x1, 0xff,
    0xf9, 0x4f, 0xff, 0x60, 0x0, 0x0, 0x0, 0x1,
    0xff, 0xf9, 0x4f, 0xff, 0x60, 0x0, 0x0, 0x0,
    0x1, 0xff, 0xf9, 0x4f, 0xff, 0x60, 0x0, 0x0,
    0x0, 0x1, 0xff, 0xf9, 0x4f, 0xff, 0x60, 0x0,
    0x0, 0x0, 0x1, 0xff, 0xf9, 0x4f, 0xff, 0x60,
    0x0, 0x0, 0x0, 0x1, 0xff, 0xf9, 0x4f, 0xff,
    0x60, 0x0, 0x0, 0x0, 0x1, 0xff, 0xf9, 0x4f,
    0xff, 0x60, 0x0, 0x0, 0x0, 0x1, 0xff, 0xf9,
    0x4f, 0xff, 0x60, 0x0, 0x0, 0x0, 0x1, 0xff,
    0xf9, 0x4f, 0xff, 0xff, 0xff, 0xff, 0xff, 0xff,
    0xff, 0xf9, 0x4f, 0xff, 0xff, 0xff, 0xff, 0xff,
    0xff, 0xff, 0xf9, 0x4f, 0xff, 0xff, 0xff, 0xff,
    0xff, 0xff, 0xff, 0xf9, 0x4f, 0xff, 0x60, 0x0,
    0x0, 0x0, 0x1, 0xff, 0xf9, 0x4f, 0xff, 0x60,
    0x0, 0x0, 0x0, 0x1, 0xff, 0xf9, 0x4f, 0xff,
    0x60, 0x0, 0x0, 0x0, 0x1, 0xff, 0xf9, 0x4f,
    0xff, 0x60, 0x0, 0x0, 0x0, 0x1, 0xff, 0xf9,
    0x4f, 0xff, 0x60, 0x0, 0x0, 0x0, 0x1, 0xff,
    0xf9, 0x4f, 0xff, 0x60, 0x0, 0x0, 0x0, 0x1,
    0xff, 0xf9, 0x4f, 0xff, 0x60, 0x0, 0x0, 0x0,
    0x1, 0xff, 0xf9, 0x4f, 0xff, 0x60, 0x0, 0x0,
    0x0, 0x1, 0xff, 0xf9, 0x4f, 0xff, 0x60, 0x0,
    0x0, 0x0, 0x1, 0xff, 0xf9,

    /* U+0049 "I" */
    0x4f, 0xff, 0x64, 0xff, 0xf6, 0x4f, 0xff, 0x64,
    0xff, 0xf6, 0x4f, 0xff, 0x64, 0xff, 0xf6, 0x4f,
    0xff, 0x64, 0xff, 0xf6, 0x4f, 0xff, 0x64, 0xff,
    0xf6, 0x4f, 0xff, 0x64, 0xff, 0xf6, 0x4f, 0xff,
    0x64, 0xff, 0xf6, 0x4f, 0xff, 0x64, 0xff, 0xf6,
    0x4f, 0xff, 0x64, 0xff, 0xf6, 0x4f, 0xff, 0x64,
    0xff, 0xf6, 0x4f, 0xff, 0x60,

    /* U+004A "J" */
    0x0, 0x0, 0x0, 0x5f, 0xff, 0x40, 0x0, 0x0,
    0x5, 0xff, 0xf4, 0x0, 0x0, 0x0, 0x5f, 0xff,
    0x40, 0x0, 0x0, 0x5, 0xff, 0xf4, 0x0, 0x0,
    0x0, 0x5f, 0xff, 0x40, 0x0, 0x0, 0x5, 0xff,
    0xf4, 0x0, 0x0, 0x0, 0x5f, 0xff, 0x40, 0x0,
    0x0, 0x5, 0xff, 0xf4, 0x0, 0x0, 0x0, 0x5f,
    0xff, 0x40, 0x0, 0x0, 0x5, 0xff, 0xf4, 0x0,
    0x0, 0x0, 0x5f, 0xff, 0x40, 0x0, 0x0, 0x5,
    0xff, 0xf4, 0x0, 0x0, 0x0, 0x5f, 0xff, 0x40,
    0x0, 0x0, 0x5, 0xff, 0xf4, 0x0, 0x0, 0x0,
    0x5f, 0xff, 0x40, 0x0, 0x0, 0x5, 0xff, 0xf4,
    0x0, 0x0, 0x0, 0x9f, 0xff, 0x34, 0x30, 0x1,
    0x7f, 0xff, 0xf0, 0xaf, 0xff, 0xff, 0xff, 0xf8,
    0xa, 0xff, 0xff, 0xff, 0xfa, 0x0, 0x5c, 0xef,
    0xfe, 0xa4, 0x0, 0x0,

    /* U+004B "K" */
    0x4f, 0xff, 0x60, 0x0, 0x0, 0x0, 0x8f, 0xff,
    0xf5, 0x4, 0xff, 0xf6, 0x0, 0x0, 0x0, 0x8f,
    0xff, 0xf5, 0x0, 0x4f, 0xff, 0x60, 0x0, 0x0,
    0x7f, 0xff, 0xf5, 0x0, 0x4, 0xff, 0xf6, 0x0,
    0x0, 0x6f, 0xff, 0xf5, 0x0, 0x0, 0x4f, 0xff,
    0x60, 0x0, 0x6f, 0xff, 0xf5, 0x0, 0x0, 0x4,
    0xff, 0xf6, 0x0, 0x5f, 0xff, 0xf5, 0x0, 0x0,
    0x0, 0x4f, 0xff, 0x60, 0x4f, 0xff, 0xf5, 0x0,
    0x0, 0x0, 0x4, 0xff, 0xf6, 0x4f, 0xff, 0xf5,
    0x0, 0x0, 0x0, 0x0, 0x4f, 0xff, 0xaf, 0xff,
    0xf5, 0x0, 0x0, 0x0, 0x0, 0x4, 0xff, 0xff,
    0xff, 0xf5, 0x0, 0x0, 0x0, 0x0, 0x0, 0x4f,
    0xff, 0xdc, 0xcc, 0x30, 0x0, 0x0, 0x0, 0x0,
    0x4, 0xff, 0xfd, 0xff, 0xfe, 0x30, 0x0, 0x0,
    0x0, 0x0, 0x4f, 0xff, 0x69, 0xff, 0xfe, 0x20,
    0x0, 0x0, 0x0, 0x4, 0xff, 0xf6, 0xa, 0xff,
    0xfe, 0x20, 0x0, 0x0, 0x0, 0x4f, 0xff, 0x60,
    0xa, 0xff, 0xfe, 0x20, 0x0, 0x0, 0x4, 0xff,
    0xf6, 0x0, 0xb, 0xff, 0xfe, 0x20, 0x0, 0x0,
    0x4f, 0xff, 0x60, 0x0, 0xc, 0xff, 0xfe, 0x10,
    0x0, 0x4, 0xff, 0xf6, 0x0, 0x0, 0x1d, 0xff,
    0xfd, 0x10, 0x0, 0x4f, 0xff, 0x60, 0x0, 0x0,
    0x1d, 0xff, 0xfd, 0x10, 0x4, 0xff, 0xf6, 0x0,
    0x0, 0x0, 0x2e, 0xff, 0xfd, 0x10, 0x4f, 0xff,
    0x60, 0x0, 0x0, 0x0, 0x2e, 0xff, 0xfd, 0x10,

    /* U+004C "L" */
    0x4f, 0xff, 0x60, 0x0, 0x0, 0x0, 0x0, 0x4,
    0xff, 0xf6, 0x0, 0x0, 0x0, 0x0, 0x0, 0x4f,
    0xff, 0x60, 0x0, 0x0, 0x0, 0x0, 0x4, 0xff,
    0xf6, 0x0, 0x0, 0x0, 0x0, 0x0, 0x4f, 0xff,
    0x60, 0x0, 0x0, 0x0, 0x0, 0x4, 0xff, 0xf6,
    0x0, 0x0, 0x0, 0x0, 0x0, 0x4f, 0xff, 0x60,
    0x0, 0x0, 0x0, 0x0, 0x4, 0xff, 0xf6, 0x0,
    0x0, 0x0, 0x0, 0x0, 0x4f, 0xff, 0x60, 0x0,
    0x0, 0x0, 0x0, 0x4, 0xff, 0xf6, 0x0, 0x0,
    0x0, 0x0, 0x0, 0x4f, 0xff, 0x60, 0x0, 0x0,
    0x0, 0x0, 0x4, 0xff, 0xf6, 0x0, 0x0, 0x0,
    0x0, 0x0, 0x4f, 0xff, 0x60, 0x0, 0x0, 0x0,
    0x0, 0x4, 0xff, 0xf6, 0x0, 0x0, 0x0, 0x0,
    0x0, 0x4f, 0xff, 0x60, 0x0, 0x0, 0x0, 0x0,
    0x4, 0xff, 0xf6, 0x0, 0x0, 0x0, 0x0, 0x0,
    0x4f, 0xff, 0x60, 0x0, 0x0, 0x0, 0x0, 0x4,
    0xff, 0xf6, 0x0, 0x0, 0x0, 0x0, 0x0, 0x4f,
    0xff, 0xff, 0xff, 0xff, 0xff, 0xff, 0x44, 0xff,
    0xff, 0xff, 0xff, 0xff, 0xff, 0xf4, 0x4f, 0xff,
    0xff, 0xff, 0xff, 0xff, 0xff, 0x40,

    /* U+004D "M" */
    0x4f, 0xff, 0xff, 0x80, 0x0, 0x0, 0x0, 0x0,
    0x6f, 0xff, 0xff, 0x64, 0xff, 0xff, 0xfd, 0x0,
    0x0, 0x0, 0x0, 0xb, 0xff, 0xff, 0xf6, 0x4f,
    0xff, 0xff, 0xf2, 0x0, 0x0, 0x0, 0x1, 0xff,
    0xff, 0xff, 0x64, 0xff, 0xfe, 0xff, 0x70, 0x0,
    0x0, 0x0, 0x5f, 0xff, 0xff, 0xf6, 0x4f, 0xff,
    0xaf, 0xfc, 0x0, 0x0, 0x0, 0xa, 0xff, 0xaf,
    0xff, 0x64, 0xff, 0xf5, 0xff, 0xf1, 0x0, 0x0,
    0x0, 0xff, 0xf5, 0xff, 0xf6, 0x4f, 0xff, 0x2e,
    0xff, 0x50, 0x0, 0x0, 0x4f, 0xfd, 0x2f, 0xff,
    0x64, 0xff, 0xf2, 0x9f, 0xfa, 0x0, 0x0, 0x9,
    0xff, 0x82, 0xff, 0xf6, 0x4f, 0xff, 0x24, 0xff,
    0xf0, 0x0, 0x0, 0xdf, 0xf4, 0x2f, 0xff, 0x64,
    0xff, 0xf2, 0xf, 0xff, 0x40, 0x0, 0x2f, 0xfe,
    0x2, 0xff, 0xf6, 0x4f, 0xff, 0x20, 0xaf, 0xf9,
    0x0, 0x7, 0xff, 0xa0, 0x2f, 0xff, 0x64, 0xff,
    0xf2, 0x5, 0xff, 0xe0, 0x0, 0xcf, 0xf5, 0x2,
    0xff, 0xf6, 0x4f, 0xff, 0x20, 0x1f, 0xff, 0x30,
    0x1f, 0xff, 0x0, 0x2f, 0xff, 0x64, 0xff, 0xf2,
    0x0, 0xcf, 0xf7, 0x6, 0xff, 0xb0, 0x2, 0xff,
    0xf6, 0x4f, 0xff, 0x20, 0x7, 0xff, 0xc0, 0xbf,
    0xf6, 0x0, 0x2f, 0xff, 0x64, 0xff, 0xf2, 0x0,
    0x2f, 0xff, 0x2f, 0xff, 0x10, 0x2, 0xff, 0xf6,
    0x4f, 0xff, 0x20, 0x0, 0xdf, 0xfb, 0xff, 0xc0,
    0x0, 0x2f, 0xff, 0x64, 0xff, 0xf2, 0x0, 0x8,
    0xff, 0xff, 0xf7, 0x0, 0x2, 0xff, 0xf6, 0x4f,
    0xff, 0x20, 0x0, 0x3f, 0xff, 0xff, 0x30, 0x0,
    0x2f, 0xff, 0x64, 0xff, 0xf2, 0x0, 0x0, 0xef,
    0xff, 0xe0, 0x0, 0x2, 0xff, 0xf6, 0x4f, 0xff,
    0x20, 0x0, 0x9, 0xff, 0xf9, 0x0, 0x0, 0x2f,
    0xff, 0x60,

    /* U+004E "N" */
    0x4f, 0xff, 0xf8, 0x0, 0x0, 0x0, 0x0, 0xff,
    0xf9, 0x4f, 0xff, 0xff, 0x10, 0x0, 0x0, 0x0,
    0xff, 0xf9, 0x4f, 0xff, 0xff, 0x90, 0x0, 0x0,
    0x0, 0xff, 0xf9, 0x4f, 0xff, 0xff, 0xf2, 0x0,
    0x0, 0x0, 0xff, 0xf9, 0x4f, 0xff, 0xff, 0xfa,
    0x0, 0x0, 0x0, 0xff, 0xf9, 0x4f, 0xff, 0x8f,
    0xff, 0x30, 0x0, 0x0, 0xff, 0xf9, 0x4f, 0xff,
    0x4c, 0xff, 0xc0, 0x0, 0x0, 0xff, 0xf9, 0x4f,
    0xff, 0x43, 0xff, 0xf4, 0x0, 0x0, 0xff, 0xf9,
    0x4f, 0xff, 0x40, 0xaf, 0xfd, 0x0, 0x0, 0xff,
    0xf9, 0x4f, 0xff, 0x40, 0x2f, 0xff, 0x50, 0x0,
    0xff, 0xf9, 0x4f, 0xff, 0x40, 0x9, 0xff, 0xe0,
    0x0, 0xff, 0xf9, 0x4f, 0xff, 0x40, 0x1, 0xff,
    0xf7, 0x0, 0xff, 0xf9, 0x4f, 0xff, 0x40, 0x0,
    0x8f, 0xfe, 0x0, 0xff, 0xf9, 0x4f, 0xff, 0x40,
    0x0, 0xe, 0xff, 0x80, 0xff, 0xf9, 0x4f, 0xff,
    0x40, 0x0, 0x7, 0xff, 0xf1, 0xff, 0xf9, 0x4f,
    0xff, 0x40, 0x0, 0x0, 0xef, 0xf9, 0xff, 0xf9,
    0x4f, 0xff, 0x40, 0x0, 0x0, 0x5f, 0xff, 0xff,
    0xf9, 0x4f, 0xff, 0x40, 0x0, 0x0, 0xd, 0xff,
    0xff, 0xf9, 0x4f, 0xff, 0x40, 0x0, 0x0, 0x4,
    0xff, 0xff, 0xf9, 0x4f, 0xff, 0x40, 0x0, 0x0,
    0x0, 0xbf, 0xff, 0xf9, 0x4f, 0xff, 0x40, 0x0,
    0x0, 0x0, 0x3f, 0xff, 0xf9,

    /* U+004F "O" */
    0x0, 0x0, 0x0, 0x6b, 0xef, 0xfe, 0xc7, 0x20,
    0x0, 0x0, 0x0, 0x0, 0x6, 0xff, 0xff, 0xff,
    0xff, 0xff, 0x90, 0x0, 0x0, 0x0, 0xb, 0xff,
    0xff, 0xff, 0xff, 0xff, 0xff, 0xd1, 0x0, 0x0,
    0xa, 0xff, 0xff, 0x93, 0x11, 0x37, 0xef, 0xff,
    0xd0, 0x0, 0x6, 0xff, 0xfe, 0x20, 0x0, 0x0,
    0x1, 0xcf, 0xff, 0x90, 0x0, 0xef, 0xff, 0x20,
    0x0, 0x0, 0x0, 0x1, 0xdf, 0xff, 0x20, 0x5f,
    0xff, 0x80, 0x0, 0x0, 0x0, 0x0, 0x5, 0xff,
    0xf9, 0xa, 0xff, 0xf2, 0x0, 0x0, 0x0, 0x0,
    0x0, 0xe, 0xff, 0xd0, 0xdf, 0xfe, 0x0, 0x0,
    0x0, 0x0, 0x0, 0x0, 0xaf, 0xff, 0xe, 0xff,
    0xc0, 0x0, 0x0, 0x0, 0x0, 0x0, 0x8, 0xff,
    0xf2, 0xff, 0xfb, 0x0, 0x0, 0x0, 0x0, 0x0,
    0x0, 0x8f, 0xff, 0x3e, 0xff, 0xc0, 0x0, 0x0,
    0x0, 0x0, 0x0, 0x9, 0xff, 0xf2, 0xcf, 0xff,
    0x0, 0x0, 0x0, 0x0, 0x0, 0x0, 0xbf, 0xff,
    0x9, 0xff, 0xf3, 0x0, 0x0, 0x0, 0x0, 0x0,
    0xf, 0xff, 0xd0, 0x4f, 0xff, 0xa0, 0x0, 0x0,
    0x0, 0x0, 0x6, 0xff, 0xf8, 0x0, 0xdf, 0xff,
    0x30, 0x0, 0x0, 0x0, 0x1, 0xef, 0xff, 0x10,
    0x4, 0xff, 0xfe, 0x30, 0x0, 0x0, 0x2, 0xdf,
    0xff, 0x80, 0x0, 0x9, 0xff, 0xff, 0x94, 0x11,
    0x38, 0xff, 0xff, 0xc0, 0x0, 0x0, 0xa, 0xff,
    0xff, 0xff, 0xff, 0xff, 0xff, 0xc1, 0x0, 0x0,
    0x0, 0x6, 0xef, 0xff, 0xff, 0xff, 0xff, 0x80,
    0x0, 0x0, 0x0, 0x0, 0x0, 0x6b, 0xef, 0xfe,
    0xb7, 0x10, 0x0, 0x0, 0x0,

    /* U+0050 "P" */
    0x4f, 0xff, 0xff, 0xff, 0xff, 0xfd, 0x93, 0x0,
    0x4, 0xff, 0xff, 0xff, 0xff, 0xff, 0xff, 0xf9,
    0x0, 0x4f, 0xff, 0xff, 0xff, 0xff, 0xff, 0xff,
    0xf9, 0x4, 0xff, 0xf6, 0x0, 0x0, 0x1, 0x6f,
    0xff, 0xf3, 0x4f, 0xff, 0x60, 0x0, 0x0, 0x0,
    0x4f, 0xff, 0x94, 0xff, 0xf6, 0x0, 0x0, 0x0,
    0x0, 0xef, 0xfc, 0x4f, 0xff, 0x60, 0x0, 0x0,
    0x0, 0xc, 0xff, 0xd4, 0xff, 0xf6, 0x0, 0x0,
    0x0, 0x0, 0xef, 0xfc, 0x4f, 0xff, 0x60, 0x0,
    0x0, 0x0, 0x5f, 0xff, 0x94, 0xff, 0xf6, 0x0,
    0x0, 0x1, 0x6f, 0xff, 0xf2, 0x4f, 0xff, 0xff,
    0xff, 0xff, 0xff, 0xff, 0xf8, 0x4, 0xff, 0xff,
    0xff, 0xff, 0xff, 0xff, 0xf8, 0x0, 0x4f, 0xff,
    0xff, 0xff, 0xff, 0xec, 0x82, 0x0, 0x4, 0xff,
    0xf6, 0x0, 0x0, 0x0, 0x0, 0x0, 0x0, 0x4f,
    0xff, 0x60, 0x0, 0x0, 0x0, 0x0, 0x0, 0x4,
    0xff, 0xf6, 0x0, 0x0, 0x0, 0x0, 0x0, 0x0,
    0x4f, 0xff, 0x60, 0x0, 0x0, 0x0, 0x0, 0x0,
    0x4, 0xff, 0xf6, 0x0, 0x0, 0x0, 0x0, 0x0,
    0x0, 0x4f, 0xff, 0x60, 0x0, 0x0, 0x0, 0x0,
    0x0, 0x4, 0xff, 0xf6, 0x0, 0x0, 0x0, 0x0,
    0x0, 0x0, 0x4f, 0xff, 0x60, 0x0, 0x0, 0x0,
    0x0, 0x0, 0x0,

    /* U+0051 "Q" */
    0x0, 0x0, 0x0, 0x6b, 0xef, 0xfe, 0xc7, 0x20,
    0x0, 0x0, 0x0, 0x0, 0x0, 0x6f, 0xff, 0xff,
    0xff, 0xff, 0xf9, 0x0, 0x0, 0x0, 0x0, 0xb,
    0xff, 0xff, 0xff, 0xff, 0xff, 0xff, 0xd1, 0x0,
    0x0, 0x0, 0xaf, 0xff, 0xf9, 0x31, 0x13, 0x7e,
    0xff, 0xfd, 0x0, 0x0, 0x6, 0xff, 0xfe, 0x20,
    0x0, 0x0, 0x1, 0xcf, 0xff, 0x90, 0x0, 0xe,
    0xff, 0xf2, 0x0, 0x0, 0x0, 0x0, 0x1d, 0xff,
    0xf2, 0x0, 0x5f, 0xff, 0x80, 0x0, 0x0, 0x0,
    0x0, 0x5, 0xff, 0xf9, 0x0, 0xaf, 0xff, 0x20,
    0x0, 0x0, 0x0, 0x0, 0x0, 0xef, 0xfd, 0x0,
    0xdf, 0xfe, 0x0, 0x0, 0x0, 0x0, 0x0, 0x0,
    0xaf, 0xff, 0x0, 0xef, 0xfc, 0x0, 0x0, 0x0,
    0x0, 0x0, 0x0, 0x8f, 0xff, 0x20, 0xff, 0xfb,
    0x0, 0x0, 0x0, 0x0, 0x0, 0x0, 0x8f, 0xff,
    0x30, 0xef, 0xfc, 0x0, 0x0, 0x0, 0x0, 0x0,
    0x0, 0x9f, 0xff, 0x20, 0xcf, 0xfe, 0x0, 0x0,
    0x0, 0x0, 0x0, 0x0, 0xbf, 0xff, 0x0, 0x9f,
    0xff, 0x20, 0x0, 0x0, 0x0, 0x0, 0x0, 0xff,
    0xfc, 0x0, 0x4f, 0xff, 0x90, 0x0, 0x0, 0x0,
    0x0, 0x5, 0xff, 0xf7, 0x0, 0xd, 0xff, 0xf2,
    0x0, 0x0, 0x0, 0x0, 0xd, 0xff, 0xe1, 0x0,
    0x5, 0xff, 0xfd, 0x20, 0x0, 0x0, 0x0, 0xbf,
    0xff, 0x50, 0x0, 0x0, 0x9f, 0xff, 0xf7, 0x10,
    0x1, 0x6e, 0xff, 0xf6, 0x0, 0x0, 0x0, 0xa,
    0xff, 0xff, 0xff, 0xff, 0xff, 0xff, 0xfe, 0xee,
    0xe2, 0x0, 0x0, 0x6e, 0xff, 0xff, 0xff, 0xff,
    0xff, 0xff, 0xff, 0xf2, 0x0, 0x0, 0x0, 0x6a,
    0xdf, 0xff, 0xff, 0xff, 0xff, 0xff, 0xf2,

    /* U+0052 "R" */
    0x5f, 0xff, 0xff, 0xff, 0xff, 0xeb, 0x60, 0x0,
    0x0, 0x5f, 0xff, 0xff, 0xff, 0xff, 0xff, 0xfe,
    0x30, 0x0, 0x5f, 0xff, 0xff, 0xff, 0xff, 0xff,
    0xff, 0xf2, 0x0, 0x5f, 0xff, 0x40, 0x0, 0x0,
    0x29, 0xff, 0xfb, 0x0, 0x5f, 0xff, 0x40, 0x0,
    0x0, 0x0, 0xaf, 0xff, 0x0, 0x5f, 0xff, 0x40,
    0x0, 0x0, 0x0, 0x5f, 0xff, 0x20, 0x5f, 0xff,
    0x40, 0x0, 0x0, 0x0, 0x5f, 0xff, 0x30, 0x5f,
    0xff, 0x40, 0x0, 0x0, 0x0, 0xaf, 0xff, 0x0,
    0x5f, 0xff, 0x40, 0x0, 0x0, 0x18, 0xff, 0xfb,
    0x0, 0x5f, 0xff, 0xed, 0xdd, 0xde, 0xff, 0xff,
    0xf2, 0x0, 0x5f, 0xff, 0xff, 0xff, 0xff, 0xff,
    0xfe, 0x30, 0x0, 0x5f, 0xff, 0xff, 0xff, 0xff,
    0xeb, 0x60, 0x0, 0x0, 0x5f, 0xff, 0x5c, 0xff,
    0xf7, 0x0, 0x0, 0x0, 0x0, 0x5f, 0xff, 0x41,
    0xef, 0xff, 0x60, 0x0, 0x0, 0x0, 0x5f, 0xff,
    0x40, 0x3f, 0xff, 0xf4, 0x0, 0x0, 0x0, 0x5f,
    0xff, 0x40, 0x5, 0xff, 0xff, 0x30, 0x0, 0x0,
    0x5f, 0xff, 0x40, 0x0, 0x8f, 0xff, 0xf2, 0x0,
    0x0, 0x5f, 0xff, 0x40, 0x0, 0xb, 0xff, 0xfe,
    0x20, 0x0, 0x5f, 0xff, 0x40, 0x0, 0x0, 0xdf,
    0xff, 0xd1, 0x0, 0x5f, 0xff, 0x40, 0x0, 0x0,
    0x2e, 0xff, 0xfc, 0x0, 0x5f, 0xff, 0x40, 0x0,
    0x0, 0x3, 0xff, 0xff, 0xb0,

    /* U+0053 "S" */
    0x0, 0x0, 0x6, 0xbe, 0xff, 0xeb, 0x70, 0x0,
    0x0, 0x0, 0x3, 0xdf, 0xff, 0xff, 0xff, 0xfe,
    0x40, 0x0, 0x0, 0x2f, 0xff, 0xff, 0xee, 0xff,
    0xff, 0xf4, 0x0, 0x0, 0xbf, 0xff, 0x60, 0x0,
    0x18, 0xff, 0xfe, 0x0, 0x0, 0xff, 0xf8, 0x0,
    0x0, 0x0, 0x7f, 0xff, 0x50, 0x2, 0xff, 0xf5,
    0x0, 0x0, 0x0, 0xf, 0xff, 0x90, 0x2, 0xff,
    0xfa, 0x0, 0x0, 0x0, 0x2, 0x22, 0x10, 0x0,
    0xef, 0xff, 0xa2, 0x0, 0x0, 0x0, 0x0, 0x0,
    0x0, 0x7f, 0xff, 0xff, 0xd8, 0x30, 0x0, 0x0,
    0x0, 0x0, 0x9, 0xff, 0xff, 0xff, 0xfe, 0x93,
    0x0, 0x0, 0x0, 0x0, 0x5d, 0xff, 0xff, 0xff,
    0xff, 0xa1, 0x0, 0x0, 0x0, 0x0, 0x39, 0xef,
    0xff, 0xff, 0xfc, 0x0, 0x0, 0x0, 0x0, 0x0,
    0x2, 0x7d, 0xff, 0xff, 0x80, 0x0, 0x0, 0x0,
    0x0, 0x0, 0x0, 0x5f, 0xff, 0xd0, 0x1d, 0xdd,
    0x50, 0x0, 0x0, 0x0, 0xa, 0xff, 0xf0, 0xe,
    0xff, 0xb0, 0x0, 0x0, 0x0, 0x7, 0xff, 0xf0,
    0x8, 0xff, 0xf6, 0x0, 0x0, 0x0, 0xb, 0xff,
    0xe0, 0x1, 0xff, 0xff, 0x93, 0x0, 0x2, 0x9f,
    0xff, 0x90, 0x0, 0x4f, 0xff, 0xff, 0xfe, 0xff,
    0xff, 0xfe, 0x10, 0x0, 0x3, 0xdf, 0xff, 0xff,
    0xff, 0xff, 0xd2, 0x0, 0x0, 0x0, 0x5, 0xad,
    0xff, 0xfd, 0xa5, 0x0, 0x0,

    /* U+0054 "T" */
    0x3f, 0xff, 0xff, 0xff, 0xff, 0xff, 0xff, 0xff,
    0xfd, 0x3f, 0xff, 0xff, 0xff, 0xff, 0xff, 0xff,
    0xff, 0xfd, 0x3f, 0xff, 0xff, 0xff, 0xff, 0xff,
    0xff, 0xff, 0xfc, 0x0, 0x0, 0x0, 0x8, 0xff,
    0xf1, 0x0, 0x0, 0x0, 0x0, 0x0, 0x0, 0x8,
    0xff, 0xf1, 0x0, 0x0, 0x0, 0x0, 0x0, 0x0,
    0x8, 0xff, 0xf1, 0x0, 0x0, 0x0, 0x0, 0x0,
    0x0, 0x8, 0xff, 0xf1, 0x0, 0x0, 0x0, 0x0,
    0x0, 0x0, 0x8, 0xff, 0xf1, 0x0, 0x0, 0x0,
    0x0, 0x0, 0x0, 0x8, 0xff, 0xf1, 0x0, 0x0,
    0x0, 0x0, 0x0, 0x0, 0x8, 0xff, 0xf1, 0x0,
    0x0, 0x0, 0x0, 0x0, 0x0, 0x8, 0xff, 0xf1,
    0x0, 0x0, 0x0, 0x0, 0x0, 0x0, 0x8, 0xff,
    0xf1, 0x0, 0x0, 0x0, 0x0, 0x0, 0x0, 0x8,
    0xff, 0xf1, 0x0, 0x0, 0x0, 0x0, 0x0, 0x0,
    0x8, 0xff, 0xf1, 0x0, 0x0, 0x0, 0x0, 0x0,
    0x0, 0x8, 0xff, 0xf1, 0x0, 0x0, 0x0, 0x0,
    0x0, 0x0, 0x8, 0xff, 0xf1, 0x0, 0x0, 0x0,
    0x0, 0x0, 0x0, 0x8, 0xff, 0xf1, 0x0, 0x0,
    0x0, 0x0, 0x0, 0x0, 0x8, 0xff, 0xf1, 0x0,
    0x0, 0x0, 0x0, 0x0, 0x0, 0x8, 0xff, 0xf1,
    0x0, 0x0, 0x0, 0x0, 0x0, 0x0, 0x8, 0xff,
    0xf1, 0x0, 0x0, 0x0, 0x0, 0x0, 0x0, 0x8,
    0xff, 0xf1, 0x0, 0x0, 0x0,

    /* U+0055 "U" */
    0x7f, 0xff, 0x30, 0x0, 0x0, 0x0, 0x7, 0xff,
    0xf2, 0x7f, 0xff, 0x30, 0x0, 0x0, 0x0, 0x7,
    0xff, 0xf2, 0x7f, 0xff, 0x30, 0x0, 0x0, 0x0,
    0x7, 0xff, 0xf2, 0x7f, 0xff, 0x30, 0x0, 0x0,
    0x0, 0x7, 0xff, 0xf2, 0x7f, 0xff, 0x30, 0x0,
    0x0, 0x0, 0x7, 0xff, 0xf2, 0x7f, 0xff, 0x30,
    0x0, 0x0, 0x0, 0x7, 0xff, 0xf2, 0x7f, 0xff,
    0x30, 0x0, 0x0, 0x0, 0x7, 0xff, 0xf2, 0x7f,
    0xff, 0x30, 0x0, 0x0, 0x0, 0x7, 0xff, 0xf2,
    0x7f, 0xff, 0x30, 0x0, 0x0, 0x0, 0x7, 0xff,
    0xf2, 0x7f, 0xff, 0x30, 0x0, 0x0, 0x0, 0x7,
    0xff, 0xf2, 0x7f, 0xff, 0x30, 0x0, 0x0, 0x0,
    0x7, 0xff, 0xf2, 0x7f, 0xff, 0x30, 0x0, 0x0,
    0x0, 0x7, 0xff, 0xf2, 0x6f, 0xff, 0x30, 0x0,
    0x0, 0x0, 0x7, 0xff, 0xf2, 0x5f, 0xff, 0x40,
    0x0, 0x0, 0x0, 0x8, 0xff, 0xf1, 0x3f, 0xff,
    0x60, 0x0, 0x0, 0x0, 0xb, 0xff, 0xe0, 0xf,
    0xff, 0xc0, 0x0, 0x0, 0x0, 0x1f, 0xff, 0xb0,
    0xa, 0xff, 0xf6, 0x0, 0x0, 0x0, 0xaf, 0xff,
    0x50, 0x2, 0xff, 0xff, 0x93, 0x11, 0x4c, 0xff,
    0xfd, 0x0, 0x0, 0x7f, 0xff, 0xff, 0xff, 0xff,
    0xff, 0xf2, 0x0, 0x0, 0x6, 0xff, 0xff, 0xff,
    0xff, 0xfd, 0x30, 0x0, 0x0, 0x0, 0x17, 0xce,
    0xff, 0xea, 0x50, 0x0, 0x0,

    /* U+0056 "V" */
    0x1f, 0xff, 0xc0, 0x0, 0x0, 0x0, 0x0, 0x1,
    0xff, 0xf8, 0xb, 0xff, 0xf1, 0x0, 0x0, 0x0,
    0x0, 0x6, 0xff, 0xf3, 0x5, 0xff, 0xf6, 0x0,
    0x0, 0x0, 0x0, 0xb, 0xff, 0xd0, 0x0, 0xff,
    0xfc, 0x0, 0x0, 0x0, 0x0, 0x1f, 0xff, 0x80,
    0x0, 0xaf, 0xff, 0x10, 0x0, 0x0, 0x0, 0x5f,
    0xff, 0x20, 0x0, 0x4f, 0xff, 0x60, 0x0, 0x0,
    0x0, 0xbf, 0xfc, 0x0, 0x0, 0xe, 0xff, 0xc0,
    0x0, 0x0, 0x0, 0xff, 0xf7, 0x0, 0x0, 0x9,
    0xff, 0xf1, 0x0, 0x0, 0x5, 0xff, 0xf1, 0x0,
    0x0, 0x3, 0xff, 0xf6, 0x0, 0x0, 0xb, 0xff,
    0xb0, 0x0, 0x0, 0x0, 0xdf, 0xfb, 0x0, 0x0,
    0xf, 0xff, 0x60, 0x0, 0x0, 0x0, 0x8f, 0xff,
    0x10, 0x0, 0x5f, 0xff, 0x10, 0x0, 0x0, 0x0,
    0x2f, 0xff, 0x60, 0x0, 0xbf, 0xfb, 0x0, 0x0,
    0x0, 0x0, 0xc, 0xff, 0xb0, 0x0, 0xff, 0xf5,
    0x0, 0x0, 0x0, 0x0, 0x7, 0xff, 0xf1, 0x5,
    0xff, 0xf0, 0x0, 0x0, 0x0, 0x0, 0x1, 0xff,
    0xf6, 0xb, 0xff, 0xa0, 0x0, 0x0, 0x0, 0x0,
    0x0, 0xbf, 0xfb, 0xf, 0xff, 0x40, 0x0, 0x0,
    0x0, 0x0, 0x0, 0x6f, 0xff, 0x6f, 0xfe, 0x0,
    0x0, 0x0, 0x0, 0x0, 0x0, 0x1f, 0xff, 0xff,
    0xf9, 0x0, 0x0, 0x0, 0x0, 0x0, 0x0, 0xa,
    0xff, 0xff, 0xf3, 0x0, 0x0, 0x0, 0x0, 0x0,
    0x0, 0x5, 0xff, 0xff, 0xd0, 0x0, 0x0, 0x0,
    0x0, 0x0, 0x0, 0x0, 0xff, 0xff, 0x80, 0x0,
    0x0, 0x0,

    /* U+0057 "W" */
    0xcf, 0xfe, 0x0, 0x0, 0x0, 0x0, 0xef, 0xff,
    0x80, 0x0, 0x0, 0x0, 0x5f, 0xff, 0x37, 0xff,
    0xf2, 0x0, 0x0, 0x0, 0x2f, 0xff, 0xfc, 0x0,
    0x0, 0x0, 0x9, 0xff, 0xe0, 0x3f, 0xff, 0x60,
    0x0, 0x0, 0x6, 0xff, 0xff, 0xf0, 0x0, 0x0,
    0x0, 0xdf, 0xfa, 0x0, 0xef, 0xfa, 0x0, 0x0,
    0x0, 0x9f, 0xff, 0xff, 0x30, 0x0, 0x0, 0x1f,
    0xff, 0x60, 0xa, 0xff, 0xe0, 0x0, 0x0, 0xd,
    0xff, 0xbf, 0xf7, 0x0, 0x0, 0x5, 0xff, 0xf1,
    0x0, 0x6f, 0xff, 0x30, 0x0, 0x1, 0xff, 0xd6,
    0xff, 0xb0, 0x0, 0x0, 0x9f, 0xfd, 0x0, 0x1,
    0xff, 0xf7, 0x0, 0x0, 0x5f, 0xf9, 0x2f, 0xfe,
    0x0, 0x0, 0xd, 0xff, 0x80, 0x0, 0xd, 0xff,
    0xb0, 0x0, 0x8, 0xff, 0x60, 0xef, 0xf2, 0x0,
    0x1, 0xff, 0xf4, 0x0, 0x0, 0x8f, 0xff, 0x0,
    0x0, 0xcf, 0xf2, 0xa, 0xff, 0x60, 0x0, 0x5f,
    0xff, 0x0, 0x0, 0x4, 0xff, 0xf3, 0x0, 0xf,
    0xfe, 0x0, 0x6f, 0xfa, 0x0, 0x9, 0xff, 0xb0,
    0x0, 0x0, 0xf, 0xff, 0x70, 0x4, 0xff, 0xa0,
    0x2, 0xff, 0xd0, 0x0, 0xdf, 0xf7, 0x0, 0x0,
    0x0, 0xbf, 0xfb, 0x0, 0x8f, 0xf6, 0x0, 0xe,
    0xff, 0x10, 0x2f, 0xff, 0x20, 0x0, 0x0, 0x7,
    0xff, 0xf0, 0xb, 0xff, 0x20, 0x0, 0xaf, 0xf5,
    0x6, 0xff, 0xe0, 0x0, 0x0, 0x0, 0x2f, 0xff,
    0x30, 0xff, 0xe0, 0x0, 0x6, 0xff, 0x90, 0xaf,
    0xf9, 0x0, 0x0, 0x0, 0x0, 0xef, 0xf7, 0x3f,
    0xfa, 0x0, 0x0, 0x2f, 0xfc, 0xe, 0xff, 0x50,
    0x0, 0x0, 0x0, 0xa, 0xff, 0xc7, 0xff, 0x60,
    0x0, 0x0, 0xef, 0xf3, 0xff, 0xf1, 0x0, 0x0,
    0x0, 0x0, 0x5f, 0xff, 0xbf, 0xf2, 0x0, 0x0,
    0xb, 0xff, 0xaf, 0xfc, 0x0, 0x0, 0x0, 0x0,
    0x1, 0xff, 0xff, 0xfe, 0x0, 0x0, 0x0, 0x7f,
    0xff, 0xff, 0x80, 0x0, 0x0, 0x0, 0x0, 0xc,
    0xff, 0xff, 0xa0, 0x0, 0x0, 0x3, 0xff, 0xff,
    0xf3, 0x0, 0x0, 0x0, 0x0, 0x0, 0x8f, 0xff,
    0xf6, 0x0, 0x0, 0x0, 0xf, 0xff, 0xff, 0x0,
    0x0, 0x0, 0x0, 0x0, 0x3, 0xff, 0xff, 0x20,
    0x0, 0x0, 0x0, 0xbf, 0xff, 0xa0, 0x0, 0x0,
    0x0,

    /* U+0058 "X" */
    0x7, 0xff, 0xfc, 0x0, 0x0, 0x0, 0x0, 0x2f,
    0xff, 0xb0, 0x0, 0xcf, 0xff, 0x60, 0x0, 0x0,
    0x0, 0xcf, 0xfe, 0x10, 0x0, 0x2f, 0xff, 0xf1,
    0x0, 0x0, 0x7, 0xff, 0xf5, 0x0, 0x0, 0x7,
    0xff, 0xfa, 0x0, 0x0, 0x2f, 0xff, 0xa0, 0x0,
    0x0, 0x0, 0xcf, 0xff, 0x40, 0x0, 0xbf, 0xfe,
    0x0, 0x0, 0x0, 0x0, 0x2f, 0xff, 0xe0, 0x6,
    0xff, 0xf4, 0x0, 0x0, 0x0, 0x0, 0x7, 0xff,
    0xf8, 0x1f, 0xff, 0x80, 0x0, 0x0, 0x0, 0x0,
    0x0, 0xcf, 0xff, 0xcf, 0xfd, 0x0, 0x0, 0x0,
    0x0, 0x0, 0x0, 0x3f, 0xff, 0xff, 0xf3, 0x0,
    0x0, 0x0, 0x0, 0x0, 0x0, 0x8, 0xff, 0xff,
    0x70, 0x0, 0x0, 0x0, 0x0, 0x0, 0x0, 0x2,
    0xff, 0xff, 0x20, 0x0, 0x0, 0x0, 0x0, 0x0,
    0x0, 0xb, 0xff, 0xff, 0xc0, 0x0, 0x0, 0x0,
    0x0, 0x0, 0x0, 0x6f, 0xff, 0xff, 0xf7, 0x0,
    0x0, 0x0, 0x0, 0x0, 0x2, 0xff, 0xf8, 0xef,
    0xff, 0x20, 0x0, 0x0, 0x0, 0x0, 0xc, 0xff,
    0xc0, 0x5f, 0xff, 0xc0, 0x0, 0x0, 0x0, 0x0,
    0x7f, 0xff, 0x30, 0xa, 0xff, 0xf6, 0x0, 0x0,
    0x0, 0x3, 0xff, 0xf8, 0x0, 0x1, 0xff, 0xff,
    0x20, 0x0, 0x0, 0xd, 0xff, 0xd0, 0x0, 0x0,
    0x6f, 0xff, 0xb0, 0x0, 0x0, 0x8f, 0xff, 0x30,
    0x0, 0x0, 0xc, 0xff, 0xf6, 0x0, 0x3, 0xff,
    0xf9, 0x0, 0x0, 0x0, 0x2, 0xff, 0xff, 0x10,
    0xe, 0xff, 0xe0, 0x0, 0x0, 0x0, 0x0, 0x8f,
    0xff, 0xb0,

    /* U+0059 "Y" */
    0x4f, 0xff, 0xf2, 0x0, 0x0, 0x0, 0x0, 0x2f,
    0xff, 0xd0, 0xa, 0xff, 0xfa, 0x0, 0x0, 0x0,
    0x0, 0xbf, 0xff, 0x40, 0x1, 0xff, 0xff, 0x30,
    0x0, 0x0, 0x4, 0xff, 0xfa, 0x0, 0x0, 0x6f,
    0xff, 0xc0, 0x0, 0x0, 0xd, 0xff, 0xe1, 0x0,
    0x0, 0xc, 0xff, 0xf6, 0x0, 0x0, 0x6f, 0xff,
    0x60, 0x0, 0x0, 0x2, 0xff, 0xfe, 0x0, 0x1,
    0xef, 0xfc, 0x0, 0x0, 0x0, 0x0, 0x8f, 0xff,
    0x80, 0x8, 0xff, 0xf2, 0x0, 0x0, 0x0, 0x0,
    0xe, 0xff, 0xf2, 0x2f, 0xff, 0x80, 0x0, 0x0,
    0x0, 0x0, 0x4, 0xff, 0xfa, 0xbf, 0xfd, 0x0,
    0x0, 0x0, 0x0, 0x0, 0x0, 0xaf, 0xff, 0xff,
    0xf4, 0x0, 0x0, 0x0, 0x0, 0x0, 0x0, 0x1f,
    0xff, 0xff, 0xa0, 0x0, 0x0, 0x0, 0x0, 0x0,
    0x0, 0x7, 0xff, 0xff, 0x10, 0x0, 0x0, 0x0,
    0x0, 0x0, 0x0, 0x0, 0xff, 0xfa, 0x0, 0x0,
    0x0, 0x0, 0x0, 0x0, 0x0, 0x0, 0xff, 0xfa,
    0x0, 0x0, 0x0, 0x0, 0x0, 0x0, 0x0, 0x0,
    0xff, 0xfa, 0x0, 0x0, 0x0, 0x0, 0x0, 0x0,
    0x0, 0x0, 0xff, 0xfa, 0x0, 0x0, 0x0, 0x0,
    0x0, 0x0, 0x0, 0x0, 0xff, 0xfa, 0x0, 0x0,
    0x0, 0x0, 0x0, 0x0, 0x0, 0x0, 0xff, 0xfa,
    0x0, 0x0, 0x0, 0x0, 0x0, 0x0, 0x0, 0x0,
    0xff, 0xfa, 0x0, 0x0, 0x0, 0x0, 0x0, 0x0,
    0x0, 0x0, 0xff, 0xfa, 0x0, 0x0, 0x0, 0x0,
    0x0, 0x0, 0x0, 0x0, 0xff, 0xfa, 0x0, 0x0,
    0x0, 0x0,

    /* U+005A "Z" */
    0x5f, 0xff, 0xff, 0xff, 0xff, 0xff, 0xff, 0xf5,
    0x5f, 0xff, 0xff, 0xff, 0xff, 0xff, 0xff, 0xf5,
    0x5f, 0xff, 0xff, 0xff, 0xff, 0xff, 0xff, 0xf4,
    0x0, 0x0, 0x0, 0x0, 0x0, 0xaf, 0xff, 0xb0,
    0x0, 0x0, 0x0, 0x0, 0x5, 0xff, 0xff, 0x10,
    0x0, 0x0, 0x0, 0x0, 0x1e, 0xff, 0xf6, 0x0,
    0x0, 0x0, 0x0, 0x0, 0xbf, 0xff, 0xb0, 0x0,
    0x0, 0x0, 0x0, 0x5, 0xff, 0xff, 0x10, 0x0,
    0x0, 0x0, 0x0, 0x1f, 0xff, 0xf5, 0x0, 0x0,
    0x0, 0x0, 0x0, 0xbf, 0xff, 0xb0, 0x0, 0x0,
    0x0, 0x0, 0x6, 0xff, 0xfe, 0x10, 0x0, 0x0,
    0x0, 0x0, 0x1f, 0xff, 0xf5, 0x0, 0x0, 0x0,
    0x0, 0x0, 0xbf, 0xff, 0xa0, 0x0, 0x0, 0x0,
    0x0, 0x6, 0xff, 0xfe, 0x10, 0x0, 0x0, 0x0,
    0x0, 0x1f, 0xff, 0xf5, 0x0, 0x0, 0x0, 0x0,
    0x0, 0xbf, 0xff, 0xa0, 0x0, 0x0, 0x0, 0x0,
    0x6, 0xff, 0xfe, 0x10, 0x0, 0x0, 0x0, 0x0,
    0x2f, 0xff, 0xf5, 0x0, 0x0, 0x0, 0x0, 0x0,
    0xaf, 0xff, 0xff, 0xff, 0xff, 0xff, 0xff, 0xf7,
    0xbf, 0xff, 0xff, 0xff, 0xff, 0xff, 0xff, 0xf7,
    0xbf, 0xff, 0xff, 0xff, 0xff, 0xff, 0xff, 0xf7,

    /* U+005B "[" */
    0x9e, 0xee, 0xee, 0xee, 0xba, 0xff, 0xff, 0xff,
    0xfd, 0xaf, 0xff, 0xff, 0xff, 0xda, 0xff, 0xb0,
    0x0, 0x0, 0xaf, 0xfb, 0x0, 0x0, 0xa, 0xff,
    0xb0, 0x0, 0x0, 0xaf, 0xfb, 0x0, 0x0, 0xa,
    0xff, 0xb0, 0x0, 0x0, 0xaf, 0xfb, 0x0, 0x0,
    0xa, 0xff, 0xb0, 0x0, 0x0, 0xaf, 0xfb, 0x0,
    0x0, 0xa, 0xff, 0xb0, 0x0, 0x0, 0xaf, 0xfb,
    0x0, 0x0, 0xa, 0xff, 0xb0, 0x0, 0x0, 0xaf,
    0xfb, 0x0, 0x0, 0xa, 0xff, 0xb0, 0x0, 0x0,
    0xaf, 0xfb, 0x0, 0x0, 0xa, 0xff, 0xb0, 0x0,
    0x0, 0xaf, 0xfb, 0x0, 0x0, 0xa, 0xff, 0xb0,
    0x0, 0x0, 0xaf, 0xfb, 0x0, 0x0, 0xa, 0xff,
    0xb0, 0x0, 0x0, 0xaf, 0xff, 0xee, 0xee, 0xba,
    0xff, 0xff, 0xff, 0xfd, 0xaf, 0xff, 0xff, 0xff,
    0xd0,

    /* U+005C "\\" */
    0xdf, 0xf4, 0x0, 0x0, 0x0, 0x8, 0xff, 0x90,
    0x0, 0x0, 0x0, 0x3f, 0xfd, 0x0, 0x0, 0x0,
    0x0, 0xef, 0xf2, 0x0, 0x0, 0x0, 0x9, 0xff,
    0x70, 0x0, 0x0, 0x0, 0x4f, 0xfc, 0x0, 0x0,
    0x0, 0x0, 0xff, 0xf1, 0x0, 0x0, 0x0, 0xa,
    0xff, 0x60, 0x0, 0x0, 0x0, 0x6f, 0xfb, 0x0,
    0x0, 0x0, 0x1, 0xff, 0xf0, 0x0, 0x0, 0x0,
    0xc, 0xff, 0x40, 0x0, 0x0, 0x0, 0x7f, 0xf9,
    0x0, 0x0, 0x0, 0x2, 0xff, 0xe0, 0x0, 0x0,
    0x0, 0xd, 0xff, 0x30, 0x0, 0x0, 0x0, 0x8f,
    0xf8, 0x0, 0x0, 0x0, 0x3, 0xff, 0xd0, 0x0,
    0x0, 0x0, 0xe, 0xff, 0x20, 0x0, 0x0, 0x0,
    0xaf, 0xf7, 0x0, 0x0, 0x0, 0x5, 0xff, 0xb0,
    0x0, 0x0, 0x0, 0xf, 0xff, 0x10, 0x0, 0x0,
    0x0, 0xbf, 0xf5, 0x0, 0x0, 0x0, 0x6, 0xff,
    0xa0, 0x0, 0x0, 0x0, 0x1f, 0xff, 0x0, 0x0,
    0x0, 0x0, 0xcf, 0xf4,

    /* U+005D "]" */
    0x7e, 0xee, 0xee, 0xee, 0xd8, 0xff, 0xff, 0xff,
    0xff, 0x8f, 0xff, 0xff, 0xff, 0xf0, 0x0, 0x0,
    0x5f, 0xff, 0x0, 0x0, 0x5, 0xff, 0xf0, 0x0,
    0x0, 0x5f, 0xff, 0x0, 0x0, 0x5, 0xff, 0xf0,
    0x0, 0x0, 0x5f, 0xff, 0x0, 0x0, 0x5, 0xff,
    0xf0, 0x0, 0x0, 0x5f, 0xff, 0x0, 0x0, 0x5,
    0xff, 0xf0, 0x0, 0x0, 0x5f, 0xff, 0x0, 0x0,
    0x5, 0xff, 0xf0, 0x0, 0x0, 0x5f, 0xff, 0x0,
    0x0, 0x5, 0xff, 0xf0, 0x0, 0x0, 0x5f, 0xff,
    0x0, 0x0, 0x5, 0xff, 0xf0, 0x0, 0x0, 0x5f,
    0xff, 0x0, 0x0, 0x5, 0xff, 0xf0, 0x0, 0x0,
    0x5f, 0xff, 0x0, 0x0, 0x5, 0xff, 0xf0, 0x0,
    0x0, 0x5f, 0xff, 0x7e, 0xee, 0xee, 0xff, 0xf8,
    0xff, 0xff, 0xff, 0xff, 0x8f, 0xff, 0xff, 0xff,
    0xf0,

    /* U+005E "^" */
    0x0, 0x0, 0x3f, 0xff, 0x60, 0x0, 0x0, 0x0,
    0xc, 0xff, 0xff, 0x10, 0x0, 0x0, 0x6, 0xff,
    0xdf, 0xfa, 0x0, 0x0, 0x1, 0xef, 0xe0, 0xaf,
    0xf4, 0x0, 0x0, 0xaf, 0xf4, 0x1, 0xef, 0xd0,
    0x0, 0x3f, 0xf9, 0x0, 0x5, 0xff, 0x70, 0xd,
    0xfd, 0x0, 0x0, 0xa, 0xff, 0x20,

    /* U+005F "_" */
    0xcc, 0xcc, 0xcc, 0xcc, 0xcc, 0xcc, 0xc0, 0xff,
    0xff, 0xff, 0xff, 0xff, 0xff, 0xf0, 0xff, 0xff,
    0xff, 0xff, 0xff, 0xff, 0xf0,

    /* U+0060 "`" */
    0x8, 0x88, 0x85, 0x0, 0x0, 0x4f, 0xff, 0xf3,
    0x0, 0x0, 0x4f, 0xff, 0xd0, 0x0, 0x0, 0x4f,
    0xff, 0x70, 0x0, 0x0, 0x4f, 0xff, 0x20,

    /* U+0061 "a" */
    0x0, 0x5, 0xbe, 0xff, 0xea, 0x30, 0x0, 0x1,
    0xcf, 0xff, 0xff, 0xff, 0xf7, 0x0, 0xb, 0xff,
    0xfe, 0xcd, 0xff, 0xff, 0x40, 0x3f, 0xff, 0x80,
    0x0, 0x3f, 0xff, 0xa0, 0x38, 0x88, 0x0, 0x0,
    0xa, 0xff, 0xd0, 0x0, 0x0, 0x0, 0x0, 0x2b,
    0xff, 0xe0, 0x0, 0x2, 0x7a, 0xdf, 0xff, 0xff,
    0xe0, 0x2, 0xbf, 0xff, 0xff, 0xff, 0xff, 0xe0,
    0x2e, 0xff, 0xf9, 0x64, 0x19, 0xff, 0xe0, 0x9f,
    0xfe, 0x10, 0x0, 0xa, 0xff, 0xe0, 0xdf, 0xfa,
    0x0, 0x0, 0xd, 0xff, 0xe0, 0xdf, 0xfe, 0x10,
    0x1, 0xaf, 0xff, 0xe0, 0x9f, 0xff, 0xfc, 0xdf,
    0xfe, 0xff, 0xf0, 0x1e, 0xff, 0xff, 0xff, 0xb7,
    0xff, 0xf0, 0x1, 0x9e, 0xff, 0xc6, 0x5, 0xff,
    0xf3,

    /* U+0062 "b" */
    0x2f, 0xff, 0x60, 0x0, 0x0, 0x0, 0x0, 0x0,
    0x2f, 0xff, 0x60, 0x0, 0x0, 0x0, 0x0, 0x0,
    0x2f, 0xff, 0x60, 0x0, 0x0, 0x0, 0x0, 0x0,
    0x2f, 0xff, 0x60, 0x0, 0x0, 0x0, 0x0, 0x0,
    0x2f, 0xff, 0x60, 0x0, 0x0, 0x0, 0x0, 0x0,
    0x2f, 0xff, 0x60, 0x0, 0x0, 0x0, 0x0, 0x0,
    0x2f, 0xff, 0x60, 0x6c, 0xff, 0xd9, 0x20, 0x0,
    0x2f, 0xff, 0x6b, 0xff, 0xff, 0xff, 0xf5, 0x0,
    0x2f, 0xff, 0xdf, 0xff, 0xff, 0xff, 0xff, 0x30,
    0x2f, 0xff, 0xfe, 0x50, 0x3, 0xcf, 0xff, 0xb0,
    0x2f, 0xff, 0xf2, 0x0, 0x0, 0xd, 0xff, 0xf2,
    0x2f, 0xff, 0xa0, 0x0, 0x0, 0x6, 0xff, 0xf5,
    0x2f, 0xff, 0x60, 0x0, 0x0, 0x3, 0xff, 0xf8,
    0x2f, 0xff, 0x50, 0x0, 0x0, 0x2, 0xff, 0xf8,
    0x2f, 0xff, 0x60, 0x0, 0x0, 0x3, 0xff, 0xf7,
    0x2f, 0xff, 0xa0, 0x0, 0x0, 0x7, 0xff, 0xf5,
    0x2f, 0xff, 0xf2, 0x0, 0x0, 0xe, 0xff, 0xf1,
    0x2f, 0xff, 0xfe, 0x50, 0x4, 0xcf, 0xff, 0xa0,
    0x2f, 0xff, 0xdf, 0xff, 0xff, 0xff, 0xff, 0x20,
    0x2f, 0xff, 0x5c, 0xff, 0xff, 0xff, 0xe4, 0x0,
    0x2f, 0xff, 0x50, 0x7d, 0xff, 0xd8, 0x10, 0x0,

    /* U+0063 "c" */
    0x0, 0x0, 0x29, 0xdf, 0xfd, 0x93, 0x0, 0x0,
    0x0, 0x7f, 0xff, 0xff, 0xff, 0xf8, 0x0, 0x0,
    0x8f, 0xff, 0xff, 0xff, 0xff, 0xf8, 0x0, 0x3f,
    0xff, 0xe4, 0x0, 0x2c, 0xff, 0xf3, 0xb, 0xff,
    0xf3, 0x0, 0x0, 0x1e, 0xff, 0x90, 0xff, 0xfb,
    0x0, 0x0, 0x0, 0x35, 0x54, 0x3f, 0xff, 0x70,
    0x0, 0x0, 0x0, 0x0, 0x3, 0xff, 0xf6, 0x0,
    0x0, 0x0, 0x0, 0x0, 0x2f, 0xff, 0x80, 0x0,
    0x0, 0x0, 0x0, 0x0, 0xff, 0xfb, 0x0, 0x0,
    0x0, 0x35, 0x54, 0xb, 0xff, 0xf3, 0x0, 0x0,
    0xe, 0xff, 0x90, 0x3f, 0xff, 0xe4, 0x0, 0x2c,
    0xff, 0xf3, 0x0, 0x8f, 0xff, 0xff, 0xff, 0xff,
    0xf8, 0x0, 0x0, 0x7f, 0xff, 0xff, 0xff, 0xf8,
    0x0, 0x0, 0x0, 0x29, 0xdf, 0xfd, 0x93, 0x0,
    0x0,

    /* U+0064 "d" */
    0x0, 0x0, 0x0, 0x0, 0x0, 0x0, 0xff, 0xf8,
    0x0, 0x0, 0x0, 0x0, 0x0, 0x0, 0xff, 0xf8,
    0x0, 0x0, 0x0, 0x0, 0x0, 0x0, 0xff, 0xf8,
    0x0, 0x0, 0x0, 0x0, 0x0, 0x0, 0xff, 0xf8,
    0x0, 0x0, 0x0, 0x0, 0x0, 0x0, 0xff, 0xf8,
    0x0, 0x0, 0x0, 0x0, 0x0, 0x0, 0xff, 0xf8,
    0x0, 0x0, 0x5b, 0xff, 0xea, 0x20, 0xff, 0xf8,
    0x0, 0xb, 0xff, 0xff, 0xff, 0xf4, 0xff, 0xf8,
    0x0, 0xaf, 0xff, 0xff, 0xff, 0xfe, 0xff, 0xf8,
    0x4, 0xff, 0xff, 0x71, 0x3, 0xbf, 0xff, 0xf8,
    0xb, 0xff, 0xf5, 0x0, 0x0, 0xb, 0xff, 0xf8,
    0xf, 0xff, 0xd0, 0x0, 0x0, 0x4, 0xff, 0xf8,
    0x1f, 0xff, 0x90, 0x0, 0x0, 0x0, 0xff, 0xf8,
    0x2f, 0xff, 0x80, 0x0, 0x0, 0x0, 0xff, 0xf8,
    0x1f, 0xff, 0x90, 0x0, 0x0, 0x0, 0xff, 0xf8,
    0xf, 0xff, 0xc0, 0x0, 0x0, 0x4, 0xff, 0xf8,
    0xb, 0xff, 0xf4, 0x0, 0x0, 0xb, 0xff, 0xf8,
    0x5, 0xff, 0xff, 0x60, 0x2, 0xaf, 0xff, 0xf8,
    0x0, 0xcf, 0xff, 0xff, 0xff, 0xfe, 0xff, 0xf8,
    0x0, 0x1c, 0xff, 0xff, 0xff, 0xf4, 0xff, 0xf8,
    0x0, 0x0, 0x6c, 0xff, 0xd9, 0x20, 0xff, 0xf8,

    /* U+0065 "e" */
    0x0, 0x0, 0x29, 0xdf, 0xfe, 0xb5, 0x0, 0x0,
    0x0, 0x7, 0xff, 0xff, 0xff, 0xff, 0xb1, 0x0,
    0x0, 0x8f, 0xff, 0xfd, 0xcf, 0xff, 0xfc, 0x0,
    0x3, 0xff, 0xfc, 0x20, 0x0, 0x8f, 0xff, 0x60,
    0xb, 0xff, 0xe1, 0x0, 0x0, 0xc, 0xff, 0xd0,
    0xf, 0xff, 0x80, 0x0, 0x0, 0x7, 0xff, 0xf1,
    0x3f, 0xff, 0xff, 0xff, 0xff, 0xff, 0xff, 0xf3,
    0x3f, 0xff, 0xff, 0xff, 0xff, 0xff, 0xff, 0xf3,
    0x2f, 0xff, 0xb8, 0x88, 0x88, 0x88, 0x88, 0x81,
    0xf, 0xff, 0x80, 0x0, 0x0, 0x0, 0x0, 0x0,
    0xb, 0xff, 0xe0, 0x0, 0x0, 0x4, 0x77, 0x50,
    0x3, 0xff, 0xfc, 0x10, 0x0, 0x5f, 0xff, 0x60,
    0x0, 0x8f, 0xff, 0xfc, 0xbe, 0xff, 0xfc, 0x0,
    0x0, 0x7, 0xff, 0xff, 0xff, 0xff, 0xb1, 0x0,
    0x0, 0x0, 0x28, 0xdf, 0xfe, 0xb5, 0x0, 0x0,

    /* U+0066 "f" */
    0x0, 0x0, 0x8, 0xdf, 0xfd, 0x0, 0x0, 0xdf,
    0xff, 0xff, 0x0, 0x8, 0xff, 0xff, 0xee, 0x0,
    0xd, 0xff, 0xe2, 0x0, 0x0, 0xf, 0xff, 0x90,
    0x0, 0x0, 0xf, 0xff, 0x80, 0x0, 0x9f, 0xff,
    0xff, 0xff, 0xfa, 0x9f, 0xff, 0xff, 0xff, 0xfa,
    0x7d, 0xdf, 0xff, 0xed, 0xd8, 0x0, 0xf, 0xff,
    0x80, 0x0, 0x0, 0xf, 0xff, 0x80, 0x0, 0x0,
    0xf, 0xff, 0x80, 0x0, 0x0, 0xf, 0xff, 0x80,
    0x0, 0x0, 0xf, 0xff, 0x80, 0x0, 0x0, 0xf,
    0xff, 0x80, 0x0, 0x0, 0xf, 0xff, 0x80, 0x0,
    0x0, 0xf, 0xff, 0x80, 0x0, 0x0, 0xf, 0xff,
    0x80, 0x0, 0x0, 0xf, 0xff, 0x80, 0x0, 0x0,
    0xf, 0xff, 0x80, 0x0, 0x0, 0xf, 0xff, 0x80,
    0x0,

    /* U+0067 "g" */
    0x0, 0x0, 0x5b, 0xef, 0xe9, 0x20, 0xff, 0xf8,
    0x0, 0xb, 0xff, 0xff, 0xff, 0xf3, 0xff, 0xf8,
    0x0, 0xaf, 0xff, 0xff, 0xef, 0xfd, 0xff, 0xf8,
    0x4, 0xff, 0xfe, 0x50, 0x1, 0xaf, 0xff, 0xf8,
    0xb, 0xff, 0xf4, 0x0, 0x0, 0xb, 0xff, 0xf8,
    0xf, 0xff, 0xc0, 0x0, 0x0, 0x3, 0xff, 0xf8,
    0x1f, 0xff, 0x90, 0x0, 0x0, 0x0, 0xff, 0xf8,
    0x2f, 0xff, 0x80, 0x0, 0x0, 0x0, 0xff, 0xf8,
    0x1f, 0xff, 0x90, 0x0, 0x0, 0x0, 0xff, 0xf8,
    0xf, 0xff, 0xc0, 0x0, 0x0, 0x3, 0xff, 0xf8,
    0xb, 0xff, 0xf4, 0x0, 0x0, 0xb, 0xff, 0xf8,
    0x5, 0xff, 0xfe, 0x50, 0x1, 0xaf, 0xff, 0xf8,
    0x0, 0xcf, 0xff, 0xff, 0xef, 0xfd, 0xff, 0xf8,
    0x0, 0x1c, 0xff, 0xff, 0xff, 0xe3, 0xff, 0xf8,
    0x0, 0x0, 0x6c, 0xff, 0xd8, 0x10, 0xff, 0xf8,
    0x0, 0x0, 0x0, 0x0, 0x0, 0x2, 0xff, 0xf6,
    0x4, 0x88, 0x70, 0x0, 0x0, 0x9, 0xff, 0xf2,
    0x5, 0xff, 0xfa, 0x42, 0x24, 0xaf, 0xff, 0xc0,
    0x0, 0xcf, 0xff, 0xff, 0xff, 0xff, 0xff, 0x20,
    0x0, 0x1b, 0xff, 0xff, 0xff, 0xff, 0xe3, 0x0,
    0x0, 0x0, 0x4a, 0xef, 0xfe, 0xb6, 0x0, 0x0,

    /* U+0068 "h" */
    0x2f, 0xff, 0x60, 0x0, 0x0, 0x0, 0x0, 0x2,
    0xff, 0xf6, 0x0, 0x0, 0x0, 0x0, 0x0, 0x2f,
    0xff, 0x60, 0x0, 0x0, 0x0, 0x0, 0x2, 0xff,
    0xf6, 0x0, 0x0, 0x0, 0x0, 0x0, 0x2f, 0xff,
    0x60, 0x0, 0x0, 0x0, 0x0, 0x2, 0xff, 0xf6,
    0x0, 0x0, 0x0, 0x0, 0x0, 0x2f, 0xff, 0x60,
    0x3a, 0xef, 0xea, 0x30, 0x2, 0xff, 0xf6, 0x7f,
    0xff, 0xff, 0xff, 0x40, 0x2f, 0xff, 0xcf, 0xff,
    0xff, 0xff, 0xfe, 0x2, 0xff, 0xff, 0xe6, 0x0,
    0x3d, 0xff, 0xf4, 0x2f, 0xff, 0xf3, 0x0, 0x0,
    0x4f, 0xff, 0x62, 0xff, 0xfa, 0x0, 0x0, 0x1,
    0xff, 0xf7, 0x2f, 0xff, 0x70, 0x0, 0x0, 0x1f,
    0xff, 0x72, 0xff, 0xf6, 0x0, 0x0, 0x1, 0xff,
    0xf7, 0x2f, 0xff, 0x60, 0x0, 0x0, 0x1f, 0xff,
    0x72, 0xff, 0xf6, 0x0, 0x0, 0x1, 0xff, 0xf7,
    0x2f, 0xff, 0x60, 0x0, 0x0, 0x1f, 0xff, 0x72,
    0xff, 0xf6, 0x0, 0x0, 0x1, 0xff, 0xf7, 0x2f,
    0xff, 0x60, 0x0, 0x0, 0x1f, 0xff, 0x72, 0xff,
    0xf6, 0x0, 0x0, 0x1, 0xff, 0xf7, 0x2f, 0xff,
    0x60, 0x0, 0x0, 0x1f, 0xff, 0x70,

    /* U+0069 "i" */
    0x4f, 0xff, 0x84, 0xff, 0xf8, 0x4f, 0xff, 0x84,
    0xff, 0xf8, 0x0, 0x0, 0x0, 0x0, 0x0, 0x2f,
    0xff, 0x62, 0xff, 0xf6, 0x2f, 0xff, 0x62, 0xff,
    0xf6, 0x2f, 0xff, 0x62, 0xff, 0xf6, 0x2f, 0xff,
    0x62, 0xff, 0xf6, 0x2f, 0xff, 0x62, 0xff, 0xf6,
    0x2f, 0xff, 0x62, 0xff, 0xf6, 0x2f, 0xff, 0x62,
    0xff, 0xf6, 0x2f, 0xff, 0x60,

    /* U+006A "j" */
    0x0, 0x4f, 0xff, 0x80, 0x4, 0xff, 0xf8, 0x0,
    0x4f, 0xff, 0x80, 0x4, 0xff, 0xf8, 0x0, 0x0,
    0x0, 0x0, 0x0, 0x0, 0x0, 0x0, 0x2f, 0xff,
    0x60, 0x2, 0xff, 0xf6, 0x0, 0x2f, 0xff, 0x60,
    0x2, 0xff, 0xf6, 0x0, 0x2f, 0xff, 0x60, 0x2,
    0xff, 0xf6, 0x0, 0x2f, 0xff, 0x60, 0x2, 0xff,
    0xf6, 0x0, 0x2f, 0xff, 0x60, 0x2, 0xff, 0xf6,
    0x0, 0x2f, 0xff, 0x60, 0x2, 0xff, 0xf6, 0x0,
    0x2f, 0xff, 0x60, 0x2, 0xff, 0xf6, 0x0, 0x2f,
    0xff, 0x60, 0x2, 0xff, 0xf6, 0x0, 0x2f, 0xff,
    0x60, 0x6, 0xff, 0xf5, 0xde, 0xff, 0xff, 0x1e,
    0xff, 0xff, 0x80, 0xcf, 0xfc, 0x60, 0x0,

    /* U+006B "k" */
    0x2f, 0xff, 0x60, 0x0, 0x0, 0x0, 0x0, 0x2,
    0xff, 0xf6, 0x0, 0x0, 0x0, 0x0, 0x0, 0x2f,
    0xff, 0x60, 0x0, 0x0, 0x0, 0x0, 0x2, 0xff,
    0xf6, 0x0, 0x0, 0x0, 0x0, 0x0, 0x2f, 0xff,
    0x60, 0x0, 0x0, 0x0, 0x0, 0x2, 0xff, 0xf6,
    0x0, 0x0, 0x0, 0x0, 0x0, 0x2f, 0xff, 0x60,
    0x0, 0x8, 0xff, 0xfa, 0x2, 0xff, 0xf6, 0x0,
    0x6, 0xff, 0xfb, 0x0, 0x2f, 0xff, 0x60, 0x4,
    0xff, 0xfc, 0x0, 0x2, 0xff, 0xf6, 0x3, 0xff,
    0xfd, 0x10, 0x0, 0x2f, 0xff, 0x62, 0xef, 0xfe,
    0x10, 0x0, 0x2, 0xff, 0xf7, 0xdf, 0xfe, 0x20,
    0x0, 0x0, 0x2f, 0xff, 0xff, 0xff, 0x30, 0x0,
    0x0, 0x2, 0xff, 0xff, 0xff, 0xd1, 0x0, 0x0,
    0x0, 0x2f, 0xff, 0xbf, 0xff, 0xc0, 0x0, 0x0,
    0x2, 0xff, 0xf6, 0x7f, 0xff, 0xa0, 0x0, 0x0,
    0x2f, 0xff, 0x60, 0xaf, 0xff, 0x80, 0x0, 0x2,
    0xff, 0xf6, 0x0, 0xcf, 0xff, 0x60, 0x0, 0x2f,
    0xff, 0x60, 0x1, 0xef, 0xff, 0x40, 0x2, 0xff,
    0xf6, 0x0, 0x3, 0xff, 0xff, 0x20, 0x2f, 0xff,
    0x60, 0x0, 0x5, 0xff, 0xfe, 0x10,

    /* U+006C "l" */
    0x2f, 0xff, 0x62, 0xff, 0xf6, 0x2f, 0xff, 0x62,
    0xff, 0xf6, 0x2f, 0xff, 0x62, 0xff, 0xf6, 0x2f,
    0xff, 0x62, 0xff, 0xf6, 0x2f, 0xff, 0x62, 0xff,
    0xf6, 0x2f, 0xff, 0x62, 0xff, 0xf6, 0x2f, 0xff,
    0x62, 0xff, 0xf6, 0x2f, 0xff, 0x62, 0xff, 0xf6,
    0x2f, 0xff, 0x62, 0xff, 0xf6, 0x2f, 0xff, 0x62,
    0xff, 0xf6, 0x2f, 0xff, 0x60,

    /* U+006D "m" */
    0x2f, 0xff, 0x50, 0x3b, 0xef, 0xe9, 0x10, 0x1,
    0x8d, 0xff, 0xc5, 0x0, 0x2f, 0xff, 0x57, 0xff,
    0xff, 0xff, 0xd1, 0x3e, 0xff, 0xff, 0xff, 0x80,
    0x2f, 0xff, 0xaf, 0xff, 0xff, 0xff, 0xfa, 0xef,
    0xff, 0xff, 0xff, 0xf2, 0x2f, 0xff, 0xfe, 0x50,
    0x5, 0xff, 0xff, 0xfb, 0x20, 0x1a, 0xff, 0xf8,
    0x2f, 0xff, 0xf2, 0x0, 0x0, 0xaf, 0xff, 0xb0,
    0x0, 0x1, 0xff, 0xfa, 0x2f, 0xff, 0xa0, 0x0,
    0x0, 0x8f, 0xff, 0x40, 0x0, 0x0, 0xef, 0xfa,
    0x2f, 0xff, 0x70, 0x0, 0x0, 0x8f, 0xff, 0x10,
    0x0, 0x0, 0xef, 0xfa, 0x2f, 0xff, 0x60, 0x0,
    0x0, 0x8f, 0xff, 0x0, 0x0, 0x0, 0xef, 0xfa,
    0x2f, 0xff, 0x60, 0x0, 0x0, 0x8f, 0xff, 0x0,
    0x0, 0x0, 0xef, 0xfa, 0x2f, 0xff, 0x60, 0x0,
    0x0, 0x8f, 0xff, 0x0, 0x0, 0x0, 0xef, 0xfa,
    0x2f, 0xff, 0x60, 0x0, 0x0, 0x8f, 0xff, 0x0,
    0x0, 0x0, 0xef, 0xfa, 0x2f, 0xff, 0x60, 0x0,
    0x0, 0x8f, 0xff, 0x0, 0x0, 0x0, 0xef, 0xfa,
    0x2f, 0xff, 0x60, 0x0, 0x0, 0x8f, 0xff, 0x0,
    0x0, 0x0, 0xef, 0xfa, 0x2f, 0xff, 0x60, 0x0,
    0x0, 0x8f, 0xff, 0x0, 0x0, 0x0, 0xef, 0xfa,
    0x2f, 0xff, 0x60, 0x0, 0x0, 0x8f, 0xff, 0x0,
    0x0, 0x0, 0xef, 0xfa,

    /* U+006E "n" */
    0x2f, 0xff, 0x50, 0x3a, 0xef, 0xea, 0x30, 0x2,
    0xff, 0xf5, 0x7f, 0xff, 0xff, 0xff, 0x40, 0x2f,
    0xff, 0xaf, 0xff, 0xff, 0xff, 0xfe, 0x2, 0xff,
    0xff, 0xe6, 0x0, 0x3d, 0xff, 0xf4, 0x2f, 0xff,
    0xf3, 0x0, 0x0, 0x4f, 0xff, 0x62, 0xff, 0xfa,
    0x0, 0x0, 0x1, 0xff, 0xf7, 0x2f, 0xff, 0x70,
    0x0, 0x0, 0x1f, 0xff, 0x72, 0xff, 0xf6, 0x0,
    0x0, 0x1, 0xff, 0xf7, 0x2f, 0xff, 0x60, 0x0,
    0x0, 0x1f, 0xff, 0x72, 0xff, 0xf6, 0x0, 0x0,
    0x1, 0xff, 0xf7, 0x2f, 0xff, 0x60, 0x0, 0x0,
    0x1f, 0xff, 0x72, 0xff, 0xf6, 0x0, 0x0, 0x1,
    0xff, 0xf7, 0x2f, 0xff, 0x60, 0x0, 0x0, 0x1f,
    0xff, 0x72, 0xff, 0xf6, 0x0, 0x0, 0x1, 0xff,
    0xf7, 0x2f, 0xff, 0x60, 0x0, 0x0, 0x1f, 0xff,
    0x70,

    /* U+006F "o" */
    0x0, 0x0, 0x18, 0xcf, 0xfe, 0xc7, 0x0, 0x0,
    0x0, 0x7, 0xff, 0xff, 0xff, 0xff, 0xe4, 0x0,
    0x0, 0x8f, 0xff, 0xff, 0xff, 0xff, 0xff, 0x40,
    0x3, 0xff, 0xff, 0x60, 0x1, 0x8f, 0xff, 0xe0,
    0xb, 0xff, 0xf4, 0x0, 0x0, 0x8, 0xff, 0xf7,
    0xf, 0xff, 0xb0, 0x0, 0x0, 0x0, 0xff, 0xfc,
    0x3f, 0xff, 0x70, 0x0, 0x0, 0x0, 0xcf, 0xfe,
    0x3f, 0xff, 0x60, 0x0, 0x0, 0x0, 0xbf, 0xff,
    0x2f, 0xff, 0x80, 0x0, 0x0, 0x0, 0xcf, 0xfe,
    0xf, 0xff, 0xc0, 0x0, 0x0, 0x1, 0xff, 0xfb,
    0xb, 0xff, 0xf5, 0x0, 0x0, 0x9, 0xff, 0xf6,
    0x3, 0xff, 0xff, 0x60, 0x1, 0x9f, 0xff, 0xe0,
    0x0, 0x7f, 0xff, 0xff, 0xef, 0xff, 0xff, 0x30,
    0x0, 0x6, 0xff, 0xff, 0xff, 0xff, 0xe3, 0x0,
    0x0, 0x0, 0x18, 0xcf, 0xfe, 0xb6, 0x0, 0x0,

    /* U+0070 "p" */
    0x2f, 0xff, 0x50, 0x6c, 0xff, 0xd9, 0x20, 0x0,
    0x2f, 0xff, 0x5c, 0xff, 0xff, 0xff, 0xf5, 0x0,
    0x2f, 0xff, 0xdf, 0xff, 0xff, 0xff, 0xff, 0x30,
    0x2f, 0xff, 0xfe, 0x50, 0x3, 0xcf, 0xff, 0xb0,
    0x2f, 0xff, 0xf2, 0x0, 0x0, 0xd, 0xff, 0xf2,
    0x2f, 0xff, 0xa0, 0x0, 0x0, 0x6, 0xff, 0xf5,
    0x2f, 0xff, 0x60, 0x0, 0x0, 0x3, 0xff, 0xf8,
    0x2f, 0xff, 0x50, 0x0, 0x0, 0x2, 0xff, 0xf8,
    0x2f, 0xff, 0x60, 0x0, 0x0, 0x3, 0xff, 0xf7,
    0x2f, 0xff, 0xa0, 0x0, 0x0, 0x7, 0xff, 0xf5,
    0x2f, 0xff, 0xf2, 0x0, 0x0, 0xe, 0xff, 0xf1,
    0x2f, 0xff, 0xfe, 0x50, 0x4, 0xcf, 0xff, 0xa0,
    0x2f, 0xff, 0xdf, 0xff, 0xff, 0xff, 0xff, 0x20,
    0x2f, 0xff, 0x6c, 0xff, 0xff, 0xff, 0xe4, 0x0,
    0x2f, 0xff, 0x60, 0x7d, 0xff, 0xd8, 0x10, 0x0,
    0x2f, 0xff, 0x60, 0x0, 0x0, 0x0, 0x0, 0x0,
    0x2f, 0xff, 0x60, 0x0, 0x0, 0x0, 0x0, 0x0,
    0x2f, 0xff, 0x60, 0x0, 0x0, 0x0, 0x0, 0x0,
    0x2f, 0xff, 0x60, 0x0, 0x0, 0x0, 0x0, 0x0,
    0x2f, 0xff, 0x60, 0x0, 0x0, 0x0, 0x0, 0x0,
    0x2f, 0xff, 0x60, 0x0, 0x0, 0x0, 0x0, 0x0,

    /* U+0071 "q" */
    0x0, 0x0, 0x5b, 0xff, 0xea, 0x20, 0xff, 0xf8,
    0x0, 0xb, 0xff, 0xff, 0xff, 0xf4, 0xff, 0xf8,
    0x0, 0xaf, 0xff, 0xff, 0xff, 0xfe, 0xff, 0xf8,
    0x4, 0xff, 0xff, 0x61, 0x3, 0xbf, 0xff, 0xf8,
    0xb, 0xff, 0xf5, 0x0, 0x0, 0xb, 0xff, 0xf8,
    0xf, 0xff, 0xd0, 0x0, 0x0, 0x4, 0xff, 0xf8,
    0x1f, 0xff, 0x90, 0x0, 0x0, 0x0, 0xff, 0xf8,
    0x2f, 0xff, 0x80, 0x0, 0x0, 0x0, 0xff, 0xf8,
    0x1f, 0xff, 0x90, 0x0, 0x0, 0x0, 0xff, 0xf8,
    0xf, 0xff, 0xd0, 0x0, 0x0, 0x4, 0xff, 0xf8,
    0xb, 0xff, 0xf4, 0x0, 0x0, 0xb, 0xff, 0xf8,
    0x5, 0xff, 0xff, 0x60, 0x2, 0xaf, 0xff, 0xf8,
    0x0, 0xcf, 0xff, 0xff, 0xff, 0xff, 0xff, 0xf8,
    0x0, 0x1c, 0xff, 0xff, 0xff, 0xf4, 0xff, 0xf8,
    0x0, 0x0, 0x6c, 0xff, 0xd9, 0x20, 0xff, 0xf8,
    0x0, 0x0, 0x0, 0x0, 0x0, 0x0, 0xff, 0xf8,
    0x0, 0x0, 0x0, 0x0, 0x0, 0x0, 0xff, 0xf8,
    0x0, 0x0, 0x0, 0x0, 0x0, 0x0, 0xff, 0xf8,
    0x0, 0x0, 0x0, 0x0, 0x0, 0x0, 0xff, 0xf8,
    0x0, 0x0, 0x0, 0x0, 0x0, 0x0, 0xff, 0xf8,
    0x0, 0x0, 0x0, 0x0, 0x0, 0x0, 0xff, 0xf8,

    /* U+0072 "r" */
    0x2f, 0xff, 0x50, 0x7d, 0xf7, 0x2f, 0xff, 0x5b,
    0xff, 0xf7, 0x2f, 0xff, 0xbf, 0xff, 0xf7, 0x2f,
    0xff, 0xff, 0xc8, 0x73, 0x2f, 0xff, 0xf5, 0x0,
    0x0, 0x2f, 0xff, 0xb0, 0x0, 0x0, 0x2f, 0xff,
    0x70, 0x0, 0x0, 0x2f, 0xff, 0x60, 0x0, 0x0,
    0x2f, 0xff, 0x60, 0x0, 0x0, 0x2f, 0xff, 0x60,
    0x0, 0x0, 0x2f, 0xff, 0x60, 0x0, 0x0, 0x2f,
    0xff, 0x60, 0x0, 0x0, 0x2f, 0xff, 0x60, 0x0,
    0x0, 0x2f, 0xff, 0x60, 0x0, 0x0, 0x2f, 0xff,
    0x60, 0x0, 0x0,

    /* U+0073 "s" */
    0x0, 0x4, 0xae, 0xff, 0xea, 0x40, 0x0, 0x0,
    0x8f, 0xff, 0xff, 0xff, 0xfa, 0x0, 0x4, 0xff,
    0xfc, 0x99, 0xdf, 0xff, 0x80, 0xa, 0xff, 0xa0,
    0x0, 0x8, 0xff, 0xe0, 0xb, 0xff, 0xa0, 0x0,
    0x1, 0x55, 0x50, 0x8, 0xff, 0xfb, 0x51, 0x0,
    0x0, 0x0, 0x1, 0xef, 0xff, 0xff, 0xea, 0x40,
    0x0, 0x0, 0x2c, 0xff, 0xff, 0xff, 0xfb, 0x0,
    0x0, 0x0, 0x38, 0xbf, 0xff, 0xff, 0xa0, 0x0,
    0x0, 0x0, 0x0, 0x3a, 0xff, 0xf1, 0x3c, 0xcc,
    0x0, 0x0, 0x0, 0xff, 0xf4, 0x1f, 0xff, 0x80,
    0x0, 0x2, 0xff, 0xf3, 0x9, 0xff, 0xfd, 0x99,
    0xaf, 0xff, 0xe0, 0x0, 0xaf, 0xff, 0xff, 0xff,
    0xfe, 0x30, 0x0, 0x3, 0xad, 0xff, 0xfc, 0x81,
    0x0,

    /* U+0074 "t" */
    0x0, 0x0, 0x3, 0x60, 0x0, 0x0, 0x0, 0x6d,
    0xfb, 0x0, 0x0, 0x0, 0xd, 0xff, 0xb0, 0x0,
    0x0, 0x0, 0xdf, 0xfb, 0x0, 0x0, 0x0, 0xd,
    0xff, 0xb0, 0x0, 0x9, 0xff, 0xff, 0xff, 0xff,
    0xf9, 0x9f, 0xff, 0xff, 0xff, 0xff, 0x97, 0xdd,
    0xff, 0xff, 0xdd, 0xd8, 0x0, 0xd, 0xff, 0xb0,
    0x0, 0x0, 0x0, 0xdf, 0xfb, 0x0, 0x0, 0x0,
    0xd, 0xff, 0xb0, 0x0, 0x0, 0x0, 0xdf, 0xfb,
    0x0, 0x0, 0x0, 0xd, 0xff, 0xb0, 0x0, 0x0,
    0x0, 0xdf, 0xfb, 0x0, 0x0, 0x0, 0xd, 0xff,
    0xb0, 0x0, 0x0, 0x0, 0xdf, 0xfc, 0x0, 0x0,
    0x0, 0xa, 0xff, 0xf5, 0x0, 0x10, 0x0, 0x6f,
    0xff, 0xff, 0xf9, 0x0, 0x0, 0xbf, 0xff, 0xff,
    0x90, 0x0, 0x0, 0x7c, 0xff, 0xe7,

    /* U+0075 "u" */
    0x4f, 0xff, 0x30, 0x0, 0x0, 0x8f, 0xff, 0x4,
    0xff, 0xf3, 0x0, 0x0, 0x8, 0xff, 0xf0, 0x4f,
    0xff, 0x30, 0x0, 0x0, 0x8f, 0xff, 0x4, 0xff,
    0xf3, 0x0, 0x0, 0x8, 0xff, 0xf0, 0x4f, 0xff,
    0x30, 0x0, 0x0, 0x8f, 0xff, 0x4, 0xff, 0xf3,
    0x0, 0x0, 0x8, 0xff, 0xf0, 0x4f, 0xff, 0x30,
    0x0, 0x0, 0x8f, 0xff, 0x4, 0xff, 0xf3, 0x0,
    0x0, 0x8, 0xff, 0xf0, 0x4f, 0xff, 0x30, 0x0,
    0x0, 0x9f, 0xff, 0x4, 0xff, 0xf3, 0x0, 0x0,
    0xc, 0xff, 0xf0, 0x4f, 0xff, 0x60, 0x0, 0x4,
    0xff, 0xff, 0x1, 0xff, 0xfe, 0x40, 0x6, 0xff,
    0xff, 0xf0, 0xb, 0xff, 0xff, 0xff, 0xff, 0xaf,
    0xff, 0x0, 0x2e, 0xff, 0xff, 0xff, 0x66, 0xff,
    0xf0, 0x0, 0x19, 0xef, 0xea, 0x30, 0x6f, 0xff,
    0x0,

    /* U+0076 "v" */
    0xaf, 0xff, 0x10, 0x0, 0x0, 0xf, 0xff, 0xb4,
    0xff, 0xf7, 0x0, 0x0, 0x4, 0xff, 0xf5, 0xe,
    0xff, 0xc0, 0x0, 0x0, 0xaf, 0xfe, 0x0, 0x8f,
    0xff, 0x10, 0x0, 0xe, 0xff, 0x80, 0x2, 0xff,
    0xf7, 0x0, 0x4, 0xff, 0xf2, 0x0, 0xc, 0xff,
    0xc0, 0x0, 0x9f, 0xfc, 0x0, 0x0, 0x6f, 0xff,
    0x10, 0xe, 0xff, 0x60, 0x0, 0x0, 0xff, 0xf6,
    0x4, 0xff, 0xf1, 0x0, 0x0, 0x9, 0xff, 0xc0,
    0x9f, 0xfa, 0x0, 0x0, 0x0, 0x3f, 0xff, 0x1e,
    0xff, 0x40, 0x0, 0x0, 0x0, 0xdf, 0xfb, 0xff,
    0xd0, 0x0, 0x0, 0x0, 0x7, 0xff, 0xff, 0xf7,
    0x0, 0x0, 0x0, 0x0, 0x1f, 0xff, 0xff, 0x10,
    0x0, 0x0, 0x0, 0x0, 0xbf, 0xff, 0xb0, 0x0,
    0x0, 0x0, 0x0, 0x5, 0xff, 0xf5, 0x0, 0x0,
    0x0,

    /* U+0077 "w" */
    0x6f, 0xff, 0x40, 0x0, 0x8, 0xff, 0xf0, 0x0,
    0x0, 0xcf, 0xfc, 0x1f, 0xff, 0x70, 0x0, 0xc,
    0xff, 0xf4, 0x0, 0x0, 0xff, 0xf8, 0xd, 0xff,
    0xb0, 0x0, 0x1f, 0xff, 0xf9, 0x0, 0x3, 0xff,
    0xf3, 0x8, 0xff, 0xe0, 0x0, 0x5f, 0xff, 0xfd,
    0x0, 0x7, 0xff, 0xe0, 0x3, 0xff, 0xf2, 0x0,
    0xaf, 0xfe, 0xff, 0x20, 0xa, 0xff, 0xa0, 0x0,
    0xef, 0xf6, 0x0, 0xef, 0xd7, 0xff, 0x60, 0xe,
    0xff, 0x50, 0x0, 0xaf, 0xfa, 0x3, 0xff, 0x92,
    0xff, 0xb0, 0x2f, 0xff, 0x10, 0x0, 0x5f, 0xfd,
    0x7, 0xff, 0x40, 0xef, 0xf0, 0x5f, 0xfc, 0x0,
    0x0, 0x1f, 0xff, 0x1c, 0xff, 0x0, 0x9f, 0xf4,
    0x9f, 0xf7, 0x0, 0x0, 0xc, 0xff, 0x6f, 0xfb,
    0x0, 0x4f, 0xf9, 0xcf, 0xf2, 0x0, 0x0, 0x7,
    0xff, 0xdf, 0xf6, 0x0, 0xf, 0xfe, 0xff, 0xe0,
    0x0, 0x0, 0x3, 0xff, 0xff, 0xf2, 0x0, 0xb,
    0xff, 0xff, 0x90, 0x0, 0x0, 0x0, 0xef, 0xff,
    0xd0, 0x0, 0x7, 0xff, 0xff, 0x40, 0x0, 0x0,
    0x0, 0xaf, 0xff, 0x80, 0x0, 0x2, 0xff, 0xff,
    0x0, 0x0, 0x0, 0x0, 0x5f, 0xff, 0x40, 0x0,
    0x0, 0xdf, 0xfb, 0x0, 0x0,

    /* U+0078 "x" */
    0x4, 0xff, 0xfa, 0x0, 0x0, 0xc, 0xff, 0xf2,
    0x0, 0x9f, 0xff, 0x50, 0x0, 0x7f, 0xff, 0x60,
    0x0, 0xd, 0xff, 0xe1, 0x2, 0xff, 0xfa, 0x0,
    0x0, 0x2, 0xff, 0xfa, 0xc, 0xff, 0xe1, 0x0,
    0x0, 0x0, 0x6f, 0xff, 0xaf, 0xff, 0x30, 0x0,
    0x0, 0x0, 0xb, 0xff, 0xff, 0xf7, 0x0, 0x0,
    0x0, 0x0, 0x1, 0xef, 0xff, 0xc0, 0x0, 0x0,
    0x0, 0x0, 0x0, 0xcf, 0xff, 0x60, 0x0, 0x0,
    0x0, 0x0, 0x7, 0xff, 0xff, 0xe1, 0x0, 0x0,
    0x0, 0x0, 0x3f, 0xff, 0xff, 0xfb, 0x0, 0x0,
    0x0, 0x1, 0xdf, 0xfb, 0x4f, 0xff, 0x70, 0x0,
    0x0, 0xa, 0xff, 0xf1, 0x9, 0xff, 0xf3, 0x0,
    0x0, 0x6f, 0xff, 0x50, 0x1, 0xef, 0xfd, 0x0,
    0x2, 0xff, 0xfa, 0x0, 0x0, 0x5f, 0xff, 0x90,
    0xd, 0xff, 0xe1, 0x0, 0x0, 0xa, 0xff, 0xf5,

    /* U+0079 "y" */
    0xaf, 0xff, 0x20, 0x0, 0x0, 0x1f, 0xff, 0xb4,
    0xff, 0xf8, 0x0, 0x0, 0x6, 0xff, 0xf4, 0xe,
    0xff, 0xd0, 0x0, 0x0, 0xcf, 0xfd, 0x0, 0x7f,
    0xff, 0x30, 0x0, 0x2f, 0xff, 0x70, 0x1, 0xff,
    0xf9, 0x0, 0x7, 0xff, 0xf1, 0x0, 0xb, 0xff,
    0xe0, 0x0, 0xdf, 0xfa, 0x0, 0x0, 0x5f, 0xff,
    0x40, 0x3f, 0xff, 0x40, 0x0, 0x0, 0xef, 0xfa,
    0x9, 0xff, 0xd0, 0x0, 0x0, 0x8, 0xff, 0xf1,
    0xef, 0xf7, 0x0, 0x0, 0x0, 0x2f, 0xff, 0xaf,
    0xff, 0x10, 0x0, 0x0, 0x0, 0xcf, 0xff, 0xff,
    0xa0, 0x0, 0x0, 0x0, 0x5, 0xff, 0xff, 0xf3,
    0x0, 0x0, 0x0, 0x0, 0xf, 0xff, 0xfd, 0x0,
    0x0, 0x0, 0x0, 0x0, 0x9f, 0xff, 0x60, 0x0,
    0x0, 0x0, 0x0, 0x7, 0xff, 0xf0, 0x0, 0x0,
    0x0, 0x0, 0x0, 0xef, 0xf9, 0x0, 0x0, 0x0,
    0x0, 0x0, 0x5f, 0xff, 0x30, 0x0, 0x0, 0x0,
    0x0, 0xb, 0xff, 0xc0, 0x0, 0x0, 0x0, 0x0,
    0x2, 0xff, 0xf6, 0x0, 0x0, 0x0, 0x0, 0x0,
    0x9f, 0xfe, 0x0, 0x0, 0x0, 0x0, 0x0, 0x1f,
    0xff, 0x90, 0x0, 0x0, 0x0, 0x0,

    /* U+007A "z" */
    0x7f, 0xff, 0xff, 0xff, 0xff, 0xff, 0x7, 0xff,
    0xff, 0xff, 0xff, 0xff, 0xf0, 0x5d, 0xdd, 0xdd,
    0xde, 0xff, 0xfe, 0x0, 0x0, 0x0, 0x1, 0xef,
    0xff, 0x50, 0x0, 0x0, 0x0, 0xbf, 0xff, 0x90,
    0x0, 0x0, 0x0, 0x8f, 0xff, 0xc0, 0x0, 0x0,
    0x0, 0x4f, 0xff, 0xf2, 0x0, 0x0, 0x0, 0x1e,
    0xff, 0xf5, 0x0, 0x0, 0x0, 0xb, 0xff, 0xf9,
    0x0, 0x0, 0x0, 0x8, 0xff, 0xfc, 0x0, 0x0,
    0x0, 0x4, 0xff, 0xff, 0x20, 0x0, 0x0, 0x1,
    0xef, 0xff, 0x50, 0x0, 0x0, 0x0, 0x9f, 0xff,
    0xfd, 0xdd, 0xdd, 0xdd, 0x2b, 0xff, 0xff, 0xff,
    0xff, 0xff, 0xf3, 0xbf, 0xff, 0xff, 0xff, 0xff,
    0xff, 0x30,

    /* U+007B "{" */
    0x0, 0x0, 0x6, 0xbd, 0xee, 0xb0, 0x0, 0xb,
    0xff, 0xff, 0xfd, 0x0, 0x5, 0xff, 0xff, 0xff,
    0xd0, 0x0, 0x9f, 0xfe, 0x30, 0x0, 0x0, 0xa,
    0xff, 0xa0, 0x0, 0x0, 0x0, 0x8f, 0xfc, 0x0,
    0x0, 0x0, 0x4, 0xff, 0xf0, 0x0, 0x0, 0x0,
    0x1f, 0xff, 0x30, 0x0, 0x0, 0x0, 0xef, 0xf6,
    0x0, 0x0, 0x0, 0xd, 0xff, 0x80, 0x0, 0x0,
    0x5, 0xff, 0xf5, 0x0, 0x1, 0xef, 0xff, 0xfb,
    0x0, 0x0, 0x1f, 0xff, 0xfb, 0x0, 0x0, 0x1,
    0xff, 0xff, 0xfa, 0x0, 0x0, 0x0, 0x6, 0xff,
    0xf4, 0x0, 0x0, 0x0, 0xd, 0xff, 0x80, 0x0,
    0x0, 0x0, 0xef, 0xf7, 0x0, 0x0, 0x0, 0x1f,
    0xff, 0x30, 0x0, 0x0, 0x4, 0xff, 0xf0, 0x0,
    0x0, 0x0, 0x7f, 0xfc, 0x0, 0x0, 0x0, 0xa,
    0xff, 0xa0, 0x0, 0x0, 0x0, 0xaf, 0xfe, 0x10,
    0x0, 0x0, 0x6, 0xff, 0xff, 0xee, 0xb0, 0x0,
    0xc, 0xff, 0xff, 0xfd, 0x0, 0x0, 0x8, 0xdf,
    0xff, 0xd0,

    /* U+007C "|" */
    0x28, 0x86, 0x4f, 0xfd, 0x4f, 0xfd, 0x4f, 0xfd,
    0x4f, 0xfd, 0x4f, 0xfd, 0x4f, 0xfd, 0x4f, 0xfd,
    0x4f, 0xfd, 0x4f, 0xfd, 0x4f, 0xfd, 0x4f, 0xfd,
    0x4f, 0xfd, 0x4f, 0xfd, 0x4f, 0xfd, 0x4f, 0xfd,
    0x4f, 0xfd, 0x4f, 0xfd, 0x4f, 0xfd, 0x4f, 0xfd,
    0x4f, 0xfd, 0x4f, 0xfd, 0x4f, 0xfd, 0x4f, 0xfd,
    0x4f, 0xfd, 0x4f, 0xfd, 0x4f, 0xfd,

    /* U+007D "}" */
    0x7e, 0xed, 0xc8, 0x10, 0x0, 0x8, 0xff, 0xff,
    0xfe, 0x20, 0x0, 0x8f, 0xff, 0xff, 0xfa, 0x0,
    0x0, 0x0, 0x1c, 0xff, 0xe0, 0x0, 0x0, 0x0,
    0x5f, 0xff, 0x0, 0x0, 0x0, 0x7, 0xff, 0xc0,
    0x0, 0x0, 0x0, 0xbf, 0xf9, 0x0, 0x0, 0x0,
    0xe, 0xff, 0x60, 0x0, 0x0, 0x2, 0xff, 0xf3,
    0x0, 0x0, 0x0, 0x3f, 0xff, 0x20, 0x0, 0x0,
    0x1, 0xff, 0xf9, 0x0, 0x0, 0x0, 0x6, 0xff,
    0xff, 0xe5, 0x0, 0x0, 0x6, 0xff, 0xff, 0x60,
    0x0, 0x5, 0xff, 0xff, 0xf6, 0x0, 0x0, 0xff,
    0xfa, 0x10, 0x0, 0x0, 0x3f, 0xff, 0x20, 0x0,
    0x0, 0x2, 0xff, 0xf2, 0x0, 0x0, 0x0, 0xf,
    0xff, 0x50, 0x0, 0x0, 0x0, 0xbf, 0xf9, 0x0,
    0x0, 0x0, 0x7, 0xff, 0xc0, 0x0, 0x0, 0x0,
    0x5f, 0xfe, 0x0, 0x0, 0x0, 0xa, 0xff, 0xf0,
    0x0, 0x7e, 0xef, 0xff, 0xfb, 0x0, 0x8, 0xff,
    0xff, 0xff, 0x30, 0x0, 0x8f, 0xff, 0xea, 0x20,
    0x0, 0x0,

    /* U+007E "~" */
    0x0, 0x7c, 0xdb, 0x71, 0x0, 0x0, 0x18, 0x81,
    0xb, 0xff, 0xff, 0xff, 0x92, 0x0, 0xaf, 0xf0,
    0x6f, 0xff, 0xff, 0xff, 0xff, 0xef, 0xff, 0xb0,
    0xbf, 0xe3, 0x3, 0x9f, 0xff, 0xff, 0xff, 0x30,
    0x9a, 0x50, 0x0, 0x2, 0x8d, 0xff, 0xb3, 0x0,

    /* U+00A0 " " */

    /* U+00A1 "¡" */
    0xef, 0xff, 0x2e, 0xff, 0xf2, 0xef, 0xff, 0x2e,
    0xff, 0xf2, 0x22, 0x22, 0x0, 0x0, 0x0, 0x0,
    0x0, 0x1, 0x55, 0x20, 0x5f, 0xf9, 0x6, 0xff,
    0x90, 0x6f, 0xfa, 0x7, 0xff, 0xb0, 0x7f, 0xfb,
    0x8, 0xff, 0xc0, 0x9f, 0xfd, 0x9, 0xff, 0xd0,
    0xaf, 0xfe, 0xa, 0xff, 0xf0, 0xbf, 0xff, 0xc,
    0xff, 0xf0, 0xcf, 0xff, 0x0,

    /* U+00A2 "¢" */
    0x0, 0x0, 0x0, 0x5f, 0xf8, 0x0, 0x0, 0x0,
    0x0, 0x0, 0x5, 0xff, 0x80, 0x0, 0x0, 0x0,
    0x0, 0x0, 0x5f, 0xf8, 0x0, 0x0, 0x0, 0x0,
    0x2, 0x9e, 0xff, 0xe9, 0x30, 0x0, 0x0, 0x7,
    0xff, 0xff, 0xff, 0xff, 0x80, 0x0, 0x8, 0xff,
    0xff, 0xfe, 0xff, 0xff, 0x80, 0x3, 0xff, 0xfe,
    0x40, 0x2, 0xcf, 0xff, 0x30, 0xbf, 0xff, 0x20,
    0x0, 0x0, 0xef, 0xf9, 0xf, 0xff, 0xb0, 0x0,
    0x0, 0x3, 0x55, 0x33, 0xff, 0xf7, 0x0, 0x0,
    0x0, 0x0, 0x0, 0x3f, 0xff, 0x60, 0x0, 0x0,
    0x0, 0x0, 0x2, 0xff, 0xf8, 0x0, 0x0, 0x0,
    0x0, 0x0, 0xf, 0xff, 0xb0, 0x0, 0x0, 0x3,
    0x55, 0x30, 0xbf, 0xff, 0x30, 0x0, 0x0, 0xef,
    0xf9, 0x3, 0xff, 0xfe, 0x40, 0x2, 0xbf, 0xff,
    0x30, 0x8, 0xff, 0xff, 0xee, 0xff, 0xff, 0x80,
    0x0, 0x7, 0xff, 0xff, 0xff, 0xff, 0x80, 0x0,
    0x0, 0x2, 0x9e, 0xff, 0xe9, 0x30, 0x0, 0x0,
    0x0, 0x0, 0x5f, 0xf8, 0x0, 0x0, 0x0, 0x0,
    0x0, 0x5, 0xff, 0x80, 0x0, 0x0, 0x0, 0x0,
    0x0, 0x5f, 0xf8, 0x0, 0x0, 0x0,

    /* U+00A3 "£" */
    0x0, 0x0, 0x39, 0xdf, 0xfe, 0xc7, 0x10, 0x0,
    0x0, 0x9, 0xff, 0xff, 0xff, 0xff, 0xe4, 0x0,
    0x0, 0x9f, 0xff, 0xff, 0xff, 0xff, 0xff, 0x40,
    0x2, 0xff, 0xff, 0x61, 0x1, 0x6f, 0xff, 0xe0,
    0x8, 0xff, 0xf5, 0x0, 0x0, 0x4, 0xff, 0xf6,
    0xa, 0xff, 0xf0, 0x0, 0x0, 0x0, 0xdf, 0xfb,
    0xb, 0xff, 0xf0, 0x0, 0x0, 0x0, 0x35, 0x54,
    0x8, 0xff, 0xf2, 0x0, 0x0, 0x0, 0x0, 0x0,
    0x3, 0xff, 0xf9, 0x0, 0x0, 0x0, 0x0, 0x0,
    0x11, 0xdf, 0xff, 0x21, 0x11, 0x11, 0x10, 0x0,
    0x9f, 0xff, 0xff, 0xff, 0xff, 0xff, 0xf0, 0x0,
    0x9f, 0xff, 0xff, 0xff, 0xff, 0xff, 0xf0, 0x0,
    0x9f, 0xff, 0xff, 0xff, 0xff, 0xff, 0xf0, 0x0,
    0x0, 0x9, 0xff, 0xd0, 0x0, 0x0, 0x0, 0x0,
    0x0, 0xd, 0xff, 0xa0, 0x0, 0x0, 0x0, 0x0,
    0x0, 0x3f, 0xff, 0x40, 0x0, 0x0, 0x0, 0x0,
    0x0, 0xcf, 0xfc, 0x0, 0x0, 0x0, 0x0, 0x0,
    0x6, 0xff, 0xf5, 0x22, 0x22, 0x22, 0x22, 0x20,
    0xc, 0xff, 0xff, 0xff, 0xff, 0xff, 0xff, 0xf2,
    0xc, 0xff, 0xff, 0xff, 0xff, 0xff, 0xff, 0xf2,
    0xc, 0xff, 0xff, 0xff, 0xff, 0xff, 0xff, 0xf2,

    /* U+00A5 "¥" */
    0x4f, 0xff, 0xf1, 0x0, 0x0, 0x0, 0xc, 0xff,
    0xf3, 0xc, 0xff, 0xf8, 0x0, 0x0, 0x0, 0x4f,
    0xff, 0xa0, 0x3, 0xff, 0xff, 0x10, 0x0, 0x0,
    0xbf, 0xff, 0x20, 0x0, 0xaf, 0xff, 0x80, 0x0,
    0x3, 0xff, 0xf9, 0x0, 0x0, 0x2f, 0xff, 0xf1,
    0x0, 0xb, 0xff, 0xf1, 0x0, 0x0, 0x9, 0xff,
    0xf7, 0x0, 0x3f, 0xff, 0x80, 0x0, 0x0, 0x1,
    0xff, 0xfe, 0x0, 0xaf, 0xfe, 0x0, 0x0, 0x6,
    0x88, 0xdf, 0xff, 0x72, 0xff, 0xfc, 0x88, 0x50,
    0xb, 0xff, 0xff, 0xff, 0xeb, 0xff, 0xff, 0xff,
    0xa0, 0xb, 0xff, 0xff, 0xff, 0xff, 0xff, 0xff,
    0xff, 0xa0, 0x0, 0x0, 0x0, 0xdf, 0xff, 0xfc,
    0x0, 0x0, 0x0, 0x6, 0x88, 0x88, 0xcf, 0xff,
    0xfb, 0x88, 0x88, 0x50, 0xb, 0xff, 0xff, 0xff,
    0xff, 0xff, 0xff, 0xff, 0xa0, 0xb, 0xff, 0xff,
    0xff, 0xff, 0xff, 0xff, 0xff, 0xa0, 0x0, 0x0,
    0x0, 0xd, 0xff, 0xc0, 0x0, 0x0, 0x0, 0x0,
    0x0, 0x0, 0xd, 0xff, 0xc0, 0x0, 0x0, 0x0,
    0x0, 0x0, 0x0, 0xd, 0xff, 0xc0, 0x0, 0x0,
    0x0, 0x0, 0x0, 0x0, 0xd, 0xff, 0xc0, 0x0,
    0x0, 0x0, 0x0, 0x0, 0x0, 0xd, 0xff, 0xc0,
    0x0, 0x0, 0x0, 0x0, 0x0, 0x0, 0xd, 0xff,
    0xc0, 0x0, 0x0, 0x0, 0x0, 0x0, 0x0, 0xd,
    0xff, 0xc0, 0x0, 0x0, 0x0,

    /* U+00A7 "§" */
    0x0, 0x1, 0x8c, 0xff, 0xfc, 0x81, 0x0, 0x0,
    0x3e, 0xff, 0xff, 0xff, 0xfe, 0x40, 0x0, 0xdf,
    0xff, 0xba, 0xbf, 0xff, 0xf1, 0x3, 0xff, 0xf2,
    0x0, 0x1, 0xef, 0xf6, 0x4, 0xff, 0xf0, 0x0,
    0x0, 0x12, 0x21, 0x1, 0xff, 0xfc, 0x51, 0x0,
    0x0, 0x0, 0x0, 0x9f, 0xff, 0xff, 0xda, 0x50,
    0x0, 0x1, 0xdf, 0xff, 0xff, 0xff, 0xfe, 0x30,
    0xb, 0xff, 0xe8, 0xad, 0xff, 0xff, 0xf1, 0xf,
    0xff, 0x30, 0x0, 0x16, 0xff, 0xf8, 0x2f, 0xff,
    0x10, 0x0, 0x0, 0x8f, 0xfb, 0xf, 0xff, 0xa0,
    0x0, 0x0, 0x9f, 0xfa, 0xb, 0xff, 0xff, 0xb7,
    0x6a, 0xff, 0xf5, 0x2, 0xff, 0xff, 0xff, 0xff,
    0xff, 0x90, 0x0, 0x2c, 0xff, 0xff, 0xff, 0xfd,
    0x0, 0x0, 0x0, 0x26, 0xae, 0xff, 0xff, 0x70,
    0x0, 0x0, 0x0, 0x0, 0x3d, 0xff, 0xc0, 0x7,
    0x88, 0x30, 0x0, 0x6, 0xff, 0xd0, 0xb, 0xff,
    0xc0, 0x0, 0x9, 0xff, 0xb0, 0x4, 0xff, 0xfe,
    0xaa, 0xdf, 0xff, 0x50, 0x0, 0x7f, 0xff, 0xff,
    0xff, 0xf9, 0x0, 0x0, 0x3, 0xad, 0xff, 0xea,
    0x40, 0x0,

    /* U+00A8 "¨" */
    0x0, 0x0, 0x0, 0x0, 0x0, 0x5, 0xff, 0xf8,
    0x0, 0xef, 0xff, 0x5f, 0xff, 0x80, 0xe, 0xff,
    0xf5, 0xff, 0xf8, 0x0, 0xef, 0xff, 0x5f, 0xff,
    0x80, 0xe, 0xff, 0xf0,

    /* U+00A9 "©" */
    0x0, 0x0, 0x0, 0x2, 0x69, 0x99, 0x63, 0x0,
    0x0, 0x0, 0x0, 0x0, 0x0, 0x4, 0xcf, 0xff,
    0xff, 0xff, 0xd5, 0x0, 0x0, 0x0, 0x0, 0x0,
    0xaf, 0xf8, 0x41, 0x1, 0x38, 0xef, 0xb1, 0x0,
    0x0, 0x0, 0xc, 0xfa, 0x10, 0x0, 0x0, 0x0,
    0x9, 0xfd, 0x10, 0x0, 0x0, 0xbf, 0x70, 0x0,
    0x0, 0x0, 0x0, 0x0, 0x6f, 0xc0, 0x0, 0x6,
    0xf9, 0x0, 0x1, 0x9e, 0xff, 0xb4, 0x0, 0x8,
    0xf7, 0x0, 0xe, 0xe0, 0x0, 0x3e, 0xff, 0xef,
    0xff, 0x70, 0x0, 0xdf, 0x0, 0x5f, 0x60, 0x1,
    0xff, 0xa1, 0x0, 0x7f, 0xf4, 0x0, 0x5f, 0x60,
    0xaf, 0x10, 0x9, 0xfc, 0x0, 0x0, 0x8, 0xfc,
    0x0, 0xf, 0xb0, 0xdd, 0x0, 0xf, 0xf4, 0x0,
    0x0, 0x2, 0xcc, 0x0, 0xc, 0xe0, 0xfb, 0x0,
    0x2f, 0xf0, 0x0, 0x0, 0x0, 0x0, 0x0, 0xa,
    0xf0, 0xfa, 0x0, 0x3f, 0xf0, 0x0, 0x0, 0x0,
    0x0, 0x0, 0x9, 0xf0, 0xec, 0x0, 0x1f, 0xf1,
    0x0, 0x0, 0x0, 0x0, 0x0, 0xb, 0xf0, 0xbf,
    0x0, 0xe, 0xf5, 0x0, 0x0, 0x3, 0xdd, 0x0,
    0xe, 0xc0, 0x7f, 0x40, 0x8, 0xfd, 0x0, 0x0,
    0xa, 0xfb, 0x0, 0x3f, 0x80, 0x1f, 0xb0, 0x1,
    0xef, 0xc3, 0x1, 0x9f, 0xf3, 0x0, 0xaf, 0x20,
    0x9, 0xf5, 0x0, 0x2e, 0xff, 0xff, 0xff, 0x60,
    0x4, 0xfa, 0x0, 0x1, 0xee, 0x20, 0x0, 0x7c,
    0xed, 0xa3, 0x0, 0x2e, 0xf1, 0x0, 0x0, 0x3f,
    0xe4, 0x0, 0x0, 0x0, 0x0, 0x3, 0xef, 0x40,
    0x0, 0x0, 0x4, 0xef, 0xa2, 0x0, 0x0, 0x2,
    0x9f, 0xf4, 0x0, 0x0, 0x0, 0x0, 0x1a, 0xff,
    0xeb, 0xab, 0xdf, 0xfb, 0x20, 0x0, 0x0, 0x0,
    0x0, 0x0, 0x28, 0xcf, 0xff, 0xc9, 0x30, 0x0,
    0x0, 0x0,

    /* U+00AA "ª" */
    0x0, 0x26, 0x64, 0x0, 0x0, 0xaf, 0xff, 0xfe,
    0x20, 0x6f, 0xfa, 0x9f, 0xfb, 0x2, 0x43, 0x0,
    0xbf, 0xe0, 0x4, 0xae, 0xff, 0xff, 0x5, 0xff,
    0xd9, 0xcf, 0xf0, 0xcf, 0xb0, 0xc, 0xff, 0xd,
    0xff, 0x9c, 0xff, 0xf0, 0x6f, 0xff, 0xe9, 0xff,
    0x0, 0x37, 0x61, 0x14, 0x40,

    /* U+00AB "«" */
    0x0, 0x1, 0x88, 0x82, 0x7, 0x88, 0x40, 0x0,
    0xbf, 0xfb, 0x7, 0xff, 0xe1, 0x0, 0x6f, 0xff,
    0x12, 0xff, 0xf4, 0x0, 0x2f, 0xff, 0x60, 0xdf,
    0xf9, 0x0, 0xc, 0xff, 0xb0, 0x9f, 0xfe, 0x0,
    0x7, 0xff, 0xf1, 0x3f, 0xff, 0x40, 0x0, 0x2f,
    0xff, 0x60, 0xdf, 0xfa, 0x0, 0x0, 0x6f, 0xff,
    0x23, 0xff, 0xf5, 0x0, 0x0, 0xbf, 0xfc, 0x7,
    0xff, 0xe1, 0x0, 0x1, 0xef, 0xf7, 0xc, 0xff,
    0xa0, 0x0, 0x4, 0xff, 0xf2, 0x2f, 0xff, 0x50,

    /* U+00AE "®" */
    0x0, 0x0, 0x0, 0x2, 0x69, 0x99, 0x63, 0x0,
    0x0, 0x0, 0x0, 0x0, 0x0, 0x4, 0xcf, 0xff,
    0xff, 0xff, 0xd5, 0x0, 0x0, 0x0, 0x0, 0x0,
    0xaf, 0xf8, 0x41, 0x1, 0x38, 0xef, 0xb1, 0x0,
    0x0, 0x0, 0xc, 0xfa, 0x10, 0x0, 0x0, 0x0,
    0x9, 0xfd, 0x10, 0x0, 0x0, 0xbf, 0x70, 0x0,
    0x0, 0x0, 0x0, 0x0, 0x6f, 0xc0, 0x0, 0x6,
    0xf9, 0x0, 0xdf, 0xff, 0xff, 0xe9, 0x10, 0x8,
    0xf7, 0x0, 0xe, 0xe0, 0x0, 0xdf, 0xee, 0xee,
    0xff, 0xd0, 0x0, 0xdf, 0x0, 0x5f, 0x60, 0x0,
    0xdf, 0x50, 0x0, 0x3f, 0xf5, 0x0, 0x5f, 0x60,
    0xaf, 0x10, 0x0, 0xdf, 0x50, 0x0, 0xc, 0xf6,
    0x0, 0xf, 0xb0, 0xdd, 0x0, 0x0, 0xdf, 0x50,
    0x0, 0x2f, 0xf3, 0x0, 0xc, 0xe0, 0xfb, 0x0,
    0x0, 0xdf, 0xdc, 0xcc, 0xff, 0x70, 0x0, 0xa,
    0xf0, 0xfa, 0x0, 0x0, 0xdf, 0xff, 0xff, 0xfd,
    0x30, 0x0, 0x9, 0xf0, 0xec, 0x0, 0x0, 0xdf,
    0x50, 0x1, 0x9f, 0xe0, 0x0, 0xb, 0xf0, 0xbf,
    0x0, 0x0, 0xdf, 0x50, 0x0, 0xf, 0xf3, 0x0,
    0xe, 0xc0, 0x7f, 0x40, 0x0, 0xdf, 0x50, 0x0,
    0xf, 0xf3, 0x0, 0x3f, 0x80, 0x1f, 0xb0, 0x0,
    0xdf, 0x50, 0x0, 0xf, 0xf3, 0x0, 0xaf, 0x20,
    0x9, 0xf5, 0x0, 0xdf, 0x50, 0x0, 0xe, 0xf4,
    0x4, 0xfa, 0x0, 0x1, 0xee, 0x20, 0x34, 0x10,
    0x0, 0x3, 0x41, 0x2e, 0xf1, 0x0, 0x0, 0x3f,
    0xe4, 0x0, 0x0, 0x0, 0x0, 0x3, 0xef, 0x40,
    0x0, 0x0, 0x4, 0xef, 0xa2, 0x0, 0x0, 0x2,
    0x9f, 0xf4, 0x0, 0x0, 0x0, 0x0, 0x1a, 0xff,
    0xeb, 0xab, 0xdf, 0xfb, 0x20, 0x0, 0x0, 0x0,
    0x0, 0x0, 0x28, 0xcf, 0xff, 0xc9, 0x30, 0x0,
    0x0, 0x0,

    /* U+00AF "¯" */
    0x3a, 0xaa, 0xaa, 0xaa, 0xaa, 0x75, 0xff, 0xff,
    0xff, 0xff, 0xfc, 0x5f, 0xff, 0xff, 0xff, 0xff,
    0xc0,

    /* U+00B0 "°" */
    0x1, 0x9e, 0xfc, 0x40, 0x1, 0xdf, 0xff, 0xff,
    0x50, 0x8f, 0xc1, 0x6, 0xfe, 0xc, 0xf3, 0x0,
    0xc, 0xf2, 0xbf, 0x30, 0x0, 0xcf, 0x27, 0xfc,
    0x10, 0x6f, 0xe0, 0xd, 0xff, 0xff, 0xf5, 0x0,
    0x19, 0xef, 0xc4, 0x0,

    /* U+00B4 "´" */
    0x0, 0x4, 0x88, 0x88, 0x10, 0x1, 0xff, 0xff,
    0x60, 0x0, 0xbf, 0xff, 0x60, 0x0, 0x5f, 0xff,
    0x60, 0x0, 0x1e, 0xff, 0x50, 0x0, 0x0,

    /* U+00B6 "¶" */
    0x0, 0x3, 0xae, 0xff, 0xff, 0xff, 0xff, 0xff,
    0xd0, 0x6, 0xff, 0xff, 0xff, 0xff, 0xff, 0xff,
    0xfd, 0x4, 0xff, 0xff, 0xff, 0xff, 0xfc, 0xbe,
    0xff, 0xd0, 0xcf, 0xff, 0xff, 0xff, 0xff, 0x40,
    0x8f, 0xfd, 0xf, 0xff, 0xff, 0xff, 0xff, 0xf4,
    0x8, 0xff, 0xd2, 0xff, 0xff, 0xff, 0xff, 0xff,
    0x40, 0x8f, 0xfd, 0x2f, 0xff, 0xff, 0xff, 0xff,
    0xf4, 0x8, 0xff, 0xd0, 0xff, 0xff, 0xff, 0xff,
    0xff, 0x40, 0x8f, 0xfd, 0x8, 0xff, 0xff, 0xff,
    0xff, 0xf4, 0x8, 0xff, 0xd0, 0xd, 0xff, 0xff,
    0xff, 0xff, 0x40, 0x8f, 0xfd, 0x0, 0x1a, 0xff,
    0xff, 0xff, 0xf4, 0x8, 0xff, 0xd0, 0x0, 0x2,
    0x57, 0x8f, 0xff, 0x40, 0x8f, 0xfd, 0x0, 0x0,
    0x0, 0x1, 0xff, 0xf4, 0x8, 0xff, 0xd0, 0x0,
    0x0, 0x0, 0x1f, 0xff, 0x40, 0x8f, 0xfd, 0x0,
    0x0, 0x0, 0x1, 0xff, 0xf4, 0x8, 0xff, 0xd0,
    0x0, 0x0, 0x0, 0x1f, 0xff, 0x40, 0x8f, 0xfd,
    0x0, 0x0, 0x0, 0x1, 0xff, 0xf4, 0x8, 0xff,
    0xd0, 0x0, 0x0, 0x0, 0x1f, 0xff, 0x40, 0x8f,
    0xfd, 0x0, 0x0, 0x0, 0x1, 0xff, 0xf4, 0x8,
    0xff, 0xd0, 0x0, 0x0, 0x0, 0x1f, 0xff, 0x40,
    0x8f, 0xfd, 0x0, 0x0, 0x0, 0x1, 0xff, 0xf4,
    0x8, 0xff, 0xd0, 0x0, 0x0, 0x0, 0x1f, 0xff,
    0x40, 0x8f, 0xfd, 0x0, 0x0, 0x0, 0x1, 0xff,
    0xf4, 0x8, 0xff, 0xd0, 0x0, 0x0, 0x0, 0x1f,
    0xff, 0x40, 0x8f, 0xfd, 0x0, 0x0, 0x0, 0x1,
    0xbb, 0xb2, 0x6, 0xbb, 0x90,

    /* U+00B7 "·" */
    0x22, 0x22, 0xf, 0xff, 0xf1, 0xff, 0xff, 0x1f,
    0xff, 0xf1, 0xff, 0xff, 0x10,

    /* U+00B8 "¸" */
    0x0, 0x8, 0xf9, 0x0, 0x0, 0xb, 0xfb, 0x20,
    0x0, 0xf, 0xff, 0xf4, 0x0, 0x1, 0x3e, 0xfb,
    0x3b, 0xb2, 0xb, 0xfc, 0xe, 0xff, 0xdf, 0xf7,
    0x2, 0xae, 0xfd, 0x70,

    /* U+00BA "º" */
    0x0, 0x4, 0x66, 0x30, 0x0, 0x5, 0xef, 0xff,
    0xfb, 0x10, 0x4f, 0xff, 0xcd, 0xff, 0xc0, 0xbf,
    0xf3, 0x0, 0x9f, 0xf4, 0xff, 0xb0, 0x0, 0x2f,
    0xf7, 0xef, 0xb0, 0x0, 0x3f, 0xf7, 0xbf, 0xf2,
    0x0, 0xaf, 0xf4, 0x3f, 0xff, 0xbd, 0xff, 0xc0,
    0x5, 0xef, 0xff, 0xfb, 0x10, 0x0, 0x5, 0x76,
    0x30, 0x0,

    /* U+00BB "»" */
    0x18, 0x88, 0x20, 0x88, 0x84, 0x0, 0x0, 0xaf,
    0xfc, 0x6, 0xff, 0xe1, 0x0, 0x1, 0xef, 0xf7,
    0xb, 0xff, 0xb0, 0x0, 0x4, 0xff, 0xf3, 0x2f,
    0xff, 0x60, 0x0, 0xa, 0xff, 0xd0, 0x6f, 0xff,
    0x20, 0x0, 0x1f, 0xff, 0x80, 0xcf, 0xfc, 0x0,
    0x5, 0xff, 0xf3, 0x2f, 0xff, 0x60, 0x1, 0xef,
    0xf7, 0xc, 0xff, 0xb0, 0x0, 0xaf, 0xfc, 0x7,
    0xff, 0xe1, 0x0, 0x5f, 0xff, 0x22, 0xff, 0xf5,
    0x0, 0x1e, 0xff, 0x60, 0xcf, 0xfa, 0x0, 0x0,

    /* U+00BF "¿" */
    0x0, 0x0, 0x2, 0xff, 0xfe, 0x0, 0x0, 0x0,
    0x0, 0x0, 0x2, 0xff, 0xfe, 0x0, 0x0, 0x0,
    0x0, 0x0, 0x2, 0xff, 0xfe, 0x0, 0x0, 0x0,
    0x0, 0x0, 0x2, 0xff, 0xfe, 0x0, 0x0, 0x0,
    0x0, 0x0, 0x0, 0x22, 0x22, 0x0, 0x0, 0x0,
    0x0, 0x0, 0x0, 0x0, 0x0, 0x0, 0x0, 0x0,
    0x0, 0x0, 0x0, 0x0, 0x0, 0x0, 0x0, 0x0,
    0x0, 0x0, 0x0, 0x9b, 0xb6, 0x0, 0x0, 0x0,
    0x0, 0x0, 0x2, 0xff, 0xf7, 0x0, 0x0, 0x0,
    0x0, 0x0, 0xc, 0xff, 0xf3, 0x0, 0x0, 0x0,
    0x0, 0x1, 0xcf, 0xff, 0xb0, 0x0, 0x0, 0x0,
    0x0, 0x4e, 0xff, 0xfc, 0x10, 0x0, 0x0, 0x0,
    0x3, 0xff, 0xff, 0xa0, 0x0, 0x0, 0x0, 0x0,
    0xc, 0xff, 0xf7, 0x0, 0x0, 0x0, 0x0, 0x0,
    0x2f, 0xff, 0xa0, 0x0, 0x0, 0x0, 0x0, 0x0,
    0x3f, 0xff, 0x70, 0x0, 0x0, 0x3, 0xcc, 0xc2,
    0x2f, 0xff, 0x90, 0x0, 0x0, 0xb, 0xff, 0xf0,
    0xe, 0xff, 0xf8, 0x20, 0x3, 0xbf, 0xff, 0x90,
    0x5, 0xff, 0xff, 0xff, 0xff, 0xff, 0xfd, 0x0,
    0x0, 0x6f, 0xff, 0xff, 0xff, 0xff, 0xa1, 0x0,
    0x0, 0x1, 0x8c, 0xef, 0xfd, 0x93, 0x0, 0x0,

    /* U+00C0 "À" */
    0x0, 0x0, 0x5, 0x88, 0x88, 0x0, 0x0, 0x0,
    0x0, 0x0, 0x0, 0x0, 0x1, 0xdf, 0xff, 0x80,
    0x0, 0x0, 0x0, 0x0, 0x0, 0x0, 0x0, 0x1d,
    0xff, 0xf3, 0x0, 0x0, 0x0, 0x0, 0x0, 0x0,
    0x0, 0x1, 0xdf, 0xfd, 0x0, 0x0, 0x0, 0x0,
    0x0, 0x0, 0x0, 0x0, 0x1d, 0xff, 0x70, 0x0,
    0x0, 0x0, 0x0, 0x0, 0x0, 0x0, 0x0, 0x0,
    0x0, 0x0, 0x0, 0x0, 0x0, 0x0, 0x0, 0x0,
    0x0, 0x0, 0x0, 0x0, 0x0, 0x0, 0x0, 0x0,
    0x0, 0x0, 0xff, 0xff, 0x80, 0x0, 0x0, 0x0,
    0x0, 0x0, 0x0, 0x5, 0xff, 0xff, 0xd0, 0x0,
    0x0, 0x0, 0x0, 0x0, 0x0, 0xa, 0xff, 0xff,
    0xf3, 0x0, 0x0, 0x0, 0x0, 0x0, 0x0, 0x1f,
    0xff, 0xef, 0xf9, 0x0, 0x0, 0x0, 0x0, 0x0,
    0x0, 0x6f, 0xfd, 0x7f, 0xfe, 0x0, 0x0, 0x0,
    0x0, 0x0, 0x0, 0xbf, 0xf8, 0x2f, 0xff, 0x40,
    0x0, 0x0, 0x0, 0x0, 0x1, 0xff, 0xf2, 0xc,
    0xff, 0xa0, 0x0, 0x0, 0x0, 0x0, 0x7, 0xff,
    0xd0, 0x7, 0xff, 0xf0, 0x0, 0x0, 0x0, 0x0,
    0xc, 0xff, 0x80, 0x2, 0xff, 0xf5, 0x0, 0x0,
    0x0, 0x0, 0x2f, 0xff, 0x30, 0x0, 0xdf, 0xfb,
    0x0, 0x0, 0x0, 0x0, 0x8f, 0xfd, 0x0, 0x0,
    0x7f, 0xff, 0x10, 0x0, 0x0, 0x0, 0xdf, 0xf8,
    0x0, 0x0, 0x2f, 0xff, 0x60, 0x0, 0x0, 0x3,
    0xff, 0xf3, 0x0, 0x0, 0xd, 0xff, 0xb0, 0x0,
    0x0, 0x9, 0xff, 0xff, 0xff, 0xff, 0xff, 0xff,
    0xf1, 0x0, 0x0, 0xe, 0xff, 0xff, 0xff, 0xff,
    0xff, 0xff, 0xf7, 0x0, 0x0, 0x4f, 0xff, 0xff,
    0xff, 0xff, 0xff, 0xff, 0xfc, 0x0, 0x0, 0xaf,
    0xfd, 0x0, 0x0, 0x0, 0x0, 0x8f, 0xff, 0x20,
    0x0, 0xff, 0xf8, 0x0, 0x0, 0x0, 0x0, 0x2f,
    0xff, 0x80, 0x5, 0xff, 0xf3, 0x0, 0x0, 0x0,
    0x0, 0xd, 0xff, 0xd0, 0xb, 0xff, 0xd0, 0x0,
    0x0, 0x0, 0x0, 0x8, 0xff, 0xf3, 0x1f, 0xff,
    0x80, 0x0, 0x0, 0x0, 0x0, 0x2, 0xff, 0xf8,

    /* U+00C1 "Á" */
    0x0, 0x0, 0x0, 0x0, 0x0, 0x48, 0x88, 0x82,
    0x0, 0x0, 0x0, 0x0, 0x0, 0x0, 0x1, 0xef,
    0xff, 0x70, 0x0, 0x0, 0x0, 0x0, 0x0, 0x0,
    0xa, 0xff, 0xf7, 0x0, 0x0, 0x0, 0x0, 0x0,
    0x0, 0x0, 0x4f, 0xff, 0x70, 0x0, 0x0, 0x0,
    0x0, 0x0, 0x0, 0x0, 0xef, 0xf6, 0x0, 0x0,
    0x0, 0x0, 0x0, 0x0, 0x0, 0x0, 0x0, 0x0,
    0x0, 0x0, 0x0, 0x0, 0x0, 0x0, 0x0, 0x0,
    0x0, 0x0, 0x0, 0x0, 0x0, 0x0, 0x0, 0x0,
    0x0, 0x0, 0xff, 0xff, 0x80, 0x0, 0x0, 0x0,
    0x0, 0x0, 0x0, 0x5, 0xff, 0xff, 0xd0, 0x0,
    0x0, 0x0, 0x0, 0x0, 0x0, 0xa, 0xff, 0xff,
    0xf3, 0x0, 0x0, 0x0, 0x0, 0x0, 0x0, 0x1f,
    0xff, 0xef, 0xf9, 0x0, 0x0, 0x0, 0x0, 0x0,
    0x0, 0x6f, 0xfd, 0x7f, 0xfe, 0x0, 0x0, 0x0,
    0x0, 0x0, 0x0, 0xbf, 0xf8, 0x2f, 0xff, 0x40,
    0x0, 0x0, 0x0, 0x0, 0x1, 0xff, 0xf2, 0xc,
    0xff, 0xa0, 0x0, 0x0, 0x0, 0x0, 0x7, 0xff,
    0xd0, 0x7, 0xff, 0xf0, 0x0, 0x0, 0x0, 0x0,
    0xc, 0xff, 0x80, 0x2, 0xff, 0xf5, 0x0, 0x0,
    0x0, 0x0, 0x2f, 0xff, 0x30, 0x0, 0xdf, 0xfb,
    0x0, 0x0, 0x0, 0x0, 0x8f, 0xfd, 0x0, 0x0,
    0x7f, 0xff, 0x10, 0x0, 0x0, 0x0, 0xdf, 0xf8,
    0x0, 0x0, 0x2f, 0xff, 0x60, 0x0, 0x0, 0x3,
    0xff, 0xf3, 0x0, 0x0, 0xd, 0xff, 0xb0, 0x0,
    0x0, 0x9, 0xff, 0xff, 0xff, 0xff, 0xff, 0xff,
    0xf1, 0x0, 0x0, 0xe, 0xff, 0xff, 0xff, 0xff,
    0xff, 0xff, 0xf7, 0x0, 0x0, 0x4f, 0xff, 0xff,
    0xff, 0xff, 0xff, 0xff, 0xfc, 0x0, 0x0, 0xaf,
    0xfd, 0x0, 0x0, 0x0, 0x0, 0x8f, 0xff, 0x20,
    0x0, 0xff, 0xf8, 0x0, 0x0, 0x0, 0x0, 0x2f,
    0xff, 0x80, 0x5, 0xff, 0xf3, 0x0, 0x0, 0x0,
    0x0, 0xd, 0xff, 0xd0, 0xb, 0xff, 0xd0, 0x0,
    0x0, 0x0, 0x0, 0x8, 0xff, 0xf3, 0x1f, 0xff,
    0x80, 0x0, 0x0, 0x0, 0x0, 0x2, 0xff, 0xf8,

    /* U+00C2 "Â" */
    0x0, 0x0, 0x0, 0x0, 0x68, 0x88, 0x20, 0x0,
    0x0, 0x0, 0x0, 0x0, 0x0, 0x6, 0xff, 0xff,
    0xd1, 0x0, 0x0, 0x0, 0x0, 0x0, 0x0, 0x3f,
    0xff, 0xff, 0xfb, 0x0, 0x0, 0x0, 0x0, 0x0,
    0x1, 0xef, 0xf7, 0x2d, 0xff, 0x90, 0x0, 0x0,
    0x0, 0x0, 0xd, 0xff, 0x50, 0x1, 0xbf, 0xf6,
    0x0, 0x0, 0x0, 0x0, 0x0, 0x0, 0x0, 0x0,
    0x0, 0x0, 0x0, 0x0, 0x0, 0x0, 0x0, 0x0,
    0x0, 0x0, 0x0, 0x0, 0x0, 0x0, 0x0, 0x0,
    0x0, 0x0, 0xff, 0xff, 0x80, 0x0, 0x0, 0x0,
    0x0, 0x0, 0x0, 0x5, 0xff, 0xff, 0xd0, 0x0,
    0x0, 0x0, 0x0, 0x0, 0x0, 0xa, 0xff, 0xff,
    0xf3, 0x0, 0x0, 0x0, 0x0, 0x0, 0x0, 0x1f,
    0xff, 0xef, 0xf9, 0x0, 0x0, 0x0, 0x0, 0x0,
    0x0, 0x6f, 0xfd, 0x7f, 0xfe, 0x0, 0x0, 0x0,
    0x0, 0x0, 0x0, 0xbf, 0xf8, 0x2f, 0xff, 0x40,
    0x0, 0x0, 0x0, 0x0, 0x1, 0xff, 0xf2, 0xc,
    0xff, 0xa0, 0x0, 0x0, 0x0, 0x0, 0x7, 0xff,
    0xd0, 0x7, 0xff, 0xf0, 0x0, 0x0, 0x0, 0x0,
    0xc, 0xff, 0x80, 0x2, 0xff, 0xf5, 0x0, 0x0,
    0x0, 0x0, 0x2f, 0xff, 0x30, 0x0, 0xdf, 0xfb,
    0x0, 0x0, 0x0, 0x0, 0x8f, 0xfd, 0x0, 0x0,
    0x7f, 0xff, 0x10, 0x0, 0x0, 0x0, 0xdf, 0xf8,
    0x0, 0x0, 0x2f, 0xff, 0x60, 0x0, 0x0, 0x3,
    0xff, 0xf3, 0x0, 0x0, 0xd, 0xff, 0xb0, 0x0,
    0x0, 0x9, 0xff, 0xff, 0xff, 0xff, 0xff, 0xff,
    0xf1, 0x0, 0x0, 0xe, 0xff, 0xff, 0xff, 0xff,
    0xff, 0xff, 0xf7, 0x0, 0x0, 0x4f, 0xff, 0xff,
    0xff, 0xff, 0xff, 0xff, 0xfc, 0x0, 0x0, 0xaf,
    0xfd, 0x0, 0x0, 0x0, 0x0, 0x8f, 0xff, 0x20,
    0x0, 0xff, 0xf8, 0x0, 0x0, 0x0, 0x0, 0x2f,
    0xff, 0x80, 0x5, 0xff, 0xf3, 0x0, 0x0, 0x0,
    0x0, 0xd, 0xff, 0xd0, 0xb, 0xff, 0xd0, 0x0,
    0x0, 0x0, 0x0, 0x8, 0xff, 0xf3, 0x1f, 0xff,
    0x80, 0x0, 0x0, 0x0, 0x0, 0x2, 0xff, 0xf8,

    /* U+00C3 "Ã" */
    0x0, 0x0, 0x0, 0x16, 0x73, 0x0, 0x1, 0x77,
    0x0, 0x0, 0x0, 0x0, 0x3, 0xef, 0xff, 0x90,
    0x6, 0xfe, 0x0, 0x0, 0x0, 0x0, 0xe, 0xff,
    0xff, 0xfc, 0x8e, 0xfa, 0x0, 0x0, 0x0, 0x0,
    0x4f, 0xf3, 0x1a, 0xff, 0xff, 0xf2, 0x0, 0x0,
    0x0, 0x0, 0x7f, 0xc0, 0x0, 0x6d, 0xfc, 0x30,
    0x0, 0x0, 0x0, 0x0, 0x0, 0x0, 0x0, 0x0,
    0x0, 0x0, 0x0, 0x0, 0x0, 0x0, 0x0, 0x0,
    0x0, 0x0, 0x0, 0x0, 0x0, 0x0, 0x0, 0x0,
    0x0, 0x0, 0xff, 0xff, 0x80, 0x0, 0x0, 0x0,
    0x0, 0x0, 0x0, 0x5, 0xff, 0xff, 0xd0, 0x0,
    0x0, 0x0, 0x0, 0x0, 0x0, 0xa, 0xff, 0xff,
    0xf3, 0x0, 0x0, 0x0, 0x0, 0x0, 0x0, 0x1f,
    0xff, 0xef, 0xf9, 0x0, 0x0, 0x0, 0x0, 0x0,
    0x0, 0x6f, 0xfd, 0x7f, 0xfe, 0x0, 0x0, 0x0,
    0x0, 0x0, 0x0, 0xbf, 0xf8, 0x2f, 0xff, 0x40,
    0x0, 0x0, 0x0, 0x0, 0x1, 0xff, 0xf2, 0xc,
    0xff, 0xa0, 0x0, 0x0, 0x0, 0x0, 0x7, 0xff,
    0xd0, 0x7, 0xff, 0xf0, 0x0, 0x0, 0x0, 0x0,
    0xc, 0xff, 0x80, 0x2, 0xff, 0xf5, 0x0, 0x0,
    0x0, 0x0, 0x2f, 0xff, 0x30, 0x0, 0xdf, 0xfb,
    0x0, 0x0, 0x0, 0x0, 0x8f, 0xfd, 0x0, 0x0,
    0x7f, 0xff, 0x10, 0x0, 0x0, 0x0, 0xdf, 0xf8,
    0x0, 0x0, 0x2f, 0xff, 0x60, 0x0, 0x0, 0x3,
    0xff, 0xf3, 0x0, 0x0, 0xd, 0xff, 0xb0, 0x0,
    0x0, 0x9, 0xff, 0xff, 0xff, 0xff, 0xff, 0xff,
    0xf1, 0x0, 0x0, 0xe, 0xff, 0xff, 0xff, 0xff,
    0xff, 0xff, 0xf7, 0x0, 0x0, 0x4f, 0xff, 0xff,
    0xff, 0xff, 0xff, 0xff, 0xfc, 0x0, 0x0, 0xaf,
    0xfd, 0x0, 0x0, 0x0, 0x0, 0x8f, 0xff, 0x20,
    0x0, 0xff, 0xf8, 0x0, 0x0, 0x0, 0x0, 0x2f,
    0xff, 0x80, 0x5, 0xff, 0xf3, 0x0, 0x0, 0x0,
    0x0, 0xd, 0xff, 0xd0, 0xb, 0xff, 0xd0, 0x0,
    0x0, 0x0, 0x0, 0x8, 0xff, 0xf3, 0x1f, 0xff,
    0x80, 0x0, 0x0, 0x0, 0x0, 0x2, 0xff, 0xf8,

    /* U+00C4 "Ä" */
    0x0, 0x0, 0x0, 0x0, 0x0, 0x0, 0x0, 0x0,
    0x0, 0x0, 0x0, 0x0, 0xe, 0xff, 0xf0, 0x7,
    0xff, 0xf6, 0x0, 0x0, 0x0, 0x0, 0xe, 0xff,
    0xf0, 0x7, 0xff, 0xf6, 0x0, 0x0, 0x0, 0x0,
    0xe, 0xff, 0xf0, 0x7, 0xff, 0xf6, 0x0, 0x0,
    0x0, 0x0, 0xe, 0xff, 0xf0, 0x7, 0xff, 0xf6,
    0x0, 0x0, 0x0, 0x0, 0x0, 0x0, 0x0, 0x0,
    0x0, 0x0, 0x0, 0x0, 0x0, 0x0, 0x0, 0x0,
    0x0, 0x0, 0x0, 0x0, 0x0, 0x0, 0x0, 0x0,
    0x0, 0x0, 0xff, 0xff, 0x80, 0x0, 0x0, 0x0,
    0x0, 0x0, 0x0, 0x5, 0xff, 0xff, 0xd0, 0x0,
    0x0, 0x0, 0x0, 0x0, 0x0, 0xa, 0xff, 0xff,
    0xf3, 0x0, 0x0, 0x0, 0x0, 0x0, 0x0, 0x1f,
    0xff, 0xef, 0xf9, 0x0, 0x0, 0x0, 0x0, 0x0,
    0x0, 0x6f, 0xfd, 0x7f, 0xfe, 0x0, 0x0, 0x0,
    0x0, 0x0, 0x0, 0xbf, 0xf8, 0x2f, 0xff, 0x40,
    0x0, 0x0, 0x0, 0x0, 0x1, 0xff, 0xf2, 0xc,
    0xff, 0xa0, 0x0, 0x0, 0x0, 0x0, 0x7, 0xff,
    0xd0, 0x7, 0xff, 0xf0, 0x0, 0x0, 0x0, 0x0,
    0xc, 0xff, 0x80, 0x2, 0xff, 0xf5, 0x0, 0x0,
    0x0, 0x0, 0x2f, 0xff, 0x30, 0x0, 0xdf, 0xfb,
    0x0, 0x0, 0x0, 0x0, 0x8f, 0xfd, 0x0, 0x0,
    0x7f, 0xff, 0x10, 0x0, 0x0, 0x0, 0xdf, 0xf8,
    0x0, 0x0, 0x2f, 0xff, 0x60, 0x0, 0x0, 0x3,
    0xff, 0xf3, 0x0, 0x0, 0xd, 0xff, 0xb0, 0x0,
    0x0, 0x9, 0xff, 0xff, 0xff, 0xff, 0xff, 0xff,
    0xf1, 0x0, 0x0, 0xe, 0xff, 0xff, 0xff, 0xff,
    0xff, 0xff, 0xf7, 0x0, 0x0, 0x4f, 0xff, 0xff,
    0xff, 0xff, 0xff, 0xff, 0xfc, 0x0, 0x0, 0xaf,
    0xfd, 0x0, 0x0, 0x0, 0x0, 0x8f, 0xff, 0x20,
    0x0, 0xff, 0xf8, 0x0, 0x0, 0x0, 0x0, 0x2f,
    0xff, 0x80, 0x5, 0xff, 0xf3, 0x0, 0x0, 0x0,
    0x0, 0xd, 0xff, 0xd0, 0xb, 0xff, 0xd0, 0x0,
    0x0, 0x0, 0x0, 0x8, 0xff, 0xf3, 0x1f, 0xff,
    0x80, 0x0, 0x0, 0x0, 0x0, 0x2, 0xff, 0xf8,

    /* U+00C5 "Å" */
    0x0, 0x0, 0x0, 0x0, 0x6e, 0xfb, 0x20, 0x0,
    0x0, 0x0, 0x0, 0x0, 0x0, 0x5, 0xff, 0xff,
    0xd0, 0x0, 0x0, 0x0, 0x0, 0x0, 0x0, 0xb,
    0xf4, 0xc, 0xf3, 0x0, 0x0, 0x0, 0x0, 0x0,
    0x0, 0xa, 0xf5, 0x1c, 0xf3, 0x0, 0x0, 0x0,
    0x0, 0x0, 0x0, 0x4, 0xff, 0xff, 0xc0, 0x0,
    0x0, 0x0, 0x0, 0x0, 0x0, 0x0, 0x5c, 0xea,
    0x10, 0x0, 0x0, 0x0, 0x0, 0x0, 0x0, 0x0,
    0x0, 0x0, 0x0, 0x0, 0x0, 0x0, 0x0, 0x0,
    0x0, 0x0, 0xff, 0xff, 0x80, 0x0, 0x0, 0x0,
    0x0, 0x0, 0x0, 0x5, 0xff, 0xff, 0xd0, 0x0,
    0x0, 0x0, 0x0, 0x0, 0x0, 0xa, 0xff, 0xff,
    0xf3, 0x0, 0x0, 0x0, 0x0, 0x0, 0x0, 0x1f,
    0xff, 0xef, 0xf9, 0x0, 0x0, 0x0, 0x0, 0x0,
    0x0, 0x6f, 0xfd, 0x7f, 0xfe, 0x0, 0x0, 0x0,
    0x0, 0x0, 0x0, 0xbf, 0xf8, 0x2f, 0xff, 0x40,
    0x0, 0x0, 0x0, 0x0, 0x1, 0xff, 0xf2, 0xc,
    0xff, 0xa0, 0x0, 0x0, 0x0, 0x0, 0x7, 0xff,
    0xd0, 0x7, 0xff, 0xf0, 0x0, 0x0, 0x0, 0x0,
    0xc, 0xff, 0x80, 0x2, 0xff, 0xf5, 0x0, 0x0,
    0x0, 0x0, 0x2f, 0xff, 0x30, 0x0, 0xdf, 0xfb,
    0x0, 0x0, 0x0, 0x0, 0x8f, 0xfd, 0x0, 0x0,
    0x7f, 0xff, 0x10, 0x0, 0x0, 0x0, 0xdf, 0xf8,
    0x0, 0x0, 0x2f, 0xff, 0x60, 0x0, 0x0, 0x3,
    0xff, 0xf3, 0x0, 0x0, 0xd, 0xff, 0xb0, 0x0,
    0x0, 0x9, 0xff, 0xff, 0xff, 0xff, 0xff, 0xff,
    0xf1, 0x0, 0x0, 0xe, 0xff, 0xff, 0xff, 0xff,
    0xff, 0xff, 0xf7, 0x0, 0x0, 0x4f, 0xff, 0xff,
    0xff, 0xff, 0xff, 0xff, 0xfc, 0x0, 0x0, 0xaf,
    0xfd, 0x0, 0x0, 0x0, 0x0, 0x8f, 0xff, 0x20,
    0x0, 0xff, 0xf8, 0x0, 0x0, 0x0, 0x0, 0x2f,
    0xff, 0x80, 0x5, 0xff, 0xf3, 0x0, 0x0, 0x0,
    0x0, 0xd, 0xff, 0xd0, 0xb, 0xff, 0xd0, 0x0,
    0x0, 0x0, 0x0, 0x8, 0xff, 0xf3, 0x1f, 0xff,
    0x80, 0x0, 0x0, 0x0, 0x0, 0x2, 0xff, 0xf8,

    /* U+00C6 "Æ" */
    0x0, 0x0, 0x0, 0x0, 0xff, 0xff, 0xff, 0xff,
    0xff, 0xff, 0xff, 0xff, 0xf6, 0x0, 0x0, 0x0,
    0x5, 0xff, 0xff, 0xff, 0xff, 0xff, 0xff, 0xff,
    0xff, 0xf6, 0x0, 0x0, 0x0, 0xa, 0xff, 0xff,
    0xff, 0xff, 0xff, 0xff, 0xff, 0xff, 0xf6, 0x0,
    0x0, 0x0, 0x1f, 0xff, 0x30, 0x7, 0xff, 0xf2,
    0x0, 0x0, 0x0, 0x0, 0x0, 0x0, 0x0, 0x6f,
    0xfd, 0x0, 0x7, 0xff, 0xf2, 0x0, 0x0, 0x0,
    0x0, 0x0, 0x0, 0x0, 0xbf, 0xf8, 0x0, 0x7,
    0xff, 0xf2, 0x0, 0x0, 0x0, 0x0, 0x0, 0x0,
    0x1, 0xff, 0xf3, 0x0, 0x7, 0xff, 0xf2, 0x0,
    0x0, 0x0, 0x0, 0x0, 0x0, 0x7, 0xff, 0xd0,
    0x0, 0x7, 0xff, 0xf2, 0x0, 0x0, 0x0, 0x0,
    0x0, 0x0, 0xc, 0xff, 0x80, 0x0, 0x7, 0xff,
    0xf2, 0x0, 0x0, 0x0, 0x0, 0x0, 0x0, 0x2f,
    0xff, 0xff, 0xff, 0xff, 0xff, 0xff, 0xff, 0xff,
    0xff, 0xb0, 0x0, 0x0, 0x8f, 0xff, 0xff, 0xff,
    0xff, 0xff, 0xff, 0xff, 0xff, 0xff, 0xb0, 0x0,
    0x0, 0xdf, 0xff, 0xee, 0xee, 0xef, 0xff, 0xfe,
    0xee, 0xee, 0xee, 0xa0, 0x0, 0x3, 0xff, 0xf3,
    0x0, 0x0, 0x7, 0xff, 0xf2, 0x0, 0x0, 0x0,
    0x0, 0x0, 0x9, 0xff, 0xd0, 0x0, 0x0, 0x7,
    0xff, 0xf2, 0x0, 0x0, 0x0, 0x0, 0x0, 0xe,
    0xff, 0x80, 0x0, 0x0, 0x7, 0xff, 0xf2, 0x0,
    0x0, 0x0, 0x0, 0x0, 0x4f, 0xff, 0x30, 0x0,
    0x0, 0x7, 0xff, 0xf2, 0x0, 0x0, 0x0, 0x0,
    0x0, 0xaf, 0xfd, 0x0, 0x0, 0x0, 0x7, 0xff,
    0xf2, 0x0, 0x0, 0x0, 0x0, 0x0, 0xff, 0xf8,
    0x0, 0x0, 0x0, 0x7, 0xff, 0xf2, 0x0, 0x0,
    0x0, 0x0, 0x5, 0xff, 0xf3, 0x0, 0x0, 0x0,
    0x7, 0xff, 0xff, 0xff, 0xff, 0xff, 0xfa, 0xb,
    0xff, 0xd0, 0x0, 0x0, 0x0, 0x7, 0xff, 0xff,
    0xff, 0xff, 0xff, 0xfa, 0x1f, 0xff, 0x80, 0x0,
    0x0, 0x0, 0x7, 0xff, 0xff, 0xff, 0xff, 0xff,
    0xfa,

    /* U+00C7 "Ç" */
    0x0, 0x0, 0x1, 0x6b, 0xef, 0xfe, 0xa5, 0x0,
    0x0, 0x0, 0x0, 0x0, 0x7f, 0xff, 0xff, 0xff,
    0xff, 0xe4, 0x0, 0x0, 0x0, 0xb, 0xff, 0xff,
    0xff, 0xff, 0xff, 0xff, 0x70, 0x0, 0x0, 0xaf,
    0xff, 0xf8, 0x31, 0x13, 0x9f, 0xff, 0xf5, 0x0,
    0x5, 0xff, 0xfd, 0x20, 0x0, 0x0, 0x3, 0xff,
    0xfe, 0x0, 0xe, 0xff, 0xf2, 0x0, 0x0, 0x0,
    0x0, 0x6f, 0xff, 0x60, 0x5f, 0xff, 0x80, 0x0,
    0x0, 0x0, 0x0, 0xe, 0xff, 0xb0, 0x9f, 0xff,
    0x20, 0x0, 0x0, 0x0, 0x0, 0x8, 0xcc, 0xb0,
    0xdf, 0xfe, 0x0, 0x0, 0x0, 0x0, 0x0, 0x0,
    0x0, 0x0, 0xef, 0xfc, 0x0, 0x0, 0x0, 0x0,
    0x0, 0x0, 0x0, 0x0, 0xff, 0xfb, 0x0, 0x0,
    0x0, 0x0, 0x0, 0x0, 0x0, 0x0, 0xef, 0xfc,
    0x0, 0x0, 0x0, 0x0, 0x0, 0x0, 0x0, 0x0,
    0xcf, 0xfe, 0x0, 0x0, 0x0, 0x0, 0x0, 0x0,
    0x0, 0x0, 0x9f, 0xff, 0x30, 0x0, 0x0, 0x0,
    0x0, 0x7, 0xcc, 0xb0, 0x4f, 0xff, 0x90, 0x0,
    0x0, 0x0, 0x0, 0xe, 0xff, 0xc0, 0xd, 0xff,
    0xf3, 0x0, 0x0, 0x0, 0x0, 0x6f, 0xff, 0x70,
    0x5, 0xff, 0xfe, 0x20, 0x0, 0x0, 0x4, 0xff,
    0xfe, 0x0, 0x0, 0x9f, 0xff, 0xf9, 0x31, 0x13,
    0x9f, 0xff, 0xf5, 0x0, 0x0, 0xa, 0xff, 0xff,
    0xff, 0xff, 0xff, 0xff, 0x70, 0x0, 0x0, 0x0,
    0x6e, 0xff, 0xff, 0xff, 0xff, 0xe5, 0x0, 0x0,
    0x0, 0x0, 0x0, 0x6b, 0xef, 0xfe, 0xb6, 0x0,
    0x0, 0x0, 0x0, 0x0, 0x0, 0x0, 0x6f, 0xc0,
    0x0, 0x0, 0x0, 0x0, 0x0, 0x0, 0x0, 0x0,
    0x9f, 0xfe, 0x40, 0x0, 0x0, 0x0, 0x0, 0x0,
    0x0, 0x0, 0x69, 0xef, 0xe0, 0x0, 0x0, 0x0,
    0x0, 0x0, 0x0, 0xbb, 0x50, 0x7f, 0xf0, 0x0,
    0x0, 0x0, 0x0, 0x0, 0x0, 0xbf, 0xfd, 0xff,
    0xc0, 0x0, 0x0, 0x0, 0x0, 0x0, 0x0, 0x9,
    0xef, 0xea, 0x10, 0x0, 0x0, 0x0,

    /* U+00C8 "È" */
    0x0, 0x6, 0x88, 0x87, 0x0, 0x0, 0x0, 0x0,
    0x0, 0x2, 0xef, 0xff, 0x60, 0x0, 0x0, 0x0,
    0x0, 0x0, 0x2e, 0xff, 0xf1, 0x0, 0x0, 0x0,
    0x0, 0x0, 0x2, 0xef, 0xfb, 0x0, 0x0, 0x0,
    0x0, 0x0, 0x0, 0x2e, 0xff, 0x50, 0x0, 0x0,
    0x0, 0x0, 0x0, 0x0, 0x0, 0x0, 0x0, 0x0,
    0x0, 0x0, 0x0, 0x0, 0x0, 0x0, 0x0, 0x0,
    0x4f, 0xff, 0xff, 0xff, 0xff, 0xff, 0xff, 0xf0,
    0x4f, 0xff, 0xff, 0xff, 0xff, 0xff, 0xff, 0xf0,
    0x4f, 0xff, 0xff, 0xff, 0xff, 0xff, 0xff, 0xe0,
    0x4f, 0xff, 0x60, 0x0, 0x0, 0x0, 0x0, 0x0,
    0x4f, 0xff, 0x60, 0x0, 0x0, 0x0, 0x0, 0x0,
    0x4f, 0xff, 0x60, 0x0, 0x0, 0x0, 0x0, 0x0,
    0x4f, 0xff, 0x60, 0x0, 0x0, 0x0, 0x0, 0x0,
    0x4f, 0xff, 0x60, 0x0, 0x0, 0x0, 0x0, 0x0,
    0x4f, 0xff, 0x60, 0x0, 0x0, 0x0, 0x0, 0x0,
    0x4f, 0xff, 0xff, 0xff, 0xff, 0xff, 0xff, 0x40,
    0x4f, 0xff, 0xff, 0xff, 0xff, 0xff, 0xff, 0x40,
    0x4f, 0xff, 0xfe, 0xee, 0xee, 0xee, 0xee, 0x30,
    0x4f, 0xff, 0x60, 0x0, 0x0, 0x0, 0x0, 0x0,
    0x4f, 0xff, 0x60, 0x0, 0x0, 0x0, 0x0, 0x0,
    0x4f, 0xff, 0x60, 0x0, 0x0, 0x0, 0x0, 0x0,
    0x4f, 0xff, 0x60, 0x0, 0x0, 0x0, 0x0, 0x0,
    0x4f, 0xff, 0x60, 0x0, 0x0, 0x0, 0x0, 0x0,
    0x4f, 0xff, 0x60, 0x0, 0x0, 0x0, 0x0, 0x0,
    0x4f, 0xff, 0xff, 0xff, 0xff, 0xff, 0xff, 0xf3,
    0x4f, 0xff, 0xff, 0xff, 0xff, 0xff, 0xff, 0xf3,
    0x4f, 0xff, 0xff, 0xff, 0xff, 0xff, 0xff, 0xf3,

    /* U+00C9 "É" */
    0x0, 0x0, 0x0, 0x0, 0x58, 0x88, 0x81, 0x0,
    0x0, 0x0, 0x0, 0x2, 0xff, 0xff, 0x50, 0x0,
    0x0, 0x0, 0x0, 0xc, 0xff, 0xf5, 0x0, 0x0,
    0x0, 0x0, 0x0, 0x6f, 0xff, 0x40, 0x0, 0x0,
    0x0, 0x0, 0x1, 0xff, 0xf4, 0x0, 0x0, 0x0,
    0x0, 0x0, 0x0, 0x0, 0x0, 0x0, 0x0, 0x0,
    0x0, 0x0, 0x0, 0x0, 0x0, 0x0, 0x0, 0x0,
    0x4f, 0xff, 0xff, 0xff, 0xff, 0xff, 0xff, 0xf0,
    0x4f, 0xff, 0xff, 0xff, 0xff, 0xff, 0xff, 0xf0,
    0x4f, 0xff, 0xff, 0xff, 0xff, 0xff, 0xff, 0xe0,
    0x4f, 0xff, 0x60, 0x0, 0x0, 0x0, 0x0, 0x0,
    0x4f, 0xff, 0x60, 0x0, 0x0, 0x0, 0x0, 0x0,
    0x4f, 0xff, 0x60, 0x0, 0x0, 0x0, 0x0, 0x0,
    0x4f, 0xff, 0x60, 0x0, 0x0, 0x0, 0x0, 0x0,
    0x4f, 0xff, 0x60, 0x0, 0x0, 0x0, 0x0, 0x0,
    0x4f, 0xff, 0x60, 0x0, 0x0, 0x0, 0x0, 0x0,
    0x4f, 0xff, 0xff, 0xff, 0xff, 0xff, 0xff, 0x40,
    0x4f, 0xff, 0xff, 0xff, 0xff, 0xff, 0xff, 0x40,
    0x4f, 0xff, 0xfe, 0xee, 0xee, 0xee, 0xee, 0x30,
    0x4f, 0xff, 0x60, 0x0, 0x0, 0x0, 0x0, 0x0,
    0x4f, 0xff, 0x60, 0x0, 0x0, 0x0, 0x0, 0x0,
    0x4f, 0xff, 0x60, 0x0, 0x0, 0x0, 0x0, 0x0,
    0x4f, 0xff, 0x60, 0x0, 0x0, 0x0, 0x0, 0x0,
    0x4f, 0xff, 0x60, 0x0, 0x0, 0x0, 0x0, 0x0,
    0x4f, 0xff, 0x60, 0x0, 0x0, 0x0, 0x0, 0x0,
    0x4f, 0xff, 0xff, 0xff, 0xff, 0xff, 0xff, 0xf3,
    0x4f, 0xff, 0xff, 0xff, 0xff, 0xff, 0xff, 0xf3,
    0x4f, 0xff, 0xff, 0xff, 0xff, 0xff, 0xff, 0xf3,

    /* U+00CA "Ê" */
    0x0, 0x0, 0x0, 0x78, 0x88, 0x10, 0x0, 0x0,
    0x0, 0x0, 0x8, 0xff, 0xff, 0xc0, 0x0, 0x0,
    0x0, 0x0, 0x5f, 0xff, 0xff, 0xfa, 0x0, 0x0,
    0x0, 0x3, 0xff, 0xf6, 0x3e, 0xff, 0x70, 0x0,
    0x0, 0x1e, 0xff, 0x40, 0x1, 0xdf, 0xf4, 0x0,
    0x0, 0x0, 0x0, 0x0, 0x0, 0x0, 0x0, 0x0,
    0x0, 0x0, 0x0, 0x0, 0x0, 0x0, 0x0, 0x0,
    0x4f, 0xff, 0xff, 0xff, 0xff, 0xff, 0xff, 0xf0,
    0x4f, 0xff, 0xff, 0xff, 0xff, 0xff, 0xff, 0xf0,
    0x4f, 0xff, 0xff, 0xff, 0xff, 0xff, 0xff, 0xe0,
    0x4f, 0xff, 0x60, 0x0, 0x0, 0x0, 0x0, 0x0,
    0x4f, 0xff, 0x60, 0x0, 0x0, 0x0, 0x0, 0x0,
    0x4f, 0xff, 0x60, 0x0, 0x0, 0x0, 0x0, 0x0,
    0x4f, 0xff, 0x60, 0x0, 0x0, 0x0, 0x0, 0x0,
    0x4f, 0xff, 0x60, 0x0, 0x0, 0x0, 0x0, 0x0,
    0x4f, 0xff, 0x60, 0x0, 0x0, 0x0, 0x0, 0x0,
    0x4f, 0xff, 0xff, 0xff, 0xff, 0xff, 0xff, 0x40,
    0x4f, 0xff, 0xff, 0xff, 0xff, 0xff, 0xff, 0x40,
    0x4f, 0xff, 0xfe, 0xee, 0xee, 0xee, 0xee, 0x30,
    0x4f, 0xff, 0x60, 0x0, 0x0, 0x0, 0x0, 0x0,
    0x4f, 0xff, 0x60, 0x0, 0x0, 0x0, 0x0, 0x0,
    0x4f, 0xff, 0x60, 0x0, 0x0, 0x0, 0x0, 0x0,
    0x4f, 0xff, 0x60, 0x0, 0x0, 0x0, 0x0, 0x0,
    0x4f, 0xff, 0x60, 0x0, 0x0, 0x0, 0x0, 0x0,
    0x4f, 0xff, 0x60, 0x0, 0x0, 0x0, 0x0, 0x0,
    0x4f, 0xff, 0xff, 0xff, 0xff, 0xff, 0xff, 0xf3,
    0x4f, 0xff, 0xff, 0xff, 0xff, 0xff, 0xff, 0xf3,
    0x4f, 0xff, 0xff, 0xff, 0xff, 0xff, 0xff, 0xf3,

    /* U+00CB "Ë" */
    0x0, 0x0, 0x0, 0x0, 0x0, 0x0, 0x0, 0x0,
    0x0, 0xf, 0xff, 0xd0, 0x9, 0xff, 0xf4, 0x0,
    0x0, 0xf, 0xff, 0xd0, 0x9, 0xff, 0xf4, 0x0,
    0x0, 0xf, 0xff, 0xd0, 0x9, 0xff, 0xf4, 0x0,
    0x0, 0xf, 0xff, 0xd0, 0x9, 0xff, 0xf4, 0x0,
    0x0, 0x0, 0x0, 0x0, 0x0, 0x0, 0x0, 0x0,
    0x0, 0x0, 0x0, 0x0, 0x0, 0x0, 0x0, 0x0,
    0x4f, 0xff, 0xff, 0xff, 0xff, 0xff, 0xff, 0xf0,
    0x4f, 0xff, 0xff, 0xff, 0xff, 0xff, 0xff, 0xf0,
    0x4f, 0xff, 0xff, 0xff, 0xff, 0xff, 0xff, 0xe0,
    0x4f, 0xff, 0x60, 0x0, 0x0, 0x0, 0x0, 0x0,
    0x4f, 0xff, 0x60, 0x0, 0x0, 0x0, 0x0, 0x0,
    0x4f, 0xff, 0x60, 0x0, 0x0, 0x0, 0x0, 0x0,
    0x4f, 0xff, 0x60, 0x0, 0x0, 0x0, 0x0, 0x0,
    0x4f, 0xff, 0x60, 0x0, 0x0, 0x0, 0x0, 0x0,
    0x4f, 0xff, 0x60, 0x0, 0x0, 0x0, 0x0, 0x0,
    0x4f, 0xff, 0xff, 0xff, 0xff, 0xff, 0xff, 0x40,
    0x4f, 0xff, 0xff, 0xff, 0xff, 0xff, 0xff, 0x40,
    0x4f, 0xff, 0xfe, 0xee, 0xee, 0xee, 0xee, 0x30,
    0x4f, 0xff, 0x60, 0x0, 0x0, 0x0, 0x0, 0x0,
    0x4f, 0xff, 0x60, 0x0, 0x0, 0x0, 0x0, 0x0,
    0x4f, 0xff, 0x60, 0x0, 0x0, 0x0, 0x0, 0x0,
    0x4f, 0xff, 0x60, 0x0, 0x0, 0x0, 0x0, 0x0,
    0x4f, 0xff, 0x60, 0x0, 0x0, 0x0, 0x0, 0x0,
    0x4f, 0xff, 0x60, 0x0, 0x0, 0x0, 0x0, 0x0,
    0x4f, 0xff, 0xff, 0xff, 0xff, 0xff, 0xff, 0xf3,
    0x4f, 0xff, 0xff, 0xff, 0xff, 0xff, 0xff, 0xf3,
    0x4f, 0xff, 0xff, 0xff, 0xff, 0xff, 0xff, 0xf3,

    /* U+00CC "Ì" */
    0x38, 0x88, 0x82, 0x0, 0x0, 0xaf, 0xff, 0xc0,
    0x0, 0x0, 0x9f, 0xff, 0x70, 0x0, 0x0, 0x9f,
    0xff, 0x20, 0x0, 0x0, 0x9f, 0xfc, 0x0, 0x0,
    0x0, 0x0, 0x0, 0x0, 0x0, 0x0, 0x0, 0x0,
    0x0, 0x4f, 0xff, 0x60, 0x0, 0x4, 0xff, 0xf6,
    0x0, 0x0, 0x4f, 0xff, 0x60, 0x0, 0x4, 0xff,
    0xf6, 0x0, 0x0, 0x4f, 0xff, 0x60, 0x0, 0x4,
    0xff, 0xf6, 0x0, 0x0, 0x4f, 0xff, 0x60, 0x0,
    0x4, 0xff, 0xf6, 0x0, 0x0, 0x4f, 0xff, 0x60,
    0x0, 0x4, 0xff, 0xf6, 0x0, 0x0, 0x4f, 0xff,
    0x60, 0x0, 0x4, 0xff, 0xf6, 0x0, 0x0, 0x4f,
    0xff, 0x60, 0x0, 0x4, 0xff, 0xf6, 0x0, 0x0,
    0x4f, 0xff, 0x60, 0x0, 0x4, 0xff, 0xf6, 0x0,
    0x0, 0x4f, 0xff, 0x60, 0x0, 0x4, 0xff, 0xf6,
    0x0, 0x0, 0x4f, 0xff, 0x60, 0x0, 0x4, 0xff,
    0xf6, 0x0, 0x0, 0x4f, 0xff, 0x60,

    /* U+00CD "Í" */
    0x0, 0x18, 0x88, 0x84, 0x0, 0xbf, 0xff, 0xb0,
    0x5, 0xff, 0xfb, 0x0, 0x1e, 0xff, 0xb0, 0x0,
    0xaf, 0xfb, 0x0, 0x0, 0x0, 0x0, 0x0, 0x0,
    0x0, 0x0, 0x0, 0x0, 0x4f, 0xff, 0x60, 0x0,
    0x4f, 0xff, 0x60, 0x0, 0x4f, 0xff, 0x60, 0x0,
    0x4f, 0xff, 0x60, 0x0, 0x4f, 0xff, 0x60, 0x0,
    0x4f, 0xff, 0x60, 0x0, 0x4f, 0xff, 0x60, 0x0,
    0x4f, 0xff, 0x60, 0x0, 0x4f, 0xff, 0x60, 0x0,
    0x4f, 0xff, 0x60, 0x0, 0x4f, 0xff, 0x60, 0x0,
    0x4f, 0xff, 0x60, 0x0, 0x4f, 0xff, 0x60, 0x0,
    0x4f, 0xff, 0x60, 0x0, 0x4f, 0xff, 0x60, 0x0,
    0x4f, 0xff, 0x60, 0x0, 0x4f, 0xff, 0x60, 0x0,
    0x4f, 0xff, 0x60, 0x0, 0x4f, 0xff, 0x60, 0x0,
    0x4f, 0xff, 0x60, 0x0, 0x4f, 0xff, 0x60, 0x0,

    /* U+00CE "Î" */
    0x0, 0x4, 0x88, 0x84, 0x0, 0x0, 0x0, 0x2f,
    0xff, 0xff, 0x30, 0x0, 0x1, 0xdf, 0xff, 0xff,
    0xe1, 0x0, 0xb, 0xff, 0xb1, 0xaf, 0xfd, 0x0,
    0x9f, 0xf9, 0x0, 0x8, 0xff, 0xa0, 0x0, 0x0,
    0x0, 0x0, 0x0, 0x0, 0x0, 0x0, 0x0, 0x0,
    0x0, 0x0, 0x0, 0x4, 0xff, 0xf6, 0x0, 0x0,
    0x0, 0x4, 0xff, 0xf6, 0x0, 0x0, 0x0, 0x4,
    0xff, 0xf6, 0x0, 0x0, 0x0, 0x4, 0xff, 0xf6,
    0x0, 0x0, 0x0, 0x4, 0xff, 0xf6, 0x0, 0x0,
    0x0, 0x4, 0xff, 0xf6, 0x0, 0x0, 0x0, 0x4,
    0xff, 0xf6, 0x0, 0x0, 0x0, 0x4, 0xff, 0xf6,
    0x0, 0x0, 0x0, 0x4, 0xff, 0xf6, 0x0, 0x0,
    0x0, 0x4, 0xff, 0xf6, 0x0, 0x0, 0x0, 0x4,
    0xff, 0xf6, 0x0, 0x0, 0x0, 0x4, 0xff, 0xf6,
    0x0, 0x0, 0x0, 0x4, 0xff, 0xf6, 0x0, 0x0,
    0x0, 0x4, 0xff, 0xf6, 0x0, 0x0, 0x0, 0x4,
    0xff, 0xf6, 0x0, 0x0, 0x0, 0x4, 0xff, 0xf6,
    0x0, 0x0, 0x0, 0x4, 0xff, 0xf6, 0x0, 0x0,
    0x0, 0x4, 0xff, 0xf6, 0x0, 0x0, 0x0, 0x4,
    0xff, 0xf6, 0x0, 0x0, 0x0, 0x4, 0xff, 0xf6,
    0x0, 0x0, 0x0, 0x4, 0xff, 0xf6, 0x0, 0x0,

    /* U+00CF "Ï" */
    0x0, 0x0, 0x0, 0x0, 0x0, 0x9, 0xff, 0xf3,
    0x2, 0xff, 0xfb, 0x9f, 0xff, 0x30, 0x2f, 0xff,
    0xb9, 0xff, 0xf3, 0x2, 0xff, 0xfb, 0x9f, 0xff,
    0x30, 0x2f, 0xff, 0xb0, 0x0, 0x0, 0x0, 0x0,
    0x0, 0x0, 0x0, 0x0, 0x0, 0x0, 0x0, 0x0,
    0x4f, 0xff, 0x60, 0x0, 0x0, 0x4, 0xff, 0xf6,
    0x0, 0x0, 0x0, 0x4f, 0xff, 0x60, 0x0, 0x0,
    0x4, 0xff, 0xf6, 0x0, 0x0, 0x0, 0x4f, 0xff,
    0x60, 0x0, 0x0, 0x4, 0xff, 0xf6, 0x0, 0x0,
    0x0, 0x4f, 0xff, 0x60, 0x0, 0x0, 0x4, 0xff,
    0xf6, 0x0, 0x0, 0x0, 0x4f, 0xff, 0x60, 0x0,
    0x0, 0x4, 0xff, 0xf6, 0x0, 0x0, 0x0, 0x4f,
    0xff, 0x60, 0x0, 0x0, 0x4, 0xff, 0xf6, 0x0,
    0x0, 0x0, 0x4f, 0xff, 0x60, 0x0, 0x0, 0x4,
    0xff, 0xf6, 0x0, 0x0, 0x0, 0x4f, 0xff, 0x60,
    0x0, 0x0, 0x4, 0xff, 0xf6, 0x0, 0x0, 0x0,
    0x4f, 0xff, 0x60, 0x0, 0x0, 0x4, 0xff, 0xf6,
    0x0, 0x0, 0x0, 0x4f, 0xff, 0x60, 0x0, 0x0,
    0x4, 0xff, 0xf6, 0x0, 0x0, 0x0, 0x4f, 0xff,
    0x60, 0x0,

    /* U+00D0 "Ð" */
    0x0, 0xef, 0xff, 0xff, 0xff, 0xfd, 0xb7, 0x10,
    0x0, 0x0, 0x0, 0xe, 0xff, 0xff, 0xff, 0xff,
    0xff, 0xff, 0x91, 0x0, 0x0, 0x0, 0xef, 0xff,
    0xff, 0xff, 0xff, 0xff, 0xff, 0xe3, 0x0, 0x0,
    0xe, 0xff, 0xb0, 0x0, 0x0, 0x38, 0xef, 0xff,
    0xe2, 0x0, 0x0, 0xef, 0xfb, 0x0, 0x0, 0x0,
    0x0, 0xaf, 0xff, 0xd0, 0x0, 0xe, 0xff, 0xb0,
    0x0, 0x0, 0x0, 0x0, 0xbf, 0xff, 0x60, 0x0,
    0xef, 0xfb, 0x0, 0x0, 0x0, 0x0, 0x1, 0xff,
    0xfd, 0x0, 0xe, 0xff, 0xb0, 0x0, 0x0, 0x0,
    0x0, 0xa, 0xff, 0xf2, 0x0, 0xef, 0xfb, 0x0,
    0x0, 0x0, 0x0, 0x0, 0x6f, 0xff, 0x5c, 0xff,
    0xff, 0xff, 0xff, 0xfe, 0x0, 0x0, 0x4, 0xff,
    0xf6, 0xcf, 0xff, 0xff, 0xff, 0xff, 0xe0, 0x0,
    0x0, 0x4f, 0xff, 0x7c, 0xff, 0xff, 0xff, 0xff,
    0xfe, 0x0, 0x0, 0x4, 0xff, 0xf6, 0x0, 0xef,
    0xfb, 0x0, 0x0, 0x0, 0x0, 0x0, 0x7f, 0xff,
    0x40, 0xe, 0xff, 0xb0, 0x0, 0x0, 0x0, 0x0,
    0xc, 0xff, 0xf1, 0x0, 0xef, 0xfb, 0x0, 0x0,
    0x0, 0x0, 0x3, 0xff, 0xfc, 0x0, 0xe, 0xff,
    0xb0, 0x0, 0x0, 0x0, 0x0, 0xcf, 0xff, 0x50,
    0x0, 0xef, 0xfb, 0x0, 0x0, 0x0, 0x1, 0xbf,
    0xff, 0xc0, 0x0, 0xe, 0xff, 0xb0, 0x0, 0x1,
    0x38, 0xff, 0xff, 0xe1, 0x0, 0x0, 0xef, 0xff,
    0xff, 0xff, 0xff, 0xff, 0xff, 0xd2, 0x0, 0x0,
    0xe, 0xff, 0xff, 0xff, 0xff, 0xff, 0xff, 0x80,
    0x0, 0x0, 0x0, 0xef, 0xff, 0xff, 0xff, 0xfd,
    0xb6, 0x10, 0x0, 0x0, 0x0,

    /* U+00D1 "Ñ" */
    0x0, 0x0, 0x1, 0x66, 0x20, 0x0, 0x27, 0x60,
    0x0, 0x0, 0x0, 0x4f, 0xff, 0xf7, 0x0, 0x8f,
    0xc0, 0x0, 0x0, 0x1, 0xff, 0xff, 0xff, 0xb8,
    0xff, 0x80, 0x0, 0x0, 0x6, 0xff, 0x22, 0xbf,
    0xff, 0xfe, 0x10, 0x0, 0x0, 0x8, 0xfb, 0x0,
    0x7, 0xef, 0xc2, 0x0, 0x0, 0x0, 0x0, 0x0,
    0x0, 0x0, 0x0, 0x0, 0x0, 0x0, 0x0, 0x0,
    0x0, 0x0, 0x0, 0x0, 0x0, 0x0, 0x0, 0x4f,
    0xff, 0xf8, 0x0, 0x0, 0x0, 0x0, 0xff, 0xf9,
    0x4f, 0xff, 0xff, 0x10, 0x0, 0x0, 0x0, 0xff,
    0xf9, 0x4f, 0xff, 0xff, 0x90, 0x0, 0x0, 0x0,
    0xff, 0xf9, 0x4f, 0xff, 0xff, 0xf2, 0x0, 0x0,
    0x0, 0xff, 0xf9, 0x4f, 0xff, 0xff, 0xfa, 0x0,
    0x0, 0x0, 0xff, 0xf9, 0x4f, 0xff, 0x8f, 0xff,
    0x30, 0x0, 0x0, 0xff, 0xf9, 0x4f, 0xff, 0x4c,
    0xff, 0xc0, 0x0, 0x0, 0xff, 0xf9, 0x4f, 0xff,
    0x43, 0xff, 0xf4, 0x0, 0x0, 0xff, 0xf9, 0x4f,
    0xff, 0x40, 0xaf, 0xfd, 0x0, 0x0, 0xff, 0xf9,
    0x4f, 0xff, 0x40, 0x2f, 0xff, 0x50, 0x0, 0xff,
    0xf9, 0x4f, 0xff, 0x40, 0x9, 0xff, 0xe0, 0x0,
    0xff, 0xf9, 0x4f, 0xff, 0x40, 0x1, 0xff, 0xf7,
    0x0, 0xff, 0xf9, 0x4f, 0xff, 0x40, 0x0, 0x8f,
    0xfe, 0x0, 0xff, 0xf9, 0x4f, 0xff, 0x40, 0x0,
    0xe, 0xff, 0x80, 0xff, 0xf9, 0x4f, 0xff, 0x40,
    0x0, 0x7, 0xff, 0xf1, 0xff, 0xf9, 0x4f, 0xff,
    0x40, 0x0, 0x0, 0xef, 0xf9, 0xff, 0xf9, 0x4f,
    0xff, 0x40, 0x0, 0x0, 0x5f, 0xff, 0xff, 0xf9,
    0x4f, 0xff, 0x40, 0x0, 0x0, 0xd, 0xff, 0xff,
    0xf9, 0x4f, 0xff, 0x40, 0x0, 0x0, 0x4, 0xff,
    0xff, 0xf9, 0x4f, 0xff, 0x40, 0x0, 0x0, 0x0,
    0xbf, 0xff, 0xf9, 0x4f, 0xff, 0x40, 0x0, 0x0,
    0x0, 0x3f, 0xff, 0xf9,

    /* U+00D2 "Ò" */
    0x0, 0x0, 0x7, 0x88, 0x87, 0x0, 0x0, 0x0,
    0x0, 0x0, 0x0, 0x0, 0x0, 0x2e, 0xff, 0xf6,
    0x0, 0x0, 0x0, 0x0, 0x0, 0x0, 0x0, 0x0,
    0x2e, 0xff, 0xe1, 0x0, 0x0, 0x0, 0x0, 0x0,
    0x0, 0x0, 0x0, 0x2e, 0xff, 0xa0, 0x0, 0x0,
    0x0, 0x0, 0x0, 0x0, 0x0, 0x0, 0x2e, 0xff,
    0x50, 0x0, 0x0, 0x0, 0x0, 0x0, 0x0, 0x0,
    0x0, 0x0, 0x0, 0x0, 0x0, 0x0, 0x0, 0x0,
    0x0, 0x0, 0x0, 0x0, 0x0, 0x0, 0x0, 0x0,
    0x0, 0x0, 0x0, 0x0, 0x6, 0xbe, 0xff, 0xec,
    0x72, 0x0, 0x0, 0x0, 0x0, 0x0, 0x6f, 0xff,
    0xff, 0xff, 0xff, 0xf9, 0x0, 0x0, 0x0, 0x0,
    0xbf, 0xff, 0xff, 0xff, 0xff, 0xff, 0xfd, 0x10,
    0x0, 0x0, 0xaf, 0xff, 0xf9, 0x31, 0x13, 0x7e,
    0xff, 0xfd, 0x0, 0x0, 0x6f, 0xff, 0xe2, 0x0,
    0x0, 0x0, 0x1c, 0xff, 0xf9, 0x0, 0xe, 0xff,
    0xf2, 0x0, 0x0, 0x0, 0x0, 0x1d, 0xff, 0xf2,
    0x5, 0xff, 0xf8, 0x0, 0x0, 0x0, 0x0, 0x0,
    0x5f, 0xff, 0x90, 0xaf, 0xff, 0x20, 0x0, 0x0,
    0x0, 0x0, 0x0, 0xef, 0xfd, 0xd, 0xff, 0xe0,
    0x0, 0x0, 0x0, 0x0, 0x0, 0xa, 0xff, 0xf0,
    0xef, 0xfc, 0x0, 0x0, 0x0, 0x0, 0x0, 0x0,
    0x8f, 0xff, 0x2f, 0xff, 0xb0, 0x0, 0x0, 0x0,
    0x0, 0x0, 0x8, 0xff, 0xf3, 0xef, 0xfc, 0x0,
    0x0, 0x0, 0x0, 0x0, 0x0, 0x9f, 0xff, 0x2c,
    0xff, 0xf0, 0x0, 0x0, 0x0, 0x0, 0x0, 0xb,
    0xff, 0xf0, 0x9f, 0xff, 0x30, 0x0, 0x0, 0x0,
    0x0, 0x0, 0xff, 0xfd, 0x4, 0xff, 0xfa, 0x0,
    0x0, 0x0, 0x0, 0x0, 0x6f, 0xff, 0x80, 0xd,
    0xff, 0xf3, 0x0, 0x0, 0x0, 0x0, 0x1e, 0xff,
    0xf1, 0x0, 0x4f, 0xff, 0xe3, 0x0, 0x0, 0x0,
    0x2d, 0xff, 0xf8, 0x0, 0x0, 0x9f, 0xff, 0xf9,
    0x41, 0x13, 0x8f, 0xff, 0xfc, 0x0, 0x0, 0x0,
    0xaf, 0xff, 0xff, 0xff, 0xff, 0xff, 0xfc, 0x10,
    0x0, 0x0, 0x0, 0x6e, 0xff, 0xff, 0xff, 0xff,
    0xf8, 0x0, 0x0, 0x0, 0x0, 0x0, 0x6, 0xbe,
    0xff, 0xeb, 0x71, 0x0, 0x0, 0x0,

    /* U+00D3 "Ó" */
    0x0, 0x0, 0x0, 0x0, 0x0, 0x58, 0x88, 0x81,
    0x0, 0x0, 0x0, 0x0, 0x0, 0x0, 0x0, 0x2f,
    0xff, 0xf5, 0x0, 0x0, 0x0, 0x0, 0x0, 0x0,
    0x0, 0xc, 0xff, 0xf5, 0x0, 0x0, 0x0, 0x0,
    0x0, 0x0, 0x0, 0x7, 0xff, 0xf4, 0x0, 0x0,
    0x0, 0x0, 0x0, 0x0, 0x0, 0x2, 0xff, 0xf4,
    0x0, 0x0, 0x0, 0x0, 0x0, 0x0, 0x0, 0x0,
    0x0, 0x0, 0x0, 0x0, 0x0, 0x0, 0x0, 0x0,
    0x0, 0x0, 0x0, 0x0, 0x0, 0x0, 0x0, 0x0,
    0x0, 0x0, 0x0, 0x0, 0x6, 0xbe, 0xff, 0xec,
    0x72, 0x0, 0x0, 0x0, 0x0, 0x0, 0x6f, 0xff,
    0xff, 0xff, 0xff, 0xf9, 0x0, 0x0, 0x0, 0x0,
    0xbf, 0xff, 0xff, 0xff, 0xff, 0xff, 0xfd, 0x10,
    0x0, 0x0, 0xaf, 0xff, 0xf9, 0x31, 0x13, 0x7e,
    0xff, 0xfd, 0x0, 0x0, 0x6f, 0xff, 0xe2, 0x0,
    0x0, 0x0, 0x1c, 0xff, 0xf9, 0x0, 0xe, 0xff,
    0xf2, 0x0, 0x0, 0x0, 0x0, 0x1d, 0xff, 0xf2,
    0x5, 0xff, 0xf8, 0x0, 0x0, 0x0, 0x0, 0x0,
    0x5f, 0xff, 0x90, 0xaf, 0xff, 0x20, 0x0, 0x0,
    0x0, 0x0, 0x0, 0xef, 0xfd, 0xd, 0xff, 0xe0,
    0x0, 0x0, 0x0, 0x0, 0x0, 0xa, 0xff, 0xf0,
    0xef, 0xfc, 0x0, 0x0, 0x0, 0x0, 0x0, 0x0,
    0x8f, 0xff, 0x2f, 0xff, 0xb0, 0x0, 0x0, 0x0,
    0x0, 0x0, 0x8, 0xff, 0xf3, 0xef, 0xfc, 0x0,
    0x0, 0x0, 0x0, 0x0, 0x0, 0x9f, 0xff, 0x2c,
    0xff, 0xf0, 0x0, 0x0, 0x0, 0x0, 0x0, 0xb,
    0xff, 0xf0, 0x9f, 0xff, 0x30, 0x0, 0x0, 0x0,
    0x0, 0x0, 0xff, 0xfd, 0x4, 0xff, 0xfa, 0x0,
    0x0, 0x0, 0x0, 0x0, 0x6f, 0xff, 0x80, 0xd,
    0xff, 0xf3, 0x0, 0x0, 0x0, 0x0, 0x1e, 0xff,
    0xf1, 0x0, 0x4f, 0xff, 0xe3, 0x0, 0x0, 0x0,
    0x2d, 0xff, 0xf8, 0x0, 0x0, 0x9f, 0xff, 0xf9,
    0x41, 0x13, 0x8f, 0xff, 0xfc, 0x0, 0x0, 0x0,
    0xaf, 0xff, 0xff, 0xff, 0xff, 0xff, 0xfc, 0x10,
    0x0, 0x0, 0x0, 0x6e, 0xff, 0xff, 0xff, 0xff,
    0xf8, 0x0, 0x0, 0x0, 0x0, 0x0, 0x6, 0xbe,
    0xff, 0xeb, 0x71, 0x0, 0x0, 0x0,

    /* U+00D4 "Ô" */
    0x0, 0x0, 0x0, 0x0, 0x78, 0x88, 0x10, 0x0,
    0x0, 0x0, 0x0, 0x0, 0x0, 0x0, 0x9f, 0xff,
    0xfc, 0x0, 0x0, 0x0, 0x0, 0x0, 0x0, 0x0,
    0x6f, 0xfe, 0xdf, 0xf9, 0x0, 0x0, 0x0, 0x0,
    0x0, 0x0, 0x3f, 0xfe, 0x21, 0xdf, 0xf6, 0x0,
    0x0, 0x0, 0x0, 0x0, 0x1e, 0xfe, 0x20, 0x1,
    0xdf, 0xf3, 0x0, 0x0, 0x0, 0x0, 0x0, 0x0,
    0x0, 0x0, 0x0, 0x0, 0x0, 0x0, 0x0, 0x0,
    0x0, 0x0, 0x0, 0x0, 0x0, 0x0, 0x0, 0x0,
    0x0, 0x0, 0x0, 0x0, 0x6, 0xbe, 0xff, 0xec,
    0x72, 0x0, 0x0, 0x0, 0x0, 0x0, 0x6f, 0xff,
    0xff, 0xff, 0xff, 0xf9, 0x0, 0x0, 0x0, 0x0,
    0xbf, 0xff, 0xff, 0xff, 0xff, 0xff, 0xfd, 0x10,
    0x0, 0x0, 0xaf, 0xff, 0xf9, 0x31, 0x13, 0x7e,
    0xff, 0xfd, 0x0, 0x0, 0x6f, 0xff, 0xe2, 0x0,
    0x0, 0x0, 0x1c, 0xff, 0xf9, 0x0, 0xe, 0xff,
    0xf2, 0x0, 0x0, 0x0, 0x0, 0x1d, 0xff, 0xf2,
    0x5, 0xff, 0xf8, 0x0, 0x0, 0x0, 0x0, 0x0,
    0x5f, 0xff, 0x90, 0xaf, 0xff, 0x20, 0x0, 0x0,
    0x0, 0x0, 0x0, 0xef, 0xfd, 0xd, 0xff, 0xe0,
    0x0, 0x0, 0x0, 0x0, 0x0, 0xa, 0xff, 0xf0,
    0xef, 0xfc, 0x0, 0x0, 0x0, 0x0, 0x0, 0x0,
    0x8f, 0xff, 0x2f, 0xff, 0xb0, 0x0, 0x0, 0x0,
    0x0, 0x0, 0x8, 0xff, 0xf3, 0xef, 0xfc, 0x0,
    0x0, 0x0, 0x0, 0x0, 0x0, 0x9f, 0xff, 0x2c,
    0xff, 0xf0, 0x0, 0x0, 0x0, 0x0, 0x0, 0xb,
    0xff, 0xf0, 0x9f, 0xff, 0x30, 0x0, 0x0, 0x0,
    0x0, 0x0, 0xff, 0xfd, 0x4, 0xff, 0xfa, 0x0,
    0x0, 0x0, 0x0, 0x0, 0x6f, 0xff, 0x80, 0xd,
    0xff, 0xf3, 0x0, 0x0, 0x0, 0x0, 0x1e, 0xff,
    0xf1, 0x0, 0x4f, 0xff, 0xe3, 0x0, 0x0, 0x0,
    0x2d, 0xff, 0xf8, 0x0, 0x0, 0x9f, 0xff, 0xf9,
    0x41, 0x13, 0x8f, 0xff, 0xfc, 0x0, 0x0, 0x0,
    0xaf, 0xff, 0xff, 0xff, 0xff, 0xff, 0xfc, 0x10,
    0x0, 0x0, 0x0, 0x6e, 0xff, 0xff, 0xff, 0xff,
    0xf8, 0x0, 0x0, 0x0, 0x0, 0x0, 0x6, 0xbe,
    0xff, 0xeb, 0x71, 0x0, 0x0, 0x0,

    /* U+00D5 "Õ" */
    0x0, 0x0, 0x0, 0x26, 0x63, 0x0, 0x3, 0x76,
    0x0, 0x0, 0x0, 0x0, 0x0, 0x7f, 0xff, 0xfb,
    0x20, 0xbf, 0xb0, 0x0, 0x0, 0x0, 0x0, 0x2f,
    0xff, 0xff, 0xff, 0xff, 0xf6, 0x0, 0x0, 0x0,
    0x0, 0x8, 0xfd, 0x12, 0x9f, 0xff, 0xfa, 0x0,
    0x0, 0x0, 0x0, 0x0, 0x47, 0x40, 0x0, 0x16,
    0x74, 0x0, 0x0, 0x0, 0x0, 0x0, 0x0, 0x0,
    0x0, 0x0, 0x0, 0x0, 0x0, 0x0, 0x0, 0x0,
    0x0, 0x0, 0x0, 0x0, 0x0, 0x0, 0x0, 0x0,
    0x0, 0x0, 0x0, 0x0, 0x6, 0xbe, 0xff, 0xec,
    0x72, 0x0, 0x0, 0x0, 0x0, 0x0, 0x6f, 0xff,
    0xff, 0xff, 0xff, 0xf9, 0x0, 0x0, 0x0, 0x0,
    0xbf, 0xff, 0xff, 0xff, 0xff, 0xff, 0xfd, 0x10,
    0x0, 0x0, 0xaf, 0xff, 0xf9, 0x31, 0x13, 0x7e,
    0xff, 0xfd, 0x0, 0x0, 0x6f, 0xff, 0xe2, 0x0,
    0x0, 0x0, 0x1c, 0xff, 0xf9, 0x0, 0xe, 0xff,
    0xf2, 0x0, 0x0, 0x0, 0x0, 0x1d, 0xff, 0xf2,
    0x5, 0xff, 0xf8, 0x0, 0x0, 0x0, 0x0, 0x0,
    0x5f, 0xff, 0x90, 0xaf, 0xff, 0x20, 0x0, 0x0,
    0x0, 0x0, 0x0, 0xef, 0xfd, 0xd, 0xff, 0xe0,
    0x0, 0x0, 0x0, 0x0, 0x0, 0xa, 0xff, 0xf0,
    0xef, 0xfc, 0x0, 0x0, 0x0, 0x0, 0x0, 0x0,
    0x8f, 0xff, 0x2f, 0xff, 0xb0, 0x0, 0x0, 0x0,
    0x0, 0x0, 0x8, 0xff, 0xf3, 0xef, 0xfc, 0x0,
    0x0, 0x0, 0x0, 0x0, 0x0, 0x9f, 0xff, 0x2c,
    0xff, 0xf0, 0x0, 0x0, 0x0, 0x0, 0x0, 0xb,
    0xff, 0xf0, 0x9f, 0xff, 0x30, 0x0, 0x0, 0x0,
    0x0, 0x0, 0xff, 0xfd, 0x4, 0xff, 0xfa, 0x0,
    0x0, 0x0, 0x0, 0x0, 0x6f, 0xff, 0x80, 0xd,
    0xff, 0xf3, 0x0, 0x0, 0x0, 0x0, 0x1e, 0xff,
    0xf1, 0x0, 0x4f, 0xff, 0xe3, 0x0, 0x0, 0x0,
    0x2d, 0xff, 0xf8, 0x0, 0x0, 0x9f, 0xff, 0xf9,
    0x41, 0x13, 0x8f, 0xff, 0xfc, 0x0, 0x0, 0x0,
    0xaf, 0xff, 0xff, 0xff, 0xff, 0xff, 0xfc, 0x10,
    0x0, 0x0, 0x0, 0x6e, 0xff, 0xff, 0xff, 0xff,
    0xf8, 0x0, 0x0, 0x0, 0x0, 0x0, 0x6, 0xbe,
    0xff, 0xeb, 0x71, 0x0, 0x0, 0x0,

    /* U+00D6 "Ö" */
    0x0, 0x0, 0x0, 0x0, 0x0, 0x0, 0x0, 0x0,
    0x0, 0x0, 0x0, 0x0, 0x0, 0xff, 0xfc, 0x0,
    0x9f, 0xff, 0x30, 0x0, 0x0, 0x0, 0x0, 0xf,
    0xff, 0xc0, 0x9, 0xff, 0xf3, 0x0, 0x0, 0x0,
    0x0, 0x0, 0xff, 0xfc, 0x0, 0x9f, 0xff, 0x30,
    0x0, 0x0, 0x0, 0x0, 0xf, 0xff, 0xc0, 0x9,
    0xff, 0xf3, 0x0, 0x0, 0x0, 0x0, 0x0, 0x0,
    0x0, 0x0, 0x0, 0x0, 0x0, 0x0, 0x0, 0x0,
    0x0, 0x0, 0x0, 0x0, 0x0, 0x0, 0x0, 0x0,
    0x0, 0x0, 0x0, 0x0, 0x6, 0xbe, 0xff, 0xec,
    0x72, 0x0, 0x0, 0x0, 0x0, 0x0, 0x6f, 0xff,
    0xff, 0xff, 0xff, 0xf9, 0x0, 0x0, 0x0, 0x0,
    0xbf, 0xff, 0xff, 0xff, 0xff, 0xff, 0xfd, 0x10,
    0x0, 0x0, 0xaf, 0xff, 0xf9, 0x31, 0x13, 0x7e,
    0xff, 0xfd, 0x0, 0x0, 0x6f, 0xff, 0xe2, 0x0,
    0x0, 0x0, 0x1c, 0xff, 0xf9, 0x0, 0xe, 0xff,
    0xf2, 0x0, 0x0, 0x0, 0x0, 0x1d, 0xff, 0xf2,
    0x5, 0xff, 0xf8, 0x0, 0x0, 0x0, 0x0, 0x0,
    0x5f, 0xff, 0x90, 0xaf, 0xff, 0x20, 0x0, 0x0,
    0x0, 0x0, 0x0, 0xef, 0xfd, 0xd, 0xff, 0xe0,
    0x0, 0x0, 0x0, 0x0, 0x0, 0xa, 0xff, 0xf0,
    0xef, 0xfc, 0x0, 0x0, 0x0, 0x0, 0x0, 0x0,
    0x8f, 0xff, 0x2f, 0xff, 0xb0, 0x0, 0x0, 0x0,
    0x0, 0x0, 0x8, 0xff, 0xf3, 0xef, 0xfc, 0x0,
    0x0, 0x0, 0x0, 0x0, 0x0, 0x9f, 0xff, 0x2c,
    0xff, 0xf0, 0x0, 0x0, 0x0, 0x0, 0x0, 0xb,
    0xff, 0xf0, 0x9f, 0xff, 0x30, 0x0, 0x0, 0x0,
    0x0, 0x0, 0xff, 0xfd, 0x4, 0xff, 0xfa, 0x0,
    0x0, 0x0, 0x0, 0x0, 0x6f, 0xff, 0x80, 0xd,
    0xff, 0xf3, 0x0, 0x0, 0x0, 0x0, 0x1e, 0xff,
    0xf1, 0x0, 0x4f, 0xff, 0xe3, 0x0, 0x0, 0x0,
    0x2d, 0xff, 0xf8, 0x0, 0x0, 0x9f, 0xff, 0xf9,
    0x41, 0x13, 0x8f, 0xff, 0xfc, 0x0, 0x0, 0x0,
    0xaf, 0xff, 0xff, 0xff, 0xff, 0xff, 0xfc, 0x10,
    0x0, 0x0, 0x0, 0x6e, 0xff, 0xff, 0xff, 0xff,
    0xf8, 0x0, 0x0, 0x0, 0x0, 0x0, 0x6, 0xbe,
    0xff, 0xeb, 0x71, 0x0, 0x0, 0x0,

    /* U+00D7 "×" */
    0x0, 0x0, 0x0, 0x0, 0x0, 0x0, 0x0, 0x2c,
    0x10, 0x0, 0x0, 0xa, 0x50, 0x2e, 0xfd, 0x10,
    0x0, 0xa, 0xff, 0x41, 0xdf, 0xfd, 0x10, 0x9,
    0xff, 0xf4, 0x1, 0xef, 0xfc, 0x19, 0xff, 0xf4,
    0x0, 0x2, 0xef, 0xfe, 0xff, 0xf4, 0x0, 0x0,
    0x2, 0xef, 0xff, 0xf5, 0x0, 0x0, 0x0, 0x9,
    0xff, 0xfd, 0x0, 0x0, 0x0, 0x7, 0xff, 0xff,
    0xfb, 0x0, 0x0, 0x7, 0xff, 0xf8, 0xff, 0xfb,
    0x0, 0x6, 0xff, 0xf6, 0x3, 0xff, 0xfa, 0x3,
    0xff, 0xf7, 0x0, 0x3, 0xff, 0xf7, 0x9, 0xf7,
    0x0, 0x0, 0x4, 0xfc, 0x0, 0x4, 0x0, 0x0,
    0x0, 0x3, 0x10,

    /* U+00D8 "Ø" */
    0x0, 0x0, 0x0, 0x6b, 0xef, 0xfe, 0xc7, 0x20,
    0xb, 0x40, 0x0, 0x0, 0x6, 0xff, 0xff, 0xff,
    0xff, 0xff, 0x9a, 0xff, 0x40, 0x0, 0xb, 0xff,
    0xff, 0xff, 0xff, 0xff, 0xff, 0xff, 0xe1, 0x0,
    0xa, 0xff, 0xff, 0x93, 0x11, 0x37, 0xef, 0xff,
    0xf3, 0x0, 0x6, 0xff, 0xfe, 0x20, 0x0, 0x0,
    0x6, 0xff, 0xff, 0x90, 0x0, 0xef, 0xff, 0x20,
    0x0, 0x0, 0x3, 0xff, 0xff, 0xff, 0x20, 0x5f,
    0xff, 0x80, 0x0, 0x0, 0x2, 0xef, 0xfb, 0xff,
    0xf9, 0xa, 0xff, 0xf2, 0x0, 0x0, 0x1, 0xef,
    0xf9, 0xe, 0xff, 0xd0, 0xdf, 0xfe, 0x0, 0x0,
    0x0, 0xcf, 0xfa, 0x0, 0xaf, 0xff, 0xe, 0xff,
    0xc0, 0x0, 0x0, 0xbf, 0xfc, 0x0, 0x8, 0xff,
    0xf2, 0xff, 0xfb, 0x0, 0x0, 0x9f, 0xfd, 0x10,
    0x0, 0x8f, 0xff, 0x3e, 0xff, 0xc0, 0x0, 0x8f,
    0xfe, 0x20, 0x0, 0x9, 0xff, 0xf2, 0xcf, 0xff,
    0x0, 0x6f, 0xff, 0x30, 0x0, 0x0, 0xbf, 0xff,
    0x9, 0xff, 0xf3, 0x4f, 0xff, 0x40, 0x0, 0x0,
    0xf, 0xff, 0xd0, 0x4f, 0xff, 0xcf, 0xff, 0x60,
    0x0, 0x0, 0x6, 0xff, 0xf8, 0x0, 0xdf, 0xff,
    0xff, 0x70, 0x0, 0x0, 0x1, 0xef, 0xff, 0x10,
    0x4, 0xff, 0xff, 0xb0, 0x0, 0x0, 0x2, 0xdf,
    0xff, 0x80, 0x0, 0xe, 0xff, 0xff, 0x94, 0x11,
    0x38, 0xff, 0xff, 0xc0, 0x0, 0xb, 0xff, 0xff,
    0xff, 0xff, 0xff, 0xff, 0xff, 0xc1, 0x0, 0x6,
    0xff, 0xd7, 0xef, 0xff, 0xff, 0xff, 0xff, 0x80,
    0x0, 0x0, 0x9, 0xe2, 0x0, 0x6b, 0xef, 0xfe,
    0xb7, 0x10, 0x0, 0x0, 0x0, 0x1, 0x0, 0x0,
    0x0, 0x0, 0x0, 0x0, 0x0, 0x0, 0x0,

    /* U+00D9 "Ù" */
    0x0, 0x1, 0x88, 0x88, 0x50, 0x0, 0x0, 0x0,
    0x0, 0x0, 0x0, 0x5f, 0xff, 0xf2, 0x0, 0x0,
    0x0, 0x0, 0x0, 0x0, 0x5, 0xff, 0xfc, 0x0,
    0x0, 0x0, 0x0, 0x0, 0x0, 0x0, 0x5f, 0xff,
    0x60, 0x0, 0x0, 0x0, 0x0, 0x0, 0x0, 0x5,
    0xff, 0xf1, 0x0, 0x0, 0x0, 0x0, 0x0, 0x0,
    0x0, 0x0, 0x0, 0x0, 0x0, 0x0, 0x0, 0x0,
    0x0, 0x0, 0x0, 0x0, 0x0, 0x0, 0x0, 0x7f,
    0xff, 0x30, 0x0, 0x0, 0x0, 0x7, 0xff, 0xf2,
    0x7f, 0xff, 0x30, 0x0, 0x0, 0x0, 0x7, 0xff,
    0xf2, 0x7f, 0xff, 0x30, 0x0, 0x0, 0x0, 0x7,
    0xff, 0xf2, 0x7f, 0xff, 0x30, 0x0, 0x0, 0x0,
    0x7, 0xff, 0xf2, 0x7f, 0xff, 0x30, 0x0, 0x0,
    0x0, 0x7, 0xff, 0xf2, 0x7f, 0xff, 0x30, 0x0,
    0x0, 0x0, 0x7, 0xff, 0xf2, 0x7f, 0xff, 0x30,
    0x0, 0x0, 0x0, 0x7, 0xff, 0xf2, 0x7f, 0xff,
    0x30, 0x0, 0x0, 0x0, 0x7, 0xff, 0xf2, 0x7f,
    0xff, 0x30, 0x0, 0x0, 0x0, 0x7, 0xff, 0xf2,
    0x7f, 0xff, 0x30, 0x0, 0x0, 0x0, 0x7, 0xff,
    0xf2, 0x7f, 0xff, 0x30, 0x0, 0x0, 0x0, 0x7,
    0xff, 0xf2, 0x7f, 0xff, 0x30, 0x0, 0x0, 0x0,
    0x7, 0xff, 0xf2, 0x6f, 0xff, 0x30, 0x0, 0x0,
    0x0, 0x7, 0xff, 0xf2, 0x5f, 0xff, 0x40, 0x0,
    0x0, 0x0, 0x8, 0xff, 0xf1, 0x3f, 0xff, 0x60,
    0x0, 0x0, 0x0, 0xb, 0xff, 0xe0, 0xf, 0xff,
    0xc0, 0x0, 0x0, 0x0, 0x1f, 0xff, 0xb0, 0xa,
    0xff, 0xf6, 0x0, 0x0, 0x0, 0xaf, 0xff, 0x50,
    0x2, 0xff, 0xff, 0x93, 0x11, 0x4c, 0xff, 0xfd,
    0x0, 0x0, 0x7f, 0xff, 0xff, 0xff, 0xff, 0xff,
    0xf2, 0x0, 0x0, 0x6, 0xff, 0xff, 0xff, 0xff,
    0xfd, 0x30, 0x0, 0x0, 0x0, 0x17, 0xce, 0xff,
    0xea, 0x50, 0x0, 0x0,

    /* U+00DA "Ú" */
    0x0, 0x0, 0x0, 0x0, 0x7, 0x88, 0x86, 0x0,
    0x0, 0x0, 0x0, 0x0, 0x0, 0x6f, 0xff, 0xe2,
    0x0, 0x0, 0x0, 0x0, 0x0, 0x1, 0xff, 0xfe,
    0x20, 0x0, 0x0, 0x0, 0x0, 0x0, 0xb, 0xff,
    0xe2, 0x0, 0x0, 0x0, 0x0, 0x0, 0x0, 0x5f,
    0xfe, 0x20, 0x0, 0x0, 0x0, 0x0, 0x0, 0x0,
    0x0, 0x0, 0x0, 0x0, 0x0, 0x0, 0x0, 0x0,
    0x0, 0x0, 0x0, 0x0, 0x0, 0x0, 0x0, 0x7f,
    0xff, 0x30, 0x0, 0x0, 0x0, 0x7, 0xff, 0xf2,
    0x7f, 0xff, 0x30, 0x0, 0x0, 0x0, 0x7, 0xff,
    0xf2, 0x7f, 0xff, 0x30, 0x0, 0x0, 0x0, 0x7,
    0xff, 0xf2, 0x7f, 0xff, 0x30, 0x0, 0x0, 0x0,
    0x7, 0xff, 0xf2, 0x7f, 0xff, 0x30, 0x0, 0x0,
    0x0, 0x7, 0xff, 0xf2, 0x7f, 0xff, 0x30, 0x0,
    0x0, 0x0, 0x7, 0xff, 0xf2, 0x7f, 0xff, 0x30,
    0x0, 0x0, 0x0, 0x7, 0xff, 0xf2, 0x7f, 0xff,
    0x30, 0x0, 0x0, 0x0, 0x7, 0xff, 0xf2, 0x7f,
    0xff, 0x30, 0x0, 0x0, 0x0, 0x7, 0xff, 0xf2,
    0x7f, 0xff, 0x30, 0x0, 0x0, 0x0, 0x7, 0xff,
    0xf2, 0x7f, 0xff, 0x30, 0x0, 0x0, 0x0, 0x7,
    0xff, 0xf2, 0x7f, 0xff, 0x30, 0x0, 0x0, 0x0,
    0x7, 0xff, 0xf2, 0x6f, 0xff, 0x30, 0x0, 0x0,
    0x0, 0x7, 0xff, 0xf2, 0x5f, 0xff, 0x40, 0x0,
    0x0, 0x0, 0x8, 0xff, 0xf1, 0x3f, 0xff, 0x60,
    0x0, 0x0, 0x0, 0xb, 0xff, 0xe0, 0xf, 0xff,
    0xc0, 0x0, 0x0, 0x0, 0x1f, 0xff, 0xb0, 0xa,
    0xff, 0xf6, 0x0, 0x0, 0x0, 0xaf, 0xff, 0x50,
    0x2, 0xff, 0xff, 0x93, 0x11, 0x4c, 0xff, 0xfd,
    0x0, 0x0, 0x7f, 0xff, 0xff, 0xff, 0xff, 0xff,
    0xf2, 0x0, 0x0, 0x6, 0xff, 0xff, 0xff, 0xff,
    0xfd, 0x30, 0x0, 0x0, 0x0, 0x17, 0xce, 0xff,
    0xea, 0x50, 0x0, 0x0,

    /* U+00DB "Û" */
    0x0, 0x0, 0x0, 0x18, 0x88, 0x70, 0x0, 0x0,
    0x0, 0x0, 0x0, 0x0, 0xcf, 0xff, 0xf8, 0x0,
    0x0, 0x0, 0x0, 0x0, 0xa, 0xff, 0xdf, 0xff,
    0x50, 0x0, 0x0, 0x0, 0x0, 0x7f, 0xfc, 0x13,
    0xff, 0xf3, 0x0, 0x0, 0x0, 0x4, 0xff, 0xc0,
    0x0, 0x3f, 0xfe, 0x10, 0x0, 0x0, 0x0, 0x0,
    0x0, 0x0, 0x0, 0x0, 0x0, 0x0, 0x0, 0x0,
    0x0, 0x0, 0x0, 0x0, 0x0, 0x0, 0x0, 0x7f,
    0xff, 0x30, 0x0, 0x0, 0x0, 0x7, 0xff, 0xf2,
    0x7f, 0xff, 0x30, 0x0, 0x0, 0x0, 0x7, 0xff,
    0xf2, 0x7f, 0xff, 0x30, 0x0, 0x0, 0x0, 0x7,
    0xff, 0xf2, 0x7f, 0xff, 0x30, 0x0, 0x0, 0x0,
    0x7, 0xff, 0xf2, 0x7f, 0xff, 0x30, 0x0, 0x0,
    0x0, 0x7, 0xff, 0xf2, 0x7f, 0xff, 0x30, 0x0,
    0x0, 0x0, 0x7, 0xff, 0xf2, 0x7f, 0xff, 0x30,
    0x0, 0x0, 0x0, 0x7, 0xff, 0xf2, 0x7f, 0xff,
    0x30, 0x0, 0x0, 0x0, 0x7, 0xff, 0xf2, 0x7f,
    0xff, 0x30, 0x0, 0x0, 0x0, 0x7, 0xff, 0xf2,
    0x7f, 0xff, 0x30, 0x0, 0x0, 0x0, 0x7, 0xff,
    0xf2, 0x7f, 0xff, 0x30, 0x0, 0x0, 0x0, 0x7,
    0xff, 0xf2, 0x7f, 0xff, 0x30, 0x0, 0x0, 0x0,
    0x7, 0xff, 0xf2, 0x6f, 0xff, 0x30, 0x0, 0x0,
    0x0, 0x7, 0xff, 0xf2, 0x5f, 0xff, 0x40, 0x0,
    0x0, 0x0, 0x8, 0xff, 0xf1, 0x3f, 0xff, 0x60,
    0x0, 0x0, 0x0, 0xb, 0xff, 0xe0, 0xf, 0xff,
    0xc0, 0x0, 0x0, 0x0, 0x1f, 0xff, 0xb0, 0xa,
    0xff, 0xf6, 0x0, 0x0, 0x0, 0xaf, 0xff, 0x50,
    0x2, 0xff, 0xff, 0x93, 0x11, 0x4c, 0xff, 0xfd,
    0x0, 0x0, 0x7f, 0xff, 0xff, 0xff, 0xff, 0xff,
    0xf2, 0x0, 0x0, 0x6, 0xff, 0xff, 0xff, 0xff,
    0xfd, 0x30, 0x0, 0x0, 0x0, 0x17, 0xce, 0xff,
    0xea, 0x50, 0x0, 0x0,

    /* U+00DC "Ü" */
    0x0, 0x0, 0x0, 0x0, 0x0, 0x0, 0x0, 0x0,
    0x0, 0x0, 0x4, 0xff, 0xf8, 0x0, 0xdf, 0xff,
    0x0, 0x0, 0x0, 0x4, 0xff, 0xf8, 0x0, 0xdf,
    0xff, 0x0, 0x0, 0x0, 0x4, 0xff, 0xf8, 0x0,
    0xdf, 0xff, 0x0, 0x0, 0x0, 0x4, 0xff, 0xf8,
    0x0, 0xdf, 0xff, 0x0, 0x0, 0x0, 0x0, 0x0,
    0x0, 0x0, 0x0, 0x0, 0x0, 0x0, 0x0, 0x0,
    0x0, 0x0, 0x0, 0x0, 0x0, 0x0, 0x0, 0x7f,
    0xff, 0x30, 0x0, 0x0, 0x0, 0x7, 0xff, 0xf2,
    0x7f, 0xff, 0x30, 0x0, 0x0, 0x0, 0x7, 0xff,
    0xf2, 0x7f, 0xff, 0x30, 0x0, 0x0, 0x0, 0x7,
    0xff, 0xf2, 0x7f, 0xff, 0x30, 0x0, 0x0, 0x0,
    0x7, 0xff, 0xf2, 0x7f, 0xff, 0x30, 0x0, 0x0,
    0x0, 0x7, 0xff, 0xf2, 0x7f, 0xff, 0x30, 0x0,
    0x0, 0x0, 0x7, 0xff, 0xf2, 0x7f, 0xff, 0x30,
    0x0, 0x0, 0x0, 0x7, 0xff, 0xf2, 0x7f, 0xff,
    0x30, 0x0, 0x0, 0x0, 0x7, 0xff, 0xf2, 0x7f,
    0xff, 0x30, 0x0, 0x0, 0x0, 0x7, 0xff, 0xf2,
    0x7f, 0xff, 0x30, 0x0, 0x0, 0x0, 0x7, 0xff,
    0xf2, 0x7f, 0xff, 0x30, 0x0, 0x0, 0x0, 0x7,
    0xff, 0xf2, 0x7f, 0xff, 0x30, 0x0, 0x0, 0x0,
    0x7, 0xff, 0xf2, 0x6f, 0xff, 0x30, 0x0, 0x0,
    0x0, 0x7, 0xff, 0xf2, 0x5f, 0xff, 0x40, 0x0,
    0x0, 0x0, 0x8, 0xff, 0xf1, 0x3f, 0xff, 0x60,
    0x0, 0x0, 0x0, 0xb, 0xff, 0xe0, 0xf, 0xff,
    0xc0, 0x0, 0x0, 0x0, 0x1f, 0xff, 0xb0, 0xa,
    0xff, 0xf6, 0x0, 0x0, 0x0, 0xaf, 0xff, 0x50,
    0x2, 0xff, 0xff, 0x93, 0x11, 0x4c, 0xff, 0xfd,
    0x0, 0x0, 0x7f, 0xff, 0xff, 0xff, 0xff, 0xff,
    0xf2, 0x0, 0x0, 0x6, 0xff, 0xff, 0xff, 0xff,
    0xfd, 0x30, 0x0, 0x0, 0x0, 0x17, 0xce, 0xff,
    0xea, 0x50, 0x0, 0x0,

    /* U+00DD "Ý" */
    0x0, 0x0, 0x0, 0x0, 0x0, 0x88, 0x88, 0x60,
    0x0, 0x0, 0x0, 0x0, 0x0, 0x0, 0x7, 0xff,
    0xfd, 0x10, 0x0, 0x0, 0x0, 0x0, 0x0, 0x0,
    0x2f, 0xff, 0xd1, 0x0, 0x0, 0x0, 0x0, 0x0,
    0x0, 0x0, 0xcf, 0xfd, 0x10, 0x0, 0x0, 0x0,
    0x0, 0x0, 0x0, 0x6, 0xff, 0xd1, 0x0, 0x0,
    0x0, 0x0, 0x0, 0x0, 0x0, 0x0, 0x0, 0x0,
    0x0, 0x0, 0x0, 0x0, 0x0, 0x0, 0x0, 0x0,
    0x0, 0x0, 0x0, 0x0, 0x0, 0x0, 0x4f, 0xff,
    0xf2, 0x0, 0x0, 0x0, 0x0, 0x2f, 0xff, 0xd0,
    0xa, 0xff, 0xfa, 0x0, 0x0, 0x0, 0x0, 0xbf,
    0xff, 0x40, 0x1, 0xff, 0xff, 0x30, 0x0, 0x0,
    0x4, 0xff, 0xfa, 0x0, 0x0, 0x6f, 0xff, 0xc0,
    0x0, 0x0, 0xd, 0xff, 0xe1, 0x0, 0x0, 0xc,
    0xff, 0xf6, 0x0, 0x0, 0x6f, 0xff, 0x60, 0x0,
    0x0, 0x2, 0xff, 0xfe, 0x0, 0x1, 0xef, 0xfc,
    0x0, 0x0, 0x0, 0x0, 0x8f, 0xff, 0x80, 0x8,
    0xff, 0xf2, 0x0, 0x0, 0x0, 0x0, 0xe, 0xff,
    0xf2, 0x2f, 0xff, 0x80, 0x0, 0x0, 0x0, 0x0,
    0x4, 0xff, 0xfa, 0xbf, 0xfd, 0x0, 0x0, 0x0,
    0x0, 0x0, 0x0, 0xaf, 0xff, 0xff, 0xf4, 0x0,
    0x0, 0x0, 0x0, 0x0, 0x0, 0x1f, 0xff, 0xff,
    0xa0, 0x0, 0x0, 0x0, 0x0, 0x0, 0x0, 0x7,
    0xff, 0xff, 0x10, 0x0, 0x0, 0x0, 0x0, 0x0,
    0x0, 0x0, 0xff, 0xfa, 0x0, 0x0, 0x0, 0x0,
    0x0, 0x0, 0x0, 0x0, 0xff, 0xfa, 0x0, 0x0,
    0x0, 0x0, 0x0, 0x0, 0x0, 0x0, 0xff, 0xfa,
    0x0, 0x0, 0x0, 0x0, 0x0, 0x0, 0x0, 0x0,
    0xff, 0xfa, 0x0, 0x0, 0x0, 0x0, 0x0, 0x0,
    0x0, 0x0, 0xff, 0xfa, 0x0, 0x0, 0x0, 0x0,
    0x0, 0x0, 0x0, 0x0, 0xff, 0xfa, 0x0, 0x0,
    0x0, 0x0, 0x0, 0x0, 0x0, 0x0, 0xff, 0xfa,
    0x0, 0x0, 0x0, 0x0, 0x0, 0x0, 0x0, 0x0,
    0xff, 0xfa, 0x0, 0x0, 0x0, 0x0, 0x0, 0x0,
    0x0, 0x0, 0xff, 0xfa, 0x0, 0x0, 0x0, 0x0,

    /* U+00DE "Þ" */
    0x5f, 0xff, 0x40, 0x0, 0x0, 0x0, 0x0, 0x0,
    0x5, 0xff, 0xf4, 0x0, 0x0, 0x0, 0x0, 0x0,
    0x0, 0x5f, 0xff, 0x40, 0x0, 0x0, 0x0, 0x0,
    0x0, 0x5, 0xff, 0xf4, 0x0, 0x0, 0x0, 0x0,
    0x0, 0x0, 0x5f, 0xff, 0xff, 0xff, 0xff, 0xfd,
    0x82, 0x0, 0x5, 0xff, 0xff, 0xff, 0xff, 0xff,
    0xff, 0xf7, 0x0, 0x5f, 0xff, 0xff, 0xff, 0xff,
    0xff, 0xff, 0xf7, 0x5, 0xff, 0xf4, 0x0, 0x0,
    0x1, 0x7f, 0xff, 0xf2, 0x5f, 0xff, 0x40, 0x0,
    0x0, 0x0, 0x6f, 0xff, 0x85, 0xff, 0xf4, 0x0,
    0x0, 0x0, 0x0, 0xff, 0xfb, 0x5f, 0xff, 0x40,
    0x0, 0x0, 0x0, 0xe, 0xff, 0xc5, 0xff, 0xf4,
    0x0, 0x0, 0x0, 0x0, 0xff, 0xfb, 0x5f, 0xff,
    0x40, 0x0, 0x0, 0x0, 0x6f, 0xff, 0x75, 0xff,
    0xf4, 0x0, 0x0, 0x1, 0x7f, 0xff, 0xf2, 0x5f,
    0xff, 0xff, 0xff, 0xff, 0xff, 0xff, 0xf7, 0x5,
    0xff, 0xff, 0xff, 0xff, 0xff, 0xff, 0xf7, 0x0,
    0x5f, 0xff, 0xff, 0xff, 0xff, 0xfd, 0x82, 0x0,
    0x5, 0xff, 0xf4, 0x0, 0x0, 0x0, 0x0, 0x0,
    0x0, 0x5f, 0xff, 0x40, 0x0, 0x0, 0x0, 0x0,
    0x0, 0x5, 0xff, 0xf4, 0x0, 0x0, 0x0, 0x0,
    0x0, 0x0, 0x5f, 0xff, 0x40, 0x0, 0x0, 0x0,
    0x0, 0x0, 0x0,

    /* U+00DF "ß" */
    0x0, 0x0, 0x5b, 0xef, 0xfe, 0xa5, 0x0, 0x0,
    0x0, 0x1c, 0xff, 0xff, 0xff, 0xff, 0xc1, 0x0,
    0x0, 0xcf, 0xff, 0xfe, 0xef, 0xff, 0xfd, 0x0,
    0x6, 0xff, 0xfb, 0x10, 0x3, 0xdf, 0xff, 0x60,
    0xc, 0xff, 0xe0, 0x0, 0x0, 0x3f, 0xff, 0xa0,
    0xf, 0xff, 0x90, 0x0, 0x0, 0xf, 0xff, 0xa0,
    0x1f, 0xff, 0x60, 0x0, 0x0, 0x3f, 0xff, 0x80,
    0x2f, 0xff, 0x60, 0x0, 0x3, 0xdf, 0xff, 0x20,
    0x2f, 0xff, 0x60, 0x3e, 0xff, 0xff, 0xf5, 0x0,
    0x2f, 0xff, 0x60, 0x4f, 0xff, 0xff, 0x50, 0x0,
    0x2f, 0xff, 0x60, 0x4f, 0xff, 0xff, 0xfb, 0x0,
    0x2f, 0xff, 0x60, 0x0, 0x2, 0x9f, 0xff, 0xb0,
    0x2f, 0xff, 0x60, 0x0, 0x0, 0x8, 0xff, 0xf4,
    0x2f, 0xff, 0x60, 0x0, 0x0, 0x0, 0xff, 0xf9,
    0x2f, 0xff, 0x60, 0x0, 0x0, 0x0, 0xef, 0xfb,
    0x2f, 0xff, 0x60, 0x0, 0x0, 0x0, 0xff, 0xfb,
    0x2f, 0xff, 0x60, 0x0, 0x0, 0x5, 0xff, 0xf9,
    0x2f, 0xff, 0x60, 0x10, 0x1, 0x6f, 0xff, 0xf3,
    0x2f, 0xff, 0x60, 0x8f, 0xff, 0xff, 0xff, 0xa0,
    0x2f, 0xff, 0x60, 0x8f, 0xff, 0xff, 0xfa, 0x0,
    0x2f, 0xff, 0x60, 0x7f, 0xff, 0xd9, 0x30, 0x0,

    /* U+00E0 "à" */
    0x0, 0xbf, 0xff, 0xd0, 0x0, 0x0, 0x0, 0x0,
    0xb, 0xff, 0xf8, 0x0, 0x0, 0x0, 0x0, 0x0,
    0xbf, 0xff, 0x30, 0x0, 0x0, 0x0, 0x0, 0xb,
    0xff, 0xd0, 0x0, 0x0, 0x0, 0x0, 0x0, 0x78,
    0x82, 0x0, 0x0, 0x0, 0x0, 0x0, 0x0, 0x0,
    0x0, 0x0, 0x0, 0x5, 0xbe, 0xff, 0xea, 0x30,
    0x0, 0x1, 0xcf, 0xff, 0xff, 0xff, 0xf7, 0x0,
    0xb, 0xff, 0xfe, 0xcd, 0xff, 0xff, 0x40, 0x3f,
    0xff, 0x80, 0x0, 0x3f, 0xff, 0xa0, 0x38, 0x88,
    0x0, 0x0, 0xa, 0xff, 0xd0, 0x0, 0x0, 0x0,
    0x0, 0x2b, 0xff, 0xe0, 0x0, 0x2, 0x7a, 0xdf,
    0xff, 0xff, 0xe0, 0x2, 0xbf, 0xff, 0xff, 0xff,
    0xff, 0xe0, 0x2e, 0xff, 0xf9, 0x64, 0x19, 0xff,
    0xe0, 0x9f, 0xfe, 0x10, 0x0, 0xa, 0xff, 0xe0,
    0xdf, 0xfa, 0x0, 0x0, 0xd, 0xff, 0xe0, 0xdf,
    0xfe, 0x10, 0x1, 0xaf, 0xff, 0xe0, 0x9f, 0xff,
    0xfc, 0xdf, 0xfe, 0xff, 0xf0, 0x1e, 0xff, 0xff,
    0xff, 0xb7, 0xff, 0xf0, 0x1, 0x9e, 0xff, 0xc6,
    0x5, 0xff, 0xf3,

    /* U+00E1 "á" */
    0x0, 0x0, 0x0, 0xe, 0xff, 0xfb, 0x0, 0x0,
    0x0, 0x0, 0x9f, 0xff, 0xa0, 0x0, 0x0, 0x0,
    0x3, 0xff, 0xfa, 0x0, 0x0, 0x0, 0x0, 0xd,
    0xff, 0xa0, 0x0, 0x0, 0x0, 0x0, 0x38, 0x87,
    0x0, 0x0, 0x0, 0x0, 0x0, 0x0, 0x0, 0x0,
    0x0, 0x0, 0x0, 0x5, 0xbe, 0xff, 0xea, 0x30,
    0x0, 0x1, 0xcf, 0xff, 0xff, 0xff, 0xf7, 0x0,
    0xb, 0xff, 0xfe, 0xcd, 0xff, 0xff, 0x40, 0x3f,
    0xff, 0x80, 0x0, 0x3f, 0xff, 0xa0, 0x38, 0x88,
    0x0, 0x0, 0xa, 0xff, 0xd0, 0x0, 0x0, 0x0,
    0x0, 0x2b, 0xff, 0xe0, 0x0, 0x2, 0x7a, 0xdf,
    0xff, 0xff, 0xe0, 0x2, 0xbf, 0xff, 0xff, 0xff,
    0xff, 0xe0, 0x2e, 0xff, 0xf9, 0x64, 0x19, 0xff,
    0xe0, 0x9f, 0xfe, 0x10, 0x0, 0xa, 0xff, 0xe0,
    0xdf, 0xfa, 0x0, 0x0, 0xd, 0xff, 0xe0, 0xdf,
    0xfe, 0x10, 0x1, 0xaf, 0xff, 0xe0, 0x9f, 0xff,
    0xfc, 0xdf, 0xfe, 0xff, 0xf0, 0x1e, 0xff, 0xff,
    0xff, 0xb7, 0xff, 0xf0, 0x1, 0x9e, 0xff, 0xc6,
    0x5, 0xff, 0xf3,

    /* U+00E2 "â" */
    0x0, 0x0, 0x5f, 0xff, 0xf4, 0x0, 0x0, 0x0,
    0x4, 0xff, 0xde, 0xff, 0x30, 0x0, 0x0, 0x3f,
    0xfe, 0x12, 0xef, 0xe2, 0x0, 0x2, 0xef, 0xe2,
    0x0, 0x2e, 0xfe, 0x10, 0x0, 0x0, 0x0, 0x0,
    0x0, 0x0, 0x0, 0x0, 0x0, 0x0, 0x0, 0x0,
    0x0, 0x0, 0x0, 0x5, 0xbe, 0xff, 0xea, 0x30,
    0x0, 0x1, 0xcf, 0xff, 0xff, 0xff, 0xf7, 0x0,
    0xb, 0xff, 0xfe, 0xcd, 0xff, 0xff, 0x40, 0x3f,
    0xff, 0x80, 0x0, 0x3f, 0xff, 0xa0, 0x38, 0x88,
    0x0, 0x0, 0xa, 0xff, 0xd0, 0x0, 0x0, 0x0,
    0x0, 0x2b, 0xff, 0xe0, 0x0, 0x2, 0x7a, 0xdf,
    0xff, 0xff, 0xe0, 0x2, 0xbf, 0xff, 0xff, 0xff,
    0xff, 0xe0, 0x2e, 0xff, 0xf9, 0x64, 0x19, 0xff,
    0xe0, 0x9f, 0xfe, 0x10, 0x0, 0xa, 0xff, 0xe0,
    0xdf, 0xfa, 0x0, 0x0, 0xd, 0xff, 0xe0, 0xdf,
    0xfe, 0x10, 0x1, 0xaf, 0xff, 0xe0, 0x9f, 0xff,
    0xfc, 0xdf, 0xfe, 0xff, 0xf0, 0x1e, 0xff, 0xff,
    0xff, 0xb7, 0xff, 0xf0, 0x1, 0x9e, 0xff, 0xc6,
    0x5, 0xff, 0xf3,

    /* U+00E3 "ã" */
    0x0, 0x3c, 0xff, 0xc6, 0x10, 0xbf, 0xa0, 0x3,
    0xff, 0xff, 0xff, 0xff, 0xff, 0x50, 0x9, 0xfe,
    0x89, 0xef, 0xff, 0xfa, 0x0, 0x5, 0x73, 0x0,
    0x4, 0x67, 0x30, 0x0, 0x0, 0x0, 0x0, 0x0,
    0x0, 0x0, 0x0, 0x0, 0x0, 0x0, 0x0, 0x0,
    0x0, 0x0, 0x0, 0x5, 0xbe, 0xff, 0xea, 0x30,
    0x0, 0x1, 0xcf, 0xff, 0xff, 0xff, 0xf7, 0x0,
    0xb, 0xff, 0xfe, 0xcd, 0xff, 0xff, 0x40, 0x3f,
    0xff, 0x80, 0x0, 0x3f, 0xff, 0xa0, 0x38, 0x88,
    0x0, 0x0, 0xa, 0xff, 0xd0, 0x0, 0x0, 0x0,
    0x0, 0x2b, 0xff, 0xe0, 0x0, 0x2, 0x7a, 0xdf,
    0xff, 0xff, 0xe0, 0x2, 0xbf, 0xff, 0xff, 0xff,
    0xff, 0xe0, 0x2e, 0xff, 0xf9, 0x64, 0x19, 0xff,
    0xe0, 0x9f, 0xfe, 0x10, 0x0, 0xa, 0xff, 0xe0,
    0xdf, 0xfa, 0x0, 0x0, 0xd, 0xff, 0xe0, 0xdf,
    0xfe, 0x10, 0x1, 0xaf, 0xff, 0xe0, 0x9f, 0xff,
    0xfc, 0xdf, 0xfe, 0xff, 0xf0, 0x1e, 0xff, 0xff,
    0xff, 0xb7, 0xff, 0xf0, 0x1, 0x9e, 0xff, 0xc6,
    0x5, 0xff, 0xf3,

    /* U+00E4 "ä" */
    0x2, 0xff, 0xfa, 0x0, 0xbf, 0xff, 0x10, 0x2,
    0xff, 0xfa, 0x0, 0xbf, 0xff, 0x10, 0x2, 0xff,
    0xfa, 0x0, 0xbf, 0xff, 0x10, 0x2, 0xff, 0xfa,
    0x0, 0xbf, 0xff, 0x10, 0x0, 0x0, 0x0, 0x0,
    0x0, 0x0, 0x0, 0x0, 0x0, 0x0, 0x0, 0x0,
    0x0, 0x0, 0x0, 0x5, 0xbe, 0xff, 0xea, 0x30,
    0x0, 0x1, 0xcf, 0xff, 0xff, 0xff, 0xf7, 0x0,
    0xb, 0xff, 0xfe, 0xcd, 0xff, 0xff, 0x40, 0x3f,
    0xff, 0x80, 0x0, 0x3f, 0xff, 0xa0, 0x38, 0x88,
    0x0, 0x0, 0xa, 0xff, 0xd0, 0x0, 0x0, 0x0,
    0x0, 0x2b, 0xff, 0xe0, 0x0, 0x2, 0x7a, 0xdf,
    0xff, 0xff, 0xe0, 0x2, 0xbf, 0xff, 0xff, 0xff,
    0xff, 0xe0, 0x2e, 0xff, 0xf9, 0x64, 0x19, 0xff,
    0xe0, 0x9f, 0xfe, 0x10, 0x0, 0xa, 0xff, 0xe0,
    0xdf, 0xfa, 0x0, 0x0, 0xd, 0xff, 0xe0, 0xdf,
    0xfe, 0x10, 0x1, 0xaf, 0xff, 0xe0, 0x9f, 0xff,
    0xfc, 0xdf, 0xfe, 0xff, 0xf0, 0x1e, 0xff, 0xff,
    0xff, 0xb7, 0xff, 0xf0, 0x1, 0x9e, 0xff, 0xc6,
    0x5, 0xff, 0xf3,

    /* U+00E5 "å" */
    0x0, 0x0, 0x7, 0xdd, 0x60, 0x0, 0x0, 0x0,
    0x0, 0x7f, 0xff, 0xf6, 0x0, 0x0, 0x0, 0x0,
    0xef, 0x34, 0xfd, 0x0, 0x0, 0x0, 0x0, 0xfd,
    0x0, 0xef, 0x0, 0x0, 0x0, 0x0, 0xef, 0x34,
    0xfd, 0x0, 0x0, 0x0, 0x0, 0x7f, 0xff, 0xf6,
    0x0, 0x0, 0x0, 0x0, 0x7, 0xdd, 0x60, 0x0,
    0x0, 0x0, 0x0, 0x0, 0x0, 0x0, 0x0, 0x0,
    0x0, 0x5, 0xbe, 0xff, 0xea, 0x30, 0x0, 0x1,
    0xcf, 0xff, 0xff, 0xff, 0xf7, 0x0, 0xb, 0xff,
    0xfe, 0xcd, 0xff, 0xff, 0x40, 0x3f, 0xff, 0x80,
    0x0, 0x3f, 0xff, 0xa0, 0x38, 0x88, 0x0, 0x0,
    0xa, 0xff, 0xd0, 0x0, 0x0, 0x0, 0x0, 0x2b,
    0xff, 0xe0, 0x0, 0x2, 0x7a, 0xdf, 0xff, 0xff,
    0xe0, 0x2, 0xbf, 0xff, 0xff, 0xff, 0xff, 0xe0,
    0x2e, 0xff, 0xf9, 0x64, 0x19, 0xff, 0xe0, 0x9f,
    0xfe, 0x10, 0x0, 0xa, 0xff, 0xe0, 0xdf, 0xfa,
    0x0, 0x0, 0xd, 0xff, 0xe0, 0xdf, 0xfe, 0x10,
    0x1, 0xaf, 0xff, 0xe0, 0x9f, 0xff, 0xfc, 0xdf,
    0xfe, 0xff, 0xf0, 0x1e, 0xff, 0xff, 0xff, 0xb7,
    0xff, 0xf0, 0x1, 0x9e, 0xff, 0xc6, 0x5, 0xff,
    0xf3,

    /* U+00E6 "æ" */
    0x0, 0x6, 0xbe, 0xff, 0xd9, 0x20, 0x17, 0xcf,
    0xfe, 0xa3, 0x0, 0x0, 0x1d, 0xff, 0xff, 0xff,
    0xff, 0x7e, 0xff, 0xff, 0xff, 0xf8, 0x0, 0xc,
    0xff, 0xfe, 0xcd, 0xff, 0xff, 0xff, 0xfd, 0xce,
    0xff, 0xf7, 0x4, 0xff, 0xf8, 0x0, 0x4, 0xff,
    0xff, 0xd3, 0x0, 0x8, 0xff, 0xf1, 0x37, 0x77,
    0x0, 0x0, 0xc, 0xff, 0xf3, 0x0, 0x0, 0xd,
    0xff, 0x70, 0x0, 0x0, 0x0, 0x2, 0xcf, 0xfd,
    0x0, 0x0, 0x0, 0x8f, 0xfb, 0x0, 0x3, 0x7b,
    0xdf, 0xff, 0xff, 0xff, 0xff, 0xff, 0xff, 0xff,
    0xd0, 0x2c, 0xff, 0xff, 0xff, 0xff, 0xff, 0xff,
    0xff, 0xff, 0xff, 0xfe, 0x2f, 0xff, 0xfa, 0x74,
    0x2c, 0xff, 0xe8, 0x88, 0x88, 0x88, 0x88, 0x6a,
    0xff, 0xe2, 0x0, 0x0, 0xbf, 0xfd, 0x0, 0x0,
    0x0, 0x0, 0x0, 0xdf, 0xfa, 0x0, 0x0, 0xe,
    0xff, 0xf3, 0x0, 0x0, 0x7, 0x77, 0x2d, 0xff,
    0xe1, 0x0, 0x2c, 0xff, 0xff, 0xe3, 0x0, 0x9,
    0xff, 0xf1, 0x9f, 0xff, 0xfc, 0xdf, 0xff, 0x8f,
    0xff, 0xfd, 0xce, 0xff, 0xf7, 0x1, 0xdf, 0xff,
    0xff, 0xff, 0x70, 0x3e, 0xff, 0xff, 0xff, 0xf8,
    0x0, 0x1, 0x8d, 0xff, 0xd9, 0x30, 0x0, 0x17,
    0xcf, 0xfe, 0xa3, 0x0, 0x0,

    /* U+00E7 "ç" */
    0x0, 0x0, 0x29, 0xdf, 0xfd, 0x93, 0x0, 0x0,
    0x0, 0x7f, 0xff, 0xff, 0xff, 0xf8, 0x0, 0x0,
    0x8f, 0xff, 0xff, 0xff, 0xff, 0xf8, 0x0, 0x3f,
    0xff, 0xe4, 0x0, 0x2c, 0xff, 0xf3, 0xb, 0xff,
    0xf3, 0x0, 0x0, 0x1e, 0xff, 0x90, 0xff, 0xfb,
    0x0, 0x0, 0x0, 0x35, 0x54, 0x3f, 0xff, 0x70,
    0x0, 0x0, 0x0, 0x0, 0x3, 0xff, 0xf6, 0x0,
    0x0, 0x0, 0x0, 0x0, 0x2f, 0xff, 0x80, 0x0,
    0x0, 0x0, 0x0, 0x0, 0xff, 0xfb, 0x0, 0x0,
    0x0, 0x35, 0x54, 0xb, 0xff, 0xf3, 0x0, 0x0,
    0xe, 0xff, 0x90, 0x3f, 0xff, 0xe4, 0x0, 0x2c,
    0xff, 0xf3, 0x0, 0x8f, 0xff, 0xff, 0xff, 0xff,
    0xf8, 0x0, 0x0, 0x7f, 0xff, 0xff, 0xff, 0xf8,
    0x0, 0x0, 0x0, 0x29, 0xdf, 0xfd, 0x93, 0x0,
    0x0, 0x0, 0x0, 0x4, 0xfd, 0x0, 0x0, 0x0,
    0x0, 0x0, 0x0, 0x8f, 0xff, 0x50, 0x0, 0x0,
    0x0, 0x0, 0x5, 0x8e, 0xff, 0x0, 0x0, 0x0,
    0x0, 0xab, 0x60, 0x5f, 0xf2, 0x0, 0x0, 0x0,
    0x9, 0xff, 0xdf, 0xfd, 0x0, 0x0, 0x0, 0x0,
    0x8, 0xdf, 0xea, 0x20, 0x0, 0x0,

    /* U+00E8 "è" */
    0x0, 0x7, 0xff, 0xff, 0x30, 0x0, 0x0, 0x0,
    0x0, 0x0, 0x7f, 0xff, 0xd0, 0x0, 0x0, 0x0,
    0x0, 0x0, 0x7, 0xff, 0xf8, 0x0, 0x0, 0x0,
    0x0, 0x0, 0x0, 0x6f, 0xff, 0x20, 0x0, 0x0,
    0x0, 0x0, 0x0, 0x5, 0x88, 0x50, 0x0, 0x0,
    0x0, 0x0, 0x0, 0x0, 0x0, 0x0, 0x0, 0x0,
    0x0, 0x0, 0x29, 0xdf, 0xfe, 0xb5, 0x0, 0x0,
    0x0, 0x7, 0xff, 0xff, 0xff, 0xff, 0xb1, 0x0,
    0x0, 0x8f, 0xff, 0xfd, 0xcf, 0xff, 0xfc, 0x0,
    0x3, 0xff, 0xfc, 0x20, 0x0, 0x8f, 0xff, 0x60,
    0xb, 0xff, 0xe1, 0x0, 0x0, 0xc, 0xff, 0xd0,
    0xf, 0xff, 0x80, 0x0, 0x0, 0x7, 0xff, 0xf1,
    0x3f, 0xff, 0xff, 0xff, 0xff, 0xff, 0xff, 0xf3,
    0x3f, 0xff, 0xff, 0xff, 0xff, 0xff, 0xff, 0xf3,
    0x2f, 0xff, 0xb8, 0x88, 0x88, 0x88, 0x88, 0x81,
    0xf, 0xff, 0x80, 0x0, 0x0, 0x0, 0x0, 0x0,
    0xb, 0xff, 0xe0, 0x0, 0x0, 0x4, 0x77, 0x50,
    0x3, 0xff, 0xfc, 0x10, 0x0, 0x5f, 0xff, 0x60,
    0x0, 0x8f, 0xff, 0xfc, 0xbe, 0xff, 0xfc, 0x0,
    0x0, 0x7, 0xff, 0xff, 0xff, 0xff, 0xb1, 0x0,
    0x0, 0x0, 0x28, 0xdf, 0xfe, 0xb5, 0x0, 0x0,

    /* U+00E9 "é" */
    0x0, 0x0, 0x0, 0x0, 0xaf, 0xff, 0xe2, 0x0,
    0x0, 0x0, 0x0, 0x4, 0xff, 0xfe, 0x20, 0x0,
    0x0, 0x0, 0x0, 0xe, 0xff, 0xd2, 0x0, 0x0,
    0x0, 0x0, 0x0, 0x9f, 0xfd, 0x10, 0x0, 0x0,
    0x0, 0x0, 0x0, 0x88, 0x81, 0x0, 0x0, 0x0,
    0x0, 0x0, 0x0, 0x0, 0x0, 0x0, 0x0, 0x0,
    0x0, 0x0, 0x29, 0xdf, 0xfe, 0xb5, 0x0, 0x0,
    0x0, 0x7, 0xff, 0xff, 0xff, 0xff, 0xb1, 0x0,
    0x0, 0x8f, 0xff, 0xfd, 0xcf, 0xff, 0xfc, 0x0,
    0x3, 0xff, 0xfc, 0x20, 0x0, 0x8f, 0xff, 0x60,
    0xb, 0xff, 0xe1, 0x0, 0x0, 0xc, 0xff, 0xd0,
    0xf, 0xff, 0x80, 0x0, 0x0, 0x7, 0xff, 0xf1,
    0x3f, 0xff, 0xff, 0xff, 0xff, 0xff, 0xff, 0xf3,
    0x3f, 0xff, 0xff, 0xff, 0xff, 0xff, 0xff, 0xf3,
    0x2f, 0xff, 0xb8, 0x88, 0x88, 0x88, 0x88, 0x81,
    0xf, 0xff, 0x80, 0x0, 0x0, 0x0, 0x0, 0x0,
    0xb, 0xff, 0xe0, 0x0, 0x0, 0x4, 0x77, 0x50,
    0x3, 0xff, 0xfc, 0x10, 0x0, 0x5f, 0xff, 0x60,
    0x0, 0x8f, 0xff, 0xfc, 0xbe, 0xff, 0xfc, 0x0,
    0x0, 0x7, 0xff, 0xff, 0xff, 0xff, 0xb1, 0x0,
    0x0, 0x0, 0x28, 0xdf, 0xfe, 0xb5, 0x0, 0x0,

    /* U+00EA "ê" */
    0x0, 0x0, 0x2, 0xef, 0xff, 0x90, 0x0, 0x0,
    0x0, 0x0, 0x1d, 0xff, 0xcf, 0xf7, 0x0, 0x0,
    0x0, 0x0, 0xcf, 0xf5, 0xb, 0xff, 0x60, 0x0,
    0x0, 0xb, 0xff, 0x50, 0x0, 0xbf, 0xf5, 0x0,
    0x0, 0x0, 0x0, 0x0, 0x0, 0x0, 0x0, 0x0,
    0x0, 0x0, 0x0, 0x0, 0x0, 0x0, 0x0, 0x0,
    0x0, 0x0, 0x29, 0xdf, 0xfe, 0xb5, 0x0, 0x0,
    0x0, 0x7, 0xff, 0xff, 0xff, 0xff, 0xb1, 0x0,
    0x0, 0x8f, 0xff, 0xfd, 0xcf, 0xff, 0xfc, 0x0,
    0x3, 0xff, 0xfc, 0x20, 0x0, 0x8f, 0xff, 0x60,
    0xb, 0xff, 0xe1, 0x0, 0x0, 0xc, 0xff, 0xd0,
    0xf, 0xff, 0x80, 0x0, 0x0, 0x7, 0xff, 0xf1,
    0x3f, 0xff, 0xff, 0xff, 0xff, 0xff, 0xff, 0xf3,
    0x3f, 0xff, 0xff, 0xff, 0xff, 0xff, 0xff, 0xf3,
    0x2f, 0xff, 0xb8, 0x88, 0x88, 0x88, 0x88, 0x81,
    0xf, 0xff, 0x80, 0x0, 0x0, 0x0, 0x0, 0x0,
    0xb, 0xff, 0xe0, 0x0, 0x0, 0x4, 0x77, 0x50,
    0x3, 0xff, 0xfc, 0x10, 0x0, 0x5f, 0xff, 0x60,
    0x0, 0x8f, 0xff, 0xfc, 0xbe, 0xff, 0xfc, 0x0,
    0x0, 0x7, 0xff, 0xff, 0xff, 0xff, 0xb1, 0x0,
    0x0, 0x0, 0x28, 0xdf, 0xfe, 0xb5, 0x0, 0x0,

    /* U+00EB "ë" */
    0x0, 0xd, 0xff, 0xf0, 0x6, 0xff, 0xf6, 0x0,
    0x0, 0xd, 0xff, 0xf0, 0x6, 0xff, 0xf6, 0x0,
    0x0, 0xd, 0xff, 0xf0, 0x6, 0xff, 0xf6, 0x0,
    0x0, 0xd, 0xff, 0xf0, 0x6, 0xff, 0xf6, 0x0,
    0x0, 0x0, 0x0, 0x0, 0x0, 0x0, 0x0, 0x0,
    0x0, 0x0, 0x0, 0x0, 0x0, 0x0, 0x0, 0x0,
    0x0, 0x0, 0x29, 0xdf, 0xfe, 0xb5, 0x0, 0x0,
    0x0, 0x7, 0xff, 0xff, 0xff, 0xff, 0xb1, 0x0,
    0x0, 0x8f, 0xff, 0xfd, 0xcf, 0xff, 0xfc, 0x0,
    0x3, 0xff, 0xfc, 0x20, 0x0, 0x8f, 0xff, 0x60,
    0xb, 0xff, 0xe1, 0x0, 0x0, 0xc, 0xff, 0xd0,
    0xf, 0xff, 0x80, 0x0, 0x0, 0x7, 0xff, 0xf1,
    0x3f, 0xff, 0xff, 0xff, 0xff, 0xff, 0xff, 0xf3,
    0x3f, 0xff, 0xff, 0xff, 0xff, 0xff, 0xff, 0xf3,
    0x2f, 0xff, 0xb8, 0x88, 0x88, 0x88, 0x88, 0x81,
    0xf, 0xff, 0x80, 0x0, 0x0, 0x0, 0x0, 0x0,
    0xb, 0xff, 0xe0, 0x0, 0x0, 0x4, 0x77, 0x50,
    0x3, 0xff, 0xfc, 0x10, 0x0, 0x5f, 0xff, 0x60,
    0x0, 0x8f, 0xff, 0xfc, 0xbe, 0xff, 0xfc, 0x0,
    0x0, 0x7, 0xff, 0xff, 0xff, 0xff, 0xb1, 0x0,
    0x0, 0x0, 0x28, 0xdf, 0xfe, 0xb5, 0x0, 0x0,

    /* U+00EC "ì" */
    0x2e, 0xff, 0xf9, 0x0, 0x0, 0x2e, 0xff, 0xf3,
    0x0, 0x0, 0x2e, 0xff, 0xd0, 0x0, 0x0, 0x2e,
    0xff, 0x70, 0x0, 0x0, 0x28, 0x88, 0x0, 0x0,
    0x0, 0x0, 0x0, 0x0, 0x2, 0xff, 0xf6, 0x0,
    0x0, 0x2f, 0xff, 0x60, 0x0, 0x2, 0xff, 0xf6,
    0x0, 0x0, 0x2f, 0xff, 0x60, 0x0, 0x2, 0xff,
    0xf6, 0x0, 0x0, 0x2f, 0xff, 0x60, 0x0, 0x2,
    0xff, 0xf6, 0x0, 0x0, 0x2f, 0xff, 0x60, 0x0,
    0x2, 0xff, 0xf6, 0x0, 0x0, 0x2f, 0xff, 0x60,
    0x0, 0x2, 0xff, 0xf6, 0x0, 0x0, 0x2f, 0xff,
    0x60, 0x0, 0x2, 0xff, 0xf6, 0x0, 0x0, 0x2f,
    0xff, 0x60, 0x0, 0x2, 0xff, 0xf6, 0x0,

    /* U+00ED "í" */
    0x0, 0x4f, 0xff, 0xf6, 0x0, 0xef, 0xff, 0x50,
    0x9, 0xff, 0xf5, 0x0, 0x3f, 0xff, 0x50, 0x0,
    0x58, 0x84, 0x0, 0x0, 0x0, 0x0, 0x0, 0x0,
    0x2f, 0xff, 0x60, 0x0, 0x2f, 0xff, 0x60, 0x0,
    0x2f, 0xff, 0x60, 0x0, 0x2f, 0xff, 0x60, 0x0,
    0x2f, 0xff, 0x60, 0x0, 0x2f, 0xff, 0x60, 0x0,
    0x2f, 0xff, 0x60, 0x0, 0x2f, 0xff, 0x60, 0x0,
    0x2f, 0xff, 0x60, 0x0, 0x2f, 0xff, 0x60, 0x0,
    0x2f, 0xff, 0x60, 0x0, 0x2f, 0xff, 0x60, 0x0,
    0x2f, 0xff, 0x60, 0x0, 0x2f, 0xff, 0x60, 0x0,
    0x2f, 0xff, 0x60, 0x0,

    /* U+00EE "î" */
    0x0, 0xb, 0xff, 0xfd, 0x10, 0x0, 0x0, 0xaf,
    0xfb, 0xff, 0xd1, 0x0, 0x9, 0xff, 0x80, 0x4f,
    0xfc, 0x10, 0x6d, 0xd7, 0x0, 0x4, 0xdd, 0x90,
    0x0, 0x0, 0x0, 0x0, 0x0, 0x0, 0x0, 0x0,
    0x0, 0x0, 0x0, 0x0, 0x0, 0x2, 0xff, 0xf6,
    0x0, 0x0, 0x0, 0x2, 0xff, 0xf6, 0x0, 0x0,
    0x0, 0x2, 0xff, 0xf6, 0x0, 0x0, 0x0, 0x2,
    0xff, 0xf6, 0x0, 0x0, 0x0, 0x2, 0xff, 0xf6,
    0x0, 0x0, 0x0, 0x2, 0xff, 0xf6, 0x0, 0x0,
    0x0, 0x2, 0xff, 0xf6, 0x0, 0x0, 0x0, 0x2,
    0xff, 0xf6, 0x0, 0x0, 0x0, 0x2, 0xff, 0xf6,
    0x0, 0x0, 0x0, 0x2, 0xff, 0xf6, 0x0, 0x0,
    0x0, 0x2, 0xff, 0xf6, 0x0, 0x0, 0x0, 0x2,
    0xff, 0xf6, 0x0, 0x0, 0x0, 0x2, 0xff, 0xf6,
    0x0, 0x0, 0x0, 0x2, 0xff, 0xf6, 0x0, 0x0,
    0x0, 0x2, 0xff, 0xf6, 0x0, 0x0,

    /* U+00EF "ï" */
    0x8f, 0xff, 0x50, 0x1f, 0xff, 0xc8, 0xff, 0xf5,
    0x1, 0xff, 0xfc, 0x8f, 0xff, 0x50, 0x1f, 0xff,
    0xc8, 0xff, 0xf5, 0x1, 0xff, 0xfc, 0x0, 0x0,
    0x0, 0x0, 0x0, 0x0, 0x0, 0x0, 0x0, 0x0,
    0x0, 0x0, 0x2, 0xff, 0xf6, 0x0, 0x0, 0x0,
    0x2f, 0xff, 0x60, 0x0, 0x0, 0x2, 0xff, 0xf6,
    0x0, 0x0, 0x0, 0x2f, 0xff, 0x60, 0x0, 0x0,
    0x2, 0xff, 0xf6, 0x0, 0x0, 0x0, 0x2f, 0xff,
    0x60, 0x0, 0x0, 0x2, 0xff, 0xf6, 0x0, 0x0,
    0x0, 0x2f, 0xff, 0x60, 0x0, 0x0, 0x2, 0xff,
    0xf6, 0x0, 0x0, 0x0, 0x2f, 0xff, 0x60, 0x0,
    0x0, 0x2, 0xff, 0xf6, 0x0, 0x0, 0x0, 0x2f,
    0xff, 0x60, 0x0, 0x0, 0x2, 0xff, 0xf6, 0x0,
    0x0, 0x0, 0x2f, 0xff, 0x60, 0x0, 0x0, 0x2,
    0xff, 0xf6, 0x0, 0x0,

    /* U+00F0 "ð" */
    0x0, 0x0, 0x0, 0x0, 0x0, 0x2, 0x80, 0x0,
    0x0, 0x0, 0x7f, 0xec, 0x95, 0x17, 0xff, 0x50,
    0x0, 0x0, 0xb, 0xff, 0xff, 0xff, 0xff, 0xd4,
    0x0, 0x0, 0x0, 0x78, 0xae, 0xff, 0xff, 0xf5,
    0x0, 0x0, 0x0, 0x0, 0x7, 0xff, 0xff, 0xff,
    0xf5, 0x0, 0x0, 0x0, 0x2, 0xff, 0xd4, 0x1b,
    0xff, 0xf3, 0x0, 0x0, 0x0, 0x8, 0x70, 0x0,
    0xd, 0xff, 0xc0, 0x0, 0x0, 0x1, 0x8d, 0xff,
    0xd8, 0x4f, 0xff, 0x40, 0x0, 0x6, 0xff, 0xff,
    0xff, 0xfd, 0xef, 0xfa, 0x0, 0x6, 0xff, 0xff,
    0xff, 0xff, 0xff, 0xff, 0xe0, 0x2, 0xff, 0xff,
    0x70, 0x1, 0x8f, 0xff, 0xff, 0x0, 0x9f, 0xff,
    0x70, 0x0, 0x0, 0x7f, 0xff, 0xf2, 0xd, 0xff,
    0xf0, 0x0, 0x0, 0x0, 0xef, 0xff, 0x20, 0xff,
    0xfc, 0x0, 0x0, 0x0, 0xb, 0xff, 0xf2, 0x1f,
    0xff, 0xb0, 0x0, 0x0, 0x0, 0xbf, 0xff, 0x10,
    0xff, 0xfc, 0x0, 0x0, 0x0, 0xc, 0xff, 0xe0,
    0xd, 0xff, 0xf0, 0x0, 0x0, 0x1, 0xff, 0xfa,
    0x0, 0x9f, 0xff, 0x80, 0x0, 0x0, 0x9f, 0xff,
    0x50, 0x2, 0xff, 0xff, 0x81, 0x2, 0x9f, 0xff,
    0xd0, 0x0, 0x6, 0xff, 0xff, 0xff, 0xff, 0xff,
    0xf3, 0x0, 0x0, 0x6, 0xff, 0xff, 0xff, 0xff,
    0xe4, 0x0, 0x0, 0x0, 0x1, 0x8c, 0xff, 0xec,
    0x70, 0x0, 0x0,

    /* U+00F1 "ñ" */
    0x0, 0x0, 0x9e, 0xfc, 0x50, 0x5, 0xff, 0x0,
    0x0, 0xbf, 0xff, 0xff, 0xb8, 0xef, 0xb0, 0x0,
    0x3f, 0xfa, 0x9e, 0xff, 0xff, 0xf4, 0x0, 0x6,
    0xfd, 0x0, 0x18, 0xef, 0xd4, 0x0, 0x0, 0x0,
    0x0, 0x0, 0x0, 0x0, 0x0, 0x0, 0x0, 0x0,
    0x0, 0x0, 0x0, 0x0, 0x0, 0x2f, 0xff, 0x50,
    0x3a, 0xef, 0xea, 0x30, 0x2, 0xff, 0xf5, 0x7f,
    0xff, 0xff, 0xff, 0x40, 0x2f, 0xff, 0xaf, 0xff,
    0xff, 0xff, 0xfe, 0x2, 0xff, 0xff, 0xe6, 0x0,
    0x3d, 0xff, 0xf4, 0x2f, 0xff, 0xf3, 0x0, 0x0,
    0x4f, 0xff, 0x62, 0xff, 0xfa, 0x0, 0x0, 0x1,
    0xff, 0xf7, 0x2f, 0xff, 0x70, 0x0, 0x0, 0x1f,
    0xff, 0x72, 0xff, 0xf6, 0x0, 0x0, 0x1, 0xff,
    0xf7, 0x2f, 0xff, 0x60, 0x0, 0x0, 0x1f, 0xff,
    0x72, 0xff, 0xf6, 0x0, 0x0, 0x1, 0xff, 0xf7,
    0x2f, 0xff, 0x60, 0x0, 0x0, 0x1f, 0xff, 0x72,
    0xff, 0xf6, 0x0, 0x0, 0x1, 0xff, 0xf7, 0x2f,
    0xff, 0x60, 0x0, 0x0, 0x1f, 0xff, 0x72, 0xff,
    0xf6, 0x0, 0x0, 0x1, 0xff, 0xf7, 0x2f, 0xff,
    0x60, 0x0, 0x0, 0x1f, 0xff, 0x70,

    /* U+00F2 "ò" */
    0x0, 0x5, 0xff, 0xff, 0x40, 0x0, 0x0, 0x0,
    0x0, 0x0, 0x5f, 0xff, 0xe0, 0x0, 0x0, 0x0,
    0x0, 0x0, 0x5, 0xff, 0xf9, 0x0, 0x0, 0x0,
    0x0, 0x0, 0x0, 0x5f, 0xff, 0x30, 0x0, 0x0,
    0x0, 0x0, 0x0, 0x4, 0x88, 0x60, 0x0, 0x0,
    0x0, 0x0, 0x0, 0x0, 0x0, 0x0, 0x0, 0x0,
    0x0, 0x0, 0x18, 0xcf, 0xfe, 0xc7, 0x0, 0x0,
    0x0, 0x7, 0xff, 0xff, 0xff, 0xff, 0xe4, 0x0,
    0x0, 0x8f, 0xff, 0xff, 0xff, 0xff, 0xff, 0x40,
    0x3, 0xff, 0xff, 0x60, 0x1, 0x8f, 0xff, 0xe0,
    0xb, 0xff, 0xf4, 0x0, 0x0, 0x8, 0xff, 0xf7,
    0xf, 0xff, 0xb0, 0x0, 0x0, 0x0, 0xff, 0xfc,
    0x3f, 0xff, 0x70, 0x0, 0x0, 0x0, 0xcf, 0xfe,
    0x3f, 0xff, 0x60, 0x0, 0x0, 0x0, 0xbf, 0xff,
    0x2f, 0xff, 0x80, 0x0, 0x0, 0x0, 0xcf, 0xfe,
    0xf, 0xff, 0xc0, 0x0, 0x0, 0x1, 0xff, 0xfb,
    0xb, 0xff, 0xf5, 0x0, 0x0, 0x9, 0xff, 0xf6,
    0x3, 0xff, 0xff, 0x60, 0x1, 0x9f, 0xff, 0xe0,
    0x0, 0x7f, 0xff, 0xff, 0xef, 0xff, 0xff, 0x30,
    0x0, 0x6, 0xff, 0xff, 0xff, 0xff, 0xe3, 0x0,
    0x0, 0x0, 0x18, 0xcf, 0xfe, 0xb6, 0x0, 0x0,

    /* U+00F3 "ó" */
    0x0, 0x0, 0x0, 0x0, 0x8f, 0xff, 0xe2, 0x0,
    0x0, 0x0, 0x0, 0x3, 0xff, 0xfe, 0x20, 0x0,
    0x0, 0x0, 0x0, 0xd, 0xff, 0xe2, 0x0, 0x0,
    0x0, 0x0, 0x0, 0x7f, 0xfe, 0x20, 0x0, 0x0,
    0x0, 0x0, 0x0, 0x88, 0x82, 0x0, 0x0, 0x0,
    0x0, 0x0, 0x0, 0x0, 0x0, 0x0, 0x0, 0x0,
    0x0, 0x0, 0x18, 0xcf, 0xfe, 0xc7, 0x0, 0x0,
    0x0, 0x7, 0xff, 0xff, 0xff, 0xff, 0xe4, 0x0,
    0x0, 0x8f, 0xff, 0xff, 0xff, 0xff, 0xff, 0x40,
    0x3, 0xff, 0xff, 0x60, 0x1, 0x8f, 0xff, 0xe0,
    0xb, 0xff, 0xf4, 0x0, 0x0, 0x8, 0xff, 0xf7,
    0xf, 0xff, 0xb0, 0x0, 0x0, 0x0, 0xff, 0xfc,
    0x3f, 0xff, 0x70, 0x0, 0x0, 0x0, 0xcf, 0xfe,
    0x3f, 0xff, 0x60, 0x0, 0x0, 0x0, 0xbf, 0xff,
    0x2f, 0xff, 0x80, 0x0, 0x0, 0x0, 0xcf, 0xfe,
    0xf, 0xff, 0xc0, 0x0, 0x0, 0x1, 0xff, 0xfb,
    0xb, 0xff, 0xf5, 0x0, 0x0, 0x9, 0xff, 0xf6,
    0x3, 0xff, 0xff, 0x60, 0x1, 0x9f, 0xff, 0xe0,
    0x0, 0x7f, 0xff, 0xff, 0xef, 0xff, 0xff, 0x30,
    0x0, 0x6, 0xff, 0xff, 0xff, 0xff, 0xe3, 0x0,
    0x0, 0x0, 0x18, 0xcf, 0xfe, 0xb6, 0x0, 0x0,

    /* U+00F4 "ô" */
    0x0, 0x0, 0x1, 0xdf, 0xff, 0xa0, 0x0, 0x0,
    0x0, 0x0, 0xc, 0xff, 0xcf, 0xf9, 0x0, 0x0,
    0x0, 0x0, 0xbf, 0xf6, 0xa, 0xff, 0x70, 0x0,
    0x0, 0xa, 0xff, 0x60, 0x0, 0xaf, 0xf6, 0x0,
    0x0, 0x0, 0x0, 0x0, 0x0, 0x0, 0x0, 0x0,
    0x0, 0x0, 0x0, 0x0, 0x0, 0x0, 0x0, 0x0,
    0x0, 0x0, 0x18, 0xcf, 0xfe, 0xc7, 0x0, 0x0,
    0x0, 0x7, 0xff, 0xff, 0xff, 0xff, 0xe4, 0x0,
    0x0, 0x8f, 0xff, 0xff, 0xff, 0xff, 0xff, 0x40,
    0x3, 0xff, 0xff, 0x60, 0x1, 0x8f, 0xff, 0xe0,
    0xb, 0xff, 0xf4, 0x0, 0x0, 0x8, 0xff, 0xf7,
    0xf, 0xff, 0xb0, 0x0, 0x0, 0x0, 0xff, 0xfc,
    0x3f, 0xff, 0x70, 0x0, 0x0, 0x0, 0xcf, 0xfe,
    0x3f, 0xff, 0x60, 0x0, 0x0, 0x0, 0xbf, 0xff,
    0x2f, 0xff, 0x80, 0x0, 0x0, 0x0, 0xcf, 0xfe,
    0xf, 0xff, 0xc0, 0x0, 0x0, 0x1, 0xff, 0xfb,
    0xb, 0xff, 0xf5, 0x0, 0x0, 0x9, 0xff, 0xf6,
    0x3, 0xff, 0xff, 0x60, 0x1, 0x9f, 0xff, 0xe0,
    0x0, 0x7f, 0xff, 0xff, 0xef, 0xff, 0xff, 0x30,
    0x0, 0x6, 0xff, 0xff, 0xff, 0xff, 0xe3, 0x0,
    0x0, 0x0, 0x18, 0xcf, 0xfe, 0xb6, 0x0, 0x0,

    /* U+00F5 "õ" */
    0x0, 0x1, 0x9e, 0xfe, 0x93, 0x5, 0xff, 0x0,
    0x0, 0xc, 0xff, 0xff, 0xff, 0xff, 0xfb, 0x0,
    0x0, 0x3f, 0xfa, 0x8c, 0xff, 0xff, 0xe2, 0x0,
    0x0, 0x27, 0x60, 0x0, 0x26, 0x75, 0x0, 0x0,
    0x0, 0x0, 0x0, 0x0, 0x0, 0x0, 0x0, 0x0,
    0x0, 0x0, 0x0, 0x0, 0x0, 0x0, 0x0, 0x0,
    0x0, 0x0, 0x18, 0xcf, 0xfe, 0xc7, 0x0, 0x0,
    0x0, 0x7, 0xff, 0xff, 0xff, 0xff, 0xe4, 0x0,
    0x0, 0x8f, 0xff, 0xff, 0xff, 0xff, 0xff, 0x40,
    0x3, 0xff, 0xff, 0x60, 0x1, 0x8f, 0xff, 0xe0,
    0xb, 0xff, 0xf4, 0x0, 0x0, 0x8, 0xff, 0xf7,
    0xf, 0xff, 0xb0, 0x0, 0x0, 0x0, 0xff, 0xfc,
    0x3f, 0xff, 0x70, 0x0, 0x0, 0x0, 0xcf, 0xfe,
    0x3f, 0xff, 0x60, 0x0, 0x0, 0x0, 0xbf, 0xff,
    0x2f, 0xff, 0x80, 0x0, 0x0, 0x0, 0xcf, 0xfe,
    0xf, 0xff, 0xc0, 0x0, 0x0, 0x1, 0xff, 0xfb,
    0xb, 0xff, 0xf5, 0x0, 0x0, 0x9, 0xff, 0xf6,
    0x3, 0xff, 0xff, 0x60, 0x1, 0x9f, 0xff, 0xe0,
    0x0, 0x7f, 0xff, 0xff, 0xef, 0xff, 0xff, 0x30,
    0x0, 0x6, 0xff, 0xff, 0xff, 0xff, 0xe3, 0x0,
    0x0, 0x0, 0x18, 0xcf, 0xfe, 0xb6, 0x0, 0x0,

    /* U+00F6 "ö" */
    0x0, 0xc, 0xff, 0xf1, 0x5, 0xff, 0xf8, 0x0,
    0x0, 0xc, 0xff, 0xf1, 0x5, 0xff, 0xf8, 0x0,
    0x0, 0xc, 0xff, 0xf1, 0x5, 0xff, 0xf8, 0x0,
    0x0, 0xc, 0xff, 0xf1, 0x5, 0xff, 0xf8, 0x0,
    0x0, 0x0, 0x0, 0x0, 0x0, 0x0, 0x0, 0x0,
    0x0, 0x0, 0x0, 0x0, 0x0, 0x0, 0x0, 0x0,
    0x0, 0x0, 0x18, 0xcf, 0xfe, 0xc7, 0x0, 0x0,
    0x0, 0x7, 0xff, 0xff, 0xff, 0xff, 0xe4, 0x0,
    0x0, 0x8f, 0xff, 0xff, 0xff, 0xff, 0xff, 0x40,
    0x3, 0xff, 0xff, 0x60, 0x1, 0x8f, 0xff, 0xe0,
    0xb, 0xff, 0xf4, 0x0, 0x0, 0x8, 0xff, 0xf7,
    0xf, 0xff, 0xb0, 0x0, 0x0, 0x0, 0xff, 0xfc,
    0x3f, 0xff, 0x70, 0x0, 0x0, 0x0, 0xcf, 0xfe,
    0x3f, 0xff, 0x60, 0x0, 0x0, 0x0, 0xbf, 0xff,
    0x2f, 0xff, 0x80, 0x0, 0x0, 0x0, 0xcf, 0xfe,
    0xf, 0xff, 0xc0, 0x0, 0x0, 0x1, 0xff, 0xfb,
    0xb, 0xff, 0xf5, 0x0, 0x0, 0x9, 0xff, 0xf6,
    0x3, 0xff, 0xff, 0x60, 0x1, 0x9f, 0xff, 0xe0,
    0x0, 0x7f, 0xff, 0xff, 0xef, 0xff, 0xff, 0x30,
    0x0, 0x6, 0xff, 0xff, 0xff, 0xff, 0xe3, 0x0,
    0x0, 0x0, 0x18, 0xcf, 0xfe, 0xb6, 0x0, 0x0,

    /* U+00F7 "÷" */
    0x0, 0x0, 0x9, 0xfc, 0x10, 0x0, 0x0, 0x0,
    0x3, 0xff, 0xf7, 0x0, 0x0, 0x0, 0x0, 0x3f,
    0xff, 0x70, 0x0, 0x0, 0x0, 0x0, 0x9e, 0xb0,
    0x0, 0x0, 0x0, 0x0, 0x0, 0x0, 0x0, 0x0,
    0x5, 0xbb, 0xbb, 0xbb, 0xbb, 0xbb, 0xb8, 0x8f,
    0xff, 0xff, 0xff, 0xff, 0xff, 0xc8, 0xff, 0xff,
    0xff, 0xff, 0xff, 0xfc, 0x0, 0x0, 0x0, 0x0,
    0x0, 0x0, 0x0, 0x0, 0x0, 0x0, 0x0, 0x0,
    0x0, 0x0, 0x0, 0x9, 0xfb, 0x0, 0x0, 0x0,
    0x0, 0x3, 0xff, 0xf7, 0x0, 0x0, 0x0, 0x0,
    0x3f, 0xff, 0x70, 0x0, 0x0, 0x0, 0x0, 0x9f,
    0xc1, 0x0, 0x0,

    /* U+00F8 "ø" */
    0x0, 0x0, 0x0, 0x0, 0x0, 0x0, 0x0, 0x0,
    0x0, 0x0, 0x18, 0xcf, 0xfe, 0xc7, 0x6, 0xc0,
    0x0, 0x7, 0xff, 0xff, 0xff, 0xff, 0xef, 0xfa,
    0x0, 0x8f, 0xff, 0xfe, 0xdf, 0xff, 0xff, 0xe2,
    0x3, 0xff, 0xfe, 0x40, 0x0, 0xaf, 0xff, 0xe0,
    0xb, 0xff, 0xf2, 0x0, 0x5, 0xff, 0xff, 0xf7,
    0xf, 0xff, 0xa0, 0x0, 0x5f, 0xfe, 0xef, 0xfc,
    0x3f, 0xff, 0x60, 0x5, 0xff, 0xe2, 0xaf, 0xfe,
    0x3f, 0xff, 0x50, 0x5f, 0xfe, 0x20, 0x9f, 0xff,
    0x2f, 0xff, 0x65, 0xff, 0xe2, 0x0, 0xaf, 0xfe,
    0xf, 0xff, 0xdf, 0xfe, 0x20, 0x0, 0xef, 0xfb,
    0xb, 0xff, 0xff, 0xe2, 0x0, 0x7, 0xff, 0xf6,
    0x3, 0xff, 0xff, 0x70, 0x0, 0x7f, 0xff, 0xe0,
    0x4, 0xff, 0xff, 0xfe, 0xdf, 0xff, 0xff, 0x30,
    0xe, 0xfe, 0xff, 0xff, 0xff, 0xff, 0xe3, 0x0,
    0x2, 0xd2, 0x18, 0xcf, 0xfe, 0xb6, 0x0, 0x0,
    0x0, 0x0, 0x0, 0x0, 0x0, 0x0, 0x0, 0x0,

    /* U+00F9 "ù" */
    0x0, 0x4f, 0xff, 0xf6, 0x0, 0x0, 0x0, 0x0,
    0x0, 0x4f, 0xff, 0xf1, 0x0, 0x0, 0x0, 0x0,
    0x0, 0x4f, 0xff, 0xb0, 0x0, 0x0, 0x0, 0x0,
    0x0, 0x4f, 0xff, 0x50, 0x0, 0x0, 0x0, 0x0,
    0x0, 0x38, 0x87, 0x0, 0x0, 0x0, 0x0, 0x0,
    0x0, 0x0, 0x0, 0x0, 0x0, 0x4f, 0xff, 0x30,
    0x0, 0x0, 0x8f, 0xff, 0x4, 0xff, 0xf3, 0x0,
    0x0, 0x8, 0xff, 0xf0, 0x4f, 0xff, 0x30, 0x0,
    0x0, 0x8f, 0xff, 0x4, 0xff, 0xf3, 0x0, 0x0,
    0x8, 0xff, 0xf0, 0x4f, 0xff, 0x30, 0x0, 0x0,
    0x8f, 0xff, 0x4, 0xff, 0xf3, 0x0, 0x0, 0x8,
    0xff, 0xf0, 0x4f, 0xff, 0x30, 0x0, 0x0, 0x8f,
    0xff, 0x4, 0xff, 0xf3, 0x0, 0x0, 0x8, 0xff,
    0xf0, 0x4f, 0xff, 0x30, 0x0, 0x0, 0x9f, 0xff,
    0x4, 0xff, 0xf3, 0x0, 0x0, 0xc, 0xff, 0xf0,
    0x4f, 0xff, 0x60, 0x0, 0x4, 0xff, 0xff, 0x1,
    0xff, 0xfe, 0x40, 0x6, 0xff, 0xff, 0xf0, 0xb,
    0xff, 0xff, 0xff, 0xff, 0xaf, 0xff, 0x0, 0x2e,
    0xff, 0xff, 0xff, 0x66, 0xff, 0xf0, 0x0, 0x19,
    0xef, 0xea, 0x30, 0x6f, 0xff, 0x0,

    /* U+00FA "ú" */
    0x0, 0x0, 0x0, 0x7, 0xff, 0xff, 0x30, 0x0,
    0x0, 0x0, 0x2, 0xff, 0xff, 0x30, 0x0, 0x0,
    0x0, 0x0, 0xcf, 0xff, 0x30, 0x0, 0x0, 0x0,
    0x0, 0x6f, 0xfe, 0x30, 0x0, 0x0, 0x0, 0x0,
    0x7, 0x88, 0x30, 0x0, 0x0, 0x0, 0x0, 0x0,
    0x0, 0x0, 0x0, 0x0, 0x0, 0x4f, 0xff, 0x30,
    0x0, 0x0, 0x8f, 0xff, 0x4, 0xff, 0xf3, 0x0,
    0x0, 0x8, 0xff, 0xf0, 0x4f, 0xff, 0x30, 0x0,
    0x0, 0x8f, 0xff, 0x4, 0xff, 0xf3, 0x0, 0x0,
    0x8, 0xff, 0xf0, 0x4f, 0xff, 0x30, 0x0, 0x0,
    0x8f, 0xff, 0x4, 0xff, 0xf3, 0x0, 0x0, 0x8,
    0xff, 0xf0, 0x4f, 0xff, 0x30, 0x0, 0x0, 0x8f,
    0xff, 0x4, 0xff, 0xf3, 0x0, 0x0, 0x8, 0xff,
    0xf0, 0x4f, 0xff, 0x30, 0x0, 0x0, 0x9f, 0xff,
    0x4, 0xff, 0xf3, 0x0, 0x0, 0xc, 0xff, 0xf0,
    0x4f, 0xff, 0x60, 0x0, 0x4, 0xff, 0xff, 0x1,
    0xff, 0xfe, 0x40, 0x6, 0xff, 0xff, 0xf0, 0xb,
    0xff, 0xff, 0xff, 0xff, 0xaf, 0xff, 0x0, 0x2e,
    0xff, 0xff, 0xff, 0x66, 0xff, 0xf0, 0x0, 0x19,
    0xef, 0xea, 0x30, 0x6f, 0xff, 0x0,

    /* U+00FB "û" */
    0x0, 0x0, 0x1c, 0xff, 0xfc, 0x0, 0x0, 0x0,
    0x0, 0xc, 0xff, 0xbf, 0xfb, 0x0, 0x0, 0x0,
    0xb, 0xff, 0x60, 0x7f, 0xfb, 0x0, 0x0, 0x8,
    0xdd, 0x50, 0x0, 0x6d, 0xd8, 0x0, 0x0, 0x0,
    0x0, 0x0, 0x0, 0x0, 0x0, 0x0, 0x0, 0x0,
    0x0, 0x0, 0x0, 0x0, 0x0, 0x4f, 0xff, 0x30,
    0x0, 0x0, 0x8f, 0xff, 0x4, 0xff, 0xf3, 0x0,
    0x0, 0x8, 0xff, 0xf0, 0x4f, 0xff, 0x30, 0x0,
    0x0, 0x8f, 0xff, 0x4, 0xff, 0xf3, 0x0, 0x0,
    0x8, 0xff, 0xf0, 0x4f, 0xff, 0x30, 0x0, 0x0,
    0x8f, 0xff, 0x4, 0xff, 0xf3, 0x0, 0x0, 0x8,
    0xff, 0xf0, 0x4f, 0xff, 0x30, 0x0, 0x0, 0x8f,
    0xff, 0x4, 0xff, 0xf3, 0x0, 0x0, 0x8, 0xff,
    0xf0, 0x4f, 0xff, 0x30, 0x0, 0x0, 0x9f, 0xff,
    0x4, 0xff, 0xf3, 0x0, 0x0, 0xc, 0xff, 0xf0,
    0x4f, 0xff, 0x60, 0x0, 0x4, 0xff, 0xff, 0x1,
    0xff, 0xfe, 0x40, 0x6, 0xff, 0xff, 0xf0, 0xb,
    0xff, 0xff, 0xff, 0xff, 0xaf, 0xff, 0x0, 0x2e,
    0xff, 0xff, 0xff, 0x66, 0xff, 0xf0, 0x0, 0x19,
    0xef, 0xea, 0x30, 0x6f, 0xff, 0x0,

    /* U+00FC "ü" */
    0x0, 0xaf, 0xff, 0x20, 0x3f, 0xff, 0x90, 0x0,
    0xa, 0xff, 0xf2, 0x3, 0xff, 0xf9, 0x0, 0x0,
    0xaf, 0xff, 0x20, 0x3f, 0xff, 0x90, 0x0, 0xa,
    0xff, 0xf2, 0x3, 0xff, 0xf9, 0x0, 0x0, 0x0,
    0x0, 0x0, 0x0, 0x0, 0x0, 0x0, 0x0, 0x0,
    0x0, 0x0, 0x0, 0x0, 0x0, 0x4f, 0xff, 0x30,
    0x0, 0x0, 0x8f, 0xff, 0x4, 0xff, 0xf3, 0x0,
    0x0, 0x8, 0xff, 0xf0, 0x4f, 0xff, 0x30, 0x0,
    0x0, 0x8f, 0xff, 0x4, 0xff, 0xf3, 0x0, 0x0,
    0x8, 0xff, 0xf0, 0x4f, 0xff, 0x30, 0x0, 0x0,
    0x8f, 0xff, 0x4, 0xff, 0xf3, 0x0, 0x0, 0x8,
    0xff, 0xf0, 0x4f, 0xff, 0x30, 0x0, 0x0, 0x8f,
    0xff, 0x4, 0xff, 0xf3, 0x0, 0x0, 0x8, 0xff,
    0xf0, 0x4f, 0xff, 0x30, 0x0, 0x0, 0x9f, 0xff,
    0x4, 0xff, 0xf3, 0x0, 0x0, 0xc, 0xff, 0xf0,
    0x4f, 0xff, 0x60, 0x0, 0x4, 0xff, 0xff, 0x1,
    0xff, 0xfe, 0x40, 0x6, 0xff, 0xff, 0xf0, 0xb,
    0xff, 0xff, 0xff, 0xff, 0xaf, 0xff, 0x0, 0x2e,
    0xff, 0xff, 0xff, 0x66, 0xff, 0xf0, 0x0, 0x19,
    0xef, 0xea, 0x30, 0x6f, 0xff, 0x0,

    /* U+00FD "ý" */
    0x0, 0x0, 0x0, 0x6, 0xff, 0xff, 0x40, 0x0,
    0x0, 0x0, 0x1, 0xff, 0xff, 0x40, 0x0, 0x0,
    0x0, 0x0, 0xaf, 0xff, 0x40, 0x0, 0x0, 0x0,
    0x0, 0x5f, 0xff, 0x40, 0x0, 0x0, 0x0, 0x0,
    0x7, 0x88, 0x30, 0x0, 0x0, 0x0, 0x0, 0x0,
    0x0, 0x0, 0x0, 0x0, 0x0, 0xaf, 0xff, 0x20,
    0x0, 0x0, 0x1f, 0xff, 0xb4, 0xff, 0xf8, 0x0,
    0x0, 0x6, 0xff, 0xf4, 0xe, 0xff, 0xd0, 0x0,
    0x0, 0xcf, 0xfd, 0x0, 0x7f, 0xff, 0x30, 0x0,
    0x2f, 0xff, 0x70, 0x1, 0xff, 0xf9, 0x0, 0x7,
    0xff, 0xf1, 0x0, 0xb, 0xff, 0xe0, 0x0, 0xdf,
    0xfa, 0x0, 0x0, 0x5f, 0xff, 0x40, 0x3f, 0xff,
    0x40, 0x0, 0x0, 0xef, 0xfa, 0x9, 0xff, 0xd0,
    0x0, 0x0, 0x8, 0xff, 0xf1, 0xef, 0xf7, 0x0,
    0x0, 0x0, 0x2f, 0xff, 0xaf, 0xff, 0x10, 0x0,
    0x0, 0x0, 0xcf, 0xff, 0xff, 0xa0, 0x0, 0x0,
    0x0, 0x5, 0xff, 0xff, 0xf3, 0x0, 0x0, 0x0,
    0x0, 0xf, 0xff, 0xfd, 0x0, 0x0, 0x0, 0x0,
    0x0, 0x9f, 0xff, 0x60, 0x0, 0x0, 0x0, 0x0,
    0x7, 0xff, 0xf0, 0x0, 0x0, 0x0, 0x0, 0x0,
    0xef, 0xf9, 0x0, 0x0, 0x0, 0x0, 0x0, 0x5f,
    0xff, 0x30, 0x0, 0x0, 0x0, 0x0, 0xb, 0xff,
    0xc0, 0x0, 0x0, 0x0, 0x0, 0x2, 0xff, 0xf6,
    0x0, 0x0, 0x0, 0x0, 0x0, 0x9f, 0xfe, 0x0,
    0x0, 0x0, 0x0, 0x0, 0x1f, 0xff, 0x90, 0x0,
    0x0, 0x0, 0x0,

    /* U+00FE "þ" */
    0x2f, 0xff, 0x60, 0x0, 0x0, 0x0, 0x0, 0x0,
    0x2f, 0xff, 0x60, 0x0, 0x0, 0x0, 0x0, 0x0,
    0x2f, 0xff, 0x60, 0x0, 0x0, 0x0, 0x0, 0x0,
    0x2f, 0xff, 0x60, 0x0, 0x0, 0x0, 0x0, 0x0,
    0x2f, 0xff, 0x60, 0x0, 0x0, 0x0, 0x0, 0x0,
    0x2f, 0xff, 0x60, 0x0, 0x0, 0x0, 0x0, 0x0,
    0x2f, 0xff, 0x60, 0x6c, 0xff, 0xd9, 0x20, 0x0,
    0x2f, 0xff, 0x7c, 0xff, 0xff, 0xff, 0xf5, 0x0,
    0x2f, 0xff, 0xef, 0xff, 0xff, 0xff, 0xff, 0x30,
    0x2f, 0xff, 0xfe, 0x40, 0x3, 0xcf, 0xff, 0xb0,
    0x2f, 0xff, 0xf2, 0x0, 0x0, 0xd, 0xff, 0xf2,
    0x2f, 0xff, 0xa0, 0x0, 0x0, 0x7, 0xff, 0xf5,
    0x2f, 0xff, 0x60, 0x0, 0x0, 0x3, 0xff, 0xf8,
    0x2f, 0xff, 0x50, 0x0, 0x0, 0x2, 0xff, 0xf8,
    0x2f, 0xff, 0x60, 0x0, 0x0, 0x3, 0xff, 0xf7,
    0x2f, 0xff, 0xa0, 0x0, 0x0, 0x7, 0xff, 0xf5,
    0x2f, 0xff, 0xf2, 0x0, 0x0, 0xe, 0xff, 0xf1,
    0x2f, 0xff, 0xfe, 0x50, 0x3, 0xcf, 0xff, 0xa0,
    0x2f, 0xff, 0xdf, 0xff, 0xff, 0xff, 0xff, 0x20,
    0x2f, 0xff, 0x6c, 0xff, 0xff, 0xff, 0xe4, 0x0,
    0x2f, 0xff, 0x60, 0x7d, 0xff, 0xd8, 0x10, 0x0,
    0x2f, 0xff, 0x60, 0x0, 0x0, 0x0, 0x0, 0x0,
    0x2f, 0xff, 0x60, 0x0, 0x0, 0x0, 0x0, 0x0,
    0x2f, 0xff, 0x60, 0x0, 0x0, 0x0, 0x0, 0x0,
    0x2f, 0xff, 0x60, 0x0, 0x0, 0x0, 0x0, 0x0,
    0x2f, 0xff, 0x60, 0x0, 0x0, 0x0, 0x0, 0x0,
    0x2f, 0xff, 0x60, 0x0, 0x0, 0x0, 0x0, 0x0,

    /* U+00FF "ÿ" */
    0x0, 0xaf, 0xff, 0x30, 0x3f, 0xff, 0xa0, 0x0,
    0xa, 0xff, 0xf3, 0x3, 0xff, 0xfa, 0x0, 0x0,
    0xaf, 0xff, 0x30, 0x3f, 0xff, 0xa0, 0x0, 0xa,
    0xff, 0xf3, 0x3, 0xff, 0xfa, 0x0, 0x0, 0x0,
    0x0, 0x0, 0x0, 0x0, 0x0, 0x0, 0x0, 0x0,
    0x0, 0x0, 0x0, 0x0, 0x0, 0xaf, 0xff, 0x20,
    0x0, 0x0, 0x1f, 0xff, 0xb4, 0xff, 0xf8, 0x0,
    0x0, 0x6, 0xff, 0xf4, 0xe, 0xff, 0xd0, 0x0,
    0x0, 0xcf, 0xfd, 0x0, 0x7f, 0xff, 0x30, 0x0,
    0x2f, 0xff, 0x70, 0x1, 0xff, 0xf9, 0x0, 0x7,
    0xff, 0xf1, 0x0, 0xb, 0xff, 0xe0, 0x0, 0xdf,
    0xfa, 0x0, 0x0, 0x5f, 0xff, 0x40, 0x3f, 0xff,
    0x40, 0x0, 0x0, 0xef, 0xfa, 0x9, 0xff, 0xd0,
    0x0, 0x0, 0x8, 0xff, 0xf1, 0xef, 0xf7, 0x0,
    0x0, 0x0, 0x2f, 0xff, 0xaf, 0xff, 0x10, 0x0,
    0x0, 0x0, 0xcf, 0xff, 0xff, 0xa0, 0x0, 0x0,
    0x0, 0x5, 0xff, 0xff, 0xf3, 0x0, 0x0, 0x0,
    0x0, 0xf, 0xff, 0xfd, 0x0, 0x0, 0x0, 0x0,
    0x0, 0x9f, 0xff, 0x60, 0x0, 0x0, 0x0, 0x0,
    0x7, 0xff, 0xf0, 0x0, 0x0, 0x0, 0x0, 0x0,
    0xef, 0xf9, 0x0, 0x0, 0x0, 0x0, 0x0, 0x5f,
    0xff, 0x30, 0x0, 0x0, 0x0, 0x0, 0xb, 0xff,
    0xc0, 0x0, 0x0, 0x0, 0x0, 0x2, 0xff, 0xf6,
    0x0, 0x0, 0x0, 0x0, 0x0, 0x9f, 0xfe, 0x0,
    0x0, 0x0, 0x0, 0x0, 0x1f, 0xff, 0x90, 0x0,
    0x0, 0x0, 0x0,

    /* U+2013 "–" */
    0x1c, 0xcc, 0xcc, 0xcc, 0xcc, 0xcc, 0xcb, 0x2f,
    0xff, 0xff, 0xff, 0xff, 0xff, 0xfe, 0x2f, 0xff,
    0xff, 0xff, 0xff, 0xff, 0xfe,

    /* U+2014 "—" */
    0x1c, 0xcc, 0xcc, 0xcc, 0xcc, 0xcc, 0xcc, 0xcc,
    0xcc, 0xcc, 0xcc, 0x42, 0xff, 0xff, 0xff, 0xff,
    0xff, 0xff, 0xff, 0xff, 0xff, 0xff, 0xf5, 0x2f,
    0xff, 0xff, 0xff, 0xff, 0xff, 0xff, 0xff, 0xff,
    0xff, 0xff, 0x50,

    /* U+2018 "‘" */
    0x0, 0x0, 0x20, 0x3, 0xcf, 0x2, 0xff, 0xa0,
    0xaf, 0x40, 0xf, 0xf0, 0x2, 0xff, 0xdc, 0x3f,
    0xff, 0xe3, 0xff, 0xfe, 0x3f, 0xff, 0xe0,

    /* U+2019 "’" */
    0x3f, 0xff, 0xe3, 0xff, 0xfe, 0x3f, 0xff, 0xe2,
    0xee, 0xfd, 0x0, 0x3f, 0xb0, 0x9, 0xf5, 0x2b,
    0xfc, 0x4, 0xfa, 0x10, 0x1, 0x0, 0x0,

    /* U+201A "‚" */
    0x2, 0x22, 0x13, 0xff, 0xfc, 0x3f, 0xff, 0xc3,
    0xff, 0xfc, 0x3f, 0xff, 0xb0, 0x5, 0xf9, 0x0,
    0x9f, 0x50, 0x8f, 0xd0, 0x3f, 0xd2, 0x1, 0x50,
    0x0,

    /* U+201C "“" */
    0x0, 0x0, 0x20, 0x0, 0x0, 0x10, 0x3, 0xcf,
    0x0, 0x8, 0xf7, 0x2, 0xff, 0xa0, 0x9, 0xfd,
    0x40, 0xaf, 0x40, 0x2, 0xfc, 0x0, 0xf, 0xf0,
    0x0, 0x7f, 0x70, 0x2, 0xff, 0xdc, 0xa, 0xfe,
    0xd5, 0x3f, 0xff, 0xe0, 0xbf, 0xff, 0x63, 0xff,
    0xfe, 0xb, 0xff, 0xf6, 0x3f, 0xff, 0xe0, 0xbf,
    0xff, 0x60,

    /* U+201D "”" */
    0x3f, 0xff, 0xe0, 0xbf, 0xff, 0x63, 0xff, 0xfe,
    0xb, 0xff, 0xf6, 0x3f, 0xff, 0xe0, 0xbf, 0xff,
    0x62, 0xee, 0xfd, 0xa, 0xef, 0xf5, 0x0, 0x3f,
    0xb0, 0x0, 0xcf, 0x30, 0x9, 0xf5, 0x0, 0x1f,
    0xd0, 0x2b, 0xfc, 0x0, 0x7e, 0xf4, 0x4, 0xfa,
    0x10, 0xc, 0xe5, 0x0, 0x1, 0x0, 0x0, 0x20,
    0x0, 0x0,

    /* U+201E "„" */
    0x2, 0x22, 0x10, 0x22, 0x22, 0x3, 0xff, 0xfc,
    0xd, 0xff, 0xf2, 0x3f, 0xff, 0xc0, 0xdf, 0xff,
    0x23, 0xff, 0xfc, 0xd, 0xff, 0xf2, 0x3f, 0xff,
    0xb0, 0xdf, 0xff, 0x10, 0x5, 0xf9, 0x0, 0xf,
    0xf0, 0x0, 0x9f, 0x50, 0x3, 0xfb, 0x0, 0x8f,
    0xd0, 0x4, 0xef, 0x30, 0x3f, 0xd2, 0x0, 0xdf,
    0x60, 0x1, 0x50, 0x0, 0x6, 0x10, 0x0,

    /* U+2022 "•" */
    0x2f, 0xff, 0xff, 0x93, 0xff, 0xff, 0xf9, 0x3f,
    0xff, 0xff, 0x93, 0xff, 0xff, 0xf9, 0x3f, 0xff,
    0xff, 0x93, 0xff, 0xff, 0xf9,

    /* U+2026 "…" */
    0x2, 0x22, 0x20, 0x2, 0x22, 0x20, 0x1, 0x22,
    0x21, 0x3f, 0xff, 0xe0, 0xd, 0xff, 0xf3, 0x8,
    0xff, 0xf9, 0x3f, 0xff, 0xe0, 0xd, 0xff, 0xf3,
    0x8, 0xff, 0xf9, 0x3f, 0xff, 0xe0, 0xd, 0xff,
    0xf3, 0x8, 0xff, 0xf9, 0x3f, 0xff, 0xe0, 0xd,
    0xff, 0xf3, 0x8, 0xff, 0xf9,

    /* U+F001 "" */
    0x0, 0x0, 0x0, 0x0, 0x0, 0x0, 0x0, 0x0,
    0x0, 0x0, 0x0, 0x0, 0x1, 0x30, 0x0, 0x0,
    0x0, 0x0, 0x0, 0x0, 0x0, 0x0, 0x0, 0x0,
    0x0, 0x38, 0xdf, 0xf9, 0x0, 0x0, 0x0, 0x0,
    0x0, 0x0, 0x0, 0x0, 0x0, 0x15, 0xae, 0xff,
    0xff, 0xff, 0x0, 0x0, 0x0, 0x0, 0x0, 0x0,
    0x0, 0x2, 0x7c, 0xff, 0xff, 0xff, 0xff, 0xff,
    0x0, 0x0, 0x0, 0x0, 0x0, 0x0, 0x49, 0xef,
    0xff, 0xff, 0xff, 0xff, 0xff, 0xff, 0x0, 0x0,
    0x0, 0x0, 0x16, 0xbf, 0xff, 0xff, 0xff, 0xff,
    0xff, 0xff, 0xff, 0xff, 0x0, 0x0, 0x0, 0x8,
    0xff, 0xff, 0xff, 0xff, 0xff, 0xff, 0xff, 0xff,
    0xff, 0xff, 0x0, 0x0, 0x0, 0xf, 0xff, 0xff,
    0xff, 0xff, 0xff, 0xff, 0xff, 0xff, 0xff, 0xff,
    0x0, 0x0, 0x0, 0xf, 0xff, 0xff, 0xff, 0xff,
    0xff, 0xff, 0xff, 0xe9, 0xbf, 0xff, 0x0, 0x0,
    0x0, 0xf, 0xff, 0xff, 0xff, 0xff, 0xff, 0xfc,
    0x73, 0x0, 0x8f, 0xff, 0x0, 0x0, 0x0, 0xf,
    0xff, 0xff, 0xff, 0xfe, 0xa5, 0x10, 0x0, 0x0,
    0x8f, 0xff, 0x0, 0x0, 0x0, 0xf, 0xff, 0xff,
    0xd8, 0x30, 0x0, 0x0, 0x0, 0x0, 0x8f, 0xff,
    0x0, 0x0, 0x0, 0xf, 0xff, 0xa2, 0x0, 0x0,
    0x0, 0x0, 0x0, 0x0, 0x8f, 0xff, 0x0, 0x0,
    0x0, 0xf, 0xff, 0x80, 0x0, 0x0, 0x0, 0x0,
    0x0, 0x0, 0x8f, 0xff, 0x0, 0x0, 0x0, 0xf,
    0xff, 0x80, 0x0, 0x0, 0x0, 0x0, 0x0, 0x0,
    0x8f, 0xff, 0x0, 0x0, 0x0, 0xf, 0xff, 0x80,
    0x0, 0x0, 0x0, 0x0, 0x0, 0x0, 0x8f, 0xff,
    0x0, 0x0, 0x0, 0xf, 0xff, 0x80, 0x0, 0x0,
    0x0, 0x0, 0x0, 0x0, 0x8f, 0xff, 0x0, 0x0,
    0x0, 0xf, 0xff, 0x80, 0x0, 0x0, 0x0, 0x0,
    0x0, 0x0, 0x8f, 0xff, 0x0, 0x0, 0x0, 0xf,
    0xff, 0x80, 0x0, 0x0, 0x0, 0x1, 0x7a, 0xcb,
    0xcf, 0xff, 0x0, 0x0, 0x0, 0xf, 0xff, 0x80,
    0x0, 0x0, 0x0, 0x5f, 0xff, 0xff, 0xff, 0xff,
    0x0, 0x0, 0x0, 0xf, 0xff, 0x80, 0x0, 0x0,
    0x2, 0xff, 0xff, 0xff, 0xff, 0xff, 0x0, 0x1,
    0x33, 0x2f, 0xff, 0x80, 0x0, 0x0, 0x7, 0xff,
    0xff, 0xff, 0xff, 0xff, 0x3, 0xcf, 0xff, 0xff,
    0xff, 0x80, 0x0, 0x0, 0x5, 0xff, 0xff, 0xff,
    0xff, 0xfd, 0x5f, 0xff, 0xff, 0xff, 0xff, 0x80,
    0x0, 0x0, 0x0, 0xbf, 0xff, 0xff, 0xff, 0xf4,
    0xdf, 0xff, 0xff, 0xff, 0xff, 0x80, 0x0, 0x0,
    0x0, 0x7, 0xef, 0xff, 0xfb, 0x20, 0xff, 0xff,
    0xff, 0xff, 0xff, 0x70, 0x0, 0x0, 0x0, 0x0,
    0x1, 0x32, 0x0, 0x0, 0xaf, 0xff, 0xff, 0xff,
    0xff, 0x20, 0x0, 0x0, 0x0, 0x0, 0x0, 0x0,
    0x0, 0x0, 0xa, 0xff, 0xff, 0xff, 0xe4, 0x0,
    0x0, 0x0, 0x0, 0x0, 0x0, 0x0, 0x0, 0x0,
    0x0, 0x27, 0xaa, 0x95, 0x0, 0x0, 0x0, 0x0,
    0x0, 0x0, 0x0, 0x0, 0x0, 0x0,

    /* U+F008 "" */
    0x9b, 0x0, 0xc, 0xff, 0xff, 0xff, 0xff, 0xff,
    0xff, 0xff, 0xff, 0xb0, 0x0, 0xb9, 0xfe, 0x44,
    0x4e, 0xff, 0xff, 0xff, 0xff, 0xff, 0xff, 0xff,
    0xff, 0xe4, 0x44, 0xef, 0xff, 0xff, 0xff, 0xff,
    0xaa, 0xaa, 0xaa, 0xaa, 0xaa, 0xaa, 0xff, 0xff,
    0xff, 0xff, 0xff, 0x88, 0x8f, 0xfd, 0x0, 0x0,
    0x0, 0x0, 0x0, 0x0, 0xef, 0xf8, 0x88, 0xff,
    0xfc, 0x0, 0xc, 0xfd, 0x0, 0x0, 0x0, 0x0,
    0x0, 0x0, 0xef, 0xb0, 0x0, 0xcf, 0xfc, 0x0,
    0xc, 0xfd, 0x0, 0x0, 0x0, 0x0, 0x0, 0x0,
    0xef, 0xb0, 0x0, 0xcf, 0xfd, 0x0, 0xd, 0xfd,
    0x0, 0x0, 0x0, 0x0, 0x0, 0x0, 0xef, 0xd0,
    0x0, 0xdf, 0xff, 0xff, 0xff, 0xfd, 0x0, 0x0,
    0x0, 0x0, 0x0, 0x0, 0xef, 0xff, 0xff, 0xff,
    0xff, 0xcc, 0xcf, 0xfe, 0x0, 0x0, 0x0, 0x0,
    0x0, 0x0, 0xef, 0xfc, 0xcc, 0xff, 0xfc, 0x0,
    0xc, 0xff, 0xdd, 0xdd, 0xdd, 0xdd, 0xdd, 0xdd,
    0xff, 0xc0, 0x0, 0xcf, 0xfc, 0x0, 0xc, 0xff,
    0xff, 0xff, 0xff, 0xff, 0xff, 0xff, 0xff, 0xb0,
    0x0, 0xcf, 0xfc, 0x0, 0xc, 0xff, 0xdd, 0xdd,
    0xdd, 0xdd, 0xdd, 0xdd, 0xff, 0xc0, 0x0, 0xcf,
    0xff, 0xcc, 0xcf, 0xfe, 0x0, 0x0, 0x0, 0x0,
    0x0, 0x0, 0xef, 0xfc, 0xcc, 0xff, 0xff, 0xff,
    0xff, 0xfd, 0x0, 0x0, 0x0, 0x0, 0x0, 0x0,
    0xef, 0xff, 0xff, 0xff, 0xfd, 0x0, 0xd, 0xfd,
    0x0, 0x0, 0x0, 0x0, 0x0, 0x0, 0xef, 0xd0,
    0x0, 0xdf, 0xfc, 0x0, 0xc, 0xfd, 0x0, 0x0,
    0x0, 0x0, 0x0, 0x0, 0xef, 0xb0, 0x0, 0xcf,
    0xfc, 0x0, 0xc, 0xfd, 0x0, 0x0, 0x0, 0x0,
    0x0, 0x0, 0xef, 0xb0, 0x0, 0xcf, 0xff, 0x88,
    0x8f, 0xfd, 0x0, 0x0, 0x0, 0x0, 0x0, 0x0,
    0xef, 0xf8, 0x88, 0xff, 0xff, 0xff, 0xff, 0xff,
    0xaa, 0xaa, 0xaa, 0xaa, 0xaa, 0xaa, 0xff, 0xff,
    0xff, 0xff, 0xfe, 0x44, 0x4e, 0xff, 0xff, 0xff,
    0xff, 0xff, 0xff, 0xff, 0xff, 0xe4, 0x44, 0xef,
    0xab, 0x0, 0xc, 0xff, 0xff, 0xff, 0xff, 0xff,
    0xff, 0xff, 0xff, 0xb0, 0x0, 0xb9,

    /* U+F00B "" */
    0x9f, 0xff, 0xff, 0xfb, 0x0, 0xaf, 0xff, 0xff,
    0xff, 0xff, 0xff, 0xff, 0xff, 0xf9, 0xff, 0xff,
    0xff, 0xff, 0x21, 0xff, 0xff, 0xff, 0xff, 0xff,
    0xff, 0xff, 0xff, 0xff, 0xff, 0xff, 0xff, 0xff,
    0x21, 0xff, 0xff, 0xff, 0xff, 0xff, 0xff, 0xff,
    0xff, 0xff, 0xff, 0xff, 0xff, 0xff, 0x21, 0xff,
    0xff, 0xff, 0xff, 0xff, 0xff, 0xff, 0xff, 0xff,
    0xff, 0xff, 0xff, 0xff, 0x21, 0xff, 0xff, 0xff,
    0xff, 0xff, 0xff, 0xff, 0xff, 0xff, 0xff, 0xff,
    0xff, 0xff, 0x21, 0xff, 0xff, 0xff, 0xff, 0xff,
    0xff, 0xff, 0xff, 0xff, 0xaf, 0xff, 0xff, 0xfc,
    0x0, 0xcf, 0xff, 0xff, 0xff, 0xff, 0xff, 0xff,
    0xff, 0xfa, 0x0, 0x0, 0x0, 0x0, 0x0, 0x0,
    0x0, 0x0, 0x0, 0x0, 0x0, 0x0, 0x0, 0x0,
    0x0, 0x0, 0x0, 0x0, 0x0, 0x0, 0x0, 0x0,
    0x0, 0x0, 0x0, 0x0, 0x0, 0x0, 0x9f, 0xff,
    0xff, 0xfb, 0x0, 0xbf, 0xff, 0xff, 0xff, 0xff,
    0xff, 0xff, 0xff, 0xf9, 0xff, 0xff, 0xff, 0xff,
    0x21, 0xff, 0xff, 0xff, 0xff, 0xff, 0xff, 0xff,
    0xff, 0xff, 0xff, 0xff, 0xff, 0xff, 0x21, 0xff,
    0xff, 0xff, 0xff, 0xff, 0xff, 0xff, 0xff, 0xff,
    0xff, 0xff, 0xff, 0xff, 0x21, 0xff, 0xff, 0xff,
    0xff, 0xff, 0xff, 0xff, 0xff, 0xff, 0xff, 0xff,
    0xff, 0xff, 0x21, 0xff, 0xff, 0xff, 0xff, 0xff,
    0xff, 0xff, 0xff, 0xff, 0xff, 0xff, 0xff, 0xff,
    0x21, 0xff, 0xff, 0xff, 0xff, 0xff, 0xff, 0xff,
    0xff, 0xff, 0xaf, 0xff, 0xff, 0xfc, 0x0, 0xbf,
    0xff, 0xff, 0xff, 0xff, 0xff, 0xff, 0xff, 0xf9,
    0x0, 0x0, 0x0, 0x0, 0x0, 0x0, 0x0, 0x0,
    0x0, 0x0, 0x0, 0x0, 0x0, 0x0, 0x0, 0x0,
    0x0, 0x0, 0x0, 0x0, 0x0, 0x0, 0x0, 0x0,
    0x0, 0x0, 0x0, 0x0, 0xaf, 0xff, 0xff, 0xfc,
    0x0, 0xcf, 0xff, 0xff, 0xff, 0xff, 0xff, 0xff,
    0xff, 0xfa, 0xff, 0xff, 0xff, 0xff, 0x21, 0xff,
    0xff, 0xff, 0xff, 0xff, 0xff, 0xff, 0xff, 0xff,
    0xff, 0xff, 0xff, 0xff, 0x21, 0xff, 0xff, 0xff,
    0xff, 0xff, 0xff, 0xff, 0xff, 0xff, 0xff, 0xff,
    0xff, 0xff, 0x21, 0xff, 0xff, 0xff, 0xff, 0xff,
    0xff, 0xff, 0xff, 0xff, 0xff, 0xff, 0xff, 0xff,
    0x21, 0xff, 0xff, 0xff, 0xff, 0xff, 0xff, 0xff,
    0xff, 0xff, 0xff, 0xff, 0xff, 0xff, 0x21, 0xff,
    0xff, 0xff, 0xff, 0xff, 0xff, 0xff, 0xff, 0xff,
    0x9f, 0xff, 0xff, 0xfb, 0x0, 0xaf, 0xff, 0xff,
    0xff, 0xff, 0xff, 0xff, 0xff, 0xf9,

    /* U+F00C "" */
    0x0, 0x0, 0x0, 0x0, 0x0, 0x0, 0x0, 0x0,
    0x0, 0x0, 0x0, 0x5, 0xe9, 0x0, 0x0, 0x0,
    0x0, 0x0, 0x0, 0x0, 0x0, 0x0, 0x0, 0x0,
    0x0, 0x6f, 0xff, 0xa0, 0x0, 0x0, 0x0, 0x0,
    0x0, 0x0, 0x0, 0x0, 0x0, 0x0, 0x6, 0xff,
    0xff, 0xf9, 0x0, 0x0, 0x0, 0x0, 0x0, 0x0,
    0x0, 0x0, 0x0, 0x0, 0x6f, 0xff, 0xff, 0xff,
    0x0, 0x0, 0x0, 0x0, 0x0, 0x0, 0x0, 0x0,
    0x0, 0x6, 0xff, 0xff, 0xff, 0xf8, 0x0, 0x0,
    0x0, 0x0, 0x0, 0x0, 0x0, 0x0, 0x0, 0x6f,
    0xff, 0xff, 0xff, 0x80, 0x0, 0x0, 0x0, 0x0,
    0x0, 0x0, 0x0, 0x0, 0x6, 0xff, 0xff, 0xff,
    0xf8, 0x0, 0x0, 0x8e, 0x50, 0x0, 0x0, 0x0,
    0x0, 0x0, 0x6f, 0xff, 0xff, 0xff, 0x80, 0x0,
    0xa, 0xff, 0xf6, 0x0, 0x0, 0x0, 0x0, 0x6,
    0xff, 0xff, 0xff, 0xf8, 0x0, 0x0, 0x9f, 0xff,
    0xff, 0x60, 0x0, 0x0, 0x0, 0x6f, 0xff, 0xff,
    0xff, 0x80, 0x0, 0x0, 0xff, 0xff, 0xff, 0xf6,
    0x0, 0x0, 0x6, 0xff, 0xff, 0xff, 0xf8, 0x0,
    0x0, 0x0, 0x8f, 0xff, 0xff, 0xff, 0x60, 0x0,
    0x6f, 0xff, 0xff, 0xff, 0x80, 0x0, 0x0, 0x0,
    0x8, 0xff, 0xff, 0xff, 0xf6, 0x6, 0xff, 0xff,
    0xff, 0xf8, 0x0, 0x0, 0x0, 0x0, 0x0, 0x8f,
    0xff, 0xff, 0xff, 0xaf, 0xff, 0xff, 0xff, 0x80,
    0x0, 0x0, 0x0, 0x0, 0x0, 0x8, 0xff, 0xff,
    0xff, 0xff, 0xff, 0xff, 0xf8, 0x0, 0x0, 0x0,
    0x0, 0x0, 0x0, 0x0, 0x8f, 0xff, 0xff, 0xff,
    0xff, 0xff, 0x80, 0x0, 0x0, 0x0, 0x0, 0x0,
    0x0, 0x0, 0x8, 0xff, 0xff, 0xff, 0xff, 0xf8,
    0x0, 0x0, 0x0, 0x0, 0x0, 0x0, 0x0, 0x0,
    0x0, 0x8f, 0xff, 0xff, 0xff, 0x70, 0x0, 0x0,
    0x0, 0x0, 0x0, 0x0, 0x0, 0x0, 0x0, 0x7,
    0xff, 0xff, 0xf7, 0x0, 0x0, 0x0, 0x0, 0x0,
    0x0, 0x0, 0x0, 0x0, 0x0, 0x0, 0x7f, 0xff,
    0x70, 0x0, 0x0, 0x0, 0x0, 0x0, 0x0, 0x0,
    0x0, 0x0, 0x0, 0x0, 0x7, 0xe7, 0x0, 0x0,
    0x0, 0x0, 0x0, 0x0, 0x0, 0x0,

    /* U+F00D "" */
    0x0, 0x0, 0x0, 0x0, 0x0, 0x0, 0x0, 0x0,
    0x10, 0x0, 0x6, 0xff, 0x50, 0x0, 0x0, 0x0,
    0x0, 0x2d, 0xfa, 0x0, 0x6f, 0xff, 0xf5, 0x0,
    0x0, 0x0, 0x2, 0xef, 0xff, 0xa0, 0xef, 0xff,
    0xff, 0x50, 0x0, 0x0, 0x2e, 0xff, 0xff, 0xf2,
    0xcf, 0xff, 0xff, 0xf5, 0x0, 0x2, 0xef, 0xff,
    0xff, 0xf1, 0x2e, 0xff, 0xff, 0xff, 0x50, 0x2e,
    0xff, 0xff, 0xff, 0x50, 0x2, 0xef, 0xff, 0xff,
    0xf7, 0xef, 0xff, 0xff, 0xf5, 0x0, 0x0, 0x2e,
    0xff, 0xff, 0xff, 0xff, 0xff, 0xff, 0x50, 0x0,
    0x0, 0x2, 0xef, 0xff, 0xff, 0xff, 0xff, 0xf5,
    0x0, 0x0, 0x0, 0x0, 0x2e, 0xff, 0xff, 0xff,
    0xff, 0x50, 0x0, 0x0, 0x0, 0x0, 0x4, 0xff,
    0xff, 0xff, 0xf8, 0x0, 0x0, 0x0, 0x0, 0x0,
    0x2e, 0xff, 0xff, 0xff, 0xff, 0x50, 0x0, 0x0,
    0x0, 0x2, 0xef, 0xff, 0xff, 0xff, 0xff, 0xf5,
    0x0, 0x0, 0x0, 0x2e, 0xff, 0xff, 0xff, 0xff,
    0xff, 0xff, 0x50, 0x0, 0x2, 0xef, 0xff, 0xff,
    0xf6, 0xef, 0xff, 0xff, 0xf5, 0x0, 0x2e, 0xff,
    0xff, 0xff, 0x40, 0x2e, 0xff, 0xff, 0xff, 0x50,
    0xcf, 0xff, 0xff, 0xf4, 0x0, 0x2, 0xef, 0xff,
    0xff, 0xf1, 0xef, 0xff, 0xff, 0x40, 0x0, 0x0,
    0x2e, 0xff, 0xff, 0xf2, 0x6f, 0xff, 0xf4, 0x0,
    0x0, 0x0, 0x2, 0xef, 0xff, 0xa0, 0x6, 0xff,
    0x40, 0x0, 0x0, 0x0, 0x0, 0x2d, 0xfa, 0x0,
    0x0, 0x0, 0x0, 0x0, 0x0, 0x0, 0x0, 0x0,
    0x10, 0x0,

    /* U+F011 "" */
    0x0, 0x0, 0x0, 0x0, 0x0, 0x0, 0x69, 0x96,
    0x0, 0x0, 0x0, 0x0, 0x0, 0x0, 0x0, 0x0,
    0x0, 0x0, 0x0, 0x2, 0xff, 0xff, 0x20, 0x0,
    0x0, 0x0, 0x0, 0x0, 0x0, 0x0, 0x0, 0x0,
    0x0, 0x3, 0xff, 0xff, 0x30, 0x0, 0x0, 0x0,
    0x0, 0x0, 0x0, 0x0, 0x1, 0xa8, 0x0, 0x3,
    0xff, 0xff, 0x30, 0x0, 0x8a, 0x10, 0x0, 0x0,
    0x0, 0x0, 0x3e, 0xff, 0x60, 0x3, 0xff, 0xff,
    0x30, 0x6, 0xff, 0xe3, 0x0, 0x0, 0x0, 0x2,
    0xef, 0xff, 0xe0, 0x3, 0xff, 0xff, 0x30, 0xe,
    0xff, 0xff, 0x30, 0x0, 0x0, 0xd, 0xff, 0xff,
    0xe0, 0x3, 0xff, 0xff, 0x30, 0xe, 0xff, 0xff,
    0xd1, 0x0, 0x0, 0x9f, 0xff, 0xfe, 0x30, 0x3,
    0xff, 0xff, 0x30, 0x3, 0xef, 0xff, 0xf9, 0x0,
    0x2, 0xff, 0xff, 0xe2, 0x0, 0x3, 0xff, 0xff,
    0x30, 0x0, 0x2e, 0xff, 0xff, 0x20, 0x9, 0xff,
    0xff, 0x50, 0x0, 0x3, 0xff, 0xff, 0x30, 0x0,
    0x5, 0xff, 0xff, 0x90, 0xe, 0xff, 0xfc, 0x0,
    0x0, 0x3, 0xff, 0xff, 0x30, 0x0, 0x0, 0xcf,
    0xff, 0xe0, 0x3f, 0xff, 0xf5, 0x0, 0x0, 0x3,
    0xff, 0xff, 0x30, 0x0, 0x0, 0x6f, 0xff, 0xf3,
    0x6f, 0xff, 0xf0, 0x0, 0x0, 0x3, 0xff, 0xff,
    0x30, 0x0, 0x0, 0xf, 0xff, 0xf6, 0x7f, 0xff,
    0xe0, 0x0, 0x0, 0x3, 0xff, 0xff, 0x30, 0x0,
    0x0, 0xe, 0xff, 0xf8, 0x8f, 0xff, 0xd0, 0x0,
    0x0, 0x2, 0xff, 0xff, 0x20, 0x0, 0x0, 0xd,
    0xff, 0xf8, 0x8f, 0xff, 0xe0, 0x0, 0x0, 0x0,
    0xef, 0xfe, 0x0, 0x0, 0x0, 0xe, 0xff, 0xf7,
    0x6f, 0xff, 0xf0, 0x0, 0x0, 0x0, 0x2, 0x20,
    0x0, 0x0, 0x0, 0xf, 0xff, 0xf6, 0x3f, 0xff,
    0xf5, 0x0, 0x0, 0x0, 0x0, 0x0, 0x0, 0x0,
    0x0, 0x5f, 0xff, 0xf3, 0xe, 0xff, 0xfb, 0x0,
    0x0, 0x0, 0x0, 0x0, 0x0, 0x0, 0x0, 0xbf,
    0xff, 0xe0, 0x9, 0xff, 0xff, 0x40, 0x0, 0x0,
    0x0, 0x0, 0x0, 0x0, 0x4, 0xff, 0xff, 0x90,
    0x2, 0xff, 0xff, 0xe2, 0x0, 0x0, 0x0, 0x0,
    0x0, 0x0, 0x2e, 0xff, 0xff, 0x20, 0x0, 0x9f,
    0xff, 0xfe, 0x30, 0x0, 0x0, 0x0, 0x0, 0x3,
    0xef, 0xff, 0xf9, 0x0, 0x0, 0x1e, 0xff, 0xff,
    0xf8, 0x0, 0x0, 0x0, 0x0, 0x8f, 0xff, 0xff,
    0xd1, 0x0, 0x0, 0x3, 0xff, 0xff, 0xff, 0xfa,
    0x75, 0x57, 0xaf, 0xff, 0xff, 0xfe, 0x20, 0x0,
    0x0, 0x0, 0x3e, 0xff, 0xff, 0xff, 0xff, 0xff,
    0xff, 0xff, 0xff, 0xe3, 0x0, 0x0, 0x0, 0x0,
    0x2, 0xcf, 0xff, 0xff, 0xff, 0xff, 0xff, 0xff,
    0xfc, 0x10, 0x0, 0x0, 0x0, 0x0, 0x0, 0x6,
    0xef, 0xff, 0xff, 0xff, 0xff, 0xfe, 0x60, 0x0,
    0x0, 0x0, 0x0, 0x0, 0x0, 0x0, 0x4, 0x9d,
    0xff, 0xfe, 0xd9, 0x40, 0x0, 0x0, 0x0, 0x0,
    0x0, 0x0, 0x0, 0x0, 0x0, 0x0, 0x0, 0x0,
    0x0, 0x0, 0x0, 0x0, 0x0, 0x0,

    /* U+F013 "" */
    0x0, 0x0, 0x0, 0x0, 0x0, 0x0, 0x0, 0x0,
    0x0, 0x0, 0x0, 0x0, 0x0, 0x0, 0x0, 0x0,
    0x0, 0x0, 0x2c, 0xff, 0xff, 0xd6, 0x0, 0x0,
    0x0, 0x0, 0x0, 0x0, 0x0, 0x0, 0x0, 0x5,
    0xff, 0xff, 0xff, 0xa0, 0x0, 0x0, 0x0, 0x0,
    0x0, 0x0, 0x0, 0x0, 0x0, 0x5f, 0xff, 0xff,
    0xfa, 0x0, 0x0, 0x0, 0x0, 0x0, 0x0, 0x0,
    0x0, 0x0, 0x8, 0xff, 0xff, 0xff, 0xc1, 0x0,
    0x0, 0x0, 0x0, 0x0, 0x1, 0xc8, 0x0, 0x5d,
    0xff, 0xff, 0xff, 0xff, 0xf8, 0x0, 0x6d, 0x40,
    0x0, 0x0, 0xcf, 0xfe, 0xaf, 0xff, 0xff, 0xff,
    0xff, 0xff, 0xfc, 0xcf, 0xfe, 0x20, 0x0, 0x7f,
    0xff, 0xff, 0xff, 0xff, 0xff, 0xff, 0xff, 0xff,
    0xff, 0xff, 0xfb, 0x0, 0x1f, 0xff, 0xff, 0xff,
    0xff, 0xff, 0xff, 0xff, 0xff, 0xff, 0xff, 0xff,
    0xf4, 0x7, 0xff, 0xff, 0xff, 0xff, 0xff, 0xff,
    0xff, 0xff, 0xff, 0xff, 0xff, 0xff, 0xb0, 0xcf,
    0xff, 0xff, 0xff, 0xff, 0xe7, 0x32, 0x5d, 0xff,
    0xff, 0xff, 0xff, 0xff, 0x13, 0xcf, 0xff, 0xff,
    0xff, 0xe1, 0x0, 0x0, 0xb, 0xff, 0xff, 0xff,
    0xfe, 0x60, 0x0, 0x7f, 0xff, 0xff, 0xf4, 0x0,
    0x0, 0x0, 0xe, 0xff, 0xff, 0xfb, 0x10, 0x0,
    0x4, 0xff, 0xff, 0xfe, 0x0, 0x0, 0x0, 0x0,
    0x9f, 0xff, 0xff, 0x90, 0x0, 0x0, 0x5f, 0xff,
    0xff, 0xc0, 0x0, 0x0, 0x0, 0x8, 0xff, 0xff,
    0xfa, 0x0, 0x0, 0x4, 0xff, 0xff, 0xfe, 0x0,
    0x0, 0x0, 0x0, 0x9f, 0xff, 0xff, 0x80, 0x0,
    0x0, 0x7f, 0xff, 0xff, 0xf4, 0x0, 0x0, 0x0,
    0xe, 0xff, 0xff, 0xfb, 0x10, 0x3, 0xcf, 0xff,
    0xff, 0xff, 0xe1, 0x0, 0x0, 0xb, 0xff, 0xff,
    0xff, 0xfe, 0x60, 0xcf, 0xff, 0xff, 0xff, 0xff,
    0xe7, 0x32, 0x5d, 0xff, 0xff, 0xff, 0xff, 0xff,
    0x17, 0xff, 0xff, 0xff, 0xff, 0xff, 0xff, 0xff,
    0xff, 0xff, 0xff, 0xff, 0xff, 0xb0, 0x1e, 0xff,
    0xff, 0xff, 0xff, 0xff, 0xff, 0xff, 0xff, 0xff,
    0xff, 0xff, 0xf4, 0x0, 0x7f, 0xff, 0xff, 0xff,
    0xff, 0xff, 0xff, 0xff, 0xff, 0xff, 0xff, 0xfb,
    0x0, 0x0, 0xcf, 0xfe, 0xaf, 0xff, 0xff, 0xff,
    0xff, 0xff, 0xfc, 0xcf, 0xfe, 0x10, 0x0, 0x1,
    0xc8, 0x0, 0x5d, 0xff, 0xff, 0xff, 0xff, 0xf8,
    0x0, 0x5d, 0x40, 0x0, 0x0, 0x0, 0x0, 0x0,
    0x8, 0xff, 0xff, 0xff, 0xc0, 0x0, 0x0, 0x0,
    0x0, 0x0, 0x0, 0x0, 0x0, 0x0, 0x5f, 0xff,
    0xff, 0xfa, 0x0, 0x0, 0x0, 0x0, 0x0, 0x0,
    0x0, 0x0, 0x0, 0x5, 0xff, 0xff, 0xff, 0xa0,
    0x0, 0x0, 0x0, 0x0, 0x0, 0x0, 0x0, 0x0,
    0x0, 0x2c, 0xff, 0xff, 0xd6, 0x0, 0x0, 0x0,
    0x0, 0x0, 0x0, 0x0, 0x0, 0x0, 0x0, 0x0,
    0x0, 0x0, 0x0, 0x0, 0x0, 0x0, 0x0, 0x0,

    /* U+F015 "" */
    0x0, 0x0, 0x0, 0x0, 0x0, 0x0, 0x0, 0x37,
    0x60, 0x0, 0x0, 0x48, 0x88, 0x40, 0x0, 0x0,
    0x0, 0x0, 0x0, 0x0, 0x0, 0x0, 0x7, 0xff,
    0xfd, 0x10, 0x0, 0xaf, 0xff, 0xa0, 0x0, 0x0,
    0x0, 0x0, 0x0, 0x0, 0x0, 0x0, 0xaf, 0xff,
    0xff, 0xe3, 0x0, 0xbf, 0xff, 0xb0, 0x0, 0x0,
    0x0, 0x0, 0x0, 0x0, 0x0, 0x1c, 0xff, 0xff,
    0xff, 0xff, 0x60, 0xbf, 0xff, 0xb0, 0x0, 0x0,
    0x0, 0x0, 0x0, 0x0, 0x3, 0xef, 0xff, 0xf8,
    0xcf, 0xff, 0xf9, 0xbf, 0xff, 0xb0, 0x0, 0x0,
    0x0, 0x0, 0x0, 0x0, 0x6f, 0xff, 0xfe, 0x30,
    0xa, 0xff, 0xff, 0xff, 0xff, 0xb0, 0x0, 0x0,
    0x0, 0x0, 0x0, 0x8, 0xff, 0xff, 0xd2, 0x3,
    0x10, 0x7f, 0xff, 0xff, 0xff, 0xb0, 0x0, 0x0,
    0x0, 0x0, 0x1, 0xbf, 0xff, 0xfa, 0x0, 0x8f,
    0xd2, 0x4, 0xff, 0xff, 0xff, 0xb0, 0x0, 0x0,
    0x0, 0x0, 0x2d, 0xff, 0xff, 0x80, 0xb, 0xff,
    0xff, 0x40, 0x2d, 0xff, 0xff, 0xb0, 0x0, 0x0,
    0x0, 0x4, 0xff, 0xff, 0xf5, 0x2, 0xdf, 0xff,
    0xff, 0xf7, 0x1, 0xbf, 0xff, 0xfa, 0x0, 0x0,
    0x0, 0x7f, 0xff, 0xfe, 0x30, 0x3e, 0xff, 0xff,
    0xff, 0xff, 0xa0, 0x9, 0xff, 0xff, 0xc1, 0x0,
    0xa, 0xff, 0xff, 0xc1, 0x6, 0xff, 0xff, 0xff,
    0xff, 0xff, 0xfc, 0x10, 0x6f, 0xff, 0xfe, 0x30,
    0xbf, 0xff, 0xfa, 0x0, 0x9f, 0xff, 0xff, 0xff,
    0xff, 0xff, 0xff, 0xe3, 0x4, 0xef, 0xff, 0xf4,
    0xbf, 0xff, 0x70, 0x1b, 0xff, 0xff, 0xff, 0xff,
    0xff, 0xff, 0xff, 0xff, 0x50, 0x2d, 0xff, 0xf3,
    0xd, 0xf4, 0x2, 0xdf, 0xff, 0xff, 0xff, 0xff,
    0xff, 0xff, 0xff, 0xff, 0xf8, 0x0, 0xbf, 0x60,
    0x1, 0x20, 0xb, 0xff, 0xff, 0xff, 0xff, 0xff,
    0xff, 0xff, 0xff, 0xff, 0xff, 0x30, 0x3, 0x0,
    0x0, 0x0, 0xc, 0xff, 0xff, 0xff, 0xff, 0xff,
    0xff, 0xff, 0xff, 0xff, 0xff, 0x40, 0x0, 0x0,
    0x0, 0x0, 0xc, 0xff, 0xff, 0xff, 0xff, 0xff,
    0xff, 0xff, 0xff, 0xff, 0xff, 0x40, 0x0, 0x0,
    0x0, 0x0, 0xc, 0xff, 0xff, 0xff, 0xf4, 0x0,
    0x0, 0xcf, 0xff, 0xff, 0xff, 0x40, 0x0, 0x0,
    0x0, 0x0, 0xc, 0xff, 0xff, 0xff, 0xf2, 0x0,
    0x0, 0xaf, 0xff, 0xff, 0xff, 0x40, 0x0, 0x0,
    0x0, 0x0, 0xc, 0xff, 0xff, 0xff, 0xf2, 0x0,
    0x0, 0xaf, 0xff, 0xff, 0xff, 0x40, 0x0, 0x0,
    0x0, 0x0, 0xc, 0xff, 0xff, 0xff, 0xf2, 0x0,
    0x0, 0xaf, 0xff, 0xff, 0xff, 0x40, 0x0, 0x0,
    0x0, 0x0, 0xc, 0xff, 0xff, 0xff, 0xf2, 0x0,
    0x0, 0xaf, 0xff, 0xff, 0xff, 0x40, 0x0, 0x0,
    0x0, 0x0, 0xc, 0xff, 0xff, 0xff, 0xf2, 0x0,
    0x0, 0xaf, 0xff, 0xff, 0xff, 0x40, 0x0, 0x0,
    0x0, 0x0, 0x8, 0xff, 0xff, 0xff, 0xd0, 0x0,
    0x0, 0x6f, 0xff, 0xff, 0xfe, 0x10, 0x0, 0x0,

    /* U+F019 "" */
    0x0, 0x0, 0x0, 0x0, 0x0, 0x3, 0x55, 0x55,
    0x30, 0x0, 0x0, 0x0, 0x0, 0x0, 0x0, 0x0,
    0x0, 0x0, 0x0, 0x5f, 0xff, 0xff, 0xf5, 0x0,
    0x0, 0x0, 0x0, 0x0, 0x0, 0x0, 0x0, 0x0,
    0x0, 0x8f, 0xff, 0xff, 0xf8, 0x0, 0x0, 0x0,
    0x0, 0x0, 0x0, 0x0, 0x0, 0x0, 0x0, 0x8f,
    0xff, 0xff, 0xf8, 0x0, 0x0, 0x0, 0x0, 0x0,
    0x0, 0x0, 0x0, 0x0, 0x0, 0x8f, 0xff, 0xff,
    0xf8, 0x0, 0x0, 0x0, 0x0, 0x0, 0x0, 0x0,
    0x0, 0x0, 0x0, 0x8f, 0xff, 0xff, 0xf8, 0x0,
    0x0, 0x0, 0x0, 0x0, 0x0, 0x0, 0x0, 0x0,
    0x0, 0x8f, 0xff, 0xff, 0xf8, 0x0, 0x0, 0x0,
    0x0, 0x0, 0x0, 0x0, 0x0, 0x0, 0x0, 0x8f,
    0xff, 0xff, 0xf8, 0x0, 0x0, 0x0, 0x0, 0x0,
    0x0, 0x0, 0x0, 0x0, 0x0, 0x8f, 0xff, 0xff,
    0xf8, 0x0, 0x0, 0x0, 0x0, 0x0, 0x0, 0x0,
    0x0, 0x0, 0x0, 0x8f, 0xff, 0xff, 0xf8, 0x0,
    0x0, 0x0, 0x0, 0x0, 0x0, 0x0, 0x0, 0x0,
    0x0, 0x8f, 0xff, 0xff, 0xf8, 0x0, 0x0, 0x0,
    0x0, 0x0, 0x0, 0x0, 0x1c, 0xdd, 0xdd, 0xef,
    0xff, 0xff, 0xfe, 0xdd, 0xdd, 0xc1, 0x0, 0x0,
    0x0, 0x0, 0x4f, 0xff, 0xff, 0xff, 0xff, 0xff,
    0xff, 0xff, 0xff, 0xf4, 0x0, 0x0, 0x0, 0x0,
    0x9, 0xff, 0xff, 0xff, 0xff, 0xff, 0xff, 0xff,
    0xff, 0x90, 0x0, 0x0, 0x0, 0x0, 0x0, 0x9f,
    0xff, 0xff, 0xff, 0xff, 0xff, 0xff, 0xf9, 0x0,
    0x0, 0x0, 0x0, 0x0, 0x0, 0x9, 0xff, 0xff,
    0xff, 0xff, 0xff, 0xff, 0x90, 0x0, 0x0, 0x0,
    0x0, 0x0, 0x0, 0x0, 0x8f, 0xff, 0xff, 0xff,
    0xff, 0xf8, 0x0, 0x0, 0x0, 0x0, 0x0, 0x0,
    0x0, 0x0, 0x8, 0xff, 0xff, 0xff, 0xff, 0x80,
    0x0, 0x0, 0x0, 0x0, 0x0, 0x0, 0x0, 0x0,
    0x0, 0x8f, 0xff, 0xff, 0xf8, 0x0, 0x0, 0x0,
    0x0, 0x0, 0x1, 0x11, 0x11, 0x11, 0x10, 0x8,
    0xff, 0xff, 0x80, 0x1, 0x11, 0x11, 0x11, 0x10,
    0xbf, 0xff, 0xff, 0xff, 0xfd, 0x10, 0x8f, 0xf8,
    0x1, 0xdf, 0xff, 0xff, 0xff, 0xfb, 0xff, 0xff,
    0xff, 0xff, 0xff, 0xe2, 0x6, 0x60, 0x2d, 0xff,
    0xff, 0xff, 0xff, 0xff, 0xff, 0xff, 0xff, 0xff,
    0xff, 0xfe, 0x30, 0x3, 0xef, 0xff, 0xff, 0xff,
    0xff, 0xff, 0xff, 0xff, 0xff, 0xff, 0xff, 0xff,
    0xfd, 0xdf, 0xff, 0xff, 0xff, 0xff, 0xff, 0xff,
    0xff, 0xff, 0xff, 0xff, 0xff, 0xff, 0xff, 0xff,
    0xff, 0xff, 0xff, 0xff, 0xff, 0xff, 0xff, 0xff,
    0xff, 0xff, 0xff, 0xff, 0xff, 0xff, 0xff, 0xf4,
    0x1e, 0xb0, 0x8f, 0xff, 0xff, 0xff, 0xff, 0xff,
    0xff, 0xff, 0xff, 0xff, 0xff, 0xf5, 0x2e, 0xc1,
    0x8f, 0xff, 0xef, 0xff, 0xff, 0xff, 0xff, 0xff,
    0xff, 0xff, 0xff, 0xff, 0xff, 0xff, 0xff, 0xfe,
    0x37, 0x88, 0x88, 0x88, 0x88, 0x88, 0x88, 0x88,
    0x88, 0x88, 0x88, 0x88, 0x88, 0x73,

    /* U+F01C "" */
    0x0, 0x0, 0x0, 0x2b, 0xff, 0xff, 0xff, 0xff,
    0xff, 0xff, 0xff, 0xfe, 0x80, 0x0, 0x0, 0x0,
    0x0, 0x0, 0x1, 0xef, 0xff, 0xff, 0xff, 0xff,
    0xff, 0xff, 0xff, 0xff, 0xf8, 0x0, 0x0, 0x0,
    0x0, 0x0, 0xa, 0xff, 0xff, 0xff, 0xff, 0xff,
    0xff, 0xff, 0xff, 0xff, 0xff, 0x30, 0x0, 0x0,
    0x0, 0x0, 0x5f, 0xff, 0xd8, 0x88, 0x88, 0x88,
    0x88, 0x88, 0x88, 0x9f, 0xff, 0xd0, 0x0, 0x0,
    0x0, 0x1, 0xef, 0xff, 0x30, 0x0, 0x0, 0x0,
    0x0, 0x0, 0x0, 0xb, 0xff, 0xf8, 0x0, 0x0,
    0x0, 0xa, 0xff, 0xf8, 0x0, 0x0, 0x0, 0x0,
    0x0, 0x0, 0x0, 0x1, 0xef, 0xff, 0x30, 0x0,
    0x0, 0x5f, 0xff, 0xd0, 0x0, 0x0, 0x0, 0x0,
    0x0, 0x0, 0x0, 0x0, 0x5f, 0xff, 0xd0, 0x0,
    0x1, 0xef, 0xff, 0x30, 0x0, 0x0, 0x0, 0x0,
    0x0, 0x0, 0x0, 0x0, 0xb, 0xff, 0xf8, 0x0,
    0xa, 0xff, 0xf8, 0x0, 0x0, 0x0, 0x0, 0x0,
    0x0, 0x0, 0x0, 0x0, 0x1, 0xef, 0xff, 0x20,
    0x5f, 0xff, 0xd0, 0x0, 0x0, 0x0, 0x0, 0x0,
    0x0, 0x0, 0x0, 0x0, 0x0, 0x5f, 0xff, 0xd0,
    0xdf, 0xff, 0xb8, 0x88, 0x88, 0x70, 0x0, 0x0,
    0x0, 0x0, 0x48, 0x88, 0x88, 0x8e, 0xff, 0xf5,
    0xff, 0xff, 0xff, 0xff, 0xff, 0xf7, 0x0, 0x0,
    0x0, 0x0, 0xef, 0xff, 0xff, 0xff, 0xff, 0xf7,
    0xff, 0xff, 0xff, 0xff, 0xff, 0xfe, 0x0, 0x0,
    0x0, 0x7, 0xff, 0xff, 0xff, 0xff, 0xff, 0xf8,
    0xff, 0xff, 0xff, 0xff, 0xff, 0xff, 0x70, 0x0,
    0x0, 0xe, 0xff, 0xff, 0xff, 0xff, 0xff, 0xf8,
    0xff, 0xff, 0xff, 0xff, 0xff, 0xff, 0xff, 0xff,
    0xff, 0xff, 0xff, 0xff, 0xff, 0xff, 0xff, 0xf8,
    0xff, 0xff, 0xff, 0xff, 0xff, 0xff, 0xff, 0xff,
    0xff, 0xff, 0xff, 0xff, 0xff, 0xff, 0xff, 0xf8,
    0xff, 0xff, 0xff, 0xff, 0xff, 0xff, 0xff, 0xff,
    0xff, 0xff, 0xff, 0xff, 0xff, 0xff, 0xff, 0xf8,
    0xff, 0xff, 0xff, 0xff, 0xff, 0xff, 0xff, 0xff,
    0xff, 0xff, 0xff, 0xff, 0xff, 0xff, 0xff, 0xf8,
    0xff, 0xff, 0xff, 0xff, 0xff, 0xff, 0xff, 0xff,
    0xff, 0xff, 0xff, 0xff, 0xff, 0xff, 0xff, 0xf7,
    0xbf, 0xff, 0xff, 0xff, 0xff, 0xff, 0xff, 0xff,
    0xff, 0xff, 0xff, 0xff, 0xff, 0xff, 0xff, 0xf3,
    0x1b, 0xff, 0xff, 0xff, 0xff, 0xff, 0xff, 0xff,
    0xff, 0xff, 0xff, 0xff, 0xff, 0xff, 0xfe, 0x50,

    /* U+F021 "" */
    0x0, 0x0, 0x0, 0x0, 0x0, 0x0, 0x0, 0x0,
    0x0, 0x0, 0x0, 0x0, 0x58, 0x86, 0x0, 0x0,
    0x0, 0x0, 0x4, 0x9d, 0xef, 0xfe, 0xb7, 0x20,
    0x0, 0x0, 0xdf, 0xff, 0x0, 0x0, 0x0, 0x6,
    0xdf, 0xff, 0xff, 0xff, 0xff, 0xfb, 0x30, 0x0,
    0xdf, 0xff, 0x0, 0x0, 0x1, 0xbf, 0xff, 0xff,
    0xff, 0xff, 0xff, 0xff, 0xfa, 0x10, 0xcf, 0xff,
    0x0, 0x0, 0x2e, 0xff, 0xff, 0xff, 0xfe, 0xef,
    0xff, 0xff, 0xff, 0xe3, 0xbf, 0xff, 0x0, 0x2,
    0xef, 0xff, 0xff, 0x94, 0x0, 0x0, 0x4b, 0xff,
    0xff, 0xfe, 0xdf, 0xff, 0x0, 0xd, 0xff, 0xff,
    0xc2, 0x0, 0x0, 0x0, 0x0, 0x3c, 0xff, 0xff,
    0xff, 0xff, 0x0, 0x9f, 0xff, 0xf9, 0x0, 0x0,
    0x0, 0x0, 0x0, 0x0, 0x8f, 0xff, 0xff, 0xff,
    0x2, 0xff, 0xff, 0x90, 0x0, 0x0, 0x0, 0x0,
    0x11, 0x0, 0x8, 0xff, 0xff, 0xff, 0x9, 0xff,
    0xfd, 0x0, 0x0, 0x0, 0x0, 0x3, 0xff, 0xff,
    0xee, 0xff, 0xff, 0xff, 0xe, 0xff, 0xf4, 0x0,
    0x0, 0x0, 0x0, 0x4, 0xff, 0xff, 0xff, 0xff,
    0xff, 0xff, 0x3f, 0xff, 0xe0, 0x0, 0x0, 0x0,
    0x0, 0x4, 0xff, 0xff, 0xff, 0xff, 0xff, 0xff,
    0x2b, 0xcc, 0x60, 0x0, 0x0, 0x0, 0x0, 0x1,
    0xbc, 0xcc, 0xcc, 0xcc, 0xcc, 0xca, 0x0, 0x0,
    0x0, 0x0, 0x0, 0x0, 0x0, 0x0, 0x0, 0x0,
    0x0, 0x0, 0x0, 0x0, 0x0, 0x0, 0x0, 0x0,
    0x0, 0x0, 0x0, 0x0, 0x0, 0x0, 0x0, 0x0,
    0x0, 0x0, 0x0, 0x0, 0x0, 0x0, 0x0, 0x0,
    0x0, 0x0, 0x0, 0x0, 0x0, 0x0, 0x0, 0x0,
    0xac, 0xcc, 0xcc, 0xcc, 0xcc, 0xcb, 0x10, 0x0,
    0x0, 0x0, 0x0, 0x6, 0xbc, 0xb2, 0xff, 0xff,
    0xff, 0xff, 0xff, 0xff, 0x40, 0x0, 0x0, 0x0,
    0x0, 0xe, 0xff, 0xf2, 0xff, 0xff, 0xff, 0xff,
    0xff, 0xff, 0x40, 0x0, 0x0, 0x0, 0x0, 0x5f,
    0xff, 0xe0, 0xff, 0xff, 0xff, 0xee, 0xff, 0xff,
    0x30, 0x0, 0x0, 0x0, 0x0, 0xdf, 0xff, 0x90,
    0xff, 0xff, 0xff, 0x80, 0x0, 0x11, 0x0, 0x0,
    0x0, 0x0, 0xa, 0xff, 0xff, 0x20, 0xff, 0xff,
    0xff, 0xf8, 0x0, 0x0, 0x0, 0x0, 0x0, 0x0,
    0x9f, 0xff, 0xf9, 0x0, 0xff, 0xff, 0xff, 0xff,
    0xb2, 0x0, 0x0, 0x0, 0x0, 0x2c, 0xff, 0xff,
    0xd0, 0x0, 0xff, 0xfd, 0xef, 0xff, 0xff, 0xa4,
    0x0, 0x0, 0x4a, 0xff, 0xff, 0xfe, 0x20, 0x0,
    0xff, 0xfb, 0x3e, 0xff, 0xff, 0xff, 0xfe, 0xef,
    0xff, 0xff, 0xff, 0xe2, 0x0, 0x0, 0xff, 0xfc,
    0x1, 0xaf, 0xff, 0xff, 0xff, 0xff, 0xff, 0xff,
    0xfb, 0x10, 0x0, 0x0, 0xff, 0xfd, 0x0, 0x3,
    0xbf, 0xff, 0xff, 0xff, 0xff, 0xfd, 0x60, 0x0,
    0x0, 0x0, 0xff, 0xfd, 0x0, 0x0, 0x2, 0x7c,
    0xff, 0xff, 0xd9, 0x40, 0x0, 0x0, 0x0, 0x0,
    0x68, 0x85, 0x0, 0x0, 0x0, 0x0, 0x0, 0x0,
    0x0, 0x0, 0x0, 0x0, 0x0, 0x0,

    /* U+F026 "" */
    0x0, 0x0, 0x0, 0x0, 0x0, 0x0, 0x0, 0x0,
    0x0, 0x0, 0x0, 0x0, 0x3, 0xb6, 0x0, 0x0,
    0x0, 0x0, 0x0, 0x3f, 0xff, 0x0, 0x0, 0x0,
    0x0, 0x3, 0xff, 0xff, 0x0, 0x0, 0x0, 0x0,
    0x3f, 0xff, 0xff, 0x0, 0x0, 0x0, 0x3, 0xff,
    0xff, 0xff, 0x38, 0x88, 0x88, 0x8f, 0xff, 0xff,
    0xff, 0xef, 0xff, 0xff, 0xff, 0xff, 0xff, 0xff,
    0xff, 0xff, 0xff, 0xff, 0xff, 0xff, 0xff, 0xff,
    0xff, 0xff, 0xff, 0xff, 0xff, 0xff, 0xff, 0xff,
    0xff, 0xff, 0xff, 0xff, 0xff, 0xff, 0xff, 0xff,
    0xff, 0xff, 0xff, 0xff, 0xff, 0xff, 0xff, 0xff,
    0xff, 0xff, 0xff, 0xff, 0xff, 0xff, 0xff, 0xff,
    0xff, 0xff, 0xff, 0xff, 0xff, 0xff, 0xff, 0xff,
    0xff, 0xff, 0xff, 0xff, 0xff, 0xff, 0xff, 0xff,
    0x9f, 0xff, 0xff, 0xff, 0xff, 0xff, 0xff, 0x0,
    0x0, 0x0, 0x8, 0xff, 0xff, 0xff, 0x0, 0x0,
    0x0, 0x0, 0x8f, 0xff, 0xff, 0x0, 0x0, 0x0,
    0x0, 0x8, 0xff, 0xff, 0x0, 0x0, 0x0, 0x0,
    0x0, 0x8f, 0xff, 0x0, 0x0, 0x0, 0x0, 0x0,
    0x8, 0xfc, 0x0, 0x0, 0x0, 0x0, 0x0, 0x0,
    0x10,

    /* U+F027 "" */
    0x0, 0x0, 0x0, 0x0, 0x0, 0x0, 0x0, 0x0,
    0x0, 0x0, 0x0, 0x0, 0x0, 0x0, 0x0, 0x0,
    0x3b, 0x60, 0x0, 0x0, 0x0, 0x0, 0x0, 0x0,
    0x0, 0x0, 0x3e, 0xff, 0x0, 0x0, 0x0, 0x0,
    0x0, 0x0, 0x0, 0x0, 0x3f, 0xff, 0xf0, 0x0,
    0x0, 0x0, 0x0, 0x0, 0x0, 0x0, 0x3f, 0xff,
    0xff, 0x0, 0x0, 0x0, 0x0, 0x0, 0x0, 0x0,
    0x3f, 0xff, 0xff, 0xf0, 0x0, 0x0, 0x0, 0x38,
    0x88, 0x88, 0x8f, 0xff, 0xff, 0xff, 0x0, 0x0,
    0x0, 0xe, 0xff, 0xff, 0xff, 0xff, 0xff, 0xff,
    0xf0, 0x1, 0xb9, 0x0, 0xff, 0xff, 0xff, 0xff,
    0xff, 0xff, 0xff, 0x0, 0x6f, 0xfc, 0xf, 0xff,
    0xff, 0xff, 0xff, 0xff, 0xff, 0xf0, 0x1, 0xcf,
    0xf7, 0xff, 0xff, 0xff, 0xff, 0xff, 0xff, 0xff,
    0x0, 0x0, 0xef, 0xdf, 0xff, 0xff, 0xff, 0xff,
    0xff, 0xff, 0xf0, 0x0, 0xa, 0xff, 0xff, 0xff,
    0xff, 0xff, 0xff, 0xff, 0xff, 0x0, 0x0, 0xdf,
    0xdf, 0xff, 0xff, 0xff, 0xff, 0xff, 0xff, 0xf0,
    0x0, 0xbf, 0xf8, 0xff, 0xff, 0xff, 0xff, 0xff,
    0xff, 0xff, 0x0, 0x6f, 0xfd, 0xf, 0xff, 0xff,
    0xff, 0xff, 0xff, 0xff, 0xf0, 0x2, 0xdb, 0x10,
    0x9f, 0xff, 0xff, 0xff, 0xff, 0xff, 0xff, 0x0,
    0x0, 0x0, 0x0, 0x0, 0x0, 0x0, 0x8f, 0xff,
    0xff, 0xf0, 0x0, 0x0, 0x0, 0x0, 0x0, 0x0,
    0x0, 0x8f, 0xff, 0xff, 0x0, 0x0, 0x0, 0x0,
    0x0, 0x0, 0x0, 0x0, 0x8f, 0xff, 0xf0, 0x0,
    0x0, 0x0, 0x0, 0x0, 0x0, 0x0, 0x0, 0x8f,
    0xff, 0x0, 0x0, 0x0, 0x0, 0x0, 0x0, 0x0,
    0x0, 0x0, 0x8f, 0xc0, 0x0, 0x0, 0x0, 0x0,
    0x0, 0x0, 0x0, 0x0, 0x0, 0x20, 0x0, 0x0,
    0x0, 0x0,

    /* U+F028 "" */
    0x0, 0x0, 0x0, 0x0, 0x0, 0x0, 0x0, 0x0,
    0x0, 0x0, 0x0, 0x18, 0x50, 0x0, 0x0, 0x0,
    0x0, 0x0, 0x0, 0x0, 0x0, 0x0, 0x0, 0x0,
    0x0, 0x0, 0x0, 0x7f, 0xfa, 0x0, 0x0, 0x0,
    0x0, 0x0, 0x0, 0x0, 0x0, 0x0, 0x0, 0x0,
    0x0, 0x0, 0x0, 0x3f, 0xff, 0xc1, 0x0, 0x0,
    0x0, 0x0, 0x0, 0x0, 0x0, 0x3, 0xb6, 0x0,
    0x0, 0x0, 0x0, 0x2, 0xdf, 0xfc, 0x0, 0x0,
    0x0, 0x0, 0x0, 0x0, 0x0, 0x3f, 0xff, 0x0,
    0x0, 0x0, 0x21, 0x0, 0x1c, 0xff, 0x90, 0x0,
    0x0, 0x0, 0x0, 0x0, 0x3, 0xff, 0xff, 0x0,
    0x0, 0x4, 0xfe, 0x50, 0x1, 0xef, 0xf3, 0x0,
    0x0, 0x0, 0x0, 0x0, 0x3f, 0xff, 0xff, 0x0,
    0x0, 0x5, 0xff, 0xf6, 0x0, 0x4f, 0xfc, 0x0,
    0x0, 0x0, 0x0, 0x3, 0xff, 0xff, 0xff, 0x0,
    0x0, 0x0, 0x7f, 0xff, 0x40, 0xa, 0xff, 0x40,
    0x38, 0x88, 0x88, 0x8f, 0xff, 0xff, 0xff, 0x0,
    0x0, 0x0, 0x5, 0xff, 0xe0, 0x2, 0xff, 0xa0,
    0xef, 0xff, 0xff, 0xff, 0xff, 0xff, 0xff, 0x0,
    0x1c, 0xa1, 0x0, 0x8f, 0xf6, 0x0, 0xcf, 0xf0,
    0xff, 0xff, 0xff, 0xff, 0xff, 0xff, 0xff, 0x0,
    0x6f, 0xfd, 0x0, 0x1f, 0xfc, 0x0, 0x8f, 0xf2,
    0xff, 0xff, 0xff, 0xff, 0xff, 0xff, 0xff, 0x0,
    0x1c, 0xff, 0x80, 0xa, 0xff, 0x0, 0x4f, 0xf5,
    0xff, 0xff, 0xff, 0xff, 0xff, 0xff, 0xff, 0x0,
    0x0, 0xdf, 0xd0, 0x7, 0xff, 0x20, 0x3f, 0xf7,
    0xff, 0xff, 0xff, 0xff, 0xff, 0xff, 0xff, 0x0,
    0x0, 0xaf, 0xf0, 0x6, 0xff, 0x30, 0x2f, 0xf7,
    0xff, 0xff, 0xff, 0xff, 0xff, 0xff, 0xff, 0x0,
    0x0, 0xdf, 0xd0, 0x7, 0xff, 0x20, 0x3f, 0xf7,
    0xff, 0xff, 0xff, 0xff, 0xff, 0xff, 0xff, 0x0,
    0x1c, 0xff, 0x80, 0xa, 0xff, 0x0, 0x4f, 0xf5,
    0xff, 0xff, 0xff, 0xff, 0xff, 0xff, 0xff, 0x0,
    0x6f, 0xfd, 0x0, 0x1f, 0xfc, 0x0, 0x8f, 0xf2,
    0xff, 0xff, 0xff, 0xff, 0xff, 0xff, 0xff, 0x0,
    0x1c, 0xa1, 0x0, 0x9f, 0xf6, 0x0, 0xdf, 0xe0,
    0x9f, 0xff, 0xff, 0xff, 0xff, 0xff, 0xff, 0x0,
    0x0, 0x0, 0x5, 0xff, 0xe0, 0x3, 0xff, 0xa0,
    0x0, 0x0, 0x0, 0x8, 0xff, 0xff, 0xff, 0x0,
    0x0, 0x0, 0x7f, 0xff, 0x40, 0xa, 0xff, 0x40,
    0x0, 0x0, 0x0, 0x0, 0x8f, 0xff, 0xff, 0x0,
    0x0, 0x5, 0xff, 0xf6, 0x0, 0x4f, 0xfc, 0x0,
    0x0, 0x0, 0x0, 0x0, 0x8, 0xff, 0xff, 0x0,
    0x0, 0x4, 0xfe, 0x50, 0x1, 0xef, 0xf3, 0x0,
    0x0, 0x0, 0x0, 0x0, 0x0, 0x8f, 0xff, 0x0,
    0x0, 0x0, 0x21, 0x0, 0x1d, 0xff, 0x90, 0x0,
    0x0, 0x0, 0x0, 0x0, 0x0, 0x8, 0xfc, 0x0,
    0x0, 0x0, 0x0, 0x2, 0xdf, 0xfc, 0x0, 0x0,
    0x0, 0x0, 0x0, 0x0, 0x0, 0x0, 0x10, 0x0,
    0x0, 0x0, 0x0, 0x3f, 0xff, 0xc1, 0x0, 0x0,
    0x0, 0x0, 0x0, 0x0, 0x0, 0x0, 0x0, 0x0,
    0x0, 0x0, 0x0, 0x7f, 0xfa, 0x0, 0x0, 0x0,
    0x0, 0x0, 0x0, 0x0, 0x0, 0x0, 0x0, 0x0,
    0x0, 0x0, 0x0, 0x18, 0x50, 0x0, 0x0, 0x0,

    /* U+F03E "" */
    0x1b, 0xff, 0xff, 0xff, 0xff, 0xff, 0xff, 0xff,
    0xff, 0xff, 0xff, 0xff, 0xff, 0xb1, 0xbf, 0xff,
    0xff, 0xff, 0xff, 0xff, 0xff, 0xff, 0xff, 0xff,
    0xff, 0xff, 0xff, 0xfb, 0xff, 0xff, 0xff, 0xff,
    0xff, 0xff, 0xff, 0xff, 0xff, 0xff, 0xff, 0xff,
    0xff, 0xff, 0xff, 0xff, 0x93, 0x27, 0xff, 0xff,
    0xff, 0xff, 0xff, 0xff, 0xff, 0xff, 0xff, 0xff,
    0xff, 0xf9, 0x0, 0x0, 0x5f, 0xff, 0xff, 0xff,
    0xff, 0xff, 0xff, 0xff, 0xff, 0xff, 0xff, 0xf2,
    0x0, 0x0, 0xe, 0xff, 0xff, 0xff, 0xff, 0xff,
    0xff, 0xff, 0xff, 0xff, 0xff, 0xf2, 0x0, 0x0,
    0xe, 0xff, 0xff, 0xff, 0xff, 0xd8, 0xff, 0xff,
    0xff, 0xff, 0xff, 0xf7, 0x0, 0x0, 0x3f, 0xff,
    0xff, 0xff, 0xfc, 0x10, 0x6f, 0xff, 0xff, 0xff,
    0xff, 0xff, 0x50, 0x3, 0xdf, 0xff, 0xff, 0xff,
    0xc1, 0x0, 0x6, 0xff, 0xff, 0xff, 0xff, 0xff,
    0xfe, 0xef, 0xff, 0xff, 0xff, 0xfc, 0x10, 0x0,
    0x0, 0x6f, 0xff, 0xff, 0xff, 0xff, 0xff, 0xfe,
    0xff, 0xff, 0xff, 0xc1, 0x0, 0x0, 0x0, 0x6,
    0xff, 0xff, 0xff, 0xff, 0xff, 0xc1, 0x3e, 0xff,
    0xfc, 0x10, 0x0, 0x0, 0x0, 0x0, 0x9f, 0xff,
    0xff, 0xff, 0xfc, 0x10, 0x3, 0xef, 0xc1, 0x0,
    0x0, 0x0, 0x0, 0x0, 0x8f, 0xff, 0xff, 0xff,
    0xc1, 0x0, 0x0, 0x3b, 0x10, 0x0, 0x0, 0x0,
    0x0, 0x0, 0x8f, 0xff, 0xff, 0xfd, 0x10, 0x0,
    0x0, 0x0, 0x0, 0x0, 0x0, 0x0, 0x0, 0x0,
    0x8f, 0xff, 0xff, 0xf8, 0x0, 0x0, 0x0, 0x0,
    0x0, 0x0, 0x0, 0x0, 0x0, 0x0, 0x8f, 0xff,
    0xff, 0xf8, 0x0, 0x0, 0x0, 0x0, 0x0, 0x0,
    0x0, 0x0, 0x0, 0x0, 0x8f, 0xff, 0xff, 0xfc,
    0x88, 0x88, 0x88, 0x88, 0x88, 0x88, 0x88, 0x88,
    0x88, 0x88, 0xcf, 0xff, 0xff, 0xff, 0xff, 0xff,
    0xff, 0xff, 0xff, 0xff, 0xff, 0xff, 0xff, 0xff,
    0xff, 0xff, 0xbf, 0xff, 0xff, 0xff, 0xff, 0xff,
    0xff, 0xff, 0xff, 0xff, 0xff, 0xff, 0xff, 0xfb,
    0x1b, 0xff, 0xff, 0xff, 0xff, 0xff, 0xff, 0xff,
    0xff, 0xff, 0xff, 0xff, 0xff, 0xb1,

    /* U+F043 "" */
    0x0, 0x0, 0x0, 0x0, 0x39, 0x50, 0x0, 0x0,
    0x0, 0x0, 0x0, 0x0, 0x0, 0x0, 0xef, 0xf2,
    0x0, 0x0, 0x0, 0x0, 0x0, 0x0, 0x0, 0x4,
    0xff, 0xf8, 0x0, 0x0, 0x0, 0x0, 0x0, 0x0,
    0x0, 0xa, 0xff, 0xfe, 0x0, 0x0, 0x0, 0x0,
    0x0, 0x0, 0x0, 0x1f, 0xff, 0xff, 0x40, 0x0,
    0x0, 0x0, 0x0, 0x0, 0x0, 0x8f, 0xff, 0xff,
    0xc0, 0x0, 0x0, 0x0, 0x0, 0x0, 0x1, 0xff,
    0xff, 0xff, 0xf4, 0x0, 0x0, 0x0, 0x0, 0x0,
    0x8, 0xff, 0xff, 0xff, 0xfc, 0x0, 0x0, 0x0,
    0x0, 0x0, 0x2f, 0xff, 0xff, 0xff, 0xff, 0x60,
    0x0, 0x0, 0x0, 0x0, 0xcf, 0xff, 0xff, 0xff,
    0xff, 0xf1, 0x0, 0x0, 0x0, 0x7, 0xff, 0xff,
    0xff, 0xff, 0xff, 0xfb, 0x0, 0x0, 0x0, 0x3f,
    0xff, 0xff, 0xff, 0xff, 0xff, 0xff, 0x70, 0x0,
    0x0, 0xdf, 0xff, 0xff, 0xff, 0xff, 0xff, 0xff,
    0xf3, 0x0, 0x7, 0xff, 0xff, 0xff, 0xff, 0xff,
    0xff, 0xff, 0xfb, 0x0, 0xe, 0xff, 0xff, 0xff,
    0xff, 0xff, 0xff, 0xff, 0xff, 0x30, 0x6f, 0xff,
    0xff, 0xff, 0xff, 0xff, 0xff, 0xff, 0xff, 0x90,
    0xbf, 0xff, 0xff, 0xff, 0xff, 0xff, 0xff, 0xff,
    0xff, 0xe0, 0xdf, 0xff, 0xff, 0xff, 0xff, 0xff,
    0xff, 0xff, 0xff, 0xf1, 0xff, 0xfa, 0xd, 0xff,
    0xff, 0xff, 0xff, 0xff, 0xff, 0xf3, 0xef, 0xf8,
    0xa, 0xff, 0xff, 0xff, 0xff, 0xff, 0xff, 0xf2,
    0xdf, 0xfc, 0x6, 0xff, 0xff, 0xff, 0xff, 0xff,
    0xff, 0xf1, 0x9f, 0xff, 0x20, 0xcf, 0xff, 0xff,
    0xff, 0xff, 0xff, 0xd0, 0x4f, 0xff, 0xb0, 0x9,
    0xff, 0xff, 0xff, 0xff, 0xff, 0x70, 0xc, 0xff,
    0xfa, 0x0, 0x2, 0xcf, 0xff, 0xff, 0xfe, 0x10,
    0x2, 0xff, 0xff, 0xd6, 0x10, 0xbf, 0xff, 0xff,
    0xf5, 0x0, 0x0, 0x5f, 0xff, 0xff, 0xff, 0xff,
    0xff, 0xff, 0x80, 0x0, 0x0, 0x4, 0xef, 0xff,
    0xff, 0xff, 0xff, 0xf6, 0x0, 0x0, 0x0, 0x0,
    0x18, 0xff, 0xff, 0xff, 0xfa, 0x20, 0x0, 0x0,
    0x0, 0x0, 0x0, 0x4, 0x67, 0x64, 0x0, 0x0,
    0x0, 0x0,

    /* U+F048 "" */
    0x48, 0x88, 0x0, 0x0, 0x0, 0x0, 0x0, 0x7,
    0x70, 0xbf, 0xff, 0x30, 0x0, 0x0, 0x0, 0x0,
    0xbf, 0xf9, 0xbf, 0xff, 0x30, 0x0, 0x0, 0x0,
    0x1c, 0xff, 0xfc, 0xbf, 0xff, 0x30, 0x0, 0x0,
    0x1, 0xdf, 0xff, 0xfc, 0xbf, 0xff, 0x30, 0x0,
    0x0, 0x2e, 0xff, 0xff, 0xfc, 0xbf, 0xff, 0x30,
    0x0, 0x3, 0xef, 0xff, 0xff, 0xfc, 0xbf, 0xff,
    0x30, 0x0, 0x4f, 0xff, 0xff, 0xff, 0xfc, 0xbf,
    0xff, 0x30, 0x5, 0xff, 0xff, 0xff, 0xff, 0xfc,
    0xbf, 0xff, 0x30, 0x6f, 0xff, 0xff, 0xff, 0xff,
    0xfc, 0xbf, 0xff, 0x37, 0xff, 0xff, 0xff, 0xff,
    0xff, 0xfc, 0xbf, 0xff, 0xbf, 0xff, 0xff, 0xff,
    0xff, 0xff, 0xfc, 0xbf, 0xff, 0xff, 0xff, 0xff,
    0xff, 0xff, 0xff, 0xfc, 0xbf, 0xff, 0xff, 0xff,
    0xff, 0xff, 0xff, 0xff, 0xfc, 0xbf, 0xff, 0xff,
    0xff, 0xff, 0xff, 0xff, 0xff, 0xfc, 0xbf, 0xff,
    0xff, 0xff, 0xff, 0xff, 0xff, 0xff, 0xfc, 0xbf,
    0xff, 0x5d, 0xff, 0xff, 0xff, 0xff, 0xff, 0xfc,
    0xbf, 0xff, 0x31, 0xcf, 0xff, 0xff, 0xff, 0xff,
    0xfc, 0xbf, 0xff, 0x30, 0xb, 0xff, 0xff, 0xff,
    0xff, 0xfc, 0xbf, 0xff, 0x30, 0x0, 0xaf, 0xff,
    0xff, 0xff, 0xfc, 0xbf, 0xff, 0x30, 0x0, 0x9,
    0xff, 0xff, 0xff, 0xfc, 0xbf, 0xff, 0x30, 0x0,
    0x0, 0x8f, 0xff, 0xff, 0xfc, 0xbf, 0xff, 0x30,
    0x0, 0x0, 0x6, 0xff, 0xff, 0xfc, 0xbf, 0xff,
    0x30, 0x0, 0x0, 0x0, 0x5f, 0xff, 0xfc, 0xbf,
    0xff, 0x30, 0x0, 0x0, 0x0, 0x4, 0xff, 0xfb,
    0x9f, 0xfe, 0x20, 0x0, 0x0, 0x0, 0x0, 0x3d,
    0xd3, 0x0, 0x0, 0x0, 0x0, 0x0, 0x0, 0x0,
    0x0, 0x0,

    /* U+F04B "" */
    0x3, 0x75, 0x0, 0x0, 0x0, 0x0, 0x0, 0x0,
    0x0, 0x0, 0x0, 0x0, 0x7, 0xff, 0xfc, 0x30,
    0x0, 0x0, 0x0, 0x0, 0x0, 0x0, 0x0, 0x0,
    0x0, 0xef, 0xff, 0xff, 0x91, 0x0, 0x0, 0x0,
    0x0, 0x0, 0x0, 0x0, 0x0, 0xf, 0xff, 0xff,
    0xff, 0xe6, 0x0, 0x0, 0x0, 0x0, 0x0, 0x0,
    0x0, 0x0, 0xff, 0xff, 0xff, 0xff, 0xfd, 0x30,
    0x0, 0x0, 0x0, 0x0, 0x0, 0x0, 0xf, 0xff,
    0xff, 0xff, 0xff, 0xff, 0xa1, 0x0, 0x0, 0x0,
    0x0, 0x0, 0x0, 0xff, 0xff, 0xff, 0xff, 0xff,
    0xff, 0xf7, 0x0, 0x0, 0x0, 0x0, 0x0, 0xf,
    0xff, 0xff, 0xff, 0xff, 0xff, 0xff, 0xfd, 0x40,
    0x0, 0x0, 0x0, 0x0, 0xff, 0xff, 0xff, 0xff,
    0xff, 0xff, 0xff, 0xff, 0xb2, 0x0, 0x0, 0x0,
    0xf, 0xff, 0xff, 0xff, 0xff, 0xff, 0xff, 0xff,
    0xff, 0xf8, 0x0, 0x0, 0x0, 0xff, 0xff, 0xff,
    0xff, 0xff, 0xff, 0xff, 0xff, 0xff, 0xfe, 0x50,
    0x0, 0xf, 0xff, 0xff, 0xff, 0xff, 0xff, 0xff,
    0xff, 0xff, 0xff, 0xff, 0xb2, 0x0, 0xff, 0xff,
    0xff, 0xff, 0xff, 0xff, 0xff, 0xff, 0xff, 0xff,
    0xff, 0xf7, 0xf, 0xff, 0xff, 0xff, 0xff, 0xff,
    0xff, 0xff, 0xff, 0xff, 0xff, 0xff, 0xf4, 0xff,
    0xff, 0xff, 0xff, 0xff, 0xff, 0xff, 0xff, 0xff,
    0xff, 0xff, 0xff, 0x7f, 0xff, 0xff, 0xff, 0xff,
    0xff, 0xff, 0xff, 0xff, 0xff, 0xff, 0xff, 0xf4,
    0xff, 0xff, 0xff, 0xff, 0xff, 0xff, 0xff, 0xff,
    0xff, 0xff, 0xff, 0xf7, 0xf, 0xff, 0xff, 0xff,
    0xff, 0xff, 0xff, 0xff, 0xff, 0xff, 0xff, 0xb2,
    0x0, 0xff, 0xff, 0xff, 0xff, 0xff, 0xff, 0xff,
    0xff, 0xff, 0xfe, 0x50, 0x0, 0xf, 0xff, 0xff,
    0xff, 0xff, 0xff, 0xff, 0xff, 0xff, 0xf8, 0x0,
    0x0, 0x0, 0xff, 0xff, 0xff, 0xff, 0xff, 0xff,
    0xff, 0xff, 0xb2, 0x0, 0x0, 0x0, 0xf, 0xff,
    0xff, 0xff, 0xff, 0xff, 0xff, 0xfd, 0x40, 0x0,
    0x0, 0x0, 0x0, 0xff, 0xff, 0xff, 0xff, 0xff,
    0xff, 0xf7, 0x0, 0x0, 0x0, 0x0, 0x0, 0xf,
    0xff, 0xff, 0xff, 0xff, 0xff, 0xa1, 0x0, 0x0,
    0x0, 0x0, 0x0, 0x0, 0xff, 0xff, 0xff, 0xff,
    0xfd, 0x30, 0x0, 0x0, 0x0, 0x0, 0x0, 0x0,
    0xf, 0xff, 0xff, 0xff, 0xe6, 0x0, 0x0, 0x0,
    0x0, 0x0, 0x0, 0x0, 0x0, 0xef, 0xff, 0xff,
    0x91, 0x0, 0x0, 0x0, 0x0, 0x0, 0x0, 0x0,
    0x0, 0x6, 0xff, 0xfc, 0x30, 0x0, 0x0, 0x0,
    0x0, 0x0, 0x0, 0x0, 0x0, 0x0, 0x3, 0x74,
    0x0, 0x0, 0x0, 0x0, 0x0, 0x0, 0x0, 0x0,
    0x0, 0x0, 0x0,

    /* U+F04C "" */
    0x1a, 0xef, 0xff, 0xff, 0xd5, 0x0, 0x0, 0x1a,
    0xef, 0xff, 0xff, 0xd5, 0xa, 0xff, 0xff, 0xff,
    0xff, 0xf2, 0x0, 0xa, 0xff, 0xff, 0xff, 0xff,
    0xf2, 0xff, 0xff, 0xff, 0xff, 0xff, 0x70, 0x0,
    0xff, 0xff, 0xff, 0xff, 0xff, 0x7f, 0xff, 0xff,
    0xff, 0xff, 0xf8, 0x0, 0xf, 0xff, 0xff, 0xff,
    0xff, 0xf8, 0xff, 0xff, 0xff, 0xff, 0xff, 0x80,
    0x0, 0xff, 0xff, 0xff, 0xff, 0xff, 0x8f, 0xff,
    0xff, 0xff, 0xff, 0xf8, 0x0, 0xf, 0xff, 0xff,
    0xff, 0xff, 0xf8, 0xff, 0xff, 0xff, 0xff, 0xff,
    0x80, 0x0, 0xff, 0xff, 0xff, 0xff, 0xff, 0x8f,
    0xff, 0xff, 0xff, 0xff, 0xf8, 0x0, 0xf, 0xff,
    0xff, 0xff, 0xff, 0xf8, 0xff, 0xff, 0xff, 0xff,
    0xff, 0x80, 0x0, 0xff, 0xff, 0xff, 0xff, 0xff,
    0x8f, 0xff, 0xff, 0xff, 0xff, 0xf8, 0x0, 0xf,
    0xff, 0xff, 0xff, 0xff, 0xf8, 0xff, 0xff, 0xff,
    0xff, 0xff, 0x80, 0x0, 0xff, 0xff, 0xff, 0xff,
    0xff, 0x8f, 0xff, 0xff, 0xff, 0xff, 0xf8, 0x0,
    0xf, 0xff, 0xff, 0xff, 0xff, 0xf8, 0xff, 0xff,
    0xff, 0xff, 0xff, 0x80, 0x0, 0xff, 0xff, 0xff,
    0xff, 0xff, 0x8f, 0xff, 0xff, 0xff, 0xff, 0xf8,
    0x0, 0xf, 0xff, 0xff, 0xff, 0xff, 0xf8, 0xff,
    0xff, 0xff, 0xff, 0xff, 0x80, 0x0, 0xff, 0xff,
    0xff, 0xff, 0xff, 0x8f, 0xff, 0xff, 0xff, 0xff,
    0xf8, 0x0, 0xf, 0xff, 0xff, 0xff, 0xff, 0xf8,
    0xff, 0xff, 0xff, 0xff, 0xff, 0x80, 0x0, 0xff,
    0xff, 0xff, 0xff, 0xff, 0x8f, 0xff, 0xff, 0xff,
    0xff, 0xf8, 0x0, 0xf, 0xff, 0xff, 0xff, 0xff,
    0xf8, 0xff, 0xff, 0xff, 0xff, 0xff, 0x80, 0x0,
    0xff, 0xff, 0xff, 0xff, 0xff, 0x8f, 0xff, 0xff,
    0xff, 0xff, 0xf8, 0x0, 0xf, 0xff, 0xff, 0xff,
    0xff, 0xf8, 0xff, 0xff, 0xff, 0xff, 0xff, 0x80,
    0x0, 0xff, 0xff, 0xff, 0xff, 0xff, 0x8f, 0xff,
    0xff, 0xff, 0xff, 0xf7, 0x0, 0xf, 0xff, 0xff,
    0xff, 0xff, 0xf7, 0xef, 0xff, 0xff, 0xff, 0xff,
    0x60, 0x0, 0xef, 0xff, 0xff, 0xff, 0xff, 0x66,
    0xff, 0xff, 0xff, 0xff, 0xd0, 0x0, 0x6, 0xff,
    0xff, 0xff, 0xff, 0xd0, 0x4, 0x89, 0x99, 0x98,
    0x71, 0x0, 0x0, 0x4, 0x89, 0x99, 0x98, 0x71,
    0x0,

    /* U+F04D "" */
    0x3, 0x88, 0x88, 0x88, 0x88, 0x88, 0x88, 0x88,
    0x88, 0x88, 0x88, 0x60, 0x6, 0xff, 0xff, 0xff,
    0xff, 0xff, 0xff, 0xff, 0xff, 0xff, 0xff, 0xff,
    0xd0, 0xef, 0xff, 0xff, 0xff, 0xff, 0xff, 0xff,
    0xff, 0xff, 0xff, 0xff, 0xff, 0x6f, 0xff, 0xff,
    0xff, 0xff, 0xff, 0xff, 0xff, 0xff, 0xff, 0xff,
    0xff, 0xf7, 0xff, 0xff, 0xff, 0xff, 0xff, 0xff,
    0xff, 0xff, 0xff, 0xff, 0xff, 0xff, 0x8f, 0xff,
    0xff, 0xff, 0xff, 0xff, 0xff, 0xff, 0xff, 0xff,
    0xff, 0xff, 0xf8, 0xff, 0xff, 0xff, 0xff, 0xff,
    0xff, 0xff, 0xff, 0xff, 0xff, 0xff, 0xff, 0x8f,
    0xff, 0xff, 0xff, 0xff, 0xff, 0xff, 0xff, 0xff,
    0xff, 0xff, 0xff, 0xf8, 0xff, 0xff, 0xff, 0xff,
    0xff, 0xff, 0xff, 0xff, 0xff, 0xff, 0xff, 0xff,
    0x8f, 0xff, 0xff, 0xff, 0xff, 0xff, 0xff, 0xff,
    0xff, 0xff, 0xff, 0xff, 0xf8, 0xff, 0xff, 0xff,
    0xff, 0xff, 0xff, 0xff, 0xff, 0xff, 0xff, 0xff,
    0xff, 0x8f, 0xff, 0xff, 0xff, 0xff, 0xff, 0xff,
    0xff, 0xff, 0xff, 0xff, 0xff, 0xf8, 0xff, 0xff,
    0xff, 0xff, 0xff, 0xff, 0xff, 0xff, 0xff, 0xff,
    0xff, 0xff, 0x8f, 0xff, 0xff, 0xff, 0xff, 0xff,
    0xff, 0xff, 0xff, 0xff, 0xff, 0xff, 0xf8, 0xff,
    0xff, 0xff, 0xff, 0xff, 0xff, 0xff, 0xff, 0xff,
    0xff, 0xff, 0xff, 0x8f, 0xff, 0xff, 0xff, 0xff,
    0xff, 0xff, 0xff, 0xff, 0xff, 0xff, 0xff, 0xf8,
    0xff, 0xff, 0xff, 0xff, 0xff, 0xff, 0xff, 0xff,
    0xff, 0xff, 0xff, 0xff, 0x8f, 0xff, 0xff, 0xff,
    0xff, 0xff, 0xff, 0xff, 0xff, 0xff, 0xff, 0xff,
    0xf8, 0xff, 0xff, 0xff, 0xff, 0xff, 0xff, 0xff,
    0xff, 0xff, 0xff, 0xff, 0xff, 0x8f, 0xff, 0xff,
    0xff, 0xff, 0xff, 0xff, 0xff, 0xff, 0xff, 0xff,
    0xff, 0xf8, 0xff, 0xff, 0xff, 0xff, 0xff, 0xff,
    0xff, 0xff, 0xff, 0xff, 0xff, 0xff, 0x8f, 0xff,
    0xff, 0xff, 0xff, 0xff, 0xff, 0xff, 0xff, 0xff,
    0xff, 0xff, 0xf8, 0xff, 0xff, 0xff, 0xff, 0xff,
    0xff, 0xff, 0xff, 0xff, 0xff, 0xff, 0xff, 0x7a,
    0xff, 0xff, 0xff, 0xff, 0xff, 0xff, 0xff, 0xff,
    0xff, 0xff, 0xff, 0xf2, 0x1a, 0xef, 0xff, 0xff,
    0xff, 0xff, 0xff, 0xff, 0xff, 0xff, 0xff, 0xd5,
    0x0,

    /* U+F051 "" */
    0x5, 0x81, 0x0, 0x0, 0x0, 0x0, 0x0, 0x68,
    0x87, 0x5f, 0xfe, 0x20, 0x0, 0x0, 0x0, 0x0,
    0xef, 0xff, 0x7f, 0xff, 0xe3, 0x0, 0x0, 0x0,
    0x0, 0xff, 0xff, 0x8f, 0xff, 0xff, 0x40, 0x0,
    0x0, 0x0, 0xff, 0xff, 0x8f, 0xff, 0xff, 0xf5,
    0x0, 0x0, 0x0, 0xff, 0xff, 0x8f, 0xff, 0xff,
    0xff, 0x60, 0x0, 0x0, 0xff, 0xff, 0x8f, 0xff,
    0xff, 0xff, 0xf8, 0x0, 0x0, 0xff, 0xff, 0x8f,
    0xff, 0xff, 0xff, 0xff, 0x90, 0x0, 0xff, 0xff,
    0x8f, 0xff, 0xff, 0xff, 0xff, 0xfa, 0x0, 0xff,
    0xff, 0x8f, 0xff, 0xff, 0xff, 0xff, 0xff, 0xb0,
    0xff, 0xff, 0x8f, 0xff, 0xff, 0xff, 0xff, 0xff,
    0xfc, 0xff, 0xff, 0x8f, 0xff, 0xff, 0xff, 0xff,
    0xff, 0xff, 0xff, 0xff, 0x8f, 0xff, 0xff, 0xff,
    0xff, 0xff, 0xff, 0xff, 0xff, 0x8f, 0xff, 0xff,
    0xff, 0xff, 0xff, 0xff, 0xff, 0xff, 0x8f, 0xff,
    0xff, 0xff, 0xff, 0xff, 0xff, 0xff, 0xff, 0x8f,
    0xff, 0xff, 0xff, 0xff, 0xff, 0xe3, 0xff, 0xff,
    0x8f, 0xff, 0xff, 0xff, 0xff, 0xfe, 0x20, 0xff,
    0xff, 0x8f, 0xff, 0xff, 0xff, 0xff, 0xd2, 0x0,
    0xff, 0xff, 0x8f, 0xff, 0xff, 0xff, 0xfd, 0x10,
    0x0, 0xff, 0xff, 0x8f, 0xff, 0xff, 0xff, 0xc1,
    0x0, 0x0, 0xff, 0xff, 0x8f, 0xff, 0xff, 0xfb,
    0x0, 0x0, 0x0, 0xff, 0xff, 0x8f, 0xff, 0xff,
    0xa0, 0x0, 0x0, 0x0, 0xff, 0xff, 0x8f, 0xff,
    0xf9, 0x0, 0x0, 0x0, 0x0, 0xff, 0xff, 0x7f,
    0xff, 0x80, 0x0, 0x0, 0x0, 0x0, 0xff, 0xff,
    0x1c, 0xf6, 0x0, 0x0, 0x0, 0x0, 0x0, 0xcf,
    0xfd, 0x0, 0x0, 0x0, 0x0, 0x0, 0x0, 0x0,
    0x0, 0x0,

    /* U+F052 "" */
    0x0, 0x0, 0x0, 0x0, 0x0, 0x1, 0x9a, 0x50,
    0x0, 0x0, 0x0, 0x0, 0x0, 0x0, 0x0, 0x0,
    0x0, 0x0, 0x1e, 0xff, 0xf8, 0x0, 0x0, 0x0,
    0x0, 0x0, 0x0, 0x0, 0x0, 0x0, 0x1, 0xdf,
    0xff, 0xff, 0x60, 0x0, 0x0, 0x0, 0x0, 0x0,
    0x0, 0x0, 0x0, 0xc, 0xff, 0xff, 0xff, 0xf5,
    0x0, 0x0, 0x0, 0x0, 0x0, 0x0, 0x0, 0x0,
    0xbf, 0xff, 0xff, 0xff, 0xff, 0x40, 0x0, 0x0,
    0x0, 0x0, 0x0, 0x0, 0xa, 0xff, 0xff, 0xff,
    0xff, 0xff, 0xf3, 0x0, 0x0, 0x0, 0x0, 0x0,
    0x0, 0x9f, 0xff, 0xff, 0xff, 0xff, 0xff, 0xfe,
    0x20, 0x0, 0x0, 0x0, 0x0, 0x8, 0xff, 0xff,
    0xff, 0xff, 0xff, 0xff, 0xff, 0xe1, 0x0, 0x0,
    0x0, 0x0, 0x6f, 0xff, 0xff, 0xff, 0xff, 0xff,
    0xff, 0xff, 0xfd, 0x10, 0x0, 0x0, 0x5, 0xff,
    0xff, 0xff, 0xff, 0xff, 0xff, 0xff, 0xff, 0xff,
    0xc0, 0x0, 0x0, 0x4f, 0xff, 0xff, 0xff, 0xff,
    0xff, 0xff, 0xff, 0xff, 0xff, 0xfb, 0x0, 0x3,
    0xff, 0xff, 0xff, 0xff, 0xff, 0xff, 0xff, 0xff,
    0xff, 0xff, 0xff, 0xa0, 0xc, 0xff, 0xff, 0xff,
    0xff, 0xff, 0xff, 0xff, 0xff, 0xff, 0xff, 0xff,
    0xf5, 0xf, 0xff, 0xff, 0xff, 0xff, 0xff, 0xff,
    0xff, 0xff, 0xff, 0xff, 0xff, 0xf7, 0xa, 0xff,
    0xff, 0xff, 0xff, 0xff, 0xff, 0xff, 0xff, 0xff,
    0xff, 0xff, 0xf3, 0x1, 0xbf, 0xff, 0xff, 0xff,
    0xff, 0xff, 0xff, 0xff, 0xff, 0xff, 0xfe, 0x60,
    0x0, 0x0, 0x0, 0x0, 0x0, 0x0, 0x0, 0x0,
    0x0, 0x0, 0x0, 0x0, 0x0, 0x0, 0x0, 0x0,
    0x0, 0x0, 0x0, 0x0, 0x0, 0x0, 0x0, 0x0,
    0x0, 0x0, 0x6, 0xff, 0xff, 0xff, 0xff, 0xff,
    0xff, 0xff, 0xff, 0xff, 0xff, 0xff, 0xd1, 0xf,
    0xff, 0xff, 0xff, 0xff, 0xff, 0xff, 0xff, 0xff,
    0xff, 0xff, 0xff, 0xf7, 0xf, 0xff, 0xff, 0xff,
    0xff, 0xff, 0xff, 0xff, 0xff, 0xff, 0xff, 0xff,
    0xf8, 0xf, 0xff, 0xff, 0xff, 0xff, 0xff, 0xff,
    0xff, 0xff, 0xff, 0xff, 0xff, 0xf8, 0xf, 0xff,
    0xff, 0xff, 0xff, 0xff, 0xff, 0xff, 0xff, 0xff,
    0xff, 0xff, 0xf8, 0xe, 0xff, 0xff, 0xff, 0xff,
    0xff, 0xff, 0xff, 0xff, 0xff, 0xff, 0xff, 0xf6,
    0x5, 0xef, 0xff, 0xff, 0xff, 0xff, 0xff, 0xff,
    0xff, 0xff, 0xff, 0xff, 0xb0,

    /* U+F053 "" */
    0x0, 0x0, 0x0, 0x0, 0x0, 0x3, 0x93, 0x0,
    0x0, 0x0, 0x0, 0x0, 0x0, 0x4f, 0xff, 0x30,
    0x0, 0x0, 0x0, 0x0, 0x4, 0xff, 0xff, 0xe0,
    0x0, 0x0, 0x0, 0x0, 0x4f, 0xff, 0xff, 0xc0,
    0x0, 0x0, 0x0, 0x4, 0xff, 0xff, 0xfd, 0x10,
    0x0, 0x0, 0x0, 0x4f, 0xff, 0xff, 0xd1, 0x0,
    0x0, 0x0, 0x4, 0xff, 0xff, 0xfd, 0x10, 0x0,
    0x0, 0x0, 0x4f, 0xff, 0xff, 0xd1, 0x0, 0x0,
    0x0, 0x4, 0xff, 0xff, 0xfd, 0x10, 0x0, 0x0,
    0x0, 0x4f, 0xff, 0xff, 0xd1, 0x0, 0x0, 0x0,
    0x4, 0xff, 0xff, 0xfd, 0x10, 0x0, 0x0, 0x0,
    0x3f, 0xff, 0xff, 0xd1, 0x0, 0x0, 0x0, 0x0,
    0x7f, 0xff, 0xff, 0x70, 0x0, 0x0, 0x0, 0x0,
    0xb, 0xff, 0xff, 0xf6, 0x0, 0x0, 0x0, 0x0,
    0x0, 0xbf, 0xff, 0xff, 0x60, 0x0, 0x0, 0x0,
    0x0, 0xb, 0xff, 0xff, 0xf6, 0x0, 0x0, 0x0,
    0x0, 0x0, 0xbf, 0xff, 0xff, 0x60, 0x0, 0x0,
    0x0, 0x0, 0xb, 0xff, 0xff, 0xf6, 0x0, 0x0,
    0x0, 0x0, 0x0, 0xcf, 0xff, 0xff, 0x60, 0x0,
    0x0, 0x0, 0x0, 0xc, 0xff, 0xff, 0xf6, 0x0,
    0x0, 0x0, 0x0, 0x0, 0xcf, 0xff, 0xff, 0x60,
    0x0, 0x0, 0x0, 0x0, 0xc, 0xff, 0xff, 0xf0,
    0x0, 0x0, 0x0, 0x0, 0x0, 0xcf, 0xff, 0xa0,
    0x0, 0x0, 0x0, 0x0, 0x0, 0xb, 0xfa, 0x0,
    0x0, 0x0, 0x0, 0x0, 0x0, 0x0, 0x20, 0x0,

    /* U+F054 "" */
    0x0, 0x78, 0x0, 0x0, 0x0, 0x0, 0x0, 0x0,
    0xa, 0xff, 0xb0, 0x0, 0x0, 0x0, 0x0, 0x0,
    0x6f, 0xff, 0xfb, 0x0, 0x0, 0x0, 0x0, 0x0,
    0x4f, 0xff, 0xff, 0xb0, 0x0, 0x0, 0x0, 0x0,
    0x7, 0xff, 0xff, 0xfb, 0x0, 0x0, 0x0, 0x0,
    0x0, 0x7f, 0xff, 0xff, 0xb0, 0x0, 0x0, 0x0,
    0x0, 0x7, 0xff, 0xff, 0xfb, 0x0, 0x0, 0x0,
    0x0, 0x0, 0x7f, 0xff, 0xff, 0xb0, 0x0, 0x0,
    0x0, 0x0, 0x7, 0xff, 0xff, 0xfb, 0x0, 0x0,
    0x0, 0x0, 0x0, 0x7f, 0xff, 0xff, 0xb0, 0x0,
    0x0, 0x0, 0x0, 0x7, 0xff, 0xff, 0xfb, 0x0,
    0x0, 0x0, 0x0, 0x0, 0x7f, 0xff, 0xff, 0xa0,
    0x0, 0x0, 0x0, 0x0, 0x1e, 0xff, 0xff, 0xf0,
    0x0, 0x0, 0x0, 0x1, 0xcf, 0xff, 0xff, 0x50,
    0x0, 0x0, 0x0, 0x1c, 0xff, 0xff, 0xf5, 0x0,
    0x0, 0x0, 0x1, 0xcf, 0xff, 0xff, 0x50, 0x0,
    0x0, 0x0, 0x1c, 0xff, 0xff, 0xf5, 0x0, 0x0,
    0x0, 0x1, 0xcf, 0xff, 0xff, 0x50, 0x0, 0x0,
    0x0, 0x1c, 0xff, 0xff, 0xf5, 0x0, 0x0, 0x0,
    0x1, 0xdf, 0xff, 0xff, 0x50, 0x0, 0x0, 0x0,
    0x1d, 0xff, 0xff, 0xf5, 0x0, 0x0, 0x0, 0x0,
    0x7f, 0xff, 0xff, 0x50, 0x0, 0x0, 0x0, 0x0,
    0x2f, 0xff, 0xf5, 0x0, 0x0, 0x0, 0x0, 0x0,
    0x3, 0xff, 0x50, 0x0, 0x0, 0x0, 0x0, 0x0,
    0x0, 0x11, 0x0, 0x0, 0x0, 0x0, 0x0, 0x0,

    /* U+F067 "" */
    0x0, 0x0, 0x0, 0x0, 0x0, 0x5a, 0xa8, 0x10,
    0x0, 0x0, 0x0, 0x0, 0x0, 0x0, 0x0, 0x0,
    0x0, 0x3f, 0xff, 0xfb, 0x0, 0x0, 0x0, 0x0,
    0x0, 0x0, 0x0, 0x0, 0x0, 0x5, 0xff, 0xff,
    0xd0, 0x0, 0x0, 0x0, 0x0, 0x0, 0x0, 0x0,
    0x0, 0x0, 0x6f, 0xff, 0xfe, 0x0, 0x0, 0x0,
    0x0, 0x0, 0x0, 0x0, 0x0, 0x0, 0x6, 0xff,
    0xff, 0xe0, 0x0, 0x0, 0x0, 0x0, 0x0, 0x0,
    0x0, 0x0, 0x0, 0x6f, 0xff, 0xfe, 0x0, 0x0,
    0x0, 0x0, 0x0, 0x0, 0x0, 0x0, 0x0, 0x6,
    0xff, 0xff, 0xe0, 0x0, 0x0, 0x0, 0x0, 0x0,
    0x0, 0x0, 0x0, 0x0, 0x6f, 0xff, 0xfe, 0x0,
    0x0, 0x0, 0x0, 0x0, 0x0, 0x0, 0x0, 0x0,
    0x6, 0xff, 0xff, 0xe0, 0x0, 0x0, 0x0, 0x0,
    0x0, 0x0, 0x0, 0x0, 0x0, 0x6f, 0xff, 0xfe,
    0x0, 0x0, 0x0, 0x0, 0x0, 0x6f, 0xff, 0xff,
    0xff, 0xff, 0xff, 0xff, 0xff, 0xff, 0xff, 0xff,
    0xfc, 0x1f, 0xff, 0xff, 0xff, 0xff, 0xff, 0xff,
    0xff, 0xff, 0xff, 0xff, 0xff, 0xf7, 0xff, 0xff,
    0xff, 0xff, 0xff, 0xff, 0xff, 0xff, 0xff, 0xff,
    0xff, 0xff, 0x8f, 0xff, 0xff, 0xff, 0xff, 0xff,
    0xff, 0xff, 0xff, 0xff, 0xff, 0xff, 0xf7, 0x9f,
    0xff, 0xff, 0xff, 0xff, 0xff, 0xff, 0xff, 0xff,
    0xff, 0xff, 0xfe, 0x20, 0x23, 0x33, 0x33, 0x33,
    0x8f, 0xff, 0xfe, 0x33, 0x33, 0x33, 0x33, 0x10,
    0x0, 0x0, 0x0, 0x0, 0x6, 0xff, 0xff, 0xe0,
    0x0, 0x0, 0x0, 0x0, 0x0, 0x0, 0x0, 0x0,
    0x0, 0x6f, 0xff, 0xfe, 0x0, 0x0, 0x0, 0x0,
    0x0, 0x0, 0x0, 0x0, 0x0, 0x6, 0xff, 0xff,
    0xe0, 0x0, 0x0, 0x0, 0x0, 0x0, 0x0, 0x0,
    0x0, 0x0, 0x6f, 0xff, 0xfe, 0x0, 0x0, 0x0,
    0x0, 0x0, 0x0, 0x0, 0x0, 0x0, 0x6, 0xff,
    0xff, 0xe0, 0x0, 0x0, 0x0, 0x0, 0x0, 0x0,
    0x0, 0x0, 0x0, 0x6f, 0xff, 0xfe, 0x0, 0x0,
    0x0, 0x0, 0x0, 0x0, 0x0, 0x0, 0x0, 0x6,
    0xff, 0xff, 0xe0, 0x0, 0x0, 0x0, 0x0, 0x0,
    0x0, 0x0, 0x0, 0x0, 0x4f, 0xff, 0xfc, 0x0,
    0x0, 0x0, 0x0, 0x0, 0x0, 0x0, 0x0, 0x0,
    0x0, 0x8d, 0xdc, 0x30, 0x0, 0x0, 0x0, 0x0,
    0x0,

    /* U+F068 "" */
    0x1, 0x22, 0x22, 0x22, 0x22, 0x22, 0x22, 0x22,
    0x22, 0x22, 0x22, 0x10, 0x8, 0xff, 0xff, 0xff,
    0xff, 0xff, 0xff, 0xff, 0xff, 0xff, 0xff, 0xff,
    0xe1, 0xff, 0xff, 0xff, 0xff, 0xff, 0xff, 0xff,
    0xff, 0xff, 0xff, 0xff, 0xff, 0x7f, 0xff, 0xff,
    0xff, 0xff, 0xff, 0xff, 0xff, 0xff, 0xff, 0xff,
    0xff, 0xf8, 0xff, 0xff, 0xff, 0xff, 0xff, 0xff,
    0xff, 0xff, 0xff, 0xff, 0xff, 0xff, 0x77, 0xff,
    0xff, 0xff, 0xff, 0xff, 0xff, 0xff, 0xff, 0xff,
    0xff, 0xff, 0xe1, 0x1, 0x22, 0x22, 0x22, 0x22,
    0x22, 0x22, 0x22, 0x22, 0x22, 0x22, 0x10, 0x0,

    /* U+F06E "" */
    0x0, 0x0, 0x0, 0x0, 0x0, 0x26, 0xad, 0xef,
    0xfe, 0xc9, 0x50, 0x0, 0x0, 0x0, 0x0, 0x0,
    0x0, 0x0, 0x0, 0x0, 0x5c, 0xff, 0xff, 0xff,
    0xff, 0xff, 0xff, 0xa2, 0x0, 0x0, 0x0, 0x0,
    0x0, 0x0, 0x0, 0x3c, 0xff, 0xff, 0xff, 0xba,
    0xbd, 0xff, 0xff, 0xff, 0x91, 0x0, 0x0, 0x0,
    0x0, 0x0, 0x8, 0xff, 0xff, 0xfd, 0x50, 0x0,
    0x0, 0x18, 0xff, 0xff, 0xfe, 0x40, 0x0, 0x0,
    0x0, 0x0, 0xbf, 0xff, 0xff, 0xa0, 0x0, 0x0,
    0x0, 0x0, 0x3e, 0xff, 0xff, 0xf6, 0x0, 0x0,
    0x0, 0xc, 0xff, 0xff, 0xfb, 0x0, 0x0, 0x39,
    0x95, 0x0, 0x2, 0xef, 0xff, 0xff, 0x70, 0x0,
    0x0, 0xaf, 0xff, 0xff, 0xe0, 0x0, 0x0, 0x3f,
    0xff, 0xd2, 0x0, 0x5f, 0xff, 0xff, 0xf5, 0x0,
    0x7, 0xff, 0xff, 0xff, 0x70, 0x0, 0x0, 0x3f,
    0xff, 0xfe, 0x10, 0xd, 0xff, 0xff, 0xff, 0x20,
    0x2f, 0xff, 0xff, 0xff, 0x20, 0x0, 0x0, 0xaf,
    0xff, 0xff, 0x80, 0x8, 0xff, 0xff, 0xff, 0xc0,
    0xbf, 0xff, 0xff, 0xff, 0x0, 0x48, 0x6b, 0xff,
    0xff, 0xff, 0xd0, 0x5, 0xff, 0xff, 0xff, 0xf5,
    0xff, 0xff, 0xff, 0xfe, 0x0, 0x7f, 0xff, 0xff,
    0xff, 0xff, 0xf0, 0x4, 0xff, 0xff, 0xff, 0xf9,
    0xbf, 0xff, 0xff, 0xff, 0x0, 0x6f, 0xff, 0xff,
    0xff, 0xff, 0xe0, 0x5, 0xff, 0xff, 0xff, 0xf5,
    0x1f, 0xff, 0xff, 0xff, 0x20, 0x1f, 0xff, 0xff,
    0xff, 0xff, 0x90, 0x8, 0xff, 0xff, 0xff, 0xc0,
    0x6, 0xff, 0xff, 0xff, 0x70, 0x8, 0xff, 0xff,
    0xff, 0xff, 0x20, 0xd, 0xff, 0xff, 0xff, 0x20,
    0x0, 0xaf, 0xff, 0xff, 0xe0, 0x0, 0xaf, 0xff,
    0xff, 0xf4, 0x0, 0x5f, 0xff, 0xff, 0xf5, 0x0,
    0x0, 0xb, 0xff, 0xff, 0xfb, 0x0, 0x4, 0xad,
    0xc8, 0x10, 0x2, 0xef, 0xff, 0xff, 0x70, 0x0,
    0x0, 0x0, 0xbf, 0xff, 0xff, 0xa0, 0x0, 0x0,
    0x0, 0x0, 0x3e, 0xff, 0xff, 0xf6, 0x0, 0x0,
    0x0, 0x0, 0x7, 0xff, 0xff, 0xfd, 0x50, 0x0,
    0x0, 0x18, 0xff, 0xff, 0xfe, 0x40, 0x0, 0x0,
    0x0, 0x0, 0x0, 0x3c, 0xff, 0xff, 0xff, 0xba,
    0xac, 0xff, 0xff, 0xff, 0x91, 0x0, 0x0, 0x0,
    0x0, 0x0, 0x0, 0x0, 0x4c, 0xff, 0xff, 0xff,
    0xff, 0xff, 0xff, 0xa2, 0x0, 0x0, 0x0, 0x0,
    0x0, 0x0, 0x0, 0x0, 0x0, 0x26, 0xad, 0xff,
    0xfe, 0xc9, 0x50, 0x0, 0x0, 0x0, 0x0, 0x0,

    /* U+F070 "" */
    0x4, 0x40, 0x0, 0x0, 0x0, 0x0, 0x0, 0x0,
    0x0, 0x0, 0x0, 0x0, 0x0, 0x0, 0x0, 0x0,
    0x0, 0x4, 0xff, 0x80, 0x0, 0x0, 0x0, 0x0,
    0x0, 0x0, 0x0, 0x0, 0x0, 0x0, 0x0, 0x0,
    0x0, 0x0, 0x0, 0xef, 0xff, 0xc1, 0x0, 0x0,
    0x0, 0x0, 0x0, 0x0, 0x0, 0x0, 0x0, 0x0,
    0x0, 0x0, 0x0, 0x0, 0x8, 0xff, 0xff, 0xe3,
    0x0, 0x0, 0x0, 0x0, 0x0, 0x0, 0x0, 0x0,
    0x0, 0x0, 0x0, 0x0, 0x0, 0x0, 0x5, 0xff,
    0xff, 0xf7, 0x0, 0x0, 0x26, 0xad, 0xff, 0xed,
    0xb7, 0x30, 0x0, 0x0, 0x0, 0x0, 0x0, 0x0,
    0x2, 0xdf, 0xff, 0xfa, 0x16, 0xdf, 0xff, 0xff,
    0xff, 0xff, 0xff, 0xd7, 0x0, 0x0, 0x0, 0x0,
    0x0, 0x0, 0x0, 0xaf, 0xff, 0xff, 0xff, 0xff,
    0xff, 0xba, 0xbe, 0xff, 0xff, 0xfe, 0x60, 0x0,
    0x0, 0x0, 0x0, 0x0, 0x0, 0x7f, 0xff, 0xff,
    0xff, 0xc5, 0x0, 0x0, 0x3, 0xbf, 0xff, 0xff,
    0xb1, 0x0, 0x0, 0x0, 0x0, 0x0, 0x0, 0x3e,
    0xff, 0xff, 0xd0, 0x0, 0x0, 0x0, 0x0, 0x7f,
    0xff, 0xff, 0xe2, 0x0, 0x0, 0x0, 0x0, 0x0,
    0x0, 0x1b, 0xff, 0xff, 0xc1, 0x6, 0xba, 0x50,
    0x0, 0x7f, 0xff, 0xff, 0xe2, 0x0, 0x0, 0x0,
    0x0, 0x0, 0x0, 0x8, 0xff, 0xff, 0xe4, 0x7f,
    0xff, 0xc1, 0x0, 0xbf, 0xff, 0xff, 0xd1, 0x0,
    0x0, 0x0, 0xad, 0x20, 0x0, 0x4, 0xff, 0xff,
    0xfc, 0xff, 0xff, 0xc0, 0x3, 0xff, 0xff, 0xff,
    0xb0, 0x0, 0x0, 0x5f, 0xff, 0x50, 0x0, 0x2,
    0xdf, 0xff, 0xff, 0xff, 0xff, 0x50, 0xe, 0xff,
    0xff, 0xff, 0x50, 0x0, 0xe, 0xff, 0xff, 0x90,
    0x0, 0x0, 0xaf, 0xff, 0xff, 0xff, 0xfa, 0x0,
    0xbf, 0xff, 0xff, 0xfe, 0x0, 0x2, 0xff, 0xff,
    0xff, 0xc2, 0x0, 0x0, 0x6f, 0xff, 0xff, 0xff,
    0xb0, 0xa, 0xff, 0xff, 0xff, 0xf2, 0x0, 0xe,
    0xff, 0xff, 0xff, 0xc0, 0x0, 0x0, 0x3e, 0xff,
    0xff, 0xfa, 0x0, 0xcf, 0xff, 0xff, 0xfe, 0x0,
    0x0, 0x5f, 0xff, 0xff, 0xff, 0x0, 0x0, 0x0,
    0x1b, 0xff, 0xff, 0xd2, 0xe, 0xff, 0xff, 0xff,
    0x50, 0x0, 0x0, 0xbf, 0xff, 0xff, 0xf4, 0x0,
    0x0, 0x0, 0x7, 0xff, 0xff, 0xf8, 0xff, 0xff,
    0xff, 0x90, 0x0, 0x0, 0x0, 0xdf, 0xff, 0xff,
    0xc0, 0x0, 0x0, 0x0, 0x4, 0xef, 0xff, 0xff,
    0xff, 0xff, 0xc0, 0x0, 0x0, 0x0, 0x2, 0xef,
    0xff, 0xff, 0x80, 0x0, 0x0, 0x0, 0x1, 0xcf,
    0xff, 0xff, 0xff, 0xe1, 0x0, 0x0, 0x0, 0x0,
    0x2, 0xdf, 0xff, 0xff, 0x70, 0x0, 0x0, 0x0,
    0x0, 0x9f, 0xff, 0xff, 0xe2, 0x0, 0x0, 0x0,
    0x0, 0x0, 0x1, 0xbf, 0xff, 0xff, 0xc4, 0x0,
    0x0, 0x0, 0x0, 0x5f, 0xff, 0xff, 0x60, 0x0,
    0x0, 0x0, 0x0, 0x0, 0x0, 0x6e, 0xff, 0xff,
    0xfe, 0xba, 0xb5, 0x0, 0x0, 0x2d, 0xff, 0xff,
    0xa0, 0x0, 0x0, 0x0, 0x0, 0x0, 0x0, 0x7,
    0xdf, 0xff, 0xff, 0xff, 0xf8, 0x0, 0x0, 0xa,
    0xff, 0xff, 0xd2, 0x0, 0x0, 0x0, 0x0, 0x0,
    0x0, 0x0, 0x37, 0xbd, 0xef, 0xfd, 0xb4, 0x0,
    0x0, 0x7, 0xff, 0xff, 0xf5, 0x0, 0x0, 0x0,
    0x0, 0x0, 0x0, 0x0, 0x0, 0x0, 0x0, 0x0,
    0x0, 0x0, 0x0, 0x3, 0xef, 0xff, 0xf8, 0x0,
    0x0, 0x0, 0x0, 0x0, 0x0, 0x0, 0x0, 0x0,
    0x0, 0x0, 0x0, 0x0, 0x0, 0x1, 0xcf, 0xff,
    0xe0, 0x0, 0x0, 0x0, 0x0, 0x0, 0x0, 0x0,
    0x0, 0x0, 0x0, 0x0, 0x0, 0x0, 0x0, 0x0,
    0x8f, 0xf4, 0x0, 0x0, 0x0, 0x0, 0x0, 0x0,
    0x0, 0x0, 0x0, 0x0, 0x0, 0x0, 0x0, 0x0,
    0x0, 0x0, 0x44, 0x0,

    /* U+F071 "" */
    0x0, 0x0, 0x0, 0x0, 0x0, 0x0, 0x0, 0x4,
    0x87, 0x10, 0x0, 0x0, 0x0, 0x0, 0x0, 0x0,
    0x0, 0x0, 0x0, 0x0, 0x0, 0x0, 0x0, 0x5,
    0xff, 0xfd, 0x0, 0x0, 0x0, 0x0, 0x0, 0x0,
    0x0, 0x0, 0x0, 0x0, 0x0, 0x0, 0x0, 0x1,
    0xef, 0xff, 0xf7, 0x0, 0x0, 0x0, 0x0, 0x0,
    0x0, 0x0, 0x0, 0x0, 0x0, 0x0, 0x0, 0x0,
    0x8f, 0xff, 0xff, 0xf1, 0x0, 0x0, 0x0, 0x0,
    0x0, 0x0, 0x0, 0x0, 0x0, 0x0, 0x0, 0x0,
    0x2f, 0xff, 0xff, 0xff, 0xa0, 0x0, 0x0, 0x0,
    0x0, 0x0, 0x0, 0x0, 0x0, 0x0, 0x0, 0x0,
    0xb, 0xff, 0xff, 0xff, 0xff, 0x30, 0x0, 0x0,
    0x0, 0x0, 0x0, 0x0, 0x0, 0x0, 0x0, 0x0,
    0x4, 0xff, 0xff, 0xff, 0xff, 0xfc, 0x0, 0x0,
    0x0, 0x0, 0x0, 0x0, 0x0, 0x0, 0x0, 0x0,
    0x0, 0xdf, 0xff, 0xff, 0xff, 0xff, 0xf5, 0x0,
    0x0, 0x0, 0x0, 0x0, 0x0, 0x0, 0x0, 0x0,
    0x0, 0x6f, 0xff, 0xff, 0xff, 0xff, 0xff, 0xe0,
    0x0, 0x0, 0x0, 0x0, 0x0, 0x0, 0x0, 0x0,
    0x0, 0x1e, 0xff, 0xff, 0xff, 0xff, 0xff, 0xff,
    0x80, 0x0, 0x0, 0x0, 0x0, 0x0, 0x0, 0x0,
    0x0, 0x9, 0xff, 0xff, 0x80, 0x0, 0x1e, 0xff,
    0xff, 0x10, 0x0, 0x0, 0x0, 0x0, 0x0, 0x0,
    0x0, 0x2, 0xff, 0xff, 0xf6, 0x0, 0x0, 0xef,
    0xff, 0xfa, 0x0, 0x0, 0x0, 0x0, 0x0, 0x0,
    0x0, 0x0, 0xbf, 0xff, 0xff, 0x70, 0x0, 0xf,
    0xff, 0xff, 0xf3, 0x0, 0x0, 0x0, 0x0, 0x0,
    0x0, 0x0, 0x4f, 0xff, 0xff, 0xf8, 0x0, 0x0,
    0xff, 0xff, 0xff, 0xc0, 0x0, 0x0, 0x0, 0x0,
    0x0, 0x0, 0xd, 0xff, 0xff, 0xff, 0x80, 0x0,
    0xf, 0xff, 0xff, 0xff, 0x50, 0x0, 0x0, 0x0,
    0x0, 0x0, 0x7, 0xff, 0xff, 0xff, 0xf9, 0x0,
    0x1, 0xff, 0xff, 0xff, 0xfe, 0x0, 0x0, 0x0,
    0x0, 0x0, 0x1, 0xff, 0xff, 0xff, 0xff, 0xa0,
    0x0, 0x2f, 0xff, 0xff, 0xff, 0xf8, 0x0, 0x0,
    0x0, 0x0, 0x0, 0x9f, 0xff, 0xff, 0xff, 0xfb,
    0x0, 0x3, 0xff, 0xff, 0xff, 0xff, 0xf1, 0x0,
    0x0, 0x0, 0x0, 0x2f, 0xff, 0xff, 0xff, 0xff,
    0xd1, 0x0, 0x6f, 0xff, 0xff, 0xff, 0xff, 0xa0,
    0x0, 0x0, 0x0, 0xb, 0xff, 0xff, 0xff, 0xff,
    0xff, 0xff, 0xff, 0xff, 0xff, 0xff, 0xff, 0xff,
    0x30, 0x0, 0x0, 0x5, 0xff, 0xff, 0xff, 0xff,
    0xff, 0xf5, 0x1, 0xbf, 0xff, 0xff, 0xff, 0xff,
    0xfc, 0x0, 0x0, 0x0, 0xdf, 0xff, 0xff, 0xff,
    0xff, 0xf7, 0x0, 0x0, 0xef, 0xff, 0xff, 0xff,
    0xff, 0xf6, 0x0, 0x0, 0x7f, 0xff, 0xff, 0xff,
    0xff, 0xff, 0x40, 0x0, 0xc, 0xff, 0xff, 0xff,
    0xff, 0xff, 0xe0, 0x0, 0x1f, 0xff, 0xff, 0xff,
    0xff, 0xff, 0xf8, 0x0, 0x1, 0xff, 0xff, 0xff,
    0xff, 0xff, 0xff, 0x80, 0x9, 0xff, 0xff, 0xff,
    0xff, 0xff, 0xff, 0xf6, 0x13, 0xcf, 0xff, 0xff,
    0xff, 0xff, 0xff, 0xff, 0x10, 0xff, 0xff, 0xff,
    0xff, 0xff, 0xff, 0xff, 0xff, 0xff, 0xff, 0xff,
    0xff, 0xff, 0xff, 0xff, 0xf7, 0xe, 0xff, 0xff,
    0xff, 0xff, 0xff, 0xff, 0xff, 0xff, 0xff, 0xff,
    0xff, 0xff, 0xff, 0xff, 0xff, 0x60, 0x7f, 0xff,
    0xff, 0xff, 0xff, 0xff, 0xff, 0xff, 0xff, 0xff,
    0xff, 0xff, 0xff, 0xff, 0xff, 0xe0, 0x0, 0x48,
    0x99, 0x99, 0x99, 0x99, 0x99, 0x99, 0x99, 0x99,
    0x99, 0x99, 0x99, 0x99, 0x98, 0x71, 0x0,

    /* U+F074 "" */
    0x0, 0x0, 0x0, 0x0, 0x0, 0x0, 0x0, 0x0,
    0x0, 0x0, 0x6, 0xa2, 0x0, 0x0, 0x0, 0x0,
    0x0, 0x0, 0x0, 0x0, 0x0, 0x0, 0x0, 0x0,
    0xf, 0xfe, 0x30, 0x0, 0x0, 0x0, 0x0, 0x0,
    0x0, 0x0, 0x0, 0x0, 0x0, 0x0, 0xf, 0xff,
    0xe3, 0x0, 0x24, 0x44, 0x44, 0x30, 0x0, 0x0,
    0x0, 0x0, 0x2, 0x44, 0x4f, 0xff, 0xfe, 0x30,
    0xff, 0xff, 0xff, 0xfb, 0x0, 0x0, 0x0, 0x0,
    0x3f, 0xff, 0xff, 0xff, 0xff, 0xe3, 0xff, 0xff,
    0xff, 0xff, 0xa0, 0x0, 0x0, 0x3, 0xff, 0xff,
    0xff, 0xff, 0xff, 0xfe, 0xff, 0xff, 0xff, 0xff,
    0xf9, 0x0, 0x0, 0x2e, 0xff, 0xff, 0xff, 0xff,
    0xff, 0xfd, 0xff, 0xff, 0xff, 0xff, 0xff, 0x80,
    0x1, 0xef, 0xff, 0xff, 0xff, 0xff, 0xff, 0xd1,
    0x12, 0x22, 0x26, 0xff, 0xff, 0xa0, 0x1d, 0xff,
    0xff, 0xd2, 0x2f, 0xff, 0xfd, 0x10, 0x0, 0x0,
    0x0, 0x7f, 0xfb, 0x1, 0xdf, 0xff, 0xfd, 0x10,
    0xf, 0xff, 0xd1, 0x0, 0x0, 0x0, 0x0, 0x8,
    0xc0, 0xc, 0xff, 0xff, 0xe2, 0x0, 0xe, 0xfd,
    0x10, 0x0, 0x0, 0x0, 0x0, 0x0, 0x0, 0xbf,
    0xff, 0xfe, 0x20, 0x0, 0x4, 0x81, 0x0, 0x0,
    0x0, 0x0, 0x0, 0x0, 0xa, 0xff, 0xff, 0xf3,
    0x0, 0x0, 0x0, 0x0, 0x0, 0x0, 0x0, 0x0,
    0x0, 0x0, 0x9f, 0xff, 0xff, 0x40, 0x0, 0x0,
    0x4, 0x81, 0x0, 0x0, 0x0, 0x0, 0x0, 0x8,
    0xff, 0xff, 0xf5, 0x5, 0xe2, 0x0, 0xe, 0xfe,
    0x20, 0x0, 0x0, 0x0, 0x0, 0x7f, 0xff, 0xff,
    0x60, 0x4f, 0xfd, 0x10, 0xf, 0xff, 0xe2, 0x0,
    0x12, 0x22, 0x26, 0xff, 0xff, 0xf7, 0x3, 0xff,
    0xff, 0xd2, 0x2f, 0xff, 0xfe, 0x20, 0xff, 0xff,
    0xff, 0xff, 0xff, 0x80, 0x1, 0xef, 0xff, 0xff,
    0xff, 0xff, 0xff, 0xe2, 0xff, 0xff, 0xff, 0xff,
    0xf9, 0x0, 0x0, 0x2e, 0xff, 0xff, 0xff, 0xff,
    0xff, 0xfd, 0xff, 0xff, 0xff, 0xff, 0xa0, 0x0,
    0x0, 0x3, 0xff, 0xff, 0xff, 0xff, 0xff, 0xfd,
    0xff, 0xff, 0xff, 0xfb, 0x0, 0x0, 0x0, 0x0,
    0x3f, 0xff, 0xff, 0xff, 0xff, 0xe2, 0x24, 0x44,
    0x44, 0x30, 0x0, 0x0, 0x0, 0x0, 0x2, 0x44,
    0x4f, 0xff, 0xfe, 0x20, 0x0, 0x0, 0x0, 0x0,
    0x0, 0x0, 0x0, 0x0, 0x0, 0x0, 0xf, 0xff,
    0xe3, 0x0, 0x0, 0x0, 0x0, 0x0, 0x0, 0x0,
    0x0, 0x0, 0x0, 0x0, 0xf, 0xfe, 0x30, 0x0,
    0x0, 0x0, 0x0, 0x0, 0x0, 0x0, 0x0, 0x0,
    0x0, 0x0, 0x6, 0xa2, 0x0, 0x0,

    /* U+F077 "" */
    0x0, 0x0, 0x0, 0x0, 0x0, 0x7, 0xb2, 0x0,
    0x0, 0x0, 0x0, 0x0, 0x0, 0x0, 0x0, 0x0,
    0x0, 0x8, 0xff, 0xe2, 0x0, 0x0, 0x0, 0x0,
    0x0, 0x0, 0x0, 0x0, 0x0, 0x8, 0xff, 0xff,
    0xe2, 0x0, 0x0, 0x0, 0x0, 0x0, 0x0, 0x0,
    0x0, 0x8, 0xff, 0xff, 0xff, 0xe2, 0x0, 0x0,
    0x0, 0x0, 0x0, 0x0, 0x0, 0x8, 0xff, 0xff,
    0xff, 0xff, 0xe2, 0x0, 0x0, 0x0, 0x0, 0x0,
    0x0, 0x8, 0xff, 0xff, 0xff, 0xff, 0xff, 0xe2,
    0x0, 0x0, 0x0, 0x0, 0x0, 0x8, 0xff, 0xff,
    0xfa, 0x3f, 0xff, 0xff, 0xe2, 0x0, 0x0, 0x0,
    0x0, 0x8, 0xff, 0xff, 0xfa, 0x0, 0x3f, 0xff,
    0xff, 0xe2, 0x0, 0x0, 0x0, 0x8, 0xff, 0xff,
    0xfa, 0x0, 0x0, 0x3f, 0xff, 0xff, 0xe2, 0x0,
    0x0, 0x8, 0xff, 0xff, 0xfa, 0x0, 0x0, 0x0,
    0x3f, 0xff, 0xff, 0xe2, 0x0, 0x8, 0xff, 0xff,
    0xfa, 0x0, 0x0, 0x0, 0x0, 0x3f, 0xff, 0xff,
    0xe2, 0x6, 0xff, 0xff, 0xfa, 0x0, 0x0, 0x0,
    0x0, 0x0, 0x3f, 0xff, 0xff, 0xe0, 0x9f, 0xff,
    0xfa, 0x0, 0x0, 0x0, 0x0, 0x0, 0x0, 0x3f,
    0xff, 0xff, 0x11, 0xdf, 0xfa, 0x0, 0x0, 0x0,
    0x0, 0x0, 0x0, 0x0, 0x3f, 0xff, 0x60, 0x1,
    0xa8, 0x0, 0x0, 0x0, 0x0, 0x0, 0x0, 0x0,
    0x0, 0x3b, 0x50, 0x0,

    /* U+F078 "" */
    0x1, 0xa8, 0x0, 0x0, 0x0, 0x0, 0x0, 0x0,
    0x0, 0x0, 0x3b, 0x60, 0x1, 0xdf, 0xfa, 0x0,
    0x0, 0x0, 0x0, 0x0, 0x0, 0x0, 0x3f, 0xff,
    0x60, 0x9f, 0xff, 0xfa, 0x0, 0x0, 0x0, 0x0,
    0x0, 0x0, 0x3f, 0xff, 0xff, 0x16, 0xff, 0xff,
    0xfa, 0x0, 0x0, 0x0, 0x0, 0x0, 0x3f, 0xff,
    0xff, 0xd0, 0x8, 0xff, 0xff, 0xfa, 0x0, 0x0,
    0x0, 0x0, 0x3f, 0xff, 0xff, 0xe2, 0x0, 0x8,
    0xff, 0xff, 0xfa, 0x0, 0x0, 0x0, 0x3f, 0xff,
    0xff, 0xe2, 0x0, 0x0, 0x8, 0xff, 0xff, 0xfa,
    0x0, 0x0, 0x3f, 0xff, 0xff, 0xe2, 0x0, 0x0,
    0x0, 0x8, 0xff, 0xff, 0xfa, 0x0, 0x3f, 0xff,
    0xff, 0xe2, 0x0, 0x0, 0x0, 0x0, 0x8, 0xff,
    0xff, 0xfa, 0x3f, 0xff, 0xff, 0xe2, 0x0, 0x0,
    0x0, 0x0, 0x0, 0x8, 0xff, 0xff, 0xff, 0xff,
    0xff, 0xe2, 0x0, 0x0, 0x0, 0x0, 0x0, 0x0,
    0x8, 0xff, 0xff, 0xff, 0xff, 0xe2, 0x0, 0x0,
    0x0, 0x0, 0x0, 0x0, 0x0, 0x8, 0xff, 0xff,
    0xff, 0xe2, 0x0, 0x0, 0x0, 0x0, 0x0, 0x0,
    0x0, 0x0, 0x8, 0xff, 0xff, 0xe2, 0x0, 0x0,
    0x0, 0x0, 0x0, 0x0, 0x0, 0x0, 0x0, 0x8,
    0xff, 0xe2, 0x0, 0x0, 0x0, 0x0, 0x0, 0x0,
    0x0, 0x0, 0x0, 0x0, 0x6, 0xa2, 0x0, 0x0,
    0x0, 0x0, 0x0, 0x0,

    /* U+F079 "" */
    0x0, 0x0, 0x0, 0x42, 0x0, 0x0, 0x0, 0x0,
    0x0, 0x0, 0x0, 0x0, 0x0, 0x0, 0x0, 0x0,
    0x0, 0x0, 0x0, 0x0, 0x9f, 0xf4, 0x0, 0x0,
    0x0, 0x0, 0x0, 0x0, 0x0, 0x0, 0x0, 0x0,
    0x0, 0x0, 0x0, 0x0, 0x0, 0x9f, 0xff, 0xf4,
    0x0, 0x0, 0x57, 0x77, 0x77, 0x77, 0x77, 0x77,
    0x77, 0x60, 0x0, 0x0, 0x0, 0x0, 0x9f, 0xff,
    0xff, 0xf4, 0x0, 0x4f, 0xff, 0xff, 0xff, 0xff,
    0xff, 0xff, 0xff, 0x70, 0x0, 0x0, 0x0, 0x9f,
    0xff, 0xff, 0xff, 0xf4, 0x2, 0xff, 0xff, 0xff,
    0xff, 0xff, 0xff, 0xff, 0xf9, 0x0, 0x0, 0x0,
    0x9f, 0xff, 0xff, 0xff, 0xff, 0xf4, 0x4, 0xff,
    0xff, 0xff, 0xff, 0xff, 0xff, 0xff, 0x90, 0x0,
    0x0, 0x9f, 0xff, 0xff, 0xff, 0xef, 0xff, 0xf4,
    0x0, 0x0, 0x0, 0x0, 0x0, 0x0, 0xef, 0xf9,
    0x0, 0x0, 0xf, 0xff, 0xf4, 0xef, 0xf9, 0x9f,
    0xff, 0x90, 0x0, 0x0, 0x0, 0x0, 0x0, 0xe,
    0xff, 0x90, 0x0, 0x0, 0x7f, 0xf5, 0xe, 0xff,
    0x90, 0xaf, 0xe2, 0x0, 0x0, 0x0, 0x0, 0x0,
    0x0, 0xef, 0xf9, 0x0, 0x0, 0x0, 0x32, 0x0,
    0xef, 0xf9, 0x0, 0x41, 0x0, 0x0, 0x0, 0x0,
    0x0, 0x0, 0xe, 0xff, 0x90, 0x0, 0x0, 0x0,
    0x0, 0xe, 0xff, 0x90, 0x0, 0x0, 0x0, 0x0,
    0x0, 0x0, 0x0, 0x0, 0xef, 0xf9, 0x0, 0x0,
    0x0, 0x0, 0x0, 0xef, 0xf9, 0x0, 0x0, 0x0,
    0x0, 0x0, 0x0, 0x0, 0x0, 0xe, 0xff, 0x90,
    0x0, 0x0, 0x0, 0x0, 0xe, 0xff, 0x90, 0x0,
    0x0, 0x0, 0x0, 0x0, 0x0, 0x0, 0x0, 0xef,
    0xf9, 0x0, 0x0, 0x0, 0x0, 0x0, 0xef, 0xf9,
    0x0, 0x0, 0x0, 0x0, 0x0, 0x0, 0x19, 0x80,
    0xe, 0xff, 0x90, 0x2a, 0x70, 0x0, 0x0, 0xe,
    0xff, 0x90, 0x0, 0x0, 0x0, 0x0, 0x0, 0xc,
    0xff, 0xa0, 0xef, 0xf9, 0x2e, 0xff, 0x60, 0x0,
    0x0, 0xef, 0xf9, 0x0, 0x0, 0x0, 0x0, 0x0,
    0x0, 0xef, 0xff, 0x9e, 0xff, 0xad, 0xff, 0xf9,
    0x0, 0x0, 0xe, 0xff, 0xc7, 0x77, 0x77, 0x77,
    0x77, 0x73, 0x4, 0xff, 0xff, 0xff, 0xff, 0xff,
    0xfc, 0x10, 0x0, 0x0, 0xef, 0xff, 0xff, 0xff,
    0xff, 0xff, 0xff, 0xf5, 0x4, 0xff, 0xff, 0xff,
    0xff, 0xfc, 0x10, 0x0, 0x0, 0xe, 0xff, 0xff,
    0xff, 0xff, 0xff, 0xff, 0xff, 0xf0, 0x4, 0xff,
    0xff, 0xff, 0xfc, 0x10, 0x0, 0x0, 0x0, 0x9f,
    0xff, 0xff, 0xff, 0xff, 0xff, 0xff, 0xfa, 0x0,
    0x3, 0xff, 0xff, 0xfc, 0x10, 0x0, 0x0, 0x0,
    0x0, 0x0, 0x0, 0x0, 0x0, 0x0, 0x0, 0x0,
    0x0, 0x0, 0x3, 0xff, 0xfc, 0x10, 0x0, 0x0,
    0x0, 0x0, 0x0, 0x0, 0x0, 0x0, 0x0, 0x0,
    0x0, 0x0, 0x0, 0x0, 0x3, 0xdb, 0x0, 0x0,
    0x0,

    /* U+F07B "" */
    0x1b, 0xff, 0xff, 0xff, 0xff, 0xfc, 0x10, 0x0,
    0x0, 0x0, 0x0, 0x0, 0x0, 0x0, 0xbf, 0xff,
    0xff, 0xff, 0xff, 0xff, 0xc1, 0x0, 0x0, 0x0,
    0x0, 0x0, 0x0, 0x0, 0xff, 0xff, 0xff, 0xff,
    0xff, 0xff, 0xfc, 0x10, 0x0, 0x0, 0x0, 0x0,
    0x0, 0x0, 0xff, 0xff, 0xff, 0xff, 0xff, 0xff,
    0xff, 0xd8, 0x88, 0x88, 0x88, 0x88, 0x87, 0x30,
    0xff, 0xff, 0xff, 0xff, 0xff, 0xff, 0xff, 0xff,
    0xff, 0xff, 0xff, 0xff, 0xff, 0xf5, 0xff, 0xff,
    0xff, 0xff, 0xff, 0xff, 0xff, 0xff, 0xff, 0xff,
    0xff, 0xff, 0xff, 0xfe, 0xff, 0xff, 0xff, 0xff,
    0xff, 0xff, 0xff, 0xff, 0xff, 0xff, 0xff, 0xff,
    0xff, 0xff, 0xff, 0xff, 0xff, 0xff, 0xff, 0xff,
    0xff, 0xff, 0xff, 0xff, 0xff, 0xff, 0xff, 0xff,
    0xff, 0xff, 0xff, 0xff, 0xff, 0xff, 0xff, 0xff,
    0xff, 0xff, 0xff, 0xff, 0xff, 0xff, 0xff, 0xff,
    0xff, 0xff, 0xff, 0xff, 0xff, 0xff, 0xff, 0xff,
    0xff, 0xff, 0xff, 0xff, 0xff, 0xff, 0xff, 0xff,
    0xff, 0xff, 0xff, 0xff, 0xff, 0xff, 0xff, 0xff,
    0xff, 0xff, 0xff, 0xff, 0xff, 0xff, 0xff, 0xff,
    0xff, 0xff, 0xff, 0xff, 0xff, 0xff, 0xff, 0xff,
    0xff, 0xff, 0xff, 0xff, 0xff, 0xff, 0xff, 0xff,
    0xff, 0xff, 0xff, 0xff, 0xff, 0xff, 0xff, 0xff,
    0xff, 0xff, 0xff, 0xff, 0xff, 0xff, 0xff, 0xff,
    0xff, 0xff, 0xff, 0xff, 0xff, 0xff, 0xff, 0xff,
    0xff, 0xff, 0xff, 0xff, 0xff, 0xff, 0xff, 0xff,
    0xff, 0xff, 0xff, 0xff, 0xff, 0xff, 0xff, 0xff,
    0xff, 0xff, 0xff, 0xff, 0xff, 0xff, 0xff, 0xff,
    0xff, 0xff, 0xff, 0xff, 0xff, 0xff, 0xff, 0xff,
    0xff, 0xff, 0xff, 0xff, 0xff, 0xff, 0xff, 0xff,
    0xff, 0xff, 0xff, 0xff, 0xff, 0xff, 0xff, 0xff,
    0xff, 0xff, 0xff, 0xff, 0xff, 0xff, 0xff, 0xff,
    0xff, 0xff, 0xff, 0xff, 0xff, 0xff, 0xff, 0xff,
    0xff, 0xff, 0xbf, 0xff, 0xff, 0xff, 0xff, 0xff,
    0xff, 0xff, 0xff, 0xff, 0xff, 0xff, 0xff, 0xfb,
    0x1b, 0xff, 0xff, 0xff, 0xff, 0xff, 0xff, 0xff,
    0xff, 0xff, 0xff, 0xff, 0xff, 0xb1,

    /* U+F093 "" */
    0x0, 0x0, 0x0, 0x0, 0x0, 0x0, 0x3, 0x10,
    0x0, 0x0, 0x0, 0x0, 0x0, 0x0, 0x0, 0x0,
    0x0, 0x0, 0x0, 0x0, 0x7f, 0xe2, 0x0, 0x0,
    0x0, 0x0, 0x0, 0x0, 0x0, 0x0, 0x0, 0x0,
    0x0, 0x7, 0xff, 0xfe, 0x20, 0x0, 0x0, 0x0,
    0x0, 0x0, 0x0, 0x0, 0x0, 0x0, 0x0, 0x7f,
    0xff, 0xff, 0xe2, 0x0, 0x0, 0x0, 0x0, 0x0,
    0x0, 0x0, 0x0, 0x0, 0x7, 0xff, 0xff, 0xff,
    0xfe, 0x20, 0x0, 0x0, 0x0, 0x0, 0x0, 0x0,
    0x0, 0x0, 0x7f, 0xff, 0xff, 0xff, 0xff, 0xe2,
    0x0, 0x0, 0x0, 0x0, 0x0, 0x0, 0x0, 0x7,
    0xff, 0xff, 0xff, 0xff, 0xff, 0xfe, 0x20, 0x0,
    0x0, 0x0, 0x0, 0x0, 0x0, 0x7f, 0xff, 0xff,
    0xff, 0xff, 0xff, 0xff, 0xe2, 0x0, 0x0, 0x0,
    0x0, 0x0, 0x7, 0xff, 0xff, 0xff, 0xff, 0xff,
    0xff, 0xff, 0xfe, 0x20, 0x0, 0x0, 0x0, 0x0,
    0x5f, 0xff, 0xff, 0xff, 0xff, 0xff, 0xff, 0xff,
    0xff, 0xe0, 0x0, 0x0, 0x0, 0x0, 0x6f, 0xff,
    0xff, 0xff, 0xff, 0xff, 0xff, 0xff, 0xff, 0xf0,
    0x0, 0x0, 0x0, 0x0, 0x2, 0x22, 0x22, 0xcf,
    0xff, 0xff, 0xf6, 0x22, 0x22, 0x10, 0x0, 0x0,
    0x0, 0x0, 0x0, 0x0, 0x0, 0xbf, 0xff, 0xff,
    0xf4, 0x0, 0x0, 0x0, 0x0, 0x0, 0x0, 0x0,
    0x0, 0x0, 0x0, 0xbf, 0xff, 0xff, 0xf4, 0x0,
    0x0, 0x0, 0x0, 0x0, 0x0, 0x0, 0x0, 0x0,
    0x0, 0xbf, 0xff, 0xff, 0xf4, 0x0, 0x0, 0x0,
    0x0, 0x0, 0x0, 0x0, 0x0, 0x0, 0x0, 0xbf,
    0xff, 0xff, 0xf4, 0x0, 0x0, 0x0, 0x0, 0x0,
    0x0, 0x0, 0x0, 0x0, 0x0, 0xbf, 0xff, 0xff,
    0xf4, 0x0, 0x0, 0x0, 0x0, 0x0, 0x0, 0x0,
    0x0, 0x0, 0x0, 0xbf, 0xff, 0xff, 0xf4, 0x0,
    0x0, 0x0, 0x0, 0x0, 0x0, 0x0, 0x0, 0x0,
    0x0, 0xbf, 0xff, 0xff, 0xf4, 0x0, 0x0, 0x0,
    0x0, 0x0, 0x1, 0x11, 0x11, 0x11, 0x0, 0xbf,
    0xff, 0xff, 0xf4, 0x0, 0x11, 0x11, 0x11, 0x10,
    0xbf, 0xff, 0xff, 0xff, 0xc0, 0xaf, 0xff, 0xff,
    0xf3, 0xc, 0xff, 0xff, 0xff, 0xfb, 0xff, 0xff,
    0xff, 0xff, 0xf1, 0x18, 0x99, 0x99, 0x60, 0x1f,
    0xff, 0xff, 0xff, 0xff, 0xff, 0xff, 0xff, 0xff,
    0xfc, 0x10, 0x0, 0x0, 0x1, 0xcf, 0xff, 0xff,
    0xff, 0xff, 0xff, 0xff, 0xff, 0xff, 0xff, 0xfc,
    0xcc, 0xcc, 0xcf, 0xff, 0xff, 0xff, 0xff, 0xff,
    0xff, 0xff, 0xff, 0xff, 0xff, 0xff, 0xff, 0xff,
    0xff, 0xff, 0xff, 0xff, 0xff, 0xff, 0xff, 0xff,
    0xff, 0xff, 0xff, 0xff, 0xff, 0xff, 0xff, 0xf4,
    0x1e, 0xb0, 0x8f, 0xff, 0xff, 0xff, 0xff, 0xff,
    0xff, 0xff, 0xff, 0xff, 0xff, 0xf5, 0x2e, 0xc1,
    0x8f, 0xff, 0xef, 0xff, 0xff, 0xff, 0xff, 0xff,
    0xff, 0xff, 0xff, 0xff, 0xff, 0xff, 0xff, 0xfe,
    0x37, 0x88, 0x88, 0x88, 0x88, 0x88, 0x88, 0x88,
    0x88, 0x88, 0x88, 0x88, 0x88, 0x73,

    /* U+F095 "" */
    0x0, 0x0, 0x0, 0x0, 0x0, 0x0, 0x0, 0x0,
    0x0, 0x0, 0x6, 0x62, 0x0, 0x0, 0x0, 0x0,
    0x0, 0x0, 0x0, 0x0, 0x0, 0x0, 0x0, 0x0,
    0x4, 0xff, 0xfe, 0xb7, 0x30, 0x0, 0x0, 0x0,
    0x0, 0x0, 0x0, 0x0, 0x0, 0x0, 0x0, 0xbf,
    0xff, 0xff, 0xff, 0xc0, 0x0, 0x0, 0x0, 0x0,
    0x0, 0x0, 0x0, 0x0, 0x0, 0x2f, 0xff, 0xff,
    0xff, 0xff, 0x0, 0x0, 0x0, 0x0, 0x0, 0x0,
    0x0, 0x0, 0x0, 0x9, 0xff, 0xff, 0xff, 0xff,
    0xe0, 0x0, 0x0, 0x0, 0x0, 0x0, 0x0, 0x0,
    0x0, 0x1, 0xff, 0xff, 0xff, 0xff, 0xfe, 0x0,
    0x0, 0x0, 0x0, 0x0, 0x0, 0x0, 0x0, 0x0,
    0x7f, 0xff, 0xff, 0xff, 0xff, 0xc0, 0x0, 0x0,
    0x0, 0x0, 0x0, 0x0, 0x0, 0x0, 0xd, 0xff,
    0xff, 0xff, 0xff, 0xfa, 0x0, 0x0, 0x0, 0x0,
    0x0, 0x0, 0x0, 0x0, 0x0, 0xbf, 0xff, 0xff,
    0xff, 0xff, 0x70, 0x0, 0x0, 0x0, 0x0, 0x0,
    0x0, 0x0, 0x0, 0x0, 0xbf, 0xff, 0xff, 0xff,
    0xf3, 0x0, 0x0, 0x0, 0x0, 0x0, 0x0, 0x0,
    0x0, 0x0, 0x0, 0x8f, 0xff, 0xff, 0xff, 0x0,
    0x0, 0x0, 0x0, 0x0, 0x0, 0x0, 0x0, 0x0,
    0x0, 0x0, 0x7f, 0xff, 0xff, 0x90, 0x0, 0x0,
    0x0, 0x0, 0x0, 0x0, 0x0, 0x0, 0x0, 0x0,
    0xa, 0xff, 0xff, 0xf4, 0x0, 0x0, 0x0, 0x0,
    0x0, 0x0, 0x0, 0x0, 0x0, 0x0, 0x3, 0xff,
    0xff, 0xfd, 0x0, 0x0, 0x0, 0x0, 0x0, 0x0,
    0x0, 0x0, 0x0, 0x0, 0x0, 0xcf, 0xff, 0xff,
    0x50, 0x0, 0x0, 0x0, 0x0, 0x0, 0x0, 0x0,
    0x0, 0x0, 0x0, 0x9f, 0xff, 0xff, 0xc0, 0x0,
    0x0, 0x0, 0x0, 0x0, 0x0, 0x0, 0x0, 0x0,
    0x0, 0x6f, 0xff, 0xff, 0xf3, 0x0, 0x0, 0x0,
    0x0, 0x0, 0x26, 0x10, 0x0, 0x0, 0x0, 0x5f,
    0xff, 0xff, 0xf8, 0x0, 0x0, 0x0, 0x0, 0x4,
    0xbf, 0xfc, 0x0, 0x0, 0x0, 0x6f, 0xff, 0xff,
    0xfc, 0x0, 0x0, 0x0, 0x0, 0x6d, 0xff, 0xff,
    0xfa, 0x0, 0x0, 0xaf, 0xff, 0xff, 0xfe, 0x10,
    0x0, 0x0, 0x7, 0xff, 0xff, 0xff, 0xff, 0xf7,
    0x5, 0xef, 0xff, 0xff, 0xfe, 0x20, 0x0, 0x0,
    0x0, 0xff, 0xff, 0xff, 0xff, 0xff, 0xfd, 0xff,
    0xff, 0xff, 0xfe, 0x20, 0x0, 0x0, 0x0, 0xc,
    0xff, 0xff, 0xff, 0xff, 0xff, 0xff, 0xff, 0xff,
    0xfd, 0x20, 0x0, 0x0, 0x0, 0x0, 0x8f, 0xff,
    0xff, 0xff, 0xff, 0xff, 0xff, 0xff, 0xfa, 0x0,
    0x0, 0x0, 0x0, 0x0, 0x4, 0xff, 0xff, 0xff,
    0xff, 0xff, 0xff, 0xff, 0xe6, 0x0, 0x0, 0x0,
    0x0, 0x0, 0x0, 0x1f, 0xff, 0xff, 0xff, 0xff,
    0xff, 0xff, 0x91, 0x0, 0x0, 0x0, 0x0, 0x0,
    0x0, 0x0, 0xdf, 0xff, 0xff, 0xff, 0xff, 0xe9,
    0x10, 0x0, 0x0, 0x0, 0x0, 0x0, 0x0, 0x0,
    0x9, 0xff, 0xff, 0xff, 0xd9, 0x40, 0x0, 0x0,
    0x0, 0x0, 0x0, 0x0, 0x0, 0x0, 0x0, 0x17,
    0x76, 0x53, 0x0, 0x0, 0x0, 0x0, 0x0, 0x0,
    0x0, 0x0, 0x0, 0x0, 0x0,

    /* U+F0C4 "" */
    0x0, 0x5, 0x99, 0x72, 0x0, 0x0, 0x0, 0x0,
    0x0, 0x0, 0x0, 0x0, 0x0, 0x2d, 0xff, 0xff,
    0xf7, 0x0, 0x0, 0x0, 0x0, 0x1, 0x7b, 0xb8,
    0x10, 0x1e, 0xff, 0xff, 0xff, 0xf7, 0x0, 0x0,
    0x0, 0x2, 0xef, 0xff, 0xfe, 0x38, 0xff, 0xff,
    0xef, 0xff, 0xf1, 0x0, 0x0, 0x2, 0xef, 0xff,
    0xff, 0xf4, 0xdf, 0xfe, 0x10, 0x7f, 0xff, 0x50,
    0x0, 0x2, 0xef, 0xff, 0xff, 0xf5, 0xf, 0xff,
    0x80, 0x0, 0xff, 0xf7, 0x0, 0x2, 0xef, 0xff,
    0xff, 0xf5, 0x0, 0xef, 0xfc, 0x0, 0x4f, 0xff,
    0x60, 0x2, 0xef, 0xff, 0xff, 0xf5, 0x0, 0xa,
    0xff, 0xfd, 0xbf, 0xff, 0xf4, 0x3, 0xef, 0xff,
    0xff, 0xf5, 0x0, 0x0, 0x2f, 0xff, 0xff, 0xff,
    0xff, 0xe5, 0xef, 0xff, 0xff, 0xf5, 0x0, 0x0,
    0x0, 0x4f, 0xff, 0xff, 0xff, 0xff, 0xff, 0xff,
    0xff, 0xf5, 0x0, 0x0, 0x0, 0x0, 0x18, 0xcd,
    0xff, 0xff, 0xff, 0xff, 0xff, 0xf5, 0x0, 0x0,
    0x0, 0x0, 0x0, 0x0, 0x5, 0xff, 0xff, 0xff,
    0xff, 0xf5, 0x0, 0x0, 0x0, 0x0, 0x0, 0x0,
    0x0, 0x7, 0xff, 0xff, 0xff, 0xf7, 0x0, 0x0,
    0x0, 0x0, 0x0, 0x0, 0x0, 0x3, 0xef, 0xff,
    0xff, 0xff, 0xe2, 0x0, 0x0, 0x0, 0x0, 0x0,
    0x5, 0x99, 0xef, 0xff, 0xff, 0xff, 0xff, 0xe2,
    0x0, 0x0, 0x0, 0x0, 0x2d, 0xff, 0xff, 0xff,
    0xff, 0xff, 0xff, 0xff, 0xe2, 0x0, 0x0, 0x0,
    0x1e, 0xff, 0xff, 0xff, 0xff, 0xf9, 0xff, 0xff,
    0xff, 0xe2, 0x0, 0x0, 0x8, 0xff, 0xff, 0xef,
    0xff, 0xf6, 0x5, 0xff, 0xff, 0xff, 0xe2, 0x0,
    0x0, 0xdf, 0xfe, 0x10, 0x7f, 0xff, 0x50, 0x5,
    0xff, 0xff, 0xff, 0xe2, 0x0, 0xf, 0xff, 0x80,
    0x0, 0xff, 0xf7, 0x0, 0x5, 0xff, 0xff, 0xff,
    0xe2, 0x0, 0xef, 0xfc, 0x0, 0x4f, 0xff, 0x60,
    0x0, 0x5, 0xff, 0xff, 0xff, 0xe2, 0xa, 0xff,
    0xfd, 0xbf, 0xff, 0xf2, 0x0, 0x0, 0x5, 0xff,
    0xff, 0xff, 0xe2, 0x2f, 0xff, 0xff, 0xff, 0xf9,
    0x0, 0x0, 0x0, 0x4, 0xff, 0xff, 0xff, 0x40,
    0x4f, 0xff, 0xff, 0xfb, 0x0, 0x0, 0x0, 0x0,
    0x3, 0xbe, 0xfb, 0x30, 0x0, 0x18, 0xcd, 0xb5,
    0x0, 0x0, 0x0, 0x0, 0x0, 0x0, 0x0, 0x0,
    0x0,

    /* U+F0C5 "" */
    0x0, 0x0, 0x0, 0x1, 0x44, 0x44, 0x44, 0x44,
    0x42, 0x3, 0x0, 0x0, 0x0, 0x0, 0x0, 0x0,
    0xdf, 0xff, 0xff, 0xff, 0xff, 0x80, 0xeb, 0x0,
    0x0, 0x0, 0x0, 0x0, 0xf, 0xff, 0xff, 0xff,
    0xff, 0xf8, 0xe, 0xfb, 0x0, 0x0, 0x0, 0x0,
    0x0, 0xff, 0xff, 0xff, 0xff, 0xff, 0x80, 0xef,
    0xfb, 0x0, 0x0, 0x0, 0x0, 0xf, 0xff, 0xff,
    0xff, 0xff, 0xf8, 0xe, 0xff, 0xfb, 0x0, 0x0,
    0x0, 0x0, 0xff, 0xff, 0xff, 0xff, 0xff, 0x80,
    0xef, 0xff, 0xf4, 0xaf, 0xff, 0xf4, 0xf, 0xff,
    0xff, 0xff, 0xff, 0xfa, 0x0, 0x0, 0x0, 0xf,
    0xff, 0xff, 0x40, 0xff, 0xff, 0xff, 0xff, 0xff,
    0xfc, 0xbb, 0xbb, 0xb3, 0xff, 0xff, 0xf4, 0xf,
    0xff, 0xff, 0xff, 0xff, 0xff, 0xff, 0xff, 0xff,
    0x5f, 0xff, 0xff, 0x40, 0xff, 0xff, 0xff, 0xff,
    0xff, 0xff, 0xff, 0xff, 0xf5, 0xff, 0xff, 0xf4,
    0xf, 0xff, 0xff, 0xff, 0xff, 0xff, 0xff, 0xff,
    0xff, 0x5f, 0xff, 0xff, 0x40, 0xff, 0xff, 0xff,
    0xff, 0xff, 0xff, 0xff, 0xff, 0xf5, 0xff, 0xff,
    0xf4, 0xf, 0xff, 0xff, 0xff, 0xff, 0xff, 0xff,
    0xff, 0xff, 0x5f, 0xff, 0xff, 0x40, 0xff, 0xff,
    0xff, 0xff, 0xff, 0xff, 0xff, 0xff, 0xf5, 0xff,
    0xff, 0xf4, 0xf, 0xff, 0xff, 0xff, 0xff, 0xff,
    0xff, 0xff, 0xff, 0x5f, 0xff, 0xff, 0x40, 0xff,
    0xff, 0xff, 0xff, 0xff, 0xff, 0xff, 0xff, 0xf5,
    0xff, 0xff, 0xf4, 0xf, 0xff, 0xff, 0xff, 0xff,
    0xff, 0xff, 0xff, 0xff, 0x5f, 0xff, 0xff, 0x40,
    0xff, 0xff, 0xff, 0xff, 0xff, 0xff, 0xff, 0xff,
    0xf5, 0xff, 0xff, 0xf4, 0xf, 0xff, 0xff, 0xff,
    0xff, 0xff, 0xff, 0xff, 0xff, 0x5f, 0xff, 0xff,
    0x40, 0xff, 0xff, 0xff, 0xff, 0xff, 0xff, 0xff,
    0xff, 0xf5, 0xff, 0xff, 0xf4, 0xf, 0xff, 0xff,
    0xff, 0xff, 0xff, 0xff, 0xff, 0xff, 0x5f, 0xff,
    0xff, 0x40, 0xff, 0xff, 0xff, 0xff, 0xff, 0xff,
    0xff, 0xff, 0xf5, 0xff, 0xff, 0xf5, 0xa, 0xff,
    0xff, 0xff, 0xff, 0xff, 0xff, 0xff, 0xfe, 0x1f,
    0xff, 0xff, 0xb0, 0x0, 0x0, 0x0, 0x0, 0x0,
    0x0, 0x0, 0x0, 0x0, 0xff, 0xff, 0xff, 0xa2,
    0x0, 0x0, 0x0, 0x0, 0x0, 0x0, 0x0, 0x0,
    0xf, 0xff, 0xff, 0xff, 0xff, 0xff, 0xff, 0xff,
    0xff, 0x80, 0x0, 0x0, 0x0, 0xff, 0xff, 0xff,
    0xff, 0xff, 0xff, 0xff, 0xff, 0xf8, 0x0, 0x0,
    0x0, 0xe, 0xff, 0xff, 0xff, 0xff, 0xff, 0xff,
    0xff, 0xff, 0x60, 0x0, 0x0, 0x0, 0x37, 0x88,
    0x88, 0x88, 0x88, 0x88, 0x88, 0x88, 0x60, 0x0,
    0x0, 0x0, 0x0,

    /* U+F0C7 "" */
    0x4, 0x88, 0x88, 0x88, 0x88, 0x88, 0x88, 0x88,
    0x87, 0x20, 0x0, 0x0, 0x6, 0xff, 0xff, 0xff,
    0xff, 0xff, 0xff, 0xff, 0xff, 0xff, 0x40, 0x0,
    0x0, 0xef, 0xff, 0xff, 0xff, 0xff, 0xff, 0xff,
    0xff, 0xff, 0xff, 0x40, 0x0, 0xf, 0xff, 0xff,
    0xff, 0xff, 0xff, 0xff, 0xff, 0xff, 0xff, 0xff,
    0x40, 0x0, 0xff, 0xf9, 0x0, 0x0, 0x0, 0x0,
    0x0, 0x0, 0xd, 0xff, 0xff, 0x40, 0xf, 0xff,
    0x80, 0x0, 0x0, 0x0, 0x0, 0x0, 0x0, 0xbf,
    0xff, 0xff, 0x30, 0xff, 0xf8, 0x0, 0x0, 0x0,
    0x0, 0x0, 0x0, 0xb, 0xff, 0xff, 0xfe, 0xf,
    0xff, 0x80, 0x0, 0x0, 0x0, 0x0, 0x0, 0x0,
    0xbf, 0xff, 0xff, 0xf3, 0xff, 0xf8, 0x0, 0x0,
    0x0, 0x0, 0x0, 0x0, 0xb, 0xff, 0xff, 0xff,
    0x4f, 0xff, 0x80, 0x0, 0x0, 0x0, 0x0, 0x0,
    0x0, 0xbf, 0xff, 0xff, 0xf4, 0xff, 0xfd, 0x77,
    0x77, 0x77, 0x77, 0x77, 0x77, 0x7e, 0xff, 0xff,
    0xff, 0x4f, 0xff, 0xff, 0xff, 0xff, 0xff, 0xff,
    0xff, 0xff, 0xff, 0xff, 0xff, 0xf4, 0xff, 0xff,
    0xff, 0xff, 0xff, 0xff, 0xff, 0xff, 0xff, 0xff,
    0xff, 0xff, 0x4f, 0xff, 0xff, 0xff, 0xff, 0xff,
    0xff, 0xff, 0xff, 0xff, 0xff, 0xff, 0xf4, 0xff,
    0xff, 0xff, 0xff, 0xff, 0x82, 0x15, 0xef, 0xff,
    0xff, 0xff, 0xff, 0x4f, 0xff, 0xff, 0xff, 0xff,
    0x70, 0x0, 0x3, 0xff, 0xff, 0xff, 0xff, 0xf4,
    0xff, 0xff, 0xff, 0xff, 0xf0, 0x0, 0x0, 0xb,
    0xff, 0xff, 0xff, 0xff, 0x4f, 0xff, 0xff, 0xff,
    0xfc, 0x0, 0x0, 0x0, 0x8f, 0xff, 0xff, 0xff,
    0xf4, 0xff, 0xff, 0xff, 0xff, 0xe0, 0x0, 0x0,
    0x9, 0xff, 0xff, 0xff, 0xff, 0x4f, 0xff, 0xff,
    0xff, 0xff, 0x30, 0x0, 0x0, 0xef, 0xff, 0xff,
    0xff, 0xf4, 0xff, 0xff, 0xff, 0xff, 0xfd, 0x10,
    0x0, 0x9f, 0xff, 0xff, 0xff, 0xff, 0x4f, 0xff,
    0xff, 0xff, 0xff, 0xfe, 0xa9, 0xdf, 0xff, 0xff,
    0xff, 0xff, 0xf4, 0xff, 0xff, 0xff, 0xff, 0xff,
    0xff, 0xff, 0xff, 0xff, 0xff, 0xff, 0xff, 0x3a,
    0xff, 0xff, 0xff, 0xff, 0xff, 0xff, 0xff, 0xff,
    0xff, 0xff, 0xff, 0xe0, 0x1a, 0xef, 0xff, 0xff,
    0xff, 0xff, 0xff, 0xff, 0xff, 0xff, 0xff, 0xc3,
    0x0,

    /* U+F0C9 "" */
    0x0, 0x0, 0x0, 0x0, 0x0, 0x0, 0x0, 0x0,
    0x0, 0x0, 0x0, 0x0, 0xd, 0xff, 0xff, 0xff,
    0xff, 0xff, 0xff, 0xff, 0xff, 0xff, 0xff, 0xff,
    0xf5, 0xff, 0xff, 0xff, 0xff, 0xff, 0xff, 0xff,
    0xff, 0xff, 0xff, 0xff, 0xff, 0x8f, 0xff, 0xff,
    0xff, 0xff, 0xff, 0xff, 0xff, 0xff, 0xff, 0xff,
    0xff, 0xf8, 0xae, 0xee, 0xee, 0xee, 0xee, 0xee,
    0xee, 0xee, 0xee, 0xee, 0xee, 0xed, 0x40, 0x0,
    0x0, 0x0, 0x0, 0x0, 0x0, 0x0, 0x0, 0x0,
    0x0, 0x0, 0x0, 0x0, 0x0, 0x0, 0x0, 0x0,
    0x0, 0x0, 0x0, 0x0, 0x0, 0x0, 0x0, 0x0,
    0x0, 0x0, 0x0, 0x0, 0x0, 0x0, 0x0, 0x0,
    0x0, 0x0, 0x0, 0x0, 0x0, 0x0, 0x0, 0x0,
    0x0, 0x0, 0x0, 0x0, 0x0, 0x0, 0x0, 0x0,
    0x7, 0xbb, 0xbb, 0xbb, 0xbb, 0xbb, 0xbb, 0xbb,
    0xbb, 0xbb, 0xbb, 0xbb, 0xa2, 0xff, 0xff, 0xff,
    0xff, 0xff, 0xff, 0xff, 0xff, 0xff, 0xff, 0xff,
    0xff, 0x7f, 0xff, 0xff, 0xff, 0xff, 0xff, 0xff,
    0xff, 0xff, 0xff, 0xff, 0xff, 0xf8, 0xef, 0xff,
    0xff, 0xff, 0xff, 0xff, 0xff, 0xff, 0xff, 0xff,
    0xff, 0xff, 0x61, 0x44, 0x44, 0x44, 0x44, 0x44,
    0x44, 0x44, 0x44, 0x44, 0x44, 0x44, 0x30, 0x0,
    0x0, 0x0, 0x0, 0x0, 0x0, 0x0, 0x0, 0x0,
    0x0, 0x0, 0x0, 0x0, 0x0, 0x0, 0x0, 0x0,
    0x0, 0x0, 0x0, 0x0, 0x0, 0x0, 0x0, 0x0,
    0x0, 0x0, 0x0, 0x0, 0x0, 0x0, 0x0, 0x0,
    0x0, 0x0, 0x0, 0x0, 0x0, 0x0, 0x0, 0x0,
    0x0, 0x0, 0x0, 0x0, 0x0, 0x0, 0x0, 0x0,
    0x0, 0xae, 0xee, 0xee, 0xee, 0xee, 0xee, 0xee,
    0xee, 0xee, 0xee, 0xee, 0xed, 0x4f, 0xff, 0xff,
    0xff, 0xff, 0xff, 0xff, 0xff, 0xff, 0xff, 0xff,
    0xff, 0xf8, 0xff, 0xff, 0xff, 0xff, 0xff, 0xff,
    0xff, 0xff, 0xff, 0xff, 0xff, 0xff, 0x8d, 0xff,
    0xff, 0xff, 0xff, 0xff, 0xff, 0xff, 0xff, 0xff,
    0xff, 0xff, 0xf5, 0x0, 0x0, 0x0, 0x0, 0x0,
    0x0, 0x0, 0x0, 0x0, 0x0, 0x0, 0x0, 0x0,

    /* U+F0E0 "" */
    0x1b, 0xff, 0xff, 0xff, 0xff, 0xff, 0xff, 0xff,
    0xff, 0xff, 0xff, 0xff, 0xff, 0xb1, 0xbf, 0xff,
    0xff, 0xff, 0xff, 0xff, 0xff, 0xff, 0xff, 0xff,
    0xff, 0xff, 0xff, 0xfb, 0xff, 0xff, 0xff, 0xff,
    0xff, 0xff, 0xff, 0xff, 0xff, 0xff, 0xff, 0xff,
    0xff, 0xff, 0xff, 0xff, 0xff, 0xff, 0xff, 0xff,
    0xff, 0xff, 0xff, 0xff, 0xff, 0xff, 0xff, 0xff,
    0xaf, 0xff, 0xff, 0xff, 0xff, 0xff, 0xff, 0xff,
    0xff, 0xff, 0xff, 0xff, 0xff, 0xfa, 0x7, 0xff,
    0xff, 0xff, 0xff, 0xff, 0xff, 0xff, 0xff, 0xff,
    0xff, 0xff, 0xff, 0x70, 0x0, 0x3e, 0xff, 0xff,
    0xff, 0xff, 0xff, 0xff, 0xff, 0xff, 0xff, 0xff,
    0xe3, 0x0, 0xe5, 0x1, 0xbf, 0xff, 0xff, 0xff,
    0xff, 0xff, 0xff, 0xff, 0xff, 0xfb, 0x10, 0x5e,
    0xff, 0x90, 0x7, 0xff, 0xff, 0xff, 0xff, 0xff,
    0xff, 0xff, 0xff, 0x70, 0x9, 0xff, 0xff, 0xfd,
    0x20, 0x3d, 0xff, 0xff, 0xff, 0xff, 0xff, 0xff,
    0xd3, 0x2, 0xdf, 0xff, 0xff, 0xff, 0xf6, 0x0,
    0xaf, 0xff, 0xff, 0xff, 0xff, 0xfa, 0x0, 0x6f,
    0xff, 0xff, 0xff, 0xff, 0xff, 0xa1, 0x6, 0xff,
    0xff, 0xff, 0xff, 0x60, 0xa, 0xff, 0xff, 0xff,
    0xff, 0xff, 0xff, 0xfe, 0x30, 0x2d, 0xff, 0xff,
    0xd2, 0x3, 0xdf, 0xff, 0xff, 0xff, 0xff, 0xff,
    0xff, 0xff, 0xf6, 0x0, 0x7e, 0xe7, 0x0, 0x7f,
    0xff, 0xff, 0xff, 0xff, 0xff, 0xff, 0xff, 0xff,
    0xff, 0xb1, 0x0, 0x0, 0x1b, 0xff, 0xff, 0xff,
    0xff, 0xff, 0xff, 0xff, 0xff, 0xff, 0xff, 0xff,
    0x95, 0x59, 0xff, 0xff, 0xff, 0xff, 0xff, 0xff,
    0xff, 0xff, 0xff, 0xff, 0xff, 0xff, 0xff, 0xff,
    0xff, 0xff, 0xff, 0xff, 0xff, 0xff, 0xff, 0xff,
    0xff, 0xff, 0xff, 0xff, 0xff, 0xff, 0xff, 0xff,
    0xff, 0xff, 0xff, 0xff, 0xff, 0xff, 0xff, 0xff,
    0xff, 0xff, 0xff, 0xff, 0xff, 0xff, 0xff, 0xff,
    0xff, 0xff, 0xbf, 0xff, 0xff, 0xff, 0xff, 0xff,
    0xff, 0xff, 0xff, 0xff, 0xff, 0xff, 0xff, 0xfb,
    0x1b, 0xff, 0xff, 0xff, 0xff, 0xff, 0xff, 0xff,
    0xff, 0xff, 0xff, 0xff, 0xff, 0xb1,

    /* U+F0E7 "" */
    0x0, 0x8, 0xbb, 0xbb, 0xbb, 0xbb, 0x80, 0x0,
    0x0, 0x0, 0x3, 0xff, 0xff, 0xff, 0xff, 0xff,
    0x20, 0x0, 0x0, 0x0, 0x6f, 0xff, 0xff, 0xff,
    0xff, 0xf0, 0x0, 0x0, 0x0, 0x8, 0xff, 0xff,
    0xff, 0xff, 0xfb, 0x0, 0x0, 0x0, 0x0, 0xaf,
    0xff, 0xff, 0xff, 0xff, 0x50, 0x0, 0x0, 0x0,
    0xc, 0xff, 0xff, 0xff, 0xff, 0xf1, 0x0, 0x0,
    0x0, 0x0, 0xef, 0xff, 0xff, 0xff, 0xfb, 0x0,
    0x0, 0x0, 0x0, 0xf, 0xff, 0xff, 0xff, 0xff,
    0x60, 0x0, 0x0, 0x0, 0x3, 0xff, 0xff, 0xff,
    0xff, 0xf1, 0x0, 0x0, 0x0, 0x0, 0x5f, 0xff,
    0xff, 0xff, 0xff, 0xff, 0xff, 0xff, 0xd2, 0x7,
    0xff, 0xff, 0xff, 0xff, 0xff, 0xff, 0xff, 0xff,
    0x70, 0x9f, 0xff, 0xff, 0xff, 0xff, 0xff, 0xff,
    0xff, 0xf1, 0xb, 0xff, 0xff, 0xff, 0xff, 0xff,
    0xff, 0xff, 0xf7, 0x0, 0xdf, 0xff, 0xff, 0xff,
    0xff, 0xff, 0xff, 0xfd, 0x0, 0xf, 0xff, 0xff,
    0xff, 0xff, 0xff, 0xff, 0xff, 0x50, 0x0, 0xaf,
    0xff, 0xff, 0xff, 0xff, 0xff, 0xff, 0xb0, 0x0,
    0x0, 0x0, 0x0, 0x0, 0x5f, 0xff, 0xff, 0xf2,
    0x0, 0x0, 0x0, 0x0, 0x0, 0x8, 0xff, 0xff,
    0xf9, 0x0, 0x0, 0x0, 0x0, 0x0, 0x0, 0xcf,
    0xff, 0xfe, 0x10, 0x0, 0x0, 0x0, 0x0, 0x0,
    0xf, 0xff, 0xff, 0x60, 0x0, 0x0, 0x0, 0x0,
    0x0, 0x3, 0xff, 0xff, 0xd0, 0x0, 0x0, 0x0,
    0x0, 0x0, 0x0, 0x7f, 0xff, 0xf4, 0x0, 0x0,
    0x0, 0x0, 0x0, 0x0, 0xb, 0xff, 0xfb, 0x0,
    0x0, 0x0, 0x0, 0x0, 0x0, 0x0, 0xef, 0xff,
    0x20, 0x0, 0x0, 0x0, 0x0, 0x0, 0x0, 0x2f,
    0xff, 0x80, 0x0, 0x0, 0x0, 0x0, 0x0, 0x0,
    0x6, 0xff, 0xe0, 0x0, 0x0, 0x0, 0x0, 0x0,
    0x0, 0x0, 0xaf, 0xf6, 0x0, 0x0, 0x0, 0x0,
    0x0, 0x0, 0x0, 0x9, 0xfc, 0x0, 0x0, 0x0,
    0x0, 0x0, 0x0, 0x0, 0x0, 0x3, 0x0, 0x0,
    0x0, 0x0, 0x0, 0x0,

    /* U+F0EA "" */
    0x0, 0x0, 0x0, 0x1, 0x43, 0x0, 0x0, 0x0,
    0x0, 0x0, 0x0, 0x0, 0x0, 0x0, 0x0, 0x7,
    0xff, 0xfe, 0x30, 0x0, 0x0, 0x0, 0x0, 0x0,
    0x0, 0x49, 0x99, 0x99, 0xff, 0xef, 0xfe, 0x99,
    0x99, 0x81, 0x0, 0x0, 0x0, 0xf, 0xff, 0xff,
    0xff, 0xa0, 0x1e, 0xff, 0xff, 0xff, 0x90, 0x0,
    0x0, 0x0, 0xff, 0xff, 0xff, 0xfa, 0x1, 0xef,
    0xff, 0xff, 0xfa, 0x0, 0x0, 0x0, 0xf, 0xff,
    0xff, 0xff, 0xff, 0xff, 0xff, 0xff, 0xff, 0xa0,
    0x0, 0x0, 0x0, 0xff, 0xff, 0xff, 0xff, 0xff,
    0xff, 0xff, 0xff, 0xfa, 0x0, 0x0, 0x0, 0xf,
    0xff, 0xff, 0xff, 0xfc, 0x64, 0x44, 0x44, 0x44,
    0x30, 0x0, 0x0, 0x0, 0xff, 0xff, 0xff, 0xfb,
    0x0, 0x0, 0x0, 0x0, 0x0, 0x0, 0x0, 0x0,
    0xf, 0xff, 0xff, 0xff, 0x20, 0xaf, 0xff, 0xff,
    0xff, 0xa0, 0xd6, 0x0, 0x0, 0xff, 0xff, 0xff,
    0xf0, 0x1f, 0xff, 0xff, 0xff, 0xfa, 0xe, 0xf6,
    0x0, 0xf, 0xff, 0xff, 0xff, 0x1, 0xff, 0xff,
    0xff, 0xff, 0xa0, 0xef, 0xf6, 0x0, 0xff, 0xff,
    0xff, 0xf0, 0x1f, 0xff, 0xff, 0xff, 0xfa, 0xe,
    0xff, 0xf6, 0xf, 0xff, 0xff, 0xff, 0x1, 0xff,
    0xff, 0xff, 0xff, 0xa0, 0xef, 0xff, 0xf3, 0xff,
    0xff, 0xff, 0xf0, 0x1f, 0xff, 0xff, 0xff, 0xfa,
    0x4, 0x44, 0x44, 0x1f, 0xff, 0xff, 0xff, 0x1,
    0xff, 0xff, 0xff, 0xff, 0xe1, 0x0, 0x0, 0x0,
    0xff, 0xff, 0xff, 0xf0, 0x1f, 0xff, 0xff, 0xff,
    0xff, 0xff, 0xff, 0xff, 0x5f, 0xff, 0xff, 0xff,
    0x1, 0xff, 0xff, 0xff, 0xff, 0xff, 0xff, 0xff,
    0xf5, 0xff, 0xff, 0xff, 0xf0, 0x1f, 0xff, 0xff,
    0xff, 0xff, 0xff, 0xff, 0xff, 0x5f, 0xff, 0xff,
    0xff, 0x1, 0xff, 0xff, 0xff, 0xff, 0xff, 0xff,
    0xff, 0xf5, 0xff, 0xff, 0xff, 0xf0, 0x1f, 0xff,
    0xff, 0xff, 0xff, 0xff, 0xff, 0xff, 0x5f, 0xff,
    0xff, 0xff, 0x1, 0xff, 0xff, 0xff, 0xff, 0xff,
    0xff, 0xff, 0xf5, 0xaf, 0xff, 0xff, 0xf0, 0x1f,
    0xff, 0xff, 0xff, 0xff, 0xff, 0xff, 0xff, 0x50,
    0x0, 0x0, 0x0, 0x1, 0xff, 0xff, 0xff, 0xff,
    0xff, 0xff, 0xff, 0xf5, 0x0, 0x0, 0x0, 0x0,
    0x1f, 0xff, 0xff, 0xff, 0xff, 0xff, 0xff, 0xff,
    0x50, 0x0, 0x0, 0x0, 0x1, 0xff, 0xff, 0xff,
    0xff, 0xff, 0xff, 0xff, 0xf5, 0x0, 0x0, 0x0,
    0x0, 0x1f, 0xff, 0xff, 0xff, 0xff, 0xff, 0xff,
    0xff, 0x50, 0x0, 0x0, 0x0, 0x0, 0xef, 0xff,
    0xff, 0xff, 0xff, 0xff, 0xff, 0xf2, 0x0, 0x0,
    0x0, 0x0, 0x1, 0x44, 0x44, 0x44, 0x44, 0x44,
    0x44, 0x42, 0x0,

    /* U+F0F3 "" */
    0x0, 0x0, 0x0, 0x0, 0x0, 0x7, 0xa2, 0x0,
    0x0, 0x0, 0x0, 0x0, 0x0, 0x0, 0x0, 0x0,
    0x0, 0x5, 0xff, 0xd0, 0x0, 0x0, 0x0, 0x0,
    0x0, 0x0, 0x0, 0x0, 0x0, 0x0, 0x7f, 0xff,
    0x0, 0x0, 0x0, 0x0, 0x0, 0x0, 0x0, 0x0,
    0x0, 0x2, 0x8d, 0xff, 0xfa, 0x50, 0x0, 0x0,
    0x0, 0x0, 0x0, 0x0, 0x0, 0x9, 0xff, 0xff,
    0xff, 0xff, 0xd4, 0x0, 0x0, 0x0, 0x0, 0x0,
    0x0, 0x1c, 0xff, 0xff, 0xff, 0xff, 0xff, 0xf5,
    0x0, 0x0, 0x0, 0x0, 0x0, 0xc, 0xff, 0xff,
    0xff, 0xff, 0xff, 0xff, 0xf4, 0x0, 0x0, 0x0,
    0x0, 0x6, 0xff, 0xff, 0xff, 0xff, 0xff, 0xff,
    0xff, 0xd0, 0x0, 0x0, 0x0, 0x0, 0xef, 0xff,
    0xff, 0xff, 0xff, 0xff, 0xff, 0xff, 0x50, 0x0,
    0x0, 0x0, 0x3f, 0xff, 0xff, 0xff, 0xff, 0xff,
    0xff, 0xff, 0xfb, 0x0, 0x0, 0x0, 0x6, 0xff,
    0xff, 0xff, 0xff, 0xff, 0xff, 0xff, 0xff, 0xd0,
    0x0, 0x0, 0x0, 0x7f, 0xff, 0xff, 0xff, 0xff,
    0xff, 0xff, 0xff, 0xff, 0x0, 0x0, 0x0, 0x8,
    0xff, 0xff, 0xff, 0xff, 0xff, 0xff, 0xff, 0xff,
    0xf0, 0x0, 0x0, 0x0, 0x9f, 0xff, 0xff, 0xff,
    0xff, 0xff, 0xff, 0xff, 0xff, 0x10, 0x0, 0x0,
    0xc, 0xff, 0xff, 0xff, 0xff, 0xff, 0xff, 0xff,
    0xff, 0xf4, 0x0, 0x0, 0x0, 0xff, 0xff, 0xff,
    0xff, 0xff, 0xff, 0xff, 0xff, 0xff, 0x70, 0x0,
    0x0, 0x3f, 0xff, 0xff, 0xff, 0xff, 0xff, 0xff,
    0xff, 0xff, 0xfb, 0x0, 0x0, 0x9, 0xff, 0xff,
    0xff, 0xff, 0xff, 0xff, 0xff, 0xff, 0xff, 0xf1,
    0x0, 0x3, 0xff, 0xff, 0xff, 0xff, 0xff, 0xff,
    0xff, 0xff, 0xff, 0xff, 0xa0, 0x1, 0xef, 0xff,
    0xff, 0xff, 0xff, 0xff, 0xff, 0xff, 0xff, 0xff,
    0xff, 0x70, 0xbf, 0xff, 0xff, 0xff, 0xff, 0xff,
    0xff, 0xff, 0xff, 0xff, 0xff, 0xff, 0x3e, 0xff,
    0xff, 0xff, 0xff, 0xff, 0xff, 0xff, 0xff, 0xff,
    0xff, 0xff, 0xf7, 0x6f, 0xff, 0xff, 0xff, 0xff,
    0xff, 0xff, 0xff, 0xff, 0xff, 0xff, 0xfd, 0x10,
    0x0, 0x0, 0x0, 0x0, 0x0, 0x0, 0x0, 0x0,
    0x0, 0x0, 0x0, 0x0, 0x0, 0x0, 0x0, 0x0,
    0x0, 0x0, 0x0, 0x0, 0x0, 0x0, 0x0, 0x0,
    0x0, 0x0, 0x0, 0x0, 0x3, 0xff, 0xff, 0xff,
    0xb0, 0x0, 0x0, 0x0, 0x0, 0x0, 0x0, 0x0,
    0x0, 0xe, 0xff, 0xff, 0xf6, 0x0, 0x0, 0x0,
    0x0, 0x0, 0x0, 0x0, 0x0, 0x0, 0x3e, 0xff,
    0xf9, 0x0, 0x0, 0x0, 0x0, 0x0, 0x0, 0x0,
    0x0, 0x0, 0x0, 0x15, 0x73, 0x0, 0x0, 0x0,
    0x0, 0x0, 0x0,

    /* U+F11C "" */
    0x1b, 0xff, 0xff, 0xff, 0xff, 0xff, 0xff, 0xff,
    0xff, 0xff, 0xff, 0xff, 0xff, 0xff, 0xfe, 0x50,
    0xbf, 0xff, 0xff, 0xff, 0xff, 0xff, 0xff, 0xff,
    0xff, 0xff, 0xff, 0xff, 0xff, 0xff, 0xff, 0xf3,
    0xff, 0xff, 0xff, 0xff, 0xff, 0xff, 0xff, 0xff,
    0xff, 0xff, 0xff, 0xff, 0xff, 0xff, 0xff, 0xf7,
    0xff, 0xfd, 0x88, 0x9f, 0xf8, 0x88, 0xff, 0x98,
    0x8e, 0xfa, 0x88, 0xbf, 0xd8, 0x89, 0xff, 0xf8,
    0xff, 0xf8, 0x0, 0xf, 0xc0, 0x0, 0xcf, 0x0,
    0xa, 0xf1, 0x0, 0x4f, 0x70, 0x0, 0xff, 0xf8,
    0xff, 0xf8, 0x0, 0xf, 0xc0, 0x0, 0xcf, 0x0,
    0xa, 0xf1, 0x0, 0x4f, 0x70, 0x0, 0xff, 0xf8,
    0xff, 0xf9, 0x0, 0x1f, 0xd0, 0x0, 0xdf, 0x10,
    0xc, 0xf3, 0x0, 0x6f, 0x90, 0x1, 0xff, 0xf8,
    0xff, 0xff, 0xff, 0xff, 0xff, 0xff, 0xff, 0xff,
    0xff, 0xff, 0xff, 0xff, 0xff, 0xff, 0xff, 0xf8,
    0xff, 0xff, 0xff, 0xdc, 0xce, 0xfe, 0xcc, 0xdf,
    0xfc, 0xcd, 0xff, 0xcc, 0xcf, 0xff, 0xff, 0xf8,
    0xff, 0xff, 0xff, 0x20, 0x6, 0xf6, 0x0, 0x3f,
    0x80, 0x0, 0xfd, 0x0, 0xa, 0xff, 0xff, 0xf8,
    0xff, 0xff, 0xff, 0x20, 0x6, 0xf6, 0x0, 0x2f,
    0x80, 0x0, 0xed, 0x0, 0xa, 0xff, 0xff, 0xf8,
    0xff, 0xff, 0xff, 0x20, 0x6, 0xf6, 0x0, 0x3f,
    0x80, 0x0, 0xfd, 0x0, 0xa, 0xff, 0xff, 0xf8,
    0xff, 0xff, 0xff, 0xdc, 0xce, 0xfe, 0xcc, 0xdf,
    0xfc, 0xcd, 0xff, 0xcc, 0xcf, 0xff, 0xff, 0xf8,
    0xff, 0xff, 0xff, 0xff, 0xff, 0xff, 0xff, 0xff,
    0xff, 0xff, 0xff, 0xff, 0xff, 0xff, 0xff, 0xf8,
    0xff, 0xf9, 0x0, 0x1f, 0xd0, 0x0, 0x0, 0x0,
    0x0, 0x0, 0x0, 0x6f, 0x90, 0x1, 0xff, 0xf8,
    0xff, 0xf8, 0x0, 0xf, 0xc0, 0x0, 0x0, 0x0,
    0x0, 0x0, 0x0, 0x4f, 0x70, 0x0, 0xff, 0xf8,
    0xff, 0xf8, 0x0, 0xf, 0xc0, 0x0, 0x0, 0x0,
    0x0, 0x0, 0x0, 0x4f, 0x70, 0x0, 0xff, 0xf8,
    0xff, 0xfd, 0x88, 0x9f, 0xf8, 0x88, 0x88, 0x88,
    0x88, 0x88, 0x88, 0xbf, 0xd8, 0x89, 0xff, 0xf8,
    0xff, 0xff, 0xff, 0xff, 0xff, 0xff, 0xff, 0xff,
    0xff, 0xff, 0xff, 0xff, 0xff, 0xff, 0xff, 0xf7,
    0xbf, 0xff, 0xff, 0xff, 0xff, 0xff, 0xff, 0xff,
    0xff, 0xff, 0xff, 0xff, 0xff, 0xff, 0xff, 0xf3,
    0x1b, 0xff, 0xff, 0xff, 0xff, 0xff, 0xff, 0xff,
    0xff, 0xff, 0xff, 0xff, 0xff, 0xff, 0xfe, 0x50,

    /* U+F124 "" */
    0x0, 0x0, 0x0, 0x0, 0x0, 0x0, 0x0, 0x0,
    0x0, 0x0, 0x0, 0x0, 0x5, 0x72, 0x0, 0x0,
    0x0, 0x0, 0x0, 0x0, 0x0, 0x0, 0x0, 0x0,
    0x0, 0x0, 0x6, 0xef, 0xff, 0x40, 0x0, 0x0,
    0x0, 0x0, 0x0, 0x0, 0x0, 0x0, 0x0, 0x0,
    0x18, 0xef, 0xff, 0xff, 0xd0, 0x0, 0x0, 0x0,
    0x0, 0x0, 0x0, 0x0, 0x0, 0x0, 0x29, 0xff,
    0xff, 0xff, 0xff, 0xe0, 0x0, 0x0, 0x0, 0x0,
    0x0, 0x0, 0x0, 0x0, 0x3a, 0xff, 0xff, 0xff,
    0xff, 0xff, 0x90, 0x0, 0x0, 0x0, 0x0, 0x0,
    0x0, 0x0, 0x4c, 0xff, 0xff, 0xff, 0xff, 0xff,
    0xff, 0x20, 0x0, 0x0, 0x0, 0x0, 0x0, 0x0,
    0x6d, 0xff, 0xff, 0xff, 0xff, 0xff, 0xff, 0xfb,
    0x0, 0x0, 0x0, 0x0, 0x0, 0x1, 0x7e, 0xff,
    0xff, 0xff, 0xff, 0xff, 0xff, 0xff, 0xf3, 0x0,
    0x0, 0x0, 0x0, 0x1, 0x8f, 0xff, 0xff, 0xff,
    0xff, 0xff, 0xff, 0xff, 0xff, 0xc0, 0x0, 0x0,
    0x0, 0x2, 0xaf, 0xff, 0xff, 0xff, 0xff, 0xff,
    0xff, 0xff, 0xff, 0xff, 0x50, 0x0, 0x0, 0x4,
    0xbf, 0xff, 0xff, 0xff, 0xff, 0xff, 0xff, 0xff,
    0xff, 0xff, 0xfd, 0x0, 0x0, 0x1, 0xbf, 0xff,
    0xff, 0xff, 0xff, 0xff, 0xff, 0xff, 0xff, 0xff,
    0xff, 0xf6, 0x0, 0x0, 0xb, 0xff, 0xff, 0xff,
    0xff, 0xff, 0xff, 0xff, 0xff, 0xff, 0xff, 0xff,
    0xe0, 0x0, 0x0, 0xf, 0xff, 0xff, 0xff, 0xff,
    0xff, 0xff, 0xff, 0xff, 0xff, 0xff, 0xff, 0x70,
    0x0, 0x0, 0xd, 0xff, 0xff, 0xff, 0xff, 0xff,
    0xff, 0xff, 0xff, 0xff, 0xff, 0xff, 0x10, 0x0,
    0x0, 0x4, 0xff, 0xff, 0xff, 0xff, 0xff, 0xff,
    0xff, 0xff, 0xff, 0xff, 0xf9, 0x0, 0x0, 0x0,
    0x0, 0x3, 0x44, 0x44, 0x44, 0x44, 0x4d, 0xff,
    0xff, 0xff, 0xff, 0xf2, 0x0, 0x0, 0x0, 0x0,
    0x0, 0x0, 0x0, 0x0, 0x0, 0xc, 0xff, 0xff,
    0xff, 0xff, 0xa0, 0x0, 0x0, 0x0, 0x0, 0x0,
    0x0, 0x0, 0x0, 0x0, 0xc, 0xff, 0xff, 0xff,
    0xff, 0x30, 0x0, 0x0, 0x0, 0x0, 0x0, 0x0,
    0x0, 0x0, 0x0, 0xc, 0xff, 0xff, 0xff, 0xfb,
    0x0, 0x0, 0x0, 0x0, 0x0, 0x0, 0x0, 0x0,
    0x0, 0x0, 0xc, 0xff, 0xff, 0xff, 0xf4, 0x0,
    0x0, 0x0, 0x0, 0x0, 0x0, 0x0, 0x0, 0x0,
    0x0, 0xc, 0xff, 0xff, 0xff, 0xd0, 0x0, 0x0,
    0x0, 0x0, 0x0, 0x0, 0x0, 0x0, 0x0, 0x0,
    0xc, 0xff, 0xff, 0xff, 0x50, 0x0, 0x0, 0x0,
    0x0, 0x0, 0x0, 0x0, 0x0, 0x0, 0x0, 0xc,
    0xff, 0xff, 0xfe, 0x0, 0x0, 0x0, 0x0, 0x0,
    0x0, 0x0, 0x0, 0x0, 0x0, 0x0, 0xc, 0xff,
    0xff, 0xf7, 0x0, 0x0, 0x0, 0x0, 0x0, 0x0,
    0x0, 0x0, 0x0, 0x0, 0x0, 0xb, 0xff, 0xff,
    0xf0, 0x0, 0x0, 0x0, 0x0, 0x0, 0x0, 0x0,
    0x0, 0x0, 0x0, 0x0, 0xa, 0xff, 0xff, 0x80,
    0x0, 0x0, 0x0, 0x0, 0x0, 0x0, 0x0, 0x0,
    0x0, 0x0, 0x0, 0x2, 0xff, 0xfd, 0x0, 0x0,
    0x0, 0x0, 0x0, 0x0, 0x0, 0x0, 0x0, 0x0,
    0x0, 0x0, 0x0, 0x17, 0x60, 0x0, 0x0, 0x0,
    0x0, 0x0, 0x0,

    /* U+F15B "" */
    0x14, 0x44, 0x44, 0x44, 0x44, 0x44, 0x10, 0x30,
    0x0, 0x0, 0xd, 0xff, 0xff, 0xff, 0xff, 0xff,
    0xf4, 0xf, 0xa0, 0x0, 0x0, 0xff, 0xff, 0xff,
    0xff, 0xff, 0xff, 0x40, 0xff, 0xa0, 0x0, 0xf,
    0xff, 0xff, 0xff, 0xff, 0xff, 0xf4, 0xf, 0xff,
    0xa0, 0x0, 0xff, 0xff, 0xff, 0xff, 0xff, 0xff,
    0x40, 0xff, 0xff, 0xa0, 0xf, 0xff, 0xff, 0xff,
    0xff, 0xff, 0xf4, 0xf, 0xff, 0xff, 0xa0, 0xff,
    0xff, 0xff, 0xff, 0xff, 0xff, 0x40, 0xff, 0xff,
    0xff, 0x9f, 0xff, 0xff, 0xff, 0xff, 0xff, 0xf4,
    0xb, 0xbb, 0xbb, 0xbb, 0xff, 0xff, 0xff, 0xff,
    0xff, 0xff, 0x80, 0x0, 0x0, 0x0, 0xf, 0xff,
    0xff, 0xff, 0xff, 0xff, 0xff, 0xff, 0xff, 0xff,
    0xff, 0xff, 0xff, 0xff, 0xff, 0xff, 0xff, 0xff,
    0xff, 0xff, 0xff, 0xff, 0xff, 0xff, 0xff, 0xff,
    0xff, 0xff, 0xff, 0xff, 0xff, 0xff, 0xff, 0xff,
    0xff, 0xff, 0xff, 0xff, 0xff, 0xff, 0xff, 0xff,
    0xff, 0xff, 0xff, 0xff, 0xff, 0xff, 0xff, 0xff,
    0xff, 0xff, 0xff, 0xff, 0xff, 0xff, 0xff, 0xff,
    0xff, 0xff, 0xff, 0xff, 0xff, 0xff, 0xff, 0xff,
    0xff, 0xff, 0xff, 0xff, 0xff, 0xff, 0xff, 0xff,
    0xff, 0xff, 0xff, 0xff, 0xff, 0xff, 0xff, 0xff,
    0xff, 0xff, 0xff, 0xff, 0xff, 0xff, 0xff, 0xff,
    0xff, 0xff, 0xff, 0xff, 0xff, 0xff, 0xff, 0xff,
    0xff, 0xff, 0xff, 0xff, 0xff, 0xff, 0xff, 0xff,
    0xff, 0xff, 0xff, 0xff, 0xff, 0xff, 0xff, 0xff,
    0xff, 0xff, 0xff, 0xff, 0xff, 0xff, 0xff, 0xff,
    0xff, 0xff, 0xff, 0xff, 0xff, 0xff, 0xff, 0xff,
    0xff, 0xff, 0xff, 0xff, 0xff, 0xff, 0xff, 0xff,
    0xff, 0xff, 0xff, 0xff, 0xff, 0xff, 0xff, 0xff,
    0xff, 0xff, 0xff, 0xff, 0xff, 0xff, 0xff, 0xff,
    0xff, 0xff, 0xff, 0xff, 0xff, 0xff, 0xff, 0xff,
    0xff, 0xff, 0xff, 0xff, 0xff, 0xff, 0xff, 0xff,
    0xff, 0xff, 0xff, 0xff, 0xff, 0xff, 0xff, 0xff,
    0xff, 0xff, 0xff, 0xff, 0xff, 0xff, 0xff, 0xff,
    0xff, 0xff, 0xff, 0xfd, 0xff, 0xff, 0xff, 0xff,
    0xff, 0xff, 0xff, 0xff, 0xff, 0xfd, 0x14, 0x44,
    0x44, 0x44, 0x44, 0x44, 0x44, 0x44, 0x44, 0x44,
    0x10,

    /* U+F1EB "" */
    0x0, 0x0, 0x0, 0x0, 0x0, 0x0, 0x0, 0x0,
    0x0, 0x0, 0x0, 0x0, 0x0, 0x0, 0x0, 0x0,
    0x0, 0x0, 0x0, 0x0, 0x0, 0x0, 0x0, 0x3,
    0x69, 0xab, 0xcb, 0xa9, 0x63, 0x0, 0x0, 0x0,
    0x0, 0x0, 0x0, 0x0, 0x0, 0x0, 0x0, 0x27,
    0xcf, 0xff, 0xff, 0xff, 0xff, 0xff, 0xff, 0xc7,
    0x20, 0x0, 0x0, 0x0, 0x0, 0x0, 0x0, 0x3,
    0xbf, 0xff, 0xff, 0xff, 0xff, 0xff, 0xff, 0xff,
    0xff, 0xff, 0xb3, 0x0, 0x0, 0x0, 0x0, 0x0,
    0x2c, 0xff, 0xff, 0xff, 0xff, 0xff, 0xff, 0xff,
    0xff, 0xff, 0xff, 0xff, 0xfc, 0x20, 0x0, 0x0,
    0x0, 0x8f, 0xff, 0xff, 0xff, 0xff, 0xfd, 0xba,
    0xaa, 0xbd, 0xff, 0xff, 0xff, 0xff, 0xff, 0x80,
    0x0, 0x1, 0xdf, 0xff, 0xff, 0xff, 0xc7, 0x30,
    0x0, 0x0, 0x0, 0x0, 0x37, 0xcf, 0xff, 0xff,
    0xff, 0xd1, 0x3, 0xef, 0xff, 0xff, 0xf9, 0x20,
    0x0, 0x0, 0x0, 0x0, 0x0, 0x0, 0x0, 0x29,
    0xff, 0xff, 0xff, 0xe3, 0xef, 0xff, 0xff, 0xb2,
    0x0, 0x0, 0x0, 0x0, 0x0, 0x0, 0x0, 0x0,
    0x0, 0x2, 0xbf, 0xff, 0xff, 0xe7, 0xff, 0xff,
    0x60, 0x0, 0x0, 0x0, 0x0, 0x0, 0x0, 0x0,
    0x0, 0x0, 0x0, 0x0, 0x6f, 0xff, 0xf7, 0x7,
    0xfe, 0x20, 0x0, 0x0, 0x0, 0x48, 0xbe, 0xff,
    0xfd, 0xb8, 0x40, 0x0, 0x0, 0x0, 0x2d, 0xf7,
    0x0, 0x4, 0x10, 0x0, 0x0, 0x18, 0xef, 0xff,
    0xff, 0xff, 0xff, 0xff, 0xe8, 0x10, 0x0, 0x0,
    0x14, 0x0, 0x0, 0x0, 0x0, 0x0, 0x6e, 0xff,
    0xff, 0xff, 0xff, 0xff, 0xff, 0xff, 0xfe, 0x60,
    0x0, 0x0, 0x0, 0x0, 0x0, 0x0, 0x1, 0xbf,
    0xff, 0xff, 0xff, 0xff, 0xff, 0xff, 0xff, 0xff,
    0xff, 0xb1, 0x0, 0x0, 0x0, 0x0, 0x0, 0x0,
    0xbf, 0xff, 0xff, 0xff, 0xc8, 0x76, 0x78, 0xcf,
    0xff, 0xff, 0xff, 0xc0, 0x0, 0x0, 0x0, 0x0,
    0x0, 0x8, 0xff, 0xff, 0xe7, 0x0, 0x0, 0x0,
    0x0, 0x7, 0xef, 0xff, 0xf8, 0x0, 0x0, 0x0,
    0x0, 0x0, 0x0, 0x8, 0xff, 0x90, 0x0, 0x0,
    0x0, 0x0, 0x0, 0x0, 0x9f, 0xf9, 0x0, 0x0,
    0x0, 0x0, 0x0, 0x0, 0x0, 0x6, 0x40, 0x0,
    0x0, 0x0, 0x0, 0x0, 0x0, 0x0, 0x47, 0x0,
    0x0, 0x0, 0x0, 0x0, 0x0, 0x0, 0x0, 0x0,
    0x0, 0x0, 0x0, 0x1, 0x0, 0x0, 0x0, 0x0,
    0x0, 0x0, 0x0, 0x0, 0x0, 0x0, 0x0, 0x0,
    0x0, 0x0, 0x0, 0x0, 0x7f, 0xff, 0x70, 0x0,
    0x0, 0x0, 0x0, 0x0, 0x0, 0x0, 0x0, 0x0,
    0x0, 0x0, 0x0, 0x0, 0x0, 0x7f, 0xff, 0xff,
    0x70, 0x0, 0x0, 0x0, 0x0, 0x0, 0x0, 0x0,
    0x0, 0x0, 0x0, 0x0, 0x0, 0x0, 0xe, 0xff,
    0xff, 0xfe, 0x0, 0x0, 0x0, 0x0, 0x0, 0x0,
    0x0, 0x0, 0x0, 0x0, 0x0, 0x0, 0x0, 0x0,
    0xff, 0xff, 0xff, 0xf0, 0x0, 0x0, 0x0, 0x0,
    0x0, 0x0, 0x0, 0x0, 0x0, 0x0, 0x0, 0x0,
    0x0, 0xc, 0xff, 0xff, 0xfc, 0x0, 0x0, 0x0,
    0x0, 0x0, 0x0, 0x0, 0x0, 0x0, 0x0, 0x0,
    0x0, 0x0, 0x0, 0x4f, 0xff, 0xff, 0x40, 0x0,
    0x0, 0x0, 0x0, 0x0, 0x0, 0x0, 0x0, 0x0,
    0x0, 0x0, 0x0, 0x0, 0x0, 0x3b, 0xdb, 0x30,
    0x0, 0x0, 0x0, 0x0, 0x0, 0x0, 0x0,

    /* U+F240 "" */
    0x2, 0x67, 0x77, 0x77, 0x77, 0x77, 0x77, 0x77,
    0x77, 0x77, 0x77, 0x77, 0x77, 0x77, 0x77, 0x74,
    0x0, 0x5, 0xff, 0xff, 0xff, 0xff, 0xff, 0xff,
    0xff, 0xff, 0xff, 0xff, 0xff, 0xff, 0xff, 0xff,
    0xff, 0xf9, 0x0, 0xdf, 0xff, 0xff, 0xff, 0xff,
    0xff, 0xff, 0xff, 0xff, 0xff, 0xff, 0xff, 0xff,
    0xff, 0xff, 0xff, 0xf1, 0xf, 0xff, 0xff, 0xff,
    0xff, 0xff, 0xff, 0xff, 0xff, 0xff, 0xff, 0xff,
    0xff, 0xff, 0xff, 0xff, 0xff, 0x30, 0xff, 0xf8,
    0x0, 0x0, 0x0, 0x0, 0x0, 0x0, 0x0, 0x0,
    0x0, 0x0, 0x0, 0x0, 0x4, 0xff, 0xff, 0x9f,
    0xff, 0x80, 0x0, 0x0, 0x0, 0x0, 0x0, 0x0,
    0x0, 0x0, 0x0, 0x0, 0x0, 0x0, 0x4f, 0xff,
    0xff, 0xff, 0xf8, 0xc, 0xff, 0xff, 0xff, 0xff,
    0xff, 0xff, 0xff, 0xff, 0xff, 0xff, 0xff, 0x4,
    0xff, 0xff, 0xff, 0xff, 0x80, 0xcf, 0xff, 0xff,
    0xff, 0xff, 0xff, 0xff, 0xff, 0xff, 0xff, 0xff,
    0xf0, 0x28, 0xcf, 0xff, 0xff, 0xf8, 0xc, 0xff,
    0xff, 0xff, 0xff, 0xff, 0xff, 0xff, 0xff, 0xff,
    0xff, 0xff, 0x0, 0x8, 0xff, 0xff, 0xff, 0x80,
    0xcf, 0xff, 0xff, 0xff, 0xff, 0xff, 0xff, 0xff,
    0xff, 0xff, 0xff, 0xf0, 0x0, 0x8f, 0xff, 0xff,
    0xf8, 0xc, 0xff, 0xff, 0xff, 0xff, 0xff, 0xff,
    0xff, 0xff, 0xff, 0xff, 0xff, 0x0, 0x8, 0xff,
    0xff, 0xff, 0x80, 0xcf, 0xff, 0xff, 0xff, 0xff,
    0xff, 0xff, 0xff, 0xff, 0xff, 0xff, 0xf0, 0x3f,
    0xff, 0xff, 0xff, 0xf8, 0xc, 0xff, 0xff, 0xff,
    0xff, 0xff, 0xff, 0xff, 0xff, 0xff, 0xff, 0xff,
    0x4, 0xff, 0xff, 0xff, 0xff, 0x80, 0x0, 0x0,
    0x0, 0x0, 0x0, 0x0, 0x0, 0x0, 0x0, 0x0,
    0x0, 0x0, 0x4f, 0xff, 0xfe, 0xff, 0xfb, 0x77,
    0x77, 0x77, 0x77, 0x77, 0x77, 0x77, 0x77, 0x77,
    0x77, 0x77, 0x77, 0x79, 0xff, 0xfa, 0x3f, 0xff,
    0xff, 0xff, 0xff, 0xff, 0xff, 0xff, 0xff, 0xff,
    0xff, 0xff, 0xff, 0xff, 0xff, 0xff, 0xff, 0x30,
    0xbf, 0xff, 0xff, 0xff, 0xff, 0xff, 0xff, 0xff,
    0xff, 0xff, 0xff, 0xff, 0xff, 0xff, 0xff, 0xff,
    0xe0, 0x1, 0xbf, 0xff, 0xff, 0xff, 0xff, 0xff,
    0xff, 0xff, 0xff, 0xff, 0xff, 0xff, 0xff, 0xff,
    0xff, 0xd3, 0x0, 0x0, 0x0, 0x0, 0x0, 0x0,
    0x0, 0x0, 0x0, 0x0, 0x0, 0x0, 0x0, 0x0,
    0x0, 0x0, 0x0, 0x0, 0x0,

    /* U+F241 "" */
    0x2, 0x67, 0x77, 0x77, 0x77, 0x77, 0x77, 0x77,
    0x77, 0x77, 0x77, 0x77, 0x77, 0x77, 0x77, 0x74,
    0x0, 0x5, 0xff, 0xff, 0xff, 0xff, 0xff, 0xff,
    0xff, 0xff, 0xff, 0xff, 0xff, 0xff, 0xff, 0xff,
    0xff, 0xf9, 0x0, 0xdf, 0xff, 0xff, 0xff, 0xff,
    0xff, 0xff, 0xff, 0xff, 0xff, 0xff, 0xff, 0xff,
    0xff, 0xff, 0xff, 0xf1, 0xf, 0xff, 0xff, 0xff,
    0xff, 0xff, 0xff, 0xff, 0xff, 0xff, 0xff, 0xff,
    0xff, 0xff, 0xff, 0xff, 0xff, 0x30, 0xff, 0xf8,
    0x0, 0x0, 0x0, 0x0, 0x0, 0x0, 0x0, 0x0,
    0x0, 0x0, 0x0, 0x0, 0x4, 0xff, 0xff, 0x9f,
    0xff, 0x80, 0x0, 0x0, 0x0, 0x0, 0x0, 0x0,
    0x0, 0x0, 0x0, 0x0, 0x0, 0x0, 0x4f, 0xff,
    0xff, 0xff, 0xf8, 0xe, 0xff, 0xff, 0xff, 0xff,
    0xff, 0xff, 0xff, 0xff, 0x90, 0x0, 0x0, 0x4,
    0xff, 0xff, 0xff, 0xff, 0x80, 0xef, 0xff, 0xff,
    0xff, 0xff, 0xff, 0xff, 0xff, 0xf9, 0x0, 0x0,
    0x0, 0x28, 0xcf, 0xff, 0xff, 0xf8, 0xe, 0xff,
    0xff, 0xff, 0xff, 0xff, 0xff, 0xff, 0xff, 0x90,
    0x0, 0x0, 0x0, 0x8, 0xff, 0xff, 0xff, 0x80,
    0xef, 0xff, 0xff, 0xff, 0xff, 0xff, 0xff, 0xff,
    0xf9, 0x0, 0x0, 0x0, 0x0, 0x8f, 0xff, 0xff,
    0xf8, 0xe, 0xff, 0xff, 0xff, 0xff, 0xff, 0xff,
    0xff, 0xff, 0x90, 0x0, 0x0, 0x0, 0x8, 0xff,
    0xff, 0xff, 0x80, 0xef, 0xff, 0xff, 0xff, 0xff,
    0xff, 0xff, 0xff, 0xf9, 0x0, 0x0, 0x0, 0x3f,
    0xff, 0xff, 0xff, 0xf8, 0xe, 0xff, 0xff, 0xff,
    0xff, 0xff, 0xff, 0xff, 0xff, 0x90, 0x0, 0x0,
    0x4, 0xff, 0xff, 0xff, 0xff, 0x80, 0x0, 0x0,
    0x0, 0x0, 0x0, 0x0, 0x0, 0x0, 0x0, 0x0,
    0x0, 0x0, 0x4f, 0xff, 0xfe, 0xff, 0xfb, 0x77,
    0x77, 0x77, 0x77, 0x77, 0x77, 0x77, 0x77, 0x77,
    0x77, 0x77, 0x77, 0x79, 0xff, 0xfa, 0x3f, 0xff,
    0xff, 0xff, 0xff, 0xff, 0xff, 0xff, 0xff, 0xff,
    0xff, 0xff, 0xff, 0xff, 0xff, 0xff, 0xff, 0x30,
    0xbf, 0xff, 0xff, 0xff, 0xff, 0xff, 0xff, 0xff,
    0xff, 0xff, 0xff, 0xff, 0xff, 0xff, 0xff, 0xff,
    0xe0, 0x1, 0xbf, 0xff, 0xff, 0xff, 0xff, 0xff,
    0xff, 0xff, 0xff, 0xff, 0xff, 0xff, 0xff, 0xff,
    0xff, 0xd3, 0x0, 0x0, 0x0, 0x0, 0x0, 0x0,
    0x0, 0x0, 0x0, 0x0, 0x0, 0x0, 0x0, 0x0,
    0x0, 0x0, 0x0, 0x0, 0x0,

    /* U+F242 "" */
    0x2, 0x67, 0x77, 0x77, 0x77, 0x77, 0x77, 0x77,
    0x77, 0x77, 0x77, 0x77, 0x77, 0x77, 0x77, 0x74,
    0x0, 0x5, 0xff, 0xff, 0xff, 0xff, 0xff, 0xff,
    0xff, 0xff, 0xff, 0xff, 0xff, 0xff, 0xff, 0xff,
    0xff, 0xf9, 0x0, 0xdf, 0xff, 0xff, 0xff, 0xff,
    0xff, 0xff, 0xff, 0xff, 0xff, 0xff, 0xff, 0xff,
    0xff, 0xff, 0xff, 0xf1, 0xf, 0xff, 0xff, 0xff,
    0xff, 0xff, 0xff, 0xff, 0xff, 0xff, 0xff, 0xff,
    0xff, 0xff, 0xff, 0xff, 0xff, 0x30, 0xff, 0xf8,
    0x0, 0x0, 0x0, 0x0, 0x0, 0x0, 0x0, 0x0,
    0x0, 0x0, 0x0, 0x0, 0x4, 0xff, 0xff, 0x9f,
    0xff, 0x80, 0x0, 0x0, 0x0, 0x0, 0x0, 0x0,
    0x0, 0x0, 0x0, 0x0, 0x0, 0x0, 0x4f, 0xff,
    0xff, 0xff, 0xf8, 0xe, 0xff, 0xff, 0xff, 0xff,
    0xff, 0xf5, 0x0, 0x0, 0x0, 0x0, 0x0, 0x4,
    0xff, 0xff, 0xff, 0xff, 0x80, 0xef, 0xff, 0xff,
    0xff, 0xff, 0xff, 0x50, 0x0, 0x0, 0x0, 0x0,
    0x0, 0x28, 0xcf, 0xff, 0xff, 0xf8, 0xe, 0xff,
    0xff, 0xff, 0xff, 0xff, 0xf5, 0x0, 0x0, 0x0,
    0x0, 0x0, 0x0, 0x8, 0xff, 0xff, 0xff, 0x80,
    0xef, 0xff, 0xff, 0xff, 0xff, 0xff, 0x50, 0x0,
    0x0, 0x0, 0x0, 0x0, 0x0, 0x8f, 0xff, 0xff,
    0xf8, 0xe, 0xff, 0xff, 0xff, 0xff, 0xff, 0xf5,
    0x0, 0x0, 0x0, 0x0, 0x0, 0x0, 0x8, 0xff,
    0xff, 0xff, 0x80, 0xef, 0xff, 0xff, 0xff, 0xff,
    0xff, 0x50, 0x0, 0x0, 0x0, 0x0, 0x0, 0x3f,
    0xff, 0xff, 0xff, 0xf8, 0xe, 0xff, 0xff, 0xff,
    0xff, 0xff, 0xf5, 0x0, 0x0, 0x0, 0x0, 0x0,
    0x4, 0xff, 0xff, 0xff, 0xff, 0x80, 0x0, 0x0,
    0x0, 0x0, 0x0, 0x0, 0x0, 0x0, 0x0, 0x0,
    0x0, 0x0, 0x4f, 0xff, 0xfe, 0xff, 0xfb, 0x77,
    0x77, 0x77, 0x77, 0x77, 0x77, 0x77, 0x77, 0x77,
    0x77, 0x77, 0x77, 0x79, 0xff, 0xfa, 0x3f, 0xff,
    0xff, 0xff, 0xff, 0xff, 0xff, 0xff, 0xff, 0xff,
    0xff, 0xff, 0xff, 0xff, 0xff, 0xff, 0xff, 0x30,
    0xbf, 0xff, 0xff, 0xff, 0xff, 0xff, 0xff, 0xff,
    0xff, 0xff, 0xff, 0xff, 0xff, 0xff, 0xff, 0xff,
    0xe0, 0x1, 0xbf, 0xff, 0xff, 0xff, 0xff, 0xff,
    0xff, 0xff, 0xff, 0xff, 0xff, 0xff, 0xff, 0xff,
    0xff, 0xd3, 0x0, 0x0, 0x0, 0x0, 0x0, 0x0,
    0x0, 0x0, 0x0, 0x0, 0x0, 0x0, 0x0, 0x0,
    0x0, 0x0, 0x0, 0x0, 0x0,

    /* U+F243 "" */
    0x2, 0x67, 0x77, 0x77, 0x77, 0x77, 0x77, 0x77,
    0x77, 0x77, 0x77, 0x77, 0x77, 0x77, 0x77, 0x74,
    0x0, 0x5, 0xff, 0xff, 0xff, 0xff, 0xff, 0xff,
    0xff, 0xff, 0xff, 0xff, 0xff, 0xff, 0xff, 0xff,
    0xff, 0xf9, 0x0, 0xdf, 0xff, 0xff, 0xff, 0xff,
    0xff, 0xff, 0xff, 0xff, 0xff, 0xff, 0xff, 0xff,
    0xff, 0xff, 0xff, 0xf1, 0xf, 0xff, 0xff, 0xff,
    0xff, 0xff, 0xff, 0xff, 0xff, 0xff, 0xff, 0xff,
    0xff, 0xff, 0xff, 0xff, 0xff, 0x30, 0xff, 0xf8,
    0x0, 0x0, 0x0, 0x0, 0x0, 0x0, 0x0, 0x0,
    0x0, 0x0, 0x0, 0x0, 0x4, 0xff, 0xff, 0x9f,
    0xff, 0x80, 0x0, 0x0, 0x0, 0x0, 0x0, 0x0,
    0x0, 0x0, 0x0, 0x0, 0x0, 0x0, 0x4f, 0xff,
    0xff, 0xff, 0xf8, 0xe, 0xff, 0xff, 0xff, 0x10,
    0x0, 0x0, 0x0, 0x0, 0x0, 0x0, 0x0, 0x4,
    0xff, 0xff, 0xff, 0xff, 0x80, 0xef, 0xff, 0xff,
    0xf1, 0x0, 0x0, 0x0, 0x0, 0x0, 0x0, 0x0,
    0x0, 0x28, 0xcf, 0xff, 0xff, 0xf8, 0xe, 0xff,
    0xff, 0xff, 0x10, 0x0, 0x0, 0x0, 0x0, 0x0,
    0x0, 0x0, 0x0, 0x8, 0xff, 0xff, 0xff, 0x80,
    0xef, 0xff, 0xff, 0xf1, 0x0, 0x0, 0x0, 0x0,
    0x0, 0x0, 0x0, 0x0, 0x0, 0x8f, 0xff, 0xff,
    0xf8, 0xe, 0xff, 0xff, 0xff, 0x10, 0x0, 0x0,
    0x0, 0x0, 0x0, 0x0, 0x0, 0x0, 0x8, 0xff,
    0xff, 0xff, 0x80, 0xef, 0xff, 0xff, 0xf1, 0x0,
    0x0, 0x0, 0x0, 0x0, 0x0, 0x0, 0x0, 0x3f,
    0xff, 0xff, 0xff, 0xf8, 0xe, 0xff, 0xff, 0xff,
    0x10, 0x0, 0x0, 0x0, 0x0, 0x0, 0x0, 0x0,
    0x4, 0xff, 0xff, 0xff, 0xff, 0x80, 0x0, 0x0,
    0x0, 0x0, 0x0, 0x0, 0x0, 0x0, 0x0, 0x0,
    0x0, 0x0, 0x4f, 0xff, 0xfe, 0xff, 0xfb, 0x77,
    0x77, 0x77, 0x77, 0x77, 0x77, 0x77, 0x77, 0x77,
    0x77, 0x77, 0x77, 0x79, 0xff, 0xfa, 0x3f, 0xff,
    0xff, 0xff, 0xff, 0xff, 0xff, 0xff, 0xff, 0xff,
    0xff, 0xff, 0xff, 0xff, 0xff, 0xff, 0xff, 0x30,
    0xbf, 0xff, 0xff, 0xff, 0xff, 0xff, 0xff, 0xff,
    0xff, 0xff, 0xff, 0xff, 0xff, 0xff, 0xff, 0xff,
    0xe0, 0x1, 0xbf, 0xff, 0xff, 0xff, 0xff, 0xff,
    0xff, 0xff, 0xff, 0xff, 0xff, 0xff, 0xff, 0xff,
    0xff, 0xd3, 0x0, 0x0, 0x0, 0x0, 0x0, 0x0,
    0x0, 0x0, 0x0, 0x0, 0x0, 0x0, 0x0, 0x0,
    0x0, 0x0, 0x0, 0x0, 0x0,

    /* U+F244 "" */
    0x2, 0x67, 0x77, 0x77, 0x77, 0x77, 0x77, 0x77,
    0x77, 0x77, 0x77, 0x77, 0x77, 0x77, 0x77, 0x74,
    0x0, 0x5, 0xff, 0xff, 0xff, 0xff, 0xff, 0xff,
    0xff, 0xff, 0xff, 0xff, 0xff, 0xff, 0xff, 0xff,
    0xff, 0xf9, 0x0, 0xdf, 0xff, 0xff, 0xff, 0xff,
    0xff, 0xff, 0xff, 0xff, 0xff, 0xff, 0xff, 0xff,
    0xff, 0xff, 0xff, 0xf1, 0xf, 0xff, 0xff, 0xff,
    0xff, 0xff, 0xff, 0xff, 0xff, 0xff, 0xff, 0xff,
    0xff, 0xff, 0xff, 0xff, 0xff, 0x30, 0xff, 0xf8,
    0x0, 0x0, 0x0, 0x0, 0x0, 0x0, 0x0, 0x0,
    0x0, 0x0, 0x0, 0x0, 0x4, 0xff, 0xff, 0x9f,
    0xff, 0x80, 0x0, 0x0, 0x0, 0x0, 0x0, 0x0,
    0x0, 0x0, 0x0, 0x0, 0x0, 0x0, 0x4f, 0xff,
    0xff, 0xff, 0xf8, 0x0, 0x0, 0x0, 0x0, 0x0,
    0x0, 0x0, 0x0, 0x0, 0x0, 0x0, 0x0, 0x4,
    0xff, 0xff, 0xff, 0xff, 0x80, 0x0, 0x0, 0x0,
    0x0, 0x0, 0x0, 0x0, 0x0, 0x0, 0x0, 0x0,
    0x0, 0x28, 0xcf, 0xff, 0xff, 0xf8, 0x0, 0x0,
    0x0, 0x0, 0x0, 0x0, 0x0, 0x0, 0x0, 0x0,
    0x0, 0x0, 0x0, 0x8, 0xff, 0xff, 0xff, 0x80,
    0x0, 0x0, 0x0, 0x0, 0x0, 0x0, 0x0, 0x0,
    0x0, 0x0, 0x0, 0x0, 0x0, 0x8f, 0xff, 0xff,
    0xf8, 0x0, 0x0, 0x0, 0x0, 0x0, 0x0, 0x0,
    0x0, 0x0, 0x0, 0x0, 0x0, 0x0, 0x8, 0xff,
    0xff, 0xff, 0x80, 0x0, 0x0, 0x0, 0x0, 0x0,
    0x0, 0x0, 0x0, 0x0, 0x0, 0x0, 0x0, 0x3f,
    0xff, 0xff, 0xff, 0xf8, 0x0, 0x0, 0x0, 0x0,
    0x0, 0x0, 0x0, 0x0, 0x0, 0x0, 0x0, 0x0,
    0x4, 0xff, 0xff, 0xff, 0xff, 0x80, 0x0, 0x0,
    0x0, 0x0, 0x0, 0x0, 0x0, 0x0, 0x0, 0x0,
    0x0, 0x0, 0x4f, 0xff, 0xfe, 0xff, 0xfb, 0x77,
    0x77, 0x77, 0x77, 0x77, 0x77, 0x77, 0x77, 0x77,
    0x77, 0x77, 0x77, 0x79, 0xff, 0xfa, 0x3f, 0xff,
    0xff, 0xff, 0xff, 0xff, 0xff, 0xff, 0xff, 0xff,
    0xff, 0xff, 0xff, 0xff, 0xff, 0xff, 0xff, 0x30,
    0xbf, 0xff, 0xff, 0xff, 0xff, 0xff, 0xff, 0xff,
    0xff, 0xff, 0xff, 0xff, 0xff, 0xff, 0xff, 0xff,
    0xe0, 0x1, 0xbf, 0xff, 0xff, 0xff, 0xff, 0xff,
    0xff, 0xff, 0xff, 0xff, 0xff, 0xff, 0xff, 0xff,
    0xff, 0xd3, 0x0, 0x0, 0x0, 0x0, 0x0, 0x0,
    0x0, 0x0, 0x0, 0x0, 0x0, 0x0, 0x0, 0x0,
    0x0, 0x0, 0x0, 0x0, 0x0,

    /* U+F287 "" */
    0x0, 0x0, 0x0, 0x0, 0x0, 0x0, 0x0, 0x0,
    0x0, 0x0, 0x10, 0x0, 0x0, 0x0, 0x0, 0x0,
    0x0, 0x0, 0x0, 0x0, 0x0, 0x0, 0x0, 0x0,
    0x0, 0x0, 0x0, 0x5e, 0xfe, 0x40, 0x0, 0x0,
    0x0, 0x0, 0x0, 0x0, 0x0, 0x0, 0x0, 0x0,
    0x0, 0x0, 0x0, 0x1, 0x23, 0xff, 0xff, 0xf1,
    0x0, 0x0, 0x0, 0x0, 0x0, 0x0, 0x0, 0x0,
    0x0, 0x0, 0x0, 0x0, 0x1, 0xbf, 0xff, 0xff,
    0xff, 0xf5, 0x0, 0x0, 0x0, 0x0, 0x0, 0x0,
    0x0, 0x0, 0x0, 0x0, 0x0, 0x0, 0xb, 0xff,
    0xcd, 0xff, 0xff, 0xf4, 0x0, 0x0, 0x0, 0x0,
    0x0, 0x0, 0x0, 0x0, 0x0, 0x0, 0x0, 0x0,
    0x5f, 0xe1, 0x0, 0xcf, 0xff, 0xc0, 0x0, 0x0,
    0x0, 0x0, 0x0, 0x0, 0x0, 0x0, 0x0, 0x0,
    0x0, 0x0, 0xdf, 0x50, 0x0, 0x7, 0xa7, 0x0,
    0x0, 0x0, 0x0, 0x0, 0x0, 0x0, 0x0, 0x2,
    0x10, 0x0, 0x0, 0x4, 0xfd, 0x0, 0x0, 0x0,
    0x0, 0x0, 0x0, 0x0, 0x0, 0x0, 0x0, 0x0,
    0x4, 0xef, 0xfc, 0x20, 0x0, 0xc, 0xf5, 0x0,
    0x0, 0x0, 0x0, 0x0, 0x0, 0x0, 0x7, 0x40,
    0x0, 0x0, 0x4f, 0xff, 0xff, 0xe1, 0x0, 0x4f,
    0xe0, 0x0, 0x0, 0x0, 0x0, 0x0, 0x0, 0x0,
    0xc, 0xfb, 0x20, 0x0, 0xcf, 0xff, 0xff, 0xfa,
    0x35, 0xef, 0x94, 0x44, 0x44, 0x44, 0x44, 0x44,
    0x44, 0x44, 0x4d, 0xff, 0xf7, 0x0, 0xff, 0xff,
    0xff, 0xff, 0xff, 0xff, 0xff, 0xff, 0xff, 0xff,
    0xff, 0xff, 0xff, 0xff, 0xff, 0xff, 0xff, 0xd0,
    0xef, 0xff, 0xff, 0xfe, 0xbb, 0xbb, 0xbc, 0xff,
    0xcb, 0xbb, 0xbb, 0xbb, 0xbb, 0xbb, 0xbf, 0xff,
    0xfe, 0x50, 0x8f, 0xff, 0xff, 0xf4, 0x0, 0x0,
    0x0, 0x9f, 0xa0, 0x0, 0x0, 0x0, 0x0, 0x0,
    0xc, 0xff, 0x80, 0x0, 0xb, 0xff, 0xff, 0x80,
    0x0, 0x0, 0x0, 0xe, 0xf2, 0x0, 0x0, 0x0,
    0x0, 0x0, 0xc, 0xb2, 0x0, 0x0, 0x0, 0x58,
    0x73, 0x0, 0x0, 0x0, 0x0, 0x7, 0xfa, 0x0,
    0x0, 0x0, 0x0, 0x0, 0x0, 0x0, 0x0, 0x0,
    0x0, 0x0, 0x0, 0x0, 0x0, 0x0, 0x0, 0x1,
    0xff, 0x20, 0x6, 0xdd, 0xdd, 0xc2, 0x0, 0x0,
    0x0, 0x0, 0x0, 0x0, 0x0, 0x0, 0x0, 0x0,
    0x0, 0x0, 0x8f, 0xc0, 0x9, 0xff, 0xff, 0xf4,
    0x0, 0x0, 0x0, 0x0, 0x0, 0x0, 0x0, 0x0,
    0x0, 0x0, 0x0, 0x0, 0xc, 0xff, 0xde, 0xff,
    0xff, 0xf4, 0x0, 0x0, 0x0, 0x0, 0x0, 0x0,
    0x0, 0x0, 0x0, 0x0, 0x0, 0x0, 0x1, 0xaf,
    0xff, 0xff, 0xff, 0xf4, 0x0, 0x0, 0x0, 0x0,
    0x0, 0x0, 0x0, 0x0, 0x0, 0x0, 0x0, 0x0,
    0x0, 0x0, 0x19, 0xff, 0xff, 0xf4, 0x0, 0x0,
    0x0, 0x0, 0x0, 0x0, 0x0, 0x0, 0x0, 0x0,
    0x0, 0x0, 0x0, 0x0, 0x8, 0xff, 0xff, 0xf4,
    0x0, 0x0, 0x0, 0x0, 0x0, 0x0, 0x0, 0x0,
    0x0, 0x0, 0x0, 0x0, 0x0, 0x0, 0x0, 0x0,
    0x0, 0x0, 0x0, 0x0, 0x0, 0x0,

    /* U+F293 "" */
    0x0, 0x0, 0x0, 0x0, 0x1, 0x34, 0x32, 0x0,
    0x0, 0x0, 0x0, 0x0, 0x0, 0x0, 0x3a, 0xef,
    0xff, 0xff, 0xfb, 0x50, 0x0, 0x0, 0x0, 0x0,
    0xa, 0xff, 0xff, 0xff, 0xff, 0xff, 0xfc, 0x10,
    0x0, 0x0, 0x1, 0xcf, 0xff, 0xff, 0xc7, 0xff,
    0xff, 0xff, 0xd1, 0x0, 0x0, 0xb, 0xff, 0xff,
    0xff, 0xc0, 0x8f, 0xff, 0xff, 0xfc, 0x0, 0x0,
    0x5f, 0xff, 0xff, 0xff, 0xc0, 0x9, 0xff, 0xff,
    0xff, 0x50, 0x0, 0xcf, 0xff, 0xff, 0xff, 0xc0,
    0x0, 0xaf, 0xff, 0xff, 0xb0, 0x2, 0xff, 0xff,
    0xff, 0xff, 0xc0, 0x0, 0xb, 0xff, 0xff, 0xf1,
    0x6, 0xff, 0xff, 0xaf, 0xff, 0xc0, 0x39, 0x0,
    0xcf, 0xff, 0xf5, 0xa, 0xff, 0xf9, 0x3, 0xef,
    0xc0, 0x3f, 0x90, 0x1d, 0xff, 0xf8, 0xc, 0xff,
    0xfd, 0x10, 0x3e, 0xc0, 0x2f, 0xb0, 0xc, 0xff,
    0xfa, 0xe, 0xff, 0xff, 0xd1, 0x3, 0xb0, 0x2b,
    0x0, 0xaf, 0xff, 0xfc, 0xf, 0xff, 0xff, 0xfd,
    0x10, 0x10, 0x0, 0x9, 0xff, 0xff, 0xfd, 0xf,
    0xff, 0xff, 0xff, 0xd1, 0x0, 0x0, 0x7f, 0xff,
    0xff, 0xfe, 0x1f, 0xff, 0xff, 0xff, 0xfd, 0x10,
    0x5, 0xff, 0xff, 0xff, 0xfe, 0x1f, 0xff, 0xff,
    0xff, 0xfb, 0x0, 0x3, 0xff, 0xff, 0xff, 0xfe,
    0xf, 0xff, 0xff, 0xff, 0xb0, 0x0, 0x0, 0x3f,
    0xff, 0xff, 0xfd, 0xf, 0xff, 0xff, 0xfb, 0x0,
    0x20, 0x11, 0x4, 0xff, 0xff, 0xfd, 0xe, 0xff,
    0xff, 0xb0, 0x5, 0xc0, 0x2d, 0x10, 0x5f, 0xff,
    0xfc, 0xc, 0xff, 0xfb, 0x0, 0x5f, 0xc0, 0x2f,
    0xd0, 0x7, 0xff, 0xfa, 0x9, 0xff, 0xfb, 0x5,
    0xff, 0xc0, 0x3f, 0x60, 0x1d, 0xff, 0xf7, 0x5,
    0xff, 0xff, 0xdf, 0xff, 0xc0, 0x36, 0x1, 0xdf,
    0xff, 0xf4, 0x1, 0xff, 0xff, 0xff, 0xff, 0xd0,
    0x0, 0x1d, 0xff, 0xff, 0xf0, 0x0, 0xaf, 0xff,
    0xff, 0xff, 0xd0, 0x1, 0xdf, 0xff, 0xff, 0xa0,
    0x0, 0x2f, 0xff, 0xff, 0xff, 0xd0, 0x1d, 0xff,
    0xff, 0xff, 0x20, 0x0, 0x6, 0xff, 0xff, 0xff,
    0xd1, 0xcf, 0xff, 0xff, 0xf8, 0x0, 0x0, 0x0,
    0x6f, 0xff, 0xff, 0xec, 0xff, 0xff, 0xff, 0xb0,
    0x0, 0x0, 0x0, 0x2, 0xaf, 0xff, 0xff, 0xff,
    0xff, 0xe7, 0x0, 0x0, 0x0, 0x0, 0x0, 0x1,
    0x58, 0xab, 0xba, 0x84, 0x0, 0x0, 0x0,

    /* U+F2ED "" */
    0x0, 0x0, 0x0, 0x0, 0x14, 0x44, 0x44, 0x43,
    0x0, 0x0, 0x0, 0x0, 0x0, 0x0, 0x0, 0x0,
    0x1f, 0xff, 0xff, 0xff, 0xf9, 0x0, 0x0, 0x0,
    0x0, 0x58, 0x88, 0x88, 0x8c, 0xff, 0xff, 0xff,
    0xff, 0xf8, 0x88, 0x88, 0x88, 0x1f, 0xff, 0xff,
    0xff, 0xff, 0xff, 0xff, 0xff, 0xff, 0xff, 0xff,
    0xff, 0xf7, 0xff, 0xff, 0xff, 0xff, 0xff, 0xff,
    0xff, 0xff, 0xff, 0xff, 0xff, 0xff, 0x8b, 0xff,
    0xff, 0xff, 0xff, 0xff, 0xff, 0xff, 0xff, 0xff,
    0xff, 0xff, 0xe4, 0x0, 0x0, 0x0, 0x0, 0x0,
    0x0, 0x0, 0x0, 0x0, 0x0, 0x0, 0x0, 0x0,
    0x28, 0x88, 0x88, 0x88, 0x88, 0x88, 0x88, 0x88,
    0x88, 0x88, 0x86, 0x0, 0x4, 0xff, 0xff, 0xff,
    0xff, 0xff, 0xff, 0xff, 0xff, 0xff, 0xff, 0xc0,
    0x0, 0x4f, 0xff, 0xff, 0xff, 0xff, 0xff, 0xff,
    0xff, 0xff, 0xff, 0xfc, 0x0, 0x4, 0xff, 0xff,
    0xff, 0xff, 0xff, 0xff, 0xff, 0xff, 0xff, 0xff,
    0xc0, 0x0, 0x4f, 0xff, 0xf5, 0x5f, 0xff, 0x92,
    0xff, 0xfc, 0x1c, 0xff, 0xfc, 0x0, 0x4, 0xff,
    0xff, 0x22, 0xff, 0xf6, 0xe, 0xff, 0xa0, 0xaf,
    0xff, 0xc0, 0x0, 0x4f, 0xff, 0xf2, 0x2f, 0xff,
    0x60, 0xef, 0xfa, 0xa, 0xff, 0xfc, 0x0, 0x4,
    0xff, 0xff, 0x22, 0xff, 0xf6, 0xe, 0xff, 0xa0,
    0xaf, 0xff, 0xc0, 0x0, 0x4f, 0xff, 0xf2, 0x2f,
    0xff, 0x60, 0xef, 0xfa, 0xa, 0xff, 0xfc, 0x0,
    0x4, 0xff, 0xff, 0x22, 0xff, 0xf6, 0xe, 0xff,
    0xa0, 0xaf, 0xff, 0xc0, 0x0, 0x4f, 0xff, 0xf2,
    0x2f, 0xff, 0x60, 0xef, 0xfa, 0xa, 0xff, 0xfc,
    0x0, 0x4, 0xff, 0xff, 0x22, 0xff, 0xf6, 0xe,
    0xff, 0xa0, 0xaf, 0xff, 0xc0, 0x0, 0x4f, 0xff,
    0xf2, 0x2f, 0xff, 0x60, 0xef, 0xfa, 0xa, 0xff,
    0xfc, 0x0, 0x4, 0xff, 0xff, 0x22, 0xff, 0xf6,
    0xe, 0xff, 0xa0, 0xaf, 0xff, 0xc0, 0x0, 0x4f,
    0xff, 0xf2, 0x2f, 0xff, 0x60, 0xef, 0xfa, 0xa,
    0xff, 0xfc, 0x0, 0x4, 0xff, 0xff, 0x22, 0xff,
    0xf6, 0xe, 0xff, 0xa0, 0xaf, 0xff, 0xc0, 0x0,
    0x4f, 0xff, 0xf2, 0x2f, 0xff, 0x60, 0xef, 0xfa,
    0xa, 0xff, 0xfc, 0x0, 0x4, 0xff, 0xff, 0x55,
    0xff, 0xf9, 0x2f, 0xff, 0xc1, 0xcf, 0xff, 0xc0,
    0x0, 0x3f, 0xff, 0xff, 0xff, 0xff, 0xff, 0xff,
    0xff, 0xff, 0xff, 0xfb, 0x0, 0x2, 0xff, 0xff,
    0xff, 0xff, 0xff, 0xff, 0xff, 0xff, 0xff, 0xff,
    0xa0, 0x0, 0x9, 0xff, 0xff, 0xff, 0xff, 0xff,
    0xff, 0xff, 0xff, 0xff, 0xf2, 0x0, 0x0, 0x4,
    0x78, 0x88, 0x88, 0x88, 0x88, 0x88, 0x88, 0x88,
    0x61, 0x0, 0x0,

    /* U+F304 "" */
    0x0, 0x0, 0x0, 0x0, 0x0, 0x0, 0x0, 0x0,
    0x0, 0x0, 0x0, 0x66, 0x10, 0x0, 0x0, 0x0,
    0x0, 0x0, 0x0, 0x0, 0x0, 0x0, 0x0, 0x0,
    0x2, 0xdf, 0xfe, 0x30, 0x0, 0x0, 0x0, 0x0,
    0x0, 0x0, 0x0, 0x0, 0x0, 0x0, 0x2, 0xef,
    0xff, 0xff, 0x30, 0x0, 0x0, 0x0, 0x0, 0x0,
    0x0, 0x0, 0x0, 0x0, 0x2, 0xef, 0xff, 0xff,
    0xff, 0x30, 0x0, 0x0, 0x0, 0x0, 0x0, 0x0,
    0x0, 0x0, 0x0, 0x9f, 0xff, 0xff, 0xff, 0xff,
    0x30, 0x0, 0x0, 0x0, 0x0, 0x0, 0x0, 0x0,
    0x1, 0x0, 0xbf, 0xff, 0xff, 0xff, 0xfc, 0x0,
    0x0, 0x0, 0x0, 0x0, 0x0, 0x0, 0x2, 0xec,
    0x0, 0xbf, 0xff, 0xff, 0xff, 0xf0, 0x0, 0x0,
    0x0, 0x0, 0x0, 0x0, 0x2, 0xef, 0xfc, 0x0,
    0xbf, 0xff, 0xff, 0xfb, 0x0, 0x0, 0x0, 0x0,
    0x0, 0x0, 0x2, 0xef, 0xff, 0xfc, 0x0, 0xbf,
    0xff, 0xfe, 0x10, 0x0, 0x0, 0x0, 0x0, 0x0,
    0x2, 0xef, 0xff, 0xff, 0xfc, 0x0, 0xbf, 0xfe,
    0x20, 0x0, 0x0, 0x0, 0x0, 0x0, 0x2, 0xef,
    0xff, 0xff, 0xff, 0xfc, 0x0, 0xbe, 0x20, 0x0,
    0x0, 0x0, 0x0, 0x0, 0x2, 0xef, 0xff, 0xff,
    0xff, 0xff, 0xfc, 0x0, 0x10, 0x0, 0x0, 0x0,
    0x0, 0x0, 0x2, 0xef, 0xff, 0xff, 0xff, 0xff,
    0xff, 0xfa, 0x0, 0x0, 0x0, 0x0, 0x0, 0x0,
    0x2, 0xef, 0xff, 0xff, 0xff, 0xff, 0xff, 0xfe,
    0x20, 0x0, 0x0, 0x0, 0x0, 0x0, 0x2, 0xef,
    0xff, 0xff, 0xff, 0xff, 0xff, 0xfe, 0x20, 0x0,
    0x0, 0x0, 0x0, 0x0, 0x2, 0xef, 0xff, 0xff,
    0xff, 0xff, 0xff, 0xfe, 0x20, 0x0, 0x0, 0x0,
    0x0, 0x0, 0x2, 0xef, 0xff, 0xff, 0xff, 0xff,
    0xff, 0xfe, 0x20, 0x0, 0x0, 0x0, 0x0, 0x0,
    0x2, 0xef, 0xff, 0xff, 0xff, 0xff, 0xff, 0xfe,
    0x20, 0x0, 0x0, 0x0, 0x0, 0x0, 0x2, 0xef,
    0xff, 0xff, 0xff, 0xff, 0xff, 0xfe, 0x20, 0x0,
    0x0, 0x0, 0x0, 0x0, 0x2, 0xef, 0xff, 0xff,
    0xff, 0xff, 0xff, 0xfe, 0x20, 0x0, 0x0, 0x0,
    0x0, 0x0, 0x1, 0xef, 0xff, 0xff, 0xff, 0xff,
    0xff, 0xfe, 0x20, 0x0, 0x0, 0x0, 0x0, 0x0,
    0x0, 0x5f, 0xff, 0xff, 0xff, 0xff, 0xff, 0xfe,
    0x20, 0x0, 0x0, 0x0, 0x0, 0x0, 0x0, 0x7,
    0xff, 0xff, 0xff, 0xff, 0xff, 0xfe, 0x20, 0x0,
    0x0, 0x0, 0x0, 0x0, 0x0, 0x0, 0x9f, 0xff,
    0xff, 0xff, 0xff, 0xfe, 0x20, 0x0, 0x0, 0x0,
    0x0, 0x0, 0x0, 0x0, 0xb, 0xff, 0xff, 0xff,
    0xff, 0xfe, 0x20, 0x0, 0x0, 0x0, 0x0, 0x0,
    0x0, 0x0, 0x0, 0xdf, 0xff, 0xff, 0xff, 0xfe,
    0x20, 0x0, 0x0, 0x0, 0x0, 0x0, 0x0, 0x0,
    0x0, 0xf, 0xff, 0xff, 0xff, 0xfe, 0x20, 0x0,
    0x0, 0x0, 0x0, 0x0, 0x0, 0x0, 0x0, 0x0,
    0xef, 0xff, 0xff, 0xec, 0x20, 0x0, 0x0, 0x0,
    0x0, 0x0, 0x0, 0x0, 0x0, 0x0, 0x3, 0x76,
    0x42, 0x0, 0x0, 0x0, 0x0, 0x0, 0x0, 0x0,
    0x0, 0x0, 0x0, 0x0, 0x0,

    /* U+F55A "" */
    0x0, 0x0, 0x0, 0x0, 0x8, 0xef, 0xff, 0xff,
    0xff, 0xff, 0xff, 0xff, 0xff, 0xff, 0xff, 0xff,
    0xd5, 0x0, 0x0, 0x0, 0x0, 0xb, 0xff, 0xff,
    0xff, 0xff, 0xff, 0xff, 0xff, 0xff, 0xff, 0xff,
    0xff, 0xff, 0xf5, 0x0, 0x0, 0x0, 0xb, 0xff,
    0xff, 0xff, 0xff, 0xff, 0xff, 0xff, 0xff, 0xff,
    0xff, 0xff, 0xff, 0xff, 0xd0, 0x0, 0x0, 0xb,
    0xff, 0xff, 0xff, 0xff, 0xff, 0xff, 0xff, 0xff,
    0xff, 0xff, 0xff, 0xff, 0xff, 0xff, 0x0, 0x0,
    0xb, 0xff, 0xff, 0xff, 0xff, 0xff, 0x99, 0xff,
    0xff, 0xff, 0x99, 0xff, 0xff, 0xff, 0xff, 0xf0,
    0x0, 0xb, 0xff, 0xff, 0xff, 0xff, 0xff, 0x80,
    0x8, 0xff, 0xff, 0x80, 0x7, 0xff, 0xff, 0xff,
    0xff, 0x0, 0xb, 0xff, 0xff, 0xff, 0xff, 0xff,
    0xe0, 0x0, 0x8, 0xff, 0x80, 0x0, 0xe, 0xff,
    0xff, 0xff, 0xf0, 0xb, 0xff, 0xff, 0xff, 0xff,
    0xff, 0xff, 0x80, 0x0, 0x8, 0x80, 0x0, 0x8,
    0xff, 0xff, 0xff, 0xff, 0xb, 0xff, 0xff, 0xff,
    0xff, 0xff, 0xff, 0xff, 0x80, 0x0, 0x0, 0x0,
    0x8, 0xff, 0xff, 0xff, 0xff, 0xfa, 0xff, 0xff,
    0xff, 0xff, 0xff, 0xff, 0xff, 0xff, 0x80, 0x0,
    0x0, 0x8, 0xff, 0xff, 0xff, 0xff, 0xff, 0xff,
    0xff, 0xff, 0xff, 0xff, 0xff, 0xff, 0xff, 0xff,
    0x40, 0x0, 0x4, 0xff, 0xff, 0xff, 0xff, 0xff,
    0xfa, 0xff, 0xff, 0xff, 0xff, 0xff, 0xff, 0xff,
    0xff, 0x80, 0x0, 0x0, 0x8, 0xff, 0xff, 0xff,
    0xff, 0xff, 0xb, 0xff, 0xff, 0xff, 0xff, 0xff,
    0xff, 0xff, 0x80, 0x0, 0x0, 0x0, 0x8, 0xff,
    0xff, 0xff, 0xff, 0xf0, 0xb, 0xff, 0xff, 0xff,
    0xff, 0xff, 0xff, 0x80, 0x0, 0x8, 0x80, 0x0,
    0x8, 0xff, 0xff, 0xff, 0xff, 0x0, 0xb, 0xff,
    0xff, 0xff, 0xff, 0xff, 0xe0, 0x0, 0x8, 0xff,
    0x80, 0x0, 0xe, 0xff, 0xff, 0xff, 0xf0, 0x0,
    0xb, 0xff, 0xff, 0xff, 0xff, 0xff, 0x80, 0x8,
    0xff, 0xff, 0x80, 0x8, 0xff, 0xff, 0xff, 0xff,
    0x0, 0x0, 0xb, 0xff, 0xff, 0xff, 0xff, 0xff,
    0x99, 0xff, 0xff, 0xff, 0x99, 0xff, 0xff, 0xff,
    0xff, 0xf0, 0x0, 0x0, 0xb, 0xff, 0xff, 0xff,
    0xff, 0xff, 0xff, 0xff, 0xff, 0xff, 0xff, 0xff,
    0xff, 0xff, 0xff, 0x0, 0x0, 0x0, 0xb, 0xff,
    0xff, 0xff, 0xff, 0xff, 0xff, 0xff, 0xff, 0xff,
    0xff, 0xff, 0xff, 0xff, 0xd0, 0x0, 0x0, 0x0,
    0xa, 0xff, 0xff, 0xff, 0xff, 0xff, 0xff, 0xff,
    0xff, 0xff, 0xff, 0xff, 0xff, 0xf5, 0x0, 0x0,
    0x0, 0x0, 0x8, 0xef, 0xff, 0xff, 0xff, 0xff,
    0xff, 0xff, 0xff, 0xff, 0xff, 0xff, 0xd5, 0x0,

    /* U+F7C2 "" */
    0x0, 0x0, 0x0, 0x17, 0x88, 0x88, 0x88, 0x88,
    0x87, 0x50, 0x0, 0x0, 0x0, 0x1d, 0xff, 0xff,
    0xff, 0xff, 0xff, 0xff, 0xc1, 0x0, 0x0, 0x2d,
    0xff, 0xff, 0xff, 0xff, 0xff, 0xff, 0xff, 0xa0,
    0x0, 0x2e, 0xff, 0xff, 0xff, 0xff, 0xff, 0xff,
    0xff, 0xff, 0x0, 0x2e, 0xff, 0x20, 0x1f, 0xa0,
    0xe, 0xd0, 0x8, 0xff, 0xf0, 0x2e, 0xff, 0xf2,
    0x1, 0xfa, 0x0, 0xed, 0x0, 0x8f, 0xff, 0x3e,
    0xff, 0xff, 0x20, 0x1f, 0xa0, 0xe, 0xd0, 0x8,
    0xff, 0xfe, 0xff, 0xff, 0xf2, 0x1, 0xfa, 0x0,
    0xed, 0x0, 0x8f, 0xff, 0xff, 0xff, 0xff, 0x20,
    0x1f, 0xa0, 0xe, 0xd0, 0x8, 0xff, 0xff, 0xff,
    0xff, 0xff, 0xff, 0xff, 0xff, 0xff, 0xff, 0xff,
    0xff, 0xff, 0xff, 0xff, 0xff, 0xff, 0xff, 0xff,
    0xff, 0xff, 0xff, 0xff, 0xff, 0xff, 0xff, 0xff,
    0xff, 0xff, 0xff, 0xff, 0xff, 0xff, 0xff, 0xff,
    0xff, 0xff, 0xff, 0xff, 0xff, 0xff, 0xff, 0xff,
    0xff, 0xff, 0xff, 0xff, 0xff, 0xff, 0xff, 0xff,
    0xff, 0xff, 0xff, 0xff, 0xff, 0xff, 0xff, 0xff,
    0xff, 0xff, 0xff, 0xff, 0xff, 0xff, 0xff, 0xff,
    0xff, 0xff, 0xff, 0xff, 0xff, 0xff, 0xff, 0xff,
    0xff, 0xff, 0xff, 0xff, 0xff, 0xff, 0xff, 0xff,
    0xff, 0xff, 0xff, 0xff, 0xff, 0xff, 0xff, 0xff,
    0xff, 0xff, 0xff, 0xff, 0xff, 0xff, 0xff, 0xff,
    0xff, 0xff, 0xff, 0xff, 0xff, 0xff, 0xff, 0xff,
    0xff, 0xff, 0xff, 0xff, 0xff, 0xff, 0xff, 0xff,
    0xff, 0xff, 0xff, 0xff, 0xff, 0xff, 0xff, 0xff,
    0xff, 0xff, 0xff, 0xff, 0xff, 0xff, 0xff, 0xff,
    0xff, 0xff, 0xff, 0xff, 0xff, 0xff, 0xff, 0xff,
    0xff, 0xff, 0xff, 0xff, 0xff, 0xff, 0xff, 0xff,
    0xff, 0xff, 0xff, 0xff, 0xff, 0xff, 0xff, 0xff,
    0xff, 0xff, 0xff, 0xff, 0xff, 0xff, 0xff, 0xff,
    0xff, 0xff, 0xff, 0xff, 0xff, 0xff, 0xfe, 0xff,
    0xff, 0xff, 0xff, 0xff, 0xff, 0xff, 0xff, 0xff,
    0xfe, 0x8f, 0xff, 0xff, 0xff, 0xff, 0xff, 0xff,
    0xff, 0xff, 0xff, 0x80, 0xaf, 0xff, 0xff, 0xff,
    0xff, 0xff, 0xff, 0xff, 0xff, 0x90, 0x0, 0x24,
    0x44, 0x44, 0x44, 0x44, 0x44, 0x44, 0x44, 0x20,
    0x0,

    /* U+F8A2 "" */
    0x0, 0x0, 0x0, 0x0, 0x0, 0x0, 0x0, 0x0,
    0x0, 0x0, 0x0, 0x0, 0x0, 0x4, 0x0, 0x0,
    0x0, 0x0, 0x0, 0x0, 0x0, 0x0, 0x0, 0x0,
    0x0, 0x0, 0x0, 0x9, 0xf1, 0x0, 0x0, 0x0,
    0x0, 0x0, 0x0, 0x0, 0x0, 0x0, 0x0, 0x0,
    0x0, 0x9, 0xff, 0x10, 0x0, 0x0, 0x0, 0x0,
    0x0, 0x0, 0x0, 0x0, 0x0, 0x0, 0x0, 0x9,
    0xff, 0xf1, 0x0, 0x0, 0x0, 0x5c, 0x50, 0x0,
    0x0, 0x0, 0x0, 0x0, 0x0, 0x3, 0xff, 0xff,
    0x10, 0x0, 0x0, 0x7f, 0xfd, 0x0, 0x0, 0x0,
    0x0, 0x0, 0x0, 0x0, 0x4f, 0xff, 0xf1, 0x0,
    0x0, 0x8f, 0xff, 0xd0, 0x0, 0x0, 0x0, 0x0,
    0x0, 0x0, 0x4, 0xff, 0xff, 0x10, 0x0, 0x9f,
    0xff, 0xfd, 0x0, 0x0, 0x0, 0x0, 0x0, 0x0,
    0x0, 0x4f, 0xff, 0xf1, 0x0, 0xaf, 0xff, 0xff,
    0xd0, 0x0, 0x0, 0x0, 0x0, 0x0, 0x0, 0x4,
    0xff, 0xff, 0x10, 0xbf, 0xff, 0xff, 0xff, 0xff,
    0xff, 0xff, 0xff, 0xff, 0xff, 0xff, 0xff, 0xff,
    0xf1, 0xaf, 0xff, 0xff, 0xff, 0xff, 0xff, 0xff,
    0xff, 0xff, 0xff, 0xff, 0xff, 0xff, 0xff, 0x1c,
    0xff, 0xff, 0xff, 0xff, 0xff, 0xff, 0xff, 0xff,
    0xff, 0xff, 0xff, 0xff, 0xff, 0xf1, 0x2e, 0xff,
    0xff, 0xff, 0xff, 0xff, 0xff, 0xff, 0xff, 0xff,
    0xff, 0xff, 0xff, 0xfe, 0x0, 0x1d, 0xff, 0xff,
    0xfe, 0x55, 0x55, 0x55, 0x55, 0x55, 0x55, 0x55,
    0x55, 0x55, 0x10, 0x0, 0x1c, 0xff, 0xff, 0xd0,
    0x0, 0x0, 0x0, 0x0, 0x0, 0x0, 0x0, 0x0,
    0x0, 0x0, 0x0, 0xc, 0xff, 0xfd, 0x0, 0x0,
    0x0, 0x0, 0x0, 0x0, 0x0, 0x0, 0x0, 0x0,
    0x0, 0x0, 0xb, 0xff, 0xd0, 0x0, 0x0, 0x0,
    0x0, 0x0, 0x0, 0x0, 0x0, 0x0, 0x0, 0x0,
    0x0, 0xa, 0xf9, 0x0, 0x0, 0x0, 0x0, 0x0,
    0x0, 0x0, 0x0, 0x0, 0x0, 0x0, 0x0, 0x0,
    0x1, 0x0, 0x0, 0x0, 0x0, 0x0, 0x0, 0x0,
    0x0, 0x0, 0x0, 0x0
};


/*---------------------
 *  GLYPH DESCRIPTION
 *--------------------*/

static const lv_font_fmt_txt_glyph_dsc_t glyph_dsc[] = {
    {.bitmap_index = 0, .adv_w = 0, .box_w = 0, .box_h = 0, .ofs_x = 0, .ofs_y = 0} /* id = 0 reserved */,
    {.bitmap_index = 0, .adv_w = 86, .box_w = 0, .box_h = 0, .ofs_x = 0, .ofs_y = 0},
    {.bitmap_index = 0, .adv_w = 132, .box_w = 5, .box_h = 21, .ofs_x = 2, .ofs_y = 0},
    {.bitmap_index = 53, .adv_w = 201, .box_w = 11, .box_h = 9, .ofs_x = 1, .ofs_y = 13},
    {.bitmap_index = 103, .adv_w = 326, .box_w = 20, .box_h = 21, .ofs_x = 0, .ofs_y = 0},
    {.bitmap_index = 313, .adv_w = 285, .box_w = 18, .box_h = 27, .ofs_x = 0, .ofs_y = -3},
    {.bitmap_index = 556, .adv_w = 352, .box_w = 22, .box_h = 21, .ofs_x = 0, .ofs_y = 0},
    {.bitmap_index = 787, .adv_w = 344, .box_w = 22, .box_h = 21, .ofs_x = 0, .ofs_y = 0},
    {.bitmap_index = 1018, .adv_w = 115, .box_w = 5, .box_h = 9, .ofs_x = 1, .ofs_y = 13},
    {.bitmap_index = 1041, .adv_w = 197, .box_w = 10, .box_h = 25, .ofs_x = 2, .ofs_y = -3},
    {.bitmap_index = 1166, .adv_w = 197, .box_w = 10, .box_h = 25, .ofs_x = 1, .ofs_y = -3},
    {.bitmap_index = 1291, .adv_w = 193, .box_w = 10, .box_h = 10, .ofs_x = 1, .ofs_y = 11},
    {.bitmap_index = 1341, .adv_w = 244, .box_w = 13, .box_h = 14, .ofs_x = 1, .ofs_y = 3},
    {.bitmap_index = 1432, .adv_w = 123, .box_w = 5, .box_h = 10, .ofs_x = 1, .ofs_y = -5},
    {.bitmap_index = 1457, .adv_w = 221, .box_w = 11, .box_h = 4, .ofs_x = 1, .ofs_y = 6},
    {.bitmap_index = 1479, .adv_w = 123, .box_w = 5, .box_h = 5, .ofs_x = 1, .ofs_y = 0},
    {.bitmap_index = 1492, .adv_w = 199, .box_w = 11, .box_h = 24, .ofs_x = 1, .ofs_y = -2},
    {.bitmap_index = 1624, .adv_w = 303, .box_w = 17, .box_h = 21, .ofs_x = 1, .ofs_y = 0},
    {.bitmap_index = 1803, .adv_w = 173, .box_w = 10, .box_h = 21, .ofs_x = 0, .ofs_y = 0},
    {.bitmap_index = 1908, .adv_w = 250, .box_w = 16, .box_h = 21, .ofs_x = 0, .ofs_y = 0},
    {.bitmap_index = 2076, .adv_w = 259, .box_w = 16, .box_h = 21, .ofs_x = 0, .ofs_y = 0},
    {.bitmap_index = 2244, .adv_w = 276, .box_w = 17, .box_h = 21, .ofs_x = 0, .ofs_y = 0},
    {.bitmap_index = 2423, .adv_w = 260, .box_w = 16, .box_h = 21, .ofs_x = 0, .ofs_y = 0},
    {.bitmap_index = 2591, .adv_w = 276, .box_w = 16, .box_h = 21, .ofs_x = 1, .ofs_y = 0},
    {.bitmap_index = 2759, .adv_w = 251, .box_w = 16, .box_h = 21, .ofs_x = 0, .ofs_y = 0},
    {.bitmap_index = 2927, .adv_w = 268, .box_w = 16, .box_h = 21, .ofs_x = 0, .ofs_y = 0},
    {.bitmap_index = 3095, .adv_w = 277, .box_w = 17, .box_h = 21, .ofs_x = 0, .ofs_y = 0},
    {.bitmap_index = 3274, .adv_w = 123, .box_w = 5, .box_h = 14, .ofs_x = 1, .ofs_y = 0},
    {.bitmap_index = 3309, .adv_w = 123, .box_w = 5, .box_h = 19, .ofs_x = 1, .ofs_y = -5},
    {.bitmap_index = 3357, .adv_w = 244, .box_w = 13, .box_h = 13, .ofs_x = 1, .ofs_y = 4},
    {.bitmap_index = 3442, .adv_w = 244, .box_w = 13, .box_h = 9, .ofs_x = 1, .ofs_y = 6},
    {.bitmap_index = 3501, .adv_w = 244, .box_w = 13, .box_h = 13, .ofs_x = 1, .ofs_y = 4},
    {.bitmap_index = 3586, .adv_w = 260, .box_w = 16, .box_h = 22, .ofs_x = 0, .ofs_y = 0},
    {.bitmap_index = 3762, .adv_w = 388, .box_w = 23, .box_h = 21, .ofs_x = 1, .ofs_y = 0},
    {.bitmap_index = 4004, .adv_w = 328, .box_w = 20, .box_h = 21, .ofs_x = 0, .ofs_y = 0},
    {.bitmap_index = 4214, .adv_w = 289, .box_w = 17, .box_h = 21, .ofs_x = 1, .ofs_y = 0},
    {.bitmap_index = 4393, .adv_w = 335, .box_w = 20, .box_h = 21, .ofs_x = 1, .ofs_y = 0},
    {.bitmap_index = 4603, .adv_w = 338, .box_w = 20, .box_h = 21, .ofs_x = 1, .ofs_y = 0},
    {.bitmap_index = 4813, .adv_w = 282, .box_w = 16, .box_h = 21, .ofs_x = 1, .ofs_y = 0},
    {.bitmap_index = 4981, .adv_w = 266, .box_w = 15, .box_h = 21, .ofs_x = 1, .ofs_y = 0},
    {.bitmap_index = 5139, .adv_w = 342, .box_w = 20, .box_h = 21, .ofs_x = 1, .ofs_y = 0},
    {.bitmap_index = 5349, .adv_w = 325, .box_w = 18, .box_h = 21, .ofs_x = 1, .ofs_y = 0},
    {.bitmap_index = 5538, .adv_w = 114, .box_w = 5, .box_h = 21, .ofs_x = 1, .ofs_y = 0},
    {.bitmap_index = 5591, .adv_w = 191, .box_w = 11, .box_h = 21, .ofs_x = 0, .ofs_y = 0},
    {.bitmap_index = 5707, .adv_w = 319, .box_w = 19, .box_h = 21, .ofs_x = 1, .ofs_y = 0},
    {.bitmap_index = 5907, .adv_w = 264, .box_w = 15, .box_h = 21, .ofs_x = 1, .ofs_y = 0},
    {.bitmap_index = 6065, .adv_w = 402, .box_w = 23, .box_h = 21, .ofs_x = 1, .ofs_y = 0},
    {.bitmap_index = 6307, .adv_w = 325, .box_w = 18, .box_h = 21, .ofs_x = 1, .ofs_y = 0},
    {.bitmap_index = 6496, .adv_w = 356, .box_w = 21, .box_h = 21, .ofs_x = 1, .ofs_y = 0},
    {.bitmap_index = 6717, .adv_w = 299, .box_w = 17, .box_h = 21, .ofs_x = 1, .ofs_y = 0},
    {.bitmap_index = 6896, .adv_w = 361, .box_w = 22, .box_h = 21, .ofs_x = 1, .ofs_y = 0},
    {.bitmap_index = 7127, .adv_w = 297, .box_w = 18, .box_h = 21, .ofs_x = 1, .ofs_y = 0},
    {.bitmap_index = 7316, .adv_w = 285, .box_w = 18, .box_h = 21, .ofs_x = 0, .ofs_y = 0},
    {.bitmap_index = 7505, .adv_w = 297, .box_w = 18, .box_h = 21, .ofs_x = 0, .ofs_y = 0},
    {.bitmap_index = 7694, .adv_w = 315, .box_w = 18, .box_h = 21, .ofs_x = 1, .ofs_y = 0},
    {.bitmap_index = 7883, .adv_w = 328, .box_w = 20, .box_h = 21, .ofs_x = 0, .ofs_y = 0},
    {.bitmap_index = 8093, .adv_w = 487, .box_w = 29, .box_h = 21, .ofs_x = 1, .ofs_y = 0},
    {.bitmap_index = 8398, .adv_w = 317, .box_w = 20, .box_h = 21, .ofs_x = 0, .ofs_y = 0},
    {.bitmap_index = 8608, .adv_w = 314, .box_w = 20, .box_h = 21, .ofs_x = 0, .ofs_y = 0},
    {.bitmap_index = 8818, .adv_w = 283, .box_w = 16, .box_h = 21, .ofs_x = 1, .ofs_y = 0},
    {.bitmap_index = 8986, .adv_w = 197, .box_w = 9, .box_h = 25, .ofs_x = 2, .ofs_y = -3},
    {.bitmap_index = 9099, .adv_w = 199, .box_w = 11, .box_h = 24, .ofs_x = 1, .ofs_y = -2},
    {.bitmap_index = 9231, .adv_w = 197, .box_w = 9, .box_h = 25, .ofs_x = 1, .ofs_y = -3},
    {.bitmap_index = 9344, .adv_w = 244, .box_w = 13, .box_h = 7, .ofs_x = 1, .ofs_y = 14},
    {.bitmap_index = 9390, .adv_w = 209, .box_w = 14, .box_h = 3, .ofs_x = 0, .ofs_y = -4},
    {.bitmap_index = 9411, .adv_w = 159, .box_w = 9, .box_h = 5, .ofs_x = 1, .ofs_y = 17},
    {.bitmap_index = 9434, .adv_w = 250, .box_w = 14, .box_h = 15, .ofs_x = 1, .ofs_y = 0},
    {.bitmap_index = 9539, .adv_w = 278, .box_w = 16, .box_h = 21, .ofs_x = 1, .ofs_y = 0},
    {.bitmap_index = 9707, .adv_w = 247, .box_w = 15, .box_h = 15, .ofs_x = 0, .ofs_y = 0},
    {.bitmap_index = 9820, .adv_w = 278, .box_w = 16, .box_h = 21, .ofs_x = 0, .ofs_y = 0},
    {.bitmap_index = 9988, .adv_w = 256, .box_w = 16, .box_h = 15, .ofs_x = 0, .ofs_y = 0},
    {.bitmap_index = 10108, .adv_w = 166, .box_w = 10, .box_h = 21, .ofs_x = 0, .ofs_y = 0},
    {.bitmap_index = 10213, .adv_w = 278, .box_w = 16, .box_h = 21, .ofs_x = 0, .ofs_y = -6},
    {.bitmap_index = 10381, .adv_w = 274, .box_w = 15, .box_h = 21, .ofs_x = 1, .ofs_y = 0},
    {.bitmap_index = 10539, .adv_w = 116, .box_w = 5, .box_h = 21, .ofs_x = 1, .ofs_y = 0},
    {.bitmap_index = 10592, .adv_w = 116, .box_w = 7, .box_h = 27, .ofs_x = -1, .ofs_y = -6},
    {.bitmap_index = 10687, .adv_w = 250, .box_w = 15, .box_h = 21, .ofs_x = 1, .ofs_y = 0},
    {.bitmap_index = 10845, .adv_w = 116, .box_w = 5, .box_h = 21, .ofs_x = 1, .ofs_y = 0},
    {.bitmap_index = 10898, .adv_w = 422, .box_w = 24, .box_h = 15, .ofs_x = 1, .ofs_y = 0},
    {.bitmap_index = 11078, .adv_w = 274, .box_w = 15, .box_h = 15, .ofs_x = 1, .ofs_y = 0},
    {.bitmap_index = 11191, .adv_w = 267, .box_w = 16, .box_h = 15, .ofs_x = 0, .ofs_y = 0},
    {.bitmap_index = 11311, .adv_w = 278, .box_w = 16, .box_h = 21, .ofs_x = 1, .ofs_y = -6},
    {.bitmap_index = 11479, .adv_w = 278, .box_w = 16, .box_h = 21, .ofs_x = 0, .ofs_y = -6},
    {.bitmap_index = 11647, .adv_w = 175, .box_w = 10, .box_h = 15, .ofs_x = 1, .ofs_y = 0},
    {.bitmap_index = 11722, .adv_w = 221, .box_w = 14, .box_h = 15, .ofs_x = 0, .ofs_y = 0},
    {.bitmap_index = 11827, .adv_w = 182, .box_w = 11, .box_h = 20, .ofs_x = 0, .ofs_y = 0},
    {.bitmap_index = 11937, .adv_w = 271, .box_w = 15, .box_h = 15, .ofs_x = 1, .ofs_y = 0},
    {.bitmap_index = 12050, .adv_w = 240, .box_w = 15, .box_h = 15, .ofs_x = 0, .ofs_y = 0},
    {.bitmap_index = 12163, .adv_w = 358, .box_w = 22, .box_h = 15, .ofs_x = 0, .ofs_y = 0},
    {.bitmap_index = 12328, .adv_w = 263, .box_w = 16, .box_h = 15, .ofs_x = 0, .ofs_y = 0},
    {.bitmap_index = 12448, .adv_w = 240, .box_w = 15, .box_h = 21, .ofs_x = 0, .ofs_y = -6},
    {.bitmap_index = 12606, .adv_w = 230, .box_w = 13, .box_h = 15, .ofs_x = 1, .ofs_y = 0},
    {.bitmap_index = 12704, .adv_w = 197, .box_w = 11, .box_h = 25, .ofs_x = 0, .ofs_y = -3},
    {.bitmap_index = 12842, .adv_w = 105, .box_w = 4, .box_h = 27, .ofs_x = 1, .ofs_y = -4},
    {.bitmap_index = 12896, .adv_w = 197, .box_w = 11, .box_h = 25, .ofs_x = 1, .ofs_y = -3},
    {.bitmap_index = 13034, .adv_w = 244, .box_w = 16, .box_h = 5, .ofs_x = 0, .ofs_y = 8},
    {.bitmap_index = 13074, .adv_w = 86, .box_w = 0, .box_h = 0, .ofs_x = 0, .ofs_y = 0},
    {.bitmap_index = 13074, .adv_w = 132, .box_w = 5, .box_h = 21, .ofs_x = 2, .ofs_y = -6},
    {.bitmap_index = 13127, .adv_w = 247, .box_w = 15, .box_h = 21, .ofs_x = 0, .ofs_y = -3},
    {.bitmap_index = 13285, .adv_w = 269, .box_w = 16, .box_h = 21, .ofs_x = 0, .ofs_y = 0},
    {.bitmap_index = 13453, .adv_w = 287, .box_w = 18, .box_h = 21, .ofs_x = 0, .ofs_y = 0},
    {.bitmap_index = 13642, .adv_w = 233, .box_w = 14, .box_h = 22, .ofs_x = 0, .ofs_y = -1},
    {.bitmap_index = 13796, .adv_w = 218, .box_w = 11, .box_h = 5, .ofs_x = 1, .ofs_y = 17},
    {.bitmap_index = 13824, .adv_w = 369, .box_w = 22, .box_h = 22, .ofs_x = 1, .ofs_y = 0},
    {.bitmap_index = 14066, .adv_w = 168, .box_w = 9, .box_h = 10, .ofs_x = 1, .ofs_y = 11},
    {.bitmap_index = 14111, .adv_w = 245, .box_w = 13, .box_h = 11, .ofs_x = 1, .ofs_y = 2},
    {.bitmap_index = 14183, .adv_w = 369, .box_w = 22, .box_h = 22, .ofs_x = 1, .ofs_y = 0},
    {.bitmap_index = 14425, .adv_w = 184, .box_w = 11, .box_h = 3, .ofs_x = 1, .ofs_y = 18},
    {.bitmap_index = 14442, .adv_w = 167, .box_w = 9, .box_h = 8, .ofs_x = 1, .ofs_y = 13},
    {.bitmap_index = 14478, .adv_w = 159, .box_w = 9, .box_h = 5, .ofs_x = 1, .ofs_y = 17},
    {.bitmap_index = 14501, .adv_w = 297, .box_w = 17, .box_h = 25, .ofs_x = 0, .ofs_y = -4},
    {.bitmap_index = 14714, .adv_w = 65, .box_w = 5, .box_h = 5, .ofs_x = 0, .ofs_y = 9},
    {.bitmap_index = 14727, .adv_w = 135, .box_w = 8, .box_h = 7, .ofs_x = 1, .ofs_y = -6},
    {.bitmap_index = 14755, .adv_w = 184, .box_w = 10, .box_h = 10, .ofs_x = 1, .ofs_y = 11},
    {.bitmap_index = 14805, .adv_w = 245, .box_w = 13, .box_h = 11, .ofs_x = 1, .ofs_y = 2},
    {.bitmap_index = 14877, .adv_w = 260, .box_w = 16, .box_h = 21, .ofs_x = 0, .ofs_y = -6},
    {.bitmap_index = 15045, .adv_w = 328, .box_w = 20, .box_h = 28, .ofs_x = 0, .ofs_y = 0},
    {.bitmap_index = 15325, .adv_w = 328, .box_w = 20, .box_h = 28, .ofs_x = 0, .ofs_y = 0},
    {.bitmap_index = 15605, .adv_w = 328, .box_w = 20, .box_h = 28, .ofs_x = 0, .ofs_y = 0},
    {.bitmap_index = 15885, .adv_w = 328, .box_w = 20, .box_h = 28, .ofs_x = 0, .ofs_y = 0},
    {.bitmap_index = 16165, .adv_w = 328, .box_w = 20, .box_h = 28, .ofs_x = 0, .ofs_y = 0},
    {.bitmap_index = 16445, .adv_w = 328, .box_w = 20, .box_h = 28, .ofs_x = 0, .ofs_y = 0},
    {.bitmap_index = 16725, .adv_w = 433, .box_w = 26, .box_h = 21, .ofs_x = 0, .ofs_y = 0},
    {.bitmap_index = 16998, .adv_w = 335, .box_w = 20, .box_h = 27, .ofs_x = 1, .ofs_y = -6},
    {.bitmap_index = 17268, .adv_w = 282, .box_w = 16, .box_h = 28, .ofs_x = 1, .ofs_y = 0},
    {.bitmap_index = 17492, .adv_w = 282, .box_w = 16, .box_h = 28, .ofs_x = 1, .ofs_y = 0},
    {.bitmap_index = 17716, .adv_w = 282, .box_w = 16, .box_h = 28, .ofs_x = 1, .ofs_y = 0},
    {.bitmap_index = 17940, .adv_w = 282, .box_w = 16, .box_h = 28, .ofs_x = 1, .ofs_y = 0},
    {.bitmap_index = 18164, .adv_w = 114, .box_w = 9, .box_h = 28, .ofs_x = -2, .ofs_y = 0},
    {.bitmap_index = 18290, .adv_w = 114, .box_w = 8, .box_h = 28, .ofs_x = 1, .ofs_y = 0},
    {.bitmap_index = 18402, .adv_w = 114, .box_w = 12, .box_h = 28, .ofs_x = -2, .ofs_y = 0},
    {.bitmap_index = 18570, .adv_w = 114, .box_w = 11, .box_h = 28, .ofs_x = -2, .ofs_y = 0},
    {.bitmap_index = 18724, .adv_w = 343, .box_w = 21, .box_h = 21, .ofs_x = 0, .ofs_y = 0},
    {.bitmap_index = 18945, .adv_w = 325, .box_w = 18, .box_h = 28, .ofs_x = 1, .ofs_y = 0},
    {.bitmap_index = 19197, .adv_w = 356, .box_w = 21, .box_h = 28, .ofs_x = 1, .ofs_y = 0},
    {.bitmap_index = 19491, .adv_w = 356, .box_w = 21, .box_h = 28, .ofs_x = 1, .ofs_y = 0},
    {.bitmap_index = 19785, .adv_w = 356, .box_w = 21, .box_h = 28, .ofs_x = 1, .ofs_y = 0},
    {.bitmap_index = 20079, .adv_w = 356, .box_w = 21, .box_h = 28, .ofs_x = 1, .ofs_y = 0},
    {.bitmap_index = 20373, .adv_w = 356, .box_w = 21, .box_h = 28, .ofs_x = 1, .ofs_y = 0},
    {.bitmap_index = 20667, .adv_w = 244, .box_w = 13, .box_h = 14, .ofs_x = 1, .ofs_y = 4},
    {.bitmap_index = 20758, .adv_w = 356, .box_w = 21, .box_h = 22, .ofs_x = 1, .ofs_y = -1},
    {.bitmap_index = 20989, .adv_w = 315, .box_w = 18, .box_h = 28, .ofs_x = 1, .ofs_y = 0},
    {.bitmap_index = 21241, .adv_w = 315, .box_w = 18, .box_h = 28, .ofs_x = 1, .ofs_y = 0},
    {.bitmap_index = 21493, .adv_w = 315, .box_w = 18, .box_h = 28, .ofs_x = 1, .ofs_y = 0},
    {.bitmap_index = 21745, .adv_w = 315, .box_w = 18, .box_h = 28, .ofs_x = 1, .ofs_y = 0},
    {.bitmap_index = 21997, .adv_w = 314, .box_w = 20, .box_h = 28, .ofs_x = 0, .ofs_y = 0},
    {.bitmap_index = 22277, .adv_w = 297, .box_w = 17, .box_h = 21, .ofs_x = 1, .ofs_y = 0},
    {.bitmap_index = 22456, .adv_w = 283, .box_w = 16, .box_h = 21, .ofs_x = 1, .ofs_y = 0},
    {.bitmap_index = 22624, .adv_w = 250, .box_w = 14, .box_h = 21, .ofs_x = 1, .ofs_y = 0},
    {.bitmap_index = 22771, .adv_w = 250, .box_w = 14, .box_h = 21, .ofs_x = 1, .ofs_y = 0},
    {.bitmap_index = 22918, .adv_w = 250, .box_w = 14, .box_h = 21, .ofs_x = 1, .ofs_y = 0},
    {.bitmap_index = 23065, .adv_w = 250, .box_w = 14, .box_h = 21, .ofs_x = 1, .ofs_y = 0},
    {.bitmap_index = 23212, .adv_w = 250, .box_w = 14, .box_h = 21, .ofs_x = 1, .ofs_y = 0},
    {.bitmap_index = 23359, .adv_w = 250, .box_w = 14, .box_h = 23, .ofs_x = 1, .ofs_y = 0},
    {.bitmap_index = 23520, .adv_w = 394, .box_w = 23, .box_h = 15, .ofs_x = 1, .ofs_y = 0},
    {.bitmap_index = 23693, .adv_w = 247, .box_w = 15, .box_h = 21, .ofs_x = 0, .ofs_y = -6},
    {.bitmap_index = 23851, .adv_w = 256, .box_w = 16, .box_h = 21, .ofs_x = 0, .ofs_y = 0},
    {.bitmap_index = 24019, .adv_w = 256, .box_w = 16, .box_h = 21, .ofs_x = 0, .ofs_y = 0},
    {.bitmap_index = 24187, .adv_w = 256, .box_w = 16, .box_h = 21, .ofs_x = 0, .ofs_y = 0},
    {.bitmap_index = 24355, .adv_w = 256, .box_w = 16, .box_h = 21, .ofs_x = 0, .ofs_y = 0},
    {.bitmap_index = 24523, .adv_w = 116, .box_w = 9, .box_h = 21, .ofs_x = -2, .ofs_y = 0},
    {.bitmap_index = 24618, .adv_w = 116, .box_w = 8, .box_h = 21, .ofs_x = 1, .ofs_y = 0},
    {.bitmap_index = 24702, .adv_w = 116, .box_w = 12, .box_h = 21, .ofs_x = -2, .ofs_y = 0},
    {.bitmap_index = 24828, .adv_w = 116, .box_w = 11, .box_h = 21, .ofs_x = -2, .ofs_y = 0},
    {.bitmap_index = 24944, .adv_w = 272, .box_w = 17, .box_h = 22, .ofs_x = 0, .ofs_y = 0},
    {.bitmap_index = 25131, .adv_w = 274, .box_w = 15, .box_h = 21, .ofs_x = 1, .ofs_y = 0},
    {.bitmap_index = 25289, .adv_w = 267, .box_w = 16, .box_h = 21, .ofs_x = 0, .ofs_y = 0},
    {.bitmap_index = 25457, .adv_w = 267, .box_w = 16, .box_h = 21, .ofs_x = 0, .ofs_y = 0},
    {.bitmap_index = 25625, .adv_w = 267, .box_w = 16, .box_h = 21, .ofs_x = 0, .ofs_y = 0},
    {.bitmap_index = 25793, .adv_w = 267, .box_w = 16, .box_h = 21, .ofs_x = 0, .ofs_y = 0},
    {.bitmap_index = 25961, .adv_w = 267, .box_w = 16, .box_h = 21, .ofs_x = 0, .ofs_y = 0},
    {.bitmap_index = 26129, .adv_w = 244, .box_w = 13, .box_h = 14, .ofs_x = 1, .ofs_y = 4},
    {.bitmap_index = 26220, .adv_w = 267, .box_w = 16, .box_h = 17, .ofs_x = 0, .ofs_y = -1},
    {.bitmap_index = 26356, .adv_w = 271, .box_w = 15, .box_h = 21, .ofs_x = 1, .ofs_y = 0},
    {.bitmap_index = 26514, .adv_w = 271, .box_w = 15, .box_h = 21, .ofs_x = 1, .ofs_y = 0},
    {.bitmap_index = 26672, .adv_w = 271, .box_w = 15, .box_h = 21, .ofs_x = 1, .ofs_y = 0},
    {.bitmap_index = 26830, .adv_w = 271, .box_w = 15, .box_h = 21, .ofs_x = 1, .ofs_y = 0},
    {.bitmap_index = 26988, .adv_w = 240, .box_w = 15, .box_h = 27, .ofs_x = 0, .ofs_y = -6},
    {.bitmap_index = 27191, .adv_w = 278, .box_w = 16, .box_h = 27, .ofs_x = 1, .ofs_y = -6},
    {.bitmap_index = 27407, .adv_w = 240, .box_w = 15, .box_h = 27, .ofs_x = 0, .ofs_y = -6},
    {.bitmap_index = 27610, .adv_w = 268, .box_w = 14, .box_h = 3, .ofs_x = 1, .ofs_y = 6},
    {.bitmap_index = 27631, .adv_w = 403, .box_w = 23, .box_h = 3, .ofs_x = 1, .ofs_y = 6},
    {.bitmap_index = 27666, .adv_w = 123, .box_w = 5, .box_h = 9, .ofs_x = 1, .ofs_y = 13},
    {.bitmap_index = 27689, .adv_w = 123, .box_w = 5, .box_h = 9, .ofs_x = 1, .ofs_y = 12},
    {.bitmap_index = 27712, .adv_w = 121, .box_w = 5, .box_h = 10, .ofs_x = 1, .ofs_y = -6},
    {.bitmap_index = 27737, .adv_w = 211, .box_w = 11, .box_h = 9, .ofs_x = 1, .ofs_y = 13},
    {.bitmap_index = 27787, .adv_w = 211, .box_w = 11, .box_h = 9, .ofs_x = 1, .ofs_y = 12},
    {.bitmap_index = 27837, .adv_w = 208, .box_w = 11, .box_h = 10, .ofs_x = 1, .ofs_y = -6},
    {.bitmap_index = 27892, .adv_w = 151, .box_w = 7, .box_h = 6, .ofs_x = 1, .ofs_y = 8},
    {.bitmap_index = 27913, .adv_w = 326, .box_w = 18, .box_h = 5, .ofs_x = 1, .ofs_y = 0},
    {.bitmap_index = 27958, .adv_w = 448, .box_w = 28, .box_h = 29, .ofs_x = 0, .ofs_y = -4},
    {.bitmap_index = 28364, .adv_w = 448, .box_w = 28, .box_h = 21, .ofs_x = 0, .ofs_y = 0},
    {.bitmap_index = 28658, .adv_w = 448, .box_w = 28, .box_h = 25, .ofs_x = 0, .ofs_y = -2},
    {.bitmap_index = 29008, .adv_w = 448, .box_w = 28, .box_h = 21, .ofs_x = 0, .ofs_y = 0},
    {.bitmap_index = 29302, .adv_w = 308, .box_w = 20, .box_h = 21, .ofs_x = 0, .ofs_y = 0},
    {.bitmap_index = 29512, .adv_w = 448, .box_w = 28, .box_h = 29, .ofs_x = 0, .ofs_y = -4},
    {.bitmap_index = 29918, .adv_w = 448, .box_w = 27, .box_h = 29, .ofs_x = 1, .ofs_y = -4},
    {.bitmap_index = 30310, .adv_w = 504, .box_w = 32, .box_h = 25, .ofs_x = 0, .ofs_y = -2},
    {.bitmap_index = 30710, .adv_w = 448, .box_w = 28, .box_h = 29, .ofs_x = 0, .ofs_y = -4},
    {.bitmap_index = 31116, .adv_w = 504, .box_w = 32, .box_h = 21, .ofs_x = 0, .ofs_y = 0},
    {.bitmap_index = 31452, .adv_w = 448, .box_w = 28, .box_h = 29, .ofs_x = 0, .ofs_y = -4},
    {.bitmap_index = 31858, .adv_w = 224, .box_w = 14, .box_h = 23, .ofs_x = 0, .ofs_y = -1},
    {.bitmap_index = 32019, .adv_w = 336, .box_w = 21, .box_h = 23, .ofs_x = 0, .ofs_y = -1},
    {.bitmap_index = 32261, .adv_w = 504, .box_w = 32, .box_h = 27, .ofs_x = 0, .ofs_y = -3},
    {.bitmap_index = 32693, .adv_w = 448, .box_w = 28, .box_h = 21, .ofs_x = 0, .ofs_y = 0},
    {.bitmap_index = 32987, .adv_w = 308, .box_w = 20, .box_h = 29, .ofs_x = 0, .ofs_y = -4},
    {.bitmap_index = 33277, .adv_w = 392, .box_w = 18, .box_h = 26, .ofs_x = 3, .ofs_y = -3},
    {.bitmap_index = 33511, .adv_w = 392, .box_w = 25, .box_h = 29, .ofs_x = 0, .ofs_y = -4},
    {.bitmap_index = 33874, .adv_w = 392, .box_w = 25, .box_h = 25, .ofs_x = 0, .ofs_y = -2},
    {.bitmap_index = 34187, .adv_w = 392, .box_w = 25, .box_h = 25, .ofs_x = 0, .ofs_y = -2},
    {.bitmap_index = 34500, .adv_w = 392, .box_w = 18, .box_h = 26, .ofs_x = 3, .ofs_y = -3},
    {.bitmap_index = 34734, .adv_w = 392, .box_w = 26, .box_h = 25, .ofs_x = -1, .ofs_y = -2},
    {.bitmap_index = 35059, .adv_w = 280, .box_w = 16, .box_h = 25, .ofs_x = 1, .ofs_y = -2},
    {.bitmap_index = 35259, .adv_w = 280, .box_w = 16, .box_h = 25, .ofs_x = 1, .ofs_y = -2},
    {.bitmap_index = 35459, .adv_w = 392, .box_w = 25, .box_h = 25, .ofs_x = 0, .ofs_y = -2},
    {.bitmap_index = 35772, .adv_w = 392, .box_w = 25, .box_h = 7, .ofs_x = 0, .ofs_y = 7},
    {.bitmap_index = 35860, .adv_w = 504, .box_w = 32, .box_h = 21, .ofs_x = 0, .ofs_y = 0},
    {.bitmap_index = 36196, .adv_w = 560, .box_w = 35, .box_h = 29, .ofs_x = 0, .ofs_y = -4},
    {.bitmap_index = 36704, .adv_w = 504, .box_w = 33, .box_h = 29, .ofs_x = -1, .ofs_y = -4},
    {.bitmap_index = 37183, .adv_w = 448, .box_w = 28, .box_h = 25, .ofs_x = 0, .ofs_y = -2},
    {.bitmap_index = 37533, .adv_w = 392, .box_w = 25, .box_h = 15, .ofs_x = 0, .ofs_y = 3},
    {.bitmap_index = 37721, .adv_w = 392, .box_w = 25, .box_h = 15, .ofs_x = 0, .ofs_y = 3},
    {.bitmap_index = 37909, .adv_w = 560, .box_w = 35, .box_h = 22, .ofs_x = 0, .ofs_y = 0},
    {.bitmap_index = 38294, .adv_w = 448, .box_w = 28, .box_h = 21, .ofs_x = 0, .ofs_y = 0},
    {.bitmap_index = 38588, .adv_w = 448, .box_w = 28, .box_h = 29, .ofs_x = 0, .ofs_y = -4},
    {.bitmap_index = 38994, .adv_w = 448, .box_w = 29, .box_h = 29, .ofs_x = -1, .ofs_y = -4},
    {.bitmap_index = 39415, .adv_w = 392, .box_w = 25, .box_h = 25, .ofs_x = 0, .ofs_y = -2},
    {.bitmap_index = 39728, .adv_w = 392, .box_w = 25, .box_h = 29, .ofs_x = 0, .ofs_y = -4},
    {.bitmap_index = 40091, .adv_w = 392, .box_w = 25, .box_h = 25, .ofs_x = 0, .ofs_y = -2},
    {.bitmap_index = 40404, .adv_w = 392, .box_w = 25, .box_h = 23, .ofs_x = 0, .ofs_y = -1},
    {.bitmap_index = 40692, .adv_w = 448, .box_w = 28, .box_h = 21, .ofs_x = 0, .ofs_y = 0},
    {.bitmap_index = 40986, .adv_w = 280, .box_w = 19, .box_h = 29, .ofs_x = -1, .ofs_y = -4},
    {.bitmap_index = 41262, .adv_w = 392, .box_w = 25, .box_h = 29, .ofs_x = 0, .ofs_y = -4},
    {.bitmap_index = 41625, .adv_w = 392, .box_w = 25, .box_h = 29, .ofs_x = 0, .ofs_y = -4},
    {.bitmap_index = 41988, .adv_w = 504, .box_w = 32, .box_h = 21, .ofs_x = 0, .ofs_y = 0},
    {.bitmap_index = 42324, .adv_w = 448, .box_w = 30, .box_h = 29, .ofs_x = -1, .ofs_y = -4},
    {.bitmap_index = 42759, .adv_w = 336, .box_w = 21, .box_h = 29, .ofs_x = 0, .ofs_y = -4},
    {.bitmap_index = 43064, .adv_w = 560, .box_w = 35, .box_h = 26, .ofs_x = 0, .ofs_y = -2},
    {.bitmap_index = 43519, .adv_w = 560, .box_w = 35, .box_h = 19, .ofs_x = 0, .ofs_y = 1},
    {.bitmap_index = 43852, .adv_w = 560, .box_w = 35, .box_h = 19, .ofs_x = 0, .ofs_y = 1},
    {.bitmap_index = 44185, .adv_w = 560, .box_w = 35, .box_h = 19, .ofs_x = 0, .ofs_y = 1},
    {.bitmap_index = 44518, .adv_w = 560, .box_w = 35, .box_h = 19, .ofs_x = 0, .ofs_y = 1},
    {.bitmap_index = 44851, .adv_w = 560, .box_w = 35, .box_h = 19, .ofs_x = 0, .ofs_y = 1},
    {.bitmap_index = 45184, .adv_w = 560, .box_w = 36, .box_h = 23, .ofs_x = 0, .ofs_y = -1},
    {.bitmap_index = 45598, .adv_w = 392, .box_w = 22, .box_h = 29, .ofs_x = 1, .ofs_y = -4},
    {.bitmap_index = 45917, .adv_w = 392, .box_w = 25, .box_h = 29, .ofs_x = 0, .ofs_y = -4},
    {.bitmap_index = 46280, .adv_w = 448, .box_w = 29, .box_h = 29, .ofs_x = -1, .ofs_y = -4},
    {.bitmap_index = 46701, .adv_w = 560, .box_w = 35, .box_h = 21, .ofs_x = 0, .ofs_y = 0},
    {.bitmap_index = 47069, .adv_w = 336, .box_w = 21, .box_h = 29, .ofs_x = 0, .ofs_y = -4},
    {.bitmap_index = 47374, .adv_w = 451, .box_w = 29, .box_h = 19, .ofs_x = 0, .ofs_y = 1}
};

/*---------------------
 *  CHARACTER MAPPING
 *--------------------*/

static const uint8_t glyph_id_ofs_list_1[] = {
    0, 1, 2, 3, 0, 4, 0, 5,
    6, 7, 8, 9, 0, 0, 10, 11,
    12, 0, 0, 0, 13, 0, 14, 15,
    16, 0, 17, 18
};

static const uint16_t unicode_list_3[] = {
    0x0, 0x1, 0x5, 0x6, 0x7, 0x9, 0xa, 0xb,
    0xf, 0x13, 0xcfee, 0xcff5, 0xcff8, 0xcff9, 0xcffa, 0xcffe,
    0xd000, 0xd002, 0xd006, 0xd009, 0xd00e, 0xd013, 0xd014, 0xd015,
    0xd02b, 0xd030, 0xd035, 0xd038, 0xd039, 0xd03a, 0xd03e, 0xd03f,
    0xd040, 0xd041, 0xd054, 0xd055, 0xd05b, 0xd05d, 0xd05e, 0xd061,
    0xd064, 0xd065, 0xd066, 0xd068, 0xd080, 0xd082, 0xd0b1, 0xd0b2,
    0xd0b4, 0xd0b6, 0xd0cd, 0xd0d4, 0xd0d7, 0xd0e0, 0xd109, 0xd111,
    0xd148, 0xd1d8, 0xd22d, 0xd22e, 0xd22f, 0xd230, 0xd231, 0xd274,
    0xd280, 0xd2da, 0xd2f1, 0xd547, 0xd7af, 0xd88f
};

/*Collect the unicode lists and glyph_id offsets*/
static const lv_font_fmt_txt_cmap_t cmaps[] =
{
    {
        .range_start = 32, .range_length = 95, .glyph_id_start = 1,
        .unicode_list = NULL, .glyph_id_ofs_list = NULL, .list_length = 0, .type = LV_FONT_FMT_TXT_CMAP_FORMAT0_TINY
    },
    {
        .range_start = 160, .range_length = 28, .glyph_id_start = 96,
        .unicode_list = NULL, .glyph_id_ofs_list = glyph_id_ofs_list_1, .list_length = 28, .type = LV_FONT_FMT_TXT_CMAP_FORMAT0_FULL
    },
    {
        .range_start = 191, .range_length = 65, .glyph_id_start = 115,
        .unicode_list = NULL, .glyph_id_ofs_list = NULL, .list_length = 0, .type = LV_FONT_FMT_TXT_CMAP_FORMAT0_TINY
    },
    {
        .range_start = 8211, .range_length = 55440, .glyph_id_start = 180,
        .unicode_list = unicode_list_3, .glyph_id_ofs_list = NULL, .list_length = 70, .type = LV_FONT_FMT_TXT_CMAP_SPARSE_TINY
    }
};

/*-----------------
 *    KERNING
 *----------------*/


/*Map glyph_ids to kern left classes*/
static const uint8_t kern_left_class_mapping[] =
{
    0, 0, 1, 2, 3, 4, 5, 6,
    7, 8, 9, 10, 11, 12, 13, 14,
    15, 16, 17, 18, 19, 20, 21, 22,
    23, 24, 25, 26, 27, 28, 29, 30,
    31, 32, 33, 34, 35, 36, 37, 38,
    39, 0, 0, 40, 41, 42, 0, 0,
    43, 44, 45, 46, 47, 48, 49, 50,
    51, 52, 53, 54, 55, 56, 0, 57,
    58, 0, 59, 60, 61, 0, 62, 63,
    0, 64, 65, 66, 67, 0, 68, 69,
    70, 71, 0, 72, 73, 74, 75, 76,
    77, 78, 79, 80, 81, 0, 82, 83,
    0, 84, 85, 86, 87, 0, 0, 88,
    89, 90, 91, 0, 92, 0, 0, 0,
    0, 93, 94, 95, 96, 97, 96, 96,
    96, 96, 98, 99, 100, 100, 100, 100,
    101, 102, 103, 104, 105, 101, 106, 106,
    106, 106, 106, 107, 108, 109, 109, 109,
    109, 110, 111, 112, 113, 114, 115, 115,
    115, 115, 116, 117, 118, 119, 120, 121,
    122, 123, 124, 125, 126, 127, 128, 129,
    128, 128, 129, 130, 131, 132, 133, 132,
    132, 134, 135, 136, 137, 138, 139, 140,
    141, 142, 143, 144, 145, 146, 0, 0,
    0, 0, 0, 0, 0, 0, 0, 0,
    0, 0, 0, 0, 0, 0, 0, 0,
    0, 0, 0, 0, 0, 0, 0, 0,
    0, 0, 0, 0, 0, 0, 0, 0,
    0, 0, 0, 0, 0, 0, 0, 0,
    0, 0, 0, 0, 0, 0, 0, 0,
    0, 0, 0, 0, 0, 0, 0, 0,
    0, 0
};

/*Map glyph_ids to kern right classes*/
static const uint8_t kern_right_class_mapping[] =
{
    0, 0, 1, 2, 3, 4, 5, 6,
    7, 8, 9, 10, 11, 12, 13, 14,
    15, 16, 17, 18, 19, 20, 21, 22,
    23, 24, 25, 26, 26, 27, 28, 29,
    30, 31, 32, 33, 34, 0, 0, 0,
    35, 0, 0, 36, 0, 0, 0, 0,
    37, 0, 38, 39, 40, 41, 42, 43,
    44, 45, 46, 47, 0, 48, 49, 50,
    51, 0, 52, 0, 53, 54, 55, 56,
    57, 0, 58, 59, 0, 0, 60, 60,
    61, 60, 62, 63, 64, 65, 66, 67,
    68, 69, 70, 71, 0, 0, 72, 73,
    0, 74, 75, 76, 0, 77, 0, 78,
    79, 80, 81, 0, 82, 0, 0, 0,
    0, 83, 84, 85, 86, 87, 86, 88,
    86, 86, 87, 89, 39, 39, 39, 39,
    90, 39, 91, 92, 93, 39, 89, 89,
    89, 89, 89, 94, 95, 42, 42, 42,
    42, 96, 39, 97, 98, 99, 100, 101,
    102, 103, 104, 105, 106, 107, 108, 108,
    109, 110, 111, 112, 113, 97, 108, 114,
    108, 108, 115, 11, 116, 117, 118, 119,
    120, 121, 122, 123, 124, 125, 126, 127,
    0, 128, 129, 130, 131, 132, 0, 0,
    0, 0, 0, 0, 0, 0, 0, 0,
    0, 0, 0, 0, 0, 0, 0, 0,
    0, 0, 0, 0, 0, 0, 0, 0,
    0, 0, 0, 0, 0, 0, 0, 0,
    0, 0, 0, 0, 0, 0, 0, 0,
    0, 0, 0, 0, 0, 0, 0, 0,
    0, 0, 0, 0, 0, 0, 0, 0,
    0, 0
};

/*Kern values between classes*/
static const int8_t kern_class_values[] =
{
    -14, -18, 0, 0, 0, 0, -18, 0,
    -20, -17, 0, -19, -30, -19, 0, -10,
    -9, -6, -11, -16, -13, -10, -11, -9,
    -7, -13, 0, 0, 0, -17, 0, -13,
    -9, -10, -10, -6, -10, -10, -9, -13,
    -12, -10, -15, -15, -15, -13, -13, 0,
    -19, 0, 0, -13, -10, -10, -10, -9,
    -11, -9, -11, 0, -10, -10, 0, -9,
    -9, -12, -11, -12, -16, -11, -14, 0,
    0, 0, 0, 0, 0, 0, 0, -26,
    0, 0, 0, -20, 0, -13, -13, -13,
    -10, -9, 0, 0, 0, 0, 0, -13,
    0, 0, -13, 0, 0, 0, 0, -13,
    -10, -10, -10, 0, -11, -11, 0, 0,
    0, -10, 0, 0, -12, -12, -12, -12,
    -11, -11, -11, -30, -30, -19, -18, -19,
    -15, 0, 0, 0, -18, -13, -24, -21,
    -10, 0, -13, -32, -19, -13, -37, -61,
    -64, -61, -55, -22, -6, -11, -15, -51,
    -21, -22, -4, -17, -12, -28, 0, -23,
    0, 0, -26, -54, -12, -23, -23, -60,
    -23, -23, -12, -21, -6, -10, -9, -11,
    -15, -8, -15, 0, -15, 0, -101, -37,
    -36, -35, -36, -13, -35, -13, -14, 0,
    -36, -35, 0, -32, -13, -24, -13, -16,
    -27, -13, -25, 0, -45, -30, 0, 0,
    0, 0, 0, -55, 0, 0, 0, -37,
    -63, -54, -54, -54, -23, -12, 0, 0,
    0, 0, -23, -8, -26, -28, -37, -28,
    -28, -28, -28, -37, -36, -36, -36, -32,
    -14, -14, 5, 0, 0, -36, -32, -36,
    -24, -24, -24, -24, -13, -14, -13, -53,
    -65, -15, -14, -15, 0, 0, 0, -101,
    0, 0, 0, 0, 0, 0, 0, 0,
    -36, 0, 0, 0, 0, 0, 0, 0,
    0, 0, 0, -8, -10, 0, -21, 0,
    0, 0, 0, 0, 0, 0, 0, -28,
    0, 0, 0, -30, 0, 0, 0, 0,
    -21, 0, 0, 0, 0, 0, 0, 0,
    0, 0, 0, -13, 0, 0, 0, 0,
    0, 0, 0, 0, 0, 0, 0, 0,
    0, 0, 0, 0, 0, 0, 0, 0,
    0, 0, 0, 0, 0, 0, 0, 0,
    0, 0, 0, 0, 0, 0, 0, 0,
    0, 0, 0, 0, 0, 0, 0, 0,
    0, 0, 0, 0, 0, 0, 0, 0,
    0, 0, 0, 0, 0, 0, 0, 0,
    0, 0, 0, 0, 0, 0, 0, 0,
    0, 0, 0, 0, 0, 0, 0, 0,
    0, 0, 0, 0, -8, -16, 0, 0,
    0, 0, -16, -8, -31, -10, -19, -14,
    -11, -14, -17, 3, -1, 1, 0, 0,
    -1, 3, -14, 6, 0, -8, 0, 0,
    0, 0, 0, 0, 0, 0, 0, 0,
    0, 0, 0, 0, 0, 0, 0, 0,
    0, 0, 0, 0, -22, 0, 0, 0,
    0, 0, 0, 0, 0, 0, 0, 0,
    0, 0, 0, 0, 0, 0, 0, 0,
    0, 0, 0, 0, 0, 0, 0, 0,
    0, 0, 0, -8, 0, 0, 0, -17,
    0, 0, 0, 0, 0, 0, 0, 0,
    0, 0, 0, 0, 0, 0, 0, 0,
    0, 0, 0, 0, 0, 0, 0, 0,
    0, 0, 0, 0, 0, 0, 0, 0,
    0, 0, 0, 0, 0, 0, 0, 0,
    0, -12, -14, -12, 0, 0, 0, 0,
    -12, -24, 0, 0, 0, 0, -24, 0,
    -22, -30, 0, -13, -16, -13, -18, 0,
    0, 0, 0, 0, 0, 0, 0, 0,
    0, -10, 0, 0, 0, 0, 0, 0,
    0, 0, 0, 0, 0, 0, 0, 0,
    0, 0, 0, 0, 0, 0, 0, 0,
    -20, 0, 0, 0, 0, 0, 0, 0,
    0, 0, 0, 0, 0, 0, 0, 0,
    0, 0, 0, 0, 0, 0, 0, 0,
    0, 0, 0, 0, 0, 0, 0, -11,
    0, 0, 0, -16, 0, 0, 0, 0,
    0, 0, 0, 0, 0, 0, 0, 0,
    0, 0, 0, 0, 0, 0, 0, 0,
    0, 0, 0, 0, 0, 0, 0, 0,
    0, 0, 0, 0, 0, 0, 0, 0,
    0, 0, 0, -16, -16, -34, -25, -34,
    0, 0, 0, 0, 0, 0, 0, 0,
    0, 0, 0, 0, 0, 0, 0, 0,
    0, 0, 0, 0, -28, 0, 0, 0,
    0, 0, 0, 0, 0, 0, 0, 0,
    0, 0, 0, 0, -6, -12, -12, 0,
    -12, 0, 0, -20, -53, 0, -42, -39,
    0, -56, 0, 0, 0, 0, 0, -12,
    0, 0, 0, 0, 0, 0, 0, 0,
    0, 0, 0, 0, -14, 0, 0, 0,
    0, 0, 0, 0, 0, 0, 0, 0,
    0, 0, 0, 0, 0, 0, 0, 0,
    0, 0, 0, 0, 0, 0, 0, 0,
    0, 0, 0, 0, 0, 0, 0, 0,
    0, 0, 0, 0, 0, 0, 0, 0,
    0, 0, 0, 0, 0, 0, 0, 0,
    0, 0, 0, 0, 0, 0, 0, 0,
    0, 0, 0, 0, 0, 0, 0, 0,
    -18, -13, 0, 0, -10, 0, -13, -32,
    -19, -13, -37, -57, -52, -57, -55, -22,
    -6, -11, -15, -51, -21, -22, -4, -17,
    -12, -28, 0, 0, 0, 0, 0, -54,
    -12, -23, -23, -53, -23, -23, -12, -21,
    -6, -10, -9, -11, -15, -8, -15, 0,
    -15, 0, -57, -37, -36, -35, -36, -13,
    -35, -13, -14, 0, -36, -35, 0, -32,
    -13, -26, -13, -16, -27, -13, -25, 0,
    0, 0, 0, 0, 0, 0, 0, -55,
    0, 0, 0, -37, 0, -54, -54, -54,
    -23, -12, -4, 0, 0, 0, -23, -8,
    -26, -28, -37, -28, -28, -28, -28, -37,
    -36, -36, -36, -32, 1, -14, 5, 0,
    0, -36, -32, 0, -24, -24, -24, -24,
    -13, -14, -13, -53, -53, -15, -14, -15,
    0, 0, 0, 0, -19, -18, -45, -35,
    -26, -41, -18, -49, -13, -28, -59, -36,
    -62, -36, -17, -40, -33, -26, -32, -47,
    -28, -40, -11, -32, -30, -34, -57, -49,
    -43, -34, -47, -28, -17, -44, -44, -26,
    -44, -44, -17, -35, -12, -17, -13, -17,
    -14, -9, -16, 0, -13, -46, 0, -41,
    -43, -43, -43, -38, -21, -17, 0, 0,
    -43, -43, 0, -40, -41, -43, -41, -44,
    -30, -34, -32, 0, -65, 0, -43, -29,
    -28, -45, 0, -58, -45, -27, 0, -46,
    0, -28, -28, -28, -44, -17, -1, 0,
    -20, -48, -38, -9, -34, -25, -41, -25,
    -25, -25, -25, -41, -43, -43, -43, -32,
    -17, -17, -9, 0, -34, -43, -32, -34,
    -43, -43, -43, -34, -34, -17, -34, -62,
    -62, -32, -19, -32, -17, -18, -53, -34,
    -20, -32, 0, 0, 0, 0, -32, -17,
    -49, -27, -18, -31, -22, -31, -31, -6,
    -13, -15, -14, -13, -13, -6, -32, -9,
    -9, -16, 0, -17, 0, 0, 0, -25,
    -12, -8, -8, -20, -8, -8, -12, -13,
    -33, -10, -30, -30, -33, -38, -25, 0,
    -41, -30, 0, -13, -7, -7, -7, -9,
    -7, -12, -13, 0, -7, -7, 0, -9,
    -9, -12, -10, -11, -23, -10, -17, -38,
    0, 0, 0, 0, 0, 0, 0, -20,
    0, 0, 0, -24, 0, -25, -25, -25,
    -8, -12, 0, 0, 0, -21, 0, -38,
    -13, -13, -13, -13, -13, -13, -13, -13,
    -7, -7, -7, -7, -13, -13, 0, 0,
    0, -7, -7, 0, -12, -12, -12, -12,
    -10, -13, -10, -22, -22, -25, -26, -25,
    -25, 0, 0, 0, -17, -13, 0, 0,
    0, 0, -13, -27, -28, -9, 0, -61,
    -57, -61, -52, -13, -2, -5, -9, -50,
    -19, -13, -5, -10, -4, -22, 0, 0,
    0, 0, 0, -52, -10, -15, -15, -58,
    -15, -15, -10, -14, -7, -9, -12, -13,
    -22, -13, -16, 0, -18, 0, 0, -34,
    -34, -34, -34, -5, -33, -11, -12, 0,
    -34, -34, 0, -29, -5, -18, -4, -9,
    -21, -4, -17, 0, 0, 0, 0, 0,
    0, 0, 0, -53, 0, 0, 0, -34,
    0, -52, -52, -52, -15, -10, 0, 0,
    0, 0, 0, -13, 0, 0, -34, 0,
    0, 0, 0, -34, -34, -34, -34, 0,
    -12, -12, 0, 0, 0, -34, 0, 0,
    -18, -18, -18, -18, -4, -12, -4, -60,
    -60, -10, -13, -10, 0, 0, 0, 0,
    -23, -36, 0, 0, 0, 0, -36, -19,
    -59, -34, -12, -61, -26, -61, -41, -7,
    -17, -35, -34, -21, -17, -7, -52, -17,
    -12, -14, 0, -20, 0, 0, 0, -38,
    -14, -8, -8, -50, -8, -8, -14, -25,
    -53, -12, -36, -33, -57, -49, -47, 0,
    -55, 0, 0, -17, -10, -10, -10, -9,
    -9, -15, -16, 0, -10, -10, 0, -11,
    -9, -14, -10, -11, -28, -10, -23, 0,
    0, 0, 0, 0, 0, 0, 0, -24,
    0, 0, 0, -18, 0, -38, -38, -38,
    -8, -14, 0, 0, 0, 0, 0, -49,
    0, -17, -17, -17, -17, -17, -17, -17,
    -10, -10, -10, -10, -16, -16, 0, 0,
    0, -10, -10, 0, -14, -14, -14, -14,
    -10, -16, -10, 0, 0, -28, -29, -28,
    0, 0, 0, 0, -19, -61, 0, 0,
    0, 0, -61, -31, -35, -61, 0, -17,
    -37, -17, -19, -24, -47, -8, -17, -20,
    -17, -24, -42, -16, -20, -14, 0, 0,
    0, 0, 0, -12, -16, -28, -28, -4,
    -28, -28, -16, -19, -61, -26, -61, -55,
    -15, -61, -13, 0, -26, 0, 0, -13,
    -17, -17, -17, -27, -17, 0, -17, 0,
    -17, -17, 0, -11, -34, -20, -40, -35,
    -15, -40, -14, 0, 0, 0, 0, 0,
    0, 0, 0, -32, 0, 0, 0, -23,
    0, -12, -12, -12, -28, -16, 0, 0,
    0, 0, 0, -61, 0, 0, -13, 0,
    0, 0, 0, -13, -17, -17, -17, 0,
    -17, -17, 0, 0, 0, -17, 0, 0,
    -20, -20, -20, -20, -40, -17, -40, -38,
    -38, -61, -61, -61, -61, 0, 0, 0,
    -29, -64, 0, -19, 0, 0, -52, -22,
    -62, -57, -26, -37, -20, -37, -37, -12,
    -47, -36, -18, -13, -21, -12, -53, -13,
    -22, -28, 0, 0, 0, -65, 0, -32,
    -18, -12, -12, -42, -12, -12, -18, -19,
    -69, -17, -47, -42, -46, -70, -35, 0,
    -60, 0, 0, -22, -9, -9, -9, -23,
    -9, -19, -20, 0, -9, -9, 0, -19,
    -25, -18, -25, -22, -46, -25, -33, -48,
    0, 0, 0, 0, 0, 0, 0, -19,
    0, 0, 0, -35, 0, -32, -32, -32,
    -12, -18, -18, -18, 0, 0, -13, -70,
    -20, -22, -22, -22, -22, -22, -22, -22,
    -9, -9, -9, -9, -20, -20, -20, -20,
    0, -9, -9, -9, -18, -18, -18, -18,
    -25, -20, -25, 0, 0, -50, -51, -50,
    -62, -47, 0, 0, -19, -61, 0, 0,
    0, 0, -61, -31, -35, -61, 0, -17,
    -37, -17, -19, -24, -47, -8, -17, -20,
    -17, -24, -42, -16, -20, -14, 0, 0,
    0, -56, 0, -12, -16, -28, -28, -4,
    -28, -28, -16, -19, -61, -26, -61, -55,
    -15, -61, -13, 0, -26, 0, 0, -13,
    -17, -17, -17, -27, -17, 0, -17, 0,
    -17, -17, 0, -11, -34, -20, -40, -35,
    -15, -40, -14, 0, 0, 0, 0, 0,
    0, 0, -61, -32, 0, 0, -61, -23,
    0, -12, -12, -12, -28, -16, 0, 0,
    0, 0, 0, -61, 0, 0, -13, 0,
    0, 0, 0, -13, -17, -17, -17, 0,
    -17, -17, 0, 0, 0, -17, 0, 0,
    -20, -20, -20, -20, -40, -17, -40, -38,
    -38, -61, -61, -61, -61, 0, 0, 0,
    -17, -14, 0, -23, -15, 0, -14, -35,
    -13, -17, -37, -60, -47, -60, -62, -22,
    -13, -18, -21, -41, -21, -22, -5, -20,
    -16, -32, 0, 0, 0, 0, 0, -56,
    -12, -24, -24, -47, -24, -24, -12, -23,
    -6, -9, -7, -10, -14, -4, -13, 0,
    -10, 0, 0, -37, -33, -33, -33, -19,
    -33, -13, -14, 0, -33, -33, 0, -33,
    -19, -30, -18, -21, -31, -18, -30, 0,
    0, 0, 0, 0, 0, 0, 0, -47,
    0, 0, 0, -38, 0, -56, -56, -56,
    -24, -12, 0, 0, 0, 0, -24, -4,
    -28, -25, -37, -25, -25, -25, -25, -37,
    -33, -33, -33, -25, -14, -14, 0, 0,
    0, -33, -25, -33, -30, -30, -30, -30,
    -18, -14, -18, -47, -47, -21, -14, -21,
    0, 0, 0, 0, -10, -22, 0, 0,
    -6, 0, -22, -7, -39, -12, -7, -26,
    -13, -26, -26, 5, -2, -3, -3, -3,
    -1, 7, -20, 2, 2, -7, 0, 0,
    0, 0, 0, -19, 0, 4, 4, -16,
    4, 4, 0, -1, -19, 0, -19, -17,
    -27, -23, -17, 0, -29, -20, -50, -4,
    0, 0, 0, 0, 0, -2, -2, 0,
    0, 0, 0, 0, 0, -1, -1, -1,
    -13, -1, -9, -29, -10, 0, 0, 0,
    0, 0, 0, -12, 0, -15, -10, -13,
    0, -19, -19, -19, 4, 0, 0, 0,
    0, -10, 0, -23, -3, -4, -4, -4,
    -4, -4, -4, -4, 0, 0, 0, 0,
    -2, -2, 4, 0, 0, 0, 0, 0,
    -1, -1, -1, -1, -1, -2, -1, -12,
    -12, -11, -15, -11, 0, 0, 0, 0,
    -9, -12, 0, 0, -2, 0, -12, -12,
    -17, -10, -14, -16, -18, -16, -16, 0,
    -1, 0, 0, -3, -3, 0, -2, -1,
    1, -7, 0, 0, 0, 0, 0, -7,
    -5, 0, 0, 0, 0, 0, 0, 0,
    0, 0, 0, 0, 0, 0, 0, 0,
    -14, 0, 0, -4, 0, 0, 0, 0,
    0, 0, 0, 0, 0, 0, 0, -1,
    0, 0, 0, 0, -10, 0, 0, -14,
    0, 0, 0, 0, 0, 0, -8, -16,
    0, -11, -9, -16, 0, 0, 0, 0,
    0, 0, 0, 0, 0, -12, 0, 0,
    0, 0, 0, 0, 0, 0, 0, 0,
    0, 0, 0, 0, 0, 0, 0, 0,
    0, 0, 0, 0, 0, 0, 0, 0,
    0, 0, 0, -18, -18, -13, -13, -13,
    0, 0, 0, 0, -2, -11, 0, 0,
    4, 0, -11, -10, -22, -4, -14, -6,
    -29, -6, -5, 1, 3, 5, 0, -5,
    0, 1, -3, 2, 8, -2, 0, 0,
    0, 0, 0, 0, 0, 0, 0, 0,
    0, 0, 0, 0, 0, 0, 0, 0,
    0, 0, 0, 0, -11, 0, 0, 0,
    0, 0, 0, 0, 0, 0, 0, 0,
    0, 0, 0, 0, 0, 0, 0, 0,
    0, 0, 0, 0, 0, 0, 0, 0,
    0, 0, 0, -27, 0, 0, 0, -9,
    0, 0, 0, 0, 0, 0, 0, 0,
    0, 0, 0, 0, 0, 0, 0, 0,
    0, 0, 0, 0, 0, 0, 0, 0,
    0, 0, 0, 0, 0, 0, 0, 0,
    0, 0, 0, 0, 0, 0, 0, -29,
    -29, -7, -9, -7, 0, 0, 0, 0,
    -7, -15, 0, 0, -4, 0, -15, -7,
    -30, -9, -16, -15, -12, -15, -18, 3,
    0, 2, 4, 0, 0, 3, -6, 7,
    5, -8, 0, 0, 0, 0, 0, -9,
    0, 2, 0, 0, 0, 0, 0, 0,
    0, 0, 0, 0, -13, 0, 0, 0,
    -20, 0, 0, 0, 0, 0, 0, 0,
    0, 0, 0, 0, 0, 0, 0, 0,
    0, 0, 0, 0, -12, 0, 0, -19,
    0, 0, 0, 0, 0, 0, -7, -9,
    0, -9, -6, -17, 0, 0, 0, 0,
    0, 0, 0, 0, 0, -6, 0, 0,
    0, 0, 0, 0, 0, 0, 0, 0,
    0, 0, 0, 0, 0, 0, 0, 0,
    0, 0, 0, 0, 0, 0, 0, 0,
    0, 0, 0, -13, -13, -11, -13, -11,
    0, 0, 0, 0, -13, -24, 0, 0,
    -14, 0, -24, -11, -28, -23, -22, -14,
    -13, -14, -18, 0, -11, -2, 0, 2,
    0, 0, -13, 1, 0, -11, 0, 0,
    0, 0, 0, -9, 0, 0, 0, 0,
    0, 0, 0, 0, -15, 0, -16, -16,
    -14, -15, 0, 0, -26, 0, 0, 0,
    0, 0, 0, 0, 0, 0, 0, 0,
    0, 0, 0, 0, -9, 0, 0, 0,
    -19, -10, 0, -22, 0, 0, 0, 0,
    0, 0, -19, -6, 0, -23, -21, -18,
    0, 0, 0, 0, 0, 0, 0, 0,
    0, -7, 0, 0, 0, 0, 0, 0,
    0, 0, 0, 0, 0, 0, 0, 0,
    0, 0, 0, 0, 0, 0, 0, 0,
    0, 0, 0, 0, 0, 0, 0, -13,
    -13, -23, -23, -23, 0, 0, 0, 0,
    -10, -19, 0, 0, -14, 0, -19, -9,
    -21, -20, -13, -17, -11, -17, -19, 0,
    -13, -4, 0, 0, 0, 0, -5, 0,
    -1, -10, 0, 0, 0, 0, 0, -11,
    0, 0, 0, 0, 0, 0, 0, 0,
    0, 0, 0, 0, 0, 0, 0, 0,
    -19, -37, 0, 0, 0, 0, 0, 0,
    0, 0, 0, 0, 0, 0, 0, 0,
    -9, 0, -11, 0, -20, 0, 0, -17,
    0, 0, 0, 0, 0, 0, -20, -9,
    0, -20, -18, -18, 0, 0, 0, 0,
    0, 0, 0, 0, 0, -10, 0, 0,
    0, 0, 0, 0, 0, 0, 0, 0,
    0, 0, 0, 0, 0, 0, 0, 0,
    0, 0, 0, 0, 0, 0, 0, 0,
    0, 0, 0, -11, -11, -22, -19, -22,
    0, 0, 0, 0, -8, -16, 0, 0,
    -6, 0, -16, -7, -32, -10, -14, -16,
    -9, -16, -18, 3, 0, 1, 3, 0,
    0, 4, -8, 8, 3, -9, 0, 0,
    0, 0, 0, -10, 0, 0, 0, 0,
    0, 0, 0, 0, -9, 0, 0, 0,
    0, 0, 0, 0, -22, 0, 0, 0,
    0, 0, 0, 0, 0, 0, 0, 0,
    0, 0, 0, 0, 0, 0, 0, 0,
    -12, 0, 0, 0, 0, 0, 0, 0,
    0, 0, 0, -8, 0, -9, -8, -17,
    0, 0, 0, 0, 0, 0, 0, 0,
    0, 0, 0, 0, 0, 0, 0, 0,
    0, 0, 0, 0, 0, 0, 0, 0,
    0, 0, 0, 0, 0, 0, 0, 0,
    0, 0, 0, 0, 0, 0, 0, -10,
    -10, -13, -15, -13, 0, 0, 0, 0,
    -9, -4, 0, 0, -3, 0, -4, -26,
    -10, -4, -36, -61, -49, -61, -52, -11,
    0, -2, -5, -41, -10, -10, 4, -6,
    -3, -28, 0, 0, 0, 0, 0, -50,
    -1, -13, -13, -43, -13, -13, -1, -10,
    2, 0, 0, 0, -1, 1, -1, 0,
    -5, 0, -60, -37, -33, -33, -33, -12,
    -32, -3, -4, 0, -33, -33, 0, -32,
    -13, -25, -15, -17, -27, -15, -24, 0,
    -44, 0, 0, 0, 0, 0, 0, -48,
    0, -3, 0, -36, 0, -50, -50, -50,
    -13, -1, 0, 0, 0, -21, 0, 1,
    -26, -30, -37, -30, -30, -30, -30, -37,
    -33, -33, -33, -21, -4, -4, 0, 0,
    0, -33, -21, 0, -25, -25, -25, -25,
    -15, -4, -15, -50, -50, -7, -4, -7,
    0, 0, 0, 0, -9, -17, 0, 0,
    -5, 0, -17, -9, -32, -10, -17, -16,
    -13, -16, -19, 2, 0, 0, 2, 0,
    0, 2, -9, 6, 4, -9, 0, 0,
    0, 0, 0, -10, 0, 0, 0, 0,
    0, 0, 0, 0, -10, 0, 0, 0,
    0, 0, 0, 0, -22, 0, 0, 0,
    0, 0, 0, 0, 0, 0, 0, 0,
    0, 0, 0, 0, -3, 0, 0, 0,
    -13, 0, 0, 0, 0, 0, 0, 0,
    0, 0, 0, -9, 0, -11, -7, -18,
    0, 0, 0, 0, 0, 0, 0, 0,
    0, 0, 0, 0, 0, 0, 0, 0,
    0, 0, 0, 0, 0, 0, 0, 0,
    0, 0, 0, 0, 0, 0, 0, 0,
    0, 0, 0, 0, 0, 0, 0, -14,
    -14, -13, -14, -13, 0, 0, 0, 0,
    -10, -22, 0, 0, -6, 0, -22, -7,
    -39, -12, -7, -26, -13, -26, -26, 5,
    -2, -3, -1, -3, -1, 5, -17, 1,
    3, -7, 0, 0, 0, 0, 0, -19,
    0, 4, 4, -16, 4, 4, 0, -1,
    -19, 0, -19, -17, -27, -23, -17, 0,
    -29, 0, -48, -4, 0, 0, 0, 0,
    0, -2, -2, 0, 0, 0, 0, 0,
    0, -1, -1, -1, -13, -1, -9, -27,
    0, 0, 0, 0, 0, 0, 0, -12,
    0, -14, -9, -13, 0, -19, -19, -19,
    4, 0, 0, 0, 0, -10, 0, -23,
    -3, -4, -4, -4, -4, -4, -4, -4,
    0, 0, 0, 0, -2, -2, 0, 0,
    0, 0, 0, 0, -1, -1, -1, -1,
    -1, -2, -1, -12, -12, -11, -15, -11,
    0, 0, 0, 0, 0, -28, 0, 0,
    0, 0, 0, -17, -34, 0, 0, 0,
    0, 0, 0, -7, -10, 0, -12, -15,
    -11, 0, -39, 0, 0, 0, 0, 0,
    0, 0, 0, 0, 0, 0, 0, 0,
    0, 0, 0, 0, -54, 0, -31, 0,
    0, -40, 0, 0, 0, 0, 0, 0,
    0, 0, 0, 0, 0, 0, 0, 0,
    0, 0, 0, 0, 0, 0, 0, 0,
    0, 0, 0, 0, 0, 0, 0, 0,
    0, 0, 0, 0, 0, 0, 0, 0,
    0, 0, 0, 0, 0, 0, 0, 0,
    0, 0, 0, 0, 0, 0, 0, 0,
    0, 0, 0, 0, 0, 0, 0, 0,
    0, 0, 0, 0, 0, 0, 0, 0,
    0, 0, 0, 0, 0, 0, 0, 0,
    0, 0, 0, 0, 0, 0, 0, 0,
    0, 0, 0, 0, 0, 0, 0, 0,
    -23, 0, 0, 0, 0, 0, 0, 0,
    0, 0, 0, 0, 0, 0, 0, 0,
    0, 0, 0, 0, 0, 0, 0, 0,
    0, 0, 0, 0, 0, 0, 0, 0,
    0, 0, 0, 0, 0, 0, 0, 0,
    0, 0, 0, 0, 0, 0, 0, 0,
    0, 0, 0, 0, 0, 0, 0, 0,
    0, 0, 0, 0, 0, 0, 0, 0,
    0, 0, 0, 0, 0, 0, 0, 0,
    0, 0, 0, 0, 0, 0, 0, 0,
    0, 0, 0, 0, 0, 0, 0, 0,
    0, 0, 0, 0, 0, 0, 0, 0,
    0, 0, 0, 0, 0, 0, 0, 0,
    0, 0, 0, 0, 0, 0, 0, 0,
    0, 0, 0, 0, 0, 0, 0, 0,
    0, 0, 0, 0, 0, 0, 0, 0,
    0, 0, 0, 0, -43, 0, 0, 0,
    0, 0, 0, 0, 0, 0, 0, 0,
    0, 0, 0, 0, 0, 0, -23, 0,
    0, 0, 0, 0, 0, 0, 0, -22,
    0, 0, 0, 0, -22, 0, 0, 0,
    -34, -27, -21, 0, 0, 0, 0, 0,
    0, 0, 0, 0, 0, 0, 0, 0,
    0, 0, 0, 0, 0, 0, 0, 0,
    0, 0, 0, 0, 0, 0, 0, 0,
    0, 0, 0, 0, 0, 0, 0, 0,
    0, 0, 0, 0, 0, 0, 0, 0,
    0, 0, 0, 0, 0, 0, 0, 0,
    0, 0, 0, 0, 0, 0, 0, 0,
    0, 0, 0, 0, 0, 0, 0, 0,
    0, 0, 0, 0, 0, 0, 0, 0,
    0, 0, 0, 0, 0, 0, 0, 0,
    0, -23, 0, 0, 0, 0, -23, -17,
    -49, 0, 0, 0, 0, 0, 0, 0,
    -8, 0, -13, -9, -12, 0, -34, 0,
    0, 0, 0, -8, 0, 0, 0, -30,
    -11, 0, 0, -43, 0, 0, 0, -11,
    -39, 0, -27, -26, -42, -35, -33, 0,
    -48, 0, 0, -17, 0, 0, 0, 0,
    0, 0, 0, 0, 0, 0, 0, -12,
    0, 0, 0, 0, -17, 0, 0, 0,
    0, 0, 0, 0, 0, 0, 0, 0,
    0, 0, 0, 0, 0, 0, 0, 0,
    0, 0, 0, 0, 0, 0, 0, 0,
    0, 0, 0, 0, 0, 0, 0, 0,
    0, 0, 0, 0, 0, 0, 0, 0,
    0, 0, 0, 0, 0, 0, 0, 0,
    0, 0, 0, 0, 0, 0, 0, 0,
    0, 0, 0, 0, 0, 0, 0, 0,
    0, 0, 0, 0, -58, 0, 0, 0,
    0, 0, 0, 0, 0, 0, 0, 0,
    0, 0, -58, 0, 0, 0, 0, 0,
    -22, 0, 0, -38, 0, 0, 0, -59,
    0, 0, 0, -24, -63, 0, -35, -32,
    -55, -48, -47, 0, 0, 0, 0, 0,
    0, 0, 0, 0, 0, 0, 0, 0,
    0, 0, 0, 0, 0, 0, 0, 0,
    -26, 0, 0, 0, 0, 0, 0, 0,
    0, 0, 0, 0, 0, 0, 0, 0,
    0, 0, 0, 0, 0, 0, 0, 0,
    0, 0, 0, 0, 0, 0, 0, 0,
    0, 0, 0, 0, 0, 0, 0, 0,
    0, 0, 0, 0, 0, 0, 0, 0,
    0, 0, 0, 0, 0, 0, 0, 0,
    0, 0, 0, 0, 0, 0, 0, 0,
    -11, -8, 0, 0, 0, 0, -8, -20,
    -28, -3, 0, -50, -43, -50, -43, 0,
    0, 0, 0, 0, 0, 0, 0, 0,
    0, -13, 0, 0, 0, 0, 0, -41,
    -5, -7, -7, -38, -7, -7, -5, -8,
    -4, -3, -9, -10, -18, -10, -14, 0,
    -17, 0, 0, -22, -23, -22, -23, -1,
    -22, -5, -7, 0, -23, -22, 0, -17,
    -1, -11, 0, 0, -12, 0, -11, 0,
    0, 0, 0, 0, 0, 0, 0, -45,
    0, 0, 0, -24, 0, -41, -41, -41,
    -7, -5, 0, 0, 0, 0, 0, -10,
    0, 0, -22, 0, 0, 0, 0, -22,
    -23, -23, -23, 0, -7, -7, 0, 0,
    0, -23, 0, 0, -11, -11, -11, -11,
    0, -7, 0, -43, -43, -5, -7, -5,
    0, 0, 0, 0, 0, 0, 0, 0,
    0, 0, 0, 0, -39, 0, 0, 0,
    0, 0, 0, 0, 0, 0, 0, 0,
    0, 0, 0, 0, 0, 0, 0, 0,
    0, 0, 0, -30, 0, 0, 0, -37,
    0, 0, 0, 0, -22, 0, 0, 0,
    -30, 0, -25, 0, 0, 0, 0, -12,
    0, -6, 0, 0, -6, 0, 0, 0,
    0, 0, 0, -6, 0, 0, 0, 0,
    0, 0, 0, 0, 0, 0, 0, 0,
    0, 0, 0, 0, 0, 0, 0, 0,
    0, 0, 0, 0, 0, 0, 0, 0,
    0, 0, 0, 0, 0, 0, 0, 0,
    0, 0, 0, 0, 0, 0, 0, 0,
    0, 0, 0, 0, 0, 0, 0, 0,
    0, 0, 0, 0, 0, 0, 0, 0,
    0, 0, 0, 0, 0, 0, 0, 0,
    -13, -54, 0, -17, 0, -13, -54, -24,
    -28, -52, -38, -12, -32, -12, -10, -16,
    -34, 0, -13, -12, -13, -16, -33, -10,
    -14, -9, -38, -30, 0, -47, 0, 0,
    -7, -21, -21, 0, -21, -21, -7, -15,
    -53, -20, -53, -48, -1, -56, -3, -55,
    -16, -53, -22, -10, -13, -12, -13, -19,
    -10, -10, -11, 0, -13, -12, 0, -9,
    -26, -16, -32, -29, -2, -32, -5, 0,
    -35, 0, 0, 0, 0, 0, 0, -28,
    0, 0, 0, -20, 0, 0, 0, 0,
    -21, -7, -7, -7, 0, -29, 0, -56,
    -11, -10, -10, -10, -10, -10, -10, -10,
    -13, -13, -13, -13, -11, -11, -10, -11,
    -15, -13, -13, 0, -16, -16, -16, -16,
    -32, -11, -32, -33, -33, -49, -51, -49,
    -49, 0, 0, 0, -8, -16, 0, 0,
    0, 0, -16, -9, -31, -10, -18, -16,
    -14, -16, -18, 1, 0, 0, 0, 0,
    0, 1, -9, 6, 4, -9, 0, 0,
    0, -10, 0, -10, 0, 1, 1, 0,
    1, 1, 0, 1, -10, 0, -13, -13,
    -13, -18, -6, 0, -22, 0, -41, -3,
    0, 0, 0, -3, 0, -1, -1, 0,
    0, 0, 0, -1, -4, -1, -2, -4,
    -13, -2, -7, -21, 0, 0, 0, 0,
    0, 0, 0, -9, 0, 0, 0, -17,
    0, -10, -10, -10, 1, 0, 0, 0,
    0, 0, 0, -18, -2, -3, -3, -3,
    -3, -3, -3, -3, 0, 0, 0, 0,
    -1, -1, 7, 5, 0, 0, 0, 0,
    -1, -1, -1, -1, -2, -1, -2, -15,
    -15, -13, -15, -13, -13, 0, 0, 0,
    -11, -18, 0, 0, 0, 0, -18, -12,
    -39, -10, -19, -23, -18, -23, -25, 1,
    -1, 0, 0, 0, 0, 1, -17, 0,
    0, -9, 0, -7, 0, -11, 0, -17,
    0, -1, -1, -11, -1, -1, 0, 0,
    -19, -1, -17, -16, -24, -24, -15, 0,
    -29, 0, -49, -9, -1, -2, -1, 0,
    -2, -4, -4, 0, -1, -2, 0, -7,
    0, -6, 0, -1, -13, 0, -9, -27,
    0, 0, 0, 0, 0, 0, 0, -11,
    0, 0, 0, -15, 0, -17, -17, -17,
    -1, 0, 0, 0, 0, 0, 0, -24,
    -7, -7, -9, -7, -7, -7, -7, -9,
    -1, -1, -1, -1, -4, -4, 4, 0,
    0, -1, -1, 0, -6, -6, -6, -6,
    0, -4, 0, -18, -18, -9, -13, -9,
    -11, 0, 0, 0, -10, -23, 0, 0,
    0, -4, -23, -8, -45, -15, -8, -29,
    -13, -29, -27, 5, -1, 0, -4, 0,
    0, 5, -24, 0, 0, -8, 0, 0,
    0, -18, 0, -21, 0, 2, 2, -21,
    2, 2, 0, -2, -26, 0, -21, -19,
    -32, -29, -21, 0, -36, 0, -57, -5,
    -1, -1, -1, 0, -1, -2, -3, 0,
    -1, -1, 0, -1, 0, -2, -2, -3,
    -15, -2, -9, -31, 0, 0, 0, 0,
    0, 0, 0, -12, 0, 0, 0, -13,
    0, -21, -21, -21, 2, 0, 0, 0,
    0, 0, 0, -29, -4, -4, -5, -4,
    -4, -4, -4, -5, -1, -1, -1, -1,
    -3, -3, 4, 0, 0, -1, -1, 0,
    -2, -2, -2, -2, -2, -3, -2, -13,
    -13, -13, -16, -13, -14, 0, 0, 0,
    -13, -15, 0, 0, 0, -13, -15, -24,
    -17, -16, -22, -14, -31, -14, -14, -13,
    -9, 0, -12, -12, -11, -13, 0, -10,
    -10, -12, 0, -26, 0, -19, -17, -5,
    -7, -14, -14, 1, -14, -14, -7, -15,
    -3, -8, -7, -10, -4, -4, -5, 0,
    -13, -34, -25, -12, -14, -13, -14, -15,
    -13, -5, -5, 0, -14, -13, 0, -9,
    -16, -17, -18, -18, -10, -18, -9, 0,
    -26, 0, 0, 0, 0, 0, 0, -30,
    0, 0, 0, -18, 0, -5, -5, -5,
    -14, -7, 0, -6, 0, -32, -9, -4,
    -14, -11, -12, -11, -11, -11, -11, -12,
    -14, -14, -14, -13, -5, -5, 0, 7,
    -16, -14, -13, 0, -17, -17, -17, -17,
    -18, -5, -18, -32, -32, -20, -16, -20,
    -15, 0, 0, 0, -13, -9, -18, 0,
    0, -18, -9, -22, -16, -11, -17, -57,
    -25, -57, -41, -8, -7, 0, -12, -16,
    -16, -8, 0, -11, -9, -22, 0, -21,
    0, -16, 0, -34, -4, -9, -9, -52,
    -9, -9, -4, -15, 0, -4, -2, -4,
    -7, -1, -6, 0, -10, -30, -95, -21,
    -9, -10, -9, -13, -10, -5, -6, 0,
    -9, -10, 0, -14, -14, -17, -17, -16,
    -35, -17, -27, 0, 0, 0, 0, 0,
    0, 0, 0, -22, 0, 0, 0, -24,
    0, -34, -34, -34, -9, -4, 0, 0,
    0, 0, -9, -1, -19, -19, -21, -19,
    -19, -17, -19, -21, -9, -9, -9, -9,
    3, -6, 2, 12, 0, -9, -9, -9,
    -17, -17, -17, -17, -17, -6, -17, -25,
    -25, -15, -10, -15, -9, 0, 0, 0,
    -9, -22, 0, 0, 0, 0, -22, -9,
    -39, -15, -13, -18, -14, -18, -20, 2,
    -2, 0, 0, 0, 0, 2, -19, 0,
    0, -11, 0, 0, 0, -15, 0, -11,
    -1, 0, 0, -3, 0, 0, -1, 0,
    -22, 0, -19, -18, -16, -25, -9, 0,
    -30, 0, -44, -4, 1, 3, 1, -3,
    2, -2, -3, 0, 1, 3, 0, -1,
    -3, -2, -2, -3, -14, -2, -9, -28,
    0, 0, 0, 0, 0, 0, 0, -12,
    0, 0, 0, -16, 0, -11, -11, -11,
    0, -1, 0, 0, 0, 0, 0, -25,
    -4, -3, -4, -3, -3, -3, -3, -4,
    1, 1, 1, 1, -3, -3, 2, 0,
    0, 1, 1, 0, -2, -2, -2, -2,
    -2, -3, -2, -14, -14, -14, -18, -14,
    -16, 0, 0, 0, -11, -11, 0, 0,
    0, 0, -11, -11, -17, -9, -13, -21,
    -17, -21, -22, 0, 0, 0, 0, 0,
    0, 0, 0, 0, 0, -8, 0, 0,
    0, -10, 0, -14, -4, 0, 0, -5,
    0, 0, -4, -1, -3, -2, -5, -5,
    -8, -4, -8, 0, -13, 0, -40, -4,
    0, 0, 0, 0, 0, -2, -3, 0,
    0, 0, 0, -1, 0, -4, -2, -2,
    -13, -2, -9, 0, 0, 0, 0, 0,
    0, 0, 0, -15, 0, 0, 0, -17,
    0, -14, -14, -14, 0, -4, 0, 0,
    0, 0, 0, -4, -6, -4, -4, -4,
    -4, -4, -4, -4, 0, 0, 0, 0,
    -3, -3, 5, 11, 0, 0, 0, 0,
    -4, -4, -4, -4, -2, -3, -2, -17,
    -17, -12, -12, -12, -11, 0, 0, 0,
    -15, -17, 0, -26, 0, -23, -17, -34,
    -14, -24, -70, -15, -52, -15, -12, -26,
    -23, 0, -18, -29, -19, -26, 0, -17,
    -19, -11, -74, -50, -39, -27, -37, 0,
    -4, -33, -33, 0, -33, -33, -4, -22,
    -4, -10, -4, -7, 0, -5, -3, 0,
    -10, -44, -22, -15, -26, -24, -26, -22,
    -17, -9, -10, 0, -26, -24, -7, -17,
    -34, -22, -39, -37, 0, -39, -8, 0,
    -68, 0, 0, 0, 0, 0, 0, -45,
    -39, 0, 0, -25, 0, 0, 0, 0,
    -33, -4, 0, 0, 0, 0, 0, -5,
    -14, -15, -15, -15, -15, -15, -15, -15,
    -26, -26, -26, -25, 5, -10, -2, 0,
    0, -26, -24, -9, -22, -22, -22, -22,
    -39, -10, -39, -53, -53, -26, -18, -26,
    -17, 0, 0, 0, -14, -93, 0, 0,
    0, -15, -57, -29, -31, -95, -60, -13,
    -52, -13, -13, -22, -41, 0, -13, -13,
    -14, -22, -35, -13, -17, -10, -86, -62,
    -30, -51, -27, -3, -9, -27, -27, 1,
    -27, -27, -9, -18, -59, -24, -60, -49,
    -4, -64, -4, -60, -22, -106, -23, -11,
    -18, -17, -18, -24, -16, -12, -13, 0,
    -18, -17, 0, -10, -31, -18, -40, -34,
    -8, -40, -8, 0, -90, 0, 0, 0,
    0, 0, -86, -34, -30, 0, 0, -21,
    0, -3, -3, -3, -27, -9, -9, 0,
    0, -39, -11, -64, -13, -11, -11, -11,
    -11, -11, -11, -11, -18, -18, -18, -19,
    -13, -13, -13, -13, 0, -18, -19, -6,
    -18, -18, -18, -18, -40, -13, -40, -62,
    -62, -58, -61, -58, -92, 0, 0, 0,
    -10, -23, 0, 0, 0, 0, -23, -8,
    -44, -15, -8, -28, -13, -28, -26, 5,
    -1, 0, 0, 0, 0, 5, -23, 0,
    0, -8, 0, 0, 0, -17, 0, -21,
    0, 2, 2, -19, 2, 2, 0, -2,
    -24, 0, -20, -18, -30, -27, -20, 0,
    -35, -22, -54, -5, -1, 0, -1, 0,
    -1, -2, -3, 0, -1, 0, 0, 0,
    0, -2, -2, -2, -15, -2, -9, -30,
    0, 0, 0, 0, 0, 0, 0, -12,
    0, 0, 0, -13, 0, -21, -21, -21,
    2, 0, 0, 0, 0, 0, 0, -27,
    -4, -5, -5, -5, -5, -5, -5, -5,
    -1, -1, -1, -1, -3, -3, 4, 1,
    0, -1, -1, 0, -2, -2, -2, -2,
    -2, -3, -2, -13, -13, -13, -16, -13,
    -14, 0, 0, 0, -11, -11, 0, 0,
    0, -19, -11, -16, -34, -4, -12, -61,
    -31, -61, -40, -2, 3, 0, 0, -26,
    -8, -2, -6, 0, 0, -7, 0, 0,
    0, -3, 0, -37, -1, -2, -2, -49,
    -2, -2, -1, -7, -7, -1, -11, -10,
    -23, -16, -18, 0, -25, 0, -104, -14,
    -12, -12, -12, 0, -12, -4, -4, 0,
    -12, -12, 0, -8, 0, -7, 0, 0,
    -10, 0, -7, 0, 0, 0, 0, 0,
    0, 0, 0, -33, 0, 0, 0, -18,
    0, -37, -37, -37, -2, -1, 0, 0,
    0, 0, 0, -16, -9, -13, -14, -13,
    -13, -13, -13, -14, -12, -12, -12, -11,
    -4, -4, 8, 3, 0, -12, -11, 0,
    -7, -7, -7, -7, 0, -4, 0, -32,
    -32, -6, -7, -6, -7, 0, 0, -86,
    -3, -26, 0, 0, 0, 0, -26, -7,
    -22, -18, -11, -4, -16, -4, -4, 1,
    -2, 0, 0, 0, 0, 1, -20, 0,
    0, 0, 0, 0, 0, -19, 0, 0,
    2, 0, 0, 8, 0, 0, 2, -2,
    -26, -2, -23, -22, 0, -30, 1, 0,
    -9, 0, -22, 0, 3, 2, 3, 0,
    3, 2, 2, 0, 3, 2, 0, 1,
    -2, 1, -4, -3, 0, -4, 0, 0,
    0, 0, 0, 0, 0, 0, 0, -14,
    0, 0, 0, -6, 0, 0, 0, 0,
    0, 2, 0, 0, 0, 0, 0, -30,
    2, 0, 0, 0, 0, 0, 0, 0,
    3, 3, 3, 3, 2, 2, 7, 2,
    0, 3, 3, 0, 1, 1, 1, 1,
    -4, 2, -4, -17, -17, -16, -19, -16,
    -17, 0, 0, 0, -8, -17, 0, 0,
    0, -16, -17, -17, -24, -9, -20, -12,
    -35, -12, -7, -4, 0, 0, 0, 0,
    0, -4, 0, 0, 0, -5, 0, 0,
    0, -10, 0, 0, 0, -5, -5, 0,
    -5, -5, 0, -8, -13, -5, -14, -14,
    0, -20, -2, 0, -9, 0, -22, -11,
    -13, -13, -13, -1, -11, -4, -5, 0,
    -13, -13, 0, -9, -2, -9, -1, -3,
    0, -1, -3, 0, 0, 0, 0, 0,
    0, 0, 0, -36, 0, 0, 0, -17,
    0, 0, 0, 0, -5, 0, 0, 0,
    0, 0, 0, -20, -8, -11, -11, -11,
    -11, -11, -11, -11, -13, -13, -13, -13,
    -5, -5, 6, 3, 0, -13, -13, 0,
    -9, -9, -9, -9, -1, -5, -1, -36,
    -36, -12, -14, -12, -12, 0, 0, 0,
    -8, -16, 0, 0, 0, 0, -16, -8,
    -31, -10, -19, -14, -11, -14, -17, 3,
    0, 0, 4, 0, 0, 3, 0, 8,
    0, -8, 0, 0, 0, -8, 0, -9,
    0, 0, 0, 0, 0, 0, 0, 0,
    -9, 0, -13, -13, -13, -19, -5, 0,
    -22, 0, -40, 0, -1, 0, -1, -1,
    0, -1, 0, 0, -1, 0, 0, -1,
    -1, -1, 0, -1, -11, 0, -8, 0,
    0, 0, 0, 0, 0, 0, 0, -8,
    0, 0, 0, -17, 0, -9, -9, -9,
    0, 0, 0, 0, 0, 0, 0, -19,
    -2, -2, 0, -2, -2, -2, -2, 0,
    -1, -1, -1, 0, 0, 0, 9, 5,
    0, -1, 0, 0, -1, -1, -1, 0,
    0, 0, 0, -11, -11, -12, -14, -12,
    -13, 0, 0, 0, -12, 0, -32, -20,
    0, -30, 0, -34, -13, -7, -53, -61,
    -69, -61, -57, -20, -7, 0, -9, -55,
    -16, -20, 0, -10, 0, -54, -63, -39,
    -23, -12, -30, -53, -4, -24, -24, -45,
    -24, -24, -4, -17, 1, -3, 0, -2,
    -3, 0, -3, 0, -7, -27, -60, -53,
    -51, -51, -51, -25, -51, -5, -6, -50,
    -51, -51, -50, -50, -29, -41, -41, -41,
    -41, -41, -41, 0, -71, 0, 0, 0,
    0, 0, 0, -69, -27, 0, 0, -72,
    0, -53, -53, -45, -24, -4, 0, 0,
    0, -32, -23, 0, -31, -20, -48, -20,
    -20, -18, -40, -53, -51, -40, -40, -23,
    0, -10, 0, 14, 0, -51, -22, -51,
    -26, -40, -26, -23, -39, -6, -41, -71,
    -71, -13, 0, -13, -5, 0, 0, 0,
    -9, -10, 0, 0, 0, 0, -10, -11,
    -17, -9, -12, -26, -17, -26, -26, 0,
    0, 0, 0, 0, 0, 0, 0, 0,
    0, -10, 0, 0, 0, -9, 0, -20,
    -4, 0, 0, -14, 0, 0, -4, -2,
    -3, -1, -4, -4, -10, -3, -9, 0,
    -13, 0, -48, -6, -1, -1, -1, 0,
    -1, -2, -3, 0, -1, -1, 0, -3,
    0, -4, -1, -2, -14, -1, -10, 0,
    -15, 0, 0, 0, 0, 0, 0, -14,
    0, 0, 0, -17, 0, -20, -20, -20,
    0, -4, 0, 0, 0, 0, 0, -3,
    -5, -5, -6, -5, -5, -5, -5, -6,
    -1, -1, -1, 0, -3, -3, 7, 13,
    0, -1, 0, 0, -4, -4, -4, -4,
    -1, -3, -1, -17, -17, -11, -11, -11,
    -10, 0, 0, 0, -14, -9, 0, 0,
    0, -31, -9, -32, -15, -12, -36, -61,
    -47, -61, -58, -18, -7, 0, -13, -38,
    -14, -18, 0, -13, 0, -31, -35, -27,
    0, -14, 0, -53, -6, -20, -20, -46,
    -20, -20, -6, -17, 0, -4, 0, -2,
    -3, 0, -7, 0, -10, 0, -68, -36,
    -33, -32, -33, -16, -32, -6, -9, -20,
    -33, -32, -20, -32, -17, -30, -16, -18,
    -29, -16, -29, 0, 0, 0, 0, 0,
    0, 0, 0, -48, 0, 0, 0, -37,
    0, -53, -53, -53, -20, -6, 0, 0,
    0, 0, -20, 0, -26, -22, -36, -26,
    -21, -22, -33, -36, -33, -33, -33, -21,
    5, -15, 7, 8, 0, -33, -21, -32,
    -30, -30, -30, -20, -16, -9, -16, -47,
    -47, -16, -10, -16, -7, 0, 0, 0,
    -15, -11, 0, 0, 0, -30, -11, -30,
    -17, -13, -33, -55, -42, -55, -55, -17,
    -7, 0, -13, -33, -16, -17, 0, 0,
    0, -28, 0, 0, 0, -15, 0, -48,
    -6, -18, -18, -39, -18, -18, -6, -17,
    -2, -4, -2, -5, -6, 0, -9, 0,
    -13, 0, -55, -31, -28, -27, -28, -14,
    -27, -8, -9, -18, -28, -27, -18, -25,
    -14, -25, -15, -17, -26, -15, -27, 0,
    0, 0, 0, 0, 0, 0, 0, -43,
    0, 0, 0, -34, 0, -48, -48, -48,
    -18, -6, 0, 0, 0, 0, 0, 0,
    -27, -22, -31, -22, -22, -21, -22, -31,
    -28, -28, -28, -20, 4, -9, 5, 7,
    0, -28, -20, 0, -25, -25, -25, -20,
    -15, -9, -15, -43, -43, -17, -12, -17,
    -10, 0, 0, 0, -11, -12, 0, 0,
    0, 0, -12, -31, -11, -17, -55, -15,
    -44, -15, -12, -22, -15, 0, -16, -22,
    -13, -22, 0, -13, 0, -11, -53, -39,
    -30, -21, -29, -1, -3, -28, -28, 0,
    -28, -28, -3, -17, 0, -4, 0, -1,
    -3, 0, -2, 0, -8, -36, -23, -15,
    -23, -22, -23, -21, -14, -5, -6, 0,
    -23, -22, -7, -14, -26, -22, -30, -30,
    -3, -30, -9, 0, 0, 0, 0, 0,
    0, 0, 0, -39, -31, 0, 0, -24,
    0, -1, -1, -1, -28, -3, 0, 0,
    0, -36, 0, 0, -13, -13, -15, -13,
    -13, -13, -13, -15, -23, -23, -23, -20,
    -6, -6, 4, 8, 0, -23, -20, 0,
    -22, -22, -22, -22, -30, -6, -30, -45,
    -45, -21, -13, -21, -9, 0, 0, 0,
    -13, -8, -34, 0, 0, -37, -8, -39,
    -10, -13, -49, -61, -70, -61, -61, -25,
    -11, 0, -18, -58, -15, -25, 0, -18,
    -16, -40, -48, -35, 0, -17, -34, -56,
    -4, -27, -27, -49, -27, -27, -4, -22,
    0, -3, 0, 0, -2, 0, -4, 0,
    -8, -32, -65, -49, -48, -48, -48, -25,
    -47, -6, -9, -40, -48, -48, -40, -44,
    -27, -38, -27, -28, -37, -27, -37, 0,
    -61, 0, 0, 0, 0, 0, 0, -69,
    -31, 0, 0, -49, 0, -56, -56, -56,
    -27, -4, 0, 0, 0, 0, 0, 0,
    -39, -20, -49, -20, -20, -20, -20, -49,
    -48, -36, -48, -22, -9, -9, 9, 0,
    0, -48, -22, 0, -22, -38, -34, -23,
    -27, -9, -27, -71, -71, -17, -9, -17,
    -7, 0, 0, 0, -10, -11, 0, -15,
    0, 0, -11, -26, -13, -12, -44, -12,
    -48, -12, -13, -14, -4, 0, -9, -12,
    -9, -14, 0, -7, -6, -9, -43, -30,
    0, -13, -24, -3, -3, -18, -18, 1,
    -18, -18, -3, -11, -1, -6, -3, -6,
    -3, -2, -3, 0, -10, -30, -24, -10,
    -18, -16, -18, -16, -15, -4, -4, 0,
    -18, -16, 0, -9, -19, -17, -20, -22,
    -8, -20, -7, 0, 0, 0, 0, 0,
    0, 0, 0, -34, -23, 0, 0, -21,
    0, -3, -3, -3, -18, -3, 0, 0,
    0, 0, 0, -2, -12, -9, -10, -9,
    -9, -9, -9, -10, -18, -18, -18, -13,
    -4, -4, 7, 0, 0, -18, -13, 0,
    -17, -17, -17, -17, -20, -4, -20, -50,
    -50, -15, -11, -15, -11, 0, 0, 0,
    -19, -15, -38, 0, -15, 0, -15, -42,
    -13, -18, -54, -26, -60, -26, -13, -31,
    -24, -15, -22, -49, -26, -31, -6, -22,
    -19, -25, 0, -48, 0, 0, 0, -16,
    -14, -35, -35, -12, -35, -35, -14, -26,
    -7, -13, -10, -13, -9, -8, -13, 0,
    -5, 0, 0, -30, -36, -34, -36, -31,
    -17, -10, -11, 0, -36, -34, 0, -30,
    -34, -34, -46, -45, -16, -28, -22, 0,
    -62, 0, 0, 0, 0, 0, 0, -53,
    0, 0, 0, -34, 0, -16, -16, -16,
    -35, -14, 0, 0, 0, 0, -25, -8,
    -25, -23, -30, -23, -23, -23, -23, -30,
    -36, -36, -36, -28, -11, -11, 0, 0,
    0, -36, -28, -23, -34, -34, -34, -34,
    -28, -11, -28, -60, -60, -23, -16, -23,
    0, 0, 0, -25, 0, -56, 0, 0,
    0, 0, -55, 0, 0, -53, 0, 0,
    0, 0, 0, 0, 0, 0, 0, 0,
    0, 0, 0, 0, 0, 0, 0, 0,
    0, 0, 0, 0, 0, 0, 0, 0,
    0, 0, 0, 0, -57, 0, -58, -55,
    0, -60, 0, 0, 0, 0, 0, 0,
    0, 0, 0, -25, 0, 0, 0, 0,
    0, 0, 0, 0, -30, 0, 0, 0,
    0, 0, 0, 0, 0, 0, 0, 0,
    0, 0, 0, 0, 0, 0, 0, 0,
    0, 0, 0, 0, 0, 0, 0, 0,
    0, 0, 0, 0, 0, 0, 0, 0,
    0, 0, 0, 0, 0, 0, 0, 0,
    0, 0, 0, 0, 0, 0, 0, 0,
    0, 0, 0, 0, 0, 0, 0, 0,
    0, 0, 0, 0, 0, 0, 0, 0,
    0, 0, 0, 0, 0, 0, 0, -31,
    -46, -18, 0, -61, -90, -61, 0, 0,
    0, 0, -17, -49, 0, 0, 0, 0,
    0, 0, 0, 0, 0, 0, 0, -53,
    -18, -22, -22, -66, -22, -22, -18, -21,
    -27, -17, -28, -28, -39, -32, -34, 0,
    0, 0, 0, -35, -36, -35, -36, -9,
    -34, -20, -21, 0, -36, -35, 0, -30,
    -9, -24, -6, -11, -23, -6, -23, 0,
    0, 0, 0, 0, 0, 0, 0, 0,
    0, 0, 0, 0, 0, -53, -53, -53,
    -22, -18, 0, 0, 0, 0, 0, -32,
    0, 0, -35, 0, 0, 0, 0, -35,
    -36, -36, -36, 0, -21, -21, 0, 0,
    0, -36, 0, 0, -24, -24, -24, -24,
    -6, -21, -6, 0, 0, 0, 0, 0,
    0, 0, 0, 0, 0, -101, 0, 0,
    0, 0, -57, -39, 0, -96, 0, 0,
    0, 0, 0, -50, -46, 0, -43, -91,
    -42, -47, -39, -42, -43, 0, 0, 0,
    0, 0, 0, -22, -25, -54, -54, -21,
    -54, -54, -25, -45, -60, -48, -68, -55,
    -23, -65, -24, 0, 0, 0, 18, -33,
    -43, -40, -43, -30, -2, -25, 0, 0,
    -43, -40, 0, -37, -45, -38, -21, -42,
    -22, -21, -24, 0, 0, 0, 0, 0,
    0, 0, 0, 0, 0, 0, 0, 0,
    0, -22, -22, -22, -54, -25, 0, 0,
    0, 0, 0, -65, -25, -33, -33, -33,
    -33, -33, -33, -33, -43, -43, -43, -43,
    0, 0, 0, 0, 0, -43, -43, 0,
    -38, -38, -38, -38, -21, 0, -21, 0,
    0, 0, 0, 0, -102, 0, 0, 0,
    -13, -40, 0, 0, 0, 0, -40, -15,
    -32, -36, -18, -17, -21, -17, -17, -5,
    -23, 0, -10, 0, 0, -5, -39, 0,
    0, -11, 0, -17, 0, -34, 0, -9,
    -5, -7, -7, -4, -7, -7, -5, -11,
    -56, -9, -37, -34, -12, -52, -12, -39,
    -22, -37, -24, -7, -4, -4, -4, -11,
    -4, -6, -7, 0, -4, -4, 0, -4,
    -13, -8, -13, -13, -11, -13, -11, -22,
    -21, 0, 0, 0, 0, 0, 0, -18,
    0, 0, 0, -20, 0, -9, -9, -9,
    -7, -5, 0, 0, 0, 0, 0, -52,
    -7, -7, -7, -7, -7, -7, -7, -7,
    -4, -4, -4, -4, -7, -7, -7, -7,
    -6, -4, -4, 0, -8, -8, -8, -8,
    -13, -7, -13, -21, -21, -29, -28, -29,
    -29, 0, 0, 0, -10, -35, 0, 0,
    0, 0, -35, -7, -43, -33, -9, -17,
    -9, -17, -18, 2, -18, 0, 0, 0,
    0, 2, -37, 0, 0, -8, 0, 0,
    0, -34, 0, -13, 0, 0, 0, -6,
    0, 0, 0, -2, -51, -1, -32, -27,
    -23, -47, -14, 0, -34, -34, -40, 0,
    3, 2, 3, -4, 2, -1, -2, 0,
    3, 2, 0, 1, -4, 0, -6, -5,
    -18, -6, -10, -30, 0, 0, 0, 0,
    0, 0, 0, -7, 0, 0, 0, -15,
    0, -13, -13, -13, 0, 0, 0, 0,
    0, 0, 0, -47, -2, 0, 0, 0,
    0, 0, 0, 0, 3, 3, 3, 3,
    -2, -2, -2, -2, 0, 3, 3, 5,
    0, 0, 0, 0, -6, -2, -6, -9,
    -9, -27, -30, -27, -28, 0, 0, 0,
    -10, -32, 0, 0, 0, 0, -32, -9,
    -43, -31, -8, -13, -17, -13, -20, -2,
    -16, 0, 0, 0, 0, -2, -40, 0,
    0, -5, 0, -9, 0, -33, 0, -12,
    -2, -2, -2, -2, -2, -2, -2, -2,
    -51, -5, -34, -30, -19, -46, -10, 0,
    -31, -33, -39, -3, -1, -1, -1, -1,
    -2, -4, -5, 0, -1, -1, 0, 0,
    -2, -4, -7, -6, -19, -7, -9, -31,
    0, 0, 0, 0, 0, 0, 0, -15,
    0, 0, 0, -13, 0, -12, -12, -12,
    -2, -2, 0, 0, 0, 0, 0, -46,
    -5, -3, -3, -3, -3, -3, -3, -3,
    -1, -1, -1, -1, -5, -5, -5, -5,
    0, -1, -1, 0, -4, -4, -4, -4,
    -7, -5, -7, -17, -17, -25, -27, -25,
    -26, 0, 0, 0, -10, -34, 0, 0,
    0, 0, -34, -8, -42, -33, -9, -17,
    -9, -17, -18, 0, -20, 0, 0, 0,
    0, 0, -38, 0, 0, -7, 0, -5,
    0, -34, 0, -13, 0, -1, -1, -4,
    -1, -1, 0, -2, -50, -2, -32, -28,
    -22, -47, -14, 0, -34, -34, -40, -4,
    3, 2, 3, -4, 2, -1, -2, 0,
    3, 2, 0, 1, -5, 0, -6, -5,
    -19, -7, -11, -31, -9, 0, 0, 0,
    0, 0, 0, -7, 0, 0, 0, -15,
    0, -13, -13, -13, -1, 0, 0, 0,
    0, 0, 0, -47, -2, -4, -4, -4,
    -4, -4, -4, -4, 3, 3, 3, 3,
    -2, -2, -2, -2, 0, 3, 3, 4,
    0, 0, 0, 0, -6, -2, -6, -9,
    -9, -27, -29, -27, -28, 0, 0, -14,
    -5, 0, 0, 0, 0, 0, 0, -13,
    -9, -3, -13, -33, -28, -33, -32, -1,
    0, 0, 0, -23, 0, -1, 0, 0,
    0, -5, 0, 0, 0, -6, 0, -27,
    2, -1, -1, -23, -1, -1, 2, -6,
    1, 5, 0, -1, -2, 2, -2, 0,
    -5, 0, -36, -12, -10, -10, -10, 3,
    -10, -3, -5, 0, -10, -10, 0, -8,
    3, -5, 1, 0, -7, 1, -4, 0,
    0, 0, 0, 0, 0, 0, 0, -31,
    0, 0, 0, -16, 0, -27, -27, -27,
    -1, 2, 0, 0, 0, 0, 0, 2,
    -7, -12, -12, -12, -12, -11, -12, -12,
    -10, -10, -10, -10, 4, -5, 6, 6,
    -14, -10, -10, -10, -5, -5, -5, -5,
    1, -5, 1, -29, -29, -5, 0, -5,
    0, 0, 0, 0, -13, -36, 0, 0,
    0, 0, -36, -12, -33, -32, -15, -15,
    -18, -15, -17, -3, -18, 0, -7, 0,
    0, -3, -37, 0, 0, -8, 0, -14,
    0, -32, 0, -9, -5, -4, -4, -2,
    -4, -4, -5, -7, -51, -7, -34, -30,
    -11, -48, -12, -35, -24, -34, -25, -4,
    0, 0, 0, -8, 0, -2, -6, 0,
    0, 0, 0, -1, -9, -5, -9, -9,
    -11, -9, -9, -22, -17, 0, 0, 0,
    0, 0, 0, -15, 0, 0, 0, -17,
    0, -9, -9, -9, -4, -5, 0, 0,
    0, 0, 0, -48, -2, -4, -4, -4,
    -4, -4, -4, -4, 0, 0, 0, 0,
    -6, -6, -6, -6, 0, 0, 0, 1,
    -5, -5, -5, -5, -9, -6, -9, -18,
    -18, -27, -29, -27, -28, 0, 0, 0,
    0, -13, 0, 0, 0, 0, -13, -12,
    -17, -11, -15, 0, -19, 0, -17, -1,
    -5, 0, 0, 0, 0, -1, 0, 0,
    0, 0, 0, -13, 0, 0, 0, -10,
    -4, -2, -2, -3, -2, -2, -4, -4,
    -5, -2, -6, -8, -9, -6, -4, 0,
    -10, -20, -25, -5, -1, -1, -1, -2,
    -2, -3, -4, 0, -1, -1, 0, -1,
    -3, -6, -4, -4, -10, -4, -7, -10,
    -17, 0, 0, 0, 0, 0, 0, -16,
    0, 0, 0, -16, 0, -10, -10, -10,
    -2, -4, 0, 0, 0, 0, 0, -6,
    -8, -5, -5, -5, -5, -5, -5, -5,
    -1, -1, -1, -1, -4, -4, 0, 0,
    -4, -1, -1, 2, -6, -6, -6, -6,
    -4, -4, -4, -19, -19, 0, -11, 0,
    0, 0, 0, 0, -13, -14, 0, 0,
    0, 0, -14, -13, -16, -12, -16, -17,
    -20, -17, -15, -2, -6, 0, 0, 0,
    0, -2, 0, 0, 0, -8, 0, 0,
    0, -14, 0, -11, -5, -3, -3, -4,
    -3, -3, -5, -6, -7, -3, -9, -10,
    -11, -9, -8, 0, -12, 0, -5, -5,
    -1, -2, -1, -3, -2, -4, 0, 0,
    -1, -2, 0, -2, -4, -6, -4, -4,
    -11, -4, -8, 0, 0, 0, 0, 0,
    0, 0, 0, -17, 0, 0, 0, -17,
    0, -11, -11, -11, -3, -5, 0, 0,
    0, 0, 0, -9, -8, -5, -5, -5,
    -5, -5, -5, -5, -1, -1, -1, -1,
    -5, -5, 0, 0, 0, -1, -1, 1,
    -6, -6, -6, -6, -4, -5, -4, -20,
    -20, -17, -12, -17, -14, 0, 0, 0,
    -10, -22, 0, 0, 0, -17, -22, -18,
    -27, -11, -23, -9, -43, -9, -5, -6,
    0, 0, 0, -25, 0, -6, -32, 0,
    0, -3, 0, 0, 0, -5, 0, 0,
    -4, -6, -6, 0, -6, -6, -4, -9,
    -40, -5, -23, -22, 0, -32, -2, 0,
    -9, 0, -22, -11, -16, -14, -16, 2,
    -10, -4, -5, 0, -16, -14, 0, -10,
    1, -7, -4, -4, -5, -4, -1, 0,
    -35, 0, 0, 0, 0, 0, 0, -38,
    0, 0, 0, -17, 0, 0, 0, 0,
    -6, -4, 0, 0, 0, 0, 0, -32,
    -5, -11, -11, -11, -11, -11, -11, -11,
    -16, -16, -16, -16, -5, -5, -4, -5,
    0, -16, -16, 0, -7, -7, -7, -7,
    -4, -5, -4, -44, -44, -11, -14, -11,
    -12, 0, 0, 0, -13, -36, 0, 0,
    0, 0, -36, -12, -33, -32, -15, -15,
    -18, -15, -17, -3, -18, 0, 0, 0,
    0, -3, -37, 0, 0, -8, 0, -14,
    0, -32, 0, -9, -5, -4, -4, -2,
    -4, -4, -5, -7, -51, -7, -34, -30,
    -11, -48, -12, -35, -24, -33, -25, -4,
    0, 0, 0, -8, 0, -2, -6, 0,
    0, 0, 0, -1, -9, -5, -9, -9,
    -11, -9, -9, -22, -17, 0, 0, 0,
    0, 0, 0, -15, 0, 0, -28, -17,
    0, -9, -9, -9, -4, -5, 0, 0,
    0, -17, 0, -48, -2, -4, -4, -4,
    -4, -4, -4, -4, 0, 0, 0, 0,
    -6, -6, -6, -6, 0, 0, 0, 1,
    -5, -5, -5, -5, -9, -6, -9, -18,
    -18, -27, -29, -27, -28, 0, 0, 0,
    -13, -36, 0, 0, 0, 0, -36, -12,
    -33, -32, -15, -15, -18, -15, -17, -3,
    -18, 0, -7, 0, 0, -3, -37, 0,
    0, -8, 0, -14, 0, -32, -3, -9,
    -5, -4, -4, -2, -4, -4, -5, -7,
    -51, -7, -34, -30, -11, -48, -12, -35,
    -24, -34, -25, -4, 0, 0, 0, -8,
    0, -2, -6, 0, 0, 0, 0, -1,
    -9, -5, -9, -9, -11, -9, -9, -22,
    -17, 0, 0, 0, 0, 0, 0, -15,
    0, 0, -28, -17, 0, -9, -9, -9,
    -4, -5, 0, 0, 0, -17, 0, -48,
    -2, -4, -4, -4, -4, -4, -4, -4,
    0, 0, 0, 0, -6, -6, -6, -6,
    0, 0, 0, 1, -5, -5, -5, -5,
    -9, -6, -9, -18, -18, -27, -29, -27,
    -28, 0, 0, 0, -10, -36, 0, 0,
    0, 0, -36, -7, -43, -34, -10, -17,
    -9, -17, -19, 0, -20, 0, 0, 0,
    0, 0, -37, 0, 0, -8, 0, -5,
    0, -36, 0, -14, 0, -1, -1, -6,
    -1, -1, 0, -1, -51, -1, -33, -28,
    -24, -48, -14, 0, -36, -36, -43, -1,
    0, 3, 0, -4, 1, 0, -1, 0,
    0, 3, 0, 1, -5, 0, -7, -6,
    -19, -7, -11, -30, -10, 0, 0, 0,
    0, 0, 0, -7, 0, 0, 0, -16,
    0, -14, -14, -14, -1, 0, 0, 0,
    0, 0, 0, -48, -1, -1, -1, -1,
    -1, -1, -1, -1, 0, 0, 0, 0,
    -1, -1, -1, -1, -1, 0, 0, 0,
    0, 0, 0, 0, -7, -1, -7, -9,
    -9, -27, -26, -27, -25, 0, 0, 0,
    -10, -35, 0, 0, 0, 0, -35, -7,
    -43, -33, -9, -17, -9, -17, -18, 2,
    -18, 0, 0, 0, 0, 2, -37, 0,
    0, -8, 0, 0, 0, -34, 0, -13,
    0, 0, 0, -6, 0, 0, 0, -2,
    -51, -1, -32, -27, -23, -47, -14, 0,
    -34, -34, -40, 0, 3, 2, 3, -4,
    2, -1, -2, 0, 3, 2, 0, 1,
    -4, 0, -6, -5, -18, -6, -10, -30,
    0, 0, 0, 0, 0, 0, 0, -7,
    0, 0, 0, -15, 0, -13, -13, -13,
    0, 0, 0, 0, 0, 0, 0, -47,
    -2, 0, 0, 0, 0, 0, 0, 0,
    3, 3, 3, 3, -2, -2, -2, -2,
    0, 3, 3, 5, 0, 0, 0, 0,
    -6, -2, -6, -9, -9, -27, -30, -27,
    -28, 0, 0, 0, -10, -13, 0, 0,
    0, -18, -13, -10, -43, -4, -10, -47,
    -29, -47, -36, -1, -1, 0, 0, -23,
    0, -1, -37, 0, 0, -3, 0, 0,
    0, -4, 0, -33, -1, -1, -1, -36,
    -1, -1, -1, -6, -39, -1, -17, -14,
    -35, -28, -34, 0, -44, 0, -46, -8,
    -5, -5, -5, 6, -5, -4, -4, 0,
    -2, -5, 0, -4, 6, -3, 6, 4,
    -5, 6, -2, -35, -21, 0, 0, 0,
    0, 0, 0, -28, 0, 0, 0, -12,
    0, -33, -33, -33, -1, -1, 0, 0,
    0, 0, 0, -28, -4, -8, -8, -8,
    -8, -8, -8, -8, -5, -5, -5, -5,
    -4, -4, -3, -4, -12, -5, -5, -5,
    -3, -3, -3, -3, 6, -4, 6, -30,
    -30, -8, -9, -8, -9, 0, 0, -44,
    -7, -29, 0, 0, 0, 0, -29, -5,
    -35, -26, -9, -8, -15, -8, -13, 5,
    -8, 0, 0, 0, 0, 5, -32, 0,
    0, -2, 0, -8, 0, -29, 0, -5,
    3, 1, 1, 0, 1, 1, 3, 0,
    -48, 0, -29, -24, -10, -43, -4, 0,
    -28, -28, -32, 4, 8, 8, 8, 0,
    8, 1, 1, 0, 8, 8, 0, 4,
    0, 2, -3, -2, -9, -3, -1, -22,
    -14, 0, 0, 0, 0, 0, 0, -10,
    0, 0, 0, -8, 0, -5, -5, -5,
    1, 3, 0, 0, 0, 0, 0, -43,
    0, 4, 4, 4, 4, 4, 4, 4,
    8, 8, 8, 8, 0, 0, 1, 0,
    0, 8, 8, 10, 2, 2, 2, 2,
    -3, 0, -3, -16, -16, -22, -24, -22,
    -22, 0, 0, 0, -8, -17, 0, 0,
    0, 0, -17, -13, -27, -9, -14, -8,
    -31, -8, -8, -2, 0, 0, 0, -11,
    0, -2, -30, 0, 0, 0, 0, -4,
    0, -9, 0, -3, 0, -2, -2, 1,
    -2, -2, 0, -7, -36, -4, -20, -18,
    -2, -30, -3, 0, -17, 0, -19, -3,
    -7, -6, -7, 4, -5, -1, -2, 0,
    -7, -6, 0, -2, 3, -4, 2, 0,
    -3, 2, 0, -15, -24, 0, 0, 0,
    0, 0, 0, -30, 0, 0, 0, -10,
    0, -3, -3, -3, -2, 0, 0, 0,
    0, 0, 0, -30, -2, -3, -3, -3,
    -3, -3, -3, -3, -7, -7, -7, -7,
    -2, -2, -2, -2, 0, -7, -7, 0,
    -4, -4, -4, -4, 2, -2, 2, -31,
    -31, -9, -13, -9, -12, 0, 0, 0,
    -13, -26, 0, 0, 0, 0, -27, -13,
    -33, -20, -16, -17, -20, -17, -18, -3,
    -10, 0, 0, 0, 0, -3, -36, 0,
    0, -9, 0, 0, 0, -22, 0, -11,
    -7, -4, -4, -4, -4, -4, -7, -8,
    -41, -5, -31, -27, -13, -39, -13, 0,
    -23, -26, -25, -5, -1, -2, -1, -3,
    -2, -7, -8, 0, -1, -2, 0, -2,
    -4, -6, -4, -4, -11, -4, -8, -23,
    -19, 0, 0, 0, 0, 0, 0, -17,
    0, 0, 0, -17, 0, -11, -11, -11,
    -4, -7, 0, 0, 0, 0, 0, -39,
    -8, -5, -5, -5, -5, -5, -5, -5,
    -1, -1, -1, -1, -8, -8, -4, -8,
    -4, -1, -1, 0, -6, -6, -6, -6,
    -4, -8, -4, -20, -20, -19, -23, -19,
    -21, 0, 0, 0, -10, -14, 0, 0,
    0, 0, -14, -12, -42, -4, -12, -40,
    -26, -40, -36, -1, -1, 0, 0, -18,
    0, -1, -40, 0, 0, -3, 0, 0,
    0, -4, 0, -33, -3, -2, -2, -34,
    -2, -2, -3, -6, -41, -2, -17, -15,
    -33, -27, -35, 0, -46, 0, -49, -11,
    -7, -6, -7, 3, -7, -4, -4, 0,
    -7, -6, 0, -6, 3, -3, 2, 1,
    -1, 2, -3, -35, 0, 0, 0, 0,
    0, 0, 0, -26, 0, 0, 0, -15,
    0, -33, -33, -33, -2, -3, 0, 0,
    0, 0, 0, -27, -4, -11, -11, -11,
    -11, -11, -11, -11, -7, -7, -7, -7,
    -4, -4, -3, -4, -11, -7, -7, -7,
    -3, -3, -3, -3, 2, -4, 2, -26,
    -26, -6, -9, -6, -6, 0, 0, 0,
    -12, -16, 0, 0, 0, 0, -16, -12,
    -44, -9, -11, -35, -22, -35, -35, -1,
    -2, 0, 0, 0, 0, -1, -40, 0,
    0, -5, 0, 0, 0, -5, 0, -29,
    -3, -2, -2, -25, -2, -2, -3, -8,
    -41, -2, -18, -17, -32, -28, -30, 0,
    -45, 0, -42, -10, -6, -5, -6, 2,
    -5, -4, -4, 0, -6, -5, 0, -5,
    1, -3, 1, 0, -4, 1, -4, -34,
    -19, 0, 0, 0, 0, 0, 0, -22,
    0, 0, 0, -14, 0, -29, -29, -29,
    -2, -3, 0, 0, 0, 0, 0, -28,
    -4, -9, -10, -9, -9, -9, -9, -10,
    -6, -6, -6, -6, -4, -4, -3, -4,
    0, -6, -6, 0, -3, -3, -3, -3,
    1, -4, 1, -23, -23, -10, -11, -10,
    -10, 0, 0, 0, -13, -24, 0, 0,
    0, 0, -24, -20, -30, -18, -25, -15,
    -43, -15, -12, -10, -3, 0, 0, -25,
    -14, -10, -36, -10, 0, -9, 0, -13,
    0, -12, 0, -2, -8, -11, -11, 0,
    -11, -11, -8, -13, -41, -11, -26, -24,
    -2, -34, -8, 0, -16, -19, -22, -15,
    -17, -17, -17, -1, -13, -9, -10, 0,
    -17, -17, 0, -13, -1, -10, 0, 0,
    -1, 0, -6, -15, 0, 0, 0, 0,
    0, 0, 0, -39, 0, 0, 0, -19,
    0, -2, -2, -2, -11, -8, 0, 0,
    0, 0, 0, -34, -10, -15, -15, -15,
    -15, -15, -15, -15, -17, -17, -17, -17,
    -10, -10, -8, -10, 0, -17, -17, 0,
    -10, -10, -10, -10, 0, -10, 0, -44,
    -44, -18, -19, -18, -18, 0, 0, 0,
    -10, -14, 0, 0, 0, -14, -14, -12,
    -42, -4, -12, -40, -26, -40, -36, -1,
    -1, 0, 0, 0, 0, -1, -40, 0,
    0, -3, 0, 0, 0, -4, 0, -33,
    -3, -2, -2, -34, -2, -2, -3, -6,
    -41, -2, -17, -15, -33, -27, -35, 0,
    -46, 0, -49, -11, -7, -6, -7, 3,
    -7, -4, -4, 0, -7, -6, 0, -6,
    3, -3, 2, 1, -1, 2, -3, -36,
    -20, 0, 0, 0, 0, 0, 0, -26,
    0, 0, 0, -15, 0, -33, -33, -33,
    -2, -3, 0, 0, 0, 0, 0, -27,
    -4, -11, -11, -11, -11, -11, -11, -11,
    -7, -7, -7, -7, -4, -4, -3, -4,
    -12, -7, -7, 0, -3, -3, -3, -3,
    2, -4, 2, -26, -26, -6, -9, -6,
    -6, 0, 0, -40, -12, -23, 0, 0,
    0, 0, -23, -15, -30, -15, -16, -12,
    -31, -12, -12, -5, -5, 0, 0, 0,
    0, -5, -36, 0, 0, -7, 0, 0,
    0, -17, 0, -4, -6, -6, -6, 0,
    -6, -6, -6, -13, -41, -8, -26, -24,
    -7, -35, -7, 0, -21, 0, -23, -7,
    -9, -9, -9, 0, -9, -6, -7, 0,
    -9, -9, 0, -5, -1, -6, 0, -2,
    -5, 0, -6, 0, -25, 0, 0, 0,
    0, 0, 0, -33, 0, 0, 0, -15,
    0, -4, -4, -4, -6, -6, 0, 0,
    0, 0, 0, -35, -7, -7, -7, -7,
    -7, -7, -7, -7, -9, -9, -9, -9,
    -7, -7, -4, -7, 0, -9, -9, 0,
    -6, -6, -6, -6, 0, -7, 0, -32,
    -32, -14, -19, -14, -17, 0, 0, 0,
    0, 0, 0, 0, 0, 0, 0, -38,
    0, 0, 0, 0, -48, 0, 0, -29,
    -21, 0, 0, -38, 0, 0, 0, 0,
    0, 0, 0, 0, 0, 0, 0, -15,
    -14, -30, -30, -11, -30, -30, -14, -25,
    -7, -12, -9, -12, -9, -7, -13, 0,
    0, 0, 0, -26, -30, -30, -30, -29,
    -16, -10, -11, 0, -30, -30, 0, -26,
    -31, -30, -31, -34, -16, -31, -21, 0,
    0, 0, 0, 0, 0, 0, 0, 0,
    0, 0, 0, 0, 0, -15, -15, -15,
    -30, -14, 0, 0, 0, 0, 0, -7,
    0, 0, -26, 0, 0, 0, 0, -26,
    -30, -30, -30, 0, -11, -11, 0, 0,
    0, -30, 0, 0, -30, -30, -30, -30,
    -31, -11, -31, 0, 0, 0, 0, 0,
    0, 0, 0, 0, 0, 0, 0, 0,
    0, 0, 0, 0, -37, 0, 0, 0,
    0, 0, 0, 0, 0, 0, 0, 0,
    0, 0, 0, 0, 0, 0, 0, 0,
    0, 0, 0, 0, 0, 0, 0, 0,
    0, 0, 0, 0, 0, 0, 0, 0,
    0, 0, 0, 0, 0, 0, 0, 0,
    0, 0, 0, 0, 0, 0, 0, 0,
    0, 0, 0, 0, 0, 0, 0, 0,
    0, 0, 0, -28, 0, 0, 0, 0,
    0, 0, 0, 0, 0, 0, 0, 0,
    0, 0, 0, 0, 0, 0, 0, 0,
    0, 0, 0, 0, 0, 0, 0, 0,
    0, 0, 0, 0, 0, 0, 0, 0,
    0, 0, 0, 0, 0, 0, 0, 0,
    0, 0, 0, 0, 0, 0, 0, 0,
    0, 0, 0, 0, 0, 0, 0, 0,
    -25, -36, 0, 0, 0, 0, -36, -22,
    -61, -34, 0, -61, -29, -61, -45, -9,
    -17, -35, -33, -28, -20, -9, -64, -22,
    -14, -16, 0, 0, 0, 0, 0, -43,
    -17, -9, -9, -64, -9, -9, -17, -26,
    -71, -14, -36, -34, -56, -48, -56, 0,
    -62, 0, 0, -19, -13, -14, -13, -10,
    -13, -17, -18, 0, -13, -14, 0, -13,
    -11, -16, -11, -13, -27, -11, -24, 0,
    0, 0, 0, 0, 0, 0, 0, -32,
    0, 0, 0, -21, 0, -43, -43, -43,
    -9, -17, 0, 0, 0, 0, 0, -48,
    0, 0, -19, 0, 0, 0, 0, -19,
    -13, -13, -13, -13, -18, -18, 0, 0,
    0, -13, -13, 0, -16, -16, -16, -16,
    -11, -18, -11, 0, 0, -27, -29, -27,
    0, 0, 0, 0, 0, 0, 0, 0,
    0, 0, 0, 0, 0, 0, 0, 0,
    0, 0, 0, 0, 0, 0, 0, 0,
    0, 0, 0, 0, 0, 0, 0, 0,
    0, 0, 0, 0, 0, 0, 0, 0,
    0, 0, 0, 0, -44, 0, -33, 0,
    0, -41, 0, 0, 0, 0, 0, 0,
    0, 0, 0, 0, 0, 0, 0, 0,
    0, 0, 0, 0, 0, 0, 0, 0,
    0, 0, 0, 0, 0, 0, 0, 0,
    0, 0, 0, 0, 0, 0, 0, 0,
    0, 0, 0, 0, 0, 0, 0, 0,
    0, 0, 0, 0, 0, 0, 0, 0,
    0, 0, 0, 0, 0, 0, 0, 0,
    0, 0, 0, 0, 0, 0, 0, 0,
    0, 0, 0, 0, 0, 0, 0, 0,
    0, 0, 0, 0, 0, 0, 0, 0,
    0, 0, 0, 0, 0, 0, 0, 0,
    -41, 0, 0, 0, 0, 0, 0, 0,
    0, 0, 0, 0, 0, 0, -38, 0,
    0, 0, 0, 0, 0, 0, 0, 0,
    0, 0, 0, 0, 0, 0, 0, 0,
    0, 0, 0, 0, 0, 0, 0, 0,
    0, 0, 0, 0, 0, 0, 0, 0,
    0, 0, 0, 0, 0, 0, 0, 0,
    0, 0, 0, 0, 0, 0, 0, 0,
    0, 0, 0, 0, 0, 0, 0, 0,
    0, 0, 0, 0, 0, 0, 0, 0,
    0, 0, 0, 0, 0, 0, 0, 0,
    0, 0, 0, 0, 0, 0, 0, 0,
    0, 0, 0, 0, 0, 0, 0, 0,
    0, 0, 0, 0, 0, 0, 0, 0,
    0, 0, 0, 0, 0, 0, 0, 0,
    0, 0, 0, 0, 0, 0, 0, 0,
    0, 0, 0, 0, -32, 0, 0, 0,
    0, 0, 0, 0, -1, 0, -5, -21,
    -14, -10, -14, 0, 0, 0, 0, 0,
    0, 0, 0, 0, 0, 0, 0, 0,
    0, 0, 0, 0, 0, 0, 0, 0,
    0, 0, 0, 0, 0, 0, 0, 0,
    0, 0, 0, 0, 0, 0, 0, 0,
    0, 0, 0, 0, 0, 0, 0, 0,
    0, 0, 0, 0, 0, 0, 0, 0,
    0, 0, 0, 0, 0, 0, 0, 0,
    0, 0, 0, 0, 0, 0, 0, 0,
    0, 0, 0, 0, 0, 0, 0, 0,
    0, 0, 0, 0, 0, 0, 0, 0,
    0, 0, 0, 0, 0, 0, 0, 0,
    0, 0, 0, 0, 0, 0, 0, 0,
    0, 0, 0, 0, 0, 0, 0, 0,
    0, 0, 0, 0, 0, 0, 0, 0,
    0, 0, 0, 0, 0, 0, -34, 0,
    0, 0, 0, 0, 0, 0, 0, 0,
    0, 0, 0, 0, 0, 0, 0, 0,
    0, 0, 0, 0, 0, 0, 0, 0,
    0, 0, 0, 0, 0, 0, 0, 0,
    0, 0, 0, 0, 0, 0, 0, 0,
    0, 0, 0, 0, 0, 0, 0, 0,
    0, 0, 0, 0, 0, 0, 0, 0,
    0, 0, 0, 0, 0, 0, 0, 0,
    0, 0, 0, 0, 0, 0, 0, 0,
    0, 0, 0, 0, 0, 0, 0, 0,
    0, 0, 0, 0, 0, 0, 0, 0,
    0, 0, 0, 0, 0, 0, 0, 0,
    0, 0, 0, 0, 0, 0, 0, 0,
    0, 0, 0, 0, 0, 0, 0, 0,
    0, 0, 0, 0, 0, 0, 0, 0,
    0, 0, 0, 0, -45, 0, 0, 0,
    0, 0, 0, 0, 0, 0, 0, 0,
    0, 0, 0, 0, 0, 0, 0, 0,
    0, 0, 0, 0, 0, 0, 0, -23,
    0, 0, 0, 0, 0, 0, 0, 0,
    0, 0, 0, 0, 0, 0, 0, 0,
    0, 0, 0, 0, 0, 0, 0, 0,
    0, 0, 0, 0, 0, 0, 0, 0,
    0, 0, 0, 0, 0, 0, 0, 0,
    0, 0, 0, 0, 0, 0, 0, 0,
    0, 0, 0, 0, 0, 0, 0, 0,
    0, 0, 0, 0, 0, 0, 0, 0,
    0, 0, 0, 0, 0, 0, 0, 0,
    0, 0, 0, 0, 0, 0, 0, 0,
    0, 0, 0, 0, 0, 0, 0, 0,
    0, 0, 0, 0, 0, 0, 0, 0,
    0, 0, 0, 0, 0, 0, 0, 0,
    -30, 0, 0, -61, -43, -61, 0, 0,
    0, 0, 0, 0, 0, 0, 0, 0,
    0, 0, 0, 0, 0, 0, 0, 0,
    0, 0, 0, 0, 0, 0, 0, 0,
    0, 0, 0, 0, 0, 0, 0, 0,
    0, 0, 0, 0, 0, 0, 0, 0,
    0, 0, 0, 0, 0, 0, 0, 0,
    0, 0, 0, 0, 0, 0, 0, 0,
    0, 0, 0, 0, 0, 0, 0, 0,
    0, 0, 0, 0, 0, 0, 0, 0,
    0, 0, 0, 0, 0, 0, 0, 0,
    0, 0, 0, 0, 0, 0, 0, 0,
    0, 0, 0, 0, 0, 0, 0, 0,
    0, 0, 0, 0, 0, 0, 0, 0,
    0, 0, 0, 0, 0, 0, 0, 0,
    0, 0, 0, 0, -20, -37, 0, 0,
    -17, 0, -37, -24, -45, -34, -18, -23,
    -35, -23, -26, -13, -16, -15, -21, -19,
    -19, -13, -45, -18, -12, -15, 0, 0,
    0, 0, 0, -20, -16, -13, -13, -10,
    -13, -13, -16, -22, -72, -17, -37, -34,
    -24, -49, -20, 0, -34, 0, 0, -15,
    -15, -15, -15, -9, -15, -16, -17, 0,
    -15, -15, 0, -13, -9, -17, -14, -14,
    -20, -14, -16, 0, 0, 0, 0, 0,
    0, 0, 0, -35, 0, 0, 0, -18,
    0, -20, -20, -20, -13, -16, -16, 0,
    0, 0, -12, -49, -17, -15, -15, -15,
    -15, -15, -15, -15, -15, -15, -15, -15,
    -17, -17, -17, 0, 0, -15, -15, 0,
    -17, -17, -17, -17, -14, -17, -14, -36,
    -36, -28, -29, -28, 0, 0, 0, 0,
    0, 0, 0, 0, 0, 0, 0, 0,
    -45, 0, 0, 0, 0, 0, 0, 0,
    0, 0, 0, 0, 0, 0, 0, 0,
    0, 0, 0, 0, 0, 0, 0, 0,
    0, 0, 0, 0, 0, 0, 0, 0,
    0, 0, 0, 0, 0, 0, 0, 0,
    0, 0, 0, 0, 0, 0, 0, 0,
    0, 0, 0, 0, 0, 0, 0, 0,
    0, 0, 0, 0, 0, 0, 0, 0,
    0, 0, 0, 0, 0, 0, 0, 0,
    0, 0, 0, 0, 0, 0, 0, 0,
    0, 0, 0, 0, 0, 0, 0, 0,
    0, 0, 0, 0, 0, 0, 0, 0,
    0, 0, 0, 0, 0, 0, 0, 0,
    0, 0, 0, 0, 0, 0, 0, 0,
    0, 0, 0, 0, 0, 0, 0, 0,
    0, 0, 0, 0, -17, -11, 0, 0,
    0, 0, -11, 0, -27, -8, 0, -61,
    -64, -61, -55, -15, -2, -4, -7, -53,
    -20, -15, -6, -11, -6, -27, 0, 0,
    0, 0, 0, -53, 0, -17, 0, 0,
    0, 0, 0, -15, 0, 0, 0, -13,
    0, 0, 0, 0, -19, 0, 0, -36,
    -37, -36, 0, 0, -36, 0, 0, 0,
    -37, 0, 0, 0, 0, 0, 0, 0,
    0, 0, 0, 0, 0, 0, 0, 0,
    0, 0, 0, 0, 0, 0, 0, -36,
    0, 0, 0, 0, 0, 0, 0, 0,
    0, 0, 0, 0, 0, 0, 0, 0,
    0, 0, 0, 0, 0, 0, 0, 0,
    0, 0, 0, 0, 0, 0, 0, 0,
    0, 0, 0, 0, 0, 0, 0, -67,
    -67, -11, -12, -11, 0, 0, 0, 0,
    0, 0, 0, 0, 0, 0, 0, 0,
    -28, 0, 0, -61, -52, -61, -51, 0,
    0, 0, 0, 0, 0, 0, 0, 0,
    0, 0, 0, 0, 0, 0, 0, 0,
    0, 0, 0, 0, 0, 0, 0, 0,
    0, 0, 0, 0, 0, 0, 0, 0,
    0, 0, 0, 0, 0, 0, 0, 0,
    0, 0, 0, 0, 0, 0, 0, 0,
    0, 0, 0, 0, 0, 0, 0, 0,
    0, 0, 0, 0, 0, 0, 0, 0,
    0, 0, 0, 0, 0, 0, 0, 0,
    0, 0, 0, 0, 0, 0, 0, 0,
    0, 0, 0, 0, 0, 0, 0, 0,
    0, 0, 0, 0, 0, 0, 0, 0,
    0, 0, 0, 0, 0, 0, 0, 0,
    0, 0, 0, 0, 0, 0, 0, 0,
    0, 0, 0, 0, -26, -55, 0, 0,
    -42, 0, -55, -20, -58, -53, -24, -32,
    -19, -32, -34, -12, -38, -30, -11, -7,
    -13, -12, -51, -9, -14, -27, 0, 0,
    0, 0, 0, -28, -16, -12, -12, -26,
    -12, -12, -16, -13, -69, -14, -48, -43,
    -40, -69, -33, 0, -53, 0, 0, -17,
    -7, -7, -7, -24, -7, -16, -17, 0,
    -7, -7, 0, -16, -26, -15, -24, -22,
    -40, -24, -32, 0, 0, 0, 0, 0,
    0, 0, 0, -15, 0, 0, 0, -35,
    0, -28, -28, -28, -12, -16, 0, 0,
    0, 0, 0, -69, -17, -17, -17, -17,
    -17, -17, -17, -17, -7, -7, -7, -7,
    -17, -17, 0, 0, 0, -7, -7, 0,
    -15, -15, -15, -15, -24, -17, -24, -19,
    -19, -46, -47, -46, 0, 0, 0, 0,
    0, 0, 0, 0, 0, 0, 0, 0,
    0, 0, 0, 0, 0, 0, 0, 0,
    0, 0, 0, 0, 0, 0, 0, 0,
    0, 0, 0, 0, 0, 0, 0, 0,
    0, -46, 0, 0, -47, -47, 0, -38,
    -67, 0, -71, 0, 0, -74, 0, 0,
    0, 0, 0, 0, -35, 0, -35, 0,
    0, 0, 0, 0, 0, -34, 0, 0,
    0, 0, 0, 0, 0, 0, 0, 0,
    0, 0, 0, 0, 0, 0, 0, 0,
    0, 0, 0, 0, 0, 0, 0, 0,
    0, 0, 0, 0, 0, 0, 0, 0,
    0, 0, 0, 0, 0, 0, 0, 0,
    0, 0, 0, 0, 0, 0, 0, 0,
    0, 0, 0, 0, 0, 0, 0, 0,
    0, 0, 0, 0, 0, 0, 0, 0,
    0, 0, 0, 0, -13, -54, 0, 0,
    0, 0, -54, -24, -28, -52, -38, -12,
    -32, -12, -10, -16, -34, 0, 0, 0,
    0, -16, 0, 0, 0, -9, 0, 0,
    0, -47, 0, 0, -7, -21, -21, 0,
    -21, -21, -7, -15, -53, -20, -53, -48,
    -1, -56, -3, 0, -16, 0, -22, -10,
    -13, -12, -13, -19, -10, -10, -11, 0,
    -13, -12, 0, -9, -26, -16, -32, -29,
    -2, -32, -5, 0, 0, 0, 0, 0,
    0, 0, 0, -28, 0, 0, 0, -20,
    0, 0, 0, 0, -21, -7, 0, 0,
    0, 0, 0, -56, -11, -10, -10, -10,
    -10, -10, -10, -10, -13, -13, -13, -13,
    -11, -11, -10, -11, 0, -13, -13, 0,
    -16, -16, -16, -16, -32, -11, -32, -33,
    -33, -49, -51, -49, -49, 0, 0, 0,
    -13, -54, 0, 0, 0, 0, -54, -24,
    -28, -52, -38, -12, -32, -12, -10, -16,
    -34, 0, 0, 0, 0, -16, 0, 0,
    0, -9, 0, 0, 0, -47, 0, 0,
    -7, -21, -21, 0, -21, -21, -7, -15,
    -53, -20, -53, -48, -1, -56, -3, 0,
    -16, 0, -22, -10, -13, -12, -13, -19,
    -10, -10, -11, 0, -13, -12, 0, -9,
    -26, -16, -32, -29, -2, -32, -5, 0,
    0, 0, 0, 0, 0, 0, 0, -28,
    0, 0, 0, -20, 0, 0, 0, 0,
    -21, -7, 0, 0, 0, 0, 0, -56,
    -11, -10, -10, -10, -10, -10, -10, -10,
    -13, -13, -13, -13, -11, -11, -10, -11,
    -15, -13, -13, 0, -16, -16, -16, -16,
    -32, -11, -32, -33, -33, -49, -51, -49,
    -49, 0, 0, 0, -13, -15, 0, 0,
    0, 0, -15, -24, -17, -16, -22, -14,
    -31, -14, -14, -13, -9, 0, 0, 0,
    0, -13, 0, 0, 0, -12, 0, 0,
    0, -19, 0, -5, -7, -14, -14, 1,
    -14, -14, -7, -15, -3, -8, -7, -10,
    -4, -4, -5, 0, -13, 0, -25, -12,
    -14, -13, -14, -15, -13, -5, -5, 0,
    -14, -13, 0, -9, -16, -17, -18, -18,
    -10, -18, -9, 0, 0, 0, 0, 0,
    0, 0, 0, -30, 0, 0, 0, -18,
    0, -5, -5, -5, -14, -7, 0, 0,
    0, 0, 0, -4, -14, -11, -12, -11,
    -11, -11, -11, -12, -14, -14, -14, -13,
    -5, -5, 0, 7, -16, -14, -13, 0,
    -17, -17, -17, -17, -18, -5, -18, -32,
    -32, -20, -16, -20, -15, 0, 0, 0,
    -11, -18, 0, 0, 0, 0, -18, -12,
    -39, -10, -19, -23, -18, -23, -25, 1,
    -1, 0, 0, 0, 0, 1, 0, 0,
    0, -9, 0, 0, 0, -11, 0, -17,
    0, -1, -1, -11, -1, -1, 0, 0,
    -19, -1, -17, -16, -24, -24, -15, 0,
    -29, 0, -49, -9, -1, -2, -1, 0,
    -2, -4, -4, 0, -1, -2, 0, -7,
    0, -6, 0, -1, -13, 0, -9, 0,
    0, 0, 0, 0, 0, 0, 0, -11,
    0, 0, 0, -15, 0, -17, -17, -17,
    -1, 0, 0, 0, 0, 0, 0, -24,
    -7, -7, -9, -7, -7, -7, -7, -9,
    -1, -1, -1, -1, -4, -4, 4, 0,
    0, -1, -1, 0, -6, -6, -6, -6,
    0, -4, 0, -18, -18, -9, -13, -9,
    -11, 0, 0, 0, -13, -15, 0, 0,
    0, 0, -15, -24, -17, -16, -22, -14,
    -31, -14, -14, -13, -9, 0, 0, 0,
    0, -13, 0, 0, 0, -12, 0, 0,
    0, -19, 0, -5, -7, -14, -14, 1,
    -14, -14, -7, -15, -3, -8, -7, -10,
    -4, -4, -5, 0, -13, 0, -25, -12,
    -14, -13, -14, -15, -13, -5, -5, 0,
    -14, -13, 0, -9, -16, -17, -18, -18,
    -10, -18, -9, 0, 0, 0, 0, 0,
    0, 0, 0, -30, 0, 0, 0, -18,
    0, -5, -5, -5, -14, -7, 0, 0,
    0, 0, 0, -4, -14, -11, -12, -11,
    -11, -11, -11, -12, -14, -14, -14, -13,
    -5, -5, 0, 7, 0, -14, -13, 0,
    -17, -17, -17, -17, -18, -5, -18, -32,
    -32, -20, -16, -20, -15, 0, 0, 0,
    -9, -12, 0, 0, 0, 0, -12, -12,
    -17, -10, 0, -16, -18, -16, -16, 0,
    -1, 0, 0, 0, 0, 0, 0, 0,
    0, -6, 0, 0, 0, -11, 0, -7,
    -4, 0, 0, 0, 0, 0, -4, -2,
    -4, -4, -6, -6, -6, -4, -6, 0,
    -12, 0, -25, -4, 0, -1, 0, -1,
    0, -3, -4, 0, 0, -1, 0, -1,
    -1, -5, -3, -3, -10, -3, -7, 0,
    0, 0, 0, 0, 0, 0, 0, -16,
    0, 0, 0, -16, 0, -7, -7, -7,
    0, -4, 0, 0, 0, 0, 0, -4,
    -7, -3, -4, -3, -3, -3, -3, -4,
    0, 0, 0, 1, -4, -4, 0, 0,
    0, 0, 1, 0, -5, -5, -5, -5,
    -3, -4, -3, -18, -18, -13, -12, -13,
    -12, 0, 0, 0, -9, -12, 0, 0,
    0, 0, -12, -12, -17, -10, 0, -16,
    -18, -16, -16, 0, -1, 0, 0, 0,
    0, 0, 0, 0, 0, -6, 0, 0,
    0, -11, 0, -7, -4, 0, 0, 0,
    0, 0, -4, -2, -4, -4, -6, -6,
    -6, -4, -6, 0, -12, 0, -25, -4,
    0, -1, 0, -1, 0, -3, -4, 0,
    0, -1, 0, -1, -1, -5, -3, -3,
    -10, -3, -7, 0, 0, 0, 0, 0,
    0, 0, 0, -16, 0, 0, 0, -16,
    0, -7, -7, -7, 0, 17, 0, 0,
    0, 0, 0, -4, -7, -3, -4, -3,
    -3, -3, -3, -4, 0, 0, 0, 1,
    -4, -4, 0, 0, 0, 0, 1, 0,
    -5, -5, -5, -5, -3, -4, -3, -18,
    -18, -13, -12, -13, -12, 0, 0, 0,
    0, 0, 0, 0, 0, 0, 0, 0,
    0, 0, 0, 0, 0, 0, 0, 0,
    0, 0, 0, 0, 0, 0, 0, 0,
    0, 0, 0, 0, 0, 0, 0, 0,
    0, 0, 0, 0, 0, 0, 0, 0,
    0, 0, 0, 0, 0, 0, 0, 0,
    0, 0, 0, 0, 0, 0, 0, 0,
    0, 0, 0, 0, 0, 0, 0, 0,
    0, 0, 0, 0, 0, 0, -7, 0,
    0, 0, 0, 0, 0, 0, 0, 0,
    0, 0, 0, 0, 0, 0, 0, 0,
    0, 0, 0, 0, 0, 0, 0, 0,
    0, 0, 0, 0, 0, 0, 0, 0,
    0, 0, 0, 0, 0, 0, 0, 0,
    0, 0, 0, 0, 0, 0, 0, 0,
    0, 0, 0, 0, 0, 0, 0, 0,
    0, 0, 0, 0, 0, 0, 0, 0,
    0, 0, 0, 0, 0, 0, 0, 0,
    -18, 0, 0, 0, 0, 0, 0, 0,
    0, 0, 0, 0, 0, 0, 0, 0,
    0, 0, 0, 0, 0, 0, 0, 0,
    0, 0, 0, 0, 0, 0, 0, 0,
    0, 0, 0, 0, 0, 0, 0, 0,
    0, 0, 0, 0, 0, 0, 0, 0,
    0, 0, 0, 0, 0, 0, 0, 0,
    0, 0, 0, 0, 0, 0, 0, 0,
    0, 0, 0, 0, 0, 0, 0, 0,
    0, 0, 0, 0, 0, 0, 0, 64,
    0, 0, 0, 0, 0, 0, 0, 0,
    0, 0, 0, 0, 0, 0, 0, 0,
    0, 0, 0, 0, 0, 0, 0, 0,
    0, 0, 0, 0, 0, 0, 0, 0,
    0, 0, 0, 0, 0, 0, 0, 0,
    -10, -23, 0, 0, 0, 0, -23, -8,
    -45, -15, -8, -29, -13, -29, -27, 5,
    -1, 0, 0, 0, 0, 5, 0, 0,
    0, -8, 0, 0, 0, -18, 0, -21,
    0, 2, 2, -21, 2, 2, 0, -2,
    -26, 0, -21, -19, -32, -29, -21, 0,
    -36, 0, -57, -5, -1, -1, -1, 0,
    -1, -2, -3, 0, -1, -1, 0, -1,
    0, -2, -2, -3, -15, -2, -9, 0,
    0, 0, 0, 0, 0, 0, 0, -12,
    0, 0, 0, -13, 0, -21, -21, -21,
    2, 0, 0, 0, 0, 0, 0, -29,
    -4, -4, -5, -4, -4, -4, -4, -5,
    -1, -1, -1, -1, -3, -3, 4, 0,
    0, -1, -1, 0, -2, -2, -2, -2,
    -2, -3, -2, -13, -13, -13, -16, -13,
    -14, 0, 0, 0, -10, -23, 0, 0,
    0, 0, -23, -8, -44, -15, -8, -28,
    -13, -28, -26, 5, -1, 0, 0, 0,
    0, 5, 0, 0, 0, -8, 0, 0,
    0, -17, 0, -21, 0, 2, 2, -19,
    2, 2, 0, -2, -24, 0, -20, -18,
    -30, -27, -20, 0, -35, 0, -54, -5,
    -1, 0, -1, 0, -1, -2, -3, 0,
    -1, 0, 0, 0, 0, -2, -2, -2,
    -15, -2, -9, 0, 0, 0, 0, 0,
    0, 0, 0, -12, 0, 0, 0, -13,
    0, -21, -21, -21, 2, 0, 0, 0,
    0, 0, 0, -27, -4, -5, -5, -5,
    -5, -5, -5, -5, -1, -1, -1, -1,
    -3, -3, 4, 1, 0, -1, -1, 0,
    -2, -2, -2, -2, -2, -3, -2, -13,
    -13, -13, -16, -13, -14, 0, 0, 0,
    0, 0, 0, 0, 0, 0, 0, 0,
    -49, 0, 0, 0, 0, 0, 0, 0,
    -7, 0, -8, -9, -12, 0, -30, 0,
    0, 0, 0, 0, 0, 0, 0, -29,
    0, 0, 0, 0, 0, 0, 0, 0,
    -32, 0, 0, 0, 0, 0, 0, 0,
    0, 0, 0, 0, 0, 0, 0, 0,
    0, 0, 0, 0, 0, 0, 0, 0,
    0, 0, 0, 0, 0, 0, 0, 0,
    0, 0, 0, 0, 0, 0, 0, 0,
    0, 0, 0, 0, 0, 0, 0, 0,
    0, 0, 0, 0, 0, 0, 0, 0,
    0, 0, 0, 0, 0, 0, 0, 0,
    0, 0, 0, 0, 0, 0, 0, 0,
    0, 0, 0, 0, 0, 0, 0, 0,
    0, 0, 0, 0, 0, 0, 0, 0,
    0, 0, 0, 0, 0, 0, 0, 0,
    0, 0, 0, 0, -27, 0, 0, 0,
    -13, 0, 0, 0, 0, 0, 0, 0,
    0, 0, 0, 0, 0, 0, 0, 0,
    0, 0, 0, 0, 0, 0, 0, -19,
    0, 0, 0, 0, 0, 0, 0, 0,
    0, 0, 0, 0, 0, 0, 0, 0,
    0, 0, 0, 0, 0, 0, 0, 0,
    0, 0, 0, 0, 0, 0, -2, 0,
    0, -2, 0, 0, 0, 0, 0, 0,
    0, 0, 0, 0, 0, 0, 0, 0,
    0, 0, 0, 0, 0, 0, 0, 0,
    0, 0, 0, 0, 0, 0, 0, 0,
    0, 0, 0, 0, 0, 0, 0, 0,
    0, 0, 0, 0, 0, 0, 0, 0,
    0, 0, 0, 0, 0, 0, 0, 0,
    0, 0, 0, 0, 0, 0, 0, 0,
    -9, -10, 0, 0, 0, 0, -10, -11,
    -17, -9, -12, -26, -17, -26, -26, 0,
    0, 0, 0, 0, 0, 0, 0, 0,
    0, -10, 0, 0, 0, -9, 0, -20,
    -4, 0, 0, -14, 0, 0, -4, -2,
    -3, -1, -4, -4, -10, -3, -9, 0,
    -13, 0, -48, -6, -1, -1, -1, 0,
    -1, -2, -3, 0, -1, -1, 0, -3,
    0, -4, -1, -2, -14, -1, -10, 0,
    0, 0, 0, 0, 0, 0, 0, -14,
    0, 0, 0, -17, 0, -20, -20, -20,
    0, -4, 0, 0, 0, 0, 0, -3,
    -5, -5, -6, -5, -5, -5, -5, -6,
    -1, -1, -1, 0, -3, -3, 7, 13,
    0, -1, 0, 0, -4, -4, -4, -4,
    -1, -3, -1, -17, -17, -11, -11, -11,
    -10, 0, 0, 0, -13, -8, 0, 0,
    0, 0, -8, -39, -10, -13, -49, -61,
    -70, -61, -61, -25, -11, 0, 0, 0,
    0, -25, 0, 0, 0, -40, 0, 0,
    0, -17, 0, -56, -4, -27, -27, -49,
    -27, -27, -4, -22, 0, -3, 0, 0,
    -2, 0, -4, 0, -8, 0, -65, -49,
    -48, -48, -48, -25, -47, -6, -9, -40,
    -48, -48, -40, -44, -27, -38, -27, -28,
    -37, -27, -37, 0, 0, 0, 0, 0,
    0, 0, 0, -69, 0, 0, 0, -49,
    0, -56, -56, -56, -27, -4, 0, 0,
    0, 0, 0, 0, -39, -20, -49, -20,
    -20, -20, -20, -49, -48, -48, -48, -22,
    -9, -9, 9, 0, 0, -48, -22, 0,
    0, 0, 0, -23, -27, -9, -27, -71,
    -71, -17, -9, -17, -7, 0, 0, 0,
    0, 0, 0, 0, 0, 0, 0, 0,
    -47, 0, 0, 0, 0, -39, 0, 0,
    0, 0, 0, 0, 0, 0, 0, 0,
    0, 0, 0, 0, 0, 0, 0, -26,
    0, 0, 0, -32, 0, 0, 0, 0,
    0, 0, -24, 0, 0, -34, 0, 0,
    0, 0, 0, -8, 0, 0, -2, 0,
    0, -5, -6, 0, -2, 0, 0, 0,
    0, -4, -2, 0, 0, 0, 0, 0,
    0, 0, 0, 0, 0, 0, 0, 0,
    0, 0, 0, 0, 0, 0, -26, 0,
    0, 0, 0, 0, 0, 0, 0, -34,
    0, 0, -8, 0, 0, 0, 0, -8,
    0, 0, 0, 0, 0, 0, 0, 0,
    0, -2, 0, 0, 0, 0, 0, 0,
    -2, 0, 0, 0, 0, 0, 0, 0,
    0, 0, 0, 0, 0, 0, 0, 0,
    0, 0, -22, 0, -35, 0, 0, -15,
    -13, -15, 0, 0, 0, 0, 0, 0,
    0, 0, 0, 0, 0, 0, 0, 0,
    0, 0, 0, 0, 0, 0, 0, 0,
    0, 0, 0, 0, 0, 0, 0, 0,
    0, 0, 0, 0, 0, 0, 0, -3,
    0, 0, -1, -4, -1, -3, 0, 0,
    0, 0, 0, 0, -6, -3, -5, -4,
    0, 0, -9, 0, 0, 0, 0, 0,
    0, 0, 0, 0, 0, 0, 0, -17,
    0, 0, 0, 0, 0, 0, 0, 0,
    0, 0, 0, 0, 0, 0, 0, 0,
    0, 0, 0, 0, 0, 0, 0, 0,
    0, 0, 0, 0, 0, 0, 0, 0,
    0, 0, 0, 0, 0, 0, 0, 0,
    0, 0, 0, 0, 0, 0, 0, 0,
    -13, -40, 0, 0, 0, 0, -40, -15,
    -25, -36, -18, -17, -21, -17, -17, -5,
    -23, 0, 0, 0, 0, -5, 0, 0,
    0, -11, 0, 0, 0, -34, 0, -9,
    -5, -7, -7, -4, -7, -7, -5, -11,
    -24, -9, -37, -34, -12, -52, -12, 0,
    -22, 0, -24, -7, -4, -4, -4, -11,
    -4, -6, -7, 0, -4, -4, 0, -4,
    -13, -8, -13, -13, -11, -13, -11, 0,
    0, 0, 0, 0, 0, 0, 0, -18,
    0, 0, 0, -20, 0, -9, -9, -9,
    -7, -5, 0, 0, 0, 0, 0, -52,
    -7, -7, -7, -7, -7, -7, -7, -7,
    -4, -4, -4, -4, -7, -7, -7, -7,
    0, -4, -4, 0, -8, -8, -8, -8,
    -13, -7, -13, -21, -21, -29, -28, -29,
    -29, 0, 0, 0, -13, -28, 0, 0,
    0, 0, -28, -15, -25, -36, -18, -17,
    -21, -17, -17, -5, -23, 0, 0, 0,
    0, -5, 0, 0, 0, -11, 0, 0,
    0, -34, 0, -9, -5, -7, -7, -4,
    -7, -7, -5, -11, -24, -9, -37, -34,
    -12, -52, -12, 0, -22, 0, -24, -7,
    -4, -4, -4, -11, -4, -6, -7, 0,
    -4, -4, 0, -4, -13, -8, -13, -13,
    -11, -13, -11, 0, 0, 0, 0, 0,
    0, 0, 0, -18, 0, 0, 0, -20,
    0, -9, -9, -9, -7, -5, 0, 0,
    0, 0, 0, -52, -7, -7, -7, -7,
    -7, -7, -7, -7, -4, -4, -4, -4,
    -7, -7, -7, -7, -6, -4, -4, 0,
    -8, -8, -8, -8, -13, -7, -13, -21,
    -21, -29, -28, -29, -29, 0, 0, 0,
    -13, -28, 0, 0, 0, 0, -28, -15,
    -25, -36, -18, -17, -21, -17, -17, -5,
    -23, 0, 0, 0, 0, -5, 0, 0,
    0, -11, 0, 0, 0, -34, 0, -9,
    -5, -7, -7, -4, -7, -7, -5, -11,
    -24, -9, -37, -34, -12, -52, -12, 0,
    -22, 0, -24, -7, -4, -4, -4, -11,
    -4, -6, -7, 0, -4, -4, 0, -4,
    -13, -8, -13, -13, -11, -13, -11, 0,
    0, 0, 0, 0, 0, 0, 0, -18,
    0, 0, 0, -20, 0, -9, -9, -9,
    -7, -5, 0, 0, 0, 0, 0, -52,
    -7, -7, -7, -7, -7, -7, -7, -7,
    -4, -4, -4, -4, -7, -7, -7, -7,
    0, -4, -4, 0, -8, -8, -8, -8,
    -13, -7, -13, -21, -21, -29, -28, -29,
    -29, 0, 0, 0, -10, -34, 0, 0,
    0, 0, -34, -8, -42, -33, -9, -17,
    -9, -17, -18, 0, -20, 0, 0, 0,
    0, 0, 0, 0, 0, -7, 0, 0,
    0, -34, 0, -13, 0, -1, -1, -4,
    -1, -1, 0, -2, -50, -2, -32, -28,
    -22, -47, -14, 0, -34, 0, -40, -4,
    3, 2, 3, -4, 2, -1, -2, 0,
    3, 2, 0, 1, -5, 0, -6, -5,
    -19, -6, -11, 0, 0, 0, 0, 0,
    0, 0, 0, -7, 0, 0, 0, -15,
    0, -13, -13, -13, -1, 0, 0, 0,
    0, 0, 0, -47, -2, -4, -4, -4,
    -4, -4, -4, -4, 3, 3, 3, 3,
    -2, -2, -2, -2, 0, 3, 3, 0,
    0, 0, 0, 0, -6, -2, -6, -9,
    -9, -27, -29, -27, -28, 0, 0, 0,
    -10, -32, 0, 0, 0, 0, -32, -9,
    -30, -31, -8, -13, -17, -13, -20, -2,
    -16, 0, 0, 0, 0, -2, 0, 0,
    0, -5, 0, 0, 0, -33, 0, -12,
    -2, -2, -2, -2, -2, -2, -2, -2,
    -51, -5, -34, -30, -19, -46, -10, 0,
    -31, 0, -39, -3, -1, -1, -1, -1,
    -2, -4, -5, 0, -1, -1, 0, 0,
    -2, -4, -7, -6, -19, -7, -9, 0,
    0, 0, 0, 0, 0, 0, 0, -15,
    0, 0, 0, -13, 0, -12, -12, -12,
    -2, -2, 0, 0, 0, 0, 0, -46,
    -5, -3, -3, -3, -3, -3, -3, -3,
    -1, -1, -1, -1, -5, -5, -5, -5,
    0, -1, -1, 0, -4, -4, -4, -4,
    -7, -5, -7, -17, -17, -25, -27, -25,
    -26, 0, 0, 0, -8, -33, 0, 0,
    0, 0, -33, -5, -39, 0, 0, -15,
    -7, -15, -16, 0, -13, 0, 0, 0,
    0, 0, 0, 0, 0, -6, 0, 0,
    0, -29, 0, -11, 4, 0, 0, -3,
    0, 0, 4, 0, -29, -1, -27, 0,
    0, 0, 0, 0, -32, 0, 0, -2,
    6, 5, 6, -2, 5, 1, 0, 0,
    6, 5, 0, 4, -3, 2, -4, -3,
    -17, -4, -9, 0, 0, 0, 0, 0,
    0, 0, 0, -5, 0, 0, 0, -13,
    0, -11, -11, -11, 0, 4, 0, 0,
    0, 0, 0, 0, 0, -2, -2, -2,
    -2, -2, -2, -2, 6, 6, 6, 6,
    0, 0, 1, 0, 0, 6, 6, 0,
    2, 2, 2, 2, -4, 0, -4, -7,
    -7, -23, -25, -23, -23, 0, 0, 0,
    -10, -34, 0, 0, 0, 0, -34, -8,
    -33, -33, -9, -17, -9, -17, -18, 0,
    -20, 0, 0, 0, 0, 0, 0, 0,
    0, -7, 0, 0, 0, -34, 0, -13,
    0, -1, -1, -4, -1, -1, 0, -2,
    -50, -2, -32, -28, -22, -47, -14, 0,
    -34, 0, -40, -4, 3, 2, 3, -4,
    2, -1, -2, 0, 3, 2, 0, 1,
    -5, 0, -6, -5, -19, -6, -11, 0,
    0, 0, 0, 0, 0, 0, 0, -7,
    0, 0, 0, -15, 0, -13, -13, -13,
    -1, 0, 0, 0, 0, 0, 0, -47,
    -2, -4, -4, -4, -4, -4, -4, -4,
    3, 3, 3, 3, -2, -2, -2, -2,
    0, 3, 3, 0, 0, 0, 0, 0,
    -6, -2, -6, -9, -9, -27, -29, -27,
    -28, 0, 0, 0, -9, -25, 0, 0,
    0, 0, -25, -7, -39, -21, 0, -17,
    -9, -17, -18, 0, -11, 0, 0, 0,
    0, 0, 0, 0, 0, -7, 0, 0,
    0, -21, 0, -13, 0, -1, -1, -4,
    -1, -1, 0, -2, -9, -1, -9, -20,
    -17, 0, -9, 0, -22, 0, 0, -4,
    3, 2, 3, -4, 2, 0, -2, 0,
    3, 2, 0, 1, -5, 0, -6, -5,
    -19, -6, -11, 0, 0, 0, 0, 0,
    0, 0, 0, -7, 0, 0, 0, -15,
    0, -13, -13, -13, -1, 0, 0, 0,
    0, 0, 0, 0, -2, -4, -4, -4,
    -4, -4, -4, -4, 3, 3, 3, 3,
    -2, -2, 2, 0, 0, 3, 3, 0,
    0, 0, 0, 0, -6, -2, -6, -9,
    -9, -21, -16, -21, -21, 0, 0, 0,
    -9, -17, 0, 0, 0, 0, -25, -7,
    -26, -21, 0, -17, -9, -17, -18, 0,
    -11, 0, 0, 0, 0, 0, 0, 0,
    0, -7, 0, 0, 0, -21, 0, -13,
    0, -1, -1, -4, -1, -1, 0, -2,
    -9, -1, -9, -20, -17, 0, -9, 0,
    -22, 0, 0, -4, 3, 2, 3, -4,
    2, 0, -2, 0, 3, 2, 0, 1,
    -5, 0, -6, -5, -19, -6, -11, 0,
    0, 0, 0, 0, 0, 0, 0, -7,
    0, 0, 0, -15, 0, -13, -13, -13,
    -1, 0, 0, 0, 0, 0, 0, 0,
    -2, -4, -4, -4, -4, -4, -4, -4,
    3, 3, 3, 3, -2, -2, 2, 0,
    0, 3, 3, 0, 0, 0, 0, 0,
    -6, -2, -6, -9, -9, -21, -16, -21,
    -21, 0, 0, 0, 0, 0, 0, 0,
    0, 0, 0, -1, -21, 3, 0, -6,
    -9, -6, -7, 13, 3, 0, 0, 0,
    0, 13, 0, 0, 0, 2, 0, 0,
    0, 0, 0, -1, 5, 11, 11, 5,
    11, 11, 5, 8, 4, 0, 0, 0,
    0, 5, 0, 0, 0, 0, 0, 5,
    14, 13, 14, 6, 13, 4, 4, 0,
    14, 13, 0, 10, 5, 4, 7, 5,
    -1, 7, 4, 0, 0, 0, 0, 0,
    0, 0, 0, -6, 0, 0, 0, -6,
    0, -1, -1, -1, 11, 5, 0, 0,
    0, 0, 0, 5, 3, 5, 5, 5,
    5, 5, 5, 5, 14, 14, 14, 14,
    4, 4, 5, 0, 0, 14, 14, 0,
    4, 4, 4, 4, 7, 4, 7, -9,
    -9, 1, 0, 1, 0, 0, 0, 0,
    0, 0, 0, 0, 0, 0, 0, -1,
    0, 3, 0, -6, -9, -6, -7, 13,
    3, 0, 0, 0, 0, 13, 0, 0,
    0, 2, 0, 0, 0, 0, 0, -1,
    5, 11, 11, 5, 11, 11, 5, 8,
    4, 0, 0, 0, 0, 5, 0, 0,
    0, 0, 0, 5, 14, 13, 14, 6,
    13, 4, 4, 0, 14, 13, 0, 10,
    5, 4, 7, 5, -1, 7, 4, 0,
    0, 0, 0, 0, 0, 0, 0, -6,
    0, 0, 0, -6, 0, -1, -1, -1,
    11, 5, 0, 0, 0, 0, 0, 5,
    3, 5, 5, 5, 5, 5, 5, 5,
    14, 14, 14, 14, 4, 4, 5, 0,
    11, 14, 14, 0, 4, 4, 4, 4,
    7, 4, 7, -9, -9, 1, 0, 1,
    0, 0, 0, 0, 0, 5, 0, 0,
    0, 0, 5, 0, -9, 0, 0, -17,
    -20, -17, -16, 0, 0, 0, 0, 0,
    0, 0, 0, 0, 0, 0, 0, 0,
    0, 0, 0, 0, 0, 0, 0, 0,
    0, 0, 0, 0, 0, 0, 0, 0,
    0, 0, 0, 0, 0, 0, 0, -5,
    0, 0, 0, 0, 0, 0, 0, 0,
    0, 0, 0, 0, 0, 0, 0, 0,
    -9, -3, -4, 0, 0, 0, 0, 0,
    0, 0, 0, 0, 0, 0, 0, -17,
    0, 0, 0, 0, 0, 0, 0, 0,
    0, 0, 0, 0, 0, 0, 0, 0,
    0, 0, 0, 0, 0, 0, 0, 0,
    0, 0, 0, 0, 0, 0, 0, 0,
    0, 0, 0, 0, 0, 0, 0, 0,
    0, 0, 0, 0, 0, 0, 0, 0,
    0, 0, 0, 0, 0, 0, 0, 0,
    0, 0, 0, 0, -20, 0, 0, 0,
    0, 0, 0, 0, 0, 0, 0, 0,
    0, 0, 0, 0, 0, 0, 0, 0,
    0, 0, 0, 0, 0, 0, 0, 0,
    0, 0, 0, 0, 0, 0, 0, 0,
    0, 0, 0, -5, 0, -2, 0, 0,
    0, 0, 0, 0, 0, -2, 0, -2,
    -3, 0, -4, -4, -11, 0, 0, 0,
    0, 0, 0, 0, 0, 0, 0, 0,
    0, 0, 0, 0, 0, 0, 0, 0,
    0, 0, 0, 0, 0, 0, 0, 0,
    0, 0, 0, 0, 0, 0, 0, 0,
    0, 0, 0, 0, 0, 0, 0, 0,
    0, 0, 0, 0, 0, 0, 0, 0,
    0, 0, 0, 0, 0, 0, 0, 0,
    0, 0, 0, 0, 0, -23, 0, 0,
    0, 0, 0, 0, -36, 0, 0, -21,
    -9, -22, 0, 0, 0, 0, 0, 0,
    0, 0, 0, 0, 0, 0, 0, 0,
    0, 0, 0, 0, 0, 0, 0, 0,
    0, 0, 0, 0, 0, 0, 0, 0,
    0, 0, 0, 0, -32, 0, 0, -1,
    0, 4, 4, 0, 4, 0, 0, 0,
    0, 0, 0, 4, 0, 0, -1, 0,
    0, 0, 0, 0, 0, 0, 0, 0,
    0, 0, 0, 0, 0, 0, 0, 0,
    0, 0, 0, 0, 0, 0, 0, 0,
    0, 0, 0, 0, 0, 0, 0, 0,
    0, 0, 0, 0, 0, 0, 0, 0,
    0, 0, 0, 0, 0, 0, 0, 0,
    0, 0, 0, 0, 0, 0, 0, 0,
    0, 0, 0, 0, 0, 0, 0, 0,
    -13, -29, 0, 0, 0, 0, -36, -12,
    -33, -32, -15, -15, -18, -15, -17, -3,
    -18, 0, 0, 0, 0, -3, 0, 0,
    0, -8, 0, 0, 0, -32, 0, -9,
    -5, -4, -4, -2, -4, -4, -5, -7,
    -51, -7, -34, -30, -11, -48, -12, 0,
    -24, 0, -25, -4, 0, 0, 0, -8,
    0, -2, -6, 0, 0, 0, 0, -1,
    -9, -5, -9, -9, -11, -9, -9, 0,
    0, 0, 0, 0, 0, 0, 0, -15,
    0, 0, 0, -17, 0, -9, -9, -9,
    -4, -5, 0, 0, 0, 0, 0, -48,
    -2, -4, -4, -4, -4, -4, -4, -4,
    0, 0, 0, 0, -6, -6, -6, -6,
    0, 0, 0, 0, -5, -5, -5, -5,
    -9, -6, -9, -18, -18, -27, -29, -27,
    -28, 0, 0, 0, -10, -32, 0, 0,
    0, 0, -32, -7, -30, -34, -10, -17,
    -9, -17, -19, 0, -20, 0, 0, 0,
    0, 0, 0, 0, 0, -8, 0, 0,
    0, -36, 0, -14, 0, -1, -1, -6,
    -1, -1, 0, -1, -26, -1, -33, -28,
    -24, -48, -14, 0, -31, 0, -43, -1,
    0, 3, 0, -4, 1, 0, -1, 0,
    0, 3, 0, 1, -5, 0, -7, -6,
    -19, -7, -11, 0, 0, 0, 0, 0,
    0, 0, 0, -7, 0, 0, 0, -16,
    0, -14, -14, -14, -1, 0, 0, 0,
    0, 0, 0, -48, -1, -1, -1, -1,
    -1, -1, -1, -1, 0, 0, 0, 0,
    -1, -1, -1, -1, 0, 0, 0, 0,
    0, 0, 0, 0, -7, -1, -7, -9,
    -9, -27, -26, -27, -25, 0, 0, 0,
    -10, -32, 0, 0, 0, 0, -32, -7,
    -30, -34, -10, -17, -9, -17, -19, 0,
    -20, 0, 0, 0, 0, 0, 0, 0,
    0, -8, 0, 0, 0, -36, 0, -14,
    0, -1, -1, -6, -1, -1, 0, -1,
    -26, -1, -33, -28, -24, -48, -14, 0,
    -31, 0, -43, -1, 0, 3, 0, -4,
    1, 0, -1, 0, 0, 3, 0, 1,
    -5, 0, -7, -6, -19, -7, -11, 0,
    0, 0, 0, 0, 0, 0, 0, -7,
    0, 0, 0, -16, 0, -14, -14, -14,
    -1, 0, 0, 0, 0, 0, 0, -48,
    -1, -1, -1, -1, -1, -1, -1, -1,
    0, 0, 0, 0, -1, -1, -1, -1,
    -1, 0, 0, 0, 0, 0, 0, 0,
    -7, -1, -7, -9, -9, -27, -26, -27,
    -25, 0, 0, 0, -23, -36, 0, 0,
    0, 0, -36, -19, -59, -34, -12, -61,
    -26, -61, -41, -7, -17, -35, -34, -21,
    -17, -7, -52, -17, -12, -14, 0, 0,
    0, 0, 0, -38, -14, -8, -8, -50,
    -8, -8, -14, -25, -53, -12, -36, -33,
    -57, -49, -47, 0, -55, 0, 0, -17,
    -10, -10, -10, -9, -9, -15, -16, 0,
    -10, -10, 0, -11, -9, -14, -10, -11,
    -28, -10, -23, 0, 0, 0, 0, 0,
    0, 0, 0, -24, 0, 0, 0, -18,
    0, -38, -38, -38, -8, -14, 0, 0,
    0, 0, 0, -49, 0, -17, -17, -17,
    -17, -17, -17, -17, -10, -10, -10, -10,
    -16, -16, 0, 0, 0, -10, -10, 0,
    -14, -14, -14, -14, -10, -16, -10, 0,
    0, -28, -29, -28, 0, 0, 0, 0,
    0, -23, 0, 0, 0, 0, 0, 0,
    -43, 0, 0, -17, -9, -17, -18, 0,
    0, 0, 0, 0, 0, 0, 0, 0,
    0, 0, 0, 0, 0, 0, 0, 0,
    0, 0, 0, 0, 0, 0, 0, 0,
    0, 0, 0, 0, 0, 0, 0, 0,
    -36, 0, 0, 0, 0, 4, 4, 0,
    4, 3, 2, 0, 0, 0, 0, 0,
    0, 0, 0, 0, 0, 0, 0, 0,
    0, 0, 0, 0, 0, 0, 0, 0,
    0, 0, 0, 0, 0, 0, 0, 0,
    0, 0, 0, 0, 0, 0, 0, 0,
    0, 0, 0, 0, 0, 0, 0, 0,
    0, 0, 0, 0, 0, 0, 0, 0,
    0, 0, 0, 0, 0, 0, 0, 0,
    0, 0, 0, 0, 0, 0, 0, 0,
    0, 0, 0, 0, -13, -26, 0, 0,
    0, 0, -26, -13, -33, -20, -16, -17,
    -20, -17, -18, -3, -10, 0, 0, 0,
    0, -3, 0, 0, 0, -9, 0, 0,
    0, -22, 0, -11, -7, -4, -4, -4,
    -4, -4, -7, -8, -28, -5, -31, -27,
    -13, -39, -13, 0, -23, 0, -25, -5,
    -1, -2, -1, -3, -2, -7, -8, 0,
    -1, -2, 0, -2, -4, -6, -4, -4,
    -11, -4, -8, 0, 0, 0, 0, 0,
    0, 0, 0, -17, 0, 0, 0, -17,
    0, -11, -11, -11, -4, -7, 0, 0,
    0, 0, 0, -39, -8, -5, -5, -5,
    -5, -5, -5, -5, -1, -1, -1, -1,
    -8, -8, -4, -8, 0, -1, -1, 0,
    -6, -6, -6, -6, -4, -8, -4, -20,
    -20, -19, -23, -19, -21, 0, 0, 0,
    -13, -26, 0, 0, 0, 0, -26, -13,
    -33, -20, -16, -17, -20, -17, -18, -3,
    -10, 0, 0, 0, 0, -3, 0, 0,
    0, -9, 0, 0, 0, -22, 0, -11,
    -7, -4, -4, -4, -4, -4, -7, -8,
    -28, -5, -31, -27, -13, -39, -13, 0,
    -23, 0, -25, -5, -1, -2, -1, -3,
    -2, -7, -8, 0, -1, -2, 0, -2,
    -4, -6, -4, -4, -11, -4, -8, 0,
    0, 0, 0, 0, 0, 0, 0, -17,
    0, 0, 0, -17, 0, -11, -11, -11,
    -4, -7, 0, 0, 0, 0, 0, -39,
    -8, -5, -5, -5, -5, -5, -5, -5,
    -1, -1, -1, -1, -8, -8, -4, -8,
    -4, -1, -1, 0, -6, -6, -6, -6,
    -4, -8, -4, -20, -20, -19, -23, -19,
    -21, 0, 0, 0, -10, -14, 0, 0,
    0, 0, -14, -12, -24, -4, -12, -40,
    -26, -40, -36, -1, -1, 0, 0, 0,
    0, -1, 0, 0, 0, -3, 0, 0,
    0, -4, 0, -33, -3, -2, -2, -34,
    -2, -2, -3, -6, -41, -2, -17, -15,
    -33, -27, -35, 0, -46, 0, -49, -11,
    -7, -6, -7, 3, -7, -4, -4, 0,
    -7, -6, 0, -6, 3, -3, 2, 1,
    -1, 2, -3, 0, 0, 0, 0, 0,
    0, 0, 0, -26, 0, 0, 0, -15,
    0, -33, -33, -33, -2, -3, 0, 0,
    0, 0, 0, -27, -4, -11, -11, -11,
    -11, -11, -11, -11, -7, -7, -7, -7,
    -4, -4, -3, -4, -12, -7, -7, 0,
    -3, -3, -3, -3, 2, -4, 2, -26,
    -26, -6, -9, -6, -6, 0, 0, 0,
    -10, -35, 0, 0, 0, 0, -35, -7,
    -43, -33, -9, -17, -9, -17, -18, 2,
    -18, 0, 0, 0, 0, 2, 0, 0,
    0, -8, 0, 0, 0, -34, 0, -13,
    0, 0, 0, -6, 0, 0, 0, -2,
    -51, -1, -32, -27, -23, -47, -14, 0,
    -34, 0, -40, 0, 3, 2, 3, -4,
    2, -1, -2, 0, 3, 2, 0, 1,
    -4, 0, -6, -5, -18, -6, -10, 0,
    0, 0, 0, 0, 0, 0, 0, -7,
    0, 0, 0, -15, 0, -13, -13, -13,
    0, 0, 0, 0, 0, 0, 0, -47,
    -2, 0, 0, 0, 0, 0, 0, 0,
    3, 3, 3, 3, -2, -2, -2, -2,
    0, 3, 3, 0, 0, 0, 0, 0,
    -6, -2, -6, -9, -9, -27, -30, -27,
    -28, 0, 0, 0, -10, -14, 0, 0,
    0, 0, -14, -12, -42, -4, -12, -40,
    -26, -40, -36, -1, -1, 0, 0, 0,
    0, -1, 0, 0, 0, -3, 0, 0,
    0, -4, 0, -33, -3, -2, -2, -34,
    -2, -2, -3, -6, -41, -2, -17, -15,
    -33, -27, -35, 0, -46, 0, -49, -11,
    -7, -6, -7, 3, -7, -4, -4, 0,
    -7, -6, 0, -6, 3, -3, 2, 1,
    -1, 2, -3, 0, 0, 0, 0, 0,
    0, 0, 0, -26, 0, 0, 0, -15,
    0, -33, -33, -33, -2, -3, 0, 0,
    0, 0, 0, -27, -4, -11, -11, -11,
    -11, -11, -11, -11, -7, -7, -7, -7,
    -4, -4, -3, -4, 0, -7, -7, 0,
    -3, -3, -3, -3, 2, -4, 2, -26,
    -26, -6, -9, -6, -6, 0, 0, 0,
    -30, -53, 0, 0, 0, 0, -53, -22,
    -62, 0, 0, -38, 0, -38, -37, -12,
    -51, -37, -17, -13, -21, -12, -54, -14,
    -22, -28, 0, 0, 0, 0, 0, -33,
    -18, -13, -13, -43, -13, -13, -18, -19,
    -71, -17, -47, -43, -46, -71, -36, 0,
    -60, 0, 0, -22, -9, -10, -9, -24,
    -9, -19, -20, 0, -9, -10, 0, -20,
    -27, -18, -26, -23, -46, -26, -34, 0,
    0, 0, 0, 0, 0, 0, 0, -19,
    0, 0, 0, -36, 0, -33, -33, -33,
    -13, -18, 0, 0, 0, 0, 0, -71,
    -20, -22, -22, -22, -22, -22, -22, -22,
    -9, -9, -9, -9, -20, -20, 0, 0,
    0, -9, -9, 0, -18, -18, -18, -18,
    -26, -20, -26, -20, -20, -52, -53, -52,
    0, 0, 0, 0, -30, -53, 0, 0,
    0, 0, -53, -22, -62, 0, 0, -38,
    0, -38, -37, -12, -51, -37, -17, -13,
    -21, -12, -54, -14, -22, -28, 0, 0,
    0, 0, 0, -33, -18, -13, -13, -43,
    -13, -13, -18, -19, -71, -17, -47, -43,
    -46, -71, -36, 0, -60, 0, 0, -22,
    -9, -10, -9, -24, -9, -19, -20, 0,
    -9, -10, 0, -20, -27, -18, -26, -23,
    -46, -26, -34, 0, 0, 0, 0, 0,
    0, 0, 0, -19, 0, 0, 0, -36,
    0, -33, -33, -33, -13, -18, 0, 0,
    0, 0, 0, -71, -20, -22, -22, -22,
    -22, -22, -22, -22, -9, -9, -9, -9,
    -20, -20, 0, 0, 0, -9, -9, 0,
    -18, -18, -18, -18, -26, -20, -26, -20,
    -20, -52, -53, -52, -64, 0, 0, 0,
    -13, -12, 0, 0, -7, 0, -12, -26,
    -19, -12, -28, -61, -50, -61, -52, -12,
    -2, -8, -11, -42, -19, -12, -8, -13,
    -7, -21, 0, 0, 0, 0, 0, -49,
    -9, -13, -13, -52, -13, -13, -9, -17,
    -9, -7, -9, -11, -16, -8, -18, 0,
    -15, 0, 0, -29, -29, -28, -29, -6,
    -28, 0, -14, 0, -29, -28, 0, -25,
    -6, -17, -6, -10, -21, -6, -17, 0,
    0, 0, 0, 0, 0, 0, 0, -46,
    0, 0, 0, -28, -52, -49, -49, -49,
    -13, -9, 0, 0, 0, 0, 0, -8,
    -19, -24, -29, -24, -24, -24, -24, -29,
    -29, -29, -29, -23, -14, -14, 0, 0,
    0, -29, -23, 0, -17, -17, -17, -17,
    -6, -14, -6, -52, -52, -13, -13, -13,
    0, -58, 0, -58, 0, 0, 0, 0,
    0, 0, 0, 0, -19, 0, 0, -61,
    -61, -61, 0, 0, 0, 0, 0, 0,
    0, 0, 0, 0, 0, 0, 0, 0,
    0, 0, 0, -59, -17, -26, -26, -56,
    -26, -26, -17, -23, -8, -14, -10, -13,
    -17, -9, -17, 0, 0, 0, 0, -43,
    -43, -43, -43, -18, -43, 0, -19, 0,
    -43, -43, 0, -38, -18, -29, -22, -24,
    -31, -22, -29, 0, 0, 0, 0, 0,
    0, 0, 0, -61, 0, 0, 0, 0,
    0, -59, -59, -59, -26, -17, 0, 0,
    0, 0, 0, -9, -30, -31, -43, -31,
    -31, -31, -31, -43, -43, -43, -43, -31,
    -19, -19, 0, 0, 0, -43, -31, 0,
    -29, -29, -29, -29, -22, -19, -22, 0,
    0, 0, 0, 0, 0, 0, 0, 0,
    -19, 0, 0, 0, -25, 0, 0, -31,
    0, -57, -57, -14, -47, -14, -11, -25,
    -47, -6, -18, -20, -19, -25, -41, -17,
    -20, -13, 0, 0, 0, 0, 0, -9,
    -15, -30, -30, -1, -30, -30, -15, -21,
    -57, -27, -57, -55, -12, -57, -11, 0,
    0, 0, 0, -13, -19, -17, -19, -27,
    -14, 0, -14, 0, -19, -17, 0, -12,
    -34, -20, -42, -36, -13, -42, -11, 0,
    0, 0, 0, 0, 0, 0, 0, -36,
    0, 0, 0, -23, 0, -9, -9, -9,
    -30, -15, 0, 0, 0, 0, 0, -57,
    -16, -13, -13, -13, -13, -13, -13, -13,
    -19, -19, -19, -19, -14, -14, 0, 0,
    0, -19, -19, 0, -20, -20, -20, -20,
    -42, -14, -42, -49, -49, -58, -61, -58,
    0, 0, 0, 0, -13, -12, 0, 0,
    -7, 0, -12, -26, -19, -12, -28, -61,
    -50, -61, -52, -12, -2, -8, -11, -42,
    -19, -12, -8, -13, -7, -21, 0, 0,
    0, 0, 0, -49, -9, -13, -13, -52,
    -13, -13, -9, -17, -9, -7, -9, -11,
    -16, -8, -18, 0, -15, 0, -102, -29,
    -29, -28, -29, -6, -28, 0, -14, 0,
    -29, -28, 0, -25, -6, -17, -6, -10,
    -21, -6, -17, 0, 0, 0, 0, 0,
    0, 0, 0, -46, 0, 0, 0, -28,
    -52, -49, -49, -49, -13, -9, 0, 0,
    0, 0, 0, -8, -19, -24, -29, -24,
    -24, -24, -24, -29, -29, -29, -29, -23,
    -14, -14, 0, 0, 0, -29, -23, 0,
    -17, -17, -17, -17, -6, -14, -6, -52,
    -52, -13, -13, -13, 0, -100, 0, -102,
    0, 0, 0, 0, 0, 0, 0, 0,
    -17, 0, 0, -61, -74, -61, 0, 0,
    0, 0, 0, 0, 0, 0, 0, 0,
    0, -30, 0, 0, 0, 0, 0, -59,
    -14, -24, -24, -60, -24, -24, -14, -20,
    -6, -11, -7, -10, -14, -7, -15, 0,
    0, 0, 0, -41, -42, -41, -42, -16,
    -41, 0, -16, 0, -42, -41, 0, -36,
    -17, -28, -18, -22, -29, -18, -19, 0,
    0, 0, 0, 0, 0, 0, 0, 0,
    0, 0, 0, 0, 0, -59, -59, -59,
    -24, -14, 0, 0, 0, 0, 0, -7,
    -29, -28, -41, -28, -28, -28, -28, -41,
    -42, -42, -42, -29, -16, -16, 0, 0,
    0, -42, -29, 0, -28, -28, -28, -28,
    -18, -16, -18, 0, -75, 0, 0, 0,
    0, 0, 0, -102, -19, 0, 0, 0,
    -25, 0, 0, -31, 0, -57, -57, -14,
    -47, -14, -11, -25, -47, -6, -18, -20,
    -19, -25, -41, -17, -20, -13, 0, 0,
    0, 0, 0, -9, -15, -30, -30, -1,
    -30, -30, -15, -21, -57, -27, -57, -55,
    -12, -57, -11, 0, 0, 0, 0, -13,
    -19, -17, -19, -27, -14, 0, -14, 0,
    -19, -17, 0, -12, -34, -20, -42, -36,
    -13, -42, -11, 0, 0, 0, 0, 0,
    0, 0, 0, -36, 0, 0, 0, -23,
    0, -9, -9, -9, -30, -15, 0, 0,
    0, 0, 0, -57, -16, -13, -13, -13,
    -13, -13, -13, -13, -19, -19, -19, -19,
    -14, -14, 0, 0, 0, -19, -19, 0,
    -20, -20, -20, -20, -42, -14, -42, -49,
    -49, -58, -61, -58, -100, 0, 0, 0,
    0, 0, 0, 0, 0, 0, 0, 0,
    -53, 0, 0, 0, 0, 0, 0, 0,
    0, 0, 0, 0, 0, 0, 0, 0,
    0, 0, 0, 0, 0, 0, 0, 0,
    0, 0, 0, 0, 0, 0, 0, 0,
    -61, 0, 0, 0, 0, 0, 0, 0,
    0, 0, 0, 0, 0, 0, 0, 0,
    0, 0, 0, 0, 0, 0, 0, 0,
    0, 0, 0, 0, 0, 0, 0, 0,
    0, 0, 0, 0, 0, 0, 0, 0,
    0, 0, 0, 0, 0, 0, 0, 0,
    0, 0, 0, 0, 0, 0, 0, 0,
    0, 0, 0, 0, 0, 0, 0, 0,
    0, 0, 0, 0, 0, 0, 0, 0,
    0, 0, 0, 0, 0, 0, 0, 0,
    0, 0, 0, 0, 0, 0, 0, 0,
    0, 0, 0, 0, 0, -101, 0, 0,
    0, 0, 0, -29, -34, 0, 0, 0,
    0, 0, 0, 0, 0, 0, 0, 0,
    0, 0, 0, 0, 0, 0, 0, 0,
    0, 0, 0, 0, 0, 0, 0, 0,
    0, 0, 0, 0, -65, 0, 0, 0,
    0, 0, 0, 0, -25, 0, 0, 0,
    0, 0, 0, 0, 0, 0, 0, 0,
    0, 0, 0, 0, 0, 0, 0, -33,
    0, 0, 0, 0, 0, 0, 0, 0,
    0, 0, 0, 0, 0, 0, 0, -21,
    0, 0, 0, 0, 0, 0, 0, 0,
    0, 0, 0, 0, 0, 0, 0, 0,
    0, 0, 0, 0, 0, 0, 0, 0,
    0, 0, 0, 0, 0, 0, 0, 0,
    0, 0, 0, 0, 0, 0, 0, 0,
    0, -58, -61, -102, -102, 0, 0, 0
};


/*Collect the kern class' data in one place*/
static const lv_font_fmt_txt_kern_classes_t kern_classes =
{
    .class_pair_values   = kern_class_values,
    .left_class_mapping  = kern_left_class_mapping,
    .right_class_mapping = kern_right_class_mapping,
    .left_class_cnt      = 146,
    .right_class_cnt     = 132,
};

/*--------------------
 *  ALL CUSTOM DATA
 *--------------------*/

#if LV_VERSION_CHECK(8, 0, 0)
/*Store all the custom data of the font*/
static  lv_font_fmt_txt_glyph_cache_t cache;
static const lv_font_fmt_txt_dsc_t font_dsc = {
#else
static lv_font_fmt_txt_dsc_t font_dsc = {
#endif
    .glyph_bitmap = glyph_bitmap,
    .glyph_dsc = glyph_dsc,
    .cmaps = cmaps,
    .kern_dsc = &kern_classes,
    .kern_scale = 16,
    .cmap_num = 4,
    .bpp = 4,
    .kern_classes = 1,
    .bitmap_format = 0,
#if LV_VERSION_CHECK(8, 0, 0)
    .cache = &cache
#endif
};


/*-----------------
 *  PUBLIC FONT
 *----------------*/

/*Initialize a public general font descriptor*/
#if LV_VERSION_CHECK(8, 0, 0)
const lv_font_t airki_sans_28 = {
#else
lv_font_t airki_sans_28 = {
#endif
    .get_glyph_dsc = lv_font_get_glyph_dsc_fmt_txt,    /*Function pointer to get glyph's data*/
    .get_glyph_bitmap = lv_font_get_bitmap_fmt_txt,    /*Function pointer to get glyph's bitmap*/
    .line_height = 34,          /*The maximum line height required by the font*/
    .base_line = 6,             /*Baseline measured from the bottom of the line*/
#if !(LVGL_VERSION_MAJOR == 6 && LVGL_VERSION_MINOR == 0)
    .subpx = LV_FONT_SUBPX_NONE,
#endif
#if LV_VERSION_CHECK(7, 4, 0) || LVGL_VERSION_MAJOR >= 8
    .underline_position = -5,
    .underline_thickness = 1,
#endif
    .dsc = &font_dsc           /*The custom font data. Will be accessed by `get_glyph_bitmap/dsc` */
};



#endif /*#if AIRKI_SANS_28*/

