/*******************************************************************************
 * Size: 20 px
 * Bpp: 4
 * Opts: --no-compress --bpp 4 --size 20 --font GeistMono-Medium.ttf -r 0x20-0x7F,0xA0-0x17F,0x2013-0x2026 --font ../../.pio/libdeps/WS-241/lvgl/scripts/built_in_font/FontAwesome5-Solid+Brands+Regular.woff -r 61441,61448,61451,61452,61453,61457,61459,61461,61465,61468,61473,61478,61479,61480,61502,61507,61512,61515,61516,61517,61521,61522,61523,61524,61543,61544,61550,61552,61553,61556,61559,61560,61561,61563,61587,61589,61636,61637,61639,61641,61664,61671,61674,61683,61724,61732,61787,61931,62016,62017,62018,62019,62020,62087,62099,62212,62189,62810,63426,63650 --format lvgl --lv-include lvgl.h --force-fast-kern-format -o ../../examples/at_core_debug/fonts/airki_mono_20.c
 ******************************************************************************/

#ifdef LV_LVGL_H_INCLUDE_SIMPLE
#include "lvgl.h"
#else
#include "lvgl.h"
#endif

#ifndef AIRKI_MONO_20
#define AIRKI_MONO_20 1
#endif

#if AIRKI_MONO_20

/*-----------------
 *    BITMAPS
 *----------------*/

/*Store the image of the glyphs*/
static LV_ATTRIBUTE_LARGE_CONST const uint8_t glyph_bitmap[] = {
    /* U+0020 " " */

    /* U+0021 "!" */
    0xf, 0xf0, 0xf, 0xf0, 0xf, 0xf0, 0xf, 0xf0,
    0xf, 0xf0, 0xf, 0xf0, 0xf, 0xf0, 0xe, 0xe0,
    0xc, 0xd0, 0xb, 0xb0, 0x0, 0x0, 0x3a, 0xa3,
    0x5f, 0xf5, 0x5f, 0xf5,

    /* U+0022 "\"" */
    0xef, 0x33, 0xfe, 0xef, 0x33, 0xfe, 0xef, 0x22,
    0xfe, 0xcf, 0x22, 0xfc, 0xbf, 0x22, 0xfb, 0x9f,
    0x22, 0xf9, 0x8f, 0x22, 0xf8, 0x26, 0x0, 0x62,

    /* U+0023 "#" */
    0x0, 0x0, 0xaf, 0x0, 0xaf, 0x0, 0x0, 0x0,
    0xdd, 0x0, 0xdd, 0x0, 0x0, 0x0, 0xfa, 0x0,
    0xfa, 0x0, 0x2, 0xff, 0xff, 0xff, 0xff, 0xf0,
    0x2, 0xad, 0xfc, 0xad, 0xfc, 0x90, 0x0, 0x9,
    0xf1, 0x9, 0xf2, 0x0, 0x0, 0xc, 0xf0, 0xc,
    0xf0, 0x0, 0x0, 0xf, 0xc0, 0xe, 0xc0, 0x0,
    0x9, 0xbf, 0xea, 0xbf, 0xea, 0x20, 0xf, 0xff,
    0xff, 0xff, 0xff, 0x20, 0x0, 0x7f, 0x30, 0x7f,
    0x30, 0x0, 0x0, 0xaf, 0x0, 0xaf, 0x0, 0x0,
    0x0, 0xdd, 0x0, 0xdd, 0x0, 0x0, 0x0, 0xfa,
    0x0, 0xfa, 0x0, 0x0,

    /* U+0024 "$" */
    0x0, 0x0, 0x6, 0x60, 0x0, 0x0, 0x0, 0x0,
    0xc, 0xc0, 0x0, 0x0, 0x0, 0x0, 0xc, 0xc0,
    0x0, 0x0, 0x0, 0x18, 0xdf, 0xfc, 0x60, 0x0,
    0x1, 0xef, 0xff, 0xff, 0xfb, 0x0, 0x8, 0xfd,
    0x3c, 0xc5, 0xff, 0x50, 0xc, 0xf5, 0xc, 0xc0,
    0x7f, 0xb0, 0xb, 0xf6, 0xc, 0xc0, 0x16, 0x50,
    0x5, 0xff, 0x8d, 0xc0, 0x0, 0x0, 0x0, 0x7f,
    0xff, 0xf9, 0x30, 0x0, 0x0, 0x0, 0x6e, 0xff,
    0xfb, 0x10, 0x0, 0x0, 0xc, 0xc4, 0xdf, 0xb0,
    0x1d, 0xd0, 0xc, 0xc0, 0x1f, 0xf1, 0xe, 0xf6,
    0xc, 0xc0, 0xf, 0xf1, 0x7, 0xff, 0x5c, 0xc1,
    0x9f, 0xe0, 0x0, 0xaf, 0xff, 0xff, 0xff, 0x40,
    0x0, 0x6, 0xcf, 0xfe, 0xa2, 0x0, 0x0, 0x0,
    0xc, 0xc0, 0x0, 0x0, 0x0, 0x0, 0x6, 0x60,
    0x0, 0x0,

    /* U+0025 "%" */
    0x8, 0xef, 0xa0, 0x0, 0xd, 0xb0, 0x7f, 0x87,
    0xf9, 0x0, 0x7f, 0x20, 0xcd, 0x0, 0xbe, 0x2,
    0xf8, 0x0, 0xdc, 0x0, 0xae, 0xb, 0xd0, 0x0,
    0x9f, 0x43, 0xfb, 0x4f, 0x50, 0x0, 0x1c, 0xff,
    0xd3, 0xdb, 0x0, 0x0, 0x0, 0x33, 0x8, 0xf2,
    0x0, 0x0, 0x0, 0x0, 0x2f, 0x8a, 0xff, 0x90,
    0x0, 0x0, 0xbd, 0x9f, 0x68, 0xf6, 0x0, 0x5,
    0xf4, 0xdc, 0x0, 0xec, 0x0, 0xd, 0xb0, 0xfa,
    0x0, 0xcd, 0x0, 0x8f, 0x20, 0xdb, 0x0, 0xdb,
    0x2, 0xf7, 0x0, 0x8f, 0x57, 0xf6, 0xb, 0xd0,
    0x0, 0x9, 0xfe, 0x70,

    /* U+0026 "&" */
    0x0, 0x19, 0xef, 0xe8, 0x0, 0x0, 0x0, 0xcf,
    0xff, 0xff, 0x70, 0x0, 0x3, 0xff, 0x30, 0x8f,
    0xd0, 0x0, 0x4, 0xfd, 0x0, 0x4f, 0xc0, 0x0,
    0x0, 0xff, 0x10, 0x9f, 0x60, 0x0, 0x0, 0x7f,
    0xa9, 0xf9, 0x0, 0x0, 0x0, 0x3f, 0xff, 0x50,
    0x0, 0x0, 0x6, 0xff, 0xef, 0x80, 0x3, 0x41,
    0x3f, 0xf4, 0x2e, 0xf5, 0xa, 0xf5, 0x9f, 0x90,
    0x3, 0xff, 0x4e, 0xf1, 0xaf, 0x80, 0x0, 0x5f,
    0xff, 0xa0, 0x8f, 0xe3, 0x0, 0x2d, 0xff, 0x20,
    0x1e, 0xff, 0xff, 0xff, 0xff, 0x90, 0x2, 0x9e,
    0xff, 0xd9, 0x3e, 0xf4,

    /* U+0027 "'" */
    0x2f, 0xf2, 0x2f, 0xf2, 0x1f, 0xf1, 0xf, 0xf0,
    0xf, 0xf0, 0xf, 0xf0, 0xe, 0xe0, 0x5, 0x50,

    /* U+0028 "(" */
    0x0, 0x1, 0x64, 0x0, 0x1d, 0xf2, 0x0, 0xcf,
    0x50, 0x7, 0xfb, 0x0, 0xf, 0xf2, 0x0, 0x6f,
    0xc0, 0x0, 0xaf, 0x80, 0x0, 0xdf, 0x50, 0x0,
    0xef, 0x30, 0x0, 0xff, 0x30, 0x0, 0xef, 0x40,
    0x0, 0xcf, 0x60, 0x0, 0x8f, 0x90, 0x0, 0x3f,
    0xe0, 0x0, 0xc, 0xf5, 0x0, 0x3, 0xfe, 0x0,
    0x0, 0x7f, 0xa0, 0x0, 0x9, 0xf7,

    /* U+0029 ")" */
    0x46, 0x10, 0x0, 0x2f, 0xd1, 0x0, 0x5, 0xfc,
    0x0, 0x0, 0xbf, 0x70, 0x0, 0x2f, 0xf0, 0x0,
    0xc, 0xf6, 0x0, 0x8, 0xfa, 0x0, 0x5, 0xfd,
    0x0, 0x3, 0xfe, 0x0, 0x3, 0xff, 0x0, 0x4,
    0xfe, 0x0, 0x6, 0xfc, 0x0, 0x9, 0xf8, 0x0,
    0xe, 0xf3, 0x0, 0x5f, 0xc0, 0x0, 0xef, 0x30,
    0xa, 0xf7, 0x0, 0x7f, 0x90, 0x0,

    /* U+002A "*" */
    0x0, 0x31, 0x0, 0x13, 0x0, 0x1, 0xfc, 0x0,
    0xbf, 0x10, 0x0, 0x7f, 0x76, 0xf7, 0x0, 0x0,
    0xb, 0xff, 0xb0, 0x0, 0x6f, 0xff, 0xff, 0xff,
    0xf6, 0x4a, 0xad, 0xff, 0xda, 0xa4, 0x0, 0x1e,
    0xdd, 0xe1, 0x0, 0x0, 0xbf, 0x33, 0xfb, 0x0,
    0x1, 0xc7, 0x0, 0x7c, 0x10, 0x0, 0x0, 0x0,
    0x0, 0x0,

    /* U+002B "+" */
    0x0, 0x0, 0xee, 0x0, 0x0, 0x0, 0x0, 0xee,
    0x0, 0x0, 0x0, 0x0, 0xee, 0x0, 0x0, 0x0,
    0x0, 0xee, 0x0, 0x0, 0xdf, 0xff, 0xff, 0xff,
    0xfd, 0xbe, 0xee, 0xff, 0xee, 0xeb, 0x0, 0x0,
    0xee, 0x0, 0x0, 0x0, 0x0, 0xee, 0x0, 0x0,
    0x0, 0x0, 0xee, 0x0, 0x0, 0x0, 0x0, 0x77,
    0x0, 0x0,

    /* U+002C "," */
    0x3a, 0xa3, 0x5f, 0xf5, 0x5f, 0xf4, 0x5, 0xf1,
    0xb, 0xa0, 0x1f, 0x40,

    /* U+002D "-" */
    0x9e, 0xee, 0xee, 0xe9, 0xaf, 0xff, 0xff, 0xfa,

    /* U+002E "." */
    0x3a, 0xa3, 0x5f, 0xf5, 0x5f, 0xf5,

    /* U+002F "/" */
    0x0, 0x0, 0x0, 0x77, 0x0, 0x0, 0x4, 0xfa,
    0x0, 0x0, 0xa, 0xf4, 0x0, 0x0, 0xf, 0xe0,
    0x0, 0x0, 0x5f, 0x90, 0x0, 0x0, 0xaf, 0x40,
    0x0, 0x0, 0xfe, 0x0, 0x0, 0x5, 0xf9, 0x0,
    0x0, 0xb, 0xf3, 0x0, 0x0, 0x1f, 0xd0, 0x0,
    0x0, 0x6f, 0x80, 0x0, 0x0, 0xbf, 0x20, 0x0,
    0x1, 0xfd, 0x0, 0x0, 0x6, 0xf7, 0x0, 0x0,
    0xc, 0xf2, 0x0, 0x0, 0x2f, 0xc0, 0x0, 0x0,
    0x7f, 0x70, 0x0, 0x0, 0xdf, 0x10, 0x0, 0x0,

    /* U+0030 "0" */
    0x0, 0x4, 0xbf, 0xfc, 0x40, 0x0, 0x0, 0x5f,
    0xff, 0xff, 0xf6, 0x0, 0x1, 0xff, 0x91, 0x1a,
    0xff, 0x10, 0x8, 0xfd, 0x0, 0xb, 0xff, 0x80,
    0xc, 0xf7, 0x0, 0x5f, 0xbf, 0xc0, 0xf, 0xf3,
    0x0, 0xea, 0x3f, 0xf0, 0xf, 0xf2, 0x8, 0xf2,
    0x2f, 0xf0, 0xf, 0xf2, 0x2f, 0x80, 0x2f, 0xf0,
    0xf, 0xf3, 0xae, 0x0, 0x3f, 0xf0, 0xc, 0xfb,
    0xf5, 0x0, 0x7f, 0xc0, 0x8, 0xff, 0xb0, 0x0,
    0xdf, 0x80, 0x1, 0xff, 0xa1, 0x19, 0xff, 0x10,
    0x0, 0x6f, 0xff, 0xff, 0xf6, 0x0, 0x0, 0x4,
    0xcf, 0xfc, 0x40, 0x0,

    /* U+0031 "1" */
    0x0, 0x0, 0x4f, 0x90, 0x0, 0x0, 0x1, 0xbf,
    0x90, 0x0, 0x3f, 0xff, 0xff, 0x90, 0x0, 0x2c,
    0xcc, 0xef, 0x90, 0x0, 0x0, 0x0, 0x8f, 0x90,
    0x0, 0x0, 0x0, 0x8f, 0x90, 0x0, 0x0, 0x0,
    0x8f, 0x90, 0x0, 0x0, 0x0, 0x8f, 0x90, 0x0,
    0x0, 0x0, 0x8f, 0x90, 0x0, 0x0, 0x0, 0x8f,
    0x90, 0x0, 0x0, 0x0, 0x8f, 0x90, 0x0, 0x0,
    0x0, 0x8f, 0x90, 0x0, 0xef, 0xff, 0xff, 0xff,
    0xfe, 0xef, 0xff, 0xff, 0xff, 0xfe,

    /* U+0032 "2" */
    0x0, 0x5, 0xcf, 0xfe, 0xa2, 0x0, 0x0, 0x9f,
    0xff, 0xff, 0xff, 0x30, 0x5, 0xff, 0x71, 0x3,
    0xdf, 0xb0, 0xb, 0xf9, 0x0, 0x0, 0x4f, 0xf0,
    0x8, 0x92, 0x0, 0x0, 0x3f, 0xf0, 0x0, 0x0,
    0x0, 0x0, 0x9f, 0xc0, 0x0, 0x0, 0x0, 0x2b,
    0xff, 0x30, 0x0, 0x0, 0x19, 0xff, 0xd3, 0x0,
    0x0, 0x4, 0xef, 0xe6, 0x0, 0x0, 0x0, 0x6f,
    0xf9, 0x0, 0x0, 0x0, 0x2, 0xff, 0x60, 0x0,
    0x0, 0x0, 0xa, 0xfa, 0x0, 0x0, 0x0, 0x0,
    0xe, 0xff, 0xff, 0xff, 0xff, 0xf0, 0xf, 0xff,
    0xff, 0xff, 0xff, 0xf0,

    /* U+0033 "3" */
    0x0, 0x18, 0xdf, 0xfd, 0x81, 0x0, 0x1, 0xdf,
    0xff, 0xff, 0xfd, 0x10, 0x8, 0xfd, 0x30, 0x4,
    0xff, 0x70, 0x4, 0x52, 0x0, 0x0, 0xaf, 0x80,
    0x0, 0x0, 0x0, 0x3, 0xef, 0x40, 0x0, 0x0,
    0x2e, 0xff, 0xd5, 0x0, 0x0, 0x0, 0x3f, 0xff,
    0xf6, 0x0, 0x0, 0x0, 0x0, 0x5, 0xef, 0x60,
    0x0, 0x0, 0x0, 0x0, 0x5f, 0xe0, 0x3, 0x30,
    0x0, 0x0, 0x2f, 0xf0, 0xf, 0xf4, 0x0, 0x0,
    0x5f, 0xf0, 0xa, 0xfd, 0x30, 0x4, 0xef, 0xa0,
    0x1, 0xef, 0xff, 0xff, 0xfd, 0x10, 0x0, 0x19,
    0xef, 0xfd, 0x80, 0x0,

    /* U+0034 "4" */
    0x0, 0x0, 0x0, 0x2f, 0xf9, 0x0, 0x0, 0x0,
    0x0, 0xcf, 0xf9, 0x0, 0x0, 0x0, 0x8, 0xff,
    0xf9, 0x0, 0x0, 0x0, 0x4f, 0xd9, 0xf9, 0x0,
    0x0, 0x1, 0xef, 0x28, 0xf9, 0x0, 0x0, 0xa,
    0xf6, 0x8, 0xf9, 0x0, 0x0, 0x6f, 0xa0, 0x8,
    0xf9, 0x0, 0x2, 0xfd, 0x0, 0x8, 0xf9, 0x0,
    0xc, 0xf2, 0x0, 0x8, 0xf9, 0x0, 0x4f, 0xff,
    0xff, 0xff, 0xff, 0xf4, 0x4f, 0xff, 0xff, 0xff,
    0xff, 0xf4, 0x0, 0x0, 0x0, 0x8, 0xf9, 0x0,
    0x0, 0x0, 0x0, 0x8, 0xf9, 0x0, 0x0, 0x0,
    0x0, 0x8, 0xf9, 0x0,

    /* U+0035 "5" */
    0xc, 0xff, 0xff, 0xff, 0xf1, 0xe, 0xff, 0xff,
    0xff, 0xf1, 0xf, 0xf0, 0x0, 0x0, 0x0, 0x2f,
    0xe0, 0x0, 0x0, 0x0, 0x4f, 0xb6, 0xcd, 0xb5,
    0x0, 0x6f, 0xff, 0xff, 0xff, 0x90, 0x8f, 0xf7,
    0x10, 0x6f, 0xf4, 0x47, 0x50, 0x0, 0x9, 0xfa,
    0x0, 0x0, 0x0, 0x5, 0xfd, 0x12, 0x0, 0x0,
    0x5, 0xfd, 0xcf, 0x70, 0x0, 0x9, 0xfa, 0x7f,
    0xf5, 0x0, 0x6f, 0xf4, 0xb, 0xff, 0xff, 0xff,
    0x90, 0x0, 0x7d, 0xff, 0xc5, 0x0,

    /* U+0036 "6" */
    0x0, 0x2, 0xae, 0xff, 0xb3, 0x0, 0x0, 0x3f,
    0xff, 0xff, 0xff, 0x40, 0x0, 0xdf, 0xb2, 0x1,
    0x9f, 0xd0, 0x5, 0xfc, 0x0, 0x0, 0x0, 0x0,
    0xb, 0xf6, 0x8e, 0xfe, 0x91, 0x0, 0xe, 0xfe,
    0xff, 0xff, 0xfd, 0x10, 0xf, 0xff, 0x60, 0x3,
    0xef, 0x90, 0x1f, 0xf7, 0x0, 0x0, 0x5f, 0xe0,
    0xf, 0xf2, 0x0, 0x0, 0x2f, 0xf0, 0xf, 0xf3,
    0x0, 0x0, 0x2f, 0xf0, 0xb, 0xf8, 0x0, 0x0,
    0x6f, 0xd0, 0x5, 0xff, 0x60, 0x5, 0xff, 0x70,
    0x0, 0xaf, 0xff, 0xff, 0xfb, 0x0, 0x0, 0x6,
    0xcf, 0xfd, 0x70, 0x0,

    /* U+0037 "7" */
    0xdf, 0xff, 0xff, 0xff, 0xfd, 0xdf, 0xff, 0xff,
    0xff, 0xfd, 0x0, 0x0, 0x0, 0xc, 0xf4, 0x0,
    0x0, 0x0, 0x9f, 0x70, 0x0, 0x0, 0x4, 0xfc,
    0x0, 0x0, 0x0, 0xd, 0xf2, 0x0, 0x0, 0x0,
    0x7f, 0x90, 0x0, 0x0, 0x0, 0xef, 0x10, 0x0,
    0x0, 0x5, 0xfb, 0x0, 0x0, 0x0, 0xa, 0xf6,
    0x0, 0x0, 0x0, 0xe, 0xf3, 0x0, 0x0, 0x0,
    0x1f, 0xf0, 0x0, 0x0, 0x0, 0x3f, 0xf0, 0x0,
    0x0, 0x0, 0x4f, 0xe0, 0x0, 0x0,

    /* U+0038 "8" */
    0x0, 0x7, 0xdf, 0xfd, 0x70, 0x0, 0x0, 0xbf,
    0xff, 0xff, 0xfb, 0x0, 0x4, 0xff, 0x50, 0x5,
    0xff, 0x40, 0x6, 0xfc, 0x0, 0x0, 0xcf, 0x60,
    0x2, 0xff, 0x40, 0x4, 0xff, 0x20, 0x0, 0x5e,
    0xff, 0xff, 0xe5, 0x0, 0x0, 0x6e, 0xff, 0xff,
    0xe6, 0x0, 0x6, 0xfe, 0x40, 0x4, 0xef, 0x60,
    0xe, 0xf4, 0x0, 0x0, 0x4f, 0xe0, 0xf, 0xf1,
    0x0, 0x0, 0x1f, 0xf0, 0xf, 0xf4, 0x0, 0x0,
    0x4f, 0xf0, 0xb, 0xfd, 0x40, 0x4, 0xdf, 0xb0,
    0x2, 0xef, 0xff, 0xff, 0xfe, 0x20, 0x0, 0x18,
    0xdf, 0xfd, 0x81, 0x0,

    /* U+0039 "9" */
    0x0, 0x8, 0xdf, 0xfc, 0x60, 0x0, 0x1, 0xdf,
    0xff, 0xff, 0xfa, 0x0, 0x9, 0xfe, 0x40, 0x5,
    0xff, 0x50, 0xf, 0xf5, 0x0, 0x0, 0x6f, 0xb0,
    0x1f, 0xf1, 0x0, 0x0, 0x2f, 0xf0, 0xf, 0xf4,
    0x0, 0x0, 0x5f, 0xf0, 0xb, 0xfd, 0x30, 0x4,
    0xef, 0xf1, 0x2, 0xef, 0xff, 0xff, 0xef, 0xf0,
    0x0, 0x19, 0xef, 0xe9, 0x5f, 0xe0, 0x0, 0x0,
    0x0, 0x0, 0x8f, 0xb0, 0x7, 0x92, 0x0, 0x0,
    0xef, 0x50, 0xb, 0xfc, 0x20, 0x2c, 0xfd, 0x0,
    0x2, 0xff, 0xff, 0xff, 0xf3, 0x0, 0x0, 0x2a,
    0xef, 0xea, 0x20, 0x0,

    /* U+003A ":" */
    0x5f, 0xf5, 0x5f, 0xf5, 0x3a, 0xa3, 0x0, 0x0,
    0x0, 0x0, 0x0, 0x0, 0x0, 0x0, 0x0, 0x0,
    0x3a, 0xa3, 0x5f, 0xf5, 0x5f, 0xf5,

    /* U+003B ";" */
    0x5f, 0xf5, 0x5f, 0xf5, 0x3a, 0xa3, 0x0, 0x0,
    0x0, 0x0, 0x0, 0x0, 0x0, 0x0, 0x0, 0x0,
    0x3a, 0xa3, 0x5f, 0xf5, 0x5f, 0xf4, 0x5, 0xf1,
    0xb, 0xa0, 0x1f, 0x40,

    /* U+003C "<" */
    0x0, 0x0, 0x0, 0x0, 0x0, 0x0, 0x0, 0x0,
    0x3, 0xa9, 0x0, 0x0, 0x5, 0xcf, 0xf8, 0x0,
    0x7, 0xdf, 0xfc, 0x50, 0x18, 0xff, 0xfa, 0x30,
    0x0, 0x9f, 0xf8, 0x20, 0x0, 0x0, 0x9f, 0xc4,
    0x0, 0x0, 0x0, 0x4d, 0xff, 0xd6, 0x0, 0x0,
    0x0, 0x4b, 0xff, 0xe7, 0x10, 0x0, 0x0, 0x3a,
    0xff, 0xf6, 0x0, 0x0, 0x0, 0x18, 0xe9, 0x0,
    0x0, 0x0, 0x0, 0x2,

    /* U+003D "=" */
    0x6f, 0xff, 0xff, 0xff, 0xf6, 0x5d, 0xdd, 0xdd,
    0xdd, 0xd5, 0x0, 0x0, 0x0, 0x0, 0x0, 0x0,
    0x0, 0x0, 0x0, 0x0, 0x5c, 0xcc, 0xcc, 0xcc,
    0xc5, 0x6f, 0xff, 0xff, 0xff, 0xf6,

    /* U+003E ">" */
    0x0, 0x0, 0x0, 0x0, 0x0, 0x9a, 0x30, 0x0,
    0x0, 0x0, 0x8f, 0xfc, 0x50, 0x0, 0x0, 0x5,
    0xcf, 0xfd, 0x70, 0x0, 0x0, 0x3, 0xaf, 0xff,
    0x81, 0x0, 0x0, 0x2, 0x8f, 0xf9, 0x0, 0x0,
    0x0, 0x4c, 0xf9, 0x0, 0x0, 0x6d, 0xff, 0xd4,
    0x1, 0x7e, 0xff, 0xb4, 0x0, 0x6f, 0xff, 0xa3,
    0x0, 0x0, 0x9e, 0x81, 0x0, 0x0, 0x0, 0x20,
    0x0, 0x0, 0x0, 0x0,

    /* U+003F "?" */
    0x0, 0x4b, 0xff, 0xe9, 0x10, 0x8, 0xff, 0xff,
    0xff, 0xd1, 0x3f, 0xf6, 0x0, 0x3e, 0xf8, 0x9f,
    0x90, 0x0, 0x7, 0xfc, 0x57, 0x20, 0x0, 0x6,
    0xfb, 0x0, 0x0, 0x0, 0x2d, 0xf6, 0x0, 0x0,
    0x7, 0xff, 0x80, 0x0, 0x0, 0x7f, 0xe4, 0x0,
    0x0, 0x0, 0xef, 0x30, 0x0, 0x0, 0x0, 0xfe,
    0x0, 0x0, 0x0, 0x0, 0x0, 0x0, 0x0, 0x0,
    0x4, 0xaa, 0x30, 0x0, 0x0, 0x6, 0xff, 0x50,
    0x0, 0x0, 0x6, 0xff, 0x50, 0x0,

    /* U+0040 "@" */
    0x0, 0x1, 0x8d, 0xfe, 0xa2, 0x0, 0x0, 0x2e,
    0xf9, 0x79, 0xee, 0x20, 0x0, 0xed, 0x10, 0x0,
    0x1d, 0xc0, 0x8, 0xf2, 0x0, 0x1, 0x15, 0xf3,
    0xe, 0x90, 0x8f, 0xec, 0xd0, 0xf7, 0x3f, 0x35,
    0xf9, 0x8f, 0xb0, 0xd9, 0x6f, 0xc, 0xe0, 0xf,
    0xa0, 0xca, 0x8e, 0xf, 0xa0, 0xf, 0x80, 0xd9,
    0x9d, 0x2f, 0x90, 0x1f, 0x70, 0xe8, 0xac, 0x1f,
    0xa0, 0x5f, 0x60, 0xf5, 0x9d, 0xe, 0xe3, 0xdf,
    0xa7, 0xf1, 0x7f, 0x7, 0xff, 0x88, 0xff, 0x70,
    0x3f, 0x40, 0x33, 0x0, 0x42, 0x0, 0xd, 0xc0,
    0x0, 0x0, 0x0, 0x0, 0x4, 0xfc, 0x42, 0x49,
    0x30, 0x0, 0x0, 0x5e, 0xff, 0xfe, 0x50, 0x0,
    0x0, 0x0, 0x34, 0x30, 0x0, 0x0,

    /* U+0041 "A" */
    0x0, 0x0, 0x8f, 0xf8, 0x0, 0x0, 0x0, 0x0,
    0xcf, 0xfc, 0x0, 0x0, 0x0, 0x1, 0xfe, 0xef,
    0x10, 0x0, 0x0, 0x6, 0xf9, 0x9f, 0x60, 0x0,
    0x0, 0xb, 0xf5, 0x5f, 0xb0, 0x0, 0x0, 0xf,
    0xf0, 0xf, 0xf0, 0x0, 0x0, 0x4f, 0xc0, 0xc,
    0xf4, 0x0, 0x0, 0x9f, 0x70, 0x7, 0xf9, 0x0,
    0x0, 0xef, 0xff, 0xff, 0xfe, 0x0, 0x2, 0xff,
    0xff, 0xff, 0xff, 0x20, 0x7, 0xfa, 0x0, 0x0,
    0xaf, 0x70, 0xc, 0xf5, 0x0, 0x0, 0x5f, 0xc0,
    0x1f, 0xf1, 0x0, 0x0, 0x1f, 0xf1, 0x5f, 0xc0,
    0x0, 0x0, 0xc, 0xf5,

    /* U+0042 "B" */
    0x5f, 0xff, 0xff, 0xd7, 0x0, 0x5, 0xff, 0xff,
    0xff, 0xfc, 0x0, 0x5f, 0xc0, 0x0, 0x6f, 0xf5,
    0x5, 0xfc, 0x0, 0x0, 0xbf, 0x80, 0x5f, 0xc0,
    0x0, 0xb, 0xf7, 0x5, 0xfc, 0x0, 0x6, 0xff,
    0x20, 0x5f, 0xff, 0xff, 0xfc, 0x30, 0x5, 0xff,
    0xff, 0xff, 0xfa, 0x10, 0x5f, 0xc0, 0x0, 0x2b,
    0xfb, 0x5, 0xfc, 0x0, 0x0, 0x1f, 0xf1, 0x5f,
    0xc0, 0x0, 0x1, 0xff, 0x25, 0xfc, 0x0, 0x2,
    0xbf, 0xe0, 0x5f, 0xff, 0xff, 0xff, 0xf5, 0x5,
    0xff, 0xff, 0xfe, 0xb3, 0x0,

    /* U+0043 "C" */
    0x0, 0x5, 0xcf, 0xfc, 0x50, 0x0, 0x0, 0x8f,
    0xff, 0xff, 0xf8, 0x0, 0x4, 0xff, 0x70, 0x7,
    0xff, 0x40, 0xb, 0xf9, 0x0, 0x0, 0x9f, 0xb0,
    0xf, 0xf3, 0x0, 0x0, 0x2b, 0xa0, 0x3f, 0xf0,
    0x0, 0x0, 0x0, 0x0, 0x4f, 0xe0, 0x0, 0x0,
    0x0, 0x0, 0x4f, 0xe0, 0x0, 0x0, 0x0, 0x0,
    0x3f, 0xf0, 0x0, 0x0, 0x0, 0x0, 0xf, 0xf3,
    0x0, 0x0, 0x2f, 0xf1, 0xb, 0xf9, 0x0, 0x0,
    0x8f, 0xc0, 0x4, 0xff, 0x70, 0x6, 0xff, 0x50,
    0x0, 0x8f, 0xff, 0xff, 0xf9, 0x0, 0x0, 0x5,
    0xcf, 0xfc, 0x60, 0x0,

    /* U+0044 "D" */
    0x5f, 0xff, 0xfd, 0x92, 0x0, 0x5, 0xff, 0xff,
    0xff, 0xf5, 0x0, 0x5f, 0xc0, 0x3, 0xcf, 0xf2,
    0x5, 0xfc, 0x0, 0x0, 0xcf, 0xa0, 0x5f, 0xc0,
    0x0, 0x4, 0xff, 0x5, 0xfc, 0x0, 0x0, 0xf,
    0xf2, 0x5f, 0xc0, 0x0, 0x0, 0xef, 0x45, 0xfc,
    0x0, 0x0, 0xe, 0xf4, 0x5f, 0xc0, 0x0, 0x0,
    0xff, 0x25, 0xfc, 0x0, 0x0, 0x4f, 0xf0, 0x5f,
    0xc0, 0x0, 0xc, 0xfa, 0x5, 0xfc, 0x0, 0x3b,
    0xff, 0x20, 0x5f, 0xff, 0xff, 0xff, 0x50, 0x5,
    0xff, 0xff, 0xd9, 0x20, 0x0,

    /* U+0045 "E" */
    0x3f, 0xff, 0xff, 0xff, 0xf7, 0x3f, 0xff, 0xff,
    0xff, 0xf7, 0x3f, 0xd0, 0x0, 0x0, 0x0, 0x3f,
    0xd0, 0x0, 0x0, 0x0, 0x3f, 0xd0, 0x0, 0x0,
    0x0, 0x3f, 0xd0, 0x0, 0x0, 0x0, 0x3f, 0xff,
    0xff, 0xff, 0xf3, 0x3f, 0xff, 0xff, 0xff, 0xf3,
    0x3f, 0xd0, 0x0, 0x0, 0x0, 0x3f, 0xd0, 0x0,
    0x0, 0x0, 0x3f, 0xd0, 0x0, 0x0, 0x0, 0x3f,
    0xd0, 0x0, 0x0, 0x0, 0x3f, 0xff, 0xff, 0xff,
    0xfa, 0x3f, 0xff, 0xff, 0xff, 0xfa,

    /* U+0046 "F" */
    0xf, 0xff, 0xff, 0xff, 0xfd, 0xf, 0xff, 0xff,
    0xff, 0xfc, 0xf, 0xf1, 0x0, 0x0, 0x0, 0xf,
    0xf1, 0x0, 0x0, 0x0, 0xf, 0xf1, 0x0, 0x0,
    0x0, 0xf, 0xf1, 0x0, 0x0, 0x0, 0xf, 0xff,
    0xff, 0xff, 0xf7, 0xf, 0xff, 0xff, 0xff, 0xf7,
    0xf, 0xf1, 0x0, 0x0, 0x0, 0xf, 0xf1, 0x0,
    0x0, 0x0, 0xf, 0xf1, 0x0, 0x0, 0x0, 0xf,
    0xf1, 0x0, 0x0, 0x0, 0xf, 0xf1, 0x0, 0x0,
    0x0, 0xf, 0xf1, 0x0, 0x0, 0x0,

    /* U+0047 "G" */
    0x0, 0x5, 0xcf, 0xfc, 0x60, 0x0, 0x0, 0x8f,
    0xff, 0xff, 0xfa, 0x0, 0x3, 0xff, 0x81, 0x5,
    0xff, 0x60, 0xb, 0xfa, 0x0, 0x0, 0x6f, 0xe0,
    0xf, 0xf3, 0x0, 0x0, 0x3, 0x30, 0x3f, 0xf0,
    0x0, 0x0, 0x0, 0x0, 0x4f, 0xe0, 0x0, 0xcd,
    0xdd, 0xd1, 0x4f, 0xe0, 0x0, 0xff, 0xff, 0xf2,
    0x3f, 0xf0, 0x0, 0x0, 0xd, 0xf2, 0xf, 0xf3,
    0x0, 0x0, 0xf, 0xf2, 0xb, 0xfa, 0x0, 0x0,
    0x7f, 0xf2, 0x4, 0xff, 0x81, 0x5, 0xff, 0xf2,
    0x0, 0x8f, 0xff, 0xff, 0xeb, 0xf2, 0x0, 0x5,
    0xcf, 0xfb, 0x29, 0xf2,

    /* U+0048 "H" */
    0xef, 0x30, 0x0, 0x3, 0xfe, 0xef, 0x30, 0x0,
    0x3, 0xfe, 0xef, 0x30, 0x0, 0x3, 0xfe, 0xef,
    0x30, 0x0, 0x3, 0xfe, 0xef, 0x30, 0x0, 0x3,
    0xfe, 0xef, 0x30, 0x0, 0x3, 0xfe, 0xef, 0xff,
    0xff, 0xff, 0xfe, 0xef, 0xff, 0xff, 0xff, 0xfe,
    0xef, 0x30, 0x0, 0x3, 0xfe, 0xef, 0x30, 0x0,
    0x3, 0xfe, 0xef, 0x30, 0x0, 0x3, 0xfe, 0xef,
    0x30, 0x0, 0x3, 0xfe, 0xef, 0x30, 0x0, 0x3,
    0xfe, 0xef, 0x30, 0x0, 0x3, 0xfe,

    /* U+0049 "I" */
    0x7f, 0xff, 0xff, 0xff, 0xf7, 0x7f, 0xff, 0xff,
    0xff, 0xf7, 0x0, 0x0, 0xff, 0x0, 0x0, 0x0,
    0x0, 0xff, 0x0, 0x0, 0x0, 0x0, 0xff, 0x0,
    0x0, 0x0, 0x0, 0xff, 0x0, 0x0, 0x0, 0x0,
    0xff, 0x0, 0x0, 0x0, 0x0, 0xff, 0x0, 0x0,
    0x0, 0x0, 0xff, 0x0, 0x0, 0x0, 0x0, 0xff,
    0x0, 0x0, 0x0, 0x0, 0xff, 0x0, 0x0, 0x0,
    0x0, 0xff, 0x0, 0x0, 0x7f, 0xff, 0xff, 0xff,
    0xf7, 0x7f, 0xff, 0xff, 0xff, 0xf7,

    /* U+004A "J" */
    0x0, 0x0, 0x0, 0x0, 0xdf, 0x30, 0x0, 0x0,
    0x0, 0xd, 0xf3, 0x0, 0x0, 0x0, 0x0, 0xdf,
    0x30, 0x0, 0x0, 0x0, 0xd, 0xf3, 0x0, 0x0,
    0x0, 0x0, 0xdf, 0x30, 0x0, 0x0, 0x0, 0xd,
    0xf3, 0x0, 0x0, 0x0, 0x0, 0xdf, 0x30, 0x0,
    0x0, 0x0, 0xd, 0xf3, 0x0, 0x10, 0x0, 0x0,
    0xdf, 0x33, 0xfe, 0x0, 0x0, 0xe, 0xf3, 0xf,
    0xf2, 0x0, 0x1, 0xff, 0x10, 0xbf, 0xc2, 0x2,
    0xbf, 0xb0, 0x2, 0xef, 0xff, 0xff, 0xe2, 0x0,
    0x1, 0x9e, 0xfe, 0xa2, 0x0,

    /* U+004B "K" */
    0xef, 0x30, 0x0, 0xd, 0xfa, 0xe, 0xf3, 0x0,
    0xa, 0xfc, 0x0, 0xef, 0x30, 0x7, 0xfe, 0x10,
    0xe, 0xf3, 0x4, 0xff, 0x30, 0x0, 0xef, 0x32,
    0xff, 0x50, 0x0, 0xe, 0xf4, 0xdf, 0x80, 0x0,
    0x0, 0xef, 0xdf, 0xf4, 0x0, 0x0, 0xe, 0xff,
    0xff, 0xd0, 0x0, 0x0, 0xef, 0xe2, 0xcf, 0x90,
    0x0, 0xe, 0xf5, 0x2, 0xff, 0x30, 0x0, 0xef,
    0x30, 0x8, 0xfd, 0x0, 0xe, 0xf3, 0x0, 0xd,
    0xf9, 0x0, 0xef, 0x30, 0x0, 0x3f, 0xf3, 0xe,
    0xf3, 0x0, 0x0, 0x8f, 0xd0,

    /* U+004C "L" */
    0xf, 0xf1, 0x0, 0x0, 0x0, 0xf, 0xf1, 0x0,
    0x0, 0x0, 0xf, 0xf1, 0x0, 0x0, 0x0, 0xf,
    0xf1, 0x0, 0x0, 0x0, 0xf, 0xf1, 0x0, 0x0,
    0x0, 0xf, 0xf1, 0x0, 0x0, 0x0, 0xf, 0xf1,
    0x0, 0x0, 0x0, 0xf, 0xf1, 0x0, 0x0, 0x0,
    0xf, 0xf1, 0x0, 0x0, 0x0, 0xf, 0xf1, 0x0,
    0x0, 0x0, 0xf, 0xf1, 0x0, 0x0, 0x0, 0xf,
    0xf1, 0x0, 0x0, 0x0, 0xf, 0xff, 0xff, 0xff,
    0xfd, 0xf, 0xff, 0xff, 0xff, 0xfd,

    /* U+004D "M" */
    0xf, 0xfe, 0x0, 0x0, 0xef, 0xf0, 0xf, 0xff,
    0x20, 0x2, 0xff, 0xf0, 0xf, 0xff, 0x60, 0x6,
    0xff, 0xf0, 0xf, 0xfe, 0xa0, 0xa, 0xef, 0xf0,
    0xf, 0xfb, 0xe0, 0xe, 0xbf, 0xf0, 0xf, 0xf7,
    0xf2, 0x2f, 0x7f, 0xf0, 0xf, 0xf3, 0xf6, 0x6f,
    0x3f, 0xf0, 0xf, 0xf0, 0xfa, 0xaf, 0xf, 0xf0,
    0xf, 0xf0, 0xbe, 0xeb, 0xf, 0xf0, 0xf, 0xf0,
    0x7f, 0xf7, 0xf, 0xf0, 0xf, 0xf0, 0x3f, 0xf3,
    0xf, 0xf0, 0xf, 0xf0, 0xf, 0xf0, 0xf, 0xf0,
    0xf, 0xf0, 0x4, 0x40, 0xf, 0xf0, 0xf, 0xf0,
    0x0, 0x0, 0xf, 0xf0,

    /* U+004E "N" */
    0xaf, 0xf2, 0x0, 0x6, 0xfa, 0xaf, 0xf8, 0x0,
    0x6, 0xfa, 0xaf, 0xfe, 0x0, 0x6, 0xfa, 0xaf,
    0xcf, 0x60, 0x6, 0xfa, 0xaf, 0x7e, 0xd0, 0x6,
    0xfa, 0xaf, 0x68, 0xf3, 0x6, 0xfa, 0xaf, 0x61,
    0xfa, 0x6, 0xfa, 0xaf, 0x60, 0xaf, 0x16, 0xfa,
    0xaf, 0x60, 0x3f, 0x86, 0xfa, 0xaf, 0x60, 0xd,
    0xe7, 0xfa, 0xaf, 0x60, 0x6, 0xfc, 0xfa, 0xaf,
    0x60, 0x0, 0xef, 0xfa, 0xaf, 0x60, 0x0, 0x8f,
    0xfa, 0xaf, 0x60, 0x0, 0x2f, 0xfa,

    /* U+004F "O" */
    0x0, 0x6, 0xcf, 0xfc, 0x60, 0x0, 0x0, 0xaf,
    0xff, 0xff, 0xfa, 0x0, 0x5, 0xff, 0x70, 0x7,
    0xff, 0x50, 0xc, 0xf9, 0x0, 0x0, 0x9f, 0xc0,
    0xf, 0xf3, 0x0, 0x0, 0x3f, 0xf0, 0x3f, 0xf0,
    0x0, 0x0, 0xf, 0xf3, 0x4f, 0xe0, 0x0, 0x0,
    0xe, 0xf4, 0x4f, 0xe0, 0x0, 0x0, 0xe, 0xf4,
    0x3f, 0xf0, 0x0, 0x0, 0xf, 0xf3, 0xf, 0xf3,
    0x0, 0x0, 0x3f, 0xf0, 0xc, 0xf9, 0x0, 0x0,
    0x9f, 0xc0, 0x5, 0xff, 0x70, 0x7, 0xff, 0x50,
    0x0, 0x9f, 0xff, 0xff, 0xfa, 0x0, 0x0, 0x6,
    0xcf, 0xfc, 0x60, 0x0,

    /* U+0050 "P" */
    0x4f, 0xff, 0xff, 0xd8, 0x0, 0x4, 0xff, 0xff,
    0xff, 0xfd, 0x10, 0x4f, 0xd0, 0x0, 0x4e, 0xf9,
    0x4, 0xfd, 0x0, 0x0, 0x5f, 0xf0, 0x4f, 0xd0,
    0x0, 0x2, 0xff, 0x4, 0xfd, 0x0, 0x0, 0x5f,
    0xf0, 0x4f, 0xd0, 0x0, 0x4e, 0xf9, 0x4, 0xff,
    0xff, 0xff, 0xfd, 0x10, 0x4f, 0xff, 0xff, 0xd8,
    0x10, 0x4, 0xfd, 0x0, 0x0, 0x0, 0x0, 0x4f,
    0xd0, 0x0, 0x0, 0x0, 0x4, 0xfd, 0x0, 0x0,
    0x0, 0x0, 0x4f, 0xd0, 0x0, 0x0, 0x0, 0x4,
    0xfd, 0x0, 0x0, 0x0, 0x0,

    /* U+0051 "Q" */
    0x0, 0x6, 0xcf, 0xfc, 0x60, 0x0, 0x0, 0xaf,
    0xff, 0xff, 0xfa, 0x0, 0x5, 0xff, 0x70, 0x7,
    0xff, 0x50, 0xc, 0xf9, 0x0, 0x0, 0x9f, 0xc0,
    0xf, 0xf3, 0x0, 0x0, 0x3f, 0xf0, 0x3f, 0xf0,
    0x0, 0x0, 0xf, 0xf3, 0x4f, 0xe0, 0x0, 0x0,
    0xe, 0xf4, 0x4f, 0xe0, 0x0, 0x0, 0xe, 0xf4,
    0x3f, 0xf0, 0x0, 0x0, 0xf, 0xf3, 0xf, 0xf3,
    0x9, 0x90, 0x2f, 0xf0, 0xc, 0xf9, 0x9, 0xf2,
    0x8f, 0xc0, 0x5, 0xff, 0x64, 0xfc, 0xff, 0x50,
    0x0, 0x9f, 0xff, 0xff, 0xfa, 0x0, 0x0, 0x6,
    0xcf, 0xff, 0x80, 0x0, 0x0, 0x0, 0x0, 0x2f,
    0x90, 0x0, 0x0, 0x0, 0x0, 0xd, 0xe0, 0x0,

    /* U+0052 "R" */
    0xaf, 0xff, 0xff, 0xc6, 0x0, 0xaf, 0xff, 0xff,
    0xff, 0xb0, 0xaf, 0x70, 0x1, 0x6f, 0xf4, 0xaf,
    0x70, 0x0, 0xa, 0xf8, 0xaf, 0x70, 0x0, 0xa,
    0xf8, 0xaf, 0x70, 0x0, 0x6f, 0xf4, 0xaf, 0xff,
    0xff, 0xff, 0x80, 0xaf, 0xff, 0xff, 0xfb, 0x20,
    0xaf, 0x70, 0x0, 0x5f, 0xe1, 0xaf, 0x70, 0x0,
    0xc, 0xf5, 0xaf, 0x70, 0x0, 0x9, 0xf7, 0xaf,
    0x70, 0x0, 0x8, 0xf8, 0xaf, 0x70, 0x0, 0x7,
    0xfa, 0xaf, 0x70, 0x0, 0x6, 0xfb,

    /* U+0053 "S" */
    0x0, 0x18, 0xdf, 0xfc, 0x60, 0x0, 0x1, 0xef,
    0xff, 0xff, 0xfa, 0x0, 0x9, 0xfe, 0x40, 0x6,
    0xff, 0x50, 0xc, 0xf6, 0x0, 0x0, 0x8f, 0xb0,
    0xc, 0xf7, 0x0, 0x0, 0x27, 0x60, 0x6, 0xff,
    0x82, 0x0, 0x0, 0x0, 0x0, 0x7f, 0xff, 0xe9,
    0x30, 0x0, 0x0, 0x0, 0x5a, 0xef, 0xfb, 0x10,
    0x0, 0x0, 0x0, 0x5, 0xdf, 0xb0, 0x1c, 0xc1,
    0x0, 0x0, 0x2f, 0xf0, 0xe, 0xf7, 0x0, 0x0,
    0x1f, 0xf1, 0x7, 0xff, 0x61, 0x2, 0xaf, 0xe0,
    0x0, 0xaf, 0xff, 0xff, 0xff, 0x40, 0x0, 0x6,
    0xcf, 0xfe, 0xa2, 0x0,

    /* U+0054 "T" */
    0x3f, 0xff, 0xff, 0xff, 0xff, 0xf3, 0x3f, 0xff,
    0xff, 0xff, 0xff, 0xf3, 0x0, 0x0, 0xf, 0xf0,
    0x0, 0x0, 0x0, 0x0, 0xf, 0xf0, 0x0, 0x0,
    0x0, 0x0, 0xf, 0xf0, 0x0, 0x0, 0x0, 0x0,
    0xf, 0xf0, 0x0, 0x0, 0x0, 0x0, 0xf, 0xf0,
    0x0, 0x0, 0x0, 0x0, 0xf, 0xf0, 0x0, 0x0,
    0x0, 0x0, 0xf, 0xf0, 0x0, 0x0, 0x0, 0x0,
    0xf, 0xf0, 0x0, 0x0, 0x0, 0x0, 0xf, 0xf0,
    0x0, 0x0, 0x0, 0x0, 0xf, 0xf0, 0x0, 0x0,
    0x0, 0x0, 0xf, 0xf0, 0x0, 0x0, 0x0, 0x0,
    0xf, 0xf0, 0x0, 0x0,

    /* U+0055 "U" */
    0xdf, 0x40, 0x0, 0x4, 0xfd, 0xdf, 0x40, 0x0,
    0x4, 0xfd, 0xdf, 0x40, 0x0, 0x4, 0xfd, 0xdf,
    0x40, 0x0, 0x4, 0xfd, 0xdf, 0x40, 0x0, 0x4,
    0xfd, 0xdf, 0x40, 0x0, 0x4, 0xfd, 0xdf, 0x40,
    0x0, 0x4, 0xfd, 0xdf, 0x40, 0x0, 0x4, 0xfd,
    0xdf, 0x40, 0x0, 0x4, 0xfd, 0xdf, 0x50, 0x0,
    0x5, 0xfd, 0xaf, 0x80, 0x0, 0x9, 0xfa, 0x5f,
    0xf6, 0x0, 0x6f, 0xf5, 0xa, 0xff, 0xff, 0xff,
    0xa0, 0x0, 0x6d, 0xff, 0xd6, 0x0,

    /* U+0056 "V" */
    0x4f, 0xe0, 0x0, 0x0, 0xe, 0xf4, 0xf, 0xf3,
    0x0, 0x0, 0x3f, 0xf0, 0xb, 0xf7, 0x0, 0x0,
    0x7f, 0xb0, 0x6, 0xfc, 0x0, 0x0, 0xcf, 0x60,
    0x1, 0xff, 0x10, 0x1, 0xff, 0x10, 0x0, 0xcf,
    0x50, 0x5, 0xfc, 0x0, 0x0, 0x7f, 0xa0, 0xa,
    0xf7, 0x0, 0x0, 0x3f, 0xe0, 0xe, 0xf3, 0x0,
    0x0, 0xe, 0xf3, 0x3f, 0xe0, 0x0, 0x0, 0x9,
    0xf8, 0x8f, 0x90, 0x0, 0x0, 0x4, 0xfc, 0xcf,
    0x40, 0x0, 0x0, 0x0, 0xff, 0xff, 0x0, 0x0,
    0x0, 0x0, 0xbf, 0xfa, 0x0, 0x0, 0x0, 0x0,
    0x6f, 0xf6, 0x0, 0x0,

    /* U+0057 "W" */
    0x6f, 0xb0, 0x0, 0x0, 0xb, 0xf6, 0x4f, 0xc0,
    0xb, 0xb0, 0xc, 0xf4, 0x2f, 0xe0, 0x1f, 0xf1,
    0xe, 0xf2, 0xf, 0xf0, 0x3f, 0xf3, 0xf, 0xf0,
    0xf, 0xf1, 0x5f, 0xf5, 0x1f, 0xf0, 0xd, 0xf3,
    0x8e, 0xe8, 0x3f, 0xd0, 0xb, 0xf4, 0xac, 0xca,
    0x4f, 0xb0, 0xa, 0xf6, 0xca, 0xac, 0x6f, 0xa0,
    0x8, 0xf7, 0xe8, 0x8e, 0x7f, 0x80, 0x6, 0xfa,
    0xf6, 0x6f, 0xaf, 0x60, 0x4, 0xfd, 0xf4, 0x4f,
    0xdf, 0x40, 0x3, 0xff, 0xf2, 0x2f, 0xff, 0x30,
    0x1, 0xff, 0xf0, 0xf, 0xff, 0x10, 0x0, 0xff,
    0xe0, 0xe, 0xff, 0x0,

    /* U+0058 "X" */
    0xc, 0xf9, 0x0, 0x0, 0x8f, 0xc0, 0x4, 0xff,
    0x10, 0x1, 0xff, 0x40, 0x0, 0xbf, 0x90, 0x8,
    0xfb, 0x0, 0x0, 0x3f, 0xf1, 0x1f, 0xf3, 0x0,
    0x0, 0xa, 0xf9, 0x8f, 0xa0, 0x0, 0x0, 0x2,
    0xff, 0xff, 0x20, 0x0, 0x0, 0x0, 0x9f, 0xf9,
    0x0, 0x0, 0x0, 0x0, 0xaf, 0xfa, 0x0, 0x0,
    0x0, 0x3, 0xff, 0xff, 0x20, 0x0, 0x0, 0xb,
    0xf8, 0x8f, 0xb0, 0x0, 0x0, 0x3f, 0xe0, 0x1f,
    0xf3, 0x0, 0x0, 0xcf, 0x70, 0x8, 0xfc, 0x0,
    0x4, 0xfe, 0x0, 0x1, 0xff, 0x40, 0xd, 0xf7,
    0x0, 0x0, 0x8f, 0xd0,

    /* U+0059 "Y" */
    0x1f, 0xf4, 0x0, 0x0, 0x4f, 0xf1, 0x8, 0xfc,
    0x0, 0x0, 0xcf, 0x80, 0x0, 0xef, 0x40, 0x4,
    0xfe, 0x10, 0x0, 0x7f, 0xb0, 0xb, 0xf7, 0x0,
    0x0, 0xe, 0xf3, 0x3f, 0xe0, 0x0, 0x0, 0x7,
    0xfb, 0xbf, 0x70, 0x0, 0x0, 0x0, 0xef, 0xfe,
    0x0, 0x0, 0x0, 0x0, 0x6f, 0xf7, 0x0, 0x0,
    0x0, 0x0, 0x1f, 0xf1, 0x0, 0x0, 0x0, 0x0,
    0xf, 0xf1, 0x0, 0x0, 0x0, 0x0, 0xf, 0xf1,
    0x0, 0x0, 0x0, 0x0, 0xf, 0xf1, 0x0, 0x0,
    0x0, 0x0, 0xf, 0xf1, 0x0, 0x0, 0x0, 0x0,
    0xf, 0xf1, 0x0, 0x0,

    /* U+005A "Z" */
    0xb, 0xff, 0xff, 0xff, 0xff, 0xe0, 0xb, 0xff,
    0xff, 0xff, 0xff, 0xe0, 0x0, 0x0, 0x0, 0x0,
    0xdf, 0x80, 0x0, 0x0, 0x0, 0xa, 0xfc, 0x0,
    0x0, 0x0, 0x0, 0x6f, 0xe1, 0x0, 0x0, 0x0,
    0x3, 0xff, 0x40, 0x0, 0x0, 0x0, 0xd, 0xf8,
    0x0, 0x0, 0x0, 0x0, 0xaf, 0xb0, 0x0, 0x0,
    0x0, 0x6, 0xfe, 0x10, 0x0, 0x0, 0x0, 0x3f,
    0xf4, 0x0, 0x0, 0x0, 0x1, 0xdf, 0x80, 0x0,
    0x0, 0x0, 0xa, 0xfb, 0x0, 0x0, 0x0, 0x0,
    0xf, 0xff, 0xff, 0xff, 0xff, 0xf0, 0xf, 0xff,
    0xff, 0xff, 0xff, 0xf0,

    /* U+005B "[" */
    0x4b, 0xbb, 0xbb, 0xb4, 0x5f, 0xff, 0xff, 0xf5,
    0x5f, 0xa0, 0x0, 0x0, 0x5f, 0xa0, 0x0, 0x0,
    0x5f, 0xa0, 0x0, 0x0, 0x5f, 0xa0, 0x0, 0x0,
    0x5f, 0xa0, 0x0, 0x0, 0x5f, 0xa0, 0x0, 0x0,
    0x5f, 0xa0, 0x0, 0x0, 0x5f, 0xa0, 0x0, 0x0,
    0x5f, 0xa0, 0x0, 0x0, 0x5f, 0xa0, 0x0, 0x0,
    0x5f, 0xa0, 0x0, 0x0, 0x5f, 0xa0, 0x0, 0x0,
    0x5f, 0xa0, 0x0, 0x0, 0x5f, 0xa0, 0x0, 0x0,
    0x5f, 0xeb, 0xbb, 0xb4, 0x5f, 0xff, 0xff, 0xf5,

    /* U+005C "\\" */
    0x77, 0x0, 0x0, 0x0, 0xaf, 0x40, 0x0, 0x0,
    0x4f, 0xa0, 0x0, 0x0, 0xe, 0xf0, 0x0, 0x0,
    0x9, 0xf5, 0x0, 0x0, 0x4, 0xfa, 0x0, 0x0,
    0x0, 0xef, 0x0, 0x0, 0x0, 0x9f, 0x50, 0x0,
    0x0, 0x3f, 0xb0, 0x0, 0x0, 0xd, 0xf1, 0x0,
    0x0, 0x8, 0xf6, 0x0, 0x0, 0x2, 0xfb, 0x0,
    0x0, 0x0, 0xdf, 0x10, 0x0, 0x0, 0x7f, 0x60,
    0x0, 0x0, 0x2f, 0xc0, 0x0, 0x0, 0xc, 0xf1,
    0x0, 0x0, 0x7, 0xf7, 0x0, 0x0, 0x1, 0xfd,

    /* U+005D "]" */
    0x4b, 0xbb, 0xbb, 0xb4, 0x5f, 0xff, 0xff, 0xf5,
    0x0, 0x0, 0xa, 0xf5, 0x0, 0x0, 0xa, 0xf5,
    0x0, 0x0, 0xa, 0xf5, 0x0, 0x0, 0xa, 0xf5,
    0x0, 0x0, 0xa, 0xf5, 0x0, 0x0, 0xa, 0xf5,
    0x0, 0x0, 0xa, 0xf5, 0x0, 0x0, 0xa, 0xf5,
    0x0, 0x0, 0xa, 0xf5, 0x0, 0x0, 0xa, 0xf5,
    0x0, 0x0, 0xa, 0xf5, 0x0, 0x0, 0xa, 0xf5,
    0x0, 0x0, 0xa, 0xf5, 0x0, 0x0, 0xa, 0xf5,
    0x4b, 0xbb, 0xbe, 0xf5, 0x5f, 0xff, 0xff, 0xf5,

    /* U+005E "^" */
    0x0, 0x6f, 0xf6, 0x0, 0x0, 0xcf, 0xfc, 0x0,
    0x2, 0xfc, 0xcf, 0x20, 0x8, 0xf6, 0x6f, 0x80,
    0xe, 0xf0, 0xf, 0xe0, 0x5f, 0x90, 0x9, 0xf5,
    0xbf, 0x30, 0x3, 0xfb,

    /* U+005F "_" */
    0x6d, 0xdd, 0xdd, 0xdd, 0xd6, 0x7f, 0xff, 0xff,
    0xff, 0xf7,

    /* U+0060 "`" */
    0xa, 0xa8, 0x0, 0xa, 0xff, 0x0, 0x3, 0xff,
    0x50, 0x0, 0xcf, 0xa0, 0x0, 0x5f, 0xf0,

    /* U+0061 "a" */
    0x0, 0x8e, 0xfe, 0xa2, 0x0, 0x0, 0xdf, 0xfd,
    0xff, 0xe1, 0x0, 0x7f, 0xc1, 0x0, 0xbf, 0x80,
    0x5, 0x72, 0x0, 0x4, 0xfc, 0x0, 0x0, 0x1,
    0x48, 0xcf, 0xd0, 0x0, 0x6d, 0xff, 0xfe, 0xfd,
    0x0, 0x8f, 0xe7, 0x41, 0x3f, 0xd0, 0xe, 0xf3,
    0x0, 0x5, 0xfd, 0x0, 0xff, 0x40, 0x1, 0xdf,
    0xd0, 0x9, 0xff, 0xbb, 0xfc, 0xff, 0xf0, 0x7,
    0xdf, 0xe8, 0x6, 0xee, 0x0,

    /* U+0062 "b" */
    0x5f, 0xa0, 0x0, 0x0, 0x0, 0x5, 0xfa, 0x0,
    0x0, 0x0, 0x0, 0x5f, 0xa0, 0x0, 0x0, 0x0,
    0x5, 0xfa, 0x3c, 0xff, 0xb2, 0x0, 0x5f, 0xdf,
    0xfe, 0xff, 0xf2, 0x5, 0xff, 0xb1, 0x1, 0xcf,
    0xb0, 0x5f, 0xf1, 0x0, 0x3, 0xff, 0x5, 0xfb,
    0x0, 0x0, 0xe, 0xf3, 0x5f, 0xa0, 0x0, 0x0,
    0xdf, 0x45, 0xfc, 0x0, 0x0, 0xe, 0xf3, 0x5f,
    0xf1, 0x0, 0x3, 0xff, 0x5, 0xff, 0xb1, 0x1,
    0xdf, 0xb0, 0x5f, 0xbf, 0xfe, 0xff, 0xe2, 0x5,
    0xf8, 0x3c, 0xff, 0xa2, 0x0,

    /* U+0063 "c" */
    0x0, 0x3b, 0xff, 0xd7, 0x0, 0x5, 0xff, 0xfe,
    0xff, 0xb0, 0x1f, 0xf8, 0x0, 0x3e, 0xf6, 0x7f,
    0xc0, 0x0, 0x5, 0xea, 0xaf, 0x70, 0x0, 0x0,
    0x0, 0xbf, 0x60, 0x0, 0x0, 0x0, 0xaf, 0x70,
    0x0, 0x0, 0x0, 0x7f, 0xc0, 0x0, 0x5, 0xfc,
    0x1f, 0xf8, 0x0, 0x3e, 0xf6, 0x5, 0xff, 0xfe,
    0xff, 0xa0, 0x0, 0x3b, 0xff, 0xd6, 0x0,

    /* U+0064 "d" */
    0x0, 0x0, 0x0, 0x0, 0xaf, 0x50, 0x0, 0x0,
    0x0, 0xa, 0xf5, 0x0, 0x0, 0x0, 0x0, 0xaf,
    0x50, 0x2, 0xbf, 0xfc, 0x3a, 0xf5, 0x2, 0xff,
    0xfe, 0xff, 0xdf, 0x50, 0xbf, 0xc1, 0x1, 0xbf,
    0xf5, 0xf, 0xf3, 0x0, 0x1, 0xff, 0x53, 0xfe,
    0x0, 0x0, 0xb, 0xf5, 0x4f, 0xd0, 0x0, 0x0,
    0xaf, 0x53, 0xfe, 0x0, 0x0, 0xc, 0xf5, 0xf,
    0xf3, 0x0, 0x1, 0xff, 0x50, 0xbf, 0xd1, 0x1,
    0xbf, 0xf5, 0x2, 0xef, 0xfe, 0xff, 0xcf, 0x50,
    0x2, 0xaf, 0xfc, 0x38, 0xf5,

    /* U+0065 "e" */
    0x0, 0x4c, 0xff, 0xc5, 0x0, 0x7, 0xff, 0xee,
    0xff, 0x80, 0x2f, 0xf5, 0x0, 0x4f, 0xf3, 0x9f,
    0x80, 0x0, 0x8, 0xf9, 0xcf, 0xba, 0xaa, 0xac,
    0xfc, 0xdf, 0xff, 0xff, 0xff, 0xfd, 0xcf, 0x50,
    0x0, 0x0, 0x0, 0x9f, 0x90, 0x0, 0x3, 0x73,
    0x2f, 0xf6, 0x0, 0x3e, 0xf4, 0x7, 0xff, 0xfe,
    0xff, 0x80, 0x0, 0x4c, 0xff, 0xc6, 0x0,

    /* U+0066 "f" */
    0x0, 0x0, 0xaf, 0xff, 0xfa, 0x0, 0x9, 0xff,
    0xbb, 0xb7, 0x0, 0xd, 0xf4, 0x0, 0x0, 0xaf,
    0xff, 0xff, 0xff, 0xf7, 0x7b, 0xbf, 0xfc, 0xbb,
    0xb5, 0x0, 0xd, 0xf3, 0x0, 0x0, 0x0, 0xd,
    0xf3, 0x0, 0x0, 0x0, 0xd, 0xf3, 0x0, 0x0,
    0x0, 0xd, 0xf3, 0x0, 0x0, 0x0, 0xd, 0xf3,
    0x0, 0x0, 0x0, 0xd, 0xf3, 0x0, 0x0, 0x0,
    0xd, 0xf3, 0x0, 0x0, 0x0, 0xd, 0xf3, 0x0,
    0x0, 0x0, 0xd, 0xf3, 0x0, 0x0,

    /* U+0067 "g" */
    0x0, 0x7d, 0xfe, 0x73, 0xfb, 0xb, 0xff, 0xde,
    0xfc, 0xfb, 0x6f, 0xe3, 0x0, 0x4f, 0xfb, 0xbf,
    0x70, 0x0, 0x9, 0xfb, 0xef, 0x30, 0x0, 0x5,
    0xfb, 0xef, 0x30, 0x0, 0x5, 0xfb, 0xbf, 0x70,
    0x0, 0x9, 0xfb, 0x6f, 0xe3, 0x0, 0x5f, 0xfb,
    0xb, 0xff, 0xee, 0xfc, 0xfb, 0x0, 0x7d, 0xfe,
    0x74, 0xfb, 0x24, 0x20, 0x0, 0x6, 0xfa, 0x4f,
    0xe2, 0x0, 0x2d, 0xf6, 0xa, 0xff, 0xde, 0xff,
    0xc0, 0x0, 0x6d, 0xff, 0xd7, 0x0,

    /* U+0068 "h" */
    0x2f, 0xe0, 0x0, 0x0, 0x0, 0x2f, 0xe0, 0x0,
    0x0, 0x0, 0x2f, 0xe0, 0x0, 0x0, 0x0, 0x2f,
    0xe2, 0xbf, 0xfa, 0x10, 0x2f, 0xee, 0xec, 0xff,
    0xd0, 0x2f, 0xfa, 0x0, 0x2f, 0xf3, 0x2f, 0xf0,
    0x0, 0xa, 0xf6, 0x2f, 0xe0, 0x0, 0x9, 0xf7,
    0x2f, 0xe0, 0x0, 0x9, 0xf7, 0x2f, 0xe0, 0x0,
    0x9, 0xf7, 0x2f, 0xe0, 0x0, 0x9, 0xf7, 0x2f,
    0xe0, 0x0, 0x9, 0xf7, 0x2f, 0xe0, 0x0, 0x9,
    0xf7, 0x2f, 0xe0, 0x0, 0x9, 0xf7,

    /* U+0069 "i" */
    0x0, 0x0, 0x7f, 0xa0, 0x0, 0x0, 0x0, 0x7,
    0xfa, 0x0, 0x0, 0x0, 0x0, 0x2, 0x10, 0x0,
    0x4, 0xff, 0xff, 0xfb, 0x0, 0x0, 0x3b, 0xbb,
    0xdf, 0xb0, 0x0, 0x0, 0x0, 0x5, 0xfb, 0x0,
    0x0, 0x0, 0x0, 0x5f, 0xb0, 0x0, 0x0, 0x0,
    0x5, 0xfb, 0x0, 0x0, 0x0, 0x0, 0x5f, 0xb0,
    0x0, 0x0, 0x0, 0x5, 0xfb, 0x0, 0x0, 0x0,
    0x0, 0x5f, 0xb0, 0x0, 0x0, 0x0, 0x5, 0xfb,
    0x0, 0x0, 0x5b, 0xbb, 0xcf, 0xeb, 0xbb, 0x37,
    0xff, 0xff, 0xff, 0xff, 0xf4,

    /* U+006A "j" */
    0x0, 0x0, 0x1f, 0xf0, 0x0, 0x1, 0xff, 0x0,
    0x0, 0x2, 0x2b, 0xff, 0xff, 0xff, 0x8b, 0xbb,
    0xbf, 0xf0, 0x0, 0x0, 0xff, 0x0, 0x0, 0xf,
    0xf0, 0x0, 0x0, 0xff, 0x0, 0x0, 0xf, 0xf0,
    0x0, 0x0, 0xff, 0x0, 0x0, 0xf, 0xf0, 0x0,
    0x0, 0xff, 0x0, 0x0, 0xf, 0xf0, 0x0, 0x0,
    0xff, 0x0, 0x0, 0x3f, 0xea, 0xbb, 0xbf, 0xf9,
    0xef, 0xff, 0xe9, 0x0,

    /* U+006B "k" */
    0x6f, 0xa0, 0x0, 0x0, 0x0, 0x6, 0xfa, 0x0,
    0x0, 0x0, 0x0, 0x6f, 0xa0, 0x0, 0x0, 0x0,
    0x6, 0xfa, 0x0, 0x1, 0xef, 0x80, 0x6f, 0xa0,
    0x0, 0xdf, 0xa0, 0x6, 0xfa, 0x0, 0xbf, 0xb0,
    0x0, 0x6f, 0xa0, 0x9f, 0xd1, 0x0, 0x6, 0xfa,
    0x7f, 0xf1, 0x0, 0x0, 0x6f, 0xef, 0xff, 0x60,
    0x0, 0x6, 0xff, 0xf6, 0xff, 0x20, 0x0, 0x6f,
    0xf3, 0x8, 0xfc, 0x0, 0x6, 0xfa, 0x0, 0xd,
    0xf7, 0x0, 0x6f, 0xa0, 0x0, 0x3f, 0xf2, 0x6,
    0xfa, 0x0, 0x0, 0x8f, 0xd0,

    /* U+006C "l" */
    0x7f, 0xff, 0xc3, 0x0, 0x0, 0x5b, 0xbd, 0xfe,
    0x0, 0x0, 0x0, 0x0, 0xdf, 0x30, 0x0, 0x0,
    0x0, 0xbf, 0x40, 0x0, 0x0, 0x0, 0xbf, 0x40,
    0x0, 0x0, 0x0, 0xbf, 0x40, 0x0, 0x0, 0x0,
    0xbf, 0x40, 0x0, 0x0, 0x0, 0xbf, 0x40, 0x0,
    0x0, 0x0, 0xbf, 0x40, 0x0, 0x0, 0x0, 0xbf,
    0x40, 0x0, 0x0, 0x0, 0xbf, 0x40, 0x0, 0x0,
    0x0, 0xbf, 0x40, 0x0, 0xab, 0xbb, 0xef, 0xcb,
    0xba, 0xef, 0xff, 0xff, 0xff, 0xfe,

    /* U+006D "m" */
    0x4f, 0x89, 0xfc, 0x7, 0xfe, 0x50, 0x4f, 0xde,
    0xef, 0xaf, 0xdf, 0xf0, 0x4f, 0xe0, 0x2f, 0xf4,
    0xe, 0xf3, 0x4f, 0xb0, 0xf, 0xf0, 0xb, 0xf4,
    0x4f, 0xb0, 0xf, 0xf0, 0xb, 0xf4, 0x4f, 0xb0,
    0xf, 0xf0, 0xb, 0xf4, 0x4f, 0xb0, 0xf, 0xf0,
    0xb, 0xf4, 0x4f, 0xb0, 0xf, 0xf0, 0xb, 0xf4,
    0x4f, 0xb0, 0xf, 0xf0, 0xb, 0xf4, 0x4f, 0xb0,
    0xf, 0xf0, 0xb, 0xf4, 0x4f, 0xb0, 0xf, 0xf0,
    0xb, 0xf4,

    /* U+006E "n" */
    0x6f, 0x73, 0xcf, 0xfa, 0x0, 0x6f, 0xaf, 0xed,
    0xff, 0xb0, 0x6f, 0xf7, 0x0, 0x3f, 0xf2, 0x6f,
    0xd0, 0x0, 0xc, 0xf5, 0x6f, 0xa0, 0x0, 0xa,
    0xf6, 0x6f, 0xa0, 0x0, 0xa, 0xf6, 0x6f, 0xa0,
    0x0, 0xa, 0xf6, 0x6f, 0xa0, 0x0, 0xa, 0xf6,
    0x6f, 0xa0, 0x0, 0xa, 0xf6, 0x6f, 0xa0, 0x0,
    0xa, 0xf6, 0x6f, 0xa0, 0x0, 0xa, 0xf6,

    /* U+006F "o" */
    0x0, 0x5c, 0xff, 0xc5, 0x0, 0x8, 0xff, 0xee,
    0xff, 0x80, 0x4f, 0xf5, 0x0, 0x5f, 0xf4, 0xaf,
    0x90, 0x0, 0x9, 0xfa, 0xdf, 0x40, 0x0, 0x4,
    0xfd, 0xef, 0x30, 0x0, 0x3, 0xfe, 0xdf, 0x40,
    0x0, 0x4, 0xfd, 0xaf, 0x90, 0x0, 0x9, 0xfa,
    0x3f, 0xf5, 0x0, 0x5f, 0xf3, 0x8, 0xff, 0xff,
    0xff, 0x80, 0x0, 0x5c, 0xff, 0xc5, 0x0,

    /* U+0070 "p" */
    0x9f, 0x55, 0xdf, 0xe9, 0x10, 0x9, 0xfb, 0xff,
    0xef, 0xfd, 0x0, 0x9f, 0xf8, 0x0, 0x3e, 0xf7,
    0x9, 0xfc, 0x0, 0x0, 0x6f, 0xd0, 0x9f, 0x80,
    0x0, 0x2, 0xff, 0x9, 0xf7, 0x0, 0x0, 0xf,
    0xf1, 0x9f, 0x80, 0x0, 0x2, 0xff, 0x9, 0xfc,
    0x0, 0x0, 0x6f, 0xd0, 0x9f, 0xf8, 0x0, 0x3e,
    0xf7, 0x9, 0xfd, 0xff, 0xef, 0xfd, 0x0, 0x9f,
    0x76, 0xdf, 0xe9, 0x10, 0x9, 0xf7, 0x0, 0x0,
    0x0, 0x0, 0x9f, 0x70, 0x0, 0x0, 0x0, 0x9,
    0xf7, 0x0, 0x0, 0x0, 0x0,

    /* U+0071 "q" */
    0x0, 0x19, 0xef, 0xd5, 0x5f, 0x90, 0xd, 0xff,
    0xef, 0xfb, 0xf9, 0x7, 0xfe, 0x30, 0x8, 0xff,
    0x90, 0xdf, 0x60, 0x0, 0xd, 0xf9, 0xf, 0xf2,
    0x0, 0x0, 0x8f, 0x91, 0xff, 0x0, 0x0, 0x7,
    0xf9, 0xf, 0xf2, 0x0, 0x0, 0x8f, 0x90, 0xdf,
    0x60, 0x0, 0xc, 0xf9, 0x7, 0xfe, 0x30, 0x8,
    0xff, 0x90, 0xd, 0xff, 0xef, 0xfd, 0xf9, 0x0,
    0x19, 0xef, 0xd6, 0x7f, 0x90, 0x0, 0x0, 0x0,
    0x7, 0xf9, 0x0, 0x0, 0x0, 0x0, 0x7f, 0x90,
    0x0, 0x0, 0x0, 0x7, 0xf9,

    /* U+0072 "r" */
    0x5f, 0xff, 0xf1, 0xbf, 0xfe, 0x3b, 0xbe, 0xfb,
    0xfb, 0xba, 0x0, 0xa, 0xfe, 0x10, 0x0, 0x0,
    0xa, 0xf8, 0x0, 0x0, 0x0, 0xa, 0xf6, 0x0,
    0x0, 0x0, 0xa, 0xf6, 0x0, 0x0, 0x0, 0xa,
    0xf6, 0x0, 0x0, 0x0, 0xa, 0xf6, 0x0, 0x0,
    0x0, 0xa, 0xf6, 0x0, 0x0, 0x3b, 0xbe, 0xfd,
    0xbb, 0x80, 0x5f, 0xff, 0xff, 0xff, 0xb0,

    /* U+0073 "s" */
    0x0, 0x7d, 0xff, 0xc5, 0x0, 0xa, 0xff, 0xde,
    0xff, 0x70, 0x2f, 0xf3, 0x0, 0x5f, 0xf1, 0x3f,
    0xe0, 0x0, 0x6, 0x82, 0xe, 0xfb, 0x52, 0x0,
    0x0, 0x3, 0xcf, 0xff, 0xea, 0x20, 0x0, 0x1,
    0x59, 0xdf, 0xf2, 0x4a, 0x60, 0x0, 0xb, 0xf7,
    0x3f, 0xf4, 0x0, 0xc, 0xf6, 0x9, 0xff, 0xed,
    0xff, 0xe1, 0x0, 0x6c, 0xff, 0xe9, 0x10,

    /* U+0074 "t" */
    0x0, 0x0, 0x58, 0x20, 0x0, 0x0, 0x0, 0xb,
    0xf5, 0x0, 0x0, 0x0, 0x0, 0xbf, 0x50, 0x0,
    0x0, 0xff, 0xff, 0xff, 0xff, 0xf7, 0xb, 0xbb,
    0xef, 0xdb, 0xbb, 0x50, 0x0, 0xb, 0xf5, 0x0,
    0x0, 0x0, 0x0, 0xbf, 0x50, 0x0, 0x0, 0x0,
    0xb, 0xf5, 0x0, 0x0, 0x0, 0x0, 0xbf, 0x50,
    0x0, 0x0, 0x0, 0xb, 0xf5, 0x0, 0x0, 0x0,
    0x0, 0xbf, 0x50, 0x0, 0x0, 0x0, 0xa, 0xf7,
    0x0, 0x0, 0x0, 0x0, 0x5f, 0xfc, 0xbb, 0x50,
    0x0, 0x0, 0x7e, 0xff, 0xf7,

    /* U+0075 "u" */
    0x4f, 0xb0, 0x0, 0xd, 0xf3, 0x4f, 0xb0, 0x0,
    0xd, 0xf3, 0x4f, 0xb0, 0x0, 0xd, 0xf3, 0x4f,
    0xb0, 0x0, 0xd, 0xf3, 0x4f, 0xb0, 0x0, 0xd,
    0xf3, 0x4f, 0xb0, 0x0, 0xd, 0xf3, 0x4f, 0xb0,
    0x0, 0xd, 0xf3, 0x4f, 0xd0, 0x0, 0xf, 0xf3,
    0x1f, 0xf4, 0x0, 0x9f, 0xf3, 0xa, 0xff, 0xde,
    0xec, 0xf3, 0x0, 0x9f, 0xfb, 0x2b, 0xf3,

    /* U+0076 "v" */
    0xe, 0xf3, 0x0, 0x0, 0x3f, 0xe0, 0x9, 0xf9,
    0x0, 0x0, 0x9f, 0x90, 0x3, 0xfe, 0x0, 0x0,
    0xef, 0x30, 0x0, 0xdf, 0x30, 0x3, 0xfd, 0x0,
    0x0, 0x8f, 0x90, 0x9, 0xf8, 0x0, 0x0, 0x2f,
    0xe0, 0xe, 0xf2, 0x0, 0x0, 0xd, 0xf3, 0x3f,
    0xd0, 0x0, 0x0, 0x7, 0xf9, 0x9f, 0x70, 0x0,
    0x0, 0x2, 0xfe, 0xef, 0x20, 0x0, 0x0, 0x0,
    0xcf, 0xfc, 0x0, 0x0, 0x0, 0x0, 0x7f, 0xf7,
    0x0, 0x0,

    /* U+0077 "w" */
    0x8f, 0x80, 0x0, 0x0, 0x8, 0xf8, 0x5f, 0xb0,
    0x6, 0x60, 0xb, 0xf5, 0x2f, 0xd0, 0xf, 0xf0,
    0xd, 0xf2, 0xf, 0xf0, 0x4f, 0xf4, 0xf, 0xf0,
    0xc, 0xf2, 0x7f, 0xf7, 0x2f, 0xc0, 0x9, 0xf4,
    0xac, 0xca, 0x4f, 0x90, 0x6, 0xf7, 0xd9, 0x9d,
    0x7f, 0x60, 0x3, 0xfa, 0xf6, 0x6f, 0xaf, 0x30,
    0x0, 0xff, 0xf3, 0x3f, 0xff, 0x0, 0x0, 0xdf,
    0xf0, 0xf, 0xfd, 0x0, 0x0, 0xaf, 0xc0, 0xc,
    0xfa, 0x0,

    /* U+0078 "x" */
    0x8, 0xfb, 0x0, 0x0, 0xcf, 0x80, 0x0, 0xdf,
    0x60, 0x6, 0xfd, 0x0, 0x0, 0x2f, 0xf2, 0x1f,
    0xf3, 0x0, 0x0, 0x7, 0xfb, 0xbf, 0x80, 0x0,
    0x0, 0x0, 0xcf, 0xfc, 0x0, 0x0, 0x0, 0x0,
    0x6f, 0xf6, 0x0, 0x0, 0x0, 0x1, 0xef, 0xfe,
    0x10, 0x0, 0x0, 0xa, 0xf8, 0x8f, 0xa0, 0x0,
    0x0, 0x5f, 0xd0, 0xd, 0xf5, 0x0, 0x1, 0xef,
    0x30, 0x3, 0xfe, 0x10, 0xb, 0xf9, 0x0, 0x0,
    0x9f, 0xb0,

    /* U+0079 "y" */
    0xe, 0xf3, 0x0, 0x0, 0x3f, 0xe0, 0x8, 0xf9,
    0x0, 0x0, 0x8f, 0x80, 0x3, 0xfe, 0x0, 0x0,
    0xdf, 0x30, 0x0, 0xdf, 0x40, 0x2, 0xfd, 0x0,
    0x0, 0x7f, 0x90, 0x7, 0xf8, 0x0, 0x0, 0x2f,
    0xe0, 0xd, 0xf2, 0x0, 0x0, 0xc, 0xf4, 0x2f,
    0xd0, 0x0, 0x0, 0x7, 0xf9, 0x7f, 0x70, 0x0,
    0x0, 0x1, 0xfe, 0xcf, 0x10, 0x0, 0x0, 0x0,
    0xbf, 0xfc, 0x0, 0x0, 0x0, 0x0, 0x6f, 0xf6,
    0x0, 0x0, 0x0, 0x0, 0xc, 0xf1, 0x0, 0x0,
    0x0, 0x4b, 0xdf, 0xb0, 0x0, 0x0, 0x0, 0x6f,
    0xfb, 0x10, 0x0, 0x0,

    /* U+007A "z" */
    0x3f, 0xff, 0xff, 0xff, 0xf4, 0x2b, 0xbb, 0xbb,
    0xcf, 0xf4, 0x0, 0x0, 0x0, 0xaf, 0xb0, 0x0,
    0x0, 0x8, 0xfd, 0x10, 0x0, 0x0, 0x6f, 0xe1,
    0x0, 0x0, 0x5, 0xff, 0x30, 0x0, 0x0, 0x3f,
    0xf4, 0x0, 0x0, 0x2, 0xef, 0x60, 0x0, 0x0,
    0x1d, 0xf8, 0x0, 0x0, 0x0, 0x6f, 0xfb, 0xbb,
    0xbb, 0xb5, 0x7f, 0xff, 0xff, 0xff, 0xf7,

    /* U+007B "{" */
    0x0, 0x1, 0x9d, 0xeb, 0x0, 0xc, 0xff, 0xfd,
    0x0, 0x3f, 0xe2, 0x0, 0x0, 0x5f, 0xa0, 0x0,
    0x0, 0x5f, 0x90, 0x0, 0x0, 0x5f, 0x90, 0x0,
    0x0, 0x6f, 0x80, 0x0, 0x1, 0xcf, 0x30, 0x0,
    0xcf, 0xd6, 0x0, 0x0, 0xdf, 0xc5, 0x0, 0x0,
    0x2, 0xdf, 0x20, 0x0, 0x0, 0x6f, 0x80, 0x0,
    0x0, 0x5f, 0x90, 0x0, 0x0, 0x5f, 0x90, 0x0,
    0x0, 0x5f, 0x90, 0x0, 0x0, 0x3f, 0xd0, 0x0,
    0x0, 0xd, 0xff, 0xdb, 0x0, 0x2, 0xbf, 0xfd,

    /* U+007C "|" */
    0x55, 0xff, 0xff, 0xff, 0xff, 0xff, 0xff, 0xff,
    0xff, 0xff, 0xff, 0xff, 0xff, 0xff, 0xff, 0xff,
    0xff, 0xff,

    /* U+007D "}" */
    0xbe, 0xd9, 0x10, 0x0, 0xdf, 0xff, 0xc0, 0x0,
    0x0, 0x2e, 0xf3, 0x0, 0x0, 0xa, 0xf5, 0x0,
    0x0, 0x9, 0xf5, 0x0, 0x0, 0x9, 0xf5, 0x0,
    0x0, 0x8, 0xf6, 0x0, 0x0, 0x3, 0xfc, 0x10,
    0x0, 0x0, 0x5d, 0xfc, 0x0, 0x0, 0x5c, 0xfd,
    0x0, 0x2, 0xfd, 0x20, 0x0, 0x8, 0xf6, 0x0,
    0x0, 0x9, 0xf5, 0x0, 0x0, 0x9, 0xf5, 0x0,
    0x0, 0x9, 0xf5, 0x0, 0x0, 0xd, 0xf3, 0x0,
    0xbd, 0xff, 0xd0, 0x0, 0xdf, 0xfb, 0x20, 0x0,

    /* U+007E "~" */
    0x3, 0xdf, 0x90, 0x5, 0xf6, 0xe, 0xfc, 0xf9,
    0x8, 0xf4, 0x4f, 0x80, 0x8f, 0xcf, 0xe0, 0x6f,
    0x50, 0x9, 0xfd, 0x30,

    /* U+00A0 " " */

    /* U+00A1 "¡" */
    0x5f, 0xf5, 0x5f, 0xf5, 0x3a, 0xa3, 0x0, 0x0,
    0xb, 0xb0, 0xc, 0xd0, 0xe, 0xe0, 0xf, 0xf0,
    0xf, 0xf0, 0xf, 0xf0, 0xf, 0xf0, 0xf, 0xf0,
    0xf, 0xf0, 0xf, 0xf0,

    /* U+00A2 "¢" */
    0x0, 0x0, 0x3f, 0x30, 0x0, 0x0, 0x4b, 0xff,
    0xd6, 0x0, 0x6, 0xff, 0xff, 0xff, 0xa0, 0x2f,
    0xf7, 0x8f, 0x4f, 0xf4, 0x8f, 0xb0, 0x9d, 0x6,
    0xe9, 0xbf, 0x60, 0xac, 0x0, 0x0, 0xcf, 0x40,
    0xca, 0x0, 0x0, 0xbf, 0x60, 0xd9, 0x0, 0x0,
    0x8f, 0xb0, 0xf8, 0x6, 0xfa, 0x2f, 0xf7, 0xf6,
    0x3e, 0xf4, 0x6, 0xff, 0xff, 0xff, 0x90, 0x0,
    0x4c, 0xff, 0xd6, 0x0, 0x0, 0x4, 0xf2, 0x0,
    0x0, 0x0, 0x6, 0xf0, 0x0, 0x0,

    /* U+00A3 "£" */
    0x0, 0x2, 0xae, 0xfe, 0xb3, 0x0, 0x0, 0x2e,
    0xff, 0xff, 0xff, 0x50, 0x0, 0xaf, 0xd3, 0x2,
    0xcf, 0xe0, 0x0, 0xdf, 0x50, 0x0, 0x27, 0x71,
    0x0, 0xbf, 0x50, 0x0, 0x0, 0x0, 0x0, 0x7f,
    0xa0, 0x0, 0x0, 0x0, 0x3f, 0xff, 0xff, 0xff,
    0x30, 0x0, 0x18, 0x8f, 0xf8, 0x88, 0x20, 0x0,
    0x0, 0xd, 0xf0, 0x0, 0x0, 0x0, 0x0, 0xf,
    0xd0, 0x0, 0x0, 0x0, 0x0, 0x7f, 0x70, 0x0,
    0x0, 0x0, 0x5, 0xfa, 0x11, 0x11, 0x11, 0x0,
    0x2f, 0xff, 0xff, 0xff, 0xff, 0xf0, 0x3f, 0xff,
    0xff, 0xff, 0xff, 0xf0,

    /* U+00A4 "¤" */
    0x7, 0x10, 0x0, 0x0, 0x1, 0x70, 0x2f, 0xd2,
    0x59, 0x95, 0x2d, 0xf2, 0x4, 0xff, 0xff, 0xff,
    0xff, 0x40, 0x0, 0xbf, 0x81, 0x18, 0xfb, 0x0,
    0x2, 0xfa, 0x0, 0x0, 0xaf, 0x20, 0x4, 0xf5,
    0x0, 0x0, 0x5f, 0x40, 0x3, 0xf7, 0x0, 0x0,
    0x7f, 0x30, 0x0, 0xde, 0x20, 0x2, 0xfd, 0x0,
    0x1, 0xdf, 0xfb, 0xbf, 0xfd, 0x10, 0x1d, 0xf7,
    0xbf, 0xfb, 0x7f, 0xd1, 0xc, 0x50, 0x0, 0x0,
    0x5, 0xc0, 0x0, 0x0, 0x0, 0x0, 0x0, 0x0,

    /* U+00A5 "¥" */
    0x1e, 0xf5, 0x0, 0x0, 0x5f, 0xe1, 0x7, 0xfd,
    0x0, 0x0, 0xdf, 0x70, 0x0, 0xef, 0x50, 0x5,
    0xfe, 0x0, 0x0, 0x6f, 0xd0, 0xd, 0xf6, 0x0,
    0x0, 0xd, 0xf5, 0x5f, 0xd0, 0x0, 0x0, 0x5,
    0xfd, 0xdf, 0x50, 0x0, 0x5, 0xaa, 0xff, 0xff,
    0xaa, 0x60, 0x9, 0xff, 0xff, 0xff, 0xff, 0x90,
    0x0, 0x0, 0xf, 0xf1, 0x0, 0x0, 0x5, 0xaa,
    0xaf, 0xfa, 0xaa, 0x50, 0x9, 0xff, 0xff, 0xff,
    0xff, 0x90, 0x0, 0x0, 0xf, 0xf1, 0x0, 0x0,
    0x0, 0x0, 0xf, 0xf1, 0x0, 0x0, 0x0, 0x0,
    0xf, 0xf1, 0x0, 0x0,

    /* U+00A6 "¦" */
    0x22, 0xff, 0xff, 0xff, 0xff, 0xff, 0xff, 0xff,
    0x0, 0x0, 0x22, 0xff, 0xff, 0xff, 0xff, 0xff,
    0xff, 0xff,

    /* U+00A7 "§" */
    0x0, 0x7d, 0xff, 0xd7, 0x0, 0xa, 0xff, 0xdd,
    0xff, 0xa0, 0x1f, 0xf4, 0x0, 0x3f, 0xf4, 0x2f,
    0xf1, 0x0, 0x5, 0x94, 0xb, 0xfe, 0x83, 0x0,
    0x0, 0x0, 0xdf, 0xff, 0xe9, 0x10, 0xb, 0xfa,
    0x56, 0xbf, 0xe1, 0x2f, 0xd0, 0x0, 0x9, 0xf7,
    0x2f, 0xe0, 0x0, 0x8, 0xf8, 0xb, 0xfe, 0x87,
    0x9f, 0xf2, 0x0, 0x6c, 0xff, 0xff, 0x50, 0x0,
    0x0, 0x4, 0xaf, 0xf2, 0x5b, 0x70, 0x0, 0xb,
    0xf7, 0x3f, 0xf4, 0x0, 0xd, 0xf6, 0x9, 0xff,
    0xed, 0xff, 0xe1, 0x0, 0x5c, 0xff, 0xe9, 0x10,

    /* U+00A8 "¨" */
    0x22, 0x0, 0x22, 0xff, 0x33, 0xff, 0xff, 0x33,
    0xff,

    /* U+00A9 "©" */
    0x0, 0x0, 0x0, 0x0, 0x0, 0x0, 0x0, 0x7,
    0xdf, 0xfd, 0x60, 0x0, 0x0, 0xbf, 0x84, 0x49,
    0xfb, 0x0, 0x8, 0xf3, 0x0, 0x0, 0x3f, 0x80,
    0x1f, 0x70, 0x27, 0x72, 0x7, 0xf1, 0x6f, 0x4,
    0xff, 0xff, 0x51, 0xf6, 0xac, 0xe, 0xe2, 0x1c,
    0xf1, 0xca, 0xca, 0x3f, 0x70, 0x4, 0xb3, 0xac,
    0xd9, 0x6f, 0x40, 0x0, 0x0, 0x9d, 0xc9, 0x5f,
    0x50, 0x0, 0x0, 0x9c, 0xab, 0x3f, 0x80, 0x5,
    0xf4, 0xba, 0x7f, 0xc, 0xf4, 0x3d, 0xe0, 0xf7,
    0x2f, 0x52, 0xef, 0xfe, 0x36, 0xf2, 0xa, 0xe1,
    0x4, 0x40, 0x2e, 0xa0, 0x1, 0xde, 0x62, 0x26,
    0xed, 0x10, 0x0, 0x1a, 0xff, 0xff, 0x91, 0x0,
    0x0, 0x0, 0x13, 0x30, 0x0, 0x0,

    /* U+00AA "ª" */
    0x5, 0xdf, 0xe9, 0x0, 0x3f, 0xd6, 0xbf, 0x60,
    0x14, 0x21, 0x6f, 0xb0, 0x7, 0xdf, 0xff, 0xb0,
    0x6f, 0xb4, 0x3f, 0xb0, 0x8f, 0x82, 0xaf, 0xc0,
    0x3f, 0xff, 0xbc, 0xf4, 0x0, 0x33, 0x0, 0x31,

    /* U+00AB "«" */
    0x0, 0x1, 0x10, 0x1, 0x10, 0x0, 0x4f, 0xe1,
    0x3f, 0xf2, 0x2, 0xff, 0x31, 0xef, 0x40, 0x1d,
    0xf5, 0xc, 0xf7, 0x0, 0x9f, 0x70, 0x7f, 0x90,
    0x0, 0x8f, 0x80, 0x6f, 0xa0, 0x0, 0xd, 0xf6,
    0xb, 0xf8, 0x0, 0x1, 0xef, 0x41, 0xdf, 0x50,
    0x0, 0x3f, 0xe2, 0x2e, 0xf3,

    /* U+00AC "¬" */
    0x2b, 0xbb, 0xbb, 0xbb, 0xb2, 0x3f, 0xff, 0xff,
    0xff, 0xf3, 0x0, 0x0, 0x0, 0x6, 0xf3, 0x0,
    0x0, 0x0, 0x6, 0xf3, 0x0, 0x0, 0x0, 0x6,
    0xf3, 0x0, 0x0, 0x0, 0x3, 0x81,

    /* U+00AE "®" */
    0x0, 0x5, 0xbe, 0xfc, 0x50, 0x0, 0x0, 0xae,
    0x63, 0x36, 0xeb, 0x0, 0x9, 0xd4, 0xff, 0xe8,
    0x1d, 0x90, 0x2f, 0x33, 0xf2, 0x4f, 0x43, 0xf1,
    0x6d, 0x3, 0xf1, 0x1f, 0x50, 0xd6, 0x8b, 0x3,
    0xfe, 0xfb, 0x0, 0xb8, 0x6c, 0x3, 0xf3, 0xe7,
    0x0, 0xc6, 0x2f, 0x23, 0xf1, 0x6f, 0x12, 0xf2,
    0xa, 0xb2, 0x80, 0x8, 0x4b, 0xa0, 0x1, 0xdc,
    0x30, 0x3, 0xcd, 0x10, 0x0, 0x8, 0xef, 0xfe,
    0x80, 0x0, 0x0, 0x0, 0x2, 0x20, 0x0, 0x0,

    /* U+00AF "¯" */
    0x7a, 0xaa, 0xa7, 0xbf, 0xff, 0xfb,

    /* U+00B0 "°" */
    0x0, 0x49, 0x94, 0x0, 0x7, 0xff, 0xff, 0x70,
    0x1f, 0xd1, 0x1d, 0xf1, 0x4f, 0x70, 0x7, 0xf4,
    0x2f, 0xa0, 0xa, 0xf2, 0xb, 0xfd, 0xdf, 0xb0,
    0x0, 0x9f, 0xf9, 0x0,

    /* U+00B1 "±" */
    0x0, 0x0, 0x77, 0x0, 0x0, 0x0, 0x0, 0xee,
    0x0, 0x0, 0x0, 0x0, 0xee, 0x0, 0x0, 0x0,
    0x0, 0xee, 0x0, 0x0, 0xaf, 0xff, 0xff, 0xff,
    0xfa, 0x8d, 0xdd, 0xff, 0xdd, 0xd8, 0x0, 0x0,
    0xee, 0x0, 0x0, 0x0, 0x0, 0xee, 0x0, 0x0,
    0x0, 0x0, 0xee, 0x0, 0x0, 0x0, 0x0, 0x88,
    0x0, 0x0, 0x7b, 0xbb, 0xbb, 0xbb, 0xb7, 0xaf,
    0xff, 0xff, 0xff, 0xfa,

    /* U+00B2 "²" */
    0x8, 0xef, 0xb1, 0x6f, 0x65, 0xf9, 0x67, 0x0,
    0xcb, 0x0, 0x7, 0xf6, 0x4, 0xdf, 0x70, 0x3f,
    0xa1, 0x0, 0x9f, 0x55, 0x53, 0xbf, 0xff, 0xfa,

    /* U+00B3 "³" */
    0x1b, 0xff, 0xa0, 0x9f, 0x57, 0xf7, 0x0, 0x3,
    0xf6, 0x0, 0xaf, 0xb0, 0x0, 0x25, 0xe9, 0x32,
    0x0, 0xad, 0xbe, 0x56, 0xfa, 0x2c, 0xff, 0xa1,

    /* U+00B4 "´" */
    0x0, 0x8a, 0xa0, 0x0, 0xff, 0xa0, 0x5, 0xff,
    0x30, 0xa, 0xfc, 0x0, 0xf, 0xf5, 0x0,

    /* U+00B5 "µ" */
    0x4f, 0xb0, 0x0, 0xb, 0xf4, 0x4f, 0xb0, 0x0,
    0xb, 0xf4, 0x4f, 0xb0, 0x0, 0xb, 0xf4, 0x4f,
    0xb0, 0x0, 0xb, 0xf4, 0x4f, 0xb0, 0x0, 0xb,
    0xf4, 0x4f, 0xb0, 0x0, 0xb, 0xf4, 0x4f, 0xb0,
    0x0, 0xb, 0xf4, 0x4f, 0xd0, 0x0, 0xe, 0xf4,
    0x4f, 0xf5, 0x0, 0x8f, 0xf4, 0x4f, 0xff, 0xde,
    0xfc, 0xf4, 0x4f, 0xba, 0xfd, 0x4a, 0xf4, 0x4f,
    0xb0, 0x0, 0x0, 0x0, 0x4f, 0xb0, 0x0, 0x0,
    0x0, 0x4f, 0xb0, 0x0, 0x0, 0x0,

    /* U+00B6 "¶" */
    0x1, 0x9e, 0xff, 0xff, 0xf3, 0xd, 0xff, 0xff,
    0xcf, 0xf3, 0x6f, 0xff, 0xff, 0xb, 0xf3, 0x9f,
    0xff, 0xff, 0xb, 0xf3, 0x9f, 0xff, 0xff, 0xb,
    0xf3, 0x6f, 0xff, 0xff, 0xb, 0xf3, 0xd, 0xff,
    0xff, 0xb, 0xf3, 0x1, 0x9e, 0xff, 0xb, 0xf3,
    0x0, 0x0, 0xef, 0xb, 0xf3, 0x0, 0x0, 0xef,
    0xb, 0xf3, 0x0, 0x0, 0xef, 0xb, 0xf3, 0x0,
    0x0, 0xef, 0xb, 0xf3, 0x0, 0x0, 0xef, 0xb,
    0xf3, 0x0, 0x0, 0xef, 0xb, 0xf3,

    /* U+00B7 "·" */
    0x3a, 0xa3, 0x5f, 0xf5, 0x5f, 0xf5,

    /* U+00B8 "¸" */
    0x0, 0x7b, 0x0, 0x0, 0xcf, 0xa0, 0x0, 0x2,
    0xf5, 0x2c, 0x22, 0xf5, 0xb, 0xff, 0xc0, 0x0,
    0x22, 0x0,

    /* U+00B9 "¹" */
    0x0, 0x6d, 0x1, 0xdd, 0xaf, 0xfd, 0x12, 0xcd,
    0x0, 0xbd, 0x0, 0xbd, 0x0, 0xbd, 0x0, 0xbd,

    /* U+00BA "º" */
    0x2, 0xbf, 0xfb, 0x20, 0xd, 0xf8, 0x8f, 0xd0,
    0x5f, 0x90, 0x9, 0xf5, 0x7f, 0x60, 0x6, 0xf7,
    0x6f, 0x80, 0x8, 0xf6, 0x1f, 0xe3, 0x3e, 0xf1,
    0x5, 0xff, 0xff, 0x50, 0x0, 0x4, 0x40, 0x0,

    /* U+00BB "»" */
    0x1, 0x10, 0x1, 0x10, 0x0, 0x2f, 0xf3, 0x1e,
    0xf4, 0x0, 0x4, 0xfe, 0x13, 0xff, 0x20, 0x0,
    0x6f, 0xc0, 0x5f, 0xd1, 0x0, 0x9, 0xf7, 0x7,
    0xf8, 0x0, 0xa, 0xf6, 0x8, 0xf8, 0x0, 0x8f,
    0xb0, 0x6f, 0xc0, 0x5, 0xfd, 0x14, 0xfe, 0x10,
    0x3f, 0xf2, 0x2e, 0xf3, 0x0,

    /* U+00BC "¼" */
    0x1, 0xca, 0x0, 0x0, 0xc, 0xe0, 0xef, 0xfa,
    0x0, 0x0, 0x5f, 0x50, 0x22, 0xea, 0x0, 0x0,
    0xec, 0x0, 0x0, 0xea, 0x0, 0x8, 0xf2, 0x0,
    0x0, 0xea, 0x0, 0xa, 0x70, 0x0, 0x0, 0xea,
    0x0, 0x0, 0x0, 0x0, 0x0, 0xea, 0x0, 0x1,
    0xca, 0x0, 0x0, 0xc8, 0x0, 0xc, 0xfc, 0x0,
    0x0, 0x0, 0x0, 0x8f, 0xec, 0x0, 0x0, 0xc,
    0xc4, 0xf6, 0xcc, 0x0, 0x0, 0x5f, 0x7e, 0x91,
    0xcc, 0x0, 0x0, 0xec, 0x6f, 0xff, 0xff, 0xc0,
    0x7, 0xf3, 0x14, 0x44, 0xdd, 0x30, 0x1e, 0xb0,
    0x0, 0x0, 0xcc, 0x0,

    /* U+00BD "½" */
    0x0, 0x45, 0x0, 0x0, 0x5, 0x80, 0x0, 0xaa,
    0x0, 0x0, 0x1f, 0xb0, 0x3, 0xfa, 0x0, 0x0,
    0x8f, 0x30, 0xdf, 0xfa, 0x0, 0x1, 0xfb, 0x0,
    0x22, 0xea, 0x0, 0x8, 0xf3, 0x0, 0x0, 0xea,
    0x0, 0xe, 0xa0, 0x0, 0x0, 0xea, 0x0, 0x0,
    0x10, 0x0, 0x0, 0xea, 0x0, 0x5e, 0xff, 0x60,
    0x0, 0x43, 0x1, 0xfb, 0x5c, 0xf0, 0x0, 0x2,
    0x32, 0x91, 0x5, 0xf1, 0x0, 0xe, 0xc0, 0x0,
    0x1c, 0xd0, 0x0, 0x6f, 0x40, 0x8, 0xfd, 0x20,
    0x0, 0xec, 0x0, 0xaf, 0x60, 0x0, 0x6, 0xf4,
    0x2, 0xf8, 0x11, 0x10, 0xe, 0xc0, 0x4, 0xff,
    0xff, 0xf0, 0x4, 0x10, 0x1, 0x44, 0x44, 0x40,

    /* U+00BE "¾" */
    0x0, 0x0, 0x0, 0x0, 0x0, 0x10, 0x9, 0xff,
    0xd3, 0x0, 0x8, 0xf2, 0x5f, 0x74, 0xeb, 0x0,
    0x2f, 0x90, 0x0, 0x1, 0xda, 0x0, 0xbe, 0x10,
    0x0, 0x5f, 0xe2, 0x4, 0xf7, 0x0, 0x0, 0x13,
    0xbe, 0x8, 0xa0, 0x0, 0x8f, 0x31, 0x9f, 0x10,
    0x0, 0x0, 0x1d, 0xff, 0xf8, 0x0, 0xbf, 0x30,
    0x0, 0x23, 0x10, 0x6, 0xff, 0x30, 0x0, 0x2,
    0x62, 0x2f, 0x9f, 0x30, 0x0, 0xc, 0xe1, 0xd9,
    0x5f, 0x30, 0x0, 0x4f, 0x78, 0xe1, 0x6f, 0x40,
    0x0, 0xce, 0xf, 0xff, 0xff, 0xf3, 0x4, 0xf7,
    0x3, 0x44, 0x8f, 0x60, 0xc, 0xe0, 0x0, 0x0,
    0x5f, 0x30,

    /* U+00BF "¿" */
    0x0, 0x5, 0xff, 0x60, 0x0, 0x0, 0x5, 0xff,
    0x60, 0x0, 0x0, 0x3, 0xaa, 0x40, 0x0, 0x0,
    0x0, 0x0, 0x0, 0x0, 0x0, 0x0, 0xef, 0x0,
    0x0, 0x0, 0x3, 0xfe, 0x0, 0x0, 0x0, 0x5e,
    0xf7, 0x0, 0x0, 0x9, 0xff, 0x60, 0x0, 0x0,
    0x6f, 0xe2, 0x0, 0x0, 0x0, 0xbf, 0x70, 0x0,
    0x3, 0x86, 0xcf, 0x60, 0x0, 0xa, 0xf9, 0x9f,
    0xd2, 0x0, 0x6f, 0xf3, 0x1e, 0xff, 0xff, 0xff,
    0x70, 0x1, 0x9e, 0xff, 0xb4, 0x0,

    /* U+00C0 "À" */
    0x0, 0x3, 0xb9, 0x0, 0x0, 0x0, 0x0, 0x0,
    0xcf, 0x30, 0x0, 0x0, 0x0, 0x0, 0x2f, 0xb0,
    0x0, 0x0, 0x0, 0x0, 0x0, 0x0, 0x0, 0x0,
    0x0, 0x0, 0x0, 0x0, 0x0, 0x0, 0x0, 0x0,
    0x8f, 0xf8, 0x0, 0x0, 0x0, 0x0, 0xcf, 0xfc,
    0x0, 0x0, 0x0, 0x1, 0xfe, 0xef, 0x10, 0x0,
    0x0, 0x6, 0xf9, 0x9f, 0x60, 0x0, 0x0, 0xb,
    0xf5, 0x5f, 0xb0, 0x0, 0x0, 0xf, 0xf0, 0xf,
    0xf0, 0x0, 0x0, 0x4f, 0xc0, 0xc, 0xf4, 0x0,
    0x0, 0x9f, 0x70, 0x7, 0xf9, 0x0, 0x0, 0xef,
    0xff, 0xff, 0xfe, 0x0, 0x2, 0xff, 0xff, 0xff,
    0xff, 0x20, 0x7, 0xfa, 0x0, 0x0, 0xaf, 0x70,
    0xc, 0xf5, 0x0, 0x0, 0x5f, 0xc0, 0x1f, 0xf1,
    0x0, 0x0, 0x1f, 0xf1, 0x5f, 0xc0, 0x0, 0x0,
    0xc, 0xf5,

    /* U+00C1 "Á" */
    0x0, 0x0, 0x0, 0x8b, 0x40, 0x0, 0x0, 0x0,
    0x3, 0xfc, 0x0, 0x0, 0x0, 0x0, 0xa, 0xf2,
    0x0, 0x0, 0x0, 0x0, 0x0, 0x0, 0x0, 0x0,
    0x0, 0x0, 0x0, 0x0, 0x0, 0x0, 0x0, 0x0,
    0x8f, 0xf8, 0x0, 0x0, 0x0, 0x0, 0xcf, 0xfc,
    0x0, 0x0, 0x0, 0x1, 0xfe, 0xef, 0x10, 0x0,
    0x0, 0x6, 0xf9, 0x9f, 0x60, 0x0, 0x0, 0xb,
    0xf5, 0x5f, 0xb0, 0x0, 0x0, 0xf, 0xf0, 0xf,
    0xf0, 0x0, 0x0, 0x4f, 0xc0, 0xc, 0xf4, 0x0,
    0x0, 0x9f, 0x70, 0x7, 0xf9, 0x0, 0x0, 0xef,
    0xff, 0xff, 0xfe, 0x0, 0x2, 0xff, 0xff, 0xff,
    0xff, 0x20, 0x7, 0xfa, 0x0, 0x0, 0xaf, 0x70,
    0xc, 0xf5, 0x0, 0x0, 0x5f, 0xc0, 0x1f, 0xf1,
    0x0, 0x0, 0x1f, 0xf1, 0x5f, 0xc0, 0x0, 0x0,
    0xc, 0xf5,

    /* U+00C2 "Â" */
    0x0, 0x0, 0x18, 0x81, 0x0, 0x0, 0x0, 0x0,
    0xbf, 0xfa, 0x0, 0x0, 0x0, 0x5, 0xf6, 0x7f,
    0x40, 0x0, 0x0, 0x6, 0x60, 0x7, 0x60, 0x0,
    0x0, 0x0, 0x0, 0x0, 0x0, 0x0, 0x0, 0x0,
    0x8f, 0xf8, 0x0, 0x0, 0x0, 0x0, 0xcf, 0xfc,
    0x0, 0x0, 0x0, 0x1, 0xfe, 0xef, 0x10, 0x0,
    0x0, 0x6, 0xf9, 0x9f, 0x60, 0x0, 0x0, 0xb,
    0xf5, 0x5f, 0xb0, 0x0, 0x0, 0xf, 0xf0, 0xf,
    0xf0, 0x0, 0x0, 0x4f, 0xc0, 0xc, 0xf4, 0x0,
    0x0, 0x9f, 0x70, 0x7, 0xf9, 0x0, 0x0, 0xef,
    0xff, 0xff, 0xfe, 0x0, 0x2, 0xff, 0xff, 0xff,
    0xff, 0x20, 0x7, 0xfa, 0x0, 0x0, 0xaf, 0x70,
    0xc, 0xf5, 0x0, 0x0, 0x5f, 0xc0, 0x1f, 0xf1,
    0x0, 0x0, 0x1f, 0xf1, 0x5f, 0xc0, 0x0, 0x0,
    0xc, 0xf5,

    /* U+00C3 "Ã" */
    0x0, 0x0, 0x0, 0x0, 0x0, 0x0, 0x0, 0x8,
    0xfe, 0x52, 0xf2, 0x0, 0x0, 0x1f, 0x58, 0xff,
    0xb0, 0x0, 0x0, 0x3, 0x0, 0x13, 0x0, 0x0,
    0x0, 0x0, 0x0, 0x0, 0x0, 0x0, 0x0, 0x0,
    0x8f, 0xf8, 0x0, 0x0, 0x0, 0x0, 0xcf, 0xfc,
    0x0, 0x0, 0x0, 0x1, 0xfe, 0xef, 0x10, 0x0,
    0x0, 0x6, 0xf9, 0x9f, 0x60, 0x0, 0x0, 0xb,
    0xf5, 0x5f, 0xb0, 0x0, 0x0, 0xf, 0xf0, 0xf,
    0xf0, 0x0, 0x0, 0x4f, 0xc0, 0xc, 0xf4, 0x0,
    0x0, 0x9f, 0x70, 0x7, 0xf9, 0x0, 0x0, 0xef,
    0xff, 0xff, 0xfe, 0x0, 0x2, 0xff, 0xff, 0xff,
    0xff, 0x20, 0x7, 0xfa, 0x0, 0x0, 0xaf, 0x70,
    0xc, 0xf5, 0x0, 0x0, 0x5f, 0xc0, 0x1f, 0xf1,
    0x0, 0x0, 0x1f, 0xf1, 0x5f, 0xc0, 0x0, 0x0,
    0xc, 0xf5,

    /* U+00C4 "Ä" */
    0x0, 0xf, 0xf3, 0x3f, 0xf0, 0x0, 0x0, 0xf,
    0xf3, 0x3f, 0xf0, 0x0, 0x0, 0x2, 0x20, 0x2,
    0x20, 0x0, 0x0, 0x0, 0x0, 0x0, 0x0, 0x0,
    0x0, 0x0, 0x8f, 0xf8, 0x0, 0x0, 0x0, 0x0,
    0xcf, 0xfc, 0x0, 0x0, 0x0, 0x1, 0xfe, 0xef,
    0x10, 0x0, 0x0, 0x6, 0xf9, 0x9f, 0x60, 0x0,
    0x0, 0xb, 0xf5, 0x5f, 0xb0, 0x0, 0x0, 0xf,
    0xf0, 0xf, 0xf0, 0x0, 0x0, 0x4f, 0xc0, 0xc,
    0xf4, 0x0, 0x0, 0x9f, 0x70, 0x7, 0xf9, 0x0,
    0x0, 0xef, 0xff, 0xff, 0xfe, 0x0, 0x2, 0xff,
    0xff, 0xff, 0xff, 0x20, 0x7, 0xfa, 0x0, 0x0,
    0xaf, 0x70, 0xc, 0xf5, 0x0, 0x0, 0x5f, 0xc0,
    0x1f, 0xf1, 0x0, 0x0, 0x1f, 0xf1, 0x5f, 0xc0,
    0x0, 0x0, 0xc, 0xf5,

    /* U+00C5 "Å" */
    0x0, 0x0, 0x3d, 0xd3, 0x0, 0x0, 0x0, 0x0,
    0xd7, 0x7d, 0x0, 0x0, 0x0, 0x0, 0xd5, 0x5d,
    0x0, 0x0, 0x0, 0x0, 0x5f, 0xf5, 0x0, 0x0,
    0x0, 0x0, 0x0, 0x0, 0x0, 0x0, 0x0, 0x0,
    0x8f, 0xf8, 0x0, 0x0, 0x0, 0x0, 0xcf, 0xfc,
    0x0, 0x0, 0x0, 0x1, 0xfe, 0xef, 0x10, 0x0,
    0x0, 0x6, 0xf9, 0x9f, 0x60, 0x0, 0x0, 0xb,
    0xf5, 0x5f, 0xb0, 0x0, 0x0, 0xf, 0xf0, 0xf,
    0xf0, 0x0, 0x0, 0x4f, 0xc0, 0xc, 0xf4, 0x0,
    0x0, 0x9f, 0x70, 0x7, 0xf9, 0x0, 0x0, 0xef,
    0xff, 0xff, 0xfe, 0x0, 0x2, 0xff, 0xff, 0xff,
    0xff, 0x20, 0x7, 0xfa, 0x0, 0x0, 0xaf, 0x70,
    0xc, 0xf5, 0x0, 0x0, 0x5f, 0xc0, 0x1f, 0xf1,
    0x0, 0x0, 0x1f, 0xf1, 0x5f, 0xc0, 0x0, 0x0,
    0xc, 0xf5,

    /* U+00C6 "Æ" */
    0x0, 0x0, 0xcf, 0xff, 0xff, 0xf8, 0x0, 0x1,
    0xff, 0xff, 0xff, 0xf8, 0x0, 0x6, 0xfc, 0xcf,
    0x40, 0x0, 0x0, 0xa, 0xf7, 0xcf, 0x40, 0x0,
    0x0, 0xf, 0xf2, 0xcf, 0x40, 0x0, 0x0, 0x4f,
    0xd0, 0xcf, 0x40, 0x0, 0x0, 0x9f, 0x90, 0xcf,
    0xff, 0xf4, 0x0, 0xef, 0x40, 0xcf, 0xff, 0xf4,
    0x2, 0xff, 0xff, 0xff, 0x40, 0x0, 0x7, 0xff,
    0xff, 0xff, 0x40, 0x0, 0xc, 0xf6, 0x0, 0xcf,
    0x40, 0x0, 0x1f, 0xf1, 0x0, 0xcf, 0x40, 0x0,
    0x5f, 0xc0, 0x0, 0xcf, 0xff, 0xfa, 0xaf, 0x80,
    0x0, 0xcf, 0xff, 0xfa,

    /* U+00C7 "Ç" */
    0x0, 0x5, 0xcf, 0xfc, 0x50, 0x0, 0x0, 0x8f,
    0xff, 0xff, 0xf8, 0x0, 0x4, 0xff, 0x70, 0x7,
    0xff, 0x40, 0xb, 0xf9, 0x0, 0x0, 0x9f, 0xb0,
    0xf, 0xf3, 0x0, 0x0, 0x2b, 0xa0, 0x3f, 0xf0,
    0x0, 0x0, 0x0, 0x0, 0x4f, 0xe0, 0x0, 0x0,
    0x0, 0x0, 0x4f, 0xe0, 0x0, 0x0, 0x0, 0x0,
    0x3f, 0xf0, 0x0, 0x0, 0x0, 0x0, 0xf, 0xf3,
    0x0, 0x0, 0x2f, 0xf1, 0xb, 0xf9, 0x0, 0x0,
    0x8f, 0xc0, 0x4, 0xff, 0x70, 0x6, 0xff, 0x50,
    0x0, 0x8f, 0xff, 0xff, 0xf9, 0x0, 0x0, 0x5,
    0xcf, 0xfc, 0x60, 0x0, 0x0, 0x0, 0xc, 0xd5,
    0x0, 0x0, 0x0, 0x0, 0x2, 0x7f, 0x40, 0x0,
    0x0, 0x1, 0xb2, 0x2f, 0x60, 0x0, 0x0, 0x0,
    0xbf, 0xfd, 0x10, 0x0, 0x0, 0x0, 0x2, 0x20,
    0x0, 0x0,

    /* U+00C8 "È" */
    0x0, 0xa, 0xb1, 0x0, 0x0, 0x0, 0x6, 0xf9,
    0x0, 0x0, 0x0, 0x0, 0xcf, 0x10, 0x0, 0x0,
    0x0, 0x0, 0x0, 0x0, 0x0, 0x0, 0x0, 0x0,
    0x0, 0x3f, 0xff, 0xff, 0xff, 0xf7, 0x3f, 0xff,
    0xff, 0xff, 0xf7, 0x3f, 0xd0, 0x0, 0x0, 0x0,
    0x3f, 0xd0, 0x0, 0x0, 0x0, 0x3f, 0xd0, 0x0,
    0x0, 0x0, 0x3f, 0xd0, 0x0, 0x0, 0x0, 0x3f,
    0xff, 0xff, 0xff, 0xf3, 0x3f, 0xff, 0xff, 0xff,
    0xf3, 0x3f, 0xd0, 0x0, 0x0, 0x0, 0x3f, 0xd0,
    0x0, 0x0, 0x0, 0x3f, 0xd0, 0x0, 0x0, 0x0,
    0x3f, 0xd0, 0x0, 0x0, 0x0, 0x3f, 0xff, 0xff,
    0xff, 0xfa, 0x3f, 0xff, 0xff, 0xff, 0xfa,

    /* U+00C9 "É" */
    0x0, 0x0, 0x5, 0xb8, 0x0, 0x0, 0x0, 0xd,
    0xf2, 0x0, 0x0, 0x0, 0x5f, 0x70, 0x0, 0x0,
    0x0, 0x0, 0x0, 0x0, 0x0, 0x0, 0x0, 0x0,
    0x0, 0x3f, 0xff, 0xff, 0xff, 0xf7, 0x3f, 0xff,
    0xff, 0xff, 0xf7, 0x3f, 0xd0, 0x0, 0x0, 0x0,
    0x3f, 0xd0, 0x0, 0x0, 0x0, 0x3f, 0xd0, 0x0,
    0x0, 0x0, 0x3f, 0xd0, 0x0, 0x0, 0x0, 0x3f,
    0xff, 0xff, 0xff, 0xf3, 0x3f, 0xff, 0xff, 0xff,
    0xf3, 0x3f, 0xd0, 0x0, 0x0, 0x0, 0x3f, 0xd0,
    0x0, 0x0, 0x0, 0x3f, 0xd0, 0x0, 0x0, 0x0,
    0x3f, 0xd0, 0x0, 0x0, 0x0, 0x3f, 0xff, 0xff,
    0xff, 0xfa, 0x3f, 0xff, 0xff, 0xff, 0xfa,

    /* U+00CA "Ê" */
    0x0, 0x0, 0x78, 0x40, 0x0, 0x0, 0x5, 0xff,
    0xe1, 0x0, 0x0, 0x1e, 0xb2, 0xf9, 0x0, 0x0,
    0x38, 0x10, 0x47, 0x0, 0x0, 0x0, 0x0, 0x0,
    0x0, 0x3f, 0xff, 0xff, 0xff, 0xf7, 0x3f, 0xff,
    0xff, 0xff, 0xf7, 0x3f, 0xd0, 0x0, 0x0, 0x0,
    0x3f, 0xd0, 0x0, 0x0, 0x0, 0x3f, 0xd0, 0x0,
    0x0, 0x0, 0x3f, 0xd0, 0x0, 0x0, 0x0, 0x3f,
    0xff, 0xff, 0xff, 0xf3, 0x3f, 0xff, 0xff, 0xff,
    0xf3, 0x3f, 0xd0, 0x0, 0x0, 0x0, 0x3f, 0xd0,
    0x0, 0x0, 0x0, 0x3f, 0xd0, 0x0, 0x0, 0x0,
    0x3f, 0xd0, 0x0, 0x0, 0x0, 0x3f, 0xff, 0xff,
    0xff, 0xfa, 0x3f, 0xff, 0xff, 0xff, 0xfa,

    /* U+00CB "Ë" */
    0x0, 0x12, 0x10, 0x12, 0x0, 0x0, 0xaf, 0x80,
    0xdf, 0x40, 0x0, 0xaf, 0x80, 0xdf, 0x40, 0x0,
    0x0, 0x0, 0x0, 0x0, 0x0, 0x0, 0x0, 0x0,
    0x0, 0x3f, 0xff, 0xff, 0xff, 0xf7, 0x3f, 0xff,
    0xff, 0xff, 0xf7, 0x3f, 0xd0, 0x0, 0x0, 0x0,
    0x3f, 0xd0, 0x0, 0x0, 0x0, 0x3f, 0xd0, 0x0,
    0x0, 0x0, 0x3f, 0xd0, 0x0, 0x0, 0x0, 0x3f,
    0xff, 0xff, 0xff, 0xf3, 0x3f, 0xff, 0xff, 0xff,
    0xf3, 0x3f, 0xd0, 0x0, 0x0, 0x0, 0x3f, 0xd0,
    0x0, 0x0, 0x0, 0x3f, 0xd0, 0x0, 0x0, 0x0,
    0x3f, 0xd0, 0x0, 0x0, 0x0, 0x3f, 0xff, 0xff,
    0xff, 0xfa, 0x3f, 0xff, 0xff, 0xff, 0xfa,

    /* U+00CC "Ì" */
    0x0, 0x3b, 0x90, 0x0, 0x0, 0x0, 0xc, 0xf3,
    0x0, 0x0, 0x0, 0x2, 0xfb, 0x0, 0x0, 0x0,
    0x0, 0x0, 0x0, 0x0, 0x0, 0x0, 0x0, 0x0,
    0x0, 0x7f, 0xff, 0xff, 0xff, 0xf7, 0x7f, 0xff,
    0xff, 0xff, 0xf7, 0x0, 0x0, 0xff, 0x0, 0x0,
    0x0, 0x0, 0xff, 0x0, 0x0, 0x0, 0x0, 0xff,
    0x0, 0x0, 0x0, 0x0, 0xff, 0x0, 0x0, 0x0,
    0x0, 0xff, 0x0, 0x0, 0x0, 0x0, 0xff, 0x0,
    0x0, 0x0, 0x0, 0xff, 0x0, 0x0, 0x0, 0x0,
    0xff, 0x0, 0x0, 0x0, 0x0, 0xff, 0x0, 0x0,
    0x0, 0x0, 0xff, 0x0, 0x0, 0x7f, 0xff, 0xff,
    0xff, 0xf7, 0x7f, 0xff, 0xff, 0xff, 0xf7,

    /* U+00CD "Í" */
    0x0, 0x0, 0x8, 0xb4, 0x0, 0x0, 0x0, 0x3f,
    0xc0, 0x0, 0x0, 0x0, 0xaf, 0x20, 0x0, 0x0,
    0x0, 0x0, 0x0, 0x0, 0x0, 0x0, 0x0, 0x0,
    0x0, 0x7f, 0xff, 0xff, 0xff, 0xf7, 0x7f, 0xff,
    0xff, 0xff, 0xf7, 0x0, 0x0, 0xff, 0x0, 0x0,
    0x0, 0x0, 0xff, 0x0, 0x0, 0x0, 0x0, 0xff,
    0x0, 0x0, 0x0, 0x0, 0xff, 0x0, 0x0, 0x0,
    0x0, 0xff, 0x0, 0x0, 0x0, 0x0, 0xff, 0x0,
    0x0, 0x0, 0x0, 0xff, 0x0, 0x0, 0x0, 0x0,
    0xff, 0x0, 0x0, 0x0, 0x0, 0xff, 0x0, 0x0,
    0x0, 0x0, 0xff, 0x0, 0x0, 0x7f, 0xff, 0xff,
    0xff, 0xf7, 0x7f, 0xff, 0xff, 0xff, 0xf7,

    /* U+00CE "Î" */
    0x0, 0x1, 0x88, 0x10, 0x0, 0x0, 0xb, 0xff,
    0xa0, 0x0, 0x0, 0x5f, 0x67, 0xf4, 0x0, 0x0,
    0x66, 0x0, 0x76, 0x0, 0x0, 0x0, 0x0, 0x0,
    0x0, 0x7f, 0xff, 0xff, 0xff, 0xf7, 0x7f, 0xff,
    0xff, 0xff, 0xf7, 0x0, 0x0, 0xff, 0x0, 0x0,
    0x0, 0x0, 0xff, 0x0, 0x0, 0x0, 0x0, 0xff,
    0x0, 0x0, 0x0, 0x0, 0xff, 0x0, 0x0, 0x0,
    0x0, 0xff, 0x0, 0x0, 0x0, 0x0, 0xff, 0x0,
    0x0, 0x0, 0x0, 0xff, 0x0, 0x0, 0x0, 0x0,
    0xff, 0x0, 0x0, 0x0, 0x0, 0xff, 0x0, 0x0,
    0x0, 0x0, 0xff, 0x0, 0x0, 0x7f, 0xff, 0xff,
    0xff, 0xf7, 0x7f, 0xff, 0xff, 0xff, 0xf7,

    /* U+00CF "Ï" */
    0x0, 0xff, 0x33, 0xff, 0x0, 0x0, 0xff, 0x33,
    0xff, 0x0, 0x0, 0x22, 0x0, 0x22, 0x0, 0x0,
    0x0, 0x0, 0x0, 0x0, 0x7f, 0xff, 0xff, 0xff,
    0xf7, 0x7f, 0xff, 0xff, 0xff, 0xf7, 0x0, 0x0,
    0xff, 0x0, 0x0, 0x0, 0x0, 0xff, 0x0, 0x0,
    0x0, 0x0, 0xff, 0x0, 0x0, 0x0, 0x0, 0xff,
    0x0, 0x0, 0x0, 0x0, 0xff, 0x0, 0x0, 0x0,
    0x0, 0xff, 0x0, 0x0, 0x0, 0x0, 0xff, 0x0,
    0x0, 0x0, 0x0, 0xff, 0x0, 0x0, 0x0, 0x0,
    0xff, 0x0, 0x0, 0x0, 0x0, 0xff, 0x0, 0x0,
    0x7f, 0xff, 0xff, 0xff, 0xf7, 0x7f, 0xff, 0xff,
    0xff, 0xf7,

    /* U+00D0 "Ð" */
    0x5, 0xff, 0xff, 0xd9, 0x20, 0x0, 0x5, 0xff,
    0xff, 0xff, 0xf5, 0x0, 0x5, 0xfc, 0x0, 0x3c,
    0xff, 0x20, 0x5, 0xfc, 0x0, 0x0, 0xcf, 0xa0,
    0x5, 0xfc, 0x0, 0x0, 0x4f, 0xf0, 0x5, 0xfc,
    0x0, 0x0, 0xf, 0xf2, 0xbf, 0xff, 0xff, 0xe0,
    0xe, 0xf4, 0x9e, 0xff, 0xdd, 0xb0, 0xe, 0xf4,
    0x5, 0xfc, 0x0, 0x0, 0xf, 0xf2, 0x5, 0xfc,
    0x0, 0x0, 0x4f, 0xf0, 0x5, 0xfc, 0x0, 0x0,
    0xcf, 0xa0, 0x5, 0xfc, 0x0, 0x3b, 0xff, 0x20,
    0x5, 0xff, 0xff, 0xff, 0xf5, 0x0, 0x5, 0xff,
    0xff, 0xd9, 0x20, 0x0,

    /* U+00D1 "Ñ" */
    0x0, 0x0, 0x0, 0x0, 0x0, 0x0, 0x8f, 0xe5,
    0x2f, 0x20, 0x1, 0xf5, 0x8f, 0xfb, 0x0, 0x0,
    0x30, 0x1, 0x30, 0x0, 0x0, 0x0, 0x0, 0x0,
    0x0, 0xaf, 0xf2, 0x0, 0x6, 0xfa, 0xaf, 0xf8,
    0x0, 0x6, 0xfa, 0xaf, 0xfe, 0x0, 0x6, 0xfa,
    0xaf, 0xcf, 0x60, 0x6, 0xfa, 0xaf, 0x7e, 0xd0,
    0x6, 0xfa, 0xaf, 0x68, 0xf3, 0x6, 0xfa, 0xaf,
    0x61, 0xfa, 0x6, 0xfa, 0xaf, 0x60, 0xaf, 0x16,
    0xfa, 0xaf, 0x60, 0x3f, 0x86, 0xfa, 0xaf, 0x60,
    0xd, 0xe7, 0xfa, 0xaf, 0x60, 0x6, 0xfc, 0xfa,
    0xaf, 0x60, 0x0, 0xef, 0xfa, 0xaf, 0x60, 0x0,
    0x8f, 0xfa, 0xaf, 0x60, 0x0, 0x2f, 0xfa,

    /* U+00D2 "Ò" */
    0x0, 0x3, 0xb9, 0x0, 0x0, 0x0, 0x0, 0x0,
    0xcf, 0x30, 0x0, 0x0, 0x0, 0x0, 0x2f, 0xb0,
    0x0, 0x0, 0x0, 0x0, 0x0, 0x0, 0x0, 0x0,
    0x0, 0x0, 0x0, 0x0, 0x0, 0x0, 0x0, 0x6,
    0xcf, 0xfc, 0x60, 0x0, 0x0, 0xaf, 0xff, 0xff,
    0xfa, 0x0, 0x5, 0xff, 0x70, 0x7, 0xff, 0x50,
    0xc, 0xf9, 0x0, 0x0, 0x9f, 0xc0, 0xf, 0xf3,
    0x0, 0x0, 0x3f, 0xf0, 0x3f, 0xf0, 0x0, 0x0,
    0xf, 0xf3, 0x4f, 0xe0, 0x0, 0x0, 0xe, 0xf4,
    0x4f, 0xe0, 0x0, 0x0, 0xe, 0xf4, 0x3f, 0xf0,
    0x0, 0x0, 0xf, 0xf3, 0xf, 0xf3, 0x0, 0x0,
    0x3f, 0xf0, 0xc, 0xf9, 0x0, 0x0, 0x9f, 0xc0,
    0x5, 0xff, 0x70, 0x7, 0xff, 0x50, 0x0, 0x9f,
    0xff, 0xff, 0xfa, 0x0, 0x0, 0x6, 0xcf, 0xfc,
    0x60, 0x0,

    /* U+00D3 "Ó" */
    0x0, 0x0, 0x0, 0x8b, 0x40, 0x0, 0x0, 0x0,
    0x3, 0xfc, 0x0, 0x0, 0x0, 0x0, 0xa, 0xf2,
    0x0, 0x0, 0x0, 0x0, 0x0, 0x0, 0x0, 0x0,
    0x0, 0x0, 0x0, 0x0, 0x0, 0x0, 0x0, 0x6,
    0xcf, 0xfc, 0x60, 0x0, 0x0, 0xaf, 0xff, 0xff,
    0xfa, 0x0, 0x5, 0xff, 0x70, 0x7, 0xff, 0x50,
    0xc, 0xf9, 0x0, 0x0, 0x9f, 0xc0, 0xf, 0xf3,
    0x0, 0x0, 0x3f, 0xf0, 0x3f, 0xf0, 0x0, 0x0,
    0xf, 0xf3, 0x4f, 0xe0, 0x0, 0x0, 0xe, 0xf4,
    0x4f, 0xe0, 0x0, 0x0, 0xe, 0xf4, 0x3f, 0xf0,
    0x0, 0x0, 0xf, 0xf3, 0xf, 0xf3, 0x0, 0x0,
    0x3f, 0xf0, 0xc, 0xf9, 0x0, 0x0, 0x9f, 0xc0,
    0x5, 0xff, 0x70, 0x7, 0xff, 0x50, 0x0, 0x9f,
    0xff, 0xff, 0xfa, 0x0, 0x0, 0x6, 0xcf, 0xfc,
    0x60, 0x0,

    /* U+00D4 "Ô" */
    0x0, 0x0, 0x6f, 0xf5, 0x0, 0x0, 0x0, 0x1,
    0xec, 0xce, 0x0, 0x0, 0x0, 0xa, 0xe1, 0x2f,
    0x90, 0x0, 0x0, 0x0, 0x0, 0x0, 0x0, 0x0,
    0x0, 0x0, 0x0, 0x0, 0x0, 0x0, 0x0, 0x6,
    0xcf, 0xfc, 0x60, 0x0, 0x0, 0xaf, 0xff, 0xff,
    0xfa, 0x0, 0x5, 0xff, 0x70, 0x7, 0xff, 0x50,
    0xc, 0xf9, 0x0, 0x0, 0x9f, 0xc0, 0xf, 0xf3,
    0x0, 0x0, 0x3f, 0xf0, 0x3f, 0xf0, 0x0, 0x0,
    0xf, 0xf3, 0x4f, 0xe0, 0x0, 0x0, 0xe, 0xf4,
    0x4f, 0xe0, 0x0, 0x0, 0xe, 0xf4, 0x3f, 0xf0,
    0x0, 0x0, 0xf, 0xf3, 0xf, 0xf3, 0x0, 0x0,
    0x3f, 0xf0, 0xc, 0xf9, 0x0, 0x0, 0x9f, 0xc0,
    0x5, 0xff, 0x70, 0x7, 0xff, 0x50, 0x0, 0x9f,
    0xff, 0xff, 0xfa, 0x0, 0x0, 0x6, 0xcf, 0xfc,
    0x60, 0x0,

    /* U+00D5 "Õ" */
    0x0, 0x0, 0x0, 0x0, 0x0, 0x0, 0x0, 0x6,
    0xfb, 0x0, 0xf2, 0x0, 0x0, 0xe, 0x7b, 0x94,
    0xf0, 0x0, 0x0, 0x2f, 0x1, 0xdf, 0x80, 0x0,
    0x0, 0x3, 0x0, 0x2, 0x0, 0x0, 0x0, 0x0,
    0x0, 0x0, 0x0, 0x0, 0x0, 0x6, 0xcf, 0xfc,
    0x60, 0x0, 0x0, 0xaf, 0xff, 0xff, 0xfa, 0x0,
    0x5, 0xff, 0x70, 0x7, 0xff, 0x50, 0xc, 0xf9,
    0x0, 0x0, 0x9f, 0xc0, 0xf, 0xf3, 0x0, 0x0,
    0x3f, 0xf0, 0x3f, 0xf0, 0x0, 0x0, 0xf, 0xf3,
    0x4f, 0xe0, 0x0, 0x0, 0xe, 0xf4, 0x4f, 0xe0,
    0x0, 0x0, 0xe, 0xf4, 0x3f, 0xf0, 0x0, 0x0,
    0xf, 0xf3, 0xf, 0xf3, 0x0, 0x0, 0x3f, 0xf0,
    0xc, 0xf9, 0x0, 0x0, 0x9f, 0xc0, 0x5, 0xff,
    0x70, 0x7, 0xff, 0x50, 0x0, 0x9f, 0xff, 0xff,
    0xfa, 0x0, 0x0, 0x6, 0xcf, 0xfc, 0x60, 0x0,

    /* U+00D6 "Ö" */
    0x0, 0x2, 0x20, 0x2, 0x20, 0x0, 0x0, 0xf,
    0xf3, 0x3f, 0xf0, 0x0, 0x0, 0xf, 0xf3, 0x3f,
    0xf0, 0x0, 0x0, 0x0, 0x0, 0x0, 0x0, 0x0,
    0x0, 0x0, 0x0, 0x0, 0x0, 0x0, 0x0, 0x6,
    0xcf, 0xfc, 0x60, 0x0, 0x0, 0xaf, 0xff, 0xff,
    0xfa, 0x0, 0x5, 0xff, 0x70, 0x7, 0xff, 0x50,
    0xc, 0xf9, 0x0, 0x0, 0x9f, 0xc0, 0xf, 0xf3,
    0x0, 0x0, 0x3f, 0xf0, 0x3f, 0xf0, 0x0, 0x0,
    0xf, 0xf3, 0x4f, 0xe0, 0x0, 0x0, 0xe, 0xf4,
    0x4f, 0xe0, 0x0, 0x0, 0xe, 0xf4, 0x3f, 0xf0,
    0x0, 0x0, 0xf, 0xf3, 0xf, 0xf3, 0x0, 0x0,
    0x3f, 0xf0, 0xc, 0xf9, 0x0, 0x0, 0x9f, 0xc0,
    0x5, 0xff, 0x70, 0x7, 0xff, 0x50, 0x0, 0x9f,
    0xff, 0xff, 0xfa, 0x0, 0x0, 0x6, 0xcf, 0xfc,
    0x60, 0x0,

    /* U+00D7 "×" */
    0x0, 0x0, 0x0, 0x0, 0x0, 0xc, 0xb0, 0x0,
    0xb, 0xc0, 0x1c, 0xfb, 0x0, 0xbf, 0xc1, 0x1,
    0xcf, 0xbb, 0xfc, 0x10, 0x0, 0x1c, 0xff, 0xc1,
    0x0, 0x0, 0xb, 0xff, 0xb0, 0x0, 0x0, 0xaf,
    0xdd, 0xfa, 0x0, 0xa, 0xfd, 0x11, 0xdf, 0xa0,
    0x1e, 0xd1, 0x0, 0x1d, 0xe1, 0x2, 0x10, 0x0,
    0x1, 0x20,

    /* U+00D8 "Ø" */
    0x0, 0x6, 0xcf, 0xfc, 0x6d, 0xe1, 0x0, 0xaf,
    0xff, 0xff, 0xff, 0x50, 0x5, 0xff, 0x70, 0x8,
    0xff, 0x50, 0xc, 0xf9, 0x0, 0xb, 0xff, 0xc0,
    0xf, 0xf3, 0x0, 0x6f, 0xaf, 0xf0, 0x3f, 0xf0,
    0x1, 0xed, 0xf, 0xf3, 0x4f, 0xe0, 0x9, 0xf3,
    0xe, 0xf4, 0x4f, 0xe0, 0x3f, 0x90, 0xe, 0xf4,
    0x3f, 0xf0, 0xde, 0x10, 0xf, 0xf3, 0xf, 0xfa,
    0xf6, 0x0, 0x3f, 0xf0, 0xc, 0xff, 0xb0, 0x0,
    0x9f, 0xc0, 0x5, 0xff, 0x80, 0x7, 0xff, 0x50,
    0x5, 0xff, 0xff, 0xff, 0xfa, 0x0, 0x1e, 0xd6,
    0xcf, 0xfc, 0x60, 0x0,

    /* U+00D9 "Ù" */
    0x0, 0x3b, 0x90, 0x0, 0x0, 0x0, 0xc, 0xf3,
    0x0, 0x0, 0x0, 0x2, 0xfb, 0x0, 0x0, 0x0,
    0x0, 0x0, 0x0, 0x0, 0x0, 0x0, 0x0, 0x0,
    0x0, 0xdf, 0x40, 0x0, 0x4, 0xfd, 0xdf, 0x40,
    0x0, 0x4, 0xfd, 0xdf, 0x40, 0x0, 0x4, 0xfd,
    0xdf, 0x40, 0x0, 0x4, 0xfd, 0xdf, 0x40, 0x0,
    0x4, 0xfd, 0xdf, 0x40, 0x0, 0x4, 0xfd, 0xdf,
    0x40, 0x0, 0x4, 0xfd, 0xdf, 0x40, 0x0, 0x4,
    0xfd, 0xdf, 0x40, 0x0, 0x4, 0xfd, 0xdf, 0x50,
    0x0, 0x5, 0xfd, 0xaf, 0x80, 0x0, 0x9, 0xfa,
    0x5f, 0xf6, 0x0, 0x6f, 0xf5, 0xa, 0xff, 0xff,
    0xff, 0xa0, 0x0, 0x6d, 0xff, 0xd6, 0x0,

    /* U+00DA "Ú" */
    0x0, 0x0, 0x8, 0xb4, 0x0, 0x0, 0x0, 0x3f,
    0xc0, 0x0, 0x0, 0x0, 0xaf, 0x20, 0x0, 0x0,
    0x0, 0x0, 0x0, 0x0, 0x0, 0x0, 0x0, 0x0,
    0x0, 0xdf, 0x40, 0x0, 0x4, 0xfd, 0xdf, 0x40,
    0x0, 0x4, 0xfd, 0xdf, 0x40, 0x0, 0x4, 0xfd,
    0xdf, 0x40, 0x0, 0x4, 0xfd, 0xdf, 0x40, 0x0,
    0x4, 0xfd, 0xdf, 0x40, 0x0, 0x4, 0xfd, 0xdf,
    0x40, 0x0, 0x4, 0xfd, 0xdf, 0x40, 0x0, 0x4,
    0xfd, 0xdf, 0x40, 0x0, 0x4, 0xfd, 0xdf, 0x50,
    0x0, 0x5, 0xfd, 0xaf, 0x80, 0x0, 0x9, 0xfa,
    0x5f, 0xf6, 0x0, 0x6f, 0xf5, 0xa, 0xff, 0xff,
    0xff, 0xa0, 0x0, 0x6d, 0xff, 0xd6, 0x0,

    /* U+00DB "Û" */
    0x0, 0x6, 0xff, 0x50, 0x0, 0x0, 0x1e, 0xcc,
    0xe0, 0x0, 0x0, 0xae, 0x12, 0xf9, 0x0, 0x0,
    0x0, 0x0, 0x0, 0x0, 0x0, 0x0, 0x0, 0x0,
    0x0, 0xdf, 0x40, 0x0, 0x4, 0xfd, 0xdf, 0x40,
    0x0, 0x4, 0xfd, 0xdf, 0x40, 0x0, 0x4, 0xfd,
    0xdf, 0x40, 0x0, 0x4, 0xfd, 0xdf, 0x40, 0x0,
    0x4, 0xfd, 0xdf, 0x40, 0x0, 0x4, 0xfd, 0xdf,
    0x40, 0x0, 0x4, 0xfd, 0xdf, 0x40, 0x0, 0x4,
    0xfd, 0xdf, 0x40, 0x0, 0x4, 0xfd, 0xdf, 0x50,
    0x0, 0x5, 0xfd, 0xaf, 0x80, 0x0, 0x9, 0xfa,
    0x5f, 0xf6, 0x0, 0x6f, 0xf5, 0xa, 0xff, 0xff,
    0xff, 0xa0, 0x0, 0x6d, 0xff, 0xd6, 0x0,

    /* U+00DC "Ü" */
    0x0, 0x22, 0x0, 0x22, 0x0, 0x0, 0xff, 0x33,
    0xff, 0x0, 0x0, 0xff, 0x33, 0xff, 0x0, 0x0,
    0x0, 0x0, 0x0, 0x0, 0x0, 0x0, 0x0, 0x0,
    0x0, 0xdf, 0x40, 0x0, 0x4, 0xfd, 0xdf, 0x40,
    0x0, 0x4, 0xfd, 0xdf, 0x40, 0x0, 0x4, 0xfd,
    0xdf, 0x40, 0x0, 0x4, 0xfd, 0xdf, 0x40, 0x0,
    0x4, 0xfd, 0xdf, 0x40, 0x0, 0x4, 0xfd, 0xdf,
    0x40, 0x0, 0x4, 0xfd, 0xdf, 0x40, 0x0, 0x4,
    0xfd, 0xdf, 0x40, 0x0, 0x4, 0xfd, 0xdf, 0x50,
    0x0, 0x5, 0xfd, 0xaf, 0x80, 0x0, 0x9, 0xfa,
    0x5f, 0xf6, 0x0, 0x6f, 0xf5, 0xa, 0xff, 0xff,
    0xff, 0xa0, 0x0, 0x6d, 0xff, 0xd6, 0x0,

    /* U+00DD "Ý" */
    0x0, 0x0, 0x0, 0x8b, 0x40, 0x0, 0x0, 0x0,
    0x3, 0xfc, 0x0, 0x0, 0x0, 0x0, 0xa, 0xf2,
    0x0, 0x0, 0x0, 0x0, 0x0, 0x0, 0x0, 0x0,
    0x0, 0x0, 0x0, 0x0, 0x0, 0x0, 0x1f, 0xf4,
    0x0, 0x0, 0x4f, 0xf1, 0x8, 0xfc, 0x0, 0x0,
    0xcf, 0x80, 0x0, 0xef, 0x40, 0x4, 0xfe, 0x10,
    0x0, 0x7f, 0xb0, 0xb, 0xf7, 0x0, 0x0, 0xe,
    0xf3, 0x3f, 0xe0, 0x0, 0x0, 0x7, 0xfb, 0xbf,
    0x70, 0x0, 0x0, 0x0, 0xef, 0xfe, 0x0, 0x0,
    0x0, 0x0, 0x6f, 0xf7, 0x0, 0x0, 0x0, 0x0,
    0x1f, 0xf1, 0x0, 0x0, 0x0, 0x0, 0xf, 0xf1,
    0x0, 0x0, 0x0, 0x0, 0xf, 0xf1, 0x0, 0x0,
    0x0, 0x0, 0xf, 0xf1, 0x0, 0x0, 0x0, 0x0,
    0xf, 0xf1, 0x0, 0x0, 0x0, 0x0, 0xf, 0xf1,
    0x0, 0x0,

    /* U+00DE "Þ" */
    0x4f, 0xd0, 0x0, 0x0, 0x0, 0x4, 0xfd, 0x0,
    0x0, 0x0, 0x0, 0x4f, 0xff, 0xff, 0xd9, 0x20,
    0x4, 0xff, 0xff, 0xff, 0xff, 0x30, 0x4f, 0xd0,
    0x0, 0x3c, 0xfd, 0x4, 0xfd, 0x0, 0x0, 0x1f,
    0xf2, 0x4f, 0xd0, 0x0, 0x0, 0xff, 0x34, 0xfd,
    0x0, 0x0, 0x2f, 0xf2, 0x4f, 0xd0, 0x0, 0x3c,
    0xfd, 0x4, 0xff, 0xff, 0xff, 0xff, 0x30, 0x4f,
    0xff, 0xff, 0xe9, 0x20, 0x4, 0xfd, 0x0, 0x0,
    0x0, 0x0, 0x4f, 0xd0, 0x0, 0x0, 0x0, 0x4,
    0xfd, 0x0, 0x0, 0x0, 0x0,

    /* U+00DF "ß" */
    0x0, 0x6d, 0xff, 0xd7, 0x0, 0x0, 0x9f, 0xff,
    0xff, 0xfa, 0x0, 0x3f, 0xf5, 0x0, 0x5f, 0xf1,
    0x8, 0xf9, 0x0, 0x0, 0xef, 0x20, 0x9f, 0x60,
    0x0, 0x6f, 0xd0, 0x9, 0xf6, 0x1e, 0xff, 0xc2,
    0x0, 0x9f, 0x61, 0xff, 0xfe, 0x60, 0x9, 0xf6,
    0x0, 0x4, 0xef, 0x60, 0x9f, 0x60, 0x0, 0x4,
    0xfd, 0x9, 0xf6, 0x0, 0x0, 0x1f, 0xf0, 0x9f,
    0x60, 0x0, 0x3, 0xff, 0x9, 0xf6, 0x0, 0x2,
    0xdf, 0xb0, 0x9f, 0x64, 0xef, 0xff, 0xe2, 0x9,
    0xf6, 0x4f, 0xfd, 0x91, 0x0,

    /* U+00E0 "à" */
    0x0, 0x8f, 0x90, 0x0, 0x0, 0x0, 0x0, 0xdf,
    0x10, 0x0, 0x0, 0x0, 0x3, 0xb5, 0x0, 0x0,
    0x0, 0x8, 0xef, 0xea, 0x20, 0x0, 0xd, 0xff,
    0xdf, 0xfe, 0x10, 0x7, 0xfc, 0x10, 0xb, 0xf8,
    0x0, 0x57, 0x20, 0x0, 0x4f, 0xc0, 0x0, 0x0,
    0x14, 0x8c, 0xfd, 0x0, 0x6, 0xdf, 0xff, 0xef,
    0xd0, 0x8, 0xfe, 0x74, 0x13, 0xfd, 0x0, 0xef,
    0x30, 0x0, 0x5f, 0xd0, 0xf, 0xf4, 0x0, 0x1d,
    0xfd, 0x0, 0x9f, 0xfb, 0xbf, 0xcf, 0xff, 0x0,
    0x7d, 0xfe, 0x80, 0x6e, 0xe0,

    /* U+00E1 "á" */
    0x0, 0x0, 0x2f, 0xe1, 0x0, 0x0, 0x0, 0xa,
    0xf4, 0x0, 0x0, 0x0, 0x0, 0xb8, 0x0, 0x0,
    0x0, 0x8, 0xef, 0xea, 0x20, 0x0, 0xd, 0xff,
    0xdf, 0xfe, 0x10, 0x7, 0xfc, 0x10, 0xb, 0xf8,
    0x0, 0x57, 0x20, 0x0, 0x4f, 0xc0, 0x0, 0x0,
    0x14, 0x8c, 0xfd, 0x0, 0x6, 0xdf, 0xff, 0xef,
    0xd0, 0x8, 0xfe, 0x74, 0x13, 0xfd, 0x0, 0xef,
    0x30, 0x0, 0x5f, 0xd0, 0xf, 0xf4, 0x0, 0x1d,
    0xfd, 0x0, 0x9f, 0xfb, 0xbf, 0xcf, 0xff, 0x0,
    0x7d, 0xfe, 0x80, 0x6e, 0xe0,

    /* U+00E2 "â" */
    0x0, 0xb, 0xfe, 0x10, 0x0, 0x0, 0x5, 0xf9,
    0xfa, 0x0, 0x0, 0x0, 0xeb, 0x6, 0xf4, 0x0,
    0x0, 0x0, 0x0, 0x0, 0x0, 0x0, 0x0, 0x8e,
    0xfe, 0xa2, 0x0, 0x0, 0xdf, 0xfd, 0xff, 0xe1,
    0x0, 0x7f, 0xc1, 0x0, 0xbf, 0x80, 0x5, 0x72,
    0x0, 0x4, 0xfc, 0x0, 0x0, 0x1, 0x48, 0xcf,
    0xd0, 0x0, 0x6d, 0xff, 0xfe, 0xfd, 0x0, 0x8f,
    0xe7, 0x41, 0x3f, 0xd0, 0xe, 0xf3, 0x0, 0x5,
    0xfd, 0x0, 0xff, 0x40, 0x1, 0xdf, 0xd0, 0x9,
    0xff, 0xbb, 0xfc, 0xff, 0xf0, 0x7, 0xdf, 0xe8,
    0x6, 0xee, 0x0,

    /* U+00E3 "ã" */
    0x0, 0x0, 0x0, 0x0, 0x0, 0x0, 0x3d, 0xff,
    0xff, 0xa0, 0x0, 0x1, 0x34, 0x33, 0x20, 0x0,
    0x0, 0x0, 0x0, 0x0, 0x0, 0x0, 0x0, 0x8e,
    0xfe, 0xa2, 0x0, 0x0, 0xdf, 0xfd, 0xff, 0xe1,
    0x0, 0x7f, 0xc1, 0x0, 0xbf, 0x80, 0x5, 0x72,
    0x0, 0x4, 0xfc, 0x0, 0x0, 0x1, 0x48, 0xcf,
    0xd0, 0x0, 0x6d, 0xff, 0xfe, 0xfd, 0x0, 0x8f,
    0xe7, 0x41, 0x3f, 0xd0, 0xe, 0xf3, 0x0, 0x5,
    0xfd, 0x0, 0xff, 0x40, 0x1, 0xdf, 0xd0, 0x9,
    0xff, 0xbb, 0xfc, 0xff, 0xf0, 0x7, 0xdf, 0xe8,
    0x6, 0xee, 0x0,

    /* U+00E4 "ä" */
    0x4, 0xfd, 0x8, 0xfa, 0x0, 0x0, 0x4f, 0xd0,
    0x8f, 0xa0, 0x0, 0x0, 0x22, 0x1, 0x21, 0x0,
    0x0, 0x8, 0xef, 0xea, 0x20, 0x0, 0xd, 0xff,
    0xdf, 0xfe, 0x10, 0x7, 0xfc, 0x10, 0xb, 0xf8,
    0x0, 0x57, 0x20, 0x0, 0x4f, 0xc0, 0x0, 0x0,
    0x14, 0x8c, 0xfd, 0x0, 0x6, 0xdf, 0xff, 0xef,
    0xd0, 0x8, 0xfe, 0x74, 0x13, 0xfd, 0x0, 0xef,
    0x30, 0x0, 0x5f, 0xd0, 0xf, 0xf4, 0x0, 0x1d,
    0xfd, 0x0, 0x9f, 0xfb, 0xbf, 0xcf, 0xff, 0x0,
    0x7d, 0xfe, 0x80, 0x6e, 0xe0,

    /* U+00E5 "å" */
    0x0, 0x7, 0xeb, 0x10, 0x0, 0x0, 0x2, 0xf3,
    0xb7, 0x0, 0x0, 0x0, 0x2f, 0xa, 0x80, 0x0,
    0x0, 0x0, 0xaf, 0xe2, 0x0, 0x0, 0x0, 0x0,
    0x10, 0x0, 0x0, 0x0, 0x8, 0xef, 0xea, 0x20,
    0x0, 0xd, 0xff, 0xdf, 0xfe, 0x10, 0x7, 0xfc,
    0x10, 0xb, 0xf8, 0x0, 0x57, 0x20, 0x0, 0x4f,
    0xc0, 0x0, 0x0, 0x14, 0x8c, 0xfd, 0x0, 0x6,
    0xdf, 0xff, 0xef, 0xd0, 0x8, 0xfe, 0x74, 0x13,
    0xfd, 0x0, 0xef, 0x30, 0x0, 0x5f, 0xd0, 0xf,
    0xf4, 0x0, 0x1d, 0xfd, 0x0, 0x9f, 0xfb, 0xbf,
    0xcf, 0xff, 0x0, 0x7d, 0xfe, 0x80, 0x6e, 0xe0,

    /* U+00E6 "æ" */
    0x3, 0xcf, 0xd4, 0x5d, 0xfc, 0x20, 0xe, 0xfd,
    0xff, 0xff, 0xef, 0xe0, 0x5f, 0x90, 0x8f, 0xf5,
    0xb, 0xf5, 0x35, 0x20, 0x4f, 0xf0, 0x6, 0xf9,
    0x0, 0x26, 0xaf, 0xfa, 0xab, 0xfa, 0xa, 0xff,
    0xff, 0xff, 0xff, 0xfb, 0x6f, 0xc4, 0x5f, 0xd0,
    0x0, 0x0, 0xaf, 0x30, 0x4f, 0xf0, 0x3, 0x73,
    0xaf, 0x60, 0xaf, 0xf7, 0xb, 0xf5, 0x6f, 0xff,
    0xf7, 0xff, 0xef, 0xe0, 0x9, 0xfe, 0x70, 0x5d,
    0xfc, 0x30,

    /* U+00E7 "ç" */
    0x0, 0x3b, 0xff, 0xd7, 0x0, 0x5, 0xff, 0xfe,
    0xff, 0xb0, 0x1f, 0xf8, 0x0, 0x3e, 0xf6, 0x7f,
    0xc0, 0x0, 0x5, 0xea, 0xaf, 0x70, 0x0, 0x0,
    0x0, 0xbf, 0x60, 0x0, 0x0, 0x0, 0xaf, 0x70,
    0x0, 0x0, 0x0, 0x7f, 0xc0, 0x0, 0x5, 0xfc,
    0x1f, 0xf8, 0x0, 0x3e, 0xf6, 0x5, 0xff, 0xfe,
    0xff, 0xa0, 0x0, 0x3b, 0xff, 0xd6, 0x0, 0x0,
    0x0, 0xdd, 0x40, 0x0, 0x0, 0x0, 0x37, 0xf4,
    0x0, 0x0, 0x1a, 0x22, 0xf6, 0x0, 0x0, 0xb,
    0xff, 0xc1, 0x0, 0x0, 0x0, 0x22, 0x0, 0x0,

    /* U+00E8 "è" */
    0x0, 0x3f, 0xe0, 0x0, 0x0, 0x0, 0x8, 0xf6,
    0x0, 0x0, 0x0, 0x0, 0xa9, 0x0, 0x0, 0x0,
    0x4c, 0xff, 0xc5, 0x0, 0x7, 0xff, 0xee, 0xff,
    0x80, 0x2f, 0xf5, 0x0, 0x4f, 0xf3, 0x9f, 0x80,
    0x0, 0x8, 0xf9, 0xcf, 0xba, 0xaa, 0xac, 0xfc,
    0xdf, 0xff, 0xff, 0xff, 0xfd, 0xcf, 0x50, 0x0,
    0x0, 0x0, 0x9f, 0x90, 0x0, 0x3, 0x73, 0x2f,
    0xf6, 0x0, 0x3e, 0xf4, 0x7, 0xff, 0xfe, 0xff,
    0x80, 0x0, 0x4c, 0xff, 0xc6, 0x0,

    /* U+00E9 "é" */
    0x0, 0x0, 0xc, 0xf5, 0x0, 0x0, 0x0, 0x4f,
    0xa0, 0x0, 0x0, 0x0, 0x7b, 0x10, 0x0, 0x0,
    0x4c, 0xff, 0xc5, 0x0, 0x7, 0xff, 0xee, 0xff,
    0x80, 0x2f, 0xf5, 0x0, 0x4f, 0xf3, 0x9f, 0x80,
    0x0, 0x8, 0xf9, 0xcf, 0xba, 0xaa, 0xac, 0xfc,
    0xdf, 0xff, 0xff, 0xff, 0xfd, 0xcf, 0x50, 0x0,
    0x0, 0x0, 0x9f, 0x90, 0x0, 0x3, 0x73, 0x2f,
    0xf6, 0x0, 0x3e, 0xf4, 0x7, 0xff, 0xfe, 0xff,
    0x80, 0x0, 0x4c, 0xff, 0xc6, 0x0,

    /* U+00EA "ê" */
    0x0, 0x7, 0xdc, 0x80, 0x0, 0x0, 0x6f, 0x21,
    0xe7, 0x0, 0x0, 0x0, 0x0, 0x0, 0x0, 0x0,
    0x4c, 0xff, 0xc5, 0x0, 0x7, 0xff, 0xee, 0xff,
    0x80, 0x2f, 0xf5, 0x0, 0x4f, 0xf3, 0x9f, 0x80,
    0x0, 0x8, 0xf9, 0xcf, 0xba, 0xaa, 0xac, 0xfc,
    0xdf, 0xff, 0xff, 0xff, 0xfd, 0xcf, 0x50, 0x0,
    0x0, 0x0, 0x9f, 0x90, 0x0, 0x3, 0x73, 0x2f,
    0xf6, 0x0, 0x3e, 0xf4, 0x7, 0xff, 0xfe, 0xff,
    0x80, 0x0, 0x4c, 0xff, 0xc6, 0x0,

    /* U+00EB "ë" */
    0x0, 0xef, 0x32, 0xff, 0x0, 0x0, 0xef, 0x32,
    0xff, 0x0, 0x0, 0x22, 0x0, 0x22, 0x0, 0x0,
    0x4c, 0xff, 0xc5, 0x0, 0x7, 0xff, 0xee, 0xff,
    0x80, 0x2f, 0xf5, 0x0, 0x4f, 0xf3, 0x9f, 0x80,
    0x0, 0x8, 0xf9, 0xcf, 0xba, 0xaa, 0xac, 0xfc,
    0xdf, 0xff, 0xff, 0xff, 0xfd, 0xcf, 0x50, 0x0,
    0x0, 0x0, 0x9f, 0x90, 0x0, 0x3, 0x73, 0x2f,
    0xf6, 0x0, 0x3e, 0xf4, 0x7, 0xff, 0xfe, 0xff,
    0x80, 0x0, 0x4c, 0xff, 0xc6, 0x0,

    /* U+00EC "ì" */
    0x0, 0x9, 0xf8, 0x0, 0x0, 0x0, 0x0, 0xe,
    0xf1, 0x0, 0x0, 0x0, 0x0, 0x4b, 0x40, 0x0,
    0x4, 0xff, 0xff, 0xfb, 0x0, 0x0, 0x3b, 0xbb,
    0xdf, 0xb0, 0x0, 0x0, 0x0, 0x5, 0xfb, 0x0,
    0x0, 0x0, 0x0, 0x5f, 0xb0, 0x0, 0x0, 0x0,
    0x5, 0xfb, 0x0, 0x0, 0x0, 0x0, 0x5f, 0xb0,
    0x0, 0x0, 0x0, 0x5, 0xfb, 0x0, 0x0, 0x0,
    0x0, 0x5f, 0xb0, 0x0, 0x0, 0x0, 0x5, 0xfb,
    0x0, 0x0, 0x5b, 0xbb, 0xcf, 0xeb, 0xbb, 0x37,
    0xff, 0xff, 0xff, 0xff, 0xf4,

    /* U+00ED "í" */
    0x0, 0x0, 0x3, 0xfd, 0x0, 0x0, 0x0, 0x0,
    0xbf, 0x30, 0x0, 0x0, 0x0, 0x1b, 0x70, 0x0,
    0x4, 0xff, 0xff, 0xfb, 0x0, 0x0, 0x3b, 0xbb,
    0xdf, 0xb0, 0x0, 0x0, 0x0, 0x5, 0xfb, 0x0,
    0x0, 0x0, 0x0, 0x5f, 0xb0, 0x0, 0x0, 0x0,
    0x5, 0xfb, 0x0, 0x0, 0x0, 0x0, 0x5f, 0xb0,
    0x0, 0x0, 0x0, 0x5, 0xfb, 0x0, 0x0, 0x0,
    0x0, 0x5f, 0xb0, 0x0, 0x0, 0x0, 0x5, 0xfb,
    0x0, 0x0, 0x5b, 0xbb, 0xcf, 0xeb, 0xbb, 0x37,
    0xff, 0xff, 0xff, 0xff, 0xf4,

    /* U+00EE "î" */
    0x0, 0x0, 0xcf, 0xe1, 0x0, 0x0, 0x0, 0x6f,
    0x8f, 0xa0, 0x0, 0x0, 0x1c, 0x80, 0x5d, 0x30,
    0x0, 0x0, 0x0, 0x0, 0x0, 0x0, 0x4f, 0xff,
    0xff, 0xb0, 0x0, 0x3, 0xbb, 0xbd, 0xfb, 0x0,
    0x0, 0x0, 0x0, 0x5f, 0xb0, 0x0, 0x0, 0x0,
    0x5, 0xfb, 0x0, 0x0, 0x0, 0x0, 0x5f, 0xb0,
    0x0, 0x0, 0x0, 0x5, 0xfb, 0x0, 0x0, 0x0,
    0x0, 0x5f, 0xb0, 0x0, 0x0, 0x0, 0x5, 0xfb,
    0x0, 0x0, 0x0, 0x0, 0x5f, 0xb0, 0x0, 0x5,
    0xbb, 0xbc, 0xfe, 0xbb, 0xb3, 0x7f, 0xff, 0xff,
    0xff, 0xff, 0x40,

    /* U+00EF "ï" */
    0x0, 0x5f, 0xc0, 0x9f, 0x90, 0x0, 0x5, 0xfc,
    0x9, 0xf9, 0x0, 0x0, 0x2, 0x20, 0x12, 0x10,
    0x4, 0xff, 0xff, 0xfb, 0x0, 0x0, 0x3b, 0xbb,
    0xdf, 0xb0, 0x0, 0x0, 0x0, 0x5, 0xfb, 0x0,
    0x0, 0x0, 0x0, 0x5f, 0xb0, 0x0, 0x0, 0x0,
    0x5, 0xfb, 0x0, 0x0, 0x0, 0x0, 0x5f, 0xb0,
    0x0, 0x0, 0x0, 0x5, 0xfb, 0x0, 0x0, 0x0,
    0x0, 0x5f, 0xb0, 0x0, 0x0, 0x0, 0x5, 0xfb,
    0x0, 0x0, 0x5b, 0xbb, 0xcf, 0xeb, 0xbb, 0x37,
    0xff, 0xff, 0xff, 0xff, 0xf4,

    /* U+00F0 "ð" */
    0x0, 0x7, 0x40, 0x0, 0x0, 0x0, 0x3, 0xff,
    0xe6, 0x5b, 0xc0, 0x0, 0x15, 0xbf, 0xff, 0xd7,
    0x0, 0x0, 0x5f, 0xfe, 0xf6, 0x0, 0x0, 0x1,
    0x50, 0x2f, 0xe0, 0x0, 0x6, 0xcf, 0xfb, 0xdf,
    0x50, 0x9, 0xff, 0xee, 0xff, 0xf9, 0x4, 0xff,
    0x40, 0x4, 0xef, 0xc0, 0xaf, 0x80, 0x0, 0x7,
    0xfd, 0xd, 0xf4, 0x0, 0x0, 0x3f, 0xf0, 0xdf,
    0x40, 0x0, 0x4, 0xfd, 0xa, 0xf8, 0x0, 0x0,
    0x7f, 0xb0, 0x4f, 0xf4, 0x0, 0x4f, 0xf5, 0x0,
    0x9f, 0xfe, 0xef, 0xfa, 0x0, 0x0, 0x6c, 0xff,
    0xc6, 0x0, 0x0,

    /* U+00F1 "ñ" */
    0x0, 0x0, 0x0, 0x0, 0x0, 0x0, 0xbf, 0xff,
    0xfe, 0x10, 0x0, 0x34, 0x43, 0x30, 0x0, 0x0,
    0x0, 0x0, 0x0, 0x0, 0x6f, 0x73, 0xcf, 0xfa,
    0x0, 0x6f, 0xaf, 0xed, 0xff, 0xb0, 0x6f, 0xf7,
    0x0, 0x3f, 0xf2, 0x6f, 0xd0, 0x0, 0xc, 0xf5,
    0x6f, 0xa0, 0x0, 0xa, 0xf6, 0x6f, 0xa0, 0x0,
    0xa, 0xf6, 0x6f, 0xa0, 0x0, 0xa, 0xf6, 0x6f,
    0xa0, 0x0, 0xa, 0xf6, 0x6f, 0xa0, 0x0, 0xa,
    0xf6, 0x6f, 0xa0, 0x0, 0xa, 0xf6, 0x6f, 0xa0,
    0x0, 0xa, 0xf6,

    /* U+00F2 "ò" */
    0x0, 0x3f, 0xe0, 0x0, 0x0, 0x0, 0x9, 0xf6,
    0x0, 0x0, 0x0, 0x0, 0xa8, 0x0, 0x0, 0x0,
    0x5c, 0xff, 0xc5, 0x0, 0x8, 0xff, 0xee, 0xff,
    0x80, 0x4f, 0xf5, 0x0, 0x5f, 0xf4, 0xaf, 0x90,
    0x0, 0x9, 0xfa, 0xdf, 0x40, 0x0, 0x4, 0xfd,
    0xef, 0x30, 0x0, 0x3, 0xfe, 0xdf, 0x40, 0x0,
    0x4, 0xfd, 0xaf, 0x90, 0x0, 0x9, 0xfa, 0x3f,
    0xf5, 0x0, 0x5f, 0xf3, 0x8, 0xff, 0xff, 0xff,
    0x80, 0x0, 0x5c, 0xff, 0xc5, 0x0,

    /* U+00F3 "ó" */
    0x0, 0x0, 0xd, 0xf4, 0x0, 0x0, 0x0, 0x5f,
    0xa0, 0x0, 0x0, 0x0, 0x8a, 0x10, 0x0, 0x0,
    0x5c, 0xff, 0xc5, 0x0, 0x8, 0xff, 0xee, 0xff,
    0x80, 0x4f, 0xf5, 0x0, 0x5f, 0xf4, 0xaf, 0x90,
    0x0, 0x9, 0xfa, 0xdf, 0x40, 0x0, 0x4, 0xfd,
    0xef, 0x30, 0x0, 0x3, 0xfe, 0xdf, 0x40, 0x0,
    0x4, 0xfd, 0xaf, 0x90, 0x0, 0x9, 0xfa, 0x3f,
    0xf5, 0x0, 0x5f, 0xf3, 0x8, 0xff, 0xff, 0xff,
    0x80, 0x0, 0x5c, 0xff, 0xc5, 0x0,

    /* U+00F4 "ô" */
    0x0, 0x6, 0xff, 0x50, 0x0, 0x0, 0x1e, 0xcc,
    0xe1, 0x0, 0x0, 0x9e, 0x12, 0xe9, 0x0, 0x0,
    0x0, 0x0, 0x0, 0x0, 0x0, 0x5c, 0xff, 0xc5,
    0x0, 0x8, 0xff, 0xee, 0xff, 0x80, 0x4f, 0xf5,
    0x0, 0x5f, 0xf4, 0xaf, 0x90, 0x0, 0x9, 0xfa,
    0xdf, 0x40, 0x0, 0x4, 0xfd, 0xef, 0x30, 0x0,
    0x3, 0xfe, 0xdf, 0x40, 0x0, 0x4, 0xfd, 0xaf,
    0x90, 0x0, 0x9, 0xfa, 0x3f, 0xf5, 0x0, 0x5f,
    0xf3, 0x8, 0xff, 0xff, 0xff, 0x80, 0x0, 0x5c,
    0xff, 0xc5, 0x0,

    /* U+00F5 "õ" */
    0x0, 0x0, 0x0, 0x0, 0x0, 0x0, 0xbf, 0xff,
    0xfe, 0x10, 0x0, 0x34, 0x43, 0x30, 0x0, 0x0,
    0x0, 0x0, 0x0, 0x0, 0x0, 0x5c, 0xff, 0xc5,
    0x0, 0x8, 0xff, 0xee, 0xff, 0x80, 0x4f, 0xf5,
    0x0, 0x5f, 0xf4, 0xaf, 0x90, 0x0, 0x9, 0xfa,
    0xdf, 0x40, 0x0, 0x4, 0xfd, 0xef, 0x30, 0x0,
    0x3, 0xfe, 0xdf, 0x40, 0x0, 0x4, 0xfd, 0xaf,
    0x90, 0x0, 0x9, 0xfa, 0x3f, 0xf5, 0x0, 0x5f,
    0xf3, 0x8, 0xff, 0xff, 0xff, 0x80, 0x0, 0x5c,
    0xff, 0xc5, 0x0,

    /* U+00F6 "ö" */
    0x0, 0xff, 0x33, 0xff, 0x0, 0x0, 0xff, 0x33,
    0xff, 0x0, 0x0, 0x22, 0x0, 0x22, 0x0, 0x0,
    0x5c, 0xff, 0xc5, 0x0, 0x8, 0xff, 0xee, 0xff,
    0x80, 0x4f, 0xf5, 0x0, 0x5f, 0xf4, 0xaf, 0x90,
    0x0, 0x9, 0xfa, 0xdf, 0x40, 0x0, 0x4, 0xfd,
    0xef, 0x30, 0x0, 0x3, 0xfe, 0xdf, 0x40, 0x0,
    0x4, 0xfd, 0xaf, 0x90, 0x0, 0x9, 0xfa, 0x3f,
    0xf5, 0x0, 0x5f, 0xf3, 0x8, 0xff, 0xff, 0xff,
    0x80, 0x0, 0x5c, 0xff, 0xc5, 0x0,

    /* U+00F7 "÷" */
    0x0, 0x2, 0xee, 0x20, 0x0, 0x0, 0x6, 0xff,
    0x50, 0x0, 0x0, 0x0, 0xaa, 0x0, 0x0, 0x0,
    0x0, 0x0, 0x0, 0x0, 0x8d, 0xdd, 0xdd, 0xdd,
    0xd8, 0xbf, 0xff, 0xff, 0xff, 0xfb, 0x0, 0x0,
    0x0, 0x0, 0x0, 0x0, 0x0, 0xaa, 0x0, 0x0,
    0x0, 0x6, 0xff, 0x60, 0x0, 0x0, 0x2, 0xee,
    0x20, 0x0,

    /* U+00F8 "ø" */
    0x0, 0x5c, 0xff, 0xca, 0xf2, 0x8, 0xff, 0xee,
    0xff, 0xb0, 0x4f, 0xf5, 0x0, 0xdf, 0xf4, 0xaf,
    0x90, 0x7, 0xfb, 0xfa, 0xdf, 0x40, 0x2f, 0x74,
    0xfd, 0xef, 0x30, 0xcc, 0x3, 0xfe, 0xdf, 0x47,
    0xf2, 0x4, 0xfd, 0xaf, 0xbf, 0x70, 0x9, 0xfa,
    0x3f, 0xfd, 0x0, 0x5f, 0xf3, 0xb, 0xff, 0xff,
    0xff, 0x80, 0x2f, 0xac, 0xff, 0xc5, 0x0,

    /* U+00F9 "ù" */
    0x0, 0x5f, 0xc0, 0x0, 0x0, 0x0, 0xa, 0xf4,
    0x0, 0x0, 0x0, 0x1, 0xb7, 0x0, 0x0, 0x4f,
    0xb0, 0x0, 0xd, 0xf3, 0x4f, 0xb0, 0x0, 0xd,
    0xf3, 0x4f, 0xb0, 0x0, 0xd, 0xf3, 0x4f, 0xb0,
    0x0, 0xd, 0xf3, 0x4f, 0xb0, 0x0, 0xd, 0xf3,
    0x4f, 0xb0, 0x0, 0xd, 0xf3, 0x4f, 0xb0, 0x0,
    0xd, 0xf3, 0x4f, 0xd0, 0x0, 0xf, 0xf3, 0x1f,
    0xf4, 0x0, 0x9f, 0xf3, 0xa, 0xff, 0xde, 0xec,
    0xf3, 0x0, 0x9f, 0xfb, 0x2b, 0xf3,

    /* U+00FA "ú" */
    0x0, 0x0, 0xe, 0xf2, 0x0, 0x0, 0x0, 0x7f,
    0x70, 0x0, 0x0, 0x0, 0x9a, 0x0, 0x0, 0x4f,
    0xb0, 0x0, 0xd, 0xf3, 0x4f, 0xb0, 0x0, 0xd,
    0xf3, 0x4f, 0xb0, 0x0, 0xd, 0xf3, 0x4f, 0xb0,
    0x0, 0xd, 0xf3, 0x4f, 0xb0, 0x0, 0xd, 0xf3,
    0x4f, 0xb0, 0x0, 0xd, 0xf3, 0x4f, 0xb0, 0x0,
    0xd, 0xf3, 0x4f, 0xd0, 0x0, 0xf, 0xf3, 0x1f,
    0xf4, 0x0, 0x9f, 0xf3, 0xa, 0xff, 0xde, 0xec,
    0xf3, 0x0, 0x9f, 0xfb, 0x2b, 0xf3,

    /* U+00FB "û" */
    0x0, 0x8, 0xff, 0x30, 0x0, 0x0, 0x3f, 0xad,
    0xd0, 0x0, 0x0, 0xab, 0x2, 0xc6, 0x0, 0x0,
    0x0, 0x0, 0x0, 0x0, 0x4f, 0xb0, 0x0, 0xd,
    0xf3, 0x4f, 0xb0, 0x0, 0xd, 0xf3, 0x4f, 0xb0,
    0x0, 0xd, 0xf3, 0x4f, 0xb0, 0x0, 0xd, 0xf3,
    0x4f, 0xb0, 0x0, 0xd, 0xf3, 0x4f, 0xb0, 0x0,
    0xd, 0xf3, 0x4f, 0xb0, 0x0, 0xd, 0xf3, 0x4f,
    0xd0, 0x0, 0xf, 0xf3, 0x1f, 0xf4, 0x0, 0x9f,
    0xf3, 0xa, 0xff, 0xde, 0xec, 0xf3, 0x0, 0x9f,
    0xfb, 0x2b, 0xf3,

    /* U+00FC "ü" */
    0x1, 0xff, 0x14, 0xfd, 0x0, 0x1, 0xff, 0x14,
    0xfd, 0x0, 0x0, 0x22, 0x0, 0x22, 0x0, 0x4f,
    0xb0, 0x0, 0xd, 0xf3, 0x4f, 0xb0, 0x0, 0xd,
    0xf3, 0x4f, 0xb0, 0x0, 0xd, 0xf3, 0x4f, 0xb0,
    0x0, 0xd, 0xf3, 0x4f, 0xb0, 0x0, 0xd, 0xf3,
    0x4f, 0xb0, 0x0, 0xd, 0xf3, 0x4f, 0xb0, 0x0,
    0xd, 0xf3, 0x4f, 0xd0, 0x0, 0xf, 0xf3, 0x1f,
    0xf4, 0x0, 0x9f, 0xf3, 0xa, 0xff, 0xde, 0xec,
    0xf3, 0x0, 0x9f, 0xfb, 0x2b, 0xf3,

    /* U+00FD "ý" */
    0x0, 0x0, 0x0, 0xdf, 0x50, 0x0, 0x0, 0x0,
    0x4, 0xfa, 0x0, 0x0, 0x0, 0x0, 0x7, 0xa1,
    0x0, 0x0, 0xe, 0xf3, 0x0, 0x0, 0x3f, 0xe0,
    0x8, 0xf9, 0x0, 0x0, 0x8f, 0x80, 0x3, 0xfe,
    0x0, 0x0, 0xdf, 0x30, 0x0, 0xdf, 0x40, 0x2,
    0xfd, 0x0, 0x0, 0x7f, 0x90, 0x7, 0xf8, 0x0,
    0x0, 0x2f, 0xe0, 0xd, 0xf2, 0x0, 0x0, 0xc,
    0xf4, 0x2f, 0xd0, 0x0, 0x0, 0x7, 0xf9, 0x7f,
    0x70, 0x0, 0x0, 0x1, 0xfe, 0xcf, 0x10, 0x0,
    0x0, 0x0, 0xbf, 0xfc, 0x0, 0x0, 0x0, 0x0,
    0x6f, 0xf6, 0x0, 0x0, 0x0, 0x0, 0xc, 0xf1,
    0x0, 0x0, 0x0, 0x4b, 0xdf, 0xb0, 0x0, 0x0,
    0x0, 0x6f, 0xfb, 0x10, 0x0, 0x0,

    /* U+00FE "þ" */
    0x8f, 0x80, 0x0, 0x0, 0x0, 0x8, 0xf8, 0x0,
    0x0, 0x0, 0x0, 0x8f, 0x80, 0x0, 0x0, 0x0,
    0x8, 0xf8, 0x5d, 0xfe, 0xa1, 0x0, 0x8f, 0xdf,
    0xed, 0xff, 0xd0, 0x8, 0xff, 0x70, 0x2, 0xef,
    0x80, 0x8f, 0xc0, 0x0, 0x5, 0xfd, 0x8, 0xf7,
    0x0, 0x0, 0x1f, 0xf0, 0x8f, 0x50, 0x0, 0x0,
    0xff, 0x18, 0xf7, 0x0, 0x0, 0x1f, 0xf0, 0x8f,
    0xc0, 0x0, 0x6, 0xfd, 0x8, 0xff, 0x80, 0x3,
    0xef, 0x80, 0x8f, 0xdf, 0xfe, 0xff, 0xd0, 0x8,
    0xf8, 0x5d, 0xfe, 0xa1, 0x0, 0x8f, 0x80, 0x0,
    0x0, 0x0, 0x8, 0xf8, 0x0, 0x0, 0x0, 0x0,
    0x8f, 0x80, 0x0, 0x0, 0x0, 0x0,

    /* U+00FF "ÿ" */
    0x0, 0xe, 0xf3, 0x2f, 0xf0, 0x0, 0x0, 0xe,
    0xf3, 0x2f, 0xf0, 0x0, 0x0, 0x2, 0x20, 0x2,
    0x20, 0x0, 0xe, 0xf3, 0x0, 0x0, 0x3f, 0xe0,
    0x8, 0xf9, 0x0, 0x0, 0x8f, 0x80, 0x3, 0xfe,
    0x0, 0x0, 0xdf, 0x30, 0x0, 0xdf, 0x40, 0x2,
    0xfd, 0x0, 0x0, 0x7f, 0x90, 0x7, 0xf8, 0x0,
    0x0, 0x2f, 0xe0, 0xd, 0xf2, 0x0, 0x0, 0xc,
    0xf4, 0x2f, 0xd0, 0x0, 0x0, 0x7, 0xf9, 0x7f,
    0x70, 0x0, 0x0, 0x1, 0xfe, 0xcf, 0x10, 0x0,
    0x0, 0x0, 0xbf, 0xfc, 0x0, 0x0, 0x0, 0x0,
    0x6f, 0xf6, 0x0, 0x0, 0x0, 0x0, 0xc, 0xf1,
    0x0, 0x0, 0x0, 0x4b, 0xdf, 0xb0, 0x0, 0x0,
    0x0, 0x6f, 0xfb, 0x10, 0x0, 0x0,

    /* U+0100 "Ā" */
    0x0, 0x7, 0xaa, 0xaa, 0x70, 0x0, 0x0, 0xc,
    0xff, 0xff, 0xb0, 0x0, 0x0, 0x0, 0x0, 0x0,
    0x0, 0x0, 0x0, 0x0, 0x0, 0x0, 0x0, 0x0,
    0x0, 0x0, 0x8f, 0xf8, 0x0, 0x0, 0x0, 0x0,
    0xcf, 0xfc, 0x0, 0x0, 0x0, 0x1, 0xfe, 0xef,
    0x10, 0x0, 0x0, 0x6, 0xf9, 0x9f, 0x60, 0x0,
    0x0, 0xb, 0xf5, 0x5f, 0xb0, 0x0, 0x0, 0xf,
    0xf0, 0xf, 0xf0, 0x0, 0x0, 0x4f, 0xc0, 0xc,
    0xf4, 0x0, 0x0, 0x9f, 0x70, 0x7, 0xf9, 0x0,
    0x0, 0xef, 0xff, 0xff, 0xfe, 0x0, 0x2, 0xff,
    0xff, 0xff, 0xff, 0x20, 0x7, 0xfa, 0x0, 0x0,
    0xaf, 0x70, 0xc, 0xf5, 0x0, 0x0, 0x5f, 0xc0,
    0x1f, 0xf1, 0x0, 0x0, 0x1f, 0xf1, 0x5f, 0xc0,
    0x0, 0x0, 0xc, 0xf5,

    /* U+0101 "ā" */
    0x1, 0xff, 0xff, 0xf6, 0x0, 0x0, 0xa, 0xaa,
    0xaa, 0x40, 0x0, 0x0, 0x0, 0x0, 0x0, 0x0,
    0x0, 0x8, 0xef, 0xea, 0x20, 0x0, 0xd, 0xff,
    0xdf, 0xfe, 0x10, 0x7, 0xfc, 0x10, 0xb, 0xf8,
    0x0, 0x57, 0x20, 0x0, 0x4f, 0xc0, 0x0, 0x0,
    0x14, 0x8c, 0xfd, 0x0, 0x6, 0xdf, 0xff, 0xef,
    0xd0, 0x8, 0xfe, 0x74, 0x13, 0xfd, 0x0, 0xef,
    0x30, 0x0, 0x5f, 0xd0, 0xf, 0xf4, 0x0, 0x1d,
    0xfd, 0x0, 0x9f, 0xfb, 0xbf, 0xcf, 0xff, 0x0,
    0x7d, 0xfe, 0x80, 0x6e, 0xe0,

    /* U+0102 "Ă" */
    0x0, 0x6, 0x40, 0x3, 0x60, 0x0, 0x0, 0xa,
    0xd3, 0x2d, 0xa0, 0x0, 0x0, 0x2, 0xdf, 0xfd,
    0x20, 0x0, 0x0, 0x0, 0x3, 0x30, 0x0, 0x0,
    0x0, 0x0, 0x0, 0x0, 0x0, 0x0, 0x0, 0x0,
    0x8f, 0xf8, 0x0, 0x0, 0x0, 0x0, 0xcf, 0xfc,
    0x0, 0x0, 0x0, 0x1, 0xfe, 0xef, 0x10, 0x0,
    0x0, 0x6, 0xf9, 0x9f, 0x60, 0x0, 0x0, 0xb,
    0xf5, 0x5f, 0xb0, 0x0, 0x0, 0xf, 0xf0, 0xf,
    0xf0, 0x0, 0x0, 0x4f, 0xc0, 0xc, 0xf4, 0x0,
    0x0, 0x9f, 0x70, 0x7, 0xf9, 0x0, 0x0, 0xef,
    0xff, 0xff, 0xfe, 0x0, 0x2, 0xff, 0xff, 0xff,
    0xff, 0x20, 0x7, 0xfa, 0x0, 0x0, 0xaf, 0x70,
    0xc, 0xf5, 0x0, 0x0, 0x5f, 0xc0, 0x1f, 0xf1,
    0x0, 0x0, 0x1f, 0xf1, 0x5f, 0xc0, 0x0, 0x0,
    0xc, 0xf5,

    /* U+0103 "ă" */
    0x0, 0x0, 0x11, 0x0, 0x0, 0x0, 0xd, 0xff,
    0xff, 0x40, 0x0, 0x0, 0x2, 0x43, 0x0, 0x0,
    0x0, 0x0, 0x0, 0x0, 0x0, 0x0, 0x0, 0x7d,
    0xfe, 0xa2, 0x0, 0x0, 0x9f, 0xfd, 0xff, 0xe1,
    0x0, 0x3f, 0xf2, 0x1, 0xdf, 0x80, 0x9, 0xf8,
    0x0, 0x6, 0xfc, 0x0, 0x45, 0x20, 0x0, 0x3f,
    0xd0, 0x0, 0x2, 0x69, 0xbe, 0xfd, 0x0, 0x2c,
    0xfe, 0xb8, 0x8f, 0xd0, 0xc, 0xf6, 0x0, 0x4,
    0xfd, 0x0, 0xff, 0x30, 0x0, 0xbf, 0xd0, 0xa,
    0xff, 0xbb, 0xfc, 0xff, 0xf0, 0x8, 0xef, 0xe9,
    0x16, 0xee, 0x0,

    /* U+0104 "Ą" */
    0x0, 0x0, 0x8f, 0xf8, 0x0, 0x0, 0x0, 0x0,
    0xc, 0xff, 0xc0, 0x0, 0x0, 0x0, 0x1, 0xfe,
    0xef, 0x10, 0x0, 0x0, 0x0, 0x6f, 0x99, 0xf6,
    0x0, 0x0, 0x0, 0xb, 0xf5, 0x5f, 0xb0, 0x0,
    0x0, 0x0, 0xff, 0x0, 0xff, 0x0, 0x0, 0x0,
    0x4f, 0xc0, 0xc, 0xf4, 0x0, 0x0, 0x9, 0xf7,
    0x0, 0x7f, 0x90, 0x0, 0x0, 0xef, 0xff, 0xff,
    0xfe, 0x0, 0x0, 0x2f, 0xff, 0xff, 0xff, 0xf2,
    0x0, 0x7, 0xfa, 0x0, 0x0, 0xaf, 0x70, 0x0,
    0xcf, 0x50, 0x0, 0x5, 0xfc, 0x0, 0x1f, 0xf1,
    0x0, 0x0, 0x1f, 0xf1, 0x5, 0xfc, 0x0, 0x0,
    0x0, 0xcf, 0x60, 0x0, 0x0, 0x0, 0x0, 0x9,
    0xf3, 0x0, 0x0, 0x0, 0x0, 0x3, 0xf8, 0x0,
    0x0, 0x0, 0x0, 0x0, 0x8f, 0x41, 0x0, 0x0,
    0x0, 0x0, 0x6, 0xff, 0xf0, 0x0, 0x0, 0x0,
    0x0, 0x5, 0x85, 0x0,

    /* U+0105 "ą" */
    0x0, 0x8e, 0xfe, 0xa2, 0x0, 0x0, 0xdf, 0xfd,
    0xff, 0xe1, 0x0, 0x7f, 0xc1, 0x0, 0xbf, 0x80,
    0x5, 0x72, 0x0, 0x4, 0xfc, 0x0, 0x0, 0x1,
    0x48, 0xcf, 0xd0, 0x0, 0x6d, 0xff, 0xfe, 0xfd,
    0x0, 0x8f, 0xe7, 0x41, 0x3f, 0xd0, 0xe, 0xf3,
    0x0, 0x5, 0xfd, 0x0, 0xff, 0x40, 0x1, 0xdf,
    0xd0, 0x9, 0xff, 0xbb, 0xfc, 0xff, 0xf0, 0x7,
    0xdf, 0xe8, 0x6, 0xff, 0x0, 0x0, 0x0, 0x0,
    0x5f, 0x70, 0x0, 0x0, 0x0, 0xd, 0xd0, 0x0,
    0x0, 0x0, 0x0, 0xfe, 0x84, 0x0, 0x0, 0x0,
    0x7, 0xff, 0x70,

    /* U+0106 "Ć" */
    0x0, 0x0, 0x0, 0x8b, 0x40, 0x0, 0x0, 0x0,
    0x2, 0xfd, 0x0, 0x0, 0x0, 0x0, 0x9, 0xf3,
    0x0, 0x0, 0x0, 0x0, 0x0, 0x0, 0x0, 0x0,
    0x0, 0x0, 0x0, 0x0, 0x0, 0x0, 0x0, 0x5,
    0xcf, 0xfc, 0x50, 0x0, 0x0, 0x8f, 0xff, 0xff,
    0xf8, 0x0, 0x4, 0xff, 0x70, 0x7, 0xff, 0x40,
    0xb, 0xf9, 0x0, 0x0, 0x9f, 0xb0, 0xf, 0xf3,
    0x0, 0x0, 0x2b, 0xa0, 0x3f, 0xf0, 0x0, 0x0,
    0x0, 0x0, 0x4f, 0xe0, 0x0, 0x0, 0x0, 0x0,
    0x4f, 0xe0, 0x0, 0x0, 0x0, 0x0, 0x3f, 0xf0,
    0x0, 0x0, 0x0, 0x0, 0xf, 0xf3, 0x0, 0x0,
    0x2f, 0xf1, 0xb, 0xf9, 0x0, 0x0, 0x8f, 0xc0,
    0x4, 0xff, 0x70, 0x6, 0xff, 0x50, 0x0, 0x8f,
    0xff, 0xff, 0xf9, 0x0, 0x0, 0x5, 0xcf, 0xfc,
    0x60, 0x0,

    /* U+0107 "ć" */
    0x0, 0x0, 0x9, 0xf8, 0x0, 0x0, 0x0, 0x2f,
    0xd0, 0x0, 0x0, 0x0, 0x5b, 0x30, 0x0, 0x0,
    0x3b, 0xff, 0xd7, 0x0, 0x5, 0xff, 0xfe, 0xff,
    0xb0, 0x1f, 0xf8, 0x0, 0x3e, 0xf6, 0x7f, 0xc0,
    0x0, 0x5, 0xea, 0xaf, 0x70, 0x0, 0x0, 0x0,
    0xbf, 0x60, 0x0, 0x0, 0x0, 0xaf, 0x70, 0x0,
    0x0, 0x0, 0x7f, 0xc0, 0x0, 0x5, 0xfc, 0x1f,
    0xf8, 0x0, 0x3e, 0xf6, 0x5, 0xff, 0xfe, 0xff,
    0xa0, 0x0, 0x3b, 0xff, 0xd6, 0x0,

    /* U+0108 "Ĉ" */
    0x0, 0x0, 0x5f, 0xf6, 0x0, 0x0, 0x0, 0x0,
    0xed, 0xce, 0x10, 0x0, 0x0, 0x9, 0xf2, 0x1e,
    0xa0, 0x0, 0x0, 0x0, 0x0, 0x0, 0x0, 0x0,
    0x0, 0x0, 0x0, 0x0, 0x0, 0x0, 0x0, 0x5,
    0xcf, 0xfc, 0x50, 0x0, 0x0, 0x8f, 0xff, 0xff,
    0xf8, 0x0, 0x4, 0xff, 0x70, 0x7, 0xff, 0x40,
    0xb, 0xf9, 0x0, 0x0, 0x9f, 0xb0, 0xf, 0xf3,
    0x0, 0x0, 0x2b, 0xa0, 0x3f, 0xf0, 0x0, 0x0,
    0x0, 0x0, 0x4f, 0xe0, 0x0, 0x0, 0x0, 0x0,
    0x4f, 0xe0, 0x0, 0x0, 0x0, 0x0, 0x3f, 0xf0,
    0x0, 0x0, 0x0, 0x0, 0xf, 0xf3, 0x0, 0x0,
    0x2f, 0xf1, 0xb, 0xf9, 0x0, 0x0, 0x8f, 0xc0,
    0x4, 0xff, 0x70, 0x6, 0xff, 0x50, 0x0, 0x8f,
    0xff, 0xff, 0xf9, 0x0, 0x0, 0x5, 0xcf, 0xfc,
    0x60, 0x0,

    /* U+0109 "ĉ" */
    0x0, 0x2, 0xff, 0x90, 0x0, 0x0, 0xc, 0xea,
    0xf3, 0x0, 0x0, 0x6f, 0x40, 0xcc, 0x0, 0x0,
    0x0, 0x0, 0x0, 0x0, 0x0, 0x3b, 0xff, 0xd7,
    0x0, 0x5, 0xff, 0xfe, 0xff, 0xb0, 0x1f, 0xf8,
    0x0, 0x3e, 0xf6, 0x7f, 0xc0, 0x0, 0x5, 0xea,
    0xaf, 0x70, 0x0, 0x0, 0x0, 0xbf, 0x60, 0x0,
    0x0, 0x0, 0xaf, 0x70, 0x0, 0x0, 0x0, 0x7f,
    0xc0, 0x0, 0x5, 0xfc, 0x1f, 0xf8, 0x0, 0x3e,
    0xf6, 0x5, 0xff, 0xfe, 0xff, 0xa0, 0x0, 0x3b,
    0xff, 0xd6, 0x0,

    /* U+010A "Ċ" */
    0x0, 0x0, 0x2, 0x20, 0x0, 0x0, 0x0, 0x0,
    0xf, 0xf1, 0x0, 0x0, 0x0, 0x0, 0xf, 0xf1,
    0x0, 0x0, 0x0, 0x0, 0x0, 0x0, 0x0, 0x0,
    0x0, 0x0, 0x0, 0x0, 0x0, 0x0, 0x0, 0x5,
    0xcf, 0xfc, 0x50, 0x0, 0x0, 0x8f, 0xff, 0xff,
    0xf8, 0x0, 0x4, 0xff, 0x70, 0x7, 0xff, 0x40,
    0xb, 0xf9, 0x0, 0x0, 0x9f, 0xb0, 0xf, 0xf3,
    0x0, 0x0, 0x2b, 0xa0, 0x3f, 0xf0, 0x0, 0x0,
    0x0, 0x0, 0x4f, 0xe0, 0x0, 0x0, 0x0, 0x0,
    0x4f, 0xe0, 0x0, 0x0, 0x0, 0x0, 0x3f, 0xf0,
    0x0, 0x0, 0x0, 0x0, 0xf, 0xf3, 0x0, 0x0,
    0x2f, 0xf1, 0xb, 0xf9, 0x0, 0x0, 0x8f, 0xc0,
    0x4, 0xff, 0x70, 0x6, 0xff, 0x50, 0x0, 0x8f,
    0xff, 0xff, 0xf9, 0x0, 0x0, 0x5, 0xcf, 0xfc,
    0x60, 0x0,

    /* U+010B "ċ" */
    0x0, 0x0, 0xdf, 0x40, 0x0, 0x0, 0x0, 0xdf,
    0x40, 0x0, 0x0, 0x0, 0x12, 0x0, 0x0, 0x0,
    0x3b, 0xff, 0xd7, 0x0, 0x5, 0xff, 0xfe, 0xff,
    0xb0, 0x1f, 0xf8, 0x0, 0x3e, 0xf6, 0x7f, 0xc0,
    0x0, 0x5, 0xea, 0xaf, 0x70, 0x0, 0x0, 0x0,
    0xbf, 0x60, 0x0, 0x0, 0x0, 0xaf, 0x70, 0x0,
    0x0, 0x0, 0x7f, 0xc0, 0x0, 0x5, 0xfc, 0x1f,
    0xf8, 0x0, 0x3e, 0xf6, 0x5, 0xff, 0xfe, 0xff,
    0xa0, 0x0, 0x3b, 0xff, 0xd6, 0x0,

    /* U+010C "Č" */
    0x0, 0x8, 0xb0, 0xa, 0x90, 0x0, 0x0, 0x3,
    0xf7, 0x5f, 0x40, 0x0, 0x0, 0x0, 0xaf, 0xec,
    0x0, 0x0, 0x0, 0x0, 0x2c, 0xc3, 0x0, 0x0,
    0x0, 0x0, 0x0, 0x0, 0x0, 0x0, 0x0, 0x5,
    0xcf, 0xfd, 0x70, 0x0, 0x0, 0x8f, 0xff, 0xff,
    0xfb, 0x0, 0x4, 0xff, 0x70, 0x5, 0xef, 0x80,
    0xb, 0xf9, 0x0, 0x0, 0x5f, 0xe0, 0xf, 0xf3,
    0x0, 0x0, 0x0, 0x0, 0x3f, 0xf0, 0x0, 0x0,
    0x0, 0x0, 0x4f, 0xe0, 0x0, 0x0, 0x0, 0x0,
    0x4f, 0xe0, 0x0, 0x0, 0x0, 0x0, 0x3f, 0xf0,
    0x0, 0x0, 0x4, 0x40, 0xf, 0xf3, 0x0, 0x0,
    0x3f, 0xf0, 0xb, 0xf9, 0x0, 0x0, 0x9f, 0xb0,
    0x4, 0xff, 0x70, 0x7, 0xff, 0x40, 0x0, 0x8f,
    0xff, 0xff, 0xf8, 0x0, 0x0, 0x5, 0xcf, 0xfc,
    0x50, 0x0,

    /* U+010D "č" */
    0x0, 0x5f, 0x40, 0xcd, 0x0, 0x0, 0xb, 0xe9,
    0xf3, 0x0, 0x0, 0x1, 0xee, 0x80, 0x0, 0x0,
    0x0, 0x0, 0x0, 0x0, 0x0, 0x3b, 0xff, 0xd7,
    0x0, 0x5, 0xff, 0xfe, 0xff, 0xc0, 0x1f, 0xf8,
    0x0, 0x2e, 0xf6, 0x7f, 0xc0, 0x0, 0x5, 0xd9,
    0xaf, 0x70, 0x0, 0x0, 0x0, 0xbf, 0x60, 0x0,
    0x0, 0x0, 0xaf, 0x70, 0x0, 0x0, 0x10, 0x7f,
    0xc0, 0x0, 0x5, 0xfb, 0x1f, 0xf8, 0x0, 0x3e,
    0xf6, 0x5, 0xff, 0xfe, 0xff, 0xa0, 0x0, 0x3b,
    0xff, 0xd6, 0x0,

    /* U+010E "Ď" */
    0x0, 0x66, 0x0, 0x66, 0x0, 0x0, 0x4, 0xf7,
    0x7f, 0x40, 0x0, 0x0, 0xa, 0xff, 0xa0, 0x0,
    0x0, 0x0, 0x18, 0x81, 0x0, 0x0, 0x0, 0x0,
    0x0, 0x0, 0x0, 0x5, 0xff, 0xff, 0xd9, 0x20,
    0x0, 0x5f, 0xff, 0xff, 0xff, 0x50, 0x5, 0xfc,
    0x0, 0x3c, 0xff, 0x20, 0x5f, 0xc0, 0x0, 0xc,
    0xfa, 0x5, 0xfc, 0x0, 0x0, 0x4f, 0xf0, 0x5f,
    0xc0, 0x0, 0x0, 0xff, 0x25, 0xfc, 0x0, 0x0,
    0xe, 0xf4, 0x5f, 0xc0, 0x0, 0x0, 0xef, 0x45,
    0xfc, 0x0, 0x0, 0xf, 0xf2, 0x5f, 0xc0, 0x0,
    0x4, 0xff, 0x5, 0xfc, 0x0, 0x0, 0xcf, 0xa0,
    0x5f, 0xc0, 0x3, 0xbf, 0xf2, 0x5, 0xff, 0xff,
    0xff, 0xf5, 0x0, 0x5f, 0xff, 0xfd, 0x92, 0x0,
    0x0,

    /* U+010F "ď" */
    0x0, 0x0, 0x0, 0xf, 0xf1, 0xfe, 0x0, 0x0,
    0x0, 0xf, 0xf2, 0xfb, 0x0, 0x0, 0x0, 0xf,
    0xf3, 0xf8, 0x0, 0x8e, 0xfb, 0x1f, 0xf5, 0xf4,
    0xa, 0xff, 0xff, 0xcf, 0xf7, 0xf1, 0x2f, 0xfa,
    0x47, 0xff, 0xf2, 0x30, 0x7f, 0xd0, 0x0, 0x6f,
    0xf1, 0x0, 0xaf, 0x80, 0x0, 0x1f, 0xf1, 0x0,
    0xaf, 0x70, 0x0, 0xf, 0xf1, 0x0, 0xaf, 0x70,
    0x0, 0xf, 0xf1, 0x0, 0x7f, 0xb0, 0x0, 0x4f,
    0xf1, 0x0, 0x2f, 0xf5, 0x1, 0xdf, 0xf1, 0x0,
    0x9, 0xff, 0xef, 0xde, 0xf1, 0x0, 0x0, 0x8e,
    0xfb, 0x2d, 0xf1, 0x0,

    /* U+0110 "Đ" */
    0x5, 0xff, 0xff, 0xd9, 0x20, 0x0, 0x5, 0xff,
    0xff, 0xff, 0xf5, 0x0, 0x5, 0xfc, 0x0, 0x3c,
    0xff, 0x20, 0x5, 0xfc, 0x0, 0x0, 0xcf, 0xa0,
    0x5, 0xfc, 0x0, 0x0, 0x4f, 0xf0, 0x5, 0xfc,
    0x0, 0x0, 0xf, 0xf2, 0xbf, 0xff, 0xff, 0xe0,
    0xe, 0xf4, 0x9e, 0xff, 0xdd, 0xb0, 0xe, 0xf4,
    0x5, 0xfc, 0x0, 0x0, 0xf, 0xf2, 0x5, 0xfc,
    0x0, 0x0, 0x4f, 0xf0, 0x5, 0xfc, 0x0, 0x0,
    0xcf, 0xa0, 0x5, 0xfc, 0x0, 0x3b, 0xff, 0x20,
    0x5, 0xff, 0xff, 0xff, 0xf5, 0x0, 0x5, 0xff,
    0xff, 0xd9, 0x20, 0x0,

    /* U+0111 "đ" */
    0x0, 0x0, 0x4, 0x88, 0xdf, 0xb5, 0x0, 0x0,
    0x9, 0xff, 0xff, 0xfa, 0x0, 0x0, 0x0, 0x0,
    0xaf, 0x50, 0x0, 0x2b, 0xff, 0xc3, 0xaf, 0x50,
    0x2, 0xff, 0xfe, 0xff, 0xdf, 0x50, 0xb, 0xfc,
    0x10, 0x1b, 0xff, 0x50, 0xf, 0xf3, 0x0, 0x1,
    0xff, 0x50, 0x3f, 0xe0, 0x0, 0x0, 0xbf, 0x50,
    0x4f, 0xd0, 0x0, 0x0, 0xaf, 0x50, 0x3f, 0xe0,
    0x0, 0x0, 0xcf, 0x50, 0xf, 0xf3, 0x0, 0x1,
    0xff, 0x50, 0xb, 0xfd, 0x10, 0x1b, 0xff, 0x50,
    0x2, 0xef, 0xfe, 0xff, 0xcf, 0x50, 0x0, 0x2a,
    0xff, 0xc3, 0x8f, 0x50,

    /* U+0112 "Ē" */
    0x0, 0x4a, 0xaa, 0xaa, 0x0, 0x0, 0x7f, 0xff,
    0xff, 0x0, 0x0, 0x0, 0x0, 0x0, 0x0, 0x0,
    0x0, 0x0, 0x0, 0x0, 0x3f, 0xff, 0xff, 0xff,
    0xf7, 0x3f, 0xff, 0xff, 0xff, 0xf7, 0x3f, 0xd0,
    0x0, 0x0, 0x0, 0x3f, 0xd0, 0x0, 0x0, 0x0,
    0x3f, 0xd0, 0x0, 0x0, 0x0, 0x3f, 0xd0, 0x0,
    0x0, 0x0, 0x3f, 0xff, 0xff, 0xff, 0xf3, 0x3f,
    0xff, 0xff, 0xff, 0xf3, 0x3f, 0xd0, 0x0, 0x0,
    0x0, 0x3f, 0xd0, 0x0, 0x0, 0x0, 0x3f, 0xd0,
    0x0, 0x0, 0x0, 0x3f, 0xd0, 0x0, 0x0, 0x0,
    0x3f, 0xff, 0xff, 0xff, 0xfa, 0x3f, 0xff, 0xff,
    0xff, 0xfa,

    /* U+0113 "ē" */
    0x0, 0xbf, 0xff, 0xfc, 0x0, 0x0, 0x7a, 0xaa,
    0xa8, 0x0, 0x0, 0x0, 0x0, 0x0, 0x0, 0x0,
    0x4c, 0xff, 0xc5, 0x0, 0x7, 0xff, 0xee, 0xff,
    0x80, 0x2f, 0xf5, 0x0, 0x4f, 0xf3, 0x9f, 0x80,
    0x0, 0x8, 0xf9, 0xcf, 0xba, 0xaa, 0xac, 0xfc,
    0xdf, 0xff, 0xff, 0xff, 0xfd, 0xcf, 0x50, 0x0,
    0x0, 0x0, 0x9f, 0x90, 0x0, 0x3, 0x73, 0x2f,
    0xf6, 0x0, 0x3e, 0xf4, 0x7, 0xff, 0xfe, 0xff,
    0x80, 0x0, 0x4c, 0xff, 0xc6, 0x0,

    /* U+0116 "Ė" */
    0x0, 0x0, 0xbf, 0x50, 0x0, 0x0, 0x0, 0xbf,
    0x50, 0x0, 0x0, 0x0, 0x12, 0x0, 0x0, 0x0,
    0x0, 0x0, 0x0, 0x0, 0x3f, 0xff, 0xff, 0xff,
    0xf7, 0x3f, 0xff, 0xff, 0xff, 0xf7, 0x3f, 0xd0,
    0x0, 0x0, 0x0, 0x3f, 0xd0, 0x0, 0x0, 0x0,
    0x3f, 0xd0, 0x0, 0x0, 0x0, 0x3f, 0xd0, 0x0,
    0x0, 0x0, 0x3f, 0xff, 0xff, 0xff, 0xf3, 0x3f,
    0xff, 0xff, 0xff, 0xf3, 0x3f, 0xd0, 0x0, 0x0,
    0x0, 0x3f, 0xd0, 0x0, 0x0, 0x0, 0x3f, 0xd0,
    0x0, 0x0, 0x0, 0x3f, 0xd0, 0x0, 0x0, 0x0,
    0x3f, 0xff, 0xff, 0xff, 0xfa, 0x3f, 0xff, 0xff,
    0xff, 0xfa,

    /* U+0117 "ė" */
    0x0, 0x0, 0xff, 0x10, 0x0, 0x0, 0x0, 0xff,
    0x10, 0x0, 0x0, 0x0, 0x22, 0x0, 0x0, 0x0,
    0x4c, 0xff, 0xc5, 0x0, 0x7, 0xff, 0xee, 0xff,
    0x80, 0x2f, 0xf5, 0x0, 0x4f, 0xf3, 0x9f, 0x80,
    0x0, 0x8, 0xf9, 0xcf, 0xba, 0xaa, 0xac, 0xfc,
    0xdf, 0xff, 0xff, 0xff, 0xfd, 0xcf, 0x50, 0x0,
    0x0, 0x0, 0x9f, 0x90, 0x0, 0x3, 0x73, 0x2f,
    0xf6, 0x0, 0x3e, 0xf4, 0x7, 0xff, 0xfe, 0xff,
    0x80, 0x0, 0x4c, 0xff, 0xc6, 0x0,

    /* U+0118 "Ę" */
    0x3f, 0xff, 0xff, 0xff, 0xf7, 0x3, 0xff, 0xff,
    0xff, 0xff, 0x70, 0x3f, 0xd0, 0x0, 0x0, 0x0,
    0x3, 0xfd, 0x0, 0x0, 0x0, 0x0, 0x3f, 0xd0,
    0x0, 0x0, 0x0, 0x3, 0xfd, 0x0, 0x0, 0x0,
    0x0, 0x3f, 0xff, 0xff, 0xff, 0xf3, 0x3, 0xff,
    0xff, 0xff, 0xff, 0x30, 0x3f, 0xd0, 0x0, 0x0,
    0x0, 0x3, 0xfd, 0x0, 0x0, 0x0, 0x0, 0x3f,
    0xd0, 0x0, 0x0, 0x0, 0x3, 0xfd, 0x0, 0x0,
    0x0, 0x0, 0x3f, 0xff, 0xff, 0xff, 0xfa, 0x3,
    0xff, 0xff, 0xff, 0xff, 0xa0, 0x0, 0x0, 0x0,
    0x7, 0xf4, 0x0, 0x0, 0x0, 0x2, 0xfa, 0x0,
    0x0, 0x0, 0x0, 0x6f, 0x61, 0x0, 0x0, 0x0,
    0x4, 0xff, 0xf2, 0x0, 0x0, 0x0, 0x4, 0x75,
    0x0,

    /* U+0119 "ę" */
    0x0, 0x4c, 0xff, 0xc5, 0x0, 0x7, 0xff, 0xee,
    0xff, 0x80, 0x2f, 0xf5, 0x0, 0x4f, 0xf3, 0x9f,
    0x80, 0x0, 0x8, 0xf9, 0xcf, 0xba, 0xaa, 0xac,
    0xfc, 0xdf, 0xff, 0xff, 0xff, 0xfd, 0xcf, 0x50,
    0x0, 0x0, 0x0, 0x9f, 0x90, 0x0, 0x3, 0x73,
    0x2f, 0xf6, 0x0, 0x3e, 0xf4, 0x7, 0xff, 0xfe,
    0xff, 0x80, 0x0, 0x4c, 0xff, 0xf8, 0x0, 0x0,
    0x0, 0x1e, 0xb0, 0x0, 0x0, 0x0, 0x5f, 0x71,
    0x0, 0x0, 0x0, 0x4f, 0xff, 0x20, 0x0, 0x0,
    0x4, 0x75, 0x0,

    /* U+011A "Ě" */
    0x0, 0x38, 0x10, 0x47, 0x0, 0x0, 0x1e, 0xb2,
    0xf9, 0x0, 0x0, 0x5, 0xff, 0xe1, 0x0, 0x0,
    0x0, 0x78, 0x40, 0x0, 0x0, 0x0, 0x0, 0x0,
    0x0, 0x3f, 0xff, 0xff, 0xff, 0xf7, 0x3f, 0xff,
    0xff, 0xff, 0xf7, 0x3f, 0xd0, 0x0, 0x0, 0x0,
    0x3f, 0xd0, 0x0, 0x0, 0x0, 0x3f, 0xd0, 0x0,
    0x0, 0x0, 0x3f, 0xd0, 0x0, 0x0, 0x0, 0x3f,
    0xff, 0xff, 0xff, 0xf3, 0x3f, 0xff, 0xff, 0xff,
    0xf3, 0x3f, 0xd0, 0x0, 0x0, 0x0, 0x3f, 0xd0,
    0x0, 0x0, 0x0, 0x3f, 0xd0, 0x0, 0x0, 0x0,
    0x3f, 0xd0, 0x0, 0x0, 0x0, 0x3f, 0xff, 0xff,
    0xff, 0xfa, 0x3f, 0xff, 0xff, 0xff, 0xfa,

    /* U+011B "ě" */
    0x0, 0x7f, 0x32, 0xe8, 0x0, 0x0, 0x9, 0xee,
    0xa0, 0x0, 0x0, 0x0, 0x33, 0x0, 0x0, 0x0,
    0x4c, 0xff, 0xc5, 0x0, 0x7, 0xff, 0xee, 0xff,
    0x80, 0x2f, 0xf5, 0x0, 0x4f, 0xf3, 0x9f, 0x80,
    0x0, 0x8, 0xf9, 0xcf, 0xba, 0xaa, 0xac, 0xfc,
    0xdf, 0xff, 0xff, 0xff, 0xfd, 0xcf, 0x50, 0x0,
    0x0, 0x0, 0x9f, 0x90, 0x0, 0x3, 0x73, 0x2f,
    0xf6, 0x0, 0x3e, 0xf4, 0x7, 0xff, 0xfe, 0xff,
    0x80, 0x0, 0x4c, 0xff, 0xc6, 0x0,

    /* U+011C "Ĝ" */
    0x0, 0x0, 0x5f, 0xf5, 0x0, 0x0, 0x0, 0x1,
    0xec, 0xce, 0x10, 0x0, 0x0, 0x9, 0xe2, 0x2e,
    0x90, 0x0, 0x0, 0x0, 0x0, 0x0, 0x0, 0x0,
    0x0, 0x0, 0x0, 0x0, 0x0, 0x0, 0x0, 0x5,
    0xcf, 0xfc, 0x60, 0x0, 0x0, 0x8f, 0xff, 0xff,
    0xfa, 0x0, 0x3, 0xff, 0x81, 0x5, 0xff, 0x60,
    0xb, 0xfa, 0x0, 0x0, 0x6f, 0xe0, 0xf, 0xf3,
    0x0, 0x0, 0x3, 0x30, 0x3f, 0xf0, 0x0, 0x0,
    0x0, 0x0, 0x4f, 0xe0, 0x0, 0xcd, 0xdd, 0xd1,
    0x4f, 0xe0, 0x0, 0xff, 0xff, 0xf2, 0x3f, 0xf0,
    0x0, 0x0, 0xd, 0xf2, 0xf, 0xf3, 0x0, 0x0,
    0xf, 0xf2, 0xb, 0xfa, 0x0, 0x0, 0x7f, 0xf2,
    0x4, 0xff, 0x81, 0x5, 0xff, 0xf2, 0x0, 0x8f,
    0xff, 0xff, 0xeb, 0xf2, 0x0, 0x5, 0xcf, 0xfb,
    0x29, 0xf2,

    /* U+011D "ĝ" */
    0x0, 0x5, 0xff, 0x50, 0x0, 0x0, 0x1e, 0xcc,
    0xe1, 0x0, 0x0, 0x9e, 0x11, 0xe9, 0x0, 0x0,
    0x0, 0x0, 0x0, 0x0, 0x0, 0x7d, 0xfe, 0x73,
    0xfb, 0xb, 0xff, 0xde, 0xfc, 0xfb, 0x6f, 0xe3,
    0x0, 0x4f, 0xfb, 0xbf, 0x70, 0x0, 0x9, 0xfb,
    0xef, 0x30, 0x0, 0x5, 0xfb, 0xef, 0x30, 0x0,
    0x5, 0xfb, 0xbf, 0x70, 0x0, 0x9, 0xfb, 0x6f,
    0xe3, 0x0, 0x5f, 0xfb, 0xb, 0xff, 0xee, 0xfc,
    0xfb, 0x0, 0x7d, 0xfe, 0x74, 0xfb, 0x24, 0x20,
    0x0, 0x6, 0xfa, 0x4f, 0xe2, 0x0, 0x2d, 0xf6,
    0xa, 0xff, 0xde, 0xff, 0xc0, 0x0, 0x6d, 0xff,
    0xd7, 0x0,

    /* U+011E "Ğ" */
    0x0, 0xd, 0x80, 0x8, 0xd0, 0x0, 0x0, 0x8,
    0xe3, 0x3e, 0x80, 0x0, 0x0, 0x1, 0xcf, 0xfc,
    0x10, 0x0, 0x0, 0x0, 0x3, 0x30, 0x0, 0x0,
    0x0, 0x0, 0x0, 0x0, 0x0, 0x0, 0x0, 0x5,
    0xcf, 0xfc, 0x60, 0x0, 0x0, 0x8f, 0xff, 0xff,
    0xfa, 0x0, 0x3, 0xff, 0x81, 0x5, 0xff, 0x60,
    0xb, 0xfa, 0x0, 0x0, 0x6f, 0xe0, 0xf, 0xf3,
    0x0, 0x0, 0x3, 0x30, 0x3f, 0xf0, 0x0, 0x0,
    0x0, 0x0, 0x4f, 0xe0, 0x0, 0xcd, 0xdd, 0xd1,
    0x4f, 0xe0, 0x0, 0xff, 0xff, 0xf2, 0x3f, 0xf0,
    0x0, 0x0, 0xd, 0xf2, 0xf, 0xf3, 0x0, 0x0,
    0xf, 0xf2, 0xb, 0xfa, 0x0, 0x0, 0x7f, 0xf2,
    0x4, 0xff, 0x81, 0x5, 0xff, 0xf2, 0x0, 0x8f,
    0xff, 0xff, 0xeb, 0xf2, 0x0, 0x5, 0xcf, 0xfb,
    0x29, 0xf2,

    /* U+011F "ğ" */
    0x0, 0x0, 0x11, 0x0, 0x0, 0x0, 0x8f, 0xff,
    0xf9, 0x0, 0x0, 0x1, 0x44, 0x10, 0x0, 0x0,
    0x0, 0x0, 0x0, 0x0, 0x0, 0x7d, 0xfe, 0x73,
    0xfb, 0xb, 0xff, 0xde, 0xfc, 0xfb, 0x6f, 0xe3,
    0x0, 0x4f, 0xfb, 0xbf, 0x70, 0x0, 0x9, 0xfb,
    0xef, 0x30, 0x0, 0x5, 0xfb, 0xef, 0x30, 0x0,
    0x5, 0xfb, 0xbf, 0x70, 0x0, 0x9, 0xfb, 0x6f,
    0xe3, 0x0, 0x5f, 0xfb, 0xb, 0xff, 0xee, 0xfc,
    0xfb, 0x0, 0x7d, 0xfe, 0x74, 0xfb, 0x24, 0x20,
    0x0, 0x6, 0xfa, 0x4f, 0xe2, 0x0, 0x2d, 0xf6,
    0xa, 0xff, 0xde, 0xff, 0xc0, 0x0, 0x6d, 0xff,
    0xd7, 0x0,

    /* U+0120 "Ġ" */
    0x0, 0x0, 0x2, 0x20, 0x0, 0x0, 0x0, 0x0,
    0xf, 0xf0, 0x0, 0x0, 0x0, 0x0, 0xf, 0xf0,
    0x0, 0x0, 0x0, 0x0, 0x0, 0x0, 0x0, 0x0,
    0x0, 0x0, 0x0, 0x0, 0x0, 0x0, 0x0, 0x5,
    0xcf, 0xfc, 0x60, 0x0, 0x0, 0x8f, 0xff, 0xff,
    0xfa, 0x0, 0x3, 0xff, 0x81, 0x5, 0xff, 0x60,
    0xb, 0xfa, 0x0, 0x0, 0x6f, 0xe0, 0xf, 0xf3,
    0x0, 0x0, 0x3, 0x30, 0x3f, 0xf0, 0x0, 0x0,
    0x0, 0x0, 0x4f, 0xe0, 0x0, 0xcd, 0xdd, 0xd1,
    0x4f, 0xe0, 0x0, 0xff, 0xff, 0xf2, 0x3f, 0xf0,
    0x0, 0x0, 0xd, 0xf2, 0xf, 0xf3, 0x0, 0x0,
    0xf, 0xf2, 0xb, 0xfa, 0x0, 0x0, 0x7f, 0xf2,
    0x4, 0xff, 0x81, 0x5, 0xff, 0xf2, 0x0, 0x8f,
    0xff, 0xff, 0xeb, 0xf2, 0x0, 0x5, 0xcf, 0xfb,
    0x29, 0xf2,

    /* U+0121 "ġ" */
    0x0, 0x0, 0xff, 0x0, 0x0, 0x0, 0x0, 0xff,
    0x0, 0x0, 0x0, 0x0, 0x22, 0x0, 0x0, 0x0,
    0x7d, 0xfe, 0x73, 0xfb, 0xb, 0xff, 0xde, 0xfc,
    0xfb, 0x6f, 0xe3, 0x0, 0x4f, 0xfb, 0xbf, 0x70,
    0x0, 0x9, 0xfb, 0xef, 0x30, 0x0, 0x5, 0xfb,
    0xef, 0x30, 0x0, 0x5, 0xfb, 0xbf, 0x70, 0x0,
    0x9, 0xfb, 0x6f, 0xe3, 0x0, 0x5f, 0xfb, 0xb,
    0xff, 0xee, 0xfc, 0xfb, 0x0, 0x7d, 0xfe, 0x74,
    0xfb, 0x24, 0x20, 0x0, 0x6, 0xfa, 0x4f, 0xe2,
    0x0, 0x2d, 0xf6, 0xa, 0xff, 0xde, 0xff, 0xc0,
    0x0, 0x6d, 0xff, 0xd7, 0x0,

    /* U+0122 "Ģ" */
    0x0, 0x5, 0xcf, 0xfc, 0x50, 0x0, 0x0, 0x8f,
    0xff, 0xff, 0xf8, 0x0, 0x3, 0xff, 0x81, 0x6,
    0xff, 0x40, 0xb, 0xfa, 0x0, 0x0, 0x8f, 0xc0,
    0xf, 0xf3, 0x0, 0x0, 0x1a, 0xa0, 0x3f, 0xf0,
    0x0, 0x0, 0x0, 0x0, 0x4f, 0xe0, 0x0, 0x0,
    0x0, 0x0, 0x4f, 0xe0, 0x0, 0xff, 0xff, 0xf2,
    0x3f, 0xf0, 0x0, 0xcd, 0xdf, 0xf2, 0xf, 0xf3,
    0x0, 0x0, 0xe, 0xf2, 0xb, 0xfa, 0x0, 0x0,
    0x4f, 0xf2, 0x4, 0xff, 0x81, 0x4, 0xef, 0xf2,
    0x0, 0x8f, 0xff, 0xff, 0xeb, 0xf2, 0x0, 0x5,
    0xcf, 0xfb, 0x29, 0xf2, 0x0, 0x0, 0x0, 0x0,
    0x0, 0x0, 0x0, 0x0, 0x1f, 0xf1, 0x0, 0x0,
    0x0, 0x0, 0x1f, 0xf1, 0x0, 0x0, 0x0, 0x0,
    0xa, 0xb0, 0x0, 0x0, 0x0, 0x0, 0x3f, 0x10,
    0x0, 0x0,

    /* U+0123 "ģ" */
    0x0, 0x0, 0x6, 0x30, 0x0, 0x0, 0x0, 0x3f,
    0x10, 0x0, 0x0, 0x0, 0xba, 0x0, 0x0, 0x0,
    0x0, 0xff, 0x20, 0x0, 0x0, 0x0, 0xff, 0x20,
    0x0, 0x0, 0x0, 0x0, 0x0, 0x0, 0x0, 0x7d,
    0xfe, 0x73, 0xfb, 0xb, 0xff, 0xde, 0xfc, 0xfb,
    0x6f, 0xe3, 0x0, 0x4f, 0xfb, 0xbf, 0x70, 0x0,
    0x9, 0xfb, 0xef, 0x30, 0x0, 0x5, 0xfb, 0xef,
    0x30, 0x0, 0x5, 0xfb, 0xbf, 0x70, 0x0, 0x9,
    0xfb, 0x6f, 0xe3, 0x0, 0x5f, 0xfb, 0xb, 0xff,
    0xee, 0xfc, 0xfb, 0x0, 0x7d, 0xfe, 0x74, 0xfb,
    0x24, 0x20, 0x0, 0x6, 0xfa, 0x4f, 0xe2, 0x0,
    0x2d, 0xf6, 0xa, 0xff, 0xde, 0xff, 0xc0, 0x0,
    0x6d, 0xff, 0xd7, 0x0,

    /* U+0124 "Ĥ" */
    0x0, 0x1, 0x88, 0x10, 0x0, 0x0, 0xb, 0xff,
    0xa0, 0x0, 0x0, 0x5f, 0x67, 0xf4, 0x0, 0x0,
    0x66, 0x0, 0x76, 0x0, 0x0, 0x0, 0x0, 0x0,
    0x0, 0xef, 0x30, 0x0, 0x3, 0xfe, 0xef, 0x30,
    0x0, 0x3, 0xfe, 0xef, 0x30, 0x0, 0x3, 0xfe,
    0xef, 0x30, 0x0, 0x3, 0xfe, 0xef, 0x30, 0x0,
    0x3, 0xfe, 0xef, 0x30, 0x0, 0x3, 0xfe, 0xef,
    0xff, 0xff, 0xff, 0xfe, 0xef, 0xff, 0xff, 0xff,
    0xfe, 0xef, 0x30, 0x0, 0x3, 0xfe, 0xef, 0x30,
    0x0, 0x3, 0xfe, 0xef, 0x30, 0x0, 0x3, 0xfe,
    0xef, 0x30, 0x0, 0x3, 0xfe, 0xef, 0x30, 0x0,
    0x3, 0xfe, 0xef, 0x30, 0x0, 0x3, 0xfe,

    /* U+0125 "ĥ" */
    0x2, 0x88, 0x0, 0x0, 0x0, 0x0, 0xbf, 0xf9,
    0x0, 0x0, 0x0, 0x6f, 0x58, 0xf3, 0x0, 0x0,
    0x6, 0x60, 0x7, 0x50, 0x0, 0x0, 0x0, 0x0,
    0x0, 0x0, 0x0, 0x0, 0x2f, 0xe0, 0x0, 0x0,
    0x0, 0x2, 0xfe, 0x0, 0x0, 0x0, 0x0, 0x2f,
    0xe0, 0x0, 0x0, 0x0, 0x2, 0xfe, 0x2b, 0xff,
    0xa1, 0x0, 0x2f, 0xee, 0xec, 0xff, 0xd0, 0x2,
    0xff, 0xa0, 0x2, 0xff, 0x30, 0x2f, 0xf0, 0x0,
    0xa, 0xf6, 0x2, 0xfe, 0x0, 0x0, 0x9f, 0x70,
    0x2f, 0xe0, 0x0, 0x9, 0xf7, 0x2, 0xfe, 0x0,
    0x0, 0x9f, 0x70, 0x2f, 0xe0, 0x0, 0x9, 0xf7,
    0x2, 0xfe, 0x0, 0x0, 0x9f, 0x70, 0x2f, 0xe0,
    0x0, 0x9, 0xf7, 0x2, 0xfe, 0x0, 0x0, 0x9f,
    0x70,

    /* U+0126 "Ħ" */
    0xe, 0xf3, 0x0, 0x0, 0x3f, 0xe0, 0x8f, 0xfd,
    0xdd, 0xdd, 0xdf, 0xf8, 0xaf, 0xff, 0xff, 0xff,
    0xff, 0xfa, 0xe, 0xf3, 0x0, 0x0, 0x3f, 0xe0,
    0xe, 0xf3, 0x0, 0x0, 0x3f, 0xe0, 0xe, 0xf3,
    0x0, 0x0, 0x3f, 0xe0, 0xe, 0xff, 0xff, 0xff,
    0xff, 0xe0, 0xe, 0xff, 0xff, 0xff, 0xff, 0xe0,
    0xe, 0xf3, 0x0, 0x0, 0x3f, 0xe0, 0xe, 0xf3,
    0x0, 0x0, 0x3f, 0xe0, 0xe, 0xf3, 0x0, 0x0,
    0x3f, 0xe0, 0xe, 0xf3, 0x0, 0x0, 0x3f, 0xe0,
    0xe, 0xf3, 0x0, 0x0, 0x3f, 0xe0, 0xe, 0xf3,
    0x0, 0x0, 0x3f, 0xe0,

    /* U+0127 "ħ" */
    0x2, 0xfe, 0x0, 0x0, 0x0, 0x5, 0xff, 0xff,
    0xfe, 0x0, 0x0, 0x29, 0xff, 0x88, 0x70, 0x0,
    0x0, 0x2f, 0xe2, 0xbf, 0xfa, 0x10, 0x2, 0xfe,
    0xee, 0xcf, 0xfd, 0x0, 0x2f, 0xfa, 0x0, 0x2f,
    0xf3, 0x2, 0xff, 0x0, 0x0, 0xaf, 0x60, 0x2f,
    0xe0, 0x0, 0x9, 0xf7, 0x2, 0xfe, 0x0, 0x0,
    0x9f, 0x70, 0x2f, 0xe0, 0x0, 0x9, 0xf7, 0x2,
    0xfe, 0x0, 0x0, 0x9f, 0x70, 0x2f, 0xe0, 0x0,
    0x9, 0xf7, 0x2, 0xfe, 0x0, 0x0, 0x9f, 0x70,
    0x2f, 0xe0, 0x0, 0x9, 0xf7,

    /* U+0128 "Ĩ" */
    0x0, 0x0, 0x0, 0x0, 0x0, 0x0, 0x8f, 0xe5,
    0x2f, 0x20, 0x1, 0xf5, 0x8f, 0xfb, 0x0, 0x0,
    0x30, 0x1, 0x30, 0x0, 0x0, 0x0, 0x0, 0x0,
    0x0, 0x7f, 0xff, 0xff, 0xff, 0xf7, 0x7f, 0xff,
    0xff, 0xff, 0xf7, 0x0, 0x0, 0xff, 0x0, 0x0,
    0x0, 0x0, 0xff, 0x0, 0x0, 0x0, 0x0, 0xff,
    0x0, 0x0, 0x0, 0x0, 0xff, 0x0, 0x0, 0x0,
    0x0, 0xff, 0x0, 0x0, 0x0, 0x0, 0xff, 0x0,
    0x0, 0x0, 0x0, 0xff, 0x0, 0x0, 0x0, 0x0,
    0xff, 0x0, 0x0, 0x0, 0x0, 0xff, 0x0, 0x0,
    0x0, 0x0, 0xff, 0x0, 0x0, 0x7f, 0xff, 0xff,
    0xff, 0xf7, 0x7f, 0xff, 0xff, 0xff, 0xf7,

    /* U+0129 "ĩ" */
    0x0, 0x0, 0x0, 0x0, 0x0, 0x0, 0x3, 0xef,
    0xff, 0xf9, 0x0, 0x0, 0x13, 0x43, 0x32, 0x0,
    0x0, 0x0, 0x0, 0x0, 0x0, 0x0, 0x4f, 0xff,
    0xff, 0xb0, 0x0, 0x3, 0xbb, 0xbd, 0xfb, 0x0,
    0x0, 0x0, 0x0, 0x5f, 0xb0, 0x0, 0x0, 0x0,
    0x5, 0xfb, 0x0, 0x0, 0x0, 0x0, 0x5f, 0xb0,
    0x0, 0x0, 0x0, 0x5, 0xfb, 0x0, 0x0, 0x0,
    0x0, 0x5f, 0xb0, 0x0, 0x0, 0x0, 0x5, 0xfb,
    0x0, 0x0, 0x0, 0x0, 0x5f, 0xb0, 0x0, 0x5,
    0xbb, 0xbc, 0xfe, 0xbb, 0xb3, 0x7f, 0xff, 0xff,
    0xff, 0xff, 0x40,

    /* U+012A "Ī" */
    0x0, 0x7a, 0xaa, 0xa7, 0x0, 0x0, 0xcf, 0xff,
    0xfb, 0x0, 0x0, 0x0, 0x0, 0x0, 0x0, 0x0,
    0x0, 0x0, 0x0, 0x0, 0x7f, 0xff, 0xff, 0xff,
    0xf7, 0x7f, 0xff, 0xff, 0xff, 0xf7, 0x0, 0x0,
    0xff, 0x0, 0x0, 0x0, 0x0, 0xff, 0x0, 0x0,
    0x0, 0x0, 0xff, 0x0, 0x0, 0x0, 0x0, 0xff,
    0x0, 0x0, 0x0, 0x0, 0xff, 0x0, 0x0, 0x0,
    0x0, 0xff, 0x0, 0x0, 0x0, 0x0, 0xff, 0x0,
    0x0, 0x0, 0x0, 0xff, 0x0, 0x0, 0x0, 0x0,
    0xff, 0x0, 0x0, 0x0, 0x0, 0xff, 0x0, 0x0,
    0x7f, 0xff, 0xff, 0xff, 0xf7, 0x7f, 0xff, 0xff,
    0xff, 0xf7,

    /* U+012B "ī" */
    0x0, 0x2f, 0xff, 0xff, 0x50, 0x0, 0x1, 0xaa,
    0xaa, 0xa3, 0x0, 0x0, 0x0, 0x0, 0x0, 0x0,
    0x4, 0xff, 0xff, 0xfb, 0x0, 0x0, 0x3b, 0xbb,
    0xdf, 0xb0, 0x0, 0x0, 0x0, 0x5, 0xfb, 0x0,
    0x0, 0x0, 0x0, 0x5f, 0xb0, 0x0, 0x0, 0x0,
    0x5, 0xfb, 0x0, 0x0, 0x0, 0x0, 0x5f, 0xb0,
    0x0, 0x0, 0x0, 0x5, 0xfb, 0x0, 0x0, 0x0,
    0x0, 0x5f, 0xb0, 0x0, 0x0, 0x0, 0x5, 0xfb,
    0x0, 0x0, 0x5b, 0xbb, 0xcf, 0xeb, 0xbb, 0x37,
    0xff, 0xff, 0xff, 0xff, 0xf4,

    /* U+012E "Į" */
    0x7f, 0xff, 0xff, 0xff, 0xf7, 0x7, 0xff, 0xff,
    0xff, 0xff, 0x70, 0x0, 0x0, 0xff, 0x0, 0x0,
    0x0, 0x0, 0xf, 0xf0, 0x0, 0x0, 0x0, 0x0,
    0xff, 0x0, 0x0, 0x0, 0x0, 0xf, 0xf0, 0x0,
    0x0, 0x0, 0x0, 0xff, 0x0, 0x0, 0x0, 0x0,
    0xf, 0xf0, 0x0, 0x0, 0x0, 0x0, 0xff, 0x0,
    0x0, 0x0, 0x0, 0xf, 0xf0, 0x0, 0x0, 0x0,
    0x0, 0xff, 0x0, 0x0, 0x0, 0x0, 0xf, 0xf0,
    0x0, 0x0, 0x7f, 0xff, 0xff, 0xff, 0xf7, 0x7,
    0xff, 0xff, 0xff, 0xff, 0x70, 0x0, 0x0, 0x0,
    0xb, 0xf2, 0x0, 0x0, 0x0, 0x5, 0xf7, 0x0,
    0x0, 0x0, 0x0, 0x9f, 0x31, 0x0, 0x0, 0x0,
    0x7, 0xff, 0xe0, 0x0, 0x0, 0x0, 0x6, 0x74,
    0x0,

    /* U+012F "į" */
    0x0, 0x0, 0x7f, 0xa0, 0x0, 0x0, 0x0, 0x7,
    0xfa, 0x0, 0x0, 0x0, 0x0, 0x2, 0x10, 0x0,
    0x4, 0xff, 0xff, 0xfb, 0x0, 0x0, 0x3b, 0xbb,
    0xdf, 0xb0, 0x0, 0x0, 0x0, 0x5, 0xfb, 0x0,
    0x0, 0x0, 0x0, 0x5f, 0xb0, 0x0, 0x0, 0x0,
    0x5, 0xfb, 0x0, 0x0, 0x0, 0x0, 0x5f, 0xb0,
    0x0, 0x0, 0x0, 0x5, 0xfb, 0x0, 0x0, 0x0,
    0x0, 0x5f, 0xb0, 0x0, 0x0, 0x0, 0x5, 0xfb,
    0x0, 0x0, 0x5b, 0xbb, 0xcf, 0xeb, 0xbb, 0x37,
    0xff, 0xff, 0xff, 0xff, 0xf4, 0x0, 0x0, 0x0,
    0x0, 0xdd, 0x0, 0x0, 0x0, 0x0, 0x7f, 0x40,
    0x0, 0x0, 0x0, 0xc, 0xf1, 0x10, 0x0, 0x0,
    0x0, 0x9f, 0xfc, 0x0, 0x0, 0x0, 0x0, 0x67,
    0x30,

    /* U+0130 "İ" */
    0x0, 0x1, 0xff, 0x0, 0x0, 0x0, 0x1, 0xff,
    0x0, 0x0, 0x0, 0x0, 0x22, 0x0, 0x0, 0x0,
    0x0, 0x0, 0x0, 0x0, 0x7f, 0xff, 0xff, 0xff,
    0xf7, 0x7f, 0xff, 0xff, 0xff, 0xf7, 0x0, 0x0,
    0xff, 0x0, 0x0, 0x0, 0x0, 0xff, 0x0, 0x0,
    0x0, 0x0, 0xff, 0x0, 0x0, 0x0, 0x0, 0xff,
    0x0, 0x0, 0x0, 0x0, 0xff, 0x0, 0x0, 0x0,
    0x0, 0xff, 0x0, 0x0, 0x0, 0x0, 0xff, 0x0,
    0x0, 0x0, 0x0, 0xff, 0x0, 0x0, 0x0, 0x0,
    0xff, 0x0, 0x0, 0x0, 0x0, 0xff, 0x0, 0x0,
    0x7f, 0xff, 0xff, 0xff, 0xf7, 0x7f, 0xff, 0xff,
    0xff, 0xf7,

    /* U+0131 "ı" */
    0x4f, 0xff, 0xff, 0xb0, 0x0, 0x3, 0xbb, 0xbd,
    0xfb, 0x0, 0x0, 0x0, 0x0, 0x5f, 0xb0, 0x0,
    0x0, 0x0, 0x5, 0xfb, 0x0, 0x0, 0x0, 0x0,
    0x5f, 0xb0, 0x0, 0x0, 0x0, 0x5, 0xfb, 0x0,
    0x0, 0x0, 0x0, 0x5f, 0xb0, 0x0, 0x0, 0x0,
    0x5, 0xfb, 0x0, 0x0, 0x0, 0x0, 0x5f, 0xb0,
    0x0, 0x5, 0xbb, 0xbc, 0xfe, 0xbb, 0xb3, 0x7f,
    0xff, 0xff, 0xff, 0xff, 0x40,

    /* U+0134 "Ĵ" */
    0x0, 0x0, 0x0, 0x2, 0xff, 0x80, 0x0, 0x0,
    0x0, 0x0, 0xce, 0xaf, 0x30, 0x0, 0x0, 0x0,
    0x6f, 0x40, 0xdc, 0x0, 0x0, 0x0, 0x0, 0x0,
    0x0, 0x0, 0x0, 0x0, 0x0, 0x0, 0x0, 0x0,
    0x0, 0x0, 0x0, 0x0, 0xd, 0xf3, 0x0, 0x0,
    0x0, 0x0, 0x0, 0xdf, 0x30, 0x0, 0x0, 0x0,
    0x0, 0xd, 0xf3, 0x0, 0x0, 0x0, 0x0, 0x0,
    0xdf, 0x30, 0x0, 0x0, 0x0, 0x0, 0xd, 0xf3,
    0x0, 0x0, 0x0, 0x0, 0x0, 0xdf, 0x30, 0x0,
    0x0, 0x0, 0x0, 0xd, 0xf3, 0x0, 0x0, 0x0,
    0x0, 0x0, 0xdf, 0x30, 0x0, 0x1, 0x0, 0x0,
    0xd, 0xf3, 0x0, 0x3f, 0xe0, 0x0, 0x0, 0xef,
    0x30, 0x0, 0xff, 0x20, 0x0, 0x1f, 0xf1, 0x0,
    0xb, 0xfc, 0x20, 0x2b, 0xfb, 0x0, 0x0, 0x2e,
    0xff, 0xff, 0xfe, 0x20, 0x0, 0x0, 0x19, 0xef,
    0xea, 0x20, 0x0, 0x0,

    /* U+0135 "ĵ" */
    0x0, 0x0, 0x6f, 0xf5, 0x0, 0x0, 0x2f, 0xbc,
    0xe1, 0x0, 0x9, 0xb0, 0x1c, 0x70, 0x0, 0x0,
    0x0, 0x0, 0xbf, 0xff, 0xff, 0xf0, 0x8, 0xbb,
    0xbb, 0xff, 0x0, 0x0, 0x0, 0xf, 0xf0, 0x0,
    0x0, 0x0, 0xff, 0x0, 0x0, 0x0, 0xf, 0xf0,
    0x0, 0x0, 0x0, 0xff, 0x0, 0x0, 0x0, 0xf,
    0xf0, 0x0, 0x0, 0x0, 0xff, 0x0, 0x0, 0x0,
    0xf, 0xf0, 0x0, 0x0, 0x0, 0xff, 0x0, 0x0,
    0x0, 0xf, 0xf0, 0x0, 0x0, 0x3, 0xfe, 0x0,
    0xab, 0xbb, 0xff, 0x90, 0xe, 0xff, 0xfe, 0x90,
    0x0,

    /* U+0136 "Ķ" */
    0xef, 0x30, 0x0, 0xd, 0xfa, 0xe, 0xf3, 0x0,
    0xa, 0xfc, 0x0, 0xef, 0x30, 0x7, 0xfe, 0x10,
    0xe, 0xf3, 0x4, 0xff, 0x30, 0x0, 0xef, 0x32,
    0xff, 0x50, 0x0, 0xe, 0xf4, 0xdf, 0x80, 0x0,
    0x0, 0xef, 0xdf, 0xf4, 0x0, 0x0, 0xe, 0xff,
    0xff, 0xd0, 0x0, 0x0, 0xef, 0xe2, 0xcf, 0x90,
    0x0, 0xe, 0xf5, 0x2, 0xff, 0x30, 0x0, 0xef,
    0x30, 0x8, 0xfd, 0x0, 0xe, 0xf3, 0x0, 0xd,
    0xf9, 0x0, 0xef, 0x30, 0x0, 0x3f, 0xf3, 0xe,
    0xf3, 0x0, 0x0, 0x8f, 0xd0, 0x0, 0x0, 0x0,
    0x0, 0x0, 0x0, 0x0, 0x6f, 0xc0, 0x0, 0x0,
    0x0, 0x7, 0xfc, 0x0, 0x0, 0x0, 0x0, 0xe,
    0x60, 0x0, 0x0, 0x0, 0x8, 0xb0, 0x0, 0x0,
    0x0,

    /* U+0137 "ķ" */
    0x6f, 0xa0, 0x0, 0x0, 0x0, 0x6, 0xfa, 0x0,
    0x0, 0x0, 0x0, 0x6f, 0xa0, 0x0, 0x0, 0x0,
    0x6, 0xfa, 0x0, 0x1, 0xef, 0x80, 0x6f, 0xa0,
    0x0, 0xdf, 0xa0, 0x6, 0xfa, 0x0, 0xbf, 0xb0,
    0x0, 0x6f, 0xa0, 0x9f, 0xd1, 0x0, 0x6, 0xfa,
    0x7f, 0xf1, 0x0, 0x0, 0x6f, 0xef, 0xff, 0x60,
    0x0, 0x6, 0xff, 0xf6, 0xff, 0x20, 0x0, 0x6f,
    0xf3, 0x8, 0xfc, 0x0, 0x6, 0xfa, 0x0, 0xd,
    0xf7, 0x0, 0x6f, 0xa0, 0x0, 0x3f, 0xf2, 0x6,
    0xfa, 0x0, 0x0, 0x8f, 0xd0, 0x0, 0x0, 0x0,
    0x0, 0x0, 0x0, 0x0, 0xf, 0xf3, 0x0, 0x0,
    0x0, 0x0, 0xff, 0x30, 0x0, 0x0, 0x0, 0x8,
    0xd0, 0x0, 0x0, 0x0, 0x1, 0xf3, 0x0, 0x0,
    0x0,

    /* U+0139 "Ĺ" */
    0x0, 0x9b, 0x30, 0x0, 0x0, 0x3, 0xfc, 0x0,
    0x0, 0x0, 0xb, 0xf2, 0x0, 0x0, 0x0, 0x0,
    0x0, 0x0, 0x0, 0x0, 0x0, 0x0, 0x0, 0x0,
    0x0, 0xf, 0xf1, 0x0, 0x0, 0x0, 0xf, 0xf1,
    0x0, 0x0, 0x0, 0xf, 0xf1, 0x0, 0x0, 0x0,
    0xf, 0xf1, 0x0, 0x0, 0x0, 0xf, 0xf1, 0x0,
    0x0, 0x0, 0xf, 0xf1, 0x0, 0x0, 0x0, 0xf,
    0xf1, 0x0, 0x0, 0x0, 0xf, 0xf1, 0x0, 0x0,
    0x0, 0xf, 0xf1, 0x0, 0x0, 0x0, 0xf, 0xf1,
    0x0, 0x0, 0x0, 0xf, 0xf1, 0x0, 0x0, 0x0,
    0xf, 0xf1, 0x0, 0x0, 0x0, 0xf, 0xff, 0xff,
    0xff, 0xfd, 0xf, 0xff, 0xff, 0xff, 0xfd,

    /* U+013A "ĺ" */
    0x0, 0x0, 0x2b, 0xa0, 0x0, 0x0, 0x0, 0x9f,
    0x60, 0x0, 0x0, 0x1, 0xfb, 0x0, 0x0, 0x0,
    0x0, 0x0, 0x0, 0x0, 0x0, 0x0, 0x0, 0x0,
    0x0, 0x7f, 0xff, 0xc3, 0x0, 0x0, 0x5b, 0xbd,
    0xfe, 0x0, 0x0, 0x0, 0x0, 0xdf, 0x30, 0x0,
    0x0, 0x0, 0xbf, 0x40, 0x0, 0x0, 0x0, 0xbf,
    0x40, 0x0, 0x0, 0x0, 0xbf, 0x40, 0x0, 0x0,
    0x0, 0xbf, 0x40, 0x0, 0x0, 0x0, 0xbf, 0x40,
    0x0, 0x0, 0x0, 0xbf, 0x40, 0x0, 0x0, 0x0,
    0xbf, 0x40, 0x0, 0x0, 0x0, 0xbf, 0x40, 0x0,
    0x0, 0x0, 0xbf, 0x40, 0x0, 0xab, 0xbb, 0xef,
    0xcb, 0xba, 0xef, 0xff, 0xff, 0xff, 0xfe,

    /* U+013B "Ļ" */
    0xf, 0xf1, 0x0, 0x0, 0x0, 0xf, 0xf1, 0x0,
    0x0, 0x0, 0xf, 0xf1, 0x0, 0x0, 0x0, 0xf,
    0xf1, 0x0, 0x0, 0x0, 0xf, 0xf1, 0x0, 0x0,
    0x0, 0xf, 0xf1, 0x0, 0x0, 0x0, 0xf, 0xf1,
    0x0, 0x0, 0x0, 0xf, 0xf1, 0x0, 0x0, 0x0,
    0xf, 0xf1, 0x0, 0x0, 0x0, 0xf, 0xf1, 0x0,
    0x0, 0x0, 0xf, 0xf1, 0x0, 0x0, 0x0, 0xf,
    0xf1, 0x0, 0x0, 0x0, 0xf, 0xff, 0xff, 0xff,
    0xfd, 0xf, 0xff, 0xff, 0xff, 0xfd, 0x0, 0x0,
    0x0, 0x0, 0x0, 0x0, 0x0, 0xaf, 0x80, 0x0,
    0x0, 0x0, 0xbf, 0x80, 0x0, 0x0, 0x0, 0x3f,
    0x20, 0x0, 0x0, 0x0, 0xc8, 0x0, 0x0,

    /* U+013C "ļ" */
    0x7f, 0xff, 0xc3, 0x0, 0x0, 0x5b, 0xbd, 0xfe,
    0x0, 0x0, 0x0, 0x0, 0xdf, 0x30, 0x0, 0x0,
    0x0, 0xbf, 0x40, 0x0, 0x0, 0x0, 0xbf, 0x40,
    0x0, 0x0, 0x0, 0xbf, 0x40, 0x0, 0x0, 0x0,
    0xbf, 0x40, 0x0, 0x0, 0x0, 0xbf, 0x40, 0x0,
    0x0, 0x0, 0xbf, 0x40, 0x0, 0x0, 0x0, 0xbf,
    0x40, 0x0, 0x0, 0x0, 0xbf, 0x40, 0x0, 0x0,
    0x0, 0xbf, 0x40, 0x0, 0xab, 0xbb, 0xef, 0xcb,
    0xba, 0xef, 0xff, 0xff, 0xff, 0xfe, 0x0, 0x0,
    0x0, 0x0, 0x0, 0x0, 0x0, 0xcf, 0x50, 0x0,
    0x0, 0x0, 0xdf, 0x50, 0x0, 0x0, 0x0, 0x5e,
    0x10, 0x0, 0x0, 0x0, 0xe5, 0x0, 0x0,

    /* U+013D "Ľ" */
    0xf, 0xf1, 0x0, 0x4f, 0x90, 0xf, 0xf1, 0x0,
    0x6f, 0x60, 0xf, 0xf1, 0x0, 0x7f, 0x30, 0xf,
    0xf1, 0x0, 0x9f, 0x0, 0xf, 0xf1, 0x0, 0xbc,
    0x0, 0xf, 0xf1, 0x0, 0x43, 0x0, 0xf, 0xf1,
    0x0, 0x0, 0x0, 0xf, 0xf1, 0x0, 0x0, 0x0,
    0xf, 0xf1, 0x0, 0x0, 0x0, 0xf, 0xf1, 0x0,
    0x0, 0x0, 0xf, 0xf1, 0x0, 0x0, 0x0, 0xf,
    0xf1, 0x0, 0x0, 0x0, 0xf, 0xff, 0xff, 0xff,
    0xfd, 0xf, 0xff, 0xff, 0xff, 0xfd,

    /* U+013E "ľ" */
    0x7f, 0xff, 0xc3, 0x1, 0xfd, 0x5b, 0xbd, 0xfe,
    0x3, 0xf9, 0x0, 0x0, 0xdf, 0x34, 0xf6, 0x0,
    0x0, 0xbf, 0x46, 0xf3, 0x0, 0x0, 0xbf, 0x48,
    0xf0, 0x0, 0x0, 0xbf, 0x43, 0x40, 0x0, 0x0,
    0xbf, 0x40, 0x0, 0x0, 0x0, 0xbf, 0x40, 0x0,
    0x0, 0x0, 0xbf, 0x40, 0x0, 0x0, 0x0, 0xbf,
    0x40, 0x0, 0x0, 0x0, 0xbf, 0x40, 0x0, 0x0,
    0x0, 0xbf, 0x40, 0x0, 0xab, 0xbb, 0xef, 0xcb,
    0xba, 0xef, 0xff, 0xff, 0xff, 0xfe,

    /* U+0141 "Ł" */
    0x0, 0xff, 0x10, 0x0, 0x0, 0x0, 0xf, 0xf1,
    0x0, 0x0, 0x0, 0x0, 0xff, 0x10, 0x0, 0x0,
    0x0, 0xf, 0xf1, 0x0, 0x0, 0x0, 0x0, 0xff,
    0x13, 0xb0, 0x0, 0x0, 0xf, 0xfc, 0xfe, 0x0,
    0x0, 0x4, 0xff, 0xe7, 0x0, 0x0, 0x6, 0xff,
    0xf1, 0x0, 0x0, 0x0, 0x67, 0xff, 0x10, 0x0,
    0x0, 0x0, 0xf, 0xf1, 0x0, 0x0, 0x0, 0x0,
    0xff, 0x10, 0x0, 0x0, 0x0, 0xf, 0xf1, 0x0,
    0x0, 0x0, 0x0, 0xff, 0xff, 0xff, 0xff, 0xd0,
    0xf, 0xff, 0xff, 0xff, 0xfd,

    /* U+0142 "ł" */
    0x7f, 0xff, 0xc3, 0x0, 0x0, 0x5b, 0xbd, 0xfe,
    0x0, 0x0, 0x0, 0x0, 0xdf, 0x30, 0x0, 0x0,
    0x0, 0xbf, 0x40, 0x0, 0x0, 0x0, 0xbf, 0x43,
    0x40, 0x0, 0x0, 0xbf, 0xef, 0x80, 0x0, 0x5b,
    0xff, 0xb4, 0x0, 0x0, 0xdc, 0xdf, 0x40, 0x0,
    0x0, 0x10, 0xbf, 0x40, 0x0, 0x0, 0x0, 0xbf,
    0x40, 0x0, 0x0, 0x0, 0xbf, 0x40, 0x0, 0x0,
    0x0, 0xbf, 0x40, 0x0, 0xab, 0xbb, 0xef, 0xcb,
    0xba, 0xef, 0xff, 0xff, 0xff, 0xfe,

    /* U+0143 "Ń" */
    0x0, 0x0, 0x8, 0xb4, 0x0, 0x0, 0x0, 0x3f,
    0xc0, 0x0, 0x0, 0x0, 0xaf, 0x20, 0x0, 0x0,
    0x0, 0x0, 0x0, 0x0, 0x0, 0x0, 0x0, 0x0,
    0x0, 0xaf, 0xf2, 0x0, 0x6, 0xfa, 0xaf, 0xf8,
    0x0, 0x6, 0xfa, 0xaf, 0xfe, 0x0, 0x6, 0xfa,
    0xaf, 0xcf, 0x60, 0x6, 0xfa, 0xaf, 0x7e, 0xd0,
    0x6, 0xfa, 0xaf, 0x68, 0xf3, 0x6, 0xfa, 0xaf,
    0x61, 0xfa, 0x6, 0xfa, 0xaf, 0x60, 0xaf, 0x16,
    0xfa, 0xaf, 0x60, 0x3f, 0x86, 0xfa, 0xaf, 0x60,
    0xd, 0xe7, 0xfa, 0xaf, 0x60, 0x6, 0xfc, 0xfa,
    0xaf, 0x60, 0x0, 0xef, 0xfa, 0xaf, 0x60, 0x0,
    0x8f, 0xfa, 0xaf, 0x60, 0x0, 0x2f, 0xfa,

    /* U+0144 "ń" */
    0x0, 0x0, 0xd, 0xf4, 0x0, 0x0, 0x0, 0x5f,
    0x90, 0x0, 0x0, 0x0, 0x8a, 0x0, 0x0, 0x6f,
    0x73, 0xcf, 0xfa, 0x0, 0x6f, 0xaf, 0xed, 0xff,
    0xb0, 0x6f, 0xf7, 0x0, 0x3f, 0xf2, 0x6f, 0xd0,
    0x0, 0xc, 0xf5, 0x6f, 0xa0, 0x0, 0xa, 0xf6,
    0x6f, 0xa0, 0x0, 0xa, 0xf6, 0x6f, 0xa0, 0x0,
    0xa, 0xf6, 0x6f, 0xa0, 0x0, 0xa, 0xf6, 0x6f,
    0xa0, 0x0, 0xa, 0xf6, 0x6f, 0xa0, 0x0, 0xa,
    0xf6, 0x6f, 0xa0, 0x0, 0xa, 0xf6,

    /* U+0145 "Ņ" */
    0xaf, 0xf2, 0x0, 0x6, 0xfa, 0xaf, 0xf8, 0x0,
    0x6, 0xfa, 0xaf, 0xfe, 0x0, 0x6, 0xfa, 0xaf,
    0xcf, 0x60, 0x6, 0xfa, 0xaf, 0x7e, 0xd0, 0x6,
    0xfa, 0xaf, 0x68, 0xf3, 0x6, 0xfa, 0xaf, 0x61,
    0xfa, 0x6, 0xfa, 0xaf, 0x60, 0xaf, 0x16, 0xfa,
    0xaf, 0x60, 0x3f, 0x86, 0xfa, 0xaf, 0x60, 0xd,
    0xe7, 0xfa, 0xaf, 0x60, 0x6, 0xfc, 0xfa, 0xaf,
    0x60, 0x0, 0xef, 0xfa, 0xaf, 0x60, 0x0, 0x8f,
    0xfa, 0xaf, 0x60, 0x0, 0x2f, 0xfa, 0x0, 0x0,
    0x0, 0x0, 0x0, 0x0, 0x1, 0xff, 0x10, 0x0,
    0x0, 0x1, 0xff, 0x10, 0x0, 0x0, 0x0, 0xab,
    0x0, 0x0, 0x0, 0x3, 0xf1, 0x0, 0x0,

    /* U+0146 "ņ" */
    0x6f, 0x73, 0xcf, 0xfa, 0x0, 0x6f, 0xaf, 0xed,
    0xff, 0xb0, 0x6f, 0xf7, 0x0, 0x3f, 0xf2, 0x6f,
    0xd0, 0x0, 0xc, 0xf5, 0x6f, 0xa0, 0x0, 0xa,
    0xf6, 0x6f, 0xa0, 0x0, 0xa, 0xf6, 0x6f, 0xa0,
    0x0, 0xa, 0xf6, 0x6f, 0xa0, 0x0, 0xa, 0xf6,
    0x6f, 0xa0, 0x0, 0xa, 0xf6, 0x6f, 0xa0, 0x0,
    0xa, 0xf6, 0x6f, 0xa0, 0x0, 0xa, 0xf6, 0x0,
    0x0, 0x0, 0x0, 0x0, 0x0, 0x2, 0xff, 0x10,
    0x0, 0x0, 0x2, 0xff, 0x10, 0x0, 0x0, 0x0,
    0xaa, 0x0, 0x0, 0x0, 0x3, 0xf1, 0x0, 0x0,

    /* U+0147 "Ň" */
    0x0, 0x66, 0x0, 0x66, 0x0, 0x0, 0x4f, 0x77,
    0xf4, 0x0, 0x0, 0xa, 0xff, 0xa0, 0x0, 0x0,
    0x1, 0x88, 0x10, 0x0, 0x0, 0x0, 0x0, 0x0,
    0x0, 0xaf, 0xf2, 0x0, 0x6, 0xfa, 0xaf, 0xf8,
    0x0, 0x6, 0xfa, 0xaf, 0xfe, 0x0, 0x6, 0xfa,
    0xaf, 0xcf, 0x60, 0x6, 0xfa, 0xaf, 0x7e, 0xd0,
    0x6, 0xfa, 0xaf, 0x68, 0xf3, 0x6, 0xfa, 0xaf,
    0x61, 0xfa, 0x6, 0xfa, 0xaf, 0x60, 0xaf, 0x16,
    0xfa, 0xaf, 0x60, 0x3f, 0x86, 0xfa, 0xaf, 0x60,
    0xd, 0xe7, 0xfa, 0xaf, 0x60, 0x6, 0xfc, 0xfa,
    0xaf, 0x60, 0x0, 0xef, 0xfa, 0xaf, 0x60, 0x0,
    0x8f, 0xfa, 0xaf, 0x60, 0x0, 0x2f, 0xfa,

    /* U+0148 "ň" */
    0x0, 0x9c, 0x1, 0xd8, 0x0, 0x0, 0x1e, 0xab,
    0xe1, 0x0, 0x0, 0x5, 0xff, 0x50, 0x0, 0x0,
    0x0, 0x0, 0x0, 0x0, 0x6f, 0x73, 0xcf, 0xfa,
    0x0, 0x6f, 0xaf, 0xed, 0xff, 0xb0, 0x6f, 0xf7,
    0x0, 0x3f, 0xf2, 0x6f, 0xd0, 0x0, 0xc, 0xf5,
    0x6f, 0xa0, 0x0, 0xa, 0xf6, 0x6f, 0xa0, 0x0,
    0xa, 0xf6, 0x6f, 0xa0, 0x0, 0xa, 0xf6, 0x6f,
    0xa0, 0x0, 0xa, 0xf6, 0x6f, 0xa0, 0x0, 0xa,
    0xf6, 0x6f, 0xa0, 0x0, 0xa, 0xf6, 0x6f, 0xa0,
    0x0, 0xa, 0xf6,

    /* U+014A "Ŋ" */
    0xaf, 0xf2, 0x0, 0x6, 0xfa, 0xaf, 0xf8, 0x0,
    0x6, 0xfa, 0xaf, 0xff, 0x0, 0x6, 0xfa, 0xaf,
    0xcf, 0x60, 0x6, 0xfa, 0xaf, 0x7e, 0xd0, 0x6,
    0xfa, 0xaf, 0x68, 0xf4, 0x6, 0xfa, 0xaf, 0x61,
    0xfa, 0x6, 0xfa, 0xaf, 0x60, 0xaf, 0x16, 0xfa,
    0xaf, 0x60, 0x3f, 0x86, 0xfa, 0xaf, 0x60, 0xd,
    0xe7, 0xfa, 0xaf, 0x60, 0x6, 0xfc, 0xfa, 0xaf,
    0x60, 0x0, 0xef, 0xfa, 0xaf, 0x60, 0x0, 0x8f,
    0xfb, 0xaf, 0x60, 0x0, 0x2f, 0xfc, 0x0, 0x0,
    0x0, 0x7, 0xf9, 0x0, 0x0, 0x6e, 0xef, 0xf5,
    0x0, 0x0, 0x7f, 0xfe, 0x70,

    /* U+014B "ŋ" */
    0x6f, 0x73, 0xcf, 0xfa, 0x0, 0x6f, 0xaf, 0xed,
    0xff, 0xb0, 0x6f, 0xf7, 0x0, 0x3f, 0xf2, 0x6f,
    0xd0, 0x0, 0xc, 0xf5, 0x6f, 0xa0, 0x0, 0xa,
    0xf6, 0x6f, 0xa0, 0x0, 0xa, 0xf6, 0x6f, 0xa0,
    0x0, 0xa, 0xf6, 0x6f, 0xa0, 0x0, 0xa, 0xf6,
    0x6f, 0xa0, 0x0, 0xa, 0xf6, 0x6f, 0xa0, 0x0,
    0xb, 0xf8, 0x6f, 0xa0, 0x0, 0xc, 0xf8, 0x0,
    0x0, 0x0, 0xb, 0xf5, 0x0, 0x0, 0x3b, 0xcf,
    0xf1, 0x0, 0x0, 0x5f, 0xfd, 0x40,

    /* U+014C "Ō" */
    0x0, 0xc, 0xff, 0xff, 0xb0, 0x0, 0x0, 0x7,
    0xaa, 0xaa, 0x70, 0x0, 0x0, 0x0, 0x0, 0x0,
    0x0, 0x0, 0x0, 0x0, 0x0, 0x0, 0x0, 0x0,
    0x0, 0x6, 0xcf, 0xfc, 0x60, 0x0, 0x0, 0xaf,
    0xff, 0xff, 0xfa, 0x0, 0x5, 0xff, 0x70, 0x7,
    0xff, 0x50, 0xc, 0xf9, 0x0, 0x0, 0x9f, 0xc0,
    0xf, 0xf3, 0x0, 0x0, 0x3f, 0xf0, 0x3f, 0xf0,
    0x0, 0x0, 0xf, 0xf3, 0x4f, 0xe0, 0x0, 0x0,
    0xe, 0xf4, 0x4f, 0xe0, 0x0, 0x0, 0xe, 0xf4,
    0x3f, 0xf0, 0x0, 0x0, 0xf, 0xf3, 0xf, 0xf3,
    0x0, 0x0, 0x3f, 0xf0, 0xc, 0xf9, 0x0, 0x0,
    0x9f, 0xc0, 0x5, 0xff, 0x70, 0x7, 0xff, 0x50,
    0x0, 0x9f, 0xff, 0xff, 0xfa, 0x0, 0x0, 0x6,
    0xcf, 0xfc, 0x60, 0x0,

    /* U+014D "ō" */
    0x0, 0xcf, 0xff, 0xfb, 0x0, 0x0, 0x7a, 0xaa,
    0xa7, 0x0, 0x0, 0x0, 0x0, 0x0, 0x0, 0x0,
    0x5c, 0xff, 0xc5, 0x0, 0x8, 0xff, 0xee, 0xff,
    0x80, 0x4f, 0xf5, 0x0, 0x5f, 0xf4, 0xaf, 0x90,
    0x0, 0x9, 0xfa, 0xdf, 0x40, 0x0, 0x4, 0xfd,
    0xef, 0x30, 0x0, 0x3, 0xfe, 0xdf, 0x40, 0x0,
    0x4, 0xfd, 0xaf, 0x90, 0x0, 0x9, 0xfa, 0x3f,
    0xf5, 0x0, 0x5f, 0xf3, 0x8, 0xff, 0xff, 0xff,
    0x80, 0x0, 0x5c, 0xff, 0xc5, 0x0,

    /* U+0150 "Ő" */
    0x0, 0x0, 0x4b, 0x93, 0xb9, 0x0, 0x0, 0x0,
    0xcf, 0x3b, 0xf4, 0x0, 0x0, 0x3, 0xf9, 0x3f,
    0x90, 0x0, 0x0, 0x0, 0x0, 0x0, 0x0, 0x0,
    0x0, 0x0, 0x0, 0x0, 0x0, 0x0, 0x0, 0x6,
    0xcf, 0xfc, 0x60, 0x0, 0x0, 0xaf, 0xff, 0xff,
    0xfa, 0x0, 0x5, 0xff, 0x70, 0x7, 0xff, 0x50,
    0xc, 0xf9, 0x0, 0x0, 0x9f, 0xc0, 0xf, 0xf3,
    0x0, 0x0, 0x3f, 0xf0, 0x3f, 0xf0, 0x0, 0x0,
    0xf, 0xf3, 0x4f, 0xe0, 0x0, 0x0, 0xe, 0xf4,
    0x4f, 0xe0, 0x0, 0x0, 0xe, 0xf4, 0x3f, 0xf0,
    0x0, 0x0, 0xf, 0xf3, 0xf, 0xf3, 0x0, 0x0,
    0x3f, 0xf0, 0xc, 0xf9, 0x0, 0x0, 0x9f, 0xc0,
    0x5, 0xff, 0x70, 0x7, 0xff, 0x50, 0x0, 0x9f,
    0xff, 0xff, 0xfa, 0x0, 0x0, 0x6, 0xcf, 0xfc,
    0x60, 0x0,

    /* U+0151 "ő" */
    0x0, 0x6, 0xfb, 0x6f, 0xb0, 0x0, 0xe, 0xf1,
    0xdf, 0x20, 0x0, 0x3b, 0x53, 0xb6, 0x0, 0x0,
    0x5c, 0xff, 0xc5, 0x0, 0x8, 0xff, 0xee, 0xff,
    0x80, 0x4f, 0xf5, 0x0, 0x5f, 0xf4, 0xaf, 0x90,
    0x0, 0x9, 0xfa, 0xdf, 0x40, 0x0, 0x4, 0xfd,
    0xef, 0x30, 0x0, 0x3, 0xfe, 0xdf, 0x40, 0x0,
    0x4, 0xfd, 0xaf, 0x90, 0x0, 0x9, 0xfa, 0x3f,
    0xf5, 0x0, 0x5f, 0xf3, 0x8, 0xff, 0xff, 0xff,
    0x80, 0x0, 0x5c, 0xff, 0xc5, 0x0,

    /* U+0152 "Œ" */
    0x0, 0x8e, 0xfb, 0x9f, 0xff, 0xfa, 0x8, 0xff,
    0xff, 0xff, 0xff, 0xfa, 0x1f, 0xf4, 0x9, 0xff,
    0x70, 0x0, 0x6f, 0xa0, 0x1, 0xff, 0x70, 0x0,
    0x9f, 0x70, 0x0, 0xdf, 0x70, 0x0, 0xbf, 0x50,
    0x0, 0xcf, 0xff, 0xf6, 0xcf, 0x40, 0x0, 0xbf,
    0xff, 0xf6, 0xcf, 0x40, 0x0, 0xbf, 0x70, 0x0,
    0xbf, 0x50, 0x0, 0xcf, 0x70, 0x0, 0x9f, 0x70,
    0x0, 0xdf, 0x70, 0x0, 0x6f, 0xa0, 0x1, 0xff,
    0x70, 0x0, 0x1f, 0xf4, 0x9, 0xff, 0x70, 0x0,
    0x8, 0xff, 0xff, 0xff, 0xff, 0xfc, 0x0, 0x8e,
    0xfb, 0x9f, 0xff, 0xfc,

    /* U+0153 "œ" */
    0x2, 0xcf, 0xd3, 0x3d, 0xfd, 0x40, 0xe, 0xfe,
    0xfe, 0xff, 0xef, 0xf1, 0x6f, 0xb0, 0x8f, 0xf7,
    0xa, 0xf7, 0xaf, 0x50, 0x3f, 0xf1, 0x4, 0xfb,
    0xcf, 0x30, 0x1f, 0xfa, 0xab, 0xfc, 0xcf, 0x30,
    0xf, 0xff, 0xff, 0xfd, 0xcf, 0x30, 0x1f, 0xf0,
    0x0, 0x0, 0xaf, 0x50, 0x3f, 0xf2, 0x2, 0x74,
    0x6f, 0xb0, 0x9f, 0xf9, 0x9, 0xf7, 0xe, 0xff,
    0xfe, 0xef, 0xef, 0xf1, 0x2, 0xcf, 0xc2, 0x3d,
    0xfd, 0x40,

    /* U+0154 "Ŕ" */
    0x0, 0x0, 0xb, 0xb1, 0x0, 0x0, 0x0, 0x7f,
    0x80, 0x0, 0x0, 0x0, 0xed, 0x0, 0x0, 0x0,
    0x0, 0x0, 0x0, 0x0, 0x0, 0x0, 0x0, 0x0,
    0x0, 0xaf, 0xff, 0xff, 0xc6, 0x0, 0xaf, 0xff,
    0xff, 0xff, 0xb0, 0xaf, 0x70, 0x1, 0x6f, 0xf4,
    0xaf, 0x70, 0x0, 0xa, 0xf8, 0xaf, 0x70, 0x0,
    0xa, 0xf8, 0xaf, 0x70, 0x0, 0x6f, 0xf4, 0xaf,
    0xff, 0xff, 0xff, 0x80, 0xaf, 0xff, 0xff, 0xfb,
    0x20, 0xaf, 0x70, 0x0, 0x5f, 0xe1, 0xaf, 0x70,
    0x0, 0xc, 0xf5, 0xaf, 0x70, 0x0, 0x9, 0xf7,
    0xaf, 0x70, 0x0, 0x8, 0xf8, 0xaf, 0x70, 0x0,
    0x7, 0xfa, 0xaf, 0x70, 0x0, 0x6, 0xfb,

    /* U+0155 "ŕ" */
    0x0, 0x0, 0x1, 0xff, 0x20, 0x0, 0x0, 0x8,
    0xf6, 0x0, 0x0, 0x0, 0xa, 0x90, 0x0, 0x5f,
    0xff, 0xf1, 0xbf, 0xfe, 0x3b, 0xbe, 0xfb, 0xfb,
    0xba, 0x0, 0xa, 0xfe, 0x10, 0x0, 0x0, 0xa,
    0xf8, 0x0, 0x0, 0x0, 0xa, 0xf6, 0x0, 0x0,
    0x0, 0xa, 0xf6, 0x0, 0x0, 0x0, 0xa, 0xf6,
    0x0, 0x0, 0x0, 0xa, 0xf6, 0x0, 0x0, 0x0,
    0xa, 0xf6, 0x0, 0x0, 0x3b, 0xbe, 0xfd, 0xbb,
    0x80, 0x5f, 0xff, 0xff, 0xff, 0xb0,

    /* U+0156 "Ŗ" */
    0xaf, 0xff, 0xff, 0xc6, 0x0, 0xaf, 0xff, 0xff,
    0xff, 0xb0, 0xaf, 0x70, 0x1, 0x6f, 0xf4, 0xaf,
    0x70, 0x0, 0xa, 0xf8, 0xaf, 0x70, 0x0, 0xa,
    0xf8, 0xaf, 0x70, 0x0, 0x6f, 0xf4, 0xaf, 0xff,
    0xff, 0xff, 0x80, 0xaf, 0xff, 0xff, 0xfb, 0x20,
    0xaf, 0x70, 0x0, 0x5f, 0xe1, 0xaf, 0x70, 0x0,
    0xc, 0xf5, 0xaf, 0x70, 0x0, 0x9, 0xf7, 0xaf,
    0x70, 0x0, 0x8, 0xf8, 0xaf, 0x70, 0x0, 0x7,
    0xfa, 0xaf, 0x70, 0x0, 0x6, 0xfb, 0x0, 0x0,
    0x0, 0x0, 0x0, 0x0, 0x1, 0xff, 0x20, 0x0,
    0x0, 0x1, 0xff, 0x20, 0x0, 0x0, 0x0, 0x9b,
    0x0, 0x0, 0x0, 0x2, 0xf2, 0x0, 0x0,

    /* U+0157 "ŗ" */
    0x5f, 0xff, 0xf1, 0xbf, 0xfe, 0x3b, 0xbe, 0xfb,
    0xfb, 0xba, 0x0, 0xa, 0xfe, 0x10, 0x0, 0x0,
    0xa, 0xf8, 0x0, 0x0, 0x0, 0xa, 0xf6, 0x0,
    0x0, 0x0, 0xa, 0xf6, 0x0, 0x0, 0x0, 0xa,
    0xf6, 0x0, 0x0, 0x0, 0xa, 0xf6, 0x0, 0x0,
    0x0, 0xa, 0xf6, 0x0, 0x0, 0x3b, 0xbe, 0xfd,
    0xbb, 0x80, 0x5f, 0xff, 0xff, 0xff, 0xb0, 0x0,
    0x0, 0x0, 0x0, 0x0, 0x0, 0xb, 0xf7, 0x0,
    0x0, 0x0, 0xb, 0xf7, 0x0, 0x0, 0x0, 0x3,
    0xf2, 0x0, 0x0, 0x0, 0xc, 0x70, 0x0, 0x0,

    /* U+0158 "Ř" */
    0x0, 0x74, 0x1, 0x74, 0x0, 0x0, 0x9f, 0x3a,
    0xf1, 0x0, 0x0, 0xe, 0xff, 0x60, 0x0, 0x0,
    0x3, 0x87, 0x0, 0x0, 0x0, 0x0, 0x0, 0x0,
    0x0, 0xaf, 0xff, 0xff, 0xc6, 0x0, 0xaf, 0xff,
    0xff, 0xff, 0xb0, 0xaf, 0x70, 0x1, 0x6f, 0xf4,
    0xaf, 0x70, 0x0, 0xa, 0xf8, 0xaf, 0x70, 0x0,
    0xa, 0xf8, 0xaf, 0x70, 0x0, 0x6f, 0xf4, 0xaf,
    0xff, 0xff, 0xff, 0x80, 0xaf, 0xff, 0xff, 0xfb,
    0x20, 0xaf, 0x70, 0x0, 0x5f, 0xe1, 0xaf, 0x70,
    0x0, 0xc, 0xf5, 0xaf, 0x70, 0x0, 0x9, 0xf7,
    0xaf, 0x70, 0x0, 0x8, 0xf8, 0xaf, 0x70, 0x0,
    0x7, 0xfa, 0xaf, 0x70, 0x0, 0x6, 0xfb,

    /* U+0159 "ř" */
    0x0, 0xd, 0xc0, 0x4f, 0x60, 0x0, 0x3, 0xfa,
    0xec, 0x0, 0x0, 0x0, 0x9f, 0xf2, 0x0, 0x0,
    0x0, 0x0, 0x0, 0x0, 0x5f, 0xff, 0xf1, 0xbf,
    0xfe, 0x3b, 0xbe, 0xfb, 0xfb, 0xba, 0x0, 0xa,
    0xfe, 0x10, 0x0, 0x0, 0xa, 0xf8, 0x0, 0x0,
    0x0, 0xa, 0xf6, 0x0, 0x0, 0x0, 0xa, 0xf6,
    0x0, 0x0, 0x0, 0xa, 0xf6, 0x0, 0x0, 0x0,
    0xa, 0xf6, 0x0, 0x0, 0x0, 0xa, 0xf6, 0x0,
    0x0, 0x3b, 0xbe, 0xfd, 0xbb, 0x80, 0x5f, 0xff,
    0xff, 0xff, 0xb0,

    /* U+015A "Ś" */
    0x0, 0x0, 0x0, 0x8b, 0x40, 0x0, 0x0, 0x0,
    0x3, 0xfc, 0x0, 0x0, 0x0, 0x0, 0xa, 0xf2,
    0x0, 0x0, 0x0, 0x0, 0x0, 0x0, 0x0, 0x0,
    0x0, 0x0, 0x0, 0x0, 0x0, 0x0, 0x0, 0x18,
    0xdf, 0xfc, 0x60, 0x0, 0x1, 0xef, 0xff, 0xff,
    0xfa, 0x0, 0x9, 0xfe, 0x40, 0x6, 0xff, 0x50,
    0xc, 0xf6, 0x0, 0x0, 0x8f, 0xb0, 0xc, 0xf7,
    0x0, 0x0, 0x27, 0x60, 0x6, 0xff, 0x82, 0x0,
    0x0, 0x0, 0x0, 0x7f, 0xff, 0xe9, 0x30, 0x0,
    0x0, 0x0, 0x5a, 0xef, 0xfb, 0x10, 0x0, 0x0,
    0x0, 0x5, 0xdf, 0xb0, 0x1c, 0xc1, 0x0, 0x0,
    0x2f, 0xf0, 0xe, 0xf7, 0x0, 0x0, 0x1f, 0xf1,
    0x7, 0xff, 0x61, 0x2, 0xaf, 0xe0, 0x0, 0xaf,
    0xff, 0xff, 0xff, 0x40, 0x0, 0x6, 0xcf, 0xfe,
    0xa2, 0x0,

    /* U+015B "ś" */
    0x0, 0x0, 0xc, 0xf5, 0x0, 0x0, 0x0, 0x4f,
    0xa0, 0x0, 0x0, 0x0, 0x7b, 0x10, 0x0, 0x0,
    0x7d, 0xff, 0xc5, 0x0, 0xa, 0xff, 0xde, 0xff,
    0x70, 0x2f, 0xf3, 0x0, 0x5f, 0xf1, 0x3f, 0xe0,
    0x0, 0x6, 0x82, 0xe, 0xfb, 0x52, 0x0, 0x0,
    0x3, 0xcf, 0xff, 0xea, 0x20, 0x0, 0x1, 0x59,
    0xdf, 0xf2, 0x4a, 0x60, 0x0, 0xb, 0xf7, 0x3f,
    0xf4, 0x0, 0xc, 0xf6, 0x9, 0xff, 0xed, 0xff,
    0xe1, 0x0, 0x6c, 0xff, 0xe9, 0x10,

    /* U+015C "Ŝ" */
    0x0, 0x0, 0x6f, 0xf5, 0x0, 0x0, 0x0, 0x1,
    0xec, 0xce, 0x0, 0x0, 0x0, 0xa, 0xe1, 0x2f,
    0x90, 0x0, 0x0, 0x0, 0x0, 0x0, 0x0, 0x0,
    0x0, 0x0, 0x0, 0x0, 0x0, 0x0, 0x0, 0x18,
    0xdf, 0xfc, 0x60, 0x0, 0x1, 0xef, 0xff, 0xff,
    0xfa, 0x0, 0x9, 0xfe, 0x40, 0x6, 0xff, 0x50,
    0xc, 0xf6, 0x0, 0x0, 0x8f, 0xb0, 0xc, 0xf7,
    0x0, 0x0, 0x27, 0x60, 0x6, 0xff, 0x82, 0x0,
    0x0, 0x0, 0x0, 0x7f, 0xff, 0xe9, 0x30, 0x0,
    0x0, 0x0, 0x5a, 0xef, 0xfb, 0x10, 0x0, 0x0,
    0x0, 0x5, 0xdf, 0xb0, 0x1c, 0xc1, 0x0, 0x0,
    0x2f, 0xf0, 0xe, 0xf7, 0x0, 0x0, 0x1f, 0xf1,
    0x7, 0xff, 0x61, 0x2, 0xaf, 0xe0, 0x0, 0xaf,
    0xff, 0xff, 0xff, 0x40, 0x0, 0x6, 0xcf, 0xfe,
    0xa2, 0x0,

    /* U+015D "ŝ" */
    0x0, 0x5, 0xff, 0x60, 0x0, 0x0, 0x1e, 0xcc,
    0xe1, 0x0, 0x0, 0x9e, 0x21, 0xe9, 0x0, 0x0,
    0x0, 0x0, 0x0, 0x0, 0x0, 0x7d, 0xff, 0xc5,
    0x0, 0xa, 0xff, 0xde, 0xff, 0x70, 0x2f, 0xf3,
    0x0, 0x5f, 0xf1, 0x3f, 0xe0, 0x0, 0x6, 0x82,
    0xe, 0xfb, 0x52, 0x0, 0x0, 0x3, 0xcf, 0xff,
    0xea, 0x20, 0x0, 0x1, 0x59, 0xdf, 0xf2, 0x4a,
    0x60, 0x0, 0xb, 0xf7, 0x3f, 0xf4, 0x0, 0xc,
    0xf6, 0x9, 0xff, 0xed, 0xff, 0xe1, 0x0, 0x6c,
    0xff, 0xe9, 0x10,

    /* U+015E "Ş" */
    0x0, 0x18, 0xdf, 0xfc, 0x60, 0x0, 0x1, 0xef,
    0xff, 0xff, 0xfa, 0x0, 0x9, 0xfe, 0x40, 0x6,
    0xff, 0x50, 0xc, 0xf6, 0x0, 0x0, 0x8f, 0xb0,
    0xc, 0xf7, 0x0, 0x0, 0x27, 0x60, 0x6, 0xff,
    0x82, 0x0, 0x0, 0x0, 0x0, 0x7f, 0xff, 0xe9,
    0x30, 0x0, 0x0, 0x0, 0x5a, 0xef, 0xfb, 0x10,
    0x0, 0x0, 0x0, 0x5, 0xdf, 0xb0, 0x1c, 0xc1,
    0x0, 0x0, 0x2f, 0xf0, 0xe, 0xf7, 0x0, 0x0,
    0x1f, 0xf1, 0x7, 0xff, 0x61, 0x2, 0xaf, 0xe0,
    0x0, 0xaf, 0xff, 0xff, 0xff, 0x40, 0x0, 0x6,
    0xcf, 0xfe, 0xa2, 0x0, 0x0, 0x0, 0x1f, 0xb3,
    0x0, 0x0, 0x0, 0x0, 0x3, 0x9f, 0x10, 0x0,
    0x0, 0x4, 0xa1, 0x5f, 0x20, 0x0, 0x0, 0x1,
    0xdf, 0xfa, 0x0, 0x0, 0x0, 0x0, 0x3, 0x20,
    0x0, 0x0,

    /* U+015F "ş" */
    0x0, 0x7d, 0xff, 0xc5, 0x0, 0xa, 0xff, 0xde,
    0xff, 0x70, 0x2f, 0xf3, 0x0, 0x5f, 0xf1, 0x3f,
    0xe0, 0x0, 0x6, 0x82, 0xe, 0xfb, 0x52, 0x0,
    0x0, 0x3, 0xcf, 0xff, 0xea, 0x20, 0x0, 0x1,
    0x59, 0xdf, 0xf2, 0x4a, 0x60, 0x0, 0xb, 0xf7,
    0x3f, 0xf4, 0x0, 0xc, 0xf6, 0x9, 0xff, 0xed,
    0xff, 0xe1, 0x0, 0x6c, 0xff, 0xe9, 0x10, 0x0,
    0x1, 0xfb, 0x30, 0x0, 0x0, 0x0, 0x49, 0xf1,
    0x0, 0x0, 0x3a, 0x14, 0xf2, 0x0, 0x0, 0x1d,
    0xff, 0xa0, 0x0, 0x0, 0x0, 0x32, 0x0, 0x0,

    /* U+0160 "Š" */
    0x0, 0xa, 0xe0, 0xe, 0xa0, 0x0, 0x0, 0x2,
    0xf8, 0x8f, 0x20, 0x0, 0x0, 0x0, 0xaf, 0xfa,
    0x0, 0x0, 0x0, 0x0, 0x2b, 0xb2, 0x0, 0x0,
    0x0, 0x0, 0x0, 0x0, 0x0, 0x0, 0x0, 0x18,
    0xdf, 0xfd, 0x81, 0x0, 0x1, 0xef, 0xff, 0xff,
    0xfe, 0x10, 0x9, 0xfe, 0x40, 0x4, 0xdf, 0x90,
    0xc, 0xf6, 0x0, 0x0, 0x28, 0x60, 0xc, 0xf7,
    0x0, 0x0, 0x0, 0x0, 0x6, 0xff, 0x82, 0x0,
    0x0, 0x0, 0x0, 0x7f, 0xff, 0xe9, 0x30, 0x0,
    0x0, 0x0, 0x5a, 0xef, 0xfb, 0x10, 0x2, 0x20,
    0x0, 0x5, 0xdf, 0xb0, 0xf, 0xf2, 0x0, 0x0,
    0x2f, 0xf0, 0xc, 0xf8, 0x0, 0x0, 0x1f, 0xf1,
    0x5, 0xff, 0x71, 0x2, 0xaf, 0xe0, 0x0, 0x9f,
    0xff, 0xff, 0xff, 0x40, 0x0, 0x5, 0xcf, 0xfe,
    0xa2, 0x0,

    /* U+0161 "š" */
    0x0, 0x8f, 0x21, 0xea, 0x0, 0x0, 0xd, 0xcb,
    0xe1, 0x0, 0x0, 0x4, 0xee, 0x50, 0x0, 0x0,
    0x0, 0x0, 0x0, 0x0, 0x0, 0x7d, 0xff, 0xc5,
    0x0, 0xa, 0xff, 0xde, 0xff, 0x70, 0x2f, 0xf3,
    0x0, 0x5f, 0xf1, 0x3f, 0xe0, 0x0, 0x5, 0x72,
    0xe, 0xfb, 0x52, 0x0, 0x0, 0x3, 0xcf, 0xff,
    0xea, 0x20, 0x0, 0x1, 0x59, 0xdf, 0xf2, 0x4a,
    0x60, 0x0, 0xb, 0xf7, 0x3f, 0xf4, 0x0, 0xc,
    0xf6, 0x9, 0xff, 0xed, 0xff, 0xe1, 0x0, 0x6c,
    0xff, 0xe9, 0x10,

    /* U+0162 "Ţ" */
    0x3f, 0xff, 0xff, 0xff, 0xff, 0xf3, 0x3f, 0xff,
    0xff, 0xff, 0xff, 0xf3, 0x0, 0x0, 0xf, 0xf0,
    0x0, 0x0, 0x0, 0x0, 0xf, 0xf0, 0x0, 0x0,
    0x0, 0x0, 0xf, 0xf0, 0x0, 0x0, 0x0, 0x0,
    0xf, 0xf0, 0x0, 0x0, 0x0, 0x0, 0xf, 0xf0,
    0x0, 0x0, 0x0, 0x0, 0xf, 0xf0, 0x0, 0x0,
    0x0, 0x0, 0xf, 0xf0, 0x0, 0x0, 0x0, 0x0,
    0xf, 0xf0, 0x0, 0x0, 0x0, 0x0, 0xf, 0xf0,
    0x0, 0x0, 0x0, 0x0, 0xf, 0xf0, 0x0, 0x0,
    0x0, 0x0, 0xf, 0xf0, 0x0, 0x0, 0x0, 0x0,
    0xf, 0xf0, 0x0, 0x0, 0x0, 0x0, 0x1e, 0xa1,
    0x0, 0x0, 0x0, 0x0, 0x6, 0xbe, 0x0, 0x0,
    0x0, 0x3, 0x91, 0x5f, 0x20, 0x0, 0x0, 0x2,
    0xef, 0xfa, 0x0, 0x0, 0x0, 0x0, 0x3, 0x20,
    0x0, 0x0,

    /* U+0163 "ţ" */
    0x0, 0x0, 0x58, 0x20, 0x0, 0x0, 0x0, 0xb,
    0xf5, 0x0, 0x0, 0x0, 0x0, 0xbf, 0x50, 0x0,
    0x0, 0xff, 0xff, 0xff, 0xff, 0xf7, 0xb, 0xbb,
    0xef, 0xdb, 0xbb, 0x50, 0x0, 0xb, 0xf5, 0x0,
    0x0, 0x0, 0x0, 0xbf, 0x50, 0x0, 0x0, 0x0,
    0xb, 0xf5, 0x0, 0x0, 0x0, 0x0, 0xbf, 0x50,
    0x0, 0x0, 0x0, 0xb, 0xf5, 0x0, 0x0, 0x0,
    0x0, 0xbf, 0x50, 0x0, 0x0, 0x0, 0xa, 0xf7,
    0x0, 0x0, 0x0, 0x0, 0x5f, 0xfc, 0xbb, 0x50,
    0x0, 0x0, 0x7e, 0xff, 0xf7, 0x0, 0x0, 0x0,
    0xdb, 0x10, 0x0, 0x0, 0x0, 0x6, 0xaf, 0x10,
    0x0, 0x0, 0x29, 0x13, 0xf4, 0x0, 0x0, 0x1,
    0xcf, 0xfc, 0x0, 0x0, 0x0, 0x0, 0x22, 0x0,
    0x0,

    /* U+0164 "Ť" */
    0x0, 0x6, 0x60, 0x6, 0x60, 0x0, 0x0, 0x4,
    0xf7, 0x7f, 0x40, 0x0, 0x0, 0x0, 0xaf, 0xfa,
    0x0, 0x0, 0x0, 0x0, 0x18, 0x81, 0x0, 0x0,
    0x0, 0x0, 0x0, 0x0, 0x0, 0x0, 0x3f, 0xff,
    0xff, 0xff, 0xff, 0xf3, 0x3f, 0xff, 0xff, 0xff,
    0xff, 0xf3, 0x0, 0x0, 0xf, 0xf0, 0x0, 0x0,
    0x0, 0x0, 0xf, 0xf0, 0x0, 0x0, 0x0, 0x0,
    0xf, 0xf0, 0x0, 0x0, 0x0, 0x0, 0xf, 0xf0,
    0x0, 0x0, 0x0, 0x0, 0xf, 0xf0, 0x0, 0x0,
    0x0, 0x0, 0xf, 0xf0, 0x0, 0x0, 0x0, 0x0,
    0xf, 0xf0, 0x0, 0x0, 0x0, 0x0, 0xf, 0xf0,
    0x0, 0x0, 0x0, 0x0, 0xf, 0xf0, 0x0, 0x0,
    0x0, 0x0, 0xf, 0xf0, 0x0, 0x0, 0x0, 0x0,
    0xf, 0xf0, 0x0, 0x0, 0x0, 0x0, 0xf, 0xf0,
    0x0, 0x0,

    /* U+0165 "ť" */
    0x0, 0x0, 0x0, 0x0, 0xef, 0x0, 0x0, 0x0,
    0x0, 0xf, 0xc0, 0x0, 0x0, 0x0, 0x1, 0xf9,
    0x0, 0x0, 0x6, 0x93, 0x3f, 0x50, 0x0, 0x0,
    0xbf, 0x55, 0xf2, 0x0, 0x0, 0xb, 0xf5, 0x2,
    0x0, 0xf, 0xff, 0xff, 0xff, 0xff, 0x70, 0xbb,
    0xbe, 0xfd, 0xbb, 0xb5, 0x0, 0x0, 0xbf, 0x50,
    0x0, 0x0, 0x0, 0xb, 0xf5, 0x0, 0x0, 0x0,
    0x0, 0xbf, 0x50, 0x0, 0x0, 0x0, 0xb, 0xf5,
    0x0, 0x0, 0x0, 0x0, 0xbf, 0x50, 0x0, 0x0,
    0x0, 0xb, 0xf5, 0x0, 0x0, 0x0, 0x0, 0xaf,
    0x70, 0x0, 0x0, 0x0, 0x5, 0xff, 0xcb, 0xb5,
    0x0, 0x0, 0x7, 0xef, 0xff, 0x70,

    /* U+0166 "Ŧ" */
    0x3f, 0xff, 0xff, 0xff, 0xff, 0xf3, 0x3f, 0xff,
    0xff, 0xff, 0xff, 0xf3, 0x0, 0x0, 0xf, 0xf0,
    0x0, 0x0, 0x0, 0x0, 0xf, 0xf0, 0x0, 0x0,
    0x0, 0x0, 0xf, 0xf0, 0x0, 0x0, 0x0, 0x0,
    0xf, 0xf0, 0x0, 0x0, 0x0, 0x3d, 0xdf, 0xfd,
    0xd3, 0x0, 0x0, 0x4f, 0xff, 0xff, 0xf4, 0x0,
    0x0, 0x0, 0xf, 0xf0, 0x0, 0x0, 0x0, 0x0,
    0xf, 0xf0, 0x0, 0x0, 0x0, 0x0, 0xf, 0xf0,
    0x0, 0x0, 0x0, 0x0, 0xf, 0xf0, 0x0, 0x0,
    0x0, 0x0, 0xf, 0xf0, 0x0, 0x0, 0x0, 0x0,
    0xf, 0xf0, 0x0, 0x0,

    /* U+0167 "ŧ" */
    0x0, 0x0, 0x58, 0x20, 0x0, 0x0, 0x0, 0xb,
    0xf5, 0x0, 0x0, 0x0, 0x0, 0xbf, 0x50, 0x0,
    0x0, 0xff, 0xff, 0xff, 0xff, 0xf7, 0xb, 0xbb,
    0xef, 0xdb, 0xbb, 0x50, 0x0, 0xb, 0xf5, 0x0,
    0x0, 0x0, 0x0, 0xbf, 0x50, 0x0, 0x0, 0x8,
    0x8d, 0xfa, 0x88, 0x40, 0x0, 0xff, 0xff, 0xff,
    0xf8, 0x0, 0x0, 0xb, 0xf5, 0x0, 0x0, 0x0,
    0x0, 0xbf, 0x50, 0x0, 0x0, 0x0, 0xa, 0xf7,
    0x0, 0x0, 0x0, 0x0, 0x5f, 0xfc, 0xbb, 0x50,
    0x0, 0x0, 0x7e, 0xff, 0xf7,

    /* U+0168 "Ũ" */
    0x0, 0x0, 0x0, 0x0, 0x0, 0x0, 0x6f, 0xb0,
    0xf, 0x20, 0x0, 0xe7, 0xb9, 0x4f, 0x0, 0x2,
    0xf0, 0x1d, 0xf8, 0x0, 0x0, 0x30, 0x0, 0x20,
    0x0, 0x0, 0x0, 0x0, 0x0, 0x0, 0xdf, 0x40,
    0x0, 0x4, 0xfd, 0xdf, 0x40, 0x0, 0x4, 0xfd,
    0xdf, 0x40, 0x0, 0x4, 0xfd, 0xdf, 0x40, 0x0,
    0x4, 0xfd, 0xdf, 0x40, 0x0, 0x4, 0xfd, 0xdf,
    0x40, 0x0, 0x4, 0xfd, 0xdf, 0x40, 0x0, 0x4,
    0xfd, 0xdf, 0x40, 0x0, 0x4, 0xfd, 0xdf, 0x40,
    0x0, 0x4, 0xfd, 0xdf, 0x50, 0x0, 0x5, 0xfd,
    0xaf, 0x80, 0x0, 0x9, 0xfa, 0x5f, 0xf6, 0x0,
    0x6f, 0xf5, 0xa, 0xff, 0xff, 0xff, 0xa0, 0x0,
    0x6d, 0xff, 0xd6, 0x0,

    /* U+0169 "ũ" */
    0x0, 0x0, 0x0, 0x0, 0x0, 0x1, 0xcf, 0xff,
    0xfd, 0x0, 0x1, 0x34, 0x43, 0x30, 0x0, 0x0,
    0x0, 0x0, 0x0, 0x0, 0x4f, 0xb0, 0x0, 0xd,
    0xf3, 0x4f, 0xb0, 0x0, 0xd, 0xf3, 0x4f, 0xb0,
    0x0, 0xd, 0xf3, 0x4f, 0xb0, 0x0, 0xd, 0xf3,
    0x4f, 0xb0, 0x0, 0xd, 0xf3, 0x4f, 0xb0, 0x0,
    0xd, 0xf3, 0x4f, 0xb0, 0x0, 0xd, 0xf3, 0x4f,
    0xd0, 0x0, 0xf, 0xf3, 0x1f, 0xf4, 0x0, 0x9f,
    0xf3, 0xa, 0xff, 0xde, 0xec, 0xf3, 0x0, 0x9f,
    0xfb, 0x2b, 0xf3,

    /* U+016A "Ū" */
    0x0, 0xcf, 0xff, 0xfb, 0x0, 0x0, 0x7a, 0xaa,
    0xa7, 0x0, 0x0, 0x0, 0x0, 0x0, 0x0, 0x0,
    0x0, 0x0, 0x0, 0x0, 0xdf, 0x40, 0x0, 0x4,
    0xfd, 0xdf, 0x40, 0x0, 0x4, 0xfd, 0xdf, 0x40,
    0x0, 0x4, 0xfd, 0xdf, 0x40, 0x0, 0x4, 0xfd,
    0xdf, 0x40, 0x0, 0x4, 0xfd, 0xdf, 0x40, 0x0,
    0x4, 0xfd, 0xdf, 0x40, 0x0, 0x4, 0xfd, 0xdf,
    0x40, 0x0, 0x4, 0xfd, 0xdf, 0x40, 0x0, 0x4,
    0xfd, 0xdf, 0x50, 0x0, 0x5, 0xfd, 0xaf, 0x80,
    0x0, 0x9, 0xfa, 0x5f, 0xf6, 0x0, 0x6f, 0xf5,
    0xa, 0xff, 0xff, 0xff, 0xa0, 0x0, 0x6d, 0xff,
    0xd6, 0x0,

    /* U+016B "ū" */
    0x0, 0xef, 0xff, 0xf9, 0x0, 0x0, 0x9a, 0xaa,
    0xa6, 0x0, 0x0, 0x0, 0x0, 0x0, 0x0, 0x4f,
    0xb0, 0x0, 0xd, 0xf3, 0x4f, 0xb0, 0x0, 0xd,
    0xf3, 0x4f, 0xb0, 0x0, 0xd, 0xf3, 0x4f, 0xb0,
    0x0, 0xd, 0xf3, 0x4f, 0xb0, 0x0, 0xd, 0xf3,
    0x4f, 0xb0, 0x0, 0xd, 0xf3, 0x4f, 0xb0, 0x0,
    0xd, 0xf3, 0x4f, 0xd0, 0x0, 0xf, 0xf3, 0x1f,
    0xf4, 0x0, 0x9f, 0xf3, 0xa, 0xff, 0xde, 0xec,
    0xf3, 0x0, 0x9f, 0xfb, 0x2b, 0xf3,

    /* U+016C "Ŭ" */
    0x0, 0xd8, 0x0, 0x8d, 0x0, 0x0, 0x8e, 0x33,
    0xe8, 0x0, 0x0, 0x1c, 0xff, 0xc1, 0x0, 0x0,
    0x0, 0x33, 0x0, 0x0, 0x0, 0x0, 0x0, 0x0,
    0x0, 0xdf, 0x40, 0x0, 0x4, 0xfd, 0xdf, 0x40,
    0x0, 0x4, 0xfd, 0xdf, 0x40, 0x0, 0x4, 0xfd,
    0xdf, 0x40, 0x0, 0x4, 0xfd, 0xdf, 0x40, 0x0,
    0x4, 0xfd, 0xdf, 0x40, 0x0, 0x4, 0xfd, 0xdf,
    0x40, 0x0, 0x4, 0xfd, 0xdf, 0x40, 0x0, 0x4,
    0xfd, 0xdf, 0x40, 0x0, 0x4, 0xfd, 0xdf, 0x50,
    0x0, 0x5, 0xfd, 0xaf, 0x80, 0x0, 0x9, 0xfa,
    0x5f, 0xf6, 0x0, 0x6f, 0xf5, 0xa, 0xff, 0xff,
    0xff, 0xa0, 0x0, 0x6d, 0xff, 0xd6, 0x0,

    /* U+016D "ŭ" */
    0x0, 0x0, 0x11, 0x0, 0x0, 0x0, 0xaf, 0xff,
    0xf7, 0x0, 0x0, 0x2, 0x43, 0x10, 0x0, 0x0,
    0x0, 0x0, 0x0, 0x0, 0x4f, 0xb0, 0x0, 0xd,
    0xf3, 0x4f, 0xb0, 0x0, 0xd, 0xf3, 0x4f, 0xb0,
    0x0, 0xd, 0xf3, 0x4f, 0xb0, 0x0, 0xd, 0xf3,
    0x4f, 0xb0, 0x0, 0xd, 0xf3, 0x4f, 0xb0, 0x0,
    0xd, 0xf3, 0x4f, 0xb0, 0x0, 0xd, 0xf3, 0x4f,
    0xd0, 0x0, 0xf, 0xf3, 0x1f, 0xf4, 0x0, 0x9f,
    0xf3, 0xa, 0xff, 0xde, 0xec, 0xf3, 0x0, 0x9f,
    0xfb, 0x2b, 0xf3,

    /* U+016E "Ů" */
    0x0, 0x5, 0xee, 0x50, 0x0, 0x0, 0xe, 0x66,
    0xe0, 0x0, 0x0, 0x7, 0xff, 0x70, 0x0, 0x0,
    0x0, 0x11, 0x0, 0x0, 0x0, 0x0, 0x0, 0x0,
    0x0, 0xdf, 0x40, 0x0, 0x4, 0xfd, 0xdf, 0x40,
    0x0, 0x4, 0xfd, 0xdf, 0x40, 0x0, 0x4, 0xfd,
    0xdf, 0x40, 0x0, 0x4, 0xfd, 0xdf, 0x40, 0x0,
    0x4, 0xfd, 0xdf, 0x40, 0x0, 0x4, 0xfd, 0xdf,
    0x40, 0x0, 0x4, 0xfd, 0xdf, 0x40, 0x0, 0x4,
    0xfd, 0xdf, 0x40, 0x0, 0x4, 0xfd, 0xdf, 0x50,
    0x0, 0x5, 0xfd, 0xaf, 0x80, 0x0, 0x9, 0xfa,
    0x5f, 0xf6, 0x0, 0x6f, 0xf5, 0xa, 0xff, 0xff,
    0xff, 0xa0, 0x0, 0x6d, 0xff, 0xd6, 0x0,

    /* U+016F "ů" */
    0x0, 0x5, 0xed, 0x20, 0x0, 0x0, 0xf, 0x59,
    0xb0, 0x0, 0x0, 0xf, 0x36, 0xb0, 0x0, 0x0,
    0x7, 0xff, 0x40, 0x0, 0x0, 0x0, 0x10, 0x0,
    0x0, 0x4f, 0xb0, 0x0, 0xd, 0xf3, 0x4f, 0xb0,
    0x0, 0xd, 0xf3, 0x4f, 0xb0, 0x0, 0xd, 0xf3,
    0x4f, 0xb0, 0x0, 0xd, 0xf3, 0x4f, 0xb0, 0x0,
    0xd, 0xf3, 0x4f, 0xb0, 0x0, 0xd, 0xf3, 0x4f,
    0xb0, 0x0, 0xd, 0xf3, 0x4f, 0xd0, 0x0, 0xf,
    0xf3, 0x1f, 0xf4, 0x0, 0x9f, 0xf3, 0xa, 0xff,
    0xde, 0xec, 0xf3, 0x0, 0x9f, 0xfb, 0x2b, 0xf3,

    /* U+0170 "Ű" */
    0x0, 0x4, 0xb9, 0x3b, 0x90, 0x0, 0xc, 0xf3,
    0xbf, 0x40, 0x0, 0x3f, 0x93, 0xf9, 0x0, 0x0,
    0x0, 0x0, 0x0, 0x0, 0x0, 0x0, 0x0, 0x0,
    0x0, 0xdf, 0x40, 0x0, 0x4, 0xfd, 0xdf, 0x40,
    0x0, 0x4, 0xfd, 0xdf, 0x40, 0x0, 0x4, 0xfd,
    0xdf, 0x40, 0x0, 0x4, 0xfd, 0xdf, 0x40, 0x0,
    0x4, 0xfd, 0xdf, 0x40, 0x0, 0x4, 0xfd, 0xdf,
    0x40, 0x0, 0x4, 0xfd, 0xdf, 0x40, 0x0, 0x4,
    0xfd, 0xdf, 0x40, 0x0, 0x4, 0xfd, 0xdf, 0x50,
    0x0, 0x5, 0xfd, 0xaf, 0x80, 0x0, 0x9, 0xfa,
    0x5f, 0xf6, 0x0, 0x6f, 0xf5, 0xa, 0xff, 0xff,
    0xff, 0xa0, 0x0, 0x6d, 0xff, 0xd6, 0x0,

    /* U+0171 "ű" */
    0x0, 0x8, 0xf9, 0x8f, 0xa0, 0x0, 0x1f, 0xe1,
    0xee, 0x10, 0x0, 0x4b, 0x44, 0xb4, 0x0, 0x4f,
    0xb0, 0x0, 0xd, 0xf3, 0x4f, 0xb0, 0x0, 0xd,
    0xf3, 0x4f, 0xb0, 0x0, 0xd, 0xf3, 0x4f, 0xb0,
    0x0, 0xd, 0xf3, 0x4f, 0xb0, 0x0, 0xd, 0xf3,
    0x4f, 0xb0, 0x0, 0xd, 0xf3, 0x4f, 0xb0, 0x0,
    0xd, 0xf3, 0x4f, 0xd0, 0x0, 0xf, 0xf3, 0x1f,
    0xf4, 0x0, 0x9f, 0xf3, 0xa, 0xff, 0xde, 0xec,
    0xf3, 0x0, 0x9f, 0xfb, 0x2b, 0xf3,

    /* U+0172 "Ų" */
    0xdf, 0x40, 0x0, 0x4, 0xfd, 0xdf, 0x40, 0x0,
    0x4, 0xfd, 0xdf, 0x40, 0x0, 0x4, 0xfd, 0xdf,
    0x40, 0x0, 0x4, 0xfd, 0xdf, 0x40, 0x0, 0x4,
    0xfd, 0xdf, 0x40, 0x0, 0x4, 0xfd, 0xdf, 0x40,
    0x0, 0x4, 0xfd, 0xdf, 0x40, 0x0, 0x4, 0xfd,
    0xdf, 0x40, 0x0, 0x4, 0xfd, 0xdf, 0x50, 0x0,
    0x5, 0xfd, 0xaf, 0x80, 0x0, 0x9, 0xfa, 0x5f,
    0xf6, 0x0, 0x6f, 0xf5, 0xa, 0xff, 0xff, 0xff,
    0xa0, 0x0, 0x6d, 0xff, 0xf6, 0x0, 0x0, 0x0,
    0x8f, 0x40, 0x0, 0x0, 0x0, 0xfb, 0x0, 0x0,
    0x0, 0x2, 0xfd, 0x93, 0x0, 0x0, 0x0, 0xaf,
    0xe5, 0x0,

    /* U+0173 "ų" */
    0x4f, 0xb0, 0x0, 0xd, 0xf3, 0x4f, 0xb0, 0x0,
    0xd, 0xf3, 0x4f, 0xb0, 0x0, 0xd, 0xf3, 0x4f,
    0xb0, 0x0, 0xd, 0xf3, 0x4f, 0xb0, 0x0, 0xd,
    0xf3, 0x4f, 0xb0, 0x0, 0xd, 0xf3, 0x4f, 0xb0,
    0x0, 0xd, 0xf3, 0x4f, 0xd0, 0x0, 0xf, 0xf3,
    0x1f, 0xf4, 0x0, 0x9f, 0xf3, 0xa, 0xff, 0xde,
    0xec, 0xf3, 0x0, 0x9f, 0xfb, 0x2b, 0xf3, 0x0,
    0x0, 0x0, 0x1e, 0xb0, 0x0, 0x0, 0x0, 0xaf,
    0x10, 0x0, 0x0, 0x0, 0xdf, 0x86, 0x0, 0x0,
    0x0, 0x6e, 0xf9,

    /* U+0174 "Ŵ" */
    0x0, 0x0, 0x18, 0x81, 0x0, 0x0, 0x0, 0x0,
    0xbf, 0xfa, 0x0, 0x0, 0x0, 0x5, 0xf6, 0x7f,
    0x40, 0x0, 0x0, 0x6, 0x60, 0x7, 0x60, 0x0,
    0x0, 0x0, 0x0, 0x0, 0x0, 0x0, 0x6f, 0xb0,
    0x0, 0x0, 0xb, 0xf6, 0x4f, 0xc0, 0xb, 0xb0,
    0xc, 0xf4, 0x2f, 0xe0, 0x1f, 0xf1, 0xe, 0xf2,
    0xf, 0xf0, 0x3f, 0xf3, 0xf, 0xf0, 0xf, 0xf1,
    0x5f, 0xf5, 0x1f, 0xf0, 0xd, 0xf3, 0x8e, 0xe8,
    0x3f, 0xd0, 0xb, 0xf4, 0xac, 0xca, 0x4f, 0xb0,
    0xa, 0xf6, 0xca, 0xac, 0x6f, 0xa0, 0x8, 0xf7,
    0xe8, 0x8e, 0x7f, 0x80, 0x6, 0xfa, 0xf6, 0x6f,
    0xaf, 0x60, 0x4, 0xfd, 0xf4, 0x4f, 0xdf, 0x40,
    0x3, 0xff, 0xf2, 0x2f, 0xff, 0x30, 0x1, 0xff,
    0xf0, 0xf, 0xff, 0x10, 0x0, 0xff, 0xe0, 0xe,
    0xff, 0x0,

    /* U+0175 "ŵ" */
    0x0, 0x0, 0x6f, 0xf5, 0x0, 0x0, 0x0, 0x1,
    0xfb, 0xce, 0x10, 0x0, 0x0, 0x8, 0xc1, 0x1c,
    0x80, 0x0, 0x0, 0x0, 0x0, 0x0, 0x0, 0x0,
    0x8f, 0x80, 0x0, 0x0, 0x8, 0xf8, 0x5f, 0xb0,
    0x6, 0x60, 0xb, 0xf5, 0x2f, 0xd0, 0xf, 0xf0,
    0xd, 0xf2, 0xf, 0xf0, 0x4f, 0xf4, 0xf, 0xf0,
    0xc, 0xf2, 0x7f, 0xf7, 0x2f, 0xc0, 0x9, 0xf4,
    0xac, 0xca, 0x4f, 0x90, 0x6, 0xf7, 0xd9, 0x9d,
    0x7f, 0x60, 0x3, 0xfa, 0xf6, 0x6f, 0xaf, 0x30,
    0x0, 0xff, 0xf3, 0x3f, 0xff, 0x0, 0x0, 0xdf,
    0xf0, 0xf, 0xfd, 0x0, 0x0, 0xaf, 0xc0, 0xc,
    0xfa, 0x0,

    /* U+0176 "Ŷ" */
    0x0, 0x0, 0x17, 0x71, 0x0, 0x0, 0x0, 0x0,
    0xae, 0xf9, 0x0, 0x0, 0x0, 0x4, 0xf5, 0x6f,
    0x40, 0x0, 0x0, 0x6, 0x70, 0x7, 0x60, 0x0,
    0x0, 0x0, 0x0, 0x0, 0x0, 0x0, 0x1f, 0xf4,
    0x0, 0x0, 0x4f, 0xf1, 0x8, 0xfc, 0x0, 0x0,
    0xcf, 0x80, 0x0, 0xef, 0x40, 0x4, 0xfe, 0x10,
    0x0, 0x7f, 0xb0, 0xb, 0xf7, 0x0, 0x0, 0xe,
    0xf3, 0x3f, 0xe0, 0x0, 0x0, 0x7, 0xfb, 0xbf,
    0x70, 0x0, 0x0, 0x0, 0xef, 0xfe, 0x0, 0x0,
    0x0, 0x0, 0x6f, 0xf7, 0x0, 0x0, 0x0, 0x0,
    0x1f, 0xf1, 0x0, 0x0, 0x0, 0x0, 0xf, 0xf1,
    0x0, 0x0, 0x0, 0x0, 0xf, 0xf1, 0x0, 0x0,
    0x0, 0x0, 0xf, 0xf1, 0x0, 0x0, 0x0, 0x0,
    0xf, 0xf1, 0x0, 0x0, 0x0, 0x0, 0xf, 0xf1,
    0x0, 0x0,

    /* U+0177 "ŷ" */
    0x0, 0x0, 0x18, 0x82, 0x0, 0x0, 0x0, 0x0,
    0xcc, 0xbd, 0x0, 0x0, 0x0, 0x7, 0xc1, 0x1c,
    0x80, 0x0, 0x0, 0x0, 0x0, 0x0, 0x0, 0x0,
    0xe, 0xf3, 0x0, 0x0, 0x3f, 0xe0, 0x8, 0xf9,
    0x0, 0x0, 0x8f, 0x80, 0x3, 0xfe, 0x0, 0x0,
    0xdf, 0x30, 0x0, 0xdf, 0x40, 0x2, 0xfd, 0x0,
    0x0, 0x7f, 0x90, 0x7, 0xf8, 0x0, 0x0, 0x2f,
    0xe0, 0xd, 0xf2, 0x0, 0x0, 0xc, 0xf4, 0x2f,
    0xd0, 0x0, 0x0, 0x7, 0xf9, 0x7f, 0x70, 0x0,
    0x0, 0x1, 0xfe, 0xcf, 0x10, 0x0, 0x0, 0x0,
    0xbf, 0xfc, 0x0, 0x0, 0x0, 0x0, 0x6f, 0xf6,
    0x0, 0x0, 0x0, 0x0, 0xc, 0xf1, 0x0, 0x0,
    0x0, 0x4b, 0xdf, 0xb0, 0x0, 0x0, 0x0, 0x6f,
    0xfb, 0x10, 0x0, 0x0,

    /* U+0178 "Ÿ" */
    0x0, 0xf, 0xf3, 0x3f, 0xf0, 0x0, 0x0, 0xf,
    0xf3, 0x3f, 0xf0, 0x0, 0x0, 0x2, 0x20, 0x2,
    0x20, 0x0, 0x0, 0x0, 0x0, 0x0, 0x0, 0x0,
    0x1f, 0xf4, 0x0, 0x0, 0x4f, 0xf1, 0x8, 0xfc,
    0x0, 0x0, 0xcf, 0x80, 0x0, 0xef, 0x40, 0x4,
    0xfe, 0x10, 0x0, 0x7f, 0xb0, 0xb, 0xf7, 0x0,
    0x0, 0xe, 0xf3, 0x3f, 0xe0, 0x0, 0x0, 0x7,
    0xfb, 0xbf, 0x70, 0x0, 0x0, 0x0, 0xef, 0xfe,
    0x0, 0x0, 0x0, 0x0, 0x6f, 0xf7, 0x0, 0x0,
    0x0, 0x0, 0x1f, 0xf1, 0x0, 0x0, 0x0, 0x0,
    0xf, 0xf1, 0x0, 0x0, 0x0, 0x0, 0xf, 0xf1,
    0x0, 0x0, 0x0, 0x0, 0xf, 0xf1, 0x0, 0x0,
    0x0, 0x0, 0xf, 0xf1, 0x0, 0x0, 0x0, 0x0,
    0xf, 0xf1, 0x0, 0x0,

    /* U+0179 "Ź" */
    0x0, 0x0, 0x0, 0x8b, 0x40, 0x0, 0x0, 0x0,
    0x3, 0xfc, 0x0, 0x0, 0x0, 0x0, 0xa, 0xf2,
    0x0, 0x0, 0x0, 0x0, 0x0, 0x0, 0x0, 0x0,
    0x0, 0x0, 0x0, 0x0, 0x0, 0x0, 0xb, 0xff,
    0xff, 0xff, 0xff, 0xe0, 0xb, 0xff, 0xff, 0xff,
    0xff, 0xe0, 0x0, 0x0, 0x0, 0x0, 0xdf, 0x80,
    0x0, 0x0, 0x0, 0xa, 0xfc, 0x0, 0x0, 0x0,
    0x0, 0x6f, 0xe1, 0x0, 0x0, 0x0, 0x3, 0xff,
    0x40, 0x0, 0x0, 0x0, 0xd, 0xf8, 0x0, 0x0,
    0x0, 0x0, 0xaf, 0xb0, 0x0, 0x0, 0x0, 0x6,
    0xfe, 0x10, 0x0, 0x0, 0x0, 0x3f, 0xf4, 0x0,
    0x0, 0x0, 0x1, 0xdf, 0x80, 0x0, 0x0, 0x0,
    0xa, 0xfb, 0x0, 0x0, 0x0, 0x0, 0xf, 0xff,
    0xff, 0xff, 0xff, 0xf0, 0xf, 0xff, 0xff, 0xff,
    0xff, 0xf0,

    /* U+017A "ź" */
    0x0, 0x0, 0xd, 0xf5, 0x0, 0x0, 0x0, 0x4f,
    0xa0, 0x0, 0x0, 0x0, 0x7a, 0x10, 0x0, 0x3f,
    0xff, 0xff, 0xff, 0xf4, 0x2b, 0xbb, 0xbb, 0xcf,
    0xf4, 0x0, 0x0, 0x0, 0xaf, 0xb0, 0x0, 0x0,
    0x8, 0xfd, 0x10, 0x0, 0x0, 0x6f, 0xe1, 0x0,
    0x0, 0x5, 0xff, 0x30, 0x0, 0x0, 0x3f, 0xf4,
    0x0, 0x0, 0x2, 0xef, 0x60, 0x0, 0x0, 0x1d,
    0xf8, 0x0, 0x0, 0x0, 0x6f, 0xfb, 0xbb, 0xbb,
    0xb5, 0x7f, 0xff, 0xff, 0xff, 0xf7,

    /* U+017B "Ż" */
    0x0, 0x0, 0x1f, 0xf0, 0x0, 0x0, 0x0, 0x0,
    0x1f, 0xf0, 0x0, 0x0, 0x0, 0x0, 0x2, 0x20,
    0x0, 0x0, 0x0, 0x0, 0x0, 0x0, 0x0, 0x0,
    0xb, 0xff, 0xff, 0xff, 0xff, 0xe0, 0xb, 0xff,
    0xff, 0xff, 0xff, 0xe0, 0x0, 0x0, 0x0, 0x0,
    0xdf, 0x80, 0x0, 0x0, 0x0, 0xa, 0xfc, 0x0,
    0x0, 0x0, 0x0, 0x6f, 0xe1, 0x0, 0x0, 0x0,
    0x3, 0xff, 0x40, 0x0, 0x0, 0x0, 0xd, 0xf8,
    0x0, 0x0, 0x0, 0x0, 0xaf, 0xb0, 0x0, 0x0,
    0x0, 0x6, 0xfe, 0x10, 0x0, 0x0, 0x0, 0x3f,
    0xf4, 0x0, 0x0, 0x0, 0x1, 0xdf, 0x80, 0x0,
    0x0, 0x0, 0xa, 0xfb, 0x0, 0x0, 0x0, 0x0,
    0xf, 0xff, 0xff, 0xff, 0xff, 0xf0, 0xf, 0xff,
    0xff, 0xff, 0xff, 0xf0,

    /* U+017C "ż" */
    0x0, 0x0, 0xff, 0x0, 0x0, 0x0, 0x0, 0xff,
    0x0, 0x0, 0x0, 0x0, 0x22, 0x0, 0x0, 0x3f,
    0xff, 0xff, 0xff, 0xf4, 0x2b, 0xbb, 0xbb, 0xcf,
    0xf4, 0x0, 0x0, 0x0, 0xaf, 0xb0, 0x0, 0x0,
    0x8, 0xfd, 0x10, 0x0, 0x0, 0x6f, 0xe1, 0x0,
    0x0, 0x5, 0xff, 0x30, 0x0, 0x0, 0x3f, 0xf4,
    0x0, 0x0, 0x2, 0xef, 0x60, 0x0, 0x0, 0x1d,
    0xf8, 0x0, 0x0, 0x0, 0x6f, 0xfb, 0xbb, 0xbb,
    0xb5, 0x7f, 0xff, 0xff, 0xff, 0xf7,

    /* U+017D "Ž" */
    0x0, 0x6, 0x60, 0x6, 0x60, 0x0, 0x0, 0x4,
    0xf7, 0x7f, 0x40, 0x0, 0x0, 0x0, 0xaf, 0xfa,
    0x0, 0x0, 0x0, 0x0, 0x18, 0x81, 0x0, 0x0,
    0x0, 0x0, 0x0, 0x0, 0x0, 0x0, 0xb, 0xff,
    0xff, 0xff, 0xff, 0xe0, 0xb, 0xff, 0xff, 0xff,
    0xff, 0xe0, 0x0, 0x0, 0x0, 0x0, 0xdf, 0x80,
    0x0, 0x0, 0x0, 0xa, 0xfc, 0x0, 0x0, 0x0,
    0x0, 0x6f, 0xe1, 0x0, 0x0, 0x0, 0x3, 0xff,
    0x40, 0x0, 0x0, 0x0, 0xd, 0xf8, 0x0, 0x0,
    0x0, 0x0, 0xaf, 0xb0, 0x0, 0x0, 0x0, 0x6,
    0xfe, 0x10, 0x0, 0x0, 0x0, 0x3f, 0xf4, 0x0,
    0x0, 0x0, 0x1, 0xdf, 0x80, 0x0, 0x0, 0x0,
    0xa, 0xfb, 0x0, 0x0, 0x0, 0x0, 0xf, 0xff,
    0xff, 0xff, 0xff, 0xf0, 0xf, 0xff, 0xff, 0xff,
    0xff, 0xf0,

    /* U+017E "ž" */
    0x0, 0x9f, 0x21, 0xea, 0x0, 0x0, 0x1e, 0xcc,
    0xe1, 0x0, 0x0, 0x5, 0xff, 0x60, 0x0, 0x0,
    0x0, 0x0, 0x0, 0x0, 0x3f, 0xff, 0xff, 0xff,
    0xf4, 0x2b, 0xbb, 0xbb, 0xcf, 0xf4, 0x0, 0x0,
    0x0, 0xaf, 0xb0, 0x0, 0x0, 0x8, 0xfd, 0x10,
    0x0, 0x0, 0x6f, 0xe1, 0x0, 0x0, 0x5, 0xff,
    0x30, 0x0, 0x0, 0x3f, 0xf4, 0x0, 0x0, 0x2,
    0xef, 0x60, 0x0, 0x0, 0x1d, 0xf8, 0x0, 0x0,
    0x0, 0x6f, 0xfb, 0xbb, 0xbb, 0xb5, 0x7f, 0xff,
    0xff, 0xff, 0xf7,

    /* U+2013 "–" */
    0xe, 0xee, 0xee, 0xee, 0xe0, 0xf, 0xff, 0xff,
    0xff, 0xf0,

    /* U+2014 "—" */
    0x8e, 0xee, 0xee, 0xee, 0xee, 0xe8, 0x9f, 0xff,
    0xff, 0xff, 0xff, 0xf9,

    /* U+2018 "‘" */
    0x2, 0xf3, 0x7, 0xe0, 0xd, 0x90, 0x2f, 0xc4,
    0x3f, 0xf7, 0x3f, 0xf7,

    /* U+2019 "’" */
    0x7f, 0xf3, 0x7f, 0xf3, 0x4c, 0xf2, 0x8, 0xd0,
    0xd, 0x80, 0x3f, 0x20, 0x12, 0x0,

    /* U+201A "‚" */
    0x3a, 0xa3, 0x5f, 0xf5, 0x5f, 0xf4, 0x5, 0xf1,
    0xb, 0xa0, 0x1f, 0x40,

    /* U+201C "“" */
    0x5, 0xf0, 0x2, 0xf3, 0xa, 0xb0, 0x8, 0xd0,
    0xf, 0x50, 0xd, 0x80, 0x5f, 0xb2, 0x2f, 0xc4,
    0x6f, 0xf3, 0x3f, 0xf6, 0x6f, 0xf3, 0x3f, 0xf6,

    /* U+201D "”" */
    0x6f, 0xf3, 0x3f, 0xf6, 0x6f, 0xf3, 0x3f, 0xf6,
    0x4c, 0xf2, 0x2b, 0xf5, 0x8, 0xe0, 0x5, 0xf1,
    0xd, 0x80, 0xa, 0xb0, 0x2f, 0x30, 0xf, 0x60,
    0x2, 0x0, 0x2, 0x0,

    /* U+201E "„" */
    0x4a, 0xa2, 0x2a, 0xa4, 0x6f, 0xf3, 0x3f, 0xf6,
    0x6f, 0xf3, 0x3f, 0xf6, 0x6, 0xe0, 0x4, 0xf2,
    0xc, 0x90, 0xa, 0xb0, 0x2f, 0x30, 0xf, 0x50,

    /* U+2020 "†" */
    0x0, 0x0, 0xff, 0x0, 0x0, 0x0, 0x0, 0xff,
    0x0, 0x0, 0x0, 0x0, 0xff, 0x0, 0x0, 0x2f,
    0xff, 0xff, 0xff, 0xf2, 0x1c, 0xcc, 0xff, 0xcc,
    0xc1, 0x0, 0x0, 0xff, 0x0, 0x0, 0x0, 0x0,
    0xff, 0x0, 0x0, 0x0, 0x0, 0xff, 0x0, 0x0,
    0x0, 0x0, 0xff, 0x0, 0x0, 0x0, 0x0, 0xff,
    0x0, 0x0, 0x0, 0x0, 0xff, 0x0, 0x0, 0x0,
    0x0, 0xff, 0x0, 0x0, 0x0, 0x0, 0xff, 0x0,
    0x0, 0x0, 0x0, 0xff, 0x0, 0x0,

    /* U+2021 "‡" */
    0x0, 0x0, 0xff, 0x0, 0x0, 0x0, 0x0, 0xff,
    0x0, 0x0, 0x0, 0x0, 0xff, 0x0, 0x0, 0x2f,
    0xff, 0xff, 0xff, 0xf2, 0x1c, 0xcc, 0xff, 0xcc,
    0xc1, 0x0, 0x0, 0xff, 0x0, 0x0, 0x0, 0x0,
    0xff, 0x0, 0x0, 0x0, 0x0, 0xff, 0x0, 0x0,
    0x0, 0x0, 0xff, 0x0, 0x0, 0x2f, 0xff, 0xff,
    0xff, 0xf2, 0x1d, 0xdd, 0xff, 0xdd, 0xd1, 0x0,
    0x0, 0xff, 0x0, 0x0, 0x0, 0x0, 0xff, 0x0,
    0x0, 0x0, 0x0, 0xff, 0x0, 0x0,

    /* U+2022 "•" */
    0x3, 0xaa, 0x30, 0x1f, 0xff, 0xf1, 0x5f, 0xff,
    0xf5, 0x2f, 0xff, 0xf2, 0x6, 0xee, 0x60,

    /* U+2026 "…" */
    0x2a, 0xa5, 0x4a, 0xa3, 0x5a, 0xa2, 0x3f, 0xf8,
    0x6f, 0xf5, 0x8f, 0xf3, 0x3f, 0xf8, 0x6f, 0xf5,
    0x8f, 0xf3,

    /* U+F001 "" */
    0x0, 0x0, 0x0, 0x0, 0x0, 0x0, 0x0, 0x0,
    0x0, 0x31, 0x0, 0x0, 0x0, 0x0, 0x0, 0x0,
    0x0, 0x15, 0xae, 0xfd, 0x0, 0x0, 0x0, 0x0,
    0x0, 0x2, 0x7c, 0xff, 0xff, 0xff, 0x0, 0x0,
    0x0, 0x0, 0x49, 0xef, 0xff, 0xff, 0xff, 0xff,
    0x0, 0x0, 0x4, 0xbf, 0xff, 0xff, 0xff, 0xff,
    0xff, 0xff, 0x0, 0x0, 0xf, 0xff, 0xff, 0xff,
    0xff, 0xff, 0xff, 0xff, 0x0, 0x0, 0xf, 0xff,
    0xff, 0xff, 0xff, 0xfb, 0x69, 0xff, 0x0, 0x0,
    0xf, 0xff, 0xff, 0xfe, 0x95, 0x0, 0x8, 0xff,
    0x0, 0x0, 0xf, 0xff, 0xc7, 0x30, 0x0, 0x0,
    0x8, 0xff, 0x0, 0x0, 0xf, 0xf8, 0x0, 0x0,
    0x0, 0x0, 0x8, 0xff, 0x0, 0x0, 0xf, 0xf8,
    0x0, 0x0, 0x0, 0x0, 0x8, 0xff, 0x0, 0x0,
    0xf, 0xf8, 0x0, 0x0, 0x0, 0x0, 0x8, 0xff,
    0x0, 0x0, 0xf, 0xf8, 0x0, 0x0, 0x0, 0x0,
    0x8, 0xff, 0x0, 0x0, 0xf, 0xf8, 0x0, 0x0,
    0x1, 0x7b, 0xbd, 0xff, 0x0, 0x0, 0xf, 0xf8,
    0x0, 0x0, 0x1e, 0xff, 0xff, 0xff, 0x0, 0x13,
    0x3f, 0xf8, 0x0, 0x0, 0x7f, 0xff, 0xff, 0xff,
    0x2b, 0xff, 0xff, 0xf8, 0x0, 0x0, 0x4f, 0xff,
    0xff, 0xfc, 0xdf, 0xff, 0xff, 0xf8, 0x0, 0x0,
    0x6, 0xef, 0xff, 0xa1, 0xff, 0xff, 0xff, 0xf7,
    0x0, 0x0, 0x0, 0x2, 0x20, 0x0, 0x7f, 0xff,
    0xff, 0xd1, 0x0, 0x0, 0x0, 0x0, 0x0, 0x0,
    0x2, 0x8a, 0xa6, 0x0, 0x0, 0x0, 0x0, 0x0,
    0x0, 0x0,

    /* U+F008 "" */
    0xc4, 0x3, 0xff, 0xff, 0xff, 0xff, 0xff, 0xff,
    0x40, 0x4c, 0xfd, 0xcd, 0xff, 0xee, 0xee, 0xee,
    0xee, 0xff, 0xdc, 0xdf, 0xfa, 0x8a, 0xfa, 0x0,
    0x0, 0x0, 0x0, 0xaf, 0xb8, 0xaf, 0xf4, 0x3,
    0xfa, 0x0, 0x0, 0x0, 0x0, 0x9f, 0x40, 0x4f,
    0xf4, 0x4, 0xfa, 0x0, 0x0, 0x0, 0x0, 0x9f,
    0x50, 0x4f, 0xff, 0xff, 0xfa, 0x0, 0x0, 0x0,
    0x0, 0x9f, 0xff, 0xff, 0xf7, 0x47, 0xfd, 0x77,
    0x77, 0x77, 0x77, 0xdf, 0x84, 0x7f, 0xf4, 0x3,
    0xff, 0xff, 0xff, 0xff, 0xff, 0xff, 0x40, 0x4f,
    0xf7, 0x47, 0xfd, 0x77, 0x77, 0x77, 0x77, 0xdf,
    0x84, 0x7f, 0xff, 0xff, 0xfa, 0x0, 0x0, 0x0,
    0x0, 0x9f, 0xff, 0xff, 0xf4, 0x4, 0xfa, 0x0,
    0x0, 0x0, 0x0, 0x9f, 0x50, 0x4f, 0xf4, 0x3,
    0xfa, 0x0, 0x0, 0x0, 0x0, 0x9f, 0x40, 0x4f,
    0xfa, 0x8a, 0xfa, 0x0, 0x0, 0x0, 0x0, 0xaf,
    0xb8, 0xaf, 0xfd, 0xcd, 0xff, 0xee, 0xee, 0xee,
    0xee, 0xff, 0xdc, 0xdf, 0xc4, 0x3, 0xff, 0xff,
    0xff, 0xff, 0xff, 0xff, 0x40, 0x4c,

    /* U+F00B "" */
    0x0, 0x0, 0x0, 0x0, 0x0, 0x0, 0x0, 0x0,
    0x0, 0x0, 0xdf, 0xff, 0xfa, 0xc, 0xff, 0xff,
    0xff, 0xff, 0xff, 0xfd, 0xff, 0xff, 0xfd, 0xe,
    0xff, 0xff, 0xff, 0xff, 0xff, 0xff, 0xff, 0xff,
    0xfd, 0xe, 0xff, 0xff, 0xff, 0xff, 0xff, 0xff,
    0xff, 0xff, 0xfd, 0xe, 0xff, 0xff, 0xff, 0xff,
    0xff, 0xff, 0xcf, 0xff, 0xf9, 0xa, 0xff, 0xff,
    0xff, 0xff, 0xff, 0xfc, 0x0, 0x0, 0x0, 0x0,
    0x0, 0x0, 0x0, 0x0, 0x0, 0x0, 0xcf, 0xff,
    0xf9, 0xb, 0xff, 0xff, 0xff, 0xff, 0xff, 0xfc,
    0xff, 0xff, 0xfd, 0xe, 0xff, 0xff, 0xff, 0xff,
    0xff, 0xff, 0xff, 0xff, 0xfd, 0xe, 0xff, 0xff,
    0xff, 0xff, 0xff, 0xff, 0xff, 0xff, 0xfd, 0xe,
    0xff, 0xff, 0xff, 0xff, 0xff, 0xff, 0xcf, 0xff,
    0xfa, 0xb, 0xff, 0xff, 0xff, 0xff, 0xff, 0xfc,
    0x0, 0x0, 0x0, 0x0, 0x0, 0x0, 0x0, 0x0,
    0x0, 0x0, 0xcf, 0xff, 0xf9, 0xa, 0xff, 0xff,
    0xff, 0xff, 0xff, 0xfb, 0xff, 0xff, 0xfd, 0xe,
    0xff, 0xff, 0xff, 0xff, 0xff, 0xff, 0xff, 0xff,
    0xfd, 0xe, 0xff, 0xff, 0xff, 0xff, 0xff, 0xff,
    0xff, 0xff, 0xfd, 0xe, 0xff, 0xff, 0xff, 0xff,
    0xff, 0xff, 0xdf, 0xff, 0xfa, 0xc, 0xff, 0xff,
    0xff, 0xff, 0xff, 0xfd, 0x0, 0x0, 0x0, 0x0,
    0x0, 0x0, 0x0, 0x0, 0x0, 0x0,

    /* U+F00C "" */
    0x0, 0x0, 0x0, 0x0, 0x0, 0x0, 0x0, 0x0,
    0x4e, 0x60, 0x0, 0x0, 0x0, 0x0, 0x0, 0x0,
    0x0, 0x4, 0xff, 0xf7, 0x0, 0x0, 0x0, 0x0,
    0x0, 0x0, 0x0, 0x4f, 0xff, 0xff, 0x0, 0x0,
    0x0, 0x0, 0x0, 0x0, 0x4, 0xff, 0xff, 0xf6,
    0x0, 0x0, 0x0, 0x0, 0x0, 0x0, 0x4f, 0xff,
    0xff, 0x60, 0x6, 0xe4, 0x0, 0x0, 0x0, 0x4,
    0xff, 0xff, 0xf6, 0x0, 0x7f, 0xff, 0x40, 0x0,
    0x0, 0x4f, 0xff, 0xff, 0x60, 0x0, 0xff, 0xff,
    0xf4, 0x0, 0x4, 0xff, 0xff, 0xf6, 0x0, 0x0,
    0x6f, 0xff, 0xff, 0x40, 0x4f, 0xff, 0xff, 0x60,
    0x0, 0x0, 0x6, 0xff, 0xff, 0xf8, 0xff, 0xff,
    0xf5, 0x0, 0x0, 0x0, 0x0, 0x6f, 0xff, 0xff,
    0xff, 0xff, 0x50, 0x0, 0x0, 0x0, 0x0, 0x5,
    0xff, 0xff, 0xff, 0xf5, 0x0, 0x0, 0x0, 0x0,
    0x0, 0x0, 0x5f, 0xff, 0xff, 0x50, 0x0, 0x0,
    0x0, 0x0, 0x0, 0x0, 0x5, 0xff, 0xf5, 0x0,
    0x0, 0x0, 0x0, 0x0, 0x0, 0x0, 0x0, 0x5e,
    0x50, 0x0, 0x0, 0x0, 0x0, 0x0,

    /* U+F00D "" */
    0x6, 0x70, 0x0, 0x0, 0x0, 0x18, 0x40, 0x8f,
    0xfb, 0x0, 0x0, 0x1, 0xdf, 0xf4, 0xff, 0xff,
    0xb0, 0x0, 0x1d, 0xff, 0xfb, 0x7f, 0xff, 0xfb,
    0x1, 0xdf, 0xff, 0xf4, 0x8, 0xff, 0xff, 0xbd,
    0xff, 0xff, 0x40, 0x0, 0x8f, 0xff, 0xff, 0xff,
    0xf4, 0x0, 0x0, 0x8, 0xff, 0xff, 0xff, 0x40,
    0x0, 0x0, 0x1, 0xef, 0xff, 0xfc, 0x0, 0x0,
    0x0, 0x1d, 0xff, 0xff, 0xff, 0xb0, 0x0, 0x1,
    0xdf, 0xff, 0xff, 0xff, 0xfb, 0x0, 0x1d, 0xff,
    0xff, 0x48, 0xff, 0xff, 0xb0, 0xcf, 0xff, 0xf4,
    0x0, 0x8f, 0xff, 0xf9, 0xdf, 0xff, 0x40, 0x0,
    0x8, 0xff, 0xf9, 0x2e, 0xf4, 0x0, 0x0, 0x0,
    0x8f, 0xc0, 0x0, 0x10, 0x0, 0x0, 0x0, 0x1,
    0x0,

    /* U+F011 "" */
    0x0, 0x0, 0x0, 0x0, 0x26, 0x50, 0x0, 0x0,
    0x0, 0x0, 0x0, 0x0, 0x0, 0x0, 0xdf, 0xf3,
    0x0, 0x0, 0x0, 0x0, 0x0, 0x0, 0x64, 0x0,
    0xdf, 0xf4, 0x0, 0x72, 0x0, 0x0, 0x0, 0xb,
    0xfe, 0x10, 0xdf, 0xf4, 0x9, 0xfe, 0x30, 0x0,
    0x0, 0xaf, 0xff, 0x50, 0xdf, 0xf4, 0xe, 0xff,
    0xe1, 0x0, 0x5, 0xff, 0xfb, 0x0, 0xdf, 0xf4,
    0x5, 0xff, 0xfb, 0x0, 0xd, 0xff, 0xb0, 0x0,
    0xdf, 0xf4, 0x0, 0x5f, 0xff, 0x40, 0x4f, 0xff,
    0x20, 0x0, 0xdf, 0xf4, 0x0, 0xb, 0xff, 0xa0,
    0x8f, 0xfb, 0x0, 0x0, 0xdf, 0xf4, 0x0, 0x4,
    0xff, 0xf0, 0xbf, 0xf7, 0x0, 0x0, 0xdf, 0xf4,
    0x0, 0x1, 0xff, 0xf1, 0xbf, 0xf6, 0x0, 0x0,
    0xdf, 0xf4, 0x0, 0x0, 0xff, 0xf2, 0xbf, 0xf7,
    0x0, 0x0, 0x8d, 0xc1, 0x0, 0x0, 0xff, 0xf1,
    0x8f, 0xfa, 0x0, 0x0, 0x0, 0x0, 0x0, 0x4,
    0xff, 0xf0, 0x4f, 0xff, 0x10, 0x0, 0x0, 0x0,
    0x0, 0xa, 0xff, 0xb0, 0xe, 0xff, 0xb0, 0x0,
    0x0, 0x0, 0x0, 0x4f, 0xff, 0x50, 0x6, 0xff,
    0xf9, 0x0, 0x0, 0x0, 0x4, 0xff, 0xfc, 0x0,
    0x0, 0xaf, 0xff, 0xd5, 0x10, 0x3, 0x9f, 0xff,
    0xf2, 0x0, 0x0, 0xb, 0xff, 0xff, 0xff, 0xff,
    0xff, 0xff, 0x40, 0x0, 0x0, 0x0, 0x8f, 0xff,
    0xff, 0xff, 0xff, 0xd2, 0x0, 0x0, 0x0, 0x0,
    0x2, 0x9e, 0xff, 0xff, 0xb6, 0x0, 0x0, 0x0,
    0x0, 0x0, 0x0, 0x0, 0x12, 0x10, 0x0, 0x0,
    0x0, 0x0,

    /* U+F013 "" */
    0x0, 0x0, 0x0, 0x0, 0x2, 0x20, 0x0, 0x0,
    0x0, 0x0, 0x0, 0x0, 0x0, 0x6, 0xff, 0xff,
    0x60, 0x0, 0x0, 0x0, 0x0, 0x0, 0x0, 0x8,
    0xff, 0xff, 0x80, 0x0, 0x0, 0x0, 0x0, 0x1,
    0x0, 0x2b, 0xff, 0xff, 0xb2, 0x0, 0x10, 0x0,
    0x0, 0x8f, 0x87, 0xff, 0xff, 0xff, 0xff, 0x79,
    0xf8, 0x0, 0x4, 0xff, 0xff, 0xff, 0xff, 0xff,
    0xff, 0xff, 0xff, 0x40, 0xc, 0xff, 0xff, 0xff,
    0xff, 0xff, 0xff, 0xff, 0xff, 0xc0, 0x2f, 0xff,
    0xff, 0xff, 0xc7, 0x7c, 0xff, 0xff, 0xff, 0xf2,
    0x7, 0xff, 0xff, 0xfa, 0x0, 0x0, 0xaf, 0xff,
    0xff, 0x70, 0x0, 0x6f, 0xff, 0xf1, 0x0, 0x0,
    0x1f, 0xff, 0xf6, 0x0, 0x0, 0x7f, 0xff, 0xe0,
    0x0, 0x0, 0xe, 0xff, 0xf7, 0x0, 0x0, 0x6f,
    0xff, 0xf1, 0x0, 0x0, 0x1f, 0xff, 0xf6, 0x0,
    0x7, 0xff, 0xff, 0xfa, 0x0, 0x0, 0xaf, 0xff,
    0xff, 0x70, 0x2f, 0xff, 0xff, 0xff, 0xc7, 0x7c,
    0xff, 0xff, 0xff, 0xf2, 0xc, 0xff, 0xff, 0xff,
    0xff, 0xff, 0xff, 0xff, 0xff, 0xc0, 0x4, 0xff,
    0xff, 0xff, 0xff, 0xff, 0xff, 0xff, 0xff, 0x40,
    0x0, 0x8f, 0x97, 0xff, 0xff, 0xff, 0xff, 0x78,
    0xf8, 0x0, 0x0, 0x1, 0x0, 0x1b, 0xff, 0xff,
    0xb1, 0x0, 0x10, 0x0, 0x0, 0x0, 0x0, 0x8,
    0xff, 0xff, 0x80, 0x0, 0x0, 0x0, 0x0, 0x0,
    0x0, 0x6, 0xff, 0xff, 0x60, 0x0, 0x0, 0x0,
    0x0, 0x0, 0x0, 0x0, 0x2, 0x20, 0x0, 0x0,
    0x0, 0x0,

    /* U+F015 "" */
    0x0, 0x0, 0x0, 0x0, 0x0, 0x46, 0x10, 0x0,
    0x67, 0x60, 0x0, 0x0, 0x0, 0x0, 0x0, 0x0,
    0x9f, 0xfe, 0x20, 0xf, 0xff, 0x0, 0x0, 0x0,
    0x0, 0x0, 0x1, 0xbf, 0xff, 0xff, 0x51, 0xff,
    0xf1, 0x0, 0x0, 0x0, 0x0, 0x2, 0xdf, 0xfc,
    0x8f, 0xff, 0x8f, 0xff, 0x10, 0x0, 0x0, 0x0,
    0x4, 0xff, 0xfa, 0x0, 0x4e, 0xff, 0xff, 0xf1,
    0x0, 0x0, 0x0, 0x7, 0xff, 0xf7, 0x8, 0xd3,
    0x2d, 0xff, 0xff, 0x10, 0x0, 0x0, 0xa, 0xff,
    0xf5, 0x1b, 0xff, 0xf5, 0xb, 0xff, 0xf4, 0x0,
    0x0, 0x1c, 0xff, 0xe2, 0x2d, 0xff, 0xff, 0xf7,
    0x8, 0xff, 0xf6, 0x0, 0x3e, 0xff, 0xc1, 0x4e,
    0xff, 0xff, 0xff, 0xfa, 0x5, 0xff, 0xf9, 0xe,
    0xff, 0x90, 0x6f, 0xff, 0xff, 0xff, 0xff, 0xfc,
    0x13, 0xef, 0xf6, 0x4f, 0x70, 0x9f, 0xff, 0xff,
    0xff, 0xff, 0xff, 0xfe, 0x31, 0xcc, 0x0, 0x0,
    0x3f, 0xff, 0xff, 0xff, 0xff, 0xff, 0xff, 0xfb,
    0x0, 0x0, 0x0, 0x4, 0xff, 0xff, 0xff, 0xff,
    0xff, 0xff, 0xff, 0xc0, 0x0, 0x0, 0x0, 0x4f,
    0xff, 0xff, 0x80, 0x1, 0xef, 0xff, 0xfc, 0x0,
    0x0, 0x0, 0x4, 0xff, 0xff, 0xf6, 0x0, 0xe,
    0xff, 0xff, 0xc0, 0x0, 0x0, 0x0, 0x4f, 0xff,
    0xff, 0x60, 0x0, 0xef, 0xff, 0xfc, 0x0, 0x0,
    0x0, 0x4, 0xff, 0xff, 0xf6, 0x0, 0xe, 0xff,
    0xff, 0xc0, 0x0, 0x0, 0x0, 0x2f, 0xff, 0xff,
    0x40, 0x0, 0xcf, 0xff, 0xfa, 0x0, 0x0, 0x0,
    0x0, 0x0, 0x0, 0x0, 0x0, 0x0, 0x0, 0x0,
    0x0, 0x0, 0x0,

    /* U+F019 "" */
    0x0, 0x0, 0x0, 0x0, 0x56, 0x65, 0x0, 0x0,
    0x0, 0x0, 0x0, 0x0, 0x0, 0x7, 0xff, 0xff,
    0x70, 0x0, 0x0, 0x0, 0x0, 0x0, 0x0, 0x8,
    0xff, 0xff, 0x80, 0x0, 0x0, 0x0, 0x0, 0x0,
    0x0, 0x8, 0xff, 0xff, 0x80, 0x0, 0x0, 0x0,
    0x0, 0x0, 0x0, 0x8, 0xff, 0xff, 0x80, 0x0,
    0x0, 0x0, 0x0, 0x0, 0x0, 0x8, 0xff, 0xff,
    0x80, 0x0, 0x0, 0x0, 0x0, 0x0, 0x0, 0x8,
    0xff, 0xff, 0x80, 0x0, 0x0, 0x0, 0x0, 0x0,
    0x0, 0x8, 0xff, 0xff, 0x80, 0x0, 0x0, 0x0,
    0x0, 0x7, 0xee, 0xef, 0xff, 0xff, 0xfe, 0xee,
    0x70, 0x0, 0x0, 0x5, 0xff, 0xff, 0xff, 0xff,
    0xff, 0xff, 0x50, 0x0, 0x0, 0x0, 0x6f, 0xff,
    0xff, 0xff, 0xff, 0xf5, 0x0, 0x0, 0x0, 0x0,
    0x5, 0xff, 0xff, 0xff, 0xff, 0x50, 0x0, 0x0,
    0x0, 0x0, 0x0, 0x5f, 0xff, 0xff, 0xf5, 0x0,
    0x0, 0x0, 0x0, 0x0, 0x0, 0x5, 0xff, 0xff,
    0x50, 0x0, 0x0, 0x0, 0x7a, 0xaa, 0xaa, 0x91,
    0x4f, 0xf4, 0x19, 0xaa, 0xaa, 0xa7, 0xff, 0xff,
    0xff, 0xfd, 0x23, 0x32, 0xdf, 0xff, 0xff, 0xff,
    0xff, 0xff, 0xff, 0xff, 0xf9, 0x9f, 0xff, 0xff,
    0xff, 0xff, 0xff, 0xff, 0xff, 0xff, 0xff, 0xff,
    0xff, 0xff, 0xff, 0xff, 0xff, 0xff, 0xff, 0xff,
    0xff, 0xff, 0xfb, 0xf, 0x48, 0xff, 0xff, 0xff,
    0xff, 0xff, 0xff, 0xff, 0xff, 0xef, 0xef, 0xff,
    0x14, 0x44, 0x44, 0x44, 0x44, 0x44, 0x44, 0x44,
    0x44, 0x41,

    /* U+F01C "" */
    0x0, 0x0, 0x3d, 0xff, 0xff, 0xff, 0xff, 0xff,
    0xf9, 0x0, 0x0, 0x0, 0x0, 0x1e, 0xff, 0xff,
    0xff, 0xff, 0xff, 0xff, 0xf8, 0x0, 0x0, 0x0,
    0xa, 0xff, 0x98, 0x88, 0x88, 0x88, 0x88, 0xdf,
    0xf3, 0x0, 0x0, 0x5, 0xff, 0xa0, 0x0, 0x0,
    0x0, 0x0, 0x2, 0xff, 0xd0, 0x0, 0x1, 0xef,
    0xe1, 0x0, 0x0, 0x0, 0x0, 0x0, 0x7, 0xff,
    0x80, 0x0, 0xaf, 0xf5, 0x0, 0x0, 0x0, 0x0,
    0x0, 0x0, 0xd, 0xff, 0x20, 0x5f, 0xfa, 0x0,
    0x0, 0x0, 0x0, 0x0, 0x0, 0x0, 0x3f, 0xfc,
    0xd, 0xff, 0x98, 0x88, 0x70, 0x0, 0x0, 0x3,
    0x88, 0x88, 0xdf, 0xf5, 0xff, 0xff, 0xff, 0xff,
    0x50, 0x0, 0x0, 0xcf, 0xff, 0xff, 0xff, 0x7f,
    0xff, 0xff, 0xff, 0xfc, 0x0, 0x0, 0x5f, 0xff,
    0xff, 0xff, 0xf8, 0xff, 0xff, 0xff, 0xff, 0xff,
    0xff, 0xff, 0xff, 0xff, 0xff, 0xff, 0x8f, 0xff,
    0xff, 0xff, 0xff, 0xff, 0xff, 0xff, 0xff, 0xff,
    0xff, 0xf8, 0xff, 0xff, 0xff, 0xff, 0xff, 0xff,
    0xff, 0xff, 0xff, 0xff, 0xff, 0x8e, 0xff, 0xff,
    0xff, 0xff, 0xff, 0xff, 0xff, 0xff, 0xff, 0xff,
    0xf6, 0x5e, 0xff, 0xff, 0xff, 0xff, 0xff, 0xff,
    0xff, 0xff, 0xff, 0xfb, 0x0,

    /* U+F021 "" */
    0x0, 0x0, 0x0, 0x0, 0x1, 0x10, 0x0, 0x0,
    0x7, 0xba, 0x0, 0x0, 0x1, 0x7c, 0xff, 0xff,
    0xb5, 0x0, 0xb, 0xff, 0x0, 0x0, 0x7f, 0xff,
    0xff, 0xff, 0xff, 0xe5, 0xb, 0xff, 0x0, 0xa,
    0xff, 0xff, 0xdb, 0xbe, 0xff, 0xff, 0x9a, 0xff,
    0x0, 0xaf, 0xff, 0xa2, 0x0, 0x0, 0x3b, 0xff,
    0xff, 0xff, 0x5, 0xff, 0xf6, 0x0, 0x0, 0x0,
    0x0, 0x5f, 0xff, 0xff, 0xd, 0xff, 0x60, 0x0,
    0x0, 0x7, 0xba, 0x9c, 0xff, 0xff, 0x3f, 0xfc,
    0x0, 0x0, 0x0, 0xc, 0xff, 0xff, 0xff, 0xff,
    0x7f, 0xf6, 0x0, 0x0, 0x0, 0xb, 0xff, 0xff,
    0xff, 0xff, 0x0, 0x0, 0x0, 0x0, 0x0, 0x0,
    0x0, 0x0, 0x0, 0x0, 0x0, 0x0, 0x0, 0x0,
    0x0, 0x0, 0x0, 0x0, 0x0, 0x0, 0x0, 0x0,
    0x0, 0x0, 0x0, 0x0, 0x0, 0x0, 0x0, 0x0,
    0xff, 0xff, 0xff, 0xff, 0xb0, 0x0, 0x0, 0x0,
    0x6f, 0xf6, 0xff, 0xff, 0xff, 0xff, 0xc0, 0x0,
    0x0, 0x0, 0xcf, 0xf3, 0xff, 0xff, 0xc9, 0xaa,
    0x70, 0x0, 0x0, 0x7, 0xff, 0xd0, 0xff, 0xff,
    0xf5, 0x0, 0x0, 0x0, 0x0, 0x6f, 0xff, 0x50,
    0xff, 0xff, 0xff, 0xb3, 0x0, 0x0, 0x3b, 0xff,
    0xf9, 0x0, 0xff, 0xa9, 0xff, 0xff, 0xeb, 0xbd,
    0xff, 0xff, 0xa0, 0x0, 0xff, 0xb0, 0x5d, 0xff,
    0xff, 0xff, 0xff, 0xf7, 0x0, 0x0, 0xff, 0xb0,
    0x0, 0x5b, 0xff, 0xff, 0xc8, 0x10, 0x0, 0x0,
    0xab, 0x70, 0x0, 0x0, 0x1, 0x10, 0x0, 0x0,
    0x0, 0x0,

    /* U+F026 "" */
    0x0, 0x0, 0x0, 0x0, 0x1, 0x0, 0x0, 0x0,
    0x2, 0xee, 0x0, 0x0, 0x0, 0x2e, 0xff, 0x0,
    0x0, 0x2, 0xef, 0xff, 0x47, 0x77, 0x7e, 0xff,
    0xff, 0xff, 0xff, 0xff, 0xff, 0xff, 0xff, 0xff,
    0xff, 0xff, 0xff, 0xff, 0xff, 0xff, 0xff, 0xff,
    0xff, 0xff, 0xff, 0xff, 0xff, 0xff, 0xff, 0xff,
    0xff, 0xff, 0xff, 0xff, 0xff, 0xff, 0xff, 0xdf,
    0xff, 0xff, 0xff, 0xff, 0x0, 0x0, 0x9, 0xff,
    0xff, 0x0, 0x0, 0x0, 0x9f, 0xff, 0x0, 0x0,
    0x0, 0x9, 0xff, 0x0, 0x0, 0x0, 0x0, 0x89,

    /* U+F027 "" */
    0x0, 0x0, 0x0, 0x0, 0x89, 0x0, 0x0, 0x0,
    0x0, 0x0, 0x0, 0x9f, 0xf0, 0x0, 0x0, 0x0,
    0x0, 0x0, 0x9f, 0xff, 0x0, 0x0, 0x0, 0x0,
    0x0, 0x9f, 0xff, 0xf0, 0x0, 0x0, 0xdf, 0xff,
    0xff, 0xff, 0xff, 0x0, 0x73, 0xf, 0xff, 0xff,
    0xff, 0xff, 0xf0, 0x1f, 0xf4, 0xff, 0xff, 0xff,
    0xff, 0xff, 0x0, 0x5f, 0xcf, 0xff, 0xff, 0xff,
    0xff, 0xf0, 0x0, 0xff, 0xff, 0xff, 0xff, 0xff,
    0xff, 0x0, 0x4f, 0xdf, 0xff, 0xff, 0xff, 0xff,
    0xf0, 0x1f, 0xf5, 0xff, 0xff, 0xff, 0xff, 0xff,
    0x0, 0x85, 0x4, 0x77, 0x77, 0xef, 0xff, 0xf0,
    0x0, 0x0, 0x0, 0x0, 0x2, 0xef, 0xff, 0x0,
    0x0, 0x0, 0x0, 0x0, 0x2, 0xef, 0xf0, 0x0,
    0x0, 0x0, 0x0, 0x0, 0x2, 0xee, 0x0, 0x0,
    0x0, 0x0, 0x0, 0x0, 0x1, 0x10, 0x0, 0x0,

    /* U+F028 "" */
    0x0, 0x0, 0x0, 0x0, 0x0, 0x0, 0x0, 0x0,
    0x7b, 0x20, 0x0, 0x0, 0x0, 0x0, 0x0, 0x0,
    0x10, 0x0, 0x0, 0x9, 0xfe, 0x30, 0x0, 0x0,
    0x0, 0x0, 0x2, 0xee, 0x0, 0x0, 0x0, 0x9,
    0xff, 0x20, 0x0, 0x0, 0x0, 0x2, 0xef, 0xf0,
    0x0, 0x8, 0x70, 0x8, 0xfd, 0x0, 0x0, 0x0,
    0x2, 0xef, 0xff, 0x0, 0x0, 0xef, 0xb0, 0xc,
    0xf6, 0x4, 0x77, 0x77, 0xef, 0xff, 0xf0, 0x0,
    0x2, 0xdf, 0x80, 0x3f, 0xd0, 0xff, 0xff, 0xff,
    0xff, 0xff, 0x0, 0x74, 0x1, 0xff, 0x10, 0xcf,
    0x3f, 0xff, 0xff, 0xff, 0xff, 0xf0, 0x1f, 0xf4,
    0x8, 0xf7, 0x7, 0xf6, 0xff, 0xff, 0xff, 0xff,
    0xff, 0x0, 0x5f, 0xc0, 0x3f, 0xa0, 0x4f, 0x9f,
    0xff, 0xff, 0xff, 0xff, 0xf0, 0x0, 0xff, 0x2,
    0xfb, 0x4, 0xf9, 0xff, 0xff, 0xff, 0xff, 0xff,
    0x0, 0x5f, 0xc0, 0x3f, 0xa0, 0x5f, 0x9f, 0xff,
    0xff, 0xff, 0xff, 0xf0, 0x1f, 0xf4, 0x8, 0xf7,
    0x7, 0xf6, 0xdf, 0xff, 0xff, 0xff, 0xff, 0x0,
    0x74, 0x2, 0xff, 0x10, 0xcf, 0x30, 0x0, 0x0,
    0x9f, 0xff, 0xf0, 0x0, 0x2, 0xef, 0x80, 0x3f,
    0xd0, 0x0, 0x0, 0x0, 0x9f, 0xff, 0x0, 0x0,
    0xef, 0xb0, 0xc, 0xf6, 0x0, 0x0, 0x0, 0x0,
    0x9f, 0xf0, 0x0, 0x8, 0x70, 0x8, 0xfd, 0x0,
    0x0, 0x0, 0x0, 0x0, 0x89, 0x0, 0x0, 0x0,
    0x8, 0xff, 0x20, 0x0, 0x0, 0x0, 0x0, 0x0,
    0x0, 0x0, 0x0, 0x9, 0xff, 0x30, 0x0, 0x0,
    0x0, 0x0, 0x0, 0x0, 0x0, 0x0, 0x0, 0x7b,
    0x20, 0x0, 0x0,

    /* U+F03E "" */
    0x5e, 0xff, 0xff, 0xff, 0xff, 0xff, 0xff, 0xff,
    0xff, 0xe5, 0xef, 0xff, 0xff, 0xff, 0xff, 0xff,
    0xff, 0xff, 0xff, 0xfe, 0xff, 0xf6, 0x38, 0xff,
    0xff, 0xff, 0xff, 0xff, 0xff, 0xff, 0xff, 0x60,
    0x0, 0xaf, 0xff, 0xff, 0xff, 0xff, 0xff, 0xff,
    0xff, 0x30, 0x0, 0x7f, 0xff, 0xff, 0xfb, 0xef,
    0xff, 0xff, 0xff, 0x80, 0x0, 0xcf, 0xff, 0xff,
    0x90, 0x3e, 0xff, 0xff, 0xff, 0xfa, 0x7c, 0xff,
    0xff, 0xf9, 0x0, 0x3, 0xef, 0xff, 0xff, 0xff,
    0xfc, 0xff, 0xff, 0x90, 0x0, 0x0, 0x3e, 0xff,
    0xff, 0xff, 0x90, 0x6f, 0xf9, 0x0, 0x0, 0x0,
    0x8, 0xff, 0xff, 0xf9, 0x0, 0x6, 0x90, 0x0,
    0x0, 0x0, 0x8, 0xff, 0xff, 0xb0, 0x0, 0x0,
    0x0, 0x0, 0x0, 0x0, 0x8, 0xff, 0xff, 0x80,
    0x0, 0x0, 0x0, 0x0, 0x0, 0x0, 0x8, 0xff,
    0xff, 0xc8, 0x88, 0x88, 0x88, 0x88, 0x88, 0x88,
    0x8c, 0xff, 0xef, 0xff, 0xff, 0xff, 0xff, 0xff,
    0xff, 0xff, 0xff, 0xfe, 0x5e, 0xff, 0xff, 0xff,
    0xff, 0xff, 0xff, 0xff, 0xff, 0xe5,

    /* U+F043 "" */
    0x0, 0x0, 0x0, 0x42, 0x0, 0x0, 0x0, 0x0,
    0x0, 0x3, 0xff, 0x10, 0x0, 0x0, 0x0, 0x0,
    0xa, 0xff, 0x60, 0x0, 0x0, 0x0, 0x0, 0x1f,
    0xff, 0xc0, 0x0, 0x0, 0x0, 0x0, 0x8f, 0xff,
    0xf4, 0x0, 0x0, 0x0, 0x1, 0xff, 0xff, 0xfc,
    0x0, 0x0, 0x0, 0xa, 0xff, 0xff, 0xff, 0x60,
    0x0, 0x0, 0x4f, 0xff, 0xff, 0xff, 0xf2, 0x0,
    0x1, 0xef, 0xff, 0xff, 0xff, 0xfc, 0x0, 0xb,
    0xff, 0xff, 0xff, 0xff, 0xff, 0x70, 0x3f, 0xff,
    0xff, 0xff, 0xff, 0xff, 0xf1, 0xaf, 0xff, 0xff,
    0xff, 0xff, 0xff, 0xf6, 0xef, 0xff, 0xff, 0xff,
    0xff, 0xff, 0xfa, 0xff, 0xa6, 0xff, 0xff, 0xff,
    0xff, 0xfb, 0xef, 0x91, 0xff, 0xff, 0xff, 0xff,
    0xfa, 0xbf, 0xe0, 0x9f, 0xff, 0xff, 0xff, 0xf7,
    0x5f, 0xf9, 0x7, 0xcf, 0xff, 0xff, 0xf2, 0xc,
    0xff, 0xb3, 0x9, 0xff, 0xff, 0x80, 0x1, 0xdf,
    0xff, 0xff, 0xff, 0xfa, 0x0, 0x0, 0x9, 0xff,
    0xff, 0xff, 0x70, 0x0, 0x0, 0x0, 0x15, 0x77,
    0x40, 0x0, 0x0,

    /* U+F048 "" */
    0x47, 0x60, 0x0, 0x0, 0x0, 0x16, 0x1b, 0xff,
    0x10, 0x0, 0x0, 0x2d, 0xfb, 0xbf, 0xf1, 0x0,
    0x0, 0x2e, 0xff, 0xcb, 0xff, 0x10, 0x0, 0x3e,
    0xff, 0xfc, 0xbf, 0xf1, 0x0, 0x4f, 0xff, 0xff,
    0xcb, 0xff, 0x10, 0x5f, 0xff, 0xff, 0xfc, 0xbf,
    0xf1, 0x6f, 0xff, 0xff, 0xff, 0xcb, 0xff, 0x9f,
    0xff, 0xff, 0xff, 0xfc, 0xbf, 0xff, 0xff, 0xff,
    0xff, 0xff, 0xcb, 0xff, 0xff, 0xff, 0xff, 0xff,
    0xfc, 0xbf, 0xff, 0xff, 0xff, 0xff, 0xff, 0xcb,
    0xff, 0x4e, 0xff, 0xff, 0xff, 0xfc, 0xbf, 0xf1,
    0x2d, 0xff, 0xff, 0xff, 0xcb, 0xff, 0x10, 0x1c,
    0xff, 0xff, 0xfc, 0xbf, 0xf1, 0x0, 0xc, 0xff,
    0xff, 0xcb, 0xff, 0x10, 0x0, 0xb, 0xff, 0xfc,
    0xbf, 0xf1, 0x0, 0x0, 0xa, 0xff, 0xca, 0xff,
    0x10, 0x0, 0x0, 0x8, 0xf7, 0x0, 0x0, 0x0,
    0x0, 0x0, 0x0, 0x0,

    /* U+F04B "" */
    0x6, 0x50, 0x0, 0x0, 0x0, 0x0, 0x0, 0x0,
    0x0, 0xbf, 0xfd, 0x30, 0x0, 0x0, 0x0, 0x0,
    0x0, 0x0, 0xff, 0xff, 0xfa, 0x10, 0x0, 0x0,
    0x0, 0x0, 0x0, 0xff, 0xff, 0xff, 0xf7, 0x0,
    0x0, 0x0, 0x0, 0x0, 0xff, 0xff, 0xff, 0xff,
    0xd4, 0x0, 0x0, 0x0, 0x0, 0xff, 0xff, 0xff,
    0xff, 0xff, 0xb2, 0x0, 0x0, 0x0, 0xff, 0xff,
    0xff, 0xff, 0xff, 0xff, 0x80, 0x0, 0x0, 0xff,
    0xff, 0xff, 0xff, 0xff, 0xff, 0xfe, 0x50, 0x0,
    0xff, 0xff, 0xff, 0xff, 0xff, 0xff, 0xff, 0xfb,
    0x20, 0xff, 0xff, 0xff, 0xff, 0xff, 0xff, 0xff,
    0xff, 0xf2, 0xff, 0xff, 0xff, 0xff, 0xff, 0xff,
    0xff, 0xff, 0xf6, 0xff, 0xff, 0xff, 0xff, 0xff,
    0xff, 0xff, 0xff, 0xf2, 0xff, 0xff, 0xff, 0xff,
    0xff, 0xff, 0xff, 0xfb, 0x20, 0xff, 0xff, 0xff,
    0xff, 0xff, 0xff, 0xfd, 0x50, 0x0, 0xff, 0xff,
    0xff, 0xff, 0xff, 0xff, 0x80, 0x0, 0x0, 0xff,
    0xff, 0xff, 0xff, 0xff, 0xa2, 0x0, 0x0, 0x0,
    0xff, 0xff, 0xff, 0xff, 0xd4, 0x0, 0x0, 0x0,
    0x0, 0xff, 0xff, 0xff, 0xf7, 0x0, 0x0, 0x0,
    0x0, 0x0, 0xff, 0xff, 0xfa, 0x10, 0x0, 0x0,
    0x0, 0x0, 0x0, 0xbf, 0xfd, 0x30, 0x0, 0x0,
    0x0, 0x0, 0x0, 0x0, 0x6, 0x50, 0x0, 0x0,
    0x0, 0x0, 0x0, 0x0, 0x0,

    /* U+F04C "" */
    0x6, 0x77, 0x77, 0x30, 0x0, 0x6, 0x77, 0x77,
    0x30, 0xbf, 0xff, 0xff, 0xf3, 0x0, 0xbf, 0xff,
    0xff, 0xf3, 0xff, 0xff, 0xff, 0xf7, 0x0, 0xff,
    0xff, 0xff, 0xf7, 0xff, 0xff, 0xff, 0xf8, 0x0,
    0xff, 0xff, 0xff, 0xf8, 0xff, 0xff, 0xff, 0xf8,
    0x0, 0xff, 0xff, 0xff, 0xf8, 0xff, 0xff, 0xff,
    0xf8, 0x0, 0xff, 0xff, 0xff, 0xf8, 0xff, 0xff,
    0xff, 0xf8, 0x0, 0xff, 0xff, 0xff, 0xf8, 0xff,
    0xff, 0xff, 0xf8, 0x0, 0xff, 0xff, 0xff, 0xf8,
    0xff, 0xff, 0xff, 0xf8, 0x0, 0xff, 0xff, 0xff,
    0xf8, 0xff, 0xff, 0xff, 0xf8, 0x0, 0xff, 0xff,
    0xff, 0xf8, 0xff, 0xff, 0xff, 0xf8, 0x0, 0xff,
    0xff, 0xff, 0xf8, 0xff, 0xff, 0xff, 0xf8, 0x0,
    0xff, 0xff, 0xff, 0xf8, 0xff, 0xff, 0xff, 0xf8,
    0x0, 0xff, 0xff, 0xff, 0xf8, 0xff, 0xff, 0xff,
    0xf8, 0x0, 0xff, 0xff, 0xff, 0xf8, 0xff, 0xff,
    0xff, 0xf8, 0x0, 0xff, 0xff, 0xff, 0xf8, 0xff,
    0xff, 0xff, 0xf8, 0x0, 0xff, 0xff, 0xff, 0xf8,
    0xef, 0xff, 0xff, 0xf6, 0x0, 0xef, 0xff, 0xff,
    0xf6, 0x6f, 0xff, 0xff, 0xc1, 0x0, 0x6f, 0xff,
    0xff, 0xc1, 0x0, 0x0, 0x0, 0x0, 0x0, 0x0,
    0x0, 0x0, 0x0,

    /* U+F04D "" */
    0x5, 0x77, 0x77, 0x77, 0x77, 0x77, 0x77, 0x77,
    0x30, 0xbf, 0xff, 0xff, 0xff, 0xff, 0xff, 0xff,
    0xff, 0xf3, 0xff, 0xff, 0xff, 0xff, 0xff, 0xff,
    0xff, 0xff, 0xf7, 0xff, 0xff, 0xff, 0xff, 0xff,
    0xff, 0xff, 0xff, 0xf8, 0xff, 0xff, 0xff, 0xff,
    0xff, 0xff, 0xff, 0xff, 0xf8, 0xff, 0xff, 0xff,
    0xff, 0xff, 0xff, 0xff, 0xff, 0xf8, 0xff, 0xff,
    0xff, 0xff, 0xff, 0xff, 0xff, 0xff, 0xf8, 0xff,
    0xff, 0xff, 0xff, 0xff, 0xff, 0xff, 0xff, 0xf8,
    0xff, 0xff, 0xff, 0xff, 0xff, 0xff, 0xff, 0xff,
    0xf8, 0xff, 0xff, 0xff, 0xff, 0xff, 0xff, 0xff,
    0xff, 0xf8, 0xff, 0xff, 0xff, 0xff, 0xff, 0xff,
    0xff, 0xff, 0xf8, 0xff, 0xff, 0xff, 0xff, 0xff,
    0xff, 0xff, 0xff, 0xf8, 0xff, 0xff, 0xff, 0xff,
    0xff, 0xff, 0xff, 0xff, 0xf8, 0xff, 0xff, 0xff,
    0xff, 0xff, 0xff, 0xff, 0xff, 0xf8, 0xff, 0xff,
    0xff, 0xff, 0xff, 0xff, 0xff, 0xff, 0xf8, 0xff,
    0xff, 0xff, 0xff, 0xff, 0xff, 0xff, 0xff, 0xf8,
    0xef, 0xff, 0xff, 0xff, 0xff, 0xff, 0xff, 0xff,
    0xf6, 0x6f, 0xff, 0xff, 0xff, 0xff, 0xff, 0xff,
    0xff, 0xc1, 0x0, 0x0, 0x0, 0x0, 0x0, 0x0,
    0x0, 0x0, 0x0,

    /* U+F051 "" */
    0x5, 0x20, 0x0, 0x0, 0x0, 0x57, 0x66, 0xff,
    0x40, 0x0, 0x0, 0xc, 0xff, 0x8f, 0xff, 0x60,
    0x0, 0x0, 0xdf, 0xf8, 0xff, 0xff, 0x70, 0x0,
    0xd, 0xff, 0x8f, 0xff, 0xff, 0x80, 0x0, 0xdf,
    0xf8, 0xff, 0xff, 0xff, 0x90, 0xd, 0xff, 0x8f,
    0xff, 0xff, 0xff, 0xb0, 0xdf, 0xf8, 0xff, 0xff,
    0xff, 0xff, 0xcd, 0xff, 0x8f, 0xff, 0xff, 0xff,
    0xff, 0xff, 0xf8, 0xff, 0xff, 0xff, 0xff, 0xff,
    0xff, 0x8f, 0xff, 0xff, 0xff, 0xff, 0xff, 0xf8,
    0xff, 0xff, 0xff, 0xff, 0x5d, 0xff, 0x8f, 0xff,
    0xff, 0xff, 0x40, 0xdf, 0xf8, 0xff, 0xff, 0xfe,
    0x30, 0xd, 0xff, 0x8f, 0xff, 0xfe, 0x20, 0x0,
    0xdf, 0xf8, 0xff, 0xfd, 0x20, 0x0, 0xd, 0xff,
    0x7f, 0xfd, 0x10, 0x0, 0x0, 0xdf, 0xf3, 0xfb,
    0x10, 0x0, 0x0, 0xc, 0xff, 0x0, 0x0, 0x0,
    0x0, 0x0, 0x0, 0x0,

    /* U+F052 "" */
    0x0, 0x0, 0x0, 0x0, 0x2, 0x10, 0x0, 0x0,
    0x0, 0x0, 0x0, 0x0, 0x0, 0xa, 0xff, 0x40,
    0x0, 0x0, 0x0, 0x0, 0x0, 0x0, 0xa, 0xff,
    0xff, 0x30, 0x0, 0x0, 0x0, 0x0, 0x0, 0x8,
    0xff, 0xff, 0xfe, 0x20, 0x0, 0x0, 0x0, 0x0,
    0x7, 0xff, 0xff, 0xff, 0xfe, 0x10, 0x0, 0x0,
    0x0, 0x6, 0xff, 0xff, 0xff, 0xff, 0xfd, 0x10,
    0x0, 0x0, 0x5, 0xff, 0xff, 0xff, 0xff, 0xff,
    0xfc, 0x0, 0x0, 0x4, 0xff, 0xff, 0xff, 0xff,
    0xff, 0xff, 0xfb, 0x0, 0x3, 0xff, 0xff, 0xff,
    0xff, 0xff, 0xff, 0xff, 0xfa, 0x0, 0xdf, 0xff,
    0xff, 0xff, 0xff, 0xff, 0xff, 0xff, 0xf5, 0xe,
    0xff, 0xff, 0xff, 0xff, 0xff, 0xff, 0xff, 0xff,
    0x60, 0x5f, 0xff, 0xff, 0xff, 0xff, 0xff, 0xff,
    0xff, 0xc0, 0x0, 0x0, 0x0, 0x0, 0x0, 0x0,
    0x0, 0x0, 0x0, 0x0, 0x9f, 0xff, 0xff, 0xff,
    0xff, 0xff, 0xff, 0xff, 0xe2, 0xf, 0xff, 0xff,
    0xff, 0xff, 0xff, 0xff, 0xff, 0xff, 0x70, 0xff,
    0xff, 0xff, 0xff, 0xff, 0xff, 0xff, 0xff, 0xf8,
    0xf, 0xff, 0xff, 0xff, 0xff, 0xff, 0xff, 0xff,
    0xff, 0x70, 0xbf, 0xff, 0xff, 0xff, 0xff, 0xff,
    0xff, 0xff, 0xf3, 0x0, 0x0, 0x0, 0x0, 0x0,
    0x0, 0x0, 0x0, 0x0, 0x0,

    /* U+F053 "" */
    0x0, 0x0, 0x0, 0x0, 0x0, 0x0, 0x0, 0x0,
    0x0, 0x5f, 0x80, 0x0, 0x0, 0x0, 0x5f, 0xff,
    0x40, 0x0, 0x0, 0x5f, 0xff, 0xe2, 0x0, 0x0,
    0x5f, 0xff, 0xe2, 0x0, 0x0, 0x5f, 0xff, 0xe3,
    0x0, 0x0, 0x5f, 0xff, 0xe3, 0x0, 0x0, 0x5f,
    0xff, 0xe3, 0x0, 0x0, 0x5f, 0xff, 0xe3, 0x0,
    0x0, 0xd, 0xff, 0xf5, 0x0, 0x0, 0x0, 0x4f,
    0xff, 0xe3, 0x0, 0x0, 0x0, 0x4f, 0xff, 0xe3,
    0x0, 0x0, 0x0, 0x4f, 0xff, 0xe3, 0x0, 0x0,
    0x0, 0x5f, 0xff, 0xe3, 0x0, 0x0, 0x0, 0x5f,
    0xff, 0xe3, 0x0, 0x0, 0x0, 0x5f, 0xff, 0xe2,
    0x0, 0x0, 0x0, 0x5f, 0xff, 0x40, 0x0, 0x0,
    0x0, 0x5f, 0x80, 0x0, 0x0, 0x0, 0x0, 0x0,
    0x0,

    /* U+F054 "" */
    0x0, 0x0, 0x0, 0x0, 0x0, 0x2, 0xdb, 0x0,
    0x0, 0x0, 0x0, 0xcf, 0xfc, 0x0, 0x0, 0x0,
    0x9, 0xff, 0xfc, 0x0, 0x0, 0x0, 0x9, 0xff,
    0xfc, 0x0, 0x0, 0x0, 0x9, 0xff, 0xfc, 0x0,
    0x0, 0x0, 0x9, 0xff, 0xfc, 0x0, 0x0, 0x0,
    0x9, 0xff, 0xfc, 0x0, 0x0, 0x0, 0x9, 0xff,
    0xfc, 0x0, 0x0, 0x0, 0xd, 0xff, 0xf6, 0x0,
    0x0, 0x9, 0xff, 0xfc, 0x0, 0x0, 0x9, 0xff,
    0xfc, 0x0, 0x0, 0x9, 0xff, 0xfc, 0x0, 0x0,
    0x9, 0xff, 0xfc, 0x0, 0x0, 0x9, 0xff, 0xfc,
    0x0, 0x0, 0x9, 0xff, 0xfc, 0x0, 0x0, 0x0,
    0xcf, 0xfc, 0x0, 0x0, 0x0, 0x2, 0xdb, 0x0,
    0x0, 0x0, 0x0, 0x0, 0x0, 0x0, 0x0, 0x0,
    0x0,

    /* U+F067 "" */
    0x0, 0x0, 0x0, 0x2, 0x55, 0x0, 0x0, 0x0,
    0x0, 0x0, 0x0, 0x0, 0xf, 0xff, 0x80, 0x0,
    0x0, 0x0, 0x0, 0x0, 0x0, 0x2f, 0xff, 0xa0,
    0x0, 0x0, 0x0, 0x0, 0x0, 0x0, 0x2f, 0xff,
    0xa0, 0x0, 0x0, 0x0, 0x0, 0x0, 0x0, 0x2f,
    0xff, 0xa0, 0x0, 0x0, 0x0, 0x0, 0x0, 0x0,
    0x2f, 0xff, 0xa0, 0x0, 0x0, 0x0, 0x0, 0x0,
    0x0, 0x2f, 0xff, 0xa0, 0x0, 0x0, 0x0, 0x37,
    0x77, 0x77, 0x8f, 0xff, 0xc7, 0x77, 0x77, 0x60,
    0xef, 0xff, 0xff, 0xff, 0xff, 0xff, 0xff, 0xff,
    0xf6, 0xff, 0xff, 0xff, 0xff, 0xff, 0xff, 0xff,
    0xff, 0xf8, 0xdf, 0xff, 0xff, 0xff, 0xff, 0xff,
    0xff, 0xff, 0xf5, 0x14, 0x44, 0x44, 0x5f, 0xff,
    0xb4, 0x44, 0x44, 0x30, 0x0, 0x0, 0x0, 0x2f,
    0xff, 0xa0, 0x0, 0x0, 0x0, 0x0, 0x0, 0x0,
    0x2f, 0xff, 0xa0, 0x0, 0x0, 0x0, 0x0, 0x0,
    0x0, 0x2f, 0xff, 0xa0, 0x0, 0x0, 0x0, 0x0,
    0x0, 0x0, 0x2f, 0xff, 0xa0, 0x0, 0x0, 0x0,
    0x0, 0x0, 0x0, 0x1f, 0xff, 0x90, 0x0, 0x0,
    0x0, 0x0, 0x0, 0x0, 0xd, 0xff, 0x60, 0x0,
    0x0, 0x0, 0x0, 0x0, 0x0, 0x0, 0x21, 0x0,
    0x0, 0x0, 0x0,

    /* U+F068 "" */
    0x49, 0x99, 0x99, 0x99, 0x99, 0x99, 0x99, 0x99,
    0x80, 0xff, 0xff, 0xff, 0xff, 0xff, 0xff, 0xff,
    0xff, 0xf7, 0xff, 0xff, 0xff, 0xff, 0xff, 0xff,
    0xff, 0xff, 0xf7, 0xcf, 0xff, 0xff, 0xff, 0xff,
    0xff, 0xff, 0xff, 0xf4, 0x2, 0x22, 0x22, 0x22,
    0x22, 0x22, 0x22, 0x22, 0x10,

    /* U+F06E "" */
    0x0, 0x0, 0x0, 0x6, 0xad, 0xff, 0xec, 0x83,
    0x0, 0x0, 0x0, 0x0, 0x0, 0x0, 0x8f, 0xff,
    0xff, 0xef, 0xff, 0xfc, 0x40, 0x0, 0x0, 0x0,
    0x3, 0xef, 0xff, 0x92, 0x0, 0x5, 0xdf, 0xff,
    0x90, 0x0, 0x0, 0x4, 0xff, 0xff, 0x50, 0x2,
    0x52, 0x1, 0xcf, 0xff, 0xb0, 0x0, 0x4, 0xff,
    0xff, 0x80, 0x0, 0x7f, 0xf9, 0x1, 0xef, 0xff,
    0xb0, 0x1, 0xef, 0xff, 0xf0, 0x0, 0x8, 0xff,
    0xf7, 0x8, 0xff, 0xff, 0x80, 0xaf, 0xff, 0xfb,
    0x2, 0x25, 0xff, 0xff, 0xe0, 0x3f, 0xff, 0xff,
    0x2f, 0xff, 0xff, 0xa0, 0x7f, 0xff, 0xff, 0xff,
    0x2, 0xff, 0xff, 0xf7, 0x9f, 0xff, 0xfb, 0x5,
    0xff, 0xff, 0xff, 0xc0, 0x3f, 0xff, 0xff, 0x21,
    0xef, 0xff, 0xf0, 0xc, 0xff, 0xff, 0xf5, 0x7,
    0xff, 0xff, 0x80, 0x3, 0xff, 0xff, 0x80, 0x1a,
    0xff, 0xe5, 0x1, 0xef, 0xff, 0xb0, 0x0, 0x4,
    0xff, 0xff, 0x50, 0x0, 0x10, 0x1, 0xcf, 0xff,
    0xb0, 0x0, 0x0, 0x3, 0xdf, 0xff, 0x92, 0x0,
    0x5, 0xdf, 0xff, 0x90, 0x0, 0x0, 0x0, 0x0,
    0x7f, 0xff, 0xff, 0xef, 0xff, 0xfc, 0x40, 0x0,
    0x0, 0x0, 0x0, 0x0, 0x5, 0xad, 0xef, 0xec,
    0x83, 0x0, 0x0, 0x0, 0x0,

    /* U+F070 "" */
    0x0, 0x60, 0x0, 0x0, 0x0, 0x0, 0x0, 0x0,
    0x0, 0x0, 0x0, 0x0, 0x0, 0xb, 0xfc, 0x10,
    0x0, 0x0, 0x0, 0x0, 0x0, 0x0, 0x0, 0x0,
    0x0, 0x0, 0xc, 0xff, 0xe4, 0x0, 0x0, 0x0,
    0x0, 0x0, 0x0, 0x0, 0x0, 0x0, 0x0, 0x0,
    0x9f, 0xff, 0x70, 0x4, 0x8c, 0xef, 0xed, 0x94,
    0x0, 0x0, 0x0, 0x0, 0x0, 0x5, 0xff, 0xfb,
    0xef, 0xff, 0xfe, 0xff, 0xff, 0xe6, 0x0, 0x0,
    0x0, 0x0, 0x0, 0x2d, 0xff, 0xff, 0xc4, 0x0,
    0x4, 0xcf, 0xff, 0xb1, 0x0, 0x0, 0x0, 0x0,
    0x0, 0xbf, 0xff, 0x60, 0x3, 0x10, 0x9, 0xff,
    0xfe, 0x20, 0x0, 0x0, 0x0, 0x0, 0x7, 0xff,
    0xf9, 0x4f, 0xfa, 0x0, 0xcf, 0xff, 0xe1, 0x0,
    0x0, 0xb, 0xb0, 0x0, 0x4e, 0xff, 0xef, 0xff,
    0xa0, 0x4f, 0xff, 0xfb, 0x0, 0x0, 0x6f, 0xfd,
    0x30, 0x1, 0xcf, 0xff, 0xff, 0xf1, 0xf, 0xff,
    0xff, 0x50, 0x0, 0xbf, 0xff, 0xf6, 0x0, 0x8,
    0xff, 0xff, 0xf3, 0xe, 0xff, 0xff, 0xa0, 0x0,
    0x6f, 0xff, 0xff, 0x0, 0x0, 0x5f, 0xff, 0xf2,
    0xf, 0xff, 0xff, 0x50, 0x0, 0xc, 0xff, 0xff,
    0x40, 0x0, 0x2, 0xdf, 0xfe, 0x8f, 0xff, 0xfa,
    0x0, 0x0, 0x1, 0xef, 0xff, 0xc0, 0x0, 0x0,
    0xa, 0xff, 0xff, 0xff, 0xd1, 0x0, 0x0, 0x0,
    0x2e, 0xff, 0xf9, 0x0, 0x0, 0x0, 0x6f, 0xff,
    0xfd, 0x10, 0x0, 0x0, 0x0, 0x1, 0xcf, 0xff,
    0xc4, 0x0, 0x0, 0x3, 0xef, 0xfd, 0x20, 0x0,
    0x0, 0x0, 0x0, 0x6, 0xef, 0xff, 0xfe, 0xe3,
    0x0, 0x1b, 0xff, 0xf5, 0x0, 0x0, 0x0, 0x0,
    0x0, 0x5, 0x9d, 0xef, 0xec, 0x20, 0x0, 0x8f,
    0xff, 0x90, 0x0, 0x0, 0x0, 0x0, 0x0, 0x0,
    0x0, 0x0, 0x0, 0x0, 0x4, 0xef, 0xfb, 0x0,
    0x0, 0x0, 0x0, 0x0, 0x0, 0x0, 0x0, 0x0,
    0x0, 0x0, 0x2c, 0xfa, 0x0, 0x0, 0x0, 0x0,
    0x0, 0x0, 0x0, 0x0, 0x0, 0x0, 0x0, 0x0,
    0x60,

    /* U+F071 "" */
    0x0, 0x0, 0x0, 0x0, 0x0, 0x7, 0xa3, 0x0,
    0x0, 0x0, 0x0, 0x0, 0x0, 0x0, 0x0, 0x0,
    0x0, 0x8f, 0xfe, 0x10, 0x0, 0x0, 0x0, 0x0,
    0x0, 0x0, 0x0, 0x0, 0x2, 0xff, 0xff, 0x90,
    0x0, 0x0, 0x0, 0x0, 0x0, 0x0, 0x0, 0x0,
    0xa, 0xff, 0xff, 0xf3, 0x0, 0x0, 0x0, 0x0,
    0x0, 0x0, 0x0, 0x0, 0x4f, 0xff, 0xff, 0xfb,
    0x0, 0x0, 0x0, 0x0, 0x0, 0x0, 0x0, 0x0,
    0xdf, 0xff, 0xff, 0xff, 0x50, 0x0, 0x0, 0x0,
    0x0, 0x0, 0x0, 0x6, 0xff, 0xff, 0xff, 0xff,
    0xd0, 0x0, 0x0, 0x0, 0x0, 0x0, 0x0, 0xe,
    0xff, 0xa2, 0x24, 0xff, 0xf7, 0x0, 0x0, 0x0,
    0x0, 0x0, 0x0, 0x8f, 0xff, 0x90, 0x1, 0xff,
    0xff, 0x10, 0x0, 0x0, 0x0, 0x0, 0x2, 0xff,
    0xff, 0xa0, 0x2, 0xff, 0xff, 0x90, 0x0, 0x0,
    0x0, 0x0, 0xa, 0xff, 0xff, 0xb0, 0x3, 0xff,
    0xff, 0xf2, 0x0, 0x0, 0x0, 0x0, 0x3f, 0xff,
    0xff, 0xc0, 0x4, 0xff, 0xff, 0xfb, 0x0, 0x0,
    0x0, 0x0, 0xcf, 0xff, 0xff, 0xd0, 0x5, 0xff,
    0xff, 0xff, 0x40, 0x0, 0x0, 0x6, 0xff, 0xff,
    0xff, 0xf9, 0x9c, 0xff, 0xff, 0xff, 0xd0, 0x0,
    0x0, 0xe, 0xff, 0xff, 0xff, 0xf5, 0x2b, 0xff,
    0xff, 0xff, 0xf7, 0x0, 0x0, 0x8f, 0xff, 0xff,
    0xff, 0x90, 0x1, 0xff, 0xff, 0xff, 0xfe, 0x10,
    0x1, 0xff, 0xff, 0xff, 0xff, 0x80, 0x0, 0xff,
    0xff, 0xff, 0xff, 0x90, 0xa, 0xff, 0xff, 0xff,
    0xff, 0xf4, 0x1a, 0xff, 0xff, 0xff, 0xff, 0xf2,
    0xf, 0xff, 0xff, 0xff, 0xff, 0xff, 0xff, 0xff,
    0xff, 0xff, 0xff, 0xf7, 0xb, 0xff, 0xff, 0xff,
    0xff, 0xff, 0xff, 0xff, 0xff, 0xff, 0xff, 0xf4,
    0x1, 0x68, 0x88, 0x88, 0x88, 0x88, 0x88, 0x88,
    0x88, 0x88, 0x88, 0x40,

    /* U+F074 "" */
    0x0, 0x0, 0x0, 0x0, 0x0, 0x0, 0x0, 0x4,
    0x30, 0x0, 0x0, 0x0, 0x0, 0x0, 0x0, 0x0,
    0x0, 0xf, 0xf5, 0x0, 0x0, 0x0, 0x0, 0x0,
    0x0, 0x0, 0x0, 0xf, 0xff, 0x50, 0xef, 0xff,
    0xf6, 0x0, 0x0, 0x1, 0xcf, 0xff, 0xff, 0xf5,
    0xff, 0xff, 0xff, 0x50, 0x0, 0xc, 0xff, 0xff,
    0xff, 0xff, 0xff, 0xff, 0xff, 0xf5, 0x0, 0xbf,
    0xff, 0xff, 0xff, 0xf7, 0x22, 0x23, 0xdf, 0xf8,
    0x9, 0xff, 0xf7, 0x2f, 0xff, 0x80, 0x0, 0x0,
    0x2e, 0xb0, 0x7f, 0xff, 0x90, 0xf, 0xf8, 0x0,
    0x0, 0x0, 0x3, 0x6, 0xff, 0xfa, 0x0, 0x7,
    0x60, 0x0, 0x0, 0x0, 0x0, 0x4f, 0xff, 0xb0,
    0x0, 0x0, 0x0, 0x0, 0x0, 0x0, 0x3, 0xff,
    0xfd, 0x3, 0x0, 0x7, 0x60, 0x0, 0x0, 0x0,
    0x2e, 0xff, 0xe1, 0x3f, 0x90, 0xf, 0xf8, 0x0,
    0x22, 0x23, 0xdf, 0xfe, 0x22, 0xef, 0xf7, 0x2f,
    0xff, 0x80, 0xff, 0xff, 0xff, 0xf3, 0x0, 0xcf,
    0xff, 0xff, 0xff, 0xf8, 0xff, 0xff, 0xff, 0x50,
    0x0, 0xc, 0xff, 0xff, 0xff, 0xfe, 0xef, 0xff,
    0xf6, 0x0, 0x0, 0x1, 0xcf, 0xff, 0xff, 0xf4,
    0x0, 0x0, 0x0, 0x0, 0x0, 0x0, 0x0, 0xf,
    0xff, 0x40, 0x0, 0x0, 0x0, 0x0, 0x0, 0x0,
    0x0, 0xf, 0xf5, 0x0, 0x0, 0x0, 0x0, 0x0,
    0x0, 0x0, 0x0, 0x4, 0x30, 0x0,

    /* U+F077 "" */
    0x0, 0x0, 0x0, 0x0, 0x94, 0x0, 0x0, 0x0,
    0x0, 0x0, 0x0, 0x0, 0xc, 0xff, 0x50, 0x0,
    0x0, 0x0, 0x0, 0x0, 0x0, 0xcf, 0xff, 0xf5,
    0x0, 0x0, 0x0, 0x0, 0x0, 0xc, 0xff, 0xff,
    0xff, 0x50, 0x0, 0x0, 0x0, 0x0, 0xcf, 0xff,
    0xae, 0xff, 0xf5, 0x0, 0x0, 0x0, 0xc, 0xff,
    0xf9, 0x2, 0xef, 0xff, 0x50, 0x0, 0x0, 0xcf,
    0xff, 0x90, 0x0, 0x2e, 0xff, 0xf5, 0x0, 0xc,
    0xff, 0xf9, 0x0, 0x0, 0x2, 0xef, 0xff, 0x50,
    0xaf, 0xff, 0x90, 0x0, 0x0, 0x0, 0x2e, 0xff,
    0xf2, 0x7f, 0xf9, 0x0, 0x0, 0x0, 0x0, 0x2,
    0xef, 0xe1, 0x6, 0x70, 0x0, 0x0, 0x0, 0x0,
    0x0, 0x29, 0x20,

    /* U+F078 "" */
    0x6, 0x70, 0x0, 0x0, 0x0, 0x0, 0x0, 0x29,
    0x20, 0x7f, 0xf9, 0x0, 0x0, 0x0, 0x0, 0x3,
    0xef, 0xe1, 0x9f, 0xff, 0x90, 0x0, 0x0, 0x0,
    0x3e, 0xff, 0xf2, 0xb, 0xff, 0xf9, 0x0, 0x0,
    0x3, 0xef, 0xff, 0x50, 0x0, 0xbf, 0xff, 0x90,
    0x0, 0x3e, 0xff, 0xf5, 0x0, 0x0, 0xb, 0xff,
    0xf9, 0x3, 0xef, 0xff, 0x50, 0x0, 0x0, 0x0,
    0xbf, 0xff, 0xae, 0xff, 0xf5, 0x0, 0x0, 0x0,
    0x0, 0xb, 0xff, 0xff, 0xff, 0x50, 0x0, 0x0,
    0x0, 0x0, 0x0, 0xbf, 0xff, 0xf5, 0x0, 0x0,
    0x0, 0x0, 0x0, 0x0, 0xb, 0xff, 0x50, 0x0,
    0x0, 0x0, 0x0, 0x0, 0x0, 0x0, 0x94, 0x0,
    0x0, 0x0, 0x0,

    /* U+F079 "" */
    0x0, 0x0, 0x9c, 0x10, 0x0, 0x0, 0x0, 0x0,
    0x0, 0x0, 0x0, 0x0, 0x0, 0x0, 0xa, 0xff,
    0xd1, 0x0, 0x58, 0x88, 0x88, 0x88, 0x88, 0x81,
    0x0, 0x0, 0x0, 0xaf, 0xff, 0xfd, 0x20, 0xef,
    0xff, 0xff, 0xff, 0xff, 0xf6, 0x0, 0x0, 0xa,
    0xff, 0xff, 0xff, 0xe2, 0x4e, 0xff, 0xff, 0xff,
    0xff, 0xf6, 0x0, 0x0, 0x8f, 0xfc, 0xff, 0xcf,
    0xfd, 0x0, 0x0, 0x0, 0x0, 0x1f, 0xf6, 0x0,
    0x0, 0x7f, 0xc2, 0xff, 0x67, 0xfc, 0x0, 0x0,
    0x0, 0x0, 0x1f, 0xf6, 0x0, 0x0, 0x3, 0x1,
    0xff, 0x60, 0x30, 0x0, 0x0, 0x0, 0x0, 0x1f,
    0xf6, 0x0, 0x0, 0x0, 0x1, 0xff, 0x60, 0x0,
    0x0, 0x0, 0x0, 0x0, 0x1f, 0xf6, 0x0, 0x0,
    0x0, 0x1, 0xff, 0x60, 0x0, 0x0, 0x0, 0x0,
    0x0, 0x1f, 0xf6, 0x0, 0x0, 0x0, 0x1, 0xff,
    0x60, 0x0, 0x0, 0x0, 0x3, 0xd7, 0x1f, 0xf6,
    0x3d, 0x70, 0x0, 0x1, 0xff, 0x60, 0x0, 0x0,
    0x0, 0xa, 0xff, 0x7f, 0xf9, 0xef, 0xf0, 0x0,
    0x1, 0xff, 0xb8, 0x88, 0x88, 0x88, 0x32, 0xef,
    0xff, 0xff, 0xff, 0x60, 0x0, 0x1, 0xff, 0xff,
    0xff, 0xff, 0xff, 0xf2, 0x2e, 0xff, 0xff, 0xf6,
    0x0, 0x0, 0x0, 0xdf, 0xff, 0xff, 0xff, 0xff,
    0xe2, 0x2, 0xef, 0xff, 0x60, 0x0, 0x0, 0x0,
    0x0, 0x0, 0x0, 0x0, 0x0, 0x0, 0x0, 0x2e,
    0xf6, 0x0, 0x0, 0x0, 0x0, 0x0, 0x0, 0x0,
    0x0, 0x0, 0x0, 0x0, 0x1, 0x30, 0x0, 0x0,

    /* U+F07B "" */
    0x5e, 0xff, 0xff, 0xff, 0x90, 0x0, 0x0, 0x0,
    0x0, 0x0, 0xef, 0xff, 0xff, 0xff, 0xf9, 0x0,
    0x0, 0x0, 0x0, 0x0, 0xff, 0xff, 0xff, 0xff,
    0xff, 0xb8, 0x88, 0x88, 0x88, 0x60, 0xff, 0xff,
    0xff, 0xff, 0xff, 0xff, 0xff, 0xff, 0xff, 0xfb,
    0xff, 0xff, 0xff, 0xff, 0xff, 0xff, 0xff, 0xff,
    0xff, 0xff, 0xff, 0xff, 0xff, 0xff, 0xff, 0xff,
    0xff, 0xff, 0xff, 0xff, 0xff, 0xff, 0xff, 0xff,
    0xff, 0xff, 0xff, 0xff, 0xff, 0xff, 0xff, 0xff,
    0xff, 0xff, 0xff, 0xff, 0xff, 0xff, 0xff, 0xff,
    0xff, 0xff, 0xff, 0xff, 0xff, 0xff, 0xff, 0xff,
    0xff, 0xff, 0xff, 0xff, 0xff, 0xff, 0xff, 0xff,
    0xff, 0xff, 0xff, 0xff, 0xff, 0xff, 0xff, 0xff,
    0xff, 0xff, 0xff, 0xff, 0xff, 0xff, 0xff, 0xff,
    0xff, 0xff, 0xff, 0xff, 0xff, 0xff, 0xff, 0xff,
    0xff, 0xff, 0xff, 0xff, 0xff, 0xff, 0xff, 0xff,
    0xff, 0xff, 0xef, 0xff, 0xff, 0xff, 0xff, 0xff,
    0xff, 0xff, 0xff, 0xfe, 0x5e, 0xff, 0xff, 0xff,
    0xff, 0xff, 0xff, 0xff, 0xff, 0xe5,

    /* U+F093 "" */
    0x0, 0x0, 0x0, 0x0, 0x3, 0x10, 0x0, 0x0,
    0x0, 0x0, 0x0, 0x0, 0x0, 0x0, 0x6f, 0xd1,
    0x0, 0x0, 0x0, 0x0, 0x0, 0x0, 0x0, 0x6,
    0xff, 0xfd, 0x10, 0x0, 0x0, 0x0, 0x0, 0x0,
    0x0, 0x6f, 0xff, 0xff, 0xd1, 0x0, 0x0, 0x0,
    0x0, 0x0, 0x6, 0xff, 0xff, 0xff, 0xfd, 0x10,
    0x0, 0x0, 0x0, 0x0, 0x6f, 0xff, 0xff, 0xff,
    0xff, 0xd1, 0x0, 0x0, 0x0, 0x6, 0xff, 0xff,
    0xff, 0xff, 0xff, 0xfd, 0x10, 0x0, 0x0, 0xd,
    0xff, 0xff, 0xff, 0xff, 0xff, 0xff, 0x60, 0x0,
    0x0, 0x0, 0x11, 0x1b, 0xff, 0xff, 0x51, 0x11,
    0x0, 0x0, 0x0, 0x0, 0x0, 0xb, 0xff, 0xff,
    0x40, 0x0, 0x0, 0x0, 0x0, 0x0, 0x0, 0xb,
    0xff, 0xff, 0x40, 0x0, 0x0, 0x0, 0x0, 0x0,
    0x0, 0xb, 0xff, 0xff, 0x40, 0x0, 0x0, 0x0,
    0x0, 0x0, 0x0, 0xb, 0xff, 0xff, 0x40, 0x0,
    0x0, 0x0, 0x0, 0x0, 0x0, 0xb, 0xff, 0xff,
    0x40, 0x0, 0x0, 0x0, 0x7a, 0xaa, 0xaa, 0x2b,
    0xff, 0xff, 0x42, 0xaa, 0xaa, 0xa7, 0xff, 0xff,
    0xff, 0x82, 0x67, 0x76, 0x8, 0xff, 0xff, 0xff,
    0xff, 0xff, 0xff, 0xfb, 0x77, 0x77, 0xbf, 0xff,
    0xff, 0xff, 0xff, 0xff, 0xff, 0xff, 0xff, 0xff,
    0xff, 0xff, 0xff, 0xff, 0xff, 0xff, 0xff, 0xff,
    0xff, 0xff, 0xfb, 0xf, 0x48, 0xff, 0xff, 0xff,
    0xff, 0xff, 0xff, 0xff, 0xff, 0xef, 0xef, 0xff,
    0x14, 0x44, 0x44, 0x44, 0x44, 0x44, 0x44, 0x44,
    0x44, 0x41,

    /* U+F095 "" */
    0x0, 0x0, 0x0, 0x0, 0x0, 0x0, 0x0, 0x4,
    0x62, 0x0, 0x0, 0x0, 0x0, 0x0, 0x0, 0x0,
    0x0, 0x1, 0xff, 0xfe, 0xb5, 0x0, 0x0, 0x0,
    0x0, 0x0, 0x0, 0x0, 0x7f, 0xff, 0xff, 0xf0,
    0x0, 0x0, 0x0, 0x0, 0x0, 0x0, 0xe, 0xff,
    0xff, 0xff, 0x0, 0x0, 0x0, 0x0, 0x0, 0x0,
    0x5, 0xff, 0xff, 0xff, 0xd0, 0x0, 0x0, 0x0,
    0x0, 0x0, 0x0, 0xbf, 0xff, 0xff, 0xfb, 0x0,
    0x0, 0x0, 0x0, 0x0, 0x0, 0x6, 0xff, 0xff,
    0xff, 0x80, 0x0, 0x0, 0x0, 0x0, 0x0, 0x0,
    0x5, 0xff, 0xff, 0xf4, 0x0, 0x0, 0x0, 0x0,
    0x0, 0x0, 0x0, 0x5, 0xff, 0xfe, 0x0, 0x0,
    0x0, 0x0, 0x0, 0x0, 0x0, 0x0, 0xbf, 0xff,
    0x90, 0x0, 0x0, 0x0, 0x0, 0x0, 0x0, 0x0,
    0x4f, 0xff, 0xf2, 0x0, 0x0, 0x0, 0x0, 0x0,
    0x0, 0x0, 0x2e, 0xff, 0xf8, 0x0, 0x0, 0x0,
    0x1, 0x30, 0x0, 0x0, 0x1d, 0xff, 0xfd, 0x0,
    0x0, 0x0, 0x29, 0xff, 0x70, 0x0, 0x3e, 0xff,
    0xff, 0x30, 0x0, 0x4, 0xbf, 0xff, 0xff, 0x40,
    0x7f, 0xff, 0xff, 0x50, 0x0, 0x0, 0xef, 0xff,
    0xff, 0xfe, 0xef, 0xff, 0xff, 0x50, 0x0, 0x0,
    0xc, 0xff, 0xff, 0xff, 0xff, 0xff, 0xfe, 0x40,
    0x0, 0x0, 0x0, 0x8f, 0xff, 0xff, 0xff, 0xff,
    0xfb, 0x10, 0x0, 0x0, 0x0, 0x4, 0xff, 0xff,
    0xff, 0xff, 0xd5, 0x0, 0x0, 0x0, 0x0, 0x0,
    0x1f, 0xff, 0xff, 0xea, 0x40, 0x0, 0x0, 0x0,
    0x0, 0x0, 0x0, 0x57, 0x64, 0x20, 0x0, 0x0,
    0x0, 0x0, 0x0, 0x0, 0x0,

    /* U+F0C4 "" */
    0x0, 0x25, 0x40, 0x0, 0x0, 0x0, 0x0, 0x0,
    0x0, 0x9, 0xff, 0xfe, 0x30, 0x0, 0x0, 0x4,
    0xaa, 0x50, 0x7f, 0xff, 0xff, 0xe0, 0x0, 0x0,
    0x8f, 0xff, 0xf5, 0xef, 0xd3, 0x7f, 0xf6, 0x0,
    0x8, 0xff, 0xff, 0xb0, 0xff, 0x80, 0xf, 0xf7,
    0x0, 0x8f, 0xff, 0xfb, 0x0, 0xdf, 0xe7, 0xaf,
    0xf5, 0x8, 0xff, 0xff, 0xb0, 0x0, 0x5f, 0xff,
    0xff, 0xfd, 0x9f, 0xff, 0xfb, 0x0, 0x0, 0x5,
    0xef, 0xff, 0xff, 0xff, 0xff, 0xb0, 0x0, 0x0,
    0x0, 0x1, 0x5f, 0xff, 0xff, 0xfb, 0x0, 0x0,
    0x0, 0x0, 0x0, 0xb, 0xff, 0xff, 0xf2, 0x0,
    0x0, 0x0, 0x0, 0x25, 0x9f, 0xff, 0xff, 0xfd,
    0x10, 0x0, 0x0, 0x9, 0xff, 0xff, 0xff, 0xff,
    0xff, 0xd1, 0x0, 0x0, 0x7f, 0xff, 0xff, 0xfb,
    0x6f, 0xff, 0xfd, 0x10, 0x0, 0xef, 0xd3, 0x7f,
    0xf5, 0x5, 0xff, 0xff, 0xd1, 0x0, 0xff, 0x80,
    0xf, 0xf7, 0x0, 0x5f, 0xff, 0xfd, 0x10, 0xdf,
    0xe7, 0xaf, 0xf5, 0x0, 0x5, 0xff, 0xff, 0xd1,
    0x5f, 0xff, 0xff, 0xc0, 0x0, 0x0, 0x4f, 0xff,
    0xf4, 0x5, 0xef, 0xfb, 0x10, 0x0, 0x0, 0x1,
    0x66, 0x20, 0x0, 0x1, 0x0, 0x0, 0x0, 0x0,
    0x0, 0x0, 0x0,

    /* U+F0C5 "" */
    0x0, 0x0, 0x8, 0xbb, 0xbb, 0xbb, 0x50, 0x90,
    0x0, 0x0, 0x0, 0xf, 0xff, 0xff, 0xff, 0x81,
    0xfb, 0x0, 0x0, 0x0, 0xf, 0xff, 0xff, 0xff,
    0x81, 0xff, 0xb0, 0x0, 0x0, 0xf, 0xff, 0xff,
    0xff, 0x81, 0xff, 0xf8, 0x8c, 0xc9, 0xf, 0xff,
    0xff, 0xff, 0x80, 0x0, 0x0, 0xff, 0xfc, 0xf,
    0xff, 0xff, 0xff, 0xd5, 0x44, 0x43, 0xff, 0xfc,
    0xf, 0xff, 0xff, 0xff, 0xff, 0xff, 0xfa, 0xff,
    0xfc, 0xf, 0xff, 0xff, 0xff, 0xff, 0xff, 0xfa,
    0xff, 0xfc, 0xf, 0xff, 0xff, 0xff, 0xff, 0xff,
    0xfa, 0xff, 0xfc, 0xf, 0xff, 0xff, 0xff, 0xff,
    0xff, 0xfa, 0xff, 0xfc, 0xf, 0xff, 0xff, 0xff,
    0xff, 0xff, 0xfa, 0xff, 0xfc, 0xf, 0xff, 0xff,
    0xff, 0xff, 0xff, 0xfa, 0xff, 0xfc, 0xf, 0xff,
    0xff, 0xff, 0xff, 0xff, 0xfa, 0xff, 0xfc, 0xf,
    0xff, 0xff, 0xff, 0xff, 0xff, 0xfa, 0xff, 0xfc,
    0xf, 0xff, 0xff, 0xff, 0xff, 0xff, 0xfa, 0xff,
    0xfc, 0xf, 0xff, 0xff, 0xff, 0xff, 0xff, 0xfa,
    0xff, 0xfe, 0xb, 0xff, 0xff, 0xff, 0xff, 0xff,
    0xf7, 0xff, 0xff, 0x91, 0x0, 0x0, 0x0, 0x0,
    0x0, 0x0, 0xff, 0xff, 0xff, 0xff, 0xff, 0xff,
    0x80, 0x0, 0x0, 0xff, 0xff, 0xff, 0xff, 0xff,
    0xff, 0x70, 0x0, 0x0, 0x58, 0x88, 0x88, 0x88,
    0x88, 0x87, 0x10, 0x0, 0x0,

    /* U+F0C7 "" */
    0x6, 0x77, 0x77, 0x77, 0x77, 0x77, 0x60, 0x0,
    0x0, 0xbf, 0xff, 0xff, 0xff, 0xff, 0xff, 0xfd,
    0x10, 0x0, 0xff, 0xff, 0xff, 0xff, 0xff, 0xff,
    0xff, 0xc1, 0x0, 0xff, 0x90, 0x0, 0x0, 0x0,
    0x1, 0xdf, 0xfc, 0x10, 0xff, 0x80, 0x0, 0x0,
    0x0, 0x0, 0xbf, 0xff, 0xc0, 0xff, 0x80, 0x0,
    0x0, 0x0, 0x0, 0xbf, 0xff, 0xf3, 0xff, 0x80,
    0x0, 0x0, 0x0, 0x0, 0xbf, 0xff, 0xf4, 0xff,
    0x80, 0x0, 0x0, 0x0, 0x0, 0xbf, 0xff, 0xf4,
    0xff, 0xd8, 0x88, 0x88, 0x88, 0x88, 0xef, 0xff,
    0xf4, 0xff, 0xff, 0xff, 0xff, 0xff, 0xff, 0xff,
    0xff, 0xf4, 0xff, 0xff, 0xff, 0xff, 0xff, 0xff,
    0xff, 0xff, 0xf4, 0xff, 0xff, 0xff, 0xe4, 0x2,
    0xcf, 0xff, 0xff, 0xf4, 0xff, 0xff, 0xff, 0x60,
    0x0, 0x2f, 0xff, 0xff, 0xf4, 0xff, 0xff, 0xff,
    0x40, 0x0, 0xf, 0xff, 0xff, 0xf4, 0xff, 0xff,
    0xff, 0xa0, 0x0, 0x6f, 0xff, 0xff, 0xf4, 0xff,
    0xff, 0xff, 0xfc, 0x8a, 0xff, 0xff, 0xff, 0xf4,
    0xef, 0xff, 0xff, 0xff, 0xff, 0xff, 0xff, 0xff,
    0xf3, 0x6f, 0xff, 0xff, 0xff, 0xff, 0xff, 0xff,
    0xff, 0xa0, 0x0, 0x0, 0x0, 0x0, 0x0, 0x0,
    0x0, 0x0, 0x0,

    /* U+F0C9 "" */
    0x0, 0x0, 0x0, 0x0, 0x0, 0x0, 0x0, 0x0,
    0x0, 0xef, 0xff, 0xff, 0xff, 0xff, 0xff, 0xff,
    0xff, 0xf6, 0xff, 0xff, 0xff, 0xff, 0xff, 0xff,
    0xff, 0xff, 0xf8, 0xac, 0xcc, 0xcc, 0xcc, 0xcc,
    0xcc, 0xcc, 0xcc, 0xc4, 0x0, 0x0, 0x0, 0x0,
    0x0, 0x0, 0x0, 0x0, 0x0, 0x0, 0x0, 0x0,
    0x0, 0x0, 0x0, 0x0, 0x0, 0x0, 0x0, 0x0,
    0x0, 0x0, 0x0, 0x0, 0x0, 0x0, 0x0, 0xcd,
    0xdd, 0xdd, 0xdd, 0xdd, 0xdd, 0xdd, 0xdd, 0xd5,
    0xff, 0xff, 0xff, 0xff, 0xff, 0xff, 0xff, 0xff,
    0xf8, 0xdf, 0xff, 0xff, 0xff, 0xff, 0xff, 0xff,
    0xff, 0xf5, 0x0, 0x0, 0x0, 0x0, 0x0, 0x0,
    0x0, 0x0, 0x0, 0x0, 0x0, 0x0, 0x0, 0x0,
    0x0, 0x0, 0x0, 0x0, 0x0, 0x0, 0x0, 0x0,
    0x0, 0x0, 0x0, 0x0, 0x0, 0xac, 0xcc, 0xcc,
    0xcc, 0xcc, 0xcc, 0xcc, 0xcc, 0xc4, 0xff, 0xff,
    0xff, 0xff, 0xff, 0xff, 0xff, 0xff, 0xf8, 0xef,
    0xff, 0xff, 0xff, 0xff, 0xff, 0xff, 0xff, 0xf6,
    0x0, 0x0, 0x0, 0x0, 0x0, 0x0, 0x0, 0x0,
    0x0,

    /* U+F0E0 "" */
    0x5e, 0xff, 0xff, 0xff, 0xff, 0xff, 0xff, 0xff,
    0xff, 0xe5, 0xef, 0xff, 0xff, 0xff, 0xff, 0xff,
    0xff, 0xff, 0xff, 0xfe, 0xff, 0xff, 0xff, 0xff,
    0xff, 0xff, 0xff, 0xff, 0xff, 0xff, 0x7f, 0xff,
    0xff, 0xff, 0xff, 0xff, 0xff, 0xff, 0xff, 0xf7,
    0x3, 0xef, 0xff, 0xff, 0xff, 0xff, 0xff, 0xff,
    0xfe, 0x30, 0xe3, 0x1b, 0xff, 0xff, 0xff, 0xff,
    0xff, 0xff, 0xb1, 0x3e, 0xff, 0x70, 0x7f, 0xff,
    0xff, 0xff, 0xff, 0xf7, 0x7, 0xff, 0xff, 0xfb,
    0x13, 0xdf, 0xff, 0xff, 0xfd, 0x31, 0xbf, 0xff,
    0xff, 0xff, 0xe4, 0xa, 0xff, 0xff, 0xa0, 0x4e,
    0xff, 0xff, 0xff, 0xff, 0xff, 0x80, 0x5d, 0xd5,
    0x8, 0xff, 0xff, 0xff, 0xff, 0xff, 0xff, 0xfc,
    0x20, 0x2, 0xcf, 0xff, 0xff, 0xff, 0xff, 0xff,
    0xff, 0xff, 0xfd, 0xdf, 0xff, 0xff, 0xff, 0xff,
    0xff, 0xff, 0xff, 0xff, 0xff, 0xff, 0xff, 0xff,
    0xff, 0xff, 0xef, 0xff, 0xff, 0xff, 0xff, 0xff,
    0xff, 0xff, 0xff, 0xfe, 0x5e, 0xff, 0xff, 0xff,
    0xff, 0xff, 0xff, 0xff, 0xff, 0xe5,

    /* U+F0E7 "" */
    0x0, 0x14, 0x44, 0x44, 0x41, 0x0, 0x0, 0x0,
    0xbf, 0xff, 0xff, 0xfa, 0x0, 0x0, 0x0, 0xef,
    0xff, 0xff, 0xf8, 0x0, 0x0, 0x0, 0xff, 0xff,
    0xff, 0xf3, 0x0, 0x0, 0x2, 0xff, 0xff, 0xff,
    0xd0, 0x0, 0x0, 0x4, 0xff, 0xff, 0xff, 0x80,
    0x0, 0x0, 0x6, 0xff, 0xff, 0xff, 0x40, 0x0,
    0x0, 0x8, 0xff, 0xff, 0xff, 0xff, 0xff, 0xf5,
    0xa, 0xff, 0xff, 0xff, 0xff, 0xff, 0xf4, 0xd,
    0xff, 0xff, 0xff, 0xff, 0xff, 0xb0, 0xf, 0xff,
    0xff, 0xff, 0xff, 0xff, 0x20, 0xb, 0xff, 0xff,
    0xff, 0xff, 0xf9, 0x0, 0x0, 0x0, 0x0, 0x8f,
    0xff, 0xe1, 0x0, 0x0, 0x0, 0x0, 0xcf, 0xff,
    0x60, 0x0, 0x0, 0x0, 0x0, 0xff, 0xfd, 0x0,
    0x0, 0x0, 0x0, 0x3, 0xff, 0xf4, 0x0, 0x0,
    0x0, 0x0, 0x7, 0xff, 0xa0, 0x0, 0x0, 0x0,
    0x0, 0xb, 0xff, 0x20, 0x0, 0x0, 0x0, 0x0,
    0xf, 0xf8, 0x0, 0x0, 0x0, 0x0, 0x0, 0x2f,
    0xe0, 0x0, 0x0, 0x0, 0x0, 0x0, 0x9, 0x40,
    0x0, 0x0, 0x0,

    /* U+F0EA "" */
    0x0, 0x0, 0x6, 0x71, 0x0, 0x0, 0x0, 0x0,
    0x0, 0x14, 0x44, 0xbf, 0xfe, 0x44, 0x43, 0x0,
    0x0, 0x0, 0xef, 0xff, 0xf9, 0x4f, 0xff, 0xff,
    0x40, 0x0, 0x0, 0xff, 0xff, 0xf8, 0x3f, 0xff,
    0xff, 0x50, 0x0, 0x0, 0xff, 0xff, 0xff, 0xff,
    0xff, 0xff, 0x50, 0x0, 0x0, 0xff, 0xff, 0xff,
    0xa8, 0x88, 0x88, 0x20, 0x0, 0x0, 0xff, 0xff,
    0xf6, 0x0, 0x0, 0x0, 0x0, 0x0, 0x0, 0xff,
    0xff, 0xf0, 0xcf, 0xff, 0xff, 0x51, 0xe2, 0x0,
    0xff, 0xff, 0xf0, 0xef, 0xff, 0xff, 0x51, 0xfe,
    0x20, 0xff, 0xff, 0xf0, 0xef, 0xff, 0xff, 0x51,
    0xff, 0xe2, 0xff, 0xff, 0xf0, 0xef, 0xff, 0xff,
    0x50, 0xbb, 0xb7, 0xff, 0xff, 0xf0, 0xef, 0xff,
    0xff, 0x80, 0x0, 0x0, 0xff, 0xff, 0xf0, 0xef,
    0xff, 0xff, 0xff, 0xff, 0xfa, 0xff, 0xff, 0xf0,
    0xef, 0xff, 0xff, 0xff, 0xff, 0xfa, 0xff, 0xff,
    0xf0, 0xef, 0xff, 0xff, 0xff, 0xff, 0xfa, 0xff,
    0xff, 0xf0, 0xef, 0xff, 0xff, 0xff, 0xff, 0xfa,
    0xcf, 0xff, 0xf0, 0xef, 0xff, 0xff, 0xff, 0xff,
    0xfa, 0x0, 0x0, 0x0, 0xef, 0xff, 0xff, 0xff,
    0xff, 0xfa, 0x0, 0x0, 0x0, 0xef, 0xff, 0xff,
    0xff, 0xff, 0xfa, 0x0, 0x0, 0x0, 0xef, 0xff,
    0xff, 0xff, 0xff, 0xfa, 0x0, 0x0, 0x0, 0x7b,
    0xbb, 0xbb, 0xbb, 0xbb, 0xb4,

    /* U+F0F3 "" */
    0x0, 0x0, 0x0, 0x0, 0x31, 0x0, 0x0, 0x0,
    0x0, 0x0, 0x0, 0x0, 0x5, 0xfd, 0x0, 0x0,
    0x0, 0x0, 0x0, 0x0, 0x0, 0x9, 0xff, 0x10,
    0x0, 0x0, 0x0, 0x0, 0x0, 0x7, 0xef, 0xff,
    0xfb, 0x20, 0x0, 0x0, 0x0, 0x0, 0xaf, 0xff,
    0xff, 0xff, 0xf3, 0x0, 0x0, 0x0, 0x8, 0xff,
    0xff, 0xff, 0xff, 0xfe, 0x10, 0x0, 0x0, 0x1f,
    0xff, 0xff, 0xff, 0xff, 0xff, 0x80, 0x0, 0x0,
    0x5f, 0xff, 0xff, 0xff, 0xff, 0xff, 0xd0, 0x0,
    0x0, 0x7f, 0xff, 0xff, 0xff, 0xff, 0xff, 0xf0,
    0x0, 0x0, 0x8f, 0xff, 0xff, 0xff, 0xff, 0xff,
    0xf0, 0x0, 0x0, 0x9f, 0xff, 0xff, 0xff, 0xff,
    0xff, 0xf1, 0x0, 0x0, 0xdf, 0xff, 0xff, 0xff,
    0xff, 0xff, 0xf5, 0x0, 0x1, 0xff, 0xff, 0xff,
    0xff, 0xff, 0xff, 0xf9, 0x0, 0x9, 0xff, 0xff,
    0xff, 0xff, 0xff, 0xff, 0xff, 0x10, 0x5f, 0xff,
    0xff, 0xff, 0xff, 0xff, 0xff, 0xff, 0xd0, 0xef,
    0xff, 0xff, 0xff, 0xff, 0xff, 0xff, 0xff, 0xf6,
    0x9f, 0xff, 0xff, 0xff, 0xff, 0xff, 0xff, 0xff,
    0xe3, 0x0, 0x0, 0x0, 0x0, 0x0, 0x0, 0x0,
    0x0, 0x0, 0x0, 0x0, 0x0, 0xaf, 0xff, 0xf2,
    0x0, 0x0, 0x0, 0x0, 0x0, 0x0, 0x3f, 0xff,
    0xa0, 0x0, 0x0, 0x0, 0x0, 0x0, 0x0, 0x2,
    0x75, 0x0, 0x0, 0x0, 0x0,

    /* U+F11C "" */
    0x5e, 0xff, 0xff, 0xff, 0xff, 0xff, 0xff, 0xff,
    0xff, 0xff, 0xfb, 0xe, 0xff, 0xff, 0xff, 0xff,
    0xff, 0xff, 0xff, 0xff, 0xff, 0xff, 0xf6, 0xff,
    0xc8, 0x8f, 0xa8, 0xaf, 0x88, 0xbf, 0x88, 0xfb,
    0x88, 0xff, 0x8f, 0xf8, 0x0, 0xf4, 0x4, 0xf0,
    0x5, 0xe0, 0xe, 0x50, 0xf, 0xf8, 0xff, 0x80,
    0xf, 0x40, 0x4f, 0x0, 0x6f, 0x0, 0xf6, 0x0,
    0xff, 0x8f, 0xff, 0xff, 0xff, 0xff, 0xff, 0xff,
    0xff, 0xff, 0xff, 0xff, 0xf8, 0xff, 0xff, 0x94,
    0x6f, 0x64, 0x8f, 0x44, 0xbb, 0x44, 0xff, 0xff,
    0x8f, 0xff, 0xf6, 0x2, 0xf2, 0x5, 0xf0, 0x8,
    0x80, 0xe, 0xff, 0xf8, 0xff, 0xff, 0x94, 0x6f,
    0x64, 0x8f, 0x44, 0xbb, 0x44, 0xff, 0xff, 0x8f,
    0xff, 0xff, 0xff, 0xff, 0xff, 0xff, 0xff, 0xff,
    0xff, 0xff, 0xf8, 0xff, 0x80, 0xf, 0x40, 0x0,
    0x0, 0x0, 0x0, 0xf6, 0x0, 0xff, 0x8f, 0xf8,
    0x0, 0xf4, 0x0, 0x0, 0x0, 0x0, 0xe, 0x50,
    0xf, 0xf8, 0xff, 0xc8, 0x8f, 0xa8, 0x88, 0x88,
    0x88, 0x88, 0xfb, 0x88, 0xff, 0x8e, 0xff, 0xff,
    0xff, 0xff, 0xff, 0xff, 0xff, 0xff, 0xff, 0xff,
    0xf6, 0x5e, 0xff, 0xff, 0xff, 0xff, 0xff, 0xff,
    0xff, 0xff, 0xff, 0xfb, 0x0,

    /* U+F124 "" */
    0x0, 0x0, 0x0, 0x0, 0x0, 0x0, 0x0, 0x0,
    0x0, 0x56, 0x0, 0x0, 0x0, 0x0, 0x0, 0x0,
    0x0, 0x0, 0x1, 0x7e, 0xff, 0xa0, 0x0, 0x0,
    0x0, 0x0, 0x0, 0x0, 0x1, 0x8f, 0xff, 0xff,
    0xf0, 0x0, 0x0, 0x0, 0x0, 0x0, 0x2, 0xaf,
    0xff, 0xff, 0xff, 0xa0, 0x0, 0x0, 0x0, 0x0,
    0x4, 0xbf, 0xff, 0xff, 0xff, 0xff, 0x30, 0x0,
    0x0, 0x0, 0x5, 0xcf, 0xff, 0xff, 0xff, 0xff,
    0xfb, 0x0, 0x0, 0x0, 0x6, 0xdf, 0xff, 0xff,
    0xff, 0xff, 0xff, 0xf4, 0x0, 0x0, 0x18, 0xef,
    0xff, 0xff, 0xff, 0xff, 0xff, 0xff, 0xd0, 0x0,
    0x5, 0xff, 0xff, 0xff, 0xff, 0xff, 0xff, 0xff,
    0xff, 0x50, 0x0, 0xe, 0xff, 0xff, 0xff, 0xff,
    0xff, 0xff, 0xff, 0xfe, 0x0, 0x0, 0xd, 0xff,
    0xff, 0xff, 0xff, 0xff, 0xff, 0xff, 0xf7, 0x0,
    0x0, 0x2, 0xac, 0xcc, 0xcc, 0xcd, 0xff, 0xff,
    0xff, 0xf0, 0x0, 0x0, 0x0, 0x0, 0x0, 0x0,
    0x4, 0xff, 0xff, 0xff, 0x80, 0x0, 0x0, 0x0,
    0x0, 0x0, 0x0, 0x4, 0xff, 0xff, 0xff, 0x10,
    0x0, 0x0, 0x0, 0x0, 0x0, 0x0, 0x4, 0xff,
    0xff, 0xf9, 0x0, 0x0, 0x0, 0x0, 0x0, 0x0,
    0x0, 0x4, 0xff, 0xff, 0xf2, 0x0, 0x0, 0x0,
    0x0, 0x0, 0x0, 0x0, 0x4, 0xff, 0xff, 0xb0,
    0x0, 0x0, 0x0, 0x0, 0x0, 0x0, 0x0, 0x4,
    0xff, 0xff, 0x30, 0x0, 0x0, 0x0, 0x0, 0x0,
    0x0, 0x0, 0x3, 0xff, 0xfc, 0x0, 0x0, 0x0,
    0x0, 0x0, 0x0, 0x0, 0x0, 0x0, 0xef, 0xf4,
    0x0, 0x0, 0x0, 0x0, 0x0, 0x0, 0x0, 0x0,
    0x0, 0x27, 0x30, 0x0, 0x0, 0x0, 0x0,

    /* U+F15B "" */
    0x24, 0x44, 0x44, 0x44, 0x30, 0x30, 0x0, 0xf,
    0xff, 0xff, 0xff, 0xfc, 0xf, 0x60, 0x0, 0xff,
    0xff, 0xff, 0xff, 0xc0, 0xff, 0x60, 0xf, 0xff,
    0xff, 0xff, 0xfc, 0xf, 0xff, 0x60, 0xff, 0xff,
    0xff, 0xff, 0xc0, 0xff, 0xff, 0x6f, 0xff, 0xff,
    0xff, 0xfc, 0xb, 0xbb, 0xbb, 0xff, 0xff, 0xff,
    0xff, 0xe1, 0x0, 0x0, 0xf, 0xff, 0xff, 0xff,
    0xff, 0xff, 0xff, 0xff, 0xff, 0xff, 0xff, 0xff,
    0xff, 0xff, 0xff, 0xff, 0xff, 0xff, 0xff, 0xff,
    0xff, 0xff, 0xff, 0xff, 0xff, 0xff, 0xff, 0xff,
    0xff, 0xff, 0xff, 0xff, 0xff, 0xff, 0xff, 0xff,
    0xff, 0xff, 0xff, 0xff, 0xff, 0xff, 0xff, 0xff,
    0xff, 0xff, 0xff, 0xff, 0xff, 0xff, 0xff, 0xff,
    0xff, 0xff, 0xff, 0xff, 0xff, 0xff, 0xff, 0xff,
    0xff, 0xff, 0xff, 0xff, 0xff, 0xff, 0xff, 0xff,
    0xff, 0xff, 0xff, 0xff, 0xff, 0xff, 0xff, 0xff,
    0xff, 0xff, 0xff, 0xff, 0xff, 0xff, 0xff, 0xff,
    0xff, 0xff, 0xff, 0xff, 0xff, 0xff, 0xff, 0xff,
    0xff, 0xff, 0xff, 0xff, 0xff, 0xff, 0x8b, 0xbb,
    0xbb, 0xbb, 0xbb, 0xbb, 0xbb, 0x80,

    /* U+F1EB "" */
    0x0, 0x0, 0x0, 0x0, 0x0, 0x23, 0x43, 0x20,
    0x0, 0x0, 0x0, 0x0, 0x0, 0x0, 0x0, 0x3,
    0x8c, 0xff, 0xff, 0xff, 0xfc, 0x83, 0x0, 0x0,
    0x0, 0x0, 0x0, 0x6d, 0xff, 0xff, 0xff, 0xff,
    0xff, 0xff, 0xfd, 0x60, 0x0, 0x0, 0x3, 0xdf,
    0xff, 0xff, 0xff, 0xfe, 0xff, 0xff, 0xff, 0xff,
    0xd3, 0x0, 0x8, 0xff, 0xff, 0xfb, 0x72, 0x0,
    0x0, 0x2, 0x7b, 0xff, 0xff, 0xf8, 0xa, 0xff,
    0xff, 0xa2, 0x0, 0x0, 0x0, 0x0, 0x0, 0x2,
    0xaf, 0xff, 0xfa, 0xbf, 0xfd, 0x30, 0x0, 0x0,
    0x0, 0x0, 0x0, 0x0, 0x0, 0x3d, 0xff, 0xb0,
    0xba, 0x10, 0x0, 0x5, 0x9d, 0xef, 0xed, 0x95,
    0x0, 0x0, 0x1a, 0xb0, 0x0, 0x0, 0x0, 0x6d,
    0xff, 0xff, 0xff, 0xff, 0xfd, 0x60, 0x0, 0x0,
    0x0, 0x0, 0x1, 0xbf, 0xff, 0xff, 0xff, 0xff,
    0xff, 0xff, 0xb1, 0x0, 0x0, 0x0, 0x0, 0x8f,
    0xff, 0xfa, 0x53, 0x23, 0x5a, 0xff, 0xff, 0x80,
    0x0, 0x0, 0x0, 0x0, 0xcf, 0xb1, 0x0, 0x0,
    0x0, 0x1, 0xbf, 0xc0, 0x0, 0x0, 0x0, 0x0,
    0x0, 0x40, 0x0, 0x0, 0x0, 0x0, 0x0, 0x40,
    0x0, 0x0, 0x0, 0x0, 0x0, 0x0, 0x0, 0x1,
    0x9d, 0x91, 0x0, 0x0, 0x0, 0x0, 0x0, 0x0,
    0x0, 0x0, 0x0, 0x0, 0xaf, 0xff, 0xa0, 0x0,
    0x0, 0x0, 0x0, 0x0, 0x0, 0x0, 0x0, 0x0,
    0xf, 0xff, 0xff, 0x0, 0x0, 0x0, 0x0, 0x0,
    0x0, 0x0, 0x0, 0x0, 0x0, 0xcf, 0xff, 0xc0,
    0x0, 0x0, 0x0, 0x0, 0x0, 0x0, 0x0, 0x0,
    0x0, 0x3, 0xef, 0xe3, 0x0, 0x0, 0x0, 0x0,
    0x0, 0x0, 0x0, 0x0, 0x0, 0x0, 0x0, 0x10,
    0x0, 0x0, 0x0, 0x0, 0x0, 0x0,

    /* U+F240 "" */
    0x17, 0x88, 0x88, 0x88, 0x88, 0x88, 0x88, 0x88,
    0x88, 0x88, 0x88, 0x60, 0xc, 0xff, 0xff, 0xff,
    0xff, 0xff, 0xff, 0xff, 0xff, 0xff, 0xff, 0xff,
    0x80, 0xff, 0xff, 0xff, 0xff, 0xff, 0xff, 0xff,
    0xff, 0xff, 0xff, 0xff, 0xfc, 0xf, 0xf8, 0x0,
    0x0, 0x0, 0x0, 0x0, 0x0, 0x0, 0x0, 0x0,
    0xcf, 0xfd, 0xff, 0x84, 0xff, 0xff, 0xff, 0xff,
    0xff, 0xff, 0xff, 0xff, 0xc, 0xff, 0xff, 0xf8,
    0x4f, 0xff, 0xff, 0xff, 0xff, 0xff, 0xff, 0xff,
    0xf0, 0x5b, 0xff, 0xff, 0x84, 0xff, 0xff, 0xff,
    0xff, 0xff, 0xff, 0xff, 0xff, 0x0, 0x8f, 0xff,
    0xf8, 0x4f, 0xff, 0xff, 0xff, 0xff, 0xff, 0xff,
    0xff, 0xf0, 0x8, 0xff, 0xff, 0x84, 0xff, 0xff,
    0xff, 0xff, 0xff, 0xff, 0xff, 0xff, 0xc, 0xff,
    0xff, 0xf8, 0x0, 0x0, 0x0, 0x0, 0x0, 0x0,
    0x0, 0x0, 0x0, 0xcf, 0xff, 0xff, 0xc8, 0x88,
    0x88, 0x88, 0x88, 0x88, 0x88, 0x88, 0x88, 0x8e,
    0xfd, 0x4e, 0xff, 0xff, 0xff, 0xff, 0xff, 0xff,
    0xff, 0xff, 0xff, 0xff, 0xff, 0xa0, 0x4e, 0xff,
    0xff, 0xff, 0xff, 0xff, 0xff, 0xff, 0xff, 0xff,
    0xff, 0xc2, 0x0,

    /* U+F241 "" */
    0x17, 0x88, 0x88, 0x88, 0x88, 0x88, 0x88, 0x88,
    0x88, 0x88, 0x88, 0x60, 0xc, 0xff, 0xff, 0xff,
    0xff, 0xff, 0xff, 0xff, 0xff, 0xff, 0xff, 0xff,
    0x80, 0xff, 0xff, 0xff, 0xff, 0xff, 0xff, 0xff,
    0xff, 0xff, 0xff, 0xff, 0xfc, 0xf, 0xf8, 0x0,
    0x0, 0x0, 0x0, 0x0, 0x0, 0x0, 0x0, 0x0,
    0xcf, 0xfd, 0xff, 0x81, 0xff, 0xff, 0xff, 0xff,
    0xff, 0xff, 0x60, 0x0, 0xc, 0xff, 0xff, 0xf8,
    0x1f, 0xff, 0xff, 0xff, 0xff, 0xff, 0xf6, 0x0,
    0x0, 0x5b, 0xff, 0xff, 0x81, 0xff, 0xff, 0xff,
    0xff, 0xff, 0xff, 0x60, 0x0, 0x0, 0x8f, 0xff,
    0xf8, 0x1f, 0xff, 0xff, 0xff, 0xff, 0xff, 0xf6,
    0x0, 0x0, 0x8, 0xff, 0xff, 0x81, 0xff, 0xff,
    0xff, 0xff, 0xff, 0xff, 0x60, 0x0, 0xc, 0xff,
    0xff, 0xf8, 0x0, 0x0, 0x0, 0x0, 0x0, 0x0,
    0x0, 0x0, 0x0, 0xcf, 0xff, 0xff, 0xc8, 0x88,
    0x88, 0x88, 0x88, 0x88, 0x88, 0x88, 0x88, 0x8e,
    0xfd, 0x4e, 0xff, 0xff, 0xff, 0xff, 0xff, 0xff,
    0xff, 0xff, 0xff, 0xff, 0xff, 0xa0, 0x4e, 0xff,
    0xff, 0xff, 0xff, 0xff, 0xff, 0xff, 0xff, 0xff,
    0xff, 0xc2, 0x0,

    /* U+F242 "" */
    0x17, 0x88, 0x88, 0x88, 0x88, 0x88, 0x88, 0x88,
    0x88, 0x88, 0x88, 0x60, 0xc, 0xff, 0xff, 0xff,
    0xff, 0xff, 0xff, 0xff, 0xff, 0xff, 0xff, 0xff,
    0x80, 0xff, 0xff, 0xff, 0xff, 0xff, 0xff, 0xff,
    0xff, 0xff, 0xff, 0xff, 0xfc, 0xf, 0xf8, 0x0,
    0x0, 0x0, 0x0, 0x0, 0x0, 0x0, 0x0, 0x0,
    0xcf, 0xfd, 0xff, 0x81, 0xff, 0xff, 0xff, 0xff,
    0xa0, 0x0, 0x0, 0x0, 0xc, 0xff, 0xff, 0xf8,
    0x1f, 0xff, 0xff, 0xff, 0xfa, 0x0, 0x0, 0x0,
    0x0, 0x5b, 0xff, 0xff, 0x81, 0xff, 0xff, 0xff,
    0xff, 0xa0, 0x0, 0x0, 0x0, 0x0, 0x8f, 0xff,
    0xf8, 0x1f, 0xff, 0xff, 0xff, 0xfa, 0x0, 0x0,
    0x0, 0x0, 0x8, 0xff, 0xff, 0x81, 0xff, 0xff,
    0xff, 0xff, 0xa0, 0x0, 0x0, 0x0, 0xc, 0xff,
    0xff, 0xf8, 0x0, 0x0, 0x0, 0x0, 0x0, 0x0,
    0x0, 0x0, 0x0, 0xcf, 0xff, 0xff, 0xc8, 0x88,
    0x88, 0x88, 0x88, 0x88, 0x88, 0x88, 0x88, 0x8e,
    0xfd, 0x4e, 0xff, 0xff, 0xff, 0xff, 0xff, 0xff,
    0xff, 0xff, 0xff, 0xff, 0xff, 0xa0, 0x4e, 0xff,
    0xff, 0xff, 0xff, 0xff, 0xff, 0xff, 0xff, 0xff,
    0xff, 0xc2, 0x0,

    /* U+F243 "" */
    0x17, 0x88, 0x88, 0x88, 0x88, 0x88, 0x88, 0x88,
    0x88, 0x88, 0x88, 0x60, 0xc, 0xff, 0xff, 0xff,
    0xff, 0xff, 0xff, 0xff, 0xff, 0xff, 0xff, 0xff,
    0x80, 0xff, 0xff, 0xff, 0xff, 0xff, 0xff, 0xff,
    0xff, 0xff, 0xff, 0xff, 0xfc, 0xf, 0xf8, 0x0,
    0x0, 0x0, 0x0, 0x0, 0x0, 0x0, 0x0, 0x0,
    0xcf, 0xfd, 0xff, 0x81, 0xff, 0xff, 0xe0, 0x0,
    0x0, 0x0, 0x0, 0x0, 0xc, 0xff, 0xff, 0xf8,
    0x1f, 0xff, 0xfe, 0x0, 0x0, 0x0, 0x0, 0x0,
    0x0, 0x5b, 0xff, 0xff, 0x81, 0xff, 0xff, 0xe0,
    0x0, 0x0, 0x0, 0x0, 0x0, 0x0, 0x8f, 0xff,
    0xf8, 0x1f, 0xff, 0xfe, 0x0, 0x0, 0x0, 0x0,
    0x0, 0x0, 0x8, 0xff, 0xff, 0x81, 0xff, 0xff,
    0xe0, 0x0, 0x0, 0x0, 0x0, 0x0, 0xc, 0xff,
    0xff, 0xf8, 0x0, 0x0, 0x0, 0x0, 0x0, 0x0,
    0x0, 0x0, 0x0, 0xcf, 0xff, 0xff, 0xc8, 0x88,
    0x88, 0x88, 0x88, 0x88, 0x88, 0x88, 0x88, 0x8e,
    0xfd, 0x4e, 0xff, 0xff, 0xff, 0xff, 0xff, 0xff,
    0xff, 0xff, 0xff, 0xff, 0xff, 0xa0, 0x4e, 0xff,
    0xff, 0xff, 0xff, 0xff, 0xff, 0xff, 0xff, 0xff,
    0xff, 0xc2, 0x0,

    /* U+F244 "" */
    0x17, 0x88, 0x88, 0x88, 0x88, 0x88, 0x88, 0x88,
    0x88, 0x88, 0x88, 0x60, 0xc, 0xff, 0xff, 0xff,
    0xff, 0xff, 0xff, 0xff, 0xff, 0xff, 0xff, 0xff,
    0x80, 0xff, 0xff, 0xff, 0xff, 0xff, 0xff, 0xff,
    0xff, 0xff, 0xff, 0xff, 0xfc, 0xf, 0xf8, 0x0,
    0x0, 0x0, 0x0, 0x0, 0x0, 0x0, 0x0, 0x0,
    0xcf, 0xfd, 0xff, 0x80, 0x0, 0x0, 0x0, 0x0,
    0x0, 0x0, 0x0, 0x0, 0xc, 0xff, 0xff, 0xf8,
    0x0, 0x0, 0x0, 0x0, 0x0, 0x0, 0x0, 0x0,
    0x0, 0x5b, 0xff, 0xff, 0x80, 0x0, 0x0, 0x0,
    0x0, 0x0, 0x0, 0x0, 0x0, 0x0, 0x8f, 0xff,
    0xf8, 0x0, 0x0, 0x0, 0x0, 0x0, 0x0, 0x0,
    0x0, 0x0, 0x8, 0xff, 0xff, 0x80, 0x0, 0x0,
    0x0, 0x0, 0x0, 0x0, 0x0, 0x0, 0xc, 0xff,
    0xff, 0xf8, 0x0, 0x0, 0x0, 0x0, 0x0, 0x0,
    0x0, 0x0, 0x0, 0xcf, 0xff, 0xff, 0xc8, 0x88,
    0x88, 0x88, 0x88, 0x88, 0x88, 0x88, 0x88, 0x8e,
    0xfd, 0x4e, 0xff, 0xff, 0xff, 0xff, 0xff, 0xff,
    0xff, 0xff, 0xff, 0xff, 0xff, 0xa0, 0x4e, 0xff,
    0xff, 0xff, 0xff, 0xff, 0xff, 0xff, 0xff, 0xff,
    0xff, 0xc2, 0x0,

    /* U+F287 "" */
    0x0, 0x0, 0x0, 0x0, 0x0, 0x0, 0x0, 0x10,
    0x0, 0x0, 0x0, 0x0, 0x0, 0x0, 0x0, 0x0,
    0x0, 0x0, 0x0, 0xc, 0xfe, 0x20, 0x0, 0x0,
    0x0, 0x0, 0x0, 0x0, 0x0, 0x0, 0x0, 0x7c,
    0xdf, 0xff, 0x90, 0x0, 0x0, 0x0, 0x0, 0x0,
    0x0, 0x0, 0x0, 0x9, 0xfb, 0xbf, 0xff, 0x90,
    0x0, 0x0, 0x0, 0x0, 0x0, 0x0, 0x0, 0x0,
    0x2f, 0x70, 0xa, 0xfc, 0x10, 0x0, 0x0, 0x0,
    0x0, 0x0, 0x32, 0x0, 0x0, 0x9e, 0x0, 0x0,
    0x0, 0x0, 0x0, 0x0, 0x0, 0x0, 0x2d, 0xff,
    0x90, 0x1, 0xf6, 0x0, 0x0, 0x0, 0x0, 0x0,
    0x1c, 0x30, 0x0, 0xcf, 0xff, 0xf6, 0x3c, 0xf3,
    0x33, 0x33, 0x33, 0x33, 0x33, 0x5f, 0xf9, 0x10,
    0xff, 0xff, 0xff, 0xff, 0xff, 0xff, 0xff, 0xff,
    0xff, 0xff, 0xff, 0xff, 0xd0, 0xcf, 0xff, 0xf6,
    0x33, 0x34, 0xed, 0x33, 0x33, 0x33, 0x33, 0x5f,
    0xfa, 0x10, 0x2d, 0xff, 0x90, 0x0, 0x0, 0x5f,
    0x30, 0x0, 0x0, 0x0, 0x1c, 0x30, 0x0, 0x0,
    0x32, 0x0, 0x0, 0x0, 0xd, 0xa0, 0x0, 0x0,
    0x0, 0x0, 0x0, 0x0, 0x0, 0x0, 0x0, 0x0,
    0x0, 0x6, 0xf3, 0xa, 0xff, 0xf7, 0x0, 0x0,
    0x0, 0x0, 0x0, 0x0, 0x0, 0x0, 0x0, 0xce,
    0xae, 0xff, 0xf8, 0x0, 0x0, 0x0, 0x0, 0x0,
    0x0, 0x0, 0x0, 0x0, 0x8, 0xbe, 0xff, 0xf8,
    0x0, 0x0, 0x0, 0x0, 0x0, 0x0, 0x0, 0x0,
    0x0, 0x0, 0xa, 0xff, 0xf7, 0x0, 0x0, 0x0,
    0x0, 0x0, 0x0, 0x0, 0x0, 0x0, 0x0, 0x1,
    0x22, 0x20, 0x0, 0x0, 0x0,

    /* U+F293 "" */
    0x0, 0x0, 0x0, 0x34, 0x31, 0x0, 0x0, 0x0,
    0x0, 0x3, 0xbf, 0xff, 0xff, 0xe7, 0x0, 0x0,
    0x0, 0x6f, 0xff, 0xfa, 0xff, 0xff, 0xb0, 0x0,
    0x4, 0xff, 0xff, 0xf1, 0x9f, 0xff, 0xf8, 0x0,
    0xd, 0xff, 0xff, 0xf1, 0xa, 0xff, 0xff, 0x10,
    0x3f, 0xff, 0xff, 0xf1, 0x0, 0xbf, 0xff, 0x60,
    0x7f, 0xfd, 0x8f, 0xf1, 0x66, 0xc, 0xff, 0xa0,
    0xaf, 0xf8, 0x7, 0xf1, 0x6f, 0x13, 0xff, 0xd0,
    0xcf, 0xff, 0x70, 0x71, 0x53, 0x1e, 0xff, 0xf0,
    0xdf, 0xff, 0xf7, 0x0, 0x1, 0xdf, 0xff, 0xf0,
    0xef, 0xff, 0xff, 0x60, 0xc, 0xff, 0xff, 0xf0,
    0xef, 0xff, 0xff, 0x30, 0x7, 0xff, 0xff, 0xf0,
    0xdf, 0xff, 0xf3, 0x0, 0x10, 0x8f, 0xff, 0xf0,
    0xcf, 0xff, 0x30, 0xb1, 0x67, 0x9, 0xff, 0xf0,
    0x9f, 0xf6, 0xb, 0xf2, 0x6e, 0x2, 0xff, 0xd0,
    0x6f, 0xff, 0xcf, 0xf2, 0x52, 0x2e, 0xff, 0xa0,
    0x1f, 0xff, 0xff, 0xf2, 0x2, 0xef, 0xff, 0x50,
    0x9, 0xff, 0xff, 0xf2, 0x2e, 0xff, 0xfe, 0x0,
    0x0, 0xdf, 0xff, 0xf4, 0xef, 0xff, 0xf5, 0x0,
    0x0, 0x1a, 0xff, 0xff, 0xff, 0xff, 0x60, 0x0,
    0x0, 0x0, 0x27, 0xab, 0xb9, 0x50, 0x0, 0x0,

    /* U+F2ED "" */
    0x0, 0x0, 0x2, 0xab, 0xbb, 0xb7, 0x0, 0x0,
    0x0, 0x57, 0x77, 0x7c, 0xff, 0xff, 0xff, 0x77,
    0x77, 0x72, 0xff, 0xff, 0xff, 0xff, 0xff, 0xff,
    0xff, 0xff, 0xf7, 0xef, 0xff, 0xff, 0xff, 0xff,
    0xff, 0xff, 0xff, 0xf6, 0x0, 0x0, 0x0, 0x0,
    0x0, 0x0, 0x0, 0x0, 0x0, 0x6, 0x88, 0x88,
    0x88, 0x88, 0x88, 0x88, 0x88, 0x20, 0xc, 0xff,
    0xff, 0xff, 0xff, 0xff, 0xff, 0xff, 0x40, 0xc,
    0xff, 0xff, 0xff, 0xff, 0xff, 0xff, 0xff, 0x40,
    0xc, 0xff, 0x77, 0xff, 0x3b, 0xfe, 0x1e, 0xff,
    0x40, 0xc, 0xff, 0x66, 0xff, 0x2a, 0xfe, 0xe,
    0xff, 0x40, 0xc, 0xff, 0x66, 0xff, 0x2a, 0xfe,
    0xe, 0xff, 0x40, 0xc, 0xff, 0x66, 0xff, 0x2a,
    0xfe, 0xe, 0xff, 0x40, 0xc, 0xff, 0x66, 0xff,
    0x2a, 0xfe, 0xe, 0xff, 0x40, 0xc, 0xff, 0x66,
    0xff, 0x2a, 0xfe, 0xe, 0xff, 0x40, 0xc, 0xff,
    0x66, 0xff, 0x2a, 0xfe, 0xe, 0xff, 0x40, 0xc,
    0xff, 0x66, 0xff, 0x2a, 0xfe, 0xe, 0xff, 0x40,
    0xc, 0xff, 0x66, 0xff, 0x2a, 0xfe, 0xe, 0xff,
    0x40, 0xc, 0xff, 0x77, 0xff, 0x3b, 0xfe, 0x1e,
    0xff, 0x40, 0xb, 0xff, 0xff, 0xff, 0xff, 0xff,
    0xff, 0xff, 0x30, 0x7, 0xff, 0xff, 0xff, 0xff,
    0xff, 0xff, 0xfe, 0x0, 0x0, 0x57, 0x88, 0x88,
    0x88, 0x88, 0x88, 0x72, 0x0,

    /* U+F304 "" */
    0x0, 0x0, 0x0, 0x0, 0x0, 0x0, 0x0, 0x1,
    0x64, 0x0, 0x0, 0x0, 0x0, 0x0, 0x0, 0x0,
    0x0, 0x2, 0xdf, 0xf8, 0x0, 0x0, 0x0, 0x0,
    0x0, 0x0, 0x0, 0x2, 0xef, 0xff, 0xf8, 0x0,
    0x0, 0x0, 0x0, 0x0, 0x0, 0x0, 0x7f, 0xff,
    0xff, 0xf8, 0x0, 0x0, 0x0, 0x0, 0x0, 0x2,
    0x90, 0x8f, 0xff, 0xff, 0xf0, 0x0, 0x0, 0x0,
    0x0, 0x2, 0xef, 0xb0, 0x8f, 0xff, 0xfc, 0x0,
    0x0, 0x0, 0x0, 0x2, 0xef, 0xff, 0xb0, 0x8f,
    0xfe, 0x10, 0x0, 0x0, 0x0, 0x2, 0xef, 0xff,
    0xff, 0xb0, 0x8e, 0x20, 0x0, 0x0, 0x0, 0x2,
    0xef, 0xff, 0xff, 0xff, 0xb0, 0x10, 0x0, 0x0,
    0x0, 0x2, 0xef, 0xff, 0xff, 0xff, 0xfe, 0x10,
    0x0, 0x0, 0x0, 0x2, 0xef, 0xff, 0xff, 0xff,
    0xfe, 0x20, 0x0, 0x0, 0x0, 0x2, 0xef, 0xff,
    0xff, 0xff, 0xfe, 0x20, 0x0, 0x0, 0x0, 0x2,
    0xef, 0xff, 0xff, 0xff, 0xfe, 0x20, 0x0, 0x0,
    0x0, 0x2, 0xef, 0xff, 0xff, 0xff, 0xfe, 0x20,
    0x0, 0x0, 0x0, 0x1, 0xef, 0xff, 0xff, 0xff,
    0xfe, 0x20, 0x0, 0x0, 0x0, 0x0, 0x8f, 0xff,
    0xff, 0xff, 0xfe, 0x20, 0x0, 0x0, 0x0, 0x0,
    0xa, 0xff, 0xff, 0xff, 0xfe, 0x20, 0x0, 0x0,
    0x0, 0x0, 0x0, 0xcf, 0xff, 0xff, 0xfe, 0x20,
    0x0, 0x0, 0x0, 0x0, 0x0, 0xe, 0xff, 0xff,
    0xfe, 0x20, 0x0, 0x0, 0x0, 0x0, 0x0, 0x0,
    0xff, 0xff, 0xfe, 0x20, 0x0, 0x0, 0x0, 0x0,
    0x0, 0x0, 0x5, 0x75, 0x31, 0x0, 0x0, 0x0,
    0x0, 0x0, 0x0, 0x0, 0x0,

    /* U+F55A "" */
    0x0, 0x0, 0x0, 0x6e, 0xff, 0xff, 0xff, 0xff,
    0xff, 0xff, 0xff, 0xfb, 0x20, 0x0, 0x0, 0x8f,
    0xff, 0xff, 0xff, 0xff, 0xff, 0xff, 0xff, 0xff,
    0xfb, 0x0, 0x0, 0x8f, 0xff, 0xff, 0xff, 0xff,
    0xff, 0xff, 0xff, 0xff, 0xff, 0xf0, 0x0, 0x8f,
    0xff, 0xff, 0xff, 0x85, 0xff, 0xff, 0x58, 0xff,
    0xff, 0xff, 0x0, 0x8f, 0xff, 0xff, 0xff, 0xb0,
    0x4, 0xff, 0x40, 0xb, 0xff, 0xff, 0xf0, 0x8f,
    0xff, 0xff, 0xff, 0xff, 0x40, 0x4, 0x40, 0x4,
    0xff, 0xff, 0xff, 0x8f, 0xff, 0xff, 0xff, 0xff,
    0xff, 0x40, 0x0, 0x4, 0xff, 0xff, 0xff, 0xff,
    0xff, 0xff, 0xff, 0xff, 0xff, 0xff, 0x10, 0x0,
    0xef, 0xff, 0xff, 0xff, 0x8f, 0xff, 0xff, 0xff,
    0xff, 0xff, 0x40, 0x0, 0x4, 0xff, 0xff, 0xff,
    0xf0, 0x8f, 0xff, 0xff, 0xff, 0xff, 0x40, 0x4,
    0x40, 0x4, 0xff, 0xff, 0xff, 0x0, 0x8f, 0xff,
    0xff, 0xff, 0xb0, 0x4, 0xff, 0x40, 0xb, 0xff,
    0xff, 0xf0, 0x0, 0x8f, 0xff, 0xff, 0xff, 0x85,
    0xff, 0xff, 0x58, 0xff, 0xff, 0xff, 0x0, 0x0,
    0x8f, 0xff, 0xff, 0xff, 0xff, 0xff, 0xff, 0xff,
    0xff, 0xff, 0xf0, 0x0, 0x0, 0x8f, 0xff, 0xff,
    0xff, 0xff, 0xff, 0xff, 0xff, 0xff, 0xfb, 0x0,
    0x0, 0x0, 0x6e, 0xff, 0xff, 0xff, 0xff, 0xff,
    0xff, 0xff, 0xfc, 0x20,

    /* U+F7C2 "" */
    0x0, 0x0, 0x28, 0x88, 0x88, 0x88, 0x73, 0x0,
    0x0, 0x2e, 0xff, 0xff, 0xff, 0xff, 0xf6, 0x0,
    0x1d, 0xff, 0xff, 0xff, 0xff, 0xff, 0xe0, 0x1d,
    0xf6, 0xe, 0x50, 0xd6, 0x8, 0xff, 0x1d, 0xff,
    0x60, 0xe5, 0xd, 0x60, 0x8f, 0xfc, 0xff, 0xf6,
    0xe, 0x50, 0xd6, 0x8, 0xff, 0xff, 0xff, 0x60,
    0xe5, 0xd, 0x60, 0x8f, 0xff, 0xff, 0xff, 0xff,
    0xff, 0xff, 0xff, 0xff, 0xff, 0xff, 0xff, 0xff,
    0xff, 0xff, 0xff, 0xff, 0xff, 0xff, 0xff, 0xff,
    0xff, 0xff, 0xff, 0xff, 0xff, 0xff, 0xff, 0xff,
    0xff, 0xff, 0xff, 0xff, 0xff, 0xff, 0xff, 0xff,
    0xff, 0xff, 0xff, 0xff, 0xff, 0xff, 0xff, 0xff,
    0xff, 0xff, 0xff, 0xff, 0xff, 0xff, 0xff, 0xff,
    0xff, 0xff, 0xff, 0xff, 0xff, 0xff, 0xff, 0xff,
    0xff, 0xff, 0xff, 0xff, 0xff, 0xff, 0xff, 0xff,
    0xff, 0xff, 0xff, 0xff, 0xff, 0xff, 0xff, 0xff,
    0xff, 0xff, 0xff, 0xff, 0xff, 0xff, 0xff, 0xff,
    0xff, 0xff, 0xff, 0xff, 0xff, 0xff, 0xe9, 0xff,
    0xff, 0xff, 0xff, 0xff, 0xff, 0xf8, 0x7, 0xab,
    0xbb, 0xbb, 0xbb, 0xbb, 0xa6, 0x0,

    /* U+F8A2 "" */
    0x0, 0x0, 0x0, 0x0, 0x0, 0x0, 0x0, 0x0,
    0x0, 0x7, 0x0, 0x0, 0x0, 0x0, 0x0, 0x0,
    0x0, 0x0, 0x0, 0xa, 0xf1, 0x0, 0x0, 0x1,
    0x0, 0x0, 0x0, 0x0, 0x0, 0xa, 0xff, 0x10,
    0x0, 0xa, 0xf3, 0x0, 0x0, 0x0, 0x0, 0x0,
    0xff, 0xf1, 0x0, 0xb, 0xff, 0x50, 0x0, 0x0,
    0x0, 0x0, 0xf, 0xff, 0x10, 0xc, 0xff, 0xf5,
    0x0, 0x0, 0x0, 0x0, 0x0, 0xff, 0xf1, 0x1d,
    0xff, 0xff, 0xcb, 0xbb, 0xbb, 0xbb, 0xbb, 0xbf,
    0xff, 0x1c, 0xff, 0xff, 0xff, 0xff, 0xff, 0xff,
    0xff, 0xff, 0xff, 0xf1, 0x9f, 0xff, 0xff, 0xff,
    0xff, 0xff, 0xff, 0xff, 0xff, 0xff, 0x0, 0x9f,
    0xff, 0xf9, 0x66, 0x66, 0x66, 0x66, 0x66, 0x66,
    0x40, 0x0, 0x8f, 0xff, 0x50, 0x0, 0x0, 0x0,
    0x0, 0x0, 0x0, 0x0, 0x0, 0x7f, 0xf5, 0x0,
    0x0, 0x0, 0x0, 0x0, 0x0, 0x0, 0x0, 0x0,
    0x5c, 0x10, 0x0, 0x0, 0x0, 0x0, 0x0, 0x0,
    0x0
};


/*---------------------
 *  GLYPH DESCRIPTION
 *--------------------*/

static const lv_font_fmt_txt_glyph_dsc_t glyph_dsc[] = {
    {.bitmap_index = 0, .adv_w = 0, .box_w = 0, .box_h = 0, .ofs_x = 0, .ofs_y = 0} /* id = 0 reserved */,
    {.bitmap_index = 0, .adv_w = 192, .box_w = 0, .box_h = 0, .ofs_x = 0, .ofs_y = 0},
    {.bitmap_index = 0, .adv_w = 192, .box_w = 4, .box_h = 14, .ofs_x = 4, .ofs_y = 0},
    {.bitmap_index = 28, .adv_w = 192, .box_w = 6, .box_h = 8, .ofs_x = 3, .ofs_y = 6},
    {.bitmap_index = 52, .adv_w = 192, .box_w = 12, .box_h = 14, .ofs_x = 0, .ofs_y = 0},
    {.bitmap_index = 136, .adv_w = 192, .box_w = 12, .box_h = 19, .ofs_x = 0, .ofs_y = -2},
    {.bitmap_index = 250, .adv_w = 192, .box_w = 12, .box_h = 14, .ofs_x = 0, .ofs_y = 0},
    {.bitmap_index = 334, .adv_w = 192, .box_w = 12, .box_h = 14, .ofs_x = 0, .ofs_y = 0},
    {.bitmap_index = 418, .adv_w = 192, .box_w = 4, .box_h = 8, .ofs_x = 4, .ofs_y = 6},
    {.bitmap_index = 434, .adv_w = 192, .box_w = 6, .box_h = 18, .ofs_x = 3, .ofs_y = -2},
    {.bitmap_index = 488, .adv_w = 192, .box_w = 6, .box_h = 18, .ofs_x = 3, .ofs_y = -2},
    {.bitmap_index = 542, .adv_w = 192, .box_w = 10, .box_h = 10, .ofs_x = 1, .ofs_y = 5},
    {.bitmap_index = 592, .adv_w = 192, .box_w = 10, .box_h = 10, .ofs_x = 1, .ofs_y = 1},
    {.bitmap_index = 642, .adv_w = 192, .box_w = 4, .box_h = 6, .ofs_x = 4, .ofs_y = -3},
    {.bitmap_index = 654, .adv_w = 192, .box_w = 8, .box_h = 2, .ofs_x = 2, .ofs_y = 5},
    {.bitmap_index = 662, .adv_w = 192, .box_w = 4, .box_h = 3, .ofs_x = 4, .ofs_y = 0},
    {.bitmap_index = 668, .adv_w = 192, .box_w = 8, .box_h = 18, .ofs_x = 2, .ofs_y = -2},
    {.bitmap_index = 740, .adv_w = 192, .box_w = 12, .box_h = 14, .ofs_x = 0, .ofs_y = 0},
    {.bitmap_index = 824, .adv_w = 192, .box_w = 10, .box_h = 14, .ofs_x = 1, .ofs_y = 0},
    {.bitmap_index = 894, .adv_w = 192, .box_w = 12, .box_h = 14, .ofs_x = 0, .ofs_y = 0},
    {.bitmap_index = 978, .adv_w = 192, .box_w = 12, .box_h = 14, .ofs_x = 0, .ofs_y = 0},
    {.bitmap_index = 1062, .adv_w = 192, .box_w = 12, .box_h = 14, .ofs_x = 0, .ofs_y = 0},
    {.bitmap_index = 1146, .adv_w = 192, .box_w = 10, .box_h = 14, .ofs_x = 1, .ofs_y = 0},
    {.bitmap_index = 1216, .adv_w = 192, .box_w = 12, .box_h = 14, .ofs_x = 0, .ofs_y = 0},
    {.bitmap_index = 1300, .adv_w = 192, .box_w = 10, .box_h = 14, .ofs_x = 1, .ofs_y = 0},
    {.bitmap_index = 1370, .adv_w = 192, .box_w = 12, .box_h = 14, .ofs_x = 0, .ofs_y = 0},
    {.bitmap_index = 1454, .adv_w = 192, .box_w = 12, .box_h = 14, .ofs_x = 0, .ofs_y = 0},
    {.bitmap_index = 1538, .adv_w = 192, .box_w = 4, .box_h = 11, .ofs_x = 4, .ofs_y = 0},
    {.bitmap_index = 1560, .adv_w = 192, .box_w = 4, .box_h = 14, .ofs_x = 4, .ofs_y = -3},
    {.bitmap_index = 1588, .adv_w = 192, .box_w = 10, .box_h = 12, .ofs_x = 1, .ofs_y = 0},
    {.bitmap_index = 1648, .adv_w = 192, .box_w = 10, .box_h = 6, .ofs_x = 1, .ofs_y = 3},
    {.bitmap_index = 1678, .adv_w = 192, .box_w = 10, .box_h = 12, .ofs_x = 1, .ofs_y = 0},
    {.bitmap_index = 1738, .adv_w = 192, .box_w = 10, .box_h = 14, .ofs_x = 1, .ofs_y = 0},
    {.bitmap_index = 1808, .adv_w = 192, .box_w = 12, .box_h = 17, .ofs_x = 0, .ofs_y = -3},
    {.bitmap_index = 1910, .adv_w = 192, .box_w = 12, .box_h = 14, .ofs_x = 0, .ofs_y = 0},
    {.bitmap_index = 1994, .adv_w = 192, .box_w = 11, .box_h = 14, .ofs_x = 1, .ofs_y = 0},
    {.bitmap_index = 2071, .adv_w = 192, .box_w = 12, .box_h = 14, .ofs_x = 0, .ofs_y = 0},
    {.bitmap_index = 2155, .adv_w = 192, .box_w = 11, .box_h = 14, .ofs_x = 1, .ofs_y = 0},
    {.bitmap_index = 2232, .adv_w = 192, .box_w = 10, .box_h = 14, .ofs_x = 1, .ofs_y = 0},
    {.bitmap_index = 2302, .adv_w = 192, .box_w = 10, .box_h = 14, .ofs_x = 1, .ofs_y = 0},
    {.bitmap_index = 2372, .adv_w = 192, .box_w = 12, .box_h = 14, .ofs_x = 0, .ofs_y = 0},
    {.bitmap_index = 2456, .adv_w = 192, .box_w = 10, .box_h = 14, .ofs_x = 1, .ofs_y = 0},
    {.bitmap_index = 2526, .adv_w = 192, .box_w = 10, .box_h = 14, .ofs_x = 1, .ofs_y = 0},
    {.bitmap_index = 2596, .adv_w = 192, .box_w = 11, .box_h = 14, .ofs_x = 0, .ofs_y = 0},
    {.bitmap_index = 2673, .adv_w = 192, .box_w = 11, .box_h = 14, .ofs_x = 1, .ofs_y = 0},
    {.bitmap_index = 2750, .adv_w = 192, .box_w = 10, .box_h = 14, .ofs_x = 1, .ofs_y = 0},
    {.bitmap_index = 2820, .adv_w = 192, .box_w = 12, .box_h = 14, .ofs_x = 0, .ofs_y = 0},
    {.bitmap_index = 2904, .adv_w = 192, .box_w = 10, .box_h = 14, .ofs_x = 1, .ofs_y = 0},
    {.bitmap_index = 2974, .adv_w = 192, .box_w = 12, .box_h = 14, .ofs_x = 0, .ofs_y = 0},
    {.bitmap_index = 3058, .adv_w = 192, .box_w = 11, .box_h = 14, .ofs_x = 1, .ofs_y = 0},
    {.bitmap_index = 3135, .adv_w = 192, .box_w = 12, .box_h = 16, .ofs_x = 0, .ofs_y = -2},
    {.bitmap_index = 3231, .adv_w = 192, .box_w = 10, .box_h = 14, .ofs_x = 1, .ofs_y = 0},
    {.bitmap_index = 3301, .adv_w = 192, .box_w = 12, .box_h = 14, .ofs_x = 0, .ofs_y = 0},
    {.bitmap_index = 3385, .adv_w = 192, .box_w = 12, .box_h = 14, .ofs_x = 0, .ofs_y = 0},
    {.bitmap_index = 3469, .adv_w = 192, .box_w = 10, .box_h = 14, .ofs_x = 1, .ofs_y = 0},
    {.bitmap_index = 3539, .adv_w = 192, .box_w = 12, .box_h = 14, .ofs_x = 0, .ofs_y = 0},
    {.bitmap_index = 3623, .adv_w = 192, .box_w = 12, .box_h = 14, .ofs_x = 0, .ofs_y = 0},
    {.bitmap_index = 3707, .adv_w = 192, .box_w = 12, .box_h = 14, .ofs_x = 0, .ofs_y = 0},
    {.bitmap_index = 3791, .adv_w = 192, .box_w = 12, .box_h = 14, .ofs_x = 0, .ofs_y = 0},
    {.bitmap_index = 3875, .adv_w = 192, .box_w = 12, .box_h = 14, .ofs_x = 0, .ofs_y = 0},
    {.bitmap_index = 3959, .adv_w = 192, .box_w = 8, .box_h = 18, .ofs_x = 2, .ofs_y = -2},
    {.bitmap_index = 4031, .adv_w = 192, .box_w = 8, .box_h = 18, .ofs_x = 2, .ofs_y = -2},
    {.bitmap_index = 4103, .adv_w = 192, .box_w = 8, .box_h = 18, .ofs_x = 2, .ofs_y = -2},
    {.bitmap_index = 4175, .adv_w = 192, .box_w = 8, .box_h = 7, .ofs_x = 2, .ofs_y = 8},
    {.bitmap_index = 4203, .adv_w = 192, .box_w = 10, .box_h = 2, .ofs_x = 1, .ofs_y = -2},
    {.bitmap_index = 4213, .adv_w = 192, .box_w = 6, .box_h = 5, .ofs_x = 3, .ofs_y = 10},
    {.bitmap_index = 4228, .adv_w = 192, .box_w = 11, .box_h = 11, .ofs_x = 1, .ofs_y = 0},
    {.bitmap_index = 4289, .adv_w = 192, .box_w = 11, .box_h = 14, .ofs_x = 1, .ofs_y = 0},
    {.bitmap_index = 4366, .adv_w = 192, .box_w = 10, .box_h = 11, .ofs_x = 1, .ofs_y = 0},
    {.bitmap_index = 4421, .adv_w = 192, .box_w = 11, .box_h = 14, .ofs_x = 0, .ofs_y = 0},
    {.bitmap_index = 4498, .adv_w = 192, .box_w = 10, .box_h = 11, .ofs_x = 1, .ofs_y = 0},
    {.bitmap_index = 4553, .adv_w = 192, .box_w = 10, .box_h = 14, .ofs_x = 1, .ofs_y = 0},
    {.bitmap_index = 4623, .adv_w = 192, .box_w = 10, .box_h = 14, .ofs_x = 1, .ofs_y = -3},
    {.bitmap_index = 4693, .adv_w = 192, .box_w = 10, .box_h = 14, .ofs_x = 1, .ofs_y = 0},
    {.bitmap_index = 4763, .adv_w = 192, .box_w = 11, .box_h = 14, .ofs_x = 1, .ofs_y = 0},
    {.bitmap_index = 4840, .adv_w = 192, .box_w = 7, .box_h = 17, .ofs_x = 2, .ofs_y = -3},
    {.bitmap_index = 4900, .adv_w = 192, .box_w = 11, .box_h = 14, .ofs_x = 1, .ofs_y = 0},
    {.bitmap_index = 4977, .adv_w = 192, .box_w = 10, .box_h = 14, .ofs_x = 1, .ofs_y = 0},
    {.bitmap_index = 5047, .adv_w = 192, .box_w = 12, .box_h = 11, .ofs_x = 0, .ofs_y = 0},
    {.bitmap_index = 5113, .adv_w = 192, .box_w = 10, .box_h = 11, .ofs_x = 1, .ofs_y = 0},
    {.bitmap_index = 5168, .adv_w = 192, .box_w = 10, .box_h = 11, .ofs_x = 1, .ofs_y = 0},
    {.bitmap_index = 5223, .adv_w = 192, .box_w = 11, .box_h = 14, .ofs_x = 1, .ofs_y = -3},
    {.bitmap_index = 5300, .adv_w = 192, .box_w = 11, .box_h = 14, .ofs_x = 0, .ofs_y = -3},
    {.bitmap_index = 5377, .adv_w = 192, .box_w = 10, .box_h = 11, .ofs_x = 1, .ofs_y = 0},
    {.bitmap_index = 5432, .adv_w = 192, .box_w = 10, .box_h = 11, .ofs_x = 1, .ofs_y = 0},
    {.bitmap_index = 5487, .adv_w = 192, .box_w = 11, .box_h = 14, .ofs_x = 0, .ofs_y = 0},
    {.bitmap_index = 5564, .adv_w = 192, .box_w = 10, .box_h = 11, .ofs_x = 1, .ofs_y = 0},
    {.bitmap_index = 5619, .adv_w = 192, .box_w = 12, .box_h = 11, .ofs_x = 0, .ofs_y = 0},
    {.bitmap_index = 5685, .adv_w = 192, .box_w = 12, .box_h = 11, .ofs_x = 0, .ofs_y = 0},
    {.bitmap_index = 5751, .adv_w = 192, .box_w = 12, .box_h = 11, .ofs_x = 0, .ofs_y = 0},
    {.bitmap_index = 5817, .adv_w = 192, .box_w = 12, .box_h = 14, .ofs_x = 0, .ofs_y = -3},
    {.bitmap_index = 5901, .adv_w = 192, .box_w = 10, .box_h = 11, .ofs_x = 1, .ofs_y = 0},
    {.bitmap_index = 5956, .adv_w = 192, .box_w = 8, .box_h = 18, .ofs_x = 2, .ofs_y = -2},
    {.bitmap_index = 6028, .adv_w = 192, .box_w = 2, .box_h = 18, .ofs_x = 5, .ofs_y = -2},
    {.bitmap_index = 6046, .adv_w = 192, .box_w = 8, .box_h = 18, .ofs_x = 2, .ofs_y = -2},
    {.bitmap_index = 6118, .adv_w = 192, .box_w = 10, .box_h = 4, .ofs_x = 1, .ofs_y = 5},
    {.bitmap_index = 6138, .adv_w = 192, .box_w = 0, .box_h = 0, .ofs_x = 0, .ofs_y = 0},
    {.bitmap_index = 6138, .adv_w = 192, .box_w = 4, .box_h = 14, .ofs_x = 4, .ofs_y = -3},
    {.bitmap_index = 6166, .adv_w = 192, .box_w = 10, .box_h = 14, .ofs_x = 1, .ofs_y = 0},
    {.bitmap_index = 6236, .adv_w = 192, .box_w = 12, .box_h = 14, .ofs_x = 0, .ofs_y = 0},
    {.bitmap_index = 6320, .adv_w = 192, .box_w = 12, .box_h = 12, .ofs_x = 0, .ofs_y = 1},
    {.bitmap_index = 6392, .adv_w = 192, .box_w = 12, .box_h = 14, .ofs_x = 0, .ofs_y = 0},
    {.bitmap_index = 6476, .adv_w = 192, .box_w = 2, .box_h = 18, .ofs_x = 5, .ofs_y = -2},
    {.bitmap_index = 6494, .adv_w = 192, .box_w = 10, .box_h = 16, .ofs_x = 1, .ofs_y = -2},
    {.bitmap_index = 6574, .adv_w = 192, .box_w = 6, .box_h = 3, .ofs_x = 3, .ofs_y = 12},
    {.bitmap_index = 6583, .adv_w = 192, .box_w = 12, .box_h = 17, .ofs_x = 0, .ofs_y = -1},
    {.bitmap_index = 6685, .adv_w = 192, .box_w = 8, .box_h = 8, .ofs_x = 2, .ofs_y = 6},
    {.bitmap_index = 6717, .adv_w = 192, .box_w = 10, .box_h = 9, .ofs_x = 1, .ofs_y = 2},
    {.bitmap_index = 6762, .adv_w = 192, .box_w = 10, .box_h = 6, .ofs_x = 1, .ofs_y = 1},
    {.bitmap_index = 6792, .adv_w = 192, .box_w = 12, .box_h = 12, .ofs_x = 0, .ofs_y = 3},
    {.bitmap_index = 6864, .adv_w = 192, .box_w = 6, .box_h = 2, .ofs_x = 3, .ofs_y = 13},
    {.bitmap_index = 6870, .adv_w = 192, .box_w = 8, .box_h = 7, .ofs_x = 2, .ofs_y = 8},
    {.bitmap_index = 6898, .adv_w = 192, .box_w = 10, .box_h = 12, .ofs_x = 1, .ofs_y = 0},
    {.bitmap_index = 6958, .adv_w = 192, .box_w = 6, .box_h = 8, .ofs_x = 3, .ofs_y = 6},
    {.bitmap_index = 6982, .adv_w = 192, .box_w = 6, .box_h = 8, .ofs_x = 3, .ofs_y = 6},
    {.bitmap_index = 7006, .adv_w = 192, .box_w = 6, .box_h = 5, .ofs_x = 3, .ofs_y = 10},
    {.bitmap_index = 7021, .adv_w = 192, .box_w = 10, .box_h = 14, .ofs_x = 1, .ofs_y = -3},
    {.bitmap_index = 7091, .adv_w = 192, .box_w = 10, .box_h = 14, .ofs_x = 1, .ofs_y = 0},
    {.bitmap_index = 7161, .adv_w = 192, .box_w = 4, .box_h = 3, .ofs_x = 4, .ofs_y = 5},
    {.bitmap_index = 7167, .adv_w = 192, .box_w = 6, .box_h = 6, .ofs_x = 3, .ofs_y = -5},
    {.bitmap_index = 7185, .adv_w = 192, .box_w = 4, .box_h = 8, .ofs_x = 3, .ofs_y = 6},
    {.bitmap_index = 7201, .adv_w = 192, .box_w = 8, .box_h = 8, .ofs_x = 2, .ofs_y = 6},
    {.bitmap_index = 7233, .adv_w = 192, .box_w = 10, .box_h = 9, .ofs_x = 1, .ofs_y = 2},
    {.bitmap_index = 7278, .adv_w = 192, .box_w = 12, .box_h = 14, .ofs_x = 0, .ofs_y = 0},
    {.bitmap_index = 7362, .adv_w = 192, .box_w = 12, .box_h = 16, .ofs_x = 0, .ofs_y = -1},
    {.bitmap_index = 7458, .adv_w = 192, .box_w = 12, .box_h = 15, .ofs_x = 0, .ofs_y = 0},
    {.bitmap_index = 7548, .adv_w = 192, .box_w = 10, .box_h = 14, .ofs_x = 1, .ofs_y = -3},
    {.bitmap_index = 7618, .adv_w = 192, .box_w = 12, .box_h = 19, .ofs_x = 0, .ofs_y = 0},
    {.bitmap_index = 7732, .adv_w = 192, .box_w = 12, .box_h = 19, .ofs_x = 0, .ofs_y = 0},
    {.bitmap_index = 7846, .adv_w = 192, .box_w = 12, .box_h = 19, .ofs_x = 0, .ofs_y = 0},
    {.bitmap_index = 7960, .adv_w = 192, .box_w = 12, .box_h = 19, .ofs_x = 0, .ofs_y = 0},
    {.bitmap_index = 8074, .adv_w = 192, .box_w = 12, .box_h = 18, .ofs_x = 0, .ofs_y = 0},
    {.bitmap_index = 8182, .adv_w = 192, .box_w = 12, .box_h = 19, .ofs_x = 0, .ofs_y = 0},
    {.bitmap_index = 8296, .adv_w = 192, .box_w = 12, .box_h = 14, .ofs_x = 0, .ofs_y = 0},
    {.bitmap_index = 8380, .adv_w = 192, .box_w = 12, .box_h = 19, .ofs_x = 0, .ofs_y = -5},
    {.bitmap_index = 8494, .adv_w = 192, .box_w = 10, .box_h = 19, .ofs_x = 1, .ofs_y = 0},
    {.bitmap_index = 8589, .adv_w = 192, .box_w = 10, .box_h = 19, .ofs_x = 1, .ofs_y = 0},
    {.bitmap_index = 8684, .adv_w = 192, .box_w = 10, .box_h = 19, .ofs_x = 1, .ofs_y = 0},
    {.bitmap_index = 8779, .adv_w = 192, .box_w = 10, .box_h = 19, .ofs_x = 1, .ofs_y = 0},
    {.bitmap_index = 8874, .adv_w = 192, .box_w = 10, .box_h = 19, .ofs_x = 1, .ofs_y = 0},
    {.bitmap_index = 8969, .adv_w = 192, .box_w = 10, .box_h = 19, .ofs_x = 1, .ofs_y = 0},
    {.bitmap_index = 9064, .adv_w = 192, .box_w = 10, .box_h = 19, .ofs_x = 1, .ofs_y = 0},
    {.bitmap_index = 9159, .adv_w = 192, .box_w = 10, .box_h = 18, .ofs_x = 1, .ofs_y = 0},
    {.bitmap_index = 9249, .adv_w = 192, .box_w = 12, .box_h = 14, .ofs_x = 0, .ofs_y = 0},
    {.bitmap_index = 9333, .adv_w = 192, .box_w = 10, .box_h = 19, .ofs_x = 1, .ofs_y = 0},
    {.bitmap_index = 9428, .adv_w = 192, .box_w = 12, .box_h = 19, .ofs_x = 0, .ofs_y = 0},
    {.bitmap_index = 9542, .adv_w = 192, .box_w = 12, .box_h = 19, .ofs_x = 0, .ofs_y = 0},
    {.bitmap_index = 9656, .adv_w = 192, .box_w = 12, .box_h = 19, .ofs_x = 0, .ofs_y = 0},
    {.bitmap_index = 9770, .adv_w = 192, .box_w = 12, .box_h = 20, .ofs_x = 0, .ofs_y = 0},
    {.bitmap_index = 9890, .adv_w = 192, .box_w = 12, .box_h = 19, .ofs_x = 0, .ofs_y = 0},
    {.bitmap_index = 10004, .adv_w = 192, .box_w = 10, .box_h = 10, .ofs_x = 1, .ofs_y = 1},
    {.bitmap_index = 10054, .adv_w = 192, .box_w = 12, .box_h = 14, .ofs_x = 0, .ofs_y = 0},
    {.bitmap_index = 10138, .adv_w = 192, .box_w = 10, .box_h = 19, .ofs_x = 1, .ofs_y = 0},
    {.bitmap_index = 10233, .adv_w = 192, .box_w = 10, .box_h = 19, .ofs_x = 1, .ofs_y = 0},
    {.bitmap_index = 10328, .adv_w = 192, .box_w = 10, .box_h = 19, .ofs_x = 1, .ofs_y = 0},
    {.bitmap_index = 10423, .adv_w = 192, .box_w = 10, .box_h = 19, .ofs_x = 1, .ofs_y = 0},
    {.bitmap_index = 10518, .adv_w = 192, .box_w = 12, .box_h = 19, .ofs_x = 0, .ofs_y = 0},
    {.bitmap_index = 10632, .adv_w = 192, .box_w = 11, .box_h = 14, .ofs_x = 1, .ofs_y = 0},
    {.bitmap_index = 10709, .adv_w = 192, .box_w = 11, .box_h = 14, .ofs_x = 1, .ofs_y = 0},
    {.bitmap_index = 10786, .adv_w = 192, .box_w = 11, .box_h = 14, .ofs_x = 1, .ofs_y = 0},
    {.bitmap_index = 10863, .adv_w = 192, .box_w = 11, .box_h = 14, .ofs_x = 1, .ofs_y = 0},
    {.bitmap_index = 10940, .adv_w = 192, .box_w = 11, .box_h = 15, .ofs_x = 1, .ofs_y = 0},
    {.bitmap_index = 11023, .adv_w = 192, .box_w = 11, .box_h = 15, .ofs_x = 1, .ofs_y = 0},
    {.bitmap_index = 11106, .adv_w = 192, .box_w = 11, .box_h = 14, .ofs_x = 1, .ofs_y = 0},
    {.bitmap_index = 11183, .adv_w = 192, .box_w = 11, .box_h = 16, .ofs_x = 1, .ofs_y = 0},
    {.bitmap_index = 11271, .adv_w = 192, .box_w = 12, .box_h = 11, .ofs_x = 0, .ofs_y = 0},
    {.bitmap_index = 11337, .adv_w = 192, .box_w = 10, .box_h = 16, .ofs_x = 1, .ofs_y = -5},
    {.bitmap_index = 11417, .adv_w = 192, .box_w = 10, .box_h = 14, .ofs_x = 1, .ofs_y = 0},
    {.bitmap_index = 11487, .adv_w = 192, .box_w = 10, .box_h = 14, .ofs_x = 1, .ofs_y = 0},
    {.bitmap_index = 11557, .adv_w = 192, .box_w = 10, .box_h = 14, .ofs_x = 1, .ofs_y = 0},
    {.bitmap_index = 11627, .adv_w = 192, .box_w = 10, .box_h = 14, .ofs_x = 1, .ofs_y = 0},
    {.bitmap_index = 11697, .adv_w = 192, .box_w = 11, .box_h = 14, .ofs_x = 1, .ofs_y = 0},
    {.bitmap_index = 11774, .adv_w = 192, .box_w = 11, .box_h = 14, .ofs_x = 1, .ofs_y = 0},
    {.bitmap_index = 11851, .adv_w = 192, .box_w = 11, .box_h = 15, .ofs_x = 1, .ofs_y = 0},
    {.bitmap_index = 11934, .adv_w = 192, .box_w = 11, .box_h = 14, .ofs_x = 1, .ofs_y = 0},
    {.bitmap_index = 12011, .adv_w = 192, .box_w = 11, .box_h = 15, .ofs_x = 1, .ofs_y = 0},
    {.bitmap_index = 12094, .adv_w = 192, .box_w = 10, .box_h = 15, .ofs_x = 1, .ofs_y = 0},
    {.bitmap_index = 12169, .adv_w = 192, .box_w = 10, .box_h = 14, .ofs_x = 1, .ofs_y = 0},
    {.bitmap_index = 12239, .adv_w = 192, .box_w = 10, .box_h = 14, .ofs_x = 1, .ofs_y = 0},
    {.bitmap_index = 12309, .adv_w = 192, .box_w = 10, .box_h = 15, .ofs_x = 1, .ofs_y = 0},
    {.bitmap_index = 12384, .adv_w = 192, .box_w = 10, .box_h = 15, .ofs_x = 1, .ofs_y = 0},
    {.bitmap_index = 12459, .adv_w = 192, .box_w = 10, .box_h = 14, .ofs_x = 1, .ofs_y = 0},
    {.bitmap_index = 12529, .adv_w = 192, .box_w = 10, .box_h = 10, .ofs_x = 1, .ofs_y = 1},
    {.bitmap_index = 12579, .adv_w = 192, .box_w = 10, .box_h = 11, .ofs_x = 1, .ofs_y = 0},
    {.bitmap_index = 12634, .adv_w = 192, .box_w = 10, .box_h = 14, .ofs_x = 1, .ofs_y = 0},
    {.bitmap_index = 12704, .adv_w = 192, .box_w = 10, .box_h = 14, .ofs_x = 1, .ofs_y = 0},
    {.bitmap_index = 12774, .adv_w = 192, .box_w = 10, .box_h = 15, .ofs_x = 1, .ofs_y = 0},
    {.bitmap_index = 12849, .adv_w = 192, .box_w = 10, .box_h = 14, .ofs_x = 1, .ofs_y = 0},
    {.bitmap_index = 12919, .adv_w = 192, .box_w = 12, .box_h = 17, .ofs_x = 0, .ofs_y = -3},
    {.bitmap_index = 13021, .adv_w = 192, .box_w = 11, .box_h = 17, .ofs_x = 1, .ofs_y = -3},
    {.bitmap_index = 13115, .adv_w = 192, .box_w = 12, .box_h = 17, .ofs_x = 0, .ofs_y = -3},
    {.bitmap_index = 13217, .adv_w = 192, .box_w = 12, .box_h = 18, .ofs_x = 0, .ofs_y = 0},
    {.bitmap_index = 13325, .adv_w = 192, .box_w = 11, .box_h = 14, .ofs_x = 1, .ofs_y = 0},
    {.bitmap_index = 13402, .adv_w = 192, .box_w = 12, .box_h = 19, .ofs_x = 0, .ofs_y = 0},
    {.bitmap_index = 13516, .adv_w = 192, .box_w = 11, .box_h = 15, .ofs_x = 1, .ofs_y = 0},
    {.bitmap_index = 13599, .adv_w = 192, .box_w = 13, .box_h = 19, .ofs_x = 0, .ofs_y = -5},
    {.bitmap_index = 13723, .adv_w = 192, .box_w = 11, .box_h = 15, .ofs_x = 1, .ofs_y = -4},
    {.bitmap_index = 13806, .adv_w = 192, .box_w = 12, .box_h = 19, .ofs_x = 0, .ofs_y = 0},
    {.bitmap_index = 13920, .adv_w = 192, .box_w = 10, .box_h = 14, .ofs_x = 1, .ofs_y = 0},
    {.bitmap_index = 13990, .adv_w = 192, .box_w = 12, .box_h = 19, .ofs_x = 0, .ofs_y = 0},
    {.bitmap_index = 14104, .adv_w = 192, .box_w = 10, .box_h = 15, .ofs_x = 1, .ofs_y = 0},
    {.bitmap_index = 14179, .adv_w = 192, .box_w = 12, .box_h = 19, .ofs_x = 0, .ofs_y = 0},
    {.bitmap_index = 14293, .adv_w = 192, .box_w = 10, .box_h = 14, .ofs_x = 1, .ofs_y = 0},
    {.bitmap_index = 14363, .adv_w = 192, .box_w = 12, .box_h = 19, .ofs_x = 0, .ofs_y = 0},
    {.bitmap_index = 14477, .adv_w = 192, .box_w = 10, .box_h = 15, .ofs_x = 1, .ofs_y = 0},
    {.bitmap_index = 14552, .adv_w = 192, .box_w = 11, .box_h = 19, .ofs_x = 1, .ofs_y = 0},
    {.bitmap_index = 14657, .adv_w = 192, .box_w = 12, .box_h = 14, .ofs_x = 0, .ofs_y = 0},
    {.bitmap_index = 14741, .adv_w = 192, .box_w = 12, .box_h = 14, .ofs_x = 0, .ofs_y = 0},
    {.bitmap_index = 14825, .adv_w = 192, .box_w = 12, .box_h = 14, .ofs_x = 0, .ofs_y = 0},
    {.bitmap_index = 14909, .adv_w = 192, .box_w = 10, .box_h = 18, .ofs_x = 1, .ofs_y = 0},
    {.bitmap_index = 14999, .adv_w = 192, .box_w = 10, .box_h = 14, .ofs_x = 1, .ofs_y = 0},
    {.bitmap_index = 15069, .adv_w = 192, .box_w = 10, .box_h = 18, .ofs_x = 1, .ofs_y = 0},
    {.bitmap_index = 15159, .adv_w = 192, .box_w = 10, .box_h = 14, .ofs_x = 1, .ofs_y = 0},
    {.bitmap_index = 15229, .adv_w = 192, .box_w = 11, .box_h = 19, .ofs_x = 1, .ofs_y = -5},
    {.bitmap_index = 15334, .adv_w = 192, .box_w = 10, .box_h = 15, .ofs_x = 1, .ofs_y = -4},
    {.bitmap_index = 15409, .adv_w = 192, .box_w = 10, .box_h = 19, .ofs_x = 1, .ofs_y = 0},
    {.bitmap_index = 15504, .adv_w = 192, .box_w = 10, .box_h = 14, .ofs_x = 1, .ofs_y = 0},
    {.bitmap_index = 15574, .adv_w = 192, .box_w = 12, .box_h = 19, .ofs_x = 0, .ofs_y = 0},
    {.bitmap_index = 15688, .adv_w = 192, .box_w = 10, .box_h = 18, .ofs_x = 1, .ofs_y = -3},
    {.bitmap_index = 15778, .adv_w = 192, .box_w = 12, .box_h = 19, .ofs_x = 0, .ofs_y = 0},
    {.bitmap_index = 15892, .adv_w = 192, .box_w = 10, .box_h = 18, .ofs_x = 1, .ofs_y = -3},
    {.bitmap_index = 15982, .adv_w = 192, .box_w = 12, .box_h = 19, .ofs_x = 0, .ofs_y = 0},
    {.bitmap_index = 16096, .adv_w = 192, .box_w = 10, .box_h = 17, .ofs_x = 1, .ofs_y = -3},
    {.bitmap_index = 16181, .adv_w = 192, .box_w = 12, .box_h = 19, .ofs_x = 0, .ofs_y = -5},
    {.bitmap_index = 16295, .adv_w = 192, .box_w = 10, .box_h = 20, .ofs_x = 1, .ofs_y = -3},
    {.bitmap_index = 16395, .adv_w = 192, .box_w = 10, .box_h = 19, .ofs_x = 1, .ofs_y = 0},
    {.bitmap_index = 16490, .adv_w = 192, .box_w = 11, .box_h = 19, .ofs_x = 0, .ofs_y = 0},
    {.bitmap_index = 16595, .adv_w = 192, .box_w = 12, .box_h = 14, .ofs_x = 0, .ofs_y = 0},
    {.bitmap_index = 16679, .adv_w = 192, .box_w = 11, .box_h = 14, .ofs_x = 0, .ofs_y = 0},
    {.bitmap_index = 16756, .adv_w = 192, .box_w = 10, .box_h = 19, .ofs_x = 1, .ofs_y = 0},
    {.bitmap_index = 16851, .adv_w = 192, .box_w = 11, .box_h = 15, .ofs_x = 1, .ofs_y = 0},
    {.bitmap_index = 16934, .adv_w = 192, .box_w = 10, .box_h = 18, .ofs_x = 1, .ofs_y = 0},
    {.bitmap_index = 17024, .adv_w = 192, .box_w = 11, .box_h = 14, .ofs_x = 1, .ofs_y = 0},
    {.bitmap_index = 17101, .adv_w = 192, .box_w = 11, .box_h = 19, .ofs_x = 1, .ofs_y = -5},
    {.bitmap_index = 17206, .adv_w = 192, .box_w = 11, .box_h = 19, .ofs_x = 1, .ofs_y = -5},
    {.bitmap_index = 17311, .adv_w = 192, .box_w = 10, .box_h = 18, .ofs_x = 1, .ofs_y = 0},
    {.bitmap_index = 17401, .adv_w = 192, .box_w = 11, .box_h = 11, .ofs_x = 1, .ofs_y = 0},
    {.bitmap_index = 17462, .adv_w = 192, .box_w = 13, .box_h = 19, .ofs_x = 0, .ofs_y = 0},
    {.bitmap_index = 17586, .adv_w = 192, .box_w = 9, .box_h = 18, .ofs_x = 2, .ofs_y = -3},
    {.bitmap_index = 17667, .adv_w = 192, .box_w = 11, .box_h = 19, .ofs_x = 1, .ofs_y = -5},
    {.bitmap_index = 17772, .adv_w = 192, .box_w = 11, .box_h = 19, .ofs_x = 1, .ofs_y = -5},
    {.bitmap_index = 17877, .adv_w = 192, .box_w = 10, .box_h = 19, .ofs_x = 1, .ofs_y = 0},
    {.bitmap_index = 17972, .adv_w = 192, .box_w = 10, .box_h = 19, .ofs_x = 1, .ofs_y = 0},
    {.bitmap_index = 18067, .adv_w = 192, .box_w = 10, .box_h = 19, .ofs_x = 1, .ofs_y = -5},
    {.bitmap_index = 18162, .adv_w = 192, .box_w = 10, .box_h = 19, .ofs_x = 1, .ofs_y = -5},
    {.bitmap_index = 18257, .adv_w = 192, .box_w = 10, .box_h = 14, .ofs_x = 1, .ofs_y = 0},
    {.bitmap_index = 18327, .adv_w = 192, .box_w = 10, .box_h = 14, .ofs_x = 1, .ofs_y = 0},
    {.bitmap_index = 18397, .adv_w = 192, .box_w = 11, .box_h = 14, .ofs_x = 0, .ofs_y = 0},
    {.bitmap_index = 18474, .adv_w = 192, .box_w = 10, .box_h = 14, .ofs_x = 1, .ofs_y = 0},
    {.bitmap_index = 18544, .adv_w = 192, .box_w = 10, .box_h = 19, .ofs_x = 1, .ofs_y = 0},
    {.bitmap_index = 18639, .adv_w = 192, .box_w = 10, .box_h = 14, .ofs_x = 1, .ofs_y = 0},
    {.bitmap_index = 18709, .adv_w = 192, .box_w = 10, .box_h = 19, .ofs_x = 1, .ofs_y = -5},
    {.bitmap_index = 18804, .adv_w = 192, .box_w = 10, .box_h = 16, .ofs_x = 1, .ofs_y = -5},
    {.bitmap_index = 18884, .adv_w = 192, .box_w = 10, .box_h = 19, .ofs_x = 1, .ofs_y = 0},
    {.bitmap_index = 18979, .adv_w = 192, .box_w = 10, .box_h = 15, .ofs_x = 1, .ofs_y = 0},
    {.bitmap_index = 19054, .adv_w = 192, .box_w = 10, .box_h = 17, .ofs_x = 1, .ofs_y = -3},
    {.bitmap_index = 19139, .adv_w = 192, .box_w = 10, .box_h = 14, .ofs_x = 1, .ofs_y = -3},
    {.bitmap_index = 19209, .adv_w = 192, .box_w = 12, .box_h = 18, .ofs_x = 0, .ofs_y = 0},
    {.bitmap_index = 19317, .adv_w = 192, .box_w = 10, .box_h = 14, .ofs_x = 1, .ofs_y = 0},
    {.bitmap_index = 19387, .adv_w = 192, .box_w = 12, .box_h = 19, .ofs_x = 0, .ofs_y = 0},
    {.bitmap_index = 19501, .adv_w = 192, .box_w = 10, .box_h = 14, .ofs_x = 1, .ofs_y = 0},
    {.bitmap_index = 19571, .adv_w = 192, .box_w = 12, .box_h = 14, .ofs_x = 0, .ofs_y = 0},
    {.bitmap_index = 19655, .adv_w = 192, .box_w = 12, .box_h = 11, .ofs_x = 0, .ofs_y = 0},
    {.bitmap_index = 19721, .adv_w = 192, .box_w = 10, .box_h = 19, .ofs_x = 1, .ofs_y = 0},
    {.bitmap_index = 19816, .adv_w = 192, .box_w = 10, .box_h = 14, .ofs_x = 1, .ofs_y = 0},
    {.bitmap_index = 19886, .adv_w = 192, .box_w = 10, .box_h = 19, .ofs_x = 1, .ofs_y = -5},
    {.bitmap_index = 19981, .adv_w = 192, .box_w = 10, .box_h = 16, .ofs_x = 1, .ofs_y = -5},
    {.bitmap_index = 20061, .adv_w = 192, .box_w = 10, .box_h = 19, .ofs_x = 1, .ofs_y = 0},
    {.bitmap_index = 20156, .adv_w = 192, .box_w = 10, .box_h = 15, .ofs_x = 1, .ofs_y = 0},
    {.bitmap_index = 20231, .adv_w = 192, .box_w = 12, .box_h = 19, .ofs_x = 0, .ofs_y = 0},
    {.bitmap_index = 20345, .adv_w = 192, .box_w = 10, .box_h = 14, .ofs_x = 1, .ofs_y = 0},
    {.bitmap_index = 20415, .adv_w = 192, .box_w = 12, .box_h = 19, .ofs_x = 0, .ofs_y = 0},
    {.bitmap_index = 20529, .adv_w = 192, .box_w = 10, .box_h = 15, .ofs_x = 1, .ofs_y = 0},
    {.bitmap_index = 20604, .adv_w = 192, .box_w = 12, .box_h = 19, .ofs_x = 0, .ofs_y = -5},
    {.bitmap_index = 20718, .adv_w = 192, .box_w = 10, .box_h = 16, .ofs_x = 1, .ofs_y = -5},
    {.bitmap_index = 20798, .adv_w = 192, .box_w = 12, .box_h = 19, .ofs_x = 0, .ofs_y = 0},
    {.bitmap_index = 20912, .adv_w = 192, .box_w = 10, .box_h = 15, .ofs_x = 1, .ofs_y = 0},
    {.bitmap_index = 20987, .adv_w = 192, .box_w = 12, .box_h = 19, .ofs_x = 0, .ofs_y = -5},
    {.bitmap_index = 21101, .adv_w = 192, .box_w = 11, .box_h = 19, .ofs_x = 0, .ofs_y = -5},
    {.bitmap_index = 21206, .adv_w = 192, .box_w = 12, .box_h = 19, .ofs_x = 0, .ofs_y = 0},
    {.bitmap_index = 21320, .adv_w = 192, .box_w = 11, .box_h = 17, .ofs_x = 0, .ofs_y = 0},
    {.bitmap_index = 21414, .adv_w = 192, .box_w = 12, .box_h = 14, .ofs_x = 0, .ofs_y = 0},
    {.bitmap_index = 21498, .adv_w = 192, .box_w = 11, .box_h = 14, .ofs_x = 0, .ofs_y = 0},
    {.bitmap_index = 21575, .adv_w = 192, .box_w = 10, .box_h = 20, .ofs_x = 1, .ofs_y = 0},
    {.bitmap_index = 21675, .adv_w = 192, .box_w = 10, .box_h = 15, .ofs_x = 1, .ofs_y = 0},
    {.bitmap_index = 21750, .adv_w = 192, .box_w = 10, .box_h = 18, .ofs_x = 1, .ofs_y = 0},
    {.bitmap_index = 21840, .adv_w = 192, .box_w = 10, .box_h = 14, .ofs_x = 1, .ofs_y = 0},
    {.bitmap_index = 21910, .adv_w = 192, .box_w = 10, .box_h = 19, .ofs_x = 1, .ofs_y = 0},
    {.bitmap_index = 22005, .adv_w = 192, .box_w = 10, .box_h = 15, .ofs_x = 1, .ofs_y = 0},
    {.bitmap_index = 22080, .adv_w = 192, .box_w = 10, .box_h = 19, .ofs_x = 1, .ofs_y = 0},
    {.bitmap_index = 22175, .adv_w = 192, .box_w = 10, .box_h = 16, .ofs_x = 1, .ofs_y = 0},
    {.bitmap_index = 22255, .adv_w = 192, .box_w = 10, .box_h = 19, .ofs_x = 1, .ofs_y = 0},
    {.bitmap_index = 22350, .adv_w = 192, .box_w = 10, .box_h = 14, .ofs_x = 1, .ofs_y = 0},
    {.bitmap_index = 22420, .adv_w = 192, .box_w = 10, .box_h = 18, .ofs_x = 1, .ofs_y = -4},
    {.bitmap_index = 22510, .adv_w = 192, .box_w = 10, .box_h = 15, .ofs_x = 1, .ofs_y = -4},
    {.bitmap_index = 22585, .adv_w = 192, .box_w = 12, .box_h = 19, .ofs_x = 0, .ofs_y = 0},
    {.bitmap_index = 22699, .adv_w = 192, .box_w = 12, .box_h = 15, .ofs_x = 0, .ofs_y = 0},
    {.bitmap_index = 22789, .adv_w = 192, .box_w = 12, .box_h = 19, .ofs_x = 0, .ofs_y = 0},
    {.bitmap_index = 22903, .adv_w = 192, .box_w = 12, .box_h = 18, .ofs_x = 0, .ofs_y = -3},
    {.bitmap_index = 23011, .adv_w = 192, .box_w = 12, .box_h = 18, .ofs_x = 0, .ofs_y = 0},
    {.bitmap_index = 23119, .adv_w = 192, .box_w = 12, .box_h = 19, .ofs_x = 0, .ofs_y = 0},
    {.bitmap_index = 23233, .adv_w = 192, .box_w = 10, .box_h = 14, .ofs_x = 1, .ofs_y = 0},
    {.bitmap_index = 23303, .adv_w = 192, .box_w = 12, .box_h = 18, .ofs_x = 0, .ofs_y = 0},
    {.bitmap_index = 23411, .adv_w = 192, .box_w = 10, .box_h = 14, .ofs_x = 1, .ofs_y = 0},
    {.bitmap_index = 23481, .adv_w = 192, .box_w = 12, .box_h = 19, .ofs_x = 0, .ofs_y = 0},
    {.bitmap_index = 23595, .adv_w = 192, .box_w = 10, .box_h = 15, .ofs_x = 1, .ofs_y = 0},
    {.bitmap_index = 23670, .adv_w = 192, .box_w = 10, .box_h = 2, .ofs_x = 1, .ofs_y = 5},
    {.bitmap_index = 23680, .adv_w = 192, .box_w = 12, .box_h = 2, .ofs_x = 0, .ofs_y = 5},
    {.bitmap_index = 23692, .adv_w = 192, .box_w = 4, .box_h = 6, .ofs_x = 4, .ofs_y = 8},
    {.bitmap_index = 23704, .adv_w = 192, .box_w = 4, .box_h = 7, .ofs_x = 4, .ofs_y = 7},
    {.bitmap_index = 23718, .adv_w = 192, .box_w = 4, .box_h = 6, .ofs_x = 4, .ofs_y = -3},
    {.bitmap_index = 23730, .adv_w = 192, .box_w = 8, .box_h = 6, .ofs_x = 2, .ofs_y = 8},
    {.bitmap_index = 23754, .adv_w = 192, .box_w = 8, .box_h = 7, .ofs_x = 2, .ofs_y = 7},
    {.bitmap_index = 23782, .adv_w = 192, .box_w = 8, .box_h = 6, .ofs_x = 2, .ofs_y = -3},
    {.bitmap_index = 23806, .adv_w = 192, .box_w = 10, .box_h = 14, .ofs_x = 1, .ofs_y = 0},
    {.bitmap_index = 23876, .adv_w = 192, .box_w = 10, .box_h = 14, .ofs_x = 1, .ofs_y = 0},
    {.bitmap_index = 23946, .adv_w = 192, .box_w = 6, .box_h = 5, .ofs_x = 3, .ofs_y = 4},
    {.bitmap_index = 23961, .adv_w = 192, .box_w = 12, .box_h = 3, .ofs_x = 0, .ofs_y = 0},
    {.bitmap_index = 23979, .adv_w = 320, .box_w = 20, .box_h = 21, .ofs_x = 0, .ofs_y = -3},
    {.bitmap_index = 24189, .adv_w = 320, .box_w = 20, .box_h = 15, .ofs_x = 0, .ofs_y = 0},
    {.bitmap_index = 24339, .adv_w = 320, .box_w = 20, .box_h = 19, .ofs_x = 0, .ofs_y = -2},
    {.bitmap_index = 24529, .adv_w = 320, .box_w = 20, .box_h = 15, .ofs_x = 0, .ofs_y = 0},
    {.bitmap_index = 24679, .adv_w = 220, .box_w = 14, .box_h = 15, .ofs_x = 0, .ofs_y = 0},
    {.bitmap_index = 24784, .adv_w = 320, .box_w = 20, .box_h = 21, .ofs_x = 0, .ofs_y = -3},
    {.bitmap_index = 24994, .adv_w = 320, .box_w = 20, .box_h = 21, .ofs_x = 0, .ofs_y = -3},
    {.bitmap_index = 25204, .adv_w = 360, .box_w = 23, .box_h = 19, .ofs_x = 0, .ofs_y = -2},
    {.bitmap_index = 25423, .adv_w = 320, .box_w = 20, .box_h = 21, .ofs_x = 0, .ofs_y = -3},
    {.bitmap_index = 25633, .adv_w = 360, .box_w = 23, .box_h = 15, .ofs_x = 0, .ofs_y = 0},
    {.bitmap_index = 25806, .adv_w = 320, .box_w = 20, .box_h = 21, .ofs_x = 0, .ofs_y = -3},
    {.bitmap_index = 26016, .adv_w = 160, .box_w = 10, .box_h = 16, .ofs_x = 0, .ofs_y = 0},
    {.bitmap_index = 26096, .adv_w = 240, .box_w = 15, .box_h = 16, .ofs_x = 0, .ofs_y = -1},
    {.bitmap_index = 26216, .adv_w = 360, .box_w = 23, .box_h = 19, .ofs_x = 0, .ofs_y = -2},
    {.bitmap_index = 26435, .adv_w = 320, .box_w = 20, .box_h = 15, .ofs_x = 0, .ofs_y = 0},
    {.bitmap_index = 26585, .adv_w = 220, .box_w = 14, .box_h = 21, .ofs_x = 0, .ofs_y = -3},
    {.bitmap_index = 26732, .adv_w = 280, .box_w = 13, .box_h = 19, .ofs_x = 2, .ofs_y = -2},
    {.bitmap_index = 26856, .adv_w = 280, .box_w = 18, .box_h = 21, .ofs_x = 0, .ofs_y = -3},
    {.bitmap_index = 27045, .adv_w = 280, .box_w = 18, .box_h = 19, .ofs_x = 0, .ofs_y = -2},
    {.bitmap_index = 27216, .adv_w = 280, .box_w = 18, .box_h = 19, .ofs_x = 0, .ofs_y = -2},
    {.bitmap_index = 27387, .adv_w = 280, .box_w = 13, .box_h = 19, .ofs_x = 2, .ofs_y = -2},
    {.bitmap_index = 27511, .adv_w = 280, .box_w = 19, .box_h = 19, .ofs_x = -1, .ofs_y = -2},
    {.bitmap_index = 27692, .adv_w = 200, .box_w = 11, .box_h = 19, .ofs_x = 1, .ofs_y = -2},
    {.bitmap_index = 27797, .adv_w = 200, .box_w = 11, .box_h = 19, .ofs_x = 1, .ofs_y = -2},
    {.bitmap_index = 27902, .adv_w = 280, .box_w = 18, .box_h = 19, .ofs_x = 0, .ofs_y = -2},
    {.bitmap_index = 28073, .adv_w = 280, .box_w = 18, .box_h = 5, .ofs_x = 0, .ofs_y = 5},
    {.bitmap_index = 28118, .adv_w = 360, .box_w = 23, .box_h = 15, .ofs_x = 0, .ofs_y = 0},
    {.bitmap_index = 28291, .adv_w = 400, .box_w = 26, .box_h = 21, .ofs_x = -1, .ofs_y = -3},
    {.bitmap_index = 28564, .adv_w = 360, .box_w = 24, .box_h = 21, .ofs_x = -1, .ofs_y = -3},
    {.bitmap_index = 28816, .adv_w = 320, .box_w = 20, .box_h = 19, .ofs_x = 0, .ofs_y = -2},
    {.bitmap_index = 29006, .adv_w = 280, .box_w = 18, .box_h = 11, .ofs_x = 0, .ofs_y = 2},
    {.bitmap_index = 29105, .adv_w = 280, .box_w = 18, .box_h = 11, .ofs_x = 0, .ofs_y = 2},
    {.bitmap_index = 29204, .adv_w = 400, .box_w = 26, .box_h = 16, .ofs_x = 0, .ofs_y = -1},
    {.bitmap_index = 29412, .adv_w = 320, .box_w = 20, .box_h = 15, .ofs_x = 0, .ofs_y = 0},
    {.bitmap_index = 29562, .adv_w = 320, .box_w = 20, .box_h = 21, .ofs_x = 0, .ofs_y = -3},
    {.bitmap_index = 29772, .adv_w = 320, .box_w = 21, .box_h = 21, .ofs_x = -1, .ofs_y = -3},
    {.bitmap_index = 29993, .adv_w = 280, .box_w = 18, .box_h = 19, .ofs_x = 0, .ofs_y = -2},
    {.bitmap_index = 30164, .adv_w = 280, .box_w = 18, .box_h = 21, .ofs_x = 0, .ofs_y = -3},
    {.bitmap_index = 30353, .adv_w = 280, .box_w = 18, .box_h = 19, .ofs_x = 0, .ofs_y = -2},
    {.bitmap_index = 30524, .adv_w = 280, .box_w = 18, .box_h = 17, .ofs_x = 0, .ofs_y = -1},
    {.bitmap_index = 30677, .adv_w = 320, .box_w = 20, .box_h = 15, .ofs_x = 0, .ofs_y = 0},
    {.bitmap_index = 30827, .adv_w = 200, .box_w = 14, .box_h = 21, .ofs_x = -1, .ofs_y = -3},
    {.bitmap_index = 30974, .adv_w = 280, .box_w = 18, .box_h = 21, .ofs_x = 0, .ofs_y = -3},
    {.bitmap_index = 31163, .adv_w = 280, .box_w = 18, .box_h = 21, .ofs_x = 0, .ofs_y = -3},
    {.bitmap_index = 31352, .adv_w = 360, .box_w = 23, .box_h = 15, .ofs_x = 0, .ofs_y = 0},
    {.bitmap_index = 31525, .adv_w = 320, .box_w = 22, .box_h = 21, .ofs_x = -1, .ofs_y = -3},
    {.bitmap_index = 31756, .adv_w = 240, .box_w = 15, .box_h = 21, .ofs_x = 0, .ofs_y = -3},
    {.bitmap_index = 31914, .adv_w = 400, .box_w = 25, .box_h = 19, .ofs_x = 0, .ofs_y = -2},
    {.bitmap_index = 32152, .adv_w = 400, .box_w = 25, .box_h = 13, .ofs_x = 0, .ofs_y = 1},
    {.bitmap_index = 32315, .adv_w = 400, .box_w = 25, .box_h = 13, .ofs_x = 0, .ofs_y = 1},
    {.bitmap_index = 32478, .adv_w = 400, .box_w = 25, .box_h = 13, .ofs_x = 0, .ofs_y = 1},
    {.bitmap_index = 32641, .adv_w = 400, .box_w = 25, .box_h = 13, .ofs_x = 0, .ofs_y = 1},
    {.bitmap_index = 32804, .adv_w = 400, .box_w = 25, .box_h = 13, .ofs_x = 0, .ofs_y = 1},
    {.bitmap_index = 32967, .adv_w = 400, .box_w = 26, .box_h = 17, .ofs_x = 0, .ofs_y = -1},
    {.bitmap_index = 33188, .adv_w = 280, .box_w = 16, .box_h = 21, .ofs_x = 1, .ofs_y = -3},
    {.bitmap_index = 33356, .adv_w = 280, .box_w = 18, .box_h = 21, .ofs_x = 0, .ofs_y = -3},
    {.bitmap_index = 33545, .adv_w = 320, .box_w = 21, .box_h = 21, .ofs_x = -1, .ofs_y = -3},
    {.bitmap_index = 33766, .adv_w = 400, .box_w = 25, .box_h = 15, .ofs_x = 0, .ofs_y = 0},
    {.bitmap_index = 33954, .adv_w = 240, .box_w = 15, .box_h = 21, .ofs_x = 0, .ofs_y = -3},
    {.bitmap_index = 34112, .adv_w = 322, .box_w = 21, .box_h = 13, .ofs_x = 0, .ofs_y = 1}
};

/*---------------------
 *  CHARACTER MAPPING
 *--------------------*/

static const uint8_t glyph_id_ofs_list_4[] = {
    0, 1, 2, 3, 0, 0, 4, 5,
    6, 7, 0, 8, 9, 10, 11, 12,
    13, 0, 0, 14, 15, 16, 17, 18,
    19, 20, 21, 0, 22, 23, 24, 25
};

static const uint16_t unicode_list_6[] = {
    0x0, 0x1, 0x5, 0x6, 0x7, 0x9, 0xa, 0xb,
    0xd, 0xe, 0xf, 0x13, 0xcfee, 0xcff5, 0xcff8, 0xcff9,
    0xcffa, 0xcffe, 0xd000, 0xd002, 0xd006, 0xd009, 0xd00e, 0xd013,
    0xd014, 0xd015, 0xd02b, 0xd030, 0xd035, 0xd038, 0xd039, 0xd03a,
    0xd03e, 0xd03f, 0xd040, 0xd041, 0xd054, 0xd055, 0xd05b, 0xd05d,
    0xd05e, 0xd061, 0xd064, 0xd065, 0xd066, 0xd068, 0xd080, 0xd082,
    0xd0b1, 0xd0b2, 0xd0b4, 0xd0b6, 0xd0cd, 0xd0d4, 0xd0d7, 0xd0e0,
    0xd109, 0xd111, 0xd148, 0xd1d8, 0xd22d, 0xd22e, 0xd22f, 0xd230,
    0xd231, 0xd274, 0xd280, 0xd2da, 0xd2f1, 0xd547, 0xd7af, 0xd88f
};

/*Collect the unicode lists and glyph_id offsets*/
static const lv_font_fmt_txt_cmap_t cmaps[] =
{
    {
        .range_start = 32, .range_length = 95, .glyph_id_start = 1,
        .unicode_list = NULL, .glyph_id_ofs_list = NULL, .list_length = 0, .type = LV_FONT_FMT_TXT_CMAP_FORMAT0_TINY
    },
    {
        .range_start = 160, .range_length = 13, .glyph_id_start = 96,
        .unicode_list = NULL, .glyph_id_ofs_list = NULL, .list_length = 0, .type = LV_FONT_FMT_TXT_CMAP_FORMAT0_TINY
    },
    {
        .range_start = 174, .range_length = 102, .glyph_id_start = 109,
        .unicode_list = NULL, .glyph_id_ofs_list = NULL, .list_length = 0, .type = LV_FONT_FMT_TXT_CMAP_FORMAT0_TINY
    },
    {
        .range_start = 278, .range_length = 22, .glyph_id_start = 211,
        .unicode_list = NULL, .glyph_id_ofs_list = NULL, .list_length = 0, .type = LV_FONT_FMT_TXT_CMAP_FORMAT0_TINY
    },
    {
        .range_start = 302, .range_length = 32, .glyph_id_start = 233,
        .unicode_list = NULL, .glyph_id_ofs_list = glyph_id_ofs_list_4, .list_length = 32, .type = LV_FONT_FMT_TXT_CMAP_FORMAT0_FULL
    },
    {
        .range_start = 336, .range_length = 47, .glyph_id_start = 259,
        .unicode_list = NULL, .glyph_id_ofs_list = NULL, .list_length = 0, .type = LV_FONT_FMT_TXT_CMAP_FORMAT0_TINY
    },
    {
        .range_start = 8211, .range_length = 55440, .glyph_id_start = 306,
        .unicode_list = unicode_list_6, .glyph_id_ofs_list = NULL, .list_length = 72, .type = LV_FONT_FMT_TXT_CMAP_SPARSE_TINY
    }
};



/*--------------------
 *  ALL CUSTOM DATA
 *--------------------*/

#if LV_VERSION_CHECK(8, 0, 0)
/*Store all the custom data of the font*/
static  lv_font_fmt_txt_glyph_cache_t cache;
static const lv_font_fmt_txt_dsc_t font_dsc = {
#else
static lv_font_fmt_txt_dsc_t font_dsc = {
#endif
    .glyph_bitmap = glyph_bitmap,
    .glyph_dsc = glyph_dsc,
    .cmaps = cmaps,
    .kern_dsc = NULL,
    .kern_scale = 0,
    .cmap_num = 7,
    .bpp = 4,
    .kern_classes = 0,
    .bitmap_format = 0,
#if LV_VERSION_CHECK(8, 0, 0)
    .cache = &cache
#endif
};


/*-----------------
 *  PUBLIC FONT
 *----------------*/

/*Initialize a public general font descriptor*/
#if LV_VERSION_CHECK(8, 0, 0)
const lv_font_t airki_mono_20 = {
#else
lv_font_t airki_mono_20 = {
#endif
    .get_glyph_dsc = lv_font_get_glyph_dsc_fmt_txt,    /*Function pointer to get glyph's data*/
    .get_glyph_bitmap = lv_font_get_bitmap_fmt_txt,    /*Function pointer to get glyph's bitmap*/
    .line_height = 25,          /*The maximum line height required by the font*/
    .base_line = 5,             /*Baseline measured from the bottom of the line*/
#if !(LVGL_VERSION_MAJOR == 6 && LVGL_VERSION_MINOR == 0)
    .subpx = LV_FONT_SUBPX_NONE,
#endif
#if LV_VERSION_CHECK(7, 4, 0) || LVGL_VERSION_MAJOR >= 8
    .underline_position = -2,
    .underline_thickness = 1,
#endif
    .dsc = &font_dsc           /*The custom font data. Will be accessed by `get_glyph_bitmap/dsc` */
};



#endif /*#if AIRKI_MONO_20*/

