/*******************************************************************************
 * Size: 18 px
 * Bpp: 4
 * Opts: --no-compress --bpp 4 --size 18 --font InstrumentSans-SemiBold.ttf -r 0x20-0x7F,0xA0-0x17F,0x2013-0x2026 --font ../../.pio/libdeps/WS-241/lvgl/scripts/built_in_font/FontAwesome5-Solid+Brands+Regular.woff -r 61441,61448,61451,61452,61453,61457,61459,61461,61465,61468,61473,61478,61479,61480,61502,61507,61512,61515,61516,61517,61521,61522,61523,61524,61543,61544,61550,61552,61553,61556,61559,61560,61561,61563,61587,61589,61636,61637,61639,61641,61664,61671,61674,61683,61724,61732,61787,61931,62016,62017,62018,62019,62020,62087,62099,62212,62189,62810,63426,63650 --format lvgl --lv-include lvgl.h --force-fast-kern-format -o ../../examples/at_core_debug/fonts/airki_sans_18.c
 ******************************************************************************/

#ifdef LV_LVGL_H_INCLUDE_SIMPLE
#include "lvgl.h"
#else
#include "lvgl.h"
#endif

#ifndef AIRKI_SANS_18
#define AIRKI_SANS_18 1
#endif

#if AIRKI_SANS_18

/*-----------------
 *    BITMAPS
 *----------------*/

/*Store the image of the glyphs*/
static LV_ATTRIBUTE_LARGE_CONST const uint8_t glyph_bitmap[] = {
    /* U+0020 " " */

    /* U+0021 "!" */
    0x9f, 0xe8, 0xfd, 0x8f, 0xc7, 0xfc, 0x6f, 0xb6,
    0xfa, 0x5f, 0xa4, 0xf9, 0x17, 0x40, 0x0, 0x58,
    0x7a, 0xff, 0xaf, 0xf0,

    /* U+0022 "\"" */
    0xa, 0xf4, 0x3e, 0xb0, 0xf, 0xf9, 0x8f, 0xf1,
    0xd, 0xf7, 0x5f, 0xe0, 0x8, 0xf2, 0x1f, 0xa0,
    0x4, 0xe0, 0xd, 0x50, 0x0, 0x30, 0x2, 0x0,

    /* U+0023 "#" */
    0x0, 0x0, 0xdf, 0x10, 0x6f, 0x90, 0x0, 0x0,
    0xf, 0xf0, 0x8, 0xf7, 0x0, 0x0, 0x2, 0xfd,
    0x0, 0xaf, 0x40, 0x0, 0xef, 0xff, 0xff, 0xff,
    0xff, 0xf7, 0xc, 0xde, 0xfe, 0xdd, 0xff, 0xdd,
    0x50, 0x0, 0x9f, 0x50, 0x2f, 0xd0, 0x0, 0x0,
    0xc, 0xf3, 0x4, 0xfb, 0x0, 0x6, 0xff, 0xff,
    0xff, 0xff, 0xff, 0xf0, 0x4c, 0xdf, 0xfc, 0xce,
    0xfd, 0xcc, 0x0, 0x3, 0xfc, 0x0, 0xbf, 0x40,
    0x0, 0x0, 0x5f, 0x90, 0xe, 0xf1, 0x0, 0x0,
    0x8, 0xf7, 0x0, 0xff, 0x0, 0x0,

    /* U+0024 "$" */
    0x0, 0x0, 0x8, 0x60, 0x0, 0x0, 0x0, 0x0,
    0xfd, 0x0, 0x0, 0x0, 0x0, 0xf, 0xd0, 0x0,
    0x0, 0x2, 0xae, 0xff, 0xc7, 0x0, 0x3, 0xff,
    0xec, 0xcf, 0xfc, 0x0, 0xbf, 0xa0, 0x0, 0x2e,
    0xf7, 0xc, 0xf8, 0x0, 0x0, 0x59, 0x60, 0x8f,
    0xf9, 0x40, 0x0, 0x0, 0x0, 0x9f, 0xff, 0xfb,
    0x60, 0x0, 0x0, 0x27, 0xcf, 0xff, 0xd2, 0x0,
    0x0, 0x0, 0x5, 0xef, 0xb5, 0xfd, 0x0, 0x0,
    0x5, 0xff, 0x1f, 0xfa, 0x0, 0x0, 0x9f, 0xd0,
    0x5f, 0xff, 0xcb, 0xef, 0xf5, 0x0, 0x29, 0xdf,
    0xfe, 0xa3, 0x0, 0x0, 0x0, 0xfd, 0x0, 0x0,
    0x0, 0x0, 0x8, 0x60, 0x0, 0x0,

    /* U+0025 "%" */
    0x5, 0xdf, 0xd6, 0x0, 0x0, 0x7f, 0x60, 0x2f,
    0x92, 0x8f, 0x30, 0x4, 0xfa, 0x0, 0x5f, 0x20,
    0xf, 0x70, 0x1e, 0xc0, 0x0, 0x3f, 0x81, 0x7f,
    0x50, 0xce, 0x10, 0x0, 0x9, 0xff, 0xfa, 0xa,
    0xf4, 0x0, 0x0, 0x0, 0x13, 0x10, 0x6f, 0x70,
    0x0, 0x0, 0x0, 0x0, 0x3, 0xfa, 0x4d, 0xfe,
    0x60, 0x0, 0x0, 0x1e, 0xd2, 0xfc, 0x4a, 0xf3,
    0x0, 0x0, 0xcf, 0x24, 0xf3, 0x1, 0xf7, 0x0,
    0x9, 0xf4, 0x4, 0xf3, 0x0, 0xf7, 0x0, 0x6f,
    0x70, 0x1, 0xea, 0x29, 0xf2, 0x3, 0xfa, 0x0,
    0x0, 0x3c, 0xfd, 0x50,

    /* U+0026 "&" */
    0x0, 0x4, 0xcf, 0xfc, 0x40, 0x0, 0x0, 0x0,
    0x4f, 0xfa, 0xaf, 0xf3, 0x0, 0x0, 0x0, 0xaf,
    0x90, 0x8, 0xf8, 0x0, 0x0, 0x0, 0x8f, 0xb0,
    0x1c, 0xf5, 0x0, 0x0, 0x0, 0x1e, 0xfb, 0xef,
    0x80, 0x0, 0x0, 0x0, 0x9f, 0xff, 0xe3, 0x0,
    0x7b, 0x50, 0xc, 0xfc, 0x5e, 0xf9, 0x0, 0xcf,
    0x60, 0x5f, 0xf0, 0x2, 0xef, 0xa1, 0xff, 0x20,
    0x7f, 0xd0, 0x0, 0x2d, 0xfe, 0xfc, 0x0, 0x4f,
    0xf4, 0x0, 0x2, 0xff, 0xf3, 0x0, 0xa, 0xff,
    0xca, 0xbe, 0xff, 0xfd, 0x10, 0x0, 0x5b, 0xef,
    0xfc, 0x61, 0xcf, 0xe2,

    /* U+0027 "'" */
    0xa, 0xf4, 0xf, 0xf9, 0xd, 0xf7, 0x8, 0xf2,
    0x4, 0xe0, 0x0, 0x30,

    /* U+0028 "(" */
    0x0, 0x9, 0xf9, 0x0, 0x8, 0xfb, 0x0, 0x3,
    0xfe, 0x10, 0x0, 0xcf, 0x60, 0x0, 0x2f, 0xf0,
    0x0, 0x7, 0xfb, 0x0, 0x0, 0x9f, 0x80, 0x0,
    0xa, 0xf8, 0x0, 0x0, 0x9f, 0x80, 0x0, 0x6,
    0xfb, 0x0, 0x0, 0x2f, 0xf1, 0x0, 0x0, 0xbf,
    0x70, 0x0, 0x3, 0xff, 0x10, 0x0, 0x7, 0xfc,
    0x0, 0x0, 0x8, 0xe9, 0x0,

    /* U+0029 ")" */
    0xa, 0xe6, 0x0, 0x0, 0x1d, 0xf5, 0x0, 0x0,
    0x3f, 0xf1, 0x0, 0x0, 0x9f, 0xa0, 0x0, 0x2,
    0xff, 0x10, 0x0, 0xd, 0xf5, 0x0, 0x0, 0xaf,
    0x80, 0x0, 0x9, 0xf9, 0x0, 0x0, 0xaf, 0x80,
    0x0, 0xd, 0xf5, 0x0, 0x1, 0xff, 0x10, 0x0,
    0x8f, 0xa0, 0x0, 0x1f, 0xf2, 0x0, 0xc, 0xf6,
    0x0, 0xb, 0xf8, 0x0, 0x0,

    /* U+002A "*" */
    0x1, 0xf, 0xb1, 0x0, 0xcc, 0xdb, 0xe8, 0x6,
    0xcf, 0xfb, 0x50, 0xcf, 0xff, 0xf9, 0x8, 0x6d,
    0x99, 0x40, 0x0, 0x97, 0x0,

    /* U+002B "+" */
    0x0, 0x0, 0xfc, 0x0, 0x0, 0x0, 0xf, 0xc0,
    0x0, 0x0, 0x0, 0xfc, 0x0, 0x0, 0xaa, 0xaf,
    0xea, 0xa8, 0xf, 0xff, 0xff, 0xff, 0xd0, 0x0,
    0xf, 0xc0, 0x0, 0x0, 0x0, 0xfc, 0x0, 0x0,
    0x0, 0xf, 0xc0, 0x0,

    /* U+002C "," */
    0x68, 0x6d, 0xfc, 0xdf, 0xc0, 0xa9, 0x6f, 0x28,
    0x30,

    /* U+002D "-" */
    0xad, 0xdd, 0xdd, 0x8c, 0xff, 0xff, 0xfa,

    /* U+002E "." */
    0x68, 0x6d, 0xfc, 0xdf, 0xc0,

    /* U+002F "/" */
    0x0, 0x0, 0x5, 0x82, 0x0, 0x0, 0xf, 0xf0,
    0x0, 0x0, 0x4f, 0xb0, 0x0, 0x0, 0x9f, 0x50,
    0x0, 0x0, 0xef, 0x10, 0x0, 0x4, 0xfb, 0x0,
    0x0, 0x9, 0xf6, 0x0, 0x0, 0xe, 0xf1, 0x0,
    0x0, 0x3f, 0xb0, 0x0, 0x0, 0x8f, 0x60, 0x0,
    0x0, 0xdf, 0x10, 0x0, 0x3, 0xfc, 0x0, 0x0,
    0x8, 0xf7, 0x0, 0x0, 0xd, 0xf2, 0x0, 0x0,
    0x2f, 0xc0, 0x0, 0x0,

    /* U+0030 "0" */
    0x0, 0x5, 0xcf, 0xfd, 0x70, 0x0, 0x0, 0xaf,
    0xff, 0xef, 0xfc, 0x0, 0x7, 0xff, 0x60, 0x4,
    0xff, 0x90, 0xe, 0xfa, 0x0, 0x0, 0x7f, 0xf1,
    0x3f, 0xf4, 0x0, 0x0, 0x1f, 0xf5, 0x4f, 0xf2,
    0x0, 0x0, 0xf, 0xf7, 0x4f, 0xf2, 0x0, 0x0,
    0xf, 0xf7, 0x2f, 0xf5, 0x0, 0x0, 0x2f, 0xf5,
    0xe, 0xfa, 0x0, 0x0, 0x7f, 0xf1, 0x6, 0xff,
    0x70, 0x5, 0xff, 0x90, 0x0, 0x9f, 0xff, 0xef,
    0xfc, 0x0, 0x0, 0x5, 0xcf, 0xfd, 0x70, 0x0,

    /* U+0031 "1" */
    0x0, 0x7, 0xfd, 0x2, 0xaf, 0xfd, 0x9f, 0xff,
    0xfd, 0xbe, 0x77, 0xfd, 0x20, 0x7, 0xfd, 0x0,
    0x7, 0xfd, 0x0, 0x7, 0xfd, 0x0, 0x7, 0xfd,
    0x0, 0x7, 0xfd, 0x0, 0x7, 0xfd, 0x0, 0x7,
    0xfd, 0x0, 0x7, 0xfd,

    /* U+0032 "2" */
    0x0, 0x6c, 0xff, 0xd8, 0x0, 0xa, 0xff, 0xdd,
    0xff, 0xc0, 0x4f, 0xf5, 0x0, 0x6f, 0xf4, 0x5a,
    0x90, 0x0, 0x1f, 0xf6, 0x0, 0x0, 0x0, 0x4f,
    0xf5, 0x0, 0x0, 0x0, 0xdf, 0xe0, 0x0, 0x0,
    0xc, 0xff, 0x40, 0x0, 0x1, 0xcf, 0xf6, 0x0,
    0x0, 0x4e, 0xff, 0x50, 0x0, 0x7, 0xff, 0xd2,
    0x0, 0x0, 0x6f, 0xff, 0xdc, 0xcc, 0xc8, 0x7f,
    0xff, 0xff, 0xff, 0xfa,

    /* U+0033 "3" */
    0x0, 0x5c, 0xff, 0xea, 0x20, 0x9, 0xff, 0xec,
    0xff, 0xf2, 0x3f, 0xf6, 0x0, 0x1f, 0xf8, 0x12,
    0x20, 0x0, 0x2f, 0xf8, 0x0, 0x3, 0xcc, 0xff,
    0xe2, 0x0, 0x4, 0xff, 0xff, 0x40, 0x0, 0x0,
    0x0, 0x6f, 0xf3, 0x12, 0x20, 0x0, 0xb, 0xfb,
    0x6f, 0xf0, 0x0, 0xa, 0xfd, 0x1f, 0xf8, 0x0,
    0x2e, 0xfb, 0x6, 0xff, 0xec, 0xff, 0xf3, 0x0,
    0x4b, 0xff, 0xea, 0x20,

    /* U+0034 "4" */
    0x0, 0x0, 0x0, 0x7f, 0xf3, 0x0, 0x0, 0x0,
    0x4f, 0xff, 0x30, 0x0, 0x0, 0x2f, 0xff, 0xf3,
    0x0, 0x0, 0xd, 0xfb, 0xff, 0x30, 0x0, 0xa,
    0xfd, 0x1f, 0xf3, 0x0, 0x7, 0xff, 0x20, 0xff,
    0x30, 0x4, 0xff, 0x50, 0xf, 0xf3, 0x2, 0xef,
    0x80, 0x0, 0xff, 0x30, 0x8f, 0xff, 0xff, 0xff,
    0xff, 0xa6, 0xcc, 0xcc, 0xcd, 0xff, 0xd8, 0x0,
    0x0, 0x0, 0x2f, 0xf3, 0x0, 0x0, 0x0, 0x2,
    0xff, 0x30,

    /* U+0035 "5" */
    0x3, 0xff, 0xff, 0xff, 0xf1, 0x4, 0xff, 0xcc,
    0xcc, 0xc1, 0x6, 0xfd, 0x0, 0x0, 0x0, 0x8,
    0xfc, 0x7a, 0x94, 0x0, 0x9, 0xff, 0xff, 0xff,
    0xa0, 0xb, 0xfc, 0x20, 0x7f, 0xf6, 0x0, 0x0,
    0x0, 0xc, 0xfb, 0x0, 0x0, 0x0, 0xa, 0xfd,
    0x4c, 0xc0, 0x0, 0xb, 0xfc, 0x1f, 0xf8, 0x0,
    0x3f, 0xf8, 0x6, 0xff, 0xed, 0xff, 0xd1, 0x0,
    0x4b, 0xff, 0xe9, 0x10,

    /* U+0036 "6" */
    0x0, 0x6, 0xcf, 0xfc, 0x60, 0x0, 0xb, 0xff,
    0xdd, 0xff, 0x90, 0x7, 0xfe, 0x30, 0x5, 0xff,
    0x20, 0xef, 0x70, 0x0, 0x1, 0x10, 0x2f, 0xf4,
    0x9e, 0xfd, 0x80, 0x4, 0xff, 0xef, 0xce, 0xff,
    0xb0, 0x5f, 0xfb, 0x0, 0x8, 0xff, 0x43, 0xff,
    0x30, 0x0, 0xf, 0xf8, 0xf, 0xf4, 0x0, 0x0,
    0xff, 0x80, 0xaf, 0xc1, 0x0, 0x8f, 0xf3, 0x1,
    0xdf, 0xfc, 0xef, 0xf9, 0x0, 0x1, 0x8d, 0xff,
    0xc6, 0x0,

    /* U+0037 "7" */
    0x9f, 0xff, 0xff, 0xff, 0xfb, 0x7c, 0xcc, 0xcc,
    0xcf, 0xfa, 0x0, 0x0, 0x0, 0x5f, 0xf2, 0x0,
    0x0, 0x1, 0xef, 0x60, 0x0, 0x0, 0xa, 0xfc,
    0x0, 0x0, 0x0, 0x3f, 0xf4, 0x0, 0x0, 0x0,
    0xbf, 0xc0, 0x0, 0x0, 0x2, 0xff, 0x50, 0x0,
    0x0, 0x7, 0xff, 0x0, 0x0, 0x0, 0xc, 0xfb,
    0x0, 0x0, 0x0, 0xf, 0xf8, 0x0, 0x0, 0x0,
    0x2f, 0xf6, 0x0, 0x0,

    /* U+0038 "8" */
    0x0, 0x5c, 0xff, 0xea, 0x30, 0x0, 0x7f, 0xfe,
    0xcf, 0xff, 0x40, 0xf, 0xfa, 0x0, 0xd, 0xfb,
    0x0, 0xff, 0x90, 0x0, 0xcf, 0xc0, 0x9, 0xff,
    0xca, 0xdf, 0xf5, 0x0, 0xb, 0xff, 0xff, 0xf8,
    0x0, 0xb, 0xfc, 0x20, 0x3e, 0xf7, 0x3, 0xff,
    0x30, 0x0, 0x6f, 0xf0, 0x6f, 0xf2, 0x0, 0x6,
    0xff, 0x23, 0xff, 0x90, 0x1, 0xcf, 0xf0, 0x9,
    0xff, 0xec, 0xff, 0xf6, 0x0, 0x5, 0xcf, 0xfe,
    0xb3, 0x0,

    /* U+0039 "9" */
    0x0, 0x6c, 0xff, 0xe9, 0x10, 0x0, 0xaf, 0xfe,
    0xcf, 0xfe, 0x20, 0x4f, 0xf8, 0x0, 0xb, 0xfb,
    0x6, 0xff, 0x20, 0x0, 0x4f, 0xf1, 0x4f, 0xf8,
    0x0, 0xa, 0xff, 0x50, 0xbf, 0xfe, 0xce, 0xff,
    0xf6, 0x0, 0x8d, 0xfe, 0xa4, 0xff, 0x60, 0x0,
    0x0, 0x0, 0x4f, 0xf4, 0x2e, 0xe2, 0x0, 0x7,
    0xff, 0x10, 0xdf, 0xa0, 0x1, 0xef, 0xa0, 0x4,
    0xff, 0xec, 0xff, 0xd1, 0x0, 0x3, 0xbf, 0xfd,
    0x81, 0x0,

    /* U+003A ":" */
    0xdf, 0xcd, 0xfc, 0x67, 0x60, 0x0, 0x0, 0x0,
    0x0, 0x68, 0x6d, 0xfc, 0xdf, 0xc0,

    /* U+003B ";" */
    0xdf, 0xcd, 0xfc, 0x67, 0x60, 0x0, 0x0, 0x0,
    0x0, 0x68, 0x6d, 0xfc, 0xdf, 0xc0, 0xa9, 0x6f,
    0x28, 0x30,

    /* U+003C "<" */
    0x0, 0x0, 0x0, 0x38, 0xb0, 0x0, 0x28, 0xdf,
    0xfc, 0x8, 0xdf, 0xfd, 0x83, 0x0, 0xff, 0xd3,
    0x0, 0x0, 0xa, 0xff, 0xfb, 0x61, 0x0, 0x0,
    0x5a, 0xff, 0xfa, 0x0, 0x0, 0x0, 0x4a, 0xc0,
    0x0, 0x0, 0x0, 0x0,

    /* U+003D "=" */
    0xf, 0xff, 0xff, 0xff, 0xd0, 0xaa, 0xaa, 0xaa,
    0xa8, 0x0, 0x0, 0x0, 0x0, 0x0, 0xaa, 0xaa,
    0xaa, 0xa8, 0xf, 0xff, 0xff, 0xff, 0xd0,

    /* U+003E ">" */
    0xb, 0x61, 0x0, 0x0, 0x0, 0xff, 0xfc, 0x61,
    0x0, 0x0, 0x4a, 0xef, 0xfc, 0x60, 0x0, 0x0,
    0x5e, 0xfd, 0x0, 0x16, 0xcf, 0xfe, 0x80, 0xcf,
    0xfe, 0x94, 0x0, 0xe, 0x94, 0x0, 0x0, 0x0,
    0x0, 0x0, 0x0, 0x0,

    /* U+003F "?" */
    0x0, 0x3a, 0xef, 0xfb, 0x40, 0x6, 0xff, 0xec,
    0xef, 0xf6, 0x1f, 0xf7, 0x0, 0xa, 0xfe, 0x39,
    0x80, 0x0, 0x7, 0xfe, 0x0, 0x0, 0x0, 0x5f,
    0xf7, 0x0, 0x0, 0xa, 0xff, 0x70, 0x0, 0x0,
    0x6f, 0xf3, 0x0, 0x0, 0x0, 0x9d, 0x70, 0x0,
    0x0, 0x0, 0x0, 0x0, 0x0, 0x0, 0x0, 0x78,
    0x50, 0x0, 0x0, 0x0, 0xef, 0xb0, 0x0, 0x0,
    0x0, 0xef, 0xb0, 0x0,

    /* U+0040 "@" */
    0x0, 0x0, 0x28, 0xcf, 0xff, 0xd9, 0x20, 0x0,
    0x0, 0xaf, 0xea, 0x76, 0x79, 0xef, 0x70, 0x0,
    0xcf, 0x75, 0xdf, 0xd3, 0x88, 0xaf, 0x50, 0x8f,
    0x54, 0xff, 0xad, 0xef, 0xb0, 0xec, 0xf, 0xa0,
    0xdf, 0x50, 0xf, 0xf7, 0xa, 0xe3, 0xf5, 0x2f,
    0xf0, 0x0, 0xdf, 0x30, 0xbd, 0x5f, 0x43, 0xfe,
    0x0, 0x1f, 0xe0, 0x1f, 0x83, 0xf6, 0xf, 0xf6,
    0x2b, 0xfe, 0x2b, 0xe1, 0xe, 0xc0, 0x6f, 0xff,
    0x5c, 0xff, 0xd2, 0x0, 0x6f, 0xa1, 0x24, 0x10,
    0x4, 0x30, 0x0, 0x0, 0x6f, 0xfa, 0x76, 0x79,
    0xda, 0x0, 0x0, 0x0, 0x18, 0xce, 0xff, 0xda,
    0x40, 0x0,

    /* U+0041 "A" */
    0x0, 0x0, 0xe, 0xff, 0x20, 0x0, 0x0, 0x0,
    0x5, 0xff, 0xf8, 0x0, 0x0, 0x0, 0x0, 0xbf,
    0x9f, 0xe0, 0x0, 0x0, 0x0, 0x1f, 0xf0, 0xef,
    0x50, 0x0, 0x0, 0x8, 0xf9, 0x8, 0xfb, 0x0,
    0x0, 0x0, 0xef, 0x30, 0x2f, 0xf1, 0x0, 0x0,
    0x4f, 0xd0, 0x0, 0xcf, 0x80, 0x0, 0xb, 0xfe,
    0xcc, 0xce, 0xfe, 0x0, 0x1, 0xff, 0xff, 0xff,
    0xff, 0xf4, 0x0, 0x8f, 0xc0, 0x0, 0x0, 0xaf,
    0xb0, 0xe, 0xf6, 0x0, 0x0, 0x4, 0xff, 0x14,
    0xff, 0x0, 0x0, 0x0, 0xe, 0xf7,

    /* U+0042 "B" */
    0xef, 0xff, 0xff, 0xfb, 0x40, 0xe, 0xfd, 0xaa,
    0xad, 0xff, 0x30, 0xef, 0x70, 0x0, 0xd, 0xf9,
    0xe, 0xf7, 0x0, 0x0, 0xdf, 0x90, 0xef, 0xda,
    0xab, 0xef, 0xf2, 0xe, 0xff, 0xff, 0xff, 0xf4,
    0x0, 0xef, 0x70, 0x0, 0x3e, 0xf3, 0xe, 0xf7,
    0x0, 0x0, 0x7f, 0xc0, 0xef, 0x70, 0x0, 0x6,
    0xff, 0xe, 0xf7, 0x0, 0x0, 0xbf, 0xe0, 0xef,
    0xda, 0xaa, 0xdf, 0xf7, 0xe, 0xff, 0xff, 0xff,
    0xc6, 0x0,

    /* U+0043 "C" */
    0x0, 0x1, 0x8d, 0xff, 0xd8, 0x10, 0x0, 0x5,
    0xff, 0xfe, 0xef, 0xff, 0x40, 0x4, 0xff, 0xa2,
    0x0, 0x1a, 0xff, 0x20, 0xcf, 0xb0, 0x0, 0x0,
    0xc, 0xf9, 0x2f, 0xf4, 0x0, 0x0, 0x0, 0x47,
    0x64, 0xff, 0x10, 0x0, 0x0, 0x0, 0x0, 0x4f,
    0xf1, 0x0, 0x0, 0x0, 0x0, 0x2, 0xff, 0x40,
    0x0, 0x0, 0x3, 0x76, 0xc, 0xfc, 0x0, 0x0,
    0x0, 0xcf, 0x90, 0x3f, 0xfa, 0x20, 0x1, 0xaf,
    0xf2, 0x0, 0x5f, 0xff, 0xed, 0xff, 0xf4, 0x0,
    0x0, 0x18, 0xdf, 0xfd, 0x92, 0x0,

    /* U+0044 "D" */
    0xef, 0xff, 0xff, 0xda, 0x40, 0x0, 0xef, 0xed,
    0xdd, 0xff, 0xfb, 0x10, 0xef, 0x70, 0x0, 0x6,
    0xff, 0xc0, 0xef, 0x70, 0x0, 0x0, 0x3f, 0xf6,
    0xef, 0x70, 0x0, 0x0, 0xb, 0xfb, 0xef, 0x70,
    0x0, 0x0, 0x7, 0xfe, 0xef, 0x70, 0x0, 0x0,
    0x8, 0xfe, 0xef, 0x70, 0x0, 0x0, 0xb, 0xfb,
    0xef, 0x70, 0x0, 0x0, 0x4f, 0xf6, 0xef, 0x70,
    0x0, 0x6, 0xff, 0xc0, 0xef, 0xec, 0xcd, 0xff,
    0xfb, 0x0, 0xef, 0xff, 0xff, 0xda, 0x40, 0x0,

    /* U+0045 "E" */
    0xef, 0xff, 0xff, 0xff, 0xf3, 0xef, 0xec, 0xcc,
    0xcc, 0xc3, 0xef, 0x70, 0x0, 0x0, 0x0, 0xef,
    0x70, 0x0, 0x0, 0x0, 0xef, 0x70, 0x0, 0x0,
    0x0, 0xef, 0xff, 0xff, 0xff, 0xd0, 0xef, 0xdc,
    0xcc, 0xcc, 0x90, 0xef, 0x70, 0x0, 0x0, 0x0,
    0xef, 0x70, 0x0, 0x0, 0x0, 0xef, 0x70, 0x0,
    0x0, 0x0, 0xef, 0xec, 0xcc, 0xcc, 0xc5, 0xef,
    0xff, 0xff, 0xff, 0xf7,

    /* U+0046 "F" */
    0xef, 0xff, 0xff, 0xff, 0xfe, 0xfe, 0xcc, 0xcc,
    0xcc, 0xef, 0x70, 0x0, 0x0, 0xe, 0xf7, 0x0,
    0x0, 0x0, 0xef, 0x70, 0x0, 0x0, 0xe, 0xfe,
    0xcc, 0xcc, 0xc6, 0xef, 0xff, 0xff, 0xff, 0x8e,
    0xf7, 0x0, 0x0, 0x0, 0xef, 0x70, 0x0, 0x0,
    0xe, 0xf7, 0x0, 0x0, 0x0, 0xef, 0x70, 0x0,
    0x0, 0xe, 0xf7, 0x0, 0x0, 0x0,

    /* U+0047 "G" */
    0x0, 0x1, 0x8d, 0xff, 0xea, 0x30, 0x0, 0x5,
    0xff, 0xfe, 0xdf, 0xff, 0x80, 0x4, 0xff, 0xa2,
    0x0, 0x7, 0xff, 0x50, 0xcf, 0xb0, 0x0, 0x0,
    0x7, 0xb7, 0x2f, 0xf4, 0x0, 0x0, 0x0, 0x0,
    0x4, 0xff, 0x10, 0x0, 0x9f, 0xff, 0xfe, 0x4f,
    0xf1, 0x0, 0x6, 0xcc, 0xef, 0xe2, 0xff, 0x40,
    0x0, 0x0, 0x7, 0xfe, 0xd, 0xfb, 0x0, 0x0,
    0x0, 0x7f, 0xe0, 0x4f, 0xfa, 0x20, 0x0, 0x2c,
    0xfe, 0x0, 0x6f, 0xff, 0xed, 0xef, 0xfe, 0x40,
    0x0, 0x28, 0xdf, 0xfe, 0xc7, 0x10,

    /* U+0048 "H" */
    0xef, 0x70, 0x0, 0x0, 0x6f, 0xfe, 0xf7, 0x0,
    0x0, 0x6, 0xff, 0xef, 0x70, 0x0, 0x0, 0x6f,
    0xfe, 0xf7, 0x0, 0x0, 0x6, 0xff, 0xef, 0x70,
    0x0, 0x0, 0x6f, 0xfe, 0xff, 0xff, 0xff, 0xff,
    0xff, 0xef, 0xec, 0xcc, 0xcc, 0xdf, 0xfe, 0xf7,
    0x0, 0x0, 0x6, 0xff, 0xef, 0x70, 0x0, 0x0,
    0x6f, 0xfe, 0xf7, 0x0, 0x0, 0x6, 0xff, 0xef,
    0x70, 0x0, 0x0, 0x6f, 0xfe, 0xf7, 0x0, 0x0,
    0x6, 0xff,

    /* U+0049 "I" */
    0xef, 0x7e, 0xf7, 0xef, 0x7e, 0xf7, 0xef, 0x7e,
    0xf7, 0xef, 0x7e, 0xf7, 0xef, 0x7e, 0xf7, 0xef,
    0x7e, 0xf7,

    /* U+004A "J" */
    0x0, 0x0, 0xbf, 0xa0, 0x0, 0xb, 0xfa, 0x0,
    0x0, 0xbf, 0xa0, 0x0, 0xb, 0xfa, 0x0, 0x0,
    0xbf, 0xa0, 0x0, 0xb, 0xfa, 0x0, 0x0, 0xbf,
    0xa0, 0x0, 0xb, 0xfa, 0x0, 0x0, 0xbf, 0xa0,
    0x0, 0x1e, 0xf8, 0xbd, 0xdf, 0xff, 0x29, 0xff,
    0xeb, 0x30,

    /* U+004B "K" */
    0xef, 0x70, 0x0, 0x8, 0xff, 0x80, 0xef, 0x70,
    0x0, 0x9f, 0xf7, 0x0, 0xef, 0x70, 0x9, 0xff,
    0x60, 0x0, 0xef, 0x70, 0x9f, 0xf6, 0x0, 0x0,
    0xef, 0x7a, 0xff, 0x50, 0x0, 0x0, 0xef, 0xef,
    0xf4, 0x0, 0x0, 0x0, 0xef, 0xbf, 0xfb, 0x0,
    0x0, 0x0, 0xef, 0x74, 0xff, 0xb0, 0x0, 0x0,
    0xef, 0x70, 0x4f, 0xfc, 0x0, 0x0, 0xef, 0x70,
    0x4, 0xff, 0xc1, 0x0, 0xef, 0x70, 0x0, 0x4f,
    0xfc, 0x10, 0xef, 0x70, 0x0, 0x4, 0xff, 0xd1,

    /* U+004C "L" */
    0xef, 0x70, 0x0, 0x0, 0xe, 0xf7, 0x0, 0x0,
    0x0, 0xef, 0x70, 0x0, 0x0, 0xe, 0xf7, 0x0,
    0x0, 0x0, 0xef, 0x70, 0x0, 0x0, 0xe, 0xf7,
    0x0, 0x0, 0x0, 0xef, 0x70, 0x0, 0x0, 0xe,
    0xf7, 0x0, 0x0, 0x0, 0xef, 0x70, 0x0, 0x0,
    0xe, 0xf7, 0x0, 0x0, 0x0, 0xef, 0xec, 0xcc,
    0xcc, 0xae, 0xff, 0xff, 0xff, 0xfd,

    /* U+004D "M" */
    0xef, 0xfe, 0x0, 0x0, 0x0, 0xcf, 0xff, 0xe,
    0xff, 0xf4, 0x0, 0x0, 0x2f, 0xff, 0xf0, 0xef,
    0xaf, 0x90, 0x0, 0x7, 0xfa, 0xff, 0xe, 0xf5,
    0xfe, 0x0, 0x0, 0xcf, 0x5f, 0xf0, 0xef, 0x5a,
    0xf4, 0x0, 0x2f, 0xb4, 0xff, 0xe, 0xf5, 0x5f,
    0xa0, 0x7, 0xf6, 0x4f, 0xf0, 0xef, 0x50, 0xff,
    0x0, 0xdf, 0x14, 0xff, 0xe, 0xf5, 0xb, 0xf5,
    0x2f, 0xb0, 0x4f, 0xf0, 0xef, 0x50, 0x6f, 0xa8,
    0xf6, 0x4, 0xff, 0xe, 0xf5, 0x1, 0xff, 0xef,
    0x10, 0x4f, 0xf0, 0xef, 0x50, 0xb, 0xff, 0xc0,
    0x4, 0xff, 0xe, 0xf5, 0x0, 0x6f, 0xf6, 0x0,
    0x4f, 0xf0,

    /* U+004E "N" */
    0xef, 0xf5, 0x0, 0x0, 0x5f, 0xfe, 0xff, 0xe0,
    0x0, 0x5, 0xff, 0xef, 0xff, 0x80, 0x0, 0x5f,
    0xfe, 0xf8, 0xff, 0x20, 0x5, 0xff, 0xef, 0x68,
    0xfb, 0x0, 0x5f, 0xfe, 0xf6, 0xd, 0xf5, 0x5,
    0xff, 0xef, 0x60, 0x4f, 0xe0, 0x5f, 0xfe, 0xf6,
    0x0, 0xbf, 0x95, 0xff, 0xef, 0x60, 0x2, 0xff,
    0x8f, 0xfe, 0xf6, 0x0, 0x7, 0xff, 0xff, 0xef,
    0x60, 0x0, 0xd, 0xff, 0xfe, 0xf6, 0x0, 0x0,
    0x4f, 0xff,

    /* U+004F "O" */
    0x0, 0x1, 0x8d, 0xff, 0xea, 0x30, 0x0, 0x0,
    0x5f, 0xff, 0xed, 0xff, 0xf9, 0x0, 0x4, 0xff,
    0xb2, 0x0, 0x18, 0xff, 0x80, 0xd, 0xfb, 0x0,
    0x0, 0x0, 0x7f, 0xf2, 0x2f, 0xf4, 0x0, 0x0,
    0x0, 0xf, 0xf7, 0x4f, 0xf1, 0x0, 0x0, 0x0,
    0xc, 0xf9, 0x4f, 0xf1, 0x0, 0x0, 0x0, 0xc,
    0xf9, 0x2f, 0xf4, 0x0, 0x0, 0x0, 0xf, 0xf6,
    0xc, 0xfc, 0x0, 0x0, 0x0, 0x8f, 0xf1, 0x3,
    0xff, 0xb2, 0x0, 0x18, 0xff, 0x80, 0x0, 0x5f,
    0xff, 0xed, 0xff, 0xf8, 0x0, 0x0, 0x1, 0x8d,
    0xff, 0xea, 0x30, 0x0,

    /* U+0050 "P" */
    0xef, 0xff, 0xff, 0xfd, 0x70, 0xe, 0xfe, 0xcc,
    0xcd, 0xff, 0xc0, 0xef, 0x70, 0x0, 0x4, 0xff,
    0x5e, 0xf7, 0x0, 0x0, 0xe, 0xf7, 0xef, 0x70,
    0x0, 0x4, 0xff, 0x5e, 0xfe, 0xcc, 0xcd, 0xff,
    0xc0, 0xef, 0xff, 0xff, 0xfd, 0x70, 0xe, 0xf7,
    0x0, 0x0, 0x0, 0x0, 0xef, 0x70, 0x0, 0x0,
    0x0, 0xe, 0xf7, 0x0, 0x0, 0x0, 0x0, 0xef,
    0x70, 0x0, 0x0, 0x0, 0xe, 0xf7, 0x0, 0x0,
    0x0, 0x0,

    /* U+0051 "Q" */
    0x0, 0x1, 0x8d, 0xff, 0xea, 0x30, 0x0, 0x0,
    0x5, 0xff, 0xfe, 0xdf, 0xff, 0x90, 0x0, 0x4,
    0xff, 0xb2, 0x0, 0x18, 0xff, 0x80, 0x0, 0xdf,
    0xb0, 0x0, 0x0, 0x7, 0xff, 0x20, 0x2f, 0xf4,
    0x0, 0x0, 0x0, 0xf, 0xf7, 0x4, 0xff, 0x10,
    0x0, 0x0, 0x0, 0xcf, 0x90, 0x4f, 0xf1, 0x0,
    0x0, 0x0, 0xc, 0xf9, 0x2, 0xff, 0x40, 0x0,
    0x0, 0x0, 0xff, 0x60, 0xc, 0xfb, 0x0, 0x0,
    0x0, 0x7f, 0xf1, 0x0, 0x3f, 0xfa, 0x10, 0x0,
    0x7f, 0xf5, 0x0, 0x0, 0x5f, 0xff, 0xcc, 0xff,
    0xfe, 0xcc, 0x20, 0x0, 0x18, 0xdf, 0xff, 0xff,
    0xff, 0xf3,

    /* U+0052 "R" */
    0xff, 0xff, 0xff, 0xeb, 0x40, 0xf, 0xfe, 0xcc,
    0xce, 0xff, 0x60, 0xff, 0x60, 0x0, 0x8, 0xfe,
    0xf, 0xf6, 0x0, 0x0, 0x3f, 0xf0, 0xff, 0x60,
    0x0, 0x2b, 0xfd, 0xf, 0xff, 0xff, 0xff, 0xfe,
    0x30, 0xff, 0xef, 0xfe, 0xa6, 0x10, 0xf, 0xf6,
    0x9f, 0xf4, 0x0, 0x0, 0xff, 0x60, 0xaf, 0xf4,
    0x0, 0xf, 0xf6, 0x0, 0xbf, 0xf4, 0x0, 0xff,
    0x60, 0x0, 0xcf, 0xf4, 0xf, 0xf6, 0x0, 0x1,
    0xdf, 0xf4,

    /* U+0053 "S" */
    0x0, 0x2a, 0xef, 0xfc, 0x70, 0x0, 0x3f, 0xfe,
    0xcc, 0xff, 0xc0, 0xb, 0xfa, 0x0, 0x2, 0xef,
    0x70, 0xcf, 0x80, 0x0, 0x5, 0x96, 0x8, 0xff,
    0x94, 0x0, 0x0, 0x0, 0x9, 0xff, 0xff, 0xb6,
    0x0, 0x0, 0x2, 0x7c, 0xff, 0xfd, 0x20, 0x0,
    0x0, 0x0, 0x5e, 0xfb, 0x5f, 0xd0, 0x0, 0x0,
    0x5f, 0xf1, 0xff, 0xa0, 0x0, 0x9, 0xfd, 0x5,
    0xff, 0xfc, 0xbe, 0xff, 0x50, 0x2, 0x9d, 0xff,
    0xea, 0x30,

    /* U+0054 "T" */
    0x8f, 0xff, 0xff, 0xff, 0xff, 0xf7, 0x6c, 0xcc,
    0xdf, 0xfd, 0xcc, 0xc5, 0x0, 0x0, 0x3f, 0xf2,
    0x0, 0x0, 0x0, 0x0, 0x3f, 0xf2, 0x0, 0x0,
    0x0, 0x0, 0x3f, 0xf2, 0x0, 0x0, 0x0, 0x0,
    0x3f, 0xf2, 0x0, 0x0, 0x0, 0x0, 0x3f, 0xf2,
    0x0, 0x0, 0x0, 0x0, 0x3f, 0xf2, 0x0, 0x0,
    0x0, 0x0, 0x3f, 0xf2, 0x0, 0x0, 0x0, 0x0,
    0x3f, 0xf2, 0x0, 0x0, 0x0, 0x0, 0x3f, 0xf2,
    0x0, 0x0, 0x0, 0x0, 0x3f, 0xf2, 0x0, 0x0,

    /* U+0055 "U" */
    0xf, 0xf5, 0x0, 0x0, 0xa, 0xfb, 0xf, 0xf5,
    0x0, 0x0, 0xa, 0xfb, 0xf, 0xf5, 0x0, 0x0,
    0xa, 0xfb, 0xf, 0xf5, 0x0, 0x0, 0xa, 0xfb,
    0xf, 0xf5, 0x0, 0x0, 0xa, 0xfb, 0xf, 0xf5,
    0x0, 0x0, 0xa, 0xfb, 0xf, 0xf5, 0x0, 0x0,
    0xa, 0xfb, 0xf, 0xf5, 0x0, 0x0, 0xb, 0xfa,
    0xc, 0xf9, 0x0, 0x0, 0xe, 0xf7, 0x7, 0xff,
    0x50, 0x0, 0x9f, 0xf2, 0x0, 0xbf, 0xfe, 0xdf,
    0xff, 0x60, 0x0, 0x7, 0xcf, 0xfe, 0xb4, 0x0,

    /* U+0056 "V" */
    0x4f, 0xf2, 0x0, 0x0, 0x0, 0xdf, 0x70, 0xef,
    0x80, 0x0, 0x0, 0x3f, 0xf1, 0x8, 0xfe, 0x0,
    0x0, 0x9, 0xfb, 0x0, 0x1f, 0xf4, 0x0, 0x0,
    0xef, 0x40, 0x0, 0xbf, 0xa0, 0x0, 0x4f, 0xe0,
    0x0, 0x4, 0xff, 0x0, 0xa, 0xf8, 0x0, 0x0,
    0xe, 0xf6, 0x1, 0xff, 0x10, 0x0, 0x0, 0x8f,
    0xc0, 0x6f, 0xb0, 0x0, 0x0, 0x1, 0xff, 0x2c,
    0xf5, 0x0, 0x0, 0x0, 0xb, 0xfa, 0xfe, 0x0,
    0x0, 0x0, 0x0, 0x5f, 0xff, 0x80, 0x0, 0x0,
    0x0, 0x0, 0xef, 0xf2, 0x0, 0x0,

    /* U+0057 "W" */
    0x2f, 0xf3, 0x0, 0x0, 0xaf, 0xf5, 0x0, 0x0,
    0x8f, 0xb0, 0xdf, 0x80, 0x0, 0xe, 0xff, 0x90,
    0x0, 0xd, 0xf6, 0x8, 0xfc, 0x0, 0x2, 0xfd,
    0xfd, 0x0, 0x2, 0xff, 0x10, 0x3f, 0xf1, 0x0,
    0x6f, 0x7d, 0xf2, 0x0, 0x6f, 0xc0, 0x0, 0xef,
    0x60, 0xb, 0xf2, 0x9f, 0x60, 0xb, 0xf7, 0x0,
    0x9, 0xfa, 0x0, 0xfe, 0x5, 0xfa, 0x0, 0xff,
    0x20, 0x0, 0x4f, 0xe0, 0x3f, 0x90, 0xf, 0xe0,
    0x4f, 0xd0, 0x0, 0x0, 0xff, 0x38, 0xf5, 0x0,
    0xcf, 0x29, 0xf8, 0x0, 0x0, 0xa, 0xf8, 0xcf,
    0x10, 0x7, 0xf6, 0xdf, 0x30, 0x0, 0x0, 0x5f,
    0xdf, 0xc0, 0x0, 0x3f, 0xdf, 0xe0, 0x0, 0x0,
    0x1, 0xff, 0xf8, 0x0, 0x0, 0xef, 0xf9, 0x0,
    0x0, 0x0, 0xb, 0xff, 0x30, 0x0, 0xa, 0xff,
    0x40, 0x0,

    /* U+0058 "X" */
    0xc, 0xfd, 0x0, 0x0, 0x9, 0xfd, 0x0, 0x2f,
    0xf9, 0x0, 0x5, 0xfe, 0x20, 0x0, 0x5f, 0xf4,
    0x2, 0xff, 0x40, 0x0, 0x0, 0x9f, 0xe1, 0xcf,
    0x80, 0x0, 0x0, 0x0, 0xdf, 0xef, 0xb0, 0x0,
    0x0, 0x0, 0x2, 0xff, 0xe1, 0x0, 0x0, 0x0,
    0x0, 0x4f, 0xff, 0x30, 0x0, 0x0, 0x0, 0x1e,
    0xfc, 0xfd, 0x0, 0x0, 0x0, 0xc, 0xf8, 0x1e,
    0xfa, 0x0, 0x0, 0x9, 0xfc, 0x0, 0x4f, 0xf6,
    0x0, 0x5, 0xfe, 0x10, 0x0, 0x9f, 0xf2, 0x2,
    0xff, 0x50, 0x0, 0x0, 0xdf, 0xd0,

    /* U+0059 "Y" */
    0x6f, 0xf6, 0x0, 0x0, 0x9, 0xfe, 0x10, 0xaf,
    0xf1, 0x0, 0x3, 0xff, 0x40, 0x1, 0xef, 0xb0,
    0x0, 0xdf, 0x90, 0x0, 0x4, 0xff, 0x50, 0x8f,
    0xd0, 0x0, 0x0, 0x9, 0xfe, 0x4f, 0xf3, 0x0,
    0x0, 0x0, 0xd, 0xff, 0xf7, 0x0, 0x0, 0x0,
    0x0, 0x3f, 0xfc, 0x0, 0x0, 0x0, 0x0, 0x0,
    0xef, 0x70, 0x0, 0x0, 0x0, 0x0, 0xe, 0xf7,
    0x0, 0x0, 0x0, 0x0, 0x0, 0xef, 0x70, 0x0,
    0x0, 0x0, 0x0, 0xe, 0xf7, 0x0, 0x0, 0x0,
    0x0, 0x0, 0xef, 0x70, 0x0, 0x0,

    /* U+005A "Z" */
    0xf, 0xff, 0xff, 0xff, 0xff, 0x80, 0xbc, 0xcc,
    0xcc, 0xef, 0xf6, 0x0, 0x0, 0x0, 0x2f, 0xfc,
    0x0, 0x0, 0x0, 0xc, 0xfe, 0x10, 0x0, 0x0,
    0x9, 0xff, 0x40, 0x0, 0x0, 0x6, 0xff, 0x70,
    0x0, 0x0, 0x2, 0xff, 0xb0, 0x0, 0x0, 0x0,
    0xdf, 0xe1, 0x0, 0x0, 0x0, 0xaf, 0xf3, 0x0,
    0x0, 0x0, 0x7f, 0xf7, 0x0, 0x0, 0x0, 0x1f,
    0xff, 0xcc, 0xcc, 0xcc, 0x72, 0xff, 0xff, 0xff,
    0xff, 0xf9,

    /* U+005B "[" */
    0x8f, 0xff, 0xff, 0x8f, 0xeb, 0xbb, 0x8f, 0xa0,
    0x0, 0x8f, 0xa0, 0x0, 0x8f, 0xa0, 0x0, 0x8f,
    0xa0, 0x0, 0x8f, 0xa0, 0x0, 0x8f, 0xa0, 0x0,
    0x8f, 0xa0, 0x0, 0x8f, 0xa0, 0x0, 0x8f, 0xa0,
    0x0, 0x8f, 0xa0, 0x0, 0x8f, 0xa0, 0x0, 0x8f,
    0xff, 0xff, 0x5b, 0xbb, 0xbb,

    /* U+005C "\\" */
    0x18, 0x50, 0x0, 0x0, 0xf, 0xf0, 0x0, 0x0,
    0xa, 0xf4, 0x0, 0x0, 0x5, 0xf9, 0x0, 0x0,
    0x0, 0xfe, 0x0, 0x0, 0x0, 0xbf, 0x40, 0x0,
    0x0, 0x6f, 0x90, 0x0, 0x0, 0x1f, 0xe0, 0x0,
    0x0, 0xb, 0xf3, 0x0, 0x0, 0x6, 0xf8, 0x0,
    0x0, 0x1, 0xfe, 0x0, 0x0, 0x0, 0xcf, 0x30,
    0x0, 0x0, 0x7f, 0x80, 0x0, 0x0, 0x2f, 0xd0,
    0x0, 0x0, 0xc, 0xf2,

    /* U+005D "]" */
    0xf, 0xff, 0xff, 0x60, 0xbb, 0xbe, 0xf6, 0x0,
    0x0, 0xbf, 0x60, 0x0, 0xb, 0xf6, 0x0, 0x0,
    0xbf, 0x60, 0x0, 0xb, 0xf6, 0x0, 0x0, 0xbf,
    0x60, 0x0, 0xb, 0xf6, 0x0, 0x0, 0xbf, 0x60,
    0x0, 0xb, 0xf6, 0x0, 0x0, 0xbf, 0x60, 0x0,
    0xb, 0xf6, 0x0, 0x0, 0xbf, 0x60, 0xff, 0xff,
    0xf6, 0xb, 0xbb, 0xbb, 0x40,

    /* U+005E "^" */
    0x0, 0x18, 0x70, 0x0, 0x0, 0xaf, 0xf7, 0x0,
    0x4, 0xfc, 0xef, 0x20, 0xd, 0xe1, 0x4f, 0xb0,
    0x8f, 0x40, 0x7, 0xf5,

    /* U+005F "_" */
    0xaa, 0xaa, 0xaa, 0xaa, 0x4f, 0xff, 0xff, 0xff,
    0xf6,

    /* U+0060 "`" */
    0x6b, 0xb4, 0x0, 0x9, 0xfe, 0x10, 0x0, 0x8f,
    0xb0,

    /* U+0061 "a" */
    0x0, 0x6c, 0xff, 0xd7, 0x0, 0x7, 0xff, 0xbb,
    0xff, 0x80, 0xb, 0xc4, 0x0, 0x7f, 0xd0, 0x0,
    0x0, 0x35, 0xaf, 0xf0, 0x2, 0xbf, 0xff, 0xff,
    0xf0, 0xe, 0xf9, 0x30, 0x5f, 0xf0, 0x4f, 0xf0,
    0x0, 0x9f, 0xf0, 0x1f, 0xfb, 0x8b, 0xef, 0xf0,
    0x4, 0xdf, 0xea, 0x3f, 0xf1,

    /* U+0062 "b" */
    0xcf, 0x70, 0x0, 0x0, 0x0, 0xcf, 0x70, 0x0,
    0x0, 0x0, 0xcf, 0x70, 0x0, 0x0, 0x0, 0xcf,
    0x77, 0xdf, 0xe8, 0x0, 0xcf, 0xef, 0xde, 0xff,
    0xb0, 0xcf, 0xf3, 0x0, 0x7f, 0xf4, 0xcf, 0x90,
    0x0, 0xd, 0xf8, 0xcf, 0x70, 0x0, 0xc, 0xfa,
    0xcf, 0x90, 0x0, 0xe, 0xf8, 0xcf, 0xf3, 0x0,
    0x7f, 0xf4, 0xcf, 0xef, 0xde, 0xff, 0xa0, 0xcf,
    0x78, 0xef, 0xe8, 0x0,

    /* U+0063 "c" */
    0x0, 0x4b, 0xff, 0xd7, 0x0, 0x6, 0xff, 0xdc,
    0xff, 0xb0, 0x1f, 0xf8, 0x0, 0x2e, 0xf4, 0x6f,
    0xf0, 0x0, 0x2, 0x31, 0x8f, 0xd0, 0x0, 0x0,
    0x0, 0x6f, 0xf0, 0x0, 0x2, 0x31, 0x1f, 0xf8,
    0x0, 0x2e, 0xf4, 0x6, 0xff, 0xdc, 0xff, 0xb0,
    0x0, 0x4b, 0xff, 0xd7, 0x0,

    /* U+0064 "d" */
    0x0, 0x0, 0x0, 0x5, 0xff, 0x0, 0x0, 0x0,
    0x5, 0xff, 0x0, 0x0, 0x0, 0x5, 0xff, 0x0,
    0x6d, 0xfe, 0x95, 0xff, 0x8, 0xff, 0xed, 0xfe,
    0xff, 0x1f, 0xf9, 0x0, 0x2d, 0xff, 0x5f, 0xf0,
    0x0, 0x6, 0xff, 0x7f, 0xe0, 0x0, 0x4, 0xff,
    0x5f, 0xf0, 0x0, 0x6, 0xff, 0x1f, 0xf9, 0x0,
    0x1d, 0xff, 0x8, 0xff, 0xec, 0xfd, 0xff, 0x0,
    0x7d, 0xfe, 0x94, 0xff,

    /* U+0065 "e" */
    0x0, 0x4b, 0xff, 0xd8, 0x0, 0x6, 0xff, 0xca,
    0xef, 0xd0, 0x1f, 0xf6, 0x0, 0xd, 0xf7, 0x6f,
    0xf8, 0x88, 0x8c, 0xfb, 0x8f, 0xff, 0xff, 0xff,
    0xfc, 0x6f, 0xe0, 0x0, 0x0, 0x0, 0x1f, 0xf6,
    0x0, 0x9, 0xb4, 0x6, 0xff, 0xca, 0xdf, 0xc0,
    0x0, 0x3b, 0xef, 0xe8, 0x0,

    /* U+0066 "f" */
    0x0, 0x1a, 0xff, 0x50, 0xc, 0xff, 0xc4, 0x0,
    0xff, 0x40, 0xb, 0xff, 0xff, 0xf3, 0x8b, 0xff,
    0xcb, 0x20, 0x1f, 0xf3, 0x0, 0x1, 0xff, 0x30,
    0x0, 0x1f, 0xf3, 0x0, 0x1, 0xff, 0x30, 0x0,
    0x1f, 0xf3, 0x0, 0x1, 0xff, 0x30, 0x0, 0x1f,
    0xf3, 0x0,

    /* U+0067 "g" */
    0x0, 0x6d, 0xfe, 0x94, 0xff, 0x7, 0xff, 0xec,
    0xfd, 0xff, 0x1f, 0xf9, 0x0, 0x1d, 0xff, 0x5f,
    0xf0, 0x0, 0x6, 0xff, 0x7f, 0xe0, 0x0, 0x4,
    0xff, 0x5f, 0xf0, 0x0, 0x6, 0xff, 0x1f, 0xf8,
    0x0, 0x1d, 0xff, 0x8, 0xff, 0xdb, 0xfd, 0xff,
    0x0, 0x7d, 0xfe, 0x85, 0xff, 0x0, 0x0, 0x0,
    0x6, 0xfe, 0xe, 0xe5, 0x0, 0x1d, 0xfa, 0x7,
    0xff, 0xee, 0xff, 0xe1, 0x0, 0x5c, 0xff, 0xe9,
    0x10,

    /* U+0068 "h" */
    0xcf, 0x70, 0x0, 0x0, 0xc, 0xf7, 0x0, 0x0,
    0x0, 0xcf, 0x70, 0x0, 0x0, 0xc, 0xf7, 0x5c,
    0xfe, 0x90, 0xcf, 0xcf, 0xdd, 0xff, 0x9c, 0xff,
    0x30, 0x9, 0xfe, 0xcf, 0x90, 0x0, 0x5f, 0xfc,
    0xf7, 0x0, 0x5, 0xff, 0xcf, 0x70, 0x0, 0x5f,
    0xfc, 0xf7, 0x0, 0x5, 0xff, 0xcf, 0x70, 0x0,
    0x5f, 0xfc, 0xf7, 0x0, 0x5, 0xff,

    /* U+0069 "i" */
    0xef, 0x9e, 0xf9, 0x56, 0x30, 0x0, 0xcf, 0x7c,
    0xf7, 0xcf, 0x7c, 0xf7, 0xcf, 0x7c, 0xf7, 0xcf,
    0x7c, 0xf7, 0xcf, 0x70,

    /* U+006A "j" */
    0x0, 0xef, 0x90, 0xe, 0xf9, 0x0, 0x56, 0x30,
    0x0, 0x0, 0x0, 0xcf, 0x70, 0xc, 0xf7, 0x0,
    0xcf, 0x70, 0xc, 0xf7, 0x0, 0xcf, 0x70, 0xc,
    0xf7, 0x0, 0xcf, 0x70, 0xc, 0xf7, 0x0, 0xcf,
    0x70, 0xc, 0xf7, 0x0, 0xdf, 0x77, 0xcf, 0xf3,
    0x8f, 0xe6, 0x0,

    /* U+006B "k" */
    0xcf, 0x70, 0x0, 0x0, 0xc, 0xf7, 0x0, 0x0,
    0x0, 0xcf, 0x70, 0x0, 0x0, 0xc, 0xf7, 0x0,
    0x0, 0x0, 0xcf, 0x70, 0x7, 0xff, 0x4c, 0xf7,
    0x6, 0xff, 0x40, 0xcf, 0x75, 0xff, 0x40, 0xc,
    0xfb, 0xff, 0x40, 0x0, 0xcf, 0xff, 0xc0, 0x0,
    0xc, 0xf9, 0xef, 0xa0, 0x0, 0xcf, 0x72, 0xff,
    0x90, 0xc, 0xf7, 0x3, 0xff, 0x80, 0xcf, 0x70,
    0x5, 0xff, 0x70,

    /* U+006C "l" */
    0xcf, 0x7c, 0xf7, 0xcf, 0x7c, 0xf7, 0xcf, 0x7c,
    0xf7, 0xcf, 0x7c, 0xf7, 0xcf, 0x7c, 0xf7, 0xcf,
    0x7c, 0xf7,

    /* U+006D "m" */
    0xcf, 0x65, 0xdf, 0xe7, 0x5, 0xcf, 0xe9, 0xc,
    0xfc, 0xfa, 0xcf, 0xfb, 0xfa, 0xaf, 0xf8, 0xcf,
    0xe1, 0x0, 0xcf, 0xf3, 0x0, 0x9f, 0xcc, 0xf8,
    0x0, 0xa, 0xfc, 0x0, 0x7, 0xfd, 0xcf, 0x70,
    0x0, 0xaf, 0xa0, 0x0, 0x7f, 0xdc, 0xf7, 0x0,
    0xa, 0xfa, 0x0, 0x7, 0xfd, 0xcf, 0x70, 0x0,
    0xaf, 0xa0, 0x0, 0x7f, 0xdc, 0xf7, 0x0, 0xa,
    0xfa, 0x0, 0x7, 0xfd, 0xcf, 0x70, 0x0, 0xaf,
    0xa0, 0x0, 0x7f, 0xd0,

    /* U+006E "n" */
    0xcf, 0x65, 0xcf, 0xe9, 0xc, 0xfc, 0xfa, 0xbf,
    0xf9, 0xcf, 0xe2, 0x0, 0x8f, 0xec, 0xf8, 0x0,
    0x5, 0xff, 0xcf, 0x70, 0x0, 0x5f, 0xfc, 0xf7,
    0x0, 0x5, 0xff, 0xcf, 0x70, 0x0, 0x5f, 0xfc,
    0xf7, 0x0, 0x5, 0xff, 0xcf, 0x70, 0x0, 0x5f,
    0xf0,

    /* U+006F "o" */
    0x0, 0x3b, 0xef, 0xe9, 0x20, 0x0, 0x6f, 0xfe,
    0xcf, 0xff, 0x30, 0x1f, 0xf9, 0x0, 0x1c, 0xfd,
    0x6, 0xff, 0x0, 0x0, 0x3f, 0xf2, 0x8f, 0xd0,
    0x0, 0x1, 0xff, 0x46, 0xff, 0x0, 0x0, 0x4f,
    0xf2, 0x1f, 0xf9, 0x0, 0x1c, 0xfc, 0x0, 0x6f,
    0xfe, 0xcf, 0xfe, 0x20, 0x0, 0x3b, 0xef, 0xe9,
    0x10, 0x0,

    /* U+0070 "p" */
    0xcf, 0x78, 0xef, 0xe8, 0x0, 0xcf, 0xee, 0xab,
    0xff, 0xb0, 0xcf, 0xe1, 0x0, 0x4f, 0xf4, 0xcf,
    0x80, 0x0, 0xd, 0xf8, 0xcf, 0x70, 0x0, 0xc,
    0xfa, 0xcf, 0x90, 0x0, 0xe, 0xf8, 0xcf, 0xf3,
    0x0, 0x7f, 0xf4, 0xcf, 0xef, 0xde, 0xff, 0xa0,
    0xcf, 0x78, 0xef, 0xe8, 0x0, 0xcf, 0x70, 0x0,
    0x0, 0x0, 0xcf, 0x70, 0x0, 0x0, 0x0, 0xcf,
    0x70, 0x0, 0x0, 0x0, 0xcf, 0x70, 0x0, 0x0,
    0x0,

    /* U+0071 "q" */
    0x0, 0x6d, 0xfe, 0x94, 0xff, 0x8, 0xff, 0xed,
    0xfd, 0xff, 0x1f, 0xf9, 0x0, 0x1d, 0xff, 0x5f,
    0xf0, 0x0, 0x6, 0xff, 0x7f, 0xe0, 0x0, 0x4,
    0xff, 0x5f, 0xf0, 0x0, 0x6, 0xff, 0x1f, 0xf9,
    0x0, 0x1d, 0xff, 0x8, 0xff, 0xec, 0xfe, 0xff,
    0x0, 0x7d, 0xfe, 0x95, 0xff, 0x0, 0x0, 0x0,
    0x5, 0xff, 0x0, 0x0, 0x0, 0x5, 0xff, 0x0,
    0x0, 0x0, 0x5, 0xff, 0x0, 0x0, 0x0, 0x5,
    0xff,

    /* U+0072 "r" */
    0x0, 0x0, 0x0, 0xcf, 0x68, 0xeb, 0xcf, 0xdf,
    0xfa, 0xcf, 0xf4, 0x0, 0xcf, 0x90, 0x0, 0xcf,
    0x70, 0x0, 0xcf, 0x70, 0x0, 0xcf, 0x70, 0x0,
    0xcf, 0x70, 0x0, 0xcf, 0x70, 0x0,

    /* U+0073 "s" */
    0x2, 0xae, 0xfe, 0xa2, 0x0, 0xdf, 0xb8, 0xbf,
    0xe1, 0x2f, 0xf0, 0x0, 0x79, 0x30, 0xef, 0xd8,
    0x51, 0x0, 0x3, 0xcf, 0xff, 0xf8, 0x0, 0x0,
    0x15, 0x8f, 0xf5, 0x6e, 0x90, 0x0, 0x9f, 0x81,
    0xef, 0xc9, 0xaf, 0xf4, 0x2, 0xae, 0xff, 0xc5,
    0x0,

    /* U+0074 "t" */
    0x0, 0x28, 0x30, 0x0, 0xf, 0xf5, 0x0, 0x0,
    0xff, 0x50, 0xb, 0xff, 0xff, 0xfd, 0x8b, 0xff,
    0xdb, 0x90, 0xf, 0xf5, 0x0, 0x0, 0xff, 0x50,
    0x0, 0xf, 0xf5, 0x0, 0x0, 0xff, 0x50, 0x0,
    0xe, 0xf7, 0x0, 0x0, 0xaf, 0xfc, 0xb0, 0x1,
    0xae, 0xfb,

    /* U+0075 "u" */
    0xef, 0x50, 0x0, 0xaf, 0xae, 0xf5, 0x0, 0xa,
    0xfa, 0xef, 0x50, 0x0, 0xaf, 0xae, 0xf5, 0x0,
    0xa, 0xfa, 0xef, 0x50, 0x0, 0xaf, 0xae, 0xf5,
    0x0, 0xc, 0xfa, 0xdf, 0x90, 0x5, 0xff, 0xa8,
    0xff, 0xdd, 0xfc, 0xfa, 0x9, 0xef, 0xc4, 0x8f,
    0xa0,

    /* U+0076 "v" */
    0xbf, 0xb0, 0x0, 0xf, 0xf6, 0x4f, 0xf1, 0x0,
    0x5f, 0xe0, 0xe, 0xf6, 0x0, 0xaf, 0x80, 0x7,
    0xfc, 0x1, 0xff, 0x20, 0x1, 0xff, 0x26, 0xfb,
    0x0, 0x0, 0xaf, 0x7b, 0xf5, 0x0, 0x0, 0x4f,
    0xef, 0xe0, 0x0, 0x0, 0xd, 0xff, 0x80, 0x0,
    0x0, 0x7, 0xff, 0x10, 0x0,

    /* U+0077 "w" */
    0x9f, 0xc0, 0x0, 0xff, 0x60, 0x5, 0xff, 0x4,
    0xff, 0x0, 0x4f, 0xfb, 0x0, 0x9f, 0xa0, 0xe,
    0xf4, 0x9, 0xff, 0xf0, 0xd, 0xf5, 0x0, 0xaf,
    0x80, 0xde, 0x8f, 0x51, 0xff, 0x0, 0x5, 0xfc,
    0x2f, 0x93, 0xfa, 0x4f, 0xb0, 0x0, 0xf, 0xf8,
    0xf4, 0xe, 0xe8, 0xf6, 0x0, 0x0, 0xbf, 0xff,
    0x0, 0x9f, 0xff, 0x10, 0x0, 0x6, 0xff, 0xa0,
    0x4, 0xff, 0xc0, 0x0, 0x0, 0x1f, 0xf5, 0x0,
    0xf, 0xf7, 0x0, 0x0,

    /* U+0078 "x" */
    0xb, 0xfc, 0x0, 0xd, 0xf9, 0x0, 0x1e, 0xf7,
    0xa, 0xfc, 0x0, 0x0, 0x3f, 0xf8, 0xfe, 0x10,
    0x0, 0x0, 0x7f, 0xff, 0x30, 0x0, 0x0, 0x1,
    0xff, 0xc0, 0x0, 0x0, 0x0, 0xbf, 0xff, 0x60,
    0x0, 0x0, 0x8f, 0xc4, 0xff, 0x30, 0x0, 0x5f,
    0xf2, 0x8, 0xfd, 0x10, 0x2f, 0xf5, 0x0, 0xd,
    0xfb, 0x0,

    /* U+0079 "y" */
    0xbf, 0xc0, 0x0, 0x1f, 0xf5, 0x4f, 0xf2, 0x0,
    0x6f, 0xe0, 0xe, 0xf8, 0x0, 0xcf, 0x80, 0x7,
    0xfd, 0x2, 0xff, 0x10, 0x1, 0xff, 0x38, 0xfa,
    0x0, 0x0, 0xaf, 0x9e, 0xf4, 0x0, 0x0, 0x4f,
    0xff, 0xd0, 0x0, 0x0, 0xd, 0xff, 0x60, 0x0,
    0x0, 0x8, 0xff, 0x0, 0x0, 0x0, 0xa, 0xf9,
    0x0, 0x0, 0x0, 0x2f, 0xf2, 0x0, 0x0, 0x0,
    0x8f, 0xb0, 0x0, 0x0, 0x0, 0xff, 0x40, 0x0,
    0x0,

    /* U+007A "z" */
    0xf, 0xff, 0xff, 0xff, 0x60, 0xbb, 0xbb, 0xef,
    0xf4, 0x0, 0x0, 0x3f, 0xf9, 0x0, 0x0, 0x1e,
    0xfc, 0x0, 0x0, 0xc, 0xfe, 0x10, 0x0, 0x9,
    0xff, 0x30, 0x0, 0x6, 0xff, 0x60, 0x0, 0x1,
    0xff, 0xfb, 0xbb, 0xb5, 0x2f, 0xff, 0xff, 0xff,
    0x70,

    /* U+007B "{" */
    0x0, 0x1b, 0xff, 0xf0, 0xb, 0xff, 0xbb, 0x0,
    0xdf, 0x50, 0x0, 0xa, 0xf6, 0x0, 0x0, 0x6f,
    0xb0, 0x0, 0x6, 0xfc, 0x0, 0x4c, 0xff, 0x50,
    0x6, 0xff, 0xd2, 0x0, 0x0, 0x9f, 0xb0, 0x0,
    0x5, 0xfc, 0x0, 0x0, 0x8f, 0x90, 0x0, 0xc,
    0xf5, 0x0, 0x0, 0xdf, 0x70, 0x0, 0x8, 0xff,
    0xff, 0x0, 0x6, 0xab, 0xb0,

    /* U+007C "|" */
    0xde, 0x1e, 0xf1, 0xef, 0x1e, 0xf1, 0xef, 0x1e,
    0xf1, 0xef, 0x1e, 0xf1, 0xef, 0x1e, 0xf1, 0xef,
    0x1e, 0xf1, 0xef, 0x1e, 0xf1, 0xef, 0x1e, 0xf1,

    /* U+007D "}" */
    0xf, 0xfe, 0xa1, 0x0, 0xb, 0xbf, 0xf9, 0x0,
    0x0, 0x6, 0xfb, 0x0, 0x0, 0x8, 0xf8, 0x0,
    0x0, 0xc, 0xf5, 0x0, 0x0, 0xe, 0xf4, 0x0,
    0x0, 0x6, 0xff, 0xc3, 0x0, 0x3, 0xdf, 0xf5,
    0x0, 0xd, 0xf7, 0x0, 0x0, 0xe, 0xf4, 0x0,
    0x0, 0xa, 0xf7, 0x0, 0x0, 0x7, 0xfa, 0x0,
    0x0, 0x8, 0xfb, 0x0, 0xf, 0xff, 0xf6, 0x0,
    0xb, 0xba, 0x50, 0x0,

    /* U+007E "~" */
    0x4, 0x87, 0x40, 0x0, 0x76, 0x6f, 0xff, 0xff,
    0xcd, 0xf8, 0xdc, 0x11, 0x7c, 0xff, 0xa0,

    /* U+00A0 " " */

    /* U+00A1 "¡" */
    0xaf, 0xfa, 0xff, 0x58, 0x70, 0x0, 0x0, 0x4,
    0xf9, 0x5f, 0xa5, 0xfa, 0x6f, 0xb7, 0xfc, 0x7f,
    0xc8, 0xfd, 0x9f, 0xe0,

    /* U+00A2 "¢" */
    0x0, 0x0, 0xbf, 0x20, 0x0, 0x0, 0x0, 0xbf,
    0x20, 0x0, 0x0, 0x4b, 0xff, 0xd7, 0x0, 0x6,
    0xff, 0xdc, 0xff, 0xb0, 0x1f, 0xf8, 0x0, 0x2e,
    0xf4, 0x6f, 0xf0, 0x0, 0x2, 0x31, 0x8f, 0xd0,
    0x0, 0x0, 0x0, 0x6f, 0xf0, 0x0, 0x2, 0x31,
    0x1f, 0xf8, 0x0, 0x2f, 0xf4, 0x6, 0xff, 0xdc,
    0xff, 0xa0, 0x0, 0x4b, 0xff, 0xd7, 0x0, 0x0,
    0x0, 0xbf, 0x20, 0x0, 0x0, 0x0, 0x58, 0x10,
    0x0,

    /* U+00A3 "£" */
    0x0, 0x5c, 0xff, 0xea, 0x30, 0x0, 0x7f, 0xfe,
    0xce, 0xff, 0x50, 0xf, 0xf9, 0x0, 0x8, 0xfe,
    0x2, 0xff, 0x30, 0x0, 0x6, 0x60, 0xf, 0xf6,
    0x0, 0x0, 0x0, 0xa, 0xff, 0xfe, 0xee, 0xe5,
    0x0, 0xcf, 0xff, 0xff, 0xff, 0x50, 0x0, 0xd,
    0xf6, 0x0, 0x0, 0x0, 0x1, 0xff, 0x20, 0x0,
    0x0, 0x0, 0xaf, 0xa0, 0x0, 0x0, 0x0, 0x3f,
    0xfe, 0xee, 0xee, 0xea, 0x3, 0xff, 0xff, 0xff,
    0xff, 0xb0,

    /* U+00A5 "¥" */
    0x6f, 0xf6, 0x0, 0x0, 0xaf, 0xe0, 0xb, 0xfe,
    0x10, 0x3, 0xff, 0x40, 0x2, 0xff, 0x90, 0xd,
    0xf9, 0x0, 0x0, 0x6f, 0xf3, 0x6f, 0xe0, 0x0,
    0x3f, 0xff, 0xfc, 0xef, 0xff, 0xb0, 0x18, 0x88,
    0xff, 0xfb, 0x88, 0x50, 0x3f, 0xff, 0xff, 0xff,
    0xff, 0xb0, 0x18, 0x88, 0xbf, 0xf8, 0x88, 0x60,
    0x0, 0x0, 0x6f, 0xf0, 0x0, 0x0, 0x0, 0x0,
    0x6f, 0xf0, 0x0, 0x0, 0x0, 0x0, 0x6f, 0xf0,
    0x0, 0x0, 0x0, 0x0, 0x6f, 0xf0, 0x0, 0x0,

    /* U+00A7 "§" */
    0x0, 0x9e, 0xff, 0xc6, 0x0, 0xaf, 0xd9, 0xae,
    0xf6, 0xd, 0xf4, 0x0, 0x13, 0x20, 0x9f, 0xfc,
    0x84, 0x0, 0x2f, 0xf9, 0xcf, 0xfe, 0x36, 0xfa,
    0x0, 0x7, 0xfc, 0x5f, 0xf6, 0x22, 0x9f, 0xc0,
    0xbf, 0xff, 0xff, 0xd2, 0x0, 0x5a, 0xdf, 0xfd,
    0x0, 0x32, 0x0, 0x2e, 0xf3, 0x2f, 0xf3, 0x2,
    0xef, 0x20, 0x8f, 0xff, 0xff, 0x90, 0x0, 0x37,
    0x98, 0x30, 0x0,

    /* U+00A8 "¨" */
    0x66, 0x30, 0x56, 0x4e, 0xf8, 0xc, 0xfb, 0xef,
    0x80, 0xcf, 0xb0,

    /* U+00A9 "©" */
    0x0, 0x0, 0x5b, 0xef, 0xea, 0x40, 0x0, 0x0,
    0x1, 0xcc, 0x51, 0x1, 0x6d, 0xa0, 0x0, 0x0,
    0xd8, 0x0, 0x0, 0x0, 0xa, 0xb0, 0x0, 0x9a,
    0x0, 0x7d, 0xfd, 0x70, 0xd, 0x60, 0xf, 0x10,
    0x9e, 0x62, 0x6f, 0x70, 0x4d, 0x3, 0xc0, 0x1f,
    0x50, 0x0, 0x59, 0x0, 0xf1, 0x5b, 0x4, 0xf2,
    0x0, 0x0, 0x0, 0xe, 0x23, 0xc0, 0x2f, 0x40,
    0x0, 0x47, 0x0, 0xf1, 0xf, 0x20, 0xbd, 0x30,
    0x3e, 0x90, 0x4d, 0x0, 0x8a, 0x0, 0xaf, 0xff,
    0x90, 0xd, 0x60, 0x0, 0xd8, 0x0, 0x2, 0x0,
    0xa, 0xb0, 0x0, 0x1, 0xcc, 0x51, 0x1, 0x6d,
    0xa0, 0x0, 0x0, 0x0, 0x5b, 0xef, 0xea, 0x40,
    0x0, 0x0,

    /* U+00AA "ª" */
    0x0, 0x2, 0x0, 0x8, 0xff, 0xe3, 0x9, 0x73,
    0xfa, 0x5, 0xcf, 0xfb, 0x2f, 0x92, 0xeb, 0x3f,
    0xdd, 0xfc, 0x5, 0x84, 0x56,

    /* U+00AB "«" */
    0x0, 0x4, 0x51, 0x25, 0x30, 0x6, 0xfc, 0x2e,
    0xf3, 0x2, 0xff, 0x2c, 0xf7, 0x0, 0xdf, 0x67,
    0xfc, 0x0, 0xa, 0xf9, 0x4f, 0xe1, 0x0, 0xd,
    0xf5, 0x8f, 0xb0, 0x0, 0x2f, 0xf2, 0xcf, 0x60,

    /* U+00AE "®" */
    0x0, 0x0, 0x5b, 0xef, 0xea, 0x40, 0x0, 0x0,
    0x1, 0xcc, 0x51, 0x1, 0x6d, 0xa0, 0x0, 0x0,
    0xd8, 0x0, 0x0, 0x0, 0xa, 0xb0, 0x0, 0x9a,
    0x6, 0xff, 0xfe, 0xa0, 0xd, 0x60, 0xf, 0x10,
    0x6f, 0x22, 0x4f, 0x70, 0x4d, 0x3, 0xc0, 0x6,
    0xf0, 0x1, 0xe6, 0x0, 0xf1, 0x5b, 0x0, 0x6f,
    0xff, 0xfd, 0x0, 0xe, 0x23, 0xc0, 0x6, 0xf2,
    0x26, 0xf5, 0x0, 0xf1, 0xf, 0x20, 0x6f, 0x0,
    0xf, 0x70, 0x4d, 0x0, 0x8a, 0x6, 0xf0, 0x0,
    0xf7, 0xd, 0x60, 0x0, 0xd8, 0x0, 0x0, 0x0,
    0xa, 0xb0, 0x0, 0x1, 0xcc, 0x51, 0x1, 0x6d,
    0xa0, 0x0, 0x0, 0x0, 0x5b, 0xef, 0xea, 0x40,
    0x0, 0x0,

    /* U+00AF "¯" */
    0x89, 0x99, 0x99, 0x5e, 0xff, 0xff, 0xf9,

    /* U+00B0 "°" */
    0x3, 0xdf, 0xb1, 0xe, 0x83, 0xca, 0x3f, 0x0,
    0x5e, 0x1f, 0x60, 0xab, 0x5, 0xff, 0xe2, 0x0,
    0x2, 0x0,

    /* U+00B4 "´" */
    0x3, 0xbb, 0x70, 0xd, 0xfb, 0x0, 0x9f, 0xa0,
    0x0,

    /* U+00B6 "¶" */
    0x1, 0x9e, 0xff, 0xff, 0xff, 0xd0, 0xdf, 0xff,
    0xff, 0xbc, 0xfd, 0x5f, 0xff, 0xff, 0xf3, 0x5f,
    0xd7, 0xff, 0xff, 0xff, 0x35, 0xfd, 0x4f, 0xff,
    0xff, 0xf3, 0x5f, 0xd0, 0xbf, 0xff, 0xff, 0x35,
    0xfd, 0x0, 0x7b, 0xcf, 0xf3, 0x5f, 0xd0, 0x0,
    0x0, 0xef, 0x35, 0xfd, 0x0, 0x0, 0xe, 0xf3,
    0x5f, 0xd0, 0x0, 0x0, 0xef, 0x35, 0xfd, 0x0,
    0x0, 0xe, 0xf3, 0x5f, 0xd0, 0x0, 0x0, 0xef,
    0x35, 0xfd, 0x0, 0x0, 0xe, 0xf3, 0x5f, 0xd0,
    0x0, 0x0, 0xef, 0x35, 0xfd, 0x0, 0x0, 0x9,
    0xa2, 0x3a, 0x80,

    /* U+00B7 "·" */
    0x77, 0x4f, 0xf9, 0xff, 0x90,

    /* U+00B8 "¸" */
    0x1, 0xd2, 0x0, 0x6f, 0xd3, 0x65, 0x2f, 0xa7,
    0xff, 0xf4, 0x0, 0x20, 0x0,

    /* U+00BA "º" */
    0x0, 0x1, 0x0, 0x0, 0x5e, 0xff, 0xa0, 0x1f,
    0xd4, 0x8f, 0x74, 0xf6, 0x0, 0xfb, 0x3f, 0x90,
    0x2f, 0xa0, 0xbf, 0xdf, 0xf2, 0x0, 0x58, 0x71,
    0x0,

    /* U+00BB "»" */
    0x45, 0x12, 0x54, 0x0, 0x5f, 0xd1, 0xef, 0x30,
    0x9, 0xf9, 0x4f, 0xe1, 0x0, 0xdf, 0x58, 0xfb,
    0x2, 0xff, 0x2c, 0xf7, 0xd, 0xf5, 0x8f, 0xb0,
    0x9f, 0x93, 0xfe, 0x10,

    /* U+00BF "¿" */
    0x0, 0x4, 0xff, 0x50, 0x0, 0x0, 0x4, 0xff,
    0x50, 0x0, 0x0, 0x2, 0x88, 0x20, 0x0, 0x0,
    0x0, 0x0, 0x0, 0x0, 0x0, 0x0, 0x88, 0x10,
    0x0, 0x0, 0x6, 0xff, 0x0, 0x0, 0x0, 0x6f,
    0xf9, 0x0, 0x0, 0x9, 0xff, 0x90, 0x0, 0x0,
    0x4f, 0xf6, 0x0, 0x0, 0x0, 0x7f, 0xe0, 0x0,
    0x4, 0x86, 0x6f, 0xf3, 0x0, 0x2d, 0xf8, 0xd,
    0xff, 0xdd, 0xff, 0xd0, 0x0, 0x8d, 0xff, 0xd7,
    0x0,

    /* U+00C0 "À" */
    0x0, 0x4, 0xbb, 0x60, 0x0, 0x0, 0x0, 0x0,
    0x7, 0xff, 0x30, 0x0, 0x0, 0x0, 0x0, 0x6,
    0xfd, 0x0, 0x0, 0x0, 0x0, 0x0, 0x0, 0x0,
    0x0, 0x0, 0x0, 0x0, 0x0, 0x0, 0x0, 0x0,
    0x0, 0x0, 0x0, 0xef, 0xf2, 0x0, 0x0, 0x0,
    0x0, 0x5f, 0xff, 0x80, 0x0, 0x0, 0x0, 0xb,
    0xf9, 0xfe, 0x0, 0x0, 0x0, 0x1, 0xff, 0xe,
    0xf5, 0x0, 0x0, 0x0, 0x8f, 0x90, 0x8f, 0xb0,
    0x0, 0x0, 0xe, 0xf3, 0x2, 0xff, 0x10, 0x0,
    0x4, 0xfd, 0x0, 0xc, 0xf8, 0x0, 0x0, 0xbf,
    0xec, 0xcc, 0xef, 0xe0, 0x0, 0x1f, 0xff, 0xff,
    0xff, 0xff, 0x40, 0x8, 0xfc, 0x0, 0x0, 0xa,
    0xfb, 0x0, 0xef, 0x60, 0x0, 0x0, 0x4f, 0xf1,
    0x4f, 0xf0, 0x0, 0x0, 0x0, 0xef, 0x70,

    /* U+00C1 "Á" */
    0x0, 0x0, 0x0, 0x4b, 0xb6, 0x0, 0x0, 0x0,
    0x0, 0x1e, 0xfa, 0x0, 0x0, 0x0, 0x0, 0xa,
    0xf8, 0x0, 0x0, 0x0, 0x0, 0x0, 0x0, 0x0,
    0x0, 0x0, 0x0, 0x0, 0x0, 0x0, 0x0, 0x0,
    0x0, 0x0, 0x0, 0xef, 0xf2, 0x0, 0x0, 0x0,
    0x0, 0x5f, 0xff, 0x80, 0x0, 0x0, 0x0, 0xb,
    0xf9, 0xfe, 0x0, 0x0, 0x0, 0x1, 0xff, 0xe,
    0xf5, 0x0, 0x0, 0x0, 0x8f, 0x90, 0x8f, 0xb0,
    0x0, 0x0, 0xe, 0xf3, 0x2, 0xff, 0x10, 0x0,
    0x4, 0xfd, 0x0, 0xc, 0xf8, 0x0, 0x0, 0xbf,
    0xec, 0xcc, 0xef, 0xe0, 0x0, 0x1f, 0xff, 0xff,
    0xff, 0xff, 0x40, 0x8, 0xfc, 0x0, 0x0, 0xa,
    0xfb, 0x0, 0xef, 0x60, 0x0, 0x0, 0x4f, 0xf1,
    0x4f, 0xf0, 0x0, 0x0, 0x0, 0xef, 0x70,

    /* U+00C2 "Â" */
    0x0, 0x0, 0x6, 0x87, 0x0, 0x0, 0x0, 0x0,
    0x6, 0xff, 0xf9, 0x0, 0x0, 0x0, 0x3, 0xfe,
    0x3c, 0xf5, 0x0, 0x0, 0x0, 0x68, 0x10, 0x7,
    0x70, 0x0, 0x0, 0x0, 0x0, 0x0, 0x0, 0x0,
    0x0, 0x0, 0x0, 0xef, 0xf2, 0x0, 0x0, 0x0,
    0x0, 0x5f, 0xff, 0x80, 0x0, 0x0, 0x0, 0xb,
    0xf9, 0xfe, 0x0, 0x0, 0x0, 0x1, 0xff, 0xe,
    0xf5, 0x0, 0x0, 0x0, 0x8f, 0x90, 0x8f, 0xb0,
    0x0, 0x0, 0xe, 0xf3, 0x2, 0xff, 0x10, 0x0,
    0x4, 0xfd, 0x0, 0xc, 0xf8, 0x0, 0x0, 0xbf,
    0xec, 0xcc, 0xef, 0xe0, 0x0, 0x1f, 0xff, 0xff,
    0xff, 0xff, 0x40, 0x8, 0xfc, 0x0, 0x0, 0xa,
    0xfb, 0x0, 0xef, 0x60, 0x0, 0x0, 0x4f, 0xf1,
    0x4f, 0xf0, 0x0, 0x0, 0x0, 0xef, 0x70,

    /* U+00C3 "Ã" */
    0x0, 0x0, 0x1, 0x0, 0x2, 0x0, 0x0, 0x0,
    0x6f, 0xfe, 0x9b, 0xf2, 0x0, 0x0, 0xf, 0xa6,
    0xbf, 0xe7, 0x0, 0x0, 0x0, 0x0, 0x0, 0x0,
    0x0, 0x0, 0x0, 0x0, 0x0, 0x0, 0x0, 0x0,
    0x0, 0x0, 0x0, 0xef, 0xf2, 0x0, 0x0, 0x0,
    0x0, 0x5f, 0xff, 0x80, 0x0, 0x0, 0x0, 0xb,
    0xf9, 0xfe, 0x0, 0x0, 0x0, 0x1, 0xff, 0xe,
    0xf5, 0x0, 0x0, 0x0, 0x8f, 0x90, 0x8f, 0xb0,
    0x0, 0x0, 0xe, 0xf3, 0x2, 0xff, 0x10, 0x0,
    0x4, 0xfd, 0x0, 0xc, 0xf8, 0x0, 0x0, 0xbf,
    0xec, 0xcc, 0xef, 0xe0, 0x0, 0x1f, 0xff, 0xff,
    0xff, 0xff, 0x40, 0x8, 0xfc, 0x0, 0x0, 0xa,
    0xfb, 0x0, 0xef, 0x60, 0x0, 0x0, 0x4f, 0xf1,
    0x4f, 0xf0, 0x0, 0x0, 0x0, 0xef, 0x70,

    /* U+00C4 "Ä" */
    0x0, 0x4, 0x65, 0x3, 0x66, 0x0, 0x0, 0x0,
    0xbf, 0xc0, 0x9f, 0xe0, 0x0, 0x0, 0xb, 0xfc,
    0x9, 0xfe, 0x0, 0x0, 0x0, 0x0, 0x0, 0x0,
    0x0, 0x0, 0x0, 0x0, 0x0, 0x0, 0x0, 0x0,
    0x0, 0x0, 0x0, 0xef, 0xf2, 0x0, 0x0, 0x0,
    0x0, 0x5f, 0xff, 0x80, 0x0, 0x0, 0x0, 0xb,
    0xf9, 0xfe, 0x0, 0x0, 0x0, 0x1, 0xff, 0xe,
    0xf5, 0x0, 0x0, 0x0, 0x8f, 0x90, 0x8f, 0xb0,
    0x0, 0x0, 0xe, 0xf3, 0x2, 0xff, 0x10, 0x0,
    0x4, 0xfd, 0x0, 0xc, 0xf8, 0x0, 0x0, 0xbf,
    0xec, 0xcc, 0xef, 0xe0, 0x0, 0x1f, 0xff, 0xff,
    0xff, 0xff, 0x40, 0x8, 0xfc, 0x0, 0x0, 0xa,
    0xfb, 0x0, 0xef, 0x60, 0x0, 0x0, 0x4f, 0xf1,
    0x4f, 0xf0, 0x0, 0x0, 0x0, 0xef, 0x70,

    /* U+00C5 "Å" */
    0x0, 0x0, 0xa, 0xfc, 0x10, 0x0, 0x0, 0x0,
    0x4, 0xf3, 0xd7, 0x0, 0x0, 0x0, 0x0, 0x1d,
    0xfe, 0x20, 0x0, 0x0, 0x0, 0x0, 0x2, 0x0,
    0x0, 0x0, 0x0, 0x0, 0x0, 0x0, 0x0, 0x0,
    0x0, 0x0, 0x0, 0xef, 0xf2, 0x0, 0x0, 0x0,
    0x0, 0x5f, 0xff, 0x80, 0x0, 0x0, 0x0, 0xb,
    0xf9, 0xfe, 0x0, 0x0, 0x0, 0x1, 0xff, 0xe,
    0xf5, 0x0, 0x0, 0x0, 0x8f, 0x90, 0x8f, 0xb0,
    0x0, 0x0, 0xe, 0xf3, 0x2, 0xff, 0x10, 0x0,
    0x4, 0xfd, 0x0, 0xc, 0xf8, 0x0, 0x0, 0xbf,
    0xec, 0xcc, 0xef, 0xe0, 0x0, 0x1f, 0xff, 0xff,
    0xff, 0xff, 0x40, 0x8, 0xfc, 0x0, 0x0, 0xa,
    0xfb, 0x0, 0xef, 0x60, 0x0, 0x0, 0x4f, 0xf1,
    0x4f, 0xf0, 0x0, 0x0, 0x0, 0xef, 0x70,

    /* U+00C6 "Æ" */
    0x0, 0x0, 0xe, 0xff, 0xff, 0xff, 0xff, 0xff,
    0x50, 0x0, 0x5, 0xfe, 0xcd, 0xff, 0xcc, 0xcc,
    0xc4, 0x0, 0x0, 0xbf, 0x60, 0x5f, 0xf0, 0x0,
    0x0, 0x0, 0x0, 0x1f, 0xf0, 0x5, 0xff, 0x0,
    0x0, 0x0, 0x0, 0x8, 0xfa, 0x0, 0x5f, 0xf0,
    0x0, 0x0, 0x0, 0x0, 0xef, 0xff, 0xff, 0xff,
    0xff, 0xff, 0xe0, 0x0, 0x4f, 0xec, 0xcc, 0xdf,
    0xfc, 0xcc, 0xca, 0x0, 0xb, 0xf8, 0x0, 0x5,
    0xff, 0x0, 0x0, 0x0, 0x1, 0xff, 0x20, 0x0,
    0x5f, 0xf0, 0x0, 0x0, 0x0, 0x8f, 0xc0, 0x0,
    0x5, 0xff, 0x0, 0x0, 0x0, 0xe, 0xf6, 0x0,
    0x0, 0x5f, 0xfc, 0xcc, 0xcc, 0x64, 0xff, 0x0,
    0x0, 0x5, 0xff, 0xff, 0xff, 0xf8,

    /* U+00C7 "Ç" */
    0x0, 0x1, 0x8d, 0xff, 0xd8, 0x10, 0x0, 0x5,
    0xff, 0xfe, 0xef, 0xff, 0x40, 0x4, 0xff, 0xa2,
    0x0, 0x1a, 0xff, 0x20, 0xcf, 0xb0, 0x0, 0x0,
    0xc, 0xf9, 0x2f, 0xf4, 0x0, 0x0, 0x0, 0x47,
    0x64, 0xff, 0x10, 0x0, 0x0, 0x0, 0x0, 0x4f,
    0xf1, 0x0, 0x0, 0x0, 0x0, 0x2, 0xff, 0x40,
    0x0, 0x0, 0x3, 0x76, 0xc, 0xfc, 0x0, 0x0,
    0x0, 0xcf, 0x90, 0x3f, 0xfa, 0x20, 0x1, 0xaf,
    0xf2, 0x0, 0x5f, 0xff, 0xed, 0xff, 0xf4, 0x0,
    0x0, 0x18, 0xdf, 0xfd, 0x92, 0x0, 0x0, 0x0,
    0x0, 0xdb, 0x10, 0x0, 0x0, 0x0, 0x0, 0xc,
    0xfd, 0x0, 0x0, 0x0, 0x0, 0x4a, 0x2a, 0xf0,
    0x0, 0x0, 0x0, 0x1, 0xbf, 0xe6, 0x0, 0x0,

    /* U+00C8 "È" */
    0x1, 0xab, 0xa0, 0x0, 0x0, 0x0, 0x3f, 0xf7,
    0x0, 0x0, 0x0, 0x2, 0xef, 0x20, 0x0, 0x0,
    0x0, 0x0, 0x0, 0x0, 0x0, 0x0, 0x0, 0x0,
    0x0, 0xef, 0xff, 0xff, 0xff, 0xf3, 0xef, 0xec,
    0xcc, 0xcc, 0xc3, 0xef, 0x70, 0x0, 0x0, 0x0,
    0xef, 0x70, 0x0, 0x0, 0x0, 0xef, 0x70, 0x0,
    0x0, 0x0, 0xef, 0xff, 0xff, 0xff, 0xd0, 0xef,
    0xdc, 0xcc, 0xcc, 0x90, 0xef, 0x70, 0x0, 0x0,
    0x0, 0xef, 0x70, 0x0, 0x0, 0x0, 0xef, 0x70,
    0x0, 0x0, 0x0, 0xef, 0xec, 0xcc, 0xcc, 0xc5,
    0xef, 0xff, 0xff, 0xff, 0xf7,

    /* U+00C9 "É" */
    0x0, 0x0, 0x1b, 0xb9, 0x0, 0x0, 0x0, 0xbf,
    0xd1, 0x0, 0x0, 0x6, 0xfc, 0x10, 0x0, 0x0,
    0x0, 0x0, 0x0, 0x0, 0x0, 0x0, 0x0, 0x0,
    0x0, 0xef, 0xff, 0xff, 0xff, 0xf3, 0xef, 0xec,
    0xcc, 0xcc, 0xc3, 0xef, 0x70, 0x0, 0x0, 0x0,
    0xef, 0x70, 0x0, 0x0, 0x0, 0xef, 0x70, 0x0,
    0x0, 0x0, 0xef, 0xff, 0xff, 0xff, 0xd0, 0xef,
    0xdc, 0xcc, 0xcc, 0x90, 0xef, 0x70, 0x0, 0x0,
    0x0, 0xef, 0x70, 0x0, 0x0, 0x0, 0xef, 0x70,
    0x0, 0x0, 0x0, 0xef, 0xec, 0xcc, 0xcc, 0xc5,
    0xef, 0xff, 0xff, 0xff, 0xf7,

    /* U+00CA "Ê" */
    0x0, 0x4, 0x88, 0x20, 0x0, 0x0, 0x2f, 0xff,
    0xd0, 0x0, 0x0, 0xdf, 0x58, 0xfa, 0x0, 0x3,
    0x84, 0x0, 0x68, 0x10, 0x0, 0x0, 0x0, 0x0,
    0x0, 0xef, 0xff, 0xff, 0xff, 0xf3, 0xef, 0xec,
    0xcc, 0xcc, 0xc3, 0xef, 0x70, 0x0, 0x0, 0x0,
    0xef, 0x70, 0x0, 0x0, 0x0, 0xef, 0x70, 0x0,
    0x0, 0x0, 0xef, 0xff, 0xff, 0xff, 0xd0, 0xef,
    0xdc, 0xcc, 0xcc, 0x90, 0xef, 0x70, 0x0, 0x0,
    0x0, 0xef, 0x70, 0x0, 0x0, 0x0, 0xef, 0x70,
    0x0, 0x0, 0x0, 0xef, 0xec, 0xcc, 0xcc, 0xc5,
    0xef, 0xff, 0xff, 0xff, 0xf7,

    /* U+00CB "Ë" */
    0x2, 0x66, 0x1, 0x66, 0x10, 0x6, 0xff, 0x4,
    0xff, 0x30, 0x6, 0xff, 0x4, 0xff, 0x30, 0x0,
    0x0, 0x0, 0x0, 0x0, 0x0, 0x0, 0x0, 0x0,
    0x0, 0xef, 0xff, 0xff, 0xff, 0xf3, 0xef, 0xec,
    0xcc, 0xcc, 0xc3, 0xef, 0x70, 0x0, 0x0, 0x0,
    0xef, 0x70, 0x0, 0x0, 0x0, 0xef, 0x70, 0x0,
    0x0, 0x0, 0xef, 0xff, 0xff, 0xff, 0xd0, 0xef,
    0xdc, 0xcc, 0xcc, 0x90, 0xef, 0x70, 0x0, 0x0,
    0x0, 0xef, 0x70, 0x0, 0x0, 0x0, 0xef, 0x70,
    0x0, 0x0, 0x0, 0xef, 0xec, 0xcc, 0xcc, 0xc5,
    0xef, 0xff, 0xff, 0xff, 0xf7,

    /* U+00CC "Ì" */
    0x7, 0xbb, 0x30, 0x0, 0xbf, 0xd0, 0x0, 0xa,
    0xf9, 0x0, 0x0, 0x0, 0x0, 0x0, 0x0, 0x0,
    0xe, 0xf7, 0x0, 0xe, 0xf7, 0x0, 0xe, 0xf7,
    0x0, 0xe, 0xf7, 0x0, 0xe, 0xf7, 0x0, 0xe,
    0xf7, 0x0, 0xe, 0xf7, 0x0, 0xe, 0xf7, 0x0,
    0xe, 0xf7, 0x0, 0xe, 0xf7, 0x0, 0xe, 0xf7,
    0x0, 0xe, 0xf7,

    /* U+00CD "Í" */
    0x0, 0x8b, 0xb3, 0x4, 0xff, 0x50, 0x1e, 0xf4,
    0x0, 0x0, 0x0, 0x0, 0x0, 0x0, 0x0, 0xe,
    0xf7, 0x0, 0xe, 0xf7, 0x0, 0xe, 0xf7, 0x0,
    0xe, 0xf7, 0x0, 0xe, 0xf7, 0x0, 0xe, 0xf7,
    0x0, 0xe, 0xf7, 0x0, 0xe, 0xf7, 0x0, 0xe,
    0xf7, 0x0, 0xe, 0xf7, 0x0, 0xe, 0xf7, 0x0,
    0xe, 0xf7, 0x0,

    /* U+00CE "Î" */
    0x0, 0x17, 0x85, 0x0, 0x0, 0xbf, 0xff, 0x40,
    0x7, 0xfb, 0x3e, 0xe1, 0x7, 0x70, 0x3, 0x85,
    0x0, 0x0, 0x0, 0x0, 0x0, 0xe, 0xf7, 0x0,
    0x0, 0xe, 0xf7, 0x0, 0x0, 0xe, 0xf7, 0x0,
    0x0, 0xe, 0xf7, 0x0, 0x0, 0xe, 0xf7, 0x0,
    0x0, 0xe, 0xf7, 0x0, 0x0, 0xe, 0xf7, 0x0,
    0x0, 0xe, 0xf7, 0x0, 0x0, 0xe, 0xf7, 0x0,
    0x0, 0xe, 0xf7, 0x0, 0x0, 0xe, 0xf7, 0x0,
    0x0, 0xe, 0xf7, 0x0,

    /* U+00CF "Ï" */
    0x6, 0x62, 0x6, 0x63, 0xf, 0xf7, 0xe, 0xf9,
    0xf, 0xf7, 0xe, 0xf9, 0x0, 0x0, 0x0, 0x0,
    0x0, 0x0, 0x0, 0x0, 0x0, 0xe, 0xf7, 0x0,
    0x0, 0xe, 0xf7, 0x0, 0x0, 0xe, 0xf7, 0x0,
    0x0, 0xe, 0xf7, 0x0, 0x0, 0xe, 0xf7, 0x0,
    0x0, 0xe, 0xf7, 0x0, 0x0, 0xe, 0xf7, 0x0,
    0x0, 0xe, 0xf7, 0x0, 0x0, 0xe, 0xf7, 0x0,
    0x0, 0xe, 0xf7, 0x0, 0x0, 0xe, 0xf7, 0x0,
    0x0, 0xe, 0xf7, 0x0,

    /* U+00D0 "Ð" */
    0xa, 0xff, 0xff, 0xfe, 0xb6, 0x0, 0x0, 0xa,
    0xff, 0xdd, 0xdf, 0xff, 0xd2, 0x0, 0xa, 0xfb,
    0x0, 0x0, 0x4d, 0xfe, 0x10, 0xa, 0xfb, 0x0,
    0x0, 0x1, 0xef, 0xa0, 0xa, 0xfb, 0x0, 0x0,
    0x0, 0x7f, 0xf0, 0xef, 0xff, 0xff, 0xf0, 0x0,
    0x4f, 0xf2, 0xbf, 0xff, 0xcc, 0xc0, 0x0, 0x4f,
    0xf1, 0xa, 0xfb, 0x0, 0x0, 0x0, 0x7f, 0xf0,
    0xa, 0xfb, 0x0, 0x0, 0x1, 0xef, 0x90, 0xa,
    0xfb, 0x0, 0x0, 0x4d, 0xfe, 0x10, 0xa, 0xff,
    0xcc, 0xdf, 0xff, 0xd2, 0x0, 0xa, 0xff, 0xff,
    0xfe, 0xb6, 0x0, 0x0,

    /* U+00D1 "Ñ" */
    0x0, 0x0, 0x10, 0x0, 0x20, 0x0, 0x7, 0xff,
    0xe9, 0xbf, 0x10, 0x1, 0xfa, 0x6b, 0xfe, 0x60,
    0x0, 0x0, 0x0, 0x0, 0x0, 0x0, 0x0, 0x0,
    0x0, 0x0, 0x0, 0xe, 0xff, 0x50, 0x0, 0x5,
    0xff, 0xef, 0xfe, 0x0, 0x0, 0x5f, 0xfe, 0xff,
    0xf8, 0x0, 0x5, 0xff, 0xef, 0x8f, 0xf2, 0x0,
    0x5f, 0xfe, 0xf6, 0x8f, 0xb0, 0x5, 0xff, 0xef,
    0x60, 0xdf, 0x50, 0x5f, 0xfe, 0xf6, 0x4, 0xfe,
    0x5, 0xff, 0xef, 0x60, 0xb, 0xf9, 0x5f, 0xfe,
    0xf6, 0x0, 0x2f, 0xf8, 0xff, 0xef, 0x60, 0x0,
    0x7f, 0xff, 0xfe, 0xf6, 0x0, 0x0, 0xdf, 0xff,
    0xef, 0x60, 0x0, 0x4, 0xff, 0xf0,

    /* U+00D2 "Ò" */
    0x0, 0x0, 0x9b, 0xb1, 0x0, 0x0, 0x0, 0x0,
    0x0, 0x1d, 0xfb, 0x0, 0x0, 0x0, 0x0, 0x0,
    0x1, 0xcf, 0x60, 0x0, 0x0, 0x0, 0x0, 0x0,
    0x0, 0x0, 0x0, 0x0, 0x0, 0x0, 0x0, 0x0,
    0x0, 0x0, 0x0, 0x0, 0x1, 0x8d, 0xff, 0xea,
    0x30, 0x0, 0x0, 0x5f, 0xff, 0xed, 0xff, 0xf9,
    0x0, 0x4, 0xff, 0xb2, 0x0, 0x18, 0xff, 0x80,
    0xd, 0xfb, 0x0, 0x0, 0x0, 0x7f, 0xf2, 0x2f,
    0xf4, 0x0, 0x0, 0x0, 0xf, 0xf7, 0x4f, 0xf1,
    0x0, 0x0, 0x0, 0xc, 0xf9, 0x4f, 0xf1, 0x0,
    0x0, 0x0, 0xc, 0xf9, 0x2f, 0xf4, 0x0, 0x0,
    0x0, 0xf, 0xf6, 0xc, 0xfc, 0x0, 0x0, 0x0,
    0x8f, 0xf1, 0x3, 0xff, 0xb2, 0x0, 0x18, 0xff,
    0x80, 0x0, 0x5f, 0xff, 0xed, 0xff, 0xf8, 0x0,
    0x0, 0x1, 0x8d, 0xff, 0xea, 0x30, 0x0,

    /* U+00D3 "Ó" */
    0x0, 0x0, 0x0, 0x9, 0xbb, 0x10, 0x0, 0x0,
    0x0, 0x0, 0x7f, 0xf4, 0x0, 0x0, 0x0, 0x0,
    0x2, 0xfe, 0x30, 0x0, 0x0, 0x0, 0x0, 0x0,
    0x0, 0x0, 0x0, 0x0, 0x0, 0x0, 0x0, 0x0,
    0x0, 0x0, 0x0, 0x0, 0x1, 0x8d, 0xff, 0xea,
    0x30, 0x0, 0x0, 0x5f, 0xff, 0xed, 0xff, 0xf9,
    0x0, 0x4, 0xff, 0xb2, 0x0, 0x18, 0xff, 0x80,
    0xd, 0xfb, 0x0, 0x0, 0x0, 0x7f, 0xf2, 0x2f,
    0xf4, 0x0, 0x0, 0x0, 0xf, 0xf7, 0x4f, 0xf1,
    0x0, 0x0, 0x0, 0xc, 0xf9, 0x4f, 0xf1, 0x0,
    0x0, 0x0, 0xc, 0xf9, 0x2f, 0xf4, 0x0, 0x0,
    0x0, 0xf, 0xf6, 0xc, 0xfc, 0x0, 0x0, 0x0,
    0x8f, 0xf1, 0x3, 0xff, 0xb2, 0x0, 0x18, 0xff,
    0x80, 0x0, 0x5f, 0xff, 0xed, 0xff, 0xf8, 0x0,
    0x0, 0x1, 0x8d, 0xff, 0xea, 0x30, 0x0,

    /* U+00D4 "Ô" */
    0x0, 0x0, 0x2, 0x88, 0x40, 0x0, 0x0, 0x0,
    0x0, 0x1e, 0xff, 0xf4, 0x0, 0x0, 0x0, 0x1,
    0xde, 0x41, 0xcf, 0x40, 0x0, 0x0, 0x0, 0x0,
    0x0, 0x0, 0x0, 0x0, 0x0, 0x0, 0x0, 0x0,
    0x0, 0x0, 0x0, 0x0, 0x1, 0x8d, 0xff, 0xea,
    0x30, 0x0, 0x0, 0x5f, 0xff, 0xed, 0xff, 0xf9,
    0x0, 0x4, 0xff, 0xb2, 0x0, 0x18, 0xff, 0x80,
    0xd, 0xfb, 0x0, 0x0, 0x0, 0x7f, 0xf2, 0x2f,
    0xf4, 0x0, 0x0, 0x0, 0xf, 0xf7, 0x4f, 0xf1,
    0x0, 0x0, 0x0, 0xc, 0xf9, 0x4f, 0xf1, 0x0,
    0x0, 0x0, 0xc, 0xf9, 0x2f, 0xf4, 0x0, 0x0,
    0x0, 0xf, 0xf6, 0xc, 0xfc, 0x0, 0x0, 0x0,
    0x8f, 0xf1, 0x3, 0xff, 0xb2, 0x0, 0x18, 0xff,
    0x80, 0x0, 0x5f, 0xff, 0xed, 0xff, 0xf8, 0x0,
    0x0, 0x1, 0x8d, 0xff, 0xea, 0x30, 0x0,

    /* U+00D5 "Õ" */
    0x0, 0x0, 0x1, 0x10, 0x1, 0x10, 0x0, 0x0,
    0x1, 0xcf, 0xfc, 0x8e, 0xb0, 0x0, 0x0, 0x7,
    0xf6, 0x8d, 0xfc, 0x20, 0x0, 0x0, 0x0, 0x0,
    0x0, 0x0, 0x0, 0x0, 0x0, 0x0, 0x0, 0x0,
    0x0, 0x0, 0x0, 0x0, 0x1, 0x8d, 0xff, 0xea,
    0x30, 0x0, 0x0, 0x5f, 0xff, 0xed, 0xff, 0xf9,
    0x0, 0x4, 0xff, 0xb2, 0x0, 0x18, 0xff, 0x80,
    0xd, 0xfb, 0x0, 0x0, 0x0, 0x7f, 0xf2, 0x2f,
    0xf4, 0x0, 0x0, 0x0, 0xf, 0xf7, 0x4f, 0xf1,
    0x0, 0x0, 0x0, 0xc, 0xf9, 0x4f, 0xf1, 0x0,
    0x0, 0x0, 0xc, 0xf9, 0x2f, 0xf4, 0x0, 0x0,
    0x0, 0xf, 0xf6, 0xc, 0xfc, 0x0, 0x0, 0x0,
    0x8f, 0xf1, 0x3, 0xff, 0xb2, 0x0, 0x18, 0xff,
    0x80, 0x0, 0x5f, 0xff, 0xed, 0xff, 0xf8, 0x0,
    0x0, 0x1, 0x8d, 0xff, 0xea, 0x30, 0x0,

    /* U+00D6 "Ö" */
    0x0, 0x1, 0x66, 0x20, 0x66, 0x20, 0x0, 0x0,
    0x2, 0xff, 0x40, 0xff, 0x70, 0x0, 0x0, 0x2,
    0xff, 0x40, 0xff, 0x70, 0x0, 0x0, 0x0, 0x0,
    0x0, 0x0, 0x0, 0x0, 0x0, 0x0, 0x0, 0x0,
    0x0, 0x0, 0x0, 0x0, 0x1, 0x8d, 0xff, 0xea,
    0x30, 0x0, 0x0, 0x5f, 0xff, 0xed, 0xff, 0xf9,
    0x0, 0x4, 0xff, 0xb2, 0x0, 0x18, 0xff, 0x80,
    0xd, 0xfb, 0x0, 0x0, 0x0, 0x7f, 0xf2, 0x2f,
    0xf4, 0x0, 0x0, 0x0, 0xf, 0xf7, 0x4f, 0xf1,
    0x0, 0x0, 0x0, 0xc, 0xf9, 0x4f, 0xf1, 0x0,
    0x0, 0x0, 0xc, 0xf9, 0x2f, 0xf4, 0x0, 0x0,
    0x0, 0xf, 0xf6, 0xc, 0xfc, 0x0, 0x0, 0x0,
    0x8f, 0xf1, 0x3, 0xff, 0xb2, 0x0, 0x18, 0xff,
    0x80, 0x0, 0x5f, 0xff, 0xed, 0xff, 0xf8, 0x0,
    0x0, 0x1, 0x8d, 0xff, 0xea, 0x30, 0x0,

    /* U+00D7 "×" */
    0x0, 0x0, 0x0, 0x0, 0x0, 0x8d, 0x10, 0x3,
    0xe5, 0x7, 0xfd, 0x24, 0xff, 0x50, 0x7, 0xfe,
    0xff, 0x40, 0x0, 0x9, 0xff, 0x60, 0x0, 0x5,
    0xff, 0xfe, 0x30, 0x5, 0xfe, 0x35, 0xff, 0x30,
    0xae, 0x20, 0x4, 0xf7, 0x0, 0x10, 0x0, 0x1,
    0x0,

    /* U+00D8 "Ø" */
    0x0, 0x1, 0x8d, 0xff, 0xea, 0x37, 0x90, 0x0,
    0x5f, 0xff, 0xed, 0xff, 0xff, 0xc0, 0x4, 0xff,
    0xb2, 0x0, 0x1b, 0xff, 0x80, 0xd, 0xfb, 0x0,
    0x0, 0x5f, 0xff, 0xf2, 0x2f, 0xf4, 0x0, 0x4,
    0xfe, 0x2f, 0xf7, 0x4f, 0xf1, 0x0, 0x4f, 0xe2,
    0xc, 0xf9, 0x4f, 0xf1, 0x3, 0xff, 0x30, 0xc,
    0xf9, 0x2f, 0xf4, 0x2e, 0xf3, 0x0, 0xf, 0xf6,
    0xc, 0xfd, 0xef, 0x40, 0x0, 0x8f, 0xf1, 0x3,
    0xff, 0xf7, 0x0, 0x18, 0xff, 0x80, 0x1, 0xef,
    0xff, 0xed, 0xff, 0xf8, 0x0, 0xd, 0xf7, 0x8d,
    0xff, 0xea, 0x30, 0x0, 0x4, 0x60, 0x0, 0x0,
    0x0, 0x0, 0x0,

    /* U+00D9 "Ù" */
    0x0, 0x7, 0xbb, 0x30, 0x0, 0x0, 0x0, 0x0,
    0xaf, 0xd0, 0x0, 0x0, 0x0, 0x0, 0x9, 0xf9,
    0x0, 0x0, 0x0, 0x0, 0x0, 0x0, 0x0, 0x0,
    0x0, 0x0, 0x0, 0x0, 0x0, 0x0, 0xf, 0xf5,
    0x0, 0x0, 0xa, 0xfb, 0xf, 0xf5, 0x0, 0x0,
    0xa, 0xfb, 0xf, 0xf5, 0x0, 0x0, 0xa, 0xfb,
    0xf, 0xf5, 0x0, 0x0, 0xa, 0xfb, 0xf, 0xf5,
    0x0, 0x0, 0xa, 0xfb, 0xf, 0xf5, 0x0, 0x0,
    0xa, 0xfb, 0xf, 0xf5, 0x0, 0x0, 0xa, 0xfb,
    0xf, 0xf5, 0x0, 0x0, 0xb, 0xfa, 0xc, 0xf9,
    0x0, 0x0, 0xe, 0xf7, 0x7, 0xff, 0x50, 0x0,
    0x9f, 0xf2, 0x0, 0xbf, 0xfe, 0xdf, 0xff, 0x60,
    0x0, 0x7, 0xcf, 0xfe, 0xb4, 0x0,

    /* U+00DA "Ú" */
    0x0, 0x0, 0x0, 0x7b, 0xb3, 0x0, 0x0, 0x0,
    0x4, 0xff, 0x60, 0x0, 0x0, 0x0, 0xe, 0xf5,
    0x0, 0x0, 0x0, 0x0, 0x0, 0x0, 0x0, 0x0,
    0x0, 0x0, 0x0, 0x0, 0x0, 0x0, 0xf, 0xf5,
    0x0, 0x0, 0xa, 0xfb, 0xf, 0xf5, 0x0, 0x0,
    0xa, 0xfb, 0xf, 0xf5, 0x0, 0x0, 0xa, 0xfb,
    0xf, 0xf5, 0x0, 0x0, 0xa, 0xfb, 0xf, 0xf5,
    0x0, 0x0, 0xa, 0xfb, 0xf, 0xf5, 0x0, 0x0,
    0xa, 0xfb, 0xf, 0xf5, 0x0, 0x0, 0xa, 0xfb,
    0xf, 0xf5, 0x0, 0x0, 0xb, 0xfa, 0xc, 0xf9,
    0x0, 0x0, 0xe, 0xf7, 0x7, 0xff, 0x50, 0x0,
    0x9f, 0xf2, 0x0, 0xbf, 0xfe, 0xdf, 0xff, 0x60,
    0x0, 0x7, 0xcf, 0xfe, 0xb4, 0x0,

    /* U+00DB "Û" */
    0x0, 0x0, 0x17, 0x86, 0x0, 0x0, 0x0, 0x0,
    0xcf, 0xef, 0x70, 0x0, 0x0, 0xb, 0xf6, 0xa,
    0xf6, 0x0, 0x0, 0x0, 0x0, 0x0, 0x0, 0x0,
    0x0, 0x0, 0x0, 0x0, 0x0, 0x0, 0xf, 0xf5,
    0x0, 0x0, 0xa, 0xfb, 0xf, 0xf5, 0x0, 0x0,
    0xa, 0xfb, 0xf, 0xf5, 0x0, 0x0, 0xa, 0xfb,
    0xf, 0xf5, 0x0, 0x0, 0xa, 0xfb, 0xf, 0xf5,
    0x0, 0x0, 0xa, 0xfb, 0xf, 0xf5, 0x0, 0x0,
    0xa, 0xfb, 0xf, 0xf5, 0x0, 0x0, 0xa, 0xfb,
    0xf, 0xf5, 0x0, 0x0, 0xb, 0xfa, 0xc, 0xf9,
    0x0, 0x0, 0xe, 0xf7, 0x7, 0xff, 0x50, 0x0,
    0x9f, 0xf2, 0x0, 0xbf, 0xfe, 0xdf, 0xff, 0x60,
    0x0, 0x7, 0xcf, 0xfe, 0xb4, 0x0,

    /* U+00DC "Ü" */
    0x0, 0x6, 0x63, 0x5, 0x64, 0x0, 0x0, 0xf,
    0xf7, 0xd, 0xfa, 0x0, 0x0, 0xf, 0xf7, 0xd,
    0xfa, 0x0, 0x0, 0x0, 0x0, 0x0, 0x0, 0x0,
    0x0, 0x0, 0x0, 0x0, 0x0, 0x0, 0xf, 0xf5,
    0x0, 0x0, 0xa, 0xfb, 0xf, 0xf5, 0x0, 0x0,
    0xa, 0xfb, 0xf, 0xf5, 0x0, 0x0, 0xa, 0xfb,
    0xf, 0xf5, 0x0, 0x0, 0xa, 0xfb, 0xf, 0xf5,
    0x0, 0x0, 0xa, 0xfb, 0xf, 0xf5, 0x0, 0x0,
    0xa, 0xfb, 0xf, 0xf5, 0x0, 0x0, 0xa, 0xfb,
    0xf, 0xf5, 0x0, 0x0, 0xb, 0xfa, 0xc, 0xf9,
    0x0, 0x0, 0xe, 0xf7, 0x7, 0xff, 0x50, 0x0,
    0x9f, 0xf2, 0x0, 0xbf, 0xfe, 0xdf, 0xff, 0x60,
    0x0, 0x7, 0xcf, 0xfe, 0xb4, 0x0,

    /* U+00DD "Ý" */
    0x0, 0x0, 0x0, 0x8b, 0xb3, 0x0, 0x0, 0x0,
    0x0, 0x4f, 0xf5, 0x0, 0x0, 0x0, 0x0, 0x1e,
    0xf4, 0x0, 0x0, 0x0, 0x0, 0x0, 0x0, 0x0,
    0x0, 0x0, 0x0, 0x0, 0x0, 0x0, 0x0, 0x0,
    0x6, 0xff, 0x60, 0x0, 0x0, 0x9f, 0xe1, 0xa,
    0xff, 0x10, 0x0, 0x3f, 0xf4, 0x0, 0x1e, 0xfb,
    0x0, 0xd, 0xf9, 0x0, 0x0, 0x4f, 0xf5, 0x8,
    0xfd, 0x0, 0x0, 0x0, 0x9f, 0xe4, 0xff, 0x30,
    0x0, 0x0, 0x0, 0xdf, 0xff, 0x70, 0x0, 0x0,
    0x0, 0x3, 0xff, 0xc0, 0x0, 0x0, 0x0, 0x0,
    0xe, 0xf7, 0x0, 0x0, 0x0, 0x0, 0x0, 0xef,
    0x70, 0x0, 0x0, 0x0, 0x0, 0xe, 0xf7, 0x0,
    0x0, 0x0, 0x0, 0x0, 0xef, 0x70, 0x0, 0x0,
    0x0, 0x0, 0xe, 0xf7, 0x0, 0x0, 0x0,

    /* U+00DE "Þ" */
    0xff, 0x60, 0x0, 0x0, 0x0, 0xf, 0xf6, 0x0,
    0x0, 0x0, 0x0, 0xff, 0xff, 0xff, 0xfc, 0x70,
    0xf, 0xfe, 0xcc, 0xcd, 0xff, 0xb0, 0xff, 0x60,
    0x0, 0x5, 0xff, 0x4f, 0xf6, 0x0, 0x0, 0xf,
    0xf6, 0xff, 0x60, 0x0, 0x5, 0xff, 0x4f, 0xfe,
    0xcc, 0xce, 0xff, 0xb0, 0xff, 0xff, 0xff, 0xfc,
    0x70, 0xf, 0xf6, 0x0, 0x0, 0x0, 0x0, 0xff,
    0x60, 0x0, 0x0, 0x0, 0xf, 0xf6, 0x0, 0x0,
    0x0, 0x0,

    /* U+00DF "ß" */
    0x1, 0x9e, 0xff, 0xc5, 0x0, 0x1e, 0xff, 0xcd,
    0xff, 0x80, 0x8f, 0xd1, 0x0, 0x7f, 0xf0, 0xcf,
    0x80, 0x0, 0x7f, 0xf0, 0xcf, 0x70, 0xcd, 0xff,
    0x90, 0xcf, 0x70, 0xff, 0xfb, 0x0, 0xcf, 0x70,
    0x1, 0x7f, 0xe1, 0xcf, 0x70, 0x0, 0xb, 0xf9,
    0xcf, 0x70, 0x0, 0x9, 0xfc, 0xcf, 0x70, 0x0,
    0x2e, 0xfa, 0xcf, 0x72, 0xcd, 0xff, 0xf2, 0xcf,
    0x72, 0xff, 0xea, 0x20,

    /* U+00E0 "à" */
    0x0, 0xaf, 0xf3, 0x0, 0x0, 0x0, 0x9, 0xfd,
    0x0, 0x0, 0x0, 0x0, 0x7b, 0x50, 0x0, 0x0,
    0x0, 0x0, 0x0, 0x0, 0x0, 0x6c, 0xff, 0xd7,
    0x0, 0x7, 0xff, 0xbb, 0xff, 0x80, 0xb, 0xc4,
    0x0, 0x7f, 0xd0, 0x0, 0x0, 0x35, 0xaf, 0xf0,
    0x2, 0xbf, 0xff, 0xff, 0xf0, 0xe, 0xf9, 0x30,
    0x5f, 0xf0, 0x4f, 0xf0, 0x0, 0x9f, 0xf0, 0x1f,
    0xfb, 0x8b, 0xef, 0xf0, 0x4, 0xdf, 0xea, 0x3f,
    0xf1,

    /* U+00E1 "á" */
    0x0, 0x0, 0x1e, 0xfd, 0x10, 0x0, 0x0, 0xaf,
    0xc1, 0x0, 0x0, 0x2, 0xba, 0x0, 0x0, 0x0,
    0x0, 0x0, 0x0, 0x0, 0x0, 0x6c, 0xff, 0xd7,
    0x0, 0x7, 0xff, 0xbb, 0xff, 0x80, 0xb, 0xc4,
    0x0, 0x7f, 0xd0, 0x0, 0x0, 0x35, 0xaf, 0xf0,
    0x2, 0xbf, 0xff, 0xff, 0xf0, 0xe, 0xf9, 0x30,
    0x5f, 0xf0, 0x4f, 0xf0, 0x0, 0x9f, 0xf0, 0x1f,
    0xfb, 0x8b, 0xef, 0xf0, 0x4, 0xdf, 0xea, 0x3f,
    0xf1,

    /* U+00E2 "â" */
    0x0, 0x7, 0xff, 0xb0, 0x0, 0x0, 0x4f, 0xff,
    0xf7, 0x0, 0x1, 0xee, 0x42, 0xcf, 0x40, 0x0,
    0x0, 0x0, 0x0, 0x0, 0x0, 0x6c, 0xff, 0xd7,
    0x0, 0x7, 0xff, 0xbb, 0xff, 0x80, 0xb, 0xc4,
    0x0, 0x7f, 0xd0, 0x0, 0x0, 0x35, 0xaf, 0xf0,
    0x2, 0xbf, 0xff, 0xff, 0xf0, 0xe, 0xf9, 0x30,
    0x5f, 0xf0, 0x4f, 0xf0, 0x0, 0x9f, 0xf0, 0x1f,
    0xfb, 0x8b, 0xef, 0xf0, 0x4, 0xdf, 0xea, 0x3f,
    0xf1,

    /* U+00E3 "ã" */
    0x0, 0x0, 0x1, 0x20, 0x0, 0x2, 0xcf, 0xff,
    0xff, 0x90, 0x2, 0x57, 0x75, 0x53, 0x0, 0x0,
    0x0, 0x0, 0x0, 0x0, 0x0, 0x6c, 0xff, 0xd7,
    0x0, 0x7, 0xff, 0xbb, 0xff, 0x80, 0xb, 0xc4,
    0x0, 0x7f, 0xd0, 0x0, 0x0, 0x35, 0xaf, 0xf0,
    0x2, 0xbf, 0xff, 0xff, 0xf0, 0xe, 0xf9, 0x30,
    0x5f, 0xf0, 0x4f, 0xf0, 0x0, 0x9f, 0xf0, 0x1f,
    0xfb, 0x8b, 0xef, 0xf0, 0x4, 0xdf, 0xea, 0x3f,
    0xf1,

    /* U+00E4 "ä" */
    0x3, 0xff, 0x40, 0xff, 0x60, 0x3, 0xff, 0x40,
    0xff, 0x60, 0x1, 0x66, 0x10, 0x66, 0x20, 0x0,
    0x0, 0x0, 0x0, 0x0, 0x0, 0x6c, 0xff, 0xd7,
    0x0, 0x7, 0xff, 0xbb, 0xff, 0x80, 0xb, 0xc4,
    0x0, 0x7f, 0xd0, 0x0, 0x0, 0x35, 0xaf, 0xf0,
    0x2, 0xbf, 0xff, 0xff, 0xf0, 0xe, 0xf9, 0x30,
    0x5f, 0xf0, 0x4f, 0xf0, 0x0, 0x9f, 0xf0, 0x1f,
    0xfb, 0x8b, 0xef, 0xf0, 0x4, 0xdf, 0xea, 0x3f,
    0xf1,

    /* U+00E5 "å" */
    0x0, 0x4, 0xde, 0x70, 0x0, 0x0, 0xc, 0x96,
    0xf0, 0x0, 0x0, 0x6, 0xff, 0xa0, 0x0, 0x0,
    0x0, 0x12, 0x0, 0x0, 0x0, 0x6c, 0xff, 0xd7,
    0x0, 0x7, 0xff, 0xbb, 0xff, 0x80, 0xb, 0xc4,
    0x0, 0x7f, 0xd0, 0x0, 0x0, 0x35, 0xaf, 0xf0,
    0x2, 0xbf, 0xff, 0xff, 0xf0, 0xe, 0xf9, 0x30,
    0x5f, 0xf0, 0x4f, 0xf0, 0x0, 0x9f, 0xf0, 0x1f,
    0xfb, 0x8b, 0xef, 0xf0, 0x4, 0xdf, 0xea, 0x3f,
    0xf1,

    /* U+00E6 "æ" */
    0x0, 0x7d, 0xff, 0xc5, 0x4c, 0xff, 0xc5, 0x0,
    0x9, 0xff, 0xbb, 0xff, 0xff, 0xba, 0xff, 0x70,
    0x9, 0x93, 0x0, 0x8f, 0xf4, 0x0, 0x2f, 0xf1,
    0x0, 0x3, 0x68, 0xcf, 0xf8, 0x88, 0x8e, 0xf4,
    0x4, 0xef, 0xfe, 0xef, 0xff, 0xff, 0xff, 0xf5,
    0x1f, 0xf7, 0x10, 0x7f, 0xd0, 0x0, 0x0, 0x0,
    0x4f, 0xf0, 0x0, 0xcf, 0xf5, 0x0, 0x3b, 0xa0,
    0x1f, 0xfd, 0xae, 0xf9, 0xff, 0xbb, 0xff, 0x60,
    0x4, 0xcf, 0xfb, 0x40, 0x4c, 0xff, 0xc5, 0x0,

    /* U+00E7 "ç" */
    0x0, 0x4b, 0xff, 0xd7, 0x0, 0x6, 0xff, 0xdc,
    0xff, 0xb0, 0x1f, 0xf8, 0x0, 0x2e, 0xf4, 0x6f,
    0xf0, 0x0, 0x2, 0x31, 0x8f, 0xd0, 0x0, 0x0,
    0x0, 0x6f, 0xf0, 0x0, 0x2, 0x31, 0x1f, 0xf8,
    0x0, 0x2e, 0xf4, 0x6, 0xff, 0xdc, 0xff, 0xb0,
    0x0, 0x4b, 0xff, 0xd7, 0x0, 0x0, 0x0, 0xbc,
    0x10, 0x0, 0x0, 0x0, 0xbf, 0xe0, 0x0, 0x0,
    0x3a, 0x48, 0xf2, 0x0, 0x0, 0xa, 0xff, 0x80,
    0x0,

    /* U+00E8 "è" */
    0x0, 0x7f, 0xf6, 0x0, 0x0, 0x0, 0x6, 0xff,
    0x20, 0x0, 0x0, 0x0, 0x5b, 0x80, 0x0, 0x0,
    0x0, 0x0, 0x0, 0x0, 0x0, 0x4b, 0xff, 0xd8,
    0x0, 0x6, 0xff, 0xca, 0xef, 0xd0, 0x1f, 0xf6,
    0x0, 0xd, 0xf7, 0x6f, 0xf8, 0x88, 0x8c, 0xfb,
    0x8f, 0xff, 0xff, 0xff, 0xfc, 0x6f, 0xe0, 0x0,
    0x0, 0x0, 0x1f, 0xf6, 0x0, 0x9, 0xb4, 0x6,
    0xff, 0xca, 0xdf, 0xc0, 0x0, 0x3b, 0xef, 0xe8,
    0x0,

    /* U+00E9 "é" */
    0x0, 0x0, 0xc, 0xfe, 0x30, 0x0, 0x0, 0x7f,
    0xe2, 0x0, 0x0, 0x1, 0xbb, 0x10, 0x0, 0x0,
    0x0, 0x0, 0x0, 0x0, 0x0, 0x4b, 0xff, 0xd8,
    0x0, 0x6, 0xff, 0xca, 0xef, 0xd0, 0x1f, 0xf6,
    0x0, 0xd, 0xf7, 0x6f, 0xf8, 0x88, 0x8c, 0xfb,
    0x8f, 0xff, 0xff, 0xff, 0xfc, 0x6f, 0xe0, 0x0,
    0x0, 0x0, 0x1f, 0xf6, 0x0, 0x9, 0xb4, 0x6,
    0xff, 0xca, 0xdf, 0xc0, 0x0, 0x3b, 0xef, 0xe8,
    0x0,

    /* U+00EA "ê" */
    0x0, 0x4, 0xff, 0xd0, 0x0, 0x0, 0x1e, 0xfe,
    0xfa, 0x0, 0x0, 0xcf, 0x60, 0xaf, 0x70, 0x0,
    0x0, 0x0, 0x0, 0x0, 0x0, 0x4b, 0xff, 0xd8,
    0x0, 0x6, 0xff, 0xca, 0xef, 0xd0, 0x1f, 0xf6,
    0x0, 0xd, 0xf7, 0x6f, 0xf8, 0x88, 0x8c, 0xfb,
    0x8f, 0xff, 0xff, 0xff, 0xfc, 0x6f, 0xe0, 0x0,
    0x0, 0x0, 0x1f, 0xf6, 0x0, 0x9, 0xb4, 0x6,
    0xff, 0xca, 0xdf, 0xc0, 0x0, 0x3b, 0xef, 0xe8,
    0x0,

    /* U+00EB "ë" */
    0x0, 0xff, 0x70, 0xdf, 0xa0, 0x0, 0xff, 0x70,
    0xdf, 0xa0, 0x0, 0x66, 0x30, 0x56, 0x40, 0x0,
    0x0, 0x0, 0x0, 0x0, 0x0, 0x4b, 0xff, 0xd8,
    0x0, 0x6, 0xff, 0xca, 0xef, 0xd0, 0x1f, 0xf6,
    0x0, 0xd, 0xf7, 0x6f, 0xf8, 0x88, 0x8c, 0xfb,
    0x8f, 0xff, 0xff, 0xff, 0xfc, 0x6f, 0xe0, 0x0,
    0x0, 0x0, 0x1f, 0xf6, 0x0, 0x9, 0xb4, 0x6,
    0xff, 0xca, 0xdf, 0xc0, 0x0, 0x3b, 0xef, 0xe8,
    0x0,

    /* U+00EC "ì" */
    0x7, 0xff, 0x60, 0x0, 0x6f, 0xf2, 0x0, 0x5,
    0xb8, 0x0, 0x0, 0x0, 0x0, 0xc, 0xf7, 0x0,
    0xc, 0xf7, 0x0, 0xc, 0xf7, 0x0, 0xc, 0xf7,
    0x0, 0xc, 0xf7, 0x0, 0xc, 0xf7, 0x0, 0xc,
    0xf7, 0x0, 0xc, 0xf7, 0x0, 0xc, 0xf7,

    /* U+00ED "í" */
    0x0, 0xbf, 0xe3, 0x7, 0xfe, 0x20, 0xb, 0xb2,
    0x0, 0x0, 0x0, 0x0, 0xc, 0xf7, 0x0, 0xc,
    0xf7, 0x0, 0xc, 0xf7, 0x0, 0xc, 0xf7, 0x0,
    0xc, 0xf7, 0x0, 0xc, 0xf7, 0x0, 0xc, 0xf7,
    0x0, 0xc, 0xf7, 0x0, 0xc, 0xf7, 0x0,

    /* U+00EE "î" */
    0x0, 0x4f, 0xfd, 0x10, 0x2, 0xef, 0xef, 0xb0,
    0xc, 0xe5, 0x9, 0xe7, 0x0, 0x0, 0x0, 0x0,
    0x0, 0xc, 0xf7, 0x0, 0x0, 0xc, 0xf7, 0x0,
    0x0, 0xc, 0xf7, 0x0, 0x0, 0xc, 0xf7, 0x0,
    0x0, 0xc, 0xf7, 0x0, 0x0, 0xc, 0xf7, 0x0,
    0x0, 0xc, 0xf7, 0x0, 0x0, 0xc, 0xf7, 0x0,
    0x0, 0xc, 0xf7, 0x0,

    /* U+00EF "ï" */
    0xff, 0x80, 0xdf, 0xaf, 0xf8, 0xd, 0xfa, 0x66,
    0x30, 0x56, 0x40, 0x0, 0x0, 0x0, 0x0, 0xcf,
    0x70, 0x0, 0xc, 0xf7, 0x0, 0x0, 0xcf, 0x70,
    0x0, 0xc, 0xf7, 0x0, 0x0, 0xcf, 0x70, 0x0,
    0xc, 0xf7, 0x0, 0x0, 0xcf, 0x70, 0x0, 0xc,
    0xf7, 0x0, 0x0, 0xcf, 0x70, 0x0,

    /* U+00F0 "ð" */
    0x0, 0x0, 0x0, 0x2, 0x10, 0x0, 0xc, 0xfd,
    0x9a, 0xf9, 0x0, 0x0, 0x8b, 0xff, 0xff, 0x20,
    0x0, 0x0, 0xce, 0x69, 0xfe, 0x20, 0x0, 0x3c,
    0xff, 0xcd, 0xfb, 0x0, 0x5f, 0xfe, 0xcf, 0xff,
    0xf1, 0xe, 0xfb, 0x0, 0xb, 0xff, 0x54, 0xff,
    0x20, 0x0, 0x3f, 0xf6, 0x6f, 0xf0, 0x0, 0x1,
    0xff, 0x54, 0xff, 0x20, 0x0, 0x4f, 0xf2, 0xf,
    0xfb, 0x0, 0x1c, 0xfc, 0x0, 0x5f, 0xfe, 0xcf,
    0xff, 0x30, 0x0, 0x3b, 0xef, 0xea, 0x20, 0x0,

    /* U+00F1 "ñ" */
    0x0, 0x0, 0x1, 0x20, 0x0, 0x4d, 0xff, 0xff,
    0xf6, 0x3, 0x57, 0x65, 0x52, 0x0, 0x0, 0x0,
    0x0, 0x0, 0xcf, 0x65, 0xcf, 0xe9, 0xc, 0xfc,
    0xfa, 0xbf, 0xf9, 0xcf, 0xe2, 0x0, 0x8f, 0xec,
    0xf8, 0x0, 0x5, 0xff, 0xcf, 0x70, 0x0, 0x5f,
    0xfc, 0xf7, 0x0, 0x5, 0xff, 0xcf, 0x70, 0x0,
    0x5f, 0xfc, 0xf7, 0x0, 0x5, 0xff, 0xcf, 0x70,
    0x0, 0x5f, 0xf0,

    /* U+00F2 "ò" */
    0x0, 0x7f, 0xf7, 0x0, 0x0, 0x0, 0x0, 0x6f,
    0xf2, 0x0, 0x0, 0x0, 0x0, 0x4b, 0x80, 0x0,
    0x0, 0x0, 0x0, 0x0, 0x0, 0x0, 0x0, 0x3b,
    0xef, 0xe9, 0x20, 0x0, 0x6f, 0xfe, 0xcf, 0xff,
    0x30, 0x1f, 0xf9, 0x0, 0x1c, 0xfd, 0x6, 0xff,
    0x0, 0x0, 0x3f, 0xf2, 0x8f, 0xd0, 0x0, 0x1,
    0xff, 0x46, 0xff, 0x0, 0x0, 0x4f, 0xf2, 0x1f,
    0xf9, 0x0, 0x1c, 0xfc, 0x0, 0x6f, 0xfe, 0xcf,
    0xfe, 0x20, 0x0, 0x3b, 0xef, 0xe9, 0x10, 0x0,

    /* U+00F3 "ó" */
    0x0, 0x0, 0xb, 0xff, 0x40, 0x0, 0x0, 0x6,
    0xfe, 0x30, 0x0, 0x0, 0x0, 0xab, 0x20, 0x0,
    0x0, 0x0, 0x0, 0x0, 0x0, 0x0, 0x0, 0x3b,
    0xef, 0xe9, 0x20, 0x0, 0x6f, 0xfe, 0xcf, 0xff,
    0x30, 0x1f, 0xf9, 0x0, 0x1c, 0xfd, 0x6, 0xff,
    0x0, 0x0, 0x3f, 0xf2, 0x8f, 0xd0, 0x0, 0x1,
    0xff, 0x46, 0xff, 0x0, 0x0, 0x4f, 0xf2, 0x1f,
    0xf9, 0x0, 0x1c, 0xfc, 0x0, 0x6f, 0xfe, 0xcf,
    0xfe, 0x20, 0x0, 0x3b, 0xef, 0xe9, 0x10, 0x0,

    /* U+00F4 "ô" */
    0x0, 0x3, 0xff, 0xe1, 0x0, 0x0, 0x1, 0xef,
    0xef, 0xb0, 0x0, 0x0, 0xcf, 0x70, 0xaf, 0x80,
    0x0, 0x0, 0x0, 0x0, 0x0, 0x0, 0x0, 0x3b,
    0xef, 0xe9, 0x20, 0x0, 0x6f, 0xfe, 0xcf, 0xff,
    0x30, 0x1f, 0xf9, 0x0, 0x1c, 0xfd, 0x6, 0xff,
    0x0, 0x0, 0x3f, 0xf2, 0x8f, 0xd0, 0x0, 0x1,
    0xff, 0x46, 0xff, 0x0, 0x0, 0x4f, 0xf2, 0x1f,
    0xf9, 0x0, 0x1c, 0xfc, 0x0, 0x6f, 0xfe, 0xcf,
    0xfe, 0x20, 0x0, 0x3b, 0xef, 0xe9, 0x10, 0x0,

    /* U+00F5 "õ" */
    0x0, 0x0, 0x1, 0x21, 0x0, 0x0, 0xa, 0xff,
    0xff, 0xfd, 0x0, 0x1, 0x57, 0x76, 0x53, 0x0,
    0x0, 0x0, 0x0, 0x0, 0x0, 0x0, 0x0, 0x3b,
    0xef, 0xe9, 0x20, 0x0, 0x6f, 0xfe, 0xcf, 0xff,
    0x30, 0x1f, 0xf9, 0x0, 0x1c, 0xfd, 0x6, 0xff,
    0x0, 0x0, 0x3f, 0xf2, 0x8f, 0xd0, 0x0, 0x1,
    0xff, 0x46, 0xff, 0x0, 0x0, 0x4f, 0xf2, 0x1f,
    0xf9, 0x0, 0x1c, 0xfc, 0x0, 0x6f, 0xfe, 0xcf,
    0xfe, 0x20, 0x0, 0x3b, 0xef, 0xe9, 0x10, 0x0,

    /* U+00F6 "ö" */
    0x0, 0xff, 0x80, 0xcf, 0xa0, 0x0, 0xf, 0xf8,
    0xc, 0xfa, 0x0, 0x0, 0x66, 0x30, 0x56, 0x40,
    0x0, 0x0, 0x0, 0x0, 0x0, 0x0, 0x0, 0x3b,
    0xef, 0xe9, 0x20, 0x0, 0x6f, 0xfe, 0xcf, 0xff,
    0x30, 0x1f, 0xf9, 0x0, 0x1c, 0xfd, 0x6, 0xff,
    0x0, 0x0, 0x3f, 0xf2, 0x8f, 0xd0, 0x0, 0x1,
    0xff, 0x46, 0xff, 0x0, 0x0, 0x4f, 0xf2, 0x1f,
    0xf9, 0x0, 0x1c, 0xfc, 0x0, 0x6f, 0xfe, 0xcf,
    0xfe, 0x20, 0x0, 0x3b, 0xef, 0xe9, 0x10, 0x0,

    /* U+00F7 "÷" */
    0x0, 0x0, 0x43, 0x0, 0x0, 0x0, 0x4f, 0xf1,
    0x0, 0x0, 0x2, 0xec, 0x0, 0x0, 0x0, 0x0,
    0x0, 0x0, 0xf, 0xff, 0xff, 0xff, 0xd0, 0xaa,
    0xaa, 0xaa, 0xa8, 0x0, 0x0, 0x43, 0x0, 0x0,
    0x0, 0x4f, 0xf1, 0x0, 0x0, 0x2, 0xec, 0x0,
    0x0,

    /* U+00F8 "ø" */
    0x0, 0x0, 0x0, 0x0, 0x0, 0x0, 0x3, 0xbe,
    0xfe, 0x98, 0xb0, 0x6, 0xff, 0xdb, 0xef, 0xfb,
    0x1, 0xff, 0x80, 0x9, 0xff, 0xd0, 0x6f, 0xe0,
    0xa, 0xfa, 0xff, 0x28, 0xfd, 0xa, 0xf7, 0xf,
    0xf4, 0x6f, 0xfb, 0xf6, 0x3, 0xff, 0x21, 0xff,
    0xf5, 0x0, 0xbf, 0xc0, 0x1d, 0xff, 0xdb, 0xef,
    0xe2, 0x1, 0xd6, 0xbe, 0xfe, 0x91, 0x0, 0x0,
    0x0, 0x0, 0x0, 0x0, 0x0,

    /* U+00F9 "ù" */
    0x6, 0xff, 0x80, 0x0, 0x0, 0x5, 0xff, 0x30,
    0x0, 0x0, 0x4, 0xb9, 0x0, 0x0, 0x0, 0x0,
    0x0, 0x0, 0xef, 0x50, 0x0, 0xaf, 0xae, 0xf5,
    0x0, 0xa, 0xfa, 0xef, 0x50, 0x0, 0xaf, 0xae,
    0xf5, 0x0, 0xa, 0xfa, 0xef, 0x50, 0x0, 0xaf,
    0xae, 0xf5, 0x0, 0xc, 0xfa, 0xdf, 0x90, 0x5,
    0xff, 0xa8, 0xff, 0xdd, 0xfc, 0xfa, 0x9, 0xef,
    0xc4, 0x8f, 0xa0,

    /* U+00FA "ú" */
    0x0, 0x0, 0xaf, 0xf4, 0x0, 0x0, 0x5f, 0xf3,
    0x0, 0x0, 0xa, 0xb2, 0x0, 0x0, 0x0, 0x0,
    0x0, 0x0, 0xef, 0x50, 0x0, 0xaf, 0xae, 0xf5,
    0x0, 0xa, 0xfa, 0xef, 0x50, 0x0, 0xaf, 0xae,
    0xf5, 0x0, 0xa, 0xfa, 0xef, 0x50, 0x0, 0xaf,
    0xae, 0xf5, 0x0, 0xc, 0xfa, 0xdf, 0x90, 0x5,
    0xff, 0xa8, 0xff, 0xdd, 0xfc, 0xfa, 0x9, 0xef,
    0xc4, 0x8f, 0xa0,

    /* U+00FB "û" */
    0x0, 0x3f, 0xfe, 0x10, 0x0, 0x1e, 0xfe, 0xfd,
    0x0, 0xa, 0xe6, 0x8, 0xe9, 0x0, 0x0, 0x0,
    0x0, 0x0, 0xef, 0x50, 0x0, 0xaf, 0xae, 0xf5,
    0x0, 0xa, 0xfa, 0xef, 0x50, 0x0, 0xaf, 0xae,
    0xf5, 0x0, 0xa, 0xfa, 0xef, 0x50, 0x0, 0xaf,
    0xae, 0xf5, 0x0, 0xc, 0xfa, 0xdf, 0x90, 0x5,
    0xff, 0xa8, 0xff, 0xdd, 0xfc, 0xfa, 0x9, 0xef,
    0xc4, 0x8f, 0xa0,

    /* U+00FC "ü" */
    0xd, 0xf9, 0xb, 0xfc, 0x0, 0xdf, 0x90, 0xbf,
    0xc0, 0x5, 0x64, 0x4, 0x65, 0x0, 0x0, 0x0,
    0x0, 0x0, 0xef, 0x50, 0x0, 0xaf, 0xae, 0xf5,
    0x0, 0xa, 0xfa, 0xef, 0x50, 0x0, 0xaf, 0xae,
    0xf5, 0x0, 0xa, 0xfa, 0xef, 0x50, 0x0, 0xaf,
    0xae, 0xf5, 0x0, 0xc, 0xfa, 0xdf, 0x90, 0x5,
    0xff, 0xa8, 0xff, 0xdd, 0xfc, 0xfa, 0x9, 0xef,
    0xc4, 0x8f, 0xa0,

    /* U+00FD "ý" */
    0x0, 0x0, 0x4f, 0xfa, 0x0, 0x0, 0x0, 0xef,
    0x90, 0x0, 0x0, 0x6, 0xb7, 0x0, 0x0, 0x0,
    0x0, 0x0, 0x0, 0x0, 0xbf, 0xc0, 0x0, 0x1f,
    0xf5, 0x4f, 0xf2, 0x0, 0x6f, 0xe0, 0xe, 0xf8,
    0x0, 0xcf, 0x80, 0x7, 0xfd, 0x2, 0xff, 0x10,
    0x1, 0xff, 0x38, 0xfa, 0x0, 0x0, 0xaf, 0x9e,
    0xf4, 0x0, 0x0, 0x4f, 0xff, 0xd0, 0x0, 0x0,
    0xd, 0xff, 0x60, 0x0, 0x0, 0x8, 0xff, 0x0,
    0x0, 0x0, 0xa, 0xf9, 0x0, 0x0, 0x0, 0x2f,
    0xf2, 0x0, 0x0, 0x0, 0x8f, 0xb0, 0x0, 0x0,
    0x0, 0xff, 0x40, 0x0, 0x0,

    /* U+00FE "þ" */
    0xcf, 0x70, 0x0, 0x0, 0x0, 0xcf, 0x70, 0x0,
    0x0, 0x0, 0xcf, 0x70, 0x0, 0x0, 0x0, 0xcf,
    0x77, 0xdf, 0xe8, 0x0, 0xcf, 0xef, 0xde, 0xff,
    0xb0, 0xcf, 0xf3, 0x0, 0x7f, 0xf4, 0xcf, 0x90,
    0x0, 0xd, 0xf8, 0xcf, 0x70, 0x0, 0xc, 0xfa,
    0xcf, 0x90, 0x0, 0xe, 0xf8, 0xcf, 0xf3, 0x0,
    0x7f, 0xf4, 0xcf, 0xef, 0xde, 0xff, 0xa0, 0xcf,
    0x78, 0xef, 0xe8, 0x0, 0xcf, 0x70, 0x0, 0x0,
    0x0, 0xcf, 0x70, 0x0, 0x0, 0x0, 0xcf, 0x70,
    0x0, 0x0, 0x0, 0xcf, 0x70, 0x0, 0x0, 0x0,

    /* U+00FF "ÿ" */
    0x7, 0xff, 0x5, 0xff, 0x20, 0x7, 0xff, 0x5,
    0xff, 0x20, 0x3, 0x66, 0x2, 0x66, 0x0, 0x0,
    0x0, 0x0, 0x0, 0x0, 0xbf, 0xc0, 0x0, 0x1f,
    0xf5, 0x4f, 0xf2, 0x0, 0x6f, 0xe0, 0xe, 0xf8,
    0x0, 0xcf, 0x80, 0x7, 0xfd, 0x2, 0xff, 0x10,
    0x1, 0xff, 0x38, 0xfa, 0x0, 0x0, 0xaf, 0x9e,
    0xf4, 0x0, 0x0, 0x4f, 0xff, 0xd0, 0x0, 0x0,
    0xd, 0xff, 0x60, 0x0, 0x0, 0x8, 0xff, 0x0,
    0x0, 0x0, 0xa, 0xf9, 0x0, 0x0, 0x0, 0x2f,
    0xf2, 0x0, 0x0, 0x0, 0x8f, 0xb0, 0x0, 0x0,
    0x0, 0xff, 0x40, 0x0, 0x0,

    /* U+0100 "Ā" */
    0x0, 0xa, 0xff, 0xff, 0xfd, 0x0, 0x0, 0x0,
    0x69, 0x99, 0x99, 0x70, 0x0, 0x0, 0x0, 0x0,
    0x0, 0x0, 0x0, 0x0, 0x0, 0x0, 0x0, 0x0,
    0x0, 0x0, 0x0, 0x0, 0xe, 0xff, 0x20, 0x0,
    0x0, 0x0, 0x5, 0xff, 0xf8, 0x0, 0x0, 0x0,
    0x0, 0xbf, 0x9f, 0xe0, 0x0, 0x0, 0x0, 0x1f,
    0xf0, 0xef, 0x50, 0x0, 0x0, 0x8, 0xf9, 0x8,
    0xfb, 0x0, 0x0, 0x0, 0xef, 0x30, 0x2f, 0xf1,
    0x0, 0x0, 0x4f, 0xd0, 0x0, 0xcf, 0x80, 0x0,
    0xb, 0xfe, 0xcc, 0xce, 0xfe, 0x0, 0x1, 0xff,
    0xff, 0xff, 0xff, 0xf4, 0x0, 0x8f, 0xc0, 0x0,
    0x0, 0xaf, 0xb0, 0xe, 0xf6, 0x0, 0x0, 0x4,
    0xff, 0x14, 0xff, 0x0, 0x0, 0x0, 0xe, 0xf7,

    /* U+0101 "ā" */
    0x1, 0xff, 0xff, 0xff, 0x60, 0x1, 0x99, 0x99,
    0x99, 0x30, 0x0, 0x0, 0x0, 0x0, 0x0, 0x0,
    0x6c, 0xff, 0xd7, 0x0, 0x7, 0xff, 0xbb, 0xff,
    0x80, 0xb, 0xc4, 0x0, 0x7f, 0xd0, 0x0, 0x0,
    0x35, 0xaf, 0xf0, 0x2, 0xbf, 0xff, 0xff, 0xf0,
    0xe, 0xf9, 0x30, 0x5f, 0xf0, 0x4f, 0xf0, 0x0,
    0x9f, 0xf0, 0x1f, 0xfb, 0x8b, 0xef, 0xf0, 0x4,
    0xdf, 0xea, 0x3f, 0xf1,

    /* U+0102 "Ă" */
    0x0, 0x3, 0x81, 0x0, 0x75, 0x0, 0x0, 0x0,
    0x4f, 0x80, 0x5f, 0x80, 0x0, 0x0, 0x0, 0xcf,
    0xff, 0xe1, 0x0, 0x0, 0x0, 0x0, 0x69, 0x71,
    0x0, 0x0, 0x0, 0x0, 0x0, 0x0, 0x0, 0x0,
    0x0, 0x0, 0x0, 0xef, 0xf2, 0x0, 0x0, 0x0,
    0x0, 0x5f, 0xff, 0x80, 0x0, 0x0, 0x0, 0xb,
    0xf9, 0xfe, 0x0, 0x0, 0x0, 0x1, 0xff, 0xe,
    0xf5, 0x0, 0x0, 0x0, 0x8f, 0x90, 0x8f, 0xb0,
    0x0, 0x0, 0xe, 0xf3, 0x2, 0xff, 0x10, 0x0,
    0x4, 0xfd, 0x0, 0xc, 0xf8, 0x0, 0x0, 0xbf,
    0xec, 0xcc, 0xef, 0xe0, 0x0, 0x1f, 0xff, 0xff,
    0xff, 0xff, 0x40, 0x8, 0xfc, 0x0, 0x0, 0xa,
    0xfb, 0x0, 0xef, 0x60, 0x0, 0x0, 0x4f, 0xf1,
    0x4f, 0xf0, 0x0, 0x0, 0x0, 0xef, 0x70,

    /* U+0103 "ă" */
    0x0, 0xeb, 0x0, 0x7f, 0x20, 0x0, 0x9f, 0xba,
    0xfc, 0x0, 0x0, 0x9, 0xef, 0xb1, 0x0, 0x0,
    0x0, 0x0, 0x0, 0x0, 0x0, 0x6c, 0xff, 0xd7,
    0x0, 0x9, 0xff, 0xab, 0xff, 0x80, 0x8, 0x92,
    0x0, 0x7f, 0xd0, 0x0, 0x2, 0x57, 0xcf, 0xf0,
    0x3, 0xdf, 0xff, 0xef, 0xf0, 0x1f, 0xf8, 0x10,
    0x5f, 0xf0, 0x4f, 0xf0, 0x0, 0x9f, 0xf0, 0x1f,
    0xfb, 0x8b, 0xef, 0xf0, 0x4, 0xdf, 0xea, 0x3f,
    0xf1,

    /* U+0104 "Ą" */
    0x0, 0x0, 0xe, 0xff, 0x20, 0x0, 0x0, 0x0,
    0x5, 0xff, 0xf8, 0x0, 0x0, 0x0, 0x0, 0xbf,
    0x9f, 0xe0, 0x0, 0x0, 0x0, 0x1f, 0xf0, 0xef,
    0x50, 0x0, 0x0, 0x8, 0xf9, 0x8, 0xfb, 0x0,
    0x0, 0x0, 0xef, 0x30, 0x2f, 0xf1, 0x0, 0x0,
    0x4f, 0xd0, 0x0, 0xcf, 0x80, 0x0, 0xb, 0xfe,
    0xcc, 0xce, 0xfe, 0x0, 0x1, 0xff, 0xff, 0xff,
    0xff, 0xf4, 0x0, 0x8f, 0xc0, 0x0, 0x0, 0xaf,
    0xb0, 0xe, 0xf6, 0x0, 0x0, 0x4, 0xff, 0x14,
    0xff, 0x0, 0x0, 0x0, 0xe, 0xf7, 0x0, 0x0,
    0x0, 0x0, 0x0, 0x6e, 0x30, 0x0, 0x0, 0x0,
    0x0, 0x3f, 0x50, 0x0, 0x0, 0x0, 0x0, 0x7,
    0xf5, 0x20, 0x0, 0x0, 0x0, 0x0, 0x1d, 0xf9,

    /* U+0105 "ą" */
    0x0, 0x6c, 0xff, 0xd7, 0x0, 0x7, 0xff, 0xbb,
    0xff, 0x80, 0xb, 0xc4, 0x0, 0x7f, 0xd0, 0x0,
    0x0, 0x35, 0xaf, 0xf0, 0x2, 0xbf, 0xff, 0xff,
    0xf0, 0xe, 0xf9, 0x30, 0x5f, 0xf0, 0x4f, 0xf0,
    0x0, 0x9f, 0xf0, 0x1f, 0xfb, 0x8b, 0xef, 0xf0,
    0x4, 0xdf, 0xea, 0x3f, 0xf1, 0x0, 0x0, 0x0,
    0x1c, 0xa0, 0x0, 0x0, 0x0, 0xbd, 0x0, 0x0,
    0x0, 0x0, 0xec, 0x40, 0x0, 0x0, 0x0, 0x7f,
    0xf2,

    /* U+0106 "Ć" */
    0x0, 0x0, 0x0, 0x1b, 0xb9, 0x0, 0x0, 0x0,
    0x0, 0xa, 0xfd, 0x20, 0x0, 0x0, 0x0, 0x5,
    0xfd, 0x10, 0x0, 0x0, 0x0, 0x0, 0x0, 0x0,
    0x0, 0x0, 0x0, 0x0, 0x0, 0x0, 0x0, 0x0,
    0x0, 0x0, 0x18, 0xdf, 0xfd, 0x81, 0x0, 0x0,
    0x5f, 0xff, 0xee, 0xff, 0xf4, 0x0, 0x4f, 0xfa,
    0x20, 0x1, 0xaf, 0xf2, 0xc, 0xfb, 0x0, 0x0,
    0x0, 0xcf, 0x92, 0xff, 0x40, 0x0, 0x0, 0x4,
    0x76, 0x4f, 0xf1, 0x0, 0x0, 0x0, 0x0, 0x4,
    0xff, 0x10, 0x0, 0x0, 0x0, 0x0, 0x2f, 0xf4,
    0x0, 0x0, 0x0, 0x37, 0x60, 0xcf, 0xc0, 0x0,
    0x0, 0xc, 0xf9, 0x3, 0xff, 0xa2, 0x0, 0x1a,
    0xff, 0x20, 0x5, 0xff, 0xfe, 0xdf, 0xff, 0x40,
    0x0, 0x1, 0x8d, 0xff, 0xd9, 0x20, 0x0,

    /* U+0107 "ć" */
    0x0, 0x0, 0xd, 0xfe, 0x20, 0x0, 0x0, 0x8f,
    0xd2, 0x0, 0x0, 0x1, 0xba, 0x10, 0x0, 0x0,
    0x0, 0x0, 0x0, 0x0, 0x0, 0x4b, 0xff, 0xd7,
    0x0, 0x6, 0xff, 0xdc, 0xff, 0xb0, 0x1f, 0xf8,
    0x0, 0x2e, 0xf4, 0x6f, 0xf0, 0x0, 0x2, 0x31,
    0x8f, 0xd0, 0x0, 0x0, 0x0, 0x6f, 0xf0, 0x0,
    0x2, 0x31, 0x1f, 0xf8, 0x0, 0x2e, 0xf4, 0x6,
    0xff, 0xdc, 0xff, 0xb0, 0x0, 0x4b, 0xff, 0xd7,
    0x0,

    /* U+010A "Ċ" */
    0x0, 0x0, 0x1, 0x66, 0x10, 0x0, 0x0, 0x0,
    0x0, 0x4f, 0xf3, 0x0, 0x0, 0x0, 0x0, 0x4,
    0xff, 0x30, 0x0, 0x0, 0x0, 0x0, 0x0, 0x0,
    0x0, 0x0, 0x0, 0x0, 0x0, 0x0, 0x0, 0x0,
    0x0, 0x0, 0x18, 0xdf, 0xfd, 0x81, 0x0, 0x0,
    0x5f, 0xff, 0xee, 0xff, 0xf4, 0x0, 0x4f, 0xfa,
    0x20, 0x1, 0xaf, 0xf2, 0xc, 0xfb, 0x0, 0x0,
    0x0, 0xcf, 0x92, 0xff, 0x40, 0x0, 0x0, 0x4,
    0x76, 0x4f, 0xf1, 0x0, 0x0, 0x0, 0x0, 0x4,
    0xff, 0x10, 0x0, 0x0, 0x0, 0x0, 0x2f, 0xf4,
    0x0, 0x0, 0x0, 0x37, 0x60, 0xcf, 0xc0, 0x0,
    0x0, 0xc, 0xf9, 0x3, 0xff, 0xa2, 0x0, 0x1a,
    0xff, 0x20, 0x5, 0xff, 0xfe, 0xdf, 0xff, 0x40,
    0x0, 0x1, 0x8d, 0xff, 0xd9, 0x20, 0x0,

    /* U+010B "ċ" */
    0x0, 0x0, 0xff, 0x70, 0x0, 0x0, 0x0, 0xff,
    0x70, 0x0, 0x0, 0x0, 0x66, 0x30, 0x0, 0x0,
    0x0, 0x0, 0x0, 0x0, 0x0, 0x4b, 0xff, 0xd7,
    0x0, 0x6, 0xff, 0xdc, 0xff, 0xb0, 0x1f, 0xf8,
    0x0, 0x2e, 0xf4, 0x6f, 0xf0, 0x0, 0x2, 0x31,
    0x8f, 0xd0, 0x0, 0x0, 0x0, 0x6f, 0xf0, 0x0,
    0x2, 0x31, 0x1f, 0xf8, 0x0, 0x2e, 0xf4, 0x6,
    0xff, 0xdc, 0xff, 0xb0, 0x0, 0x4b, 0xff, 0xd7,
    0x0,

    /* U+010C "Č" */
    0x0, 0x2, 0x85, 0x0, 0x68, 0x20, 0x0, 0x0,
    0xa, 0xf9, 0xaf, 0x90, 0x0, 0x0, 0x0, 0xb,
    0xff, 0x90, 0x0, 0x0, 0x0, 0x0, 0x0, 0x0,
    0x0, 0x0, 0x0, 0x0, 0x0, 0x0, 0x0, 0x0,
    0x0, 0x0, 0x18, 0xdf, 0xfd, 0x81, 0x0, 0x0,
    0x5f, 0xff, 0xee, 0xff, 0xf4, 0x0, 0x4f, 0xfa,
    0x20, 0x1, 0xaf, 0xf2, 0xc, 0xfb, 0x0, 0x0,
    0x0, 0xcf, 0x92, 0xff, 0x40, 0x0, 0x0, 0x4,
    0x76, 0x4f, 0xf1, 0x0, 0x0, 0x0, 0x0, 0x4,
    0xff, 0x10, 0x0, 0x0, 0x0, 0x0, 0x2f, 0xf4,
    0x0, 0x0, 0x0, 0x37, 0x60, 0xcf, 0xc0, 0x0,
    0x0, 0xc, 0xf9, 0x3, 0xff, 0xa2, 0x0, 0x1a,
    0xff, 0x20, 0x5, 0xff, 0xfe, 0xdf, 0xff, 0x40,
    0x0, 0x1, 0x8d, 0xff, 0xd9, 0x20, 0x0,

    /* U+010D "č" */
    0x1, 0xdf, 0x30, 0xaf, 0x50, 0x0, 0x2f, 0xfc,
    0xf8, 0x0, 0x0, 0x4, 0xdd, 0xa0, 0x0, 0x0,
    0x0, 0x0, 0x0, 0x0, 0x0, 0x4b, 0xff, 0xd7,
    0x0, 0x6, 0xff, 0xdc, 0xff, 0xb0, 0x1f, 0xf8,
    0x0, 0x2e, 0xf5, 0x6f, 0xf0, 0x0, 0x0, 0x10,
    0x8f, 0xd0, 0x0, 0x0, 0x0, 0x6f, 0xf0, 0x0,
    0x2, 0x41, 0x1f, 0xf8, 0x0, 0x2f, 0xf4, 0x6,
    0xff, 0xdc, 0xff, 0xa0, 0x0, 0x4b, 0xff, 0xd7,
    0x0,

    /* U+010E "Ď" */
    0x0, 0x48, 0x30, 0x6, 0x81, 0x0, 0x0, 0x1e,
    0xf4, 0x9f, 0x90, 0x0, 0x0, 0x3, 0xff, 0xfc,
    0x0, 0x0, 0x0, 0x0, 0x48, 0x81, 0x0, 0x0,
    0x0, 0x0, 0x0, 0x0, 0x0, 0x0, 0xef, 0xff,
    0xff, 0xda, 0x40, 0x0, 0xef, 0xed, 0xdd, 0xff,
    0xfb, 0x10, 0xef, 0x70, 0x0, 0x6, 0xff, 0xc0,
    0xef, 0x70, 0x0, 0x0, 0x3f, 0xf6, 0xef, 0x70,
    0x0, 0x0, 0xb, 0xfb, 0xef, 0x70, 0x0, 0x0,
    0x7, 0xfe, 0xef, 0x70, 0x0, 0x0, 0x8, 0xfe,
    0xef, 0x70, 0x0, 0x0, 0xb, 0xfb, 0xef, 0x70,
    0x0, 0x0, 0x4f, 0xf6, 0xef, 0x70, 0x0, 0x6,
    0xff, 0xc0, 0xef, 0xec, 0xcd, 0xff, 0xfb, 0x0,
    0xef, 0xff, 0xff, 0xda, 0x40, 0x0,

    /* U+010F "ď" */
    0x0, 0x0, 0x0, 0x5, 0xff, 0xf, 0xe0, 0x0,
    0x0, 0x0, 0x5f, 0xf0, 0xfc, 0x0, 0x0, 0x0,
    0x5, 0xff, 0xf, 0xa0, 0x6, 0xdf, 0xe9, 0x5f,
    0xf0, 0xf8, 0x8, 0xff, 0xed, 0xfe, 0xff, 0x0,
    0x1, 0xff, 0x90, 0x2, 0xdf, 0xf0, 0x0, 0x5f,
    0xf0, 0x0, 0x6, 0xff, 0x0, 0x7, 0xfe, 0x0,
    0x0, 0x4f, 0xf0, 0x0, 0x5f, 0xf0, 0x0, 0x6,
    0xff, 0x0, 0x1, 0xff, 0x90, 0x1, 0xdf, 0xf0,
    0x0, 0x8, 0xff, 0xec, 0xfd, 0xff, 0x0, 0x0,
    0x7, 0xdf, 0xe9, 0x4f, 0xf0, 0x0,

    /* U+0110 "Đ" */
    0xa, 0xff, 0xff, 0xfe, 0xb6, 0x0, 0x0, 0xa,
    0xff, 0xdd, 0xdf, 0xff, 0xd2, 0x0, 0xa, 0xfb,
    0x0, 0x0, 0x4d, 0xfe, 0x10, 0xa, 0xfb, 0x0,
    0x0, 0x1, 0xef, 0xa0, 0xa, 0xfb, 0x0, 0x0,
    0x0, 0x7f, 0xf0, 0xef, 0xff, 0xff, 0xf0, 0x0,
    0x4f, 0xf2, 0xbf, 0xff, 0xcc, 0xc0, 0x0, 0x4f,
    0xf1, 0xa, 0xfb, 0x0, 0x0, 0x0, 0x7f, 0xf0,
    0xa, 0xfb, 0x0, 0x0, 0x1, 0xef, 0x90, 0xa,
    0xfb, 0x0, 0x0, 0x4d, 0xfe, 0x10, 0xa, 0xff,
    0xcc, 0xdf, 0xff, 0xd2, 0x0, 0xa, 0xff, 0xff,
    0xfe, 0xb6, 0x0, 0x0,

    /* U+0111 "đ" */
    0x0, 0x0, 0x2, 0x22, 0x22, 0x20, 0x0, 0x0,
    0x7f, 0xff, 0xff, 0xf2, 0x0, 0x0, 0x25, 0x58,
    0xff, 0x50, 0x0, 0x0, 0x0, 0x5, 0xff, 0x0,
    0x0, 0x6d, 0xfe, 0x95, 0xff, 0x0, 0x8, 0xff,
    0xed, 0xfe, 0xff, 0x0, 0x1f, 0xf9, 0x0, 0x2d,
    0xff, 0x0, 0x5f, 0xf0, 0x0, 0x6, 0xff, 0x0,
    0x7f, 0xe0, 0x0, 0x4, 0xff, 0x0, 0x5f, 0xf0,
    0x0, 0x6, 0xff, 0x0, 0x1f, 0xf9, 0x0, 0x1d,
    0xff, 0x0, 0x8, 0xff, 0xec, 0xfd, 0xff, 0x0,
    0x0, 0x7d, 0xfe, 0x94, 0xff, 0x0,

    /* U+0112 "Ē" */
    0x6, 0xff, 0xff, 0xff, 0x10, 0x3, 0x99, 0x99,
    0x99, 0x10, 0x0, 0x0, 0x0, 0x0, 0x0, 0x0,
    0x0, 0x0, 0x0, 0x0, 0xef, 0xff, 0xff, 0xff,
    0xf3, 0xef, 0xec, 0xcc, 0xcc, 0xc3, 0xef, 0x70,
    0x0, 0x0, 0x0, 0xef, 0x70, 0x0, 0x0, 0x0,
    0xef, 0x70, 0x0, 0x0, 0x0, 0xef, 0xff, 0xff,
    0xff, 0xd0, 0xef, 0xdc, 0xcc, 0xcc, 0x90, 0xef,
    0x70, 0x0, 0x0, 0x0, 0xef, 0x70, 0x0, 0x0,
    0x0, 0xef, 0x70, 0x0, 0x0, 0x0, 0xef, 0xec,
    0xcc, 0xcc, 0xc5, 0xef, 0xff, 0xff, 0xff, 0xf7,

    /* U+0113 "ē" */
    0x0, 0xff, 0xff, 0xff, 0x80, 0x0, 0x89, 0x99,
    0x99, 0x50, 0x0, 0x0, 0x0, 0x0, 0x0, 0x0,
    0x4b, 0xff, 0xd8, 0x0, 0x6, 0xff, 0xca, 0xef,
    0xd0, 0x1f, 0xf6, 0x0, 0xd, 0xf7, 0x6f, 0xf8,
    0x88, 0x8c, 0xfb, 0x8f, 0xff, 0xff, 0xff, 0xfc,
    0x6f, 0xe0, 0x0, 0x0, 0x0, 0x1f, 0xf6, 0x0,
    0x9, 0xb4, 0x6, 0xff, 0xca, 0xdf, 0xc0, 0x0,
    0x3b, 0xef, 0xe8, 0x0,

    /* U+0116 "Ė" */
    0x0, 0x2, 0x66, 0x0, 0x0, 0x0, 0x5, 0xff,
    0x10, 0x0, 0x0, 0x5, 0xff, 0x10, 0x0, 0x0,
    0x0, 0x0, 0x0, 0x0, 0x0, 0x0, 0x0, 0x0,
    0x0, 0xef, 0xff, 0xff, 0xff, 0xf3, 0xef, 0xec,
    0xcc, 0xcc, 0xc3, 0xef, 0x70, 0x0, 0x0, 0x0,
    0xef, 0x70, 0x0, 0x0, 0x0, 0xef, 0x70, 0x0,
    0x0, 0x0, 0xef, 0xff, 0xff, 0xff, 0xd0, 0xef,
    0xdc, 0xcc, 0xcc, 0x90, 0xef, 0x70, 0x0, 0x0,
    0x0, 0xef, 0x70, 0x0, 0x0, 0x0, 0xef, 0x70,
    0x0, 0x0, 0x0, 0xef, 0xec, 0xcc, 0xcc, 0xc5,
    0xef, 0xff, 0xff, 0xff, 0xf7,

    /* U+0117 "ė" */
    0x0, 0x0, 0xef, 0x80, 0x0, 0x0, 0x0, 0xef,
    0x80, 0x0, 0x0, 0x0, 0x56, 0x30, 0x0, 0x0,
    0x0, 0x0, 0x0, 0x0, 0x0, 0x4b, 0xff, 0xd8,
    0x0, 0x6, 0xff, 0xca, 0xef, 0xd0, 0x1f, 0xf6,
    0x0, 0xd, 0xf7, 0x6f, 0xf8, 0x88, 0x8c, 0xfb,
    0x8f, 0xff, 0xff, 0xff, 0xfc, 0x6f, 0xe0, 0x0,
    0x0, 0x0, 0x1f, 0xf6, 0x0, 0x9, 0xb4, 0x6,
    0xff, 0xca, 0xdf, 0xc0, 0x0, 0x3b, 0xef, 0xe8,
    0x0,

    /* U+0118 "Ę" */
    0xef, 0xff, 0xff, 0xff, 0xf3, 0xef, 0xec, 0xcc,
    0xcc, 0xc3, 0xef, 0x70, 0x0, 0x0, 0x0, 0xef,
    0x70, 0x0, 0x0, 0x0, 0xef, 0x70, 0x0, 0x0,
    0x0, 0xef, 0xff, 0xff, 0xff, 0xd0, 0xef, 0xdc,
    0xcc, 0xcc, 0x90, 0xef, 0x70, 0x0, 0x0, 0x0,
    0xef, 0x70, 0x0, 0x0, 0x0, 0xef, 0x70, 0x0,
    0x0, 0x0, 0xef, 0xec, 0xcc, 0xcc, 0xc5, 0xef,
    0xff, 0xff, 0xff, 0xf7, 0x0, 0x0, 0x0, 0x5e,
    0x40, 0x0, 0x0, 0x2, 0xf6, 0x0, 0x0, 0x0,
    0x5, 0xf6, 0x20, 0x0, 0x0, 0x1, 0xcf, 0xb0,

    /* U+0119 "ę" */
    0x0, 0x4b, 0xff, 0xd7, 0x0, 0x6, 0xff, 0xca,
    0xff, 0xa0, 0x1f, 0xf6, 0x0, 0x2f, 0xf4, 0x6f,
    0xe0, 0x0, 0xa, 0xf9, 0x8f, 0xe8, 0x88, 0x8c,
    0xfc, 0x6f, 0xff, 0xff, 0xff, 0xfc, 0x1f, 0xf6,
    0x0, 0x3, 0x42, 0x6, 0xff, 0xca, 0xcf, 0xe2,
    0x0, 0x3b, 0xef, 0xfb, 0x20, 0x0, 0x0, 0xc,
    0xb0, 0x0, 0x0, 0x0, 0x6f, 0x20, 0x0, 0x0,
    0x0, 0x7f, 0x52, 0x0, 0x0, 0x0, 0x1c, 0xf9,
    0x0,

    /* U+011A "Ě" */
    0x3, 0x84, 0x0, 0x68, 0x10, 0x0, 0xdf, 0x58,
    0xfa, 0x0, 0x0, 0x2f, 0xff, 0xd0, 0x0, 0x0,
    0x4, 0x88, 0x20, 0x0, 0x0, 0x0, 0x0, 0x0,
    0x0, 0xef, 0xff, 0xff, 0xff, 0xf3, 0xef, 0xec,
    0xcc, 0xcc, 0xc3, 0xef, 0x70, 0x0, 0x0, 0x0,
    0xef, 0x70, 0x0, 0x0, 0x0, 0xef, 0x70, 0x0,
    0x0, 0x0, 0xef, 0xff, 0xff, 0xff, 0xd0, 0xef,
    0xdc, 0xcc, 0xcc, 0x90, 0xef, 0x70, 0x0, 0x0,
    0x0, 0xef, 0x70, 0x0, 0x0, 0x0, 0xef, 0x70,
    0x0, 0x0, 0x0, 0xef, 0xec, 0xcc, 0xcc, 0xc5,
    0xef, 0xff, 0xff, 0xff, 0xf7,

    /* U+011B "ě" */
    0x0, 0xcf, 0x40, 0x9f, 0x70, 0x0, 0x1e, 0xfc,
    0xfa, 0x0, 0x0, 0x3, 0xdd, 0xb0, 0x0, 0x0,
    0x0, 0x0, 0x0, 0x0, 0x0, 0x4b, 0xff, 0xd8,
    0x0, 0x6, 0xff, 0xca, 0xef, 0xd0, 0x1f, 0xf6,
    0x0, 0xd, 0xf7, 0x6f, 0xf8, 0x88, 0x8c, 0xfb,
    0x8f, 0xff, 0xff, 0xff, 0xfc, 0x6f, 0xe0, 0x0,
    0x0, 0x0, 0x1f, 0xf6, 0x0, 0x9, 0xb4, 0x6,
    0xff, 0xca, 0xdf, 0xc0, 0x0, 0x3b, 0xef, 0xe8,
    0x0,

    /* U+011E "Ğ" */
    0x0, 0x0, 0x75, 0x0, 0x48, 0x0, 0x0, 0x0,
    0xc, 0xfa, 0xaf, 0xd0, 0x0, 0x0, 0x0, 0x1a,
    0xff, 0xb2, 0x0, 0x0, 0x0, 0x0, 0x0, 0x0,
    0x0, 0x0, 0x0, 0x0, 0x0, 0x0, 0x0, 0x0,
    0x0, 0x0, 0x18, 0xdf, 0xfe, 0xa3, 0x0, 0x0,
    0x5f, 0xff, 0xed, 0xff, 0xf8, 0x0, 0x4f, 0xfa,
    0x20, 0x0, 0x7f, 0xf5, 0xc, 0xfb, 0x0, 0x0,
    0x0, 0x7b, 0x72, 0xff, 0x40, 0x0, 0x0, 0x0,
    0x0, 0x4f, 0xf1, 0x0, 0x9, 0xff, 0xff, 0xe4,
    0xff, 0x10, 0x0, 0x6c, 0xce, 0xfe, 0x2f, 0xf4,
    0x0, 0x0, 0x0, 0x7f, 0xe0, 0xdf, 0xb0, 0x0,
    0x0, 0x7, 0xfe, 0x4, 0xff, 0xa2, 0x0, 0x2,
    0xcf, 0xe0, 0x6, 0xff, 0xfe, 0xde, 0xff, 0xe4,
    0x0, 0x2, 0x8d, 0xff, 0xec, 0x71, 0x0,

    /* U+011F "ğ" */
    0x0, 0xbd, 0x0, 0x4f, 0x50, 0x0, 0x8f, 0x50,
    0xaf, 0x20, 0x0, 0x1d, 0xff, 0xf8, 0x0, 0x0,
    0x1, 0x78, 0x40, 0x0, 0x0, 0x6d, 0xfe, 0x94,
    0xff, 0x7, 0xff, 0xec, 0xfd, 0xff, 0x1f, 0xf9,
    0x0, 0x1d, 0xff, 0x5f, 0xf0, 0x0, 0x6, 0xff,
    0x7f, 0xe0, 0x0, 0x4, 0xff, 0x5f, 0xf0, 0x0,
    0x6, 0xff, 0x1f, 0xf8, 0x0, 0x1d, 0xff, 0x8,
    0xff, 0xdb, 0xfd, 0xff, 0x0, 0x7d, 0xfe, 0x85,
    0xff, 0x0, 0x0, 0x0, 0x6, 0xfe, 0xe, 0xe5,
    0x0, 0x1d, 0xfa, 0x7, 0xff, 0xee, 0xff, 0xe1,
    0x0, 0x5c, 0xff, 0xe9, 0x10,

    /* U+0120 "Ġ" */
    0x0, 0x0, 0x1, 0x66, 0x10, 0x0, 0x0, 0x0,
    0x0, 0x2f, 0xf4, 0x0, 0x0, 0x0, 0x0, 0x2,
    0xff, 0x40, 0x0, 0x0, 0x0, 0x0, 0x0, 0x0,
    0x0, 0x0, 0x0, 0x0, 0x0, 0x0, 0x0, 0x0,
    0x0, 0x0, 0x18, 0xdf, 0xfe, 0xa3, 0x0, 0x0,
    0x5f, 0xff, 0xed, 0xff, 0xf8, 0x0, 0x4f, 0xfa,
    0x20, 0x0, 0x7f, 0xf5, 0xc, 0xfb, 0x0, 0x0,
    0x0, 0x7b, 0x72, 0xff, 0x40, 0x0, 0x0, 0x0,
    0x0, 0x4f, 0xf1, 0x0, 0x9, 0xff, 0xff, 0xe4,
    0xff, 0x10, 0x0, 0x6c, 0xce, 0xfe, 0x2f, 0xf4,
    0x0, 0x0, 0x0, 0x7f, 0xe0, 0xdf, 0xb0, 0x0,
    0x0, 0x7, 0xfe, 0x4, 0xff, 0xa2, 0x0, 0x2,
    0xcf, 0xe0, 0x6, 0xff, 0xfe, 0xde, 0xff, 0xe4,
    0x0, 0x2, 0x8d, 0xff, 0xec, 0x71, 0x0,

    /* U+0121 "ġ" */
    0x0, 0x0, 0xff, 0x80, 0x0, 0x0, 0x0, 0xff,
    0x80, 0x0, 0x0, 0x0, 0x66, 0x30, 0x0, 0x0,
    0x0, 0x0, 0x0, 0x0, 0x0, 0x6d, 0xfe, 0x94,
    0xff, 0x7, 0xff, 0xec, 0xfd, 0xff, 0x1f, 0xf9,
    0x0, 0x1d, 0xff, 0x5f, 0xf0, 0x0, 0x6, 0xff,
    0x7f, 0xe0, 0x0, 0x4, 0xff, 0x5f, 0xf0, 0x0,
    0x6, 0xff, 0x1f, 0xf8, 0x0, 0x1d, 0xff, 0x8,
    0xff, 0xdb, 0xfd, 0xff, 0x0, 0x7d, 0xfe, 0x85,
    0xff, 0x0, 0x0, 0x0, 0x6, 0xfe, 0xe, 0xe5,
    0x0, 0x1d, 0xfa, 0x7, 0xff, 0xee, 0xff, 0xe1,
    0x0, 0x5c, 0xff, 0xe9, 0x10,

    /* U+0122 "Ģ" */
    0x0, 0x1, 0x8d, 0xff, 0xd9, 0x20, 0x0, 0x5,
    0xff, 0xfe, 0xdf, 0xff, 0x50, 0x4, 0xff, 0xa2,
    0x0, 0x1a, 0xff, 0x20, 0xcf, 0xb0, 0x0, 0x0,
    0xd, 0xf9, 0x2f, 0xf4, 0x0, 0x0, 0x0, 0x24,
    0x34, 0xff, 0x10, 0x0, 0x0, 0x0, 0x0, 0x4f,
    0xf1, 0x0, 0x9, 0xff, 0xff, 0xe2, 0xff, 0x40,
    0x0, 0x6c, 0xce, 0xfe, 0xd, 0xfb, 0x0, 0x0,
    0x0, 0x7f, 0xe0, 0x4f, 0xfa, 0x20, 0x0, 0x1a,
    0xfe, 0x0, 0x6f, 0xff, 0xed, 0xdf, 0xff, 0x50,
    0x0, 0x28, 0xdf, 0xfe, 0xc7, 0x10, 0x0, 0x0,
    0x0, 0x0, 0x0, 0x0, 0x0, 0x0, 0x0, 0x3,
    0x30, 0x0, 0x0, 0x0, 0x0, 0x3, 0xff, 0x40,
    0x0, 0x0, 0x0, 0x0, 0x3f, 0xf4, 0x0, 0x0,
    0x0, 0x0, 0x0, 0x1f, 0x20, 0x0, 0x0, 0x0,
    0x0, 0x2e, 0x80, 0x0, 0x0, 0x0, 0x0, 0x0,
    0x10, 0x0, 0x0, 0x0,

    /* U+0123 "ģ" */
    0x0, 0x0, 0x0, 0x10, 0x0, 0x0, 0x0, 0x3e,
    0x60, 0x0, 0x0, 0x0, 0xc7, 0x0, 0x0, 0x0,
    0x0, 0xef, 0x80, 0x0, 0x0, 0x0, 0xff, 0x80,
    0x0, 0x0, 0x0, 0x33, 0x10, 0x0, 0x0, 0x6d,
    0xfe, 0x94, 0xff, 0x7, 0xff, 0xec, 0xfd, 0xff,
    0x1f, 0xf9, 0x0, 0x1d, 0xff, 0x5f, 0xf0, 0x0,
    0x6, 0xff, 0x7f, 0xe0, 0x0, 0x4, 0xff, 0x5f,
    0xf0, 0x0, 0x6, 0xff, 0x1f, 0xf8, 0x0, 0x1d,
    0xff, 0x8, 0xff, 0xdb, 0xfd, 0xff, 0x0, 0x7d,
    0xfe, 0x85, 0xff, 0x0, 0x0, 0x0, 0x6, 0xfe,
    0xe, 0xe5, 0x0, 0x1d, 0xfa, 0x7, 0xff, 0xee,
    0xff, 0xe1, 0x0, 0x5c, 0xff, 0xe9, 0x10,

    /* U+0126 "Ħ" */
    0xb, 0xfa, 0x0, 0x0, 0x3, 0xff, 0x20, 0xef,
    0xff, 0xff, 0xff, 0xff, 0xff, 0xf5, 0xaf, 0xfe,
    0xcc, 0xcc, 0xcd, 0xff, 0xd3, 0xb, 0xfa, 0x0,
    0x0, 0x3, 0xff, 0x20, 0xb, 0xfa, 0x0, 0x0,
    0x3, 0xff, 0x20, 0xb, 0xff, 0xff, 0xff, 0xff,
    0xff, 0x20, 0xb, 0xfe, 0xcc, 0xcc, 0xcd, 0xff,
    0x20, 0xb, 0xfa, 0x0, 0x0, 0x3, 0xff, 0x20,
    0xb, 0xfa, 0x0, 0x0, 0x3, 0xff, 0x20, 0xb,
    0xfa, 0x0, 0x0, 0x3, 0xff, 0x20, 0xb, 0xfa,
    0x0, 0x0, 0x3, 0xff, 0x20, 0xb, 0xfa, 0x0,
    0x0, 0x3, 0xff, 0x20,

    /* U+0127 "ħ" */
    0x2d, 0xf8, 0x22, 0x10, 0x0, 0xff, 0xff, 0xff,
    0xa0, 0x0, 0x5d, 0xfa, 0x55, 0x30, 0x0, 0xc,
    0xf7, 0x5c, 0xfe, 0x90, 0xc, 0xfc, 0xfd, 0xdf,
    0xf9, 0xc, 0xff, 0x30, 0x9, 0xfe, 0xc, 0xf9,
    0x0, 0x5, 0xff, 0xc, 0xf7, 0x0, 0x5, 0xff,
    0xc, 0xf7, 0x0, 0x5, 0xff, 0xc, 0xf7, 0x0,
    0x5, 0xff, 0xc, 0xf7, 0x0, 0x5, 0xff, 0xc,
    0xf7, 0x0, 0x5, 0xff,

    /* U+012A "Ī" */
    0xff, 0xff, 0xff, 0x89, 0x99, 0x99, 0x95, 0x0,
    0x0, 0x0, 0x0, 0x0, 0x0, 0x0, 0x0, 0xef,
    0x70, 0x0, 0xe, 0xf7, 0x0, 0x0, 0xef, 0x70,
    0x0, 0xe, 0xf7, 0x0, 0x0, 0xef, 0x70, 0x0,
    0xe, 0xf7, 0x0, 0x0, 0xef, 0x70, 0x0, 0xe,
    0xf7, 0x0, 0x0, 0xef, 0x70, 0x0, 0xe, 0xf7,
    0x0, 0x0, 0xef, 0x70, 0x0, 0xe, 0xf7, 0x0,

    /* U+012B "ī" */
    0xef, 0xff, 0xff, 0x98, 0x99, 0x99, 0x95, 0x0,
    0x0, 0x0, 0x0, 0xc, 0xf7, 0x0, 0x0, 0xcf,
    0x70, 0x0, 0xc, 0xf7, 0x0, 0x0, 0xcf, 0x70,
    0x0, 0xc, 0xf7, 0x0, 0x0, 0xcf, 0x70, 0x0,
    0xc, 0xf7, 0x0, 0x0, 0xcf, 0x70, 0x0, 0xc,
    0xf7, 0x0,

    /* U+012E "Į" */
    0x0, 0xef, 0x70, 0xe, 0xf7, 0x0, 0xef, 0x70,
    0xe, 0xf7, 0x0, 0xef, 0x70, 0xe, 0xf7, 0x0,
    0xef, 0x70, 0xe, 0xf7, 0x0, 0xef, 0x70, 0xe,
    0xf7, 0x0, 0xef, 0x70, 0xe, 0xf7, 0x2, 0xd8,
    0x0, 0xdb, 0x0, 0xf, 0xa3, 0x0, 0x8f, 0xe1,

    /* U+012F "į" */
    0xe, 0xf9, 0xe, 0xf9, 0x5, 0x63, 0x0, 0x0,
    0xc, 0xf7, 0xc, 0xf7, 0xc, 0xf7, 0xc, 0xf7,
    0xc, 0xf7, 0xc, 0xf7, 0xc, 0xf7, 0xc, 0xf7,
    0xc, 0xf7, 0x9, 0xd1, 0x7f, 0x10, 0xaf, 0x31,
    0x3e, 0xf6,

    /* U+0130 "İ" */
    0x66, 0x3f, 0xf8, 0xff, 0x80, 0x0, 0x0, 0xe,
    0xf7, 0xef, 0x7e, 0xf7, 0xef, 0x7e, 0xf7, 0xef,
    0x7e, 0xf7, 0xef, 0x7e, 0xf7, 0xef, 0x7e, 0xf7,
    0xef, 0x70,

    /* U+0131 "ı" */
    0xcf, 0x7c, 0xf7, 0xcf, 0x7c, 0xf7, 0xcf, 0x7c,
    0xf7, 0xcf, 0x7c, 0xf7, 0xcf, 0x70,

    /* U+0132 "Ĳ" */
    0xef, 0x70, 0x0, 0x2, 0xff, 0x3e, 0xf7, 0x0,
    0x0, 0x2f, 0xf3, 0xef, 0x70, 0x0, 0x2, 0xff,
    0x3e, 0xf7, 0x0, 0x0, 0x2f, 0xf3, 0xef, 0x70,
    0x0, 0x2, 0xff, 0x3e, 0xf7, 0x0, 0x0, 0x2f,
    0xf3, 0xef, 0x70, 0x0, 0x2, 0xff, 0x3e, 0xf7,
    0x0, 0x0, 0x2f, 0xf3, 0xef, 0x70, 0x0, 0x2,
    0xff, 0x3e, 0xf7, 0x0, 0x0, 0x5f, 0xf2, 0xef,
    0x72, 0xca, 0xbf, 0xfb, 0xe, 0xf7, 0x2e, 0xff,
    0xd8, 0x0,

    /* U+0133 "ĳ" */
    0xef, 0x90, 0x6f, 0xf1, 0xef, 0x90, 0x6f, 0xf1,
    0x56, 0x30, 0x26, 0x60, 0x0, 0x0, 0x0, 0x0,
    0xcf, 0x70, 0x4f, 0xf0, 0xcf, 0x70, 0x4f, 0xf0,
    0xcf, 0x70, 0x4f, 0xf0, 0xcf, 0x70, 0x4f, 0xf0,
    0xcf, 0x70, 0x4f, 0xf0, 0xcf, 0x70, 0x4f, 0xf0,
    0xcf, 0x70, 0x4f, 0xf0, 0xcf, 0x70, 0x4f, 0xf0,
    0xcf, 0x70, 0x4f, 0xf0, 0x0, 0x0, 0x4f, 0xf0,
    0x0, 0x0, 0x5f, 0xf0, 0x0, 0xc, 0xef, 0xb0,
    0x0, 0xf, 0xfb, 0x20,

    /* U+0136 "Ķ" */
    0xef, 0x70, 0x0, 0x8, 0xff, 0x80, 0xef, 0x70,
    0x0, 0x9f, 0xf7, 0x0, 0xef, 0x70, 0x9, 0xff,
    0x60, 0x0, 0xef, 0x70, 0x9f, 0xf6, 0x0, 0x0,
    0xef, 0x7a, 0xff, 0x50, 0x0, 0x0, 0xef, 0xef,
    0xf4, 0x0, 0x0, 0x0, 0xef, 0xbf, 0xfb, 0x0,
    0x0, 0x0, 0xef, 0x74, 0xff, 0xb0, 0x0, 0x0,
    0xef, 0x70, 0x4f, 0xfc, 0x0, 0x0, 0xef, 0x70,
    0x4, 0xff, 0xc1, 0x0, 0xef, 0x70, 0x0, 0x4f,
    0xfc, 0x10, 0xef, 0x70, 0x0, 0x4, 0xff, 0xd1,
    0x0, 0x0, 0x0, 0x0, 0x0, 0x0, 0x0, 0x0,
    0x23, 0x20, 0x0, 0x0, 0x0, 0x0, 0xcf, 0xb0,
    0x0, 0x0, 0x0, 0x0, 0xcf, 0xb0, 0x0, 0x0,
    0x0, 0x0, 0xa, 0x90, 0x0, 0x0, 0x0, 0x0,
    0xad, 0x10, 0x0, 0x0, 0x0, 0x0, 0x20, 0x0,
    0x0, 0x0,

    /* U+0137 "ķ" */
    0xcf, 0x70, 0x0, 0x0, 0xc, 0xf7, 0x0, 0x0,
    0x0, 0xcf, 0x70, 0x0, 0x0, 0xc, 0xf7, 0x0,
    0x0, 0x0, 0xcf, 0x70, 0x7, 0xff, 0x4c, 0xf7,
    0x6, 0xff, 0x40, 0xcf, 0x75, 0xff, 0x40, 0xc,
    0xfb, 0xff, 0x40, 0x0, 0xcf, 0xff, 0xc0, 0x0,
    0xc, 0xf9, 0xef, 0xa0, 0x0, 0xcf, 0x72, 0xff,
    0x90, 0xc, 0xf7, 0x3, 0xff, 0x80, 0xcf, 0x70,
    0x5, 0xff, 0x70, 0x0, 0x0, 0x0, 0x0, 0x0,
    0x3, 0x31, 0x0, 0x0, 0x1, 0xff, 0x60, 0x0,
    0x0, 0x1f, 0xf5, 0x0, 0x0, 0x0, 0x1f, 0x30,
    0x0, 0x0, 0x1e, 0x90, 0x0, 0x0, 0x0, 0x20,
    0x0, 0x0,

    /* U+0139 "Ĺ" */
    0x0, 0x8b, 0xb3, 0x0, 0x0, 0x4, 0xff, 0x50,
    0x0, 0x0, 0x1e, 0xf4, 0x0, 0x0, 0x0, 0x0,
    0x0, 0x0, 0x0, 0x0, 0x0, 0x0, 0x0, 0x0,
    0x0, 0xe, 0xf7, 0x0, 0x0, 0x0, 0xe, 0xf7,
    0x0, 0x0, 0x0, 0xe, 0xf7, 0x0, 0x0, 0x0,
    0xe, 0xf7, 0x0, 0x0, 0x0, 0xe, 0xf7, 0x0,
    0x0, 0x0, 0xe, 0xf7, 0x0, 0x0, 0x0, 0xe,
    0xf7, 0x0, 0x0, 0x0, 0xe, 0xf7, 0x0, 0x0,
    0x0, 0xe, 0xf7, 0x0, 0x0, 0x0, 0xe, 0xf7,
    0x0, 0x0, 0x0, 0xe, 0xfe, 0xcc, 0xcc, 0xca,
    0xe, 0xff, 0xff, 0xff, 0xfd,

    /* U+013A "ĺ" */
    0x0, 0x7b, 0xb3, 0x4, 0xff, 0x60, 0xe, 0xf5,
    0x0, 0x0, 0x0, 0x0, 0x0, 0x0, 0x0, 0xc,
    0xf7, 0x0, 0xc, 0xf7, 0x0, 0xc, 0xf7, 0x0,
    0xc, 0xf7, 0x0, 0xc, 0xf7, 0x0, 0xc, 0xf7,
    0x0, 0xc, 0xf7, 0x0, 0xc, 0xf7, 0x0, 0xc,
    0xf7, 0x0, 0xc, 0xf7, 0x0, 0xc, 0xf7, 0x0,
    0xc, 0xf7, 0x0,

    /* U+013B "Ļ" */
    0xef, 0x70, 0x0, 0x0, 0xe, 0xf7, 0x0, 0x0,
    0x0, 0xef, 0x70, 0x0, 0x0, 0xe, 0xf7, 0x0,
    0x0, 0x0, 0xef, 0x70, 0x0, 0x0, 0xe, 0xf7,
    0x0, 0x0, 0x0, 0xef, 0x70, 0x0, 0x0, 0xe,
    0xf7, 0x0, 0x0, 0x0, 0xef, 0x70, 0x0, 0x0,
    0xe, 0xf7, 0x0, 0x0, 0x0, 0xef, 0xec, 0xcc,
    0xcc, 0xae, 0xff, 0xff, 0xff, 0xfd, 0x0, 0x0,
    0x0, 0x0, 0x0, 0x0, 0x13, 0x30, 0x0, 0x0,
    0x7, 0xff, 0x0, 0x0, 0x0, 0x7f, 0xf0, 0x0,
    0x0, 0x0, 0x6d, 0x0, 0x0, 0x0, 0x6e, 0x40,
    0x0, 0x0, 0x1, 0x0, 0x0, 0x0,

    /* U+013C "ļ" */
    0xcf, 0x7c, 0xf7, 0xcf, 0x7c, 0xf7, 0xcf, 0x7c,
    0xf7, 0xcf, 0x7c, 0xf7, 0xcf, 0x7c, 0xf7, 0xcf,
    0x7c, 0xf7, 0x0, 0x2, 0x31, 0xef, 0x9e, 0xf8,
    0xd, 0x6c, 0xb0, 0x20, 0x0,

    /* U+013D "Ľ" */
    0xef, 0x70, 0x5, 0xf9, 0xe, 0xf7, 0x0, 0x5f,
    0x70, 0xef, 0x70, 0x5, 0xf5, 0xe, 0xf7, 0x0,
    0x5f, 0x30, 0xef, 0x70, 0x0, 0x0, 0xe, 0xf7,
    0x0, 0x0, 0x0, 0xef, 0x70, 0x0, 0x0, 0xe,
    0xf7, 0x0, 0x0, 0x0, 0xef, 0x70, 0x0, 0x0,
    0xe, 0xf7, 0x0, 0x0, 0x0, 0xef, 0xec, 0xcc,
    0xcc, 0xae, 0xff, 0xff, 0xff, 0xfd,

    /* U+013E "ľ" */
    0xcf, 0x78, 0xf6, 0xcf, 0x78, 0xf4, 0xcf, 0x78,
    0xf2, 0xcf, 0x77, 0xf0, 0xcf, 0x70, 0x0, 0xcf,
    0x70, 0x0, 0xcf, 0x70, 0x0, 0xcf, 0x70, 0x0,
    0xcf, 0x70, 0x0, 0xcf, 0x70, 0x0, 0xcf, 0x70,
    0x0, 0xcf, 0x70, 0x0,

    /* U+0141 "Ł" */
    0xc, 0xf9, 0x0, 0x0, 0x0, 0xc, 0xf9, 0x0,
    0x0, 0x0, 0xc, 0xf9, 0x0, 0x0, 0x0, 0xc,
    0xf9, 0x5, 0x20, 0x0, 0xc, 0xfd, 0xef, 0x40,
    0x0, 0x4e, 0xff, 0xa4, 0x0, 0x0, 0xff, 0xf9,
    0x0, 0x0, 0x0, 0x4c, 0xf9, 0x0, 0x0, 0x0,
    0xc, 0xf9, 0x0, 0x0, 0x0, 0xc, 0xf9, 0x0,
    0x0, 0x0, 0xc, 0xfe, 0xcc, 0xcc, 0xcb, 0xc,
    0xff, 0xff, 0xff, 0xff,

    /* U+0142 "ł" */
    0x8, 0xfc, 0x0, 0x8, 0xfc, 0x0, 0x8, 0xfc,
    0x0, 0x8, 0xfc, 0x0, 0x8, 0xfe, 0xd2, 0x2b,
    0xff, 0x91, 0xef, 0xfc, 0x0, 0x38, 0xfc, 0x0,
    0x8, 0xfc, 0x0, 0x8, 0xfc, 0x0, 0x8, 0xfc,
    0x0, 0x8, 0xfc, 0x0,

    /* U+0143 "Ń" */
    0x0, 0x0, 0x5, 0xbb, 0x50, 0x0, 0x0, 0x1,
    0xff, 0x90, 0x0, 0x0, 0x0, 0xbf, 0x70, 0x0,
    0x0, 0x0, 0x0, 0x0, 0x0, 0x0, 0x0, 0x0,
    0x0, 0x0, 0x0, 0xe, 0xff, 0x50, 0x0, 0x5,
    0xff, 0xef, 0xfe, 0x0, 0x0, 0x5f, 0xfe, 0xff,
    0xf8, 0x0, 0x5, 0xff, 0xef, 0x8f, 0xf2, 0x0,
    0x5f, 0xfe, 0xf6, 0x8f, 0xb0, 0x5, 0xff, 0xef,
    0x60, 0xdf, 0x50, 0x5f, 0xfe, 0xf6, 0x4, 0xfe,
    0x5, 0xff, 0xef, 0x60, 0xb, 0xf9, 0x5f, 0xfe,
    0xf6, 0x0, 0x2f, 0xf8, 0xff, 0xef, 0x60, 0x0,
    0x7f, 0xff, 0xfe, 0xf6, 0x0, 0x0, 0xdf, 0xff,
    0xef, 0x60, 0x0, 0x4, 0xff, 0xf0,

    /* U+0144 "ń" */
    0x0, 0x0, 0x2f, 0xfb, 0x0, 0x0, 0xc, 0xfa,
    0x0, 0x0, 0x4, 0xb8, 0x0, 0x0, 0x0, 0x0,
    0x0, 0x0, 0xcf, 0x65, 0xcf, 0xe9, 0xc, 0xfc,
    0xfa, 0xbf, 0xf9, 0xcf, 0xe2, 0x0, 0x8f, 0xec,
    0xf8, 0x0, 0x5, 0xff, 0xcf, 0x70, 0x0, 0x5f,
    0xfc, 0xf7, 0x0, 0x5, 0xff, 0xcf, 0x70, 0x0,
    0x5f, 0xfc, 0xf7, 0x0, 0x5, 0xff, 0xcf, 0x70,
    0x0, 0x5f, 0xf0,

    /* U+0145 "Ņ" */
    0xef, 0xf5, 0x0, 0x0, 0x5f, 0xfe, 0xff, 0xe0,
    0x0, 0x5, 0xff, 0xef, 0xff, 0x80, 0x0, 0x5f,
    0xfe, 0xf8, 0xff, 0x20, 0x5, 0xff, 0xef, 0x68,
    0xfb, 0x0, 0x5f, 0xfe, 0xf6, 0xd, 0xf5, 0x5,
    0xff, 0xef, 0x60, 0x4f, 0xe0, 0x5f, 0xfe, 0xf6,
    0x0, 0xbf, 0x95, 0xff, 0xef, 0x60, 0x2, 0xff,
    0x8f, 0xfe, 0xf6, 0x0, 0x7, 0xff, 0xff, 0xef,
    0x60, 0x0, 0xd, 0xff, 0xfe, 0xf6, 0x0, 0x0,
    0x4f, 0xff, 0x0, 0x0, 0x0, 0x0, 0x0, 0x0,
    0x0, 0x2, 0x32, 0x0, 0x0, 0x0, 0x0, 0xbf,
    0xc0, 0x0, 0x0, 0x0, 0xb, 0xfc, 0x0, 0x0,
    0x0, 0x0, 0xa, 0x90, 0x0, 0x0, 0x0, 0x9,
    0xd2, 0x0, 0x0, 0x0, 0x0, 0x20, 0x0, 0x0,
    0x0,

    /* U+0146 "ņ" */
    0xcf, 0x65, 0xcf, 0xe9, 0xc, 0xfc, 0xfa, 0xbf,
    0xf9, 0xcf, 0xe2, 0x0, 0x8f, 0xec, 0xf8, 0x0,
    0x5, 0xff, 0xcf, 0x70, 0x0, 0x5f, 0xfc, 0xf7,
    0x0, 0x5, 0xff, 0xcf, 0x70, 0x0, 0x5f, 0xfc,
    0xf7, 0x0, 0x5, 0xff, 0xcf, 0x70, 0x0, 0x5f,
    0xf0, 0x0, 0x0, 0x0, 0x0, 0x0, 0x1, 0x33,
    0x0, 0x0, 0x0, 0x8f, 0xf0, 0x0, 0x0, 0x8,
    0xfe, 0x0, 0x0, 0x0, 0x7, 0xc0, 0x0, 0x0,
    0x6, 0xe3, 0x0, 0x0, 0x0, 0x10, 0x0, 0x0,

    /* U+0147 "Ň" */
    0x0, 0x67, 0x10, 0x17, 0x70, 0x0, 0x4, 0xfd,
    0x3d, 0xf4, 0x0, 0x0, 0x7, 0xff, 0xf8, 0x0,
    0x0, 0x0, 0x6, 0x87, 0x0, 0x0, 0x0, 0x0,
    0x0, 0x0, 0x0, 0xe, 0xff, 0x50, 0x0, 0x5,
    0xff, 0xef, 0xfe, 0x0, 0x0, 0x5f, 0xfe, 0xff,
    0xf8, 0x0, 0x5, 0xff, 0xef, 0x8f, 0xf2, 0x0,
    0x5f, 0xfe, 0xf6, 0x8f, 0xb0, 0x5, 0xff, 0xef,
    0x60, 0xdf, 0x50, 0x5f, 0xfe, 0xf6, 0x4, 0xfe,
    0x5, 0xff, 0xef, 0x60, 0xb, 0xf9, 0x5f, 0xfe,
    0xf6, 0x0, 0x2f, 0xf8, 0xff, 0xef, 0x60, 0x0,
    0x7f, 0xff, 0xfe, 0xf6, 0x0, 0x0, 0xdf, 0xff,
    0xef, 0x60, 0x0, 0x4, 0xff, 0xf0,

    /* U+0148 "ň" */
    0x3, 0xfc, 0x12, 0xde, 0x20, 0x5, 0xfe, 0xef,
    0x30, 0x0, 0x6, 0xbb, 0x50, 0x0, 0x0, 0x0,
    0x0, 0x0, 0xcf, 0x65, 0xcf, 0xe9, 0xc, 0xfc,
    0xfa, 0xbf, 0xf9, 0xcf, 0xe2, 0x0, 0x8f, 0xec,
    0xf8, 0x0, 0x5, 0xff, 0xcf, 0x70, 0x0, 0x5f,
    0xfc, 0xf7, 0x0, 0x5, 0xff, 0xcf, 0x70, 0x0,
    0x5f, 0xfc, 0xf7, 0x0, 0x5, 0xff, 0xcf, 0x70,
    0x0, 0x5f, 0xf0,

    /* U+014A "Ŋ" */
    0xff, 0xf4, 0x0, 0x0, 0x6f, 0xef, 0xff, 0xe1,
    0x0, 0x6, 0xfe, 0xff, 0xff, 0xa0, 0x0, 0x6f,
    0xef, 0xf7, 0xff, 0x50, 0x6, 0xfe, 0xff, 0x56,
    0xfe, 0x10, 0x6f, 0xef, 0xf5, 0xb, 0xfa, 0x6,
    0xfe, 0xff, 0x50, 0x2f, 0xf5, 0x6f, 0xef, 0xf5,
    0x0, 0x6f, 0xe7, 0xfe, 0xff, 0x50, 0x0, 0xbf,
    0xff, 0xef, 0xf5, 0x0, 0x1, 0xff, 0xfe, 0xff,
    0x50, 0x0, 0x6, 0xff, 0xef, 0xf5, 0x0, 0x0,
    0xb, 0xff, 0x0, 0x0, 0x0, 0x0, 0x6f, 0xe0,
    0x0, 0x0, 0x0, 0x8, 0xfd, 0x0, 0x0, 0x0,
    0xad, 0xff, 0x90, 0x0, 0x0, 0xa, 0xfe, 0xa0,

    /* U+014B "ŋ" */
    0xcf, 0x65, 0xcf, 0xe9, 0xc, 0xfc, 0xfd, 0xdf,
    0xf8, 0xcf, 0xf3, 0x0, 0x9f, 0xec, 0xf9, 0x0,
    0x5, 0xff, 0xcf, 0x70, 0x0, 0x5f, 0xfc, 0xf7,
    0x0, 0x5, 0xff, 0xcf, 0x70, 0x0, 0x5f, 0xfc,
    0xf7, 0x0, 0x5, 0xff, 0xcf, 0x70, 0x0, 0x5f,
    0xf0, 0x0, 0x0, 0x5, 0xff, 0x0, 0x0, 0x0,
    0x6f, 0xe0, 0x0, 0x1, 0xcf, 0xfb, 0x0, 0x0,
    0x1f, 0xfb, 0x10,

    /* U+014C "Ō" */
    0x0, 0x1, 0xff, 0xff, 0xff, 0x60, 0x0, 0x0,
    0x0, 0x99, 0x99, 0x99, 0x30, 0x0, 0x0, 0x0,
    0x0, 0x0, 0x0, 0x0, 0x0, 0x0, 0x0, 0x0,
    0x0, 0x0, 0x0, 0x0, 0x0, 0x1, 0x8d, 0xff,
    0xea, 0x30, 0x0, 0x0, 0x5f, 0xff, 0xed, 0xff,
    0xf9, 0x0, 0x4, 0xff, 0xb2, 0x0, 0x18, 0xff,
    0x80, 0xd, 0xfb, 0x0, 0x0, 0x0, 0x7f, 0xf2,
    0x2f, 0xf4, 0x0, 0x0, 0x0, 0xf, 0xf7, 0x4f,
    0xf1, 0x0, 0x0, 0x0, 0xc, 0xf9, 0x4f, 0xf1,
    0x0, 0x0, 0x0, 0xc, 0xf9, 0x2f, 0xf4, 0x0,
    0x0, 0x0, 0xf, 0xf6, 0xc, 0xfc, 0x0, 0x0,
    0x0, 0x8f, 0xf1, 0x3, 0xff, 0xb2, 0x0, 0x18,
    0xff, 0x80, 0x0, 0x5f, 0xff, 0xed, 0xff, 0xf8,
    0x0, 0x0, 0x1, 0x8d, 0xff, 0xea, 0x30, 0x0,

    /* U+014D "ō" */
    0x0, 0xef, 0xff, 0xff, 0x90, 0x0, 0x8, 0x99,
    0x99, 0x95, 0x0, 0x0, 0x0, 0x0, 0x0, 0x0,
    0x0, 0x3, 0xbe, 0xfe, 0x92, 0x0, 0x6, 0xff,
    0xec, 0xff, 0xf3, 0x1, 0xff, 0x90, 0x1, 0xcf,
    0xd0, 0x6f, 0xf0, 0x0, 0x3, 0xff, 0x28, 0xfd,
    0x0, 0x0, 0x1f, 0xf4, 0x6f, 0xf0, 0x0, 0x4,
    0xff, 0x21, 0xff, 0x90, 0x1, 0xcf, 0xc0, 0x6,
    0xff, 0xec, 0xff, 0xe2, 0x0, 0x3, 0xbe, 0xfe,
    0x91, 0x0,

    /* U+0150 "Ő" */
    0x0, 0x0, 0xb, 0xb4, 0x2b, 0xb2, 0x0, 0x0,
    0x0, 0x6f, 0xc0, 0x8f, 0xa0, 0x0, 0x0, 0x0,
    0xcf, 0x20, 0xee, 0x10, 0x0, 0x0, 0x0, 0x0,
    0x0, 0x0, 0x0, 0x0, 0x0, 0x0, 0x0, 0x0,
    0x0, 0x0, 0x0, 0x0, 0x1, 0x8d, 0xff, 0xea,
    0x30, 0x0, 0x0, 0x5f, 0xff, 0xed, 0xff, 0xf9,
    0x0, 0x4, 0xff, 0xb2, 0x0, 0x18, 0xff, 0x80,
    0xd, 0xfb, 0x0, 0x0, 0x0, 0x7f, 0xf2, 0x2f,
    0xf4, 0x0, 0x0, 0x0, 0xf, 0xf7, 0x4f, 0xf1,
    0x0, 0x0, 0x0, 0xc, 0xf9, 0x4f, 0xf1, 0x0,
    0x0, 0x0, 0xc, 0xf9, 0x2f, 0xf4, 0x0, 0x0,
    0x0, 0xf, 0xf6, 0xc, 0xfc, 0x0, 0x0, 0x0,
    0x8f, 0xf1, 0x3, 0xff, 0xb2, 0x0, 0x18, 0xff,
    0x80, 0x0, 0x5f, 0xff, 0xed, 0xff, 0xf8, 0x0,
    0x0, 0x1, 0x8d, 0xff, 0xea, 0x30, 0x0,

    /* U+0151 "ő" */
    0x0, 0xd, 0xf9, 0x1f, 0xf6, 0x0, 0x4, 0xfd,
    0x6, 0xfb, 0x0, 0x0, 0x6b, 0x30, 0x8b, 0x10,
    0x0, 0x0, 0x0, 0x0, 0x0, 0x0, 0x0, 0x3b,
    0xef, 0xe9, 0x20, 0x0, 0x6f, 0xfe, 0xcf, 0xff,
    0x30, 0x1f, 0xf9, 0x0, 0x1c, 0xfd, 0x6, 0xff,
    0x0, 0x0, 0x3f, 0xf2, 0x8f, 0xd0, 0x0, 0x1,
    0xff, 0x46, 0xff, 0x0, 0x0, 0x4f, 0xf2, 0x1f,
    0xf9, 0x0, 0x1c, 0xfc, 0x0, 0x6f, 0xfe, 0xcf,
    0xfe, 0x20, 0x0, 0x3b, 0xef, 0xe9, 0x10, 0x0,

    /* U+0152 "Œ" */
    0x0, 0x0, 0x7b, 0xef, 0xff, 0xff, 0xff, 0xff,
    0xff, 0x60, 0x4, 0xef, 0xff, 0xdd, 0xff, 0xfe,
    0xdd, 0xdd, 0xd5, 0x3, 0xff, 0xc3, 0x0, 0x2,
    0xff, 0x30, 0x0, 0x0, 0x0, 0xcf, 0xc0, 0x0,
    0x0, 0x2f, 0xf3, 0x0, 0x0, 0x0, 0x2f, 0xf4,
    0x0, 0x0, 0x2, 0xff, 0xcc, 0xcc, 0xcb, 0x4,
    0xff, 0x10, 0x0, 0x0, 0x2f, 0xff, 0xff, 0xff,
    0xe0, 0x4f, 0xf1, 0x0, 0x0, 0x2, 0xff, 0x30,
    0x0, 0x0, 0x2, 0xff, 0x40, 0x0, 0x0, 0x2f,
    0xf3, 0x0, 0x0, 0x0, 0xc, 0xfc, 0x0, 0x0,
    0x2, 0xff, 0x30, 0x0, 0x0, 0x0, 0x3f, 0xfc,
    0x30, 0x0, 0x3f, 0xf3, 0x0, 0x0, 0x0, 0x0,
    0x4e, 0xff, 0xed, 0xdf, 0xff, 0xdd, 0xdd, 0xdd,
    0x70, 0x0, 0x7, 0xbe, 0xff, 0xef, 0xff, 0xff,
    0xff, 0xf9,

    /* U+0153 "œ" */
    0x0, 0x4b, 0xff, 0xd7, 0x3, 0xbf, 0xfd, 0x70,
    0x0, 0x6f, 0xfd, 0xcf, 0xfc, 0xff, 0xec, 0xff,
    0xa0, 0x1f, 0xf8, 0x0, 0x3f, 0xff, 0x90, 0x2,
    0xff, 0x46, 0xff, 0x0, 0x0, 0x9f, 0xf9, 0x88,
    0x8e, 0xf8, 0x8f, 0xd0, 0x0, 0x8, 0xff, 0xff,
    0xff, 0xff, 0x96, 0xff, 0x0, 0x0, 0x9f, 0xf0,
    0x0, 0x0, 0x0, 0x1f, 0xf8, 0x0, 0x3f, 0xff,
    0x90, 0x1, 0xbb, 0x20, 0x6f, 0xfe, 0xcf, 0xfc,
    0xff, 0xec, 0xff, 0x90, 0x0, 0x4b, 0xff, 0xd7,
    0x2, 0xae, 0xfd, 0x70, 0x0,

    /* U+0154 "Ŕ" */
    0x0, 0x0, 0xa, 0xba, 0x0, 0x0, 0x0, 0x9,
    0xfe, 0x20, 0x0, 0x0, 0x4, 0xfd, 0x10, 0x0,
    0x0, 0x0, 0x0, 0x0, 0x0, 0x0, 0x0, 0x0,
    0x0, 0x0, 0x0, 0xf, 0xff, 0xff, 0xfe, 0xb4,
    0x0, 0xff, 0xec, 0xcc, 0xef, 0xf6, 0xf, 0xf6,
    0x0, 0x0, 0x8f, 0xe0, 0xff, 0x60, 0x0, 0x3,
    0xff, 0xf, 0xf6, 0x0, 0x2, 0xbf, 0xd0, 0xff,
    0xff, 0xff, 0xff, 0xe3, 0xf, 0xfe, 0xff, 0xea,
    0x61, 0x0, 0xff, 0x69, 0xff, 0x40, 0x0, 0xf,
    0xf6, 0xa, 0xff, 0x40, 0x0, 0xff, 0x60, 0xb,
    0xff, 0x40, 0xf, 0xf6, 0x0, 0xc, 0xff, 0x40,
    0xff, 0x60, 0x0, 0x1d, 0xff, 0x40,

    /* U+0155 "ŕ" */
    0x0, 0x3f, 0xfa, 0x0, 0xd, 0xf9, 0x0, 0x5,
    0xb7, 0x0, 0x0, 0x0, 0x0, 0x0, 0xcf, 0x68,
    0xeb, 0xc, 0xfd, 0xff, 0xa0, 0xcf, 0xf4, 0x0,
    0xc, 0xf9, 0x0, 0x0, 0xcf, 0x70, 0x0, 0xc,
    0xf7, 0x0, 0x0, 0xcf, 0x70, 0x0, 0xc, 0xf7,
    0x0, 0x0, 0xcf, 0x70, 0x0, 0x0,

    /* U+0156 "Ŗ" */
    0xff, 0xff, 0xff, 0xeb, 0x40, 0xf, 0xfe, 0xcc,
    0xce, 0xff, 0x50, 0xff, 0x60, 0x0, 0x9, 0xfe,
    0xf, 0xf6, 0x0, 0x0, 0x3f, 0xf0, 0xff, 0x60,
    0x0, 0x8, 0xfe, 0xf, 0xfd, 0xbb, 0xbd, 0xff,
    0x50, 0xff, 0xff, 0xff, 0xeb, 0x40, 0xf, 0xf7,
    0xbf, 0xe2, 0x0, 0x0, 0xff, 0x60, 0xcf, 0xe2,
    0x0, 0xf, 0xf6, 0x1, 0xdf, 0xe3, 0x0, 0xff,
    0x60, 0x1, 0xdf, 0xe3, 0xf, 0xf6, 0x0, 0x1,
    0xef, 0xf4, 0x0, 0x0, 0x0, 0x0, 0x0, 0x0,
    0x0, 0x3, 0x30, 0x0, 0x0, 0x0, 0x4, 0xff,
    0x30, 0x0, 0x0, 0x0, 0x4f, 0xf3, 0x0, 0x0,
    0x0, 0x0, 0x3f, 0x10, 0x0, 0x0, 0x0, 0x3e,
    0x70, 0x0, 0x0, 0x0, 0x1, 0x10, 0x0, 0x0,
    0x0,

    /* U+0157 "ŗ" */
    0x0, 0x0, 0x0, 0xcf, 0x68, 0xeb, 0xcf, 0xdf,
    0xfa, 0xcf, 0xf4, 0x0, 0xcf, 0x90, 0x0, 0xcf,
    0x70, 0x0, 0xcf, 0x70, 0x0, 0xcf, 0x70, 0x0,
    0xcf, 0x70, 0x0, 0xcf, 0x70, 0x0, 0x0, 0x0,
    0x0, 0x33, 0x10, 0x0, 0xff, 0x80, 0x0, 0xff,
    0x80, 0x0, 0xd, 0x60, 0x0, 0xdb, 0x0, 0x0,
    0x20, 0x0, 0x0,

    /* U+0158 "Ř" */
    0x3, 0x85, 0x0, 0x58, 0x20, 0x0, 0xc, 0xf6,
    0x7f, 0xb0, 0x0, 0x0, 0x1e, 0xff, 0xd1, 0x0,
    0x0, 0x0, 0x38, 0x82, 0x0, 0x0, 0x0, 0x0,
    0x0, 0x0, 0x0, 0xf, 0xff, 0xff, 0xfe, 0xb4,
    0x0, 0xff, 0xec, 0xcc, 0xef, 0xf6, 0xf, 0xf6,
    0x0, 0x0, 0x8f, 0xe0, 0xff, 0x60, 0x0, 0x3,
    0xff, 0xf, 0xf6, 0x0, 0x2, 0xbf, 0xd0, 0xff,
    0xff, 0xff, 0xff, 0xe3, 0xf, 0xfe, 0xff, 0xea,
    0x61, 0x0, 0xff, 0x69, 0xff, 0x40, 0x0, 0xf,
    0xf6, 0xa, 0xff, 0x40, 0x0, 0xff, 0x60, 0xb,
    0xff, 0x40, 0xf, 0xf6, 0x0, 0xc, 0xff, 0x40,
    0xff, 0x60, 0x0, 0x1d, 0xff, 0x40,

    /* U+0159 "ř" */
    0x4f, 0xc1, 0x2e, 0xe1, 0x5, 0xfd, 0xff, 0x30,
    0x0, 0x7b, 0xb4, 0x0, 0x0, 0x0, 0x0, 0x0,
    0xc, 0xf6, 0x8e, 0xb0, 0xc, 0xfd, 0xff, 0xa0,
    0xc, 0xff, 0x40, 0x0, 0xc, 0xf9, 0x0, 0x0,
    0xc, 0xf7, 0x0, 0x0, 0xc, 0xf7, 0x0, 0x0,
    0xc, 0xf7, 0x0, 0x0, 0xc, 0xf7, 0x0, 0x0,
    0xc, 0xf7, 0x0, 0x0,

    /* U+015A "Ś" */
    0x0, 0x0, 0x1, 0xbb, 0x90, 0x0, 0x0, 0x0,
    0xaf, 0xd1, 0x0, 0x0, 0x0, 0x6f, 0xc1, 0x0,
    0x0, 0x0, 0x0, 0x0, 0x0, 0x0, 0x0, 0x0,
    0x0, 0x0, 0x0, 0x0, 0x2, 0xae, 0xff, 0xc7,
    0x0, 0x3, 0xff, 0xec, 0xcf, 0xfc, 0x0, 0xbf,
    0xa0, 0x0, 0x2e, 0xf7, 0xc, 0xf8, 0x0, 0x0,
    0x59, 0x60, 0x8f, 0xf9, 0x40, 0x0, 0x0, 0x0,
    0x9f, 0xff, 0xfb, 0x60, 0x0, 0x0, 0x27, 0xcf,
    0xff, 0xd2, 0x0, 0x0, 0x0, 0x5, 0xef, 0xb5,
    0xfd, 0x0, 0x0, 0x5, 0xff, 0x1f, 0xfa, 0x0,
    0x0, 0x9f, 0xd0, 0x5f, 0xff, 0xcb, 0xef, 0xf5,
    0x0, 0x29, 0xdf, 0xfe, 0xa3, 0x0,

    /* U+015B "ś" */
    0x0, 0x0, 0xaf, 0xf5, 0x0, 0x0, 0x5f, 0xf4,
    0x0, 0x0, 0xa, 0xb3, 0x0, 0x0, 0x0, 0x0,
    0x0, 0x0, 0x2, 0xae, 0xfe, 0xa2, 0x0, 0xdf,
    0xb8, 0xbf, 0xe1, 0x2f, 0xf0, 0x0, 0x79, 0x30,
    0xef, 0xd8, 0x51, 0x0, 0x3, 0xcf, 0xff, 0xf8,
    0x0, 0x0, 0x15, 0x8f, 0xf5, 0x6e, 0x90, 0x0,
    0x9f, 0x81, 0xef, 0xc9, 0xaf, 0xf4, 0x2, 0xae,
    0xff, 0xc5, 0x0,

    /* U+015E "Ş" */
    0x0, 0x2a, 0xef, 0xfc, 0x70, 0x0, 0x3f, 0xfe,
    0xcc, 0xff, 0xc0, 0xb, 0xfa, 0x0, 0x2, 0xef,
    0x70, 0xcf, 0x80, 0x0, 0x5, 0x96, 0x8, 0xff,
    0x94, 0x0, 0x0, 0x0, 0x9, 0xff, 0xff, 0xb6,
    0x0, 0x0, 0x2, 0x7c, 0xff, 0xfd, 0x20, 0x0,
    0x0, 0x0, 0x5e, 0xfb, 0x5f, 0xd0, 0x0, 0x0,
    0x5f, 0xf1, 0xff, 0xa0, 0x0, 0x9, 0xfd, 0x5,
    0xff, 0xfc, 0xbe, 0xff, 0x50, 0x2, 0x9d, 0xff,
    0xea, 0x30, 0x0, 0x0, 0xc, 0xc1, 0x0, 0x0,
    0x0, 0x0, 0xcf, 0xe0, 0x0, 0x0, 0x3, 0xa3,
    0x9f, 0x10, 0x0, 0x0, 0x1b, 0xfe, 0x80, 0x0,

    /* U+015F "ş" */
    0x2, 0xae, 0xfe, 0xa2, 0x0, 0xdf, 0xb8, 0xbf,
    0xe1, 0x2f, 0xf0, 0x0, 0x79, 0x30, 0xef, 0xd8,
    0x51, 0x0, 0x3, 0xcf, 0xff, 0xf8, 0x0, 0x0,
    0x15, 0x8f, 0xf5, 0x6e, 0x90, 0x0, 0x9f, 0x81,
    0xef, 0xc9, 0xaf, 0xf4, 0x2, 0xae, 0xff, 0xc5,
    0x0, 0x0, 0x2f, 0x70, 0x0, 0x0, 0x4, 0xdf,
    0x80, 0x0, 0x7, 0x82, 0xeb, 0x0, 0x0, 0x4d,
    0xfd, 0x30, 0x0,

    /* U+0160 "Š" */
    0x0, 0x38, 0x40, 0x6, 0x82, 0x0, 0x0, 0xdf,
    0x57, 0xfb, 0x0, 0x0, 0x3, 0xff, 0xfe, 0x10,
    0x0, 0x0, 0x6, 0xbb, 0x40, 0x0, 0x0, 0x0,
    0x0, 0x0, 0x0, 0x0, 0x2, 0xae, 0xff, 0xd8,
    0x10, 0x3, 0xff, 0xeb, 0xcf, 0xfe, 0x20, 0xbf,
    0xa0, 0x0, 0x1c, 0xf9, 0xc, 0xf8, 0x0, 0x0,
    0x0, 0x0, 0x8f, 0xf9, 0x40, 0x0, 0x0, 0x0,
    0x9f, 0xff, 0xfb, 0x60, 0x0, 0x0, 0x27, 0xcf,
    0xff, 0xd2, 0x2, 0x10, 0x0, 0x5, 0xef, 0xb5,
    0xff, 0x0, 0x0, 0x5, 0xff, 0xe, 0xfa, 0x10,
    0x0, 0x9f, 0xd0, 0x4f, 0xff, 0xcb, 0xef, 0xf5,
    0x0, 0x29, 0xdf, 0xfe, 0xa3, 0x0,

    /* U+0161 "š" */
    0xa, 0xf6, 0x7, 0xf9, 0x0, 0xc, 0xfc, 0xfc,
    0x0, 0x0, 0x1d, 0xdc, 0x10, 0x0, 0x0, 0x0,
    0x0, 0x0, 0x2, 0xae, 0xfe, 0xb3, 0x0, 0xdf,
    0xb8, 0xbf, 0xf1, 0x2f, 0xf0, 0x0, 0x57, 0x20,
    0xef, 0xd8, 0x51, 0x0, 0x3, 0xcf, 0xff, 0xf8,
    0x0, 0x0, 0x15, 0x8f, 0xf5, 0x6e, 0x90, 0x0,
    0x9f, 0x81, 0xef, 0xc9, 0xaf, 0xf4, 0x2, 0xae,
    0xff, 0xc5, 0x0,

    /* U+0164 "Ť" */
    0x0, 0x38, 0x50, 0x5, 0x82, 0x0, 0x0, 0xc,
    0xf6, 0x7f, 0xb0, 0x0, 0x0, 0x1, 0xef, 0xfd,
    0x10, 0x0, 0x0, 0x0, 0x38, 0x82, 0x0, 0x0,
    0x0, 0x0, 0x0, 0x0, 0x0, 0x0, 0x8f, 0xff,
    0xff, 0xff, 0xff, 0xf7, 0x6c, 0xcc, 0xdf, 0xfd,
    0xcc, 0xc5, 0x0, 0x0, 0x3f, 0xf2, 0x0, 0x0,
    0x0, 0x0, 0x3f, 0xf2, 0x0, 0x0, 0x0, 0x0,
    0x3f, 0xf2, 0x0, 0x0, 0x0, 0x0, 0x3f, 0xf2,
    0x0, 0x0, 0x0, 0x0, 0x3f, 0xf2, 0x0, 0x0,
    0x0, 0x0, 0x3f, 0xf2, 0x0, 0x0, 0x0, 0x0,
    0x3f, 0xf2, 0x0, 0x0, 0x0, 0x0, 0x3f, 0xf2,
    0x0, 0x0, 0x0, 0x0, 0x3f, 0xf2, 0x0, 0x0,
    0x0, 0x0, 0x3f, 0xf2, 0x0, 0x0,

    /* U+0165 "ť" */
    0x0, 0x0, 0x3, 0xfa, 0x0, 0x0, 0x3, 0xf8,
    0x0, 0x5b, 0x43, 0xf6, 0x0, 0xff, 0x53, 0xf5,
    0x0, 0xff, 0x50, 0x0, 0xbf, 0xff, 0xff, 0xd0,
    0x8b, 0xff, 0xdb, 0x90, 0x0, 0xff, 0x50, 0x0,
    0x0, 0xff, 0x50, 0x0, 0x0, 0xff, 0x50, 0x0,
    0x0, 0xff, 0x50, 0x0, 0x0, 0xef, 0x70, 0x0,
    0x0, 0xaf, 0xfc, 0xb0, 0x0, 0x1a, 0xef, 0xb0,

    /* U+016A "Ū" */
    0x0, 0xe, 0xff, 0xff, 0xf9, 0x0, 0x0, 0x8,
    0x99, 0x99, 0x95, 0x0, 0x0, 0x0, 0x0, 0x0,
    0x0, 0x0, 0x0, 0x0, 0x0, 0x0, 0x0, 0x0,
    0xf, 0xf5, 0x0, 0x0, 0xa, 0xfb, 0xf, 0xf5,
    0x0, 0x0, 0xa, 0xfb, 0xf, 0xf5, 0x0, 0x0,
    0xa, 0xfb, 0xf, 0xf5, 0x0, 0x0, 0xa, 0xfb,
    0xf, 0xf5, 0x0, 0x0, 0xa, 0xfb, 0xf, 0xf5,
    0x0, 0x0, 0xa, 0xfb, 0xf, 0xf5, 0x0, 0x0,
    0xa, 0xfb, 0xf, 0xf5, 0x0, 0x0, 0xb, 0xfa,
    0xc, 0xf9, 0x0, 0x0, 0xe, 0xf7, 0x7, 0xff,
    0x50, 0x0, 0x9f, 0xf2, 0x0, 0xbf, 0xfe, 0xdf,
    0xff, 0x60, 0x0, 0x7, 0xcf, 0xfe, 0xb4, 0x0,

    /* U+016B "ū" */
    0xc, 0xff, 0xff, 0xfa, 0x0, 0x79, 0x99, 0x99,
    0x60, 0x0, 0x0, 0x0, 0x0, 0xe, 0xf5, 0x0,
    0xa, 0xfa, 0xef, 0x50, 0x0, 0xaf, 0xae, 0xf5,
    0x0, 0xa, 0xfa, 0xef, 0x50, 0x0, 0xaf, 0xae,
    0xf5, 0x0, 0xa, 0xfa, 0xef, 0x50, 0x0, 0xcf,
    0xad, 0xf9, 0x0, 0x5f, 0xfa, 0x8f, 0xfd, 0xdf,
    0xcf, 0xa0, 0x9e, 0xfc, 0x48, 0xfa,

    /* U+016C "Ŭ" */
    0x0, 0x5, 0x70, 0x2, 0x83, 0x0, 0x0, 0x7,
    0xfb, 0x9d, 0xf2, 0x0, 0x0, 0x0, 0x8e, 0xfd,
    0x40, 0x0, 0x0, 0x0, 0x0, 0x0, 0x0, 0x0,
    0x0, 0x0, 0x0, 0x0, 0x0, 0x0, 0xf, 0xf5,
    0x0, 0x0, 0xa, 0xfb, 0xf, 0xf5, 0x0, 0x0,
    0xa, 0xfb, 0xf, 0xf5, 0x0, 0x0, 0xa, 0xfb,
    0xf, 0xf5, 0x0, 0x0, 0xa, 0xfb, 0xf, 0xf5,
    0x0, 0x0, 0xa, 0xfb, 0xf, 0xf5, 0x0, 0x0,
    0xa, 0xfb, 0xf, 0xf5, 0x0, 0x0, 0xa, 0xfb,
    0xf, 0xf5, 0x0, 0x0, 0xb, 0xfa, 0xc, 0xf9,
    0x0, 0x0, 0xe, 0xf7, 0x7, 0xff, 0x50, 0x0,
    0x9f, 0xf2, 0x0, 0xbf, 0xfe, 0xdf, 0xff, 0x60,
    0x0, 0x7, 0xcf, 0xfe, 0xb4, 0x0,

    /* U+016D "ŭ" */
    0x9, 0xf1, 0x3, 0xf7, 0x0, 0x4f, 0xd9, 0xef,
    0x20, 0x0, 0x6d, 0xfd, 0x40, 0x0, 0x0, 0x0,
    0x0, 0x0, 0xef, 0x50, 0x0, 0xaf, 0xae, 0xf5,
    0x0, 0xa, 0xfa, 0xef, 0x50, 0x0, 0xaf, 0xae,
    0xf5, 0x0, 0xa, 0xfa, 0xef, 0x50, 0x0, 0xaf,
    0xae, 0xf5, 0x0, 0xc, 0xfa, 0xdf, 0x90, 0x5,
    0xff, 0xa8, 0xff, 0xdd, 0xfc, 0xfa, 0x9, 0xef,
    0xc4, 0x8f, 0xa0,

    /* U+016E "Ů" */
    0x0, 0x0, 0x2c, 0xf9, 0x0, 0x0, 0x0, 0x0,
    0x9c, 0x4f, 0x30, 0x0, 0x0, 0x0, 0x3f, 0xfc,
    0x0, 0x0, 0x0, 0x0, 0x0, 0x20, 0x0, 0x0,
    0x0, 0x0, 0x0, 0x0, 0x0, 0x0, 0xf, 0xf5,
    0x0, 0x0, 0xa, 0xfb, 0xf, 0xf5, 0x0, 0x0,
    0xa, 0xfb, 0xf, 0xf5, 0x0, 0x0, 0xa, 0xfb,
    0xf, 0xf5, 0x0, 0x0, 0xa, 0xfb, 0xf, 0xf5,
    0x0, 0x0, 0xa, 0xfb, 0xf, 0xf5, 0x0, 0x0,
    0xa, 0xfb, 0xf, 0xf5, 0x0, 0x0, 0xa, 0xfb,
    0xf, 0xf5, 0x0, 0x0, 0xb, 0xfa, 0xc, 0xf9,
    0x0, 0x0, 0xe, 0xf7, 0x7, 0xff, 0x50, 0x0,
    0x9f, 0xf2, 0x0, 0xbf, 0xfe, 0xdf, 0xff, 0x60,
    0x0, 0x7, 0xcf, 0xfe, 0xb4, 0x0,

    /* U+016F "ů" */
    0x0, 0xa, 0xf9, 0x0, 0x0, 0x6, 0xe3, 0xf4,
    0x0, 0x0, 0x7d, 0x1e, 0x40, 0x0, 0x1, 0xdf,
    0xc0, 0x0, 0x0, 0x0, 0x20, 0x0, 0xe, 0xf5,
    0x0, 0xa, 0xfa, 0xef, 0x50, 0x0, 0xaf, 0xae,
    0xf5, 0x0, 0xa, 0xfa, 0xef, 0x50, 0x0, 0xaf,
    0xae, 0xf5, 0x0, 0xa, 0xfa, 0xef, 0x50, 0x0,
    0xcf, 0xad, 0xf9, 0x0, 0x5f, 0xfa, 0x8f, 0xfd,
    0xdf, 0xcf, 0xa0, 0x9e, 0xfc, 0x48, 0xfa,

    /* U+0170 "Ű" */
    0x0, 0x0, 0xab, 0x70, 0xbb, 0x50, 0x0, 0x3,
    0xfe, 0x15, 0xfd, 0x0, 0x0, 0x9, 0xf5, 0xb,
    0xf2, 0x0, 0x0, 0x0, 0x0, 0x0, 0x0, 0x0,
    0x0, 0x0, 0x0, 0x0, 0x0, 0x0, 0xf, 0xf5,
    0x0, 0x0, 0xa, 0xfb, 0xf, 0xf5, 0x0, 0x0,
    0xa, 0xfb, 0xf, 0xf5, 0x0, 0x0, 0xa, 0xfb,
    0xf, 0xf5, 0x0, 0x0, 0xa, 0xfb, 0xf, 0xf5,
    0x0, 0x0, 0xa, 0xfb, 0xf, 0xf5, 0x0, 0x0,
    0xa, 0xfb, 0xf, 0xf5, 0x0, 0x0, 0xa, 0xfb,
    0xf, 0xf5, 0x0, 0x0, 0xb, 0xfa, 0xc, 0xf9,
    0x0, 0x0, 0xe, 0xf7, 0x7, 0xff, 0x50, 0x0,
    0x9f, 0xf2, 0x0, 0xbf, 0xfe, 0xdf, 0xff, 0x60,
    0x0, 0x7, 0xcf, 0xfe, 0xb4, 0x0,

    /* U+0171 "ű" */
    0x0, 0xcf, 0xa0, 0xff, 0x70, 0x2f, 0xe0, 0x5f,
    0xc0, 0x5, 0xb4, 0x7, 0xb2, 0x0, 0x0, 0x0,
    0x0, 0x0, 0xef, 0x50, 0x0, 0xaf, 0xae, 0xf5,
    0x0, 0xa, 0xfa, 0xef, 0x50, 0x0, 0xaf, 0xae,
    0xf5, 0x0, 0xa, 0xfa, 0xef, 0x50, 0x0, 0xaf,
    0xae, 0xf5, 0x0, 0xc, 0xfa, 0xdf, 0x90, 0x5,
    0xff, 0xa8, 0xff, 0xdd, 0xfc, 0xfa, 0x9, 0xef,
    0xc4, 0x8f, 0xa0,

    /* U+0172 "Ų" */
    0xf, 0xf5, 0x0, 0x0, 0xa, 0xfb, 0xf, 0xf5,
    0x0, 0x0, 0xa, 0xfb, 0xf, 0xf5, 0x0, 0x0,
    0xa, 0xfb, 0xf, 0xf5, 0x0, 0x0, 0xa, 0xfb,
    0xf, 0xf5, 0x0, 0x0, 0xa, 0xfb, 0xf, 0xf5,
    0x0, 0x0, 0xa, 0xfb, 0xf, 0xf5, 0x0, 0x0,
    0xa, 0xfb, 0xf, 0xf5, 0x0, 0x0, 0xb, 0xfa,
    0xc, 0xf9, 0x0, 0x0, 0xe, 0xf7, 0x7, 0xff,
    0x50, 0x0, 0x9f, 0xf2, 0x0, 0xbf, 0xfe, 0xdf,
    0xff, 0x60, 0x0, 0x7, 0xcf, 0xff, 0xe4, 0x0,
    0x0, 0x0, 0x0, 0x7f, 0x20, 0x0, 0x0, 0x0,
    0x0, 0xf8, 0x0, 0x0, 0x0, 0x0, 0x1, 0xf9,
    0x30, 0x0, 0x0, 0x0, 0x0, 0x9f, 0xe0, 0x0,

    /* U+0173 "ų" */
    0xef, 0x50, 0x0, 0xaf, 0xae, 0xf5, 0x0, 0xa,
    0xfa, 0xef, 0x50, 0x0, 0xaf, 0xae, 0xf5, 0x0,
    0xa, 0xfa, 0xef, 0x50, 0x0, 0xaf, 0xae, 0xf5,
    0x0, 0xc, 0xfa, 0xdf, 0x90, 0x5, 0xff, 0xa8,
    0xff, 0xdd, 0xfc, 0xfa, 0x9, 0xef, 0xc4, 0x8f,
    0xb0, 0x0, 0x0, 0x9, 0xd1, 0x0, 0x0, 0x4,
    0xf3, 0x0, 0x0, 0x0, 0x7f, 0x52, 0x0, 0x0,
    0x1, 0xdf, 0x90,

    /* U+0174 "Ŵ" */
    0x0, 0x0, 0x0, 0x0, 0x48, 0x81, 0x0, 0x0,
    0x0, 0x0, 0x0, 0x0, 0x0, 0x3f, 0xff, 0xc0,
    0x0, 0x0, 0x0, 0x0, 0x0, 0x0, 0x1e, 0xf4,
    0xaf, 0x90, 0x0, 0x0, 0x0, 0x0, 0x0, 0x4,
    0x83, 0x0, 0x68, 0x10, 0x0, 0x0, 0x0, 0x0,
    0x0, 0x0, 0x0, 0x0, 0x0, 0x0, 0x0, 0x2,
    0xff, 0x30, 0x0, 0xa, 0xff, 0x50, 0x0, 0x8,
    0xfb, 0xd, 0xf8, 0x0, 0x0, 0xef, 0xf9, 0x0,
    0x0, 0xdf, 0x60, 0x8f, 0xc0, 0x0, 0x2f, 0xdf,
    0xd0, 0x0, 0x2f, 0xf1, 0x3, 0xff, 0x10, 0x6,
    0xf7, 0xdf, 0x20, 0x6, 0xfc, 0x0, 0xe, 0xf6,
    0x0, 0xbf, 0x29, 0xf6, 0x0, 0xbf, 0x70, 0x0,
    0x9f, 0xa0, 0xf, 0xe0, 0x5f, 0xa0, 0xf, 0xf2,
    0x0, 0x4, 0xfe, 0x3, 0xf9, 0x0, 0xfe, 0x4,
    0xfd, 0x0, 0x0, 0xf, 0xf3, 0x8f, 0x50, 0xc,
    0xf2, 0x9f, 0x80, 0x0, 0x0, 0xaf, 0x8c, 0xf1,
    0x0, 0x7f, 0x6d, 0xf3, 0x0, 0x0, 0x5, 0xfd,
    0xfc, 0x0, 0x3, 0xfd, 0xfe, 0x0, 0x0, 0x0,
    0x1f, 0xff, 0x80, 0x0, 0xe, 0xff, 0x90, 0x0,
    0x0, 0x0, 0xbf, 0xf3, 0x0, 0x0, 0xaf, 0xf4,
    0x0, 0x0,

    /* U+0175 "ŵ" */
    0x0, 0x0, 0x6, 0xff, 0xc0, 0x0, 0x0, 0x0,
    0x0, 0x3, 0xff, 0xef, 0x90, 0x0, 0x0, 0x0,
    0x1, 0xdd, 0x31, 0xbe, 0x50, 0x0, 0x0, 0x0,
    0x0, 0x0, 0x0, 0x0, 0x0, 0x0, 0x9f, 0xc0,
    0x0, 0xff, 0x60, 0x5, 0xff, 0x4, 0xff, 0x0,
    0x4f, 0xfb, 0x0, 0x9f, 0xa0, 0xe, 0xf4, 0x9,
    0xff, 0xf0, 0xd, 0xf5, 0x0, 0xaf, 0x80, 0xde,
    0x8f, 0x51, 0xff, 0x0, 0x5, 0xfc, 0x2f, 0x93,
    0xfa, 0x4f, 0xb0, 0x0, 0xf, 0xf8, 0xf4, 0xe,
    0xe8, 0xf6, 0x0, 0x0, 0xbf, 0xff, 0x0, 0x9f,
    0xff, 0x10, 0x0, 0x6, 0xff, 0xa0, 0x4, 0xff,
    0xc0, 0x0, 0x0, 0x1f, 0xf5, 0x0, 0xf, 0xf7,
    0x0, 0x0,

    /* U+0176 "Ŷ" */
    0x0, 0x0, 0x7, 0x75, 0x0, 0x0, 0x0, 0x0,
    0xa, 0xff, 0xf3, 0x0, 0x0, 0x0, 0x6, 0xfb,
    0x4f, 0xe1, 0x0, 0x0, 0x0, 0x88, 0x0, 0x39,
    0x50, 0x0, 0x0, 0x0, 0x0, 0x0, 0x0, 0x0,
    0x6, 0xff, 0x60, 0x0, 0x0, 0x9f, 0xe1, 0xa,
    0xff, 0x20, 0x0, 0x4f, 0xf4, 0x0, 0xd, 0xfc,
    0x0, 0xe, 0xf8, 0x0, 0x0, 0x3f, 0xf7, 0x9,
    0xfc, 0x0, 0x0, 0x0, 0x7f, 0xf6, 0xff, 0x20,
    0x0, 0x0, 0x0, 0xbf, 0xff, 0x50, 0x0, 0x0,
    0x0, 0x1, 0xff, 0xa0, 0x0, 0x0, 0x0, 0x0,
    0xe, 0xf7, 0x0, 0x0, 0x0, 0x0, 0x0, 0xef,
    0x70, 0x0, 0x0, 0x0, 0x0, 0xe, 0xf7, 0x0,
    0x0, 0x0, 0x0, 0x0, 0xef, 0x70, 0x0, 0x0,
    0x0, 0x0, 0xe, 0xf7, 0x0, 0x0, 0x0,

    /* U+0177 "ŷ" */
    0x0, 0xb, 0xff, 0x60, 0x0, 0x0, 0x9f, 0xef,
    0xf4, 0x0, 0x5, 0xeb, 0x13, 0xdd, 0x10, 0x0,
    0x0, 0x0, 0x0, 0x0, 0xbf, 0xc0, 0x0, 0x1f,
    0xf5, 0x4f, 0xf2, 0x0, 0x6f, 0xe0, 0xe, 0xf8,
    0x0, 0xcf, 0x80, 0x7, 0xfd, 0x2, 0xff, 0x10,
    0x1, 0xff, 0x38, 0xfa, 0x0, 0x0, 0xaf, 0x9e,
    0xf4, 0x0, 0x0, 0x4f, 0xff, 0xd0, 0x0, 0x0,
    0xd, 0xff, 0x60, 0x0, 0x0, 0x8, 0xff, 0x0,
    0x0, 0x0, 0xa, 0xf9, 0x0, 0x0, 0x0, 0x2f,
    0xf2, 0x0, 0x0, 0x0, 0x8f, 0xb0, 0x0, 0x0,
    0x0, 0xff, 0x40, 0x0, 0x0,

    /* U+0178 "Ÿ" */
    0x0, 0x6, 0x63, 0x5, 0x64, 0x0, 0x0, 0x0,
    0xff, 0x70, 0xef, 0x90, 0x0, 0x0, 0xf, 0xf7,
    0xe, 0xf9, 0x0, 0x0, 0x0, 0x0, 0x0, 0x0,
    0x0, 0x0, 0x0, 0x0, 0x0, 0x0, 0x0, 0x0,
    0x6, 0xff, 0x60, 0x0, 0x0, 0x9f, 0xe1, 0xa,
    0xff, 0x10, 0x0, 0x3f, 0xf4, 0x0, 0x1e, 0xfb,
    0x0, 0xd, 0xf9, 0x0, 0x0, 0x4f, 0xf5, 0x8,
    0xfd, 0x0, 0x0, 0x0, 0x9f, 0xe4, 0xff, 0x30,
    0x0, 0x0, 0x0, 0xdf, 0xff, 0x70, 0x0, 0x0,
    0x0, 0x3, 0xff, 0xc0, 0x0, 0x0, 0x0, 0x0,
    0xe, 0xf7, 0x0, 0x0, 0x0, 0x0, 0x0, 0xef,
    0x70, 0x0, 0x0, 0x0, 0x0, 0xe, 0xf7, 0x0,
    0x0, 0x0, 0x0, 0x0, 0xef, 0x70, 0x0, 0x0,
    0x0, 0x0, 0xe, 0xf7, 0x0, 0x0, 0x0,

    /* U+0179 "Ź" */
    0x0, 0x0, 0x3, 0xbb, 0x70, 0x0, 0x0, 0x0,
    0xdf, 0xb0, 0x0, 0x0, 0x0, 0x9f, 0xa0, 0x0,
    0x0, 0x0, 0x0, 0x0, 0x0, 0x0, 0x0, 0x0,
    0x0, 0x0, 0x0, 0x0, 0xff, 0xff, 0xff, 0xff,
    0xf8, 0xb, 0xcc, 0xcc, 0xce, 0xff, 0x60, 0x0,
    0x0, 0x2, 0xff, 0xc0, 0x0, 0x0, 0x0, 0xcf,
    0xe1, 0x0, 0x0, 0x0, 0x9f, 0xf4, 0x0, 0x0,
    0x0, 0x6f, 0xf7, 0x0, 0x0, 0x0, 0x2f, 0xfb,
    0x0, 0x0, 0x0, 0xd, 0xfe, 0x10, 0x0, 0x0,
    0xa, 0xff, 0x30, 0x0, 0x0, 0x7, 0xff, 0x70,
    0x0, 0x0, 0x1, 0xff, 0xfc, 0xcc, 0xcc, 0xc7,
    0x2f, 0xff, 0xff, 0xff, 0xff, 0x90,

    /* U+017A "ź" */
    0x0, 0x0, 0x7f, 0xf7, 0x0, 0x0, 0x2f, 0xf6,
    0x0, 0x0, 0x8, 0xb4, 0x0, 0x0, 0x0, 0x0,
    0x0, 0x0, 0xf, 0xff, 0xff, 0xff, 0x60, 0xbb,
    0xbb, 0xef, 0xf4, 0x0, 0x0, 0x3f, 0xf9, 0x0,
    0x0, 0x1e, 0xfc, 0x0, 0x0, 0xc, 0xfe, 0x10,
    0x0, 0x9, 0xff, 0x30, 0x0, 0x6, 0xff, 0x60,
    0x0, 0x1, 0xff, 0xfb, 0xbb, 0xb5, 0x2f, 0xff,
    0xff, 0xff, 0x70,

    /* U+017B "Ż" */
    0x0, 0x0, 0x36, 0x50, 0x0, 0x0, 0x0, 0x8,
    0xfe, 0x0, 0x0, 0x0, 0x0, 0x8f, 0xe0, 0x0,
    0x0, 0x0, 0x0, 0x0, 0x0, 0x0, 0x0, 0x0,
    0x0, 0x0, 0x0, 0x0, 0xff, 0xff, 0xff, 0xff,
    0xf8, 0xb, 0xcc, 0xcc, 0xce, 0xff, 0x60, 0x0,
    0x0, 0x2, 0xff, 0xc0, 0x0, 0x0, 0x0, 0xcf,
    0xe1, 0x0, 0x0, 0x0, 0x9f, 0xf4, 0x0, 0x0,
    0x0, 0x6f, 0xf7, 0x0, 0x0, 0x0, 0x2f, 0xfb,
    0x0, 0x0, 0x0, 0xd, 0xfe, 0x10, 0x0, 0x0,
    0xa, 0xff, 0x30, 0x0, 0x0, 0x7, 0xff, 0x70,
    0x0, 0x0, 0x1, 0xff, 0xfc, 0xcc, 0xcc, 0xc7,
    0x2f, 0xff, 0xff, 0xff, 0xff, 0x90,

    /* U+017C "ż" */
    0x0, 0x9, 0xfd, 0x0, 0x0, 0x0, 0x9f, 0xd0,
    0x0, 0x0, 0x3, 0x65, 0x0, 0x0, 0x0, 0x0,
    0x0, 0x0, 0xf, 0xff, 0xff, 0xff, 0x60, 0xbb,
    0xbb, 0xef, 0xf4, 0x0, 0x0, 0x3f, 0xf9, 0x0,
    0x0, 0x1e, 0xfc, 0x0, 0x0, 0xc, 0xfe, 0x10,
    0x0, 0x9, 0xff, 0x30, 0x0, 0x6, 0xff, 0x60,
    0x0, 0x1, 0xff, 0xfb, 0xbb, 0xb5, 0x2f, 0xff,
    0xff, 0xff, 0x70,

    /* U+017D "Ž" */
    0x0, 0x58, 0x20, 0x7, 0x70, 0x0, 0x2, 0xfe,
    0x3b, 0xf7, 0x0, 0x0, 0x4, 0xff, 0xfa, 0x0,
    0x0, 0x0, 0x5, 0x87, 0x0, 0x0, 0x0, 0x0,
    0x0, 0x0, 0x0, 0x0, 0xff, 0xff, 0xff, 0xff,
    0xf8, 0xb, 0xcc, 0xcc, 0xce, 0xff, 0x60, 0x0,
    0x0, 0x2, 0xff, 0xc0, 0x0, 0x0, 0x0, 0xcf,
    0xe1, 0x0, 0x0, 0x0, 0x9f, 0xf4, 0x0, 0x0,
    0x0, 0x6f, 0xf7, 0x0, 0x0, 0x0, 0x2f, 0xfb,
    0x0, 0x0, 0x0, 0xd, 0xfe, 0x10, 0x0, 0x0,
    0xa, 0xff, 0x30, 0x0, 0x0, 0x7, 0xff, 0x70,
    0x0, 0x0, 0x1, 0xff, 0xfc, 0xcc, 0xcc, 0xc7,
    0x2f, 0xff, 0xff, 0xff, 0xff, 0x90,

    /* U+017E "ž" */
    0x8, 0xf9, 0x5, 0xfb, 0x0, 0xa, 0xfd, 0xfd,
    0x0, 0x0, 0xa, 0xbb, 0x10, 0x0, 0x0, 0x0,
    0x0, 0x0, 0xf, 0xff, 0xff, 0xff, 0x60, 0xbb,
    0xbb, 0xef, 0xf4, 0x0, 0x0, 0x3f, 0xf9, 0x0,
    0x0, 0x1e, 0xfc, 0x0, 0x0, 0xc, 0xfe, 0x10,
    0x0, 0x9, 0xff, 0x30, 0x0, 0x6, 0xff, 0x60,
    0x0, 0x1, 0xff, 0xfb, 0xbb, 0xb5, 0x2f, 0xff,
    0xff, 0xff, 0x70,

    /* U+2013 "–" */
    0x8a, 0xaa, 0xaa, 0xaa, 0x6c, 0xff, 0xff, 0xff,
    0xf9,

    /* U+2014 "—" */
    0x8a, 0xaa, 0xaa, 0xaa, 0xaa, 0xaa, 0xaa, 0xcf,
    0xff, 0xff, 0xff, 0xff, 0xff, 0xff,

    /* U+2018 "‘" */
    0x7, 0xb6, 0xd3, 0xba, 0x4d, 0xfc, 0xdf, 0xc0,

    /* U+2019 "’" */
    0xdf, 0xcd, 0xfc, 0x4b, 0xb3, 0xe5, 0xc6, 0x0,

    /* U+201A "‚" */
    0x67, 0x5d, 0xfb, 0xdf, 0xb0, 0xb8, 0x6e, 0x28,
    0x20,

    /* U+201C "“" */
    0x7, 0xb0, 0x2b, 0x56, 0xd3, 0xd, 0x80, 0xba,
    0x43, 0xf5, 0x1d, 0xfc, 0x4f, 0xf5, 0xdf, 0xc4,
    0xff, 0x50,

    /* U+201D "”" */
    0xdf, 0xc5, 0xff, 0x5d, 0xfc, 0x5f, 0xf4, 0x4b,
    0xb1, 0x5f, 0x33, 0xe5, 0x8, 0xd0, 0xc6, 0x5,
    0xb2, 0x0,

    /* U+201E "„" */
    0x68, 0x53, 0x88, 0x1d, 0xfb, 0x6f, 0xf2, 0xdf,
    0xb6, 0xff, 0x20, 0xb8, 0x4, 0xf0, 0x6e, 0x22,
    0xc8, 0x8, 0x20, 0x46, 0x0,

    /* U+2022 "•" */
    0x79, 0x98, 0xdf, 0xfe, 0xdf, 0xfe, 0xdf, 0xfe,

    /* U+2026 "…" */
    0x68, 0x60, 0x68, 0x60, 0x58, 0x7d, 0xfc, 0xc,
    0xfd, 0xa, 0xff, 0xdf, 0xc0, 0xcf, 0xd0, 0xaf,
    0xf0,

    /* U+F001 "" */
    0x0, 0x0, 0x0, 0x0, 0x0, 0x0, 0x0, 0x27,
    0xba, 0x0, 0x0, 0x0, 0x0, 0x0, 0x0, 0x48,
    0xdf, 0xff, 0xf2, 0x0, 0x0, 0x0, 0x1, 0x6a,
    0xff, 0xff, 0xff, 0xff, 0x20, 0x0, 0x0, 0x7c,
    0xff, 0xff, 0xff, 0xff, 0xff, 0xf2, 0x0, 0x0,
    0x4f, 0xff, 0xff, 0xff, 0xff, 0xff, 0xff, 0x20,
    0x0, 0x5, 0xff, 0xff, 0xff, 0xff, 0xb7, 0x3f,
    0xf2, 0x0, 0x0, 0x5f, 0xff, 0xfe, 0x95, 0x0,
    0x1, 0xff, 0x20, 0x0, 0x5, 0xff, 0x73, 0x0,
    0x0, 0x0, 0x1f, 0xf2, 0x0, 0x0, 0x5f, 0xe0,
    0x0, 0x0, 0x0, 0x1, 0xff, 0x20, 0x0, 0x5,
    0xfe, 0x0, 0x0, 0x0, 0x0, 0x1f, 0xf2, 0x0,
    0x0, 0x5f, 0xe0, 0x0, 0x0, 0x0, 0x1, 0xff,
    0x20, 0x0, 0x5, 0xfe, 0x0, 0x0, 0x0, 0x69,
    0x8f, 0xf2, 0x0, 0x0, 0x5f, 0xe0, 0x0, 0x2,
    0xef, 0xff, 0xff, 0x20, 0x3, 0x58, 0xfe, 0x0,
    0x0, 0x8f, 0xff, 0xff, 0xf2, 0x2d, 0xff, 0xff,
    0xe0, 0x0, 0x4, 0xff, 0xff, 0xfd, 0xb, 0xff,
    0xff, 0xfe, 0x0, 0x0, 0x4, 0xbd, 0xc8, 0x10,
    0xaf, 0xff, 0xff, 0xb0, 0x0, 0x0, 0x0, 0x0,
    0x0, 0x0, 0xaf, 0xff, 0xb1, 0x0, 0x0, 0x0,
    0x0, 0x0, 0x0, 0x0, 0x1, 0x0, 0x0, 0x0,
    0x0, 0x0, 0x0, 0x0, 0x0,

    /* U+F008 "" */
    0x51, 0x6, 0x88, 0x88, 0x88, 0x88, 0x88, 0x30,
    0x15, 0xf7, 0x6e, 0xff, 0xff, 0xff, 0xff, 0xff,
    0xb6, 0x8f, 0xfd, 0xcf, 0xf3, 0x33, 0x33, 0x33,
    0x6f, 0xec, 0xdf, 0xf2, 0xc, 0xe0, 0x0, 0x0,
    0x0, 0x3f, 0x70, 0x2f, 0xf2, 0xc, 0xe0, 0x0,
    0x0, 0x0, 0x3f, 0x80, 0x2f, 0xff, 0xff, 0xe0,
    0x0, 0x0, 0x0, 0x3f, 0xff, 0xff, 0xf4, 0x2d,
    0xf9, 0x99, 0x99, 0x99, 0xbf, 0x92, 0x4f, 0xf2,
    0xc, 0xff, 0xff, 0xff, 0xff, 0xff, 0x70, 0x2f,
    0xfb, 0xaf, 0xf1, 0x11, 0x11, 0x11, 0x5f, 0xda,
    0xbf, 0xf9, 0x8e, 0xe0, 0x0, 0x0, 0x0, 0x3f,
    0xc8, 0x9f, 0xf2, 0xc, 0xe0, 0x0, 0x0, 0x0,
    0x3f, 0x70, 0x2f, 0xf6, 0x4d, 0xe0, 0x0, 0x0,
    0x0, 0x3f, 0xa4, 0x6f, 0xfe, 0xef, 0xfb, 0xbb,
    0xbb, 0xbb, 0xcf, 0xfe, 0xef, 0xc2, 0xc, 0xff,
    0xff, 0xff, 0xff, 0xff, 0x80, 0x2c,

    /* U+F00B "" */
    0x58, 0x88, 0x70, 0x28, 0x88, 0x88, 0x88, 0x88,
    0x85, 0xff, 0xff, 0xf3, 0x9f, 0xff, 0xff, 0xff,
    0xff, 0xff, 0xff, 0xff, 0xf3, 0xaf, 0xff, 0xff,
    0xff, 0xff, 0xff, 0xff, 0xff, 0xf3, 0xaf, 0xff,
    0xff, 0xff, 0xff, 0xff, 0xbf, 0xff, 0xd1, 0x6f,
    0xff, 0xff, 0xff, 0xff, 0xfb, 0x0, 0x0, 0x0,
    0x0, 0x0, 0x0, 0x0, 0x0, 0x0, 0xcf, 0xff,
    0xe1, 0x7f, 0xff, 0xff, 0xff, 0xff, 0xfc, 0xff,
    0xff, 0xf3, 0xaf, 0xff, 0xff, 0xff, 0xff, 0xff,
    0xff, 0xff, 0xf3, 0xaf, 0xff, 0xff, 0xff, 0xff,
    0xff, 0xff, 0xff, 0xf3, 0x9f, 0xff, 0xff, 0xff,
    0xff, 0xff, 0x58, 0x88, 0x60, 0x27, 0x88, 0x88,
    0x88, 0x88, 0x85, 0x47, 0x77, 0x50, 0x17, 0x77,
    0x77, 0x77, 0x77, 0x74, 0xff, 0xff, 0xf3, 0x9f,
    0xff, 0xff, 0xff, 0xff, 0xff, 0xff, 0xff, 0xf3,
    0xaf, 0xff, 0xff, 0xff, 0xff, 0xff, 0xff, 0xff,
    0xf3, 0xaf, 0xff, 0xff, 0xff, 0xff, 0xff, 0xdf,
    0xff, 0xf1, 0x7f, 0xff, 0xff, 0xff, 0xff, 0xfd,
    0x0, 0x0, 0x0, 0x0, 0x0, 0x0, 0x0, 0x0,
    0x0,

    /* U+F00C "" */
    0x0, 0x0, 0x0, 0x0, 0x0, 0x0, 0x0, 0x5,
    0x20, 0x0, 0x0, 0x0, 0x0, 0x0, 0x0, 0x0,
    0x8f, 0xf3, 0x0, 0x0, 0x0, 0x0, 0x0, 0x0,
    0x8, 0xff, 0xfe, 0x0, 0x0, 0x0, 0x0, 0x0,
    0x0, 0x8f, 0xff, 0xf8, 0x0, 0x0, 0x0, 0x0,
    0x0, 0x8, 0xff, 0xff, 0x90, 0x9, 0xd2, 0x0,
    0x0, 0x0, 0x8f, 0xff, 0xf9, 0x0, 0x9f, 0xfe,
    0x20, 0x0, 0x8, 0xff, 0xff, 0x90, 0x0, 0xdf,
    0xff, 0xe2, 0x0, 0x8f, 0xff, 0xf9, 0x0, 0x0,
    0x2e, 0xff, 0xfe, 0x28, 0xff, 0xff, 0x90, 0x0,
    0x0, 0x2, 0xef, 0xff, 0xff, 0xff, 0xf9, 0x0,
    0x0, 0x0, 0x0, 0x2e, 0xff, 0xff, 0xff, 0x90,
    0x0, 0x0, 0x0, 0x0, 0x2, 0xef, 0xff, 0xf9,
    0x0, 0x0, 0x0, 0x0, 0x0, 0x0, 0x2e, 0xff,
    0x90, 0x0, 0x0, 0x0, 0x0, 0x0, 0x0, 0x2,
    0xd8, 0x0, 0x0, 0x0, 0x0, 0x0,

    /* U+F00D "" */
    0x2d, 0xb0, 0x0, 0x0, 0x6, 0xe6, 0xd, 0xff,
    0xc0, 0x0, 0x6, 0xff, 0xf3, 0xcf, 0xff, 0xc0,
    0x6, 0xff, 0xff, 0x31, 0xdf, 0xff, 0xc7, 0xff,
    0xff, 0x50, 0x1, 0xdf, 0xff, 0xff, 0xff, 0x50,
    0x0, 0x1, 0xdf, 0xff, 0xff, 0x50, 0x0, 0x0,
    0x7, 0xff, 0xff, 0xd0, 0x0, 0x0, 0x6, 0xff,
    0xff, 0xff, 0xc0, 0x0, 0x6, 0xff, 0xff, 0xdf,
    0xff, 0xc0, 0x6, 0xff, 0xff, 0x51, 0xdf, 0xff,
    0xc0, 0xff, 0xff, 0x50, 0x1, 0xdf, 0xff, 0x58,
    0xff, 0x50, 0x0, 0x1, 0xdf, 0xd0, 0x5, 0x30,
    0x0, 0x0, 0x1, 0x61, 0x0,

    /* U+F011 "" */
    0x0, 0x0, 0x0, 0x0, 0xcd, 0x50, 0x0, 0x0,
    0x0, 0x0, 0x0, 0x0, 0x0, 0x3f, 0xfa, 0x0,
    0x0, 0x0, 0x0, 0x0, 0x7, 0xe3, 0x3, 0xff,
    0xa0, 0xb, 0xc1, 0x0, 0x0, 0x8, 0xff, 0xb0,
    0x3f, 0xfa, 0x4, 0xff, 0xd1, 0x0, 0x4, 0xff,
    0xf6, 0x3, 0xff, 0xa0, 0x1e, 0xff, 0xa0, 0x0,
    0xdf, 0xf7, 0x0, 0x3f, 0xfa, 0x0, 0x2e, 0xff,
    0x40, 0x3f, 0xfc, 0x0, 0x3, 0xff, 0xa0, 0x0,
    0x6f, 0xfa, 0x8, 0xff, 0x60, 0x0, 0x3f, 0xfa,
    0x0, 0x0, 0xef, 0xf0, 0xaf, 0xf2, 0x0, 0x3,
    0xff, 0xa0, 0x0, 0xb, 0xff, 0x1b, 0xff, 0x10,
    0x0, 0x1f, 0xf8, 0x0, 0x0, 0xbf, 0xf1, 0x9f,
    0xf3, 0x0, 0x0, 0x24, 0x0, 0x0, 0xd, 0xff,
    0x6, 0xff, 0x90, 0x0, 0x0, 0x0, 0x0, 0x2,
    0xff, 0xd0, 0x1f, 0xff, 0x20, 0x0, 0x0, 0x0,
    0x0, 0xbf, 0xf8, 0x0, 0x9f, 0xfd, 0x20, 0x0,
    0x0, 0x0, 0x9f, 0xfe, 0x10, 0x0, 0xcf, 0xfe,
    0x71, 0x0, 0x4, 0xcf, 0xff, 0x50, 0x0, 0x1,
    0xdf, 0xff, 0xfe, 0xdf, 0xff, 0xff, 0x60, 0x0,
    0x0, 0x0, 0x9f, 0xff, 0xff, 0xff, 0xfd, 0x40,
    0x0, 0x0, 0x0, 0x0, 0x28, 0xce, 0xfd, 0xa5,
    0x0, 0x0, 0x0,

    /* U+F013 "" */
    0x0, 0x0, 0x0, 0x4, 0x66, 0x40, 0x0, 0x0,
    0x0, 0x0, 0x0, 0x0, 0x3f, 0xff, 0xf3, 0x0,
    0x0, 0x0, 0x0, 0x0, 0x0, 0x4f, 0xff, 0xf4,
    0x0, 0x0, 0x0, 0x0, 0x78, 0x17, 0xff, 0xff,
    0xff, 0x71, 0x87, 0x0, 0x4, 0xff, 0xff, 0xff,
    0xff, 0xff, 0xff, 0xff, 0x40, 0xd, 0xff, 0xff,
    0xff, 0xff, 0xff, 0xff, 0xff, 0xd0, 0x3f, 0xff,
    0xff, 0xfe, 0x88, 0xef, 0xff, 0xff, 0xf3, 0x8,
    0xff, 0xff, 0xd0, 0x0, 0xd, 0xff, 0xff, 0x80,
    0x0, 0xaf, 0xff, 0x50, 0x0, 0x5, 0xff, 0xfa,
    0x0, 0x0, 0xbf, 0xff, 0x30, 0x0, 0x3, 0xff,
    0xfb, 0x0, 0x1, 0xcf, 0xff, 0x80, 0x0, 0x8,
    0xff, 0xfc, 0x10, 0x3e, 0xff, 0xff, 0xf6, 0x0,
    0x6f, 0xff, 0xff, 0xe3, 0x1f, 0xff, 0xff, 0xff,
    0xff, 0xff, 0xff, 0xff, 0xf1, 0x9, 0xff, 0xff,
    0xff, 0xff, 0xff, 0xff, 0xff, 0x90, 0x0, 0xdf,
    0x8e, 0xff, 0xff, 0xff, 0xe8, 0xfd, 0x0, 0x0,
    0x11, 0x1, 0x9f, 0xff, 0xf9, 0x10, 0x11, 0x0,
    0x0, 0x0, 0x0, 0x4f, 0xff, 0xf4, 0x0, 0x0,
    0x0, 0x0, 0x0, 0x0, 0x2c, 0xee, 0xd2, 0x0,
    0x0, 0x0, 0x0, 0x0, 0x0, 0x0, 0x0, 0x0,
    0x0, 0x0, 0x0,

    /* U+F015 "" */
    0x0, 0x0, 0x0, 0x0, 0x8, 0x92, 0x0, 0x6b,
    0xb1, 0x0, 0x0, 0x0, 0x0, 0x0, 0x2d, 0xff,
    0xe4, 0xa, 0xff, 0x20, 0x0, 0x0, 0x0, 0x0,
    0x4e, 0xff, 0xff, 0xf6, 0xaf, 0xf2, 0x0, 0x0,
    0x0, 0x0, 0x6f, 0xfe, 0x31, 0xcf, 0xff, 0xff,
    0x20, 0x0, 0x0, 0x0, 0x9f, 0xfd, 0x25, 0x70,
    0xaf, 0xff, 0xf2, 0x0, 0x0, 0x1, 0xbf, 0xfa,
    0x8, 0xff, 0xb0, 0x7f, 0xff, 0x40, 0x0, 0x2,
    0xdf, 0xf8, 0xa, 0xff, 0xff, 0xd2, 0x5f, 0xff,
    0x50, 0x4, 0xff, 0xf5, 0x1d, 0xff, 0xff, 0xff,
    0xe4, 0x2e, 0xff, 0x70, 0xdf, 0xe3, 0x3e, 0xff,
    0xff, 0xff, 0xff, 0xf6, 0x1c, 0xff, 0x13, 0xb1,
    0x5f, 0xff, 0xff, 0xff, 0xff, 0xff, 0xf8, 0x9,
    0x60, 0x0, 0xa, 0xff, 0xff, 0xff, 0xff, 0xff,
    0xff, 0xe0, 0x0, 0x0, 0x0, 0xaf, 0xff, 0xfd,
    0x88, 0xbf, 0xff, 0xfe, 0x0, 0x0, 0x0, 0xa,
    0xff, 0xff, 0x70, 0x3, 0xff, 0xff, 0xe0, 0x0,
    0x0, 0x0, 0xaf, 0xff, 0xf7, 0x0, 0x3f, 0xff,
    0xfe, 0x0, 0x0, 0x0, 0xa, 0xff, 0xff, 0x70,
    0x3, 0xff, 0xff, 0xe0, 0x0, 0x0, 0x0, 0x8f,
    0xff, 0xf5, 0x0, 0x2f, 0xff, 0xfc, 0x0, 0x0,
    0x0, 0x0, 0x0, 0x0, 0x0, 0x0, 0x0, 0x0,
    0x0, 0x0, 0x0,

    /* U+F019 "" */
    0x0, 0x0, 0x0, 0x9, 0xaa, 0x90, 0x0, 0x0,
    0x0, 0x0, 0x0, 0x0, 0x3f, 0xff, 0xf3, 0x0,
    0x0, 0x0, 0x0, 0x0, 0x0, 0x4f, 0xff, 0xf4,
    0x0, 0x0, 0x0, 0x0, 0x0, 0x0, 0x4f, 0xff,
    0xf4, 0x0, 0x0, 0x0, 0x0, 0x0, 0x0, 0x4f,
    0xff, 0xf4, 0x0, 0x0, 0x0, 0x0, 0x0, 0x0,
    0x4f, 0xff, 0xf4, 0x0, 0x0, 0x0, 0x0, 0x0,
    0x0, 0x4f, 0xff, 0xf4, 0x0, 0x0, 0x0, 0x0,
    0xc, 0xee, 0xef, 0xff, 0xfe, 0xee, 0xc0, 0x0,
    0x0, 0x8, 0xff, 0xff, 0xff, 0xff, 0xff, 0x90,
    0x0, 0x0, 0x0, 0x8f, 0xff, 0xff, 0xff, 0xf8,
    0x0, 0x0, 0x0, 0x0, 0x8, 0xff, 0xff, 0xff,
    0x80, 0x0, 0x0, 0x0, 0x0, 0x0, 0x8f, 0xff,
    0xf8, 0x0, 0x0, 0x0, 0x24, 0x44, 0x44, 0x7,
    0xff, 0x70, 0x44, 0x44, 0x42, 0xff, 0xff, 0xff,
    0xc1, 0x66, 0x1d, 0xff, 0xff, 0xff, 0xff, 0xff,
    0xff, 0xfe, 0x66, 0xef, 0xff, 0xff, 0xff, 0xff,
    0xff, 0xff, 0xff, 0xff, 0xff, 0xff, 0xff, 0xff,
    0xff, 0xff, 0xff, 0xff, 0xff, 0xff, 0x66, 0xc4,
    0xff, 0xdf, 0xff, 0xff, 0xff, 0xff, 0xff, 0xff,
    0xff, 0xfd, 0x0, 0x0, 0x0, 0x0, 0x0, 0x0,
    0x0, 0x0, 0x0,

    /* U+F01C "" */
    0x0, 0x0, 0x4, 0x44, 0x44, 0x44, 0x44, 0x41,
    0x0, 0x0, 0x0, 0x0, 0x1e, 0xff, 0xff, 0xff,
    0xff, 0xff, 0xf4, 0x0, 0x0, 0x0, 0xb, 0xff,
    0xff, 0xff, 0xff, 0xff, 0xff, 0xe1, 0x0, 0x0,
    0x6, 0xff, 0x50, 0x0, 0x0, 0x0, 0x1, 0xff,
    0xa0, 0x0, 0x1, 0xff, 0x90, 0x0, 0x0, 0x0,
    0x0, 0x5, 0xff, 0x50, 0x0, 0xbf, 0xd0, 0x0,
    0x0, 0x0, 0x0, 0x0, 0xa, 0xfe, 0x10, 0x6f,
    0xf3, 0x0, 0x0, 0x0, 0x0, 0x0, 0x0, 0x1e,
    0xfa, 0xe, 0xff, 0xcc, 0xcc, 0x20, 0x0, 0x0,
    0xbc, 0xcc, 0xef, 0xf2, 0xff, 0xff, 0xff, 0xfa,
    0x0, 0x0, 0x6f, 0xff, 0xff, 0xff, 0x4f, 0xff,
    0xff, 0xff, 0xf8, 0x88, 0x8e, 0xff, 0xff, 0xff,
    0xf4, 0xff, 0xff, 0xff, 0xff, 0xff, 0xff, 0xff,
    0xff, 0xff, 0xff, 0x4f, 0xff, 0xff, 0xff, 0xff,
    0xff, 0xff, 0xff, 0xff, 0xff, 0xf4, 0xff, 0xff,
    0xff, 0xff, 0xff, 0xff, 0xff, 0xff, 0xff, 0xff,
    0x37, 0xff, 0xff, 0xff, 0xff, 0xff, 0xff, 0xff,
    0xff, 0xff, 0xa0,

    /* U+F021 "" */
    0x0, 0x0, 0x0, 0x15, 0x66, 0x40, 0x0, 0x5,
    0xcb, 0x0, 0x0, 0x3b, 0xff, 0xff, 0xff, 0x92,
    0x7, 0xff, 0x0, 0x7, 0xff, 0xff, 0xff, 0xff,
    0xff, 0x66, 0xff, 0x0, 0x8f, 0xff, 0xa4, 0x12,
    0x5b, 0xff, 0xfd, 0xff, 0x4, 0xff, 0xe4, 0x0,
    0x0, 0x0, 0x4e, 0xff, 0xff, 0xd, 0xff, 0x30,
    0x0, 0x0, 0x45, 0x46, 0xff, 0xff, 0x4f, 0xf7,
    0x0, 0x0, 0x0, 0xdf, 0xff, 0xff, 0xff, 0x8f,
    0xf1, 0x0, 0x0, 0x0, 0xdf, 0xff, 0xff, 0xff,
    0x2, 0x10, 0x0, 0x0, 0x0, 0x12, 0x22, 0x22,
    0x21, 0x0, 0x0, 0x0, 0x0, 0x0, 0x0, 0x0,
    0x0, 0x0, 0x67, 0x77, 0x77, 0x75, 0x0, 0x0,
    0x0, 0x6, 0x73, 0xff, 0xff, 0xff, 0xfe, 0x0,
    0x0, 0x0, 0x3f, 0xf6, 0xff, 0xff, 0xee, 0xfd,
    0x0, 0x0, 0x0, 0xcf, 0xf1, 0xff, 0xff, 0x70,
    0x0, 0x0, 0x0, 0x9, 0xff, 0xa0, 0xff, 0xff,
    0xfb, 0x20, 0x0, 0x2, 0xbf, 0xfe, 0x10, 0xff,
    0x8d, 0xff, 0xfc, 0xa9, 0xcf, 0xff, 0xe2, 0x0,
    0xff, 0x61, 0x9f, 0xff, 0xff, 0xff, 0xfb, 0x10,
    0x0, 0xff, 0x70, 0x1, 0x7c, 0xee, 0xd9, 0x30,
    0x0, 0x0, 0x56, 0x20, 0x0, 0x0, 0x0, 0x0,
    0x0, 0x0, 0x0,

    /* U+F026 "" */
    0x0, 0x0, 0x0, 0x2, 0x40, 0x0, 0x0, 0x2,
    0xef, 0x0, 0x0, 0x2, 0xef, 0xf0, 0x0, 0x3,
    0xef, 0xff, 0xdf, 0xff, 0xff, 0xff, 0xff, 0xff,
    0xff, 0xff, 0xff, 0xff, 0xff, 0xff, 0xff, 0xff,
    0xff, 0xff, 0xff, 0xff, 0xff, 0xff, 0xff, 0xff,
    0xff, 0xff, 0xff, 0xff, 0xff, 0x7b, 0xbb, 0xdf,
    0xff, 0xf0, 0x0, 0x0, 0xbf, 0xff, 0x0, 0x0,
    0x0, 0xbf, 0xf0, 0x0, 0x0, 0x0, 0xbe, 0x0,
    0x0, 0x0, 0x0, 0x0,

    /* U+F027 "" */
    0x0, 0x0, 0x0, 0x2, 0x40, 0x0, 0x0, 0x0,
    0x0, 0x0, 0x2e, 0xf0, 0x0, 0x0, 0x0, 0x0,
    0x2, 0xef, 0xf0, 0x0, 0x0, 0x0, 0x0, 0x3e,
    0xff, 0xf0, 0x0, 0x0, 0xdf, 0xff, 0xff, 0xff,
    0xf0, 0x7, 0x10, 0xff, 0xff, 0xff, 0xff, 0xf0,
    0x3f, 0xd0, 0xff, 0xff, 0xff, 0xff, 0xf0, 0x8,
    0xf5, 0xff, 0xff, 0xff, 0xff, 0xf0, 0x4, 0xf7,
    0xff, 0xff, 0xff, 0xff, 0xf0, 0xd, 0xf3, 0xff,
    0xff, 0xff, 0xff, 0xf0, 0x3f, 0x70, 0x8b, 0xbb,
    0xdf, 0xff, 0xf0, 0x0, 0x0, 0x0, 0x0, 0xb,
    0xff, 0xf0, 0x0, 0x0, 0x0, 0x0, 0x0, 0xbf,
    0xf0, 0x0, 0x0, 0x0, 0x0, 0x0, 0xb, 0xe0,
    0x0, 0x0, 0x0, 0x0, 0x0, 0x0, 0x0, 0x0,
    0x0,

    /* U+F028 "" */
    0x0, 0x0, 0x0, 0x0, 0x0, 0x0, 0x0, 0x1,
    0x0, 0x0, 0x0, 0x0, 0x0, 0x0, 0x0, 0x0,
    0x0, 0x7, 0xf6, 0x0, 0x0, 0x0, 0x0, 0x0,
    0x2, 0x40, 0x0, 0x0, 0x2d, 0xf8, 0x0, 0x0,
    0x0, 0x0, 0x2, 0xef, 0x0, 0x0, 0x40, 0x1c,
    0xf4, 0x0, 0x0, 0x0, 0x2, 0xef, 0xf0, 0x0,
    0x5f, 0xb0, 0x1e, 0xe1, 0x0, 0x0, 0x3, 0xef,
    0xff, 0x0, 0x0, 0xaf, 0xa0, 0x6f, 0x70, 0xdf,
    0xff, 0xff, 0xff, 0xf0, 0x7, 0x10, 0xbf, 0x30,
    0xfd, 0xf, 0xff, 0xff, 0xff, 0xff, 0x3, 0xfd,
    0x3, 0xf9, 0xa, 0xf0, 0xff, 0xff, 0xff, 0xff,
    0xf0, 0x7, 0xf5, 0xe, 0xc0, 0x8f, 0x2f, 0xff,
    0xff, 0xff, 0xff, 0x0, 0x4f, 0x70, 0xdd, 0x7,
    0xf3, 0xff, 0xff, 0xff, 0xff, 0xf0, 0x1d, 0xf3,
    0xf, 0xb0, 0x9f, 0x2f, 0xff, 0xff, 0xff, 0xff,
    0x3, 0xf7, 0x7, 0xf6, 0xc, 0xf0, 0x7b, 0xbb,
    0xdf, 0xff, 0xf0, 0x0, 0x3, 0xfe, 0x12, 0xfa,
    0x0, 0x0, 0x0, 0xbf, 0xff, 0x0, 0x3, 0xff,
    0x40, 0xaf, 0x30, 0x0, 0x0, 0x0, 0xbf, 0xf0,
    0x0, 0x3c, 0x30, 0x6f, 0xa0, 0x0, 0x0, 0x0,
    0x0, 0xbe, 0x0, 0x0, 0x0, 0x6f, 0xe1, 0x0,
    0x0, 0x0, 0x0, 0x0, 0x0, 0x0, 0x0, 0x6f,
    0xd2, 0x0, 0x0, 0x0, 0x0, 0x0, 0x0, 0x0,
    0x0, 0x3, 0x90, 0x0, 0x0,

    /* U+F03E "" */
    0x3a, 0xbb, 0xbb, 0xbb, 0xbb, 0xbb, 0xbb, 0xbb,
    0xa3, 0xef, 0xff, 0xff, 0xff, 0xff, 0xff, 0xff,
    0xff, 0xfe, 0xff, 0xd5, 0x6e, 0xff, 0xff, 0xff,
    0xff, 0xff, 0xff, 0xff, 0x20, 0x4, 0xff, 0xff,
    0xff, 0xff, 0xff, 0xff, 0xff, 0x0, 0x2, 0xff,
    0xff, 0xff, 0xbf, 0xff, 0xff, 0xff, 0x50, 0x7,
    0xff, 0xff, 0xf5, 0x8, 0xff, 0xff, 0xff, 0xfb,
    0xbf, 0xff, 0xff, 0x50, 0x0, 0x8f, 0xff, 0xff,
    0xff, 0xcb, 0xff, 0xf5, 0x0, 0x0, 0x9, 0xff,
    0xff, 0xfc, 0x0, 0xaf, 0x50, 0x0, 0x0, 0x4,
    0xff, 0xff, 0xc0, 0x0, 0x3, 0x0, 0x0, 0x0,
    0x4, 0xff, 0xff, 0x40, 0x0, 0x0, 0x0, 0x0,
    0x0, 0x4, 0xff, 0xff, 0x74, 0x44, 0x44, 0x44,
    0x44, 0x44, 0x47, 0xff, 0xff, 0xff, 0xff, 0xff,
    0xff, 0xff, 0xff, 0xff, 0xff, 0x6f, 0xff, 0xff,
    0xff, 0xff, 0xff, 0xff, 0xff, 0xf6,

    /* U+F043 "" */
    0x0, 0x0, 0x6, 0x90, 0x0, 0x0, 0x0, 0x0,
    0x1, 0xff, 0x40, 0x0, 0x0, 0x0, 0x0, 0x6f,
    0xfa, 0x0, 0x0, 0x0, 0x0, 0xd, 0xff, 0xf2,
    0x0, 0x0, 0x0, 0x5, 0xff, 0xff, 0x90, 0x0,
    0x0, 0x0, 0xef, 0xff, 0xff, 0x30, 0x0, 0x0,
    0x9f, 0xff, 0xff, 0xfd, 0x0, 0x0, 0x5f, 0xff,
    0xff, 0xff, 0xf9, 0x0, 0xe, 0xff, 0xff, 0xff,
    0xff, 0xf3, 0x7, 0xff, 0xff, 0xff, 0xff, 0xff,
    0xa0, 0xcf, 0xff, 0xff, 0xff, 0xff, 0xff, 0xf,
    0xfb, 0xff, 0xff, 0xff, 0xff, 0xf2, 0xff, 0x4a,
    0xff, 0xff, 0xff, 0xff, 0x2c, 0xf8, 0x4f, 0xff,
    0xff, 0xff, 0xf0, 0x7f, 0xf2, 0x5c, 0xff, 0xff,
    0xfb, 0x0, 0xef, 0xe5, 0x8, 0xff, 0xff, 0x30,
    0x2, 0xef, 0xff, 0xff, 0xff, 0x50, 0x0, 0x1,
    0xaf, 0xff, 0xfb, 0x30, 0x0, 0x0, 0x0, 0x3,
    0x31, 0x0, 0x0, 0x0,

    /* U+F048 "" */
    0x6b, 0x90, 0x0, 0x0, 0x3, 0xa2, 0x9f, 0xe0,
    0x0, 0x0, 0x4f, 0xf9, 0x9f, 0xe0, 0x0, 0x5,
    0xff, 0xfa, 0x9f, 0xe0, 0x0, 0x6f, 0xff, 0xfa,
    0x9f, 0xe0, 0x7, 0xff, 0xff, 0xfa, 0x9f, 0xe0,
    0x8f, 0xff, 0xff, 0xfa, 0x9f, 0xe9, 0xff, 0xff,
    0xff, 0xfa, 0x9f, 0xff, 0xff, 0xff, 0xff, 0xfa,
    0x9f, 0xff, 0xff, 0xff, 0xff, 0xfa, 0x9f, 0xfe,
    0xff, 0xff, 0xff, 0xfa, 0x9f, 0xe1, 0xdf, 0xff,
    0xff, 0xfa, 0x9f, 0xe0, 0x1c, 0xff, 0xff, 0xfa,
    0x9f, 0xe0, 0x0, 0xbf, 0xff, 0xfa, 0x9f, 0xe0,
    0x0, 0xa, 0xff, 0xfa, 0x9f, 0xe0, 0x0, 0x0,
    0x9f, 0xfa, 0x9f, 0xe0, 0x0, 0x0, 0x8, 0xf6,
    0x0, 0x0, 0x0, 0x0, 0x0, 0x0,

    /* U+F04B "" */
    0x3a, 0x70, 0x0, 0x0, 0x0, 0x0, 0x0, 0x0,
    0xef, 0xfe, 0x50, 0x0, 0x0, 0x0, 0x0, 0x0,
    0xff, 0xff, 0xfb, 0x20, 0x0, 0x0, 0x0, 0x0,
    0xff, 0xff, 0xff, 0xf8, 0x0, 0x0, 0x0, 0x0,
    0xff, 0xff, 0xff, 0xff, 0xe6, 0x0, 0x0, 0x0,
    0xff, 0xff, 0xff, 0xff, 0xff, 0xc3, 0x0, 0x0,
    0xff, 0xff, 0xff, 0xff, 0xff, 0xff, 0x91, 0x0,
    0xff, 0xff, 0xff, 0xff, 0xff, 0xff, 0xfe, 0x60,
    0xff, 0xff, 0xff, 0xff, 0xff, 0xff, 0xff, 0xf7,
    0xff, 0xff, 0xff, 0xff, 0xff, 0xff, 0xff, 0xfa,
    0xff, 0xff, 0xff, 0xff, 0xff, 0xff, 0xff, 0xe2,
    0xff, 0xff, 0xff, 0xff, 0xff, 0xff, 0xf8, 0x0,
    0xff, 0xff, 0xff, 0xff, 0xff, 0xfb, 0x20, 0x0,
    0xff, 0xff, 0xff, 0xff, 0xfd, 0x40, 0x0, 0x0,
    0xff, 0xff, 0xff, 0xff, 0x70, 0x0, 0x0, 0x0,
    0xff, 0xff, 0xff, 0xa1, 0x0, 0x0, 0x0, 0x0,
    0xff, 0xff, 0xd3, 0x0, 0x0, 0x0, 0x0, 0x0,
    0xaf, 0xe6, 0x0, 0x0, 0x0, 0x0, 0x0, 0x0,
    0x2, 0x0, 0x0, 0x0, 0x0, 0x0, 0x0, 0x0,

    /* U+F04C "" */
    0x3a, 0xbb, 0xb9, 0x10, 0x3, 0xab, 0xbb, 0x91,
    0xef, 0xff, 0xff, 0xa0, 0xe, 0xff, 0xff, 0xfa,
    0xff, 0xff, 0xff, 0xc0, 0xf, 0xff, 0xff, 0xfc,
    0xff, 0xff, 0xff, 0xc0, 0xf, 0xff, 0xff, 0xfc,
    0xff, 0xff, 0xff, 0xc0, 0xf, 0xff, 0xff, 0xfc,
    0xff, 0xff, 0xff, 0xc0, 0xf, 0xff, 0xff, 0xfc,
    0xff, 0xff, 0xff, 0xc0, 0xf, 0xff, 0xff, 0xfc,
    0xff, 0xff, 0xff, 0xc0, 0xf, 0xff, 0xff, 0xfc,
    0xff, 0xff, 0xff, 0xc0, 0xf, 0xff, 0xff, 0xfc,
    0xff, 0xff, 0xff, 0xc0, 0xf, 0xff, 0xff, 0xfc,
    0xff, 0xff, 0xff, 0xc0, 0xf, 0xff, 0xff, 0xfc,
    0xff, 0xff, 0xff, 0xc0, 0xf, 0xff, 0xff, 0xfc,
    0xff, 0xff, 0xff, 0xc0, 0xf, 0xff, 0xff, 0xfc,
    0xff, 0xff, 0xff, 0xc0, 0xf, 0xff, 0xff, 0xfc,
    0xff, 0xff, 0xff, 0xb0, 0xf, 0xff, 0xff, 0xfb,
    0x7f, 0xff, 0xfe, 0x40, 0x7, 0xff, 0xff, 0xe4,
    0x0, 0x0, 0x0, 0x0, 0x0, 0x0, 0x0, 0x0,

    /* U+F04D "" */
    0x3a, 0xbb, 0xbb, 0xbb, 0xbb, 0xbb, 0xbb, 0x91,
    0xef, 0xff, 0xff, 0xff, 0xff, 0xff, 0xff, 0xfa,
    0xff, 0xff, 0xff, 0xff, 0xff, 0xff, 0xff, 0xfc,
    0xff, 0xff, 0xff, 0xff, 0xff, 0xff, 0xff, 0xfc,
    0xff, 0xff, 0xff, 0xff, 0xff, 0xff, 0xff, 0xfc,
    0xff, 0xff, 0xff, 0xff, 0xff, 0xff, 0xff, 0xfc,
    0xff, 0xff, 0xff, 0xff, 0xff, 0xff, 0xff, 0xfc,
    0xff, 0xff, 0xff, 0xff, 0xff, 0xff, 0xff, 0xfc,
    0xff, 0xff, 0xff, 0xff, 0xff, 0xff, 0xff, 0xfc,
    0xff, 0xff, 0xff, 0xff, 0xff, 0xff, 0xff, 0xfc,
    0xff, 0xff, 0xff, 0xff, 0xff, 0xff, 0xff, 0xfc,
    0xff, 0xff, 0xff, 0xff, 0xff, 0xff, 0xff, 0xfc,
    0xff, 0xff, 0xff, 0xff, 0xff, 0xff, 0xff, 0xfc,
    0xff, 0xff, 0xff, 0xff, 0xff, 0xff, 0xff, 0xfc,
    0xff, 0xff, 0xff, 0xff, 0xff, 0xff, 0xff, 0xfb,
    0x7f, 0xff, 0xff, 0xff, 0xff, 0xff, 0xff, 0xe4,
    0x0, 0x0, 0x0, 0x0, 0x0, 0x0, 0x0, 0x0,

    /* U+F051 "" */
    0x4a, 0x20, 0x0, 0x0, 0xa, 0xb4, 0xbf, 0xe3,
    0x0, 0x0, 0xf, 0xf8, 0xcf, 0xff, 0x40, 0x0,
    0xf, 0xf8, 0xcf, 0xff, 0xf5, 0x0, 0xf, 0xf8,
    0xcf, 0xff, 0xff, 0x60, 0xf, 0xf8, 0xcf, 0xff,
    0xff, 0xf7, 0xf, 0xf8, 0xcf, 0xff, 0xff, 0xff,
    0x9f, 0xf8, 0xcf, 0xff, 0xff, 0xff, 0xff, 0xf8,
    0xcf, 0xff, 0xff, 0xff, 0xff, 0xf8, 0xcf, 0xff,
    0xff, 0xff, 0xdf, 0xf8, 0xcf, 0xff, 0xff, 0xfc,
    0x1f, 0xf8, 0xcf, 0xff, 0xff, 0xb0, 0xf, 0xf8,
    0xcf, 0xff, 0xfa, 0x0, 0xf, 0xf8, 0xcf, 0xff,
    0x80, 0x0, 0xf, 0xf8, 0xbf, 0xf7, 0x0, 0x0,
    0xf, 0xf8, 0x7f, 0x60, 0x0, 0x0, 0xf, 0xf7,
    0x0, 0x0, 0x0, 0x0, 0x0, 0x0,

    /* U+F052 "" */
    0x0, 0x0, 0x0, 0x2, 0xca, 0x10, 0x0, 0x0,
    0x0, 0x0, 0x0, 0x0, 0x2e, 0xff, 0xc0, 0x0,
    0x0, 0x0, 0x0, 0x0, 0x1, 0xef, 0xff, 0xfb,
    0x0, 0x0, 0x0, 0x0, 0x0, 0x1d, 0xff, 0xff,
    0xff, 0xa0, 0x0, 0x0, 0x0, 0x0, 0xcf, 0xff,
    0xff, 0xff, 0xf9, 0x0, 0x0, 0x0, 0xb, 0xff,
    0xff, 0xff, 0xff, 0xff, 0x70, 0x0, 0x0, 0xaf,
    0xff, 0xff, 0xff, 0xff, 0xff, 0xf6, 0x0, 0x8,
    0xff, 0xff, 0xff, 0xff, 0xff, 0xff, 0xff, 0x40,
    0xf, 0xff, 0xff, 0xff, 0xff, 0xff, 0xff, 0xff,
    0xb0, 0xa, 0xff, 0xff, 0xff, 0xff, 0xff, 0xff,
    0xff, 0x60, 0x0, 0x34, 0x44, 0x44, 0x44, 0x44,
    0x44, 0x42, 0x0, 0x3, 0x77, 0x77, 0x77, 0x77,
    0x77, 0x77, 0x77, 0x10, 0xf, 0xff, 0xff, 0xff,
    0xff, 0xff, 0xff, 0xff, 0xb0, 0xf, 0xff, 0xff,
    0xff, 0xff, 0xff, 0xff, 0xff, 0xc0, 0xf, 0xff,
    0xff, 0xff, 0xff, 0xff, 0xff, 0xff, 0xb0, 0xc,
    0xff, 0xff, 0xff, 0xff, 0xff, 0xff, 0xff, 0x70,
    0x0, 0x0, 0x0, 0x0, 0x0, 0x0, 0x0, 0x0,
    0x0,

    /* U+F053 "" */
    0x0, 0x0, 0x0, 0x0, 0x41, 0x0, 0x0, 0x0,
    0x0, 0x9f, 0xd0, 0x0, 0x0, 0x0, 0x9f, 0xff,
    0x20, 0x0, 0x0, 0x9f, 0xff, 0x50, 0x0, 0x0,
    0x9f, 0xff, 0x50, 0x0, 0x0, 0x9f, 0xff, 0x50,
    0x0, 0x0, 0x9f, 0xff, 0x50, 0x0, 0x0, 0x9f,
    0xff, 0x50, 0x0, 0x0, 0xe, 0xff, 0xd1, 0x0,
    0x0, 0x0, 0x3e, 0xff, 0xc1, 0x0, 0x0, 0x0,
    0x3e, 0xff, 0xc1, 0x0, 0x0, 0x0, 0x3e, 0xff,
    0xc1, 0x0, 0x0, 0x0, 0x3e, 0xff, 0xc1, 0x0,
    0x0, 0x0, 0x3e, 0xff, 0xc0, 0x0, 0x0, 0x0,
    0x3e, 0xff, 0x20, 0x0, 0x0, 0x0, 0x3c, 0x60,

    /* U+F054 "" */
    0x0, 0x50, 0x0, 0x0, 0x0, 0x0, 0x9f, 0xc1,
    0x0, 0x0, 0x0, 0xe, 0xff, 0xc1, 0x0, 0x0,
    0x0, 0x2e, 0xff, 0xc1, 0x0, 0x0, 0x0, 0x2e,
    0xff, 0xc1, 0x0, 0x0, 0x0, 0x2e, 0xff, 0xc1,
    0x0, 0x0, 0x0, 0x2e, 0xff, 0xc1, 0x0, 0x0,
    0x0, 0x2e, 0xff, 0xc0, 0x0, 0x0, 0x0, 0xaf,
    0xff, 0x20, 0x0, 0x0, 0x9f, 0xff, 0x50, 0x0,
    0x0, 0x9f, 0xff, 0x50, 0x0, 0x0, 0x9f, 0xff,
    0x50, 0x0, 0x0, 0x9f, 0xff, 0x50, 0x0, 0x0,
    0x9f, 0xff, 0x60, 0x0, 0x0, 0xe, 0xff, 0x60,
    0x0, 0x0, 0x0, 0x3d, 0x50, 0x0, 0x0, 0x0,

    /* U+F067 "" */
    0x0, 0x0, 0x0, 0x39, 0x91, 0x0, 0x0, 0x0,
    0x0, 0x0, 0x0, 0xcf, 0xf8, 0x0, 0x0, 0x0,
    0x0, 0x0, 0x0, 0xdf, 0xf9, 0x0, 0x0, 0x0,
    0x0, 0x0, 0x0, 0xdf, 0xf9, 0x0, 0x0, 0x0,
    0x0, 0x0, 0x0, 0xdf, 0xf9, 0x0, 0x0, 0x0,
    0x0, 0x0, 0x0, 0xdf, 0xf9, 0x0, 0x0, 0x0,
    0x36, 0x77, 0x77, 0xef, 0xfc, 0x77, 0x77, 0x61,
    0xef, 0xff, 0xff, 0xff, 0xff, 0xff, 0xff, 0xfa,
    0xff, 0xff, 0xff, 0xff, 0xff, 0xff, 0xff, 0xfb,
    0xae, 0xff, 0xff, 0xff, 0xff, 0xff, 0xff, 0xe6,
    0x0, 0x0, 0x0, 0xdf, 0xf9, 0x0, 0x0, 0x0,
    0x0, 0x0, 0x0, 0xdf, 0xf9, 0x0, 0x0, 0x0,
    0x0, 0x0, 0x0, 0xdf, 0xf9, 0x0, 0x0, 0x0,
    0x0, 0x0, 0x0, 0xdf, 0xf9, 0x0, 0x0, 0x0,
    0x0, 0x0, 0x0, 0xdf, 0xf9, 0x0, 0x0, 0x0,
    0x0, 0x0, 0x0, 0x9f, 0xf5, 0x0, 0x0, 0x0,
    0x0, 0x0, 0x0, 0x1, 0x10, 0x0, 0x0, 0x0,

    /* U+F068 "" */
    0x36, 0x66, 0x66, 0x66, 0x66, 0x66, 0x66, 0x61,
    0xef, 0xff, 0xff, 0xff, 0xff, 0xff, 0xff, 0xfa,
    0xff, 0xff, 0xff, 0xff, 0xff, 0xff, 0xff, 0xfb,
    0xaf, 0xff, 0xff, 0xff, 0xff, 0xff, 0xff, 0xf6,

    /* U+F06E "" */
    0x0, 0x0, 0x0, 0x3, 0x68, 0x87, 0x40, 0x0,
    0x0, 0x0, 0x0, 0x0, 0x0, 0x8e, 0xff, 0xff,
    0xff, 0xf9, 0x20, 0x0, 0x0, 0x0, 0x4, 0xef,
    0xfd, 0x63, 0x25, 0xbf, 0xff, 0x70, 0x0, 0x0,
    0x7, 0xff, 0xfa, 0x0, 0x0, 0x0, 0x7f, 0xff,
    0xa0, 0x0, 0x6, 0xff, 0xfd, 0x0, 0x8, 0xfc,
    0x20, 0x9f, 0xff, 0xa0, 0x2, 0xff, 0xff, 0x50,
    0x0, 0x8f, 0xfe, 0x12, 0xff, 0xff, 0x60, 0xcf,
    0xff, 0xf2, 0x16, 0x7f, 0xff, 0xf5, 0xe, 0xff,
    0xfe, 0x1e, 0xff, 0xff, 0x12, 0xff, 0xff, 0xff,
    0x70, 0xdf, 0xff, 0xf2, 0x6f, 0xff, 0xf3, 0xe,
    0xff, 0xff, 0xf3, 0xf, 0xff, 0xfb, 0x0, 0xbf,
    0xff, 0x90, 0x4f, 0xff, 0xf8, 0x5, 0xff, 0xfe,
    0x10, 0x1, 0xdf, 0xff, 0x40, 0x28, 0x84, 0x1,
    0xef, 0xff, 0x30, 0x0, 0x1, 0xbf, 0xff, 0x60,
    0x0, 0x4, 0xef, 0xfd, 0x30, 0x0, 0x0, 0x0,
    0x6e, 0xff, 0xfb, 0xbe, 0xff, 0xf9, 0x0, 0x0,
    0x0, 0x0, 0x0, 0x5, 0xad, 0xff, 0xeb, 0x71,
    0x0, 0x0, 0x0,

    /* U+F070 "" */
    0x4a, 0x10, 0x0, 0x0, 0x0, 0x0, 0x0, 0x0,
    0x0, 0x0, 0x0, 0xe, 0xfe, 0x30, 0x0, 0x0,
    0x0, 0x0, 0x0, 0x0, 0x0, 0x0, 0x0, 0x5f,
    0xff, 0x60, 0x0, 0x15, 0x78, 0x74, 0x0, 0x0,
    0x0, 0x0, 0x0, 0x2d, 0xff, 0xa6, 0xdf, 0xff,
    0xff, 0xff, 0xa2, 0x0, 0x0, 0x0, 0x0, 0xa,
    0xff, 0xff, 0xe8, 0x32, 0x5b, 0xff, 0xf8, 0x0,
    0x0, 0x0, 0x0, 0x6, 0xff, 0xf6, 0x0, 0x10,
    0x6, 0xff, 0xfb, 0x0, 0x0, 0x0, 0x0, 0x3,
    0xef, 0xf8, 0x7f, 0xd3, 0x9, 0xff, 0xfb, 0x0,
    0x0, 0x1e, 0x70, 0x1, 0xbf, 0xfe, 0xff, 0xf2,
    0x1f, 0xff, 0xf7, 0x0, 0x9, 0xff, 0xa0, 0x0,
    0x8f, 0xff, 0xff, 0x70, 0xdf, 0xff, 0xf1, 0x0,
    0xcf, 0xff, 0xd1, 0x0, 0x5f, 0xff, 0xf9, 0xc,
    0xff, 0xff, 0x30, 0x5, 0xff, 0xff, 0x60, 0x0,
    0x2d, 0xff, 0xb0, 0xef, 0xff, 0xb0, 0x0, 0xa,
    0xff, 0xfc, 0x0, 0x0, 0xa, 0xff, 0xef, 0xff,
    0xe1, 0x0, 0x0, 0xc, 0xff, 0xf6, 0x0, 0x0,
    0x6, 0xff, 0xff, 0xf3, 0x0, 0x0, 0x0, 0xa,
    0xff, 0xf8, 0x10, 0x0, 0x3, 0xef, 0xfa, 0x0,
    0x0, 0x0, 0x0, 0x5, 0xef, 0xff, 0xcb, 0x80,
    0x1, 0xbf, 0xfb, 0x10, 0x0, 0x0, 0x0, 0x0,
    0x5a, 0xdf, 0xfe, 0x70, 0x0, 0x8f, 0xfe, 0x30,
    0x0, 0x0, 0x0, 0x0, 0x0, 0x0, 0x0, 0x0,
    0x0, 0x5f, 0xff, 0x30, 0x0, 0x0, 0x0, 0x0,
    0x0, 0x0, 0x0, 0x0, 0x0, 0x2d, 0xe1, 0x0,
    0x0, 0x0, 0x0, 0x0, 0x0, 0x0, 0x0, 0x0,
    0x0, 0x1, 0x0,

    /* U+F071 "" */
    0x0, 0x0, 0x0, 0x0, 0x1, 0xcd, 0x40, 0x0,
    0x0, 0x0, 0x0, 0x0, 0x0, 0x0, 0x0, 0xa,
    0xff, 0xe0, 0x0, 0x0, 0x0, 0x0, 0x0, 0x0,
    0x0, 0x0, 0x4f, 0xff, 0xf8, 0x0, 0x0, 0x0,
    0x0, 0x0, 0x0, 0x0, 0x0, 0xdf, 0xff, 0xff,
    0x10, 0x0, 0x0, 0x0, 0x0, 0x0, 0x0, 0x6,
    0xff, 0xff, 0xff, 0xa0, 0x0, 0x0, 0x0, 0x0,
    0x0, 0x0, 0xe, 0xff, 0xff, 0xff, 0xf3, 0x0,
    0x0, 0x0, 0x0, 0x0, 0x0, 0x8f, 0xfb, 0x33,
    0x8f, 0xfc, 0x0, 0x0, 0x0, 0x0, 0x0, 0x2,
    0xff, 0xf9, 0x0, 0x6f, 0xff, 0x60, 0x0, 0x0,
    0x0, 0x0, 0xa, 0xff, 0xfa, 0x0, 0x6f, 0xff,
    0xe0, 0x0, 0x0, 0x0, 0x0, 0x4f, 0xff, 0xfb,
    0x0, 0x7f, 0xff, 0xf8, 0x0, 0x0, 0x0, 0x0,
    0xdf, 0xff, 0xfc, 0x0, 0x8f, 0xff, 0xff, 0x10,
    0x0, 0x0, 0x6, 0xff, 0xff, 0xfd, 0x0, 0x9f,
    0xff, 0xff, 0xa0, 0x0, 0x0, 0xe, 0xff, 0xff,
    0xff, 0xcb, 0xff, 0xff, 0xff, 0xf3, 0x0, 0x0,
    0x8f, 0xff, 0xff, 0xfc, 0x0, 0x8f, 0xff, 0xff,
    0xfc, 0x0, 0x2, 0xff, 0xff, 0xff, 0xf9, 0x0,
    0x4f, 0xff, 0xff, 0xff, 0x60, 0xa, 0xff, 0xff,
    0xff, 0xfe, 0x42, 0xcf, 0xff, 0xff, 0xff, 0xe0,
    0xf, 0xff, 0xff, 0xff, 0xff, 0xff, 0xff, 0xff,
    0xff, 0xff, 0xf3, 0x9, 0xff, 0xff, 0xff, 0xff,
    0xff, 0xff, 0xff, 0xff, 0xff, 0xd0, 0x0, 0x23,
    0x33, 0x33, 0x33, 0x33, 0x33, 0x33, 0x33, 0x33,
    0x0,

    /* U+F074 "" */
    0x0, 0x0, 0x0, 0x0, 0x0, 0x0, 0x1, 0x40,
    0x0, 0x0, 0x0, 0x0, 0x0, 0x0, 0x0, 0x7,
    0xf9, 0x0, 0x12, 0x22, 0x10, 0x0, 0x0, 0x1,
    0x29, 0xff, 0x90, 0xff, 0xff, 0xe2, 0x0, 0x0,
    0x6f, 0xff, 0xff, 0xf8, 0xff, 0xff, 0xfe, 0x20,
    0x5, 0xff, 0xff, 0xff, 0xfd, 0x9a, 0xad, 0xff,
    0xd0, 0x5f, 0xff, 0xbd, 0xff, 0xe2, 0x0, 0x0,
    0xcf, 0x44, 0xff, 0xf9, 0x8, 0xfe, 0x20, 0x0,
    0x0, 0x4, 0x4f, 0xff, 0x90, 0x4, 0xd2, 0x0,
    0x0, 0x0, 0x3, 0xff, 0xfa, 0x0, 0x0, 0x10,
    0x0, 0x0, 0x0, 0x3f, 0xff, 0xa1, 0x91, 0x6,
    0xf6, 0x0, 0x0, 0x2, 0xef, 0xfb, 0xc, 0xfc,
    0x8, 0xff, 0x60, 0xef, 0xff, 0xff, 0xb0, 0x1d,
    0xff, 0xff, 0xff, 0xf6, 0xff, 0xff, 0xfc, 0x0,
    0x2, 0xef, 0xff, 0xff, 0xfe, 0xdd, 0xdd, 0xb0,
    0x0, 0x0, 0x2d, 0xde, 0xff, 0xf5, 0x0, 0x0,
    0x0, 0x0, 0x0, 0x0, 0x8, 0xff, 0x50, 0x0,
    0x0, 0x0, 0x0, 0x0, 0x0, 0x6, 0xf5, 0x0,
    0x0, 0x0, 0x0, 0x0, 0x0, 0x0, 0x0, 0x0,
    0x0,

    /* U+F077 "" */
    0x0, 0x0, 0x0, 0x4, 0x20, 0x0, 0x0, 0x0,
    0x0, 0x0, 0x0, 0x5f, 0xe2, 0x0, 0x0, 0x0,
    0x0, 0x0, 0x5, 0xff, 0xfe, 0x20, 0x0, 0x0,
    0x0, 0x0, 0x6f, 0xff, 0xff, 0xe3, 0x0, 0x0,
    0x0, 0x6, 0xff, 0xfa, 0xcf, 0xfe, 0x30, 0x0,
    0x0, 0x6f, 0xff, 0x90, 0xc, 0xff, 0xe3, 0x0,
    0x6, 0xff, 0xf9, 0x0, 0x0, 0xcf, 0xfe, 0x30,
    0x5f, 0xff, 0x90, 0x0, 0x0, 0xc, 0xff, 0xe2,
    0xaf, 0xf9, 0x0, 0x0, 0x0, 0x0, 0xcf, 0xf6,
    0x1b, 0x80, 0x0, 0x0, 0x0, 0x0, 0xb, 0x90,

    /* U+F078 "" */
    0x3, 0x20, 0x0, 0x0, 0x0, 0x0, 0x3, 0x20,
    0x6f, 0xe2, 0x0, 0x0, 0x0, 0x0, 0x5f, 0xf2,
    0xaf, 0xfe, 0x20, 0x0, 0x0, 0x5, 0xff, 0xf6,
    0x1c, 0xff, 0xe3, 0x0, 0x0, 0x5f, 0xff, 0x90,
    0x1, 0xcf, 0xfe, 0x30, 0x5, 0xff, 0xf9, 0x0,
    0x0, 0x1c, 0xff, 0xe3, 0x5f, 0xff, 0x90, 0x0,
    0x0, 0x1, 0xcf, 0xff, 0xff, 0xf9, 0x0, 0x0,
    0x0, 0x0, 0x1c, 0xff, 0xff, 0x90, 0x0, 0x0,
    0x0, 0x0, 0x1, 0xcf, 0xf9, 0x0, 0x0, 0x0,
    0x0, 0x0, 0x0, 0x1b, 0x90, 0x0, 0x0, 0x0,

    /* U+F079 "" */
    0x0, 0x0, 0x26, 0x0, 0x0, 0x0, 0x0, 0x0,
    0x0, 0x0, 0x0, 0x0, 0x0, 0x2, 0xef, 0xa0,
    0x0, 0x44, 0x44, 0x44, 0x44, 0x42, 0x0, 0x0,
    0x0, 0x3e, 0xff, 0xfa, 0x4, 0xff, 0xff, 0xff,
    0xff, 0xfd, 0x0, 0x0, 0x3, 0xef, 0xff, 0xff,
    0xa0, 0xaf, 0xff, 0xff, 0xff, 0xfe, 0x0, 0x0,
    0xe, 0xfd, 0xef, 0xcf, 0xf8, 0x0, 0x0, 0x0,
    0x5, 0xfe, 0x0, 0x0, 0xb, 0xe2, 0xdf, 0x67,
    0xf5, 0x0, 0x0, 0x0, 0x5, 0xfe, 0x0, 0x0,
    0x0, 0x0, 0xdf, 0x60, 0x0, 0x0, 0x0, 0x0,
    0x5, 0xfe, 0x0, 0x0, 0x0, 0x0, 0xdf, 0x60,
    0x0, 0x0, 0x0, 0x0, 0x5, 0xfe, 0x0, 0x0,
    0x0, 0x0, 0xdf, 0x60, 0x0, 0x0, 0x0, 0x4,
    0x15, 0xfe, 0x3, 0x20, 0x0, 0x0, 0xdf, 0x60,
    0x0, 0x0, 0x0, 0x6f, 0xd6, 0xfe, 0x4f, 0xf1,
    0x0, 0x0, 0xdf, 0x94, 0x44, 0x44, 0x41, 0x3f,
    0xff, 0xff, 0xff, 0xc0, 0x0, 0x0, 0xdf, 0xff,
    0xff, 0xff, 0xff, 0x24, 0xff, 0xff, 0xfc, 0x10,
    0x0, 0x0, 0x9f, 0xff, 0xff, 0xff, 0xfe, 0x30,
    0x4f, 0xff, 0xc0, 0x0, 0x0, 0x0, 0x0, 0x0,
    0x0, 0x0, 0x0, 0x0, 0x4, 0xfc, 0x0, 0x0,
    0x0, 0x0, 0x0, 0x0, 0x0, 0x0, 0x0, 0x0,
    0x0, 0x10, 0x0, 0x0,

    /* U+F07B "" */
    0x17, 0x88, 0x88, 0x84, 0x0, 0x0, 0x0, 0x0,
    0x0, 0xcf, 0xff, 0xff, 0xff, 0x50, 0x0, 0x0,
    0x0, 0x0, 0xff, 0xff, 0xff, 0xff, 0xf6, 0x44,
    0x44, 0x44, 0x30, 0xff, 0xff, 0xff, 0xff, 0xff,
    0xff, 0xff, 0xff, 0xfa, 0xff, 0xff, 0xff, 0xff,
    0xff, 0xff, 0xff, 0xff, 0xff, 0xff, 0xff, 0xff,
    0xff, 0xff, 0xff, 0xff, 0xff, 0xff, 0xff, 0xff,
    0xff, 0xff, 0xff, 0xff, 0xff, 0xff, 0xff, 0xff,
    0xff, 0xff, 0xff, 0xff, 0xff, 0xff, 0xff, 0xff,
    0xff, 0xff, 0xff, 0xff, 0xff, 0xff, 0xff, 0xff,
    0xff, 0xff, 0xff, 0xff, 0xff, 0xff, 0xff, 0xff,
    0xff, 0xff, 0xff, 0xff, 0xff, 0xff, 0xff, 0xff,
    0xff, 0xff, 0xff, 0xff, 0xff, 0xff, 0xff, 0xff,
    0xff, 0xff, 0xff, 0xff, 0xff, 0xff, 0xff, 0xff,
    0xff, 0xff, 0xff, 0xff, 0xff, 0x7f, 0xff, 0xff,
    0xff, 0xff, 0xff, 0xff, 0xff, 0xf6,

    /* U+F093 "" */
    0x0, 0x0, 0x0, 0x0, 0x47, 0x0, 0x0, 0x0,
    0x0, 0x0, 0x0, 0x0, 0x4, 0xff, 0x90, 0x0,
    0x0, 0x0, 0x0, 0x0, 0x0, 0x4f, 0xff, 0xf9,
    0x0, 0x0, 0x0, 0x0, 0x0, 0x4, 0xff, 0xff,
    0xff, 0x90, 0x0, 0x0, 0x0, 0x0, 0x4f, 0xff,
    0xff, 0xff, 0xf9, 0x0, 0x0, 0x0, 0x4, 0xff,
    0xff, 0xff, 0xff, 0xff, 0x90, 0x0, 0x0, 0xc,
    0xff, 0xff, 0xff, 0xff, 0xff, 0xf1, 0x0, 0x0,
    0x0, 0x11, 0x2f, 0xff, 0xf7, 0x11, 0x10, 0x0,
    0x0, 0x0, 0x0, 0x1f, 0xff, 0xf6, 0x0, 0x0,
    0x0, 0x0, 0x0, 0x0, 0x1f, 0xff, 0xf6, 0x0,
    0x0, 0x0, 0x0, 0x0, 0x0, 0x1f, 0xff, 0xf6,
    0x0, 0x0, 0x0, 0x0, 0x0, 0x0, 0x1f, 0xff,
    0xf6, 0x0, 0x0, 0x0, 0x24, 0x44, 0x42, 0x1f,
    0xff, 0xf6, 0x24, 0x44, 0x42, 0xff, 0xff, 0xfc,
    0x8, 0xbb, 0xa2, 0xcf, 0xff, 0xff, 0xff, 0xff,
    0xff, 0xa5, 0x55, 0x5a, 0xff, 0xff, 0xff, 0xff,
    0xff, 0xff, 0xff, 0xff, 0xff, 0xff, 0xff, 0xff,
    0xff, 0xff, 0xff, 0xff, 0xff, 0xff, 0x66, 0xc4,
    0xff, 0xdf, 0xff, 0xff, 0xff, 0xff, 0xff, 0xff,
    0xff, 0xfd, 0x0, 0x0, 0x0, 0x0, 0x0, 0x0,
    0x0, 0x0, 0x0,

    /* U+F095 "" */
    0x0, 0x0, 0x0, 0x0, 0x0, 0x0, 0x2, 0xb8,
    0x41, 0x0, 0x0, 0x0, 0x0, 0x0, 0x0, 0x0,
    0x9f, 0xff, 0xfb, 0x0, 0x0, 0x0, 0x0, 0x0,
    0x0, 0x1f, 0xff, 0xff, 0xf0, 0x0, 0x0, 0x0,
    0x0, 0x0, 0x7, 0xff, 0xff, 0xfe, 0x0, 0x0,
    0x0, 0x0, 0x0, 0x0, 0xdf, 0xff, 0xff, 0xc0,
    0x0, 0x0, 0x0, 0x0, 0x0, 0xc, 0xff, 0xff,
    0xf9, 0x0, 0x0, 0x0, 0x0, 0x0, 0x0, 0xa,
    0xff, 0xff, 0x50, 0x0, 0x0, 0x0, 0x0, 0x0,
    0x0, 0xc, 0xff, 0xf1, 0x0, 0x0, 0x0, 0x0,
    0x0, 0x0, 0x3, 0xff, 0xfa, 0x0, 0x0, 0x0,
    0x0, 0x0, 0x0, 0x0, 0xdf, 0xff, 0x20, 0x0,
    0x0, 0x0, 0x0, 0x0, 0x0, 0xaf, 0xff, 0x90,
    0x0, 0x0, 0x4, 0xa5, 0x0, 0x0, 0xaf, 0xff,
    0xd0, 0x0, 0x0, 0x7d, 0xff, 0xf4, 0x2, 0xcf,
    0xff, 0xe2, 0x0, 0x0, 0xdf, 0xff, 0xff, 0xe9,
    0xff, 0xff, 0xf3, 0x0, 0x0, 0xd, 0xff, 0xff,
    0xff, 0xff, 0xff, 0xe2, 0x0, 0x0, 0x0, 0x9f,
    0xff, 0xff, 0xff, 0xff, 0xa1, 0x0, 0x0, 0x0,
    0x6, 0xff, 0xff, 0xff, 0xfc, 0x40, 0x0, 0x0,
    0x0, 0x0, 0x2f, 0xff, 0xfd, 0x83, 0x0, 0x0,
    0x0, 0x0, 0x0, 0x0, 0x23, 0x20, 0x0, 0x0,
    0x0, 0x0, 0x0, 0x0, 0x0,

    /* U+F0C4 "" */
    0x0, 0x35, 0x20, 0x0, 0x0, 0x0, 0x0, 0x0,
    0x1c, 0xff, 0xfa, 0x0, 0x0, 0x1, 0x9c, 0xa1,
    0xaf, 0xfe, 0xff, 0x60, 0x0, 0x2e, 0xff, 0xf9,
    0xef, 0x60, 0xaf, 0xb0, 0x3, 0xef, 0xff, 0xb0,
    0xef, 0x92, 0xcf, 0x90, 0x3e, 0xff, 0xfa, 0x0,
    0x7f, 0xff, 0xff, 0xe6, 0xff, 0xff, 0xa0, 0x0,
    0x8, 0xff, 0xff, 0xff, 0xff, 0xfa, 0x0, 0x0,
    0x0, 0x1, 0xcf, 0xff, 0xff, 0xa0, 0x0, 0x0,
    0x0, 0x0, 0x3f, 0xff, 0xff, 0x10, 0x0, 0x0,
    0x0, 0x36, 0xef, 0xff, 0xff, 0xd1, 0x0, 0x0,
    0x1c, 0xff, 0xff, 0xff, 0xff, 0xfd, 0x10, 0x0,
    0xaf, 0xfe, 0xff, 0xc2, 0xdf, 0xff, 0xd1, 0x0,
    0xef, 0x60, 0xaf, 0xa0, 0x1c, 0xff, 0xfd, 0x20,
    0xef, 0x92, 0xcf, 0xa0, 0x0, 0xcf, 0xff, 0xe2,
    0x7f, 0xff, 0xff, 0x40, 0x0, 0xb, 0xff, 0xf9,
    0x8, 0xff, 0xe5, 0x0, 0x0, 0x0, 0x58, 0x50,
    0x0, 0x1, 0x0, 0x0, 0x0, 0x0, 0x0, 0x0,

    /* U+F0C5 "" */
    0x0, 0x0, 0x6f, 0xff, 0xff, 0xf1, 0x68, 0x0,
    0x0, 0x0, 0xaf, 0xff, 0xff, 0xf1, 0x7f, 0x80,
    0x0, 0x0, 0xaf, 0xff, 0xff, 0xf1, 0x7f, 0xf8,
    0x36, 0x62, 0xaf, 0xff, 0xff, 0xf1, 0x36, 0x66,
    0xff, 0xf6, 0xaf, 0xff, 0xff, 0xf6, 0x22, 0x22,
    0xff, 0xf6, 0xaf, 0xff, 0xff, 0xff, 0xff, 0xfe,
    0xff, 0xf6, 0xaf, 0xff, 0xff, 0xff, 0xff, 0xfe,
    0xff, 0xf6, 0xaf, 0xff, 0xff, 0xff, 0xff, 0xfe,
    0xff, 0xf6, 0xaf, 0xff, 0xff, 0xff, 0xff, 0xfe,
    0xff, 0xf6, 0xaf, 0xff, 0xff, 0xff, 0xff, 0xfe,
    0xff, 0xf6, 0xaf, 0xff, 0xff, 0xff, 0xff, 0xfe,
    0xff, 0xf6, 0xaf, 0xff, 0xff, 0xff, 0xff, 0xfe,
    0xff, 0xf6, 0xaf, 0xff, 0xff, 0xff, 0xff, 0xfe,
    0xff, 0xf6, 0xaf, 0xff, 0xff, 0xff, 0xff, 0xfe,
    0xff, 0xf7, 0x6f, 0xff, 0xff, 0xff, 0xff, 0xfa,
    0xff, 0xfe, 0x30, 0x0, 0x0, 0x0, 0x0, 0x0,
    0xff, 0xff, 0xff, 0xff, 0xff, 0xf1, 0x0, 0x0,
    0xef, 0xff, 0xff, 0xff, 0xff, 0xf0, 0x0, 0x0,
    0x14, 0x44, 0x44, 0x44, 0x44, 0x20, 0x0, 0x0,

    /* U+F0C7 "" */
    0x5, 0x66, 0x66, 0x66, 0x66, 0x64, 0x0, 0x0,
    0xcf, 0xff, 0xff, 0xff, 0xff, 0xff, 0x90, 0x0,
    0xff, 0xed, 0xdd, 0xdd, 0xdd, 0xef, 0xf9, 0x0,
    0xff, 0x40, 0x0, 0x0, 0x0, 0xf, 0xff, 0x90,
    0xff, 0x40, 0x0, 0x0, 0x0, 0xe, 0xff, 0xf6,
    0xff, 0x40, 0x0, 0x0, 0x0, 0xe, 0xff, 0xf9,
    0xff, 0x40, 0x0, 0x0, 0x0, 0xf, 0xff, 0xf9,
    0xff, 0xff, 0xff, 0xff, 0xff, 0xff, 0xff, 0xf9,
    0xff, 0xff, 0xff, 0xff, 0xff, 0xff, 0xff, 0xf9,
    0xff, 0xff, 0xff, 0xc5, 0x7f, 0xff, 0xff, 0xf9,
    0xff, 0xff, 0xfe, 0x0, 0x5, 0xff, 0xff, 0xf9,
    0xff, 0xff, 0xfa, 0x0, 0x1, 0xff, 0xff, 0xf9,
    0xff, 0xff, 0xfd, 0x0, 0x4, 0xff, 0xff, 0xf9,
    0xff, 0xff, 0xff, 0x93, 0x4d, 0xff, 0xff, 0xf9,
    0xff, 0xff, 0xff, 0xff, 0xff, 0xff, 0xff, 0xf8,
    0x8f, 0xff, 0xff, 0xff, 0xff, 0xff, 0xff, 0xe3,
    0x1, 0x22, 0x22, 0x22, 0x22, 0x22, 0x21, 0x0,

    /* U+F0C9 "" */
    0x79, 0x99, 0x99, 0x99, 0x99, 0x99, 0x99, 0x95,
    0xff, 0xff, 0xff, 0xff, 0xff, 0xff, 0xff, 0xfc,
    0xdf, 0xff, 0xff, 0xff, 0xff, 0xff, 0xff, 0xfa,
    0x0, 0x0, 0x0, 0x0, 0x0, 0x0, 0x0, 0x0,
    0x0, 0x0, 0x0, 0x0, 0x0, 0x0, 0x0, 0x0,
    0x0, 0x0, 0x0, 0x0, 0x0, 0x0, 0x0, 0x0,
    0xef, 0xff, 0xff, 0xff, 0xff, 0xff, 0xff, 0xfa,
    0xff, 0xff, 0xff, 0xff, 0xff, 0xff, 0xff, 0xfb,
    0x68, 0x88, 0x88, 0x88, 0x88, 0x88, 0x88, 0x84,
    0x0, 0x0, 0x0, 0x0, 0x0, 0x0, 0x0, 0x0,
    0x0, 0x0, 0x0, 0x0, 0x0, 0x0, 0x0, 0x0,
    0x67, 0x77, 0x77, 0x77, 0x77, 0x77, 0x77, 0x74,
    0xff, 0xff, 0xff, 0xff, 0xff, 0xff, 0xff, 0xfb,
    0xef, 0xff, 0xff, 0xff, 0xff, 0xff, 0xff, 0xfa,
    0x0, 0x0, 0x0, 0x0, 0x0, 0x0, 0x0, 0x0,

    /* U+F0E0 "" */
    0x3, 0x44, 0x44, 0x44, 0x44, 0x44, 0x44, 0x44,
    0x30, 0xaf, 0xff, 0xff, 0xff, 0xff, 0xff, 0xff,
    0xff, 0xfa, 0xff, 0xff, 0xff, 0xff, 0xff, 0xff,
    0xff, 0xff, 0xff, 0xcf, 0xff, 0xff, 0xff, 0xff,
    0xff, 0xff, 0xff, 0xfc, 0xa, 0xff, 0xff, 0xff,
    0xff, 0xff, 0xff, 0xff, 0xa0, 0xa1, 0x6f, 0xff,
    0xff, 0xff, 0xff, 0xff, 0xf6, 0x3d, 0xfe, 0x42,
    0xdf, 0xff, 0xff, 0xff, 0xfd, 0x26, 0xff, 0xff,
    0xf9, 0x19, 0xff, 0xff, 0xff, 0x91, 0xbf, 0xff,
    0xff, 0xff, 0xd3, 0x5f, 0xff, 0xe5, 0x4e, 0xff,
    0xff, 0xff, 0xff, 0xff, 0x71, 0x99, 0x17, 0xff,
    0xff, 0xff, 0xff, 0xff, 0xff, 0xfd, 0x77, 0xdf,
    0xff, 0xff, 0xff, 0xff, 0xff, 0xff, 0xff, 0xff,
    0xff, 0xff, 0xff, 0xff, 0xff, 0xff, 0xff, 0xff,
    0xff, 0xff, 0xff, 0xff, 0xff, 0x7f, 0xff, 0xff,
    0xff, 0xff, 0xff, 0xff, 0xff, 0xf6,

    /* U+F0E7 "" */
    0x0, 0xaf, 0xff, 0xff, 0xa0, 0x0, 0x0, 0xf,
    0xff, 0xff, 0xfb, 0x0, 0x0, 0x1, 0xff, 0xff,
    0xff, 0x60, 0x0, 0x0, 0x3f, 0xff, 0xff, 0xf1,
    0x0, 0x0, 0x5, 0xff, 0xff, 0xfb, 0x0, 0x0,
    0x0, 0x8f, 0xff, 0xff, 0xa5, 0x55, 0x40, 0xa,
    0xff, 0xff, 0xff, 0xff, 0xff, 0x30, 0xcf, 0xff,
    0xff, 0xff, 0xff, 0xc0, 0xe, 0xff, 0xff, 0xff,
    0xff, 0xf3, 0x0, 0xef, 0xff, 0xff, 0xff, 0xfa,
    0x0, 0x1, 0x22, 0x23, 0xff, 0xff, 0x10, 0x0,
    0x0, 0x0, 0x4f, 0xff, 0x70, 0x0, 0x0, 0x0,
    0x8, 0xff, 0xe0, 0x0, 0x0, 0x0, 0x0, 0xcf,
    0xf5, 0x0, 0x0, 0x0, 0x0, 0xf, 0xfc, 0x0,
    0x0, 0x0, 0x0, 0x3, 0xff, 0x30, 0x0, 0x0,
    0x0, 0x0, 0x7f, 0x90, 0x0, 0x0, 0x0, 0x0,
    0x7, 0xe1, 0x0, 0x0, 0x0, 0x0, 0x0, 0x0,
    0x0, 0x0, 0x0, 0x0,

    /* U+F0EA "" */
    0x0, 0x0, 0x8d, 0x90, 0x0, 0x0, 0x0, 0x0,
    0x8b, 0xbc, 0xfa, 0xfd, 0xbb, 0x90, 0x0, 0x0,
    0xff, 0xff, 0xd0, 0xcf, 0xff, 0xf1, 0x0, 0x0,
    0xff, 0xff, 0xf8, 0xff, 0xff, 0xf1, 0x0, 0x0,
    0xff, 0xff, 0xff, 0xff, 0xff, 0xf1, 0x0, 0x0,
    0xff, 0xff, 0xf3, 0x0, 0x0, 0x0, 0x0, 0x0,
    0xff, 0xff, 0x95, 0xff, 0xff, 0xf1, 0x79, 0x0,
    0xff, 0xff, 0x88, 0xff, 0xff, 0xf1, 0x7f, 0xb0,
    0xff, 0xff, 0x88, 0xff, 0xff, 0xf1, 0x7f, 0xfa,
    0xff, 0xff, 0x88, 0xff, 0xff, 0xf2, 0x2, 0x21,
    0xff, 0xff, 0x88, 0xff, 0xff, 0xff, 0xdd, 0xdc,
    0xff, 0xff, 0x88, 0xff, 0xff, 0xff, 0xff, 0xfe,
    0xff, 0xff, 0x88, 0xff, 0xff, 0xff, 0xff, 0xfe,
    0xff, 0xff, 0x88, 0xff, 0xff, 0xff, 0xff, 0xfe,
    0x7a, 0xaa, 0x58, 0xff, 0xff, 0xff, 0xff, 0xfe,
    0x0, 0x0, 0x8, 0xff, 0xff, 0xff, 0xff, 0xfe,
    0x0, 0x0, 0x8, 0xff, 0xff, 0xff, 0xff, 0xfe,
    0x0, 0x0, 0x6, 0xff, 0xff, 0xff, 0xff, 0xfc,
    0x0, 0x0, 0x0, 0x0, 0x0, 0x0, 0x0, 0x0,

    /* U+F0F3 "" */
    0x0, 0x0, 0x0, 0x8, 0x60, 0x0, 0x0, 0x0,
    0x0, 0x0, 0x0, 0x3f, 0xf0, 0x0, 0x0, 0x0,
    0x0, 0x0, 0x6, 0xcf, 0xfa, 0x40, 0x0, 0x0,
    0x0, 0x1, 0xcf, 0xff, 0xff, 0xf9, 0x0, 0x0,
    0x0, 0xc, 0xff, 0xff, 0xff, 0xff, 0x80, 0x0,
    0x0, 0x5f, 0xff, 0xff, 0xff, 0xff, 0xf1, 0x0,
    0x0, 0x9f, 0xff, 0xff, 0xff, 0xff, 0xf5, 0x0,
    0x0, 0xbf, 0xff, 0xff, 0xff, 0xff, 0xf7, 0x0,
    0x0, 0xcf, 0xff, 0xff, 0xff, 0xff, 0xf8, 0x0,
    0x0, 0xef, 0xff, 0xff, 0xff, 0xff, 0xfa, 0x0,
    0x2, 0xff, 0xff, 0xff, 0xff, 0xff, 0xfe, 0x0,
    0x8, 0xff, 0xff, 0xff, 0xff, 0xff, 0xff, 0x40,
    0x3f, 0xff, 0xff, 0xff, 0xff, 0xff, 0xff, 0xd1,
    0xef, 0xff, 0xff, 0xff, 0xff, 0xff, 0xff, 0xfa,
    0xaf, 0xff, 0xff, 0xff, 0xff, 0xff, 0xff, 0xf7,
    0x0, 0x0, 0x0, 0x0, 0x0, 0x0, 0x0, 0x0,
    0x0, 0x0, 0x4, 0xff, 0xff, 0x0, 0x0, 0x0,
    0x0, 0x0, 0x0, 0xbf, 0xf7, 0x0, 0x0, 0x0,
    0x0, 0x0, 0x0, 0x2, 0x10, 0x0, 0x0, 0x0,

    /* U+F11C "" */
    0x4, 0x44, 0x44, 0x44, 0x44, 0x44, 0x44, 0x44,
    0x44, 0x41, 0xb, 0xff, 0xff, 0xff, 0xff, 0xff,
    0xff, 0xff, 0xff, 0xff, 0xe0, 0xff, 0xff, 0xff,
    0xff, 0xff, 0xff, 0xff, 0xff, 0xff, 0xff, 0x3f,
    0xf4, 0x4, 0xd0, 0x2f, 0x0, 0xf3, 0x3, 0xf0,
    0xf, 0xf4, 0xff, 0x40, 0x5d, 0x2, 0xf0, 0xf,
    0x40, 0x4f, 0x0, 0xff, 0x4f, 0xff, 0xff, 0xff,
    0xff, 0xff, 0xff, 0xff, 0xff, 0xff, 0xf4, 0xff,
    0xff, 0x22, 0xb7, 0x29, 0xa2, 0x4f, 0x42, 0xcf,
    0xff, 0x4f, 0xff, 0xf0, 0xa, 0x60, 0x79, 0x2,
    0xf2, 0xb, 0xff, 0xf4, 0xff, 0xff, 0xdd, 0xfe,
    0xdf, 0xfd, 0xef, 0xed, 0xff, 0xff, 0x4f, 0xf8,
    0x48, 0xe4, 0x44, 0x44, 0x44, 0x47, 0xf4, 0x5f,
    0xf4, 0xff, 0x40, 0x4d, 0x0, 0x0, 0x0, 0x0,
    0x3e, 0x0, 0xff, 0x4f, 0xf7, 0x48, 0xe4, 0x44,
    0x44, 0x44, 0x47, 0xf4, 0x4f, 0xf4, 0xff, 0xff,
    0xff, 0xff, 0xff, 0xff, 0xff, 0xff, 0xff, 0xff,
    0x37, 0xff, 0xff, 0xff, 0xff, 0xff, 0xff, 0xff,
    0xff, 0xff, 0xa0,

    /* U+F124 "" */
    0x0, 0x0, 0x0, 0x0, 0x0, 0x0, 0x0, 0x0,
    0x0, 0x0, 0x0, 0x0, 0x0, 0x0, 0x0, 0x0,
    0x0, 0x1, 0x8b, 0x30, 0x0, 0x0, 0x0, 0x0,
    0x0, 0x0, 0x2, 0xaf, 0xff, 0xd0, 0x0, 0x0,
    0x0, 0x0, 0x0, 0x3, 0xbf, 0xff, 0xff, 0xd0,
    0x0, 0x0, 0x0, 0x0, 0x5, 0xcf, 0xff, 0xff,
    0xff, 0x70, 0x0, 0x0, 0x0, 0x6, 0xdf, 0xff,
    0xff, 0xff, 0xfe, 0x0, 0x0, 0x0, 0x17, 0xef,
    0xff, 0xff, 0xff, 0xff, 0xf8, 0x0, 0x0, 0x29,
    0xff, 0xff, 0xff, 0xff, 0xff, 0xff, 0xf1, 0x0,
    0x7, 0xff, 0xff, 0xff, 0xff, 0xff, 0xff, 0xff,
    0x90, 0x0, 0xf, 0xff, 0xff, 0xff, 0xff, 0xff,
    0xff, 0xff, 0x20, 0x0, 0xb, 0xff, 0xff, 0xff,
    0xff, 0xff, 0xff, 0xfb, 0x0, 0x0, 0x0, 0x56,
    0x66, 0x66, 0x7f, 0xff, 0xff, 0xf3, 0x0, 0x0,
    0x0, 0x0, 0x0, 0x0, 0x2f, 0xff, 0xff, 0xc0,
    0x0, 0x0, 0x0, 0x0, 0x0, 0x0, 0x2f, 0xff,
    0xff, 0x50, 0x0, 0x0, 0x0, 0x0, 0x0, 0x0,
    0x2f, 0xff, 0xfd, 0x0, 0x0, 0x0, 0x0, 0x0,
    0x0, 0x0, 0x2f, 0xff, 0xf6, 0x0, 0x0, 0x0,
    0x0, 0x0, 0x0, 0x0, 0x2f, 0xff, 0xe0, 0x0,
    0x0, 0x0, 0x0, 0x0, 0x0, 0x0, 0x1f, 0xff,
    0x70, 0x0, 0x0, 0x0, 0x0, 0x0, 0x0, 0x0,
    0xc, 0xfd, 0x0, 0x0, 0x0, 0x0, 0x0, 0x0,
    0x0, 0x0, 0x0, 0x30, 0x0, 0x0, 0x0, 0x0,

    /* U+F15B "" */
    0x58, 0x88, 0x88, 0x87, 0x6, 0x0, 0x0, 0xff,
    0xff, 0xff, 0xfe, 0xf, 0x90, 0x0, 0xff, 0xff,
    0xff, 0xfe, 0xf, 0xf9, 0x0, 0xff, 0xff, 0xff,
    0xfe, 0xf, 0xff, 0x90, 0xff, 0xff, 0xff, 0xfe,
    0xf, 0xff, 0xf5, 0xff, 0xff, 0xff, 0xff, 0x32,
    0x22, 0x21, 0xff, 0xff, 0xff, 0xff, 0xff, 0xff,
    0xf8, 0xff, 0xff, 0xff, 0xff, 0xff, 0xff, 0xf8,
    0xff, 0xff, 0xff, 0xff, 0xff, 0xff, 0xf8, 0xff,
    0xff, 0xff, 0xff, 0xff, 0xff, 0xf8, 0xff, 0xff,
    0xff, 0xff, 0xff, 0xff, 0xf8, 0xff, 0xff, 0xff,
    0xff, 0xff, 0xff, 0xf8, 0xff, 0xff, 0xff, 0xff,
    0xff, 0xff, 0xf8, 0xff, 0xff, 0xff, 0xff, 0xff,
    0xff, 0xf8, 0xff, 0xff, 0xff, 0xff, 0xff, 0xff,
    0xf8, 0xff, 0xff, 0xff, 0xff, 0xff, 0xff, 0xf8,
    0xff, 0xff, 0xff, 0xff, 0xff, 0xff, 0xf8, 0xef,
    0xff, 0xff, 0xff, 0xff, 0xff, 0xf6, 0x14, 0x44,
    0x44, 0x44, 0x44, 0x44, 0x30,

    /* U+F1EB "" */
    0x0, 0x0, 0x0, 0x0, 0x0, 0x0, 0x0, 0x0,
    0x0, 0x0, 0x0, 0x0, 0x0, 0x0, 0x0, 0x36,
    0x89, 0xa9, 0x74, 0x10, 0x0, 0x0, 0x0, 0x0,
    0x0, 0x29, 0xef, 0xff, 0xff, 0xff, 0xff, 0xc6,
    0x0, 0x0, 0x0, 0x1, 0xaf, 0xff, 0xff, 0xff,
    0xff, 0xff, 0xff, 0xfe, 0x60, 0x0, 0x6, 0xff,
    0xff, 0xfc, 0x75, 0x43, 0x46, 0x9e, 0xff, 0xff,
    0xb1, 0x8, 0xff, 0xfe, 0x71, 0x0, 0x0, 0x0,
    0x0, 0x3, 0xcf, 0xff, 0xe2, 0xcf, 0xfa, 0x10,
    0x0, 0x0, 0x0, 0x0, 0x0, 0x0, 0x4e, 0xff,
    0x40, 0xb6, 0x0, 0x0, 0x59, 0xde, 0xfe, 0xc7,
    0x20, 0x0, 0x1b, 0x50, 0x0, 0x0, 0x5, 0xdf,
    0xff, 0xff, 0xff, 0xff, 0xa1, 0x0, 0x0, 0x0,
    0x0, 0x9, 0xff, 0xff, 0xfe, 0xde, 0xff, 0xff,
    0xe3, 0x0, 0x0, 0x0, 0x0, 0xdf, 0xfc, 0x40,
    0x0, 0x2, 0x8f, 0xff, 0x50, 0x0, 0x0, 0x0,
    0x1, 0xb6, 0x0, 0x0, 0x0, 0x0, 0x1b, 0x60,
    0x0, 0x0, 0x0, 0x0, 0x0, 0x0, 0x0, 0x35,
    0x0, 0x0, 0x0, 0x0, 0x0, 0x0, 0x0, 0x0,
    0x0, 0x0, 0x7f, 0xfe, 0x10, 0x0, 0x0, 0x0,
    0x0, 0x0, 0x0, 0x0, 0x0, 0xe, 0xff, 0xf6,
    0x0, 0x0, 0x0, 0x0, 0x0, 0x0, 0x0, 0x0,
    0x0, 0xdf, 0xff, 0x50, 0x0, 0x0, 0x0, 0x0,
    0x0, 0x0, 0x0, 0x0, 0x4, 0xff, 0xb0, 0x0,
    0x0, 0x0, 0x0, 0x0, 0x0, 0x0, 0x0, 0x0,
    0x0, 0x10, 0x0, 0x0, 0x0, 0x0, 0x0,

    /* U+F240 "" */
    0x4, 0x44, 0x44, 0x44, 0x44, 0x44, 0x44, 0x44,
    0x44, 0x44, 0x10, 0xa, 0xff, 0xff, 0xff, 0xff,
    0xff, 0xff, 0xff, 0xff, 0xff, 0xfe, 0x10, 0xff,
    0xff, 0xff, 0xff, 0xff, 0xff, 0xff, 0xff, 0xff,
    0xff, 0xf5, 0xf, 0xf4, 0x0, 0x0, 0x0, 0x0,
    0x0, 0x0, 0x0, 0x0, 0xff, 0xf3, 0xff, 0x4a,
    0xff, 0xff, 0xff, 0xff, 0xff, 0xff, 0xff, 0xf,
    0xff, 0x5f, 0xf4, 0xaf, 0xff, 0xff, 0xff, 0xff,
    0xff, 0xff, 0xf0, 0x3f, 0xf5, 0xff, 0x4a, 0xff,
    0xff, 0xff, 0xff, 0xff, 0xff, 0xff, 0x0, 0xef,
    0x5f, 0xf4, 0xaf, 0xff, 0xff, 0xff, 0xff, 0xff,
    0xff, 0xf0, 0x8f, 0xf5, 0xff, 0x45, 0x88, 0x88,
    0x88, 0x88, 0x88, 0x88, 0x88, 0xf, 0xff, 0x5f,
    0xf7, 0x44, 0x44, 0x44, 0x44, 0x44, 0x44, 0x44,
    0x45, 0xff, 0xc1, 0xff, 0xff, 0xff, 0xff, 0xff,
    0xff, 0xff, 0xff, 0xff, 0xff, 0xf5, 0x6, 0xef,
    0xff, 0xff, 0xff, 0xff, 0xff, 0xff, 0xff, 0xff,
    0xfb, 0x0,

    /* U+F241 "" */
    0x4, 0x44, 0x44, 0x44, 0x44, 0x44, 0x44, 0x44,
    0x44, 0x44, 0x10, 0xa, 0xff, 0xff, 0xff, 0xff,
    0xff, 0xff, 0xff, 0xff, 0xff, 0xfe, 0x10, 0xff,
    0xff, 0xff, 0xff, 0xff, 0xff, 0xff, 0xff, 0xff,
    0xff, 0xf5, 0xf, 0xf4, 0x0, 0x0, 0x0, 0x0,
    0x0, 0x0, 0x0, 0x0, 0xff, 0xf3, 0xff, 0x4d,
    0xff, 0xff, 0xff, 0xff, 0xff, 0x60, 0x0, 0xf,
    0xff, 0x5f, 0xf4, 0xdf, 0xff, 0xff, 0xff, 0xff,
    0xf6, 0x0, 0x0, 0x3f, 0xf5, 0xff, 0x4d, 0xff,
    0xff, 0xff, 0xff, 0xff, 0x60, 0x0, 0x0, 0xef,
    0x5f, 0xf4, 0xdf, 0xff, 0xff, 0xff, 0xff, 0xf6,
    0x0, 0x0, 0x8f, 0xf5, 0xff, 0x46, 0x88, 0x88,
    0x88, 0x88, 0x88, 0x30, 0x0, 0xf, 0xff, 0x5f,
    0xf7, 0x44, 0x44, 0x44, 0x44, 0x44, 0x44, 0x44,
    0x45, 0xff, 0xc1, 0xff, 0xff, 0xff, 0xff, 0xff,
    0xff, 0xff, 0xff, 0xff, 0xff, 0xf5, 0x6, 0xef,
    0xff, 0xff, 0xff, 0xff, 0xff, 0xff, 0xff, 0xff,
    0xfb, 0x0,

    /* U+F242 "" */
    0x4, 0x44, 0x44, 0x44, 0x44, 0x44, 0x44, 0x44,
    0x44, 0x44, 0x10, 0xa, 0xff, 0xff, 0xff, 0xff,
    0xff, 0xff, 0xff, 0xff, 0xff, 0xfe, 0x10, 0xff,
    0xff, 0xff, 0xff, 0xff, 0xff, 0xff, 0xff, 0xff,
    0xff, 0xf5, 0xf, 0xf4, 0x0, 0x0, 0x0, 0x0,
    0x0, 0x0, 0x0, 0x0, 0xff, 0xf3, 0xff, 0x4c,
    0xff, 0xff, 0xff, 0xf1, 0x0, 0x0, 0x0, 0xf,
    0xff, 0x5f, 0xf4, 0xcf, 0xff, 0xff, 0xff, 0x10,
    0x0, 0x0, 0x0, 0x3f, 0xf5, 0xff, 0x4c, 0xff,
    0xff, 0xff, 0xf1, 0x0, 0x0, 0x0, 0x0, 0xef,
    0x5f, 0xf4, 0xcf, 0xff, 0xff, 0xff, 0x10, 0x0,
    0x0, 0x0, 0x8f, 0xf5, 0xff, 0x46, 0x88, 0x88,
    0x88, 0x80, 0x0, 0x0, 0x0, 0xf, 0xff, 0x5f,
    0xf7, 0x44, 0x44, 0x44, 0x44, 0x44, 0x44, 0x44,
    0x45, 0xff, 0xc1, 0xff, 0xff, 0xff, 0xff, 0xff,
    0xff, 0xff, 0xff, 0xff, 0xff, 0xf5, 0x6, 0xef,
    0xff, 0xff, 0xff, 0xff, 0xff, 0xff, 0xff, 0xff,
    0xfb, 0x0,

    /* U+F243 "" */
    0x4, 0x44, 0x44, 0x44, 0x44, 0x44, 0x44, 0x44,
    0x44, 0x44, 0x10, 0xa, 0xff, 0xff, 0xff, 0xff,
    0xff, 0xff, 0xff, 0xff, 0xff, 0xfe, 0x10, 0xff,
    0xff, 0xff, 0xff, 0xff, 0xff, 0xff, 0xff, 0xff,
    0xff, 0xf5, 0xf, 0xf4, 0x0, 0x0, 0x0, 0x0,
    0x0, 0x0, 0x0, 0x0, 0xff, 0xf3, 0xff, 0x49,
    0xff, 0xfe, 0x0, 0x0, 0x0, 0x0, 0x0, 0xf,
    0xff, 0x5f, 0xf4, 0x9f, 0xff, 0xe0, 0x0, 0x0,
    0x0, 0x0, 0x0, 0x3f, 0xf5, 0xff, 0x49, 0xff,
    0xfe, 0x0, 0x0, 0x0, 0x0, 0x0, 0x0, 0xef,
    0x5f, 0xf4, 0x9f, 0xff, 0xe0, 0x0, 0x0, 0x0,
    0x0, 0x0, 0x8f, 0xf5, 0xff, 0x44, 0x88, 0x87,
    0x0, 0x0, 0x0, 0x0, 0x0, 0xf, 0xff, 0x5f,
    0xf7, 0x44, 0x44, 0x44, 0x44, 0x44, 0x44, 0x44,
    0x45, 0xff, 0xc1, 0xff, 0xff, 0xff, 0xff, 0xff,
    0xff, 0xff, 0xff, 0xff, 0xff, 0xf5, 0x6, 0xef,
    0xff, 0xff, 0xff, 0xff, 0xff, 0xff, 0xff, 0xff,
    0xfb, 0x0,

    /* U+F244 "" */
    0x4, 0x44, 0x44, 0x44, 0x44, 0x44, 0x44, 0x44,
    0x44, 0x44, 0x10, 0xa, 0xff, 0xff, 0xff, 0xff,
    0xff, 0xff, 0xff, 0xff, 0xff, 0xfe, 0x10, 0xff,
    0xff, 0xff, 0xff, 0xff, 0xff, 0xff, 0xff, 0xff,
    0xff, 0xf5, 0xf, 0xf4, 0x0, 0x0, 0x0, 0x0,
    0x0, 0x0, 0x0, 0x0, 0xff, 0xf3, 0xff, 0x40,
    0x0, 0x0, 0x0, 0x0, 0x0, 0x0, 0x0, 0xf,
    0xff, 0x5f, 0xf4, 0x0, 0x0, 0x0, 0x0, 0x0,
    0x0, 0x0, 0x0, 0x3f, 0xf5, 0xff, 0x40, 0x0,
    0x0, 0x0, 0x0, 0x0, 0x0, 0x0, 0x0, 0xef,
    0x5f, 0xf4, 0x0, 0x0, 0x0, 0x0, 0x0, 0x0,
    0x0, 0x0, 0x8f, 0xf5, 0xff, 0x40, 0x0, 0x0,
    0x0, 0x0, 0x0, 0x0, 0x0, 0xf, 0xff, 0x5f,
    0xf7, 0x44, 0x44, 0x44, 0x44, 0x44, 0x44, 0x44,
    0x45, 0xff, 0xc1, 0xff, 0xff, 0xff, 0xff, 0xff,
    0xff, 0xff, 0xff, 0xff, 0xff, 0xf5, 0x6, 0xef,
    0xff, 0xff, 0xff, 0xff, 0xff, 0xff, 0xff, 0xff,
    0xfb, 0x0,

    /* U+F287 "" */
    0x0, 0x0, 0x0, 0x0, 0x0, 0x0, 0x78, 0x10,
    0x0, 0x0, 0x0, 0x0, 0x0, 0x0, 0x0, 0x0,
    0x26, 0x9f, 0xfd, 0x0, 0x0, 0x0, 0x0, 0x0,
    0x0, 0x0, 0x0, 0x4f, 0xef, 0xff, 0xf0, 0x0,
    0x0, 0x0, 0x0, 0x0, 0x0, 0x0, 0xe, 0x80,
    0x2e, 0xf7, 0x0, 0x0, 0x0, 0x0, 0x0, 0x20,
    0x0, 0x6, 0xe0, 0x0, 0x0, 0x0, 0x0, 0x0,
    0x0, 0x3, 0xef, 0xe3, 0x0, 0xd7, 0x0, 0x0,
    0x0, 0x0, 0x2, 0xa1, 0x0, 0xcf, 0xff, 0xd4,
    0x9f, 0x55, 0x55, 0x55, 0x55, 0x55, 0x7f, 0xf7,
    0xf, 0xff, 0xff, 0xff, 0xff, 0xff, 0xff, 0xff,
    0xff, 0xff, 0xff, 0xf5, 0xaf, 0xff, 0xa0, 0x0,
    0xb, 0xb0, 0x0, 0x0, 0x0, 0x3f, 0xb2, 0x0,
    0x9c, 0x90, 0x0, 0x0, 0x3f, 0x30, 0x0, 0x0,
    0x1, 0x50, 0x0, 0x0, 0x0, 0x0, 0x0, 0x0,
    0xbb, 0x2, 0xbb, 0xb5, 0x0, 0x0, 0x0, 0x0,
    0x0, 0x0, 0x0, 0x2, 0xf9, 0x9f, 0xff, 0x80,
    0x0, 0x0, 0x0, 0x0, 0x0, 0x0, 0x0, 0x3,
    0xbd, 0xff, 0xf8, 0x0, 0x0, 0x0, 0x0, 0x0,
    0x0, 0x0, 0x0, 0x0, 0x3f, 0xff, 0x80, 0x0,
    0x0, 0x0, 0x0, 0x0, 0x0, 0x0, 0x0, 0x0,
    0x0, 0x0, 0x0, 0x0, 0x0,

    /* U+F293 "" */
    0x0, 0x1, 0x7b, 0xdd, 0xb8, 0x20, 0x0, 0x0,
    0x5f, 0xff, 0xdf, 0xff, 0xf6, 0x0, 0x4, 0xff,
    0xff, 0x68, 0xff, 0xff, 0x40, 0xe, 0xff, 0xff,
    0x60, 0x9f, 0xff, 0xd0, 0x4f, 0xff, 0xff, 0x60,
    0x9, 0xff, 0xf3, 0x8f, 0xf6, 0xbf, 0x61, 0xc0,
    0x9f, 0xf7, 0xbf, 0xf6, 0xb, 0x60, 0xe2, 0x5f,
    0xf9, 0xdf, 0xff, 0x50, 0x20, 0x33, 0xff, 0xfb,
    0xef, 0xff, 0xf5, 0x0, 0x2e, 0xff, 0xfc, 0xef,
    0xff, 0xfc, 0x0, 0x7f, 0xff, 0xfc, 0xdf, 0xff,
    0xd1, 0x0, 0x9, 0xff, 0xfc, 0xcf, 0xfc, 0x14,
    0x50, 0x90, 0xaf, 0xfb, 0xaf, 0xf2, 0x4f, 0x60,
    0xf3, 0x2f, 0xf9, 0x6f, 0xfd, 0xff, 0x70, 0x52,
    0xef, 0xf6, 0x1f, 0xff, 0xff, 0x70, 0x2e, 0xff,
    0xf1, 0x9, 0xff, 0xff, 0x72, 0xef, 0xff, 0x90,
    0x0, 0xbf, 0xff, 0xae, 0xff, 0xfd, 0x10, 0x0,
    0x5, 0xcf, 0xff, 0xfd, 0x80, 0x0, 0x0, 0x0,
    0x0, 0x11, 0x0, 0x0, 0x0,

    /* U+F2ED "" */
    0x0, 0x0, 0x5, 0x88, 0x88, 0x30, 0x0, 0x0,
    0x56, 0x66, 0x7f, 0xff, 0xff, 0xe6, 0x66, 0x63,
    0xff, 0xff, 0xff, 0xff, 0xff, 0xff, 0xff, 0xfb,
    0xcd, 0xdd, 0xdd, 0xdd, 0xdd, 0xdd, 0xdd, 0xd8,
    0x3, 0x44, 0x44, 0x44, 0x44, 0x44, 0x44, 0x20,
    0xe, 0xff, 0xff, 0xff, 0xff, 0xff, 0xff, 0xa0,
    0xe, 0xff, 0xff, 0xff, 0xff, 0xff, 0xff, 0xa0,
    0xe, 0xff, 0x1f, 0xf6, 0xaf, 0xc4, 0xff, 0xa0,
    0xe, 0xff, 0xf, 0xf5, 0x9f, 0xb3, 0xff, 0xa0,
    0xe, 0xff, 0xf, 0xf5, 0x9f, 0xb3, 0xff, 0xa0,
    0xe, 0xff, 0xf, 0xf5, 0x9f, 0xb3, 0xff, 0xa0,
    0xe, 0xff, 0xf, 0xf5, 0x9f, 0xb3, 0xff, 0xa0,
    0xe, 0xff, 0xf, 0xf5, 0x9f, 0xb3, 0xff, 0xa0,
    0xe, 0xff, 0xf, 0xf5, 0x9f, 0xb3, 0xff, 0xa0,
    0xe, 0xff, 0xf, 0xf5, 0x9f, 0xb3, 0xff, 0xa0,
    0xe, 0xff, 0x1f, 0xf6, 0xaf, 0xc4, 0xff, 0xa0,
    0xd, 0xff, 0xff, 0xff, 0xff, 0xff, 0xff, 0x90,
    0x8, 0xff, 0xff, 0xff, 0xff, 0xff, 0xff, 0x40,
    0x0, 0x24, 0x44, 0x44, 0x44, 0x44, 0x31, 0x0,

    /* U+F304 "" */
    0x0, 0x0, 0x0, 0x0, 0x0, 0x0, 0x0, 0x8a,
    0x30, 0x0, 0x0, 0x0, 0x0, 0x0, 0x0, 0x0,
    0xbf, 0xff, 0x30, 0x0, 0x0, 0x0, 0x0, 0x0,
    0x0, 0xbf, 0xff, 0xff, 0x30, 0x0, 0x0, 0x0,
    0x0, 0x0, 0x34, 0xff, 0xff, 0xfd, 0x0, 0x0,
    0x0, 0x0, 0x0, 0xbf, 0x44, 0xff, 0xff, 0xe0,
    0x0, 0x0, 0x0, 0x0, 0xbf, 0xff, 0x44, 0xff,
    0xf4, 0x0, 0x0, 0x0, 0x0, 0xbf, 0xff, 0xff,
    0x44, 0xf4, 0x0, 0x0, 0x0, 0x0, 0xbf, 0xff,
    0xff, 0xff, 0x41, 0x0, 0x0, 0x0, 0x0, 0xbf,
    0xff, 0xff, 0xff, 0xf4, 0x0, 0x0, 0x0, 0x0,
    0xbf, 0xff, 0xff, 0xff, 0xf4, 0x0, 0x0, 0x0,
    0x0, 0xbf, 0xff, 0xff, 0xff, 0xf4, 0x0, 0x0,
    0x0, 0x0, 0xbf, 0xff, 0xff, 0xff, 0xf4, 0x0,
    0x0, 0x0, 0x0, 0xbf, 0xff, 0xff, 0xff, 0xf4,
    0x0, 0x0, 0x0, 0x0, 0x8f, 0xff, 0xff, 0xff,
    0xf4, 0x0, 0x0, 0x0, 0x0, 0xa, 0xff, 0xff,
    0xff, 0xf4, 0x0, 0x0, 0x0, 0x0, 0x0, 0xcf,
    0xff, 0xff, 0xf4, 0x0, 0x0, 0x0, 0x0, 0x0,
    0xe, 0xff, 0xff, 0xf4, 0x0, 0x0, 0x0, 0x0,
    0x0, 0x0, 0xff, 0xff, 0xd4, 0x0, 0x0, 0x0,
    0x0, 0x0, 0x0, 0x2, 0x31, 0x0, 0x0, 0x0,
    0x0, 0x0, 0x0, 0x0, 0x0,

    /* U+F55A "" */
    0x0, 0x0, 0x0, 0x57, 0x88, 0x88, 0x88, 0x88,
    0x88, 0x88, 0x72, 0x0, 0x0, 0x0, 0xaf, 0xff,
    0xff, 0xff, 0xff, 0xff, 0xff, 0xff, 0xf2, 0x0,
    0x0, 0xbf, 0xff, 0xff, 0xff, 0xff, 0xff, 0xff,
    0xff, 0xff, 0x70, 0x0, 0xbf, 0xff, 0xff, 0xf8,
    0xaf, 0xff, 0xa8, 0xff, 0xff, 0xf8, 0x0, 0xbf,
    0xff, 0xff, 0xfa, 0x0, 0xaf, 0xa0, 0xa, 0xff,
    0xff, 0x80, 0xbf, 0xff, 0xff, 0xff, 0xf3, 0x0,
    0x60, 0x3, 0xff, 0xff, 0xf8, 0xaf, 0xff, 0xff,
    0xff, 0xff, 0xf3, 0x0, 0x3, 0xff, 0xff, 0xff,
    0x8e, 0xff, 0xff, 0xff, 0xff, 0xff, 0x90, 0x0,
    0x9f, 0xff, 0xff, 0xf8, 0x4f, 0xff, 0xff, 0xff,
    0xff, 0xa0, 0x0, 0x0, 0xaf, 0xff, 0xff, 0x80,
    0x4f, 0xff, 0xff, 0xff, 0xb0, 0x3, 0xe3, 0x0,
    0xbf, 0xff, 0xf8, 0x0, 0x4f, 0xff, 0xff, 0xfe,
    0x23, 0xff, 0xf3, 0x2e, 0xff, 0xff, 0x80, 0x0,
    0x4f, 0xff, 0xff, 0xfe, 0xff, 0xff, 0xfe, 0xff,
    0xff, 0xf7, 0x0, 0x0, 0x4f, 0xff, 0xff, 0xff,
    0xff, 0xff, 0xff, 0xff, 0xff, 0x50, 0x0, 0x0,
    0x3d, 0xff, 0xff, 0xff, 0xff, 0xff, 0xff, 0xff,
    0x90,

    /* U+F7C2 "" */
    0x0, 0x1, 0xcf, 0xff, 0xff, 0xfe, 0x60, 0x0,
    0x1c, 0xff, 0xff, 0xff, 0xff, 0xf2, 0x0, 0xcf,
    0x47, 0xf4, 0xd8, 0x4f, 0xf5, 0xc, 0xff, 0x3,
    0xe0, 0xc5, 0xe, 0xf5, 0xcf, 0xff, 0x3, 0xe0,
    0xc5, 0xe, 0xf5, 0xff, 0xff, 0x24, 0xe2, 0xc6,
    0x2e, 0xf5, 0xff, 0xff, 0xff, 0xff, 0xff, 0xff,
    0xf5, 0xff, 0xff, 0xff, 0xff, 0xff, 0xff, 0xf5,
    0xff, 0xff, 0xff, 0xff, 0xff, 0xff, 0xf5, 0xff,
    0xff, 0xff, 0xff, 0xff, 0xff, 0xf5, 0xff, 0xff,
    0xff, 0xff, 0xff, 0xff, 0xf5, 0xff, 0xff, 0xff,
    0xff, 0xff, 0xff, 0xf5, 0xff, 0xff, 0xff, 0xff,
    0xff, 0xff, 0xf5, 0xff, 0xff, 0xff, 0xff, 0xff,
    0xff, 0xf5, 0xff, 0xff, 0xff, 0xff, 0xff, 0xff,
    0xf5, 0xff, 0xff, 0xff, 0xff, 0xff, 0xff, 0xf5,
    0xef, 0xff, 0xff, 0xff, 0xff, 0xff, 0xf3, 0x5f,
    0xff, 0xff, 0xff, 0xff, 0xff, 0xa0, 0x1, 0x34,
    0x44, 0x44, 0x44, 0x42, 0x0,

    /* U+F8A2 "" */
    0x0, 0x0, 0x0, 0x0, 0x0, 0x0, 0x0, 0x0,
    0x3, 0x0, 0x0, 0x0, 0x0, 0x0, 0x0, 0x0,
    0x0, 0x5, 0xf1, 0x0, 0x0, 0x0, 0x0, 0x0,
    0x0, 0x0, 0x5, 0xff, 0x10, 0x0, 0x3e, 0x90,
    0x0, 0x0, 0x0, 0x0, 0xbf, 0xf1, 0x0, 0x4f,
    0xfb, 0x0, 0x0, 0x0, 0x0, 0xb, 0xff, 0x10,
    0x5f, 0xff, 0xb0, 0x0, 0x0, 0x0, 0x0, 0xbf,
    0xf1, 0x6f, 0xff, 0xff, 0xff, 0xff, 0xff, 0xff,
    0xff, 0xff, 0x1d, 0xff, 0xff, 0xff, 0xff, 0xff,
    0xff, 0xff, 0xff, 0xf1, 0x3e, 0xff, 0xfe, 0xcc,
    0xcc, 0xcc, 0xcc, 0xcc, 0xca, 0x0, 0x2e, 0xff,
    0xb0, 0x0, 0x0, 0x0, 0x0, 0x0, 0x0, 0x0,
    0x1d, 0xfb, 0x0, 0x0, 0x0, 0x0, 0x0, 0x0,
    0x0, 0x0, 0x1b, 0x60, 0x0, 0x0, 0x0, 0x0,
    0x0, 0x0
};


/*---------------------
 *  GLYPH DESCRIPTION
 *--------------------*/

static const lv_font_fmt_txt_glyph_dsc_t glyph_dsc[] = {
    {.bitmap_index = 0, .adv_w = 0, .box_w = 0, .box_h = 0, .ofs_x = 0, .ofs_y = 0} /* id = 0 reserved */,
    {.bitmap_index = 0, .adv_w = 56, .box_w = 0, .box_h = 0, .ofs_x = 0, .ofs_y = 0},
    {.bitmap_index = 0, .adv_w = 85, .box_w = 3, .box_h = 13, .ofs_x = 1, .ofs_y = 0},
    {.bitmap_index = 20, .adv_w = 129, .box_w = 8, .box_h = 6, .ofs_x = 0, .ofs_y = 6},
    {.bitmap_index = 44, .adv_w = 209, .box_w = 13, .box_h = 12, .ofs_x = 0, .ofs_y = 0},
    {.bitmap_index = 122, .adv_w = 183, .box_w = 11, .box_h = 17, .ofs_x = 0, .ofs_y = -2},
    {.bitmap_index = 216, .adv_w = 226, .box_w = 14, .box_h = 12, .ofs_x = 0, .ofs_y = 0},
    {.bitmap_index = 300, .adv_w = 221, .box_w = 14, .box_h = 12, .ofs_x = 0, .ofs_y = 0},
    {.bitmap_index = 384, .adv_w = 74, .box_w = 4, .box_h = 6, .ofs_x = 0, .ofs_y = 6},
    {.bitmap_index = 396, .adv_w = 126, .box_w = 7, .box_h = 15, .ofs_x = 1, .ofs_y = -2},
    {.bitmap_index = 449, .adv_w = 126, .box_w = 7, .box_h = 15, .ofs_x = 0, .ofs_y = -2},
    {.bitmap_index = 502, .adv_w = 124, .box_w = 7, .box_h = 6, .ofs_x = 0, .ofs_y = 7},
    {.bitmap_index = 523, .adv_w = 157, .box_w = 9, .box_h = 8, .ofs_x = 0, .ofs_y = 3},
    {.bitmap_index = 559, .adv_w = 79, .box_w = 3, .box_h = 6, .ofs_x = 1, .ofs_y = -3},
    {.bitmap_index = 568, .adv_w = 142, .box_w = 7, .box_h = 2, .ofs_x = 1, .ofs_y = 4},
    {.bitmap_index = 575, .adv_w = 79, .box_w = 3, .box_h = 3, .ofs_x = 1, .ofs_y = 0},
    {.bitmap_index = 580, .adv_w = 128, .box_w = 8, .box_h = 15, .ofs_x = 0, .ofs_y = -1},
    {.bitmap_index = 640, .adv_w = 195, .box_w = 12, .box_h = 12, .ofs_x = 0, .ofs_y = 0},
    {.bitmap_index = 712, .adv_w = 111, .box_w = 6, .box_h = 12, .ofs_x = 0, .ofs_y = 0},
    {.bitmap_index = 748, .adv_w = 160, .box_w = 10, .box_h = 12, .ofs_x = 0, .ofs_y = 0},
    {.bitmap_index = 808, .adv_w = 167, .box_w = 10, .box_h = 12, .ofs_x = 0, .ofs_y = 0},
    {.bitmap_index = 868, .adv_w = 177, .box_w = 11, .box_h = 12, .ofs_x = 0, .ofs_y = 0},
    {.bitmap_index = 934, .adv_w = 167, .box_w = 10, .box_h = 12, .ofs_x = 0, .ofs_y = 0},
    {.bitmap_index = 994, .adv_w = 177, .box_w = 11, .box_h = 12, .ofs_x = 0, .ofs_y = 0},
    {.bitmap_index = 1060, .adv_w = 162, .box_w = 10, .box_h = 12, .ofs_x = 0, .ofs_y = 0},
    {.bitmap_index = 1120, .adv_w = 172, .box_w = 11, .box_h = 12, .ofs_x = 0, .ofs_y = 0},
    {.bitmap_index = 1186, .adv_w = 178, .box_w = 11, .box_h = 12, .ofs_x = 0, .ofs_y = 0},
    {.bitmap_index = 1252, .adv_w = 79, .box_w = 3, .box_h = 9, .ofs_x = 1, .ofs_y = 0},
    {.bitmap_index = 1266, .adv_w = 79, .box_w = 3, .box_h = 12, .ofs_x = 1, .ofs_y = -3},
    {.bitmap_index = 1284, .adv_w = 157, .box_w = 9, .box_h = 8, .ofs_x = 0, .ofs_y = 2},
    {.bitmap_index = 1320, .adv_w = 157, .box_w = 9, .box_h = 5, .ofs_x = 0, .ofs_y = 4},
    {.bitmap_index = 1343, .adv_w = 157, .box_w = 9, .box_h = 8, .ofs_x = 0, .ofs_y = 2},
    {.bitmap_index = 1379, .adv_w = 167, .box_w = 10, .box_h = 12, .ofs_x = 0, .ofs_y = 0},
    {.bitmap_index = 1439, .adv_w = 250, .box_w = 15, .box_h = 12, .ofs_x = 0, .ofs_y = 0},
    {.bitmap_index = 1529, .adv_w = 211, .box_w = 13, .box_h = 12, .ofs_x = 0, .ofs_y = 0},
    {.bitmap_index = 1607, .adv_w = 186, .box_w = 11, .box_h = 12, .ofs_x = 1, .ofs_y = 0},
    {.bitmap_index = 1673, .adv_w = 215, .box_w = 13, .box_h = 12, .ofs_x = 0, .ofs_y = 0},
    {.bitmap_index = 1751, .adv_w = 217, .box_w = 12, .box_h = 12, .ofs_x = 1, .ofs_y = 0},
    {.bitmap_index = 1823, .adv_w = 181, .box_w = 10, .box_h = 12, .ofs_x = 1, .ofs_y = 0},
    {.bitmap_index = 1883, .adv_w = 171, .box_w = 9, .box_h = 12, .ofs_x = 1, .ofs_y = 0},
    {.bitmap_index = 1937, .adv_w = 220, .box_w = 13, .box_h = 12, .ofs_x = 0, .ofs_y = 0},
    {.bitmap_index = 2015, .adv_w = 209, .box_w = 11, .box_h = 12, .ofs_x = 1, .ofs_y = 0},
    {.bitmap_index = 2081, .adv_w = 73, .box_w = 3, .box_h = 12, .ofs_x = 1, .ofs_y = 0},
    {.bitmap_index = 2099, .adv_w = 123, .box_w = 7, .box_h = 12, .ofs_x = 0, .ofs_y = 0},
    {.bitmap_index = 2141, .adv_w = 205, .box_w = 12, .box_h = 12, .ofs_x = 1, .ofs_y = 0},
    {.bitmap_index = 2213, .adv_w = 170, .box_w = 9, .box_h = 12, .ofs_x = 1, .ofs_y = 0},
    {.bitmap_index = 2267, .adv_w = 259, .box_w = 15, .box_h = 12, .ofs_x = 1, .ofs_y = 0},
    {.bitmap_index = 2357, .adv_w = 209, .box_w = 11, .box_h = 12, .ofs_x = 1, .ofs_y = 0},
    {.bitmap_index = 2423, .adv_w = 229, .box_w = 14, .box_h = 12, .ofs_x = 0, .ofs_y = 0},
    {.bitmap_index = 2507, .adv_w = 192, .box_w = 11, .box_h = 12, .ofs_x = 1, .ofs_y = 0},
    {.bitmap_index = 2573, .adv_w = 232, .box_w = 15, .box_h = 12, .ofs_x = 0, .ofs_y = 0},
    {.bitmap_index = 2663, .adv_w = 191, .box_w = 11, .box_h = 12, .ofs_x = 1, .ofs_y = 0},
    {.bitmap_index = 2729, .adv_w = 183, .box_w = 11, .box_h = 12, .ofs_x = 0, .ofs_y = 0},
    {.bitmap_index = 2795, .adv_w = 191, .box_w = 12, .box_h = 12, .ofs_x = 0, .ofs_y = 0},
    {.bitmap_index = 2867, .adv_w = 203, .box_w = 12, .box_h = 12, .ofs_x = 0, .ofs_y = 0},
    {.bitmap_index = 2939, .adv_w = 211, .box_w = 13, .box_h = 12, .ofs_x = 0, .ofs_y = 0},
    {.bitmap_index = 3017, .adv_w = 313, .box_w = 19, .box_h = 12, .ofs_x = 0, .ofs_y = 0},
    {.bitmap_index = 3131, .adv_w = 204, .box_w = 13, .box_h = 12, .ofs_x = 0, .ofs_y = 0},
    {.bitmap_index = 3209, .adv_w = 202, .box_w = 13, .box_h = 12, .ofs_x = 0, .ofs_y = 0},
    {.bitmap_index = 3287, .adv_w = 182, .box_w = 11, .box_h = 12, .ofs_x = 0, .ofs_y = 0},
    {.bitmap_index = 3353, .adv_w = 126, .box_w = 6, .box_h = 15, .ofs_x = 1, .ofs_y = -2},
    {.bitmap_index = 3398, .adv_w = 128, .box_w = 8, .box_h = 15, .ofs_x = 0, .ofs_y = -1},
    {.bitmap_index = 3458, .adv_w = 126, .box_w = 7, .box_h = 15, .ofs_x = 0, .ofs_y = -2},
    {.bitmap_index = 3511, .adv_w = 157, .box_w = 8, .box_h = 5, .ofs_x = 1, .ofs_y = 9},
    {.bitmap_index = 3531, .adv_w = 134, .box_w = 9, .box_h = 2, .ofs_x = 0, .ofs_y = -3},
    {.bitmap_index = 3540, .adv_w = 102, .box_w = 6, .box_h = 3, .ofs_x = 1, .ofs_y = 10},
    {.bitmap_index = 3549, .adv_w = 161, .box_w = 10, .box_h = 9, .ofs_x = 0, .ofs_y = 0},
    {.bitmap_index = 3594, .adv_w = 179, .box_w = 10, .box_h = 12, .ofs_x = 1, .ofs_y = 0},
    {.bitmap_index = 3654, .adv_w = 159, .box_w = 10, .box_h = 9, .ofs_x = 0, .ofs_y = 0},
    {.bitmap_index = 3699, .adv_w = 179, .box_w = 10, .box_h = 12, .ofs_x = 0, .ofs_y = 0},
    {.bitmap_index = 3759, .adv_w = 164, .box_w = 10, .box_h = 9, .ofs_x = 0, .ofs_y = 0},
    {.bitmap_index = 3804, .adv_w = 107, .box_w = 7, .box_h = 12, .ofs_x = 0, .ofs_y = 0},
    {.bitmap_index = 3846, .adv_w = 179, .box_w = 10, .box_h = 13, .ofs_x = 0, .ofs_y = -4},
    {.bitmap_index = 3911, .adv_w = 176, .box_w = 9, .box_h = 12, .ofs_x = 1, .ofs_y = 0},
    {.bitmap_index = 3965, .adv_w = 75, .box_w = 3, .box_h = 13, .ofs_x = 1, .ofs_y = 0},
    {.bitmap_index = 3985, .adv_w = 75, .box_w = 5, .box_h = 17, .ofs_x = -1, .ofs_y = -4},
    {.bitmap_index = 4028, .adv_w = 161, .box_w = 9, .box_h = 13, .ofs_x = 1, .ofs_y = 0},
    {.bitmap_index = 4087, .adv_w = 75, .box_w = 3, .box_h = 12, .ofs_x = 1, .ofs_y = 0},
    {.bitmap_index = 4105, .adv_w = 271, .box_w = 15, .box_h = 9, .ofs_x = 1, .ofs_y = 0},
    {.bitmap_index = 4173, .adv_w = 176, .box_w = 9, .box_h = 9, .ofs_x = 1, .ofs_y = 0},
    {.bitmap_index = 4214, .adv_w = 172, .box_w = 11, .box_h = 9, .ofs_x = 0, .ofs_y = 0},
    {.bitmap_index = 4264, .adv_w = 179, .box_w = 10, .box_h = 13, .ofs_x = 1, .ofs_y = -4},
    {.bitmap_index = 4329, .adv_w = 179, .box_w = 10, .box_h = 13, .ofs_x = 0, .ofs_y = -4},
    {.bitmap_index = 4394, .adv_w = 112, .box_w = 6, .box_h = 10, .ofs_x = 1, .ofs_y = 0},
    {.bitmap_index = 4424, .adv_w = 142, .box_w = 9, .box_h = 9, .ofs_x = 0, .ofs_y = 0},
    {.bitmap_index = 4465, .adv_w = 117, .box_w = 7, .box_h = 12, .ofs_x = 0, .ofs_y = 0},
    {.bitmap_index = 4507, .adv_w = 174, .box_w = 9, .box_h = 9, .ofs_x = 1, .ofs_y = 0},
    {.bitmap_index = 4548, .adv_w = 154, .box_w = 10, .box_h = 9, .ofs_x = 0, .ofs_y = 0},
    {.bitmap_index = 4593, .adv_w = 230, .box_w = 15, .box_h = 9, .ofs_x = 0, .ofs_y = 0},
    {.bitmap_index = 4661, .adv_w = 169, .box_w = 11, .box_h = 9, .ofs_x = 0, .ofs_y = 0},
    {.bitmap_index = 4711, .adv_w = 154, .box_w = 10, .box_h = 13, .ofs_x = 0, .ofs_y = -4},
    {.bitmap_index = 4776, .adv_w = 148, .box_w = 9, .box_h = 9, .ofs_x = 0, .ofs_y = 0},
    {.bitmap_index = 4817, .adv_w = 126, .box_w = 7, .box_h = 15, .ofs_x = 0, .ofs_y = -2},
    {.bitmap_index = 4870, .adv_w = 67, .box_w = 3, .box_h = 16, .ofs_x = 1, .ofs_y = -2},
    {.bitmap_index = 4894, .adv_w = 126, .box_w = 8, .box_h = 15, .ofs_x = 0, .ofs_y = -2},
    {.bitmap_index = 4954, .adv_w = 157, .box_w = 10, .box_h = 3, .ofs_x = 0, .ofs_y = 5},
    {.bitmap_index = 4969, .adv_w = 56, .box_w = 0, .box_h = 0, .ofs_x = 0, .ofs_y = 0},
    {.bitmap_index = 4969, .adv_w = 85, .box_w = 3, .box_h = 13, .ofs_x = 1, .ofs_y = -4},
    {.bitmap_index = 4989, .adv_w = 159, .box_w = 10, .box_h = 13, .ofs_x = 0, .ofs_y = -2},
    {.bitmap_index = 5054, .adv_w = 173, .box_w = 11, .box_h = 12, .ofs_x = 0, .ofs_y = 0},
    {.bitmap_index = 5120, .adv_w = 184, .box_w = 12, .box_h = 12, .ofs_x = 0, .ofs_y = 0},
    {.bitmap_index = 5192, .adv_w = 149, .box_w = 9, .box_h = 13, .ofs_x = 0, .ofs_y = -1},
    {.bitmap_index = 5251, .adv_w = 140, .box_w = 7, .box_h = 3, .ofs_x = 1, .ofs_y = 10},
    {.bitmap_index = 5262, .adv_w = 237, .box_w = 15, .box_h = 13, .ofs_x = 0, .ofs_y = 0},
    {.bitmap_index = 5360, .adv_w = 108, .box_w = 6, .box_h = 7, .ofs_x = 0, .ofs_y = 7},
    {.bitmap_index = 5381, .adv_w = 158, .box_w = 9, .box_h = 7, .ofs_x = 0, .ofs_y = 1},
    {.bitmap_index = 5413, .adv_w = 237, .box_w = 15, .box_h = 13, .ofs_x = 0, .ofs_y = 0},
    {.bitmap_index = 5511, .adv_w = 118, .box_w = 7, .box_h = 2, .ofs_x = 1, .ofs_y = 11},
    {.bitmap_index = 5518, .adv_w = 107, .box_w = 6, .box_h = 6, .ofs_x = 0, .ofs_y = 7},
    {.bitmap_index = 5536, .adv_w = 102, .box_w = 6, .box_h = 3, .ofs_x = 1, .ofs_y = 10},
    {.bitmap_index = 5545, .adv_w = 191, .box_w = 11, .box_h = 15, .ofs_x = 0, .ofs_y = -3},
    {.bitmap_index = 5628, .adv_w = 41, .box_w = 3, .box_h = 3, .ofs_x = 0, .ofs_y = 5},
    {.bitmap_index = 5633, .adv_w = 87, .box_w = 5, .box_h = 5, .ofs_x = 1, .ofs_y = -5},
    {.bitmap_index = 5646, .adv_w = 118, .box_w = 7, .box_h = 7, .ofs_x = 0, .ofs_y = 7},
    {.bitmap_index = 5671, .adv_w = 158, .box_w = 8, .box_h = 7, .ofs_x = 1, .ofs_y = 1},
    {.bitmap_index = 5699, .adv_w = 167, .box_w = 10, .box_h = 13, .ofs_x = 0, .ofs_y = -4},
    {.bitmap_index = 5764, .adv_w = 211, .box_w = 13, .box_h = 17, .ofs_x = 0, .ofs_y = 0},
    {.bitmap_index = 5875, .adv_w = 211, .box_w = 13, .box_h = 17, .ofs_x = 0, .ofs_y = 0},
    {.bitmap_index = 5986, .adv_w = 211, .box_w = 13, .box_h = 17, .ofs_x = 0, .ofs_y = 0},
    {.bitmap_index = 6097, .adv_w = 211, .box_w = 13, .box_h = 17, .ofs_x = 0, .ofs_y = 0},
    {.bitmap_index = 6208, .adv_w = 211, .box_w = 13, .box_h = 17, .ofs_x = 0, .ofs_y = 0},
    {.bitmap_index = 6319, .adv_w = 211, .box_w = 13, .box_h = 17, .ofs_x = 0, .ofs_y = 0},
    {.bitmap_index = 6430, .adv_w = 278, .box_w = 17, .box_h = 12, .ofs_x = 0, .ofs_y = 0},
    {.bitmap_index = 6532, .adv_w = 215, .box_w = 13, .box_h = 16, .ofs_x = 0, .ofs_y = -4},
    {.bitmap_index = 6636, .adv_w = 181, .box_w = 10, .box_h = 17, .ofs_x = 1, .ofs_y = 0},
    {.bitmap_index = 6721, .adv_w = 181, .box_w = 10, .box_h = 17, .ofs_x = 1, .ofs_y = 0},
    {.bitmap_index = 6806, .adv_w = 181, .box_w = 10, .box_h = 17, .ofs_x = 1, .ofs_y = 0},
    {.bitmap_index = 6891, .adv_w = 181, .box_w = 10, .box_h = 17, .ofs_x = 1, .ofs_y = 0},
    {.bitmap_index = 6976, .adv_w = 73, .box_w = 6, .box_h = 17, .ofs_x = -2, .ofs_y = 0},
    {.bitmap_index = 7027, .adv_w = 73, .box_w = 6, .box_h = 17, .ofs_x = 0, .ofs_y = 0},
    {.bitmap_index = 7078, .adv_w = 73, .box_w = 8, .box_h = 17, .ofs_x = -2, .ofs_y = 0},
    {.bitmap_index = 7146, .adv_w = 73, .box_w = 8, .box_h = 17, .ofs_x = -2, .ofs_y = 0},
    {.bitmap_index = 7214, .adv_w = 220, .box_w = 14, .box_h = 12, .ofs_x = 0, .ofs_y = 0},
    {.bitmap_index = 7298, .adv_w = 209, .box_w = 11, .box_h = 17, .ofs_x = 1, .ofs_y = 0},
    {.bitmap_index = 7392, .adv_w = 229, .box_w = 14, .box_h = 17, .ofs_x = 0, .ofs_y = 0},
    {.bitmap_index = 7511, .adv_w = 229, .box_w = 14, .box_h = 17, .ofs_x = 0, .ofs_y = 0},
    {.bitmap_index = 7630, .adv_w = 229, .box_w = 14, .box_h = 17, .ofs_x = 0, .ofs_y = 0},
    {.bitmap_index = 7749, .adv_w = 229, .box_w = 14, .box_h = 17, .ofs_x = 0, .ofs_y = 0},
    {.bitmap_index = 7868, .adv_w = 229, .box_w = 14, .box_h = 17, .ofs_x = 0, .ofs_y = 0},
    {.bitmap_index = 7987, .adv_w = 157, .box_w = 9, .box_h = 9, .ofs_x = 0, .ofs_y = 2},
    {.bitmap_index = 8028, .adv_w = 229, .box_w = 14, .box_h = 13, .ofs_x = 0, .ofs_y = -1},
    {.bitmap_index = 8119, .adv_w = 203, .box_w = 12, .box_h = 17, .ofs_x = 0, .ofs_y = 0},
    {.bitmap_index = 8221, .adv_w = 203, .box_w = 12, .box_h = 17, .ofs_x = 0, .ofs_y = 0},
    {.bitmap_index = 8323, .adv_w = 203, .box_w = 12, .box_h = 17, .ofs_x = 0, .ofs_y = 0},
    {.bitmap_index = 8425, .adv_w = 203, .box_w = 12, .box_h = 17, .ofs_x = 0, .ofs_y = 0},
    {.bitmap_index = 8527, .adv_w = 202, .box_w = 13, .box_h = 17, .ofs_x = 0, .ofs_y = 0},
    {.bitmap_index = 8638, .adv_w = 191, .box_w = 11, .box_h = 12, .ofs_x = 1, .ofs_y = 0},
    {.bitmap_index = 8704, .adv_w = 182, .box_w = 10, .box_h = 12, .ofs_x = 1, .ofs_y = 0},
    {.bitmap_index = 8764, .adv_w = 161, .box_w = 10, .box_h = 13, .ofs_x = 0, .ofs_y = 0},
    {.bitmap_index = 8829, .adv_w = 161, .box_w = 10, .box_h = 13, .ofs_x = 0, .ofs_y = 0},
    {.bitmap_index = 8894, .adv_w = 161, .box_w = 10, .box_h = 13, .ofs_x = 0, .ofs_y = 0},
    {.bitmap_index = 8959, .adv_w = 161, .box_w = 10, .box_h = 13, .ofs_x = 0, .ofs_y = 0},
    {.bitmap_index = 9024, .adv_w = 161, .box_w = 10, .box_h = 13, .ofs_x = 0, .ofs_y = 0},
    {.bitmap_index = 9089, .adv_w = 161, .box_w = 10, .box_h = 13, .ofs_x = 0, .ofs_y = 0},
    {.bitmap_index = 9154, .adv_w = 253, .box_w = 16, .box_h = 9, .ofs_x = 0, .ofs_y = 0},
    {.bitmap_index = 9226, .adv_w = 159, .box_w = 10, .box_h = 13, .ofs_x = 0, .ofs_y = -4},
    {.bitmap_index = 9291, .adv_w = 164, .box_w = 10, .box_h = 13, .ofs_x = 0, .ofs_y = 0},
    {.bitmap_index = 9356, .adv_w = 164, .box_w = 10, .box_h = 13, .ofs_x = 0, .ofs_y = 0},
    {.bitmap_index = 9421, .adv_w = 164, .box_w = 10, .box_h = 13, .ofs_x = 0, .ofs_y = 0},
    {.bitmap_index = 9486, .adv_w = 164, .box_w = 10, .box_h = 13, .ofs_x = 0, .ofs_y = 0},
    {.bitmap_index = 9551, .adv_w = 75, .box_w = 6, .box_h = 13, .ofs_x = -2, .ofs_y = 0},
    {.bitmap_index = 9590, .adv_w = 75, .box_w = 6, .box_h = 13, .ofs_x = 0, .ofs_y = 0},
    {.bitmap_index = 9629, .adv_w = 75, .box_w = 8, .box_h = 13, .ofs_x = -2, .ofs_y = 0},
    {.bitmap_index = 9681, .adv_w = 75, .box_w = 7, .box_h = 13, .ofs_x = -1, .ofs_y = 0},
    {.bitmap_index = 9727, .adv_w = 175, .box_w = 11, .box_h = 13, .ofs_x = 0, .ofs_y = 0},
    {.bitmap_index = 9799, .adv_w = 176, .box_w = 9, .box_h = 13, .ofs_x = 1, .ofs_y = 0},
    {.bitmap_index = 9858, .adv_w = 172, .box_w = 11, .box_h = 13, .ofs_x = 0, .ofs_y = 0},
    {.bitmap_index = 9930, .adv_w = 172, .box_w = 11, .box_h = 13, .ofs_x = 0, .ofs_y = 0},
    {.bitmap_index = 10002, .adv_w = 172, .box_w = 11, .box_h = 13, .ofs_x = 0, .ofs_y = 0},
    {.bitmap_index = 10074, .adv_w = 172, .box_w = 11, .box_h = 13, .ofs_x = 0, .ofs_y = 0},
    {.bitmap_index = 10146, .adv_w = 172, .box_w = 11, .box_h = 13, .ofs_x = 0, .ofs_y = 0},
    {.bitmap_index = 10218, .adv_w = 157, .box_w = 9, .box_h = 9, .ofs_x = 0, .ofs_y = 2},
    {.bitmap_index = 10259, .adv_w = 172, .box_w = 11, .box_h = 11, .ofs_x = 0, .ofs_y = -1},
    {.bitmap_index = 10320, .adv_w = 174, .box_w = 9, .box_h = 13, .ofs_x = 1, .ofs_y = 0},
    {.bitmap_index = 10379, .adv_w = 174, .box_w = 9, .box_h = 13, .ofs_x = 1, .ofs_y = 0},
    {.bitmap_index = 10438, .adv_w = 174, .box_w = 9, .box_h = 13, .ofs_x = 1, .ofs_y = 0},
    {.bitmap_index = 10497, .adv_w = 174, .box_w = 9, .box_h = 13, .ofs_x = 1, .ofs_y = 0},
    {.bitmap_index = 10556, .adv_w = 154, .box_w = 10, .box_h = 17, .ofs_x = 0, .ofs_y = -4},
    {.bitmap_index = 10641, .adv_w = 179, .box_w = 10, .box_h = 16, .ofs_x = 1, .ofs_y = -4},
    {.bitmap_index = 10721, .adv_w = 154, .box_w = 10, .box_h = 17, .ofs_x = 0, .ofs_y = -4},
    {.bitmap_index = 10806, .adv_w = 211, .box_w = 13, .box_h = 16, .ofs_x = 0, .ofs_y = 0},
    {.bitmap_index = 10910, .adv_w = 161, .box_w = 10, .box_h = 12, .ofs_x = 0, .ofs_y = 0},
    {.bitmap_index = 10970, .adv_w = 211, .box_w = 13, .box_h = 17, .ofs_x = 0, .ofs_y = 0},
    {.bitmap_index = 11081, .adv_w = 161, .box_w = 10, .box_h = 13, .ofs_x = 0, .ofs_y = 0},
    {.bitmap_index = 11146, .adv_w = 211, .box_w = 13, .box_h = 16, .ofs_x = 0, .ofs_y = -4},
    {.bitmap_index = 11250, .adv_w = 161, .box_w = 10, .box_h = 13, .ofs_x = 0, .ofs_y = -4},
    {.bitmap_index = 11315, .adv_w = 215, .box_w = 13, .box_h = 17, .ofs_x = 0, .ofs_y = 0},
    {.bitmap_index = 11426, .adv_w = 159, .box_w = 10, .box_h = 13, .ofs_x = 0, .ofs_y = 0},
    {.bitmap_index = 11491, .adv_w = 215, .box_w = 13, .box_h = 17, .ofs_x = 0, .ofs_y = 0},
    {.bitmap_index = 11602, .adv_w = 159, .box_w = 10, .box_h = 13, .ofs_x = 0, .ofs_y = 0},
    {.bitmap_index = 11667, .adv_w = 215, .box_w = 13, .box_h = 17, .ofs_x = 0, .ofs_y = 0},
    {.bitmap_index = 11778, .adv_w = 159, .box_w = 10, .box_h = 13, .ofs_x = 0, .ofs_y = 0},
    {.bitmap_index = 11843, .adv_w = 217, .box_w = 12, .box_h = 17, .ofs_x = 1, .ofs_y = 0},
    {.bitmap_index = 11945, .adv_w = 202, .box_w = 13, .box_h = 12, .ofs_x = 0, .ofs_y = 0},
    {.bitmap_index = 12023, .adv_w = 220, .box_w = 14, .box_h = 12, .ofs_x = 0, .ofs_y = 0},
    {.bitmap_index = 12107, .adv_w = 179, .box_w = 12, .box_h = 13, .ofs_x = 0, .ofs_y = 0},
    {.bitmap_index = 12185, .adv_w = 181, .box_w = 10, .box_h = 16, .ofs_x = 1, .ofs_y = 0},
    {.bitmap_index = 12265, .adv_w = 164, .box_w = 10, .box_h = 12, .ofs_x = 0, .ofs_y = 0},
    {.bitmap_index = 12325, .adv_w = 181, .box_w = 10, .box_h = 17, .ofs_x = 1, .ofs_y = 0},
    {.bitmap_index = 12410, .adv_w = 164, .box_w = 10, .box_h = 13, .ofs_x = 0, .ofs_y = 0},
    {.bitmap_index = 12475, .adv_w = 181, .box_w = 10, .box_h = 16, .ofs_x = 1, .ofs_y = -4},
    {.bitmap_index = 12555, .adv_w = 164, .box_w = 10, .box_h = 13, .ofs_x = 0, .ofs_y = -4},
    {.bitmap_index = 12620, .adv_w = 181, .box_w = 10, .box_h = 17, .ofs_x = 1, .ofs_y = 0},
    {.bitmap_index = 12705, .adv_w = 164, .box_w = 10, .box_h = 13, .ofs_x = 0, .ofs_y = 0},
    {.bitmap_index = 12770, .adv_w = 220, .box_w = 13, .box_h = 17, .ofs_x = 0, .ofs_y = 0},
    {.bitmap_index = 12881, .adv_w = 179, .box_w = 10, .box_h = 17, .ofs_x = 0, .ofs_y = -4},
    {.bitmap_index = 12966, .adv_w = 220, .box_w = 13, .box_h = 17, .ofs_x = 0, .ofs_y = 0},
    {.bitmap_index = 13077, .adv_w = 179, .box_w = 10, .box_h = 17, .ofs_x = 0, .ofs_y = -4},
    {.bitmap_index = 13162, .adv_w = 220, .box_w = 13, .box_h = 19, .ofs_x = 0, .ofs_y = -7},
    {.bitmap_index = 13286, .adv_w = 179, .box_w = 10, .box_h = 19, .ofs_x = 0, .ofs_y = -4},
    {.bitmap_index = 13381, .adv_w = 215, .box_w = 14, .box_h = 12, .ofs_x = 0, .ofs_y = 0},
    {.bitmap_index = 13465, .adv_w = 176, .box_w = 10, .box_h = 12, .ofs_x = 0, .ofs_y = 0},
    {.bitmap_index = 13525, .adv_w = 73, .box_w = 7, .box_h = 16, .ofs_x = -1, .ofs_y = 0},
    {.bitmap_index = 13581, .adv_w = 75, .box_w = 7, .box_h = 12, .ofs_x = -1, .ofs_y = 0},
    {.bitmap_index = 13623, .adv_w = 73, .box_w = 5, .box_h = 16, .ofs_x = -1, .ofs_y = -4},
    {.bitmap_index = 13663, .adv_w = 75, .box_w = 4, .box_h = 17, .ofs_x = 0, .ofs_y = -4},
    {.bitmap_index = 13697, .adv_w = 73, .box_w = 3, .box_h = 17, .ofs_x = 1, .ofs_y = 0},
    {.bitmap_index = 13723, .adv_w = 75, .box_w = 3, .box_h = 9, .ofs_x = 1, .ofs_y = 0},
    {.bitmap_index = 13737, .adv_w = 196, .box_w = 11, .box_h = 12, .ofs_x = 1, .ofs_y = 0},
    {.bitmap_index = 13803, .adv_w = 147, .box_w = 8, .box_h = 17, .ofs_x = 1, .ofs_y = -4},
    {.bitmap_index = 13871, .adv_w = 205, .box_w = 12, .box_h = 19, .ofs_x = 1, .ofs_y = -7},
    {.bitmap_index = 13985, .adv_w = 161, .box_w = 9, .box_h = 20, .ofs_x = 1, .ofs_y = -7},
    {.bitmap_index = 14075, .adv_w = 170, .box_w = 10, .box_h = 17, .ofs_x = 0, .ofs_y = 0},
    {.bitmap_index = 14160, .adv_w = 75, .box_w = 6, .box_h = 17, .ofs_x = 0, .ofs_y = 0},
    {.bitmap_index = 14211, .adv_w = 170, .box_w = 9, .box_h = 19, .ofs_x = 1, .ofs_y = -7},
    {.bitmap_index = 14297, .adv_w = 75, .box_w = 3, .box_h = 19, .ofs_x = 1, .ofs_y = -7},
    {.bitmap_index = 14326, .adv_w = 170, .box_w = 9, .box_h = 12, .ofs_x = 1, .ofs_y = 0},
    {.bitmap_index = 14380, .adv_w = 98, .box_w = 6, .box_h = 12, .ofs_x = 1, .ofs_y = 0},
    {.bitmap_index = 14416, .adv_w = 171, .box_w = 10, .box_h = 12, .ofs_x = 0, .ofs_y = 0},
    {.bitmap_index = 14476, .adv_w = 84, .box_w = 6, .box_h = 12, .ofs_x = 0, .ofs_y = 0},
    {.bitmap_index = 14512, .adv_w = 209, .box_w = 11, .box_h = 17, .ofs_x = 1, .ofs_y = 0},
    {.bitmap_index = 14606, .adv_w = 176, .box_w = 9, .box_h = 13, .ofs_x = 1, .ofs_y = 0},
    {.bitmap_index = 14665, .adv_w = 209, .box_w = 11, .box_h = 19, .ofs_x = 1, .ofs_y = -7},
    {.bitmap_index = 14770, .adv_w = 176, .box_w = 9, .box_h = 16, .ofs_x = 1, .ofs_y = -7},
    {.bitmap_index = 14842, .adv_w = 209, .box_w = 11, .box_h = 17, .ofs_x = 1, .ofs_y = 0},
    {.bitmap_index = 14936, .adv_w = 176, .box_w = 9, .box_h = 13, .ofs_x = 1, .ofs_y = 0},
    {.bitmap_index = 14995, .adv_w = 207, .box_w = 11, .box_h = 16, .ofs_x = 1, .ofs_y = -4},
    {.bitmap_index = 15083, .adv_w = 176, .box_w = 9, .box_h = 13, .ofs_x = 1, .ofs_y = -4},
    {.bitmap_index = 15142, .adv_w = 229, .box_w = 14, .box_h = 16, .ofs_x = 0, .ofs_y = 0},
    {.bitmap_index = 15254, .adv_w = 172, .box_w = 11, .box_h = 12, .ofs_x = 0, .ofs_y = 0},
    {.bitmap_index = 15320, .adv_w = 229, .box_w = 14, .box_h = 17, .ofs_x = 0, .ofs_y = 0},
    {.bitmap_index = 15439, .adv_w = 172, .box_w = 11, .box_h = 13, .ofs_x = 0, .ofs_y = 0},
    {.bitmap_index = 15511, .adv_w = 311, .box_w = 19, .box_h = 12, .ofs_x = 0, .ofs_y = 0},
    {.bitmap_index = 15625, .adv_w = 273, .box_w = 17, .box_h = 9, .ofs_x = 0, .ofs_y = 0},
    {.bitmap_index = 15702, .adv_w = 191, .box_w = 11, .box_h = 17, .ofs_x = 1, .ofs_y = 0},
    {.bitmap_index = 15796, .adv_w = 112, .box_w = 7, .box_h = 13, .ofs_x = 1, .ofs_y = 0},
    {.bitmap_index = 15842, .adv_w = 191, .box_w = 11, .box_h = 19, .ofs_x = 1, .ofs_y = -7},
    {.bitmap_index = 15947, .adv_w = 112, .box_w = 6, .box_h = 17, .ofs_x = 1, .ofs_y = -7},
    {.bitmap_index = 15998, .adv_w = 191, .box_w = 11, .box_h = 17, .ofs_x = 1, .ofs_y = 0},
    {.bitmap_index = 16092, .adv_w = 112, .box_w = 8, .box_h = 13, .ofs_x = 0, .ofs_y = 0},
    {.bitmap_index = 16144, .adv_w = 183, .box_w = 11, .box_h = 17, .ofs_x = 0, .ofs_y = 0},
    {.bitmap_index = 16238, .adv_w = 142, .box_w = 9, .box_h = 13, .ofs_x = 0, .ofs_y = 0},
    {.bitmap_index = 16297, .adv_w = 183, .box_w = 11, .box_h = 16, .ofs_x = 0, .ofs_y = -4},
    {.bitmap_index = 16385, .adv_w = 142, .box_w = 9, .box_h = 13, .ofs_x = 0, .ofs_y = -4},
    {.bitmap_index = 16444, .adv_w = 183, .box_w = 11, .box_h = 17, .ofs_x = 0, .ofs_y = 0},
    {.bitmap_index = 16538, .adv_w = 142, .box_w = 9, .box_h = 13, .ofs_x = 0, .ofs_y = 0},
    {.bitmap_index = 16597, .adv_w = 191, .box_w = 12, .box_h = 17, .ofs_x = 0, .ofs_y = 0},
    {.bitmap_index = 16699, .adv_w = 117, .box_w = 8, .box_h = 14, .ofs_x = 0, .ofs_y = 0},
    {.bitmap_index = 16755, .adv_w = 203, .box_w = 12, .box_h = 16, .ofs_x = 0, .ofs_y = 0},
    {.bitmap_index = 16851, .adv_w = 174, .box_w = 9, .box_h = 12, .ofs_x = 1, .ofs_y = 0},
    {.bitmap_index = 16905, .adv_w = 203, .box_w = 12, .box_h = 17, .ofs_x = 0, .ofs_y = 0},
    {.bitmap_index = 17007, .adv_w = 174, .box_w = 9, .box_h = 13, .ofs_x = 1, .ofs_y = 0},
    {.bitmap_index = 17066, .adv_w = 203, .box_w = 12, .box_h = 17, .ofs_x = 0, .ofs_y = 0},
    {.bitmap_index = 17168, .adv_w = 174, .box_w = 9, .box_h = 14, .ofs_x = 1, .ofs_y = 0},
    {.bitmap_index = 17231, .adv_w = 203, .box_w = 12, .box_h = 17, .ofs_x = 0, .ofs_y = 0},
    {.bitmap_index = 17333, .adv_w = 174, .box_w = 9, .box_h = 13, .ofs_x = 1, .ofs_y = 0},
    {.bitmap_index = 17392, .adv_w = 203, .box_w = 12, .box_h = 16, .ofs_x = 0, .ofs_y = -4},
    {.bitmap_index = 17488, .adv_w = 174, .box_w = 9, .box_h = 13, .ofs_x = 1, .ofs_y = -4},
    {.bitmap_index = 17547, .adv_w = 313, .box_w = 19, .box_h = 17, .ofs_x = 0, .ofs_y = 0},
    {.bitmap_index = 17709, .adv_w = 230, .box_w = 15, .box_h = 13, .ofs_x = 0, .ofs_y = 0},
    {.bitmap_index = 17807, .adv_w = 202, .box_w = 13, .box_h = 17, .ofs_x = 0, .ofs_y = 0},
    {.bitmap_index = 17918, .adv_w = 154, .box_w = 10, .box_h = 17, .ofs_x = 0, .ofs_y = -4},
    {.bitmap_index = 18003, .adv_w = 202, .box_w = 13, .box_h = 17, .ofs_x = 0, .ofs_y = 0},
    {.bitmap_index = 18114, .adv_w = 182, .box_w = 11, .box_h = 17, .ofs_x = 0, .ofs_y = 0},
    {.bitmap_index = 18208, .adv_w = 148, .box_w = 9, .box_h = 13, .ofs_x = 0, .ofs_y = 0},
    {.bitmap_index = 18267, .adv_w = 182, .box_w = 11, .box_h = 17, .ofs_x = 0, .ofs_y = 0},
    {.bitmap_index = 18361, .adv_w = 148, .box_w = 9, .box_h = 13, .ofs_x = 0, .ofs_y = 0},
    {.bitmap_index = 18420, .adv_w = 182, .box_w = 11, .box_h = 17, .ofs_x = 0, .ofs_y = 0},
    {.bitmap_index = 18514, .adv_w = 148, .box_w = 9, .box_h = 13, .ofs_x = 0, .ofs_y = 0},
    {.bitmap_index = 18573, .adv_w = 173, .box_w = 9, .box_h = 2, .ofs_x = 1, .ofs_y = 4},
    {.bitmap_index = 18582, .adv_w = 259, .box_w = 14, .box_h = 2, .ofs_x = 1, .ofs_y = 4},
    {.bitmap_index = 18596, .adv_w = 79, .box_w = 3, .box_h = 5, .ofs_x = 1, .ofs_y = 8},
    {.bitmap_index = 18604, .adv_w = 79, .box_w = 3, .box_h = 5, .ofs_x = 1, .ofs_y = 8},
    {.bitmap_index = 18612, .adv_w = 78, .box_w = 3, .box_h = 6, .ofs_x = 1, .ofs_y = -4},
    {.bitmap_index = 18621, .adv_w = 136, .box_w = 7, .box_h = 5, .ofs_x = 1, .ofs_y = 8},
    {.bitmap_index = 18639, .adv_w = 136, .box_w = 7, .box_h = 5, .ofs_x = 1, .ofs_y = 8},
    {.bitmap_index = 18657, .adv_w = 134, .box_w = 7, .box_h = 6, .ofs_x = 1, .ofs_y = -4},
    {.bitmap_index = 18678, .adv_w = 97, .box_w = 4, .box_h = 4, .ofs_x = 1, .ofs_y = 5},
    {.bitmap_index = 18686, .adv_w = 210, .box_w = 11, .box_h = 3, .ofs_x = 1, .ofs_y = 0},
    {.bitmap_index = 18703, .adv_w = 288, .box_w = 19, .box_h = 19, .ofs_x = 0, .ofs_y = -3},
    {.bitmap_index = 18884, .adv_w = 288, .box_w = 18, .box_h = 14, .ofs_x = 0, .ofs_y = 0},
    {.bitmap_index = 19010, .adv_w = 288, .box_w = 18, .box_h = 17, .ofs_x = 0, .ofs_y = -2},
    {.bitmap_index = 19163, .adv_w = 288, .box_w = 18, .box_h = 14, .ofs_x = 0, .ofs_y = 0},
    {.bitmap_index = 19289, .adv_w = 198, .box_w = 13, .box_h = 13, .ofs_x = 0, .ofs_y = 0},
    {.bitmap_index = 19374, .adv_w = 288, .box_w = 19, .box_h = 18, .ofs_x = 0, .ofs_y = -2},
    {.bitmap_index = 19545, .adv_w = 288, .box_w = 18, .box_h = 19, .ofs_x = 0, .ofs_y = -3},
    {.bitmap_index = 19716, .adv_w = 324, .box_w = 21, .box_h = 17, .ofs_x = 0, .ofs_y = -2},
    {.bitmap_index = 19895, .adv_w = 288, .box_w = 18, .box_h = 19, .ofs_x = 0, .ofs_y = -3},
    {.bitmap_index = 20066, .adv_w = 324, .box_w = 21, .box_h = 14, .ofs_x = 0, .ofs_y = 0},
    {.bitmap_index = 20213, .adv_w = 288, .box_w = 18, .box_h = 19, .ofs_x = 0, .ofs_y = -3},
    {.bitmap_index = 20384, .adv_w = 144, .box_w = 9, .box_h = 15, .ofs_x = 0, .ofs_y = -1},
    {.bitmap_index = 20452, .adv_w = 216, .box_w = 14, .box_h = 15, .ofs_x = 0, .ofs_y = -1},
    {.bitmap_index = 20557, .adv_w = 324, .box_w = 21, .box_h = 18, .ofs_x = 0, .ofs_y = -2},
    {.bitmap_index = 20746, .adv_w = 288, .box_w = 18, .box_h = 14, .ofs_x = 0, .ofs_y = 0},
    {.bitmap_index = 20872, .adv_w = 198, .box_w = 13, .box_h = 19, .ofs_x = 0, .ofs_y = -3},
    {.bitmap_index = 20996, .adv_w = 252, .box_w = 12, .box_h = 17, .ofs_x = 2, .ofs_y = -2},
    {.bitmap_index = 21098, .adv_w = 252, .box_w = 16, .box_h = 19, .ofs_x = 0, .ofs_y = -3},
    {.bitmap_index = 21250, .adv_w = 252, .box_w = 16, .box_h = 17, .ofs_x = 0, .ofs_y = -2},
    {.bitmap_index = 21386, .adv_w = 252, .box_w = 16, .box_h = 17, .ofs_x = 0, .ofs_y = -2},
    {.bitmap_index = 21522, .adv_w = 252, .box_w = 12, .box_h = 17, .ofs_x = 2, .ofs_y = -2},
    {.bitmap_index = 21624, .adv_w = 252, .box_w = 18, .box_h = 17, .ofs_x = -1, .ofs_y = -2},
    {.bitmap_index = 21777, .adv_w = 180, .box_w = 11, .box_h = 16, .ofs_x = 0, .ofs_y = -1},
    {.bitmap_index = 21865, .adv_w = 180, .box_w = 11, .box_h = 16, .ofs_x = 0, .ofs_y = -1},
    {.bitmap_index = 21953, .adv_w = 252, .box_w = 16, .box_h = 17, .ofs_x = 0, .ofs_y = -2},
    {.bitmap_index = 22089, .adv_w = 252, .box_w = 16, .box_h = 4, .ofs_x = 0, .ofs_y = 5},
    {.bitmap_index = 22121, .adv_w = 324, .box_w = 21, .box_h = 14, .ofs_x = 0, .ofs_y = 0},
    {.bitmap_index = 22268, .adv_w = 360, .box_w = 23, .box_h = 19, .ofs_x = 0, .ofs_y = -3},
    {.bitmap_index = 22487, .adv_w = 324, .box_w = 22, .box_h = 19, .ofs_x = -1, .ofs_y = -3},
    {.bitmap_index = 22696, .adv_w = 288, .box_w = 18, .box_h = 17, .ofs_x = 0, .ofs_y = -2},
    {.bitmap_index = 22849, .adv_w = 252, .box_w = 16, .box_h = 10, .ofs_x = 0, .ofs_y = 2},
    {.bitmap_index = 22929, .adv_w = 252, .box_w = 16, .box_h = 10, .ofs_x = 0, .ofs_y = 2},
    {.bitmap_index = 23009, .adv_w = 360, .box_w = 24, .box_h = 15, .ofs_x = -1, .ofs_y = -1},
    {.bitmap_index = 23189, .adv_w = 288, .box_w = 18, .box_h = 14, .ofs_x = 0, .ofs_y = 0},
    {.bitmap_index = 23315, .adv_w = 288, .box_w = 18, .box_h = 19, .ofs_x = 0, .ofs_y = -3},
    {.bitmap_index = 23486, .adv_w = 288, .box_w = 19, .box_h = 19, .ofs_x = -1, .ofs_y = -3},
    {.bitmap_index = 23667, .adv_w = 252, .box_w = 16, .box_h = 17, .ofs_x = 0, .ofs_y = -2},
    {.bitmap_index = 23803, .adv_w = 252, .box_w = 16, .box_h = 19, .ofs_x = 0, .ofs_y = -3},
    {.bitmap_index = 23955, .adv_w = 252, .box_w = 16, .box_h = 17, .ofs_x = 0, .ofs_y = -2},
    {.bitmap_index = 24091, .adv_w = 252, .box_w = 16, .box_h = 15, .ofs_x = 0, .ofs_y = -1},
    {.bitmap_index = 24211, .adv_w = 288, .box_w = 18, .box_h = 14, .ofs_x = 0, .ofs_y = 0},
    {.bitmap_index = 24337, .adv_w = 180, .box_w = 13, .box_h = 19, .ofs_x = -1, .ofs_y = -3},
    {.bitmap_index = 24461, .adv_w = 252, .box_w = 16, .box_h = 19, .ofs_x = 0, .ofs_y = -3},
    {.bitmap_index = 24613, .adv_w = 252, .box_w = 16, .box_h = 19, .ofs_x = 0, .ofs_y = -3},
    {.bitmap_index = 24765, .adv_w = 324, .box_w = 21, .box_h = 14, .ofs_x = 0, .ofs_y = 0},
    {.bitmap_index = 24912, .adv_w = 288, .box_w = 20, .box_h = 20, .ofs_x = -1, .ofs_y = -3},
    {.bitmap_index = 25112, .adv_w = 216, .box_w = 14, .box_h = 19, .ofs_x = 0, .ofs_y = -3},
    {.bitmap_index = 25245, .adv_w = 360, .box_w = 23, .box_h = 18, .ofs_x = 0, .ofs_y = -2},
    {.bitmap_index = 25452, .adv_w = 360, .box_w = 23, .box_h = 12, .ofs_x = 0, .ofs_y = 1},
    {.bitmap_index = 25590, .adv_w = 360, .box_w = 23, .box_h = 12, .ofs_x = 0, .ofs_y = 1},
    {.bitmap_index = 25728, .adv_w = 360, .box_w = 23, .box_h = 12, .ofs_x = 0, .ofs_y = 1},
    {.bitmap_index = 25866, .adv_w = 360, .box_w = 23, .box_h = 12, .ofs_x = 0, .ofs_y = 1},
    {.bitmap_index = 26004, .adv_w = 360, .box_w = 23, .box_h = 12, .ofs_x = 0, .ofs_y = 1},
    {.bitmap_index = 26142, .adv_w = 360, .box_w = 23, .box_h = 15, .ofs_x = 0, .ofs_y = -1},
    {.bitmap_index = 26315, .adv_w = 252, .box_w = 14, .box_h = 19, .ofs_x = 1, .ofs_y = -3},
    {.bitmap_index = 26448, .adv_w = 252, .box_w = 16, .box_h = 19, .ofs_x = 0, .ofs_y = -3},
    {.bitmap_index = 26600, .adv_w = 288, .box_w = 19, .box_h = 19, .ofs_x = -1, .ofs_y = -3},
    {.bitmap_index = 26781, .adv_w = 360, .box_w = 23, .box_h = 14, .ofs_x = 0, .ofs_y = 0},
    {.bitmap_index = 26942, .adv_w = 216, .box_w = 14, .box_h = 19, .ofs_x = 0, .ofs_y = -3},
    {.bitmap_index = 27075, .adv_w = 290, .box_w = 19, .box_h = 12, .ofs_x = 0, .ofs_y = 1}
};

/*---------------------
 *  CHARACTER MAPPING
 *--------------------*/

static const uint8_t glyph_id_ofs_list_1[] = {
    0, 1, 2, 3, 0, 4, 0, 5,
    6, 7, 8, 9, 0, 0, 10, 11,
    12, 0, 0, 0, 13, 0, 14, 15,
    16, 0, 17, 18
};

static const uint8_t glyph_id_ofs_list_3[] = {
    0, 1, 2, 3, 4, 5, 6, 7,
    8, 9, 0, 0, 10, 11, 12, 13,
    14, 15, 0, 0, 16, 17, 18, 19,
    20, 21, 0, 0, 22, 23, 0, 0,
    24, 25, 0, 0, 26, 27, 28, 29,
    30, 31, 0, 0, 32, 33, 0, 34,
    35, 36, 37, 38, 39, 0, 0, 40,
    41, 42, 43, 44, 45, 46, 47, 0,
    48, 49, 50, 51, 0, 0, 52, 53,
    54, 55, 56, 57, 58, 59, 60, 61,
    62, 63, 0, 0, 64, 65, 66, 67,
    0, 0, 68, 69
};

static const uint16_t unicode_list_5[] = {
    0x0, 0x1, 0x5, 0x6, 0x7, 0x9, 0xa, 0xb,
    0xf, 0x13, 0xcfee, 0xcff5, 0xcff8, 0xcff9, 0xcffa, 0xcffe,
    0xd000, 0xd002, 0xd006, 0xd009, 0xd00e, 0xd013, 0xd014, 0xd015,
    0xd02b, 0xd030, 0xd035, 0xd038, 0xd039, 0xd03a, 0xd03e, 0xd03f,
    0xd040, 0xd041, 0xd054, 0xd055, 0xd05b, 0xd05d, 0xd05e, 0xd061,
    0xd064, 0xd065, 0xd066, 0xd068, 0xd080, 0xd082, 0xd0b1, 0xd0b2,
    0xd0b4, 0xd0b6, 0xd0cd, 0xd0d4, 0xd0d7, 0xd0e0, 0xd109, 0xd111,
    0xd148, 0xd1d8, 0xd22d, 0xd22e, 0xd22f, 0xd230, 0xd231, 0xd274,
    0xd280, 0xd2da, 0xd2f1, 0xd547, 0xd7af, 0xd88f
};

/*Collect the unicode lists and glyph_id offsets*/
static const lv_font_fmt_txt_cmap_t cmaps[] =
{
    {
        .range_start = 32, .range_length = 95, .glyph_id_start = 1,
        .unicode_list = NULL, .glyph_id_ofs_list = NULL, .list_length = 0, .type = LV_FONT_FMT_TXT_CMAP_FORMAT0_TINY
    },
    {
        .range_start = 160, .range_length = 28, .glyph_id_start = 96,
        .unicode_list = NULL, .glyph_id_ofs_list = glyph_id_ofs_list_1, .list_length = 28, .type = LV_FONT_FMT_TXT_CMAP_FORMAT0_FULL
    },
    {
        .range_start = 191, .range_length = 73, .glyph_id_start = 115,
        .unicode_list = NULL, .glyph_id_ofs_list = NULL, .list_length = 0, .type = LV_FONT_FMT_TXT_CMAP_FORMAT0_TINY
    },
    {
        .range_start = 266, .range_length = 92, .glyph_id_start = 188,
        .unicode_list = NULL, .glyph_id_ofs_list = glyph_id_ofs_list_3, .list_length = 92, .type = LV_FONT_FMT_TXT_CMAP_FORMAT0_FULL
    },
    {
        .range_start = 362, .range_length = 21, .glyph_id_start = 258,
        .unicode_list = NULL, .glyph_id_ofs_list = NULL, .list_length = 0, .type = LV_FONT_FMT_TXT_CMAP_FORMAT0_TINY
    },
    {
        .range_start = 8211, .range_length = 55440, .glyph_id_start = 279,
        .unicode_list = unicode_list_5, .glyph_id_ofs_list = NULL, .list_length = 70, .type = LV_FONT_FMT_TXT_CMAP_SPARSE_TINY
    }
};

/*-----------------
 *    KERNING
 *----------------*/


/*Map glyph_ids to kern left classes*/
static const uint8_t kern_left_class_mapping[] =
{
    0, 0, 1, 2, 3, 4, 5, 6,
    7, 8, 9, 10, 11, 12, 13, 14,
    15, 16, 17, 18, 19, 20, 21, 22,
    23, 24, 25, 26, 27, 28, 29, 30,
    31, 32, 33, 34, 35, 36, 37, 38,
    39, 0, 0, 40, 41, 42, 0, 0,
    43, 44, 45, 46, 47, 48, 49, 50,
    51, 52, 53, 54, 55, 56, 0, 57,
    58, 0, 59, 60, 61, 0, 62, 63,
    0, 64, 65, 66, 67, 0, 68, 69,
    70, 71, 0, 72, 73, 74, 75, 76,
    77, 78, 79, 80, 81, 0, 82, 83,
    0, 84, 85, 86, 87, 0, 0, 88,
    89, 90, 91, 0, 92, 0, 0, 0,
    0, 93, 94, 95, 96, 97, 96, 96,
    96, 96, 98, 99, 100, 100, 100, 100,
    101, 102, 103, 104, 105, 101, 106, 106,
    106, 106, 106, 107, 108, 109, 109, 109,
    109, 110, 111, 112, 113, 114, 115, 115,
    115, 115, 116, 117, 118, 119, 120, 121,
    122, 123, 124, 125, 126, 127, 128, 129,
    128, 128, 130, 131, 132, 133, 134, 133,
    133, 135, 136, 137, 96, 115, 96, 115,
    96, 138, 99, 117, 99, 117, 99, 139,
    105, 140, 105, 141, 100, 142, 100, 118,
    100, 143, 100, 142, 144, 133, 144, 145,
    144, 146, 147, 148, 149, 150, 101, 151,
    101, 133, 152, 141, 153, 154, 155, 156,
    157, 141, 158, 140, 159, 160, 101, 161,
    101, 161, 101, 161, 101, 162, 106, 128,
    106, 163, 100, 116, 164, 165, 164, 166,
    164, 167, 168, 169, 168, 170, 171, 172,
    173, 174, 109, 133, 109, 133, 109, 133,
    109, 141, 109, 175, 176, 177, 178, 179,
    180, 181, 182, 181, 182, 181, 183, 184,
    185, 186, 187, 188, 189, 190, 191, 192,
    193, 0, 0, 0, 0, 0, 0, 0,
    0, 0, 0, 0, 0, 0, 0, 0,
    0, 0, 0, 0, 0, 0, 0, 0,
    0, 0, 0, 0, 0, 0, 0, 0,
    0, 0, 0, 0, 0, 0, 0, 0,
    0, 0, 0, 0, 0, 0, 0, 0,
    0, 0, 0, 0, 0, 0, 0, 0,
    0, 0, 0, 0, 0
};

/*Map glyph_ids to kern right classes*/
static const uint8_t kern_right_class_mapping[] =
{
    0, 0, 1, 2, 3, 4, 5, 6,
    7, 8, 9, 10, 11, 12, 13, 14,
    15, 16, 17, 18, 19, 20, 21, 22,
    23, 24, 25, 26, 26, 27, 28, 29,
    30, 31, 32, 33, 34, 0, 0, 0,
    35, 0, 0, 36, 0, 0, 0, 0,
    37, 0, 38, 39, 40, 41, 42, 43,
    44, 45, 46, 47, 0, 48, 49, 50,
    51, 0, 52, 0, 53, 54, 55, 56,
    57, 0, 58, 59, 0, 0, 60, 60,
    61, 60, 62, 63, 64, 65, 66, 67,
    68, 69, 70, 71, 0, 0, 72, 73,
    0, 74, 75, 76, 0, 77, 0, 78,
    79, 80, 81, 0, 82, 0, 0, 0,
    0, 83, 84, 85, 86, 87, 86, 88,
    86, 86, 87, 89, 39, 39, 39, 39,
    90, 39, 91, 92, 93, 39, 89, 89,
    89, 89, 89, 94, 95, 96, 42, 96,
    96, 97, 39, 98, 99, 100, 101, 102,
    103, 104, 105, 106, 107, 108, 109, 109,
    110, 111, 112, 113, 114, 98, 109, 115,
    109, 109, 116, 11, 117, 118, 119, 120,
    121, 122, 123, 124, 86, 125, 86, 126,
    86, 127, 89, 128, 89, 106, 89, 109,
    39, 129, 130, 129, 39, 109, 39, 131,
    39, 132, 39, 133, 89, 134, 89, 134,
    89, 134, 135, 136, 137, 138, 139, 140,
    39, 141, 39, 142, 39, 123, 39, 123,
    39, 123, 39, 123, 143, 144, 39, 145,
    39, 98, 39, 146, 39, 98, 89, 109,
    89, 109, 89, 106, 39, 98, 0, 98,
    39, 147, 148, 149, 148, 150, 148, 151,
    152, 153, 96, 154, 96, 155, 96, 156,
    96, 157, 96, 158, 159, 160, 161, 162,
    161, 163, 164, 163, 164, 163, 165, 166,
    167, 168, 169, 0, 170, 171, 172, 173,
    174, 0, 0, 0, 0, 0, 0, 0,
    0, 0, 0, 0, 0, 0, 0, 0,
    0, 0, 0, 0, 0, 0, 0, 0,
    0, 0, 0, 0, 0, 0, 0, 0,
    0, 0, 0, 0, 0, 0, 0, 0,
    0, 0, 0, 0, 0, 0, 0, 0,
    0, 0, 0, 0, 0, 0, 0, 0,
    0, 0, 0, 0, 0
};

/*Kern values between classes*/
static const int8_t kern_class_values[] =
{
    -9, -12, 0, 0, 0, 0, -12, 0,
    -13, -11, 0, -12, -19, -12, 0, -6,
    -6, -4, -7, -10, -8, -6, -7, -6,
    -4, -8, 0, 0, 0, -11, 0, -9,
    -6, -7, -7, -4, -7, -7, -6, -8,
    -8, -6, -10, -10, -10, -8, -8, 0,
    -12, 0, 0, -9, -7, -7, -7, -6,
    -7, -6, -7, 0, -7, -7, 0, -6,
    -6, -8, -7, -7, -10, -7, -9, 0,
    0, 0, 0, 0, 0, 0, 0, -17,
    0, 0, 0, -13, 0, -9, -9, -9,
    -7, -6, 0, 0, 0, 0, 0, -6,
    -8, 0, 0, -9, 0, 0, 0, 0,
    -9, -7, -7, -7, 0, -7, -7, 0,
    0, 0, -7, 0, 0, -8, -8, -8,
    -8, -7, -7, -7, 0, 0, -9, -7,
    -7, 0, -7, -7, 0, -7, 0, 0,
    -6, 0, 0, -7, 0, -6, 0, 0,
    0, 0, -7, -8, -6, -6, -6, -8,
    -6, -8, -8, -8, -8, -8, -10, -7,
    -8, -7, -8, -9, -9, -19, -19, -12,
    -12, -12, -10, 0, 0, 0, -12, -9,
    -15, -13, -6, 0, -9, -21, -12, -8,
    -24, -39, -41, -39, -35, -14, -4, -7,
    -10, -33, -14, -14, -3, -11, -7, -18,
    0, -15, 0, 0, -17, -35, -8, -15,
    -15, -38, -15, -15, -8, -13, -4, -6,
    -5, -7, -10, -5, -10, 0, -10, 0,
    -65, -24, -23, -23, -23, -8, -23, -8,
    -9, 0, -23, -23, 0, -21, -8, -15,
    -9, -10, -17, -9, -16, 0, -29, -19,
    0, 0, 0, 0, 0, -35, 0, 0,
    0, -24, -40, -35, -35, -35, -15, -8,
    0, 0, 0, 0, -15, -6, -5, -17,
    -18, -24, -18, -18, -18, -18, -24, -23,
    -23, -23, -20, -9, -9, 3, 0, 0,
    -23, -20, -23, -15, -15, -15, -15, -9,
    -9, -9, -18, -18, -24, -23, -23, -9,
    -23, -23, -20, -23, 0, 0, -8, 0,
    0, -9, -17, -8, -9, 0, -17, -17,
    -9, -13, -21, -21, -12, -4, -8, -15,
    -15, -15, -15, -15, -7, -10, -5, -9,
    -10, -16, -16, -34, -41, -10, -9, -10,
    0, 0, 0, -65, 0, 0, 0, 0,
    0, 0, 0, 0, -23, 0, 0, 0,
    0, 0, 0, 0, 0, 0, 0, -5,
    -6, 0, -13, 0, 0, 0, 0, 0,
    0, 0, 0, -18, 0, 0, 0, -19,
    0, 0, 0, 0, -14, 0, 0, 0,
    0, 0, 0, 0, 0, 0, 0, -8,
    0, 0, 0, 0, 0, 0, 0, 0,
    0, 0, 0, 0, 0, 0, 0, 0,
    0, 0, 0, 0, 0, 0, 0, 0,
    0, 0, 0, 0, 0, 0, 0, 0,
    0, 0, 0, 0, 0, 0, 0, 0,
    0, 0, 0, 0, 0, 0, 0, 0,
    0, 0, 0, 0, 0, 0, 0, 0,
    0, 0, 0, 0, 0, 0, 0, 0,
    0, 0, 0, 0, 0, 0, 0, 0,
    0, 0, 0, 0, 0, 0, 0, 0,
    0, 0, 0, 0, 0, 0, 0, 0,
    0, 0, 0, 0, 0, 0, 0, 0,
    0, 0, 0, 0, 0, 0, 0, 0,
    0, 0, 0, 0, 0, 0, 0, 0,
    0, 0, 0, 0, 0, 0, 0, 0,
    0, 0, -5, -10, 0, 0, 0, 0,
    -10, -5, -20, -6, -12, -9, -7, -9,
    -11, 2, -1, 1, 0, 0, -1, 2,
    -9, 4, 0, -5, 0, 0, 0, 0,
    0, 0, 0, 0, 0, 0, 0, 0,
    0, 0, 0, 0, 0, 0, 0, 0,
    0, 0, -14, 0, 0, 0, 0, 0,
    0, 0, 0, 0, 0, 0, 0, 0,
    0, 0, 0, 0, 0, 0, 0, 0,
    0, 0, 0, 0, 0, 0, 0, 0,
    0, -5, 0, 0, 0, -11, 0, 0,
    0, 0, 0, 0, 0, 0, 0, 0,
    0, 0, 0, 0, 0, 0, 0, 0,
    0, 0, 0, 0, 0, 0, 0, 0,
    0, 0, 0, 0, 0, 0, 0, 0,
    0, 0, 0, 0, 0, 0, 0, 0,
    0, 0, 0, 0, 0, 0, 0, 0,
    0, 0, 0, 0, 0, 0, 0, 0,
    0, 0, 0, 0, 0, 0, 0, 0,
    0, 0, 0, 0, 0, 0, 0, 0,
    0, 0, 0, 0, 0, 0, 0, 0,
    0, -8, -9, -8, 0, 0, 0, 0,
    -8, -15, 0, 0, 0, 0, -15, 0,
    -14, -19, 0, -8, -10, -8, -12, 0,
    0, 0, 0, 0, 0, 0, 0, 0,
    0, -6, 0, 0, 0, 0, 0, 0,
    0, 0, 0, 0, 0, 0, 0, 0,
    0, 0, 0, 0, 0, 0, 0, 0,
    -13, 0, 0, 0, 0, 0, 0, 0,
    0, 0, 0, 0, 0, 0, 0, 0,
    0, 0, 0, 0, 0, 0, 0, 0,
    0, 0, 0, 0, 0, 0, 0, -7,
    0, 0, 0, -10, 0, 0, 0, 0,
    0, 0, 0, 0, 0, 0, 0, 0,
    0, 0, 0, 0, 0, 0, 0, 0,
    0, 0, 0, 0, 0, 0, 0, 0,
    0, 0, 0, 0, 0, 0, 0, 0,
    0, 0, 0, 0, 0, 0, 0, 0,
    0, 0, 0, 0, 0, 0, 0, 0,
    0, 0, 0, 0, 0, 0, 0, 0,
    0, 0, 0, 0, 0, 0, 0, 0,
    0, 0, 0, 0, 0, 0, 0, 0,
    0, 0, 0, 0, 0, -10, -10, -22,
    -16, -22, 0, 0, 0, 0, 0, 0,
    0, 0, 0, 0, 0, 0, 0, 0,
    0, 0, 0, 0, 0, 0, -18, 0,
    0, 0, 0, 0, 0, 0, 0, 0,
    0, 0, 0, 0, 0, 0, -4, -7,
    -7, 0, -7, 0, 0, -13, -34, 0,
    -27, -25, 0, -36, 0, 0, 0, 0,
    0, -8, 0, 0, 0, 0, 0, 0,
    0, 0, 0, 0, 0, 0, -9, 0,
    0, 0, 0, 0, 0, 0, 0, 0,
    0, 0, 0, 0, 0, 0, 0, 0,
    0, 0, 0, 0, 0, 0, 0, 0,
    0, 0, 0, 0, 0, 0, 0, 0,
    0, 0, 0, 0, 0, 0, 0, 0,
    0, 0, 0, 0, 0, 0, 0, 0,
    0, 0, 0, 0, 0, 0, 0, 0,
    0, 0, 0, 0, 0, 0, 0, 0,
    0, 0, 0, 0, 0, 0, 0, 0,
    0, 0, 0, 0, 0, 0, 0, 0,
    0, 0, 0, 0, 0, 0, 0, 0,
    0, 0, 0, 0, 0, 0, 0, 0,
    0, 0, 0, 0, 0, 0, 0, 0,
    0, 0, 0, 0, -12, -9, 0, 0,
    -6, 0, -9, -21, -12, -8, -24, -37,
    -34, -37, -35, -14, -4, -7, -10, -33,
    -14, -14, -3, -11, -7, -18, 0, 0,
    0, 0, 0, -35, -8, -15, -15, -34,
    -15, -15, -8, -13, -4, -6, -5, -7,
    -10, -5, -10, 0, -10, 0, -37, -24,
    -23, -23, -23, -8, -23, -8, -9, 0,
    -23, -23, 0, -21, -8, -16, -9, -10,
    -17, -9, -16, 0, 0, 0, 0, 0,
    0, 0, 0, -35, 0, 0, 0, -24,
    0, -35, -35, -35, -15, -8, -3, 0,
    0, 0, -15, -6, -5, -17, -18, -24,
    -18, -18, -18, -18, -24, -23, -23, -23,
    -20, 1, -9, 3, 0, 0, -23, -20,
    0, -15, -15, -15, -15, -9, -9, -9,
    -18, -18, -24, -23, -23, 0, -23, -23,
    -20, -23, 0, 0, -8, 0, 0, -9,
    -17, -8, 0, 0, -17, -17, -9, -13,
    -21, -21, -12, -4, -8, -15, -15, -15,
    -15, -15, -7, -10, -5, -9, -10, -16,
    -16, -34, -34, -10, -9, -10, 0, 0,
    0, 0, -12, -12, -29, -23, -16, -26,
    -12, -32, -8, -18, -38, -23, -40, -23,
    -11, -26, -21, -16, -20, -31, -18, -26,
    -7, -20, -19, -22, -37, -31, -28, -22,
    -31, -18, -11, -28, -28, -16, -28, -28,
    -11, -23, -8, -11, -9, -11, -9, -6,
    -10, 0, -8, -29, 0, -26, -28, -27,
    -28, -24, -13, -11, 0, 0, -28, -27,
    0, -26, -26, -28, -26, -28, -20, -22,
    -20, 0, -41, 0, -28, -18, -18, -29,
    0, -37, -29, -17, 0, -29, 0, -18,
    -18, -18, -28, -11, -1, 0, -13, -31,
    -24, -11, -6, -22, -16, -26, -16, -16,
    -16, -16, -26, -28, -28, -28, -20, -11,
    -11, -5, 0, -22, -28, -20, -22, -28,
    -28, -28, -22, -22, -11, -22, -16, -16,
    -26, -28, -27, -13, -28, -28, -20, -13,
    -12, 0, -11, 0, 0, -4, -22, -11,
    -12, -14, -22, -22, -11, -23, -26, -26,
    -12, -8, -26, -28, -28, -28, -28, -28,
    -11, -28, -6, -22, -10, -20, -11, -40,
    -40, -21, -12, -21, -11, -12, -34, -22,
    -13, -21, 0, 0, 0, 0, -21, -11,
    -31, -17, -12, -20, -14, -20, -20, -4,
    -9, -10, -9, -8, -8, -4, -21, -6,
    -5, -10, 0, -11, 0, 0, 0, -16,
    -7, -5, -5, -13, -5, -5, -7, -9,
    -21, -7, -19, -19, -21, -24, -16, 0,
    -26, -20, 0, -8, -5, -5, -5, -6,
    -5, -8, -8, 0, -5, -5, 0, -6,
    -6, -7, -7, -7, -15, -7, -11, -24,
    0, 0, 0, 0, 0, 0, 0, -13,
    0, 0, 0, -15, 0, -16, -16, -16,
    -5, -7, 0, 0, 0, -13, 0, -7,
    -24, -8, -8, -8, -8, -8, -8, -8,
    -8, -5, -5, -5, -5, -8, -8, 0,
    0, 0, -5, -5, 0, -7, -7, -7,
    -7, -7, -8, -7, -8, -8, -8, -5,
    -5, 0, -5, -5, -5, -5, 0, 0,
    -7, 0, 0, -8, -8, -8, 0, 0,
    -8, -8, -8, -9, -6, -6, -6, -21,
    -6, -7, -7, -7, -7, -7, -19, -7,
    -24, -7, -16, -11, -11, -14, -14, -16,
    -17, -16, -16, 0, 0, 0, -11, -8,
    0, 0, 0, 0, -8, -18, -18, -6,
    0, -39, -37, -39, -34, -9, -1, -3,
    -6, -32, -12, -9, -3, -6, -3, -14,
    0, 0, 0, 0, 0, -33, -7, -10,
    -10, -37, -10, -10, -7, -9, -5, -5,
    -7, -8, -14, -8, -10, 0, -12, 0,
    0, -22, -22, -22, -22, -3, -21, -7,
    -7, 0, -22, -22, 0, -18, -3, -12,
    -2, -6, -13, -2, -11, 0, 0, 0,
    0, 0, 0, 0, 0, -34, 0, 0,
    0, -22, 0, -33, -33, -33, -10, -7,
    0, 0, 0, 0, 0, -5, -8, 0,
    0, -22, 0, 0, 0, 0, -22, -22,
    -22, -22, 0, -7, -7, 0, 0, 0,
    -22, 0, 0, -12, -12, -12, -12, -2,
    -7, -2, 0, 0, -22, -22, -22, 0,
    -22, -22, 0, -21, 0, 0, -7, 0,
    0, -7, 0, -7, 0, 0, 0, 0,
    -7, -9, -18, -18, -18, -5, -3, -12,
    -12, -12, -12, -12, -8, -6, -8, -2,
    -10, -11, -11, -38, -38, -6, -9, -6,
    0, 0, 0, 0, -15, -23, 0, 0,
    0, 0, -23, -12, -38, -22, -8, -39,
    -17, -39, -26, -5, -11, -22, -22, -14,
    -11, -5, -34, -11, -8, -9, 0, -13,
    0, 0, 0, -24, -9, -5, -5, -32,
    -5, -5, -9, -16, -34, -8, -23, -21,
    -37, -31, -31, 0, -35, 0, 0, -11,
    -6, -6, -6, -6, -6, -10, -10, 0,
    -6, -6, 0, -7, -6, -9, -7, -7,
    -18, -7, -15, 0, 0, 0, 0, 0,
    0, 0, 0, -16, 0, 0, 0, -12,
    0, -24, -24, -24, -5, -9, 0, 0,
    0, 0, 0, -8, -31, 0, -11, -11,
    -11, -11, -11, -11, -11, -6, -6, -6,
    -6, -10, -10, 0, 0, 0, -6, -6,
    0, -9, -9, -9, -9, -7, -10, -7,
    -11, -11, -11, -6, -6, 0, -6, -6,
    -6, -6, 0, 0, -9, 0, 0, -10,
    0, -10, 0, 0, 0, 0, -10, -16,
    -7, -7, -7, -34, -6, -9, -9, -9,
    -9, -9, -21, -7, -31, -7, -31, -15,
    -15, 0, 0, -18, -19, -18, 0, 0,
    0, 0, -12, -39, 0, 0, 0, 0,
    -39, -20, -23, -39, 0, -11, -24, -11,
    -12, -15, -31, -5, -11, -13, -11, -15,
    -27, -10, -13, -9, 0, 0, 0, 0,
    0, -8, -10, -18, -18, -2, -18, -18,
    -10, -12, -39, -17, -39, -35, -10, -39,
    -9, 0, -17, 0, 0, -9, -11, -11,
    -11, -17, -11, 0, -11, 0, -11, -11,
    0, -7, -22, -13, -26, -23, -10, -26,
    -9, 0, 0, 0, 0, 0, 0, 0,
    0, -20, 0, 0, 0, -15, 0, -8,
    -8, -8, -18, -10, 0, 0, 0, 0,
    0, -17, -39, 0, 0, -9, 0, 0,
    0, 0, -9, -11, -11, -11, 0, -11,
    -11, 0, 0, 0, -11, 0, 0, -13,
    -13, -13, -13, -26, -11, -26, 0, 0,
    -9, -11, -11, 0, -11, -11, 0, -11,
    0, 0, -10, 0, 0, -11, 0, 0,
    0, 0, 0, 0, -11, -12, -7, -7,
    -7, -39, -22, -13, -13, -13, -13, -13,
    -35, -23, -39, -26, -9, -9, -9, -24,
    -24, -39, -39, -39, -39, 0, 0, 0,
    -19, -41, 0, -12, 0, 0, -34, -14,
    -40, -37, -17, -24, -13, -24, -24, -7,
    -31, -23, -12, -8, -13, -7, -34, -8,
    -14, -18, 0, 0, 0, -42, 0, -21,
    -12, -8, -8, -27, -8, -8, -12, -12,
    -45, -11, -30, -27, -29, -45, -22, 0,
    -39, 0, 0, -14, -5, -6, -5, -15,
    -6, -12, -13, 0, -5, -6, 0, -12,
    -16, -12, -16, -14, -29, -16, -21, -31,
    0, 0, 0, 0, 0, 0, 0, -12,
    0, 0, 0, -22, 0, -21, -21, -21,
    -8, -12, -12, -12, 0, 0, -8, -11,
    -45, -13, -14, -14, -14, -14, -14, -14,
    -14, -5, -5, -5, -5, -13, -13, -13,
    -13, 0, -5, -5, -5, -12, -12, -12,
    -12, -16, -13, -16, -14, -14, -14, -5,
    -6, -6, -5, -5, -5, -6, -14, -13,
    -12, 0, -12, -13, -13, -12, -3, 0,
    -13, -13, -13, -12, -12, -12, -12, -45,
    -16, -12, -12, -12, -12, -12, -27, -14,
    -45, -16, -22, -21, -21, 0, 0, -32,
    -33, -32, -40, -31, 0, 0, -12, -39,
    0, 0, 0, 0, -39, -20, -23, -39,
    0, -11, -24, -11, -12, -15, -31, -5,
    -11, -13, -11, -15, -27, -10, -13, -9,
    0, 0, 0, -36, 0, -8, -10, -18,
    -18, -2, -18, -18, -10, -12, -39, -17,
    -39, -35, -10, -39, -9, 0, -17, 0,
    0, -9, -11, -11, -11, -17, -11, 0,
    -11, 0, -11, -11, 0, -7, -22, -13,
    -26, -23, -10, -26, -9, 0, 0, 0,
    0, 0, 0, 0, -39, -20, 0, 0,
    -39, -15, 0, -8, -8, -8, -18, -10,
    0, 0, 0, 0, 0, -17, -39, 0,
    0, -9, 0, 0, 0, 0, -9, -11,
    -11, -11, 0, -11, -11, 0, 0, 0,
    -11, 0, 0, -13, -13, -13, -13, -26,
    -11, -26, 0, 0, -9, -11, -11, 0,
    -11, -11, 0, -11, 0, 0, -10, 0,
    0, -11, 0, 0, 0, 0, 0, 0,
    -11, -12, -7, -7, -7, -39, -22, -13,
    -13, -13, -13, -13, -35, -23, -39, -26,
    -9, -9, -9, -24, -24, -39, -39, -39,
    -39, 0, 0, 0, -11, -9, 0, -15,
    -10, 0, -9, -22, -8, -11, -24, -39,
    -30, -39, -40, -14, -8, -12, -13, -26,
    -13, -14, -3, -13, -10, -20, 0, 0,
    0, 0, 0, -36, -8, -15, -15, -30,
    -15, -15, -8, -15, -4, -6, -5, -6,
    -9, -3, -9, 0, -6, 0, 0, -24,
    -21, -21, -21, -12, -21, -8, -9, 0,
    -21, -21, 0, -21, -12, -19, -12, -14,
    -20, -12, -20, 0, 0, 0, 0, 0,
    0, 0, 0, -31, 0, 0, 0, -24,
    0, -36, -36, -36, -15, -8, 0, 0,
    0, 0, -15, -6, -3, -18, -16, -24,
    -16, -16, -16, -16, -24, -21, -21, -21,
    -16, -9, -9, 0, 0, 0, -21, -16,
    -21, -19, -19, -19, -19, -12, -9, -12,
    -16, -16, -24, -21, -21, 0, -21, -21,
    -16, -21, 0, 0, -8, 0, 0, -9,
    -18, -8, 0, 0, -18, -18, -9, -15,
    -21, -21, -21, -4, -12, -19, -19, -19,
    -19, -19, -6, -14, -3, -12, -9, -20,
    -20, -31, -31, -13, -9, -13, 0, 0,
    0, 0, -6, -14, 0, 0, -4, 0,
    -14, -4, -25, -8, -5, -16, -8, -16,
    -16, 3, -1, -2, -2, -2, -1, 4,
    -13, 1, 1, -5, 0, 0, 0, 0,
    0, -12, 0, 3, 3, -10, 3, 3,
    0, -1, -12, 0, -12, -11, -18, -15,
    -11, 0, -19, -13, -32, -3, 0, 0,
    0, 0, 0, -1, -1, 0, 0, 0,
    0, 0, 0, -1, -1, -1, -9, -1,
    -5, -18, -6, 0, 0, 0, 0, 0,
    0, -7, 0, -10, -7, -8, 0, -12,
    -12, -12, 3, 0, 0, 0, 0, -6,
    0, 0, -15, -2, -3, -3, -3, -3,
    -3, -3, -3, 0, 0, 0, 0, -1,
    -1, 3, 0, 0, 0, 0, 0, -1,
    -1, -1, -1, -1, -1, -1, -3, -3,
    -3, 0, 0, 0, 0, 0, 0, 0,
    0, 0, 0, 0, 0, -1, -2, -1,
    0, 0, -2, -2, -1, -1, 0, 0,
    0, -12, 0, -1, -1, -1, -1, -1,
    -11, -1, -15, -1, -11, -5, -5, -8,
    -8, -7, -10, -7, 0, 0, 0, 0,
    -6, -8, 0, 0, -1, 0, -8, -7,
    -11, -7, -9, -10, -12, -10, -10, 0,
    -1, 0, 0, -2, -2, 0, -1, -1,
    1, -4, 0, 0, 0, 0, 0, -4,
    -3, 0, 0, 0, 0, 0, 0, 0,
    0, 0, 0, 0, 0, 0, 0, 0,
    -9, 0, 0, -3, 0, 0, 0, 0,
    0, 0, 0, 0, 0, 0, 0, -1,
    0, 0, 0, 0, -6, 0, 0, -9,
    0, 0, 0, 0, 0, 0, -5, -10,
    0, -7, -5, -10, 0, 0, 0, 0,
    0, 0, 0, 0, 0, -8, 0, 0,
    0, 0, 0, 0, 0, 0, 0, 0,
    0, 0, 0, 0, 0, 0, 0, 0,
    0, 0, 0, 0, 0, 0, 0, 0,
    0, 0, 0, 0, 0, 0, 0, 0,
    0, 0, 0, 0, 0, 0, 0, 0,
    0, 0, 0, 0, 0, 0, 0, 0,
    0, 0, 0, 0, 0, 0, 0, 0,
    0, 0, 0, 0, 0, 0, 0, 0,
    0, 0, 0, 0, 0, -12, -12, -8,
    -8, -8, 0, 0, 0, 0, -1, -7,
    0, 0, 2, 0, -7, -6, -14, -3,
    -9, -4, -18, -4, -3, 1, 2, 3,
    0, -3, 0, 1, -2, 1, 5, -1,
    0, 0, 0, 0, 0, 0, 0, 0,
    0, 0, 0, 0, 0, 0, 0, 0,
    0, 0, 0, 0, 0, 0, -7, 0,
    0, 0, 0, 0, 0, 0, 0, 0,
    0, 0, 0, 0, 0, 0, 0, 0,
    0, 0, 0, 0, 0, 0, 0, 0,
    0, 0, 0, 0, 0, -17, 0, 0,
    0, -6, 0, 0, 0, 0, 0, 0,
    0, 0, 0, 0, 0, 0, 0, 0,
    0, 0, 0, 0, 0, 0, 0, 0,
    0, 0, 0, 0, 0, 0, 0, 0,
    0, 0, 0, 0, 0, 0, 0, 0,
    0, 0, 0, 0, 0, 0, 0, 0,
    0, 0, 0, 0, 0, 0, 0, 0,
    0, 0, 0, 0, 0, 0, 0, 0,
    0, 0, 0, 0, 0, 0, 0, 0,
    0, 0, 0, 0, 0, 0, 0, 0,
    0, 0, 0, -19, -19, -4, -6, -4,
    0, 0, 0, 0, -4, -10, 0, 0,
    -3, 0, -10, -5, -19, -5, -10, -10,
    -7, -10, -12, 2, 0, 1, 2, 0,
    0, 2, -4, 5, 3, -5, 0, 0,
    0, 0, 0, -6, 0, 1, 0, 0,
    0, 0, 0, 0, 0, 0, 0, 0,
    -8, 0, 0, 0, -13, 0, 0, 0,
    0, 0, 0, 0, 0, 0, 0, 0,
    0, 0, 0, 0, 0, 0, 0, 0,
    -7, 0, 0, -12, 0, 0, 0, 0,
    0, 0, -4, -5, 0, -5, -4, -11,
    0, 0, 0, 0, 0, 0, 0, 0,
    0, -4, 0, 0, 0, 0, 0, 0,
    0, 0, 0, 0, 0, 0, 0, 0,
    0, 0, 0, 0, 0, 0, 0, 0,
    0, 0, 0, 0, 0, 0, 0, 0,
    0, 0, 0, 0, 0, 0, 0, 0,
    0, 0, 0, 0, 0, 0, 0, 0,
    0, 0, 0, 0, 0, 0, 0, 0,
    0, 0, 0, 0, 0, 0, 0, 0,
    0, 0, 0, 0, 0, 0, 0, 0,
    0, -8, -8, -7, -8, -7, 0, 0,
    0, 0, -8, -16, 0, 0, -9, 0,
    -16, -7, -18, -15, -14, -9, -9, -9,
    -12, 0, -7, -1, 0, 1, 0, 0,
    -9, 1, 0, -7, 0, 0, 0, 0,
    0, -6, 0, 0, 0, 0, 0, 0,
    0, 0, -10, 0, -10, -10, -9, -10,
    0, 0, -16, 0, 0, 0, 0, 0,
    0, 0, 0, 0, 0, 0, 0, 0,
    0, 0, -5, 0, 0, 0, -12, -6,
    0, -14, 0, 0, 0, 0, 0, 0,
    -12, -4, 0, -15, -13, -12, 0, 0,
    0, 0, 0, 0, 0, 0, 0, -5,
    0, 0, 0, 0, 0, 0, 0, 0,
    0, 0, 0, 0, 0, 0, 0, 0,
    0, 0, 0, 0, 0, 0, 0, 0,
    0, 0, 0, 0, 0, 0, 0, 0,
    0, 0, 0, 0, 0, 0, 0, 0,
    0, 0, 0, 0, 0, 0, 0, 0,
    0, 0, 0, 0, 0, 0, 0, 0,
    0, 0, 0, 0, 0, 0, 0, 0,
    0, 0, 0, 0, 0, 0, 0, -9,
    -9, -15, -15, -15, 0, 0, 0, 0,
    -7, -12, 0, 0, -9, 0, -12, -6,
    -14, -13, -8, -11, -7, -11, -12, 0,
    -8, -3, 0, 0, 0, 0, -3, 0,
    -1, -6, 0, 0, 0, 0, 0, -7,
    0, 0, 0, 0, 0, 0, 0, 0,
    0, 0, 0, 0, 0, 0, 0, 0,
    -12, -24, 0, 0, 0, 0, 0, 0,
    0, 0, 0, 0, 0, 0, 0, 0,
    -6, 0, -7, 0, -13, 0, 0, -11,
    0, 0, 0, 0, 0, 0, -13, -5,
    0, -13, -12, -12, 0, 0, 0, 0,
    0, 0, 0, 0, 0, -7, 0, 0,
    0, 0, 0, 0, 0, 0, 0, 0,
    0, 0, 0, 0, 0, 0, 0, 0,
    0, 0, 0, 0, 0, 0, 0, 0,
    0, 0, 0, 0, 0, 0, 0, 0,
    0, 0, 0, 0, 0, 0, 0, 0,
    0, 0, 0, 0, 0, 0, 0, 0,
    0, 0, 0, 0, 0, 0, 0, 0,
    0, 0, 0, 0, 0, 0, 0, 0,
    0, 0, 0, 0, 0, -7, -7, -14,
    -12, -14, 0, 0, 0, 0, -5, -10,
    0, 0, -4, 0, -10, -5, -20, -7,
    -9, -10, -6, -10, -12, 2, 0, 1,
    2, 0, 0, 3, -5, 5, 2, -6,
    0, 0, 0, 0, 0, -6, 0, 0,
    0, 0, 0, 0, 0, 0, -5, 0,
    0, 0, 0, 0, 0, 0, -14, 0,
    0, 0, 0, 0, 0, 0, 0, 0,
    0, 0, 0, 0, 0, 0, 0, 0,
    0, 0, -7, 0, 0, 0, 0, 0,
    0, 0, 0, 0, 0, -5, 0, -6,
    -5, -11, 0, 0, 0, 0, 0, 0,
    0, 0, 0, 0, 0, 0, 0, 0,
    0, 0, 0, 0, 0, 0, 0, 0,
    0, 0, 0, 0, 0, 0, 0, 0,
    0, 0, 0, 0, 0, 0, 0, 0,
    0, 0, 0, 0, 0, 0, 0, 0,
    0, 0, 0, 0, 0, 0, 0, 0,
    0, 0, 0, 0, 0, 0, 0, 0,
    0, 0, 0, 0, 0, 0, 0, 0,
    0, 0, 0, 0, 0, 0, 0, 0,
    0, 0, 0, -7, -7, -8, -10, -8,
    0, 0, 0, 0, -6, -3, 0, 0,
    -2, 0, -3, -17, -6, -2, -23, -39,
    -32, -39, -33, -7, 0, -1, -3, -26,
    -7, -7, 2, -4, -2, -18, 0, 0,
    0, 0, 0, -32, -1, -8, -8, -27,
    -8, -8, -1, -6, 1, 0, 0, 0,
    -1, 1, -1, 0, -3, 0, -38, -24,
    -21, -21, -21, -8, -21, -2, -3, 0,
    -21, -21, 0, -20, -8, -16, -10, -11,
    -17, -10, -16, 0, -28, 0, 0, 0,
    0, 0, 0, -31, 0, -2, 0, -23,
    0, -32, -32, -32, -8, -1, 0, 0,
    0, -13, 0, 0, 1, -17, -20, -24,
    -20, -20, -20, -20, -24, -21, -21, -21,
    -14, -3, -3, 0, 0, 0, -21, -14,
    0, -16, -16, -16, -16, -10, -3, -10,
    -20, -20, -24, -21, -21, 0, -21, -21,
    -14, -21, 0, 0, -1, 0, 0, -3,
    -17, -2, 0, 0, -17, -17, -3, -6,
    -20, -20, -20, 1, -8, -16, -16, -16,
    -16, -16, 0, -11, 1, -10, -1, -16,
    -16, -32, -32, -4, -3, -4, 0, 0,
    0, 0, -5, -11, 0, 0, -3, 0,
    -11, -6, -20, -6, -11, -10, -8, -10,
    -12, 1, 0, 0, 1, 0, 0, 1,
    -6, 4, 2, -6, 0, 0, 0, 0,
    0, -7, 0, 0, 0, 0, 0, 0,
    0, 0, -7, 0, 0, 0, 0, 0,
    0, 0, -14, 0, 0, 0, 0, 0,
    0, 0, 0, 0, 0, 0, 0, 0,
    0, 0, -2, 0, 0, 0, -8, 0,
    0, 0, 0, 0, 0, 0, 0, 0,
    0, -6, 0, -7, -5, -12, 0, 0,
    0, 0, 0, 0, 0, 0, 0, 0,
    0, 0, 0, 0, 0, 0, 0, 0,
    0, 0, 0, 0, 0, 0, 0, 0,
    0, 0, 0, 0, 0, 0, 0, 0,
    0, 0, 0, 0, 0, 0, 0, 0,
    0, 0, 0, 0, 0, 0, 0, 0,
    0, 0, 0, 0, 0, 0, 0, 0,
    0, 0, 0, 0, 0, 0, 0, 0,
    0, 0, 0, 0, 0, 0, 0, 0,
    0, 0, 0, 0, 0, 0, 0, -9,
    -9, -8, -9, -8, 0, 0, 0, 0,
    -6, -14, 0, 0, -4, 0, -14, -4,
    -25, -8, -5, -16, -8, -16, -16, 3,
    -1, -2, -1, -2, -1, 3, -11, 1,
    2, -5, 0, 0, 0, 0, 0, -12,
    0, 3, 3, -10, 3, 3, 0, -1,
    -12, 0, -12, -11, -18, -15, -11, 0,
    -19, 0, -31, -3, 0, 0, 0, 0,
    0, -1, -1, 0, 0, 0, 0, 0,
    0, -1, -1, -1, -9, -1, -5, -17,
    0, 0, 0, 0, 0, 0, 0, -7,
    0, -9, -6, -8, 0, -12, -12, -12,
    3, 0, 0, 0, 0, -6, 0, 0,
    -15, -2, -3, -3, -3, -3, -3, -3,
    -3, 0, 0, 0, 0, -1, -1, 0,
    0, 0, 0, 0, 0, -1, -1, -1,
    -1, -1, -1, -1, -3, -3, -3, 0,
    0, 0, 0, 0, 0, 0, 0, 0,
    0, 0, 0, -1, -2, -1, 0, 0,
    -2, -2, -1, -1, 0, 0, 0, -12,
    0, -1, -1, -1, -1, -1, -11, -1,
    -15, -1, -11, -5, -5, -8, -8, -7,
    -10, -7, 0, 0, 0, 0, 0, -18,
    0, 0, 0, 0, 0, -11, -22, 0,
    0, 0, 0, 0, 0, -5, -7, 0,
    -7, -10, -7, 0, -25, 0, 0, 0,
    0, 0, 0, 0, 0, 0, 0, 0,
    0, 0, 0, 0, 0, 0, -35, 0,
    -20, 0, 0, -26, 0, 0, 0, 0,
    0, 0, 0, 0, 0, 0, 0, 0,
    0, 0, 0, 0, 0, 0, 0, 0,
    0, 0, 0, 0, 0, 0, 0, 0,
    0, 0, 0, 0, 0, 0, 0, 0,
    0, 0, 0, 0, 0, 0, 0, 0,
    0, 0, 0, 0, 0, 0, 0, 0,
    0, 0, 0, 0, 0, 0, 0, 0,
    0, 0, 0, 0, 0, 0, 0, 0,
    0, 0, 0, 0, 0, 0, 0, 0,
    0, 0, 0, 0, 0, 0, 0, 0,
    0, 0, 0, 0, 0, 0, 0, 0,
    0, 0, 0, 0, 0, 0, 0, 0,
    0, 0, 0, 0, 0, 0, 0, 0,
    0, 0, 0, 0, 0, 0, 0, 0,
    0, 0, 0, 0, 0, 0, 0, 0,
    0, 0, 0, 0, 0, 0, 0, 0,
    0, 0, 0, 0, -15, 0, 0, 0,
    0, 0, 0, 0, 0, 0, 0, 0,
    0, 0, 0, 0, 0, 0, 0, 0,
    0, 0, 0, 0, 0, 0, 0, 0,
    0, 0, 0, 0, 0, 0, 0, 0,
    0, 0, 0, 0, 0, 0, 0, 0,
    0, 0, 0, 0, 0, 0, 0, 0,
    0, 0, 0, 0, 0, 0, 0, 0,
    0, 0, 0, 0, 0, 0, 0, 0,
    0, 0, 0, 0, 0, 0, 0, 0,
    0, 0, 0, 0, 0, 0, 0, 0,
    0, 0, 0, 0, 0, 0, 0, 0,
    0, 0, 0, 0, 0, 0, 0, 0,
    0, 0, 0, 0, 0, 0, 0, 0,
    0, 0, 0, 0, 0, 0, 0, 0,
    0, 0, 0, 0, 0, 0, 0, 0,
    0, 0, 0, 0, 0, 0, 0, 0,
    0, 0, 0, 0, 0, 0, 0, 0,
    0, 0, 0, 0, 0, 0, 0, 0,
    0, 0, 0, 0, 0, 0, 0, 0,
    0, 0, 0, 0, 0, 0, 0, 0,
    0, 0, 0, 0, 0, 0, 0, 0,
    0, 0, -28, 0, 0, 0, 0, 0,
    0, 0, 0, 0, 0, 0, 0, 0,
    0, 0, 0, 0, -15, 0, 0, 0,
    0, 0, 0, 0, 0, -14, 0, 0,
    0, 0, -14, 0, 0, 0, -22, -17,
    -13, 0, 0, 0, 0, 0, 0, 0,
    0, 0, 0, 0, 0, 0, 0, 0,
    0, 0, 0, 0, 0, 0, 0, 0,
    0, 0, 0, 0, 0, 0, 0, 0,
    0, 0, 0, 0, 0, 0, 0, 0,
    0, 0, 0, 0, 0, 0, 0, 0,
    0, 0, 0, 0, 0, 0, 0, 0,
    0, 0, 0, 0, 0, 0, 0, 0,
    0, 0, 0, 0, 0, 0, 0, 0,
    0, 0, 0, 0, 0, 0, 0, 0,
    0, 0, 0, 0, 0, 0, 0, 0,
    0, 0, 0, 0, 0, 0, 0, 0,
    0, 0, 0, 0, 0, 0, 0, 0,
    0, 0, 0, 0, 0, 0, 0, 0,
    0, 0, 0, 0, 0, 0, 0, 0,
    0, 0, 0, 0, 0, 0, 0, 0,
    0, -15, 0, 0, 0, 0, -15, -11,
    -31, 0, 0, 0, 0, 0, 0, 0,
    -5, 0, -8, -6, -8, 0, -22, 0,
    0, 0, 0, -5, 0, 0, 0, -19,
    -7, 0, 0, -28, 0, 0, 0, -7,
    -25, 0, -18, -16, -27, -23, -21, 0,
    -31, 0, 0, -11, 0, 0, 0, 0,
    0, 0, 0, 0, 0, 0, 0, -8,
    0, 0, 0, 0, -11, 0, 0, 0,
    0, 0, 0, 0, 0, 0, 0, 0,
    0, 0, 0, 0, 0, 0, 0, 0,
    0, 0, 0, 0, 0, 0, 0, 0,
    0, 0, 0, 0, 0, 0, 0, 0,
    0, 0, 0, 0, 0, 0, 0, 0,
    0, 0, 0, 0, 0, 0, 0, 0,
    0, 0, 0, 0, 0, 0, 0, 0,
    0, 0, 0, 0, 0, 0, 0, 0,
    0, 0, 0, 0, 0, 0, 0, 0,
    0, 0, 0, 0, 0, 0, 0, 0,
    0, 0, 0, 0, 0, 0, 0, 0,
    0, 0, 0, 0, 0, 0, 0, 0,
    0, 0, 0, 0, 0, 0, 0, 0,
    0, 0, 0, 0, 0, 0, -37, 0,
    0, 0, 0, 0, 0, 0, 0, 0,
    0, 0, 0, 0, -37, 0, 0, 0,
    0, 0, -14, 0, 0, -24, 0, 0,
    0, -38, 0, 0, 0, -16, -40, 0,
    -23, -21, -35, -31, -30, 0, 0, 0,
    0, 0, 0, 0, 0, 0, 0, 0,
    0, 0, 0, 0, 0, 0, 0, 0,
    0, 0, -16, 0, 0, 0, 0, 0,
    0, 0, 0, 0, 0, 0, 0, 0,
    0, 0, 0, 0, 0, 0, 0, 0,
    0, 0, 0, 0, 0, 0, 0, 0,
    0, 0, 0, 0, 0, 0, 0, 0,
    0, 0, 0, 0, 0, 0, 0, 0,
    0, 0, 0, 0, 0, 0, 0, 0,
    0, 0, 0, 0, 0, 0, 0, 0,
    0, 0, 0, 0, 0, 0, 0, 0,
    0, 0, 0, 0, 0, 0, 0, 0,
    0, 0, 0, 0, 0, 0, 0, 0,
    0, 0, 0, 0, 0, 0, 0, 0,
    0, 0, 0, 0, 0, 0, 0, 0,
    0, 0, 0, 0, -7, -5, 0, 0,
    0, 0, -5, -13, -18, -2, 0, -32,
    -27, -32, -28, 0, 0, 0, 0, 0,
    0, 0, 0, 0, 0, -8, 0, 0,
    0, 0, 0, -26, -3, -4, -4, -24,
    -4, -4, -3, -5, -3, -2, -6, -6,
    -12, -6, -9, 0, -11, 0, 0, -14,
    -15, -14, -15, -1, -14, -3, -5, 0,
    -15, -14, 0, -11, -1, -7, 0, 0,
    -8, 0, -7, 0, 0, 0, 0, 0,
    0, 0, 0, -29, 0, 0, 0, -16,
    0, -26, -26, -26, -4, -3, 0, 0,
    0, 0, 0, -2, -6, 0, 0, -14,
    0, 0, 0, 0, -14, -15, -15, -15,
    0, -5, -5, 0, 0, 0, -15, 0,
    0, -7, -7, -7, -7, 0, -5, 0,
    0, 0, -14, -15, -14, 0, -15, -15,
    0, -14, 0, 0, -3, 0, 0, -5,
    0, -3, 0, 0, 0, 0, -5, -5,
    -11, -11, -11, -3, -1, -7, -7, -7,
    -7, -7, -6, 0, -6, 0, -9, -7,
    -7, -28, -28, -3, -5, -3, 0, 0,
    0, 0, 0, 0, 0, 0, 0, 0,
    0, 0, -25, 0, 0, 0, 0, 0,
    0, 0, 0, 0, 0, 0, 0, 0,
    0, 0, 0, 0, 0, 0, 0, 0,
    0, -20, 0, 0, 0, -24, 0, 0,
    0, 0, -14, 0, 0, 0, -20, 0,
    -16, 0, 0, 0, 0, -7, 0, -4,
    0, 0, -4, 0, 0, 0, 0, 0,
    0, -4, 0, 0, 0, 0, 0, 0,
    0, 0, 0, 0, 0, 0, 0, 0,
    0, 0, 0, 0, 0, 0, 0, 0,
    0, 0, 0, 0, 0, 0, 0, 0,
    0, 0, 0, 0, 0, 0, 0, 0,
    0, 0, 0, 0, 0, 0, 0, 0,
    0, 0, 0, 0, 0, 0, 0, 0,
    0, 0, 0, 0, 0, 0, 0, 0,
    0, 0, 0, 0, 0, 0, 0, 0,
    0, 0, 0, 0, 0, 0, 0, 0,
    0, 0, 0, 0, 0, 0, 0, 0,
    0, 0, 0, 0, 0, 0, 0, 0,
    0, 0, 0, 0, 0, 0, 0, 0,
    0, 0, 0, 0, 0, 0, 0, 0,
    -9, -35, 0, -11, 0, -8, -35, -16,
    -18, -33, -24, -8, -21, -8, -7, -10,
    -22, 0, -8, -7, -8, -10, -21, -7,
    -9, -5, -24, -19, 0, -31, 0, 0,
    -4, -13, -13, 0, -13, -13, -4, -10,
    -34, -13, -34, -31, -1, -36, -2, -35,
    -10, -34, -14, -7, -9, -8, -9, -12,
    -6, -7, -7, 0, -9, -8, 0, -5,
    -17, -10, -21, -19, -1, -21, -3, 0,
    -23, 0, 0, 0, 0, 0, 0, -18,
    0, 0, 0, -13, 0, 0, 0, 0,
    -13, -4, -4, -4, 0, -19, 0, -13,
    -36, -7, -7, -7, -7, -7, -7, -7,
    -7, -9, -9, -9, -8, -7, -7, -7,
    -7, -10, -9, -8, 0, -10, -10, -10,
    -10, -21, -7, -21, -7, -7, -7, -9,
    -8, 0, -9, -9, -8, -6, 0, -7,
    -4, 0, 0, -7, -7, -7, 0, -7,
    -7, -7, -7, -10, -5, -5, -5, -34,
    -17, -10, -10, -10, -10, -10, -31, -19,
    -36, -21, -2, -3, -3, -21, -21, -32,
    -33, -32, -32, 0, 0, 0, -5, -10,
    0, 0, 0, 0, -10, -5, -20, -7,
    -12, -10, -9, -10, -12, 1, 0, 0,
    0, 0, 0, 1, -5, 4, 2, -5,
    0, 0, 0, -6, 0, -6, 0, 1,
    1, 0, 1, 1, 0, 1, -6, 0,
    -8, -9, -8, -12, -4, 0, -14, 0,
    -26, -2, 0, 0, 0, -2, 0, -1,
    -1, 0, 0, 0, 0, -1, -3, -1,
    -1, -3, -8, -1, -5, -13, 0, 0,
    0, 0, 0, 0, 0, -6, 0, 0,
    0, -11, 0, -6, -6, -6, 1, 0,
    0, 0, 0, 0, 0, 0, -12, -1,
    -2, -2, -2, -2, -2, -2, -2, 0,
    0, 0, 0, -1, -1, 5, 3, 0,
    0, 0, 0, -1, -1, -1, -1, -1,
    -1, -1, -2, -2, -2, 0, 0, 0,
    0, 0, 0, 0, 0, 3, 0, 3,
    0, -1, -1, -1, 0, 0, -1, -1,
    -1, 1, -1, -1, -1, -6, -3, -1,
    -1, -1, -1, -1, -9, -3, -12, -1,
    -4, -5, -5, -10, -10, -8, -10, -8,
    -9, 0, 0, 0, -7, -12, 0, 0,
    0, 0, -12, -7, -25, -7, -12, -15,
    -12, -15, -16, 1, -1, 0, 0, 0,
    0, 1, -11, 0, 0, -6, 0, -4,
    0, -7, 0, -11, 0, -1, -1, -7,
    -1, -1, 0, 0, -12, -1, -11, -10,
    -15, -16, -10, 0, -18, 0, -31, -5,
    -1, -1, -1, 0, -1, -2, -3, 0,
    -1, -1, 0, -5, 0, -4, 0, -1,
    -8, 0, -6, -17, 0, 0, 0, 0,
    0, 0, 0, -7, 0, 0, 0, -10,
    0, -11, -11, -11, -1, 0, 0, 0,
    0, 0, 0, -1, -16, -5, -5, -5,
    -5, -5, -5, -5, -5, -1, -1, -1,
    -1, -3, -3, 3, 0, 0, -1, -1,
    0, -4, -4, -4, -4, 0, -3, 0,
    -5, -5, -5, -1, -1, 0, -1, -1,
    -1, -1, 0, 0, 0, 0, 0, -3,
    -5, -2, 0, 0, -5, -5, -3, 0,
    -5, -5, -5, -12, 0, -4, -4, -4,
    -4, -4, -10, -1, -16, 0, -10, -6,
    -6, -12, -12, -6, -8, -6, -7, 0,
    0, 0, -6, -15, 0, 0, 0, -3,
    -15, -5, -29, -10, -5, -18, -8, -18,
    -17, 3, -1, 0, -3, 0, 0, 3,
    -16, 0, 0, -5, 0, 0, 0, -12,
    0, -14, 0, 1, 1, -14, 1, 1,
    0, -1, -17, 0, -13, -12, -20, -18,
    -14, 0, -23, 0, -37, -3, -1, -1,
    -1, 0, -1, -1, -2, 0, -1, -1,
    0, -1, 0, -1, -1, -2, -10, -1,
    -6, -20, 0, 0, 0, 0, 0, 0,
    0, -8, 0, 0, 0, -8, 0, -14,
    -14, -14, 1, 0, 0, 0, 0, 0,
    0, 0, -18, -2, -3, -3, -3, -3,
    -3, -3, -3, -1, -1, -1, -1, -2,
    -2, 2, 0, 0, -1, -1, 0, -1,
    -1, -1, -1, -1, -2, -1, -3, -3,
    -3, -1, -1, 0, -1, -1, -1, -1,
    0, 0, 0, 0, 0, -2, -2, -1,
    0, 0, -2, -2, -2, -1, -1, -1,
    -1, -17, 0, -1, -1, -1, -1, -1,
    -12, -2, -18, -1, -14, -6, -6, -8,
    -8, -9, -10, -9, -9, 0, 0, 0,
    -8, -10, 0, 0, 0, -8, -10, -15,
    -11, -10, -14, -9, -20, -9, -9, -8,
    -5, 0, -7, -8, -7, -8, 0, -7,
    -6, -7, 0, -16, 0, -12, -11, -3,
    -4, -9, -9, 1, -9, -9, -4, -10,
    -2, -5, -5, -6, -3, -3, -3, 0,
    -9, -22, -16, -7, -9, -9, -9, -10,
    -9, -3, -3, 0, -9, -9, 0, -6,
    -10, -11, -12, -12, -6, -12, -6, 0,
    -17, 0, 0, 0, 0, 0, 0, -20,
    0, 0, 0, -12, 0, -3, -3, -3,
    -9, -4, 0, -4, 0, -20, -6, -5,
    -3, -9, -7, -7, -7, -7, -7, -7,
    -7, -9, -9, -9, -8, -3, -3, 0,
    4, -10, -9, -8, 0, -11, -11, -11,
    -11, -12, -3, -12, -7, -7, -7, -9,
    -9, 0, -9, -9, -8, -9, 0, 0,
    -4, 0, 0, -3, -9, -3, 0, 0,
    -9, -9, -3, -10, -6, -6, -6, -2,
    -10, -11, -11, -11, -11, -11, -6, -12,
    -3, -12, -3, -6, -6, -20, -20, -13,
    -10, -13, -10, 0, 0, 0, -9, -6,
    -12, 0, 0, -12, -6, -14, -10, -7,
    -11, -37, -16, -37, -26, -5, -5, 0,
    -8, -10, -10, -5, 0, -7, -5, -14,
    0, -13, 0, -10, 0, -22, -3, -5,
    -5, -33, -5, -5, -3, -10, 0, -2,
    -1, -3, -5, -1, -4, 0, -6, -19,
    -61, -13, -6, -6, -6, -9, -6, -3,
    -4, 0, -6, -6, 0, -9, -9, -11,
    -11, -10, -22, -11, -18, 0, 0, 0,
    0, 0, 0, 0, 0, -14, 0, 0,
    0, -16, 0, -22, -22, -22, -5, -3,
    0, 0, 0, 0, -5, -2, -1, -12,
    -12, -13, -12, -12, -11, -12, -13, -6,
    -6, -6, -6, 2, -4, 1, 8, 0,
    -6, -6, -6, -11, -11, -11, -11, -11,
    -4, -11, -12, -12, -13, -6, -6, 0,
    -6, -6, -6, -6, 0, 0, -3, 0,
    0, -4, -12, -3, 0, 0, -12, -12,
    -4, -10, -9, -9, -9, 0, -9, -11,
    -11, -11, -11, -11, -3, -10, -1, -11,
    -4, -18, -18, -16, -16, -10, -6, -10,
    -6, 0, 0, 0, -6, -14, 0, 0,
    0, 0, -14, -6, -25, -10, -8, -12,
    -9, -12, -13, 1, -1, 0, 0, 0,
    0, 1, -12, 0, 0, -7, 0, 0,
    0, -10, 0, -7, -1, 0, 0, -2,
    0, 0, -1, 0, -14, 0, -12, -12,
    -10, -16, -6, 0, -20, 0, -29, -2,
    1, 2, 1, -2, 1, -1, -2, 0,
    1, 2, 0, -1, -2, -1, -1, -2,
    -9, -1, -6, -18, 0, 0, 0, 0,
    0, 0, 0, -8, 0, 0, 0, -10,
    0, -7, -7, -7, 0, -1, 0, 0,
    0, 0, 0, 0, -16, -3, -2, -2,
    -2, -2, -2, -2, -2, 1, 1, 1,
    1, -2, -2, 1, 0, 0, 1, 1,
    0, -1, -1, -1, -1, -1, -2, -1,
    -2, -2, -2, 1, 2, 0, 1, 1,
    1, 1, 0, 0, -1, 0, 0, -2,
    -3, -1, 0, 0, -3, -3, -2, 0,
    -1, -1, -1, -14, -2, -1, -1, -1,
    -1, -1, -12, -2, -16, -1, -6, -6,
    -6, -9, -9, -9, -12, -9, -10, 0,
    0, 0, -7, -7, 0, 0, 0, 0,
    -7, -7, -11, -6, -9, -13, -11, -13,
    -14, 0, 0, 0, 0, 0, 0, 0,
    0, 0, 0, -5, 0, 0, 0, -6,
    0, -9, -3, 0, 0, -3, 0, 0,
    -3, -1, -2, -1, -3, -3, -5, -3,
    -5, 0, -9, 0, -26, -3, 0, 0,
    0, 0, 0, -1, -2, 0, 0, 0,
    0, -1, 0, -3, -1, -1, -9, -1,
    -5, 0, 0, 0, 0, 0, 0, 0,
    0, -10, 0, 0, 0, -11, 0, -9,
    -9, -9, 0, -3, 0, 0, 0, 0,
    0, -1, -3, -4, -2, -3, -2, -2,
    -2, -2, -3, 0, 0, 0, 0, -2,
    -2, 3, 7, 0, 0, 0, 0, -3,
    -3, -3, -3, -1, -2, -1, -2, -2,
    -3, 0, 0, 0, 0, 0, 0, 0,
    0, 0, -3, 0, 0, -2, -4, -1,
    0, 0, -4, -4, -2, -1, -1, -1,
    -1, -2, 0, -3, -3, -3, -3, -3,
    -3, -1, -3, -1, -5, -5, -5, -11,
    -11, -8, -7, -8, -7, 0, 0, 0,
    -10, -11, 0, -17, 0, -15, -11, -22,
    -9, -15, -45, -10, -34, -10, -7, -17,
    -15, 0, -12, -19, -12, -17, 0, -11,
    -12, -7, -48, -32, -25, -18, -24, 0,
    -3, -21, -21, 0, -21, -21, -3, -14,
    -2, -6, -3, -4, 0, -3, -2, 0,
    -7, -28, -14, -10, -17, -15, -17, -14,
    -11, -6, -6, 0, -17, -15, -5, -11,
    -22, -14, -25, -24, 0, -25, -5, 0,
    -43, 0, 0, 0, 0, 0, 0, -29,
    -25, 0, 0, -16, 0, 0, 0, 0,
    -21, -3, 0, 0, 0, 0, 0, -6,
    -3, -9, -10, -10, -10, -10, -10, -10,
    -10, -17, -17, -17, -16, 3, -6, -1,
    0, 0, -17, -16, -5, -14, -14, -14,
    -14, -25, -6, -25, -10, -10, -10, -17,
    -15, 0, -17, -17, -16, -11, 0, 0,
    -3, 0, 0, -6, -9, -6, 0, -9,
    -9, -9, -2, -14, -11, -11, -11, -2,
    -22, -14, -14, -14, -14, -14, -4, -24,
    -3, -25, -2, -5, -5, -34, -34, -17,
    -12, -17, -11, 0, 0, 0, -9, -60,
    0, 0, 0, -10, -37, -19, -20, -61,
    -39, -8, -33, -8, -8, -14, -26, 0,
    -9, -9, -9, -14, -23, -8, -11, -6,
    -55, -40, -19, -33, -18, -2, -5, -18,
    -18, 1, -18, -18, -5, -12, -38, -16,
    -39, -32, -3, -41, -3, -39, -14, -68,
    -15, -7, -12, -11, -12, -16, -10, -7,
    -8, 0, -12, -11, 0, -6, -20, -12,
    -26, -22, -5, -26, -5, 0, -58, 0,
    0, 0, 0, 0, -55, -22, -19, 0,
    0, -14, 0, -2, -2, -2, -18, -5,
    -5, 0, 0, -25, -7, -16, -41, -8,
    -7, -7, -7, -7, -7, -7, -7, -12,
    -12, -12, -12, -8, -8, -8, -8, 0,
    -12, -12, -4, -12, -12, -12, -12, -26,
    -8, -26, -7, -7, -7, -12, -11, 0,
    -12, -12, -12, -10, 0, 0, -5, -8,
    -5, -8, -8, -7, 0, 0, -8, -8,
    -8, -12, -6, -6, -6, -38, -20, -12,
    -12, -12, -12, -12, -32, -22, -41, -26,
    -3, -5, -5, -40, -40, -37, -39, -37,
    -59, 0, 0, 0, -7, -15, 0, 0,
    0, 0, -15, -5, -29, -10, -5, -18,
    -8, -18, -17, 3, -1, 0, 0, 0,
    0, 3, -15, 0, 0, -5, 0, 0,
    0, -11, 0, -13, 0, 1, 1, -12,
    1, 1, 0, -1, -16, 0, -13, -12,
    -20, -18, -13, 0, -22, -14, -35, -3,
    -1, 0, -1, 0, -1, -1, -2, 0,
    -1, 0, 0, 0, 0, -1, -1, -1,
    -10, -1, -6, -19, 0, 0, 0, 0,
    0, 0, 0, -8, 0, 0, 0, -8,
    0, -13, -13, -13, 1, 0, 0, 0,
    0, 0, 0, 0, -18, -2, -3, -3,
    -3, -3, -3, -3, -3, -1, -1, -1,
    -1, -2, -2, 2, 1, 0, -1, -1,
    0, -1, -1, -1, -1, -1, -2, -1,
    -3, -3, -3, -1, 0, 0, -1, -1,
    -1, -1, 0, 0, 0, 0, 0, -2,
    -2, -1, 0, 0, -2, -2, -2, -1,
    0, 0, 0, -16, 0, -1, -1, -1,
    -1, -1, -12, -1, -18, -1, -13, -6,
    -6, -8, -8, -8, -10, -8, -9, 0,
    0, 0, -7, -7, 0, 0, 0, -12,
    -7, -10, -22, -3, -8, -39, -20, -39,
    -26, -1, 2, 0, 0, -17, -5, -1,
    -4, 0, 0, -5, 0, 0, 0, -2,
    0, -24, -1, -1, -1, -32, -1, -1,
    -1, -4, -4, -1, -7, -7, -15, -10,
    -12, 0, -16, 0, -67, -9, -8, -8,
    -8, 0, -7, -2, -3, 0, -8, -8,
    0, -5, 0, -5, 0, 0, -7, 0,
    -4, 0, 0, 0, 0, 0, 0, 0,
    0, -21, 0, 0, 0, -12, 0, -24,
    -24, -24, -1, -1, 0, 0, 0, 0,
    0, -1, -10, -6, -9, -9, -9, -9,
    -9, -9, -9, -8, -8, -8, -7, -3,
    -3, 5, 2, 0, -8, -7, 0, -5,
    -5, -5, -5, 0, -3, 0, -9, -9,
    -9, -8, -8, 0, -8, -8, -7, -7,
    0, 0, -1, 0, 0, -3, -6, -2,
    0, 0, -6, -6, -3, -4, -5, -5,
    -5, -4, 0, -5, -5, -5, -5, -5,
    -7, 0, -10, 0, -12, -4, -4, -21,
    -21, -4, -5, -4, -4, 0, 0, -55,
    -2, -17, 0, 0, 0, 0, -17, -5,
    -14, -12, -7, -3, -10, -3, -3, 1,
    -1, 0, 0, 0, 0, 1, -13, 0,
    0, 0, 0, 0, 0, -12, 0, 0,
    1, 0, 0, 5, 0, 0, 1, -1,
    -16, -1, -15, -14, 0, -20, 1, 0,
    -6, 0, -14, 0, 2, 1, 2, 0,
    2, 1, 1, 0, 2, 1, 0, 1,
    -1, 1, -2, -2, 0, -2, 0, 0,
    0, 0, 0, 0, 0, 0, 0, -9,
    0, 0, 0, -4, 0, 0, 0, 0,
    0, 1, 0, 0, 0, 0, 0, -1,
    -20, 1, 0, 0, 0, 0, 0, 0,
    0, 2, 2, 2, 2, 1, 1, 4,
    1, 0, 2, 2, 0, 1, 1, 1,
    1, -2, 1, -2, 0, 0, 0, 2,
    1, 4, 2, 2, 2, 2, 0, 0,
    1, 0, 0, 1, 1, 1, 0, 0,
    1, 1, 1, -1, 1, 1, 1, -16,
    -1, 1, 1, 1, 1, 1, -14, -2,
    -20, -2, 1, 0, 0, -11, -11, -10,
    -12, -10, -11, 0, 0, 0, -5, -11,
    0, 0, 0, -10, -11, -11, -15, -6,
    -13, -8, -22, -8, -4, -3, 0, 0,
    0, 0, 0, -3, 0, 0, 0, -3,
    0, 0, 0, -6, 0, 0, 0, -3,
    -3, 0, -3, -3, 0, -5, -8, -3,
    -9, -9, 0, -13, -1, 0, -6, 0,
    -14, -7, -9, -8, -9, -1, -7, -3,
    -3, 0, -9, -8, 0, -6, -1, -6,
    -1, -2, 0, -1, -2, 0, 0, 0,
    0, 0, 0, 0, 0, -23, 0, 0,
    0, -11, 0, 0, 0, 0, -3, 0,
    0, 0, 0, 0, 0, -3, -13, -5,
    -7, -7, -7, -7, -7, -7, -7, -9,
    -9, -9, -8, -3, -3, 4, 2, 0,
    -9, -8, 0, -6, -6, -6, -6, -1,
    -3, -1, -7, -7, -7, -9, -8, 0,
    -9, -9, -8, -7, 0, 0, 0, 0,
    0, -3, -5, -3, 0, 0, -5, -5,
    -3, -5, -6, -6, -6, -8, -1, -6,
    -6, -6, -6, -6, -9, -2, -13, -1,
    -1, -2, -2, -23, -23, -7, -9, -7,
    -8, 0, 0, 0, -5, -10, 0, 0,
    0, 0, -10, -5, -20, -6, -12, -9,
    -7, -9, -11, 2, 0, 0, 2, 0,
    0, 2, 0, 5, 0, -5, 0, 0,
    0, -5, 0, -5, 0, 0, 0, 0,
    0, 0, 0, 0, -6, 0, -9, -8,
    -8, -12, -3, 0, -14, 0, -26, 0,
    -1, 0, -1, -1, 0, -1, 0, 0,
    -1, 0, 0, -1, -1, -1, 0, -1,
    -7, 0, -5, 0, 0, 0, 0, 0,
    0, 0, 0, -5, 0, 0, 0, -11,
    0, -5, -5, -5, 0, 0, 0, 0,
    0, 0, 0, 0, -12, -1, -1, 0,
    -1, -1, -1, -1, 0, -1, -1, -1,
    0, 0, 0, 5, 3, 0, -1, 0,
    0, -1, -1, -1, 0, 0, 0, 0,
    -1, -1, 0, -1, 0, 0, -1, -1,
    0, 0, 0, 0, 0, 2, 0, 0,
    -1, -1, 0, 1, -1, -1, 0, 0,
    -1, -1, -1, -6, -1, -1, -1, -1,
    -1, -1, -8, -1, -12, 0, -3, -5,
    -5, -7, -7, -8, -9, -8, -8, 0,
    0, 0, -7, 0, -21, -13, 0, -20,
    0, -22, -8, -5, -34, -39, -45, -39,
    -37, -13, -4, 0, -6, -35, -10, -13,
    0, -7, 0, -35, -40, -25, -15, -8,
    -20, -34, -2, -16, -16, -29, -16, -16,
    -2, -11, 1, -2, 0, -1, -2, 0,
    -2, 0, -5, -17, -39, -34, -33, -33,
    -33, -16, -33, -3, -4, -32, -33, -33,
    -32, -32, -19, -26, -26, -26, -26, -26,
    -26, 0, -46, 0, 0, 0, 0, 0,
    0, -44, -18, 0, 0, -46, 0, -34,
    -34, -29, -16, -2, 0, 0, 0, -20,
    -15, -2, 0, -20, -13, -31, -13, -13,
    -12, -26, -34, -33, -26, -26, -15, 0,
    -6, 0, 9, 0, -33, -14, -33, -17,
    -26, -17, -15, -25, -4, -26, -13, -13,
    -34, -33, 0, 0, -30, -33, -15, -33,
    0, 0, -2, 6, 0, -4, -26, -3,
    0, -8, -20, -20, -1, -11, -20, -32,
    -8, 1, -19, -16, 0, -24, -20, -26,
    -1, -26, 0, -13, -2, 0, 0, -46,
    -46, -8, 0, -8, -3, 0, 0, 0,
    -6, -6, 0, 0, 0, 0, -6, -7,
    -11, -5, -8, -17, -11, -17, -17, 0,
    0, 0, 0, 0, 0, 0, 0, 0,
    0, -6, 0, 0, 0, -6, 0, -13,
    -2, 0, 0, -9, 0, 0, -2, -1,
    -2, -1, -2, -3, -6, -2, -5, 0,
    -8, 0, -31, -4, -1, -1, -1, 0,
    -1, -1, -2, 0, -1, -1, 0, -2,
    0, -2, -1, -1, -9, -1, -6, 0,
    -10, 0, 0, 0, 0, 0, 0, -9,
    0, 0, 0, -11, 0, -13, -13, -13,
    0, -2, 0, 0, 0, 0, 0, -1,
    -2, -3, -3, -4, -3, -3, -3, -3,
    -4, -1, -1, -1, 0, -2, -2, 5,
    8, 0, -1, 0, 0, -2, -2, -2,
    -2, -1, -2, -1, -3, -3, -4, -1,
    -1, 0, -1, -1, 0, -1, 0, 0,
    -2, 0, 0, -2, -3, -1, 0, 0,
    -3, -3, -2, -1, -2, -2, -2, -2,
    0, -2, -2, -2, -2, -2, -3, -1,
    -2, -1, -5, -6, -6, -11, -11, -7,
    -7, -7, -6, 0, 0, 0, -9, -5,
    0, 0, 0, -20, -5, -21, -10, -8,
    -23, -39, -30, -39, -37, -12, -4, 0,
    -9, -24, -9, -12, 0, -9, 0, -20,
    -23, -18, 0, -9, 0, -34, -4, -13,
    -13, -29, -13, -13, -4, -11, 0, -2,
    0, -1, -2, 0, -5, 0, -6, 0,
    -44, -23, -21, -21, -21, -10, -21, -4,
    -5, -13, -21, -21, -13, -20, -11, -19,
    -10, -12, -19, -10, -18, 0, 0, 0,
    0, 0, 0, 0, 0, -31, 0, 0,
    0, -24, 0, -34, -34, -34, -13, -4,
    0, 0, 0, 0, -13, -2, 0, -17,
    -14, -23, -17, -14, -14, -21, -23, -21,
    -21, -21, -13, 3, -10, 4, 5, 0,
    -21, -13, -21, -19, -19, -19, -13, -10,
    -5, -10, -14, -16, -23, -21, -21, 0,
    -21, -21, -13, -21, 0, 0, -4, 3,
    -4, -5, -17, -4, 0, 0, -17, -17,
    -5, -11, -20, -20, -7, 0, -11, -19,
    -19, -19, -19, -19, -1, -12, 0, -10,
    -5, 0, 0, -30, -30, -10, -7, -10,
    -5, 0, 0, 0, -10, -7, 0, 0,
    0, -19, -7, -20, -11, -8, -21, -35,
    -27, -35, -35, -11, -4, 0, -9, -21,
    -10, -11, 0, 0, 0, -18, 0, 0,
    0, -10, 0, -31, -4, -12, -12, -25,
    -12, -12, -4, -11, -1, -3, -1, -3,
    -4, 0, -6, 0, -8, 0, -35, -20,
    -18, -18, -18, -9, -18, -5, -6, -12,
    -18, -18, -12, -16, -9, -16, -10, -11,
    -17, -10, -17, 0, 0, 0, 0, 0,
    0, 0, 0, -28, 0, 0, 0, -22,
    0, -31, -31, -31, -12, -4, 0, 0,
    0, 0, 0, -3, 0, -17, -14, -20,
    -14, -14, -13, -14, -20, -18, -18, -18,
    -13, 2, -6, 3, 5, 0, -18, -13,
    0, -16, -16, -16, -13, -10, -6, -10,
    -14, -14, -20, -18, -18, 0, -18, -18,
    -13, -18, 0, 0, -4, 0, 0, -6,
    -17, -5, 0, -7, -17, -17, -6, -11,
    -16, -16, -8, -1, -9, -16, -16, -16,
    -16, -16, -3, -11, 0, -10, -6, -17,
    -17, -27, -27, -11, -8, -11, -7, 0,
    0, 0, -7, -7, 0, 0, 0, 0,
    -7, -20, -7, -11, -35, -10, -29, -10,
    -8, -14, -10, 0, -10, -14, -8, -14,
    0, -9, 0, -7, -34, -25, -20, -14,
    -18, -1, -2, -18, -18, 0, -18, -18,
    -2, -11, 0, -3, 0, -1, -2, 0,
    -1, 0, -5, -23, -15, -10, -15, -14,
    -15, -14, -9, -3, -4, 0, -15, -14,
    -5, -9, -17, -14, -19, -20, -2, -19,
    -5, 0, 0, 0, 0, 0, 0, 0,
    0, -25, -20, 0, 0, -15, 0, -1,
    -1, -1, -18, -2, 0, 0, 0, -23,
    0, -3, 0, -8, -9, -10, -9, -9,
    -9, -9, -10, -15, -15, -15, -13, -4,
    -4, 3, 5, 0, -15, -13, 0, -14,
    -14, -14, -14, -19, -4, -19, -9, -9,
    -10, -15, -14, 0, -15, -15, -13, -9,
    0, 0, -2, 3, 0, -4, -8, -3,
    0, 0, -8, -8, -4, -11, -9, -9,
    -9, 0, -17, -14, -14, -14, -14, -14,
    -1, -20, 0, -19, -1, -5, -5, -29,
    -29, -13, -8, -13, -6, 0, 0, 0,
    -8, -5, -22, 0, 0, -24, -5, -25,
    -6, -9, -31, -39, -45, -39, -39, -16,
    -7, 0, -12, -37, -10, -16, 0, -12,
    -10, -26, -31, -23, 0, -11, -22, -36,
    -3, -18, -18, -32, -18, -18, -3, -14,
    0, -2, 0, 0, -1, 0, -3, 0,
    -5, -20, -42, -32, -31, -31, -31, -16,
    -31, -4, -6, -26, -31, -31, -26, -29,
    -17, -24, -17, -18, -24, -17, -24, 0,
    -39, 0, 0, 0, 0, 0, 0, -45,
    -20, 0, 0, -31, 0, -36, -36, -36,
    -18, -3, 0, 0, 0, 0, 0, -2,
    0, -25, -13, -32, -13, -13, -13, -13,
    -32, -31, -23, -31, -14, -6, -6, 5,
    0, 0, -31, -14, 0, -14, -24, -22,
    -15, -17, -6, -17, -13, -13, -32, -31,
    -31, 0, -31, -31, -14, -31, 0, 0,
    -3, 0, 0, -6, -25, -4, 0, 0,
    -25, -25, -6, -14, -29, -29, -29, 0,
    -17, -16, 0, 0, 0, 0, 0, -18,
    0, -17, -3, -24, -24, -46, -46, -11,
    -5, -11, -4, 0, 0, 0, -7, -7,
    0, -10, 0, 0, -7, -17, -9, -7,
    -29, -8, -31, -8, -8, -9, -3, 0,
    -6, -8, -6, -9, 0, -4, -4, -6,
    -28, -19, 0, -8, -15, -2, -2, -12,
    -12, 1, -12, -12, -2, -7, -1, -4,
    -2, -4, -2, -1, -2, 0, -6, -19,
    -15, -7, -12, -10, -12, -10, -10, -3,
    -3, 0, -12, -10, 0, -5, -12, -11,
    -13, -14, -5, -13, -5, 0, 0, 0,
    0, 0, 0, 0, 0, -22, -15, 0,
    0, -14, 0, -2, -2, -2, -12, -2,
    0, 0, 0, 0, 0, -4, -1, -8,
    -6, -7, -6, -6, -6, -6, -7, -12,
    -12, -12, -9, -3, -3, 5, 0, 0,
    -12, -9, 0, -11, -11, -11, -11, -13,
    -3, -13, -6, -6, -7, -12, -10, 0,
    -12, -12, -9, -10, 0, 0, -2, 0,
    0, -3, -8, -3, -4, -7, -8, -8,
    -3, -7, -5, -5, -5, -1, -12, -11,
    -11, -11, -11, -11, -4, -14, -1, -13,
    -2, -5, -5, -32, -32, -10, -7, -10,
    -7, 0, 0, 0, -12, -10, -24, 0,
    -10, 0, -10, -27, -8, -12, -35, -17,
    -39, -17, -8, -20, -16, -10, -14, -31,
    -16, -20, -4, -14, -12, -16, 0, -31,
    0, 0, 0, -10, -9, -22, -22, -7,
    -22, -22, -9, -17, -5, -8, -6, -8,
    -6, -5, -8, 0, -3, 0, 0, -19,
    -23, -22, -23, -20, -11, -7, -7, 0,
    -23, -22, 0, -19, -22, -22, -30, -29,
    -10, -18, -14, 0, -40, 0, 0, 0,
    0, 0, 0, -34, 0, 0, 0, -22,
    0, -10, -10, -10, -22, -9, 0, 0,
    0, 0, -16, -8, -5, -16, -15, -19,
    -15, -15, -15, -15, -19, -23, -23, -23,
    -18, -7, -7, 0, 0, 0, -23, -18,
    -15, -22, -22, -22, -22, -18, -7, -18,
    -15, -15, -19, -23, -22, -12, -23, -23,
    -18, -11, 0, 0, -9, 0, 0, -7,
    -16, -7, 0, 0, -16, -16, -7, -17,
    -19, -19, -19, -5, -22, -22, -22, -22,
    -22, -22, -8, -29, -5, -18, -8, -14,
    -14, -39, -39, -15, -10, -15, 0, 0,
    0, -16, 0, -36, 0, 0, 0, 0,
    -35, 0, 0, -34, 0, 0, 0, 0,
    0, 0, 0, 0, 0, 0, 0, 0,
    0, 0, 0, 0, 0, 0, 0, 0,
    0, 0, 0, 0, 0, 0, 0, 0,
    0, 0, -37, 0, -37, -35, 0, -39,
    0, 0, 0, 0, 0, 0, 0, 0,
    0, -16, 0, 0, 0, 0, 0, 0,
    0, 0, -20, 0, 0, 0, 0, 0,
    0, 0, 0, 0, 0, 0, 0, 0,
    0, 0, 0, 0, 0, 0, 0, 0,
    0, 0, 0, 0, 0, 0, 0, 0,
    0, 0, 0, 0, 0, 0, 0, 0,
    0, 0, 0, 0, 0, 0, 0, 0,
    0, 0, 0, 0, 0, 0, 0, 0,
    0, 0, 0, 0, 0, 0, 0, 0,
    0, 0, 0, 0, 0, 0, 0, 0,
    0, 0, 0, 0, 0, 0, 0, 0,
    0, 0, 0, 0, 0, 0, 0, 0,
    0, 0, 0, 0, 0, 0, 0, 0,
    0, 0, 0, 0, 0, 0, 0, 0,
    0, 0, 0, 0, 0, 0, 0, 0,
    0, 0, 0, 0, 0, 0, 0, -20,
    -29, -12, 0, -39, -58, -39, 0, 0,
    0, 0, -11, -32, 0, 0, 0, 0,
    0, 0, 0, 0, 0, 0, 0, -34,
    -12, -14, -14, -42, -14, -14, -12, -13,
    -17, -11, -18, -18, -25, -20, -22, 0,
    0, 0, 0, -22, -23, -22, -23, -5,
    -22, -13, -13, 0, -23, -22, 0, -20,
    -5, -15, -4, -7, -15, -4, -15, 0,
    0, 0, 0, 0, 0, 0, 0, 0,
    0, 0, 0, 0, 0, -34, -34, -34,
    -14, -12, 0, 0, 0, 0, 0, -11,
    -20, 0, 0, -22, 0, 0, 0, 0,
    -22, -23, -23, -23, 0, -13, -13, 0,
    0, 0, -23, 0, 0, -15, -15, -15,
    -15, -4, -13, -4, 0, 0, -22, -23,
    -22, 0, -23, -23, 0, -22, 0, 0,
    -12, 0, 0, -13, 0, -13, 0, 0,
    0, 0, -13, -13, -20, -20, -20, -17,
    -5, -15, -15, -15, -15, -15, -18, -7,
    -20, -4, -22, -15, -15, 0, 0, 0,
    0, 0, 0, 0, 0, 0, 0, -65,
    0, 0, 0, 0, -37, -25, 0, -62,
    0, 0, 0, 0, 0, -32, -30, 0,
    -27, -59, -27, -30, -25, -27, -27, 0,
    0, 0, 0, 0, 0, -14, -16, -35,
    -35, -14, -35, -35, -16, -29, -39, -31,
    -44, -35, -15, -42, -15, 0, 0, 0,
    12, -21, -28, -26, -28, -19, -1, -16,
    0, 0, -28, -26, 0, -24, -29, -24,
    -14, -27, -14, -14, -15, 0, 0, 0,
    0, 0, 0, 0, 0, 0, 0, 0,
    0, 0, 0, -14, -14, -14, -35, -16,
    0, 0, 0, 0, 0, -31, -42, -16,
    -21, -21, -21, -21, -21, -21, -21, -28,
    -28, -28, -28, 0, 0, 0, 0, 0,
    -28, -28, 0, -24, -24, -24, -24, -14,
    0, -14, -21, -21, -21, -28, -26, 0,
    -28, -28, -28, -1, 0, 0, -16, 0,
    0, 0, -16, -16, 0, 0, -16, -16,
    0, -29, -24, -24, -24, -39, -29, -24,
    -24, -24, -24, -24, -35, -27, -42, -14,
    -15, -15, -15, 0, 0, 0, 0, 0,
    -66, 0, 0, 0, -9, -26, 0, 0,
    0, 0, -26, -10, -20, -23, -12, -11,
    -13, -11, -11, -3, -15, 0, -7, 0,
    0, -3, -25, 0, 0, -7, 0, -11,
    0, -22, 0, -6, -3, -4, -4, -2,
    -4, -4, -3, -7, -36, -6, -24, -22,
    -7, -33, -8, -25, -14, -24, -16, -5,
    -2, -2, -2, -7, -2, -4, -4, 0,
    -2, -2, 0, -3, -8, -5, -8, -8,
    -7, -8, -7, -14, -13, 0, 0, 0,
    0, 0, 0, -12, 0, 0, 0, -13,
    0, -6, -6, -6, -4, -3, 0, 0,
    0, 0, 0, -6, -33, -4, -5, -5,
    -5, -5, -5, -5, -5, -2, -2, -2,
    -2, -4, -4, -4, -4, -4, -2, -2,
    0, -5, -5, -5, -5, -8, -4, -8,
    -5, -5, -5, -2, -2, 0, -2, -2,
    -2, -2, 0, -4, -3, -4, 0, -4,
    -4, -4, 0, -2, -4, -4, -4, -7,
    -3, -3, -3, -16, -8, -5, -5, -5,
    -5, -5, -22, -8, -33, -8, -8, -7,
    -7, -14, -14, -19, -18, -19, -18, 0,
    0, 0, -6, -22, 0, 0, 0, 0,
    -22, -5, -27, -21, -6, -11, -6, -11,
    -12, 1, -12, 0, 0, 0, 0, 1,
    -24, 0, 0, -5, 0, 0, 0, -22,
    0, -8, 0, 0, 0, -4, 0, 0,
    0, -1, -33, -1, -20, -18, -15, -30,
    -9, 0, -22, -22, -26, 0, 2, 1,
    2, -2, 1, -1, -1, 0, 2, 1,
    0, 1, -3, 0, -4, -3, -12, -4,
    -7, -20, 0, 0, 0, 0, 0, 0,
    0, -5, 0, 0, 0, -10, 0, -8,
    -8, -8, 0, 0, 0, 0, 0, 0,
    0, -1, -30, -1, 0, 0, 0, 0,
    0, 0, 0, 2, 2, 2, 2, -1,
    -1, -1, -1, 0, 2, 2, 3, 0,
    0, 0, 0, -4, -1, -4, 0, 0,
    0, 2, 1, 0, 2, 2, 2, 1,
    0, 0, 0, -1, 0, -1, -1, -1,
    0, 0, -1, -1, -1, -1, 1, 1,
    1, -33, -3, 0, 0, 0, 0, 0,
    -18, -3, -30, -4, -9, -7, -7, -6,
    -6, -18, -19, -18, -18, 0, 0, 0,
    -7, -21, 0, 0, 0, 0, -21, -6,
    -27, -20, -5, -9, -11, -9, -13, -1,
    -10, 0, 0, 0, 0, -1, -26, 0,
    0, -3, 0, -6, 0, -21, 0, -8,
    -1, -1, -1, -1, -1, -1, -1, -1,
    -33, -3, -22, -19, -12, -30, -6, 0,
    -20, -21, -25, -2, -1, -1, -1, -1,
    -1, -2, -3, 0, -1, -1, 0, 0,
    -1, -3, -4, -4, -12, -4, -6, -20,
    0, 0, 0, 0, 0, 0, 0, -10,
    0, 0, 0, -8, 0, -8, -8, -8,
    -1, -1, 0, 0, 0, 0, 0, -3,
    -30, -3, -2, -2, -2, -2, -2, -2,
    -2, -1, -1, -1, -1, -3, -3, -3,
    -3, 0, -1, -1, 0, -3, -3, -3,
    -3, -4, -3, -4, -2, -2, -2, -1,
    -1, 0, -1, -1, -1, -1, 0, 0,
    -1, -3, 0, -3, -3, -2, 0, 0,
    -3, -3, -3, -1, 0, 0, 0, -33,
    -1, -3, -3, -3, -3, -3, -19, -4,
    -30, -4, -6, -6, -6, -11, -11, -16,
    -17, -16, -17, 0, 0, 0, -6, -22,
    0, 0, 0, 0, -22, -5, -27, -21,
    -6, -11, -5, -11, -12, 0, -13, 0,
    0, 0, 0, 0, -24, 0, 0, -5,
    0, -3, 0, -22, 0, -8, 0, -1,
    -1, -3, -1, -1, 0, -1, -32, -1,
    -21, -18, -14, -30, -9, 0, -22, -22,
    -26, -2, 2, 1, 2, -2, 1, -1,
    -1, 0, 2, 1, 0, 1, -3, 0,
    -4, -3, -12, -4, -7, -20, -6, 0,
    0, 0, 0, 0, 0, -4, 0, 0,
    0, -10, 0, -8, -8, -8, -1, 0,
    0, 0, 0, 0, 0, -1, -30, -1,
    -2, -2, -2, -2, -2, -2, -2, 2,
    2, 2, 2, -1, -1, -1, -1, 0,
    2, 2, 3, 0, 0, 0, 0, -4,
    -1, -4, -2, -2, -2, 2, 1, 0,
    2, 2, 2, 1, 0, 0, 0, 0,
    0, -1, -1, -1, 0, 2, -1, -1,
    -1, -1, 1, 1, 1, -32, -3, 0,
    0, 0, 0, 0, -18, -3, -30, -4,
    -9, -7, -7, -5, -5, -18, -19, -18,
    -18, 0, 0, -9, -3, 0, 0, 0,
    0, 0, 0, -8, -5, -2, -9, -21,
    -18, -21, -21, -1, 0, 0, 0, -15,
    0, -1, 0, 0, 0, -3, 0, 0,
    0, -4, 0, -17, 1, -1, -1, -15,
    -1, -1, 1, -4, 1, 3, 0, -1,
    -1, 1, -1, 0, -3, 0, -23, -7,
    -7, -6, -7, 2, -6, -2, -3, 0,
    -7, -6, 0, -5, 2, -3, 1, 0,
    -4, 1, -3, 0, 0, 0, 0, 0,
    0, 0, 0, -20, 0, 0, 0, -10,
    0, -17, -17, -17, -1, 1, 0, 0,
    0, 0, 0, 3, 1, -4, -7, -7,
    -7, -7, -7, -7, -7, -7, -7, -7,
    -6, 2, -3, 4, 4, -9, -7, -6,
    -6, -3, -3, -3, -3, 1, -3, 1,
    -7, -7, -7, -7, -6, 0, -7, -7,
    -6, -6, 0, 0, 1, 3, 0, -3,
    -4, -2, 0, 0, -4, -4, -3, -4,
    -5, -5, -5, 1, 2, -3, -3, -3,
    -3, -3, -1, 0, 1, 1, -1, -3,
    -3, -19, -19, -3, 0, -3, 0, 0,
    0, 0, -8, -23, 0, 0, 0, 0,
    -23, -8, -21, -21, -10, -10, -12, -10,
    -11, -2, -12, 0, -5, 0, 0, -2,
    -24, 0, 0, -5, 0, -9, 0, -21,
    0, -6, -3, -2, -2, -1, -2, -2,
    -3, -4, -33, -4, -22, -20, -7, -31,
    -7, -23, -16, -22, -16, -3, 0, 0,
    0, -5, 0, -1, -4, 0, 0, 0,
    0, -1, -5, -3, -6, -6, -7, -6,
    -6, -14, -11, 0, 0, 0, 0, 0,
    0, -10, 0, 0, 0, -11, 0, -6,
    -6, -6, -2, -3, 0, 0, 0, 0,
    0, -4, -31, -1, -3, -3, -3, -3,
    -3, -3, -3, 0, 0, 0, 0, -4,
    -4, -4, -4, 0, 0, 0, 1, -3,
    -3, -3, -3, -6, -4, -6, -3, -3,
    -3, 0, 0, 0, 0, 0, 0, 0,
    0, 0, -3, -4, 0, -4, -1, -1,
    0, 0, -1, -1, -4, -4, -1, -1,
    -1, -33, -5, -3, -3, -3, -3, -3,
    -20, -6, -31, -6, -7, -6, -6, -12,
    -12, -18, -19, -18, -18, 0, 0, 0,
    0, -8, 0, 0, 0, 0, -8, -8,
    -11, -7, -10, 0, -12, 0, -11, -1,
    -3, 0, 0, 0, 0, -1, 0, 0,
    0, 0, 0, -8, 0, 0, 0, -7,
    -2, -1, -1, -2, -1, -1, -2, -3,
    -3, -1, -4, -5, -6, -4, -3, 0,
    -7, -13, -16, -3, -1, -1, -1, -1,
    -1, -2, -3, 0, -1, -1, 0, -1,
    -2, -4, -2, -2, -7, -2, -4, -7,
    -11, 0, 0, 0, 0, 0, 0, -10,
    0, 0, 0, -10, 0, -7, -7, -7,
    -1, -2, 0, 0, 0, 0, 0, -1,
    -4, -5, -3, -3, -3, -3, -3, -3,
    -3, -1, -1, -1, -1, -3, -3, 0,
    0, -2, -1, -1, 1, -4, -4, -4,
    -4, -2, -3, -2, -3, -3, -3, -1,
    -1, 0, -1, -1, -1, -1, 0, 0,
    -2, 0, 0, -3, -5, -2, 0, 0,
    -5, -5, -3, -3, -1, -1, -1, -3,
    -2, -4, -4, -4, -4, -4, -5, -2,
    -4, -2, -3, -4, -4, -12, -12, 0,
    -7, 0, 0, 0, 0, 0, -8, -9,
    0, 0, 0, 0, -9, -8, -10, -7,
    -10, -11, -13, -11, -10, -1, -4, 0,
    0, 0, 0, -1, 0, 0, 0, -5,
    0, 0, 0, -9, 0, -7, -3, -2,
    -2, -2, -2, -2, -3, -4, -5, -2,
    -5, -7, -7, -5, -5, 0, -7, 0,
    -3, -3, -1, -1, -1, -2, -1, -2,
    0, 0, -1, -1, 0, -1, -2, -4,
    -3, -3, -7, -3, -5, 0, 0, 0,
    0, 0, 0, 0, 0, -11, 0, 0,
    0, -11, 0, -7, -7, -7, -2, -3,
    0, 0, 0, 0, 0, -2, -5, -5,
    -3, -3, -3, -3, -3, -3, -3, -1,
    -1, -1, -1, -3, -3, 0, 0, 0,
    -1, -1, 1, -4, -4, -4, -4, -3,
    -3, -3, -3, -3, -3, -1, -1, 0,
    -1, -1, -1, -1, 0, 0, -3, 0,
    0, -3, -5, -2, 0, 0, -5, -5,
    -3, -4, -1, -1, -1, -5, -2, -4,
    -4, -4, -4, -4, -7, -3, -5, -3,
    -5, -5, -5, -13, -13, -11, -8, -11,
    -9, 0, 0, 0, -6, -14, 0, 0,
    0, -11, -14, -12, -17, -7, -15, -6,
    -28, -6, -3, -4, 0, 0, 0, -16,
    0, -4, -20, 0, 0, -2, 0, 0,
    0, -3, 0, 0, -3, -4, -4, 0,
    -4, -4, -3, -5, -26, -3, -15, -14,
    0, -21, -1, 0, -5, 0, -14, -7,
    -10, -9, -10, 1, -6, -3, -3, 0,
    -10, -9, 0, -6, 1, -4, -3, -3,
    -3, -3, -1, 0, -23, 0, 0, 0,
    0, 0, 0, -24, 0, 0, 0, -11,
    0, 0, 0, 0, -4, -3, 0, 0,
    0, 0, 0, -3, -21, -3, -7, -7,
    -7, -7, -7, -7, -7, -10, -10, -10,
    -10, -3, -3, -3, -3, 0, -10, -10,
    0, -4, -4, -4, -4, -3, -3, -3,
    -7, -7, -7, -10, -9, 0, -10, -10,
    -10, -6, 0, 0, -3, -3, 0, -3,
    -3, -3, 0, -7, -3, -3, -3, -5,
    -6, -6, -6, -26, 1, -4, -4, -4,
    -4, -4, -14, -3, -21, -3, -1, -1,
    -1, -29, -29, -7, -9, -7, -7, 0,
    0, 0, -8, -23, 0, 0, 0, 0,
    -23, -8, -21, -21, -10, -10, -12, -10,
    -11, -2, -12, 0, 0, 0, 0, -2,
    -24, 0, 0, -5, 0, -9, 0, -21,
    0, -6, -3, -2, -2, -1, -2, -2,
    -3, -4, -33, -4, -22, -20, -7, -31,
    -7, -23, -16, -21, -16, -3, 0, 0,
    0, -5, 0, -1, -4, 0, 0, 0,
    0, -1, -5, -3, -6, -6, -7, -6,
    -6, -14, -11, 0, 0, 0, 0, 0,
    0, -10, 0, 0, -18, -11, 0, -6,
    -6, -6, -2, -3, 0, 0, 0, -11,
    0, -4, -31, -1, -3, -3, -3, -3,
    -3, -3, -3, 0, 0, 0, 0, -4,
    -4, -4, -4, 0, 0, 0, 1, -3,
    -3, -3, -3, -6, -4, -6, -3, -3,
    -3, 0, 0, 0, 0, 0, 0, 0,
    0, -4, -3, -4, 0, -4, -1, -1,
    0, 0, -1, -1, -4, -4, -1, -1,
    -1, -33, -5, -3, -3, -3, -3, -3,
    -20, -6, -31, -6, -7, -6, -6, -12,
    -12, -18, -19, -18, -18, 0, 0, 0,
    -8, -23, 0, 0, 0, 0, -23, -8,
    -21, -21, -10, -10, -12, -10, -11, -2,
    -12, 0, -5, 0, 0, -2, -24, 0,
    0, -5, 0, -9, 0, -21, -2, -6,
    -3, -2, -2, -1, -2, -2, -3, -4,
    -33, -4, -22, -20, -7, -31, -7, -23,
    -16, -22, -16, -3, 0, 0, 0, -5,
    0, -1, -4, 0, 0, 0, 0, -1,
    -5, -3, -6, -6, -7, -6, -6, -14,
    -11, 0, 0, 0, 0, 0, 0, -10,
    0, 0, -18, -11, 0, -6, -6, -6,
    -2, -3, 0, 0, 0, -11, 0, -4,
    -31, -1, -3, -3, -3, -3, -3, -3,
    -3, 0, 0, 0, 0, -4, -4, -4,
    -4, 0, 0, 0, 1, -3, -3, -3,
    -3, -6, -4, -6, -3, -3, -3, 0,
    0, 0, 0, 0, 0, 0, 0, -4,
    -3, -4, 0, -4, -1, -1, 0, 0,
    -1, -1, -4, -4, -1, -1, -1, -33,
    -5, -3, -3, -3, -3, -3, -20, -6,
    -31, -6, -7, -6, -6, -12, -12, -18,
    -19, -18, -18, 0, 0, 0, -7, -23,
    0, 0, 0, 0, -23, -5, -28, -22,
    -6, -11, -5, -11, -12, 0, -13, 0,
    0, 0, 0, 0, -24, 0, 0, -5,
    0, -3, 0, -23, 0, -9, 0, -1,
    -1, -4, -1, -1, 0, -1, -33, -1,
    -21, -18, -16, -31, -9, 0, -23, -23,
    -28, -1, 0, 2, 0, -2, 1, 0,
    -1, 0, 0, 2, 0, 1, -3, 0,
    -4, -4, -12, -5, -7, -20, -6, 0,
    0, 0, 0, 0, 0, -4, 0, 0,
    0, -10, 0, -9, -9, -9, -1, 0,
    0, 0, 0, 0, 0, -1, -31, -1,
    -1, -1, -1, -1, -1, -1, -1, 0,
    0, 0, 0, -1, -1, -1, -1, -1,
    0, 0, 0, 0, 0, 0, 0, -4,
    -1, -4, -1, -1, -1, 0, 2, 0,
    0, 0, 0, 1, 0, 0, 0, 0,
    0, -1, -1, 0, 0, 2, -1, -1,
    -1, -1, 1, 1, 1, -16, -3, 0,
    0, 0, 0, 0, -18, -4, -31, -4,
    -9, -7, -7, -5, -5, -18, -16, -18,
    -16, 0, 0, 0, -6, -22, 0, 0,
    0, 0, -22, -5, -27, -21, -6, -11,
    -6, -11, -12, 1, -12, 0, 0, 0,
    0, 1, -24, 0, 0, -5, 0, 0,
    0, -22, 0, -8, 0, 0, 0, -4,
    0, 0, 0, -1, -33, -1, -20, -18,
    -15, -30, -9, 0, -22, -22, -26, 0,
    2, 1, 2, -2, 1, -1, -1, 0,
    2, 1, 0, 1, -3, 0, -4, -3,
    -12, -4, -7, -20, 0, 0, 0, 0,
    0, 0, 0, -5, 0, 0, 0, -10,
    0, -8, -8, -8, 0, 0, 0, 0,
    0, 0, 0, -1, -30, -1, 0, 0,
    0, 0, 0, 0, 0, 2, 2, 2,
    2, -1, -1, -1, -1, 0, 2, 2,
    3, 0, 0, 0, 0, -4, -1, -4,
    0, 0, 0, 2, 1, 0, 2, 2,
    2, 1, 0, 0, 0, -1, 0, -1,
    -1, -1, 0, 0, -1, -1, -1, -1,
    1, 1, 1, -33, -3, 0, 0, 0,
    0, 0, -18, -3, -30, -4, -9, -7,
    -7, -6, -6, -18, -19, -18, -18, 0,
    0, 0, -6, -8, 0, 0, 0, -12,
    -8, -6, -27, -3, -6, -30, -19, -30,
    -23, -1, -1, 0, 0, -15, 0, -1,
    -24, 0, 0, -2, 0, 0, 0, -3,
    0, -21, -1, -1, -1, -23, -1, -1,
    -1, -4, -25, -1, -11, -9, -22, -18,
    -22, 0, -29, 0, -30, -5, -3, -3,
    -3, 4, -3, -2, -3, 0, -1, -3,
    0, -3, 4, -2, 4, 3, -3, 4,
    -1, -23, -14, 0, 0, 0, 0, 0,
    0, -18, 0, 0, 0, -8, 0, -21,
    -21, -21, -1, -1, 0, 0, 0, 0,
    0, -1, -18, -3, -5, -5, -5, -5,
    -5, -5, -5, -3, -3, -3, -3, -3,
    -3, -2, -3, -7, -3, -3, -3, -2,
    -2, -2, -2, 4, -3, 4, -5, -5,
    -5, -3, -3, 0, -3, -3, -3, -3,
    0, 0, -1, -3, 0, -3, -3, -2,
    0, 0, -3, -3, -3, -4, -3, -3,
    -3, -25, 4, -2, -2, -2, -2, -2,
    -9, 3, -18, 4, -22, -1, -1, -20,
    -20, -5, -6, -5, -5, 0, 0, -29,
    -4, -19, 0, 0, 0, 0, -19, -3,
    -23, -16, -6, -5, -10, -5, -8, 3,
    -5, 0, 0, 0, 0, 3, -21, 0,
    0, -1, 0, -5, 0, -19, 0, -3,
    2, 1, 1, 0, 1, 1, 2, 0,
    -31, 0, -18, -15, -6, -27, -3, 0,
    -18, -18, -20, 3, 5, 5, 5, 0,
    5, 1, 1, 0, 5, 5, 0, 3,
    0, 1, -2, -1, -6, -2, -1, -14,
    -9, 0, 0, 0, 0, 0, 0, -6,
    0, 0, 0, -5, 0, -3, -3, -3,
    1, 2, 0, 0, 0, 0, 0, 0,
    -27, 0, 3, 3, 3, 3, 3, 3,
    3, 5, 5, 5, 5, 0, 0, 1,
    0, 0, 5, 5, 6, 1, 1, 1,
    1, -2, 0, -2, 3, 3, 3, 5,
    5, 0, 5, 5, 5, 5, 0, 0,
    2, 0, 0, 0, 0, 1, 0, 2,
    0, 0, 0, 0, 3, 3, 3, -31,
    0, 1, 1, 1, 1, 1, -15, -1,
    -27, -2, -3, -1, -1, -10, -10, -14,
    -15, -14, -14, 0, 0, 0, -5, -11,
    0, 0, 0, 0, -11, -8, -17, -6,
    -9, -5, -20, -5, -5, -1, 0, 0,
    0, -7, 0, -1, -19, 0, 0, 0,
    0, -3, 0, -6, 0, -2, 0, -1,
    -1, 1, -1, -1, 0, -5, -23, -3,
    -13, -12, -1, -20, -2, 0, -11, 0,
    -12, -2, -5, -4, -5, 2, -3, -1,
    -1, 0, -5, -4, 0, -1, 2, -3,
    1, 0, -2, 1, 0, -10, -15, 0,
    0, 0, 0, 0, 0, -19, 0, 0,
    0, -7, 0, -2, -2, -2, -1, 0,
    0, 0, 0, 0, 0, -3, -20, -1,
    -2, -2, -2, -2, -2, -2, -2, -5,
    -5, -5, -5, -1, -1, -1, -1, 0,
    -5, -5, 0, -3, -3, -3, -3, 1,
    -1, 1, -2, -2, -2, -5, -4, 0,
    -5, -5, -5, -3, 0, 0, 0, 0,
    0, -1, -1, -1, 0, 0, -1, -1,
    -1, -5, -1, -1, -1, -23, 2, -3,
    -3, -3, -3, -3, -12, 0, -20, 1,
    -2, 0, 0, -20, -20, -6, -8, -6,
    -7, 0, 0, 0, -9, -16, 0, 0,
    0, 0, -18, -8, -21, -13, -10, -11,
    -13, -11, -12, -2, -7, 0, 0, 0,
    0, -2, -23, 0, 0, -5, 0, 0,
    0, -14, 0, -7, -5, -2, -2, -2,
    -2, -2, -5, -5, -26, -3, -20, -17,
    -8, -25, -8, 0, -15, -16, -16, -3,
    -1, -1, -1, -2, -1, -5, -5, 0,
    -1, -1, 0, -1, -2, -4, -3, -3,
    -7, -3, -5, -15, -12, 0, 0, 0,
    0, 0, 0, -11, 0, 0, 0, -11,
    0, -7, -7, -7, -2, -5, 0, 0,
    0, 0, 0, -3, -25, -5, -3, -3,
    -3, -3, -3, -3, -3, -1, -1, -1,
    -1, -5, -5, -3, -5, -3, -1, -1,
    0, -4, -4, -4, -4, -3, -5, -3,
    -3, -3, -3, -1, -1, 0, -1, -1,
    -1, -1, 0, -4, -5, -5, 0, -5,
    -5, -5, 0, 0, -5, -5, -5, -5,
    -1, -1, -1, -18, -2, -4, -4, -4,
    -4, -4, -17, -3, -25, -3, -8, -5,
    -5, -13, -13, -12, -15, -12, -14, 0,
    0, 0, -7, -9, 0, 0, 0, 0,
    -9, -7, -27, -2, -7, -26, -17, -26,
    -23, -1, -1, 0, 0, -12, 0, -1,
    -26, 0, 0, -2, 0, 0, 0, -2,
    0, -21, -2, -1, -1, -22, -1, -1,
    -2, -4, -26, -1, -11, -10, -21, -17,
    -23, 0, -29, 0, -32, -7, -4, -4,
    -4, 2, -5, -2, -3, 0, -4, -4,
    0, -4, 2, -2, 1, 1, -1, 1,
    -2, -22, 0, 0, 0, 0, 0, 0,
    0, -17, 0, 0, 0, -10, 0, -21,
    -21, -21, -1, -2, 0, 0, 0, 0,
    0, -1, -17, -3, -7, -7, -7, -7,
    -7, -7, -7, -4, -4, -4, -4, -3,
    -3, -2, -3, -7, -4, -4, -4, -2,
    -2, -2, -2, 1, -3, 1, -7, -7,
    -7, -4, -4, 0, -4, -4, -4, -5,
    0, 0, -2, -3, 0, -3, -3, -2,
    0, 0, -3, -3, -3, -4, -4, -4,
    -4, -26, 2, -2, -2, -2, -2, -2,
    -10, 1, -17, 1, -23, -2, -2, -17,
    -17, -4, -5, -4, -4, 0, 0, 0,
    -7, -10, 0, 0, 0, 0, -10, -7,
    -28, -6, -7, -23, -14, -23, -22, -1,
    -1, 0, 0, 0, 0, -1, -26, 0,
    0, -3, 0, 0, 0, -3, 0, -19,
    -2, -1, -1, -16, -1, -1, -2, -5,
    -26, -1, -12, -11, -21, -18, -19, 0,
    -29, 0, -27, -6, -4, -3, -4, 1,
    -3, -2, -3, 0, -4, -3, 0, -3,
    1, -2, 1, 0, -2, 1, -3, -22,
    -12, 0, 0, 0, 0, 0, 0, -14,
    0, 0, 0, -9, 0, -19, -19, -19,
    -1, -2, 0, 0, 0, 0, 0, -1,
    -18, -3, -6, -6, -6, -6, -6, -6,
    -6, -4, -4, -4, -4, -3, -3, -2,
    -3, 0, -4, -4, 0, -2, -2, -2,
    -2, 1, -3, 1, -6, -6, -6, -4,
    -3, 0, -4, -4, -4, -3, 0, -3,
    -2, -3, 0, -3, -3, -2, 0, -1,
    -3, -3, -3, -5, -3, -3, -3, -26,
    1, -2, -2, -2, -2, -2, -11, 0,
    -18, 1, -19, -3, -3, -15, -15, -6,
    -7, -6, -6, 0, 0, 0, -9, -16,
    0, 0, 0, 0, -16, -13, -19, -12,
    -16, -10, -28, -10, -7, -6, -2, 0,
    0, -16, -9, -6, -23, -6, 0, -6,
    0, -9, 0, -7, 0, -1, -5, -7,
    -7, 0, -7, -7, -5, -8, -26, -7,
    -17, -16, -1, -22, -5, 0, -10, -12,
    -14, -10, -11, -11, -11, -1, -9, -6,
    -6, 0, -11, -11, 0, -8, -1, -7,
    0, 0, -1, 0, -4, -10, 0, 0,
    0, 0, 0, 0, 0, -25, 0, 0,
    0, -12, 0, -1, -1, -1, -7, -5,
    0, 0, 0, 0, 0, -7, -22, -6,
    -10, -10, -10, -10, -10, -10, -10, -11,
    -11, -11, -11, -6, -6, -5, -6, 0,
    -11, -11, 0, -7, -7, -7, -7, 0,
    -6, 0, -10, -10, -10, -11, -11, 0,
    -11, -11, -11, -9, 0, 0, -5, -6,
    0, -6, -6, -6, 0, 0, -6, -6,
    -6, -8, -8, -8, -8, -26, -1, -7,
    -7, -7, -7, -7, -16, 0, -22, 0,
    -5, -4, -4, -28, -28, -12, -12, -12,
    -12, 0, 0, 0, -7, -9, 0, 0,
    0, -9, -9, -7, -27, -2, -7, -26,
    -17, -26, -23, -1, -1, 0, 0, 0,
    0, -1, -26, 0, 0, -2, 0, 0,
    0, -2, 0, -21, -2, -1, -1, -22,
    -1, -1, -2, -4, -26, -1, -11, -10,
    -21, -17, -23, 0, -29, 0, -32, -7,
    -4, -4, -4, 2, -5, -2, -3, 0,
    -4, -4, 0, -4, 2, -2, 1, 1,
    -1, 1, -2, -23, -13, 0, 0, 0,
    0, 0, 0, -17, 0, 0, 0, -10,
    0, -21, -21, -21, -1, -2, 0, 0,
    0, 0, 0, -1, -17, -3, -7, -7,
    -7, -7, -7, -7, -7, -4, -4, -4,
    -4, -3, -3, -2, -3, -8, -4, -4,
    0, -2, -2, -2, -2, 1, -3, 1,
    -7, -7, -7, -4, -4, 0, -4, -4,
    -4, -5, 0, 0, -2, 0, 0, -3,
    -3, -2, 0, -2, -3, -3, -3, -4,
    -4, -4, -4, -26, 2, -2, -2, -2,
    -2, -2, -10, 1, -17, 1, -23, -2,
    -2, -17, -17, -4, -5, -4, -4, 0,
    0, -26, -8, -15, 0, 0, 0, 0,
    -15, -10, -19, -10, -10, -8, -20, -8,
    -8, -3, -3, 0, 0, 0, 0, -3,
    -23, 0, 0, -5, 0, 0, 0, -11,
    0, -3, -4, -4, -4, 0, -4, -4,
    -4, -8, -26, -5, -17, -16, -5, -23,
    -4, 0, -14, 0, -15, -5, -6, -5,
    -6, 0, -5, -4, -4, 0, -6, -5,
    0, -3, -1, -4, 0, -1, -3, 0,
    -4, 0, -16, 0, 0, 0, 0, 0,
    0, -21, 0, 0, 0, -10, 0, -3,
    -3, -3, -4, -4, 0, 0, 0, 0,
    0, -5, -23, -4, -5, -5, -5, -5,
    -5, -5, -5, -6, -6, -6, -6, -4,
    -4, -3, -4, 0, -6, -6, 0, -4,
    -4, -4, -4, 0, -4, 0, -5, -5,
    -5, -6, -5, 0, -6, -6, -6, -5,
    0, 0, -4, -4, 0, -4, -4, -4,
    0, -3, -4, -4, -4, -8, -3, -3,
    -3, -26, -1, -4, -4, -4, -4, -4,
    -16, -1, -23, 0, -4, -4, -4, -20,
    -20, -9, -12, -9, -11, 0, 0, 0,
    0, 0, 0, 0, 0, 0, 0, -24,
    0, 0, 0, 0, -31, 0, 0, -18,
    -13, 0, 0, -24, 0, 0, 0, 0,
    0, 0, 0, 0, 0, 0, 0, -10,
    -9, -19, -19, -7, -19, -19, -9, -16,
    -5, -8, -6, -7, -6, -5, -8, 0,
    0, 0, 0, -17, -20, -19, -20, -19,
    -10, -7, -7, 0, -20, -19, 0, -17,
    -20, -20, -20, -22, -10, -20, -14, 0,
    0, 0, 0, 0, 0, 0, 0, 0,
    0, 0, 0, 0, 0, -10, -10, -10,
    -19, -9, 0, 0, 0, 0, 0, -8,
    -5, 0, 0, -17, 0, 0, 0, 0,
    -17, -20, -20, -20, 0, -7, -7, 0,
    0, 0, -20, 0, 0, -20, -20, -20,
    -20, -20, -7, -20, 0, 0, -17, -20,
    -19, 0, -20, -20, 0, -10, 0, 0,
    -9, 0, 0, -7, 0, -7, 0, 0,
    0, 0, -7, -16, -17, -17, -17, -5,
    -20, -20, -20, -20, -20, -20, -7, -22,
    -5, -20, -8, -14, -14, 0, 0, 0,
    0, 0, 0, 0, 0, 0, 0, 0,
    0, 0, 0, 0, 0, 0, -24, 0,
    0, 0, 0, 0, 0, 0, 0, 0,
    0, 0, 0, 0, 0, 0, 0, 0,
    0, 0, 0, 0, 0, 0, 0, 0,
    0, 0, 0, 0, 0, 0, 0, 0,
    0, 0, 0, 0, 0, 0, 0, 0,
    0, 0, 0, 0, 0, 0, 0, 0,
    0, 0, 0, 0, 0, 0, 0, 0,
    0, 0, 0, 0, 0, -18, 0, 0,
    0, 0, 0, 0, 0, 0, 0, 0,
    0, 0, 0, 0, 0, 0, 0, 0,
    0, 0, 0, 0, 0, 0, 0, 0,
    0, 0, 0, 0, 0, 0, 0, 0,
    0, 0, 0, 0, 0, 0, 0, 0,
    0, 0, 0, 0, 0, 0, 0, 0,
    0, 0, 0, 0, 0, 0, 0, 0,
    0, 0, 0, 0, 0, 0, 0, 0,
    0, 0, 0, 0, 0, 0, 0, 0,
    0, 0, 0, 0, 0, 0, 0, 0,
    0, 0, 0, 0, 0, 0, 0, 0,
    0, 0, 0, 0, 0, 0, 0, 0,
    0, 0, 0, 0, -16, -23, 0, 0,
    0, 0, -23, -14, -39, -22, 0, -39,
    -19, -39, -29, -6, -11, -22, -21, -18,
    -13, -6, -41, -14, -9, -10, 0, 0,
    0, 0, 0, -27, -11, -6, -6, -41,
    -6, -6, -11, -16, -46, -9, -23, -22,
    -36, -31, -36, 0, -40, 0, 0, -12,
    -9, -9, -9, -7, -9, -11, -12, 0,
    -9, -9, 0, -9, -7, -10, -7, -8,
    -18, -7, -15, 0, 0, 0, 0, 0,
    0, 0, 0, -21, 0, 0, 0, -14,
    0, -27, -27, -27, -6, -11, 0, 0,
    0, 0, 0, -9, -31, 0, 0, -12,
    0, 0, 0, 0, -12, -9, -9, -9,
    -9, -12, -12, 0, 0, 0, -9, -9,
    0, -10, -10, -10, -10, -7, -12, -7,
    0, 0, -12, -9, -9, 0, -9, -9,
    -9, -9, 0, 0, -11, 0, 0, -12,
    0, -11, 0, 0, 0, 0, -12, -16,
    -9, -9, -9, -46, -7, -10, -10, -10,
    -10, -10, -22, -8, -31, -7, -36, -15,
    -15, 0, 0, -18, -18, -18, 0, 0,
    0, 0, 0, 0, 0, 0, 0, 0,
    0, 0, 0, 0, 0, 0, 0, 0,
    0, 0, 0, 0, 0, 0, 0, 0,
    0, 0, 0, 0, 0, 0, 0, 0,
    0, 0, 0, 0, 0, 0, 0, 0,
    0, 0, -28, 0, -21, 0, 0, -26,
    0, 0, 0, 0, 0, 0, 0, 0,
    0, 0, 0, 0, 0, 0, 0, 0,
    0, 0, 0, 0, 0, 0, 0, 0,
    0, 0, 0, 0, 0, 0, 0, 0,
    0, 0, 0, 0, 0, 0, 0, 0,
    0, 0, 0, 0, 0, 0, 0, 0,
    0, 0, 0, 0, 0, 0, 0, 0,
    0, 0, 0, 0, 0, 0, 0, 0,
    0, 0, 0, 0, 0, 0, 0, 0,
    0, 0, 0, 0, 0, 0, 0, 0,
    0, 0, 0, 0, 0, 0, 0, 0,
    0, 0, 0, 0, 0, 0, 0, 0,
    0, 0, 0, 0, 0, 0, 0, 0,
    0, 0, 0, 0, 0, 0, 0, 0,
    0, 0, 0, 0, 0, 0, 0, 0,
    0, 0, 0, 0, 0, 0, 0, 0,
    0, 0, 0, 0, 0, 0, 0, 0,
    -26, 0, 0, 0, 0, 0, 0, 0,
    0, 0, 0, 0, 0, 0, -24, 0,
    0, 0, 0, 0, 0, 0, 0, 0,
    0, 0, 0, 0, 0, 0, 0, 0,
    0, 0, 0, 0, 0, 0, 0, 0,
    0, 0, 0, 0, 0, 0, 0, 0,
    0, 0, 0, 0, 0, 0, 0, 0,
    0, 0, 0, 0, 0, 0, 0, 0,
    0, 0, 0, 0, 0, 0, 0, 0,
    0, 0, 0, 0, 0, 0, 0, 0,
    0, 0, 0, 0, 0, 0, 0, 0,
    0, 0, 0, 0, 0, 0, 0, 0,
    0, 0, 0, 0, 0, 0, 0, 0,
    0, 0, 0, 0, 0, 0, 0, 0,
    0, 0, 0, 0, 0, 0, 0, 0,
    0, 0, 0, 0, 0, 0, 0, 0,
    0, 0, 0, 0, 0, 0, 0, 0,
    0, 0, 0, 0, 0, 0, 0, 0,
    0, 0, 0, 0, 0, 0, 0, 0,
    0, 0, 0, 0, 0, 0, 0, 0,
    0, 0, 0, 0, 0, 0, 0, 0,
    0, 0, 0, 0, 0, 0, -20, 0,
    0, 0, 0, 0, 0, 0, -1, 0,
    -3, -14, -9, -7, -9, 0, 0, 0,
    0, 0, 0, 0, 0, 0, 0, 0,
    0, 0, 0, 0, 0, 0, 0, 0,
    0, 0, 0, 0, 0, 0, 0, 0,
    0, 0, 0, 0, 0, 0, 0, 0,
    0, 0, 0, 0, 0, 0, 0, 0,
    0, 0, 0, 0, 0, 0, 0, 0,
    0, 0, 0, 0, 0, 0, 0, 0,
    0, 0, 0, 0, 0, 0, 0, 0,
    0, 0, 0, 0, 0, 0, 0, 0,
    0, 0, 0, 0, 0, 0, 0, 0,
    0, 0, 0, 0, 0, 0, 0, 0,
    0, 0, 0, 0, 0, 0, 0, 0,
    0, 0, 0, 0, 0, 0, 0, 0,
    0, 0, 0, 0, 0, 0, 0, 0,
    0, 0, 0, 0, 0, 0, 0, 0,
    0, 0, 0, 0, 0, 0, 0, 0,
    0, 0, 0, 0, 0, 0, 0, 0,
    0, 0, 0, 0, 0, 0, 0, 0,
    0, 0, 0, 0, 0, 0, 0, 0,
    0, 0, 0, 0, 0, 0, 0, 0,
    0, 0, -22, 0, 0, 0, 0, 0,
    0, 0, 0, 0, 0, 0, 0, 0,
    0, 0, 0, 0, 0, 0, 0, 0,
    0, 0, 0, 0, 0, 0, 0, 0,
    0, 0, 0, 0, 0, 0, 0, 0,
    0, 0, 0, 0, 0, 0, 0, 0,
    0, 0, 0, 0, 0, 0, 0, 0,
    0, 0, 0, 0, 0, 0, 0, 0,
    0, 0, 0, 0, 0, 0, 0, 0,
    0, 0, 0, 0, 0, 0, 0, 0,
    0, 0, 0, 0, 0, 0, 0, 0,
    0, 0, 0, 0, 0, 0, 0, 0,
    0, 0, 0, 0, 0, 0, 0, 0,
    0, 0, 0, 0, 0, 0, 0, 0,
    0, 0, 0, 0, 0, 0, 0, 0,
    0, 0, 0, 0, 0, 0, 0, 0,
    0, 0, 0, 0, 0, 0, 0, 0,
    0, 0, 0, 0, 0, 0, 0, 0,
    0, 0, 0, 0, 0, 0, 0, 0,
    0, 0, 0, 0, 0, 0, 0, 0,
    0, 0, 0, 0, 0, 0, 0, 0,
    0, 0, -29, 0, 0, 0, 0, 0,
    0, 0, 0, 0, 0, 0, 0, 0,
    0, 0, 0, 0, 0, 0, 0, 0,
    0, 0, 0, 0, 0, -15, 0, 0,
    0, 0, 0, 0, 0, 0, 0, 0,
    0, 0, 0, 0, 0, 0, 0, 0,
    0, 0, 0, 0, 0, 0, 0, 0,
    0, 0, 0, 0, 0, 0, 0, 0,
    0, 0, 0, 0, 0, 0, 0, 0,
    0, 0, 0, 0, 0, 0, 0, 0,
    0, 0, 0, 0, 0, 0, 0, 0,
    0, 0, 0, 0, 0, 0, 0, 0,
    0, 0, 0, 0, 0, 0, 0, 0,
    0, 0, 0, 0, 0, 0, 0, 0,
    0, 0, 0, 0, 0, 0, 0, 0,
    0, 0, 0, 0, 0, 0, 0, 0,
    0, 0, 0, 0, 0, 0, 0, 0,
    0, 0, 0, 0, 0, 0, 0, 0,
    0, 0, 0, 0, 0, 0, 0, 0,
    0, 0, 0, 0, 0, 0, 0, 0,
    0, 0, 0, 0, 0, 0, 0, 0,
    0, 0, 0, 0, 0, 0, 0, 0,
    -19, 0, 0, -39, -27, -39, 0, 0,
    0, 0, 0, 0, 0, 0, 0, 0,
    0, 0, 0, 0, 0, 0, 0, 0,
    0, 0, 0, 0, 0, 0, 0, 0,
    0, 0, 0, 0, 0, 0, 0, 0,
    0, 0, 0, 0, 0, 0, 0, 0,
    0, 0, 0, 0, 0, 0, 0, 0,
    0, 0, 0, 0, 0, 0, 0, 0,
    0, 0, 0, 0, 0, 0, 0, 0,
    0, 0, 0, 0, 0, 0, 0, 0,
    0, 0, 0, 0, 0, 0, 0, 0,
    0, 0, 0, 0, 0, 0, 0, 0,
    0, 0, 0, 0, 0, 0, 0, 0,
    0, 0, 0, 0, 0, 0, 0, 0,
    0, 0, 0, 0, 0, 0, 0, 0,
    0, 0, 0, 0, 0, 0, 0, 0,
    0, 0, 0, 0, 0, 0, 0, 0,
    0, 0, 0, 0, 0, 0, 0, 0,
    0, 0, 0, 0, 0, 0, 0, 0,
    0, 0, 0, 0, 0, 0, 0, 0,
    0, 0, 0, 0, 0, 0, -13, -24,
    0, 0, -11, 0, -24, -15, -29, -22,
    -12, -15, -22, -15, -16, -8, -10, -10,
    -13, -12, -12, -8, -29, -12, -7, -10,
    0, 0, 0, 0, 0, -13, -10, -8,
    -8, -7, -8, -8, -10, -14, -46, -11,
    -24, -22, -15, -31, -13, 0, -22, 0,
    0, -10, -10, -10, -10, -6, -10, -10,
    -11, 0, -10, -10, 0, -8, -6, -11,
    -9, -9, -13, -9, -10, 0, 0, 0,
    0, 0, 0, 0, 0, -23, 0, 0,
    0, -12, 0, -13, -13, -13, -8, -10,
    -10, 0, 0, 0, -7, -11, -31, -11,
    -10, -10, -10, -10, -10, -10, -10, -10,
    -10, -10, -10, -11, -11, -11, 0, 0,
    -10, -10, 0, -11, -11, -11, -11, -9,
    -11, -9, -10, -10, -10, -10, -10, 0,
    -10, -10, -10, -10, 0, 0, -10, 0,
    0, -11, -11, -10, 0, 0, -11, -11,
    -11, -14, -8, -8, -8, -46, -6, -11,
    -11, -11, -11, -11, -22, -9, -31, -9,
    -13, -10, -10, -23, -23, -18, -19, -18,
    0, 0, 0, 0, 0, 0, 0, 0,
    0, 0, 0, 0, -29, 0, 0, 0,
    0, 0, 0, 0, 0, 0, 0, 0,
    0, 0, 0, 0, 0, 0, 0, 0,
    0, 0, 0, 0, 0, 0, 0, 0,
    0, 0, 0, 0, 0, 0, 0, 0,
    0, 0, 0, 0, 0, 0, 0, 0,
    0, 0, 0, 0, 0, 0, 0, 0,
    0, 0, 0, 0, 0, 0, 0, 0,
    0, 0, 0, 0, 0, 0, 0, 0,
    0, 0, 0, 0, 0, 0, 0, 0,
    0, 0, 0, 0, 0, 0, 0, 0,
    0, 0, 0, 0, 0, 0, 0, 0,
    0, 0, 0, 0, 0, 0, 0, 0,
    0, 0, 0, 0, 0, 0, 0, 0,
    0, 0, 0, 0, 0, 0, 0, 0,
    0, 0, 0, 0, 0, 0, 0, 0,
    0, 0, 0, 0, 0, 0, 0, 0,
    0, 0, 0, 0, 0, 0, 0, 0,
    0, 0, 0, 0, 0, 0, 0, 0,
    0, 0, 0, 0, 0, 0, 0, 0,
    0, 0, 0, 0, 0, 0, 0, 0,
    0, 0, -11, -7, 0, 0, 0, 0,
    -7, 0, -17, -5, 0, -39, -41, -39,
    -35, -10, -1, -3, -5, -34, -13, -10,
    -4, -7, -4, -17, 0, 0, 0, 0,
    0, -34, 0, -11, 0, 0, 0, 0,
    0, -10, 0, 0, 0, -8, 0, 0,
    0, 0, -12, 0, 0, -23, -24, -23,
    0, 0, -23, 0, 0, 0, -24, 0,
    0, 0, 0, 0, 0, 0, 0, 0,
    0, 0, 0, 0, 0, 0, 0, 0,
    0, 0, 0, 0, 0, -23, 0, 0,
    0, 0, 0, 0, 0, 0, 0, 0,
    0, 0, 0, 0, 0, 0, 0, 0,
    0, 0, 0, 0, 0, 0, 0, 0,
    0, 0, 0, 0, 0, 0, 0, 0,
    0, 0, 0, 0, 0, 0, 0, 0,
    0, 0, 0, 0, 0, 0, 0, 0,
    0, 0, 0, 0, 0, 0, 0, 0,
    0, 0, 0, 0, 0, 0, 0, 0,
    0, 0, 0, 0, 0, 0, 0, 0,
    0, 0, 0, 0, 0, 0, 0, -43,
    -43, -7, -8, -7, 0, 0, 0, 0,
    0, 0, 0, 0, 0, 0, 0, 0,
    -18, 0, 0, -39, -34, -39, -33, 0,
    0, 0, 0, 0, 0, 0, 0, 0,
    0, 0, 0, 0, 0, 0, 0, 0,
    0, 0, 0, 0, 0, 0, 0, 0,
    0, 0, 0, 0, 0, 0, 0, 0,
    0, 0, 0, 0, 0, 0, 0, 0,
    0, 0, 0, 0, 0, 0, 0, 0,
    0, 0, 0, 0, 0, 0, 0, 0,
    0, 0, 0, 0, 0, 0, 0, 0,
    0, 0, 0, 0, 0, 0, 0, 0,
    0, 0, 0, 0, 0, 0, 0, 0,
    0, 0, 0, 0, 0, 0, 0, 0,
    0, 0, 0, 0, 0, 0, 0, 0,
    0, 0, 0, 0, 0, 0, 0, 0,
    0, 0, 0, 0, 0, 0, 0, 0,
    0, 0, 0, 0, 0, 0, 0, 0,
    0, 0, 0, 0, 0, 0, 0, 0,
    0, 0, 0, 0, 0, 0, 0, 0,
    0, 0, 0, 0, 0, 0, 0, 0,
    0, 0, 0, 0, 0, 0, 0, 0,
    0, 0, 0, 0, 0, 0, -17, -35,
    0, 0, -27, 0, -35, -13, -37, -34,
    -16, -20, -12, -20, -22, -7, -24, -19,
    -7, -5, -8, -7, -33, -6, -9, -17,
    0, 0, 0, 0, 0, -18, -10, -8,
    -8, -17, -8, -8, -10, -8, -44, -9,
    -31, -28, -26, -45, -21, 0, -34, 0,
    0, -11, -4, -5, -4, -16, -5, -10,
    -11, 0, -4, -5, 0, -10, -17, -10,
    -16, -14, -26, -16, -21, 0, 0, 0,
    0, 0, 0, 0, 0, -10, 0, 0,
    0, -23, 0, -18, -18, -18, -8, -10,
    0, 0, 0, 0, 0, -9, -45, -11,
    -11, -11, -11, -11, -11, -11, -11, -4,
    -4, -4, -4, -11, -11, 0, 0, 0,
    -4, -4, 0, -10, -10, -10, -10, -16,
    -11, -16, -11, -11, -11, -4, -5, 0,
    -4, -4, -4, -5, 0, 0, -10, 0,
    0, -11, -11, -10, 0, 0, -11, -11,
    -11, -8, -10, -10, -10, -44, -17, -10,
    -10, -10, -10, -10, -28, -14, -45, -16,
    -21, -21, -21, -12, -12, -30, -31, -30,
    0, 0, 0, 0, 0, 0, 0, 0,
    0, 0, 0, 0, 0, 0, 0, 0,
    0, 0, 0, 0, 0, 0, 0, 0,
    0, 0, 0, 0, 0, 0, 0, 0,
    0, 0, 0, 0, 0, -30, 0, 0,
    -30, -30, 0, -24, -43, 0, -46, 0,
    0, -48, 0, 0, 0, 0, 0, 0,
    -22, 0, -22, 0, 0, 0, 0, 0,
    0, -22, 0, 0, 0, 0, 0, 0,
    0, 0, 0, 0, 0, 0, 0, 0,
    0, 0, 0, 0, 0, 0, 0, 0,
    0, 0, 0, 0, 0, 0, 0, 0,
    0, 0, 0, 0, 0, 0, 0, 0,
    0, 0, 0, 0, 0, 0, 0, 0,
    0, 0, 0, 0, 0, 0, 0, 0,
    0, 0, 0, 0, 0, 0, 0, 0,
    0, 0, 0, 0, 0, 0, 0, 0,
    0, 0, 0, 0, 0, 0, 0, 0,
    0, 0, 0, 0, 0, 0, 0, 0,
    0, 0, 0, 0, 0, 0, 0, 0,
    0, 0, 0, 0, 0, 0, 0, 0,
    0, 0, 0, 0, 0, 0, 0, 0,
    0, 0, -9, -35, 0, 0, 0, 0,
    -35, -16, -18, -33, -24, -8, -21, -8,
    -7, -10, -22, 0, 0, 0, 0, -10,
    0, 0, 0, -5, 0, 0, 0, -31,
    0, 0, -4, -13, -13, 0, -13, -13,
    -4, -10, -34, -13, -34, -31, -1, -36,
    -2, 0, -10, 0, -14, -7, -9, -8,
    -9, -12, -6, -7, -7, 0, -9, -8,
    0, -5, -17, -10, -21, -19, -1, -21,
    -3, 0, 0, 0, 0, 0, 0, 0,
    0, -18, 0, 0, 0, -13, 0, 0,
    0, 0, -13, -4, 0, 0, 0, 0,
    0, -13, -36, -7, -7, -7, -7, -7,
    -7, -7, -7, -9, -9, -9, -8, -7,
    -7, -7, -7, 0, -9, -8, 0, -10,
    -10, -10, -10, -21, -7, -21, -7, -7,
    -7, -9, -8, 0, -9, -9, -8, -6,
    0, 0, -4, 0, 0, -7, -7, -7,
    0, 0, -7, -7, -7, -10, -5, -5,
    -5, -34, -17, -10, -10, -10, -10, -10,
    -31, -19, -36, -21, -2, -3, -3, -21,
    -21, -32, -33, -32, -32, 0, 0, 0,
    -9, -35, 0, 0, 0, 0, -35, -16,
    -18, -33, -24, -8, -21, -8, -7, -10,
    -22, 0, 0, 0, 0, -10, 0, 0,
    0, -5, 0, 0, 0, -31, 0, 0,
    -4, -13, -13, 0, -13, -13, -4, -10,
    -34, -13, -34, -31, -1, -36, -2, 0,
    -10, 0, -14, -7, -9, -8, -9, -12,
    -6, -7, -7, 0, -9, -8, 0, -5,
    -17, -10, -21, -19, -1, -21, -3, 0,
    0, 0, 0, 0, 0, 0, 0, -18,
    0, 0, 0, -13, 0, 0, 0, 0,
    -13, -4, 0, 0, 0, 0, 0, -13,
    -36, -7, -7, -7, -7, -7, -7, -7,
    -7, -9, -9, -9, -8, -7, -7, -7,
    -7, -10, -9, -8, 0, -10, -10, -10,
    -10, -21, -7, -21, -7, -7, -7, -9,
    -8, 0, -9, -9, -8, -6, 0, 0,
    -4, 0, 0, -7, -7, -7, 0, -7,
    -7, -7, -7, -10, -5, -5, -5, -34,
    -17, -10, -10, -10, -10, -10, -31, -19,
    -36, -21, -2, -3, -3, -21, -21, -32,
    -33, -32, -32, 0, 0, 0, -8, -10,
    0, 0, 0, 0, -10, -15, -11, -10,
    -14, -9, -20, -9, -9, -8, -5, 0,
    0, 0, 0, -8, 0, 0, 0, -7,
    0, 0, 0, -12, 0, -3, -4, -9,
    -9, 1, -9, -9, -4, -10, -2, -5,
    -5, -6, -3, -3, -3, 0, -9, 0,
    -16, -7, -9, -9, -9, -10, -9, -3,
    -3, 0, -9, -9, 0, -6, -10, -11,
    -12, -12, -6, -12, -6, 0, 0, 0,
    0, 0, 0, 0, 0, -20, 0, 0,
    0, -12, 0, -3, -3, -3, -9, -4,
    0, 0, 0, 0, 0, -5, -3, -9,
    -7, -7, -7, -7, -7, -7, -7, -9,
    -9, -9, -8, -3, -3, 0, 4, -10,
    -9, -8, 0, -11, -11, -11, -11, -12,
    -3, -12, -7, -7, -7, -9, -9, 0,
    -9, -9, -8, -9, 0, 0, -4, 0,
    0, -3, -9, -3, 0, 0, -9, -9,
    -3, -10, -6, -6, -6, -2, -10, -11,
    -11, -11, -11, -11, -6, -12, -3, -12,
    -3, -6, -6, -20, -20, -13, -10, -13,
    -10, 0, 0, 0, -7, -12, 0, 0,
    0, 0, -12, -7, -25, -7, -12, -15,
    -12, -15, -16, 1, -1, 0, 0, 0,
    0, 1, 0, 0, 0, -6, 0, 0,
    0, -7, 0, -11, 0, -1, -1, -7,
    -1, -1, 0, 0, -12, -1, -11, -10,
    -15, -16, -10, 0, -18, 0, -31, -5,
    -1, -1, -1, 0, -1, -2, -3, 0,
    -1, -1, 0, -5, 0, -4, 0, -1,
    -8, 0, -6, 0, 0, 0, 0, 0,
    0, 0, 0, -7, 0, 0, 0, -10,
    0, -11, -11, -11, -1, 0, 0, 0,
    0, 0, 0, -1, -16, -5, -5, -5,
    -5, -5, -5, -5, -5, -1, -1, -1,
    -1, -3, -3, 3, 0, 0, -1, -1,
    0, -4, -4, -4, -4, 0, -3, 0,
    -5, -5, -5, -1, -1, 0, -1, -1,
    -1, -1, 0, 0, 0, 0, 0, -3,
    -5, -2, 0, 0, -5, -5, -3, 0,
    -5, -5, -5, -12, 0, -4, -4, -4,
    -4, -4, -10, -1, -16, 0, -10, -6,
    -6, -12, -12, -6, -8, -6, -7, 0,
    0, 0, -8, -10, 0, 0, 0, 0,
    -10, -15, -11, -10, -14, -9, -20, -9,
    -9, -8, -5, 0, 0, 0, 0, -8,
    0, 0, 0, -7, 0, 0, 0, -12,
    0, -3, -4, -9, -9, 1, -9, -9,
    -4, -10, -2, -5, -5, -6, -3, -3,
    -3, 0, -9, 0, -16, -7, -9, -9,
    -9, -10, -9, -3, -3, 0, -9, -9,
    0, -6, -10, -11, -12, -12, -6, -12,
    -6, 0, 0, 0, 0, 0, 0, 0,
    0, -20, 0, 0, 0, -12, 0, -3,
    -3, -3, -9, -4, 0, 0, 0, 0,
    0, -5, -3, -9, -7, -7, -7, -7,
    -7, -7, -7, -9, -9, -9, -8, -3,
    -3, 0, 4, 0, -9, -8, 0, -11,
    -11, -11, -11, -12, -3, -12, -7, -7,
    -7, -9, -9, 0, -9, -9, -8, -9,
    0, 0, -4, 0, 0, -3, -9, -3,
    0, 0, -9, -9, -3, -10, -6, -6,
    -6, -2, -10, -11, -11, -11, -11, -11,
    -6, -12, -3, -12, -3, -6, -6, -20,
    -20, -13, -10, -13, -10, 0, 0, 0,
    -6, -8, 0, 0, 0, 0, -8, -7,
    -11, -7, 0, -10, -12, -10, -10, 0,
    -1, 0, 0, 0, 0, 0, 0, 0,
    0, -4, 0, 0, 0, -7, 0, -4,
    -3, 0, 0, 0, 0, 0, -3, -1,
    -2, -2, -4, -4, -4, -3, -4, 0,
    -8, 0, -16, -3, 0, -1, 0, -1,
    0, -2, -3, 0, 0, -1, 0, -1,
    -1, -3, -2, -2, -6, -2, -4, 0,
    0, 0, 0, 0, 0, 0, 0, -10,
    0, 0, 0, -10, 0, -4, -4, -4,
    0, -3, 0, 0, 0, 0, 0, -2,
    -3, -5, -2, -3, -2, -2, -2, -2,
    -3, 0, 0, 0, 1, -3, -3, 0,
    0, 0, 0, 1, 0, -3, -3, -3,
    -3, -2, -3, -2, -2, -2, -3, 0,
    -1, 0, 0, 0, 1, 0, 0, 0,
    -3, 0, 0, -3, -5, -2, 0, 0,
    -5, -5, -3, -1, -1, -1, -1, -2,
    -1, -3, -3, -3, -3, -3, -4, -2,
    -3, -2, -4, -4, -4, -12, -12, -8,
    -8, -8, -7, 0, 0, 0, -6, -8,
    0, 0, 0, 0, -8, -7, -11, -7,
    0, -10, -12, -10, -10, 0, -1, 0,
    0, 0, 0, 0, 0, 0, 0, -4,
    0, 0, 0, -7, 0, -4, -3, 0,
    0, 0, 0, 0, -3, -1, -2, -2,
    -4, -4, -4, -3, -4, 0, -8, 0,
    -16, -3, 0, -1, 0, -1, 0, -2,
    -3, 0, 0, -1, 0, -1, -1, -3,
    -2, -2, -6, -2, -4, 0, 0, 0,
    0, 0, 0, 0, 0, -10, 0, 0,
    0, -10, 0, -4, -4, -4, 0, 11,
    0, 0, 0, 0, 0, -2, -3, -5,
    -2, -3, -2, -2, -2, -2, -3, 0,
    0, 0, 1, -3, -3, 0, 0, 0,
    0, 1, 0, -3, -3, -3, -3, -2,
    -3, -2, -2, -2, -3, 0, -1, 0,
    0, 0, 1, 0, 0, 0, -3, 0,
    0, -3, -5, -2, 0, 0, -5, -5,
    -3, -1, -1, -1, -1, -2, -1, -3,
    -3, -3, -3, -3, -4, -2, -3, -2,
    -4, -4, -4, -12, -12, -8, -8, -8,
    -7, 0, 0, 0, 0, 0, 0, 0,
    0, 0, 0, 0, 0, 0, 0, 0,
    0, 0, 0, 0, 0, 0, 0, 0,
    0, 0, 0, 0, 0, 0, 0, 0,
    0, 0, 0, 0, 0, 0, 0, 0,
    0, 0, 0, 0, 0, 0, 0, 0,
    0, 0, 0, 0, 0, 0, 0, 0,
    0, 0, 0, 0, 0, 0, 0, 0,
    0, 0, 0, 0, 0, 0, 0, 0,
    0, 0, -4, 0, 0, 0, 0, 0,
    0, 0, 0, 0, 0, 0, 0, 0,
    0, 0, 0, 0, 0, 0, 0, 0,
    0, 0, 0, 0, 0, 0, 0, 0,
    0, 0, 0, 0, 0, 0, 0, 0,
    0, 0, 0, 0, 0, 0, 0, 0,
    0, 0, 0, 0, 0, 0, 0, 0,
    0, 0, 0, 0, 0, 0, 0, 0,
    0, 0, 0, 0, 0, 0, 0, 0,
    0, 0, 0, 0, 0, 0, 0, 0,
    0, 0, 0, 0, 0, 0, 0, 0,
    0, 0, 0, 0, 0, 0, 0, 0,
    0, 0, 0, 0, 0, 0, 0, 0,
    0, 0, 0, 0, 0, 0, 0, 0,
    0, 0, 0, 0, 0, 0, -12, 0,
    0, 0, 0, 0, 0, 0, 0, 0,
    0, 0, 0, 0, 0, 0, 0, 0,
    0, 0, 0, 0, 0, 0, 0, 0,
    0, 0, 0, 0, 0, 0, 0, 0,
    0, 0, 0, 0, 0, 0, 0, 0,
    0, 0, 0, 0, 0, 0, 0, 0,
    0, 0, 0, 0, 0, 0, 0, 0,
    0, 0, 0, 0, 0, 0, 0, 0,
    0, 0, 0, 0, 0, 0, 0, 0,
    0, 0, 0, 0, 0, 41, 0, 0,
    0, 0, 0, 0, 0, 0, 0, 0,
    0, 0, 0, 0, 0, 0, 0, 0,
    0, 0, 0, 0, 0, 0, 0, 0,
    0, 0, 0, 0, 0, 0, 0, 0,
    0, 0, 0, 0, 0, 0, 0, 0,
    0, 0, 0, 0, 0, 0, 0, 0,
    0, 0, 0, 0, 0, 0, 0, 0,
    0, 0, 0, 0, 0, 0, 0, 0,
    0, 0, 0, 0, 0, 0, 0, 0,
    0, 0, 0, 0, 0, 0, 0, 0,
    -6, -15, 0, 0, 0, 0, -15, -5,
    -29, -10, -5, -18, -8, -18, -17, 3,
    -1, 0, 0, 0, 0, 3, 0, 0,
    0, -5, 0, 0, 0, -12, 0, -14,
    0, 1, 1, -14, 1, 1, 0, -1,
    -17, 0, -13, -12, -20, -18, -14, 0,
    -23, 0, -37, -3, -1, -1, -1, 0,
    -1, -1, -2, 0, -1, -1, 0, -1,
    0, -1, -1, -2, -10, -1, -6, 0,
    0, 0, 0, 0, 0, 0, 0, -8,
    0, 0, 0, -8, 0, -14, -14, -14,
    1, 0, 0, 0, 0, 0, 0, 0,
    -18, -2, -3, -3, -3, -3, -3, -3,
    -3, -1, -1, -1, -1, -2, -2, 2,
    0, 0, -1, -1, 0, -1, -1, -1,
    -1, -1, -2, -1, -3, -3, -3, -1,
    -1, 0, -1, -1, -1, -1, 0, 0,
    0, 0, 0, -2, -2, -1, 0, 0,
    -2, -2, -2, -1, -1, -1, -1, -17,
    0, -1, -1, -1, -1, -1, -12, -2,
    -18, -1, -14, -6, -6, -8, -8, -9,
    -10, -9, -9, 0, 0, 0, -7, -15,
    0, 0, 0, 0, -15, -5, -29, -10,
    -5, -18, -8, -18, -17, 3, -1, 0,
    0, 0, 0, 3, 0, 0, 0, -5,
    0, 0, 0, -11, 0, -13, 0, 1,
    1, -12, 1, 1, 0, -1, -16, 0,
    -13, -12, -20, -18, -13, 0, -22, 0,
    -35, -3, -1, 0, -1, 0, -1, -1,
    -2, 0, -1, 0, 0, 0, 0, -1,
    -1, -1, -10, -1, -6, 0, 0, 0,
    0, 0, 0, 0, 0, -8, 0, 0,
    0, -8, 0, -13, -13, -13, 1, 0,
    0, 0, 0, 0, 0, 0, -18, -2,
    -3, -3, -3, -3, -3, -3, -3, -1,
    -1, -1, -1, -2, -2, 2, 1, 0,
    -1, -1, 0, -1, -1, -1, -1, -1,
    -2, -1, -3, -3, -3, -1, 0, 0,
    -1, -1, -1, -1, 0, 0, 0, 0,
    0, -2, -2, -1, 0, 0, -2, -2,
    -2, -1, 0, 0, 0, -16, 0, -1,
    -1, -1, -1, -1, -12, -1, -18, -1,
    -13, -6, -6, -8, -8, -8, -10, -8,
    -9, 0, 0, 0, 0, 0, 0, 0,
    0, 0, 0, 0, -31, 0, 0, 0,
    0, 0, 0, 0, -4, 0, -5, -6,
    -7, 0, -19, 0, 0, 0, 0, 0,
    0, 0, 0, -19, 0, 0, 0, 0,
    0, 0, 0, 0, -20, 0, 0, 0,
    0, 0, 0, 0, 0, 0, 0, 0,
    0, 0, 0, 0, 0, 0, 0, 0,
    0, 0, 0, 0, 0, 0, 0, 0,
    0, 0, 0, 0, 0, 0, 0, 0,
    0, 0, 0, 0, 0, 0, 0, 0,
    0, 0, 0, 0, 0, 0, 0, 0,
    0, 0, 0, 0, 0, 0, 0, 0,
    0, 0, 0, 0, 0, 0, 0, 0,
    0, 0, 0, 0, 0, 0, 0, 0,
    0, 0, 0, 0, 0, 0, 0, 0,
    0, 0, 0, 0, 0, 0, 0, 0,
    0, 0, 0, 0, 0, 0, 0, 0,
    0, 0, 0, 0, 0, 0, 0, 0,
    0, 0, 0, 0, 0, 0, 0, 0,
    0, 0, 0, 0, 0, 0, 0, 0,
    0, 0, 0, 0, 0, 0, 0, 0,
    0, 0, 0, 0, 0, 0, 0, 0,
    0, 0, -17, 0, 0, 0, -8, 0,
    0, 0, 0, 0, 0, 0, 0, 0,
    0, 0, 0, 0, 0, 0, 0, 0,
    0, 0, 0, 0, 0, -12, 0, 0,
    0, 0, 0, 0, 0, 0, 0, 0,
    0, 0, 0, 0, 0, 0, 0, 0,
    0, 0, 0, 0, 0, 0, 0, 0,
    0, 0, 0, 0, -1, 0, 0, -1,
    0, 0, 0, 0, 0, 0, 0, 0,
    0, 0, 0, 0, 0, 0, 0, 0,
    0, 0, 0, 0, 0, 0, 0, 0,
    0, 0, 0, 0, 0, 0, 0, 0,
    0, 0, 0, 0, 0, 0, 0, 0,
    0, 0, 0, 0, 0, 0, 0, 0,
    0, 0, 0, 0, 0, 0, 0, 0,
    0, 0, 0, 0, 0, 0, 0, 0,
    0, 0, 0, 0, 0, 0, 0, 0,
    0, 0, 0, 0, 0, 0, 0, 0,
    0, 0, 0, 0, 0, 0, 0, 0,
    0, 0, 0, 0, 0, 0, 0, 0,
    0, 0, 0, 0, 0, 0, 0, 0,
    -6, -6, 0, 0, 0, 0, -6, -7,
    -11, -5, -8, -17, -11, -17, -17, 0,
    0, 0, 0, 0, 0, 0, 0, 0,
    0, -6, 0, 0, 0, -6, 0, -13,
    -2, 0, 0, -9, 0, 0, -2, -1,
    -2, -1, -2, -3, -6, -2, -5, 0,
    -8, 0, -31, -4, -1, -1, -1, 0,
    -1, -1, -2, 0, -1, -1, 0, -2,
    0, -2, -1, -1, -9, -1, -6, 0,
    0, 0, 0, 0, 0, 0, 0, -9,
    0, 0, 0, -11, 0, -13, -13, -13,
    0, -2, 0, 0, 0, 0, 0, -1,
    -2, -3, -3, -4, -3, -3, -3, -3,
    -4, -1, -1, -1, 0, -2, -2, 5,
    8, 0, -1, 0, 0, -2, -2, -2,
    -2, -1, -2, -1, -3, -3, -4, -1,
    -1, 0, -1, -1, 0, -1, 0, 0,
    -2, 0, 0, -2, -3, -1, 0, 0,
    -3, -3, -2, -1, -2, -2, -2, -2,
    0, -2, -2, -2, -2, -2, -3, -1,
    -2, -1, -5, -6, -6, -11, -11, -7,
    -7, -7, -6, 0, 0, 0, -8, -5,
    0, 0, 0, 0, -5, -25, -6, -9,
    -31, -39, -45, -39, -39, -16, -7, 0,
    0, 0, 0, -16, 0, 0, 0, -26,
    0, 0, 0, -11, 0, -36, -3, -18,
    -18, -32, -18, -18, -3, -14, 0, -2,
    0, 0, -1, 0, -3, 0, -5, 0,
    -42, -32, -31, -31, -31, -16, -31, -4,
    -6, -26, -31, -31, -26, -29, -17, -24,
    -17, -18, -24, -17, -24, 0, 0, 0,
    0, 0, 0, 0, 0, -45, 0, 0,
    0, -31, 0, -36, -36, -36, -18, -3,
    0, 0, 0, 0, 0, -2, 0, -25,
    -13, -32, -13, -13, -13, -13, -32, -31,
    -31, -31, -14, -6, -6, 5, 0, 0,
    -31, -14, 0, 0, 0, 0, -15, -17,
    -6, -17, -13, -13, -32, -31, -31, 0,
    -31, -31, -14, -31, 0, 0, -3, 0,
    0, -6, -25, -4, 0, 0, -25, -25,
    -6, -14, -29, -29, -29, 0, -17, 0,
    0, 0, 0, 0, 0, -18, 0, -17,
    -3, -24, -24, -46, -46, -11, -5, -11,
    -4, 0, 0, 0, 0, 0, 0, 0,
    0, 0, 0, 0, -30, 0, 0, 0,
    0, -25, 0, 0, 0, 0, 0, 0,
    0, 0, 0, 0, 0, 0, 0, 0,
    0, 0, 0, -17, 0, 0, 0, -20,
    0, 0, 0, 0, 0, 0, -15, 0,
    0, -22, 0, 0, 0, 0, 0, -5,
    0, 0, -1, 0, 0, -3, -4, 0,
    -1, 0, 0, 0, 0, -3, -1, 0,
    0, 0, 0, 0, 0, 0, 0, 0,
    0, 0, 0, 0, 0, 0, 0, 0,
    0, 0, -17, 0, 0, 0, 0, 0,
    0, 0, 0, 0, -22, 0, 0, -5,
    0, 0, 0, 0, -5, 0, 0, 0,
    0, 0, 0, 0, 0, 0, -1, 0,
    0, 0, 0, 0, 0, -1, 0, 0,
    -5, 0, 0, 0, 0, 0, 0, 0,
    0, 0, 0, 0, 0, 0, 0, 0,
    0, 0, 0, 0, 0, 0, 0, 0,
    0, 0, 0, 0, 0, 0, 0, 0,
    0, 0, 0, 0, 0, 0, 0, 0,
    0, 0, 0, 0, 0, 0, 0, 0,
    0, 0, 0, 0, 0, 0, 0, 0,
    -14, 0, -22, 0, 0, -10, -9, -10,
    0, 0, 0, 0, 0, 0, 0, 0,
    0, 0, 0, 0, 0, 0, 0, 0,
    0, 0, 0, 0, 0, 0, 0, 0,
    0, 0, 0, 0, 0, 0, 0, 0,
    0, 0, 0, 0, 0, -2, 0, 0,
    -1, -3, -1, -2, 0, 0, 0, 0,
    0, 0, -4, -2, -3, -3, 0, 0,
    -5, 0, 0, 0, 0, 0, 0, 0,
    0, 0, 0, 0, 0, -11, 0, 0,
    0, 0, 0, 0, 0, 0, 0, 0,
    0, 0, 0, 0, 0, 0, 0, 0,
    0, 0, 0, 0, 0, 0, 0, 0,
    0, 0, 0, 0, 0, 0, 0, 0,
    0, 0, 0, 0, 0, 0, 0, 0,
    0, 0, 0, 0, 0, 0, 0, 0,
    0, 0, 0, 0, 0, 0, 0, 0,
    0, 0, 0, 0, 0, 0, 0, 0,
    0, 0, 0, 0, 0, 0, 0, 0,
    0, 0, 0, 0, 0, 0, 0, 0,
    0, 0, 0, 0, 0, 0, 0, 0,
    -9, -26, 0, 0, 0, 0, -26, -10,
    -16, -23, -12, -11, -13, -11, -11, -3,
    -15, 0, 0, 0, 0, -3, 0, 0,
    0, -7, 0, 0, 0, -22, 0, -6,
    -3, -4, -4, -2, -4, -4, -3, -7,
    -16, -6, -24, -22, -7, -33, -8, 0,
    -14, 0, -16, -5, -2, -2, -2, -7,
    -2, -4, -4, 0, -2, -2, 0, -3,
    -8, -5, -8, -8, -7, -8, -7, 0,
    0, 0, 0, 0, 0, 0, 0, -12,
    0, 0, 0, -13, 0, -6, -6, -6,
    -4, -3, 0, 0, 0, 0, 0, -6,
    -33, -4, -5, -5, -5, -5, -5, -5,
    -5, -2, -2, -2, -2, -4, -4, -4,
    -4, 0, -2, -2, 0, -5, -5, -5,
    -5, -8, -4, -8, -5, -5, -5, -2,
    -2, 0, -2, -2, -2, -2, 0, 0,
    -3, 0, 0, -4, -4, -4, 0, 0,
    -4, -4, -4, -7, -3, -3, -3, -16,
    -8, -5, -5, -5, -5, -5, -22, -8,
    -33, -8, -8, -7, -7, -14, -14, -19,
    -18, -19, -18, 0, 0, 0, -9, -18,
    0, 0, 0, 0, -18, -10, -16, -23,
    -12, -11, -13, -11, -11, -3, -15, 0,
    0, 0, 0, -3, 0, 0, 0, -7,
    0, 0, 0, -22, 0, -6, -3, -4,
    -4, -2, -4, -4, -3, -7, -16, -6,
    -24, -22, -7, -33, -8, 0, -14, 0,
    -16, -5, -2, -2, -2, -7, -2, -4,
    -4, 0, -2, -2, 0, -3, -8, -5,
    -8, -8, -7, -8, -7, 0, 0, 0,
    0, 0, 0, 0, 0, -12, 0, 0,
    0, -13, 0, -6, -6, -6, -4, -3,
    0, 0, 0, 0, 0, -6, -33, -4,
    -5, -5, -5, -5, -5, -5, -5, -2,
    -2, -2, -2, -4, -4, -4, -4, -4,
    -2, -2, 0, -5, -5, -5, -5, -8,
    -4, -8, -5, -5, -5, -2, -2, 0,
    -2, -2, -2, -2, 0, 0, -3, 0,
    0, -4, -4, -4, 0, 0, -4, -4,
    -4, -7, -3, -3, -3, -16, -8, -5,
    -5, -5, -5, -5, -22, -8, -33, -8,
    -8, -7, -7, -14, -14, -19, -18, -19,
    -18, 0, 0, 0, -9, -18, 0, 0,
    0, 0, -18, -10, -16, -23, -12, -11,
    -13, -11, -11, -3, -15, 0, 0, 0,
    0, -3, 0, 0, 0, -7, 0, 0,
    0, -22, 0, -6, -3, -4, -4, -2,
    -4, -4, -3, -7, -16, -6, -24, -22,
    -7, -33, -8, 0, -14, 0, -16, -5,
    -2, -2, -2, -7, -2, -4, -4, 0,
    -2, -2, 0, -3, -8, -5, -8, -8,
    -7, -8, -7, 0, 0, 0, 0, 0,
    0, 0, 0, -12, 0, 0, 0, -13,
    0, -6, -6, -6, -4, -3, 0, 0,
    0, 0, 0, -6, -33, -4, -5, -5,
    -5, -5, -5, -5, -5, -2, -2, -2,
    -2, -4, -4, -4, -4, 0, -2, -2,
    0, -5, -5, -5, -5, -8, -4, -8,
    -5, -5, -5, -2, -2, 0, -2, -2,
    -2, -2, 0, 0, -3, 0, 0, -4,
    -4, -4, 0, 0, -4, -4, -4, -7,
    -3, -3, -3, -16, -8, -5, -5, -5,
    -5, -5, -22, -8, -33, -8, -8, -7,
    -7, -14, -14, -19, -18, -19, -18, 0,
    0, 0, -6, -22, 0, 0, 0, 0,
    -22, -5, -27, -21, -6, -11, -5, -11,
    -12, 0, -13, 0, 0, 0, 0, 0,
    0, 0, 0, -5, 0, 0, 0, -22,
    0, -8, 0, -1, -1, -3, -1, -1,
    0, -1, -32, -1, -21, -18, -14, -30,
    -9, 0, -22, 0, -26, -2, 2, 1,
    2, -2, 1, -1, -1, 0, 2, 1,
    0, 1, -3, 0, -4, -3, -12, -4,
    -7, 0, 0, 0, 0, 0, 0, 0,
    0, -4, 0, 0, 0, -10, 0, -8,
    -8, -8, -1, 0, 0, 0, 0, 0,
    0, -1, -30, -1, -2, -2, -2, -2,
    -2, -2, -2, 2, 2, 2, 2, -1,
    -1, -1, -1, 0, 2, 2, 0, 0,
    0, 0, 0, -4, -1, -4, -2, -2,
    -2, 2, 1, 0, 2, 2, 2, 1,
    0, 0, 0, 0, 0, -1, -1, -1,
    0, 0, -1, -1, -1, -1, 1, 1,
    1, -32, -3, 0, 0, 0, 0, 0,
    -18, -3, -30, -4, -9, -7, -7, -5,
    -5, -18, -19, -18, -18, 0, 0, 0,
    -7, -21, 0, 0, 0, 0, -21, -6,
    -19, -20, -5, -9, -11, -9, -13, -1,
    -10, 0, 0, 0, 0, -1, 0, 0,
    0, -3, 0, 0, 0, -21, 0, -8,
    -1, -1, -1, -1, -1, -1, -1, -1,
    -33, -3, -22, -19, -12, -30, -6, 0,
    -20, 0, -25, -2, -1, -1, -1, -1,
    -1, -2, -3, 0, -1, -1, 0, 0,
    -1, -3, -4, -4, -12, -4, -6, 0,
    0, 0, 0, 0, 0, 0, 0, -10,
    0, 0, 0, -8, 0, -8, -8, -8,
    -1, -1, 0, 0, 0, 0, 0, -3,
    -30, -3, -2, -2, -2, -2, -2, -2,
    -2, -1, -1, -1, -1, -3, -3, -3,
    -3, 0, -1, -1, 0, -3, -3, -3,
    -3, -4, -3, -4, -2, -2, -2, -1,
    -1, 0, -1, -1, -1, -1, 0, 0,
    -1, 0, 0, -3, -3, -2, 0, 0,
    -3, -3, -3, -1, 0, 0, 0, -33,
    -1, -3, -3, -3, -3, -3, -19, -4,
    -30, -4, -6, -6, -6, -11, -11, -16,
    -17, -16, -17, 0, 0, 0, -5, -21,
    0, 0, 0, 0, -21, -3, -25, 0,
    0, -10, -5, -10, -10, 0, -8, 0,
    0, 0, 0, 0, 0, 0, 0, -4,
    0, 0, 0, -18, 0, -7, 2, 0,
    0, -2, 0, 0, 2, 0, -19, -1,
    -18, 0, 0, 0, 0, 0, -20, 0,
    0, -1, 4, 3, 4, -1, 3, 1,
    0, 0, 4, 3, 0, 3, -2, 1,
    -3, -2, -11, -3, -6, 0, 0, 0,
    0, 0, 0, 0, 0, -3, 0, 0,
    0, -9, 0, -7, -7, -7, 0, 2,
    0, 0, 0, 0, 0, -1, 0, 0,
    -1, -1, -1, -1, -1, -1, -1, 4,
    4, 4, 4, 0, 0, 1, 0, 0,
    4, 4, 0, 1, 1, 1, 1, -3,
    0, -3, -1, -1, -1, 4, 3, 0,
    4, 4, 4, 3, 0, 0, 2, 0,
    0, 0, 0, 1, 0, 0, 0, 0,
    0, 0, 3, 3, 3, -19, -2, 1,
    1, 1, 1, 1, 0, -2, 0, -3,
    0, -6, -6, -5, -5, -15, -16, -15,
    -15, 0, 0, 0, -6, -22, 0, 0,
    0, 0, -22, -5, -21, -21, -6, -11,
    -5, -11, -12, 0, -13, 0, 0, 0,
    0, 0, 0, 0, 0, -5, 0, 0,
    0, -22, 0, -8, 0, -1, -1, -3,
    -1, -1, 0, -1, -32, -1, -21, -18,
    -14, -30, -9, 0, -22, 0, -26, -2,
    2, 1, 2, -2, 1, -1, -1, 0,
    2, 1, 0, 1, -3, 0, -4, -3,
    -12, -4, -7, 0, 0, 0, 0, 0,
    0, 0, 0, -4, 0, 0, 0, -10,
    0, -8, -8, -8, -1, 0, 0, 0,
    0, 0, 0, -1, -30, -1, -2, -2,
    -2, -2, -2, -2, -2, 2, 2, 2,
    2, -1, -1, -1, -1, 0, 2, 2,
    0, 0, 0, 0, 0, -4, -1, -4,
    -2, -2, -2, 2, 1, 0, 2, 2,
    2, 1, 0, 0, 0, 0, 0, -1,
    -1, -1, 0, 0, -1, -1, -1, -1,
    1, 1, 1, -32, -3, 0, 0, 0,
    0, 0, -18, -3, -30, -4, -9, -7,
    -7, -5, -5, -18, -19, -18, -18, 0,
    0, 0, -5, -16, 0, 0, 0, 0,
    -16, -5, -25, -14, 0, -11, -5, -11,
    -12, 0, -7, 0, 0, 0, 0, 0,
    0, 0, 0, -5, 0, 0, 0, -14,
    0, -8, 0, -1, -1, -3, -1, -1,
    0, -1, -5, -1, -6, -13, -11, 0,
    -5, 0, -14, 0, 0, -2, 2, 1,
    2, -2, 1, 0, -1, 0, 2, 1,
    0, 1, -3, 0, -4, -3, -12, -4,
    -7, 0, 0, 0, 0, 0, 0, 0,
    0, -4, 0, 0, 0, -10, 0, -8,
    -8, -8, -1, 0, 0, 0, 0, 0,
    0, -1, 0, -1, -2, -2, -2, -2,
    -2, -2, -2, 2, 2, 2, 2, -1,
    -1, 1, 0, 0, 2, 2, 0, 0,
    0, 0, 0, -4, -1, -4, -2, -2,
    -2, 2, 1, 0, 2, 2, 2, 1,
    0, 0, 0, 0, 0, -1, -1, 0,
    0, 0, -1, -1, -1, -1, 1, 1,
    1, -5, -3, 0, 0, 0, 0, 0,
    -13, -3, 0, -4, -5, -7, -7, -5,
    -5, -13, -10, -13, -14, 0, 0, 0,
    -5, -11, 0, 0, 0, 0, -16, -5,
    -16, -14, 0, -11, -5, -11, -12, 0,
    -7, 0, 0, 0, 0, 0, 0, 0,
    0, -5, 0, 0, 0, -14, 0, -8,
    0, -1, -1, -3, -1, -1, 0, -1,
    -5, -1, -6, -13, -11, 0, -5, 0,
    -14, 0, 0, -2, 2, 1, 2, -2,
    1, 0, -1, 0, 2, 1, 0, 1,
    -3, 0, -4, -3, -12, -4, -7, 0,
    0, 0, 0, 0, 0, 0, 0, -4,
    0, 0, 0, -10, 0, -8, -8, -8,
    -1, 0, 0, 0, 0, 0, 0, -1,
    0, -1, -2, -2, -2, -2, -2, -2,
    -2, 2, 2, 2, 2, -1, -1, 1,
    0, 0, 2, 2, 0, 0, 0, 0,
    0, -4, -1, -4, -2, -2, -2, 2,
    1, 0, 2, 2, 2, 1, 0, 0,
    0, 0, 0, -1, -1, 0, 0, 0,
    -1, -1, -1, -1, 1, 1, 1, -5,
    -3, 0, 0, 0, 0, 0, -13, -3,
    0, -4, -5, -7, -7, -5, -5, -13,
    -10, -13, -14, 0, 0, 0, 0, 0,
    0, 0, 0, 0, 0, -1, -13, 2,
    0, -4, -6, -4, -4, 8, 2, 0,
    0, 0, 0, 8, 0, 0, 0, 1,
    0, 0, 0, 0, 0, -1, 3, 7,
    7, 3, 7, 7, 3, 5, 2, 0,
    0, 0, 0, 3, 0, 0, 0, 0,
    0, 3, 9, 8, 9, 4, 8, 2,
    2, 0, 9, 8, 0, 7, 3, 3,
    4, 3, -1, 4, 2, 0, 0, 0,
    0, 0, 0, 0, 0, -4, 0, 0,
    0, -4, 0, -1, -1, -1, 7, 3,
    0, 0, 0, 0, 0, 0, 3, 2,
    3, 3, 3, 3, 3, 3, 3, 9,
    9, 9, 9, 2, 2, 3, 0, 0,
    9, 9, 0, 3, 3, 3, 3, 4,
    2, 4, 3, 3, 3, 9, 8, 0,
    9, 9, 9, 8, 0, 0, 3, 0,
    0, 2, 2, 2, 0, 0, 2, 2,
    2, 5, 7, 7, 7, 2, 3, 3,
    3, 3, 3, 3, 0, 3, 3, 4,
    0, 2, 2, -6, -6, 1, 0, 1,
    0, 0, 0, 0, 0, 0, 0, 0,
    0, 0, 0, -1, 0, 2, 0, -4,
    -6, -4, -4, 8, 2, 0, 0, 0,
    0, 8, 0, 0, 0, 1, 0, 0,
    0, 0, 0, -1, 3, 7, 7, 3,
    7, 7, 3, 5, 2, 0, 0, 0,
    0, 3, 0, 0, 0, 0, 0, 3,
    9, 8, 9, 4, 8, 2, 2, 0,
    9, 8, 0, 7, 3, 3, 4, 3,
    -1, 4, 2, 0, 0, 0, 0, 0,
    0, 0, 0, -4, 0, 0, 0, -4,
    0, -1, -1, -1, 7, 3, 0, 0,
    0, 0, 0, 0, 3, 2, 3, 3,
    3, 3, 3, 3, 3, 9, 9, 9,
    9, 2, 2, 3, 0, 7, 9, 9,
    0, 3, 3, 3, 3, 4, 2, 4,
    3, 3, 3, 9, 8, 0, 9, 9,
    9, 8, 0, 0, 3, 0, 0, 2,
    2, 2, 0, 7, 2, 2, 2, 5,
    7, 7, 9, 2, 3, 3, 3, 3,
    3, 3, 0, 3, 3, 4, 0, 2,
    5, -6, -6, 1, 0, 1, 0, 0,
    0, 0, 0, 3, 0, 0, 0, 0,
    3, 0, -6, 0, 0, -11, -13, -11,
    -10, 0, 0, 0, 0, 0, 0, 0,
    0, 0, 0, 0, 0, 0, 0, 0,
    0, 0, 0, 0, 0, 0, 0, 0,
    0, 0, 0, 0, 0, 0, 0, 0,
    0, 0, 0, 0, 0, -3, 0, 0,
    0, 0, 0, 0, 0, 0, 0, 0,
    0, 0, 0, 0, 0, 0, -5, -2,
    -3, 0, 0, 0, 0, 0, 0, 0,
    0, 0, 0, 0, 0, -11, 0, 0,
    0, 0, 0, 0, 0, 0, 0, 0,
    0, 0, 0, 0, 0, 0, 0, 0,
    0, 0, 0, 0, 0, 0, 0, 0,
    0, 0, 0, 0, 0, 0, 0, 0,
    0, 0, 0, 0, 0, 0, 0, 0,
    0, 0, 0, 0, 0, 0, 0, 0,
    0, 0, 0, 0, 0, 0, 0, 0,
    0, 0, 0, 0, 0, 0, 0, 0,
    0, 0, 0, 0, 0, 0, 0, 0,
    0, 0, 0, 0, 0, 0, 0, 0,
    0, 0, 0, 0, 0, 0, 0, 0,
    0, 0, 0, 0, 0, 0, 0, 0,
    0, 0, 0, 0, -13, 0, 0, 0,
    0, 0, 0, 0, 0, 0, 0, 0,
    0, 0, 0, 0, 0, 0, 0, 0,
    0, 0, 0, 0, 0, 0, 0, 0,
    0, 0, 0, 0, 0, 0, 0, 0,
    0, 0, 0, -3, 0, -1, 0, 0,
    0, 0, 0, 0, 0, -1, 0, -1,
    -2, 0, -3, -3, -7, 0, 0, 0,
    0, 0, 0, 0, 0, 0, 0, 0,
    0, 0, 0, 0, 0, 0, 0, 0,
    0, 0, 0, 0, 0, 0, 0, 0,
    0, 0, 0, 0, 0, 0, 0, 0,
    0, 0, 0, 0, 0, 0, 0, 0,
    0, 0, 0, 0, 0, 0, 0, 0,
    0, 0, 0, 0, 0, 0, 0, 0,
    0, 0, 0, 0, 0, 0, 0, 0,
    0, 0, 0, 0, 0, 0, 0, 0,
    0, 0, 0, 0, 0, 0, 0, 0,
    0, 0, 0, 0, 0, 0, 0, 0,
    0, 0, 0, 0, 0, 0, 0, 0,
    0, 0, 0, 0, 0, 0, 0, -15,
    0, 0, 0, 0, 0, 0, -23, 0,
    0, -13, -6, -14, 0, 0, 0, 0,
    0, 0, 0, 0, 0, 0, 0, 0,
    0, 0, 0, 0, 0, 0, 0, 0,
    0, 0, 0, 0, 0, 0, 0, 0,
    0, 0, 0, 0, 0, 0, -20, 0,
    0, -1, 0, 3, 2, 0, 3, 0,
    0, 0, 0, 0, 0, 3, 0, 0,
    -1, 0, 0, 0, 0, 0, 0, 0,
    0, 0, 0, 0, 0, 0, 0, 0,
    0, 0, 0, 0, 0, 0, 0, 0,
    0, 0, 0, 0, 0, 0, 0, 0,
    0, 0, 0, 0, 0, 0, 0, 0,
    0, 0, 0, 0, 0, 0, 0, 0,
    0, 0, 0, 0, 0, 0, 0, 0,
    0, 0, 0, 0, 0, 0, 0, 0,
    0, 0, 0, 0, 0, 0, 0, 0,
    0, 0, 0, 0, 0, 0, 0, 0,
    0, 0, 0, 0, 0, 0, 0, 0,
    0, 0, 0, 0, 0, 0, 0, 0,
    0, 0, 0, 0, 0, 0, 0, 0,
    0, 0, 0, 0, -8, -18, 0, 0,
    0, 0, -23, -8, -21, -21, -10, -10,
    -12, -10, -11, -2, -12, 0, 0, 0,
    0, -2, 0, 0, 0, -5, 0, 0,
    0, -21, 0, -6, -3, -2, -2, -1,
    -2, -2, -3, -4, -33, -4, -22, -20,
    -7, -31, -7, 0, -16, 0, -16, -3,
    0, 0, 0, -5, 0, -1, -4, 0,
    0, 0, 0, -1, -5, -3, -6, -6,
    -7, -6, -6, 0, 0, 0, 0, 0,
    0, 0, 0, -10, 0, 0, 0, -11,
    0, -6, -6, -6, -2, -3, 0, 0,
    0, 0, 0, -4, -31, -1, -3, -3,
    -3, -3, -3, -3, -3, 0, 0, 0,
    0, -4, -4, -4, -4, 0, 0, 0,
    0, -3, -3, -3, -3, -6, -4, -6,
    -3, -3, -3, 0, 0, 0, 0, 0,
    0, 0, 0, 0, -3, 0, 0, -4,
    -1, -1, 0, 0, -1, -1, -4, -4,
    -1, -1, -1, -33, -5, -3, -3, -3,
    -3, -3, -20, -6, -31, -6, -7, -6,
    -6, -12, -12, -18, -19, -18, -18, 0,
    0, 0, -7, -20, 0, 0, 0, 0,
    -20, -5, -19, -22, -6, -11, -5, -11,
    -12, 0, -13, 0, 0, 0, 0, 0,
    0, 0, 0, -5, 0, 0, 0, -23,
    0, -9, 0, -1, -1, -4, -1, -1,
    0, -1, -16, -1, -21, -18, -16, -31,
    -9, 0, -20, 0, -28, -1, 0, 2,
    0, -2, 1, 0, -1, 0, 0, 2,
    0, 1, -3, 0, -4, -4, -12, -4,
    -7, 0, 0, 0, 0, 0, 0, 0,
    0, -4, 0, 0, 0, -10, 0, -9,
    -9, -9, -1, 0, 0, 0, 0, 0,
    0, -1, -31, -1, -1, -1, -1, -1,
    -1, -1, -1, 0, 0, 0, 0, -1,
    -1, -1, -1, 0, 0, 0, 0, 0,
    0, 0, 0, -4, -1, -4, -1, -1,
    -1, 0, 2, 0, 0, 0, 0, 1,
    0, 0, 0, 0, 0, -1, -1, 0,
    0, 0, -1, -1, -1, -1, 1, 1,
    1, -16, -3, 0, 0, 0, 0, 0,
    -18, -4, -31, -4, -9, -7, -7, -5,
    -5, -18, -16, -18, -16, 0, 0, 0,
    -7, -20, 0, 0, 0, 0, -20, -5,
    -19, -22, -6, -11, -5, -11, -12, 0,
    -13, 0, 0, 0, 0, 0, 0, 0,
    0, -5, 0, 0, 0, -23, 0, -9,
    0, -1, -1, -4, -1, -1, 0, -1,
    -16, -1, -21, -18, -16, -31, -9, 0,
    -20, 0, -28, -1, 0, 2, 0, -2,
    1, 0, -1, 0, 0, 2, 0, 1,
    -3, 0, -4, -4, -12, -4, -7, 0,
    0, 0, 0, 0, 0, 0, 0, -4,
    0, 0, 0, -10, 0, -9, -9, -9,
    -1, 0, 0, 0, 0, 0, 0, -1,
    -31, -1, -1, -1, -1, -1, -1, -1,
    -1, 0, 0, 0, 0, -1, -1, -1,
    -1, -1, 0, 0, 0, 0, 0, 0,
    0, -4, -1, -4, -1, -1, -1, 0,
    2, 0, 0, 0, 0, 1, 0, 0,
    0, 0, 0, -1, -1, 0, 0, 2,
    -1, -1, -1, -1, 1, 1, 1, -16,
    -3, 0, 0, 0, 0, 0, -18, -4,
    -31, -4, -9, -7, -7, -5, -5, -18,
    -16, -18, -16, 0, 0, 0, -7, -20,
    0, 0, 0, 0, -20, -5, -19, -22,
    -6, -11, -5, -11, -12, 0, -13, 0,
    0, 0, 0, 0, 0, 0, 0, -5,
    0, 0, 0, -23, 0, -9, 0, -1,
    -1, -4, -1, -1, 0, -1, -16, -1,
    -21, -18, -16, -31, -9, 0, -20, 0,
    -28, -1, 0, 2, 0, -2, 1, 0,
    -1, 0, 0, 2, 0, 1, -3, 0,
    -4, -4, -12, -4, -7, 0, 0, 0,
    0, 0, 0, 0, 0, -4, 0, 0,
    0, -10, 0, -9, -9, -9, -1, 0,
    0, 0, 0, 0, 0, -1, -31, -1,
    -1, -1, -1, -1, -1, -1, -1, 0,
    0, 0, 0, -1, -1, -1, -1, -1,
    0, 0, 0, 0, 0, 0, 0, -4,
    -1, -4, -1, -1, -1, 0, 2, 0,
    0, 0, 0, 1, 0, 0, 0, 0,
    0, -1, -1, 0, 0, 0, -1, -1,
    -1, -1, 1, 1, 1, -16, -3, 0,
    0, 0, 0, 0, -18, -4, -31, -4,
    -9, -7, -7, -5, -5, -18, -16, -18,
    -16, 0, 0, 0, -15, -23, 0, 0,
    0, 0, -23, -12, -38, -22, -8, -39,
    -17, -39, -26, -5, -11, -22, -22, -14,
    -11, -5, -34, -11, -8, -9, 0, 0,
    0, 0, 0, -24, -9, -5, -5, -32,
    -5, -5, -9, -16, -34, -8, -23, -21,
    -37, -31, -31, 0, -35, 0, 0, -11,
    -6, -6, -6, -6, -6, -10, -10, 0,
    -6, -6, 0, -7, -6, -9, -7, -7,
    -18, -7, -15, 0, 0, 0, 0, 0,
    0, 0, 0, -16, 0, 0, 0, -12,
    0, -24, -24, -24, -5, -9, 0, 0,
    0, 0, 0, -8, -31, 0, -11, -11,
    -11, -11, -11, -11, -11, -6, -6, -6,
    -6, -10, -10, 0, 0, 0, -6, -6,
    0, -9, -9, -9, -9, -7, -10, -7,
    -11, -11, -11, -6, -6, 0, -6, -6,
    -6, -6, 0, 0, -9, 0, 0, -10,
    0, -10, 0, 0, 0, 0, -10, -16,
    -7, -7, -7, -34, -6, -9, -9, -9,
    -9, -9, -21, -7, -31, -7, -31, -15,
    -15, 0, 0, -18, -19, -18, 0, 0,
    0, 0, 0, -15, 0, 0, 0, 0,
    0, 0, -28, 0, 0, -11, -5, -11,
    -12, 0, 0, 0, 0, 0, 0, 0,
    0, 0, 0, 0, 0, 0, 0, 0,
    0, 0, 0, 0, 0, 0, 0, 0,
    0, 0, 0, 0, 0, 0, 0, 0,
    0, 0, -23, 0, 0, 0, 0, 3,
    3, 0, 3, 2, 1, 0, 0, 0,
    0, 0, 0, 0, 0, 0, 0, 0,
    0, 0, 0, 0, 0, 0, 0, 0,
    0, 0, 0, 0, 0, 0, 0, 0,
    0, 0, 0, 0, 0, 0, 0, 0,
    0, 0, 0, 0, 0, 0, 0, 0,
    0, 0, 0, 0, 0, 0, 0, 0,
    0, 0, 0, 0, 0, 0, 0, 0,
    0, 0, 0, 0, 0, 0, 0, 0,
    0, 0, 0, 0, 0, 0, 0, 0,
    0, 0, 0, 0, 0, 0, 0, 0,
    0, 0, 0, 0, 0, 0, 0, 0,
    0, 0, 0, 0, 0, 0, 0, 0,
    0, 0, 0, 0, 0, 0, 0, 0,
    0, 0, 0, 0, 0, 0, 0, 0,
    -9, -16, 0, 0, 0, 0, -16, -8,
    -21, -13, -10, -11, -13, -11, -12, -2,
    -7, 0, 0, 0, 0, -2, 0, 0,
    0, -5, 0, 0, 0, -14, 0, -7,
    -5, -2, -2, -2, -2, -2, -5, -5,
    -18, -3, -20, -17, -8, -25, -8, 0,
    -15, 0, -16, -3, -1, -1, -1, -2,
    -1, -5, -5, 0, -1, -1, 0, -1,
    -2, -4, -3, -3, -7, -3, -5, 0,
    0, 0, 0, 0, 0, 0, 0, -11,
    0, 0, 0, -11, 0, -7, -7, -7,
    -2, -5, 0, 0, 0, 0, 0, -3,
    -25, -5, -3, -3, -3, -3, -3, -3,
    -3, -1, -1, -1, -1, -5, -5, -3,
    -5, 0, -1, -1, 0, -4, -4, -4,
    -4, -3, -5, -3, -3, -3, -3, -1,
    -1, 0, -1, -1, -1, -1, 0, 0,
    -5, 0, 0, -5, -5, -5, 0, 0,
    -5, -5, -5, -5, -1, -1, -1, -18,
    -2, -4, -4, -4, -4, -4, -17, -3,
    -25, -3, -8, -5, -5, -13, -13, -12,
    -15, -12, -14, 0, 0, 0, -9, -16,
    0, 0, 0, 0, -16, -8, -21, -13,
    -10, -11, -13, -11, -12, -2, -7, 0,
    0, 0, 0, -2, 0, 0, 0, -5,
    0, 0, 0, -14, 0, -7, -5, -2,
    -2, -2, -2, -2, -5, -5, -18, -3,
    -20, -17, -8, -25, -8, 0, -15, 0,
    -16, -3, -1, -1, -1, -2, -1, -5,
    -5, 0, -1, -1, 0, -1, -2, -4,
    -3, -3, -7, -3, -5, 0, 0, 0,
    0, 0, 0, 0, 0, -11, 0, 0,
    0, -11, 0, -7, -7, -7, -2, -5,
    0, 0, 0, 0, 0, -3, -25, -5,
    -3, -3, -3, -3, -3, -3, -3, -1,
    -1, -1, -1, -5, -5, -3, -5, -3,
    -1, -1, 0, -4, -4, -4, -4, -3,
    -5, -3, -3, -3, -3, -1, -1, 0,
    -1, -1, -1, -1, 0, 0, -5, 0,
    0, -5, -5, -5, 0, 0, -5, -5,
    -5, -5, -1, -1, -1, -18, -2, -4,
    -4, -4, -4, -4, -17, -3, -25, -3,
    -8, -5, -5, -13, -13, -12, -15, -12,
    -14, 0, 0, 0, -7, -9, 0, 0,
    0, 0, -9, -7, -15, -2, -7, -26,
    -17, -26, -23, -1, -1, 0, 0, 0,
    0, -1, 0, 0, 0, -2, 0, 0,
    0, -2, 0, -21, -2, -1, -1, -22,
    -1, -1, -2, -4, -26, -1, -11, -10,
    -21, -17, -23, 0, -29, 0, -32, -7,
    -4, -4, -4, 2, -5, -2, -3, 0,
    -4, -4, 0, -4, 2, -2, 1, 1,
    -1, 1, -2, 0, 0, 0, 0, 0,
    0, 0, 0, -17, 0, 0, 0, -10,
    0, -21, -21, -21, -1, -2, 0, 0,
    0, 0, 0, -1, -17, -3, -7, -7,
    -7, -7, -7, -7, -7, -4, -4, -4,
    -4, -3, -3, -2, -3, -8, -4, -4,
    0, -2, -2, -2, -2, 1, -3, 1,
    -7, -7, -7, -4, -4, 0, -4, -4,
    -4, -5, 0, 0, -2, 0, 0, -3,
    -3, -2, 0, 0, -3, -3, -3, -4,
    -4, -4, -4, -26, 2, -2, -2, -2,
    -2, -2, -10, 1, -17, 1, -23, -2,
    -2, -17, -17, -4, -5, -4, -4, 0,
    0, 0, -6, -22, 0, 0, 0, 0,
    -22, -5, -27, -21, -6, -11, -6, -11,
    -12, 1, -12, 0, 0, 0, 0, 1,
    0, 0, 0, -5, 0, 0, 0, -22,
    0, -8, 0, 0, 0, -4, 0, 0,
    0, -1, -33, -1, -20, -18, -15, -30,
    -9, 0, -22, 0, -26, 0, 2, 1,
    2, -2, 1, -1, -1, 0, 2, 1,
    0, 1, -3, 0, -4, -3, -12, -4,
    -7, 0, 0, 0, 0, 0, 0, 0,
    0, -5, 0, 0, 0, -10, 0, -8,
    -8, -8, 0, 0, 0, 0, 0, 0,
    0, -1, -30, -1, 0, 0, 0, 0,
    0, 0, 0, 2, 2, 2, 2, -1,
    -1, -1, -1, 0, 2, 2, 0, 0,
    0, 0, 0, -4, -1, -4, 0, 0,
    0, 2, 1, 0, 2, 2, 2, 1,
    0, 0, 0, 0, 0, -1, -1, -1,
    0, 0, -1, -1, -1, -1, 1, 1,
    1, -33, -3, 0, 0, 0, 0, 0,
    -18, -3, -30, -4, -9, -7, -7, -6,
    -6, -18, -19, -18, -18, 0, 0, 0,
    -7, -9, 0, 0, 0, 0, -9, -7,
    -27, -2, -7, -26, -17, -26, -23, -1,
    -1, 0, 0, 0, 0, -1, 0, 0,
    0, -2, 0, 0, 0, -2, 0, -21,
    -2, -1, -1, -22, -1, -1, -2, -4,
    -26, -1, -11, -10, -21, -17, -23, 0,
    -29, 0, -32, -7, -4, -4, -4, 2,
    -5, -2, -3, 0, -4, -4, 0, -4,
    2, -2, 1, 1, -1, 1, -2, 0,
    0, 0, 0, 0, 0, 0, 0, -17,
    0, 0, 0, -10, 0, -21, -21, -21,
    -1, -2, 0, 0, 0, 0, 0, -1,
    -17, -3, -7, -7, -7, -7, -7, -7,
    -7, -4, -4, -4, -4, -3, -3, -2,
    -3, 0, -4, -4, 0, -2, -2, -2,
    -2, 1, -3, 1, -7, -7, -7, -4,
    -4, 0, -4, -4, -4, -5, 0, 0,
    -2, 0, 0, -3, -3, -2, 0, 0,
    -3, -3, -3, -4, -4, -4, -4, -26,
    2, -2, -2, -2, -2, -2, -10, 1,
    -17, 1, -23, -2, -2, -17, -17, -4,
    -5, -4, -4, 0, 0, 0, -9, -18,
    0, 0, 0, 0, -18, -10, -16, -23,
    -12, -11, -13, -11, -11, -3, -15, 0,
    0, 0, 0, -3, 0, 0, 0, -7,
    0, 0, 0, -22, 0, -6, -3, -4,
    -4, -2, -4, -4, -3, -7, -16, -6,
    -24, -22, -7, -33, -8, 0, -14, 0,
    -16, -5, -2, -2, -2, -7, -2, -4,
    -4, 0, -2, -2, 0, -3, -8, -5,
    -8, -8, -7, -8, -7, 0, 0, 0,
    0, 0, 0, 0, 0, -12, 0, 0,
    0, -13, 0, -6, -6, -6, -4, -3,
    0, 0, 0, 0, 0, -6, -33, -4,
    -5, -5, -5, -5, -5, -5, -5, -2,
    -2, -2, -2, -4, -4, -4, -4, 0,
    -2, -2, 0, -5, -5, -5, -5, -8,
    -4, -8, -5, -5, -5, -2, -2, 0,
    -2, -2, -2, -2, 0, 0, -3, 0,
    0, -4, -4, -4, 0, -2, -4, -4,
    -4, -7, -3, -3, -3, -16, -8, -5,
    -5, -5, -5, -5, -22, -8, -33, -8,
    -8, -7, -7, -14, -14, -19, -18, -19,
    -18, 0, 0, 0, -7, -15, 0, 0,
    0, 0, -21, -6, -19, -20, -5, -9,
    -11, -9, -13, -1, -10, 0, 0, 0,
    0, -1, 0, 0, 0, -3, 0, 0,
    0, -21, 0, -8, -1, -1, -1, -1,
    -1, -1, -1, -1, -33, -3, -22, -19,
    -12, -30, -6, 0, -20, 0, -25, -2,
    -1, -1, -1, -1, -1, -2, -3, 0,
    -1, -1, 0, 0, -1, -3, -4, -4,
    -12, -4, -6, 0, 0, 0, 0, 0,
    0, 0, 0, -10, 0, 0, 0, -8,
    0, -8, -8, -8, -1, -1, 0, 0,
    0, 0, 0, -3, -30, -3, -2, -2,
    -2, -2, -2, -2, -2, -1, -1, -1,
    -1, -3, -3, -3, -3, 0, -1, -1,
    0, -3, -3, -3, -3, -4, -3, -4,
    -2, -2, -2, -1, -1, 0, -1, -1,
    -1, -1, 0, 0, -1, 0, 0, -3,
    -3, -2, 0, 0, -3, -3, -3, -1,
    0, 0, 0, -33, -1, -3, -3, -3,
    -3, -3, -19, -4, -30, -4, -6, -6,
    -6, -11, -11, -16, -17, -16, -17, 0,
    0, 0, 0, 4, 0, 0, 0, 0,
    4, 0, 2, 0, 0, -23, -25, -23,
    -21, 0, 0, 0, 0, 0, 0, 0,
    0, 0, 0, -3, 0, 0, 0, 2,
    0, -18, 0, -1, -1, 0, -1, -1,
    0, 0, 0, 0, 0, 0, 0, 0,
    0, 0, 0, 0, 0, -11, -10, -9,
    -10, 1, -9, 0, 0, 0, -10, -9,
    0, -9, 1, -3, 0, 0, 0, 0,
    0, 0, 0, 0, 0, 0, 0, 0,
    0, -24, 0, 0, 0, 0, 0, -18,
    -18, -18, -1, 0, 0, 0, 0, 0,
    0, 0, 0, -4, -9, -11, -9, -9,
    -9, -9, -11, -10, -10, -10, -6, 0,
    0, 0, 0, 0, -10, -6, 0, -3,
    -3, -3, -3, 0, 0, 0, -9, -9,
    -11, -10, -9, 0, -10, -10, -6, -9,
    0, 0, 0, 0, 0, 0, -4, 0,
    0, 0, -4, -4, 0, 0, -9, -9,
    -9, 0, 1, -3, -3, -3, -3, -3,
    0, 0, 0, 0, 0, 0, 0, 0,
    0, 1, 4, 1, 3, 0, 0, 0,
    -8, -9, 0, 0, 0, 0, -9, -8,
    -10, -7, -10, -11, -13, -11, -10, -1,
    -4, 0, 0, 0, 0, -1, 0, 0,
    0, -5, 0, 0, 0, -9, 0, -7,
    -3, -2, -2, -2, -2, -2, -3, -4,
    -5, -2, -5, -7, -7, -5, -5, 0,
    -7, 0, -3, -3, -1, -1, -1, -2,
    -1, -2, -3, 0, -1, -1, 0, -1,
    -2, -4, -3, -3, -7, -3, -5, 0,
    0, 0, 0, 0, 0, 0, 0, -11,
    0, 0, 0, -11, 0, -7, -7, -7,
    -2, -3, 0, 0, 0, 0, 0, -2,
    -5, -5, -3, -3, -3, -3, -3, -3,
    -3, -1, -1, -1, -1, -3, -3, 0,
    0, 0, -1, -1, 0, -4, -4, -4,
    -4, -3, -3, -3, -3, -3, -3, -1,
    -1, 0, -1, -1, -1, -1, 0, 0,
    -3, 0, 0, -3, -5, -2, 0, 0,
    -5, -5, -3, -4, -1, -1, -1, -5,
    -2, -4, -4, -4, -4, -4, -7, -3,
    -5, -3, -5, -5, -5, -13, -13, -11,
    -8, -11, -9, 0, 0, 0, -5, -16,
    0, 0, 0, 0, -16, -5, -16, -14,
    0, -11, -5, -11, -12, 0, -7, 0,
    0, 0, 0, 0, 0, 0, 0, -5,
    0, 0, 0, -14, 0, -8, 0, -1,
    -1, -3, -1, -1, 0, -1, -5, -1,
    -6, -13, -11, 0, -5, 0, -14, 0,
    0, -2, 2, 1, 2, -2, 1, 0,
    -1, 0, 2, 1, 0, 1, -3, 0,
    -4, -3, -12, -4, -7, 0, 0, 0,
    0, 0, 0, 0, 0, -4, 0, 0,
    0, -10, 0, -8, -8, -8, -1, 0,
    0, 0, 0, 0, 0, -1, 0, -1,
    -2, -2, -2, -2, -2, -2, -2, 2,
    2, 2, 2, -1, -1, 1, 0, 0,
    2, 2, 0, 0, 0, 0, 0, -4,
    -1, -4, -2, -2, -2, 2, 1, 0,
    2, 2, 2, 1, 0, 0, 0, 0,
    0, -1, -1, 0, 0, 0, -1, -1,
    -1, -1, 1, 1, 1, -5, -3, 0,
    0, 0, 0, 0, -13, -3, 0, -4,
    -5, -7, -7, -5, -5, -13, -10, -13,
    -14, 0, 0, 0, -6, -22, 0, 0,
    0, 0, -22, -5, -27, -21, -6, -11,
    -5, -11, -12, 0, -13, 0, 0, 0,
    0, 0, 0, 0, 0, -5, 0, 0,
    0, -22, 0, -8, 0, -1, -1, -3,
    -1, -1, 0, -1, -32, -1, -21, -18,
    -14, -30, -9, 0, -22, 0, -26, -2,
    2, 1, 2, -2, 1, -1, -1, 0,
    2, 1, 0, 1, -3, 0, -4, -3,
    -12, -4, -7, 0, 0, 0, 0, 0,
    0, 0, 0, -4, 0, 0, 0, -10,
    0, -8, -8, -8, -1, 0, 0, 0,
    0, 0, 0, -1, -30, -1, -2, -2,
    -2, -2, -2, -2, -2, 2, 2, 2,
    2, -1, -1, -1, -1, 0, 2, 2,
    0, 0, 0, 0, 0, -4, -1, -4,
    -2, -2, -2, 2, 1, 0, 2, 2,
    2, 1, 0, 0, 0, 0, 0, -1,
    -1, -1, 0, 2, -1, -1, -1, -1,
    1, 1, 1, -32, -3, 0, 0, 0,
    0, 0, -18, -3, -30, -4, -9, -7,
    -7, -5, -5, -18, -19, -18, -18, 0,
    0, 0, -6, -14, 0, 0, 0, 0,
    -14, -6, -25, -10, -8, -12, -9, -12,
    -13, 1, -1, 0, 0, 0, 0, 1,
    0, 0, 0, -7, 0, 0, 0, -10,
    0, -7, -1, 0, 0, -2, 0, 0,
    -1, 0, -14, 0, -12, -12, -10, -16,
    -6, 0, -20, 0, -29, -2, 1, 2,
    1, -2, 1, -1, -2, 0, 1, 2,
    0, -1, -2, -1, -1, -2, -9, -1,
    -6, 0, 0, 0, 0, 0, 0, 0,
    0, -8, 0, 0, 0, -10, 0, -7,
    -7, -7, 0, -1, 0, 0, 0, 0,
    0, 0, -16, -3, -2, -2, -2, -2,
    -2, -2, -2, 1, 1, 1, 1, -2,
    -2, 1, 0, 0, 1, 1, 0, -1,
    -1, -1, -1, -1, -2, -1, -2, -2,
    -2, 1, 2, 0, 1, 1, 1, 1,
    0, 0, -1, 0, 0, -2, -3, -1,
    0, 0, -3, -3, -2, 0, -1, -1,
    -1, -14, -2, -1, -1, -1, -1, -1,
    -12, -2, -16, -1, -6, -6, -6, -9,
    -9, -9, -12, -9, -10, 0, 0, 0,
    -9, -16, 0, 0, 0, 0, -16, -8,
    -21, -13, -10, -11, -13, -11, -12, -2,
    -7, 0, 0, 0, 0, -2, 0, 0,
    0, -5, 0, 0, 0, -14, 0, -7,
    -5, -2, -2, -2, -2, -2, -5, -5,
    -18, -3, -20, -17, -8, -25, -8, 0,
    -15, 0, -16, -3, -1, -1, -1, -2,
    -1, -5, -1, 0, -1, -1, 0, -1,
    -2, -4, -3, -3, -7, -3, -5, 0,
    0, 0, 0, 0, 0, 0, 0, -11,
    0, 0, 0, -11, 0, -7, -7, -7,
    -2, -5, 0, 0, 0, 0, 0, -3,
    -25, -5, -3, -3, -3, -3, -3, -3,
    -3, -1, -1, -1, -1, -5, -5, -3,
    -5, 0, -1, -1, 0, -4, -4, -4,
    -4, -3, -5, -3, -3, -3, -3, -1,
    -1, 0, -1, -1, -1, -1, 0, 0,
    -5, 0, 0, -5, -5, -5, 0, 0,
    -5, -5, -5, -5, -1, -1, -1, -18,
    -2, -4, -4, -4, -4, -4, -17, -3,
    -25, -3, -8, -5, -5, -13, -13, -12,
    -15, -12, -14, 0, 0, 0, -9, -16,
    0, 0, 0, 0, -16, -8, -21, -13,
    -10, -11, -13, -11, -12, -2, -7, 0,
    0, 0, 0, -2, 0, 0, 0, -5,
    0, 0, 0, -14, 0, -7, -5, -2,
    -2, -2, -2, -2, -5, -5, -18, -3,
    -20, -17, -8, -25, -8, 0, -15, 0,
    -16, -3, -1, -1, -1, -2, -1, -5,
    -5, 0, -1, -1, 0, -1, -2, -4,
    -3, -3, -7, -3, -5, 0, 0, 0,
    0, 0, 0, 0, 0, -11, 0, 0,
    0, -11, 0, -7, -7, -7, -2, -5,
    0, 0, 0, 0, 0, -3, -25, -5,
    -3, -3, -3, -3, -3, -3, -3, -1,
    -1, -1, -1, -5, -5, -3, -5, 0,
    -1, -1, 0, -4, -4, -4, -4, -3,
    -5, -3, -3, -3, -3, -1, -1, 0,
    -1, -1, -1, -1, 0, 0, -5, -5,
    0, -5, -5, -5, 0, 0, -5, -5,
    -5, -5, -1, -1, -1, -18, -2, -4,
    -4, -4, -4, -4, -17, -3, -25, -3,
    -8, -5, -5, -13, -13, -12, -15, -12,
    -14, 0, 0, 0, 0, 0, 0, 0,
    0, 0, 0, 0, 0, 0, 0, 0,
    0, 0, 0, 0, 0, 0, 0, 0,
    0, 0, 0, 0, 0, 0, 0, 0,
    0, 0, 0, -6, 0, 0, 0, 0,
    0, 0, 0, 0, 0, 0, 0, 0,
    0, 0, 0, 0, 0, 0, 0, -4,
    0, 0, -1, 0, 0, 0, 0, 0,
    -1, 0, 0, 0, 0, 0, 0, 0,
    0, 0, 0, 0, 0, 0, 0, 0,
    0, 0, 0, 0, 0, 0, 0, 0,
    0, 0, 0, 0, 0, 0, 0, 0,
    0, 0, 0, 0, 0, 0, 0, 0,
    0, 0, 0, 0, 0, 0, 0, 0,
    0, 0, 0, 0, 0, 0, 0, 0,
    0, 0, 0, 0, 0, 0, 0, 0,
    0, 0, 0, 0, 0, 0, 0, 0,
    0, 0, 10, 0, 0, 0, 0, 0,
    0, 0, 0, 0, 0, 0, 0, 0,
    0, 0, 0, 0, 0, 0, 0, 0,
    0, 0, 0, 0, 0, 0, 0, 0,
    0, 0, 0, 0, 0, 0, 0, 0,
    0, 0, -8, -23, 0, 0, 0, 0,
    -23, -8, -21, -21, -10, -10, -12, -10,
    -11, -2, -12, 0, 0, 0, 0, -2,
    0, 0, 0, -5, 0, 0, 0, -21,
    0, -6, -3, -2, -2, -1, -2, -2,
    -3, -4, -33, -4, -22, -20, -7, -31,
    -7, 0, -16, 0, -16, -3, 0, 0,
    0, -5, 0, -1, -4, 0, 0, 0,
    0, -1, -5, -3, -6, -6, -7, -6,
    -6, 0, 0, 0, 0, 0, 0, 0,
    0, -10, 0, 0, 0, -11, 0, -6,
    -6, -6, -2, -3, 0, 0, 0, 0,
    0, -4, -31, -1, -3, -3, -3, -3,
    -3, -3, -3, 0, 0, 0, 0, -4,
    -4, -4, -4, 0, 0, 0, 0, -3,
    -3, -3, -3, -6, -4, -6, -3, -3,
    -3, 0, 0, 0, 0, 0, 0, 0,
    0, -4, -3, 0, 0, -4, -1, -1,
    0, 0, -1, -1, -4, -4, -1, -1,
    -1, -33, -5, -3, -3, -3, -3, -3,
    -20, -6, -31, -6, -7, -6, -6, -12,
    -12, -18, -19, -18, -18, 0, 0, 0,
    -6, -8, 0, 0, 0, 0, -8, -7,
    -11, -7, 0, -10, -12, -10, -10, 0,
    -1, 0, 0, 0, 0, 0, 0, 0,
    0, -4, 0, 0, 0, -7, 0, -4,
    -3, 0, 0, 0, 0, 0, -3, -1,
    -2, -2, -4, -4, -4, -3, -4, 0,
    -8, 0, -16, -3, 0, -1, 0, -1,
    0, -2, -3, 0, 0, -1, 0, -1,
    -1, -3, -2, -2, -6, -2, -4, 0,
    0, 0, 0, 0, 0, 0, 0, -10,
    0, 0, 0, -10, 0, -4, -4, -4,
    0, -3, 0, 0, 0, 0, 0, -2,
    -3, -5, -2, -3, -2, -2, -2, -2,
    -3, 0, 0, 0, 1, -3, -3, 0,
    0, 0, 0, 1, 0, -3, -3, -3,
    -3, -2, -3, -2, -2, -2, -3, 0,
    -1, 0, 0, 0, 1, 0, 0, 0,
    22, 0, 0, -3, -5, -2, 0, 0,
    -5, -5, -3, -1, -1, -1, -1, -2,
    -1, -3, -3, -3, -3, -3, -4, -2,
    -3, -2, -4, -4, -4, -12, -12, -8,
    -8, -8, -7, 0, 0, 0, -8, 0,
    0, 0, 0, 0, -9, -8, 0, -7,
    -10, -11, -13, -11, -10, -1, -4, 0,
    0, 0, 0, -1, 0, 0, 0, -5,
    0, 0, 0, -9, 0, -7, -3, -2,
    -2, -2, -2, -2, -3, -4, -5, -2,
    -5, -7, -7, -5, -5, 0, -7, 0,
    -3, -3, -1, -1, -1, -2, -1, -2,
    -3, 0, -1, -1, 0, -1, -2, -4,
    -3, -3, -7, -3, -5, 0, 0, 0,
    0, 0, 0, 0, 0, -11, 0, 0,
    0, -11, 0, -7, -7, -7, -2, -3,
    0, 0, 0, 0, 0, -2, -5, -5,
    -3, -3, -3, -3, -3, -3, -3, -1,
    -1, -1, -1, -3, -3, 0, 0, 0,
    -1, -1, 0, -4, -4, -4, -4, -3,
    -3, -3, -3, -3, -3, -1, -1, 0,
    -1, -1, -1, -1, 0, 0, -3, 0,
    0, -3, -5, -2, 0, 0, -5, -5,
    -3, -4, -1, -1, -1, -5, -2, -4,
    -4, -4, -4, -4, -7, -3, -5, -3,
    -5, -5, -5, -13, -13, -11, -8, -11,
    -9, 0, 0, 0, 0, -3, 0, 0,
    0, 0, -3, -2, -7, -2, -5, 0,
    -7, 0, -5, 6, 1, 0, 0, 0,
    0, 6, 0, 0, 0, 0, 0, 0,
    0, 0, 0, -2, 3, 6, 6, 2,
    6, 6, 3, 2, -1, 5, -2, -2,
    -2, -1, 3, 0, -3, 0, -16, 3,
    8, 7, 8, 3, 7, 1, 1, 0,
    8, 7, 0, 5, 3, 1, 3, 3,
    -2, 3, 1, 0, 0, 0, 0, 0,
    0, 0, 0, -5, 0, 0, 0, -5,
    0, -2, -2, -2, 6, 3, 0, 0,
    0, 0, 0, 5, -1, 0, 3, 3,
    3, 3, 3, 3, 3, 8, 8, 8,
    8, 1, 1, 2, 2, 0, 8, 8,
    0, 1, 1, 1, 1, 3, 1, 3,
    3, 3, 3, 8, 7, 0, 8, 8,
    8, 7, 0, 0, 3, 0, 0, 1,
    0, 1, 0, 0, 0, 0, 1, 2,
    5, 5, 5, -1, 3, 1, 1, 1,
    1, 1, -2, 3, -1, 3, 3, 1,
    1, -7, -7, 0, -3, 0, 0, 0,
    0, 0, 0, 0, 0, 0, 0, 0,
    0, 0, 0, 0, 0, 0, -11, 0,
    0, 0, 0, 0, 0, 0, 0, 0,
    0, 0, 0, 0, 0, 0, 0, 0,
    0, 0, 0, 0, 0, 0, 0, 0,
    0, 0, 0, 0, 0, 0, 0, 0,
    0, 0, 0, 0, 0, 0, 0, 0,
    0, 0, 0, 0, 0, 0, 0, 0,
    0, -1, 0, 0, 0, 0, 0, 0,
    0, 0, 0, 0, 0, 0, 0, 0,
    0, 0, 0, 0, 0, 0, 0, 0,
    0, 0, 0, 0, 0, 0, 0, 0,
    0, 0, 0, 0, 0, 0, 0, 0,
    0, 0, 0, 0, 0, 0, 0, 0,
    0, 0, 0, 0, 0, 0, 0, 0,
    0, 0, 0, 0, 0, 0, 0, 0,
    0, 0, 0, 0, 0, 0, 0, 0,
    0, 0, 0, 0, 0, 0, 0, 0,
    0, 0, 0, 0, 0, 0, 0, 0,
    0, 0, 0, 0, 0, 0, 0, 0,
    0, 0, 0, 0, 0, 0, 0, 0,
    0, 0, 0, 0, 0, 0, 0, 0,
    -10, -11, 0, 0, 0, 0, -11, -22,
    -9, -15, -45, -10, -34, -10, -7, -17,
    -15, 0, 0, 0, 0, -17, 0, 0,
    0, -7, 0, 0, 0, -18, 0, 0,
    -3, -21, -21, 0, -21, -21, -3, -14,
    -2, -6, -3, -4, 0, -3, -2, 0,
    -7, 0, -14, -10, -17, -15, -17, -14,
    -11, -6, -6, 0, -17, -15, -5, -11,
    -22, -14, -25, -24, 0, -25, -5, 0,
    0, 0, 0, 0, 0, 0, 0, -29,
    0, 0, 0, -16, 0, 0, 0, 0,
    -21, -3, 0, 0, 0, 0, 0, -6,
    -3, -9, -10, -10, -10, -10, -10, -10,
    -10, -17, -17, -17, -16, -6, -6, -1,
    0, 0, -17, -16, 0, -14, -14, -14,
    -14, -25, -6, -25, -10, -10, -10, -17,
    -15, 0, -17, -17, -16, -11, 0, 0,
    -3, 2, 0, -6, -9, -6, 0, 0,
    -9, -9, -6, -14, -11, -11, -11, -2,
    -22, -14, -14, -14, -14, -14, -4, -24,
    -3, -25, -2, -5, -5, -34, -34, -17,
    -12, -17, -11, 0, 0, 0, -6, -14,
    0, 0, 0, 0, -14, -12, -17, -7,
    -15, -6, -28, -6, -3, -4, 0, 0,
    0, 0, 0, -4, 0, 0, 0, -2,
    0, 0, 0, -3, 0, 0, -3, -4,
    -4, 0, -4, -4, -3, -5, -26, -3,
    -15, -14, 0, -21, -1, 0, -5, 0,
    -14, -7, -10, -9, -10, 1, -6, -3,
    -3, 0, -10, -9, 0, -6, 1, -4,
    -3, -3, -3, -3, -1, 0, 0, 0,
    0, 0, 0, 0, 0, -24, 0, 0,
    0, -11, 0, 0, 0, 0, -4, -3,
    0, 0, 0, 0, 0, -3, -21, -3,
    -7, -7, -7, -7, -7, -7, -7, -10,
    -10, -10, -10, -3, -3, -3, -3, 0,
    -10, -10, 0, -4, -4, -4, -4, -3,
    -3, -3, -7, -7, -7, -10, -9, 0,
    -10, -10, -10, -6, 0, 0, -3, -3,
    0, -3, -3, -3, 0, 0, -3, -3,
    -3, -5, -6, -6, -6, -26, 1, -4,
    -4, -4, -4, -4, -14, -3, -21, -3,
    -1, -1, -1, -29, -29, -7, -9, -7,
    -7, 0, 0, 0, -9, -37, 0, 0,
    0, 0, -37, -19, -20, -61, -39, -8,
    -33, -8, -8, -14, -26, 0, 0, 0,
    0, -14, 0, 0, 0, -6, 0, 0,
    0, -33, 0, -2, -5, -18, -18, 1,
    -18, -18, -5, -12, -38, -16, -39, -32,
    -3, -41, -3, 0, -14, 0, -15, -7,
    -12, -11, -12, -16, -10, -7, -8, 0,
    -12, -11, 0, -6, -20, -12, -26, -22,
    -5, -26, -5, 0, 0, 0, 0, 0,
    0, 0, 0, -22, 0, 0, 0, -14,
    0, -2, -2, -2, -18, -5, 0, -5,
    0, 0, 0, -16, -41, -8, -7, -7,
    -7, -7, -7, -7, -7, -12, -12, -12,
    -12, -8, -8, -8, -8, 0, -12, -12,
    0, -12, -12, -12, -12, -26, -8, -26,
    -7, -7, -7, -12, -11, 0, -12, -12,
    -12, -10, 0, 0, -5, 0, 0, -8,
    -8, -7, 0, 0, -8, -8, -8, -12,
    -6, -6, -6, -38, -20, -12, -12, -12,
    -12, -12, -32, -22, -41, -26, -3, -5,
    -5, -40, -40, -37, -39, -37, -59, 0,
    0, 0, 0, 0, 0, 0, 0, 0,
    0, 0, 0, 0, 0, 0, 0, 0,
    0, 0, 0, 0, 0, 0, 0, 0,
    0, 0, 0, 0, 0, 0, 0, 0,
    0, 0, 0, 0, 0, 0, 0, 0,
    0, 0, 0, 0, 0, 0, 0, 0,
    0, 0, 0, 0, 0, 0, 0, 0,
    0, 0, 0, 0, 0, 0, 0, 0,
    0, 0, 0, 0, 0, 0, 0, 0,
    -5, 0, 0, 0, 0, 0, 0, 0,
    0, 0, 0, 0, 0, 0, 0, 0,
    0, 0, 0, 0, 0, 0, 0, 0,
    0, 0, 0, 0, 0, 0, 0, 0,
    0, 0, 0, 0, 0, 0, 0, 0,
    0, 0, 0, 0, 0, 0, 0, 0,
    0, 0, 0, 0, 0, 0, 0, 0,
    0, 0, 0, 0, 0, 0, 0, 0,
    0, 0, 0, 0, 0, 0, 0, 0,
    0, 0, 0, -5, 0, 0, 0, 0,
    0, 0, 0, 0, 0, 0, 0, 0,
    0, 0, 0, 0, 0, 0, -5, 0,
    0, 0, 0, 0, 0, 0, 0, 0,
    -9, -37, 0, 0, 0, 0, -37, -19,
    -20, -61, -39, -8, -33, -8, -8, -14,
    -26, 0, 0, 0, 0, -14, 0, 0,
    0, -6, 0, 0, 0, -33, 0, -2,
    -5, -18, -18, 1, -18, -18, -5, -12,
    -38, -16, -39, -32, -3, -41, -3, 0,
    -14, 0, -15, -7, -12, -11, -12, -16,
    -10, -7, -8, 0, -12, -11, 0, -6,
    -20, -12, -26, -22, -5, -26, -5, 0,
    0, 0, 0, 0, 0, 0, 0, -22,
    0, 0, 0, -14, 0, -2, -2, -2,
    -18, -5, 0, 0, 0, 0, 0, -16,
    -41, -8, -7, -7, -7, -7, -7, -7,
    -7, -12, -12, -12, -12, -8, -8, -8,
    -8, 0, -12, -12, 0, -12, -12, -12,
    -12, -26, -8, -26, -7, -7, -7, -12,
    -11, 0, -12, -12, -12, -10, 0, 0,
    -5, 0, 0, -8, -8, -7, 0, 0,
    -8, -8, -8, -12, -6, -6, -6, -38,
    -20, -12, -12, -12, -12, -12, -32, -22,
    -41, -26, -3, -5, -5, -40, -40, -37,
    -39, -37, -59, 0, 0, 0, 0, 0,
    0, 0, 0, 0, 0, 0, -19, 0,
    0, 0, -37, 0, 0, 0, 0, 0,
    0, 0, 0, 0, 0, 0, 0, 0,
    0, 0, 0, 0, 0, 0, 0, 0,
    0, 0, -15, 0, 0, -10, 0, -11,
    0, 0, 0, 0, 0, 0, 0, 0,
    0, -7, 0, 0, 0, 0, 0, 0,
    0, 0, 0, 0, 0, 0, 0, -12,
    -16, 0, 0, 0, 0, 0, 0, 0,
    0, 0, 0, 0, 0, 0, 0, 0,
    0, 0, 0, 0, 0, 0, 0, 0,
    0, 0, 0, 0, 0, 0, 0, 0,
    0, 0, 0, 0, 0, 0, 0, 0,
    0, 0, 0, 0, 0, 0, 0, 0,
    0, 0, 0, 0, -11, 0, 0, 0,
    0, 0, 0, 0, 0, 0, 0, 0,
    0, 0, 0, 0, 0, 0, 0, 0,
    0, 0, 0, 0, 0, 0, 0, 0,
    0, 0, 0, 0, 0, 0, 0, 0,
    0, 0, 0, 0, 0, 0, 0, 0,
    0, 0, 0, 0, 0, 0, 0, 0,
    0, 0, 0, 0, -9, -37, 0, 0,
    0, 0, -37, -18, -20, 0, 0, -7,
    -37, -7, -8, 0, 0, 0, 0, 0,
    0, 0, 0, 0, 0, -6, 0, 0,
    0, -32, 0, -1, -5, -17, -17, 1,
    -17, -17, -5, -11, -36, -15, -38, -31,
    -2, -41, -2, 0, -14, 0, 0, -6,
    -12, -10, -12, 0, 0, -7, -8, 0,
    -12, -10, 0, -5, 0, -11, -25, 0,
    0, -25, -4, 0, 0, 0, 0, 0,
    0, 0, 0, -22, 0, 0, 0, -13,
    0, -1, -1, -1, -17, -5, 0, 0,
    0, 0, 0, -15, -41, 0, -6, -6,
    -6, -6, -6, -6, -6, -12, -12, -12,
    -12, -8, -8, 0, 0, 0, -12, -12,
    0, -11, -11, -11, -11, -25, -8, -25,
    -6, -6, -6, -12, -10, 0, -12, -12,
    -12, 0, 0, 0, -5, 0, 0, -8,
    0, -7, 0, 0, 0, 0, -8, -11,
    -5, -5, -5, -36, 0, -11, -11, -11,
    -11, -11, -31, 0, -41, -25, -2, -4,
    -4, -39, -39, -37, -39, -37, -41, 0,
    0, 0, 0, 0, 0, 0, 0, 0,
    -7, 0, -15, 0, 0, -14, -14, -14,
    0, 0, 0, 0, 0, 0, 0, 0,
    0, 0, 0, 0, 0, 0, 0, 0,
    0, 0, 0, 0, 0, 0, 0, 0,
    0, 0, 0, 0, 0, 0, 0, 0,
    0, 0, 0, 0, 0, -2, -1, 0,
    -1, 0, 1, 0, 0, 0, -1, 0,
    0, 0, 4, 0, 0, 0, 0, 2,
    0, 0, 0, 0, 0, 0, 0, 0,
    0, 0, 0, 0, 0, 0, 0, 0,
    0, 0, 0, 0, 0, 0, 0, 0,
    0, 0, 0, 0, 0, 0, 0, 0,
    0, 0, 0, 0, 0, 0, 0, 0,
    0, 0, 0, 0, -1, 0, 0, 0,
    0, 0, 0, 0, 0, 0, 0, 0,
    -2, 0, 0, 0, 0, -1, 0, 0,
    0, 0, 0, 0, 0, 0, 0, 0,
    0, 3, 0, 0, 0, 0, 0, 0,
    0, 0, 0, 0, 0, 0, 0, 0,
    0, 0, 0, 0, 0, 0, 0, 0,
    0, 0, 0, 0, 0, 0, 0, 0,
    -8, -23, 0, 0, 0, 0, -23, -8,
    -21, -21, -10, -10, -12, -10, -11, -2,
    -12, 0, 0, 0, 0, -2, 0, 0,
    0, -5, 0, 0, 0, -21, 0, -6,
    -3, -2, -2, -1, -2, -2, -3, -4,
    -33, -4, -22, -20, -7, -31, -7, 0,
    -16, 0, -16, -3, 0, 0, 0, -5,
    0, -1, -4, 0, 0, 0, 0, -1,
    -5, -3, -6, -6, -7, -6, -6, 0,
    0, 0, 0, 0, 0, 0, 0, -10,
    0, 0, 0, -11, 0, -6, -6, -6,
    -2, -3, 0, 0, 0, 0, 0, -4,
    -31, -1, -3, -3, -3, -3, -3, -3,
    -3, 0, 0, 0, 0, -4, -4, -4,
    -4, 0, 0, 0, 0, -3, -3, -3,
    -3, -6, -4, -6, -3, -3, -3, 0,
    0, 0, 0, 0, 0, 0, 0, 0,
    -3, 0, 0, -4, -1, -1, 0, 0,
    -1, -1, -4, -4, -1, -1, -1, -33,
    -5, -3, -3, -3, -3, -3, -20, -6,
    -31, -6, -7, -6, -6, -12, -12, -18,
    -19, -18, -18, 0, 0, 0, -8, -23,
    0, 0, 0, 0, -23, -8, -21, -21,
    -10, -10, -12, -10, -11, -2, -12, 0,
    0, 0, 0, -2, 0, 0, 0, -5,
    0, 0, 0, -21, 0, -6, -3, -2,
    -2, -1, -2, -2, -3, -4, -33, -4,
    -22, -20, -7, -31, -7, 0, -9, 0,
    -16, -3, 0, 0, 0, -5, 0, -1,
    -4, 0, 0, 0, 0, -1, -5, -3,
    -6, -6, -7, -6, -6, 0, 0, 0,
    0, 0, 0, 0, 0, -10, 0, 0,
    0, -11, 0, -6, -6, -6, -2, -3,
    0, 0, 0, 0, 0, -4, -31, -1,
    -3, -3, -3, -3, -3, -3, -3, 0,
    0, 0, 0, -4, -4, -4, -4, 0,
    0, 0, 0, -3, -3, -3, -3, -6,
    -4, -6, -3, -3, -3, 0, 0, 0,
    0, 0, 0, 0, 0, 0, -3, 0,
    0, -4, -1, -1, 0, 0, -1, -1,
    -4, -4, -1, -1, -1, -33, -5, -3,
    -3, -3, -3, -3, -20, -6, -31, -6,
    -7, -6, -6, -12, -12, -18, -19, -18,
    -18, 0, 0, 0, -7, -20, 0, 0,
    0, 0, -20, -5, -12, -22, -6, -11,
    -5, -11, -12, 0, -13, 0, 0, 0,
    0, 0, 0, 0, 0, -5, 0, 0,
    0, -23, 0, -9, 0, -1, -1, -4,
    -1, -1, 0, -1, -16, -1, -21, -18,
    -16, -31, -9, 0, -20, 0, -28, -1,
    0, 2, 0, -2, 1, 0, -1, 0,
    0, 2, 0, 1, -3, 0, -4, -4,
    -12, -4, -7, 0, 0, 0, 0, 0,
    0, 0, 0, -4, 0, 0, 0, -10,
    0, -9, -9, -9, -1, 0, 0, 0,
    0, 0, 0, -1, -31, -1, -1, -1,
    -1, -1, -1, -1, -1, 0, 0, 0,
    0, -1, -1, -1, -1, 0, 0, 0,
    0, 0, 0, 0, 0, -4, -1, -4,
    -1, -1, -1, 0, 2, 0, 0, 0,
    0, 1, 0, 0, 0, 0, 0, -1,
    -1, 0, 0, 0, -1, -1, -1, -1,
    1, 1, 1, -16, -3, 0, 0, 0,
    0, 0, -18, -4, -31, -4, -9, -7,
    -7, -5, -5, -18, -16, -18, -16, 0,
    0, 0, -5, -11, 0, 0, 0, 0,
    -11, -11, -15, -6, -13, -8, -22, -8,
    -4, -3, 0, 0, 0, 0, 0, -3,
    0, 0, 0, -3, 0, 0, 0, -6,
    0, 0, 0, -3, -3, 0, -3, -3,
    0, -5, -8, -3, -9, -9, 0, -13,
    -1, 0, -6, 0, -14, -7, -9, -8,
    -9, -1, -7, -3, -3, 0, -9, -8,
    0, -6, -1, -6, -1, -2, 0, -1,
    -2, 0, 0, 0, 0, 0, 0, 0,
    0, -23, 0, 0, 0, -11, 0, 0,
    0, 0, -3, 0, 0, 0, 0, 0,
    0, -3, -13, -5, -7, -7, -7, -7,
    -7, -7, -7, -9, -9, -9, -8, -3,
    -3, 4, 2, 0, -9, -8, 0, -6,
    -6, -6, -6, -1, -3, -1, -7, -7,
    -7, -9, -8, 0, -9, -9, -8, -7,
    0, 0, 0, 0, 0, -3, -5, -3,
    0, 0, -5, -5, -3, -5, -6, -6,
    -6, -8, -1, -6, -6, -6, -6, -6,
    -9, -2, -13, -1, -1, -2, -2, -23,
    -23, -7, -9, -7, -8, 0, 0, 0,
    0, 0, 0, 0, 0, 0, 0, 0,
    0, 0, 0, -30, -19, -30, 0, 0,
    0, 0, 0, 0, 0, 0, 0, 0,
    0, 0, 0, 0, 0, 0, 0, 0,
    0, 0, 0, 0, 0, 0, 0, 0,
    0, 0, 0, 0, 0, 0, 0, 0,
    0, 0, 0, 0, 0, -3, 0, 0,
    0, 0, 0, 0, 0, 0, 0, -3,
    4, 0, 0, 0, 0, 0, 0, 0,
    0, 0, 0, 0, 0, 0, 0, 0,
    0, 0, 0, 0, 0, 0, 0, 0,
    0, 0, 0, 0, 0, 0, 0, 0,
    0, 0, 0, 0, 0, 0, 0, 0,
    0, 0, 0, 0, 0, 0, 0, 0,
    0, 0, 0, 0, 0, 0, 0, 0,
    0, 0, 0, 0, 0, 0, 0, 0,
    0, 0, 0, 0, 0, 0, 0, 0,
    0, 0, 0, 0, 0, 0, 0, 0,
    0, -3, 0, 0, 0, 0, 0, 0,
    0, 0, 0, 0, 0, 0, 0, 0,
    0, 0, 0, 0, 0, 0, 0, 0,
    0, 0, 0, 0, 0, 0, -6, -8,
    0, 0, 0, 0, -8, -6, -27, -3,
    -6, -30, -19, -30, -23, -1, -1, 0,
    0, 0, 0, -1, 0, 0, 0, -2,
    0, 0, 0, -3, 0, -21, -1, -1,
    -1, -23, -1, -1, -1, -4, -25, -1,
    -11, -9, -22, -18, -22, 0, -29, 0,
    -30, -5, -3, -3, -3, 4, -3, -2,
    -3, 0, -3, -3, 0, -3, 4, -2,
    4, 3, -3, 4, -1, 0, 0, 0,
    0, 0, 0, 0, 0, -18, 0, 0,
    0, -8, 0, -21, -21, -21, -1, -1,
    0, 0, 0, 0, 0, -1, -18, -3,
    -5, -5, -5, -5, -5, -5, -5, -3,
    -3, -3, -3, -3, -3, -2, -3, 0,
    -3, -3, 0, -2, -2, -2, -2, 4,
    -3, 4, -5, -5, -5, -3, -3, 0,
    -3, -3, -3, -3, 0, 0, -1, 0,
    0, -3, -3, -2, 0, 0, -3, -3,
    -3, -4, -3, -3, -3, -25, 4, -2,
    -2, -2, -2, -2, -9, 3, -18, 4,
    -22, -1, -1, -20, -20, -5, -6, -5,
    -5, 0, 0, 0, 0, 0, 0, 0,
    0, 0, 0, 0, 0, 0, 0, -30,
    -19, -30, 0, 0, 0, 0, 0, 0,
    0, 0, 0, 0, 0, 0, 0, 0,
    0, 0, 0, 0, 0, 0, 0, 0,
    0, 0, 0, 0, 0, 0, 0, 0,
    0, 0, 0, 0, 0, 0, 0, -5,
    -3, 0, -3, 0, 0, 0, 0, 0,
    -3, 0, 0, -3, 0, -2, 0, 0,
    0, 0, 0, 0, 0, 0, 0, 0,
    0, 0, 0, 0, 0, 0, 0, 0,
    0, 0, 0, 0, 0, 0, 0, 0,
    0, 0, 0, 0, 0, 0, 0, -5,
    0, 0, 0, 0, 0, 0, 0, 0,
    0, 0, -3, 0, 0, 0, 0, 0,
    0, 0, 0, 0, 0, 0, 0, 0,
    0, 0, 0, 0, 0, 0, 0, 0,
    0, 0, 0, 0, 0, 0, 0, 0,
    0, 0, 0, 0, 0, 0, 0, 0,
    0, 0, 0, 0, 0, 0, 0, -2,
    0, 0, 0, 0, 0, 0, 0, 0,
    0, 0, 0, 0, 0, 0, 0, 0,
    0, 0, -5, -10, 0, 0, 0, 0,
    -10, -5, -20, -6, -12, -9, -7, -9,
    -11, 2, 0, 0, 0, 0, 0, 2,
    0, 0, 0, -5, 0, 0, 0, -5,
    0, -5, 0, 0, 0, 0, 0, 0,
    0, 0, -6, 0, -9, -8, -8, -12,
    -3, 0, -14, 0, -26, 0, -1, 0,
    -1, -1, 0, -1, 0, 0, -1, 0,
    0, -1, -1, -1, 0, -1, -7, 0,
    -5, 0, 0, 0, 0, 0, 0, 0,
    0, -5, 0, 0, 0, -11, 0, -5,
    -5, -5, 0, 0, 0, 0, 0, 0,
    0, 0, -12, -1, -1, 0, -1, -1,
    -1, -1, 0, -1, -1, -1, 0, 0,
    0, 5, 3, 0, -1, 0, 0, -1,
    -1, -1, -1, 0, 0, 0, -1, -1,
    0, -1, 0, 0, -1, -1, 0, 0,
    0, 0, 0, 0, 0, 0, -1, -1,
    0, 0, -1, -1, 0, 0, -1, -1,
    -1, -6, -1, -1, -1, -1, -1, -1,
    -8, -1, -12, 0, -3, -5, -5, -7,
    -7, -8, -9, -8, -8, 0, 0, 0,
    0, 0, 0, 0, 0, 0, 0, 0,
    -14, 0, 0, 0, -8, 0, 0, 0,
    0, 0, 0, 0, 0, 0, 0, 0,
    0, 0, 0, 0, 0, 0, 0, 0,
    0, 0, 0, 0, 0, 0, 0, 0,
    0, 0, 0, 0, 0, 0, 0, 0,
    0, 0, 0, 5, 8, 0, 8, 0,
    0, 3, 0, 0, 8, 0, 0, 0,
    0, 4, 0, 0, 0, 0, 0, 0,
    0, 0, 0, 0, 0, 0, 0, 0,
    0, 0, 0, 0, 0, 0, 0, 0,
    0, 0, 0, 0, 0, 0, 0, 0,
    0, 0, 0, 0, 0, 0, 0, 0,
    0, 0, 0, 0, 0, 0, 0, 0,
    0, 0, 0, 0, 0, 0, 0, 0,
    0, 0, 0, 0, 0, 0, 0, 8,
    0, 0, 0, 0, 8, 0, 0, 0,
    0, 0, 0, 0, 0, 0, 0, 0,
    3, 0, 0, 0, 0, 0, 0, 0,
    0, 0, 0, 4, 0, 0, 0, 0,
    0, 0, 0, 0, 0, 0, 0, 0,
    0, 0, 0, 0, 0, 0, -4, -19,
    0, 0, 0, 0, -19, -3, -23, -16,
    -6, -5, -10, -5, -8, 3, -5, 0,
    0, 0, 0, 3, 0, 0, 0, -1,
    0, 0, 0, -19, 0, -3, 2, 1,
    1, 0, 1, 1, 2, 0, -31, 0,
    -18, -15, -6, -27, -3, 0, -18, 0,
    -20, 3, 5, 5, 5, 0, 5, 1,
    0, 0, 5, 5, 0, 3, 0, 1,
    -2, -1, -6, -2, -1, 0, 0, 0,
    0, 0, 0, 0, 0, -6, 0, 0,
    0, -5, 0, -3, -3, -3, 1, 2,
    0, 0, 0, 0, 0, 0, -27, 0,
    3, 3, 3, 3, 3, 3, 3, 5,
    5, 5, 5, 0, 0, 1, 0, 0,
    5, 5, 0, 1, 1, 1, 1, -2,
    0, -2, 3, 3, 3, 5, 5, 0,
    5, 5, 5, 5, 0, 0, 2, 0,
    0, 0, 0, 1, 0, 0, 0, 0,
    0, 0, 3, 3, 3, -31, 0, 1,
    1, 1, 1, 1, -15, -1, -27, -2,
    -3, -1, -1, -10, -10, -14, -15, -14,
    -14, 0, 0, 0, -5, -10, 0, 0,
    0, 0, -10, -5, -20, -6, -12, -9,
    -7, -9, -11, 2, 0, 0, 0, 0,
    0, 2, 0, 0, 0, -5, 0, 0,
    0, -5, 0, -5, 0, 0, 0, 0,
    0, 0, 0, 0, -6, 0, -9, -8,
    -8, -12, -3, 0, -14, 0, -26, 0,
    -1, 0, -1, -1, 0, -1, 0, 0,
    -1, 0, 0, -1, -1, -1, 0, -1,
    -7, 0, -5, 0, 0, 0, 0, 0,
    0, 0, 0, -5, 0, 0, 0, -11,
    0, -5, -5, -5, 0, 0, 0, 0,
    0, 0, 0, 0, -12, -1, -1, 0,
    -1, -1, -1, -1, 0, -1, -1, -1,
    0, 0, 0, 5, 3, 0, -1, 0,
    0, -1, -1, -1, -1, 0, 0, 0,
    -1, -1, 0, -1, 0, 0, -1, -1,
    0, 0, 0, 0, 0, 2, 0, 0,
    -1, -1, 0, 0, -1, -1, 0, 0,
    -1, -1, -1, -6, -1, -1, -1, -1,
    -1, -1, -8, -1, -12, 0, -3, -5,
    -5, -7, -7, -8, -9, -8, -8, 0,
    0, 0, -4, -12, 0, 0, 0, 0,
    -19, -3, -10, -16, -6, -5, -10, -5,
    -8, 3, -5, 0, 0, 0, 0, 3,
    0, 0, 0, -1, 0, 0, 0, -19,
    0, -3, 2, 1, 1, 0, 1, 1,
    2, 0, -31, 0, -18, -15, -6, -27,
    -3, 0, -18, 0, -20, 3, 5, 5,
    5, 0, 5, 1, 0, 0, 5, 5,
    0, 3, 0, 1, -2, -1, -6, -2,
    -1, 0, 0, 0, 0, 0, 0, 0,
    0, -6, 0, 0, 0, -5, 0, -3,
    -3, -3, 1, 2, 0, 0, 0, 0,
    0, 0, -27, 0, 3, 3, 3, 3,
    3, 3, 3, 5, 5, 5, 5, 0,
    0, 1, 0, 0, 5, 5, 0, 1,
    1, 1, 1, -2, 0, -2, 3, 3,
    3, 5, 5, 0, 5, 5, 5, 5,
    0, 0, 2, 1, 2, 0, 0, 1,
    0, 0, 0, 0, 0, 0, 3, 3,
    3, -31, 0, 1, 1, 1, 1, 1,
    -15, -1, -27, -2, -3, -1, -1, -10,
    -10, -14, -15, -14, -14, 0, 0, 0,
    -7, 0, 0, 0, 0, 0, 0, -22,
    -8, -5, -34, -39, -45, -39, -37, -13,
    -4, 0, 0, 0, 0, -13, 0, 0,
    0, -35, 0, 0, 0, -8, 0, -34,
    -2, -16, -16, -29, -16, -16, -2, -11,
    1, -2, 0, -1, -2, 0, -2, 0,
    -5, 0, -39, -34, -33, 0, -33, -16,
    -33, -3, -4, -32, -33, 0, -32, -32,
    -19, -26, -26, -26, -26, -26, 0, 0,
    0, 0, 0, 0, 0, 0, 0, -44,
    0, 0, 0, -46, 0, -34, -34, -34,
    -16, -2, 0, 0, 0, 0, 0, -2,
    0, -20, -13, -34, -13, -13, -13, -13,
    -34, -33, -33, -33, -15, -4, -4, 0,
    9, 0, -33, -15, 0, 0, 0, 0,
    0, -26, -4, -26, -13, -13, -34, -33,
    0, 0, -33, -33, -15, -33, 0, 0,
    -2, 0, 0, -4, -20, -3, 0, 0,
    -20, -20, -4, -11, -32, -32, -32, 1,
    -19, 0, 0, 0, 0, 0, -1, -26,
    0, -26, -2, 0, 0, -46, -46, -8,
    0, -8, -3, 0, 0, 0, 1, 3,
    0, 0, 0, 0, 3, -6, 2, 0,
    0, -5, -20, -5, -5, 0, 0, 0,
    0, 0, 0, 0, 0, 0, 0, 0,
    0, 0, 0, 0, 0, 0, 0, 0,
    0, 0, 0, 0, 0, 0, 0, 0,
    0, 0, 0, 0, 0, 0, 1, 0,
    0, -2, -5, -4, -5, 2, 0, 0,
    0, 0, -5, -4, 0, -1, 2, -3,
    1, 0, 0, 1, 0, 0, 0, 0,
    0, 0, 0, 0, 0, -19, 0, 0,
    0, 0, 0, 0, 0, 0, 0, 0,
    0, 0, 0, 0, 0, 0, 0, 0,
    0, -2, 0, 0, 0, 0, -2, -5,
    -5, -5, -3, 0, 0, 0, 0, 0,
    -5, -3, 0, -3, -3, -3, -3, 1,
    0, 1, 0, 0, -2, -5, -4, 0,
    -5, -5, -3, 0, 0, 0, 0, 0,
    0, 0, 0, 0, 0, 0, 0, 0,
    0, 0, -1, -1, -1, 0, 2, -3,
    -3, -3, -3, -3, 0, 0, 0, 1,
    0, 0, 0, -20, -20, 0, 1, 0,
    3, 0, 0, 0, -9, -16, 0, 0,
    0, 0, -16, -8, -21, -13, -10, -11,
    -13, -11, -12, -2, -7, 0, 0, 0,
    0, -2, 0, 0, 0, -5, 0, 0,
    0, -14, 0, -7, -5, -2, -2, -2,
    -2, -2, -5, -5, -18, -3, -20, -17,
    -8, -25, -8, 0, -15, 0, -16, -3,
    -1, -1, -1, -2, -1, -5, 0, 0,
    -1, -1, 0, -1, -2, -4, -3, -3,
    -7, -3, -5, 0, 0, 0, 0, 0,
    0, 0, 0, -11, 0, 0, 0, -11,
    0, -7, -7, -7, -2, -5, 0, 0,
    0, 0, 0, -3, -25, -5, -3, -3,
    -3, -3, -3, -3, -3, -1, -1, -1,
    -1, -5, -5, -3, -5, 0, -1, -1,
    0, -4, -4, -4, -4, -3, -5, -3,
    -3, -3, -3, -1, -1, 0, -1, -1,
    -1, -1, 0, 0, -5, 0, 0, -5,
    -5, -5, 0, 0, -5, -5, -5, -5,
    -1, -1, -1, -18, -2, -4, -4, -4,
    -4, -4, -17, -3, -25, -3, -8, -5,
    -5, -13, -13, -12, -15, -12, -14, 0,
    0, 0, -10, -7, 0, 0, 0, 0,
    -7, -20, -11, -8, -21, -35, -27, -35,
    -35, -11, -4, 0, 0, 0, 0, -11,
    0, 0, 0, -18, 0, 0, 0, -10,
    0, -31, -4, -12, -12, -25, -12, -12,
    -4, -11, -1, -3, -1, -3, -4, 0,
    -6, 0, -8, 0, -35, -20, -18, -18,
    -18, -9, -18, -5, -6, -12, -18, -18,
    -12, -16, -9, -16, -10, -11, -17, -10,
    -17, 0, 0, 0, 0, 0, 0, 0,
    0, -28, 0, 0, 0, -22, 0, -31,
    -31, -31, -12, -4, 0, 0, 0, 0,
    0, -3, 0, -17, -14, -20, -14, -14,
    -14, -14, -20, -18, -18, -18, -13, -6,
    -6, 3, 5, 0, -18, -13, 0, -16,
    -16, -16, -16, -10, -6, -10, -14, -14,
    -20, -18, -18, 0, -18, -18, -13, -18,
    0, 0, -4, 0, 0, -6, -17, -5,
    0, 0, -17, -17, -6, -11, -16, -16,
    -16, -1, -9, -16, -16, -16, -16, -16,
    -3, -11, 0, -10, -6, -17, -17, -27,
    -27, -11, -8, -11, -7, 0, 0, 0,
    -7, -10, 0, 0, 0, 0, -10, -7,
    -28, -6, -7, -23, -14, -23, -22, -1,
    -1, 0, 0, 0, 0, -1, 0, 0,
    0, -3, 0, 0, 0, -3, 0, -19,
    -2, -1, -1, -16, -1, -1, -2, -5,
    -26, -1, -12, -11, -21, -18, -19, 0,
    -29, 0, -27, -6, -4, -3, -4, 1,
    -3, -2, -3, 0, -4, -3, 0, -3,
    1, -2, 1, 0, -2, 1, -3, 0,
    0, 0, 0, 0, 0, 0, 0, -14,
    0, 0, 0, -9, 0, -19, -19, -19,
    -1, -2, 0, 0, 0, 0, 0, -1,
    -18, -3, -6, -6, -6, -6, -6, -6,
    -6, -4, -4, -4, -4, -3, -3, -2,
    -3, 0, -4, -4, 0, -2, -2, -2,
    -2, 1, -3, 1, -6, -6, -6, -4,
    -3, 0, -4, -4, -4, -3, 0, 0,
    -2, 0, 0, -3, -3, -2, 0, 0,
    -3, -3, -3, -5, -3, -3, -3, -26,
    1, -2, -2, -2, -2, -2, -11, 0,
    -18, 1, -19, -3, -3, -15, -15, -6,
    -7, -6, -6, 0, 0, 0, -8, -5,
    0, 0, 0, 0, -5, -25, -6, -9,
    -31, -39, -45, -39, -39, -16, -7, 0,
    0, 0, 0, -16, 0, 0, 0, -26,
    0, 0, 0, -11, 0, -36, -3, -18,
    -18, -32, -18, -18, -3, -14, 0, -2,
    0, 0, -1, 0, -3, 0, -5, 0,
    -42, -32, -31, -31, -31, -16, -31, -4,
    -6, -26, -31, -31, -26, -29, -17, -24,
    -17, -18, -24, -17, -24, 0, 0, 0,
    0, 0, 0, 0, 0, -45, 0, 0,
    0, -31, 0, -36, -36, -36, -18, -3,
    0, 0, 0, 0, 0, -2, 0, -25,
    -13, -32, -13, -13, -13, -13, -32, -31,
    -31, -31, -14, -6, -6, 5, 0, 0,
    -31, -14, 0, 0, 0, 0, 0, -17,
    -6, -17, -13, -13, -32, -31, -31, 0,
    -31, -31, -14, -31, 0, 0, -3, 0,
    0, -6, -25, -4, 0, 0, -25, -25,
    -6, -14, -29, -29, -29, 0, -17, 0,
    0, 0, 0, 0, 0, -18, 0, -17,
    -3, -24, -24, -46, -46, -11, -5, -11,
    -4, 0, 0, 0, -7, -9, 0, 0,
    0, 0, -7, -7, -27, -2, -7, -26,
    -17, -26, -23, -1, -1, 0, 0, 0,
    0, -1, 0, 0, 0, -2, 0, 0,
    0, -2, 0, -21, -2, -1, -1, -22,
    -1, -1, -2, -4, -26, -1, -11, -10,
    -21, -17, -23, 0, -29, 0, -32, -7,
    -4, -4, -4, 2, -5, -2, -3, 0,
    -4, -4, 0, -4, 2, -2, 1, 1,
    -1, 1, -2, 0, 0, 0, 0, 0,
    0, 0, 0, -17, 0, 0, 0, -10,
    0, -21, -21, -21, -1, -2, 0, 0,
    0, 0, 0, -1, -17, -3, -7, -7,
    -7, -7, -7, -7, -7, -4, -4, -4,
    -4, -3, -3, -2, -3, 0, -4, -4,
    0, -2, -2, -2, -2, 1, -3, 1,
    -7, -7, -7, -4, -4, 0, -4, -4,
    -4, -5, 0, 0, -2, 0, 0, -3,
    -3, -2, 0, 0, -3, -3, -3, -4,
    -4, -4, -4, -26, 2, -2, -2, -2,
    -2, -2, -10, 1, -17, 1, -23, -2,
    -2, -17, -17, -4, -5, -4, -4, 0,
    0, 0, -8, -5, 0, 0, 0, 0,
    -5, -25, -6, -9, -31, -39, -45, -39,
    -39, -16, -7, 0, 0, 0, 0, -16,
    0, 0, 0, -26, 0, 0, 0, -11,
    0, -36, -3, -18, -18, -32, -18, -18,
    -3, -14, 0, -2, 0, 0, -1, 0,
    -3, 0, -5, 0, -42, -32, -31, -31,
    -31, -16, -31, -4, -6, -26, -31, -31,
    -26, -29, -17, 0, -17, -18, -24, -17,
    -24, 0, 0, 0, 0, 0, 0, 0,
    0, -45, 0, 0, 0, -31, 0, -36,
    -36, -36, -18, -3, 0, 0, 0, 0,
    0, -2, 0, -25, -13, -32, -13, -13,
    -13, -13, -32, -31, -31, -31, -14, -6,
    -6, 5, 0, 0, -31, -14, 0, 0,
    0, 0, 0, -17, -6, -17, -13, -13,
    -32, -31, -31, 0, -31, -31, -14, -31,
    0, 0, -3, 0, 0, -6, -25, -4,
    0, 0, -25, -25, -6, -14, -29, -29,
    -29, 0, -17, 0, 0, 0, 0, 0,
    0, -18, 0, -17, -3, -24, -24, -46,
    -46, -11, -5, -11, -4, 0, 0, 0,
    -7, -7, 0, 0, 0, 0, -7, -17,
    -9, -7, -29, -8, -31, -8, -8, -9,
    -3, 0, 0, 0, 0, -9, 0, 0,
    0, -6, 0, 0, 0, -8, 0, -2,
    -2, -12, -12, 1, -12, -12, -2, -7,
    -1, -4, -2, -4, -2, -1, -2, 0,
    -6, 0, -15, -7, -12, -10, -12, -10,
    -10, -3, -3, 0, -12, -10, 0, -5,
    -12, -11, -13, -14, -5, -13, -5, 0,
    0, 0, 0, 0, 0, 0, 0, -22,
    0, 0, 0, -14, 0, -2, -2, -2,
    -12, -2, 0, 0, 0, 0, 0, -4,
    -1, -8, -6, -7, -6, -6, -6, -6,
    -7, -12, -12, -12, -9, -3, -3, 5,
    0, 0, -12, -9, 0, -11, -11, -11,
    -11, -13, -3, -13, -6, -6, -7, -12,
    -10, 0, -12, -12, -9, -10, 0, 0,
    -2, 0, 0, -3, -8, -3, 0, 0,
    -8, -8, -3, -7, -5, -5, -5, -1,
    -12, -11, -11, -11, -11, -11, -4, -14,
    -1, -13, -2, -5, -5, -32, -32, -10,
    -7, -10, -7, 0, 0, 0, -8, -15,
    0, 0, 0, 0, -15, -10, -19, -10,
    -10, -8, -20, -8, -8, -3, -3, 0,
    0, 0, 0, -3, 0, 0, 0, -5,
    0, 0, 0, -11, 0, -3, -4, -4,
    -4, 0, -4, -4, -4, -8, -26, -5,
    -17, -16, -5, -23, -4, 0, -14, 0,
    -15, -5, -6, -5, -6, 0, -5, -4,
    -4, 0, -6, -5, 0, -3, -1, -4,
    0, -1, -3, 0, -4, 0, 0, 0,
    0, 0, 0, 0, 0, -21, 0, 0,
    0, -10, 0, -3, -3, -3, -4, -4,
    0, 0, 0, 0, 0, -5, -23, -4,
    -5, -5, -5, -5, -5, -5, -5, -6,
    -6, -6, -6, -4, -4, -3, -4, 0,
    -6, -6, 0, -4, -4, -4, -4, 0,
    -4, 0, -5, -5, -5, -6, -5, 0,
    -6, -6, -6, -5, 0, 0, -4, 0,
    0, -4, -4, -4, 0, 0, -4, -4,
    -4, -8, -3, -3, -3, -26, -1, -4,
    -4, -4, -4, -4, -16, -1, -23, 0,
    -4, -4, -4, -20, -20, -9, -12, -9,
    -11, 0, 0, 0, -8, -15, 0, 0,
    0, 0, -15, -10, -11, -10, -10, -8,
    -20, -8, -8, -3, -3, 0, 0, 0,
    0, -3, 0, 0, 0, -5, 0, 0,
    0, -11, 0, -3, -4, -4, -4, 0,
    -4, -4, -4, -8, -26, -5, -17, -16,
    -5, -23, -4, 0, -14, 0, -15, -5,
    -6, -5, -6, 0, -5, -4, -4, 0,
    -6, -5, 0, -3, -1, -4, 0, -1,
    -3, 0, -4, 0, 0, 0, 0, 0,
    0, 0, 0, -21, 0, 0, 0, -10,
    0, -3, -3, -3, -4, -4, 0, 0,
    0, 0, 0, -5, -23, -4, -5, -5,
    -5, -5, -5, -5, -5, -6, -6, -6,
    -6, -4, -4, -3, -4, 0, -6, -6,
    0, -4, -4, -4, -4, 0, -4, 0,
    -5, -5, -5, -6, -5, 0, -6, -6,
    -6, -5, 0, 0, -4, 0, 0, -4,
    -4, -4, 0, 0, -4, -4, -4, -8,
    -3, -3, -3, -26, -1, -4, -4, -4,
    -4, -4, -16, -1, -23, 0, -4, -4,
    -4, -20, -20, -9, -12, -9, -11, 0,
    0, 0, -19, -34, 0, 0, 0, 0,
    -34, -14, -40, 0, 0, -24, 0, -24,
    -24, -7, -33, -24, -11, -8, -14, -7,
    -35, -9, -14, -18, 0, 0, 0, 0,
    0, -21, -12, -8, -8, -28, -8, -8,
    -12, -12, -46, -11, -30, -27, -30, -46,
    -23, 0, -39, 0, 0, -14, -5, -6,
    -5, -15, -6, -12, -13, 0, -5, -6,
    0, -13, -17, -12, -16, -15, -30, -16,
    -22, 0, 0, 0, 0, 0, 0, 0,
    0, -12, 0, 0, 0, -23, 0, -21,
    -21, -21, -8, -12, 0, 0, 0, 0,
    0, -11, -46, -13, -14, -14, -14, -14,
    -14, -14, -14, -5, -5, -5, -5, -13,
    -13, 0, 0, 0, -5, -5, 0, -12,
    -12, -12, -12, -16, -13, -16, -14, -14,
    -14, -5, -6, 0, -5, -5, -5, -6,
    0, 0, -12, 0, 0, -13, -13, -12,
    0, 0, -13, -13, -13, -12, -13, -13,
    -13, -46, -17, -12, -12, -12, -12, -12,
    -27, -15, -46, -16, -23, -22, -22, -13,
    -13, -33, -34, -33, 0, 0, 0, 0,
    -19, -34, 0, 0, 0, 0, -34, -14,
    -40, 0, 0, -24, 0, -24, -24, -7,
    -33, -24, -11, -8, -14, -7, -35, -9,
    -14, -18, 0, 0, 0, 0, 0, -21,
    -12, -8, -8, -28, -8, -8, -12, -12,
    -46, -11, -30, -27, -30, -46, -23, 0,
    -39, 0, 0, -14, -5, -6, -5, -15,
    -6, -12, -13, 0, -5, -6, 0, -13,
    -17, -12, -16, -15, -30, -16, -22, 0,
    0, 0, 0, 0, 0, 0, 0, -12,
    0, 0, 0, -23, 0, -21, -21, -21,
    -8, -12, 0, 0, 0, 0, 0, -11,
    -46, -13, -14, -14, -14, -14, -14, -14,
    -14, -5, -5, -5, -5, -13, -13, 0,
    0, 0, -5, -5, 0, -12, -12, -12,
    -12, -16, -13, -16, -14, -14, -14, -5,
    -6, 0, -5, -5, -5, -6, 0, 0,
    -12, 0, 0, -13, -13, -12, 0, 0,
    -13, -13, -13, -12, -13, -13, -13, -46,
    -17, -12, -12, -12, -12, -12, -27, -15,
    -46, -16, -23, -22, -22, -13, -13, -33,
    -34, -33, -41, 0, 0, 0, -9, -7,
    0, 0, -4, 0, -7, -16, -12, -7,
    -18, -39, -32, -39, -33, -8, -1, -5,
    -7, -27, -12, -8, -5, -8, -4, -14,
    0, 0, 0, 0, 0, -32, -6, -8,
    -8, -33, -8, -8, -6, -11, -6, -5,
    -6, -7, -10, -5, -12, 0, -10, 0,
    0, -18, -18, -18, -18, -4, -18, 0,
    -9, 0, -18, -18, 0, -16, -4, -11,
    -4, -6, -14, -4, -11, 0, 0, 0,
    0, 0, 0, 0, 0, -30, 0, 0,
    0, -18, -33, -32, -32, -32, -8, -6,
    0, 0, 0, 0, 0, -5, -5, -12,
    -15, -18, -15, -15, -15, -15, -18, -18,
    -18, -18, -15, -9, -9, 0, 0, 0,
    -18, -15, 0, -11, -11, -11, -11, -4,
    -9, -4, -15, -15, -18, -18, -18, 0,
    -18, -18, -15, -18, 0, 0, -6, 0,
    0, -9, -12, 0, 0, 0, -12, -12,
    -9, -11, -16, -16, -16, -6, -4, -11,
    -11, -11, -11, -11, -7, -6, -5, -4,
    -12, -11, -11, -33, -33, -8, -9, -8,
    0, -37, 0, -37, 0, 0, 0, 0,
    0, 0, 0, 0, -12, 0, 0, -39,
    -39, -39, 0, 0, 0, 0, 0, 0,
    0, 0, 0, 0, 0, 0, 0, 0,
    0, 0, 0, -38, -11, -17, -17, -36,
    -17, -17, -11, -15, -5, -9, -7, -8,
    -11, -6, -11, 0, 0, 0, 0, -28,
    -28, -28, -28, -12, -27, 0, -12, 0,
    -28, -28, 0, -24, -12, -18, -14, -15,
    -20, -14, -19, 0, 0, 0, 0, 0,
    0, 0, 0, -39, 0, 0, 0, 0,
    0, -38, -38, -38, -17, -11, 0, 0,
    0, 0, 0, -9, -6, -19, -20, -28,
    -20, -20, -20, -20, -28, -28, -28, -28,
    -20, -12, -12, 0, 0, 0, -28, -20,
    0, -18, -18, -18, -18, -14, -12, -14,
    -20, -20, -28, -28, -28, 0, -28, -28,
    -20, -27, 0, 0, -11, 0, 0, -12,
    -19, 0, 0, 0, -19, -19, -12, -15,
    -24, -24, -24, -5, -12, -18, -18, -18,
    -18, -18, -8, -15, -6, -14, -11, -19,
    -19, 0, 0, 0, 0, 0, 0, 0,
    0, 0, -12, 0, 0, 0, -16, 0,
    0, -20, 0, -37, -37, -9, -30, -9,
    -7, -16, -30, -4, -12, -13, -12, -16,
    -26, -11, -13, -8, 0, 0, 0, 0,
    0, -6, -10, -20, -20, -1, -20, -20,
    -10, -14, -37, -17, -37, -35, -7, -37,
    -7, 0, 0, 0, 0, -8, -12, -11,
    -12, -18, -9, 0, -9, 0, -12, -11,
    0, -7, -22, -13, -27, -23, -8, -27,
    -7, 0, 0, 0, 0, 0, 0, 0,
    0, -23, 0, 0, 0, -15, 0, -6,
    -6, -6, -20, -10, 0, 0, 0, 0,
    0, -17, -37, -10, -8, -8, -8, -8,
    -8, -8, -8, -12, -12, -12, -12, -9,
    -9, 0, 0, 0, -12, -12, 0, -13,
    -13, -13, -13, -27, -9, -27, -8, -8,
    -8, -12, -11, 0, -12, -12, -12, -9,
    0, 0, -10, 0, 0, -9, -10, 0,
    0, 0, -10, -10, -9, -14, -7, -7,
    -7, -37, -22, -13, -13, -13, -13, -13,
    -35, -23, -37, -27, -7, -7, -7, -31,
    -31, -37, -39, -37, 0, 0, 0, 0,
    -9, -7, 0, 0, -4, 0, -7, -16,
    -12, -7, -18, -39, -32, -39, -33, -8,
    -1, -5, -7, -27, -12, -8, -5, -8,
    -4, -14, 0, 0, 0, 0, 0, -32,
    -6, -8, -8, -33, -8, -8, -6, -11,
    -6, -5, -6, -7, -10, -5, -12, 0,
    -10, 0, -66, -18, -18, -18, -18, -4,
    -18, 0, -9, 0, -18, -18, 0, -16,
    -4, -11, -4, -6, -14, -4, -11, 0,
    0, 0, 0, 0, 0, 0, 0, -30,
    0, 0, 0, -18, -33, -32, -32, -32,
    -8, -6, 0, 0, 0, 0, 0, -5,
    -5, -12, -15, -18, -15, -15, -15, -15,
    -18, -18, -18, -18, -15, -9, -9, 0,
    0, 0, -18, -15, 0, -11, -11, -11,
    -11, -4, -9, -4, -15, -15, -18, -18,
    -18, 0, -18, -18, -15, -18, 0, 0,
    -6, 0, 0, -9, -12, 0, 0, 0,
    -12, -12, -9, -11, -16, -16, -16, -6,
    -4, -11, -11, -11, -11, -11, -7, -6,
    -5, -4, -12, -11, -11, -33, -33, -8,
    -9, -8, 0, -65, 0, -66, 0, 0,
    0, 0, 0, 0, 0, 0, -11, 0,
    0, -39, -48, -39, 0, 0, 0, 0,
    0, 0, 0, 0, 0, 0, 0, -20,
    0, 0, 0, 0, 0, -38, -9, -15,
    -15, -38, -15, -15, -9, -13, -4, -7,
    -5, -7, -9, -4, -10, 0, 0, 0,
    0, -26, -27, -26, -27, -10, -26, 0,
    -10, 0, -27, -26, 0, -23, -11, -18,
    -12, -14, -19, -12, -12, 0, 0, 0,
    0, 0, 0, 0, 0, 0, 0, 0,
    0, 0, 0, -38, -38, -38, -15, -9,
    0, 0, 0, 0, 0, -7, -4, -18,
    -18, -26, -18, -18, -18, -18, -26, -27,
    -27, -27, -18, -10, -10, 0, 0, 0,
    -27, -18, 0, -18, -18, -18, -18, -12,
    -10, -12, -18, -18, -26, -27, -26, 0,
    -27, -27, -18, -26, 0, 0, -9, 0,
    0, -10, -18, 0, 0, 0, -18, -18,
    -10, -13, -23, -23, -23, -4, -11, -18,
    -18, -18, -18, -18, -7, -14, -4, -12,
    -10, -12, -12, 0, -48, 0, 0, 0,
    0, 0, 0, -66, -12, 0, 0, 0,
    -16, 0, 0, -20, 0, -37, -37, -9,
    -30, -9, -7, -16, -30, -4, -12, -13,
    -12, -16, -26, -11, -13, -8, 0, 0,
    0, 0, 0, -6, -10, -20, -20, -1,
    -20, -20, -10, -14, -37, -17, -37, -35,
    -7, -37, -7, 0, 0, 0, 0, -8,
    -12, -11, -12, -18, -9, 0, -9, 0,
    -12, -11, 0, -7, -22, -13, -27, -23,
    -8, -27, -7, 0, 0, 0, 0, 0,
    0, 0, 0, -23, 0, 0, 0, -15,
    0, -6, -6, -6, -20, -10, 0, 0,
    0, 0, 0, -17, -37, -10, -8, -8,
    -8, -8, -8, -8, -8, -12, -12, -12,
    -12, -9, -9, 0, 0, 0, -12, -12,
    0, -13, -13, -13, -13, -27, -9, -27,
    -8, -8, -8, -12, -11, 0, -12, -12,
    -12, -9, 0, 0, -10, 0, 0, -9,
    -10, 0, 0, 0, -10, -10, -9, -14,
    -7, -7, -7, -37, -22, -13, -13, -13,
    -13, -13, -35, -23, -37, -27, -7, -7,
    -7, -31, -31, -37, -39, -37, -65, 0,
    0, 0, 0, 0, 0, 0, 0, 0,
    0, 0, -34, 0, 0, 0, 0, 0,
    0, 0, 0, 0, 0, 0, 0, 0,
    0, 0, 0, 0, 0, 0, 0, 0,
    0, 0, 0, 0, 0, 0, 0, 0,
    0, 0, -39, 0, 0, 0, 0, 0,
    0, 0, 0, 0, 0, 0, 0, 0,
    0, 0, 0, 0, 0, 0, 0, 0,
    0, 0, 0, 0, 0, 0, 0, 0,
    0, 0, 0, 0, 0, 0, 0, 0,
    0, 0, 0, 0, 0, 0, 0, 0,
    0, 0, 0, 0, 0, 0, 0, 0,
    0, 0, 0, 0, 0, 0, 0, 0,
    0, 0, 0, 0, 0, 0, 0, 0,
    0, 0, 0, 0, 0, 0, 0, 0,
    0, 0, 0, 0, 0, 0, 0, 0,
    0, 0, 0, 0, 0, 0, 0, 0,
    0, 0, 0, 0, 0, 0, 0, 0,
    0, 0, 0, 0, 0, 0, 0, 0,
    0, 0, 0, 0, 0, 0, 0, 0,
    0, 0, 0, 0, 0, 0, 0, 0,
    0, 0, 0, 0, 0, 0, 0, 0,
    0, -65, 0, 0, 0, 0, 0, -18,
    -22, 0, 0, 0, 0, 0, 0, 0,
    0, 0, 0, 0, 0, 0, 0, 0,
    0, 0, 0, 0, 0, 0, 0, 0,
    0, 0, 0, 0, 0, 0, 0, 0,
    -42, 0, 0, 0, 0, 0, 0, 0,
    -16, 0, 0, 0, 0, 0, 0, 0,
    0, 0, 0, 0, 0, 0, 0, 0,
    0, 0, 0, -21, 0, 0, 0, 0,
    0, 0, 0, 0, 0, 0, 0, 0,
    0, 0, 0, -13, 0, 0, 0, 0,
    0, 0, 0, 0, 0, 0, 0, 0,
    0, 0, 0, 0, 0, 0, 0, 0,
    0, 0, 0, 0, 0, 0, 0, 0,
    0, 0, 0, 0, 0, 0, 0, 0,
    0, 0, 0, 0, 0, 0, 0, 0,
    0, 0, 0, 0, 0, 0, 0, 0,
    0, 0, 0, 0, 0, 0, 0, 0,
    0, 0, 0, 0, 0, 0, 0, 0,
    0, 0, 0, 0, 0, 0, 0, 0,
    0, 0, 0, 0, 0, 0, 0, -37,
    -39, -66, -66, 0, 0, 0
};


/*Collect the kern class' data in one place*/
static const lv_font_fmt_txt_kern_classes_t kern_classes =
{
    .class_pair_values   = kern_class_values,
    .left_class_mapping  = kern_left_class_mapping,
    .right_class_mapping = kern_right_class_mapping,
    .left_class_cnt      = 193,
    .right_class_cnt     = 174,
};

/*--------------------
 *  ALL CUSTOM DATA
 *--------------------*/

#if LV_VERSION_CHECK(8, 0, 0)
/*Store all the custom data of the font*/
static  lv_font_fmt_txt_glyph_cache_t cache;
static const lv_font_fmt_txt_dsc_t font_dsc = {
#else
static lv_font_fmt_txt_dsc_t font_dsc = {
#endif
    .glyph_bitmap = glyph_bitmap,
    .glyph_dsc = glyph_dsc,
    .cmaps = cmaps,
    .kern_dsc = &kern_classes,
    .kern_scale = 16,
    .cmap_num = 6,
    .bpp = 4,
    .kern_classes = 1,
    .bitmap_format = 0,
#if LV_VERSION_CHECK(8, 0, 0)
    .cache = &cache
#endif
};


/*-----------------
 *  PUBLIC FONT
 *----------------*/

/*Initialize a public general font descriptor*/
#if LV_VERSION_CHECK(8, 0, 0)
const lv_font_t airki_sans_18 = {
#else
lv_font_t airki_sans_18 = {
#endif
    .get_glyph_dsc = lv_font_get_glyph_dsc_fmt_txt,    /*Function pointer to get glyph's data*/
    .get_glyph_bitmap = lv_font_get_bitmap_fmt_txt,    /*Function pointer to get glyph's bitmap*/
    .line_height = 24,          /*The maximum line height required by the font*/
    .base_line = 7,             /*Baseline measured from the bottom of the line*/
#if !(LVGL_VERSION_MAJOR == 6 && LVGL_VERSION_MINOR == 0)
    .subpx = LV_FONT_SUBPX_NONE,
#endif
#if LV_VERSION_CHECK(7, 4, 0) || LVGL_VERSION_MAJOR >= 8
    .underline_position = -3,
    .underline_thickness = 1,
#endif
    .dsc = &font_dsc           /*The custom font data. Will be accessed by `get_glyph_bitmap/dsc` */
};



#endif /*#if AIRKI_SANS_18*/

