/*******************************************************************************
 * Size: 18 px
 * Bpp: 4
 * Opts: --no-compress --bpp 4 --size 18 --font GeistMono-Medium.ttf -r 0x20-0x7F,0xA0-0x17F,0x2013-0x2026 --font ../../.pio/libdeps/WS-241/lvgl/scripts/built_in_font/FontAwesome5-Solid+Brands+Regular.woff -r 61441,61448,61451,61452,61453,61457,61459,61461,61465,61468,61473,61478,61479,61480,61502,61507,61512,61515,61516,61517,61521,61522,61523,61524,61543,61544,61550,61552,61553,61556,61559,61560,61561,61563,61587,61589,61636,61637,61639,61641,61664,61671,61674,61683,61724,61732,61787,61931,62016,62017,62018,62019,62020,62087,62099,62212,62189,62810,63426,63650 --format lvgl --lv-include lvgl.h --force-fast-kern-format -o ../../examples/at_core_debug/fonts/airki_mono_18.c
 ******************************************************************************/

#ifdef LV_LVGL_H_INCLUDE_SIMPLE
#include "lvgl.h"
#else
#include "lvgl.h"
#endif

#ifndef AIRKI_MONO_18
#define AIRKI_MONO_18 1
#endif

#if AIRKI_MONO_18

/*-----------------
 *    BITMAPS
 *----------------*/

/*Store the image of the glyphs*/
static LV_ATTRIBUTE_LARGE_CONST const uint8_t glyph_bitmap[] = {
    /* U+0020 " " */

    /* U+0021 "!" */
    0x8f, 0x58, 0xf5, 0x8f, 0x58, 0xf5, 0x8f, 0x47,
    0xf4, 0x6f, 0x35, 0xf2, 0x4f, 0x10, 0x10, 0x56,
    0x4d, 0xfa, 0xdf, 0xa0,

    /* U+0022 "\"" */
    0x3f, 0xa0, 0xef, 0x3, 0xfa, 0xd, 0xf0, 0x3f,
    0xa0, 0xdf, 0x1, 0xfa, 0xd, 0xe0, 0xf, 0xa0,
    0xdc, 0x0, 0xea, 0xd, 0xb0, 0x9, 0x60, 0x97,
    0x0,

    /* U+0023 "#" */
    0x0, 0x1, 0xf6, 0x7, 0xf0, 0x0, 0x0, 0x4f,
    0x40, 0xad, 0x0, 0x0, 0x7, 0xf1, 0xd, 0xa0,
    0x0, 0x5f, 0xff, 0xff, 0xff, 0xf0, 0x3, 0x8e,
    0xd8, 0xaf, 0xa7, 0x0, 0x0, 0xf8, 0x6, 0xf2,
    0x0, 0x0, 0x2f, 0x50, 0x8f, 0x0, 0x0, 0x5,
    0xf3, 0xb, 0xc0, 0x0, 0xf, 0xff, 0xff, 0xff,
    0xf3, 0x1, 0x8e, 0xe8, 0x9f, 0xb8, 0x0, 0x0,
    0xea, 0x4, 0xf4, 0x0, 0x0, 0xf, 0x70, 0x7f,
    0x10, 0x0, 0x3, 0xf4, 0x9, 0xe0, 0x0, 0x0,

    /* U+0024 "$" */
    0x0, 0x0, 0x4f, 0x10, 0x0, 0x0, 0x0, 0x4,
    0xf1, 0x0, 0x0, 0x0, 0x3b, 0xff, 0xe8, 0x0,
    0x0, 0x4f, 0xfe, 0xff, 0xfc, 0x0, 0xc, 0xf5,
    0x4f, 0x2c, 0xf6, 0x0, 0xef, 0x4, 0xf1, 0x3f,
    0xb0, 0xc, 0xf5, 0x4f, 0x10, 0x11, 0x0, 0x4f,
    0xfe, 0xf3, 0x0, 0x0, 0x0, 0x3b, 0xff, 0xfc,
    0x40, 0x0, 0x0, 0x4, 0xfb, 0xff, 0x60, 0x17,
    0x50, 0x4f, 0x13, 0xfe, 0x1, 0xfe, 0x4, 0xf1,
    0xd, 0xf0, 0xb, 0xf9, 0x4f, 0x14, 0xfd, 0x0,
    0x2e, 0xff, 0xfd, 0xff, 0x50, 0x0, 0x19, 0xef,
    0xfb, 0x40, 0x0, 0x0, 0x4, 0xf1, 0x0, 0x0,
    0x0, 0x0, 0x28, 0x0, 0x0, 0x0,

    /* U+0025 "%" */
    0xa, 0xfd, 0x40, 0x0, 0xda, 0x8, 0xf5, 0xaf,
    0x10, 0x6f, 0x10, 0xda, 0x2, 0xf5, 0x1e, 0x70,
    0xd, 0x90, 0x1f, 0x59, 0xd0, 0x0, 0x9e, 0x17,
    0xf5, 0xf4, 0x0, 0x1, 0xdf, 0xf7, 0xcb, 0x0,
    0x0, 0x0, 0x21, 0x5f, 0x20, 0x0, 0x0, 0x0,
    0xe, 0x87, 0xff, 0x80, 0x0, 0x8, 0xe5, 0xf7,
    0x6f, 0x50, 0x2, 0xf6, 0x8e, 0x0, 0xd9, 0x0,
    0xac, 0x8, 0xe0, 0xd, 0x90, 0x4f, 0x30, 0x4f,
    0x54, 0xf5, 0xd, 0xa0, 0x0, 0x7e, 0xf8, 0x0,

    /* U+0026 "&" */
    0x0, 0x4c, 0xff, 0xa1, 0x0, 0x0, 0x2f, 0xfd,
    0xef, 0xa0, 0x0, 0x6, 0xf9, 0x1, 0xff, 0x0,
    0x0, 0x6f, 0x80, 0xf, 0xd0, 0x0, 0x1, 0xfd,
    0x9, 0xf6, 0x0, 0x0, 0x7, 0xfe, 0xf6, 0x0,
    0x0, 0x2, 0xdf, 0xf9, 0x0, 0x0, 0x1, 0xef,
    0x6d, 0xf4, 0x7, 0xd2, 0x8f, 0x80, 0x2e, 0xf2,
    0xbf, 0x1b, 0xf4, 0x0, 0x4f, 0xef, 0xb0, 0xaf,
    0x90, 0x0, 0x9f, 0xf2, 0x3, 0xff, 0xec, 0xdf,
    0xff, 0x60, 0x4, 0xbf, 0xfe, 0xb4, 0xef, 0x20,

    /* U+0027 "'" */
    0x9f, 0x69, 0xf6, 0x9f, 0x68, 0xf5, 0x7f, 0x46,
    0xf3, 0x4b, 0x10,

    /* U+0028 "(" */
    0x0, 0x2, 0xc8, 0x0, 0x1, 0xed, 0x10, 0x0,
    0xbf, 0x30, 0x0, 0x4f, 0xa0, 0x0, 0xb, 0xf4,
    0x0, 0x0, 0xff, 0x0, 0x0, 0x2f, 0xc0, 0x0,
    0x3, 0xfa, 0x0, 0x0, 0x4f, 0xa0, 0x0, 0x2,
    0xfc, 0x0, 0x0, 0xf, 0xe0, 0x0, 0x0, 0xcf,
    0x30, 0x0, 0x6, 0xf9, 0x0, 0x0, 0xd, 0xf2,
    0x0, 0x0, 0x3f, 0xc0, 0x0, 0x0, 0x4f, 0x90,

    /* U+0029 ")" */
    0xa, 0xb1, 0x0, 0x0, 0x2f, 0xc0, 0x0, 0x0,
    0x6f, 0x80, 0x0, 0x0, 0xdf, 0x10, 0x0, 0x7,
    0xf7, 0x0, 0x0, 0x2f, 0xc0, 0x0, 0x0, 0xff,
    0x0, 0x0, 0xe, 0xf0, 0x0, 0x0, 0xef, 0x0,
    0x0, 0xf, 0xf0, 0x0, 0x1, 0xfd, 0x0, 0x0,
    0x6f, 0x90, 0x0, 0xc, 0xf2, 0x0, 0x4, 0xfa,
    0x0, 0x1, 0xee, 0x10, 0x0, 0xce, 0x20, 0x0,

    /* U+002A "*" */
    0x0, 0x0, 0x0, 0x0, 0x0, 0x4e, 0x20, 0x4e,
    0x20, 0x0, 0xdc, 0x1e, 0xb0, 0x0, 0x3, 0xfe,
    0xe1, 0x0, 0x9f, 0xff, 0xff, 0xff, 0x54, 0x78,
    0xff, 0xe7, 0x72, 0x0, 0x9f, 0x7f, 0x50, 0x0,
    0x4f, 0x70, 0xaf, 0x10, 0x0, 0x70, 0x0, 0x60,
    0x0,

    /* U+002B "+" */
    0x0, 0x6, 0xf3, 0x0, 0x0, 0x0, 0x6f, 0x30,
    0x0, 0x0, 0x6, 0xf3, 0x0, 0xa, 0xbb, 0xdf,
    0xcb, 0xb8, 0xff, 0xff, 0xff, 0xff, 0xb0, 0x0,
    0x6f, 0x30, 0x0, 0x0, 0x6, 0xf3, 0x0, 0x0,
    0x0, 0x6f, 0x30, 0x0, 0x0, 0x6, 0xf3, 0x0,
    0x0,

    /* U+002C "," */
    0x56, 0x4c, 0xf9, 0xcf, 0x90, 0xe5, 0x4f, 0x9,
    0xa0,

    /* U+002D "-" */
    0x9b, 0xbb, 0xbb, 0x7e, 0xff, 0xff, 0xfa,

    /* U+002E "." */
    0x56, 0x4d, 0xfa, 0xdf, 0xa0,

    /* U+002F "/" */
    0x0, 0x0, 0x0, 0xed, 0x0, 0x0, 0x4, 0xf7,
    0x0, 0x0, 0x9, 0xf2, 0x0, 0x0, 0xe, 0xc0,
    0x0, 0x0, 0x4f, 0x70, 0x0, 0x0, 0x9f, 0x10,
    0x0, 0x0, 0xec, 0x0, 0x0, 0x4, 0xf6, 0x0,
    0x0, 0xa, 0xf1, 0x0, 0x0, 0xf, 0xc0, 0x0,
    0x0, 0x5f, 0x60, 0x0, 0x0, 0xaf, 0x10, 0x0,
    0x0, 0xfb, 0x0, 0x0, 0x5, 0xf6, 0x0, 0x0,
    0xa, 0xf1, 0x0, 0x0, 0xf, 0xb0, 0x0, 0x0,

    /* U+0030 "0" */
    0x0, 0x8, 0xef, 0xd6, 0x0, 0x0, 0xbf, 0xfd,
    0xff, 0x80, 0x5, 0xfd, 0x10, 0x4f, 0xf2, 0xb,
    0xf5, 0x0, 0x9f, 0xf8, 0xf, 0xf0, 0x3, 0xf7,
    0xfc, 0x1f, 0xe0, 0xc, 0xa1, 0xfe, 0x2f, 0xd0,
    0x5f, 0x20, 0xfe, 0x1f, 0xe0, 0xd8, 0x1, 0xfe,
    0xf, 0xf7, 0xe1, 0x3, 0xfc, 0xb, 0xff, 0x60,
    0x8, 0xf8, 0x5, 0xff, 0x10, 0x3f, 0xf2, 0x0,
    0xbf, 0xfd, 0xff, 0x80, 0x0, 0x8, 0xef, 0xd6,
    0x0,

    /* U+0031 "1" */
    0x0, 0x0, 0xdc, 0x0, 0x0, 0x0, 0x5f, 0xc0,
    0x0, 0x5f, 0xff, 0xfc, 0x0, 0x3, 0xaa, 0xaf,
    0xc0, 0x0, 0x0, 0x1, 0xfc, 0x0, 0x0, 0x0,
    0x1f, 0xc0, 0x0, 0x0, 0x1, 0xfc, 0x0, 0x0,
    0x0, 0x1f, 0xc0, 0x0, 0x0, 0x1, 0xfc, 0x0,
    0x0, 0x0, 0x1f, 0xc0, 0x0, 0x0, 0x1, 0xfc,
    0x0, 0xc, 0xdd, 0xdf, 0xfd, 0xda, 0xff, 0xff,
    0xff, 0xff, 0xc0,

    /* U+0032 "2" */
    0x0, 0x19, 0xef, 0xfb, 0x30, 0x1, 0xdf, 0xfd,
    0xef, 0xf4, 0x9, 0xfb, 0x10, 0x8, 0xfb, 0xe,
    0xf1, 0x0, 0x1, 0xfe, 0x3, 0x30, 0x0, 0x2,
    0xfd, 0x0, 0x0, 0x0, 0x1c, 0xf8, 0x0, 0x0,
    0x7, 0xef, 0xb0, 0x0, 0x3, 0xdf, 0xe6, 0x0,
    0x0, 0x5f, 0xf9, 0x0, 0x0, 0x3, 0xff, 0x40,
    0x0, 0x0, 0xb, 0xf6, 0x0, 0x0, 0x0, 0xf,
    0xfd, 0xdd, 0xdd, 0xdc, 0x1f, 0xff, 0xff, 0xff,
    0xff,

    /* U+0033 "3" */
    0x0, 0x3b, 0xef, 0xe9, 0x10, 0x3, 0xff, 0xed,
    0xff, 0xe1, 0xb, 0xf7, 0x0, 0xc, 0xf6, 0x3,
    0x30, 0x0, 0x7, 0xf7, 0x0, 0x0, 0x0, 0x3d,
    0xf2, 0x0, 0x0, 0xaf, 0xfd, 0x30, 0x0, 0x0,
    0x7b, 0xef, 0xb0, 0x0, 0x0, 0x0, 0x9, 0xf9,
    0x0, 0x0, 0x0, 0x1, 0xfe, 0x1c, 0xa0, 0x0,
    0x1, 0xfe, 0xe, 0xf5, 0x0, 0xa, 0xfa, 0x5,
    0xff, 0xed, 0xff, 0xe2, 0x0, 0x4c, 0xff, 0xe9,
    0x10,

    /* U+0034 "4" */
    0x0, 0x0, 0x0, 0xcf, 0xa0, 0x0, 0x0, 0x0,
    0x8f, 0xfa, 0x0, 0x0, 0x0, 0x4f, 0xef, 0xa0,
    0x0, 0x0, 0x1e, 0xe5, 0xfa, 0x0, 0x0, 0xa,
    0xf4, 0x4f, 0xa0, 0x0, 0x5, 0xf8, 0x4, 0xfa,
    0x0, 0x2, 0xfc, 0x0, 0x4f, 0xa0, 0x0, 0xce,
    0x10, 0x4, 0xfa, 0x0, 0x5f, 0xec, 0xcc, 0xdf,
    0xec, 0x15, 0xff, 0xff, 0xff, 0xff, 0xf2, 0x0,
    0x0, 0x0, 0x4f, 0xa0, 0x0, 0x0, 0x0, 0x4,
    0xfa, 0x0, 0x0, 0x0, 0x0, 0x4f, 0xa0, 0x0,

    /* U+0035 "5" */
    0xf, 0xff, 0xff, 0xff, 0x12, 0xff, 0xdd, 0xdd,
    0xd1, 0x4f, 0x90, 0x0, 0x0, 0x6, 0xf7, 0x0,
    0x0, 0x0, 0x8f, 0x9c, 0xfe, 0x91, 0x9, 0xff,
    0xeb, 0xef, 0xd0, 0xbf, 0x90, 0x0, 0xcf, 0x60,
    0x0, 0x0, 0x4, 0xfb, 0x0, 0x0, 0x0, 0x3f,
    0xcb, 0xc0, 0x0, 0x5, 0xfb, 0xbf, 0x80, 0x1,
    0xdf, 0x62, 0xff, 0xed, 0xff, 0xb0, 0x2, 0xae,
    0xfd, 0x80, 0x0,

    /* U+0036 "6" */
    0x0, 0x6, 0xdf, 0xfc, 0x40, 0x0, 0x8f, 0xfd,
    0xdf, 0xf4, 0x3, 0xfe, 0x30, 0x5, 0xfb, 0x9,
    0xf5, 0x0, 0x0, 0x0, 0xe, 0xf4, 0xcf, 0xfb,
    0x20, 0xf, 0xff, 0xec, 0xef, 0xe2, 0x2f, 0xf9,
    0x0, 0xa, 0xfa, 0x2f, 0xf0, 0x0, 0x1, 0xfe,
    0x1f, 0xd0, 0x0, 0x0, 0xff, 0xe, 0xf0, 0x0,
    0x2, 0xfd, 0x9, 0xfa, 0x0, 0x1b, 0xf8, 0x1,
    0xef, 0xfd, 0xff, 0xd1, 0x0, 0x1a, 0xef, 0xe9,
    0x10,

    /* U+0037 "7" */
    0xff, 0xff, 0xff, 0xff, 0xcc, 0xdd, 0xdd, 0xde,
    0xfb, 0x0, 0x0, 0x0, 0xbf, 0x20, 0x0, 0x0,
    0x8f, 0x50, 0x0, 0x0, 0x2f, 0xa0, 0x0, 0x0,
    0xb, 0xf1, 0x0, 0x0, 0x3, 0xf9, 0x0, 0x0,
    0x0, 0xaf, 0x30, 0x0, 0x0, 0xf, 0xe0, 0x0,
    0x0, 0x4, 0xfa, 0x0, 0x0, 0x0, 0x7f, 0x70,
    0x0, 0x0, 0x9, 0xf6, 0x0, 0x0, 0x0, 0xaf,
    0x50, 0x0, 0x0,

    /* U+0038 "8" */
    0x0, 0x1a, 0xef, 0xe8, 0x0, 0x1, 0xef, 0xfd,
    0xff, 0xc0, 0x7, 0xfb, 0x0, 0x1d, 0xf4, 0x9,
    0xf6, 0x0, 0x9, 0xf5, 0x4, 0xfc, 0x20, 0x3e,
    0xf1, 0x0, 0x5f, 0xff, 0xfe, 0x30, 0x1, 0xcf,
    0xdc, 0xef, 0xa0, 0xc, 0xf6, 0x0, 0x8, 0xf8,
    0x1f, 0xd0, 0x0, 0x0, 0xfe, 0x2f, 0xd0, 0x0,
    0x0, 0xff, 0xe, 0xf6, 0x0, 0x9, 0xfb, 0x5,
    0xff, 0xed, 0xff, 0xf3, 0x0, 0x4b, 0xef, 0xea,
    0x20,

    /* U+0039 "9" */
    0x0, 0x2a, 0xef, 0xe8, 0x0, 0x3, 0xff, 0xfd,
    0xff, 0xc0, 0xc, 0xf8, 0x0, 0x1c, 0xf6, 0x1f,
    0xe0, 0x0, 0x3, 0xfb, 0x2f, 0xd0, 0x0, 0x0,
    0xfe, 0x1f, 0xf0, 0x0, 0x4, 0xff, 0xb, 0xfa,
    0x10, 0x4d, 0xff, 0x2, 0xef, 0xff, 0xfd, 0xfd,
    0x0, 0x18, 0xbb, 0x73, 0xfb, 0x0, 0x10, 0x0,
    0x9, 0xf6, 0xf, 0xf3, 0x0, 0x5f, 0xf1, 0x6,
    0xff, 0xde, 0xff, 0x50, 0x0, 0x6d, 0xff, 0xb4,
    0x0,

    /* U+003A ":" */
    0xdf, 0xad, 0xfa, 0x56, 0x40, 0x0, 0x0, 0x0,
    0x0, 0x0, 0x5, 0x64, 0xdf, 0xad, 0xfa,

    /* U+003B ";" */
    0xdf, 0xad, 0xfa, 0x56, 0x40, 0x0, 0x0, 0x0,
    0x0, 0x0, 0x5, 0x64, 0xcf, 0x9c, 0xf9, 0xe,
    0x54, 0xf0, 0x9a, 0x0,

    /* U+003C "<" */
    0x0, 0x0, 0x0, 0x0, 0x0, 0x0, 0x0, 0x3,
    0xa8, 0x0, 0x0, 0x5c, 0xff, 0x60, 0x6, 0xdf,
    0xf9, 0x20, 0x6e, 0xfe, 0x81, 0x0, 0xb, 0xf7,
    0x0, 0x0, 0x0, 0xaf, 0xf9, 0x20, 0x0, 0x0,
    0x5c, 0xff, 0xb3, 0x0, 0x0, 0x3, 0xbf, 0xfc,
    0x30, 0x0, 0x0, 0x29, 0xf8, 0x0, 0x0, 0x0,
    0x1, 0x30,

    /* U+003D "=" */
    0x5a, 0xaa, 0xaa, 0xaa, 0x39, 0xff, 0xff, 0xff,
    0xf6, 0x0, 0x0, 0x0, 0x0, 0x0, 0x0, 0x0,
    0x0, 0x0, 0x5a, 0xaa, 0xaa, 0xaa, 0x39, 0xff,
    0xff, 0xff, 0xf6,

    /* U+003E ">" */
    0x0, 0x0, 0x0, 0x0, 0xa, 0x92, 0x0, 0x0,
    0x0, 0x9f, 0xfa, 0x30, 0x0, 0x0, 0x4b, 0xff,
    0xc5, 0x0, 0x0, 0x2, 0x9f, 0xfe, 0x40, 0x0,
    0x0, 0x1a, 0xf8, 0x0, 0x0, 0x3a, 0xff, 0x70,
    0x5, 0xcf, 0xfb, 0x40, 0x5d, 0xff, 0x92, 0x0,
    0xb, 0xe7, 0x10, 0x0, 0x0, 0x30, 0x0, 0x0,
    0x0, 0x0,

    /* U+003F "?" */
    0x0, 0x8e, 0xfe, 0xa2, 0x0, 0xcf, 0xec, 0xef,
    0xe1, 0x7f, 0xb0, 0x0, 0xaf, 0x8c, 0xf2, 0x0,
    0x4, 0xfb, 0x12, 0x0, 0x0, 0x5f, 0x90, 0x0,
    0x0, 0x5e, 0xf2, 0x0, 0x0, 0x9f, 0xd3, 0x0,
    0x0, 0x4f, 0xb0, 0x0, 0x0, 0x7, 0xf4, 0x0,
    0x0, 0x0, 0x24, 0x10, 0x0, 0x0, 0x5, 0x64,
    0x0, 0x0, 0x0, 0xdf, 0x90, 0x0, 0x0, 0xd,
    0xf9, 0x0, 0x0,

    /* U+0040 "@" */
    0x0, 0x4, 0xcf, 0xfb, 0x30, 0x0, 0x7, 0xfa,
    0x56, 0xbf, 0x30, 0x3, 0xf6, 0x0, 0x0, 0xac,
    0x0, 0xca, 0x0, 0x0, 0x2, 0xf2, 0x1f, 0x32,
    0xdf, 0xbe, 0xe, 0x56, 0xe0, 0xcd, 0x4e, 0xd0,
    0xd7, 0x8c, 0x2f, 0x60, 0xab, 0xd, 0x7a, 0xa5,
    0xf2, 0xb, 0xa0, 0xd6, 0xaa, 0x6f, 0x20, 0xe9,
    0xf, 0x4a, 0xa4, 0xf6, 0x6f, 0xb5, 0xf0, 0x8c,
    0xc, 0xfd, 0x5f, 0xf6, 0x5, 0xf0, 0x3, 0x0,
    0x21, 0x0, 0x1f, 0x60, 0x0, 0x0, 0x0, 0x0,
    0x7f, 0x71, 0x27, 0x50, 0x0, 0x0, 0x8f, 0xff,
    0xf6, 0x0, 0x0, 0x0, 0x3, 0x30, 0x0, 0x0,

    /* U+0041 "A" */
    0x0, 0x0, 0xff, 0xc0, 0x0, 0x0, 0x0, 0x4f,
    0xff, 0x10, 0x0, 0x0, 0x8, 0xfb, 0xf5, 0x0,
    0x0, 0x0, 0xdf, 0x3f, 0xa0, 0x0, 0x0, 0x1f,
    0xb0, 0xee, 0x0, 0x0, 0x6, 0xf7, 0xa, 0xf3,
    0x0, 0x0, 0xbf, 0x20, 0x5f, 0x80, 0x0, 0xf,
    0xe0, 0x1, 0xfc, 0x0, 0x4, 0xff, 0xff, 0xff,
    0xf1, 0x0, 0x8f, 0xdc, 0xcc, 0xef, 0x50, 0xd,
    0xf1, 0x0, 0x4, 0xfa, 0x2, 0xfc, 0x0, 0x0,
    0xf, 0xe0, 0x6f, 0x80, 0x0, 0x0, 0xbf, 0x30,

    /* U+0042 "B" */
    0x8f, 0xff, 0xfe, 0x91, 0x0, 0x8f, 0xec, 0xdf,
    0xfe, 0x0, 0x8f, 0x60, 0x0, 0xcf, 0x60, 0x8f,
    0x60, 0x0, 0x7f, 0x70, 0x8f, 0x60, 0x0, 0xcf,
    0x40, 0x8f, 0xdc, 0xcf, 0xe6, 0x0, 0x8f, 0xff,
    0xff, 0xe8, 0x0, 0x8f, 0x60, 0x1, 0xaf, 0x90,
    0x8f, 0x60, 0x0, 0xf, 0xf0, 0x8f, 0x60, 0x0,
    0xf, 0xf0, 0x8f, 0x60, 0x0, 0x6f, 0xd0, 0x8f,
    0xec, 0xce, 0xff, 0x50, 0x8f, 0xff, 0xff, 0xb4,
    0x0,

    /* U+0043 "C" */
    0x0, 0x19, 0xef, 0xd7, 0x0, 0x0, 0xd, 0xff,
    0xdf, 0xfb, 0x0, 0x8, 0xfb, 0x0, 0x1d, 0xf5,
    0x0, 0xef, 0x20, 0x0, 0x4f, 0xb0, 0x2f, 0xc0,
    0x0, 0x0, 0x55, 0x5, 0xfa, 0x0, 0x0, 0x0,
    0x0, 0x5f, 0x90, 0x0, 0x0, 0x0, 0x5, 0xfa,
    0x0, 0x0, 0x0, 0x0, 0x3f, 0xc0, 0x0, 0x0,
    0x99, 0x0, 0xef, 0x20, 0x0, 0x3f, 0xc0, 0x8,
    0xfb, 0x0, 0x1d, 0xf6, 0x0, 0xd, 0xff, 0xdf,
    0xfb, 0x0, 0x0, 0x19, 0xef, 0xe8, 0x0, 0x0,

    /* U+0044 "D" */
    0x8f, 0xff, 0xeb, 0x30, 0x0, 0x8f, 0xed, 0xff,
    0xf7, 0x0, 0x8f, 0x60, 0x5, 0xff, 0x30, 0x8f,
    0x60, 0x0, 0x7f, 0xa0, 0x8f, 0x60, 0x0, 0x1f,
    0xf0, 0x8f, 0x60, 0x0, 0xd, 0xf1, 0x8f, 0x60,
    0x0, 0xd, 0xf2, 0x8f, 0x60, 0x0, 0xd, 0xf1,
    0x8f, 0x60, 0x0, 0xf, 0xf0, 0x8f, 0x60, 0x0,
    0x7f, 0xa0, 0x8f, 0x60, 0x5, 0xff, 0x30, 0x8f,
    0xed, 0xef, 0xf7, 0x0, 0x8f, 0xff, 0xeb, 0x40,
    0x0,

    /* U+0045 "E" */
    0x6f, 0xff, 0xff, 0xff, 0x76, 0xfe, 0xdd, 0xdd,
    0xd5, 0x6f, 0x70, 0x0, 0x0, 0x6, 0xf7, 0x0,
    0x0, 0x0, 0x6f, 0x70, 0x0, 0x0, 0x6, 0xfe,
    0xcc, 0xcc, 0xc2, 0x6f, 0xff, 0xff, 0xff, 0x36,
    0xf7, 0x0, 0x0, 0x0, 0x6f, 0x70, 0x0, 0x0,
    0x6, 0xf7, 0x0, 0x0, 0x0, 0x6f, 0x70, 0x0,
    0x0, 0x6, 0xfe, 0xdd, 0xdd, 0xd7, 0x6f, 0xff,
    0xff, 0xff, 0x90,

    /* U+0046 "F" */
    0x3f, 0xff, 0xff, 0xff, 0xc3, 0xfe, 0xcc, 0xcc,
    0xc9, 0x3f, 0xa0, 0x0, 0x0, 0x3, 0xfa, 0x0,
    0x0, 0x0, 0x3f, 0xa0, 0x0, 0x0, 0x3, 0xfa,
    0x0, 0x0, 0x0, 0x3f, 0xff, 0xff, 0xff, 0x73,
    0xfe, 0xcc, 0xcc, 0xc5, 0x3f, 0xa0, 0x0, 0x0,
    0x3, 0xfa, 0x0, 0x0, 0x0, 0x3f, 0xa0, 0x0,
    0x0, 0x3, 0xfa, 0x0, 0x0, 0x0, 0x3f, 0xa0,
    0x0, 0x0, 0x0,

    /* U+0047 "G" */
    0x0, 0x8, 0xef, 0xe8, 0x0, 0x0, 0xc, 0xff,
    0xdf, 0xfb, 0x0, 0x8, 0xfc, 0x10, 0x1c, 0xf6,
    0x0, 0xef, 0x20, 0x0, 0x2f, 0xd0, 0x2f, 0xd0,
    0x0, 0x0, 0x0, 0x4, 0xfa, 0x0, 0x0, 0x0,
    0x0, 0x5f, 0x90, 0x8, 0xff, 0xff, 0x5, 0xfa,
    0x0, 0x5a, 0xae, 0xf0, 0x3f, 0xd0, 0x0, 0x0,
    0xdf, 0x0, 0xef, 0x20, 0x0, 0x2f, 0xf0, 0x8,
    0xfc, 0x10, 0x1c, 0xff, 0x0, 0xd, 0xff, 0xdf,
    0xfc, 0xf0, 0x0, 0x19, 0xef, 0xd5, 0x8f, 0x0,

    /* U+0048 "H" */
    0xfe, 0x0, 0x0, 0x1f, 0xcf, 0xe0, 0x0, 0x1,
    0xfc, 0xfe, 0x0, 0x0, 0x1f, 0xcf, 0xe0, 0x0,
    0x1, 0xfc, 0xfe, 0x0, 0x0, 0x1f, 0xcf, 0xfc,
    0xcc, 0xcd, 0xfc, 0xff, 0xff, 0xff, 0xff, 0xcf,
    0xe0, 0x0, 0x1, 0xfc, 0xfe, 0x0, 0x0, 0x1f,
    0xcf, 0xe0, 0x0, 0x1, 0xfc, 0xfe, 0x0, 0x0,
    0x1f, 0xcf, 0xe0, 0x0, 0x1, 0xfc, 0xfe, 0x0,
    0x0, 0x1f, 0xc0,

    /* U+0049 "I" */
    0x9f, 0xff, 0xff, 0xff, 0x67, 0xdd, 0xef, 0xed,
    0xd5, 0x0, 0x8, 0xf5, 0x0, 0x0, 0x0, 0x8f,
    0x50, 0x0, 0x0, 0x8, 0xf5, 0x0, 0x0, 0x0,
    0x8f, 0x50, 0x0, 0x0, 0x8, 0xf5, 0x0, 0x0,
    0x0, 0x8f, 0x50, 0x0, 0x0, 0x8, 0xf5, 0x0,
    0x0, 0x0, 0x8f, 0x50, 0x0, 0x0, 0x8, 0xf5,
    0x0, 0x7, 0xdd, 0xef, 0xed, 0xd5, 0x9f, 0xff,
    0xff, 0xff, 0x60,

    /* U+004A "J" */
    0x0, 0x0, 0x0, 0xa, 0xf3, 0x0, 0x0, 0x0,
    0xa, 0xf3, 0x0, 0x0, 0x0, 0xa, 0xf3, 0x0,
    0x0, 0x0, 0xa, 0xf3, 0x0, 0x0, 0x0, 0xa,
    0xf3, 0x0, 0x0, 0x0, 0xa, 0xf3, 0x0, 0x0,
    0x0, 0xa, 0xf3, 0x0, 0x0, 0x0, 0xa, 0xf3,
    0x29, 0x60, 0x0, 0xa, 0xf3, 0x3f, 0xb0, 0x0,
    0xc, 0xf2, 0xe, 0xf4, 0x0, 0x5f, 0xd0, 0x5,
    0xff, 0xdd, 0xff, 0x40, 0x0, 0x4c, 0xff, 0xc4,
    0x0,

    /* U+004B "K" */
    0xfe, 0x0, 0x0, 0xbf, 0x90, 0xfe, 0x0, 0x7,
    0xfc, 0x0, 0xfe, 0x0, 0x4f, 0xe1, 0x0, 0xfe,
    0x1, 0xef, 0x30, 0x0, 0xfe, 0xc, 0xf5, 0x0,
    0x0, 0xfe, 0x9f, 0xa0, 0x0, 0x0, 0xff, 0xff,
    0xe0, 0x0, 0x0, 0xff, 0xea, 0xf9, 0x0, 0x0,
    0xff, 0x31, 0xef, 0x30, 0x0, 0xfe, 0x0, 0x5f,
    0xd0, 0x0, 0xfe, 0x0, 0xa, 0xf7, 0x0, 0xfe,
    0x0, 0x1, 0xff, 0x20, 0xfe, 0x0, 0x0, 0x6f,
    0xc0,

    /* U+004C "L" */
    0x3f, 0xa0, 0x0, 0x0, 0x3, 0xfa, 0x0, 0x0,
    0x0, 0x3f, 0xa0, 0x0, 0x0, 0x3, 0xfa, 0x0,
    0x0, 0x0, 0x3f, 0xa0, 0x0, 0x0, 0x3, 0xfa,
    0x0, 0x0, 0x0, 0x3f, 0xa0, 0x0, 0x0, 0x3,
    0xfa, 0x0, 0x0, 0x0, 0x3f, 0xa0, 0x0, 0x0,
    0x3, 0xfa, 0x0, 0x0, 0x0, 0x3f, 0xa0, 0x0,
    0x0, 0x3, 0xff, 0xdd, 0xdd, 0xd9, 0x3f, 0xff,
    0xff, 0xff, 0xc0,

    /* U+004D "M" */
    0x2f, 0xf8, 0x0, 0xb, 0xff, 0x2f, 0xfc, 0x0,
    0xe, 0xff, 0x2f, 0xff, 0x0, 0x2f, 0xff, 0x2f,
    0xef, 0x30, 0x6f, 0xef, 0x2f, 0xbf, 0x70, 0xac,
    0xef, 0x2f, 0xbb, 0xb0, 0xe8, 0xef, 0x2f, 0xb7,
    0xf2, 0xf4, 0xef, 0x2f, 0xb3, 0xf9, 0xf0, 0xef,
    0x2f, 0xb0, 0xff, 0xd0, 0xef, 0x2f, 0xb0, 0xcf,
    0x90, 0xef, 0x2f, 0xb0, 0x8f, 0x50, 0xef, 0x2f,
    0xb0, 0x26, 0x10, 0xef, 0x2f, 0xb0, 0x0, 0x0,
    0xef,

    /* U+004E "N" */
    0xcf, 0xb0, 0x0, 0x4f, 0x9c, 0xff, 0x20, 0x4,
    0xf9, 0xcf, 0xf8, 0x0, 0x4f, 0x9c, 0xfb, 0xe0,
    0x4, 0xf9, 0xcf, 0x4f, 0x60, 0x4f, 0x9c, 0xf1,
    0xcc, 0x4, 0xf9, 0xcf, 0x16, 0xf3, 0x4f, 0x9c,
    0xf1, 0xf, 0x94, 0xf9, 0xcf, 0x10, 0x9f, 0x5f,
    0x9c, 0xf1, 0x2, 0xfb, 0xf9, 0xcf, 0x10, 0xc,
    0xff, 0x9c, 0xf1, 0x0, 0x5f, 0xf9, 0xcf, 0x10,
    0x0, 0xef, 0x90,

    /* U+004F "O" */
    0x0, 0x19, 0xef, 0xe8, 0x0, 0x0, 0x1d, 0xff,
    0xdf, 0xfb, 0x0, 0x9, 0xfb, 0x0, 0x1d, 0xf6,
    0x0, 0xff, 0x10, 0x0, 0x4f, 0xc0, 0x3f, 0xc0,
    0x0, 0x0, 0xff, 0x5, 0xfa, 0x0, 0x0, 0xd,
    0xf1, 0x5f, 0x90, 0x0, 0x0, 0xdf, 0x25, 0xfa,
    0x0, 0x0, 0xd, 0xf1, 0x3f, 0xc0, 0x0, 0x0,
    0xff, 0x0, 0xff, 0x10, 0x0, 0x4f, 0xc0, 0x9,
    0xfb, 0x0, 0x1d, 0xf6, 0x0, 0x1d, 0xff, 0xdf,
    0xfb, 0x0, 0x0, 0x19, 0xef, 0xe8, 0x0, 0x0,

    /* U+0050 "P" */
    0x7f, 0xff, 0xfe, 0xa2, 0x7, 0xfe, 0xdd, 0xff,
    0xe2, 0x7f, 0x70, 0x0, 0x9f, 0xa7, 0xf7, 0x0,
    0x1, 0xfe, 0x7f, 0x70, 0x0, 0x1f, 0xe7, 0xf7,
    0x0, 0x9, 0xfa, 0x7f, 0xed, 0xdf, 0xff, 0x27,
    0xff, 0xff, 0xea, 0x20, 0x7f, 0x70, 0x0, 0x0,
    0x7, 0xf7, 0x0, 0x0, 0x0, 0x7f, 0x70, 0x0,
    0x0, 0x7, 0xf7, 0x0, 0x0, 0x0, 0x7f, 0x70,
    0x0, 0x0, 0x0,

    /* U+0051 "Q" */
    0x0, 0x19, 0xef, 0xe8, 0x0, 0x0, 0x1d, 0xff,
    0xdf, 0xfb, 0x0, 0x9, 0xfb, 0x0, 0x1d, 0xf6,
    0x0, 0xff, 0x10, 0x0, 0x4f, 0xc0, 0x3f, 0xc0,
    0x0, 0x0, 0xff, 0x5, 0xfa, 0x0, 0x0, 0xd,
    0xf1, 0x5f, 0x90, 0x0, 0x0, 0xdf, 0x25, 0xfa,
    0x0, 0x0, 0xd, 0xf1, 0x3f, 0xc0, 0x24, 0x0,
    0xff, 0x0, 0xff, 0x13, 0xf5, 0x4f, 0xc0, 0x9,
    0xfb, 0xe, 0xcd, 0xf6, 0x0, 0x1d, 0xff, 0xff,
    0xfb, 0x0, 0x0, 0x19, 0xef, 0xfb, 0x0, 0x0,
    0x0, 0x0, 0xe, 0xb0, 0x0, 0x0, 0x0, 0x0,
    0x8f, 0x0, 0x0,

    /* U+0052 "R" */
    0xcf, 0xff, 0xfd, 0x80, 0xc, 0xfd, 0xdd, 0xff,
    0xc0, 0xcf, 0x10, 0x2, 0xdf, 0x5c, 0xf1, 0x0,
    0x7, 0xf8, 0xcf, 0x10, 0x0, 0x7f, 0x7c, 0xf1,
    0x0, 0x1d, 0xf2, 0xcf, 0xdc, 0xdf, 0xe5, 0xc,
    0xff, 0xff, 0xff, 0x80, 0xcf, 0x10, 0x2, 0xef,
    0x3c, 0xf1, 0x0, 0x8, 0xf6, 0xcf, 0x10, 0x0,
    0x6f, 0x7c, 0xf1, 0x0, 0x5, 0xf8, 0xcf, 0x10,
    0x0, 0x4f, 0xa0,

    /* U+0053 "S" */
    0x0, 0x3b, 0xff, 0xe8, 0x0, 0x0, 0x4f, 0xfe,
    0xdf, 0xfc, 0x0, 0xc, 0xf7, 0x0, 0x1d, 0xf6,
    0x0, 0xef, 0x0, 0x0, 0x4f, 0xb0, 0xd, 0xf5,
    0x0, 0x0, 0x21, 0x0, 0x5f, 0xfc, 0x62, 0x0,
    0x0, 0x0, 0x3a, 0xff, 0xfc, 0x40, 0x0, 0x0,
    0x0, 0x4a, 0xff, 0x50, 0x16, 0x50, 0x0, 0x4,
    0xfd, 0x1, 0xfe, 0x0, 0x0, 0xf, 0xf0, 0xb,
    0xfa, 0x0, 0x5, 0xfe, 0x0, 0x2e, 0xff, 0xde,
    0xff, 0x50, 0x0, 0x19, 0xef, 0xeb, 0x30, 0x0,

    /* U+0054 "T" */
    0x4f, 0xff, 0xff, 0xff, 0xff, 0x13, 0xdd, 0xde,
    0xfe, 0xdd, 0xd1, 0x0, 0x0, 0x8f, 0x50, 0x0,
    0x0, 0x0, 0x8, 0xf5, 0x0, 0x0, 0x0, 0x0,
    0x8f, 0x50, 0x0, 0x0, 0x0, 0x8, 0xf5, 0x0,
    0x0, 0x0, 0x0, 0x8f, 0x50, 0x0, 0x0, 0x0,
    0x8, 0xf5, 0x0, 0x0, 0x0, 0x0, 0x8f, 0x50,
    0x0, 0x0, 0x0, 0x8, 0xf5, 0x0, 0x0, 0x0,
    0x0, 0x8f, 0x50, 0x0, 0x0, 0x0, 0x8, 0xf5,
    0x0, 0x0, 0x0, 0x0, 0x8f, 0x50, 0x0, 0x0,

    /* U+0055 "U" */
    0xff, 0x0, 0x0, 0x2f, 0xcf, 0xf0, 0x0, 0x2,
    0xfc, 0xff, 0x0, 0x0, 0x2f, 0xcf, 0xf0, 0x0,
    0x2, 0xfc, 0xff, 0x0, 0x0, 0x2f, 0xcf, 0xf0,
    0x0, 0x2, 0xfc, 0xff, 0x0, 0x0, 0x2f, 0xcf,
    0xf0, 0x0, 0x2, 0xfc, 0xff, 0x0, 0x0, 0x2f,
    0xbd, 0xf1, 0x0, 0x4, 0xfa, 0x9f, 0xa0, 0x1,
    0xcf, 0x51, 0xef, 0xed, 0xff, 0xc0, 0x1, 0xae,
    0xfe, 0x80, 0x0,

    /* U+0056 "V" */
    0x5f, 0xa0, 0x0, 0x0, 0xdf, 0x21, 0xfe, 0x0,
    0x0, 0x1f, 0xe0, 0xc, 0xf3, 0x0, 0x6, 0xf9,
    0x0, 0x7f, 0x70, 0x0, 0xaf, 0x40, 0x3, 0xfb,
    0x0, 0xe, 0xf0, 0x0, 0xe, 0xf0, 0x3, 0xfb,
    0x0, 0x0, 0x9f, 0x40, 0x8f, 0x60, 0x0, 0x5,
    0xf9, 0xc, 0xf1, 0x0, 0x0, 0xf, 0xd1, 0xfd,
    0x0, 0x0, 0x0, 0xbf, 0x7f, 0x80, 0x0, 0x0,
    0x7, 0xff, 0xf3, 0x0, 0x0, 0x0, 0x2f, 0xff,
    0x0, 0x0, 0x0, 0x0, 0xdf, 0xa0, 0x0, 0x0,

    /* U+0057 "W" */
    0x7f, 0x70, 0x0, 0x0, 0xaf, 0x35, 0xf8, 0x5,
    0xb3, 0xb, 0xf2, 0x3f, 0xa0, 0x9f, 0x60, 0xdf,
    0x2, 0xfb, 0xb, 0xf8, 0xe, 0xe0, 0xf, 0xd0,
    0xdf, 0xa0, 0xfd, 0x0, 0xee, 0xf, 0xcc, 0x1f,
    0xb0, 0xd, 0xf2, 0xf8, 0xe3, 0xf9, 0x0, 0xbf,
    0x5f, 0x4f, 0x5f, 0x80, 0x9, 0xf9, 0xe1, 0xf9,
    0xf6, 0x0, 0x7f, 0xcc, 0xf, 0xcf, 0x40, 0x6,
    0xff, 0xa0, 0xdf, 0xf2, 0x0, 0x4f, 0xf8, 0xb,
    0xff, 0x10, 0x2, 0xff, 0x60, 0x9f, 0xf0, 0x0,

    /* U+0058 "X" */
    0xd, 0xf3, 0x0, 0x6, 0xfb, 0x6, 0xfb, 0x0,
    0xd, 0xf2, 0x0, 0xdf, 0x30, 0x6f, 0xa0, 0x0,
    0x5f, 0xb0, 0xdf, 0x20, 0x0, 0xd, 0xf8, 0xfa,
    0x0, 0x0, 0x5, 0xff, 0xf2, 0x0, 0x0, 0x0,
    0xff, 0xc0, 0x0, 0x0, 0x5, 0xff, 0xf2, 0x0,
    0x0, 0xd, 0xf7, 0xfa, 0x0, 0x0, 0x6f, 0x90,
    0xdf, 0x30, 0x0, 0xef, 0x20, 0x6f, 0xb0, 0x6,
    0xfa, 0x0, 0xd, 0xf3, 0xe, 0xf2, 0x0, 0x6,
    0xfb,

    /* U+0059 "Y" */
    0x1f, 0xe0, 0x0, 0x3, 0xfd, 0x0, 0x9f, 0x70,
    0x0, 0xaf, 0x60, 0x1, 0xfe, 0x0, 0x2f, 0xe0,
    0x0, 0x9, 0xf6, 0x9, 0xf6, 0x0, 0x0, 0x1f,
    0xd1, 0xfe, 0x0, 0x0, 0x0, 0x9f, 0xcf, 0x60,
    0x0, 0x0, 0x2, 0xff, 0xe0, 0x0, 0x0, 0x0,
    0xa, 0xf7, 0x0, 0x0, 0x0, 0x0, 0x8f, 0x50,
    0x0, 0x0, 0x0, 0x8, 0xf5, 0x0, 0x0, 0x0,
    0x0, 0x8f, 0x50, 0x0, 0x0, 0x0, 0x8, 0xf5,
    0x0, 0x0, 0x0, 0x0, 0x8f, 0x50, 0x0, 0x0,

    /* U+005A "Z" */
    0xd, 0xff, 0xff, 0xff, 0xfc, 0xa, 0xdd, 0xdd,
    0xde, 0xfc, 0x0, 0x0, 0x0, 0xd, 0xf5, 0x0,
    0x0, 0x0, 0x9f, 0x90, 0x0, 0x0, 0x5, 0xfd,
    0x0, 0x0, 0x0, 0x1e, 0xf2, 0x0, 0x0, 0x0,
    0xbf, 0x60, 0x0, 0x0, 0x7, 0xfb, 0x0, 0x0,
    0x0, 0x3f, 0xe1, 0x0, 0x0, 0x0, 0xdf, 0x40,
    0x0, 0x0, 0xa, 0xf8, 0x0, 0x0, 0x0, 0x2f,
    0xfd, 0xdd, 0xdd, 0xdc, 0x2f, 0xff, 0xff, 0xff,
    0xff,

    /* U+005B "[" */
    0xaf, 0xff, 0xff, 0x6a, 0xfa, 0x99, 0x93, 0xaf,
    0x20, 0x0, 0xa, 0xf2, 0x0, 0x0, 0xaf, 0x20,
    0x0, 0xa, 0xf2, 0x0, 0x0, 0xaf, 0x20, 0x0,
    0xa, 0xf2, 0x0, 0x0, 0xaf, 0x20, 0x0, 0xa,
    0xf2, 0x0, 0x0, 0xaf, 0x20, 0x0, 0xa, 0xf2,
    0x0, 0x0, 0xaf, 0x20, 0x0, 0xa, 0xf2, 0x0,
    0x0, 0xaf, 0xa9, 0x99, 0x3a, 0xff, 0xff, 0xf6,

    /* U+005C "\\" */
    0xf, 0xb0, 0x0, 0x0, 0xa, 0xf1, 0x0, 0x0,
    0x5, 0xf6, 0x0, 0x0, 0x0, 0xfb, 0x0, 0x0,
    0x0, 0xaf, 0x10, 0x0, 0x0, 0x5f, 0x60, 0x0,
    0x0, 0xf, 0xc0, 0x0, 0x0, 0xa, 0xf1, 0x0,
    0x0, 0x4, 0xf6, 0x0, 0x0, 0x0, 0xec, 0x0,
    0x0, 0x0, 0x9f, 0x10, 0x0, 0x0, 0x4f, 0x70,
    0x0, 0x0, 0xe, 0xc0, 0x0, 0x0, 0x9, 0xf2,
    0x0, 0x0, 0x4, 0xf7, 0x0, 0x0, 0x0, 0xed,

    /* U+005D "]" */
    0xaf, 0xff, 0xff, 0x65, 0x99, 0x9b, 0xf6, 0x0,
    0x0, 0x6f, 0x60, 0x0, 0x6, 0xf6, 0x0, 0x0,
    0x6f, 0x60, 0x0, 0x6, 0xf6, 0x0, 0x0, 0x6f,
    0x60, 0x0, 0x6, 0xf6, 0x0, 0x0, 0x6f, 0x60,
    0x0, 0x6, 0xf6, 0x0, 0x0, 0x6f, 0x60, 0x0,
    0x6, 0xf6, 0x0, 0x0, 0x6f, 0x60, 0x0, 0x6,
    0xf6, 0x59, 0x99, 0xbf, 0x6a, 0xff, 0xff, 0xf6,

    /* U+005E "^" */
    0x0, 0xd, 0xfa, 0x0, 0x0, 0x4f, 0xdf, 0x10,
    0x0, 0xbf, 0x3f, 0x70, 0x1, 0xf9, 0xc, 0xe0,
    0x8, 0xf2, 0x6, 0xf4, 0xe, 0xc0, 0x0, 0xfb,

    /* U+005F "_" */
    0x6b, 0xbb, 0xbb, 0xbb, 0x4a, 0xff, 0xff, 0xff,
    0xf7,

    /* U+0060 "`" */
    0x13, 0x30, 0x3, 0xff, 0x30, 0xd, 0xf8, 0x0,
    0x6f, 0xd0, 0x0, 0xef, 0x20,

    /* U+0061 "a" */
    0x0, 0x3b, 0xff, 0xc4, 0x0, 0x3, 0xff, 0xbb,
    0xff, 0x30, 0xb, 0xf5, 0x0, 0x5f, 0xa0, 0x2,
    0x20, 0x0, 0x1f, 0xd0, 0x0, 0x16, 0x9d, 0xff,
    0xd0, 0x5, 0xff, 0xc9, 0x6f, 0xd0, 0xe, 0xe1,
    0x0, 0xf, 0xd0, 0xf, 0xe0, 0x0, 0x9f, 0xd0,
    0xc, 0xfe, 0xce, 0xfe, 0xfb, 0x1, 0xaf, 0xfb,
    0x34, 0xed,

    /* U+0062 "b" */
    0x8f, 0x40, 0x0, 0x0, 0x0, 0x8f, 0x40, 0x0,
    0x0, 0x0, 0x8f, 0x40, 0x0, 0x0, 0x0, 0x8f,
    0x58, 0xef, 0xc3, 0x0, 0x8f, 0xef, 0xcd, 0xff,
    0x30, 0x8f, 0xf2, 0x0, 0x8f, 0xb0, 0x8f, 0x80,
    0x0, 0xf, 0xf0, 0x8f, 0x50, 0x0, 0xc, 0xf2,
    0x8f, 0x50, 0x0, 0xc, 0xf2, 0x8f, 0x80, 0x0,
    0xf, 0xf0, 0x8f, 0xf2, 0x0, 0x8f, 0xb0, 0x8f,
    0xdf, 0xbd, 0xff, 0x30, 0x8f, 0x39, 0xef, 0xc3,
    0x0,

    /* U+0063 "c" */
    0x0, 0x7d, 0xfe, 0x91, 0x0, 0xbf, 0xfb, 0xef,
    0xd0, 0x5f, 0xc1, 0x0, 0xaf, 0x7a, 0xf4, 0x0,
    0x1, 0x85, 0xdf, 0x10, 0x0, 0x0, 0xd, 0xf1,
    0x0, 0x0, 0x0, 0xaf, 0x40, 0x0, 0x1a, 0x75,
    0xfc, 0x0, 0xa, 0xf7, 0xb, 0xfe, 0xbd, 0xfc,
    0x0, 0x7, 0xdf, 0xe9, 0x0,

    /* U+0064 "d" */
    0x0, 0x0, 0x0, 0x8, 0xf5, 0x0, 0x0, 0x0,
    0x8, 0xf5, 0x0, 0x0, 0x0, 0x8, 0xf5, 0x0,
    0x5d, 0xfe, 0x78, 0xf5, 0x6, 0xff, 0xcc, 0xfe,
    0xf5, 0xe, 0xf4, 0x0, 0x4f, 0xf5, 0x3f, 0xc0,
    0x0, 0xb, 0xf5, 0x5f, 0x90, 0x0, 0x8, 0xf5,
    0x5f, 0x90, 0x0, 0x8, 0xf5, 0x3f, 0xc0, 0x0,
    0xb, 0xf5, 0xe, 0xf4, 0x0, 0x4f, 0xf5, 0x6,
    0xff, 0xcc, 0xfd, 0xf5, 0x0, 0x5d, 0xfe, 0x76,
    0xf5,

    /* U+0065 "e" */
    0x0, 0x8e, 0xfe, 0x80, 0x0, 0xcf, 0xeb, 0xef,
    0xb0, 0x7f, 0x90, 0x0, 0xbf, 0x4c, 0xf3, 0x22,
    0x26, 0xf9, 0xef, 0xff, 0xff, 0xff, 0xbe, 0xf5,
    0x55, 0x55, 0x53, 0xcf, 0x20, 0x0, 0x2, 0x17,
    0xfb, 0x0, 0xb, 0xf4, 0xc, 0xfe, 0xbe, 0xfb,
    0x0, 0x9, 0xef, 0xe8, 0x0,

    /* U+0066 "f" */
    0x0, 0x5, 0xdf, 0xff, 0x90, 0x1, 0xff, 0x99,
    0x95, 0x0, 0x3f, 0x90, 0x0, 0xc, 0xff, 0xff,
    0xff, 0xf7, 0x79, 0xaf, 0xd9, 0x99, 0x30, 0x4,
    0xf9, 0x0, 0x0, 0x0, 0x4f, 0x90, 0x0, 0x0,
    0x4, 0xf9, 0x0, 0x0, 0x0, 0x4f, 0x90, 0x0,
    0x0, 0x4, 0xf9, 0x0, 0x0, 0x0, 0x4f, 0x90,
    0x0, 0x0, 0x4, 0xf9, 0x0, 0x0, 0x0, 0x4f,
    0x90, 0x0, 0x0,

    /* U+0067 "g" */
    0x0, 0x2a, 0xff, 0xa2, 0xfa, 0x1, 0xef, 0xda,
    0xed, 0xfa, 0x9, 0xf9, 0x0, 0x1d, 0xfa, 0xe,
    0xf1, 0x0, 0x5, 0xfa, 0xf, 0xe0, 0x0, 0x3,
    0xfa, 0xf, 0xe0, 0x0, 0x3, 0xfa, 0xc, 0xf2,
    0x0, 0x7, 0xfa, 0x6, 0xfc, 0x20, 0x5f, 0xfa,
    0x0, 0xaf, 0xff, 0xfa, 0xfa, 0x0, 0x5, 0x99,
    0x53, 0xf9, 0x7, 0xc5, 0x0, 0x8, 0xf6, 0x2,
    0xff, 0xba, 0xdf, 0xd0, 0x0, 0x2a, 0xef, 0xe9,
    0x10,

    /* U+0068 "h" */
    0x5f, 0x70, 0x0, 0x0, 0x5, 0xf7, 0x0, 0x0,
    0x0, 0x5f, 0x70, 0x0, 0x0, 0x5, 0xf7, 0x7e,
    0xfc, 0x20, 0x5f, 0xde, 0xac, 0xfe, 0x5, 0xfe,
    0x10, 0xb, 0xf4, 0x5f, 0x90, 0x0, 0x7f, 0x65,
    0xf7, 0x0, 0x6, 0xf6, 0x5f, 0x70, 0x0, 0x6f,
    0x65, 0xf7, 0x0, 0x6, 0xf6, 0x5f, 0x70, 0x0,
    0x6f, 0x65, 0xf7, 0x0, 0x6, 0xf6, 0x5f, 0x70,
    0x0, 0x6f, 0x60,

    /* U+0069 "i" */
    0x0, 0x0, 0xfe, 0x0, 0x0, 0x0, 0x0, 0xfd,
    0x0, 0x0, 0x0, 0x0, 0x0, 0x0, 0x0, 0x7f,
    0xff, 0xff, 0x0, 0x0, 0x49, 0x99, 0xff, 0x0,
    0x0, 0x0, 0x0, 0xef, 0x0, 0x0, 0x0, 0x0,
    0xef, 0x0, 0x0, 0x0, 0x0, 0xef, 0x0, 0x0,
    0x0, 0x0, 0xef, 0x0, 0x0, 0x0, 0x0, 0xef,
    0x0, 0x0, 0x0, 0x0, 0xef, 0x0, 0x0, 0x59,
    0x99, 0xff, 0x99, 0x91, 0xaf, 0xff, 0xff, 0xff,
    0xf2,

    /* U+006A "j" */
    0x0, 0x0, 0xc, 0xf1, 0x0, 0x0, 0xb, 0xf1,
    0x0, 0x0, 0x0, 0x0, 0xf, 0xff, 0xff, 0xf1,
    0x8, 0x99, 0x9e, 0xf1, 0x0, 0x0, 0xb, 0xf1,
    0x0, 0x0, 0xb, 0xf1, 0x0, 0x0, 0xb, 0xf1,
    0x0, 0x0, 0xb, 0xf1, 0x0, 0x0, 0xb, 0xf1,
    0x0, 0x0, 0xb, 0xf1, 0x0, 0x0, 0xb, 0xf1,
    0x0, 0x0, 0xb, 0xf1, 0x0, 0x0, 0xd, 0xf0,
    0x9, 0x99, 0xbf, 0xc0, 0x1f, 0xff, 0xfb, 0x20,

    /* U+006B "k" */
    0x9f, 0x40, 0x0, 0x0, 0x0, 0x9f, 0x40, 0x0,
    0x0, 0x0, 0x9f, 0x40, 0x0, 0x0, 0x0, 0x9f,
    0x40, 0x0, 0xcf, 0x70, 0x9f, 0x40, 0xb, 0xf9,
    0x0, 0x9f, 0x40, 0x9f, 0xb0, 0x0, 0x9f, 0x46,
    0xfc, 0x0, 0x0, 0x9f, 0x8f, 0xf5, 0x0, 0x0,
    0x9f, 0xfe, 0xfe, 0x10, 0x0, 0x9f, 0xe2, 0x6f,
    0xa0, 0x0, 0x9f, 0x50, 0xb, 0xf5, 0x0, 0x9f,
    0x40, 0x2, 0xff, 0x10, 0x9f, 0x40, 0x0, 0x6f,
    0xb0,

    /* U+006C "l" */
    0xaf, 0xfe, 0x80, 0x0, 0x5, 0x99, 0xef, 0x40,
    0x0, 0x0, 0x4, 0xf8, 0x0, 0x0, 0x0, 0x4f,
    0x90, 0x0, 0x0, 0x4, 0xf9, 0x0, 0x0, 0x0,
    0x4f, 0x90, 0x0, 0x0, 0x4, 0xf9, 0x0, 0x0,
    0x0, 0x4f, 0x90, 0x0, 0x0, 0x4, 0xf9, 0x0,
    0x0, 0x0, 0x4f, 0x90, 0x0, 0x0, 0x4, 0xf9,
    0x0, 0x8, 0x99, 0xaf, 0xd9, 0x97, 0xff, 0xff,
    0xff, 0xff, 0xc0,

    /* U+006D "m" */
    0x5f, 0x6d, 0xf5, 0x5e, 0xe5, 0x5, 0xfe, 0x7e,
    0xec, 0x7f, 0xe0, 0x5f, 0x80, 0x8f, 0x60, 0xbf,
    0x15, 0xf6, 0x7, 0xf4, 0x9, 0xf2, 0x5f, 0x60,
    0x7f, 0x40, 0x9f, 0x25, 0xf6, 0x7, 0xf4, 0x9,
    0xf2, 0x5f, 0x60, 0x7f, 0x40, 0x9f, 0x25, 0xf6,
    0x7, 0xf4, 0x9, 0xf2, 0x5f, 0x60, 0x7f, 0x40,
    0x9f, 0x25, 0xf6, 0x7, 0xf4, 0x9, 0xf2,

    /* U+006E "n" */
    0x9f, 0x29, 0xef, 0xb1, 0x9, 0xfc, 0xb6, 0xaf,
    0xd0, 0x9f, 0xa0, 0x0, 0xbf, 0x39, 0xf5, 0x0,
    0x7, 0xf5, 0x9f, 0x40, 0x0, 0x7f, 0x59, 0xf4,
    0x0, 0x7, 0xf5, 0x9f, 0x40, 0x0, 0x7f, 0x59,
    0xf4, 0x0, 0x7, 0xf5, 0x9f, 0x40, 0x0, 0x7f,
    0x59, 0xf4, 0x0, 0x7, 0xf5,

    /* U+006F "o" */
    0x0, 0x19, 0xef, 0xd8, 0x0, 0x1, 0xdf, 0xeb,
    0xef, 0xb0, 0x8, 0xfa, 0x0, 0xc, 0xf5, 0xd,
    0xf1, 0x0, 0x4, 0xfa, 0xf, 0xe0, 0x0, 0x1,
    0xfc, 0xf, 0xe0, 0x0, 0x1, 0xfc, 0xd, 0xf1,
    0x0, 0x4, 0xfa, 0x8, 0xfa, 0x0, 0xc, 0xf5,
    0x1, 0xdf, 0xdb, 0xef, 0xb0, 0x0, 0x19, 0xef,
    0xd8, 0x0,

    /* U+0070 "p" */
    0xbf, 0x2b, 0xff, 0xb2, 0xb, 0xfd, 0xc8, 0xbf,
    0xe1, 0xbf, 0xb0, 0x0, 0x8f, 0x8b, 0xf4, 0x0,
    0x1, 0xfc, 0xbf, 0x20, 0x0, 0xf, 0xfb, 0xf2,
    0x0, 0x0, 0xff, 0xbf, 0x50, 0x0, 0x2f, 0xcb,
    0xfd, 0x10, 0xb, 0xf8, 0xbf, 0xee, 0xbe, 0xfe,
    0x1b, 0xf3, 0xaf, 0xfb, 0x20, 0xbf, 0x10, 0x0,
    0x0, 0xb, 0xf1, 0x0, 0x0, 0x0, 0xbf, 0x10,
    0x0, 0x0, 0x0,

    /* U+0071 "q" */
    0x0, 0x3c, 0xfe, 0x84, 0xf8, 0x3, 0xff, 0xdc,
    0xfc, 0xf8, 0xb, 0xf8, 0x0, 0x2e, 0xf8, 0xf,
    0xe0, 0x0, 0x8, 0xf8, 0x2f, 0xc0, 0x0, 0x5,
    0xf8, 0x2f, 0xc0, 0x0, 0x5, 0xf8, 0xf, 0xe0,
    0x0, 0x8, 0xf8, 0xb, 0xf7, 0x0, 0x2e, 0xf8,
    0x3, 0xff, 0xdb, 0xfe, 0xf8, 0x0, 0x3c, 0xfe,
    0x95, 0xf8, 0x0, 0x0, 0x0, 0x5, 0xf8, 0x0,
    0x0, 0x0, 0x5, 0xf8, 0x0, 0x0, 0x0, 0x5,
    0xf8,

    /* U+0072 "r" */
    0x7f, 0xff, 0x69, 0xff, 0xd4, 0x99, 0xfd, 0xe9,
    0x97, 0x0, 0x1f, 0xf2, 0x0, 0x0, 0x1, 0xfd,
    0x0, 0x0, 0x0, 0x1f, 0xc0, 0x0, 0x0, 0x1,
    0xfc, 0x0, 0x0, 0x0, 0x1f, 0xc0, 0x0, 0x0,
    0x1, 0xfc, 0x0, 0x0, 0x49, 0x9f, 0xe9, 0x96,
    0x7, 0xff, 0xff, 0xff, 0xc0,

    /* U+0073 "s" */
    0x2, 0xbf, 0xfd, 0x70, 0x1, 0xef, 0xcb, 0xef,
    0x90, 0x6f, 0x90, 0x1, 0xdf, 0x25, 0xfa, 0x0,
    0x1, 0x30, 0xd, 0xfe, 0xa7, 0x20, 0x0, 0x6,
    0xae, 0xff, 0xa0, 0x34, 0x10, 0x2, 0xbf, 0x57,
    0xf9, 0x0, 0x8, 0xf6, 0x1e, 0xfd, 0xbc, 0xff,
    0x20, 0x19, 0xef, 0xeb, 0x20,

    /* U+0074 "t" */
    0x0, 0x1, 0xfb, 0x0, 0x0, 0x0, 0x1, 0xfb,
    0x0, 0x0, 0x2f, 0xff, 0xff, 0xff, 0xf7, 0x19,
    0x99, 0xfe, 0x99, 0x93, 0x0, 0x1, 0xfb, 0x0,
    0x0, 0x0, 0x1, 0xfb, 0x0, 0x0, 0x0, 0x1,
    0xfb, 0x0, 0x0, 0x0, 0x1, 0xfb, 0x0, 0x0,
    0x0, 0x1, 0xfb, 0x0, 0x0, 0x0, 0x1, 0xfc,
    0x0, 0x0, 0x0, 0x0, 0xef, 0xa9, 0x93, 0x0,
    0x0, 0x3c, 0xff, 0xf7,

    /* U+0075 "u" */
    0x7f, 0x50, 0x0, 0xaf, 0x37, 0xf5, 0x0, 0xa,
    0xf3, 0x7f, 0x50, 0x0, 0xaf, 0x37, 0xf5, 0x0,
    0xa, 0xf3, 0x7f, 0x50, 0x0, 0xaf, 0x37, 0xf5,
    0x0, 0xa, 0xf3, 0x7f, 0x60, 0x0, 0xbf, 0x35,
    0xfa, 0x0, 0x2f, 0xf3, 0xe, 0xfc, 0xaf, 0xcf,
    0x30, 0x3c, 0xfd, 0x68, 0xf3,

    /* U+0076 "v" */
    0xf, 0xe0, 0x0, 0x2, 0xfd, 0xa, 0xf4, 0x0,
    0x7, 0xf7, 0x5, 0xf9, 0x0, 0xc, 0xf2, 0x0,
    0xfe, 0x0, 0x1f, 0xc0, 0x0, 0xaf, 0x40, 0x7f,
    0x60, 0x0, 0x4f, 0x90, 0xcf, 0x10, 0x0, 0xe,
    0xe1, 0xfb, 0x0, 0x0, 0x9, 0xfa, 0xf6, 0x0,
    0x0, 0x4, 0xff, 0xf1, 0x0, 0x0, 0x0, 0xef,
    0xb0, 0x0,

    /* U+0077 "w" */
    0x9f, 0x40, 0x0, 0x0, 0x8f, 0x66, 0xf7, 0x4,
    0x92, 0xa, 0xf3, 0x3f, 0x90, 0x9f, 0x60, 0xcf,
    0x0, 0xfb, 0xc, 0xf9, 0xf, 0xd0, 0xd, 0xe0,
    0xfd, 0xc1, 0xfa, 0x0, 0xaf, 0x3f, 0x7f, 0x4f,
    0x70, 0x7, 0xf9, 0xe1, 0xf9, 0xf4, 0x0, 0x4f,
    0xeb, 0xe, 0xef, 0x10, 0x1, 0xff, 0x80, 0xbf,
    0xe0, 0x0, 0xe, 0xf5, 0x8, 0xfb, 0x0,

    /* U+0078 "x" */
    0xa, 0xf6, 0x0, 0x9, 0xf7, 0x1, 0xef, 0x10,
    0x4f, 0xc0, 0x0, 0x4f, 0xb0, 0xdf, 0x20, 0x0,
    0x9, 0xfc, 0xf7, 0x0, 0x0, 0x0, 0xef, 0xc0,
    0x0, 0x0, 0x2, 0xff, 0xd0, 0x0, 0x0, 0xc,
    0xf9, 0xf9, 0x0, 0x0, 0x7f, 0x90, 0xbf, 0x40,
    0x2, 0xfd, 0x0, 0x1f, 0xe0, 0xc, 0xf4, 0x0,
    0x6, 0xf9,

    /* U+0079 "y" */
    0xf, 0xe0, 0x0, 0x2, 0xfc, 0xa, 0xf4, 0x0,
    0x7, 0xf7, 0x4, 0xf9, 0x0, 0xc, 0xf2, 0x0,
    0xee, 0x0, 0x1f, 0xc0, 0x0, 0x9f, 0x40, 0x5f,
    0x70, 0x0, 0x4f, 0x90, 0xaf, 0x10, 0x0, 0xe,
    0xe0, 0xfc, 0x0, 0x0, 0x8, 0xf9, 0xf7, 0x0,
    0x0, 0x3, 0xff, 0xf1, 0x0, 0x0, 0x0, 0xdf,
    0xc0, 0x0, 0x0, 0x0, 0x4f, 0x60, 0x0, 0x0,
    0x69, 0xef, 0x10, 0x0, 0x0, 0xaf, 0xe6, 0x0,
    0x0,

    /* U+007A "z" */
    0x6f, 0xff, 0xff, 0xff, 0x43, 0x99, 0x99, 0x9f,
    0xf3, 0x0, 0x0, 0x9, 0xf9, 0x0, 0x0, 0x7,
    0xfb, 0x0, 0x0, 0x5, 0xfc, 0x0, 0x0, 0x3,
    0xfe, 0x10, 0x0, 0x2, 0xef, 0x20, 0x0, 0x1,
    0xdf, 0x40, 0x0, 0x0, 0x9f, 0xd9, 0x99, 0x99,
    0x39, 0xff, 0xff, 0xff, 0xf6,

    /* U+007B "{" */
    0x0, 0x0, 0x9e, 0xfd, 0x0, 0x7, 0xfe, 0xb9,
    0x0, 0xc, 0xf1, 0x0, 0x0, 0xd, 0xf0, 0x0,
    0x0, 0xd, 0xf0, 0x0, 0x0, 0xd, 0xe0, 0x0,
    0x0, 0x5f, 0x90, 0x0, 0x1f, 0xe9, 0x0, 0x0,
    0xc, 0xfd, 0x20, 0x0, 0x0, 0x2f, 0xa0, 0x0,
    0x0, 0xd, 0xe0, 0x0, 0x0, 0xd, 0xf0, 0x0,
    0x0, 0xd, 0xf0, 0x0, 0x0, 0xc, 0xf1, 0x0,
    0x0, 0x6, 0xfe, 0xb9, 0x0, 0x0, 0x9e, 0xfd,

    /* U+007C "|" */
    0x6c, 0x37, 0xf4, 0x7f, 0x47, 0xf4, 0x7f, 0x47,
    0xf4, 0x7f, 0x47, 0xf4, 0x7f, 0x47, 0xf4, 0x7f,
    0x47, 0xf4, 0x7f, 0x47, 0xf4, 0x7f, 0x47, 0xf4,

    /* U+007D "}" */
    0x1f, 0xfe, 0x70, 0x0, 0xb, 0xbf, 0xf4, 0x0,
    0x0, 0x4, 0xf8, 0x0, 0x0, 0x2, 0xfa, 0x0,
    0x0, 0x2, 0xfa, 0x0, 0x0, 0x1, 0xfa, 0x0,
    0x0, 0x0, 0xce, 0x30, 0x0, 0x0, 0x1a, 0xfd,
    0x0, 0x0, 0x4e, 0xea, 0x0, 0x0, 0xed, 0x0,
    0x0, 0x1, 0xfa, 0x0, 0x0, 0x2, 0xfa, 0x0,
    0x0, 0x2, 0xf9, 0x0, 0x0, 0x4, 0xf8, 0x0,
    0xb, 0xbf, 0xf3, 0x0, 0x1f, 0xfe, 0x60, 0x0,

    /* U+007E "~" */
    0x1, 0x76, 0x0, 0x18, 0x30, 0xef, 0xfa, 0x4,
    0xf4, 0x6f, 0x44, 0xfb, 0xdf, 0x8, 0xf0, 0x5,
    0xee, 0x40,

    /* U+00A0 " " */

    /* U+00A1 "¡" */
    0xdf, 0xad, 0xfa, 0x56, 0x40, 0x10, 0x4f, 0x15,
    0xf2, 0x6f, 0x37, 0xf4, 0x8f, 0x48, 0xf5, 0x8f,
    0x58, 0xf5, 0x8f, 0x50,

    /* U+00A2 "¢" */
    0x0, 0x0, 0xd7, 0x0, 0x0, 0x3, 0x9f, 0xc4,
    0x0, 0x7, 0xff, 0xff, 0xf8, 0x3, 0xfe, 0x5f,
    0x6e, 0xf3, 0xaf, 0x52, 0xf2, 0x5e, 0x8d, 0xf0,
    0x3f, 0x0, 0x0, 0xef, 0x5, 0xf0, 0x0, 0xd,
    0xf0, 0x6e, 0x0, 0x10, 0xaf, 0x58, 0xc0, 0x5f,
    0x93, 0xfe, 0xcb, 0x3d, 0xf3, 0x7, 0xff, 0xff,
    0xf7, 0x0, 0x3, 0xed, 0x93, 0x0, 0x0, 0xd,
    0x70, 0x0, 0x0,

    /* U+00A3 "£" */
    0x0, 0x5, 0xcf, 0xfc, 0x40, 0x0, 0x6, 0xff,
    0xee, 0xff, 0x50, 0x0, 0xef, 0x50, 0x9, 0xfd,
    0x0, 0xf, 0xd0, 0x0, 0x5, 0x50, 0x0, 0xfe,
    0x0, 0x0, 0x0, 0x0, 0x1b, 0xf4, 0x11, 0x0,
    0x0, 0x4f, 0xff, 0xff, 0xf6, 0x0, 0x1, 0x46,
    0xfa, 0x44, 0x20, 0x0, 0x0, 0x3f, 0x70, 0x0,
    0x0, 0x0, 0x8, 0xf2, 0x0, 0x0, 0x0, 0x4,
    0xf8, 0x0, 0x0, 0x0, 0x3, 0xff, 0xee, 0xee,
    0xee, 0xb0, 0x4f, 0xff, 0xff, 0xff, 0xfd, 0x0,

    /* U+00A4 "¤" */
    0x0, 0x0, 0x0, 0x0, 0x0, 0x2, 0xe4, 0x0,
    0x20, 0x6, 0xd1, 0xc, 0xfa, 0xff, 0xfa, 0xf9,
    0x0, 0xe, 0xf8, 0x5a, 0xfc, 0x0, 0x3, 0xf6,
    0x0, 0xa, 0xf0, 0x0, 0x7f, 0x0, 0x0, 0x4f,
    0x30, 0x6, 0xf1, 0x0, 0x4, 0xf3, 0x0, 0x2f,
    0x80, 0x0, 0xbe, 0x0, 0x2, 0xff, 0xb8, 0xcf,
    0xd0, 0x1, 0xee, 0x8d, 0xfd, 0x7f, 0xc0, 0x1b,
    0x20, 0x0, 0x0, 0x4a, 0x0,

    /* U+00A5 "¥" */
    0x1f, 0xf0, 0x0, 0x3, 0xfd, 0x0, 0x9f, 0x70,
    0x0, 0xaf, 0x60, 0x1, 0xfe, 0x0, 0x2f, 0xd0,
    0x0, 0x8, 0xf7, 0xa, 0xf5, 0x0, 0x0, 0x1f,
    0xe3, 0xfd, 0x0, 0x0, 0x0, 0x8f, 0xef, 0x50,
    0x0, 0xb, 0xff, 0xff, 0xff, 0xf8, 0x0, 0x58,
    0x8c, 0xfb, 0x88, 0x40, 0x1, 0x22, 0x9f, 0x72,
    0x21, 0x0, 0xbf, 0xff, 0xff, 0xff, 0x80, 0x3,
    0x55, 0xbf, 0x95, 0x52, 0x0, 0x0, 0x8, 0xf5,
    0x0, 0x0, 0x0, 0x0, 0x8f, 0x50, 0x0, 0x0,

    /* U+00A6 "¦" */
    0x7f, 0x47, 0xf4, 0x7f, 0x47, 0xf4, 0x7f, 0x47,
    0xf4, 0x38, 0x20, 0x0, 0x0, 0x3, 0x82, 0x7f,
    0x47, 0xf4, 0x7f, 0x47, 0xf4, 0x7f, 0x47, 0xf4,

    /* U+00A7 "§" */
    0x2, 0xae, 0xfe, 0x90, 0x1, 0xef, 0xca, 0xdf,
    0xc0, 0x5f, 0xb0, 0x0, 0xbf, 0x44, 0xfd, 0x10,
    0x1, 0x41, 0x8, 0xff, 0xb7, 0x10, 0x0, 0x9f,
    0xed, 0xff, 0x80, 0x4f, 0xa0, 0x1, 0xaf, 0x46,
    0xf7, 0x0, 0x4, 0xf7, 0x1f, 0xf7, 0x44, 0xdf,
    0x30, 0x2a, 0xff, 0xff, 0x70, 0x0, 0x0, 0x39,
    0xff, 0x27, 0xb3, 0x0, 0x8, 0xf7, 0x5f, 0xd3,
    0x1, 0xcf, 0x50, 0x9f, 0xff, 0xff, 0xb0, 0x0,
    0x38, 0xa9, 0x50, 0x0,

    /* U+00A8 "¨" */
    0x3f, 0xa0, 0xdf, 0x4, 0xfa, 0xd, 0xf0,

    /* U+00A9 "©" */
    0x0, 0x0, 0x0, 0x0, 0x0, 0x0, 0x2, 0xae,
    0xfe, 0x80, 0x0, 0x2, 0xeb, 0x53, 0x6d, 0xd1,
    0x0, 0xda, 0x0, 0x10, 0xc, 0xa0, 0x5f, 0x15,
    0xef, 0xe4, 0x3f, 0x2a, 0xa2, 0xfa, 0x5b, 0xf1,
    0xe6, 0xc7, 0x8f, 0x0, 0x1a, 0x3b, 0x9d, 0x6a,
    0xe0, 0x0, 0x0, 0xaa, 0xd7, 0x9f, 0x0, 0x9,
    0x3a, 0x9a, 0xa4, 0xf8, 0x18, 0xf2, 0xd7, 0x6e,
    0x8, 0xff, 0xf6, 0x2f, 0x30, 0xe8, 0x1, 0x31,
    0xb, 0xc0, 0x4, 0xf9, 0x20, 0x3b, 0xe2, 0x0,
    0x4, 0xdf, 0xff, 0xb2, 0x0, 0x0, 0x0, 0x12,
    0x10, 0x0, 0x0,

    /* U+00AA "ª" */
    0xa, 0xff, 0xb2, 0x8, 0xf7, 0x5f, 0xa0, 0x1,
    0x58, 0xfd, 0x5, 0xfc, 0x8e, 0xd0, 0xcf, 0x3,
    0xfd, 0x6, 0xff, 0xe9, 0xf5, 0x1, 0x20, 0x2,
    0x0,

    /* U+00AB "«" */
    0x0, 0x25, 0x40, 0x35, 0x20, 0x1d, 0xf2, 0x3f,
    0xc0, 0xb, 0xf4, 0x1e, 0xe1, 0x8, 0xf7, 0xc,
    0xf3, 0x0, 0xcf, 0x10, 0xfb, 0x0, 0x4, 0xfc,
    0x9, 0xf7, 0x0, 0x7, 0xf9, 0xb, 0xf5, 0x0,
    0x9, 0xf6, 0x1d, 0xf3,

    /* U+00AC "¬" */
    0x38, 0x88, 0x88, 0x88, 0x16, 0xff, 0xff, 0xff,
    0xf3, 0x0, 0x0, 0x0, 0x4f, 0x30, 0x0, 0x0,
    0x4, 0xf3, 0x0, 0x0, 0x0, 0x4f, 0x30,

    /* U+00AE "®" */
    0x0, 0x18, 0xde, 0xc7, 0x0, 0x0, 0x2e, 0x93,
    0x24, 0xbc, 0x10, 0xd, 0x79, 0xff, 0xb1, 0xaa,
    0x4, 0xd0, 0x98, 0xb, 0x71, 0xf1, 0x89, 0x9,
    0x80, 0xc7, 0xc, 0x58, 0x90, 0x9f, 0xfd, 0x10,
    0xc5, 0x5c, 0x9, 0x96, 0xd0, 0xf, 0x20, 0xe5,
    0x88, 0xb, 0x68, 0xc0, 0x4, 0xe6, 0x0, 0x18,
    0xe2, 0x0, 0x2, 0xbf, 0xff, 0xa1, 0x0, 0x0,
    0x0, 0x1, 0x0, 0x0, 0x0,

    /* U+00AF "¯" */
    0x2, 0x22, 0x22, 0x1f, 0xff, 0xfd, 0x5, 0x55,
    0x54,

    /* U+00B0 "°" */
    0x4, 0xdf, 0xc2, 0x2, 0xfd, 0x8e, 0xe0, 0x7f,
    0x10, 0x4f, 0x47, 0xf1, 0x4, 0xf4, 0x2f, 0xd9,
    0xee, 0x0, 0x4d, 0xfc, 0x20,

    /* U+00B1 "±" */
    0x0, 0x3, 0x81, 0x0, 0x0, 0x0, 0x6f, 0x30,
    0x0, 0x0, 0x6, 0xf3, 0x0, 0x0, 0x0, 0x6f,
    0x30, 0x0, 0xcf, 0xff, 0xff, 0xff, 0x98, 0xaa,
    0xdf, 0xca, 0xa6, 0x0, 0x6, 0xf3, 0x0, 0x0,
    0x0, 0x6f, 0x30, 0x0, 0x0, 0x5, 0xd3, 0x0,
    0x6, 0x99, 0x99, 0x99, 0x95, 0xcf, 0xff, 0xff,
    0xff, 0x90,

    /* U+00B2 "²" */
    0x3, 0xdf, 0xd3, 0xd, 0xa3, 0xbc, 0x4, 0x10,
    0x9c, 0x0, 0x2a, 0xf4, 0x5, 0xf9, 0x10, 0xe,
    0xa3, 0x32, 0xf, 0xff, 0xfc,

    /* U+00B3 "³" */
    0x4, 0xef, 0xc2, 0xf, 0x93, 0xe9, 0x0, 0x0,
    0xd8, 0x0, 0x2f, 0xe2, 0x0, 0x2, 0xad, 0x1f,
    0x72, 0xae, 0x7, 0xef, 0xd4,

    /* U+00B4 "´" */
    0x0, 0x33, 0x10, 0x6f, 0xf1, 0xb, 0xf9, 0x1,
    0xff, 0x30, 0x6f, 0xc0, 0x0,

    /* U+00B5 "µ" */
    0x7f, 0x50, 0x0, 0x8f, 0x47, 0xf5, 0x0, 0x8,
    0xf4, 0x7f, 0x50, 0x0, 0x8f, 0x47, 0xf5, 0x0,
    0x8, 0xf4, 0x7f, 0x50, 0x0, 0x8f, 0x47, 0xf5,
    0x0, 0x8, 0xf4, 0x7f, 0x60, 0x0, 0xaf, 0x47,
    0xfb, 0x0, 0x2f, 0xf4, 0x7f, 0xfc, 0xaf, 0xdf,
    0x47, 0xf9, 0xef, 0x87, 0xf4, 0x7f, 0x50, 0x0,
    0x0, 0x7, 0xf5, 0x0, 0x0, 0x0, 0x7f, 0x50,
    0x0, 0x0, 0x0,

    /* U+00B6 "¶" */
    0x4, 0xcf, 0xff, 0xff, 0x32, 0xff, 0xff, 0xbd,
    0xf3, 0x9f, 0xff, 0xf4, 0x8f, 0x3c, 0xff, 0xff,
    0x48, 0xf3, 0xbf, 0xff, 0xf4, 0x8f, 0x36, 0xff,
    0xff, 0x48, 0xf3, 0x9, 0xff, 0xf4, 0x8f, 0x30,
    0x2, 0xaf, 0x48, 0xf3, 0x0, 0x6, 0xf4, 0x8f,
    0x30, 0x0, 0x6f, 0x48, 0xf3, 0x0, 0x6, 0xf4,
    0x8f, 0x30, 0x0, 0x6f, 0x48, 0xf3, 0x0, 0x6,
    0xf4, 0x8f, 0x30,

    /* U+00B7 "·" */
    0x56, 0x4d, 0xfa, 0xdf, 0xa0,

    /* U+00B8 "¸" */
    0x3, 0xf3, 0x0, 0x2b, 0xf4, 0x45, 0xb, 0x84,
    0xff, 0xe2, 0x0, 0x20, 0x0,

    /* U+00B9 "¹" */
    0x0, 0xf, 0x20, 0x6, 0xf2, 0xf, 0xff, 0x20,
    0x15, 0xf2, 0x0, 0x3f, 0x20, 0x3, 0xf2, 0x0,
    0x3f, 0x20,

    /* U+00BA "º" */
    0x7, 0xef, 0xd4, 0x5, 0xfa, 0x4c, 0xf2, 0xaf,
    0x0, 0x3f, 0x7b, 0xf0, 0x3, 0xf7, 0x7f, 0x61,
    0x9f, 0x30, 0xaf, 0xff, 0x70, 0x0, 0x13, 0x10,
    0x0,

    /* U+00BB "»" */
    0x35, 0x20, 0x55, 0x0, 0x1, 0xee, 0x15, 0xfb,
    0x0, 0x3, 0xfc, 0x7, 0xf8, 0x0, 0x5, 0xfa,
    0xa, 0xf5, 0x0, 0xe, 0xd0, 0x3f, 0x80, 0xa,
    0xf5, 0x1e, 0xe2, 0x7, 0xf8, 0xc, 0xf4, 0x5,
    0xfb, 0xa, 0xf6, 0x0,

    /* U+00BC "¼" */
    0x2, 0xf4, 0x0, 0x0, 0xbc, 0xd, 0xff, 0x40,
    0x0, 0x4f, 0x40, 0x13, 0xf4, 0x0, 0xc, 0xb0,
    0x0, 0x2f, 0x40, 0x5, 0xf2, 0x0, 0x2, 0xf4,
    0x0, 0x55, 0x0, 0x0, 0x2f, 0x40, 0x0, 0x11,
    0x0, 0x2, 0xf4, 0x0, 0x2f, 0xc0, 0x0, 0x2,
    0x0, 0xc, 0xfc, 0x0, 0x0, 0x1b, 0x59, 0xca,
    0xc0, 0x0, 0x8, 0xe7, 0xe1, 0x9c, 0x0, 0x1,
    0xf7, 0xdf, 0xff, 0xfb, 0x0, 0x9e, 0x2, 0x33,
    0xad, 0x20, 0x2f, 0x60, 0x0, 0x9, 0xc0, 0x0,

    /* U+00BD "½" */
    0x0, 0xb4, 0x0, 0x0, 0x9b, 0x0, 0x3f, 0x40,
    0x0, 0x2f, 0x60, 0xdf, 0xf4, 0x0, 0xa, 0xd0,
    0x1, 0x3f, 0x40, 0x2, 0xf5, 0x0, 0x1, 0xf4,
    0x0, 0xad, 0x0, 0x0, 0x1f, 0x40, 0x0, 0x0,
    0x0, 0x1, 0xf4, 0x2, 0xdf, 0xe5, 0x0, 0x4,
    0x10, 0xbc, 0x4a, 0xf0, 0x0, 0x7, 0x34, 0x20,
    0x6f, 0x0, 0x6, 0xf2, 0x0, 0x7f, 0x70, 0x0,
    0xe9, 0x1, 0xdc, 0x30, 0x0, 0x7f, 0x10, 0xac,
    0x0, 0x0, 0x1e, 0x80, 0xd, 0xff, 0xfe, 0x1,
    0x30, 0x0, 0x23, 0x33, 0x30,

    /* U+00BE "¾" */
    0xa, 0xfe, 0x80, 0x0, 0x7f, 0x16, 0xf4, 0x7f,
    0x20, 0xe, 0x80, 0x0, 0x4, 0xf1, 0x7, 0xf1,
    0x0, 0x9, 0xf9, 0x1, 0xf8, 0x0, 0x0, 0x14,
    0xf5, 0x5b, 0x10, 0x7, 0xc1, 0x1e, 0x70, 0x0,
    0x0, 0x2e, 0xff, 0xd1, 0x9, 0xf3, 0x0, 0x2,
    0x20, 0x6, 0xff, 0x30, 0x0, 0xa, 0x83, 0xf6,
    0xf3, 0x0, 0x5, 0xf4, 0xe5, 0x3f, 0x30, 0x0,
    0xdb, 0x7f, 0xff, 0xff, 0x10, 0x5f, 0x31, 0x33,
    0x5f, 0x50, 0xd, 0xb0, 0x0, 0x3, 0xf3, 0x0,

    /* U+00BF "¿" */
    0x0, 0xc, 0xfa, 0x0, 0x0, 0x0, 0xcf, 0xa0,
    0x0, 0x0, 0x5, 0x64, 0x0, 0x0, 0x0, 0x24,
    0x10, 0x0, 0x0, 0x8, 0xf4, 0x0, 0x0, 0x2,
    0xef, 0x10, 0x0, 0x5, 0xff, 0x60, 0x0, 0x4,
    0xfe, 0x30, 0x0, 0x0, 0xcf, 0x30, 0x0, 0x3,
    0x2e, 0xf0, 0x0, 0x6, 0xf9, 0xcf, 0x60, 0x1,
    0xdf, 0x44, 0xff, 0xdc, 0xff, 0x90, 0x4, 0xbf,
    0xfd, 0x60, 0x0,

    /* U+00C0 "À" */
    0x0, 0x5, 0x71, 0x0, 0x0, 0x0, 0x0, 0x4f,
    0x80, 0x0, 0x0, 0x0, 0x0, 0x9f, 0x10, 0x0,
    0x0, 0x0, 0x0, 0x0, 0x0, 0x0, 0x0, 0x0,
    0xff, 0xc0, 0x0, 0x0, 0x0, 0x4f, 0xff, 0x10,
    0x0, 0x0, 0x8, 0xfb, 0xf5, 0x0, 0x0, 0x0,
    0xdf, 0x3f, 0xa0, 0x0, 0x0, 0x1f, 0xb0, 0xee,
    0x0, 0x0, 0x6, 0xf7, 0xa, 0xf3, 0x0, 0x0,
    0xbf, 0x20, 0x5f, 0x80, 0x0, 0xf, 0xe0, 0x1,
    0xfc, 0x0, 0x4, 0xff, 0xff, 0xff, 0xf1, 0x0,
    0x8f, 0xdc, 0xcc, 0xef, 0x50, 0xd, 0xf1, 0x0,
    0x4, 0xfa, 0x2, 0xfc, 0x0, 0x0, 0xf, 0xe0,
    0x6f, 0x80, 0x0, 0x0, 0xbf, 0x30,

    /* U+00C1 "Á" */
    0x0, 0x0, 0x2, 0x74, 0x0, 0x0, 0x0, 0x0,
    0xbf, 0x20, 0x0, 0x0, 0x0, 0x2f, 0x70, 0x0,
    0x0, 0x0, 0x0, 0x0, 0x0, 0x0, 0x0, 0x0,
    0xff, 0xc0, 0x0, 0x0, 0x0, 0x4f, 0xff, 0x10,
    0x0, 0x0, 0x8, 0xfb, 0xf5, 0x0, 0x0, 0x0,
    0xdf, 0x3f, 0xa0, 0x0, 0x0, 0x1f, 0xb0, 0xee,
    0x0, 0x0, 0x6, 0xf7, 0xa, 0xf3, 0x0, 0x0,
    0xbf, 0x20, 0x5f, 0x80, 0x0, 0xf, 0xe0, 0x1,
    0xfc, 0x0, 0x4, 0xff, 0xff, 0xff, 0xf1, 0x0,
    0x8f, 0xdc, 0xcc, 0xef, 0x50, 0xd, 0xf1, 0x0,
    0x4, 0xfa, 0x2, 0xfc, 0x0, 0x0, 0xf, 0xe0,
    0x6f, 0x80, 0x0, 0x0, 0xbf, 0x30,

    /* U+00C2 "Â" */
    0x0, 0x0, 0xdf, 0x90, 0x0, 0x0, 0x0, 0x6f,
    0x9f, 0x20, 0x0, 0x0, 0xe, 0x80, 0xcb, 0x0,
    0x0, 0x0, 0x0, 0x0, 0x0, 0x0, 0x0, 0x0,
    0xff, 0xc0, 0x0, 0x0, 0x0, 0x4f, 0xff, 0x10,
    0x0, 0x0, 0x8, 0xfb, 0xf5, 0x0, 0x0, 0x0,
    0xdf, 0x3f, 0xa0, 0x0, 0x0, 0x1f, 0xb0, 0xee,
    0x0, 0x0, 0x6, 0xf7, 0xa, 0xf3, 0x0, 0x0,
    0xbf, 0x20, 0x5f, 0x80, 0x0, 0xf, 0xe0, 0x1,
    0xfc, 0x0, 0x4, 0xff, 0xff, 0xff, 0xf1, 0x0,
    0x8f, 0xdc, 0xcc, 0xef, 0x50, 0xd, 0xf1, 0x0,
    0x4, 0xfa, 0x2, 0xfc, 0x0, 0x0, 0xf, 0xe0,
    0x6f, 0x80, 0x0, 0x0, 0xbf, 0x30,

    /* U+00C3 "Ã" */
    0x0, 0xc, 0xf8, 0xd, 0x30, 0x0, 0x6, 0xc4,
    0xcf, 0xc0, 0x0, 0x0, 0x11, 0x0, 0x20, 0x0,
    0x0, 0x0, 0x0, 0x0, 0x0, 0x0, 0x0, 0x0,
    0xff, 0xc0, 0x0, 0x0, 0x0, 0x4f, 0xff, 0x10,
    0x0, 0x0, 0x8, 0xfb, 0xf5, 0x0, 0x0, 0x0,
    0xdf, 0x3f, 0xa0, 0x0, 0x0, 0x1f, 0xb0, 0xee,
    0x0, 0x0, 0x6, 0xf7, 0xa, 0xf3, 0x0, 0x0,
    0xbf, 0x20, 0x5f, 0x80, 0x0, 0xf, 0xe0, 0x1,
    0xfc, 0x0, 0x4, 0xff, 0xff, 0xff, 0xf1, 0x0,
    0x8f, 0xdc, 0xcc, 0xef, 0x50, 0xd, 0xf1, 0x0,
    0x4, 0xfa, 0x2, 0xfc, 0x0, 0x0, 0xf, 0xe0,
    0x6f, 0x80, 0x0, 0x0, 0xbf, 0x30,

    /* U+00C4 "Ä" */
    0x0, 0x4f, 0xa0, 0xdf, 0x0, 0x0, 0x3, 0xfa,
    0xd, 0xf0, 0x0, 0x0, 0x0, 0x0, 0x0, 0x0,
    0x0, 0x0, 0xf, 0xfc, 0x0, 0x0, 0x0, 0x4,
    0xff, 0xf1, 0x0, 0x0, 0x0, 0x8f, 0xbf, 0x50,
    0x0, 0x0, 0xd, 0xf3, 0xfa, 0x0, 0x0, 0x1,
    0xfb, 0xe, 0xe0, 0x0, 0x0, 0x6f, 0x70, 0xaf,
    0x30, 0x0, 0xb, 0xf2, 0x5, 0xf8, 0x0, 0x0,
    0xfe, 0x0, 0x1f, 0xc0, 0x0, 0x4f, 0xff, 0xff,
    0xff, 0x10, 0x8, 0xfd, 0xcc, 0xce, 0xf5, 0x0,
    0xdf, 0x10, 0x0, 0x4f, 0xa0, 0x2f, 0xc0, 0x0,
    0x0, 0xfe, 0x6, 0xf8, 0x0, 0x0, 0xb, 0xf3,

    /* U+00C5 "Å" */
    0x0, 0x0, 0xbf, 0x90, 0x0, 0x0, 0x0, 0x4c,
    0x1f, 0x10, 0x0, 0x0, 0x0, 0xcf, 0x90, 0x0,
    0x0, 0x0, 0x0, 0x0, 0x0, 0x0, 0x0, 0x0,
    0xff, 0xc0, 0x0, 0x0, 0x0, 0x4f, 0xff, 0x10,
    0x0, 0x0, 0x8, 0xfb, 0xf5, 0x0, 0x0, 0x0,
    0xdf, 0x3f, 0xa0, 0x0, 0x0, 0x1f, 0xb0, 0xee,
    0x0, 0x0, 0x6, 0xf7, 0xa, 0xf3, 0x0, 0x0,
    0xbf, 0x20, 0x5f, 0x80, 0x0, 0xf, 0xe0, 0x1,
    0xfc, 0x0, 0x4, 0xff, 0xff, 0xff, 0xf1, 0x0,
    0x8f, 0xdc, 0xcc, 0xef, 0x50, 0xd, 0xf1, 0x0,
    0x4, 0xfa, 0x2, 0xfc, 0x0, 0x0, 0xf, 0xe0,
    0x6f, 0x80, 0x0, 0x0, 0xbf, 0x30,

    /* U+00C6 "Æ" */
    0x0, 0x3, 0xff, 0xff, 0xff, 0x50, 0x0, 0x8f,
    0xff, 0xed, 0xd4, 0x0, 0xc, 0xf8, 0xf7, 0x0,
    0x0, 0x1, 0xfd, 0x6f, 0x70, 0x0, 0x0, 0x6f,
    0x86, 0xf7, 0x0, 0x0, 0xa, 0xf4, 0x6f, 0xdc,
    0xc1, 0x0, 0xff, 0x6, 0xff, 0xff, 0x20, 0x4f,
    0xb0, 0x6f, 0x70, 0x0, 0x8, 0xff, 0xff, 0xf7,
    0x0, 0x0, 0xdf, 0xcc, 0xdf, 0x70, 0x0, 0x1f,
    0xd0, 0x6, 0xf7, 0x0, 0x6, 0xf8, 0x0, 0x6f,
    0xed, 0xd6, 0xbf, 0x40, 0x6, 0xff, 0xff, 0x70,

    /* U+00C7 "Ç" */
    0x0, 0x19, 0xef, 0xd7, 0x0, 0x0, 0xd, 0xff,
    0xdf, 0xfb, 0x0, 0x8, 0xfb, 0x0, 0x1d, 0xf5,
    0x0, 0xef, 0x20, 0x0, 0x4f, 0xb0, 0x2f, 0xc0,
    0x0, 0x0, 0x55, 0x5, 0xfa, 0x0, 0x0, 0x0,
    0x0, 0x5f, 0x90, 0x0, 0x0, 0x0, 0x5, 0xfa,
    0x0, 0x0, 0x0, 0x0, 0x3f, 0xc0, 0x0, 0x0,
    0x99, 0x0, 0xef, 0x20, 0x0, 0x3f, 0xc0, 0x8,
    0xfb, 0x0, 0x1d, 0xf6, 0x0, 0xd, 0xff, 0xdf,
    0xfb, 0x0, 0x0, 0x19, 0xef, 0xe8, 0x0, 0x0,
    0x0, 0x4, 0xf8, 0x0, 0x0, 0x0, 0x0, 0x3,
    0xd7, 0x0, 0x0, 0x0, 0x57, 0xb, 0x90, 0x0,
    0x0, 0x3, 0xef, 0xe2, 0x0, 0x0, 0x0, 0x0,
    0x20, 0x0, 0x0,

    /* U+00C8 "È" */
    0x0, 0x37, 0x30, 0x0, 0x0, 0x1, 0xed, 0x0,
    0x0, 0x0, 0x5, 0xf5, 0x0, 0x0, 0x0, 0x0,
    0x0, 0x0, 0x6f, 0xff, 0xff, 0xff, 0x76, 0xfe,
    0xdd, 0xdd, 0xd5, 0x6f, 0x70, 0x0, 0x0, 0x6,
    0xf7, 0x0, 0x0, 0x0, 0x6f, 0x70, 0x0, 0x0,
    0x6, 0xfe, 0xcc, 0xcc, 0xc2, 0x6f, 0xff, 0xff,
    0xff, 0x36, 0xf7, 0x0, 0x0, 0x0, 0x6f, 0x70,
    0x0, 0x0, 0x6, 0xf7, 0x0, 0x0, 0x0, 0x6f,
    0x70, 0x0, 0x0, 0x6, 0xfe, 0xdd, 0xdd, 0xd7,
    0x6f, 0xff, 0xff, 0xff, 0x90,

    /* U+00C9 "É" */
    0x0, 0x0, 0x7, 0x60, 0x0, 0x0, 0x6, 0xf6,
    0x0, 0x0, 0x0, 0xdb, 0x0, 0x0, 0x0, 0x0,
    0x0, 0x0, 0x6f, 0xff, 0xff, 0xff, 0x76, 0xfe,
    0xdd, 0xdd, 0xd5, 0x6f, 0x70, 0x0, 0x0, 0x6,
    0xf7, 0x0, 0x0, 0x0, 0x6f, 0x70, 0x0, 0x0,
    0x6, 0xfe, 0xcc, 0xcc, 0xc2, 0x6f, 0xff, 0xff,
    0xff, 0x36, 0xf7, 0x0, 0x0, 0x0, 0x6f, 0x70,
    0x0, 0x0, 0x6, 0xf7, 0x0, 0x0, 0x0, 0x6f,
    0x70, 0x0, 0x0, 0x6, 0xfe, 0xdd, 0xdd, 0xd7,
    0x6f, 0xff, 0xff, 0xff, 0x90,

    /* U+00CA "Ê" */
    0x0, 0x8, 0xfd, 0x0, 0x0, 0x2, 0xfa, 0xf7,
    0x0, 0x0, 0xac, 0x7, 0xf1, 0x0, 0x0, 0x0,
    0x0, 0x0, 0x6f, 0xff, 0xff, 0xff, 0x76, 0xfe,
    0xdd, 0xdd, 0xd5, 0x6f, 0x70, 0x0, 0x0, 0x6,
    0xf7, 0x0, 0x0, 0x0, 0x6f, 0x70, 0x0, 0x0,
    0x6, 0xfe, 0xcc, 0xcc, 0xc2, 0x6f, 0xff, 0xff,
    0xff, 0x36, 0xf7, 0x0, 0x0, 0x0, 0x6f, 0x70,
    0x0, 0x0, 0x6, 0xf7, 0x0, 0x0, 0x0, 0x6f,
    0x70, 0x0, 0x0, 0x6, 0xfe, 0xdd, 0xdd, 0xd7,
    0x6f, 0xff, 0xff, 0xff, 0x90,

    /* U+00CB "Ë" */
    0x0, 0xff, 0x9, 0xf5, 0x0, 0xe, 0xe0, 0x8f,
    0x40, 0x0, 0x0, 0x0, 0x0, 0x6, 0xff, 0xff,
    0xff, 0xf7, 0x6f, 0xed, 0xdd, 0xdd, 0x56, 0xf7,
    0x0, 0x0, 0x0, 0x6f, 0x70, 0x0, 0x0, 0x6,
    0xf7, 0x0, 0x0, 0x0, 0x6f, 0xec, 0xcc, 0xcc,
    0x26, 0xff, 0xff, 0xff, 0xf3, 0x6f, 0x70, 0x0,
    0x0, 0x6, 0xf7, 0x0, 0x0, 0x0, 0x6f, 0x70,
    0x0, 0x0, 0x6, 0xf7, 0x0, 0x0, 0x0, 0x6f,
    0xed, 0xdd, 0xdd, 0x76, 0xff, 0xff, 0xff, 0xf9,

    /* U+00CC "Ì" */
    0x0, 0x57, 0x10, 0x0, 0x0, 0x4, 0xf8, 0x0,
    0x0, 0x0, 0x9, 0xf1, 0x0, 0x0, 0x0, 0x0,
    0x0, 0x0, 0x9f, 0xff, 0xff, 0xff, 0x67, 0xdd,
    0xef, 0xed, 0xd5, 0x0, 0x8, 0xf5, 0x0, 0x0,
    0x0, 0x8f, 0x50, 0x0, 0x0, 0x8, 0xf5, 0x0,
    0x0, 0x0, 0x8f, 0x50, 0x0, 0x0, 0x8, 0xf5,
    0x0, 0x0, 0x0, 0x8f, 0x50, 0x0, 0x0, 0x8,
    0xf5, 0x0, 0x0, 0x0, 0x8f, 0x50, 0x0, 0x0,
    0x8, 0xf5, 0x0, 0x7, 0xdd, 0xef, 0xed, 0xd5,
    0x9f, 0xff, 0xff, 0xff, 0x60,

    /* U+00CD "Í" */
    0x0, 0x0, 0x27, 0x40, 0x0, 0x0, 0xb, 0xf2,
    0x0, 0x0, 0x2, 0xf7, 0x0, 0x0, 0x0, 0x0,
    0x0, 0x0, 0x9f, 0xff, 0xff, 0xff, 0x67, 0xdd,
    0xef, 0xed, 0xd5, 0x0, 0x8, 0xf5, 0x0, 0x0,
    0x0, 0x8f, 0x50, 0x0, 0x0, 0x8, 0xf5, 0x0,
    0x0, 0x0, 0x8f, 0x50, 0x0, 0x0, 0x8, 0xf5,
    0x0, 0x0, 0x0, 0x8f, 0x50, 0x0, 0x0, 0x8,
    0xf5, 0x0, 0x0, 0x0, 0x8f, 0x50, 0x0, 0x0,
    0x8, 0xf5, 0x0, 0x7, 0xdd, 0xef, 0xed, 0xd5,
    0x9f, 0xff, 0xff, 0xff, 0x60,

    /* U+00CE "Î" */
    0x0, 0xd, 0xf9, 0x0, 0x0, 0x6, 0xf9, 0xf2,
    0x0, 0x0, 0xe8, 0xc, 0xb0, 0x0, 0x0, 0x0,
    0x0, 0x0, 0x9f, 0xff, 0xff, 0xff, 0x67, 0xdd,
    0xef, 0xed, 0xd5, 0x0, 0x8, 0xf5, 0x0, 0x0,
    0x0, 0x8f, 0x50, 0x0, 0x0, 0x8, 0xf5, 0x0,
    0x0, 0x0, 0x8f, 0x50, 0x0, 0x0, 0x8, 0xf5,
    0x0, 0x0, 0x0, 0x8f, 0x50, 0x0, 0x0, 0x8,
    0xf5, 0x0, 0x0, 0x0, 0x8f, 0x50, 0x0, 0x0,
    0x8, 0xf5, 0x0, 0x7, 0xdd, 0xef, 0xed, 0xd5,
    0x9f, 0xff, 0xff, 0xff, 0x60,

    /* U+00CF "Ï" */
    0x4, 0xfa, 0xd, 0xf0, 0x0, 0x3f, 0xa0, 0xdf,
    0x0, 0x0, 0x0, 0x0, 0x0, 0x9, 0xff, 0xff,
    0xff, 0xf6, 0x7d, 0xde, 0xfe, 0xdd, 0x50, 0x0,
    0x8f, 0x50, 0x0, 0x0, 0x8, 0xf5, 0x0, 0x0,
    0x0, 0x8f, 0x50, 0x0, 0x0, 0x8, 0xf5, 0x0,
    0x0, 0x0, 0x8f, 0x50, 0x0, 0x0, 0x8, 0xf5,
    0x0, 0x0, 0x0, 0x8f, 0x50, 0x0, 0x0, 0x8,
    0xf5, 0x0, 0x0, 0x0, 0x8f, 0x50, 0x0, 0x7d,
    0xde, 0xfe, 0xdd, 0x59, 0xff, 0xff, 0xff, 0xf6,

    /* U+00D0 "Ð" */
    0x8, 0xff, 0xfe, 0xb3, 0x0, 0x0, 0x8f, 0xed,
    0xff, 0xf7, 0x0, 0x8, 0xf6, 0x0, 0x5f, 0xf3,
    0x0, 0x8f, 0x60, 0x0, 0x7f, 0xa0, 0x8, 0xf6,
    0x0, 0x1, 0xff, 0x7, 0xdf, 0xca, 0xa1, 0xd,
    0xf1, 0xbf, 0xff, 0xff, 0x30, 0xdf, 0x20, 0x8f,
    0x60, 0x0, 0xd, 0xf1, 0x8, 0xf6, 0x0, 0x0,
    0xff, 0x0, 0x8f, 0x60, 0x0, 0x7f, 0xa0, 0x8,
    0xf6, 0x0, 0x5f, 0xf3, 0x0, 0x8f, 0xed, 0xef,
    0xf7, 0x0, 0x8, 0xff, 0xfe, 0xb4, 0x0, 0x0,

    /* U+00D1 "Ñ" */
    0x0, 0xcf, 0x80, 0xd3, 0x0, 0x6c, 0x4c, 0xfc,
    0x0, 0x1, 0x10, 0x2, 0x0, 0x0, 0x0, 0x0,
    0x0, 0x0, 0xcf, 0xb0, 0x0, 0x4f, 0x9c, 0xff,
    0x20, 0x4, 0xf9, 0xcf, 0xf8, 0x0, 0x4f, 0x9c,
    0xfb, 0xe0, 0x4, 0xf9, 0xcf, 0x4f, 0x60, 0x4f,
    0x9c, 0xf1, 0xcc, 0x4, 0xf9, 0xcf, 0x16, 0xf3,
    0x4f, 0x9c, 0xf1, 0xf, 0x94, 0xf9, 0xcf, 0x10,
    0x9f, 0x5f, 0x9c, 0xf1, 0x2, 0xfb, 0xf9, 0xcf,
    0x10, 0xc, 0xff, 0x9c, 0xf1, 0x0, 0x5f, 0xf9,
    0xcf, 0x10, 0x0, 0xef, 0x90,

    /* U+00D2 "Ò" */
    0x0, 0x9, 0xf5, 0x0, 0x0, 0x0, 0x0, 0xe,
    0xc0, 0x0, 0x0, 0x0, 0x0, 0x37, 0x10, 0x0,
    0x0, 0x0, 0x0, 0x0, 0x0, 0x0, 0x0, 0x19,
    0xef, 0xe8, 0x0, 0x0, 0x1d, 0xff, 0xdf, 0xfb,
    0x0, 0x9, 0xfb, 0x0, 0x1d, 0xf6, 0x0, 0xff,
    0x10, 0x0, 0x4f, 0xc0, 0x3f, 0xc0, 0x0, 0x0,
    0xff, 0x5, 0xfa, 0x0, 0x0, 0xd, 0xf1, 0x5f,
    0x90, 0x0, 0x0, 0xdf, 0x25, 0xfa, 0x0, 0x0,
    0xd, 0xf1, 0x3f, 0xc0, 0x0, 0x0, 0xff, 0x0,
    0xff, 0x10, 0x0, 0x4f, 0xc0, 0x9, 0xfb, 0x0,
    0x1d, 0xf6, 0x0, 0x1d, 0xff, 0xdf, 0xfb, 0x0,
    0x0, 0x19, 0xef, 0xe8, 0x0, 0x0,

    /* U+00D3 "Ó" */
    0x0, 0x0, 0x7, 0xf7, 0x0, 0x0, 0x0, 0x0,
    0xec, 0x0, 0x0, 0x0, 0x0, 0x27, 0x20, 0x0,
    0x0, 0x0, 0x0, 0x0, 0x0, 0x0, 0x0, 0x19,
    0xef, 0xe8, 0x0, 0x0, 0x1d, 0xff, 0xdf, 0xfb,
    0x0, 0x9, 0xfb, 0x0, 0x1d, 0xf6, 0x0, 0xff,
    0x10, 0x0, 0x4f, 0xc0, 0x3f, 0xc0, 0x0, 0x0,
    0xff, 0x5, 0xfa, 0x0, 0x0, 0xd, 0xf1, 0x5f,
    0x90, 0x0, 0x0, 0xdf, 0x25, 0xfa, 0x0, 0x0,
    0xd, 0xf1, 0x3f, 0xc0, 0x0, 0x0, 0xff, 0x0,
    0xff, 0x10, 0x0, 0x4f, 0xc0, 0x9, 0xfb, 0x0,
    0x1d, 0xf6, 0x0, 0x1d, 0xff, 0xdf, 0xfb, 0x0,
    0x0, 0x19, 0xef, 0xe8, 0x0, 0x0,

    /* U+00D4 "Ô" */
    0x0, 0x0, 0xdf, 0xa0, 0x0, 0x0, 0x0, 0x9d,
    0x2f, 0x50, 0x0, 0x0, 0x7, 0x20, 0x46, 0x0,
    0x0, 0x0, 0x0, 0x0, 0x0, 0x0, 0x0, 0x19,
    0xef, 0xe8, 0x0, 0x0, 0x1d, 0xff, 0xdf, 0xfb,
    0x0, 0x9, 0xfb, 0x0, 0x1d, 0xf6, 0x0, 0xff,
    0x10, 0x0, 0x4f, 0xc0, 0x3f, 0xc0, 0x0, 0x0,
    0xff, 0x5, 0xfa, 0x0, 0x0, 0xd, 0xf1, 0x5f,
    0x90, 0x0, 0x0, 0xdf, 0x25, 0xfa, 0x0, 0x0,
    0xd, 0xf1, 0x3f, 0xc0, 0x0, 0x0, 0xff, 0x0,
    0xff, 0x10, 0x0, 0x4f, 0xc0, 0x9, 0xfb, 0x0,
    0x1d, 0xf6, 0x0, 0x1d, 0xff, 0xdf, 0xfb, 0x0,
    0x0, 0x19, 0xef, 0xe8, 0x0, 0x0,

    /* U+00D5 "Õ" */
    0x0, 0xc, 0xf8, 0xd, 0x30, 0x0, 0x6, 0xc4,
    0xcf, 0xc0, 0x0, 0x0, 0x11, 0x0, 0x20, 0x0,
    0x0, 0x0, 0x0, 0x0, 0x0, 0x0, 0x0, 0x19,
    0xef, 0xe8, 0x0, 0x0, 0x1d, 0xff, 0xdf, 0xfb,
    0x0, 0x9, 0xfb, 0x0, 0x1d, 0xf6, 0x0, 0xff,
    0x10, 0x0, 0x4f, 0xc0, 0x3f, 0xc0, 0x0, 0x0,
    0xff, 0x5, 0xfa, 0x0, 0x0, 0xd, 0xf1, 0x5f,
    0x90, 0x0, 0x0, 0xdf, 0x25, 0xfa, 0x0, 0x0,
    0xd, 0xf1, 0x3f, 0xc0, 0x0, 0x0, 0xff, 0x0,
    0xff, 0x10, 0x0, 0x4f, 0xc0, 0x9, 0xfb, 0x0,
    0x1d, 0xf6, 0x0, 0x1d, 0xff, 0xdf, 0xfb, 0x0,
    0x0, 0x19, 0xef, 0xe8, 0x0, 0x0,

    /* U+00D6 "Ö" */
    0x0, 0x3f, 0xa0, 0xdf, 0x0, 0x0, 0x4, 0xfa,
    0xd, 0xf0, 0x0, 0x0, 0x0, 0x0, 0x0, 0x0,
    0x0, 0x0, 0x0, 0x0, 0x0, 0x0, 0x0, 0x19,
    0xef, 0xe8, 0x0, 0x0, 0x1d, 0xff, 0xdf, 0xfb,
    0x0, 0x9, 0xfb, 0x0, 0x1d, 0xf6, 0x0, 0xff,
    0x10, 0x0, 0x4f, 0xc0, 0x3f, 0xc0, 0x0, 0x0,
    0xff, 0x5, 0xfa, 0x0, 0x0, 0xd, 0xf1, 0x5f,
    0x90, 0x0, 0x0, 0xdf, 0x25, 0xfa, 0x0, 0x0,
    0xd, 0xf1, 0x3f, 0xc0, 0x0, 0x0, 0xff, 0x0,
    0xff, 0x10, 0x0, 0x4f, 0xc0, 0x9, 0xfb, 0x0,
    0x1d, 0xf6, 0x0, 0x1d, 0xff, 0xdf, 0xfb, 0x0,
    0x0, 0x19, 0xef, 0xe8, 0x0, 0x0,

    /* U+00D7 "×" */
    0x2, 0x0, 0x0, 0x1, 0x3, 0xf8, 0x0, 0xb,
    0xd1, 0xc, 0xf7, 0xa, 0xfa, 0x0, 0x1c, 0xfd,
    0xfa, 0x0, 0x0, 0x1f, 0xfd, 0x0, 0x0, 0x9,
    0xff, 0xf6, 0x0, 0x9, 0xfb, 0x1d, 0xf6, 0x4,
    0xfb, 0x0, 0x1d, 0xf1, 0x5, 0x0, 0x0, 0x14,
    0x0,

    /* U+00D8 "Ø" */
    0x0, 0x19, 0xef, 0xe8, 0xcd, 0x0, 0x1d, 0xff,
    0xdf, 0xff, 0x40, 0x9, 0xfb, 0x0, 0x3f, 0xf6,
    0x0, 0xff, 0x10, 0xa, 0xff, 0xc0, 0x3f, 0xc0,
    0x3, 0xf7, 0xff, 0x5, 0xfa, 0x0, 0xdd, 0xd,
    0xf1, 0x5f, 0x90, 0x7f, 0x30, 0xdf, 0x25, 0xfa,
    0x1f, 0xa0, 0xd, 0xf1, 0x3f, 0xca, 0xf1, 0x0,
    0xff, 0x0, 0xff, 0xf6, 0x0, 0x4f, 0xc0, 0x9,
    0xff, 0x0, 0x1d, 0xf6, 0x0, 0x7f, 0xff, 0xdf,
    0xfb, 0x0, 0x1f, 0xa9, 0xef, 0xe8, 0x0, 0x0,

    /* U+00D9 "Ù" */
    0x0, 0x9f, 0x50, 0x0, 0x0, 0x0, 0xec, 0x0,
    0x0, 0x0, 0x3, 0x71, 0x0, 0x0, 0x0, 0x0,
    0x0, 0x0, 0xff, 0x0, 0x0, 0x2f, 0xcf, 0xf0,
    0x0, 0x2, 0xfc, 0xff, 0x0, 0x0, 0x2f, 0xcf,
    0xf0, 0x0, 0x2, 0xfc, 0xff, 0x0, 0x0, 0x2f,
    0xcf, 0xf0, 0x0, 0x2, 0xfc, 0xff, 0x0, 0x0,
    0x2f, 0xcf, 0xf0, 0x0, 0x2, 0xfc, 0xff, 0x0,
    0x0, 0x2f, 0xbd, 0xf1, 0x0, 0x4, 0xfa, 0x9f,
    0xa0, 0x1, 0xcf, 0x51, 0xef, 0xed, 0xff, 0xc0,
    0x1, 0xae, 0xfe, 0x80, 0x0,

    /* U+00DA "Ú" */
    0x0, 0x0, 0x7f, 0x70, 0x0, 0x0, 0xe, 0xc0,
    0x0, 0x0, 0x2, 0x72, 0x0, 0x0, 0x0, 0x0,
    0x0, 0x0, 0xff, 0x0, 0x0, 0x2f, 0xcf, 0xf0,
    0x0, 0x2, 0xfc, 0xff, 0x0, 0x0, 0x2f, 0xcf,
    0xf0, 0x0, 0x2, 0xfc, 0xff, 0x0, 0x0, 0x2f,
    0xcf, 0xf0, 0x0, 0x2, 0xfc, 0xff, 0x0, 0x0,
    0x2f, 0xcf, 0xf0, 0x0, 0x2, 0xfc, 0xff, 0x0,
    0x0, 0x2f, 0xbd, 0xf1, 0x0, 0x4, 0xfa, 0x9f,
    0xa0, 0x1, 0xcf, 0x51, 0xef, 0xed, 0xff, 0xc0,
    0x1, 0xae, 0xfe, 0x80, 0x0,

    /* U+00DB "Û" */
    0x0, 0xd, 0xfa, 0x0, 0x0, 0x9, 0xd2, 0xf5,
    0x0, 0x0, 0x72, 0x4, 0x60, 0x0, 0x0, 0x0,
    0x0, 0x0, 0xff, 0x0, 0x0, 0x2f, 0xcf, 0xf0,
    0x0, 0x2, 0xfc, 0xff, 0x0, 0x0, 0x2f, 0xcf,
    0xf0, 0x0, 0x2, 0xfc, 0xff, 0x0, 0x0, 0x2f,
    0xcf, 0xf0, 0x0, 0x2, 0xfc, 0xff, 0x0, 0x0,
    0x2f, 0xcf, 0xf0, 0x0, 0x2, 0xfc, 0xff, 0x0,
    0x0, 0x2f, 0xbd, 0xf1, 0x0, 0x4, 0xfa, 0x9f,
    0xa0, 0x1, 0xcf, 0x51, 0xef, 0xed, 0xff, 0xc0,
    0x1, 0xae, 0xfe, 0x80, 0x0,

    /* U+00DC "Ü" */
    0x3, 0xfa, 0xd, 0xf0, 0x0, 0x4f, 0xa0, 0xdf,
    0x0, 0x0, 0x0, 0x0, 0x0, 0x0, 0x0, 0x0,
    0x0, 0x0, 0xff, 0x0, 0x0, 0x2f, 0xcf, 0xf0,
    0x0, 0x2, 0xfc, 0xff, 0x0, 0x0, 0x2f, 0xcf,
    0xf0, 0x0, 0x2, 0xfc, 0xff, 0x0, 0x0, 0x2f,
    0xcf, 0xf0, 0x0, 0x2, 0xfc, 0xff, 0x0, 0x0,
    0x2f, 0xcf, 0xf0, 0x0, 0x2, 0xfc, 0xff, 0x0,
    0x0, 0x2f, 0xbd, 0xf1, 0x0, 0x4, 0xfa, 0x9f,
    0xa0, 0x1, 0xcf, 0x51, 0xef, 0xed, 0xff, 0xc0,
    0x1, 0xae, 0xfe, 0x80, 0x0,

    /* U+00DD "Ý" */
    0x0, 0x0, 0x2, 0x74, 0x0, 0x0, 0x0, 0x0,
    0xbf, 0x20, 0x0, 0x0, 0x0, 0x2f, 0x70, 0x0,
    0x0, 0x0, 0x0, 0x0, 0x0, 0x0, 0x1f, 0xe0,
    0x0, 0x3, 0xfd, 0x0, 0x9f, 0x70, 0x0, 0xaf,
    0x60, 0x1, 0xfe, 0x0, 0x2f, 0xe0, 0x0, 0x9,
    0xf6, 0x9, 0xf6, 0x0, 0x0, 0x1f, 0xd1, 0xfe,
    0x0, 0x0, 0x0, 0x9f, 0xcf, 0x60, 0x0, 0x0,
    0x2, 0xff, 0xe0, 0x0, 0x0, 0x0, 0xa, 0xf7,
    0x0, 0x0, 0x0, 0x0, 0x8f, 0x50, 0x0, 0x0,
    0x0, 0x8, 0xf5, 0x0, 0x0, 0x0, 0x0, 0x8f,
    0x50, 0x0, 0x0, 0x0, 0x8, 0xf5, 0x0, 0x0,
    0x0, 0x0, 0x8f, 0x50, 0x0, 0x0,

    /* U+00DE "Þ" */
    0x7f, 0x70, 0x0, 0x0, 0x0, 0x7f, 0x70, 0x0,
    0x0, 0x0, 0x7f, 0xed, 0xcb, 0x81, 0x0, 0x7f,
    0xff, 0xff, 0xff, 0x30, 0x7f, 0x70, 0x1, 0x9f,
    0xd0, 0x7f, 0x70, 0x0, 0xe, 0xf1, 0x7f, 0x70,
    0x0, 0xe, 0xf1, 0x7f, 0x70, 0x0, 0x6f, 0xd0,
    0x7f, 0xec, 0xce, 0xff, 0x50, 0x7f, 0xff, 0xff,
    0xb4, 0x0, 0x7f, 0x70, 0x0, 0x0, 0x0, 0x7f,
    0x70, 0x0, 0x0, 0x0, 0x7f, 0x70, 0x0, 0x0,
    0x0,

    /* U+00DF "ß" */
    0x1, 0xae, 0xfe, 0x80, 0x0, 0xef, 0xec, 0xff,
    0xa0, 0x7f, 0xa0, 0x1, 0xef, 0x1a, 0xf2, 0x0,
    0xb, 0xf2, 0xbf, 0x10, 0x1, 0xee, 0xb, 0xf1,
    0x6c, 0xfd, 0x30, 0xbf, 0x19, 0xff, 0xe7, 0xb,
    0xf1, 0x0, 0x2b, 0xf6, 0xbf, 0x10, 0x0, 0xf,
    0xdb, 0xf1, 0x0, 0x0, 0xfe, 0xbf, 0x10, 0x0,
    0x7f, 0xcb, 0xf1, 0x9c, 0xef, 0xf3, 0xbf, 0x1c,
    0xfe, 0xa3, 0x0,

    /* U+00E0 "à" */
    0x0, 0xd, 0xf1, 0x0, 0x0, 0x0, 0x3, 0xf8,
    0x0, 0x0, 0x0, 0x0, 0x56, 0x0, 0x0, 0x0,
    0x3b, 0xff, 0xc4, 0x0, 0x3, 0xff, 0xbb, 0xff,
    0x30, 0xb, 0xf5, 0x0, 0x5f, 0xa0, 0x2, 0x20,
    0x0, 0x1f, 0xd0, 0x0, 0x16, 0x9d, 0xff, 0xd0,
    0x5, 0xff, 0xc9, 0x6f, 0xd0, 0xe, 0xe1, 0x0,
    0xf, 0xd0, 0xf, 0xe0, 0x0, 0x9f, 0xd0, 0xc,
    0xfe, 0xce, 0xfe, 0xfb, 0x1, 0xaf, 0xfb, 0x34,
    0xed,

    /* U+00E1 "á" */
    0x0, 0x0, 0xc, 0xf2, 0x0, 0x0, 0x0, 0x3f,
    0x70, 0x0, 0x0, 0x0, 0x46, 0x0, 0x0, 0x0,
    0x3b, 0xff, 0xc4, 0x0, 0x3, 0xff, 0xbb, 0xff,
    0x30, 0xb, 0xf5, 0x0, 0x5f, 0xa0, 0x2, 0x20,
    0x0, 0x1f, 0xd0, 0x0, 0x16, 0x9d, 0xff, 0xd0,
    0x5, 0xff, 0xc9, 0x6f, 0xd0, 0xe, 0xe1, 0x0,
    0xf, 0xd0, 0xf, 0xe0, 0x0, 0x9f, 0xd0, 0xc,
    0xfe, 0xce, 0xfe, 0xfb, 0x1, 0xaf, 0xfb, 0x34,
    0xed,

    /* U+00E2 "â" */
    0x0, 0x0, 0x78, 0x10, 0x0, 0x0, 0x8, 0xdb,
    0xb0, 0x0, 0x0, 0x3f, 0x31, 0xe6, 0x0, 0x0,
    0x0, 0x0, 0x0, 0x0, 0x0, 0x3b, 0xff, 0xc4,
    0x0, 0x3, 0xff, 0xbb, 0xff, 0x30, 0xb, 0xf5,
    0x0, 0x5f, 0xa0, 0x2, 0x20, 0x0, 0x1f, 0xd0,
    0x0, 0x16, 0x9d, 0xff, 0xd0, 0x5, 0xff, 0xc9,
    0x6f, 0xd0, 0xe, 0xe1, 0x0, 0xf, 0xd0, 0xf,
    0xe0, 0x0, 0x9f, 0xd0, 0xc, 0xfe, 0xce, 0xfe,
    0xfb, 0x1, 0xaf, 0xfb, 0x34, 0xed,

    /* U+00E3 "ã" */
    0x0, 0x6f, 0xff, 0xfc, 0x0, 0x0, 0x22, 0x22,
    0x20, 0x0, 0x0, 0x0, 0x0, 0x0, 0x0, 0x0,
    0x3b, 0xff, 0xc4, 0x0, 0x3, 0xff, 0xbb, 0xff,
    0x30, 0xb, 0xf5, 0x0, 0x5f, 0xa0, 0x2, 0x20,
    0x0, 0x1f, 0xd0, 0x0, 0x16, 0x9d, 0xff, 0xd0,
    0x5, 0xff, 0xc9, 0x6f, 0xd0, 0xe, 0xe1, 0x0,
    0xf, 0xd0, 0xf, 0xe0, 0x0, 0x9f, 0xd0, 0xc,
    0xfe, 0xce, 0xfe, 0xfb, 0x1, 0xaf, 0xfb, 0x34,
    0xed,

    /* U+00E4 "ä" */
    0x0, 0x8f, 0x62, 0xfc, 0x0, 0x0, 0x8f, 0x52,
    0xfb, 0x0, 0x0, 0x0, 0x0, 0x0, 0x0, 0x0,
    0x3b, 0xff, 0xc4, 0x0, 0x3, 0xff, 0xbb, 0xff,
    0x30, 0xb, 0xf5, 0x0, 0x5f, 0xa0, 0x2, 0x20,
    0x0, 0x1f, 0xd0, 0x0, 0x16, 0x9d, 0xff, 0xd0,
    0x5, 0xff, 0xc9, 0x6f, 0xd0, 0xe, 0xe1, 0x0,
    0xf, 0xd0, 0xf, 0xe0, 0x0, 0x9f, 0xd0, 0xc,
    0xfe, 0xce, 0xfe, 0xfb, 0x1, 0xaf, 0xfb, 0x34,
    0xed,

    /* U+00E5 "å" */
    0x0, 0x3, 0xef, 0x60, 0x0, 0x0, 0x9, 0x84,
    0xc0, 0x0, 0x0, 0x3, 0xde, 0x50, 0x0, 0x0,
    0x0, 0x0, 0x0, 0x0, 0x0, 0x3b, 0xff, 0xc4,
    0x0, 0x3, 0xff, 0xbb, 0xff, 0x30, 0xb, 0xf5,
    0x0, 0x5f, 0xa0, 0x2, 0x20, 0x0, 0x1f, 0xd0,
    0x0, 0x16, 0x9d, 0xff, 0xd0, 0x5, 0xff, 0xc9,
    0x6f, 0xd0, 0xe, 0xe1, 0x0, 0xf, 0xd0, 0xf,
    0xe0, 0x0, 0x9f, 0xd0, 0xc, 0xfe, 0xce, 0xfe,
    0xfb, 0x1, 0xaf, 0xfb, 0x34, 0xed,

    /* U+00E6 "æ" */
    0x6, 0xef, 0xa3, 0xcf, 0xd3, 0x2, 0xfe, 0xcf,
    0xff, 0xbf, 0xe0, 0x7f, 0x30, 0xdf, 0x70, 0x8f,
    0x40, 0x0, 0xc, 0xf5, 0x26, 0xf7, 0x5, 0xcf,
    0xff, 0xff, 0xff, 0x84, 0xfd, 0x8d, 0xf6, 0x55,
    0x52, 0xaf, 0x10, 0xbf, 0x40, 0x13, 0xb, 0xf1,
    0xe, 0xf8, 0x9, 0xf4, 0x8f, 0xdd, 0xdd, 0xfc,
    0xfe, 0x0, 0xbf, 0xd2, 0x2c, 0xfd, 0x30,

    /* U+00E7 "ç" */
    0x0, 0x7d, 0xfe, 0x91, 0x0, 0xbf, 0xfb, 0xef,
    0xd0, 0x5f, 0xc1, 0x0, 0xaf, 0x7a, 0xf4, 0x0,
    0x1, 0x85, 0xdf, 0x10, 0x0, 0x0, 0xd, 0xf1,
    0x0, 0x0, 0x0, 0xaf, 0x40, 0x0, 0x1a, 0x75,
    0xfc, 0x0, 0xa, 0xf7, 0xb, 0xfe, 0xbd, 0xfc,
    0x0, 0x7, 0xdf, 0xe9, 0x0, 0x0, 0x5, 0xf6,
    0x0, 0x0, 0x0, 0x6, 0xe6, 0x0, 0x0, 0x56,
    0xb, 0x80, 0x0, 0x3, 0xef, 0xe2, 0x0, 0x0,
    0x0, 0x20, 0x0, 0x0,

    /* U+00E8 "è" */
    0x0, 0x8f, 0x50, 0x0, 0x0, 0x0, 0xdd, 0x0,
    0x0, 0x0, 0x3, 0x71, 0x0, 0x0, 0x8, 0xef,
    0xe8, 0x0, 0xc, 0xfe, 0xbe, 0xfb, 0x7, 0xf9,
    0x0, 0xb, 0xf4, 0xcf, 0x32, 0x22, 0x6f, 0x9e,
    0xff, 0xff, 0xff, 0xfb, 0xef, 0x55, 0x55, 0x55,
    0x3c, 0xf2, 0x0, 0x0, 0x21, 0x7f, 0xb0, 0x0,
    0xbf, 0x40, 0xcf, 0xeb, 0xef, 0xb0, 0x0, 0x9e,
    0xfe, 0x80, 0x0,

    /* U+00E9 "é" */
    0x0, 0x0, 0x7f, 0x70, 0x0, 0x0, 0xe, 0xc0,
    0x0, 0x0, 0x1, 0x72, 0x0, 0x0, 0x8, 0xef,
    0xe8, 0x0, 0xc, 0xfe, 0xbe, 0xfb, 0x7, 0xf9,
    0x0, 0xb, 0xf4, 0xcf, 0x32, 0x22, 0x6f, 0x9e,
    0xff, 0xff, 0xff, 0xfb, 0xef, 0x55, 0x55, 0x55,
    0x3c, 0xf2, 0x0, 0x0, 0x21, 0x7f, 0xb0, 0x0,
    0xbf, 0x40, 0xcf, 0xeb, 0xef, 0xb0, 0x0, 0x9e,
    0xfe, 0x80, 0x0,

    /* U+00EA "ê" */
    0x0, 0x1d, 0x9c, 0x0, 0x0, 0xb, 0x90, 0xba,
    0x0, 0x0, 0x0, 0x0, 0x0, 0x0, 0x8, 0xef,
    0xe8, 0x0, 0xc, 0xfe, 0xbe, 0xfb, 0x7, 0xf9,
    0x0, 0xb, 0xf4, 0xcf, 0x32, 0x22, 0x6f, 0x9e,
    0xff, 0xff, 0xff, 0xfb, 0xef, 0x55, 0x55, 0x55,
    0x3c, 0xf2, 0x0, 0x0, 0x21, 0x7f, 0xb0, 0x0,
    0xbf, 0x40, 0xcf, 0xeb, 0xef, 0xb0, 0x0, 0x9e,
    0xfe, 0x80, 0x0,

    /* U+00EB "ë" */
    0x3, 0xfb, 0xd, 0xf1, 0x0, 0x3f, 0xa0, 0xcf,
    0x10, 0x0, 0x0, 0x0, 0x0, 0x0, 0x8, 0xef,
    0xe8, 0x0, 0xc, 0xfe, 0xbe, 0xfb, 0x7, 0xf9,
    0x0, 0xb, 0xf4, 0xcf, 0x32, 0x22, 0x6f, 0x9e,
    0xff, 0xff, 0xff, 0xfb, 0xef, 0x55, 0x55, 0x55,
    0x3c, 0xf2, 0x0, 0x0, 0x21, 0x7f, 0xb0, 0x0,
    0xbf, 0x40, 0xcf, 0xeb, 0xef, 0xb0, 0x0, 0x9e,
    0xfe, 0x80, 0x0,

    /* U+00EC "ì" */
    0x0, 0x1e, 0xe0, 0x0, 0x0, 0x0, 0x5, 0xf5,
    0x0, 0x0, 0x0, 0x0, 0x65, 0x0, 0x0, 0x7f,
    0xff, 0xff, 0x0, 0x0, 0x49, 0x99, 0xff, 0x0,
    0x0, 0x0, 0x0, 0xef, 0x0, 0x0, 0x0, 0x0,
    0xef, 0x0, 0x0, 0x0, 0x0, 0xef, 0x0, 0x0,
    0x0, 0x0, 0xef, 0x0, 0x0, 0x0, 0x0, 0xef,
    0x0, 0x0, 0x0, 0x0, 0xef, 0x0, 0x0, 0x59,
    0x99, 0xff, 0x99, 0x91, 0xaf, 0xff, 0xff, 0xff,
    0xf2,

    /* U+00ED "í" */
    0x0, 0x0, 0xe, 0xe1, 0x0, 0x0, 0x0, 0x6f,
    0x40, 0x0, 0x0, 0x0, 0x56, 0x0, 0x0, 0x7f,
    0xff, 0xff, 0x0, 0x0, 0x49, 0x99, 0xff, 0x0,
    0x0, 0x0, 0x0, 0xef, 0x0, 0x0, 0x0, 0x0,
    0xef, 0x0, 0x0, 0x0, 0x0, 0xef, 0x0, 0x0,
    0x0, 0x0, 0xef, 0x0, 0x0, 0x0, 0x0, 0xef,
    0x0, 0x0, 0x0, 0x0, 0xef, 0x0, 0x0, 0x59,
    0x99, 0xff, 0x99, 0x91, 0xaf, 0xff, 0xff, 0xff,
    0xf2,

    /* U+00EE "î" */
    0x0, 0x1, 0x87, 0x0, 0x0, 0x0, 0xb, 0xbd,
    0x90, 0x0, 0x0, 0x5c, 0x12, 0xd3, 0x0, 0x0,
    0x0, 0x0, 0x0, 0x0, 0x7f, 0xff, 0xff, 0x0,
    0x0, 0x49, 0x99, 0xff, 0x0, 0x0, 0x0, 0x0,
    0xef, 0x0, 0x0, 0x0, 0x0, 0xef, 0x0, 0x0,
    0x0, 0x0, 0xef, 0x0, 0x0, 0x0, 0x0, 0xef,
    0x0, 0x0, 0x0, 0x0, 0xef, 0x0, 0x0, 0x0,
    0x0, 0xef, 0x0, 0x0, 0x59, 0x99, 0xff, 0x99,
    0x91, 0xaf, 0xff, 0xff, 0xff, 0xf2,

    /* U+00EF "ï" */
    0x0, 0xbf, 0x34, 0xf9, 0x0, 0x0, 0xaf, 0x34,
    0xf9, 0x0, 0x0, 0x0, 0x0, 0x0, 0x0, 0x7f,
    0xff, 0xff, 0x0, 0x0, 0x49, 0x99, 0xff, 0x0,
    0x0, 0x0, 0x0, 0xef, 0x0, 0x0, 0x0, 0x0,
    0xef, 0x0, 0x0, 0x0, 0x0, 0xef, 0x0, 0x0,
    0x0, 0x0, 0xef, 0x0, 0x0, 0x0, 0x0, 0xef,
    0x0, 0x0, 0x0, 0x0, 0xef, 0x0, 0x0, 0x59,
    0x99, 0xff, 0x99, 0x91, 0xaf, 0xff, 0xff, 0xff,
    0xf2,

    /* U+00F0 "ð" */
    0x0, 0x5a, 0x60, 0x1, 0x30, 0x8, 0xff, 0xea,
    0xfc, 0x0, 0x7, 0xff, 0xf7, 0x0, 0x0, 0x98,
    0x5f, 0xb0, 0x0, 0x49, 0xb8, 0xbf, 0x20, 0x9f,
    0xff, 0xff, 0xf7, 0x5f, 0xd3, 0x4, 0xef, 0xab,
    0xf3, 0x0, 0x5, 0xfc, 0xef, 0x0, 0x0, 0x1f,
    0xdf, 0xf0, 0x0, 0x1, 0xfc, 0xcf, 0x20, 0x0,
    0x4f, 0xa7, 0xfa, 0x0, 0xc, 0xf5, 0xd, 0xfd,
    0xbe, 0xfb, 0x0, 0x19, 0xef, 0xe8, 0x0,

    /* U+00F1 "ñ" */
    0x1, 0xcf, 0x80, 0xe3, 0x0, 0x6b, 0x3c, 0xfc,
    0x0, 0x1, 0x10, 0x2, 0x0, 0x9, 0xf2, 0x9e,
    0xfb, 0x10, 0x9f, 0xcb, 0x6a, 0xfd, 0x9, 0xfa,
    0x0, 0xb, 0xf3, 0x9f, 0x50, 0x0, 0x7f, 0x59,
    0xf4, 0x0, 0x7, 0xf5, 0x9f, 0x40, 0x0, 0x7f,
    0x59, 0xf4, 0x0, 0x7, 0xf5, 0x9f, 0x40, 0x0,
    0x7f, 0x59, 0xf4, 0x0, 0x7, 0xf5, 0x9f, 0x40,
    0x0, 0x7f, 0x50,

    /* U+00F2 "ò" */
    0x0, 0x9, 0xf5, 0x0, 0x0, 0x0, 0x0, 0xdc,
    0x0, 0x0, 0x0, 0x0, 0x37, 0x10, 0x0, 0x0,
    0x19, 0xef, 0xd8, 0x0, 0x1, 0xdf, 0xeb, 0xef,
    0xb0, 0x8, 0xfa, 0x0, 0xc, 0xf5, 0xd, 0xf1,
    0x0, 0x4, 0xfa, 0xf, 0xe0, 0x0, 0x1, 0xfc,
    0xf, 0xe0, 0x0, 0x1, 0xfc, 0xd, 0xf1, 0x0,
    0x4, 0xfa, 0x8, 0xfa, 0x0, 0xc, 0xf5, 0x1,
    0xdf, 0xdb, 0xef, 0xb0, 0x0, 0x19, 0xef, 0xd8,
    0x0,

    /* U+00F3 "ó" */
    0x0, 0x0, 0x7, 0xf6, 0x0, 0x0, 0x0, 0xe,
    0xc0, 0x0, 0x0, 0x0, 0x27, 0x20, 0x0, 0x0,
    0x19, 0xef, 0xd8, 0x0, 0x1, 0xdf, 0xeb, 0xef,
    0xb0, 0x8, 0xfa, 0x0, 0xc, 0xf5, 0xd, 0xf1,
    0x0, 0x4, 0xfa, 0xf, 0xe0, 0x0, 0x1, 0xfc,
    0xf, 0xe0, 0x0, 0x1, 0xfc, 0xd, 0xf1, 0x0,
    0x4, 0xfa, 0x8, 0xfa, 0x0, 0xc, 0xf5, 0x1,
    0xdf, 0xdb, 0xef, 0xb0, 0x0, 0x19, 0xef, 0xd8,
    0x0,

    /* U+00F4 "ô" */
    0x0, 0x0, 0x58, 0x30, 0x0, 0x0, 0x3, 0xf9,
    0xe1, 0x0, 0x0, 0xd, 0x80, 0xca, 0x0, 0x0,
    0x0, 0x0, 0x0, 0x0, 0x0, 0x19, 0xef, 0xd8,
    0x0, 0x1, 0xdf, 0xeb, 0xef, 0xb0, 0x8, 0xfa,
    0x0, 0xc, 0xf5, 0xd, 0xf1, 0x0, 0x4, 0xfa,
    0xf, 0xe0, 0x0, 0x1, 0xfc, 0xf, 0xe0, 0x0,
    0x1, 0xfc, 0xd, 0xf1, 0x0, 0x4, 0xfa, 0x8,
    0xfa, 0x0, 0xc, 0xf5, 0x1, 0xdf, 0xdb, 0xef,
    0xb0, 0x0, 0x19, 0xef, 0xd8, 0x0,

    /* U+00F5 "õ" */
    0x0, 0x3e, 0xff, 0xfe, 0x20, 0x0, 0x12, 0x22,
    0x20, 0x0, 0x0, 0x0, 0x0, 0x0, 0x0, 0x0,
    0x19, 0xef, 0xd8, 0x0, 0x1, 0xdf, 0xeb, 0xef,
    0xb0, 0x8, 0xfa, 0x0, 0xc, 0xf5, 0xd, 0xf1,
    0x0, 0x4, 0xfa, 0xf, 0xe0, 0x0, 0x1, 0xfc,
    0xf, 0xe0, 0x0, 0x1, 0xfc, 0xd, 0xf1, 0x0,
    0x4, 0xfa, 0x8, 0xfa, 0x0, 0xc, 0xf5, 0x1,
    0xdf, 0xdb, 0xef, 0xb0, 0x0, 0x19, 0xef, 0xd8,
    0x0,

    /* U+00F6 "ö" */
    0x0, 0x4f, 0xa0, 0xdf, 0x0, 0x0, 0x3f, 0xa0,
    0xdf, 0x0, 0x0, 0x0, 0x0, 0x0, 0x0, 0x0,
    0x19, 0xef, 0xd8, 0x0, 0x1, 0xdf, 0xeb, 0xef,
    0xb0, 0x8, 0xfa, 0x0, 0xc, 0xf5, 0xd, 0xf1,
    0x0, 0x4, 0xfa, 0xf, 0xe0, 0x0, 0x1, 0xfc,
    0xf, 0xe0, 0x0, 0x1, 0xfc, 0xd, 0xf1, 0x0,
    0x4, 0xfa, 0x8, 0xfa, 0x0, 0xc, 0xf5, 0x1,
    0xdf, 0xdb, 0xef, 0xb0, 0x0, 0x19, 0xef, 0xd8,
    0x0,

    /* U+00F7 "÷" */
    0x0, 0x8, 0xf5, 0x0, 0x0, 0x0, 0xcf, 0x90,
    0x0, 0x0, 0x2, 0x71, 0x0, 0x0, 0x0, 0x0,
    0x0, 0x0, 0xdf, 0xff, 0xff, 0xff, 0x98, 0xaa,
    0xaa, 0xaa, 0xa6, 0x0, 0x0, 0x0, 0x0, 0x0,
    0x0, 0x8f, 0x50, 0x0, 0x0, 0xc, 0xf9, 0x0,
    0x0, 0x0, 0x27, 0x10, 0x0,

    /* U+00F8 "ø" */
    0x0, 0x19, 0xef, 0xda, 0xf2, 0x1, 0xdf, 0xeb,
    0xef, 0xc0, 0x8, 0xfa, 0x0, 0xaf, 0xf5, 0xd,
    0xf1, 0x5, 0xf7, 0xfa, 0xf, 0xe0, 0x1e, 0x71,
    0xfc, 0xf, 0xe0, 0xac, 0x1, 0xfc, 0xd, 0xf6,
    0xf2, 0x4, 0xfa, 0x8, 0xff, 0x70, 0xc, 0xf5,
    0x1, 0xef, 0xdb, 0xef, 0xb0, 0x4, 0xfa, 0xef,
    0xd8, 0x0,

    /* U+00F9 "ù" */
    0x0, 0xbf, 0x30, 0x0, 0x0, 0x1, 0xeb, 0x0,
    0x0, 0x0, 0x3, 0x70, 0x0, 0x7, 0xf5, 0x0,
    0xa, 0xf3, 0x7f, 0x50, 0x0, 0xaf, 0x37, 0xf5,
    0x0, 0xa, 0xf3, 0x7f, 0x50, 0x0, 0xaf, 0x37,
    0xf5, 0x0, 0xa, 0xf3, 0x7f, 0x50, 0x0, 0xaf,
    0x37, 0xf6, 0x0, 0xb, 0xf3, 0x5f, 0xa0, 0x2,
    0xff, 0x30, 0xef, 0xca, 0xfc, 0xf3, 0x3, 0xcf,
    0xd6, 0x8f, 0x30,

    /* U+00FA "ú" */
    0x0, 0x0, 0x9f, 0x40, 0x0, 0x0, 0x1f, 0xa0,
    0x0, 0x0, 0x3, 0x71, 0x0, 0x7, 0xf5, 0x0,
    0xa, 0xf3, 0x7f, 0x50, 0x0, 0xaf, 0x37, 0xf5,
    0x0, 0xa, 0xf3, 0x7f, 0x50, 0x0, 0xaf, 0x37,
    0xf5, 0x0, 0xa, 0xf3, 0x7f, 0x50, 0x0, 0xaf,
    0x37, 0xf6, 0x0, 0xb, 0xf3, 0x5f, 0xa0, 0x2,
    0xff, 0x30, 0xef, 0xca, 0xfc, 0xf3, 0x3, 0xcf,
    0xd6, 0x8f, 0x30,

    /* U+00FB "û" */
    0x0, 0x6, 0x83, 0x0, 0x0, 0x6, 0xf9, 0xd0,
    0x0, 0x1, 0xc5, 0xb, 0x80, 0x0, 0x0, 0x0,
    0x0, 0x0, 0x7f, 0x50, 0x0, 0xaf, 0x37, 0xf5,
    0x0, 0xa, 0xf3, 0x7f, 0x50, 0x0, 0xaf, 0x37,
    0xf5, 0x0, 0xa, 0xf3, 0x7f, 0x50, 0x0, 0xaf,
    0x37, 0xf5, 0x0, 0xa, 0xf3, 0x7f, 0x60, 0x0,
    0xbf, 0x35, 0xfa, 0x0, 0x2f, 0xf3, 0xe, 0xfc,
    0xaf, 0xcf, 0x30, 0x3c, 0xfd, 0x68, 0xf3,

    /* U+00FC "ü" */
    0x5, 0xf8, 0xf, 0xf0, 0x0, 0x5f, 0x80, 0xee,
    0x0, 0x0, 0x0, 0x0, 0x0, 0x7, 0xf5, 0x0,
    0xa, 0xf3, 0x7f, 0x50, 0x0, 0xaf, 0x37, 0xf5,
    0x0, 0xa, 0xf3, 0x7f, 0x50, 0x0, 0xaf, 0x37,
    0xf5, 0x0, 0xa, 0xf3, 0x7f, 0x50, 0x0, 0xaf,
    0x37, 0xf6, 0x0, 0xb, 0xf3, 0x5f, 0xa0, 0x2,
    0xff, 0x30, 0xef, 0xca, 0xfc, 0xf3, 0x3, 0xcf,
    0xd6, 0x8f, 0x30,

    /* U+00FD "ý" */
    0x0, 0x0, 0x7, 0xf7, 0x0, 0x0, 0x0, 0xe,
    0xc0, 0x0, 0x0, 0x0, 0x27, 0x20, 0x0, 0xf,
    0xe0, 0x0, 0x2, 0xfc, 0xa, 0xf4, 0x0, 0x7,
    0xf7, 0x4, 0xf9, 0x0, 0xc, 0xf2, 0x0, 0xee,
    0x0, 0x1f, 0xc0, 0x0, 0x9f, 0x40, 0x5f, 0x70,
    0x0, 0x4f, 0x90, 0xaf, 0x10, 0x0, 0xe, 0xe0,
    0xfc, 0x0, 0x0, 0x8, 0xf9, 0xf7, 0x0, 0x0,
    0x3, 0xff, 0xf1, 0x0, 0x0, 0x0, 0xdf, 0xc0,
    0x0, 0x0, 0x0, 0x4f, 0x60, 0x0, 0x0, 0x69,
    0xef, 0x10, 0x0, 0x0, 0xaf, 0xe6, 0x0, 0x0,

    /* U+00FE "þ" */
    0xbf, 0x20, 0x0, 0x0, 0xb, 0xf2, 0x0, 0x0,
    0x0, 0xbf, 0x20, 0x0, 0x0, 0xb, 0xf4, 0xaf,
    0xfb, 0x20, 0xbf, 0xee, 0xad, 0xfe, 0x1b, 0xfc,
    0x0, 0xa, 0xf8, 0xbf, 0x40, 0x0, 0x2f, 0xdb,
    0xf1, 0x0, 0x0, 0xff, 0xbf, 0x10, 0x0, 0xf,
    0xfb, 0xf4, 0x0, 0x2, 0xfd, 0xbf, 0xc0, 0x0,
    0xaf, 0x8b, 0xfe, 0xeb, 0xef, 0xe1, 0xbf, 0x4a,
    0xff, 0xb2, 0xb, 0xf2, 0x0, 0x0, 0x0, 0xbf,
    0x20, 0x0, 0x0, 0xb, 0xf2, 0x0, 0x0, 0x0,

    /* U+00FF "ÿ" */
    0x0, 0x3f, 0xb0, 0xdf, 0x10, 0x0, 0x3f, 0xa0,
    0xcf, 0x10, 0x0, 0x0, 0x0, 0x0, 0x0, 0xf,
    0xe0, 0x0, 0x2, 0xfc, 0xa, 0xf4, 0x0, 0x7,
    0xf7, 0x4, 0xf9, 0x0, 0xc, 0xf2, 0x0, 0xee,
    0x0, 0x1f, 0xc0, 0x0, 0x9f, 0x40, 0x5f, 0x70,
    0x0, 0x4f, 0x90, 0xaf, 0x10, 0x0, 0xe, 0xe0,
    0xfc, 0x0, 0x0, 0x8, 0xf9, 0xf7, 0x0, 0x0,
    0x3, 0xff, 0xf1, 0x0, 0x0, 0x0, 0xdf, 0xc0,
    0x0, 0x0, 0x0, 0x4f, 0x60, 0x0, 0x0, 0x69,
    0xef, 0x10, 0x0, 0x0, 0xaf, 0xe6, 0x0, 0x0,

    /* U+0100 "Ā" */
    0x0, 0x1f, 0xff, 0xfd, 0x0, 0x0, 0x0, 0x88,
    0x88, 0x60, 0x0, 0x0, 0x0, 0x0, 0x0, 0x0,
    0x0, 0x0, 0xf, 0xfc, 0x0, 0x0, 0x0, 0x4,
    0xff, 0xf1, 0x0, 0x0, 0x0, 0x8f, 0xbf, 0x50,
    0x0, 0x0, 0xd, 0xf3, 0xfa, 0x0, 0x0, 0x1,
    0xfb, 0xe, 0xe0, 0x0, 0x0, 0x6f, 0x70, 0xaf,
    0x30, 0x0, 0xb, 0xf2, 0x5, 0xf8, 0x0, 0x0,
    0xfe, 0x0, 0x1f, 0xc0, 0x0, 0x4f, 0xff, 0xff,
    0xff, 0x10, 0x8, 0xfd, 0xcc, 0xce, 0xf5, 0x0,
    0xdf, 0x10, 0x0, 0x4f, 0xa0, 0x2f, 0xc0, 0x0,
    0x0, 0xfe, 0x6, 0xf8, 0x0, 0x0, 0xb, 0xf3,

    /* U+0101 "ā" */
    0x0, 0x6f, 0xff, 0xf9, 0x0, 0x0, 0x27, 0x77,
    0x74, 0x0, 0x0, 0x0, 0x0, 0x0, 0x0, 0x0,
    0x3b, 0xff, 0xc4, 0x0, 0x3, 0xff, 0xbb, 0xff,
    0x30, 0xb, 0xf5, 0x0, 0x5f, 0xa0, 0x2, 0x20,
    0x0, 0x1f, 0xd0, 0x0, 0x16, 0x9d, 0xff, 0xd0,
    0x5, 0xff, 0xc9, 0x6f, 0xd0, 0xe, 0xe1, 0x0,
    0xf, 0xd0, 0xf, 0xe0, 0x0, 0x9f, 0xd0, 0xc,
    0xfe, 0xce, 0xfe, 0xfb, 0x1, 0xaf, 0xfb, 0x34,
    0xed,

    /* U+0102 "Ă" */
    0x0, 0x1f, 0x50, 0x7e, 0x0, 0x0, 0x0, 0x7f,
    0xff, 0x50, 0x0, 0x0, 0x0, 0x13, 0x0, 0x0,
    0x0, 0x0, 0x0, 0x0, 0x0, 0x0, 0x0, 0x0,
    0xff, 0xc0, 0x0, 0x0, 0x0, 0x4f, 0xff, 0x10,
    0x0, 0x0, 0x8, 0xfb, 0xf5, 0x0, 0x0, 0x0,
    0xdf, 0x3f, 0xa0, 0x0, 0x0, 0x1f, 0xb0, 0xee,
    0x0, 0x0, 0x6, 0xf7, 0xa, 0xf3, 0x0, 0x0,
    0xbf, 0x20, 0x5f, 0x80, 0x0, 0xf, 0xe0, 0x1,
    0xfc, 0x0, 0x4, 0xff, 0xff, 0xff, 0xf1, 0x0,
    0x8f, 0xdc, 0xcc, 0xef, 0x50, 0xd, 0xf1, 0x0,
    0x4, 0xfa, 0x2, 0xfc, 0x0, 0x0, 0xf, 0xe0,
    0x6f, 0x80, 0x0, 0x0, 0xbf, 0x30,

    /* U+0103 "ă" */
    0x0, 0x6e, 0x21, 0xb9, 0x0, 0x0, 0xb, 0xff,
    0xd2, 0x0, 0x0, 0x0, 0x22, 0x0, 0x0, 0x0,
    0x2b, 0xff, 0xc4, 0x0, 0x1, 0xef, 0xcb, 0xff,
    0x30, 0x9, 0xf7, 0x0, 0x6f, 0xa0, 0x9, 0xb0,
    0x0, 0xf, 0xd0, 0x0, 0x0, 0x36, 0x9f, 0xd0,
    0x1, 0xaf, 0xfd, 0xaf, 0xd0, 0xd, 0xf4, 0x0,
    0xf, 0xd0, 0x1f, 0xe0, 0x0, 0x8f, 0xd0, 0xd,
    0xfe, 0xce, 0xfe, 0xfb, 0x2, 0xbf, 0xfc, 0x35,
    0xed,

    /* U+0104 "Ą" */
    0x0, 0x0, 0xff, 0xc0, 0x0, 0x0, 0x0, 0x4f,
    0xff, 0x10, 0x0, 0x0, 0x8, 0xfb, 0xf5, 0x0,
    0x0, 0x0, 0xdf, 0x3f, 0xa0, 0x0, 0x0, 0x1f,
    0xb0, 0xee, 0x0, 0x0, 0x6, 0xf7, 0xa, 0xf3,
    0x0, 0x0, 0xbf, 0x20, 0x5f, 0x80, 0x0, 0xf,
    0xe0, 0x1, 0xfc, 0x0, 0x4, 0xff, 0xff, 0xff,
    0xf1, 0x0, 0x8f, 0xdc, 0xcc, 0xef, 0x50, 0xd,
    0xf1, 0x0, 0x4, 0xfa, 0x2, 0xfc, 0x0, 0x0,
    0xf, 0xe0, 0x6f, 0x80, 0x0, 0x0, 0xbf, 0x30,
    0x0, 0x0, 0x0, 0x8, 0xf1, 0x0, 0x0, 0x0,
    0x2, 0xf7, 0x0, 0x0, 0x0, 0x0, 0x5f, 0x52,
    0x0, 0x0, 0x0, 0x2, 0xff, 0xd0, 0x0, 0x0,
    0x0, 0x1, 0x41,

    /* U+0105 "ą" */
    0x0, 0x3b, 0xff, 0xc4, 0x0, 0x0, 0x3f, 0xfb,
    0xbf, 0xf3, 0x0, 0xb, 0xf5, 0x0, 0x5f, 0xa0,
    0x0, 0x22, 0x0, 0x1, 0xfd, 0x0, 0x0, 0x16,
    0x9d, 0xff, 0xd0, 0x0, 0x5f, 0xfc, 0x96, 0xfd,
    0x0, 0xe, 0xe1, 0x0, 0xf, 0xd0, 0x0, 0xfe,
    0x0, 0x9, 0xfd, 0x0, 0xc, 0xfe, 0xce, 0xfe,
    0xfb, 0x0, 0x1a, 0xff, 0xb3, 0x4f, 0xe0, 0x0,
    0x0, 0x0, 0x4, 0xf5, 0x0, 0x0, 0x0, 0x0,
    0xbd, 0x20, 0x0, 0x0, 0x0, 0xa, 0xff, 0x60,
    0x0, 0x0, 0x0, 0x3, 0x30,

    /* U+0106 "Ć" */
    0x0, 0x0, 0x7, 0xf7, 0x0, 0x0, 0x0, 0x0,
    0xec, 0x0, 0x0, 0x0, 0x0, 0x17, 0x20, 0x0,
    0x0, 0x0, 0x0, 0x0, 0x0, 0x0, 0x0, 0x19,
    0xef, 0xd7, 0x0, 0x0, 0xd, 0xff, 0xdf, 0xfb,
    0x0, 0x8, 0xfb, 0x0, 0x1d, 0xf5, 0x0, 0xef,
    0x20, 0x0, 0x4f, 0xb0, 0x2f, 0xc0, 0x0, 0x0,
    0x55, 0x5, 0xfa, 0x0, 0x0, 0x0, 0x0, 0x5f,
    0x90, 0x0, 0x0, 0x0, 0x5, 0xfa, 0x0, 0x0,
    0x0, 0x0, 0x3f, 0xc0, 0x0, 0x0, 0x99, 0x0,
    0xef, 0x20, 0x0, 0x3f, 0xc0, 0x8, 0xfb, 0x0,
    0x1d, 0xf6, 0x0, 0xd, 0xff, 0xdf, 0xfb, 0x0,
    0x0, 0x19, 0xef, 0xe8, 0x0, 0x0,

    /* U+0107 "ć" */
    0x0, 0x0, 0x4f, 0xa0, 0x0, 0x0, 0xc, 0xe1,
    0x0, 0x0, 0x0, 0x73, 0x0, 0x0, 0x7, 0xdf,
    0xe9, 0x10, 0xb, 0xff, 0xbe, 0xfd, 0x5, 0xfc,
    0x10, 0xa, 0xf7, 0xaf, 0x40, 0x0, 0x18, 0x5d,
    0xf1, 0x0, 0x0, 0x0, 0xdf, 0x10, 0x0, 0x0,
    0xa, 0xf4, 0x0, 0x1, 0xa7, 0x5f, 0xc0, 0x0,
    0xaf, 0x70, 0xbf, 0xeb, 0xdf, 0xc0, 0x0, 0x7d,
    0xfe, 0x90, 0x0,

    /* U+0108 "Ĉ" */
    0x0, 0x0, 0xdf, 0xb0, 0x0, 0x0, 0x0, 0x8e,
    0x2f, 0x60, 0x0, 0x0, 0x7, 0x30, 0x47, 0x0,
    0x0, 0x0, 0x0, 0x0, 0x0, 0x0, 0x0, 0x19,
    0xef, 0xd7, 0x0, 0x0, 0xd, 0xff, 0xdf, 0xfb,
    0x0, 0x8, 0xfb, 0x0, 0x1d, 0xf5, 0x0, 0xef,
    0x20, 0x0, 0x4f, 0xb0, 0x2f, 0xc0, 0x0, 0x0,
    0x55, 0x5, 0xfa, 0x0, 0x0, 0x0, 0x0, 0x5f,
    0x90, 0x0, 0x0, 0x0, 0x5, 0xfa, 0x0, 0x0,
    0x0, 0x0, 0x3f, 0xc0, 0x0, 0x0, 0x99, 0x0,
    0xef, 0x20, 0x0, 0x3f, 0xc0, 0x8, 0xfb, 0x0,
    0x1d, 0xf6, 0x0, 0xd, 0xff, 0xdf, 0xfb, 0x0,
    0x0, 0x19, 0xef, 0xe8, 0x0, 0x0,

    /* U+0109 "ĉ" */
    0x0, 0x4, 0x85, 0x0, 0x0, 0x1, 0xea, 0xf3,
    0x0, 0x0, 0xbb, 0x8, 0xd0, 0x0, 0x0, 0x0,
    0x0, 0x0, 0x0, 0x7d, 0xfe, 0x91, 0x0, 0xbf,
    0xfb, 0xef, 0xd0, 0x5f, 0xc1, 0x0, 0xaf, 0x7a,
    0xf4, 0x0, 0x1, 0x85, 0xdf, 0x10, 0x0, 0x0,
    0xd, 0xf1, 0x0, 0x0, 0x0, 0xaf, 0x40, 0x0,
    0x1a, 0x75, 0xfc, 0x0, 0xa, 0xf7, 0xb, 0xfe,
    0xbd, 0xfc, 0x0, 0x7, 0xdf, 0xe9, 0x0,

    /* U+010A "Ċ" */
    0x0, 0x0, 0x7f, 0x50, 0x0, 0x0, 0x0, 0x8,
    0xf6, 0x0, 0x0, 0x0, 0x0, 0x0, 0x0, 0x0,
    0x0, 0x0, 0x0, 0x0, 0x0, 0x0, 0x0, 0x19,
    0xef, 0xd7, 0x0, 0x0, 0xd, 0xff, 0xdf, 0xfb,
    0x0, 0x8, 0xfb, 0x0, 0x1d, 0xf5, 0x0, 0xef,
    0x20, 0x0, 0x4f, 0xb0, 0x2f, 0xc0, 0x0, 0x0,
    0x55, 0x5, 0xfa, 0x0, 0x0, 0x0, 0x0, 0x5f,
    0x90, 0x0, 0x0, 0x0, 0x5, 0xfa, 0x0, 0x0,
    0x0, 0x0, 0x3f, 0xc0, 0x0, 0x0, 0x99, 0x0,
    0xef, 0x20, 0x0, 0x3f, 0xc0, 0x8, 0xfb, 0x0,
    0x1d, 0xf6, 0x0, 0xd, 0xff, 0xdf, 0xfb, 0x0,
    0x0, 0x19, 0xef, 0xe8, 0x0, 0x0,

    /* U+010B "ċ" */
    0x0, 0x5, 0xf8, 0x0, 0x0, 0x0, 0x5f, 0x80,
    0x0, 0x0, 0x0, 0x0, 0x0, 0x0, 0x7, 0xdf,
    0xe9, 0x10, 0xb, 0xff, 0xbe, 0xfd, 0x5, 0xfc,
    0x10, 0xa, 0xf7, 0xaf, 0x40, 0x0, 0x18, 0x5d,
    0xf1, 0x0, 0x0, 0x0, 0xdf, 0x10, 0x0, 0x0,
    0xa, 0xf4, 0x0, 0x1, 0xa7, 0x5f, 0xc0, 0x0,
    0xaf, 0x70, 0xbf, 0xeb, 0xdf, 0xc0, 0x0, 0x7d,
    0xfe, 0x90, 0x0,

    /* U+010C "Č" */
    0x0, 0xd, 0x90, 0xac, 0x0, 0x0, 0x0, 0x5f,
    0x7f, 0x30, 0x0, 0x0, 0x0, 0xcf, 0xa0, 0x0,
    0x0, 0x0, 0x0, 0x0, 0x0, 0x0, 0x0, 0x19,
    0xef, 0xe8, 0x0, 0x0, 0xd, 0xff, 0xdf, 0xfc,
    0x0, 0x8, 0xfb, 0x0, 0x1c, 0xf7, 0x0, 0xef,
    0x20, 0x0, 0x2f, 0xd0, 0x2f, 0xc0, 0x0, 0x0,
    0x0, 0x5, 0xfa, 0x0, 0x0, 0x0, 0x0, 0x5f,
    0x90, 0x0, 0x0, 0x0, 0x5, 0xfa, 0x0, 0x0,
    0x0, 0x0, 0x3f, 0xc0, 0x0, 0x0, 0xbb, 0x0,
    0xef, 0x20, 0x0, 0x4f, 0xc0, 0x8, 0xfb, 0x0,
    0x1d, 0xf5, 0x0, 0xd, 0xff, 0xdf, 0xfb, 0x0,
    0x0, 0x19, 0xef, 0xe8, 0x0, 0x0,

    /* U+010D "č" */
    0x0, 0xbb, 0x8, 0xe0, 0x0, 0x2, 0xf8, 0xf5,
    0x0, 0x0, 0x8, 0xeb, 0x0, 0x0, 0x0, 0x0,
    0x0, 0x0, 0x0, 0x7d, 0xfe, 0xa2, 0x0, 0xbf,
    0xfb, 0xdf, 0xe1, 0x5f, 0xc1, 0x0, 0x7f, 0x9a,
    0xf4, 0x0, 0x0, 0x11, 0xdf, 0x10, 0x0, 0x0,
    0xd, 0xf1, 0x0, 0x0, 0x0, 0xaf, 0x40, 0x0,
    0x2d, 0x95, 0xfc, 0x0, 0xa, 0xf6, 0xb, 0xfe,
    0xbe, 0xfc, 0x0, 0x7, 0xdf, 0xe8, 0x0,

    /* U+010E "Ď" */
    0x0, 0xe9, 0xb, 0xc0, 0x0, 0x0, 0x6f, 0xaf,
    0x30, 0x0, 0x0, 0xd, 0xfa, 0x0, 0x0, 0x0,
    0x0, 0x0, 0x0, 0x0, 0x8f, 0xff, 0xeb, 0x30,
    0x0, 0x8f, 0xed, 0xff, 0xf7, 0x0, 0x8f, 0x60,
    0x5, 0xff, 0x30, 0x8f, 0x60, 0x0, 0x7f, 0xa0,
    0x8f, 0x60, 0x0, 0x1f, 0xf0, 0x8f, 0x60, 0x0,
    0xd, 0xf1, 0x8f, 0x60, 0x0, 0xd, 0xf2, 0x8f,
    0x60, 0x0, 0xd, 0xf1, 0x8f, 0x60, 0x0, 0xf,
    0xf0, 0x8f, 0x60, 0x0, 0x7f, 0xa0, 0x8f, 0x60,
    0x5, 0xff, 0x30, 0x8f, 0xed, 0xef, 0xf7, 0x0,
    0x8f, 0xff, 0xeb, 0x40, 0x0,

    /* U+010F "ď" */
    0x0, 0x0, 0x0, 0xaf, 0x2f, 0xb0, 0x0, 0x0,
    0xa, 0xf3, 0xf8, 0x0, 0x0, 0x0, 0xaf, 0x5f,
    0x40, 0x1b, 0xfe, 0x6a, 0xf7, 0xf1, 0xd, 0xfe,
    0xdf, 0xef, 0x7b, 0x5, 0xfd, 0x0, 0x6f, 0xf2,
    0x0, 0x9f, 0x60, 0x0, 0xdf, 0x20, 0xb, 0xf3,
    0x0, 0xa, 0xf2, 0x0, 0xbf, 0x30, 0x0, 0xaf,
    0x20, 0x9, 0xf6, 0x0, 0xd, 0xf2, 0x0, 0x5f,
    0xc0, 0x5, 0xff, 0x20, 0x0, 0xdf, 0xdc, 0xfd,
    0xf2, 0x0, 0x1, 0xbf, 0xe6, 0x8f, 0x20, 0x0,

    /* U+0110 "Đ" */
    0x8, 0xff, 0xfe, 0xb3, 0x0, 0x0, 0x8f, 0xed,
    0xff, 0xf7, 0x0, 0x8, 0xf6, 0x0, 0x5f, 0xf3,
    0x0, 0x8f, 0x60, 0x0, 0x7f, 0xa0, 0x8, 0xf6,
    0x0, 0x1, 0xff, 0x7, 0xdf, 0xca, 0xa1, 0xd,
    0xf1, 0xbf, 0xff, 0xff, 0x30, 0xdf, 0x20, 0x8f,
    0x60, 0x0, 0xd, 0xf1, 0x8, 0xf6, 0x0, 0x0,
    0xff, 0x0, 0x8f, 0x60, 0x0, 0x7f, 0xa0, 0x8,
    0xf6, 0x0, 0x5f, 0xf3, 0x0, 0x8f, 0xed, 0xef,
    0xf7, 0x0, 0x8, 0xff, 0xfe, 0xb4, 0x0, 0x0,

    /* U+0111 "đ" */
    0x0, 0x0, 0x1, 0x18, 0xf6, 0x0, 0x0, 0x2,
    0xff, 0xff, 0xf7, 0x0, 0x0, 0x4, 0x4a, 0xf8,
    0x20, 0x5, 0xdf, 0xe7, 0x8f, 0x50, 0x6, 0xff,
    0xcc, 0xfe, 0xf5, 0x0, 0xef, 0x40, 0x4, 0xff,
    0x50, 0x3f, 0xc0, 0x0, 0xb, 0xf5, 0x5, 0xf9,
    0x0, 0x0, 0x8f, 0x50, 0x5f, 0x90, 0x0, 0x8,
    0xf5, 0x3, 0xfc, 0x0, 0x0, 0xbf, 0x50, 0xe,
    0xf4, 0x0, 0x4f, 0xf5, 0x0, 0x6f, 0xfc, 0xcf,
    0xdf, 0x50, 0x0, 0x5d, 0xfe, 0x76, 0xf5, 0x0,

    /* U+0112 "Ē" */
    0x0, 0x12, 0x22, 0x20, 0x0, 0xc, 0xff, 0xff,
    0x20, 0x0, 0x45, 0x55, 0x50, 0x0, 0x0, 0x0,
    0x0, 0x0, 0x6f, 0xff, 0xff, 0xff, 0x76, 0xfe,
    0xdd, 0xdd, 0xd5, 0x6f, 0x70, 0x0, 0x0, 0x6,
    0xf7, 0x0, 0x0, 0x0, 0x6f, 0x70, 0x0, 0x0,
    0x6, 0xfe, 0xcc, 0xcc, 0xc2, 0x6f, 0xff, 0xff,
    0xff, 0x36, 0xf7, 0x0, 0x0, 0x0, 0x6f, 0x70,
    0x0, 0x0, 0x6, 0xf7, 0x0, 0x0, 0x0, 0x6f,
    0x70, 0x0, 0x0, 0x6, 0xfe, 0xdd, 0xdd, 0xd7,
    0x6f, 0xff, 0xff, 0xff, 0x90,

    /* U+0113 "ē" */
    0x0, 0xff, 0xff, 0xe0, 0x0, 0x7, 0x77, 0x77,
    0x0, 0x0, 0x0, 0x0, 0x0, 0x0, 0x8, 0xef,
    0xe8, 0x0, 0xc, 0xfe, 0xbe, 0xfb, 0x7, 0xf9,
    0x0, 0xb, 0xf4, 0xcf, 0x32, 0x22, 0x6f, 0x9e,
    0xff, 0xff, 0xff, 0xfb, 0xef, 0x55, 0x55, 0x55,
    0x3c, 0xf2, 0x0, 0x0, 0x21, 0x7f, 0xb0, 0x0,
    0xbf, 0x40, 0xcf, 0xeb, 0xef, 0xb0, 0x0, 0x9e,
    0xfe, 0x80, 0x0,

    /* U+0116 "Ė" */
    0x0, 0x4, 0xf9, 0x0, 0x0, 0x0, 0x3e, 0x90,
    0x0, 0x0, 0x0, 0x0, 0x0, 0x6, 0xff, 0xff,
    0xff, 0xf7, 0x6f, 0xed, 0xdd, 0xdd, 0x56, 0xf7,
    0x0, 0x0, 0x0, 0x6f, 0x70, 0x0, 0x0, 0x6,
    0xf7, 0x0, 0x0, 0x0, 0x6f, 0xec, 0xcc, 0xcc,
    0x26, 0xff, 0xff, 0xff, 0xf3, 0x6f, 0x70, 0x0,
    0x0, 0x6, 0xf7, 0x0, 0x0, 0x0, 0x6f, 0x70,
    0x0, 0x0, 0x6, 0xf7, 0x0, 0x0, 0x0, 0x6f,
    0xed, 0xdd, 0xdd, 0x76, 0xff, 0xff, 0xff, 0xf9,

    /* U+0117 "ė" */
    0x0, 0x8, 0xf6, 0x0, 0x0, 0x0, 0x7e, 0x50,
    0x0, 0x0, 0x0, 0x0, 0x0, 0x0, 0x8, 0xef,
    0xe8, 0x0, 0xc, 0xfe, 0xbe, 0xfb, 0x7, 0xf9,
    0x0, 0xb, 0xf4, 0xcf, 0x32, 0x22, 0x6f, 0x9e,
    0xff, 0xff, 0xff, 0xfb, 0xef, 0x55, 0x55, 0x55,
    0x3c, 0xf2, 0x0, 0x0, 0x21, 0x7f, 0xb0, 0x0,
    0xbf, 0x40, 0xcf, 0xeb, 0xef, 0xb0, 0x0, 0x9e,
    0xfe, 0x80, 0x0,

    /* U+0118 "Ę" */
    0x6f, 0xff, 0xff, 0xff, 0x70, 0x6f, 0xed, 0xdd,
    0xdd, 0x50, 0x6f, 0x70, 0x0, 0x0, 0x0, 0x6f,
    0x70, 0x0, 0x0, 0x0, 0x6f, 0x70, 0x0, 0x0,
    0x0, 0x6f, 0xec, 0xcc, 0xcc, 0x20, 0x6f, 0xff,
    0xff, 0xff, 0x30, 0x6f, 0x70, 0x0, 0x0, 0x0,
    0x6f, 0x70, 0x0, 0x0, 0x0, 0x6f, 0x70, 0x0,
    0x0, 0x0, 0x6f, 0x70, 0x0, 0x0, 0x0, 0x6f,
    0xed, 0xdd, 0xdd, 0x70, 0x6f, 0xff, 0xff, 0xff,
    0x90, 0x0, 0x0, 0x0, 0x5f, 0x40, 0x0, 0x0,
    0x0, 0xea, 0x0, 0x0, 0x0, 0x2, 0xf8, 0x20,
    0x0, 0x0, 0x0, 0xef, 0xf0, 0x0, 0x0, 0x0,
    0x14, 0x20,

    /* U+0119 "ę" */
    0x0, 0x8e, 0xfe, 0x80, 0x0, 0xcf, 0xeb, 0xef,
    0xb0, 0x7f, 0x90, 0x0, 0xbf, 0x4c, 0xf3, 0x22,
    0x26, 0xf9, 0xef, 0xff, 0xff, 0xff, 0xbe, 0xf5,
    0x55, 0x55, 0x53, 0xcf, 0x20, 0x0, 0x2, 0x17,
    0xfb, 0x0, 0xb, 0xf4, 0xc, 0xfe, 0xbe, 0xfb,
    0x0, 0x9, 0xef, 0xfb, 0x0, 0x0, 0x0, 0x9e,
    0x10, 0x0, 0x0, 0xe, 0xb2, 0x0, 0x0, 0x0,
    0xbf, 0xf4, 0x0, 0x0, 0x0, 0x42, 0x0,

    /* U+011A "Ě" */
    0x0, 0xad, 0x7, 0xf1, 0x0, 0x2, 0xfa, 0xf7,
    0x0, 0x0, 0x8, 0xfe, 0x0, 0x0, 0x0, 0x0,
    0x0, 0x0, 0x6f, 0xff, 0xff, 0xff, 0x76, 0xfe,
    0xdd, 0xdd, 0xd5, 0x6f, 0x70, 0x0, 0x0, 0x6,
    0xf7, 0x0, 0x0, 0x0, 0x6f, 0x70, 0x0, 0x0,
    0x6, 0xfe, 0xcc, 0xcc, 0xc2, 0x6f, 0xff, 0xff,
    0xff, 0x36, 0xf7, 0x0, 0x0, 0x0, 0x6f, 0x70,
    0x0, 0x0, 0x6, 0xf7, 0x0, 0x0, 0x0, 0x6f,
    0x70, 0x0, 0x0, 0x6, 0xfe, 0xdd, 0xdd, 0xd7,
    0x6f, 0xff, 0xff, 0xff, 0x90,

    /* U+011B "ě" */
    0x0, 0xca, 0xc, 0xa0, 0x0, 0x1, 0xed, 0xd0,
    0x0, 0x0, 0x2, 0x31, 0x0, 0x0, 0x8, 0xef,
    0xe8, 0x0, 0xc, 0xfe, 0xbe, 0xfb, 0x7, 0xf9,
    0x0, 0xb, 0xf4, 0xcf, 0x32, 0x22, 0x6f, 0x9e,
    0xff, 0xff, 0xff, 0xfb, 0xef, 0x55, 0x55, 0x55,
    0x3c, 0xf2, 0x0, 0x0, 0x21, 0x7f, 0xb0, 0x0,
    0xbf, 0x40, 0xcf, 0xeb, 0xef, 0xb0, 0x0, 0x9e,
    0xfe, 0x80, 0x0,

    /* U+011C "Ĝ" */
    0x0, 0x0, 0xdf, 0xa0, 0x0, 0x0, 0x0, 0x8d,
    0x2f, 0x50, 0x0, 0x0, 0x7, 0x30, 0x46, 0x0,
    0x0, 0x0, 0x0, 0x0, 0x0, 0x0, 0x0, 0x8,
    0xef, 0xe8, 0x0, 0x0, 0xc, 0xff, 0xdf, 0xfb,
    0x0, 0x8, 0xfc, 0x10, 0x1c, 0xf6, 0x0, 0xef,
    0x20, 0x0, 0x2f, 0xd0, 0x2f, 0xd0, 0x0, 0x0,
    0x0, 0x4, 0xfa, 0x0, 0x0, 0x0, 0x0, 0x5f,
    0x90, 0x8, 0xff, 0xff, 0x5, 0xfa, 0x0, 0x5a,
    0xae, 0xf0, 0x3f, 0xd0, 0x0, 0x0, 0xdf, 0x0,
    0xef, 0x20, 0x0, 0x2f, 0xf0, 0x8, 0xfc, 0x10,
    0x1c, 0xff, 0x0, 0xd, 0xff, 0xdf, 0xfc, 0xf0,
    0x0, 0x19, 0xef, 0xd5, 0x8f, 0x0,

    /* U+011D "ĝ" */
    0x0, 0x0, 0x58, 0x40, 0x0, 0x0, 0x3, 0xfa,
    0xe1, 0x0, 0x0, 0xd, 0x80, 0xbb, 0x0, 0x0,
    0x0, 0x0, 0x0, 0x0, 0x0, 0x2a, 0xff, 0xa2,
    0xfa, 0x1, 0xef, 0xda, 0xed, 0xfa, 0x9, 0xf9,
    0x0, 0x1d, 0xfa, 0xe, 0xf1, 0x0, 0x5, 0xfa,
    0xf, 0xe0, 0x0, 0x3, 0xfa, 0xf, 0xe0, 0x0,
    0x3, 0xfa, 0xc, 0xf2, 0x0, 0x7, 0xfa, 0x6,
    0xfc, 0x20, 0x5f, 0xfa, 0x0, 0xaf, 0xff, 0xfa,
    0xfa, 0x0, 0x5, 0x99, 0x53, 0xf9, 0x7, 0xc5,
    0x0, 0x8, 0xf6, 0x2, 0xff, 0xba, 0xdf, 0xd0,
    0x0, 0x2a, 0xef, 0xe9, 0x10,

    /* U+011E "Ğ" */
    0x0, 0x1f, 0x50, 0x7e, 0x0, 0x0, 0x0, 0x7f,
    0xff, 0x50, 0x0, 0x0, 0x0, 0x13, 0x0, 0x0,
    0x0, 0x0, 0x0, 0x0, 0x0, 0x0, 0x0, 0x8,
    0xef, 0xe8, 0x0, 0x0, 0xc, 0xff, 0xdf, 0xfb,
    0x0, 0x8, 0xfc, 0x10, 0x1c, 0xf6, 0x0, 0xef,
    0x20, 0x0, 0x2f, 0xd0, 0x2f, 0xd0, 0x0, 0x0,
    0x0, 0x4, 0xfa, 0x0, 0x0, 0x0, 0x0, 0x5f,
    0x90, 0x8, 0xff, 0xff, 0x5, 0xfa, 0x0, 0x5a,
    0xae, 0xf0, 0x3f, 0xd0, 0x0, 0x0, 0xdf, 0x0,
    0xef, 0x20, 0x0, 0x2f, 0xf0, 0x8, 0xfc, 0x10,
    0x1c, 0xff, 0x0, 0xd, 0xff, 0xdf, 0xfc, 0xf0,
    0x0, 0x19, 0xef, 0xd5, 0x8f, 0x0,

    /* U+011F "ğ" */
    0x0, 0x1f, 0x50, 0x7e, 0x0, 0x0, 0x7, 0xff,
    0xf5, 0x0, 0x0, 0x0, 0x13, 0x0, 0x0, 0x0,
    0x2a, 0xff, 0xa2, 0xfa, 0x1, 0xef, 0xda, 0xed,
    0xfa, 0x9, 0xf9, 0x0, 0x1d, 0xfa, 0xe, 0xf1,
    0x0, 0x5, 0xfa, 0xf, 0xe0, 0x0, 0x3, 0xfa,
    0xf, 0xe0, 0x0, 0x3, 0xfa, 0xc, 0xf2, 0x0,
    0x7, 0xfa, 0x6, 0xfc, 0x20, 0x5f, 0xfa, 0x0,
    0xaf, 0xff, 0xfa, 0xfa, 0x0, 0x5, 0x99, 0x53,
    0xf9, 0x7, 0xc5, 0x0, 0x8, 0xf6, 0x2, 0xff,
    0xba, 0xdf, 0xd0, 0x0, 0x2a, 0xef, 0xe9, 0x10,

    /* U+0120 "Ġ" */
    0x0, 0x0, 0x8f, 0x50, 0x0, 0x0, 0x0, 0x8,
    0xf5, 0x0, 0x0, 0x0, 0x0, 0x0, 0x0, 0x0,
    0x0, 0x0, 0x0, 0x0, 0x0, 0x0, 0x0, 0x8,
    0xef, 0xe8, 0x0, 0x0, 0xc, 0xff, 0xdf, 0xfb,
    0x0, 0x8, 0xfc, 0x10, 0x1c, 0xf6, 0x0, 0xef,
    0x20, 0x0, 0x2f, 0xd0, 0x2f, 0xd0, 0x0, 0x0,
    0x0, 0x4, 0xfa, 0x0, 0x0, 0x0, 0x0, 0x5f,
    0x90, 0x8, 0xff, 0xff, 0x5, 0xfa, 0x0, 0x5a,
    0xae, 0xf0, 0x3f, 0xd0, 0x0, 0x0, 0xdf, 0x0,
    0xef, 0x20, 0x0, 0x2f, 0xf0, 0x8, 0xfc, 0x10,
    0x1c, 0xff, 0x0, 0xd, 0xff, 0xdf, 0xfc, 0xf0,
    0x0, 0x19, 0xef, 0xd5, 0x8f, 0x0,

    /* U+0121 "ġ" */
    0x0, 0x0, 0x8f, 0x50, 0x0, 0x0, 0x0, 0x8f,
    0x50, 0x0, 0x0, 0x0, 0x0, 0x0, 0x0, 0x0,
    0x2a, 0xff, 0xa2, 0xfa, 0x1, 0xef, 0xda, 0xed,
    0xfa, 0x9, 0xf9, 0x0, 0x1d, 0xfa, 0xe, 0xf1,
    0x0, 0x5, 0xfa, 0xf, 0xe0, 0x0, 0x3, 0xfa,
    0xf, 0xe0, 0x0, 0x3, 0xfa, 0xc, 0xf2, 0x0,
    0x7, 0xfa, 0x6, 0xfc, 0x20, 0x5f, 0xfa, 0x0,
    0xaf, 0xff, 0xfa, 0xfa, 0x0, 0x5, 0x99, 0x53,
    0xf9, 0x7, 0xc5, 0x0, 0x8, 0xf6, 0x2, 0xff,
    0xba, 0xdf, 0xd0, 0x0, 0x2a, 0xef, 0xe9, 0x10,

    /* U+0122 "Ģ" */
    0x0, 0x8, 0xef, 0xd7, 0x0, 0x0, 0xc, 0xff,
    0xdf, 0xfb, 0x0, 0x8, 0xfc, 0x10, 0x1c, 0xf6,
    0x0, 0xef, 0x20, 0x0, 0x3f, 0xc0, 0x2f, 0xd0,
    0x0, 0x0, 0x33, 0x4, 0xfa, 0x0, 0x0, 0x0,
    0x0, 0x5f, 0x90, 0x5, 0xaa, 0xaa, 0x5, 0xfa,
    0x0, 0x8f, 0xff, 0xf0, 0x3f, 0xd0, 0x0, 0x0,
    0xcf, 0x0, 0xef, 0x20, 0x0, 0x1f, 0xf0, 0x8,
    0xfc, 0x10, 0xb, 0xff, 0x0, 0xd, 0xff, 0xdf,
    0xfc, 0xf0, 0x0, 0x19, 0xef, 0xd5, 0x8f, 0x0,
    0x0, 0x0, 0x0, 0x0, 0x0, 0x0, 0x0, 0x7c,
    0x50, 0x0, 0x0, 0x0, 0x9, 0xf6, 0x0, 0x0,
    0x0, 0x0, 0x4d, 0x10, 0x0, 0x0, 0x0, 0x6,
    0x30, 0x0, 0x0,

    /* U+0123 "ģ" */
    0x0, 0x0, 0x4, 0x40, 0x0, 0x0, 0x0, 0x2e,
    0x20, 0x0, 0x0, 0x0, 0x8f, 0x70, 0x0, 0x0,
    0x0, 0x6c, 0x50, 0x0, 0x0, 0x0, 0x0, 0x0,
    0x0, 0x0, 0x2a, 0xff, 0xa2, 0xfa, 0x1, 0xef,
    0xda, 0xed, 0xfa, 0x9, 0xf9, 0x0, 0x1d, 0xfa,
    0xe, 0xf1, 0x0, 0x5, 0xfa, 0xf, 0xe0, 0x0,
    0x3, 0xfa, 0xf, 0xe0, 0x0, 0x3, 0xfa, 0xc,
    0xf2, 0x0, 0x7, 0xfa, 0x6, 0xfc, 0x20, 0x5f,
    0xfa, 0x0, 0xaf, 0xff, 0xfa, 0xfa, 0x0, 0x5,
    0x99, 0x53, 0xf9, 0x7, 0xc5, 0x0, 0x8, 0xf6,
    0x2, 0xff, 0xba, 0xdf, 0xd0, 0x0, 0x2a, 0xef,
    0xe9, 0x10,

    /* U+0124 "Ĥ" */
    0x0, 0xd, 0xf9, 0x0, 0x0, 0x6, 0xf9, 0xf2,
    0x0, 0x0, 0xe8, 0xc, 0xb0, 0x0, 0x0, 0x0,
    0x0, 0x0, 0xfe, 0x0, 0x0, 0x1f, 0xcf, 0xe0,
    0x0, 0x1, 0xfc, 0xfe, 0x0, 0x0, 0x1f, 0xcf,
    0xe0, 0x0, 0x1, 0xfc, 0xfe, 0x0, 0x0, 0x1f,
    0xcf, 0xfc, 0xcc, 0xcd, 0xfc, 0xff, 0xff, 0xff,
    0xff, 0xcf, 0xe0, 0x0, 0x1, 0xfc, 0xfe, 0x0,
    0x0, 0x1f, 0xcf, 0xe0, 0x0, 0x1, 0xfc, 0xfe,
    0x0, 0x0, 0x1f, 0xcf, 0xe0, 0x0, 0x1, 0xfc,
    0xfe, 0x0, 0x0, 0x1f, 0xc0,

    /* U+0125 "ĥ" */
    0x9, 0xfd, 0x0, 0x0, 0x0, 0x2f, 0xaf, 0x60,
    0x0, 0x0, 0xbc, 0x8, 0xe0, 0x0, 0x0, 0x0,
    0x0, 0x0, 0x0, 0x0, 0x5, 0xf7, 0x0, 0x0,
    0x0, 0x5, 0xf7, 0x0, 0x0, 0x0, 0x5, 0xf7,
    0x0, 0x0, 0x0, 0x5, 0xf7, 0x7e, 0xfc, 0x20,
    0x5, 0xfd, 0xea, 0xcf, 0xe0, 0x5, 0xfe, 0x10,
    0xb, 0xf4, 0x5, 0xf9, 0x0, 0x7, 0xf6, 0x5,
    0xf7, 0x0, 0x6, 0xf6, 0x5, 0xf7, 0x0, 0x6,
    0xf6, 0x5, 0xf7, 0x0, 0x6, 0xf6, 0x5, 0xf7,
    0x0, 0x6, 0xf6, 0x5, 0xf7, 0x0, 0x6, 0xf6,
    0x5, 0xf7, 0x0, 0x6, 0xf6,

    /* U+0126 "Ħ" */
    0xf, 0xe0, 0x0, 0x1, 0xfc, 0x0, 0xfe, 0x0,
    0x0, 0x1f, 0xc0, 0xaf, 0xff, 0xff, 0xff, 0xff,
    0x76, 0xff, 0xaa, 0xaa, 0xbf, 0xe4, 0xf, 0xe0,
    0x0, 0x1, 0xfc, 0x0, 0xff, 0xcc, 0xcc, 0xdf,
    0xc0, 0xf, 0xff, 0xff, 0xff, 0xfc, 0x0, 0xfe,
    0x0, 0x0, 0x1f, 0xc0, 0xf, 0xe0, 0x0, 0x1,
    0xfc, 0x0, 0xfe, 0x0, 0x0, 0x1f, 0xc0, 0xf,
    0xe0, 0x0, 0x1, 0xfc, 0x0, 0xfe, 0x0, 0x0,
    0x1f, 0xc0, 0xf, 0xe0, 0x0, 0x1, 0xfc, 0x0,

    /* U+0127 "ħ" */
    0x6, 0xf8, 0x11, 0x0, 0x0, 0x6f, 0xff, 0xff,
    0x30, 0x0, 0x18, 0xfa, 0x44, 0x0, 0x0, 0x5,
    0xf7, 0x7e, 0xfc, 0x20, 0x5, 0xfd, 0xea, 0xcf,
    0xe0, 0x5, 0xfe, 0x10, 0xb, 0xf4, 0x5, 0xf9,
    0x0, 0x7, 0xf6, 0x5, 0xf7, 0x0, 0x6, 0xf6,
    0x5, 0xf7, 0x0, 0x6, 0xf6, 0x5, 0xf7, 0x0,
    0x6, 0xf6, 0x5, 0xf7, 0x0, 0x6, 0xf6, 0x5,
    0xf7, 0x0, 0x6, 0xf6, 0x5, 0xf7, 0x0, 0x6,
    0xf6,

    /* U+0128 "Ĩ" */
    0x0, 0xcf, 0x80, 0xd3, 0x0, 0x6c, 0x4c, 0xfc,
    0x0, 0x1, 0x10, 0x2, 0x0, 0x0, 0x0, 0x0,
    0x0, 0x0, 0x9f, 0xff, 0xff, 0xff, 0x67, 0xdd,
    0xef, 0xed, 0xd5, 0x0, 0x8, 0xf5, 0x0, 0x0,
    0x0, 0x8f, 0x50, 0x0, 0x0, 0x8, 0xf5, 0x0,
    0x0, 0x0, 0x8f, 0x50, 0x0, 0x0, 0x8, 0xf5,
    0x0, 0x0, 0x0, 0x8f, 0x50, 0x0, 0x0, 0x8,
    0xf5, 0x0, 0x0, 0x0, 0x8f, 0x50, 0x0, 0x0,
    0x8, 0xf5, 0x0, 0x7, 0xdd, 0xef, 0xed, 0xd5,
    0x9f, 0xff, 0xff, 0xff, 0x60,

    /* U+0129 "ĩ" */
    0x0, 0x5f, 0xd3, 0x5c, 0x0, 0x0, 0xd6, 0x6f,
    0xf5, 0x0, 0x0, 0x20, 0x1, 0x10, 0x0, 0x7f,
    0xff, 0xff, 0x0, 0x0, 0x49, 0x99, 0xff, 0x0,
    0x0, 0x0, 0x0, 0xef, 0x0, 0x0, 0x0, 0x0,
    0xef, 0x0, 0x0, 0x0, 0x0, 0xef, 0x0, 0x0,
    0x0, 0x0, 0xef, 0x0, 0x0, 0x0, 0x0, 0xef,
    0x0, 0x0, 0x0, 0x0, 0xef, 0x0, 0x0, 0x59,
    0x99, 0xff, 0x99, 0x91, 0xaf, 0xff, 0xff, 0xff,
    0xf2,

    /* U+012A "Ī" */
    0x1, 0xff, 0xff, 0xd0, 0x0, 0x8, 0x88, 0x86,
    0x0, 0x0, 0x0, 0x0, 0x0, 0x9, 0xff, 0xff,
    0xff, 0xf6, 0x7d, 0xde, 0xfe, 0xdd, 0x50, 0x0,
    0x8f, 0x50, 0x0, 0x0, 0x8, 0xf5, 0x0, 0x0,
    0x0, 0x8f, 0x50, 0x0, 0x0, 0x8, 0xf5, 0x0,
    0x0, 0x0, 0x8f, 0x50, 0x0, 0x0, 0x8, 0xf5,
    0x0, 0x0, 0x0, 0x8f, 0x50, 0x0, 0x0, 0x8,
    0xf5, 0x0, 0x0, 0x0, 0x8f, 0x50, 0x0, 0x7d,
    0xde, 0xfe, 0xdd, 0x59, 0xff, 0xff, 0xff, 0xf6,

    /* U+012B "ī" */
    0x0, 0x8f, 0xff, 0xf6, 0x0, 0x0, 0x47, 0x77,
    0x73, 0x0, 0x0, 0x0, 0x0, 0x0, 0x0, 0x7f,
    0xff, 0xff, 0x0, 0x0, 0x49, 0x99, 0xff, 0x0,
    0x0, 0x0, 0x0, 0xef, 0x0, 0x0, 0x0, 0x0,
    0xef, 0x0, 0x0, 0x0, 0x0, 0xef, 0x0, 0x0,
    0x0, 0x0, 0xef, 0x0, 0x0, 0x0, 0x0, 0xef,
    0x0, 0x0, 0x0, 0x0, 0xef, 0x0, 0x0, 0x59,
    0x99, 0xff, 0x99, 0x91, 0xaf, 0xff, 0xff, 0xff,
    0xf2,

    /* U+012E "Į" */
    0x9f, 0xff, 0xff, 0xff, 0x60, 0x7d, 0xde, 0xfe,
    0xdd, 0x50, 0x0, 0x8, 0xf5, 0x0, 0x0, 0x0,
    0x8, 0xf5, 0x0, 0x0, 0x0, 0x8, 0xf5, 0x0,
    0x0, 0x0, 0x8, 0xf5, 0x0, 0x0, 0x0, 0x8,
    0xf5, 0x0, 0x0, 0x0, 0x8, 0xf5, 0x0, 0x0,
    0x0, 0x8, 0xf5, 0x0, 0x0, 0x0, 0x8, 0xf5,
    0x0, 0x0, 0x0, 0x8, 0xf5, 0x0, 0x0, 0x7d,
    0xde, 0xfe, 0xdd, 0x50, 0x9f, 0xff, 0xff, 0xff,
    0x60, 0x0, 0x0, 0x0, 0x8f, 0x10, 0x0, 0x0,
    0x1, 0xf7, 0x0, 0x0, 0x0, 0x5, 0xf5, 0x20,
    0x0, 0x0, 0x2, 0xff, 0xd0, 0x0, 0x0, 0x0,
    0x14, 0x10,

    /* U+012F "į" */
    0x0, 0x0, 0xfe, 0x0, 0x0, 0x0, 0x0, 0xfd,
    0x0, 0x0, 0x0, 0x0, 0x0, 0x0, 0x0, 0x7f,
    0xff, 0xff, 0x0, 0x0, 0x49, 0x99, 0xff, 0x0,
    0x0, 0x0, 0x0, 0xef, 0x0, 0x0, 0x0, 0x0,
    0xef, 0x0, 0x0, 0x0, 0x0, 0xef, 0x0, 0x0,
    0x0, 0x0, 0xef, 0x0, 0x0, 0x0, 0x0, 0xef,
    0x0, 0x0, 0x0, 0x0, 0xef, 0x0, 0x0, 0x59,
    0x99, 0xff, 0x99, 0x91, 0xaf, 0xff, 0xff, 0xff,
    0xf2, 0x0, 0x0, 0x0, 0xc, 0xd0, 0x0, 0x0,
    0x0, 0x5f, 0x30, 0x0, 0x0, 0x0, 0x9f, 0x21,
    0x0, 0x0, 0x0, 0x5f, 0xf9, 0x0, 0x0, 0x0,
    0x2, 0x30,

    /* U+0130 "İ" */
    0x0, 0x8, 0xf5, 0x0, 0x0, 0x0, 0x8f, 0x40,
    0x0, 0x0, 0x0, 0x0, 0x0, 0x9, 0xff, 0xff,
    0xff, 0xf6, 0x7d, 0xde, 0xfe, 0xdd, 0x50, 0x0,
    0x8f, 0x50, 0x0, 0x0, 0x8, 0xf5, 0x0, 0x0,
    0x0, 0x8f, 0x50, 0x0, 0x0, 0x8, 0xf5, 0x0,
    0x0, 0x0, 0x8f, 0x50, 0x0, 0x0, 0x8, 0xf5,
    0x0, 0x0, 0x0, 0x8f, 0x50, 0x0, 0x0, 0x8,
    0xf5, 0x0, 0x0, 0x0, 0x8f, 0x50, 0x0, 0x7d,
    0xde, 0xfe, 0xdd, 0x59, 0xff, 0xff, 0xff, 0xf6,

    /* U+0131 "ı" */
    0x7f, 0xff, 0xff, 0x0, 0x0, 0x49, 0x99, 0xff,
    0x0, 0x0, 0x0, 0x0, 0xef, 0x0, 0x0, 0x0,
    0x0, 0xef, 0x0, 0x0, 0x0, 0x0, 0xef, 0x0,
    0x0, 0x0, 0x0, 0xef, 0x0, 0x0, 0x0, 0x0,
    0xef, 0x0, 0x0, 0x0, 0x0, 0xef, 0x0, 0x0,
    0x59, 0x99, 0xff, 0x99, 0x91, 0xaf, 0xff, 0xff,
    0xff, 0xf2,

    /* U+0134 "Ĵ" */
    0x0, 0x0, 0x0, 0x1e, 0xf9, 0x0, 0x0, 0x0,
    0xa, 0xc3, 0xf3, 0x0, 0x0, 0x1, 0x82, 0x5,
    0x50, 0x0, 0x0, 0x0, 0x0, 0x0, 0x0, 0x0,
    0x0, 0xa, 0xf3, 0x0, 0x0, 0x0, 0x0, 0xaf,
    0x30, 0x0, 0x0, 0x0, 0xa, 0xf3, 0x0, 0x0,
    0x0, 0x0, 0xaf, 0x30, 0x0, 0x0, 0x0, 0xa,
    0xf3, 0x0, 0x0, 0x0, 0x0, 0xaf, 0x30, 0x0,
    0x0, 0x0, 0xa, 0xf3, 0x0, 0x0, 0x0, 0x0,
    0xaf, 0x30, 0x29, 0x60, 0x0, 0xa, 0xf3, 0x3,
    0xfb, 0x0, 0x0, 0xcf, 0x20, 0xe, 0xf4, 0x0,
    0x5f, 0xd0, 0x0, 0x5f, 0xfd, 0xdf, 0xf4, 0x0,
    0x0, 0x4c, 0xff, 0xc4, 0x0, 0x0,

    /* U+0135 "ĵ" */
    0x0, 0x0, 0x7, 0x82, 0x0, 0x0, 0x8, 0xea,
    0xc0, 0x0, 0x2, 0xd3, 0xc, 0x60, 0x0, 0x0,
    0x0, 0x0, 0xf, 0xff, 0xff, 0xf1, 0x0, 0x89,
    0x99, 0xef, 0x10, 0x0, 0x0, 0xb, 0xf1, 0x0,
    0x0, 0x0, 0xbf, 0x10, 0x0, 0x0, 0xb, 0xf1,
    0x0, 0x0, 0x0, 0xbf, 0x10, 0x0, 0x0, 0xb,
    0xf1, 0x0, 0x0, 0x0, 0xbf, 0x10, 0x0, 0x0,
    0xb, 0xf1, 0x0, 0x0, 0x0, 0xbf, 0x10, 0x0,
    0x0, 0xd, 0xf0, 0x0, 0x99, 0x9b, 0xfc, 0x0,
    0x1f, 0xff, 0xfb, 0x20, 0x0,

    /* U+0136 "Ķ" */
    0xfe, 0x0, 0x0, 0xbf, 0x90, 0xfe, 0x0, 0x7,
    0xfc, 0x0, 0xfe, 0x0, 0x4f, 0xe1, 0x0, 0xfe,
    0x1, 0xef, 0x30, 0x0, 0xfe, 0xc, 0xf5, 0x0,
    0x0, 0xfe, 0x9f, 0xa0, 0x0, 0x0, 0xff, 0xff,
    0xe0, 0x0, 0x0, 0xff, 0xea, 0xf9, 0x0, 0x0,
    0xff, 0x31, 0xef, 0x30, 0x0, 0xfe, 0x0, 0x5f,
    0xd0, 0x0, 0xfe, 0x0, 0xa, 0xf7, 0x0, 0xfe,
    0x0, 0x1, 0xff, 0x20, 0xfe, 0x0, 0x0, 0x6f,
    0xc0, 0x0, 0x0, 0x0, 0x0, 0x0, 0x0, 0xb,
    0xc1, 0x0, 0x0, 0x0, 0xe, 0xf1, 0x0, 0x0,
    0x0, 0x9, 0xa0, 0x0, 0x0, 0x0, 0x7, 0x0,
    0x0, 0x0,

    /* U+0137 "ķ" */
    0x9f, 0x40, 0x0, 0x0, 0x0, 0x9f, 0x40, 0x0,
    0x0, 0x0, 0x9f, 0x40, 0x0, 0x0, 0x0, 0x9f,
    0x40, 0x0, 0xcf, 0x70, 0x9f, 0x40, 0xb, 0xf9,
    0x0, 0x9f, 0x40, 0x9f, 0xb0, 0x0, 0x9f, 0x46,
    0xfc, 0x0, 0x0, 0x9f, 0x8f, 0xf5, 0x0, 0x0,
    0x9f, 0xfe, 0xfe, 0x10, 0x0, 0x9f, 0xe2, 0x6f,
    0xa0, 0x0, 0x9f, 0x50, 0xb, 0xf5, 0x0, 0x9f,
    0x40, 0x2, 0xff, 0x10, 0x9f, 0x40, 0x0, 0x6f,
    0xb0, 0x0, 0x0, 0x0, 0x0, 0x0, 0x0, 0x6,
    0xc6, 0x0, 0x0, 0x0, 0x7, 0xf8, 0x0, 0x0,
    0x0, 0x2, 0xe2, 0x0, 0x0, 0x0, 0x5, 0x40,
    0x0, 0x0,

    /* U+0139 "Ĺ" */
    0x0, 0x76, 0x0, 0x0, 0x0, 0x6f, 0x60, 0x0,
    0x0, 0xe, 0xb0, 0x0, 0x0, 0x0, 0x0, 0x0,
    0x0, 0x0, 0x3f, 0xa0, 0x0, 0x0, 0x3, 0xfa,
    0x0, 0x0, 0x0, 0x3f, 0xa0, 0x0, 0x0, 0x3,
    0xfa, 0x0, 0x0, 0x0, 0x3f, 0xa0, 0x0, 0x0,
    0x3, 0xfa, 0x0, 0x0, 0x0, 0x3f, 0xa0, 0x0,
    0x0, 0x3, 0xfa, 0x0, 0x0, 0x0, 0x3f, 0xa0,
    0x0, 0x0, 0x3, 0xfa, 0x0, 0x0, 0x0, 0x3f,
    0xa0, 0x0, 0x0, 0x3, 0xff, 0xdd, 0xdd, 0xd9,
    0x3f, 0xff, 0xff, 0xff, 0xc0,

    /* U+013A "ĺ" */
    0x0, 0x0, 0x57, 0x10, 0x0, 0x0, 0x1f, 0xc0,
    0x0, 0x0, 0x8, 0xf2, 0x0, 0x0, 0x0, 0x0,
    0x0, 0x0, 0xaf, 0xfe, 0x80, 0x0, 0x5, 0x99,
    0xef, 0x40, 0x0, 0x0, 0x4, 0xf8, 0x0, 0x0,
    0x0, 0x4f, 0x90, 0x0, 0x0, 0x4, 0xf9, 0x0,
    0x0, 0x0, 0x4f, 0x90, 0x0, 0x0, 0x4, 0xf9,
    0x0, 0x0, 0x0, 0x4f, 0x90, 0x0, 0x0, 0x4,
    0xf9, 0x0, 0x0, 0x0, 0x4f, 0x90, 0x0, 0x0,
    0x4, 0xf9, 0x0, 0x8, 0x99, 0xaf, 0xd9, 0x97,
    0xff, 0xff, 0xff, 0xff, 0xc0,

    /* U+013B "Ļ" */
    0x3f, 0xa0, 0x0, 0x0, 0x3, 0xfa, 0x0, 0x0,
    0x0, 0x3f, 0xa0, 0x0, 0x0, 0x3, 0xfa, 0x0,
    0x0, 0x0, 0x3f, 0xa0, 0x0, 0x0, 0x3, 0xfa,
    0x0, 0x0, 0x0, 0x3f, 0xa0, 0x0, 0x0, 0x3,
    0xfa, 0x0, 0x0, 0x0, 0x3f, 0xa0, 0x0, 0x0,
    0x3, 0xfa, 0x0, 0x0, 0x0, 0x3f, 0xa0, 0x0,
    0x0, 0x3, 0xff, 0xdd, 0xdd, 0xd9, 0x3f, 0xff,
    0xff, 0xff, 0xc0, 0x0, 0x0, 0x0, 0x0, 0x0,
    0x2, 0xc9, 0x0, 0x0, 0x0, 0x3f, 0xc0, 0x0,
    0x0, 0x0, 0xd5, 0x0, 0x0, 0x0, 0x36, 0x0,
    0x0,

    /* U+013C "ļ" */
    0xaf, 0xfe, 0x80, 0x0, 0x5, 0x99, 0xef, 0x40,
    0x0, 0x0, 0x4, 0xf8, 0x0, 0x0, 0x0, 0x4f,
    0x90, 0x0, 0x0, 0x4, 0xf9, 0x0, 0x0, 0x0,
    0x4f, 0x90, 0x0, 0x0, 0x4, 0xf9, 0x0, 0x0,
    0x0, 0x4f, 0x90, 0x0, 0x0, 0x4, 0xf9, 0x0,
    0x0, 0x0, 0x4f, 0x90, 0x0, 0x0, 0x4, 0xf9,
    0x0, 0x8, 0x99, 0xaf, 0xd9, 0x97, 0xff, 0xff,
    0xff, 0xff, 0xc0, 0x0, 0x0, 0x0, 0x0, 0x0,
    0x4, 0xc8, 0x0, 0x0, 0x0, 0x5f, 0xa0, 0x0,
    0x0, 0x1, 0xe3, 0x0, 0x0, 0x0, 0x45, 0x0,
    0x0,

    /* U+013D "Ľ" */
    0x3f, 0xa0, 0x0, 0xfa, 0x3, 0xfa, 0x0, 0x2f,
    0x70, 0x3f, 0xa0, 0x4, 0xf3, 0x3, 0xfa, 0x0,
    0x6f, 0x0, 0x3f, 0xa0, 0x6, 0xb0, 0x3, 0xfa,
    0x0, 0x0, 0x0, 0x3f, 0xa0, 0x0, 0x0, 0x3,
    0xfa, 0x0, 0x0, 0x0, 0x3f, 0xa0, 0x0, 0x0,
    0x3, 0xfa, 0x0, 0x0, 0x0, 0x3f, 0xa0, 0x0,
    0x0, 0x3, 0xff, 0xdd, 0xdd, 0xd9, 0x3f, 0xff,
    0xff, 0xff, 0xc0,

    /* U+013E "ľ" */
    0xaf, 0xfe, 0x80, 0xf, 0xb5, 0x99, 0xef, 0x41,
    0xf8, 0x0, 0x4, 0xf8, 0x3f, 0x50, 0x0, 0x4f,
    0x94, 0xf1, 0x0, 0x4, 0xf9, 0x5c, 0x0, 0x0,
    0x4f, 0x90, 0x0, 0x0, 0x4, 0xf9, 0x0, 0x0,
    0x0, 0x4f, 0x90, 0x0, 0x0, 0x4, 0xf9, 0x0,
    0x0, 0x0, 0x4f, 0x90, 0x0, 0x0, 0x4, 0xf9,
    0x0, 0x8, 0x99, 0xaf, 0xd9, 0x97, 0xff, 0xff,
    0xff, 0xff, 0xc0,

    /* U+0141 "Ł" */
    0x3, 0xfa, 0x0, 0x0, 0x0, 0x3, 0xfa, 0x0,
    0x0, 0x0, 0x3, 0xfa, 0x0, 0x0, 0x0, 0x3,
    0xfa, 0x0, 0x0, 0x0, 0x3, 0xfa, 0x5d, 0x40,
    0x0, 0x3, 0xff, 0xfb, 0x10, 0x0, 0x3c, 0xfd,
    0x30, 0x0, 0x0, 0x8e, 0xfa, 0x0, 0x0, 0x0,
    0x13, 0xfa, 0x0, 0x0, 0x0, 0x3, 0xfa, 0x0,
    0x0, 0x0, 0x3, 0xfa, 0x0, 0x0, 0x0, 0x3,
    0xff, 0xdd, 0xdd, 0xd9, 0x3, 0xff, 0xff, 0xff,
    0xfc,

    /* U+0142 "ł" */
    0xaf, 0xfe, 0x80, 0x0, 0x5, 0x99, 0xef, 0x40,
    0x0, 0x0, 0x4, 0xf8, 0x0, 0x0, 0x0, 0x4f,
    0x90, 0x0, 0x0, 0x4, 0xfa, 0x88, 0x0, 0x0,
    0x7f, 0xfe, 0x50, 0x1, 0xff, 0xfa, 0x0, 0x0,
    0x16, 0x5f, 0x90, 0x0, 0x0, 0x4, 0xf9, 0x0,
    0x0, 0x0, 0x4f, 0x90, 0x0, 0x0, 0x4, 0xf9,
    0x0, 0x8, 0x99, 0xaf, 0xd9, 0x97, 0xff, 0xff,
    0xff, 0xff, 0xc0,

    /* U+0143 "Ń" */
    0x0, 0x0, 0x27, 0x40, 0x0, 0x0, 0xb, 0xf2,
    0x0, 0x0, 0x2, 0xf7, 0x0, 0x0, 0x0, 0x0,
    0x0, 0x0, 0xcf, 0xb0, 0x0, 0x4f, 0x9c, 0xff,
    0x20, 0x4, 0xf9, 0xcf, 0xf8, 0x0, 0x4f, 0x9c,
    0xfb, 0xe0, 0x4, 0xf9, 0xcf, 0x4f, 0x60, 0x4f,
    0x9c, 0xf1, 0xcc, 0x4, 0xf9, 0xcf, 0x16, 0xf3,
    0x4f, 0x9c, 0xf1, 0xf, 0x94, 0xf9, 0xcf, 0x10,
    0x9f, 0x5f, 0x9c, 0xf1, 0x2, 0xfb, 0xf9, 0xcf,
    0x10, 0xc, 0xff, 0x9c, 0xf1, 0x0, 0x5f, 0xf9,
    0xcf, 0x10, 0x0, 0xef, 0x90,

    /* U+0144 "ń" */
    0x0, 0x0, 0x8f, 0x60, 0x0, 0x0, 0xe, 0xb0,
    0x0, 0x0, 0x2, 0x72, 0x0, 0x9, 0xf2, 0x9e,
    0xfb, 0x10, 0x9f, 0xcb, 0x6a, 0xfd, 0x9, 0xfa,
    0x0, 0xb, 0xf3, 0x9f, 0x50, 0x0, 0x7f, 0x59,
    0xf4, 0x0, 0x7, 0xf5, 0x9f, 0x40, 0x0, 0x7f,
    0x59, 0xf4, 0x0, 0x7, 0xf5, 0x9f, 0x40, 0x0,
    0x7f, 0x59, 0xf4, 0x0, 0x7, 0xf5, 0x9f, 0x40,
    0x0, 0x7f, 0x50,

    /* U+0145 "Ņ" */
    0xcf, 0xb0, 0x0, 0x4f, 0x9c, 0xff, 0x20, 0x4,
    0xf9, 0xcf, 0xf8, 0x0, 0x4f, 0x9c, 0xfb, 0xe0,
    0x4, 0xf9, 0xcf, 0x4f, 0x60, 0x4f, 0x9c, 0xf1,
    0xcc, 0x4, 0xf9, 0xcf, 0x16, 0xf3, 0x4f, 0x9c,
    0xf1, 0xf, 0x94, 0xf9, 0xcf, 0x10, 0x9f, 0x5f,
    0x9c, 0xf1, 0x2, 0xfb, 0xf9, 0xcf, 0x10, 0xc,
    0xff, 0x9c, 0xf1, 0x0, 0x5f, 0xf9, 0xcf, 0x10,
    0x0, 0xef, 0x90, 0x0, 0x0, 0x0, 0x0, 0x0,
    0x7, 0xc5, 0x0, 0x0, 0x0, 0x9f, 0x60, 0x0,
    0x0, 0x4, 0xd1, 0x0, 0x0, 0x0, 0x63, 0x0,
    0x0,

    /* U+0146 "ņ" */
    0x9f, 0x29, 0xef, 0xb1, 0x9, 0xfc, 0xb6, 0xaf,
    0xd0, 0x9f, 0xa0, 0x0, 0xbf, 0x39, 0xf5, 0x0,
    0x7, 0xf5, 0x9f, 0x40, 0x0, 0x7f, 0x59, 0xf4,
    0x0, 0x7, 0xf5, 0x9f, 0x40, 0x0, 0x7f, 0x59,
    0xf4, 0x0, 0x7, 0xf5, 0x9f, 0x40, 0x0, 0x7f,
    0x59, 0xf4, 0x0, 0x7, 0xf5, 0x0, 0x0, 0x0,
    0x0, 0x0, 0x0, 0x7c, 0x40, 0x0, 0x0, 0x9,
    0xf5, 0x0, 0x0, 0x0, 0x4d, 0x0, 0x0, 0x0,
    0x6, 0x20, 0x0, 0x0,

    /* U+0147 "Ň" */
    0x0, 0xe9, 0xb, 0xc0, 0x0, 0x6, 0xfa, 0xf3,
    0x0, 0x0, 0xd, 0xfa, 0x0, 0x0, 0x0, 0x0,
    0x0, 0x0, 0xcf, 0xb0, 0x0, 0x4f, 0x9c, 0xff,
    0x20, 0x4, 0xf9, 0xcf, 0xf8, 0x0, 0x4f, 0x9c,
    0xfb, 0xe0, 0x4, 0xf9, 0xcf, 0x4f, 0x60, 0x4f,
    0x9c, 0xf1, 0xcc, 0x4, 0xf9, 0xcf, 0x16, 0xf3,
    0x4f, 0x9c, 0xf1, 0xf, 0x94, 0xf9, 0xcf, 0x10,
    0x9f, 0x5f, 0x9c, 0xf1, 0x2, 0xfb, 0xf9, 0xcf,
    0x10, 0xc, 0xff, 0x9c, 0xf1, 0x0, 0x5f, 0xf9,
    0xcf, 0x10, 0x0, 0xef, 0x90,

    /* U+0148 "ň" */
    0x0, 0x73, 0x5, 0x60, 0x0, 0x8, 0xe5, 0xf4,
    0x0, 0x0, 0xb, 0xe8, 0x0, 0x0, 0x0, 0x0,
    0x0, 0x0, 0x9f, 0x29, 0xef, 0xb1, 0x9, 0xfc,
    0xb6, 0xaf, 0xd0, 0x9f, 0xa0, 0x0, 0xbf, 0x39,
    0xf5, 0x0, 0x7, 0xf5, 0x9f, 0x40, 0x0, 0x7f,
    0x59, 0xf4, 0x0, 0x7, 0xf5, 0x9f, 0x40, 0x0,
    0x7f, 0x59, 0xf4, 0x0, 0x7, 0xf5, 0x9f, 0x40,
    0x0, 0x7f, 0x59, 0xf4, 0x0, 0x7, 0xf5,

    /* U+014A "Ŋ" */
    0xcf, 0xb0, 0x0, 0x4f, 0x9c, 0xff, 0x20, 0x4,
    0xf9, 0xcf, 0xf8, 0x0, 0x4f, 0x9c, 0xfb, 0xe0,
    0x4, 0xf9, 0xcf, 0x4f, 0x60, 0x4f, 0x9c, 0xf1,
    0xcc, 0x4, 0xf9, 0xcf, 0x16, 0xf3, 0x4f, 0x9c,
    0xf1, 0xf, 0x94, 0xf9, 0xcf, 0x10, 0x9f, 0x5f,
    0x9c, 0xf1, 0x2, 0xfb, 0xf9, 0xcf, 0x10, 0xc,
    0xff, 0x9c, 0xf1, 0x0, 0x5f, 0xfa, 0xcf, 0x10,
    0x0, 0xef, 0xa0, 0x0, 0x0, 0x4, 0xf8, 0x0,
    0x0, 0xbb, 0xef, 0x50, 0x0, 0xf, 0xfe, 0x80,

    /* U+014B "ŋ" */
    0x9f, 0x29, 0xef, 0xb1, 0x9, 0xfc, 0xb6, 0xaf,
    0xd0, 0x9f, 0xa0, 0x0, 0xbf, 0x39, 0xf5, 0x0,
    0x7, 0xf5, 0x9f, 0x40, 0x0, 0x7f, 0x59, 0xf4,
    0x0, 0x7, 0xf5, 0x9f, 0x40, 0x0, 0x7f, 0x59,
    0xf4, 0x0, 0x7, 0xf5, 0x9f, 0x40, 0x0, 0x7f,
    0x79, 0xf4, 0x0, 0x8, 0xf7, 0x0, 0x0, 0x0,
    0x8f, 0x50, 0x0, 0x8, 0x9e, 0xf1, 0x0, 0x0,
    0xef, 0xd5, 0x0,

    /* U+014C "Ō" */
    0x0, 0x8, 0x88, 0x86, 0x0, 0x0, 0x1, 0xff,
    0xff, 0xd0, 0x0, 0x0, 0x0, 0x0, 0x0, 0x0,
    0x0, 0x0, 0x0, 0x0, 0x0, 0x0, 0x0, 0x19,
    0xef, 0xe8, 0x0, 0x0, 0x1d, 0xff, 0xdf, 0xfb,
    0x0, 0x9, 0xfb, 0x0, 0x1d, 0xf6, 0x0, 0xff,
    0x10, 0x0, 0x4f, 0xc0, 0x3f, 0xc0, 0x0, 0x0,
    0xff, 0x5, 0xfa, 0x0, 0x0, 0xd, 0xf1, 0x5f,
    0x90, 0x0, 0x0, 0xdf, 0x25, 0xfa, 0x0, 0x0,
    0xd, 0xf1, 0x3f, 0xc0, 0x0, 0x0, 0xff, 0x0,
    0xff, 0x10, 0x0, 0x4f, 0xc0, 0x9, 0xfb, 0x0,
    0x1d, 0xf6, 0x0, 0x1d, 0xff, 0xdf, 0xfb, 0x0,
    0x0, 0x19, 0xef, 0xe8, 0x0, 0x0,

    /* U+014D "ō" */
    0x0, 0x1f, 0xff, 0xfd, 0x0, 0x0, 0x7, 0x77,
    0x76, 0x0, 0x0, 0x0, 0x0, 0x0, 0x0, 0x0,
    0x19, 0xef, 0xd8, 0x0, 0x1, 0xdf, 0xeb, 0xef,
    0xb0, 0x8, 0xfa, 0x0, 0xc, 0xf5, 0xd, 0xf1,
    0x0, 0x4, 0xfa, 0xf, 0xe0, 0x0, 0x1, 0xfc,
    0xf, 0xe0, 0x0, 0x1, 0xfc, 0xd, 0xf1, 0x0,
    0x4, 0xfa, 0x8, 0xfa, 0x0, 0xc, 0xf5, 0x1,
    0xdf, 0xdb, 0xef, 0xb0, 0x0, 0x19, 0xef, 0xd8,
    0x0,

    /* U+0150 "Ő" */
    0x0, 0x0, 0xee, 0x4f, 0xb0, 0x0, 0x0, 0x5f,
    0x5a, 0xf2, 0x0, 0x0, 0x5, 0x60, 0x74, 0x0,
    0x0, 0x0, 0x0, 0x0, 0x0, 0x0, 0x0, 0x19,
    0xef, 0xe8, 0x0, 0x0, 0x1d, 0xff, 0xdf, 0xfb,
    0x0, 0x9, 0xfb, 0x0, 0x1d, 0xf6, 0x0, 0xff,
    0x10, 0x0, 0x4f, 0xc0, 0x3f, 0xc0, 0x0, 0x0,
    0xff, 0x5, 0xfa, 0x0, 0x0, 0xd, 0xf1, 0x5f,
    0x90, 0x0, 0x0, 0xdf, 0x25, 0xfa, 0x0, 0x0,
    0xd, 0xf1, 0x3f, 0xc0, 0x0, 0x0, 0xff, 0x0,
    0xff, 0x10, 0x0, 0x4f, 0xc0, 0x9, 0xfb, 0x0,
    0x1d, 0xf6, 0x0, 0x1d, 0xff, 0xdf, 0xfb, 0x0,
    0x0, 0x19, 0xef, 0xe8, 0x0, 0x0,

    /* U+0151 "ő" */
    0x0, 0x0, 0xee, 0x4f, 0xb0, 0x0, 0x5, 0xf5,
    0xaf, 0x20, 0x0, 0x5, 0x60, 0x74, 0x0, 0x0,
    0x19, 0xef, 0xd8, 0x0, 0x1, 0xdf, 0xeb, 0xef,
    0xb0, 0x8, 0xfa, 0x0, 0xc, 0xf5, 0xd, 0xf1,
    0x0, 0x4, 0xfa, 0xf, 0xe0, 0x0, 0x1, 0xfc,
    0xf, 0xe0, 0x0, 0x1, 0xfc, 0xd, 0xf1, 0x0,
    0x4, 0xfa, 0x8, 0xfa, 0x0, 0xc, 0xf5, 0x1,
    0xdf, 0xdb, 0xef, 0xb0, 0x0, 0x19, 0xef, 0xd8,
    0x0,

    /* U+0152 "Œ" */
    0x1, 0xbf, 0xe7, 0xff, 0xff, 0x70, 0xcf, 0xef,
    0xff, 0xed, 0xd6, 0x3f, 0xb0, 0x1e, 0xf9, 0x0,
    0x8, 0xf5, 0x0, 0x9f, 0x90, 0x0, 0xbf, 0x20,
    0x7, 0xf9, 0x0, 0xc, 0xf1, 0x0, 0x5f, 0xec,
    0xc3, 0xdf, 0x10, 0x5, 0xff, 0xff, 0x4c, 0xf1,
    0x0, 0x5f, 0x90, 0x0, 0xbf, 0x20, 0x7, 0xf9,
    0x0, 0x8, 0xf5, 0x0, 0x9f, 0x90, 0x0, 0x3f,
    0xb0, 0x1e, 0xf9, 0x0, 0x0, 0xcf, 0xee, 0xff,
    0xed, 0xd8, 0x1, 0xbf, 0xe7, 0xff, 0xff, 0xa0,

    /* U+0153 "œ" */
    0x5, 0xef, 0x91, 0xbf, 0xd4, 0x2, 0xff, 0xdf,
    0xff, 0xcf, 0xf1, 0x8f, 0x50, 0xef, 0x90, 0x7f,
    0x6b, 0xf1, 0xa, 0xf6, 0x25, 0xf9, 0xcf, 0x0,
    0x8f, 0xff, 0xff, 0xac, 0xf0, 0x8, 0xf8, 0x55,
    0x53, 0xbf, 0x10, 0xaf, 0x60, 0x13, 0x18, 0xf5,
    0xd, 0xfb, 0x6, 0xf6, 0x2f, 0xfd, 0xfe, 0xfc,
    0xff, 0x10, 0x5e, 0xf8, 0x1b, 0xfd, 0x40,

    /* U+0154 "Ŕ" */
    0x0, 0x0, 0x47, 0x20, 0x0, 0x0, 0xe, 0xd0,
    0x0, 0x0, 0x6, 0xf3, 0x0, 0x0, 0x0, 0x0,
    0x0, 0x0, 0xcf, 0xff, 0xfd, 0x80, 0xc, 0xfd,
    0xdd, 0xff, 0xc0, 0xcf, 0x10, 0x2, 0xdf, 0x5c,
    0xf1, 0x0, 0x7, 0xf8, 0xcf, 0x10, 0x0, 0x7f,
    0x7c, 0xf1, 0x0, 0x1d, 0xf2, 0xcf, 0xdc, 0xdf,
    0xe5, 0xc, 0xff, 0xff, 0xff, 0x80, 0xcf, 0x10,
    0x2, 0xef, 0x3c, 0xf1, 0x0, 0x8, 0xf6, 0xcf,
    0x10, 0x0, 0x6f, 0x7c, 0xf1, 0x0, 0x5, 0xf8,
    0xcf, 0x10, 0x0, 0x4f, 0xa0,

    /* U+0155 "ŕ" */
    0x0, 0x0, 0xc, 0xf2, 0x0, 0x0, 0x3, 0xf7,
    0x0, 0x0, 0x0, 0x46, 0x0, 0x7, 0xff, 0xf6,
    0x9f, 0xfd, 0x49, 0x9f, 0xde, 0x99, 0x70, 0x1,
    0xff, 0x20, 0x0, 0x0, 0x1f, 0xd0, 0x0, 0x0,
    0x1, 0xfc, 0x0, 0x0, 0x0, 0x1f, 0xc0, 0x0,
    0x0, 0x1, 0xfc, 0x0, 0x0, 0x0, 0x1f, 0xc0,
    0x0, 0x4, 0x99, 0xfe, 0x99, 0x60, 0x7f, 0xff,
    0xff, 0xfc, 0x0,

    /* U+0156 "Ŗ" */
    0xcf, 0xff, 0xfd, 0x80, 0xc, 0xfd, 0xdd, 0xff,
    0xc0, 0xcf, 0x10, 0x2, 0xdf, 0x5c, 0xf1, 0x0,
    0x7, 0xf8, 0xcf, 0x10, 0x0, 0x7f, 0x7c, 0xf1,
    0x0, 0x1d, 0xf2, 0xcf, 0xdc, 0xdf, 0xe5, 0xc,
    0xff, 0xff, 0xff, 0x80, 0xcf, 0x10, 0x2, 0xef,
    0x3c, 0xf1, 0x0, 0x8, 0xf6, 0xcf, 0x10, 0x0,
    0x6f, 0x7c, 0xf1, 0x0, 0x5, 0xf8, 0xcf, 0x10,
    0x0, 0x4f, 0xa0, 0x0, 0x0, 0x0, 0x0, 0x0,
    0x7, 0xc5, 0x0, 0x0, 0x0, 0x8f, 0x60, 0x0,
    0x0, 0x3, 0xe1, 0x0, 0x0, 0x0, 0x53, 0x0,
    0x0,

    /* U+0157 "ŗ" */
    0x7f, 0xff, 0x69, 0xff, 0xd4, 0x99, 0xfd, 0xe9,
    0x97, 0x0, 0x1f, 0xf2, 0x0, 0x0, 0x1, 0xfd,
    0x0, 0x0, 0x0, 0x1f, 0xc0, 0x0, 0x0, 0x1,
    0xfc, 0x0, 0x0, 0x0, 0x1f, 0xc0, 0x0, 0x0,
    0x1, 0xfc, 0x0, 0x0, 0x49, 0x9f, 0xe9, 0x96,
    0x7, 0xff, 0xff, 0xff, 0xc0, 0x0, 0x0, 0x0,
    0x0, 0x0, 0x1, 0xca, 0x0, 0x0, 0x0, 0x2f,
    0xd0, 0x0, 0x0, 0x0, 0xc6, 0x0, 0x0, 0x0,
    0x26, 0x0, 0x0, 0x0,

    /* U+0158 "Ř" */
    0x3, 0xf5, 0x1e, 0x80, 0x0, 0x9, 0xeb, 0xe0,
    0x0, 0x0, 0x1f, 0xf6, 0x0, 0x0, 0x0, 0x0,
    0x0, 0x0, 0xcf, 0xff, 0xfd, 0x80, 0xc, 0xfd,
    0xdd, 0xff, 0xc0, 0xcf, 0x10, 0x2, 0xdf, 0x5c,
    0xf1, 0x0, 0x7, 0xf8, 0xcf, 0x10, 0x0, 0x7f,
    0x7c, 0xf1, 0x0, 0x1d, 0xf2, 0xcf, 0xdc, 0xdf,
    0xe5, 0xc, 0xff, 0xff, 0xff, 0x80, 0xcf, 0x10,
    0x2, 0xef, 0x3c, 0xf1, 0x0, 0x8, 0xf6, 0xcf,
    0x10, 0x0, 0x6f, 0x7c, 0xf1, 0x0, 0x5, 0xf8,
    0xcf, 0x10, 0x0, 0x4f, 0xa0,

    /* U+0159 "ř" */
    0x0, 0x27, 0x0, 0x74, 0x0, 0x0, 0xd9, 0x6f,
    0x10, 0x0, 0x3, 0xff, 0x50, 0x0, 0x0, 0x0,
    0x0, 0x0, 0x7f, 0xff, 0x69, 0xff, 0xd4, 0x99,
    0xfd, 0xe9, 0x97, 0x0, 0x1f, 0xf2, 0x0, 0x0,
    0x1, 0xfd, 0x0, 0x0, 0x0, 0x1f, 0xc0, 0x0,
    0x0, 0x1, 0xfc, 0x0, 0x0, 0x0, 0x1f, 0xc0,
    0x0, 0x0, 0x1, 0xfc, 0x0, 0x0, 0x49, 0x9f,
    0xe9, 0x96, 0x7, 0xff, 0xff, 0xff, 0xc0,

    /* U+015A "Ś" */
    0x0, 0x0, 0x7, 0xf7, 0x0, 0x0, 0x0, 0x0,
    0xec, 0x0, 0x0, 0x0, 0x0, 0x27, 0x20, 0x0,
    0x0, 0x0, 0x0, 0x0, 0x0, 0x0, 0x0, 0x3b,
    0xff, 0xe8, 0x0, 0x0, 0x4f, 0xfe, 0xdf, 0xfc,
    0x0, 0xc, 0xf7, 0x0, 0x1d, 0xf6, 0x0, 0xef,
    0x0, 0x0, 0x4f, 0xb0, 0xd, 0xf5, 0x0, 0x0,
    0x21, 0x0, 0x5f, 0xfc, 0x62, 0x0, 0x0, 0x0,
    0x3a, 0xff, 0xfc, 0x40, 0x0, 0x0, 0x0, 0x4a,
    0xff, 0x50, 0x16, 0x50, 0x0, 0x4, 0xfd, 0x1,
    0xfe, 0x0, 0x0, 0xf, 0xf0, 0xb, 0xfa, 0x0,
    0x5, 0xfe, 0x0, 0x2e, 0xff, 0xde, 0xff, 0x50,
    0x0, 0x19, 0xef, 0xeb, 0x30, 0x0,

    /* U+015B "ś" */
    0x0, 0x0, 0x7f, 0x70, 0x0, 0x0, 0xe, 0xc0,
    0x0, 0x0, 0x1, 0x72, 0x0, 0x0, 0x2b, 0xff,
    0xd7, 0x0, 0x1e, 0xfc, 0xbe, 0xf9, 0x6, 0xf9,
    0x0, 0x1d, 0xf2, 0x5f, 0xa0, 0x0, 0x13, 0x0,
    0xdf, 0xea, 0x72, 0x0, 0x0, 0x6a, 0xef, 0xfa,
    0x3, 0x41, 0x0, 0x2b, 0xf5, 0x7f, 0x90, 0x0,
    0x8f, 0x61, 0xef, 0xdb, 0xcf, 0xf2, 0x1, 0x9e,
    0xfe, 0xb2, 0x0,

    /* U+015C "Ŝ" */
    0x0, 0x0, 0xdf, 0xa0, 0x0, 0x0, 0x0, 0x9d,
    0x2f, 0x50, 0x0, 0x0, 0x7, 0x20, 0x46, 0x0,
    0x0, 0x0, 0x0, 0x0, 0x0, 0x0, 0x0, 0x3b,
    0xff, 0xe8, 0x0, 0x0, 0x4f, 0xfe, 0xdf, 0xfc,
    0x0, 0xc, 0xf7, 0x0, 0x1d, 0xf6, 0x0, 0xef,
    0x0, 0x0, 0x4f, 0xb0, 0xd, 0xf5, 0x0, 0x0,
    0x21, 0x0, 0x5f, 0xfc, 0x62, 0x0, 0x0, 0x0,
    0x3a, 0xff, 0xfc, 0x40, 0x0, 0x0, 0x0, 0x4a,
    0xff, 0x50, 0x16, 0x50, 0x0, 0x4, 0xfd, 0x1,
    0xfe, 0x0, 0x0, 0xf, 0xf0, 0xb, 0xfa, 0x0,
    0x5, 0xfe, 0x0, 0x2e, 0xff, 0xde, 0xff, 0x50,
    0x0, 0x19, 0xef, 0xeb, 0x30, 0x0,

    /* U+015D "ŝ" */
    0x0, 0x5, 0x84, 0x0, 0x0, 0x3, 0xf9, 0xe1,
    0x0, 0x0, 0xd8, 0xb, 0xb0, 0x0, 0x0, 0x0,
    0x0, 0x0, 0x2, 0xbf, 0xfd, 0x70, 0x1, 0xef,
    0xcb, 0xef, 0x90, 0x6f, 0x90, 0x1, 0xdf, 0x25,
    0xfa, 0x0, 0x1, 0x30, 0xd, 0xfe, 0xa7, 0x20,
    0x0, 0x6, 0xae, 0xff, 0xa0, 0x34, 0x10, 0x2,
    0xbf, 0x57, 0xf9, 0x0, 0x8, 0xf6, 0x1e, 0xfd,
    0xbc, 0xff, 0x20, 0x19, 0xef, 0xeb, 0x20,

    /* U+015E "Ş" */
    0x0, 0x3b, 0xff, 0xe8, 0x0, 0x0, 0x4f, 0xfe,
    0xdf, 0xfc, 0x0, 0xc, 0xf7, 0x0, 0x1d, 0xf6,
    0x0, 0xef, 0x0, 0x0, 0x4f, 0xb0, 0xd, 0xf5,
    0x0, 0x0, 0x21, 0x0, 0x5f, 0xfc, 0x62, 0x0,
    0x0, 0x0, 0x3a, 0xff, 0xfc, 0x40, 0x0, 0x0,
    0x0, 0x4a, 0xff, 0x50, 0x16, 0x50, 0x0, 0x4,
    0xfd, 0x1, 0xfe, 0x0, 0x0, 0xf, 0xf0, 0xb,
    0xfa, 0x0, 0x5, 0xfe, 0x0, 0x2e, 0xff, 0xde,
    0xff, 0x50, 0x0, 0x19, 0xef, 0xfb, 0x30, 0x0,
    0x0, 0x8, 0xe6, 0x0, 0x0, 0x0, 0x0, 0x4,
    0xf4, 0x0, 0x0, 0x0, 0x85, 0xe, 0x50, 0x0,
    0x0, 0x5, 0xff, 0xc0, 0x0, 0x0, 0x0, 0x0,
    0x10, 0x0, 0x0,

    /* U+015F "ş" */
    0x2, 0xbf, 0xfd, 0x70, 0x1, 0xef, 0xcb, 0xef,
    0x90, 0x6f, 0x90, 0x1, 0xdf, 0x25, 0xfa, 0x0,
    0x1, 0x30, 0xd, 0xfe, 0xa7, 0x20, 0x0, 0x6,
    0xae, 0xff, 0xa0, 0x34, 0x10, 0x2, 0xbf, 0x57,
    0xf9, 0x0, 0x8, 0xf6, 0x1e, 0xfd, 0xbc, 0xff,
    0x20, 0x19, 0xef, 0xfb, 0x20, 0x0, 0x8, 0xe5,
    0x0, 0x0, 0x0, 0x17, 0xf3, 0x0, 0x0, 0x74,
    0xe, 0x50, 0x0, 0x5, 0xff, 0xc0, 0x0, 0x0,
    0x0, 0x20, 0x0, 0x0,

    /* U+0160 "Š" */
    0x0, 0xe, 0x80, 0xbb, 0x0, 0x0, 0x0, 0x6f,
    0x8f, 0x30, 0x0, 0x0, 0x0, 0xcf, 0x90, 0x0,
    0x0, 0x0, 0x0, 0x0, 0x0, 0x0, 0x0, 0x3b,
    0xff, 0xe9, 0x10, 0x0, 0x4f, 0xfe, 0xdf, 0xfd,
    0x0, 0xc, 0xf7, 0x0, 0x1b, 0xf8, 0x0, 0xef,
    0x0, 0x0, 0x2b, 0x80, 0xd, 0xf5, 0x0, 0x0,
    0x0, 0x0, 0x5f, 0xfc, 0x62, 0x0, 0x0, 0x0,
    0x3a, 0xff, 0xfc, 0x40, 0x0, 0x0, 0x0, 0x4a,
    0xff, 0x50, 0x19, 0x60, 0x0, 0x4, 0xfd, 0x0,
    0xff, 0x0, 0x0, 0xf, 0xf0, 0xa, 0xfa, 0x0,
    0x5, 0xfe, 0x0, 0x1e, 0xff, 0xde, 0xff, 0x50,
    0x0, 0x19, 0xef, 0xeb, 0x30, 0x0,

    /* U+0161 "š" */
    0x0, 0xa5, 0x7, 0x90, 0x0, 0x6, 0xf5, 0xf4,
    0x0, 0x0, 0xc, 0xfa, 0x0, 0x0, 0x0, 0x0,
    0x0, 0x0, 0x2, 0xbf, 0xfd, 0x80, 0x1, 0xef,
    0xcb, 0xef, 0xa0, 0x6f, 0x90, 0x0, 0xcf, 0x25,
    0xfa, 0x0, 0x0, 0x0, 0xd, 0xfe, 0xa7, 0x20,
    0x0, 0x6, 0xae, 0xff, 0xa0, 0x35, 0x10, 0x2,
    0xbf, 0x57, 0xf9, 0x0, 0x8, 0xf6, 0x1d, 0xfd,
    0xbc, 0xff, 0x20, 0x19, 0xef, 0xeb, 0x20,

    /* U+0162 "Ţ" */
    0x4f, 0xff, 0xff, 0xff, 0xff, 0x13, 0xdd, 0xde,
    0xfe, 0xdd, 0xd1, 0x0, 0x0, 0x8f, 0x50, 0x0,
    0x0, 0x0, 0x8, 0xf5, 0x0, 0x0, 0x0, 0x0,
    0x8f, 0x50, 0x0, 0x0, 0x0, 0x8, 0xf5, 0x0,
    0x0, 0x0, 0x0, 0x8f, 0x50, 0x0, 0x0, 0x0,
    0x8, 0xf5, 0x0, 0x0, 0x0, 0x0, 0x8f, 0x50,
    0x0, 0x0, 0x0, 0x8, 0xf5, 0x0, 0x0, 0x0,
    0x0, 0x8f, 0x50, 0x0, 0x0, 0x0, 0x8, 0xf5,
    0x0, 0x0, 0x0, 0x0, 0x8f, 0x50, 0x0, 0x0,
    0x0, 0x7, 0xe2, 0x0, 0x0, 0x0, 0x0, 0x39,
    0xf2, 0x0, 0x0, 0x0, 0x74, 0xe, 0x50, 0x0,
    0x0, 0x6, 0xff, 0xc0, 0x0, 0x0, 0x0, 0x1,
    0x20, 0x0, 0x0,

    /* U+0163 "ţ" */
    0x0, 0x1, 0xfb, 0x0, 0x0, 0x0, 0x1, 0xfb,
    0x0, 0x0, 0x2f, 0xff, 0xff, 0xff, 0xf7, 0x19,
    0x99, 0xfe, 0x99, 0x93, 0x0, 0x1, 0xfb, 0x0,
    0x0, 0x0, 0x1, 0xfb, 0x0, 0x0, 0x0, 0x1,
    0xfb, 0x0, 0x0, 0x0, 0x1, 0xfb, 0x0, 0x0,
    0x0, 0x1, 0xfb, 0x0, 0x0, 0x0, 0x1, 0xfc,
    0x0, 0x0, 0x0, 0x0, 0xef, 0xa9, 0x93, 0x0,
    0x0, 0x3d, 0xff, 0xf7, 0x0, 0x0, 0x7, 0xe2,
    0x0, 0x0, 0x0, 0x3, 0x9f, 0x20, 0x0, 0x0,
    0x64, 0xe, 0x50, 0x0, 0x0, 0x6f, 0xfc, 0x10,
    0x0, 0x0, 0x0, 0x20, 0x0,

    /* U+0164 "Ť" */
    0x0, 0xe, 0x90, 0xbc, 0x0, 0x0, 0x0, 0x6f,
    0xaf, 0x30, 0x0, 0x0, 0x0, 0xdf, 0xa0, 0x0,
    0x0, 0x0, 0x0, 0x0, 0x0, 0x0, 0x4f, 0xff,
    0xff, 0xff, 0xff, 0x13, 0xdd, 0xde, 0xfe, 0xdd,
    0xd1, 0x0, 0x0, 0x8f, 0x50, 0x0, 0x0, 0x0,
    0x8, 0xf5, 0x0, 0x0, 0x0, 0x0, 0x8f, 0x50,
    0x0, 0x0, 0x0, 0x8, 0xf5, 0x0, 0x0, 0x0,
    0x0, 0x8f, 0x50, 0x0, 0x0, 0x0, 0x8, 0xf5,
    0x0, 0x0, 0x0, 0x0, 0x8f, 0x50, 0x0, 0x0,
    0x0, 0x8, 0xf5, 0x0, 0x0, 0x0, 0x0, 0x8f,
    0x50, 0x0, 0x0, 0x0, 0x8, 0xf5, 0x0, 0x0,
    0x0, 0x0, 0x8f, 0x50, 0x0, 0x0,

    /* U+0165 "ť" */
    0x0, 0x0, 0x0, 0xb, 0xf0, 0x0, 0x0, 0x0,
    0xd, 0xc0, 0x0, 0x0, 0x0, 0xe, 0x90, 0x0,
    0x1, 0xea, 0xf, 0x50, 0x0, 0x1, 0xfb, 0x1a,
    0x20, 0x2f, 0xff, 0xff, 0xff, 0xf7, 0x19, 0x99,
    0xfe, 0x99, 0x93, 0x0, 0x1, 0xfb, 0x0, 0x0,
    0x0, 0x1, 0xfb, 0x0, 0x0, 0x0, 0x1, 0xfb,
    0x0, 0x0, 0x0, 0x1, 0xfb, 0x0, 0x0, 0x0,
    0x1, 0xfb, 0x0, 0x0, 0x0, 0x1, 0xfc, 0x0,
    0x0, 0x0, 0x0, 0xef, 0xa9, 0x93, 0x0, 0x0,
    0x3c, 0xff, 0xf7,

    /* U+0166 "Ŧ" */
    0x4f, 0xff, 0xff, 0xff, 0xff, 0x13, 0xdd, 0xde,
    0xfe, 0xdd, 0xd1, 0x0, 0x0, 0x8f, 0x50, 0x0,
    0x0, 0x0, 0x8, 0xf5, 0x0, 0x0, 0x0, 0x0,
    0x8f, 0x50, 0x0, 0x0, 0x0, 0x8, 0xf5, 0x0,
    0x0, 0x0, 0x8f, 0xff, 0xff, 0x50, 0x0, 0x5,
    0xad, 0xfc, 0xa3, 0x0, 0x0, 0x0, 0x8f, 0x50,
    0x0, 0x0, 0x0, 0x8, 0xf5, 0x0, 0x0, 0x0,
    0x0, 0x8f, 0x50, 0x0, 0x0, 0x0, 0x8, 0xf5,
    0x0, 0x0, 0x0, 0x0, 0x8f, 0x50, 0x0, 0x0,

    /* U+0167 "ŧ" */
    0x0, 0x1, 0xfb, 0x0, 0x0, 0x0, 0x1, 0xfb,
    0x0, 0x0, 0x2f, 0xff, 0xff, 0xff, 0xf7, 0x19,
    0x99, 0xfe, 0x99, 0x93, 0x0, 0x1, 0xfb, 0x0,
    0x0, 0x0, 0x13, 0xfb, 0x11, 0x0, 0x3, 0xff,
    0xff, 0xff, 0x90, 0x0, 0x45, 0xfc, 0x44, 0x20,
    0x0, 0x1, 0xfb, 0x0, 0x0, 0x0, 0x1, 0xfc,
    0x0, 0x0, 0x0, 0x0, 0xef, 0xa9, 0x93, 0x0,
    0x0, 0x3c, 0xff, 0xf7,

    /* U+0168 "Ũ" */
    0x0, 0xcf, 0x80, 0xd3, 0x0, 0x6c, 0x4c, 0xfc,
    0x0, 0x1, 0x10, 0x2, 0x0, 0x0, 0x0, 0x0,
    0x0, 0x0, 0xff, 0x0, 0x0, 0x2f, 0xcf, 0xf0,
    0x0, 0x2, 0xfc, 0xff, 0x0, 0x0, 0x2f, 0xcf,
    0xf0, 0x0, 0x2, 0xfc, 0xff, 0x0, 0x0, 0x2f,
    0xcf, 0xf0, 0x0, 0x2, 0xfc, 0xff, 0x0, 0x0,
    0x2f, 0xcf, 0xf0, 0x0, 0x2, 0xfc, 0xff, 0x0,
    0x0, 0x2f, 0xbd, 0xf1, 0x0, 0x4, 0xfa, 0x9f,
    0xa0, 0x1, 0xcf, 0x51, 0xef, 0xed, 0xff, 0xc0,
    0x1, 0xae, 0xfe, 0x80, 0x0,

    /* U+0169 "ũ" */
    0x4, 0xef, 0xff, 0xe0, 0x0, 0x12, 0x22, 0x20,
    0x0, 0x0, 0x0, 0x0, 0x0, 0x7, 0xf5, 0x0,
    0xa, 0xf3, 0x7f, 0x50, 0x0, 0xaf, 0x37, 0xf5,
    0x0, 0xa, 0xf3, 0x7f, 0x50, 0x0, 0xaf, 0x37,
    0xf5, 0x0, 0xa, 0xf3, 0x7f, 0x50, 0x0, 0xaf,
    0x37, 0xf6, 0x0, 0xb, 0xf3, 0x5f, 0xa0, 0x2,
    0xff, 0x30, 0xef, 0xca, 0xfc, 0xf3, 0x3, 0xcf,
    0xd6, 0x8f, 0x30,

    /* U+016A "Ū" */
    0x0, 0x88, 0x88, 0x60, 0x0, 0x1f, 0xff, 0xfd,
    0x0, 0x0, 0x0, 0x0, 0x0, 0x0, 0x0, 0x0,
    0x0, 0x0, 0xff, 0x0, 0x0, 0x2f, 0xcf, 0xf0,
    0x0, 0x2, 0xfc, 0xff, 0x0, 0x0, 0x2f, 0xcf,
    0xf0, 0x0, 0x2, 0xfc, 0xff, 0x0, 0x0, 0x2f,
    0xcf, 0xf0, 0x0, 0x2, 0xfc, 0xff, 0x0, 0x0,
    0x2f, 0xcf, 0xf0, 0x0, 0x2, 0xfc, 0xff, 0x0,
    0x0, 0x2f, 0xbd, 0xf1, 0x0, 0x4, 0xfa, 0x9f,
    0xa0, 0x1, 0xcf, 0x51, 0xef, 0xed, 0xff, 0xc0,
    0x1, 0xae, 0xfe, 0x80, 0x0,

    /* U+016B "ū" */
    0x3, 0xff, 0xff, 0xb0, 0x0, 0x17, 0x77, 0x75,
    0x0, 0x0, 0x0, 0x0, 0x0, 0x7, 0xf5, 0x0,
    0xa, 0xf3, 0x7f, 0x50, 0x0, 0xaf, 0x37, 0xf5,
    0x0, 0xa, 0xf3, 0x7f, 0x50, 0x0, 0xaf, 0x37,
    0xf5, 0x0, 0xa, 0xf3, 0x7f, 0x50, 0x0, 0xaf,
    0x37, 0xf6, 0x0, 0xb, 0xf3, 0x5f, 0xa0, 0x2,
    0xff, 0x30, 0xef, 0xca, 0xfc, 0xf3, 0x3, 0xcf,
    0xd6, 0x8f, 0x30,

    /* U+016C "Ŭ" */
    0x1, 0xf5, 0x7, 0xe0, 0x0, 0x7, 0xff, 0xf5,
    0x0, 0x0, 0x1, 0x30, 0x0, 0x0, 0x0, 0x0,
    0x0, 0x0, 0xff, 0x0, 0x0, 0x2f, 0xcf, 0xf0,
    0x0, 0x2, 0xfc, 0xff, 0x0, 0x0, 0x2f, 0xcf,
    0xf0, 0x0, 0x2, 0xfc, 0xff, 0x0, 0x0, 0x2f,
    0xcf, 0xf0, 0x0, 0x2, 0xfc, 0xff, 0x0, 0x0,
    0x2f, 0xcf, 0xf0, 0x0, 0x2, 0xfc, 0xff, 0x0,
    0x0, 0x2f, 0xbd, 0xf1, 0x0, 0x4, 0xfa, 0x9f,
    0xa0, 0x1, 0xcf, 0x51, 0xef, 0xed, 0xff, 0xc0,
    0x1, 0xae, 0xfe, 0x80, 0x0,

    /* U+016D "ŭ" */
    0x3, 0xf3, 0x19, 0xc0, 0x0, 0x9, 0xff, 0xe3,
    0x0, 0x0, 0x1, 0x30, 0x0, 0x7, 0xf5, 0x0,
    0xa, 0xf3, 0x7f, 0x50, 0x0, 0xaf, 0x37, 0xf5,
    0x0, 0xa, 0xf3, 0x7f, 0x50, 0x0, 0xaf, 0x37,
    0xf5, 0x0, 0xa, 0xf3, 0x7f, 0x50, 0x0, 0xaf,
    0x37, 0xf6, 0x0, 0xb, 0xf3, 0x5f, 0xa0, 0x2,
    0xff, 0x30, 0xef, 0xca, 0xfc, 0xf3, 0x3, 0xcf,
    0xd6, 0x8f, 0x30,

    /* U+016E "Ů" */
    0x0, 0xa, 0xf7, 0x0, 0x0, 0x4, 0xc1, 0xf0,
    0x0, 0x0, 0x4c, 0x1f, 0x10, 0x0, 0x0, 0xaf,
    0x70, 0x0, 0x0, 0x0, 0x0, 0x0, 0xf, 0xf0,
    0x0, 0x2, 0xfc, 0xff, 0x0, 0x0, 0x2f, 0xcf,
    0xf0, 0x0, 0x2, 0xfc, 0xff, 0x0, 0x0, 0x2f,
    0xcf, 0xf0, 0x0, 0x2, 0xfc, 0xff, 0x0, 0x0,
    0x2f, 0xcf, 0xf0, 0x0, 0x2, 0xfc, 0xff, 0x0,
    0x0, 0x2f, 0xcf, 0xf0, 0x0, 0x2, 0xfb, 0xdf,
    0x10, 0x0, 0x4f, 0xa9, 0xfa, 0x0, 0x1c, 0xf5,
    0x1e, 0xfe, 0xdf, 0xfc, 0x0, 0x1a, 0xef, 0xe8,
    0x0,

    /* U+016F "ů" */
    0x0, 0x1d, 0xf8, 0x0, 0x0, 0x6, 0xb2, 0xf0,
    0x0, 0x0, 0x1c, 0xf8, 0x0, 0x0, 0x0, 0x0,
    0x0, 0x0, 0x7f, 0x50, 0x0, 0xaf, 0x37, 0xf5,
    0x0, 0xa, 0xf3, 0x7f, 0x50, 0x0, 0xaf, 0x37,
    0xf5, 0x0, 0xa, 0xf3, 0x7f, 0x50, 0x0, 0xaf,
    0x37, 0xf5, 0x0, 0xa, 0xf3, 0x7f, 0x60, 0x0,
    0xbf, 0x35, 0xfa, 0x0, 0x2f, 0xf3, 0xe, 0xfc,
    0xaf, 0xcf, 0x30, 0x3c, 0xfd, 0x68, 0xf3,

    /* U+0170 "Ű" */
    0x0, 0xe, 0xe4, 0xfb, 0x0, 0x5, 0xf5, 0xaf,
    0x20, 0x0, 0x56, 0x7, 0x40, 0x0, 0x0, 0x0,
    0x0, 0x0, 0xff, 0x0, 0x0, 0x2f, 0xcf, 0xf0,
    0x0, 0x2, 0xfc, 0xff, 0x0, 0x0, 0x2f, 0xcf,
    0xf0, 0x0, 0x2, 0xfc, 0xff, 0x0, 0x0, 0x2f,
    0xcf, 0xf0, 0x0, 0x2, 0xfc, 0xff, 0x0, 0x0,
    0x2f, 0xcf, 0xf0, 0x0, 0x2, 0xfc, 0xff, 0x0,
    0x0, 0x2f, 0xbd, 0xf1, 0x0, 0x4, 0xfa, 0x9f,
    0xa0, 0x1, 0xcf, 0x51, 0xef, 0xed, 0xff, 0xc0,
    0x1, 0xae, 0xfe, 0x80, 0x0,

    /* U+0171 "ű" */
    0x0, 0x1f, 0xd5, 0xfa, 0x0, 0x7, 0xf4, 0xbe,
    0x10, 0x0, 0x65, 0x7, 0x30, 0x7, 0xf5, 0x0,
    0xa, 0xf3, 0x7f, 0x50, 0x0, 0xaf, 0x37, 0xf5,
    0x0, 0xa, 0xf3, 0x7f, 0x50, 0x0, 0xaf, 0x37,
    0xf5, 0x0, 0xa, 0xf3, 0x7f, 0x50, 0x0, 0xaf,
    0x37, 0xf6, 0x0, 0xb, 0xf3, 0x5f, 0xa0, 0x2,
    0xff, 0x30, 0xef, 0xca, 0xfc, 0xf3, 0x3, 0xcf,
    0xd6, 0x8f, 0x30,

    /* U+0172 "Ų" */
    0xff, 0x0, 0x0, 0x2f, 0xcf, 0xf0, 0x0, 0x2,
    0xfc, 0xff, 0x0, 0x0, 0x2f, 0xcf, 0xf0, 0x0,
    0x2, 0xfc, 0xff, 0x0, 0x0, 0x2f, 0xcf, 0xf0,
    0x0, 0x2, 0xfc, 0xff, 0x0, 0x0, 0x2f, 0xcf,
    0xf0, 0x0, 0x2, 0xfc, 0xff, 0x0, 0x0, 0x2f,
    0xbd, 0xf1, 0x0, 0x4, 0xfa, 0x9f, 0xa0, 0x1,
    0xcf, 0x51, 0xef, 0xed, 0xff, 0xc0, 0x1, 0xae,
    0xff, 0x80, 0x0, 0x0, 0x2f, 0x60, 0x0, 0x0,
    0x9, 0xf2, 0x10, 0x0, 0x0, 0x7f, 0xf8, 0x0,
    0x0, 0x0, 0x33, 0x0, 0x0,

    /* U+0173 "ų" */
    0x7f, 0x50, 0x0, 0xaf, 0x37, 0xf5, 0x0, 0xa,
    0xf3, 0x7f, 0x50, 0x0, 0xaf, 0x37, 0xf5, 0x0,
    0xa, 0xf3, 0x7f, 0x50, 0x0, 0xaf, 0x37, 0xf5,
    0x0, 0xa, 0xf3, 0x7f, 0x60, 0x0, 0xbf, 0x35,
    0xfa, 0x0, 0x2f, 0xf3, 0xe, 0xfc, 0xaf, 0xcf,
    0x30, 0x3c, 0xfd, 0x68, 0xf3, 0x0, 0x0, 0x1,
    0xe8, 0x0, 0x0, 0x0, 0x8f, 0x31, 0x0, 0x0,
    0x6, 0xff, 0xa0, 0x0, 0x0, 0x2, 0x40,

    /* U+0174 "Ŵ" */
    0x0, 0x0, 0xdf, 0x90, 0x0, 0x0, 0x0, 0x6f,
    0x9f, 0x20, 0x0, 0x0, 0xe, 0x80, 0xcb, 0x0,
    0x0, 0x0, 0x0, 0x0, 0x0, 0x0, 0x7f, 0x70,
    0x0, 0x0, 0xaf, 0x35, 0xf8, 0x5, 0xb3, 0xb,
    0xf2, 0x3f, 0xa0, 0x9f, 0x60, 0xdf, 0x2, 0xfb,
    0xb, 0xf8, 0xe, 0xe0, 0xf, 0xd0, 0xdf, 0xa0,
    0xfd, 0x0, 0xee, 0xf, 0xcc, 0x1f, 0xb0, 0xd,
    0xf2, 0xf8, 0xe3, 0xf9, 0x0, 0xbf, 0x5f, 0x4f,
    0x5f, 0x80, 0x9, 0xf9, 0xe1, 0xf9, 0xf6, 0x0,
    0x7f, 0xcc, 0xf, 0xcf, 0x40, 0x6, 0xff, 0xa0,
    0xdf, 0xf2, 0x0, 0x4f, 0xf8, 0xb, 0xff, 0x10,
    0x2, 0xff, 0x60, 0x9f, 0xf0, 0x0,

    /* U+0175 "ŵ" */
    0x0, 0x0, 0x58, 0x30, 0x0, 0x0, 0x0, 0x4f,
    0x9e, 0x10, 0x0, 0x0, 0xc, 0x60, 0xa9, 0x0,
    0x0, 0x0, 0x0, 0x0, 0x0, 0x0, 0x9f, 0x40,
    0x0, 0x0, 0x8f, 0x66, 0xf7, 0x4, 0x92, 0xa,
    0xf3, 0x3f, 0x90, 0x9f, 0x60, 0xcf, 0x0, 0xfb,
    0xc, 0xf9, 0xf, 0xd0, 0xd, 0xe0, 0xfd, 0xc1,
    0xfa, 0x0, 0xaf, 0x3f, 0x7f, 0x4f, 0x70, 0x7,
    0xf9, 0xe1, 0xf9, 0xf4, 0x0, 0x4f, 0xeb, 0xe,
    0xef, 0x10, 0x1, 0xff, 0x80, 0xbf, 0xe0, 0x0,
    0xe, 0xf5, 0x8, 0xfb, 0x0,

    /* U+0176 "Ŷ" */
    0x0, 0x0, 0xac, 0x70, 0x0, 0x0, 0x0, 0x6f,
    0x8f, 0x20, 0x0, 0x0, 0xc, 0x60, 0x99, 0x0,
    0x0, 0x0, 0x0, 0x0, 0x0, 0x0, 0x1f, 0xe0,
    0x0, 0x3, 0xfd, 0x0, 0x9f, 0x70, 0x0, 0xaf,
    0x60, 0x1, 0xfe, 0x0, 0x2f, 0xe0, 0x0, 0x9,
    0xf6, 0x9, 0xf6, 0x0, 0x0, 0x1f, 0xd1, 0xfe,
    0x0, 0x0, 0x0, 0x9f, 0xcf, 0x60, 0x0, 0x0,
    0x2, 0xff, 0xe0, 0x0, 0x0, 0x0, 0xa, 0xf7,
    0x0, 0x0, 0x0, 0x0, 0x8f, 0x50, 0x0, 0x0,
    0x0, 0x8, 0xf5, 0x0, 0x0, 0x0, 0x0, 0x8f,
    0x50, 0x0, 0x0, 0x0, 0x8, 0xf5, 0x0, 0x0,
    0x0, 0x0, 0x8f, 0x50, 0x0, 0x0,

    /* U+0177 "ŷ" */
    0x0, 0x0, 0x12, 0x10, 0x0, 0x0, 0x2, 0xe9,
    0xd1, 0x0, 0x0, 0xb, 0x70, 0x99, 0x0, 0x0,
    0x0, 0x0, 0x0, 0x0, 0xf, 0xe0, 0x0, 0x2,
    0xfc, 0xa, 0xf4, 0x0, 0x7, 0xf7, 0x4, 0xf9,
    0x0, 0xc, 0xf2, 0x0, 0xee, 0x0, 0x1f, 0xc0,
    0x0, 0x9f, 0x40, 0x5f, 0x70, 0x0, 0x4f, 0x90,
    0xaf, 0x10, 0x0, 0xe, 0xe0, 0xfc, 0x0, 0x0,
    0x8, 0xf9, 0xf7, 0x0, 0x0, 0x3, 0xff, 0xf1,
    0x0, 0x0, 0x0, 0xdf, 0xc0, 0x0, 0x0, 0x0,
    0x4f, 0x60, 0x0, 0x0, 0x69, 0xef, 0x10, 0x0,
    0x0, 0xaf, 0xe6, 0x0, 0x0,

    /* U+0178 "Ÿ" */
    0x0, 0x4f, 0xa0, 0xdf, 0x0, 0x0, 0x3, 0xfa,
    0xd, 0xf0, 0x0, 0x0, 0x0, 0x0, 0x0, 0x0,
    0x1, 0xfe, 0x0, 0x0, 0x3f, 0xd0, 0x9, 0xf7,
    0x0, 0xa, 0xf6, 0x0, 0x1f, 0xe0, 0x2, 0xfe,
    0x0, 0x0, 0x9f, 0x60, 0x9f, 0x60, 0x0, 0x1,
    0xfd, 0x1f, 0xe0, 0x0, 0x0, 0x9, 0xfc, 0xf6,
    0x0, 0x0, 0x0, 0x2f, 0xfe, 0x0, 0x0, 0x0,
    0x0, 0xaf, 0x70, 0x0, 0x0, 0x0, 0x8, 0xf5,
    0x0, 0x0, 0x0, 0x0, 0x8f, 0x50, 0x0, 0x0,
    0x0, 0x8, 0xf5, 0x0, 0x0, 0x0, 0x0, 0x8f,
    0x50, 0x0, 0x0, 0x0, 0x8, 0xf5, 0x0, 0x0,

    /* U+0179 "Ź" */
    0x0, 0x0, 0x2, 0x74, 0x0, 0x0, 0x0, 0xb,
    0xf2, 0x0, 0x0, 0x0, 0x2f, 0x70, 0x0, 0x0,
    0x0, 0x0, 0x0, 0x0, 0xd, 0xff, 0xff, 0xff,
    0xfc, 0xa, 0xdd, 0xdd, 0xde, 0xfc, 0x0, 0x0,
    0x0, 0xd, 0xf5, 0x0, 0x0, 0x0, 0x9f, 0x90,
    0x0, 0x0, 0x5, 0xfd, 0x0, 0x0, 0x0, 0x1e,
    0xf2, 0x0, 0x0, 0x0, 0xbf, 0x60, 0x0, 0x0,
    0x7, 0xfb, 0x0, 0x0, 0x0, 0x3f, 0xe1, 0x0,
    0x0, 0x0, 0xdf, 0x40, 0x0, 0x0, 0xa, 0xf8,
    0x0, 0x0, 0x0, 0x2f, 0xfd, 0xdd, 0xdd, 0xdc,
    0x2f, 0xff, 0xff, 0xff, 0xff,

    /* U+017A "ź" */
    0x0, 0x0, 0x7f, 0x70, 0x0, 0x0, 0xe, 0xc0,
    0x0, 0x0, 0x2, 0x72, 0x0, 0x6, 0xff, 0xff,
    0xff, 0xf4, 0x39, 0x99, 0x99, 0xff, 0x30, 0x0,
    0x0, 0x9f, 0x90, 0x0, 0x0, 0x7f, 0xb0, 0x0,
    0x0, 0x5f, 0xc0, 0x0, 0x0, 0x3f, 0xe1, 0x0,
    0x0, 0x2e, 0xf2, 0x0, 0x0, 0x1d, 0xf4, 0x0,
    0x0, 0x9, 0xfd, 0x99, 0x99, 0x93, 0x9f, 0xff,
    0xff, 0xff, 0x60,

    /* U+017B "Ż" */
    0x0, 0x0, 0x8f, 0x50, 0x0, 0x0, 0x0, 0x8f,
    0x40, 0x0, 0x0, 0x0, 0x0, 0x0, 0x0, 0xd,
    0xff, 0xff, 0xff, 0xfc, 0xa, 0xdd, 0xdd, 0xde,
    0xfc, 0x0, 0x0, 0x0, 0xd, 0xf5, 0x0, 0x0,
    0x0, 0x9f, 0x90, 0x0, 0x0, 0x5, 0xfd, 0x0,
    0x0, 0x0, 0x1e, 0xf2, 0x0, 0x0, 0x0, 0xbf,
    0x60, 0x0, 0x0, 0x7, 0xfb, 0x0, 0x0, 0x0,
    0x3f, 0xe1, 0x0, 0x0, 0x0, 0xdf, 0x40, 0x0,
    0x0, 0xa, 0xf8, 0x0, 0x0, 0x0, 0x2f, 0xfd,
    0xdd, 0xdd, 0xdc, 0x2f, 0xff, 0xff, 0xff, 0xff,

    /* U+017C "ż" */
    0x0, 0x8, 0xf5, 0x0, 0x0, 0x0, 0x8f, 0x50,
    0x0, 0x0, 0x0, 0x0, 0x0, 0x6, 0xff, 0xff,
    0xff, 0xf4, 0x39, 0x99, 0x99, 0xff, 0x30, 0x0,
    0x0, 0x9f, 0x90, 0x0, 0x0, 0x7f, 0xb0, 0x0,
    0x0, 0x5f, 0xc0, 0x0, 0x0, 0x3f, 0xe1, 0x0,
    0x0, 0x2e, 0xf2, 0x0, 0x0, 0x1d, 0xf4, 0x0,
    0x0, 0x9, 0xfd, 0x99, 0x99, 0x93, 0x9f, 0xff,
    0xff, 0xff, 0x60,

    /* U+017D "Ž" */
    0x0, 0xe, 0x90, 0xbc, 0x0, 0x0, 0x6, 0xfa,
    0xf3, 0x0, 0x0, 0x0, 0xdf, 0xa0, 0x0, 0x0,
    0x0, 0x0, 0x0, 0x0, 0xd, 0xff, 0xff, 0xff,
    0xfc, 0xa, 0xdd, 0xdd, 0xde, 0xfc, 0x0, 0x0,
    0x0, 0xd, 0xf5, 0x0, 0x0, 0x0, 0x9f, 0x90,
    0x0, 0x0, 0x5, 0xfd, 0x0, 0x0, 0x0, 0x1e,
    0xf2, 0x0, 0x0, 0x0, 0xbf, 0x60, 0x0, 0x0,
    0x7, 0xfb, 0x0, 0x0, 0x0, 0x3f, 0xe1, 0x0,
    0x0, 0x0, 0xdf, 0x40, 0x0, 0x0, 0xa, 0xf8,
    0x0, 0x0, 0x0, 0x2f, 0xfd, 0xdd, 0xdd, 0xdc,
    0x2f, 0xff, 0xff, 0xff, 0xff,

    /* U+017E "ž" */
    0x0, 0x73, 0x4, 0x70, 0x0, 0x8, 0xd2, 0xf6,
    0x0, 0x0, 0xd, 0xfb, 0x0, 0x0, 0x0, 0x0,
    0x0, 0x0, 0x6f, 0xff, 0xff, 0xff, 0x43, 0x99,
    0x99, 0x9f, 0xf3, 0x0, 0x0, 0x9, 0xf9, 0x0,
    0x0, 0x7, 0xfb, 0x0, 0x0, 0x5, 0xfc, 0x0,
    0x0, 0x3, 0xfe, 0x10, 0x0, 0x2, 0xef, 0x20,
    0x0, 0x1, 0xdf, 0x40, 0x0, 0x0, 0x9f, 0xd9,
    0x99, 0x99, 0x39, 0xff, 0xff, 0xff, 0xf6,

    /* U+2013 "–" */
    0x2b, 0xbb, 0xbb, 0xbb, 0x3, 0xff, 0xff, 0xff,
    0xf0,

    /* U+2014 "—" */
    0x7b, 0xbb, 0xbb, 0xbb, 0xbb, 0x4a, 0xff, 0xff,
    0xff, 0xff, 0xf7,

    /* U+2018 "‘" */
    0xb, 0x71, 0xf2, 0x7d, 0xa, 0xfb, 0xbf, 0xb4,
    0x64,

    /* U+2019 "’" */
    0xef, 0x7e, 0xf7, 0x6f, 0x63, 0xf1, 0x8a, 0x5,
    0x20,

    /* U+201A "‚" */
    0x56, 0x4c, 0xf9, 0xcf, 0x90, 0xe5, 0x4f, 0x9,
    0xa0,

    /* U+201C "“" */
    0xb, 0x80, 0xf, 0x41, 0xf2, 0x5, 0xe0, 0x6d,
    0x0, 0xa9, 0xa, 0xfb, 0xe, 0xf7, 0xaf, 0xb0,
    0xef, 0x74, 0x64, 0x6, 0x63,

    /* U+201D "”" */
    0xaf, 0xb0, 0xef, 0x7a, 0xfb, 0xe, 0xf7, 0x4d,
    0x90, 0x6f, 0x50, 0xf4, 0x3, 0xf0, 0x5e, 0x0,
    0x9a, 0x3, 0x40, 0x5, 0x20,

    /* U+201E "„" */
    0x46, 0x40, 0x66, 0x3a, 0xfb, 0xe, 0xf7, 0xaf,
    0xb0, 0xef, 0x70, 0xc7, 0x1, 0xf3, 0x1f, 0x20,
    0x6d, 0x7, 0xc0, 0xb, 0x80,

    /* U+2020 "†" */
    0x0, 0x8, 0xf4, 0x0, 0x0, 0x0, 0x8f, 0x40,
    0x0, 0x0, 0x8, 0xf4, 0x0, 0x5, 0xff, 0xff,
    0xff, 0xf1, 0x3a, 0xad, 0xfc, 0xaa, 0x10, 0x0,
    0x8f, 0x40, 0x0, 0x0, 0x8, 0xf4, 0x0, 0x0,
    0x0, 0x8f, 0x40, 0x0, 0x0, 0x8, 0xf4, 0x0,
    0x0, 0x0, 0x8f, 0x40, 0x0, 0x0, 0x8, 0xf4,
    0x0, 0x0, 0x0, 0x8f, 0x40, 0x0, 0x0, 0x8,
    0xf4, 0x0, 0x0,

    /* U+2021 "‡" */
    0x0, 0x8, 0xf4, 0x0, 0x0, 0x0, 0x8f, 0x40,
    0x0, 0x0, 0x8, 0xf4, 0x0, 0x5, 0xff, 0xff,
    0xff, 0xf1, 0x3a, 0xad, 0xfc, 0xaa, 0x10, 0x0,
    0x8f, 0x40, 0x0, 0x0, 0x8, 0xf4, 0x0, 0x0,
    0x0, 0x8f, 0x40, 0x0, 0x3a, 0xad, 0xfc, 0xaa,
    0x15, 0xff, 0xff, 0xff, 0xf1, 0x0, 0x8, 0xf4,
    0x0, 0x0, 0x0, 0x8f, 0x40, 0x0, 0x0, 0x8,
    0xf4, 0x0, 0x0,

    /* U+2022 "•" */
    0x1, 0x40, 0x3, 0xff, 0xe1, 0xaf, 0xff, 0x79,
    0xff, 0xf6, 0x1c, 0xfa, 0x0,

    /* U+2026 "…" */
    0x16, 0x61, 0x56, 0x42, 0x66, 0x4, 0xff, 0x2d,
    0xf9, 0x6f, 0xf1, 0x4f, 0xf2, 0xdf, 0x96, 0xff,
    0x10,

    /* U+F001 "" */
    0x0, 0x0, 0x0, 0x0, 0x0, 0x0, 0x0, 0x27,
    0xba, 0x0, 0x0, 0x0, 0x0, 0x0, 0x0, 0x48,
    0xdf, 0xff, 0xf2, 0x0, 0x0, 0x0, 0x1, 0x6a,
    0xff, 0xff, 0xff, 0xff, 0x20, 0x0, 0x0, 0x7c,
    0xff, 0xff, 0xff, 0xff, 0xff, 0xf2, 0x0, 0x0,
    0x4f, 0xff, 0xff, 0xff, 0xff, 0xff, 0xff, 0x20,
    0x0, 0x5, 0xff, 0xff, 0xff, 0xff, 0xb7, 0x3f,
    0xf2, 0x0, 0x0, 0x5f, 0xff, 0xfe, 0x95, 0x0,
    0x1, 0xff, 0x20, 0x0, 0x5, 0xff, 0x73, 0x0,
    0x0, 0x0, 0x1f, 0xf2, 0x0, 0x0, 0x5f, 0xe0,
    0x0, 0x0, 0x0, 0x1, 0xff, 0x20, 0x0, 0x5,
    0xfe, 0x0, 0x0, 0x0, 0x0, 0x1f, 0xf2, 0x0,
    0x0, 0x5f, 0xe0, 0x0, 0x0, 0x0, 0x1, 0xff,
    0x20, 0x0, 0x5, 0xfe, 0x0, 0x0, 0x0, 0x69,
    0x8f, 0xf2, 0x0, 0x0, 0x5f, 0xe0, 0x0, 0x2,
    0xef, 0xff, 0xff, 0x20, 0x3, 0x58, 0xfe, 0x0,
    0x0, 0x8f, 0xff, 0xff, 0xf2, 0x2d, 0xff, 0xff,
    0xe0, 0x0, 0x4, 0xff, 0xff, 0xfd, 0xb, 0xff,
    0xff, 0xfe, 0x0, 0x0, 0x4, 0xbd, 0xc8, 0x10,
    0xaf, 0xff, 0xff, 0xb0, 0x0, 0x0, 0x0, 0x0,
    0x0, 0x0, 0xaf, 0xff, 0xb1, 0x0, 0x0, 0x0,
    0x0, 0x0, 0x0, 0x0, 0x1, 0x0, 0x0, 0x0,
    0x0, 0x0, 0x0, 0x0, 0x0,

    /* U+F008 "" */
    0x51, 0x6, 0x88, 0x88, 0x88, 0x88, 0x88, 0x30,
    0x15, 0xf7, 0x6e, 0xff, 0xff, 0xff, 0xff, 0xff,
    0xb6, 0x8f, 0xfd, 0xcf, 0xf3, 0x33, 0x33, 0x33,
    0x6f, 0xec, 0xdf, 0xf2, 0xc, 0xe0, 0x0, 0x0,
    0x0, 0x3f, 0x70, 0x2f, 0xf2, 0xc, 0xe0, 0x0,
    0x0, 0x0, 0x3f, 0x80, 0x2f, 0xff, 0xff, 0xe0,
    0x0, 0x0, 0x0, 0x3f, 0xff, 0xff, 0xf4, 0x2d,
    0xf9, 0x99, 0x99, 0x99, 0xbf, 0x92, 0x4f, 0xf2,
    0xc, 0xff, 0xff, 0xff, 0xff, 0xff, 0x70, 0x2f,
    0xfb, 0xaf, 0xf1, 0x11, 0x11, 0x11, 0x5f, 0xda,
    0xbf, 0xf9, 0x8e, 0xe0, 0x0, 0x0, 0x0, 0x3f,
    0xc8, 0x9f, 0xf2, 0xc, 0xe0, 0x0, 0x0, 0x0,
    0x3f, 0x70, 0x2f, 0xf6, 0x4d, 0xe0, 0x0, 0x0,
    0x0, 0x3f, 0xa4, 0x6f, 0xfe, 0xef, 0xfb, 0xbb,
    0xbb, 0xbb, 0xcf, 0xfe, 0xef, 0xc2, 0xc, 0xff,
    0xff, 0xff, 0xff, 0xff, 0x80, 0x2c,

    /* U+F00B "" */
    0x58, 0x88, 0x70, 0x28, 0x88, 0x88, 0x88, 0x88,
    0x85, 0xff, 0xff, 0xf3, 0x9f, 0xff, 0xff, 0xff,
    0xff, 0xff, 0xff, 0xff, 0xf3, 0xaf, 0xff, 0xff,
    0xff, 0xff, 0xff, 0xff, 0xff, 0xf3, 0xaf, 0xff,
    0xff, 0xff, 0xff, 0xff, 0xbf, 0xff, 0xd1, 0x6f,
    0xff, 0xff, 0xff, 0xff, 0xfb, 0x0, 0x0, 0x0,
    0x0, 0x0, 0x0, 0x0, 0x0, 0x0, 0xcf, 0xff,
    0xe1, 0x7f, 0xff, 0xff, 0xff, 0xff, 0xfc, 0xff,
    0xff, 0xf3, 0xaf, 0xff, 0xff, 0xff, 0xff, 0xff,
    0xff, 0xff, 0xf3, 0xaf, 0xff, 0xff, 0xff, 0xff,
    0xff, 0xff, 0xff, 0xf3, 0x9f, 0xff, 0xff, 0xff,
    0xff, 0xff, 0x58, 0x88, 0x60, 0x27, 0x88, 0x88,
    0x88, 0x88, 0x85, 0x47, 0x77, 0x50, 0x17, 0x77,
    0x77, 0x77, 0x77, 0x74, 0xff, 0xff, 0xf3, 0x9f,
    0xff, 0xff, 0xff, 0xff, 0xff, 0xff, 0xff, 0xf3,
    0xaf, 0xff, 0xff, 0xff, 0xff, 0xff, 0xff, 0xff,
    0xf3, 0xaf, 0xff, 0xff, 0xff, 0xff, 0xff, 0xdf,
    0xff, 0xf1, 0x7f, 0xff, 0xff, 0xff, 0xff, 0xfd,
    0x0, 0x0, 0x0, 0x0, 0x0, 0x0, 0x0, 0x0,
    0x0,

    /* U+F00C "" */
    0x0, 0x0, 0x0, 0x0, 0x0, 0x0, 0x0, 0x5,
    0x20, 0x0, 0x0, 0x0, 0x0, 0x0, 0x0, 0x0,
    0x8f, 0xf3, 0x0, 0x0, 0x0, 0x0, 0x0, 0x0,
    0x8, 0xff, 0xfe, 0x0, 0x0, 0x0, 0x0, 0x0,
    0x0, 0x8f, 0xff, 0xf8, 0x0, 0x0, 0x0, 0x0,
    0x0, 0x8, 0xff, 0xff, 0x90, 0x9, 0xd2, 0x0,
    0x0, 0x0, 0x8f, 0xff, 0xf9, 0x0, 0x9f, 0xfe,
    0x20, 0x0, 0x8, 0xff, 0xff, 0x90, 0x0, 0xdf,
    0xff, 0xe2, 0x0, 0x8f, 0xff, 0xf9, 0x0, 0x0,
    0x2e, 0xff, 0xfe, 0x28, 0xff, 0xff, 0x90, 0x0,
    0x0, 0x2, 0xef, 0xff, 0xff, 0xff, 0xf9, 0x0,
    0x0, 0x0, 0x0, 0x2e, 0xff, 0xff, 0xff, 0x90,
    0x0, 0x0, 0x0, 0x0, 0x2, 0xef, 0xff, 0xf9,
    0x0, 0x0, 0x0, 0x0, 0x0, 0x0, 0x2e, 0xff,
    0x90, 0x0, 0x0, 0x0, 0x0, 0x0, 0x0, 0x2,
    0xd8, 0x0, 0x0, 0x0, 0x0, 0x0,

    /* U+F00D "" */
    0x2d, 0xb0, 0x0, 0x0, 0x6, 0xe6, 0xd, 0xff,
    0xc0, 0x0, 0x6, 0xff, 0xf3, 0xcf, 0xff, 0xc0,
    0x6, 0xff, 0xff, 0x31, 0xdf, 0xff, 0xc7, 0xff,
    0xff, 0x50, 0x1, 0xdf, 0xff, 0xff, 0xff, 0x50,
    0x0, 0x1, 0xdf, 0xff, 0xff, 0x50, 0x0, 0x0,
    0x7, 0xff, 0xff, 0xd0, 0x0, 0x0, 0x6, 0xff,
    0xff, 0xff, 0xc0, 0x0, 0x6, 0xff, 0xff, 0xdf,
    0xff, 0xc0, 0x6, 0xff, 0xff, 0x51, 0xdf, 0xff,
    0xc0, 0xff, 0xff, 0x50, 0x1, 0xdf, 0xff, 0x58,
    0xff, 0x50, 0x0, 0x1, 0xdf, 0xd0, 0x5, 0x30,
    0x0, 0x0, 0x1, 0x61, 0x0,

    /* U+F011 "" */
    0x0, 0x0, 0x0, 0x0, 0xcd, 0x50, 0x0, 0x0,
    0x0, 0x0, 0x0, 0x0, 0x0, 0x3f, 0xfa, 0x0,
    0x0, 0x0, 0x0, 0x0, 0x7, 0xe3, 0x3, 0xff,
    0xa0, 0xb, 0xc1, 0x0, 0x0, 0x8, 0xff, 0xb0,
    0x3f, 0xfa, 0x4, 0xff, 0xd1, 0x0, 0x4, 0xff,
    0xf6, 0x3, 0xff, 0xa0, 0x1e, 0xff, 0xa0, 0x0,
    0xdf, 0xf7, 0x0, 0x3f, 0xfa, 0x0, 0x2e, 0xff,
    0x40, 0x3f, 0xfc, 0x0, 0x3, 0xff, 0xa0, 0x0,
    0x6f, 0xfa, 0x8, 0xff, 0x60, 0x0, 0x3f, 0xfa,
    0x0, 0x0, 0xef, 0xf0, 0xaf, 0xf2, 0x0, 0x3,
    0xff, 0xa0, 0x0, 0xb, 0xff, 0x1b, 0xff, 0x10,
    0x0, 0x1f, 0xf8, 0x0, 0x0, 0xbf, 0xf1, 0x9f,
    0xf3, 0x0, 0x0, 0x24, 0x0, 0x0, 0xd, 0xff,
    0x6, 0xff, 0x90, 0x0, 0x0, 0x0, 0x0, 0x2,
    0xff, 0xd0, 0x1f, 0xff, 0x20, 0x0, 0x0, 0x0,
    0x0, 0xbf, 0xf8, 0x0, 0x9f, 0xfd, 0x20, 0x0,
    0x0, 0x0, 0x9f, 0xfe, 0x10, 0x0, 0xcf, 0xfe,
    0x71, 0x0, 0x4, 0xcf, 0xff, 0x50, 0x0, 0x1,
    0xdf, 0xff, 0xfe, 0xdf, 0xff, 0xff, 0x60, 0x0,
    0x0, 0x0, 0x9f, 0xff, 0xff, 0xff, 0xfd, 0x40,
    0x0, 0x0, 0x0, 0x0, 0x28, 0xce, 0xfd, 0xa5,
    0x0, 0x0, 0x0,

    /* U+F013 "" */
    0x0, 0x0, 0x0, 0x4, 0x66, 0x40, 0x0, 0x0,
    0x0, 0x0, 0x0, 0x0, 0x3f, 0xff, 0xf3, 0x0,
    0x0, 0x0, 0x0, 0x0, 0x0, 0x4f, 0xff, 0xf4,
    0x0, 0x0, 0x0, 0x0, 0x78, 0x17, 0xff, 0xff,
    0xff, 0x71, 0x87, 0x0, 0x4, 0xff, 0xff, 0xff,
    0xff, 0xff, 0xff, 0xff, 0x40, 0xd, 0xff, 0xff,
    0xff, 0xff, 0xff, 0xff, 0xff, 0xd0, 0x3f, 0xff,
    0xff, 0xfe, 0x88, 0xef, 0xff, 0xff, 0xf3, 0x8,
    0xff, 0xff, 0xd0, 0x0, 0xd, 0xff, 0xff, 0x80,
    0x0, 0xaf, 0xff, 0x50, 0x0, 0x5, 0xff, 0xfa,
    0x0, 0x0, 0xbf, 0xff, 0x30, 0x0, 0x3, 0xff,
    0xfb, 0x0, 0x1, 0xcf, 0xff, 0x80, 0x0, 0x8,
    0xff, 0xfc, 0x10, 0x3e, 0xff, 0xff, 0xf6, 0x0,
    0x6f, 0xff, 0xff, 0xe3, 0x1f, 0xff, 0xff, 0xff,
    0xff, 0xff, 0xff, 0xff, 0xf1, 0x9, 0xff, 0xff,
    0xff, 0xff, 0xff, 0xff, 0xff, 0x90, 0x0, 0xdf,
    0x8e, 0xff, 0xff, 0xff, 0xe8, 0xfd, 0x0, 0x0,
    0x11, 0x1, 0x9f, 0xff, 0xf9, 0x10, 0x11, 0x0,
    0x0, 0x0, 0x0, 0x4f, 0xff, 0xf4, 0x0, 0x0,
    0x0, 0x0, 0x0, 0x0, 0x2c, 0xee, 0xd2, 0x0,
    0x0, 0x0, 0x0, 0x0, 0x0, 0x0, 0x0, 0x0,
    0x0, 0x0, 0x0,

    /* U+F015 "" */
    0x0, 0x0, 0x0, 0x0, 0x8, 0x92, 0x0, 0x6b,
    0xb1, 0x0, 0x0, 0x0, 0x0, 0x0, 0x2d, 0xff,
    0xe4, 0xa, 0xff, 0x20, 0x0, 0x0, 0x0, 0x0,
    0x4e, 0xff, 0xff, 0xf6, 0xaf, 0xf2, 0x0, 0x0,
    0x0, 0x0, 0x6f, 0xfe, 0x31, 0xcf, 0xff, 0xff,
    0x20, 0x0, 0x0, 0x0, 0x9f, 0xfd, 0x25, 0x70,
    0xaf, 0xff, 0xf2, 0x0, 0x0, 0x1, 0xbf, 0xfa,
    0x8, 0xff, 0xb0, 0x7f, 0xff, 0x40, 0x0, 0x2,
    0xdf, 0xf8, 0xa, 0xff, 0xff, 0xd2, 0x5f, 0xff,
    0x50, 0x4, 0xff, 0xf5, 0x1d, 0xff, 0xff, 0xff,
    0xe4, 0x2e, 0xff, 0x70, 0xdf, 0xe3, 0x3e, 0xff,
    0xff, 0xff, 0xff, 0xf6, 0x1c, 0xff, 0x13, 0xb1,
    0x5f, 0xff, 0xff, 0xff, 0xff, 0xff, 0xf8, 0x9,
    0x60, 0x0, 0xa, 0xff, 0xff, 0xff, 0xff, 0xff,
    0xff, 0xe0, 0x0, 0x0, 0x0, 0xaf, 0xff, 0xfd,
    0x88, 0xbf, 0xff, 0xfe, 0x0, 0x0, 0x0, 0xa,
    0xff, 0xff, 0x70, 0x3, 0xff, 0xff, 0xe0, 0x0,
    0x0, 0x0, 0xaf, 0xff, 0xf7, 0x0, 0x3f, 0xff,
    0xfe, 0x0, 0x0, 0x0, 0xa, 0xff, 0xff, 0x70,
    0x3, 0xff, 0xff, 0xe0, 0x0, 0x0, 0x0, 0x8f,
    0xff, 0xf5, 0x0, 0x2f, 0xff, 0xfc, 0x0, 0x0,
    0x0, 0x0, 0x0, 0x0, 0x0, 0x0, 0x0, 0x0,
    0x0, 0x0, 0x0,

    /* U+F019 "" */
    0x0, 0x0, 0x0, 0x9, 0xaa, 0x90, 0x0, 0x0,
    0x0, 0x0, 0x0, 0x0, 0x3f, 0xff, 0xf3, 0x0,
    0x0, 0x0, 0x0, 0x0, 0x0, 0x4f, 0xff, 0xf4,
    0x0, 0x0, 0x0, 0x0, 0x0, 0x0, 0x4f, 0xff,
    0xf4, 0x0, 0x0, 0x0, 0x0, 0x0, 0x0, 0x4f,
    0xff, 0xf4, 0x0, 0x0, 0x0, 0x0, 0x0, 0x0,
    0x4f, 0xff, 0xf4, 0x0, 0x0, 0x0, 0x0, 0x0,
    0x0, 0x4f, 0xff, 0xf4, 0x0, 0x0, 0x0, 0x0,
    0xc, 0xee, 0xef, 0xff, 0xfe, 0xee, 0xc0, 0x0,
    0x0, 0x8, 0xff, 0xff, 0xff, 0xff, 0xff, 0x90,
    0x0, 0x0, 0x0, 0x8f, 0xff, 0xff, 0xff, 0xf8,
    0x0, 0x0, 0x0, 0x0, 0x8, 0xff, 0xff, 0xff,
    0x80, 0x0, 0x0, 0x0, 0x0, 0x0, 0x8f, 0xff,
    0xf8, 0x0, 0x0, 0x0, 0x24, 0x44, 0x44, 0x7,
    0xff, 0x70, 0x44, 0x44, 0x42, 0xff, 0xff, 0xff,
    0xc1, 0x66, 0x1d, 0xff, 0xff, 0xff, 0xff, 0xff,
    0xff, 0xfe, 0x66, 0xef, 0xff, 0xff, 0xff, 0xff,
    0xff, 0xff, 0xff, 0xff, 0xff, 0xff, 0xff, 0xff,
    0xff, 0xff, 0xff, 0xff, 0xff, 0xff, 0x66, 0xc4,
    0xff, 0xdf, 0xff, 0xff, 0xff, 0xff, 0xff, 0xff,
    0xff, 0xfd, 0x0, 0x0, 0x0, 0x0, 0x0, 0x0,
    0x0, 0x0, 0x0,

    /* U+F01C "" */
    0x0, 0x0, 0x4, 0x44, 0x44, 0x44, 0x44, 0x41,
    0x0, 0x0, 0x0, 0x0, 0x1e, 0xff, 0xff, 0xff,
    0xff, 0xff, 0xf4, 0x0, 0x0, 0x0, 0xb, 0xff,
    0xff, 0xff, 0xff, 0xff, 0xff, 0xe1, 0x0, 0x0,
    0x6, 0xff, 0x50, 0x0, 0x0, 0x0, 0x1, 0xff,
    0xa0, 0x0, 0x1, 0xff, 0x90, 0x0, 0x0, 0x0,
    0x0, 0x5, 0xff, 0x50, 0x0, 0xbf, 0xd0, 0x0,
    0x0, 0x0, 0x0, 0x0, 0xa, 0xfe, 0x10, 0x6f,
    0xf3, 0x0, 0x0, 0x0, 0x0, 0x0, 0x0, 0x1e,
    0xfa, 0xe, 0xff, 0xcc, 0xcc, 0x20, 0x0, 0x0,
    0xbc, 0xcc, 0xef, 0xf2, 0xff, 0xff, 0xff, 0xfa,
    0x0, 0x0, 0x6f, 0xff, 0xff, 0xff, 0x4f, 0xff,
    0xff, 0xff, 0xf8, 0x88, 0x8e, 0xff, 0xff, 0xff,
    0xf4, 0xff, 0xff, 0xff, 0xff, 0xff, 0xff, 0xff,
    0xff, 0xff, 0xff, 0x4f, 0xff, 0xff, 0xff, 0xff,
    0xff, 0xff, 0xff, 0xff, 0xff, 0xf4, 0xff, 0xff,
    0xff, 0xff, 0xff, 0xff, 0xff, 0xff, 0xff, 0xff,
    0x37, 0xff, 0xff, 0xff, 0xff, 0xff, 0xff, 0xff,
    0xff, 0xff, 0xa0,

    /* U+F021 "" */
    0x0, 0x0, 0x0, 0x15, 0x66, 0x40, 0x0, 0x5,
    0xcb, 0x0, 0x0, 0x3b, 0xff, 0xff, 0xff, 0x92,
    0x7, 0xff, 0x0, 0x7, 0xff, 0xff, 0xff, 0xff,
    0xff, 0x66, 0xff, 0x0, 0x8f, 0xff, 0xa4, 0x12,
    0x5b, 0xff, 0xfd, 0xff, 0x4, 0xff, 0xe4, 0x0,
    0x0, 0x0, 0x4e, 0xff, 0xff, 0xd, 0xff, 0x30,
    0x0, 0x0, 0x45, 0x46, 0xff, 0xff, 0x4f, 0xf7,
    0x0, 0x0, 0x0, 0xdf, 0xff, 0xff, 0xff, 0x8f,
    0xf1, 0x0, 0x0, 0x0, 0xdf, 0xff, 0xff, 0xff,
    0x2, 0x10, 0x0, 0x0, 0x0, 0x12, 0x22, 0x22,
    0x21, 0x0, 0x0, 0x0, 0x0, 0x0, 0x0, 0x0,
    0x0, 0x0, 0x67, 0x77, 0x77, 0x75, 0x0, 0x0,
    0x0, 0x6, 0x73, 0xff, 0xff, 0xff, 0xfe, 0x0,
    0x0, 0x0, 0x3f, 0xf6, 0xff, 0xff, 0xee, 0xfd,
    0x0, 0x0, 0x0, 0xcf, 0xf1, 0xff, 0xff, 0x70,
    0x0, 0x0, 0x0, 0x9, 0xff, 0xa0, 0xff, 0xff,
    0xfb, 0x20, 0x0, 0x2, 0xbf, 0xfe, 0x10, 0xff,
    0x8d, 0xff, 0xfc, 0xa9, 0xcf, 0xff, 0xe2, 0x0,
    0xff, 0x61, 0x9f, 0xff, 0xff, 0xff, 0xfb, 0x10,
    0x0, 0xff, 0x70, 0x1, 0x7c, 0xee, 0xd9, 0x30,
    0x0, 0x0, 0x56, 0x20, 0x0, 0x0, 0x0, 0x0,
    0x0, 0x0, 0x0,

    /* U+F026 "" */
    0x0, 0x0, 0x0, 0x2, 0x40, 0x0, 0x0, 0x2,
    0xef, 0x0, 0x0, 0x2, 0xef, 0xf0, 0x0, 0x3,
    0xef, 0xff, 0xdf, 0xff, 0xff, 0xff, 0xff, 0xff,
    0xff, 0xff, 0xff, 0xff, 0xff, 0xff, 0xff, 0xff,
    0xff, 0xff, 0xff, 0xff, 0xff, 0xff, 0xff, 0xff,
    0xff, 0xff, 0xff, 0xff, 0xff, 0x7b, 0xbb, 0xdf,
    0xff, 0xf0, 0x0, 0x0, 0xbf, 0xff, 0x0, 0x0,
    0x0, 0xbf, 0xf0, 0x0, 0x0, 0x0, 0xbe, 0x0,
    0x0, 0x0, 0x0, 0x0,

    /* U+F027 "" */
    0x0, 0x0, 0x0, 0x2, 0x40, 0x0, 0x0, 0x0,
    0x0, 0x0, 0x2e, 0xf0, 0x0, 0x0, 0x0, 0x0,
    0x2, 0xef, 0xf0, 0x0, 0x0, 0x0, 0x0, 0x3e,
    0xff, 0xf0, 0x0, 0x0, 0xdf, 0xff, 0xff, 0xff,
    0xf0, 0x7, 0x10, 0xff, 0xff, 0xff, 0xff, 0xf0,
    0x3f, 0xd0, 0xff, 0xff, 0xff, 0xff, 0xf0, 0x8,
    0xf5, 0xff, 0xff, 0xff, 0xff, 0xf0, 0x4, 0xf7,
    0xff, 0xff, 0xff, 0xff, 0xf0, 0xd, 0xf3, 0xff,
    0xff, 0xff, 0xff, 0xf0, 0x3f, 0x70, 0x8b, 0xbb,
    0xdf, 0xff, 0xf0, 0x0, 0x0, 0x0, 0x0, 0xb,
    0xff, 0xf0, 0x0, 0x0, 0x0, 0x0, 0x0, 0xbf,
    0xf0, 0x0, 0x0, 0x0, 0x0, 0x0, 0xb, 0xe0,
    0x0, 0x0, 0x0, 0x0, 0x0, 0x0, 0x0, 0x0,
    0x0,

    /* U+F028 "" */
    0x0, 0x0, 0x0, 0x0, 0x0, 0x0, 0x0, 0x1,
    0x0, 0x0, 0x0, 0x0, 0x0, 0x0, 0x0, 0x0,
    0x0, 0x7, 0xf6, 0x0, 0x0, 0x0, 0x0, 0x0,
    0x2, 0x40, 0x0, 0x0, 0x2d, 0xf8, 0x0, 0x0,
    0x0, 0x0, 0x2, 0xef, 0x0, 0x0, 0x40, 0x1c,
    0xf4, 0x0, 0x0, 0x0, 0x2, 0xef, 0xf0, 0x0,
    0x5f, 0xb0, 0x1e, 0xe1, 0x0, 0x0, 0x3, 0xef,
    0xff, 0x0, 0x0, 0xaf, 0xa0, 0x6f, 0x70, 0xdf,
    0xff, 0xff, 0xff, 0xf0, 0x7, 0x10, 0xbf, 0x30,
    0xfd, 0xf, 0xff, 0xff, 0xff, 0xff, 0x3, 0xfd,
    0x3, 0xf9, 0xa, 0xf0, 0xff, 0xff, 0xff, 0xff,
    0xf0, 0x7, 0xf5, 0xe, 0xc0, 0x8f, 0x2f, 0xff,
    0xff, 0xff, 0xff, 0x0, 0x4f, 0x70, 0xdd, 0x7,
    0xf3, 0xff, 0xff, 0xff, 0xff, 0xf0, 0x1d, 0xf3,
    0xf, 0xb0, 0x9f, 0x2f, 0xff, 0xff, 0xff, 0xff,
    0x3, 0xf7, 0x7, 0xf6, 0xc, 0xf0, 0x7b, 0xbb,
    0xdf, 0xff, 0xf0, 0x0, 0x3, 0xfe, 0x12, 0xfa,
    0x0, 0x0, 0x0, 0xbf, 0xff, 0x0, 0x3, 0xff,
    0x40, 0xaf, 0x30, 0x0, 0x0, 0x0, 0xbf, 0xf0,
    0x0, 0x3c, 0x30, 0x6f, 0xa0, 0x0, 0x0, 0x0,
    0x0, 0xbe, 0x0, 0x0, 0x0, 0x6f, 0xe1, 0x0,
    0x0, 0x0, 0x0, 0x0, 0x0, 0x0, 0x0, 0x6f,
    0xd2, 0x0, 0x0, 0x0, 0x0, 0x0, 0x0, 0x0,
    0x0, 0x3, 0x90, 0x0, 0x0,

    /* U+F03E "" */
    0x3a, 0xbb, 0xbb, 0xbb, 0xbb, 0xbb, 0xbb, 0xbb,
    0xa3, 0xef, 0xff, 0xff, 0xff, 0xff, 0xff, 0xff,
    0xff, 0xfe, 0xff, 0xd5, 0x6e, 0xff, 0xff, 0xff,
    0xff, 0xff, 0xff, 0xff, 0x20, 0x4, 0xff, 0xff,
    0xff, 0xff, 0xff, 0xff, 0xff, 0x0, 0x2, 0xff,
    0xff, 0xff, 0xbf, 0xff, 0xff, 0xff, 0x50, 0x7,
    0xff, 0xff, 0xf5, 0x8, 0xff, 0xff, 0xff, 0xfb,
    0xbf, 0xff, 0xff, 0x50, 0x0, 0x8f, 0xff, 0xff,
    0xff, 0xcb, 0xff, 0xf5, 0x0, 0x0, 0x9, 0xff,
    0xff, 0xfc, 0x0, 0xaf, 0x50, 0x0, 0x0, 0x4,
    0xff, 0xff, 0xc0, 0x0, 0x3, 0x0, 0x0, 0x0,
    0x4, 0xff, 0xff, 0x40, 0x0, 0x0, 0x0, 0x0,
    0x0, 0x4, 0xff, 0xff, 0x74, 0x44, 0x44, 0x44,
    0x44, 0x44, 0x47, 0xff, 0xff, 0xff, 0xff, 0xff,
    0xff, 0xff, 0xff, 0xff, 0xff, 0x6f, 0xff, 0xff,
    0xff, 0xff, 0xff, 0xff, 0xff, 0xf6,

    /* U+F043 "" */
    0x0, 0x0, 0x6, 0x90, 0x0, 0x0, 0x0, 0x0,
    0x1, 0xff, 0x40, 0x0, 0x0, 0x0, 0x0, 0x6f,
    0xfa, 0x0, 0x0, 0x0, 0x0, 0xd, 0xff, 0xf2,
    0x0, 0x0, 0x0, 0x5, 0xff, 0xff, 0x90, 0x0,
    0x0, 0x0, 0xef, 0xff, 0xff, 0x30, 0x0, 0x0,
    0x9f, 0xff, 0xff, 0xfd, 0x0, 0x0, 0x5f, 0xff,
    0xff, 0xff, 0xf9, 0x0, 0xe, 0xff, 0xff, 0xff,
    0xff, 0xf3, 0x7, 0xff, 0xff, 0xff, 0xff, 0xff,
    0xa0, 0xcf, 0xff, 0xff, 0xff, 0xff, 0xff, 0xf,
    0xfb, 0xff, 0xff, 0xff, 0xff, 0xf2, 0xff, 0x4a,
    0xff, 0xff, 0xff, 0xff, 0x2c, 0xf8, 0x4f, 0xff,
    0xff, 0xff, 0xf0, 0x7f, 0xf2, 0x5c, 0xff, 0xff,
    0xfb, 0x0, 0xef, 0xe5, 0x8, 0xff, 0xff, 0x30,
    0x2, 0xef, 0xff, 0xff, 0xff, 0x50, 0x0, 0x1,
    0xaf, 0xff, 0xfb, 0x30, 0x0, 0x0, 0x0, 0x3,
    0x31, 0x0, 0x0, 0x0,

    /* U+F048 "" */
    0x6b, 0x90, 0x0, 0x0, 0x3, 0xa2, 0x9f, 0xe0,
    0x0, 0x0, 0x4f, 0xf9, 0x9f, 0xe0, 0x0, 0x5,
    0xff, 0xfa, 0x9f, 0xe0, 0x0, 0x6f, 0xff, 0xfa,
    0x9f, 0xe0, 0x7, 0xff, 0xff, 0xfa, 0x9f, 0xe0,
    0x8f, 0xff, 0xff, 0xfa, 0x9f, 0xe9, 0xff, 0xff,
    0xff, 0xfa, 0x9f, 0xff, 0xff, 0xff, 0xff, 0xfa,
    0x9f, 0xff, 0xff, 0xff, 0xff, 0xfa, 0x9f, 0xfe,
    0xff, 0xff, 0xff, 0xfa, 0x9f, 0xe1, 0xdf, 0xff,
    0xff, 0xfa, 0x9f, 0xe0, 0x1c, 0xff, 0xff, 0xfa,
    0x9f, 0xe0, 0x0, 0xbf, 0xff, 0xfa, 0x9f, 0xe0,
    0x0, 0xa, 0xff, 0xfa, 0x9f, 0xe0, 0x0, 0x0,
    0x9f, 0xfa, 0x9f, 0xe0, 0x0, 0x0, 0x8, 0xf6,
    0x0, 0x0, 0x0, 0x0, 0x0, 0x0,

    /* U+F04B "" */
    0x3a, 0x70, 0x0, 0x0, 0x0, 0x0, 0x0, 0x0,
    0xef, 0xfe, 0x50, 0x0, 0x0, 0x0, 0x0, 0x0,
    0xff, 0xff, 0xfb, 0x20, 0x0, 0x0, 0x0, 0x0,
    0xff, 0xff, 0xff, 0xf8, 0x0, 0x0, 0x0, 0x0,
    0xff, 0xff, 0xff, 0xff, 0xe6, 0x0, 0x0, 0x0,
    0xff, 0xff, 0xff, 0xff, 0xff, 0xc3, 0x0, 0x0,
    0xff, 0xff, 0xff, 0xff, 0xff, 0xff, 0x91, 0x0,
    0xff, 0xff, 0xff, 0xff, 0xff, 0xff, 0xfe, 0x60,
    0xff, 0xff, 0xff, 0xff, 0xff, 0xff, 0xff, 0xf7,
    0xff, 0xff, 0xff, 0xff, 0xff, 0xff, 0xff, 0xfa,
    0xff, 0xff, 0xff, 0xff, 0xff, 0xff, 0xff, 0xe2,
    0xff, 0xff, 0xff, 0xff, 0xff, 0xff, 0xf8, 0x0,
    0xff, 0xff, 0xff, 0xff, 0xff, 0xfb, 0x20, 0x0,
    0xff, 0xff, 0xff, 0xff, 0xfd, 0x40, 0x0, 0x0,
    0xff, 0xff, 0xff, 0xff, 0x70, 0x0, 0x0, 0x0,
    0xff, 0xff, 0xff, 0xa1, 0x0, 0x0, 0x0, 0x0,
    0xff, 0xff, 0xd3, 0x0, 0x0, 0x0, 0x0, 0x0,
    0xaf, 0xe6, 0x0, 0x0, 0x0, 0x0, 0x0, 0x0,
    0x2, 0x0, 0x0, 0x0, 0x0, 0x0, 0x0, 0x0,

    /* U+F04C "" */
    0x3a, 0xbb, 0xb9, 0x10, 0x3, 0xab, 0xbb, 0x91,
    0xef, 0xff, 0xff, 0xa0, 0xe, 0xff, 0xff, 0xfa,
    0xff, 0xff, 0xff, 0xc0, 0xf, 0xff, 0xff, 0xfc,
    0xff, 0xff, 0xff, 0xc0, 0xf, 0xff, 0xff, 0xfc,
    0xff, 0xff, 0xff, 0xc0, 0xf, 0xff, 0xff, 0xfc,
    0xff, 0xff, 0xff, 0xc0, 0xf, 0xff, 0xff, 0xfc,
    0xff, 0xff, 0xff, 0xc0, 0xf, 0xff, 0xff, 0xfc,
    0xff, 0xff, 0xff, 0xc0, 0xf, 0xff, 0xff, 0xfc,
    0xff, 0xff, 0xff, 0xc0, 0xf, 0xff, 0xff, 0xfc,
    0xff, 0xff, 0xff, 0xc0, 0xf, 0xff, 0xff, 0xfc,
    0xff, 0xff, 0xff, 0xc0, 0xf, 0xff, 0xff, 0xfc,
    0xff, 0xff, 0xff, 0xc0, 0xf, 0xff, 0xff, 0xfc,
    0xff, 0xff, 0xff, 0xc0, 0xf, 0xff, 0xff, 0xfc,
    0xff, 0xff, 0xff, 0xc0, 0xf, 0xff, 0xff, 0xfc,
    0xff, 0xff, 0xff, 0xb0, 0xf, 0xff, 0xff, 0xfb,
    0x7f, 0xff, 0xfe, 0x40, 0x7, 0xff, 0xff, 0xe4,
    0x0, 0x0, 0x0, 0x0, 0x0, 0x0, 0x0, 0x0,

    /* U+F04D "" */
    0x3a, 0xbb, 0xbb, 0xbb, 0xbb, 0xbb, 0xbb, 0x91,
    0xef, 0xff, 0xff, 0xff, 0xff, 0xff, 0xff, 0xfa,
    0xff, 0xff, 0xff, 0xff, 0xff, 0xff, 0xff, 0xfc,
    0xff, 0xff, 0xff, 0xff, 0xff, 0xff, 0xff, 0xfc,
    0xff, 0xff, 0xff, 0xff, 0xff, 0xff, 0xff, 0xfc,
    0xff, 0xff, 0xff, 0xff, 0xff, 0xff, 0xff, 0xfc,
    0xff, 0xff, 0xff, 0xff, 0xff, 0xff, 0xff, 0xfc,
    0xff, 0xff, 0xff, 0xff, 0xff, 0xff, 0xff, 0xfc,
    0xff, 0xff, 0xff, 0xff, 0xff, 0xff, 0xff, 0xfc,
    0xff, 0xff, 0xff, 0xff, 0xff, 0xff, 0xff, 0xfc,
    0xff, 0xff, 0xff, 0xff, 0xff, 0xff, 0xff, 0xfc,
    0xff, 0xff, 0xff, 0xff, 0xff, 0xff, 0xff, 0xfc,
    0xff, 0xff, 0xff, 0xff, 0xff, 0xff, 0xff, 0xfc,
    0xff, 0xff, 0xff, 0xff, 0xff, 0xff, 0xff, 0xfc,
    0xff, 0xff, 0xff, 0xff, 0xff, 0xff, 0xff, 0xfb,
    0x7f, 0xff, 0xff, 0xff, 0xff, 0xff, 0xff, 0xe4,
    0x0, 0x0, 0x0, 0x0, 0x0, 0x0, 0x0, 0x0,

    /* U+F051 "" */
    0x4a, 0x20, 0x0, 0x0, 0xa, 0xb4, 0xbf, 0xe3,
    0x0, 0x0, 0xf, 0xf8, 0xcf, 0xff, 0x40, 0x0,
    0xf, 0xf8, 0xcf, 0xff, 0xf5, 0x0, 0xf, 0xf8,
    0xcf, 0xff, 0xff, 0x60, 0xf, 0xf8, 0xcf, 0xff,
    0xff, 0xf7, 0xf, 0xf8, 0xcf, 0xff, 0xff, 0xff,
    0x9f, 0xf8, 0xcf, 0xff, 0xff, 0xff, 0xff, 0xf8,
    0xcf, 0xff, 0xff, 0xff, 0xff, 0xf8, 0xcf, 0xff,
    0xff, 0xff, 0xdf, 0xf8, 0xcf, 0xff, 0xff, 0xfc,
    0x1f, 0xf8, 0xcf, 0xff, 0xff, 0xb0, 0xf, 0xf8,
    0xcf, 0xff, 0xfa, 0x0, 0xf, 0xf8, 0xcf, 0xff,
    0x80, 0x0, 0xf, 0xf8, 0xbf, 0xf7, 0x0, 0x0,
    0xf, 0xf8, 0x7f, 0x60, 0x0, 0x0, 0xf, 0xf7,
    0x0, 0x0, 0x0, 0x0, 0x0, 0x0,

    /* U+F052 "" */
    0x0, 0x0, 0x0, 0x2, 0xca, 0x10, 0x0, 0x0,
    0x0, 0x0, 0x0, 0x0, 0x2e, 0xff, 0xc0, 0x0,
    0x0, 0x0, 0x0, 0x0, 0x1, 0xef, 0xff, 0xfb,
    0x0, 0x0, 0x0, 0x0, 0x0, 0x1d, 0xff, 0xff,
    0xff, 0xa0, 0x0, 0x0, 0x0, 0x0, 0xcf, 0xff,
    0xff, 0xff, 0xf9, 0x0, 0x0, 0x0, 0xb, 0xff,
    0xff, 0xff, 0xff, 0xff, 0x70, 0x0, 0x0, 0xaf,
    0xff, 0xff, 0xff, 0xff, 0xff, 0xf6, 0x0, 0x8,
    0xff, 0xff, 0xff, 0xff, 0xff, 0xff, 0xff, 0x40,
    0xf, 0xff, 0xff, 0xff, 0xff, 0xff, 0xff, 0xff,
    0xb0, 0xa, 0xff, 0xff, 0xff, 0xff, 0xff, 0xff,
    0xff, 0x60, 0x0, 0x34, 0x44, 0x44, 0x44, 0x44,
    0x44, 0x42, 0x0, 0x3, 0x77, 0x77, 0x77, 0x77,
    0x77, 0x77, 0x77, 0x10, 0xf, 0xff, 0xff, 0xff,
    0xff, 0xff, 0xff, 0xff, 0xb0, 0xf, 0xff, 0xff,
    0xff, 0xff, 0xff, 0xff, 0xff, 0xc0, 0xf, 0xff,
    0xff, 0xff, 0xff, 0xff, 0xff, 0xff, 0xb0, 0xc,
    0xff, 0xff, 0xff, 0xff, 0xff, 0xff, 0xff, 0x70,
    0x0, 0x0, 0x0, 0x0, 0x0, 0x0, 0x0, 0x0,
    0x0,

    /* U+F053 "" */
    0x0, 0x0, 0x0, 0x0, 0x41, 0x0, 0x0, 0x0,
    0x0, 0x9f, 0xd0, 0x0, 0x0, 0x0, 0x9f, 0xff,
    0x20, 0x0, 0x0, 0x9f, 0xff, 0x50, 0x0, 0x0,
    0x9f, 0xff, 0x50, 0x0, 0x0, 0x9f, 0xff, 0x50,
    0x0, 0x0, 0x9f, 0xff, 0x50, 0x0, 0x0, 0x9f,
    0xff, 0x50, 0x0, 0x0, 0xe, 0xff, 0xd1, 0x0,
    0x0, 0x0, 0x3e, 0xff, 0xc1, 0x0, 0x0, 0x0,
    0x3e, 0xff, 0xc1, 0x0, 0x0, 0x0, 0x3e, 0xff,
    0xc1, 0x0, 0x0, 0x0, 0x3e, 0xff, 0xc1, 0x0,
    0x0, 0x0, 0x3e, 0xff, 0xc0, 0x0, 0x0, 0x0,
    0x3e, 0xff, 0x20, 0x0, 0x0, 0x0, 0x3c, 0x60,

    /* U+F054 "" */
    0x0, 0x50, 0x0, 0x0, 0x0, 0x0, 0x9f, 0xc1,
    0x0, 0x0, 0x0, 0xe, 0xff, 0xc1, 0x0, 0x0,
    0x0, 0x2e, 0xff, 0xc1, 0x0, 0x0, 0x0, 0x2e,
    0xff, 0xc1, 0x0, 0x0, 0x0, 0x2e, 0xff, 0xc1,
    0x0, 0x0, 0x0, 0x2e, 0xff, 0xc1, 0x0, 0x0,
    0x0, 0x2e, 0xff, 0xc0, 0x0, 0x0, 0x0, 0xaf,
    0xff, 0x20, 0x0, 0x0, 0x9f, 0xff, 0x50, 0x0,
    0x0, 0x9f, 0xff, 0x50, 0x0, 0x0, 0x9f, 0xff,
    0x50, 0x0, 0x0, 0x9f, 0xff, 0x50, 0x0, 0x0,
    0x9f, 0xff, 0x60, 0x0, 0x0, 0xe, 0xff, 0x60,
    0x0, 0x0, 0x0, 0x3d, 0x50, 0x0, 0x0, 0x0,

    /* U+F067 "" */
    0x0, 0x0, 0x0, 0x39, 0x91, 0x0, 0x0, 0x0,
    0x0, 0x0, 0x0, 0xcf, 0xf8, 0x0, 0x0, 0x0,
    0x0, 0x0, 0x0, 0xdf, 0xf9, 0x0, 0x0, 0x0,
    0x0, 0x0, 0x0, 0xdf, 0xf9, 0x0, 0x0, 0x0,
    0x0, 0x0, 0x0, 0xdf, 0xf9, 0x0, 0x0, 0x0,
    0x0, 0x0, 0x0, 0xdf, 0xf9, 0x0, 0x0, 0x0,
    0x36, 0x77, 0x77, 0xef, 0xfc, 0x77, 0x77, 0x61,
    0xef, 0xff, 0xff, 0xff, 0xff, 0xff, 0xff, 0xfa,
    0xff, 0xff, 0xff, 0xff, 0xff, 0xff, 0xff, 0xfb,
    0xae, 0xff, 0xff, 0xff, 0xff, 0xff, 0xff, 0xe6,
    0x0, 0x0, 0x0, 0xdf, 0xf9, 0x0, 0x0, 0x0,
    0x0, 0x0, 0x0, 0xdf, 0xf9, 0x0, 0x0, 0x0,
    0x0, 0x0, 0x0, 0xdf, 0xf9, 0x0, 0x0, 0x0,
    0x0, 0x0, 0x0, 0xdf, 0xf9, 0x0, 0x0, 0x0,
    0x0, 0x0, 0x0, 0xdf, 0xf9, 0x0, 0x0, 0x0,
    0x0, 0x0, 0x0, 0x9f, 0xf5, 0x0, 0x0, 0x0,
    0x0, 0x0, 0x0, 0x1, 0x10, 0x0, 0x0, 0x0,

    /* U+F068 "" */
    0x36, 0x66, 0x66, 0x66, 0x66, 0x66, 0x66, 0x61,
    0xef, 0xff, 0xff, 0xff, 0xff, 0xff, 0xff, 0xfa,
    0xff, 0xff, 0xff, 0xff, 0xff, 0xff, 0xff, 0xfb,
    0xaf, 0xff, 0xff, 0xff, 0xff, 0xff, 0xff, 0xf6,

    /* U+F06E "" */
    0x0, 0x0, 0x0, 0x3, 0x68, 0x87, 0x40, 0x0,
    0x0, 0x0, 0x0, 0x0, 0x0, 0x8e, 0xff, 0xff,
    0xff, 0xf9, 0x20, 0x0, 0x0, 0x0, 0x4, 0xef,
    0xfd, 0x63, 0x25, 0xbf, 0xff, 0x70, 0x0, 0x0,
    0x7, 0xff, 0xfa, 0x0, 0x0, 0x0, 0x7f, 0xff,
    0xa0, 0x0, 0x6, 0xff, 0xfd, 0x0, 0x8, 0xfc,
    0x20, 0x9f, 0xff, 0xa0, 0x2, 0xff, 0xff, 0x50,
    0x0, 0x8f, 0xfe, 0x12, 0xff, 0xff, 0x60, 0xcf,
    0xff, 0xf2, 0x16, 0x7f, 0xff, 0xf5, 0xe, 0xff,
    0xfe, 0x1e, 0xff, 0xff, 0x12, 0xff, 0xff, 0xff,
    0x70, 0xdf, 0xff, 0xf2, 0x6f, 0xff, 0xf3, 0xe,
    0xff, 0xff, 0xf3, 0xf, 0xff, 0xfb, 0x0, 0xbf,
    0xff, 0x90, 0x4f, 0xff, 0xf8, 0x5, 0xff, 0xfe,
    0x10, 0x1, 0xdf, 0xff, 0x40, 0x28, 0x84, 0x1,
    0xef, 0xff, 0x30, 0x0, 0x1, 0xbf, 0xff, 0x60,
    0x0, 0x4, 0xef, 0xfd, 0x30, 0x0, 0x0, 0x0,
    0x6e, 0xff, 0xfb, 0xbe, 0xff, 0xf9, 0x0, 0x0,
    0x0, 0x0, 0x0, 0x5, 0xad, 0xff, 0xeb, 0x71,
    0x0, 0x0, 0x0,

    /* U+F070 "" */
    0x4a, 0x10, 0x0, 0x0, 0x0, 0x0, 0x0, 0x0,
    0x0, 0x0, 0x0, 0xe, 0xfe, 0x30, 0x0, 0x0,
    0x0, 0x0, 0x0, 0x0, 0x0, 0x0, 0x0, 0x5f,
    0xff, 0x60, 0x0, 0x15, 0x78, 0x74, 0x0, 0x0,
    0x0, 0x0, 0x0, 0x2d, 0xff, 0xa6, 0xdf, 0xff,
    0xff, 0xff, 0xa2, 0x0, 0x0, 0x0, 0x0, 0xa,
    0xff, 0xff, 0xe8, 0x32, 0x5b, 0xff, 0xf8, 0x0,
    0x0, 0x0, 0x0, 0x6, 0xff, 0xf6, 0x0, 0x10,
    0x6, 0xff, 0xfb, 0x0, 0x0, 0x0, 0x0, 0x3,
    0xef, 0xf8, 0x7f, 0xd3, 0x9, 0xff, 0xfb, 0x0,
    0x0, 0x1e, 0x70, 0x1, 0xbf, 0xfe, 0xff, 0xf2,
    0x1f, 0xff, 0xf7, 0x0, 0x9, 0xff, 0xa0, 0x0,
    0x8f, 0xff, 0xff, 0x70, 0xdf, 0xff, 0xf1, 0x0,
    0xcf, 0xff, 0xd1, 0x0, 0x5f, 0xff, 0xf9, 0xc,
    0xff, 0xff, 0x30, 0x5, 0xff, 0xff, 0x60, 0x0,
    0x2d, 0xff, 0xb0, 0xef, 0xff, 0xb0, 0x0, 0xa,
    0xff, 0xfc, 0x0, 0x0, 0xa, 0xff, 0xef, 0xff,
    0xe1, 0x0, 0x0, 0xc, 0xff, 0xf6, 0x0, 0x0,
    0x6, 0xff, 0xff, 0xf3, 0x0, 0x0, 0x0, 0xa,
    0xff, 0xf8, 0x10, 0x0, 0x3, 0xef, 0xfa, 0x0,
    0x0, 0x0, 0x0, 0x5, 0xef, 0xff, 0xcb, 0x80,
    0x1, 0xbf, 0xfb, 0x10, 0x0, 0x0, 0x0, 0x0,
    0x5a, 0xdf, 0xfe, 0x70, 0x0, 0x8f, 0xfe, 0x30,
    0x0, 0x0, 0x0, 0x0, 0x0, 0x0, 0x0, 0x0,
    0x0, 0x5f, 0xff, 0x30, 0x0, 0x0, 0x0, 0x0,
    0x0, 0x0, 0x0, 0x0, 0x0, 0x2d, 0xe1, 0x0,
    0x0, 0x0, 0x0, 0x0, 0x0, 0x0, 0x0, 0x0,
    0x0, 0x1, 0x0,

    /* U+F071 "" */
    0x0, 0x0, 0x0, 0x0, 0x1, 0xcd, 0x40, 0x0,
    0x0, 0x0, 0x0, 0x0, 0x0, 0x0, 0x0, 0xa,
    0xff, 0xe0, 0x0, 0x0, 0x0, 0x0, 0x0, 0x0,
    0x0, 0x0, 0x4f, 0xff, 0xf8, 0x0, 0x0, 0x0,
    0x0, 0x0, 0x0, 0x0, 0x0, 0xdf, 0xff, 0xff,
    0x10, 0x0, 0x0, 0x0, 0x0, 0x0, 0x0, 0x6,
    0xff, 0xff, 0xff, 0xa0, 0x0, 0x0, 0x0, 0x0,
    0x0, 0x0, 0xe, 0xff, 0xff, 0xff, 0xf3, 0x0,
    0x0, 0x0, 0x0, 0x0, 0x0, 0x8f, 0xfb, 0x33,
    0x8f, 0xfc, 0x0, 0x0, 0x0, 0x0, 0x0, 0x2,
    0xff, 0xf9, 0x0, 0x6f, 0xff, 0x60, 0x0, 0x0,
    0x0, 0x0, 0xa, 0xff, 0xfa, 0x0, 0x6f, 0xff,
    0xe0, 0x0, 0x0, 0x0, 0x0, 0x4f, 0xff, 0xfb,
    0x0, 0x7f, 0xff, 0xf8, 0x0, 0x0, 0x0, 0x0,
    0xdf, 0xff, 0xfc, 0x0, 0x8f, 0xff, 0xff, 0x10,
    0x0, 0x0, 0x6, 0xff, 0xff, 0xfd, 0x0, 0x9f,
    0xff, 0xff, 0xa0, 0x0, 0x0, 0xe, 0xff, 0xff,
    0xff, 0xcb, 0xff, 0xff, 0xff, 0xf3, 0x0, 0x0,
    0x8f, 0xff, 0xff, 0xfc, 0x0, 0x8f, 0xff, 0xff,
    0xfc, 0x0, 0x2, 0xff, 0xff, 0xff, 0xf9, 0x0,
    0x4f, 0xff, 0xff, 0xff, 0x60, 0xa, 0xff, 0xff,
    0xff, 0xfe, 0x42, 0xcf, 0xff, 0xff, 0xff, 0xe0,
    0xf, 0xff, 0xff, 0xff, 0xff, 0xff, 0xff, 0xff,
    0xff, 0xff, 0xf3, 0x9, 0xff, 0xff, 0xff, 0xff,
    0xff, 0xff, 0xff, 0xff, 0xff, 0xd0, 0x0, 0x23,
    0x33, 0x33, 0x33, 0x33, 0x33, 0x33, 0x33, 0x33,
    0x0,

    /* U+F074 "" */
    0x0, 0x0, 0x0, 0x0, 0x0, 0x0, 0x1, 0x40,
    0x0, 0x0, 0x0, 0x0, 0x0, 0x0, 0x0, 0x7,
    0xf9, 0x0, 0x12, 0x22, 0x10, 0x0, 0x0, 0x1,
    0x29, 0xff, 0x90, 0xff, 0xff, 0xe2, 0x0, 0x0,
    0x6f, 0xff, 0xff, 0xf8, 0xff, 0xff, 0xfe, 0x20,
    0x5, 0xff, 0xff, 0xff, 0xfd, 0x9a, 0xad, 0xff,
    0xd0, 0x5f, 0xff, 0xbd, 0xff, 0xe2, 0x0, 0x0,
    0xcf, 0x44, 0xff, 0xf9, 0x8, 0xfe, 0x20, 0x0,
    0x0, 0x4, 0x4f, 0xff, 0x90, 0x4, 0xd2, 0x0,
    0x0, 0x0, 0x3, 0xff, 0xfa, 0x0, 0x0, 0x10,
    0x0, 0x0, 0x0, 0x3f, 0xff, 0xa1, 0x91, 0x6,
    0xf6, 0x0, 0x0, 0x2, 0xef, 0xfb, 0xc, 0xfc,
    0x8, 0xff, 0x60, 0xef, 0xff, 0xff, 0xb0, 0x1d,
    0xff, 0xff, 0xff, 0xf6, 0xff, 0xff, 0xfc, 0x0,
    0x2, 0xef, 0xff, 0xff, 0xfe, 0xdd, 0xdd, 0xb0,
    0x0, 0x0, 0x2d, 0xde, 0xff, 0xf5, 0x0, 0x0,
    0x0, 0x0, 0x0, 0x0, 0x8, 0xff, 0x50, 0x0,
    0x0, 0x0, 0x0, 0x0, 0x0, 0x6, 0xf5, 0x0,
    0x0, 0x0, 0x0, 0x0, 0x0, 0x0, 0x0, 0x0,
    0x0,

    /* U+F077 "" */
    0x0, 0x0, 0x0, 0x4, 0x20, 0x0, 0x0, 0x0,
    0x0, 0x0, 0x0, 0x5f, 0xe2, 0x0, 0x0, 0x0,
    0x0, 0x0, 0x5, 0xff, 0xfe, 0x20, 0x0, 0x0,
    0x0, 0x0, 0x6f, 0xff, 0xff, 0xe3, 0x0, 0x0,
    0x0, 0x6, 0xff, 0xfa, 0xcf, 0xfe, 0x30, 0x0,
    0x0, 0x6f, 0xff, 0x90, 0xc, 0xff, 0xe3, 0x0,
    0x6, 0xff, 0xf9, 0x0, 0x0, 0xcf, 0xfe, 0x30,
    0x5f, 0xff, 0x90, 0x0, 0x0, 0xc, 0xff, 0xe2,
    0xaf, 0xf9, 0x0, 0x0, 0x0, 0x0, 0xcf, 0xf6,
    0x1b, 0x80, 0x0, 0x0, 0x0, 0x0, 0xb, 0x90,

    /* U+F078 "" */
    0x3, 0x20, 0x0, 0x0, 0x0, 0x0, 0x3, 0x20,
    0x6f, 0xe2, 0x0, 0x0, 0x0, 0x0, 0x5f, 0xf2,
    0xaf, 0xfe, 0x20, 0x0, 0x0, 0x5, 0xff, 0xf6,
    0x1c, 0xff, 0xe3, 0x0, 0x0, 0x5f, 0xff, 0x90,
    0x1, 0xcf, 0xfe, 0x30, 0x5, 0xff, 0xf9, 0x0,
    0x0, 0x1c, 0xff, 0xe3, 0x5f, 0xff, 0x90, 0x0,
    0x0, 0x1, 0xcf, 0xff, 0xff, 0xf9, 0x0, 0x0,
    0x0, 0x0, 0x1c, 0xff, 0xff, 0x90, 0x0, 0x0,
    0x0, 0x0, 0x1, 0xcf, 0xf9, 0x0, 0x0, 0x0,
    0x0, 0x0, 0x0, 0x1b, 0x90, 0x0, 0x0, 0x0,

    /* U+F079 "" */
    0x0, 0x0, 0x26, 0x0, 0x0, 0x0, 0x0, 0x0,
    0x0, 0x0, 0x0, 0x0, 0x0, 0x2, 0xef, 0xa0,
    0x0, 0x44, 0x44, 0x44, 0x44, 0x42, 0x0, 0x0,
    0x0, 0x3e, 0xff, 0xfa, 0x4, 0xff, 0xff, 0xff,
    0xff, 0xfd, 0x0, 0x0, 0x3, 0xef, 0xff, 0xff,
    0xa0, 0xaf, 0xff, 0xff, 0xff, 0xfe, 0x0, 0x0,
    0xe, 0xfd, 0xef, 0xcf, 0xf8, 0x0, 0x0, 0x0,
    0x5, 0xfe, 0x0, 0x0, 0xb, 0xe2, 0xdf, 0x67,
    0xf5, 0x0, 0x0, 0x0, 0x5, 0xfe, 0x0, 0x0,
    0x0, 0x0, 0xdf, 0x60, 0x0, 0x0, 0x0, 0x0,
    0x5, 0xfe, 0x0, 0x0, 0x0, 0x0, 0xdf, 0x60,
    0x0, 0x0, 0x0, 0x0, 0x5, 0xfe, 0x0, 0x0,
    0x0, 0x0, 0xdf, 0x60, 0x0, 0x0, 0x0, 0x4,
    0x15, 0xfe, 0x3, 0x20, 0x0, 0x0, 0xdf, 0x60,
    0x0, 0x0, 0x0, 0x6f, 0xd6, 0xfe, 0x4f, 0xf1,
    0x0, 0x0, 0xdf, 0x94, 0x44, 0x44, 0x41, 0x3f,
    0xff, 0xff, 0xff, 0xc0, 0x0, 0x0, 0xdf, 0xff,
    0xff, 0xff, 0xff, 0x24, 0xff, 0xff, 0xfc, 0x10,
    0x0, 0x0, 0x9f, 0xff, 0xff, 0xff, 0xfe, 0x30,
    0x4f, 0xff, 0xc0, 0x0, 0x0, 0x0, 0x0, 0x0,
    0x0, 0x0, 0x0, 0x0, 0x4, 0xfc, 0x0, 0x0,
    0x0, 0x0, 0x0, 0x0, 0x0, 0x0, 0x0, 0x0,
    0x0, 0x10, 0x0, 0x0,

    /* U+F07B "" */
    0x17, 0x88, 0x88, 0x84, 0x0, 0x0, 0x0, 0x0,
    0x0, 0xcf, 0xff, 0xff, 0xff, 0x50, 0x0, 0x0,
    0x0, 0x0, 0xff, 0xff, 0xff, 0xff, 0xf6, 0x44,
    0x44, 0x44, 0x30, 0xff, 0xff, 0xff, 0xff, 0xff,
    0xff, 0xff, 0xff, 0xfa, 0xff, 0xff, 0xff, 0xff,
    0xff, 0xff, 0xff, 0xff, 0xff, 0xff, 0xff, 0xff,
    0xff, 0xff, 0xff, 0xff, 0xff, 0xff, 0xff, 0xff,
    0xff, 0xff, 0xff, 0xff, 0xff, 0xff, 0xff, 0xff,
    0xff, 0xff, 0xff, 0xff, 0xff, 0xff, 0xff, 0xff,
    0xff, 0xff, 0xff, 0xff, 0xff, 0xff, 0xff, 0xff,
    0xff, 0xff, 0xff, 0xff, 0xff, 0xff, 0xff, 0xff,
    0xff, 0xff, 0xff, 0xff, 0xff, 0xff, 0xff, 0xff,
    0xff, 0xff, 0xff, 0xff, 0xff, 0xff, 0xff, 0xff,
    0xff, 0xff, 0xff, 0xff, 0xff, 0xff, 0xff, 0xff,
    0xff, 0xff, 0xff, 0xff, 0xff, 0x7f, 0xff, 0xff,
    0xff, 0xff, 0xff, 0xff, 0xff, 0xf6,

    /* U+F093 "" */
    0x0, 0x0, 0x0, 0x0, 0x47, 0x0, 0x0, 0x0,
    0x0, 0x0, 0x0, 0x0, 0x4, 0xff, 0x90, 0x0,
    0x0, 0x0, 0x0, 0x0, 0x0, 0x4f, 0xff, 0xf9,
    0x0, 0x0, 0x0, 0x0, 0x0, 0x4, 0xff, 0xff,
    0xff, 0x90, 0x0, 0x0, 0x0, 0x0, 0x4f, 0xff,
    0xff, 0xff, 0xf9, 0x0, 0x0, 0x0, 0x4, 0xff,
    0xff, 0xff, 0xff, 0xff, 0x90, 0x0, 0x0, 0xc,
    0xff, 0xff, 0xff, 0xff, 0xff, 0xf1, 0x0, 0x0,
    0x0, 0x11, 0x2f, 0xff, 0xf7, 0x11, 0x10, 0x0,
    0x0, 0x0, 0x0, 0x1f, 0xff, 0xf6, 0x0, 0x0,
    0x0, 0x0, 0x0, 0x0, 0x1f, 0xff, 0xf6, 0x0,
    0x0, 0x0, 0x0, 0x0, 0x0, 0x1f, 0xff, 0xf6,
    0x0, 0x0, 0x0, 0x0, 0x0, 0x0, 0x1f, 0xff,
    0xf6, 0x0, 0x0, 0x0, 0x24, 0x44, 0x42, 0x1f,
    0xff, 0xf6, 0x24, 0x44, 0x42, 0xff, 0xff, 0xfc,
    0x8, 0xbb, 0xa2, 0xcf, 0xff, 0xff, 0xff, 0xff,
    0xff, 0xa5, 0x55, 0x5a, 0xff, 0xff, 0xff, 0xff,
    0xff, 0xff, 0xff, 0xff, 0xff, 0xff, 0xff, 0xff,
    0xff, 0xff, 0xff, 0xff, 0xff, 0xff, 0x66, 0xc4,
    0xff, 0xdf, 0xff, 0xff, 0xff, 0xff, 0xff, 0xff,
    0xff, 0xfd, 0x0, 0x0, 0x0, 0x0, 0x0, 0x0,
    0x0, 0x0, 0x0,

    /* U+F095 "" */
    0x0, 0x0, 0x0, 0x0, 0x0, 0x0, 0x2, 0xb8,
    0x41, 0x0, 0x0, 0x0, 0x0, 0x0, 0x0, 0x0,
    0x9f, 0xff, 0xfb, 0x0, 0x0, 0x0, 0x0, 0x0,
    0x0, 0x1f, 0xff, 0xff, 0xf0, 0x0, 0x0, 0x0,
    0x0, 0x0, 0x7, 0xff, 0xff, 0xfe, 0x0, 0x0,
    0x0, 0x0, 0x0, 0x0, 0xdf, 0xff, 0xff, 0xc0,
    0x0, 0x0, 0x0, 0x0, 0x0, 0xc, 0xff, 0xff,
    0xf9, 0x0, 0x0, 0x0, 0x0, 0x0, 0x0, 0xa,
    0xff, 0xff, 0x50, 0x0, 0x0, 0x0, 0x0, 0x0,
    0x0, 0xc, 0xff, 0xf1, 0x0, 0x0, 0x0, 0x0,
    0x0, 0x0, 0x3, 0xff, 0xfa, 0x0, 0x0, 0x0,
    0x0, 0x0, 0x0, 0x0, 0xdf, 0xff, 0x20, 0x0,
    0x0, 0x0, 0x0, 0x0, 0x0, 0xaf, 0xff, 0x90,
    0x0, 0x0, 0x4, 0xa5, 0x0, 0x0, 0xaf, 0xff,
    0xd0, 0x0, 0x0, 0x7d, 0xff, 0xf4, 0x2, 0xcf,
    0xff, 0xe2, 0x0, 0x0, 0xdf, 0xff, 0xff, 0xe9,
    0xff, 0xff, 0xf3, 0x0, 0x0, 0xd, 0xff, 0xff,
    0xff, 0xff, 0xff, 0xe2, 0x0, 0x0, 0x0, 0x9f,
    0xff, 0xff, 0xff, 0xff, 0xa1, 0x0, 0x0, 0x0,
    0x6, 0xff, 0xff, 0xff, 0xfc, 0x40, 0x0, 0x0,
    0x0, 0x0, 0x2f, 0xff, 0xfd, 0x83, 0x0, 0x0,
    0x0, 0x0, 0x0, 0x0, 0x23, 0x20, 0x0, 0x0,
    0x0, 0x0, 0x0, 0x0, 0x0,

    /* U+F0C4 "" */
    0x0, 0x35, 0x20, 0x0, 0x0, 0x0, 0x0, 0x0,
    0x1c, 0xff, 0xfa, 0x0, 0x0, 0x1, 0x9c, 0xa1,
    0xaf, 0xfe, 0xff, 0x60, 0x0, 0x2e, 0xff, 0xf9,
    0xef, 0x60, 0xaf, 0xb0, 0x3, 0xef, 0xff, 0xb0,
    0xef, 0x92, 0xcf, 0x90, 0x3e, 0xff, 0xfa, 0x0,
    0x7f, 0xff, 0xff, 0xe6, 0xff, 0xff, 0xa0, 0x0,
    0x8, 0xff, 0xff, 0xff, 0xff, 0xfa, 0x0, 0x0,
    0x0, 0x1, 0xcf, 0xff, 0xff, 0xa0, 0x0, 0x0,
    0x0, 0x0, 0x3f, 0xff, 0xff, 0x10, 0x0, 0x0,
    0x0, 0x36, 0xef, 0xff, 0xff, 0xd1, 0x0, 0x0,
    0x1c, 0xff, 0xff, 0xff, 0xff, 0xfd, 0x10, 0x0,
    0xaf, 0xfe, 0xff, 0xc2, 0xdf, 0xff, 0xd1, 0x0,
    0xef, 0x60, 0xaf, 0xa0, 0x1c, 0xff, 0xfd, 0x20,
    0xef, 0x92, 0xcf, 0xa0, 0x0, 0xcf, 0xff, 0xe2,
    0x7f, 0xff, 0xff, 0x40, 0x0, 0xb, 0xff, 0xf9,
    0x8, 0xff, 0xe5, 0x0, 0x0, 0x0, 0x58, 0x50,
    0x0, 0x1, 0x0, 0x0, 0x0, 0x0, 0x0, 0x0,

    /* U+F0C5 "" */
    0x0, 0x0, 0x6f, 0xff, 0xff, 0xf1, 0x68, 0x0,
    0x0, 0x0, 0xaf, 0xff, 0xff, 0xf1, 0x7f, 0x80,
    0x0, 0x0, 0xaf, 0xff, 0xff, 0xf1, 0x7f, 0xf8,
    0x36, 0x62, 0xaf, 0xff, 0xff, 0xf1, 0x36, 0x66,
    0xff, 0xf6, 0xaf, 0xff, 0xff, 0xf6, 0x22, 0x22,
    0xff, 0xf6, 0xaf, 0xff, 0xff, 0xff, 0xff, 0xfe,
    0xff, 0xf6, 0xaf, 0xff, 0xff, 0xff, 0xff, 0xfe,
    0xff, 0xf6, 0xaf, 0xff, 0xff, 0xff, 0xff, 0xfe,
    0xff, 0xf6, 0xaf, 0xff, 0xff, 0xff, 0xff, 0xfe,
    0xff, 0xf6, 0xaf, 0xff, 0xff, 0xff, 0xff, 0xfe,
    0xff, 0xf6, 0xaf, 0xff, 0xff, 0xff, 0xff, 0xfe,
    0xff, 0xf6, 0xaf, 0xff, 0xff, 0xff, 0xff, 0xfe,
    0xff, 0xf6, 0xaf, 0xff, 0xff, 0xff, 0xff, 0xfe,
    0xff, 0xf6, 0xaf, 0xff, 0xff, 0xff, 0xff, 0xfe,
    0xff, 0xf7, 0x6f, 0xff, 0xff, 0xff, 0xff, 0xfa,
    0xff, 0xfe, 0x30, 0x0, 0x0, 0x0, 0x0, 0x0,
    0xff, 0xff, 0xff, 0xff, 0xff, 0xf1, 0x0, 0x0,
    0xef, 0xff, 0xff, 0xff, 0xff, 0xf0, 0x0, 0x0,
    0x14, 0x44, 0x44, 0x44, 0x44, 0x20, 0x0, 0x0,

    /* U+F0C7 "" */
    0x5, 0x66, 0x66, 0x66, 0x66, 0x64, 0x0, 0x0,
    0xcf, 0xff, 0xff, 0xff, 0xff, 0xff, 0x90, 0x0,
    0xff, 0xed, 0xdd, 0xdd, 0xdd, 0xef, 0xf9, 0x0,
    0xff, 0x40, 0x0, 0x0, 0x0, 0xf, 0xff, 0x90,
    0xff, 0x40, 0x0, 0x0, 0x0, 0xe, 0xff, 0xf6,
    0xff, 0x40, 0x0, 0x0, 0x0, 0xe, 0xff, 0xf9,
    0xff, 0x40, 0x0, 0x0, 0x0, 0xf, 0xff, 0xf9,
    0xff, 0xff, 0xff, 0xff, 0xff, 0xff, 0xff, 0xf9,
    0xff, 0xff, 0xff, 0xff, 0xff, 0xff, 0xff, 0xf9,
    0xff, 0xff, 0xff, 0xc5, 0x7f, 0xff, 0xff, 0xf9,
    0xff, 0xff, 0xfe, 0x0, 0x5, 0xff, 0xff, 0xf9,
    0xff, 0xff, 0xfa, 0x0, 0x1, 0xff, 0xff, 0xf9,
    0xff, 0xff, 0xfd, 0x0, 0x4, 0xff, 0xff, 0xf9,
    0xff, 0xff, 0xff, 0x93, 0x4d, 0xff, 0xff, 0xf9,
    0xff, 0xff, 0xff, 0xff, 0xff, 0xff, 0xff, 0xf8,
    0x8f, 0xff, 0xff, 0xff, 0xff, 0xff, 0xff, 0xe3,
    0x1, 0x22, 0x22, 0x22, 0x22, 0x22, 0x21, 0x0,

    /* U+F0C9 "" */
    0x79, 0x99, 0x99, 0x99, 0x99, 0x99, 0x99, 0x95,
    0xff, 0xff, 0xff, 0xff, 0xff, 0xff, 0xff, 0xfc,
    0xdf, 0xff, 0xff, 0xff, 0xff, 0xff, 0xff, 0xfa,
    0x0, 0x0, 0x0, 0x0, 0x0, 0x0, 0x0, 0x0,
    0x0, 0x0, 0x0, 0x0, 0x0, 0x0, 0x0, 0x0,
    0x0, 0x0, 0x0, 0x0, 0x0, 0x0, 0x0, 0x0,
    0xef, 0xff, 0xff, 0xff, 0xff, 0xff, 0xff, 0xfa,
    0xff, 0xff, 0xff, 0xff, 0xff, 0xff, 0xff, 0xfb,
    0x68, 0x88, 0x88, 0x88, 0x88, 0x88, 0x88, 0x84,
    0x0, 0x0, 0x0, 0x0, 0x0, 0x0, 0x0, 0x0,
    0x0, 0x0, 0x0, 0x0, 0x0, 0x0, 0x0, 0x0,
    0x67, 0x77, 0x77, 0x77, 0x77, 0x77, 0x77, 0x74,
    0xff, 0xff, 0xff, 0xff, 0xff, 0xff, 0xff, 0xfb,
    0xef, 0xff, 0xff, 0xff, 0xff, 0xff, 0xff, 0xfa,
    0x0, 0x0, 0x0, 0x0, 0x0, 0x0, 0x0, 0x0,

    /* U+F0E0 "" */
    0x3, 0x44, 0x44, 0x44, 0x44, 0x44, 0x44, 0x44,
    0x30, 0xaf, 0xff, 0xff, 0xff, 0xff, 0xff, 0xff,
    0xff, 0xfa, 0xff, 0xff, 0xff, 0xff, 0xff, 0xff,
    0xff, 0xff, 0xff, 0xcf, 0xff, 0xff, 0xff, 0xff,
    0xff, 0xff, 0xff, 0xfc, 0xa, 0xff, 0xff, 0xff,
    0xff, 0xff, 0xff, 0xff, 0xa0, 0xa1, 0x6f, 0xff,
    0xff, 0xff, 0xff, 0xff, 0xf6, 0x3d, 0xfe, 0x42,
    0xdf, 0xff, 0xff, 0xff, 0xfd, 0x26, 0xff, 0xff,
    0xf9, 0x19, 0xff, 0xff, 0xff, 0x91, 0xbf, 0xff,
    0xff, 0xff, 0xd3, 0x5f, 0xff, 0xe5, 0x4e, 0xff,
    0xff, 0xff, 0xff, 0xff, 0x71, 0x99, 0x17, 0xff,
    0xff, 0xff, 0xff, 0xff, 0xff, 0xfd, 0x77, 0xdf,
    0xff, 0xff, 0xff, 0xff, 0xff, 0xff, 0xff, 0xff,
    0xff, 0xff, 0xff, 0xff, 0xff, 0xff, 0xff, 0xff,
    0xff, 0xff, 0xff, 0xff, 0xff, 0x7f, 0xff, 0xff,
    0xff, 0xff, 0xff, 0xff, 0xff, 0xf6,

    /* U+F0E7 "" */
    0x0, 0xaf, 0xff, 0xff, 0xa0, 0x0, 0x0, 0xf,
    0xff, 0xff, 0xfb, 0x0, 0x0, 0x1, 0xff, 0xff,
    0xff, 0x60, 0x0, 0x0, 0x3f, 0xff, 0xff, 0xf1,
    0x0, 0x0, 0x5, 0xff, 0xff, 0xfb, 0x0, 0x0,
    0x0, 0x8f, 0xff, 0xff, 0xa5, 0x55, 0x40, 0xa,
    0xff, 0xff, 0xff, 0xff, 0xff, 0x30, 0xcf, 0xff,
    0xff, 0xff, 0xff, 0xc0, 0xe, 0xff, 0xff, 0xff,
    0xff, 0xf3, 0x0, 0xef, 0xff, 0xff, 0xff, 0xfa,
    0x0, 0x1, 0x22, 0x23, 0xff, 0xff, 0x10, 0x0,
    0x0, 0x0, 0x4f, 0xff, 0x70, 0x0, 0x0, 0x0,
    0x8, 0xff, 0xe0, 0x0, 0x0, 0x0, 0x0, 0xcf,
    0xf5, 0x0, 0x0, 0x0, 0x0, 0xf, 0xfc, 0x0,
    0x0, 0x0, 0x0, 0x3, 0xff, 0x30, 0x0, 0x0,
    0x0, 0x0, 0x7f, 0x90, 0x0, 0x0, 0x0, 0x0,
    0x7, 0xe1, 0x0, 0x0, 0x0, 0x0, 0x0, 0x0,
    0x0, 0x0, 0x0, 0x0,

    /* U+F0EA "" */
    0x0, 0x0, 0x8d, 0x90, 0x0, 0x0, 0x0, 0x0,
    0x8b, 0xbc, 0xfa, 0xfd, 0xbb, 0x90, 0x0, 0x0,
    0xff, 0xff, 0xd0, 0xcf, 0xff, 0xf1, 0x0, 0x0,
    0xff, 0xff, 0xf8, 0xff, 0xff, 0xf1, 0x0, 0x0,
    0xff, 0xff, 0xff, 0xff, 0xff, 0xf1, 0x0, 0x0,
    0xff, 0xff, 0xf3, 0x0, 0x0, 0x0, 0x0, 0x0,
    0xff, 0xff, 0x95, 0xff, 0xff, 0xf1, 0x79, 0x0,
    0xff, 0xff, 0x88, 0xff, 0xff, 0xf1, 0x7f, 0xb0,
    0xff, 0xff, 0x88, 0xff, 0xff, 0xf1, 0x7f, 0xfa,
    0xff, 0xff, 0x88, 0xff, 0xff, 0xf2, 0x2, 0x21,
    0xff, 0xff, 0x88, 0xff, 0xff, 0xff, 0xdd, 0xdc,
    0xff, 0xff, 0x88, 0xff, 0xff, 0xff, 0xff, 0xfe,
    0xff, 0xff, 0x88, 0xff, 0xff, 0xff, 0xff, 0xfe,
    0xff, 0xff, 0x88, 0xff, 0xff, 0xff, 0xff, 0xfe,
    0x7a, 0xaa, 0x58, 0xff, 0xff, 0xff, 0xff, 0xfe,
    0x0, 0x0, 0x8, 0xff, 0xff, 0xff, 0xff, 0xfe,
    0x0, 0x0, 0x8, 0xff, 0xff, 0xff, 0xff, 0xfe,
    0x0, 0x0, 0x6, 0xff, 0xff, 0xff, 0xff, 0xfc,
    0x0, 0x0, 0x0, 0x0, 0x0, 0x0, 0x0, 0x0,

    /* U+F0F3 "" */
    0x0, 0x0, 0x0, 0x8, 0x60, 0x0, 0x0, 0x0,
    0x0, 0x0, 0x0, 0x3f, 0xf0, 0x0, 0x0, 0x0,
    0x0, 0x0, 0x6, 0xcf, 0xfa, 0x40, 0x0, 0x0,
    0x0, 0x1, 0xcf, 0xff, 0xff, 0xf9, 0x0, 0x0,
    0x0, 0xc, 0xff, 0xff, 0xff, 0xff, 0x80, 0x0,
    0x0, 0x5f, 0xff, 0xff, 0xff, 0xff, 0xf1, 0x0,
    0x0, 0x9f, 0xff, 0xff, 0xff, 0xff, 0xf5, 0x0,
    0x0, 0xbf, 0xff, 0xff, 0xff, 0xff, 0xf7, 0x0,
    0x0, 0xcf, 0xff, 0xff, 0xff, 0xff, 0xf8, 0x0,
    0x0, 0xef, 0xff, 0xff, 0xff, 0xff, 0xfa, 0x0,
    0x2, 0xff, 0xff, 0xff, 0xff, 0xff, 0xfe, 0x0,
    0x8, 0xff, 0xff, 0xff, 0xff, 0xff, 0xff, 0x40,
    0x3f, 0xff, 0xff, 0xff, 0xff, 0xff, 0xff, 0xd1,
    0xef, 0xff, 0xff, 0xff, 0xff, 0xff, 0xff, 0xfa,
    0xaf, 0xff, 0xff, 0xff, 0xff, 0xff, 0xff, 0xf7,
    0x0, 0x0, 0x0, 0x0, 0x0, 0x0, 0x0, 0x0,
    0x0, 0x0, 0x4, 0xff, 0xff, 0x0, 0x0, 0x0,
    0x0, 0x0, 0x0, 0xbf, 0xf7, 0x0, 0x0, 0x0,
    0x0, 0x0, 0x0, 0x2, 0x10, 0x0, 0x0, 0x0,

    /* U+F11C "" */
    0x4, 0x44, 0x44, 0x44, 0x44, 0x44, 0x44, 0x44,
    0x44, 0x41, 0xb, 0xff, 0xff, 0xff, 0xff, 0xff,
    0xff, 0xff, 0xff, 0xff, 0xe0, 0xff, 0xff, 0xff,
    0xff, 0xff, 0xff, 0xff, 0xff, 0xff, 0xff, 0x3f,
    0xf4, 0x4, 0xd0, 0x2f, 0x0, 0xf3, 0x3, 0xf0,
    0xf, 0xf4, 0xff, 0x40, 0x5d, 0x2, 0xf0, 0xf,
    0x40, 0x4f, 0x0, 0xff, 0x4f, 0xff, 0xff, 0xff,
    0xff, 0xff, 0xff, 0xff, 0xff, 0xff, 0xf4, 0xff,
    0xff, 0x22, 0xb7, 0x29, 0xa2, 0x4f, 0x42, 0xcf,
    0xff, 0x4f, 0xff, 0xf0, 0xa, 0x60, 0x79, 0x2,
    0xf2, 0xb, 0xff, 0xf4, 0xff, 0xff, 0xdd, 0xfe,
    0xdf, 0xfd, 0xef, 0xed, 0xff, 0xff, 0x4f, 0xf8,
    0x48, 0xe4, 0x44, 0x44, 0x44, 0x47, 0xf4, 0x5f,
    0xf4, 0xff, 0x40, 0x4d, 0x0, 0x0, 0x0, 0x0,
    0x3e, 0x0, 0xff, 0x4f, 0xf7, 0x48, 0xe4, 0x44,
    0x44, 0x44, 0x47, 0xf4, 0x4f, 0xf4, 0xff, 0xff,
    0xff, 0xff, 0xff, 0xff, 0xff, 0xff, 0xff, 0xff,
    0x37, 0xff, 0xff, 0xff, 0xff, 0xff, 0xff, 0xff,
    0xff, 0xff, 0xa0,

    /* U+F124 "" */
    0x0, 0x0, 0x0, 0x0, 0x0, 0x0, 0x0, 0x0,
    0x0, 0x0, 0x0, 0x0, 0x0, 0x0, 0x0, 0x0,
    0x0, 0x1, 0x8b, 0x30, 0x0, 0x0, 0x0, 0x0,
    0x0, 0x0, 0x2, 0xaf, 0xff, 0xd0, 0x0, 0x0,
    0x0, 0x0, 0x0, 0x3, 0xbf, 0xff, 0xff, 0xd0,
    0x0, 0x0, 0x0, 0x0, 0x5, 0xcf, 0xff, 0xff,
    0xff, 0x70, 0x0, 0x0, 0x0, 0x6, 0xdf, 0xff,
    0xff, 0xff, 0xfe, 0x0, 0x0, 0x0, 0x17, 0xef,
    0xff, 0xff, 0xff, 0xff, 0xf8, 0x0, 0x0, 0x29,
    0xff, 0xff, 0xff, 0xff, 0xff, 0xff, 0xf1, 0x0,
    0x7, 0xff, 0xff, 0xff, 0xff, 0xff, 0xff, 0xff,
    0x90, 0x0, 0xf, 0xff, 0xff, 0xff, 0xff, 0xff,
    0xff, 0xff, 0x20, 0x0, 0xb, 0xff, 0xff, 0xff,
    0xff, 0xff, 0xff, 0xfb, 0x0, 0x0, 0x0, 0x56,
    0x66, 0x66, 0x7f, 0xff, 0xff, 0xf3, 0x0, 0x0,
    0x0, 0x0, 0x0, 0x0, 0x2f, 0xff, 0xff, 0xc0,
    0x0, 0x0, 0x0, 0x0, 0x0, 0x0, 0x2f, 0xff,
    0xff, 0x50, 0x0, 0x0, 0x0, 0x0, 0x0, 0x0,
    0x2f, 0xff, 0xfd, 0x0, 0x0, 0x0, 0x0, 0x0,
    0x0, 0x0, 0x2f, 0xff, 0xf6, 0x0, 0x0, 0x0,
    0x0, 0x0, 0x0, 0x0, 0x2f, 0xff, 0xe0, 0x0,
    0x0, 0x0, 0x0, 0x0, 0x0, 0x0, 0x1f, 0xff,
    0x70, 0x0, 0x0, 0x0, 0x0, 0x0, 0x0, 0x0,
    0xc, 0xfd, 0x0, 0x0, 0x0, 0x0, 0x0, 0x0,
    0x0, 0x0, 0x0, 0x30, 0x0, 0x0, 0x0, 0x0,

    /* U+F15B "" */
    0x58, 0x88, 0x88, 0x87, 0x6, 0x0, 0x0, 0xff,
    0xff, 0xff, 0xfe, 0xf, 0x90, 0x0, 0xff, 0xff,
    0xff, 0xfe, 0xf, 0xf9, 0x0, 0xff, 0xff, 0xff,
    0xfe, 0xf, 0xff, 0x90, 0xff, 0xff, 0xff, 0xfe,
    0xf, 0xff, 0xf5, 0xff, 0xff, 0xff, 0xff, 0x32,
    0x22, 0x21, 0xff, 0xff, 0xff, 0xff, 0xff, 0xff,
    0xf8, 0xff, 0xff, 0xff, 0xff, 0xff, 0xff, 0xf8,
    0xff, 0xff, 0xff, 0xff, 0xff, 0xff, 0xf8, 0xff,
    0xff, 0xff, 0xff, 0xff, 0xff, 0xf8, 0xff, 0xff,
    0xff, 0xff, 0xff, 0xff, 0xf8, 0xff, 0xff, 0xff,
    0xff, 0xff, 0xff, 0xf8, 0xff, 0xff, 0xff, 0xff,
    0xff, 0xff, 0xf8, 0xff, 0xff, 0xff, 0xff, 0xff,
    0xff, 0xf8, 0xff, 0xff, 0xff, 0xff, 0xff, 0xff,
    0xf8, 0xff, 0xff, 0xff, 0xff, 0xff, 0xff, 0xf8,
    0xff, 0xff, 0xff, 0xff, 0xff, 0xff, 0xf8, 0xef,
    0xff, 0xff, 0xff, 0xff, 0xff, 0xf6, 0x14, 0x44,
    0x44, 0x44, 0x44, 0x44, 0x30,

    /* U+F1EB "" */
    0x0, 0x0, 0x0, 0x0, 0x0, 0x0, 0x0, 0x0,
    0x0, 0x0, 0x0, 0x0, 0x0, 0x0, 0x0, 0x36,
    0x89, 0xa9, 0x74, 0x10, 0x0, 0x0, 0x0, 0x0,
    0x0, 0x29, 0xef, 0xff, 0xff, 0xff, 0xff, 0xc6,
    0x0, 0x0, 0x0, 0x1, 0xaf, 0xff, 0xff, 0xff,
    0xff, 0xff, 0xff, 0xfe, 0x60, 0x0, 0x6, 0xff,
    0xff, 0xfc, 0x75, 0x43, 0x46, 0x9e, 0xff, 0xff,
    0xb1, 0x8, 0xff, 0xfe, 0x71, 0x0, 0x0, 0x0,
    0x0, 0x3, 0xcf, 0xff, 0xe2, 0xcf, 0xfa, 0x10,
    0x0, 0x0, 0x0, 0x0, 0x0, 0x0, 0x4e, 0xff,
    0x40, 0xb6, 0x0, 0x0, 0x59, 0xde, 0xfe, 0xc7,
    0x20, 0x0, 0x1b, 0x50, 0x0, 0x0, 0x5, 0xdf,
    0xff, 0xff, 0xff, 0xff, 0xa1, 0x0, 0x0, 0x0,
    0x0, 0x9, 0xff, 0xff, 0xfe, 0xde, 0xff, 0xff,
    0xe3, 0x0, 0x0, 0x0, 0x0, 0xdf, 0xfc, 0x40,
    0x0, 0x2, 0x8f, 0xff, 0x50, 0x0, 0x0, 0x0,
    0x1, 0xb6, 0x0, 0x0, 0x0, 0x0, 0x1b, 0x60,
    0x0, 0x0, 0x0, 0x0, 0x0, 0x0, 0x0, 0x35,
    0x0, 0x0, 0x0, 0x0, 0x0, 0x0, 0x0, 0x0,
    0x0, 0x0, 0x7f, 0xfe, 0x10, 0x0, 0x0, 0x0,
    0x0, 0x0, 0x0, 0x0, 0x0, 0xe, 0xff, 0xf6,
    0x0, 0x0, 0x0, 0x0, 0x0, 0x0, 0x0, 0x0,
    0x0, 0xdf, 0xff, 0x50, 0x0, 0x0, 0x0, 0x0,
    0x0, 0x0, 0x0, 0x0, 0x4, 0xff, 0xb0, 0x0,
    0x0, 0x0, 0x0, 0x0, 0x0, 0x0, 0x0, 0x0,
    0x0, 0x10, 0x0, 0x0, 0x0, 0x0, 0x0,

    /* U+F240 "" */
    0x4, 0x44, 0x44, 0x44, 0x44, 0x44, 0x44, 0x44,
    0x44, 0x44, 0x10, 0xa, 0xff, 0xff, 0xff, 0xff,
    0xff, 0xff, 0xff, 0xff, 0xff, 0xfe, 0x10, 0xff,
    0xff, 0xff, 0xff, 0xff, 0xff, 0xff, 0xff, 0xff,
    0xff, 0xf5, 0xf, 0xf4, 0x0, 0x0, 0x0, 0x0,
    0x0, 0x0, 0x0, 0x0, 0xff, 0xf3, 0xff, 0x4a,
    0xff, 0xff, 0xff, 0xff, 0xff, 0xff, 0xff, 0xf,
    0xff, 0x5f, 0xf4, 0xaf, 0xff, 0xff, 0xff, 0xff,
    0xff, 0xff, 0xf0, 0x3f, 0xf5, 0xff, 0x4a, 0xff,
    0xff, 0xff, 0xff, 0xff, 0xff, 0xff, 0x0, 0xef,
    0x5f, 0xf4, 0xaf, 0xff, 0xff, 0xff, 0xff, 0xff,
    0xff, 0xf0, 0x8f, 0xf5, 0xff, 0x45, 0x88, 0x88,
    0x88, 0x88, 0x88, 0x88, 0x88, 0xf, 0xff, 0x5f,
    0xf7, 0x44, 0x44, 0x44, 0x44, 0x44, 0x44, 0x44,
    0x45, 0xff, 0xc1, 0xff, 0xff, 0xff, 0xff, 0xff,
    0xff, 0xff, 0xff, 0xff, 0xff, 0xf5, 0x6, 0xef,
    0xff, 0xff, 0xff, 0xff, 0xff, 0xff, 0xff, 0xff,
    0xfb, 0x0,

    /* U+F241 "" */
    0x4, 0x44, 0x44, 0x44, 0x44, 0x44, 0x44, 0x44,
    0x44, 0x44, 0x10, 0xa, 0xff, 0xff, 0xff, 0xff,
    0xff, 0xff, 0xff, 0xff, 0xff, 0xfe, 0x10, 0xff,
    0xff, 0xff, 0xff, 0xff, 0xff, 0xff, 0xff, 0xff,
    0xff, 0xf5, 0xf, 0xf4, 0x0, 0x0, 0x0, 0x0,
    0x0, 0x0, 0x0, 0x0, 0xff, 0xf3, 0xff, 0x4d,
    0xff, 0xff, 0xff, 0xff, 0xff, 0x60, 0x0, 0xf,
    0xff, 0x5f, 0xf4, 0xdf, 0xff, 0xff, 0xff, 0xff,
    0xf6, 0x0, 0x0, 0x3f, 0xf5, 0xff, 0x4d, 0xff,
    0xff, 0xff, 0xff, 0xff, 0x60, 0x0, 0x0, 0xef,
    0x5f, 0xf4, 0xdf, 0xff, 0xff, 0xff, 0xff, 0xf6,
    0x0, 0x0, 0x8f, 0xf5, 0xff, 0x46, 0x88, 0x88,
    0x88, 0x88, 0x88, 0x30, 0x0, 0xf, 0xff, 0x5f,
    0xf7, 0x44, 0x44, 0x44, 0x44, 0x44, 0x44, 0x44,
    0x45, 0xff, 0xc1, 0xff, 0xff, 0xff, 0xff, 0xff,
    0xff, 0xff, 0xff, 0xff, 0xff, 0xf5, 0x6, 0xef,
    0xff, 0xff, 0xff, 0xff, 0xff, 0xff, 0xff, 0xff,
    0xfb, 0x0,

    /* U+F242 "" */
    0x4, 0x44, 0x44, 0x44, 0x44, 0x44, 0x44, 0x44,
    0x44, 0x44, 0x10, 0xa, 0xff, 0xff, 0xff, 0xff,
    0xff, 0xff, 0xff, 0xff, 0xff, 0xfe, 0x10, 0xff,
    0xff, 0xff, 0xff, 0xff, 0xff, 0xff, 0xff, 0xff,
    0xff, 0xf5, 0xf, 0xf4, 0x0, 0x0, 0x0, 0x0,
    0x0, 0x0, 0x0, 0x0, 0xff, 0xf3, 0xff, 0x4c,
    0xff, 0xff, 0xff, 0xf1, 0x0, 0x0, 0x0, 0xf,
    0xff, 0x5f, 0xf4, 0xcf, 0xff, 0xff, 0xff, 0x10,
    0x0, 0x0, 0x0, 0x3f, 0xf5, 0xff, 0x4c, 0xff,
    0xff, 0xff, 0xf1, 0x0, 0x0, 0x0, 0x0, 0xef,
    0x5f, 0xf4, 0xcf, 0xff, 0xff, 0xff, 0x10, 0x0,
    0x0, 0x0, 0x8f, 0xf5, 0xff, 0x46, 0x88, 0x88,
    0x88, 0x80, 0x0, 0x0, 0x0, 0xf, 0xff, 0x5f,
    0xf7, 0x44, 0x44, 0x44, 0x44, 0x44, 0x44, 0x44,
    0x45, 0xff, 0xc1, 0xff, 0xff, 0xff, 0xff, 0xff,
    0xff, 0xff, 0xff, 0xff, 0xff, 0xf5, 0x6, 0xef,
    0xff, 0xff, 0xff, 0xff, 0xff, 0xff, 0xff, 0xff,
    0xfb, 0x0,

    /* U+F243 "" */
    0x4, 0x44, 0x44, 0x44, 0x44, 0x44, 0x44, 0x44,
    0x44, 0x44, 0x10, 0xa, 0xff, 0xff, 0xff, 0xff,
    0xff, 0xff, 0xff, 0xff, 0xff, 0xfe, 0x10, 0xff,
    0xff, 0xff, 0xff, 0xff, 0xff, 0xff, 0xff, 0xff,
    0xff, 0xf5, 0xf, 0xf4, 0x0, 0x0, 0x0, 0x0,
    0x0, 0x0, 0x0, 0x0, 0xff, 0xf3, 0xff, 0x49,
    0xff, 0xfe, 0x0, 0x0, 0x0, 0x0, 0x0, 0xf,
    0xff, 0x5f, 0xf4, 0x9f, 0xff, 0xe0, 0x0, 0x0,
    0x0, 0x0, 0x0, 0x3f, 0xf5, 0xff, 0x49, 0xff,
    0xfe, 0x0, 0x0, 0x0, 0x0, 0x0, 0x0, 0xef,
    0x5f, 0xf4, 0x9f, 0xff, 0xe0, 0x0, 0x0, 0x0,
    0x0, 0x0, 0x8f, 0xf5, 0xff, 0x44, 0x88, 0x87,
    0x0, 0x0, 0x0, 0x0, 0x0, 0xf, 0xff, 0x5f,
    0xf7, 0x44, 0x44, 0x44, 0x44, 0x44, 0x44, 0x44,
    0x45, 0xff, 0xc1, 0xff, 0xff, 0xff, 0xff, 0xff,
    0xff, 0xff, 0xff, 0xff, 0xff, 0xf5, 0x6, 0xef,
    0xff, 0xff, 0xff, 0xff, 0xff, 0xff, 0xff, 0xff,
    0xfb, 0x0,

    /* U+F244 "" */
    0x4, 0x44, 0x44, 0x44, 0x44, 0x44, 0x44, 0x44,
    0x44, 0x44, 0x10, 0xa, 0xff, 0xff, 0xff, 0xff,
    0xff, 0xff, 0xff, 0xff, 0xff, 0xfe, 0x10, 0xff,
    0xff, 0xff, 0xff, 0xff, 0xff, 0xff, 0xff, 0xff,
    0xff, 0xf5, 0xf, 0xf4, 0x0, 0x0, 0x0, 0x0,
    0x0, 0x0, 0x0, 0x0, 0xff, 0xf3, 0xff, 0x40,
    0x0, 0x0, 0x0, 0x0, 0x0, 0x0, 0x0, 0xf,
    0xff, 0x5f, 0xf4, 0x0, 0x0, 0x0, 0x0, 0x0,
    0x0, 0x0, 0x0, 0x3f, 0xf5, 0xff, 0x40, 0x0,
    0x0, 0x0, 0x0, 0x0, 0x0, 0x0, 0x0, 0xef,
    0x5f, 0xf4, 0x0, 0x0, 0x0, 0x0, 0x0, 0x0,
    0x0, 0x0, 0x8f, 0xf5, 0xff, 0x40, 0x0, 0x0,
    0x0, 0x0, 0x0, 0x0, 0x0, 0xf, 0xff, 0x5f,
    0xf7, 0x44, 0x44, 0x44, 0x44, 0x44, 0x44, 0x44,
    0x45, 0xff, 0xc1, 0xff, 0xff, 0xff, 0xff, 0xff,
    0xff, 0xff, 0xff, 0xff, 0xff, 0xf5, 0x6, 0xef,
    0xff, 0xff, 0xff, 0xff, 0xff, 0xff, 0xff, 0xff,
    0xfb, 0x0,

    /* U+F287 "" */
    0x0, 0x0, 0x0, 0x0, 0x0, 0x0, 0x78, 0x10,
    0x0, 0x0, 0x0, 0x0, 0x0, 0x0, 0x0, 0x0,
    0x26, 0x9f, 0xfd, 0x0, 0x0, 0x0, 0x0, 0x0,
    0x0, 0x0, 0x0, 0x4f, 0xef, 0xff, 0xf0, 0x0,
    0x0, 0x0, 0x0, 0x0, 0x0, 0x0, 0xe, 0x80,
    0x2e, 0xf7, 0x0, 0x0, 0x0, 0x0, 0x0, 0x20,
    0x0, 0x6, 0xe0, 0x0, 0x0, 0x0, 0x0, 0x0,
    0x0, 0x3, 0xef, 0xe3, 0x0, 0xd7, 0x0, 0x0,
    0x0, 0x0, 0x2, 0xa1, 0x0, 0xcf, 0xff, 0xd4,
    0x9f, 0x55, 0x55, 0x55, 0x55, 0x55, 0x7f, 0xf7,
    0xf, 0xff, 0xff, 0xff, 0xff, 0xff, 0xff, 0xff,
    0xff, 0xff, 0xff, 0xf5, 0xaf, 0xff, 0xa0, 0x0,
    0xb, 0xb0, 0x0, 0x0, 0x0, 0x3f, 0xb2, 0x0,
    0x9c, 0x90, 0x0, 0x0, 0x3f, 0x30, 0x0, 0x0,
    0x1, 0x50, 0x0, 0x0, 0x0, 0x0, 0x0, 0x0,
    0xbb, 0x2, 0xbb, 0xb5, 0x0, 0x0, 0x0, 0x0,
    0x0, 0x0, 0x0, 0x2, 0xf9, 0x9f, 0xff, 0x80,
    0x0, 0x0, 0x0, 0x0, 0x0, 0x0, 0x0, 0x3,
    0xbd, 0xff, 0xf8, 0x0, 0x0, 0x0, 0x0, 0x0,
    0x0, 0x0, 0x0, 0x0, 0x3f, 0xff, 0x80, 0x0,
    0x0, 0x0, 0x0, 0x0, 0x0, 0x0, 0x0, 0x0,
    0x0, 0x0, 0x0, 0x0, 0x0,

    /* U+F293 "" */
    0x0, 0x1, 0x7b, 0xdd, 0xb8, 0x20, 0x0, 0x0,
    0x5f, 0xff, 0xdf, 0xff, 0xf6, 0x0, 0x4, 0xff,
    0xff, 0x68, 0xff, 0xff, 0x40, 0xe, 0xff, 0xff,
    0x60, 0x9f, 0xff, 0xd0, 0x4f, 0xff, 0xff, 0x60,
    0x9, 0xff, 0xf3, 0x8f, 0xf6, 0xbf, 0x61, 0xc0,
    0x9f, 0xf7, 0xbf, 0xf6, 0xb, 0x60, 0xe2, 0x5f,
    0xf9, 0xdf, 0xff, 0x50, 0x20, 0x33, 0xff, 0xfb,
    0xef, 0xff, 0xf5, 0x0, 0x2e, 0xff, 0xfc, 0xef,
    0xff, 0xfc, 0x0, 0x7f, 0xff, 0xfc, 0xdf, 0xff,
    0xd1, 0x0, 0x9, 0xff, 0xfc, 0xcf, 0xfc, 0x14,
    0x50, 0x90, 0xaf, 0xfb, 0xaf, 0xf2, 0x4f, 0x60,
    0xf3, 0x2f, 0xf9, 0x6f, 0xfd, 0xff, 0x70, 0x52,
    0xef, 0xf6, 0x1f, 0xff, 0xff, 0x70, 0x2e, 0xff,
    0xf1, 0x9, 0xff, 0xff, 0x72, 0xef, 0xff, 0x90,
    0x0, 0xbf, 0xff, 0xae, 0xff, 0xfd, 0x10, 0x0,
    0x5, 0xcf, 0xff, 0xfd, 0x80, 0x0, 0x0, 0x0,
    0x0, 0x11, 0x0, 0x0, 0x0,

    /* U+F2ED "" */
    0x0, 0x0, 0x5, 0x88, 0x88, 0x30, 0x0, 0x0,
    0x56, 0x66, 0x7f, 0xff, 0xff, 0xe6, 0x66, 0x63,
    0xff, 0xff, 0xff, 0xff, 0xff, 0xff, 0xff, 0xfb,
    0xcd, 0xdd, 0xdd, 0xdd, 0xdd, 0xdd, 0xdd, 0xd8,
    0x3, 0x44, 0x44, 0x44, 0x44, 0x44, 0x44, 0x20,
    0xe, 0xff, 0xff, 0xff, 0xff, 0xff, 0xff, 0xa0,
    0xe, 0xff, 0xff, 0xff, 0xff, 0xff, 0xff, 0xa0,
    0xe, 0xff, 0x1f, 0xf6, 0xaf, 0xc4, 0xff, 0xa0,
    0xe, 0xff, 0xf, 0xf5, 0x9f, 0xb3, 0xff, 0xa0,
    0xe, 0xff, 0xf, 0xf5, 0x9f, 0xb3, 0xff, 0xa0,
    0xe, 0xff, 0xf, 0xf5, 0x9f, 0xb3, 0xff, 0xa0,
    0xe, 0xff, 0xf, 0xf5, 0x9f, 0xb3, 0xff, 0xa0,
    0xe, 0xff, 0xf, 0xf5, 0x9f, 0xb3, 0xff, 0xa0,
    0xe, 0xff, 0xf, 0xf5, 0x9f, 0xb3, 0xff, 0xa0,
    0xe, 0xff, 0xf, 0xf5, 0x9f, 0xb3, 0xff, 0xa0,
    0xe, 0xff, 0x1f, 0xf6, 0xaf, 0xc4, 0xff, 0xa0,
    0xd, 0xff, 0xff, 0xff, 0xff, 0xff, 0xff, 0x90,
    0x8, 0xff, 0xff, 0xff, 0xff, 0xff, 0xff, 0x40,
    0x0, 0x24, 0x44, 0x44, 0x44, 0x44, 0x31, 0x0,

    /* U+F304 "" */
    0x0, 0x0, 0x0, 0x0, 0x0, 0x0, 0x0, 0x8a,
    0x30, 0x0, 0x0, 0x0, 0x0, 0x0, 0x0, 0x0,
    0xbf, 0xff, 0x30, 0x0, 0x0, 0x0, 0x0, 0x0,
    0x0, 0xbf, 0xff, 0xff, 0x30, 0x0, 0x0, 0x0,
    0x0, 0x0, 0x34, 0xff, 0xff, 0xfd, 0x0, 0x0,
    0x0, 0x0, 0x0, 0xbf, 0x44, 0xff, 0xff, 0xe0,
    0x0, 0x0, 0x0, 0x0, 0xbf, 0xff, 0x44, 0xff,
    0xf4, 0x0, 0x0, 0x0, 0x0, 0xbf, 0xff, 0xff,
    0x44, 0xf4, 0x0, 0x0, 0x0, 0x0, 0xbf, 0xff,
    0xff, 0xff, 0x41, 0x0, 0x0, 0x0, 0x0, 0xbf,
    0xff, 0xff, 0xff, 0xf4, 0x0, 0x0, 0x0, 0x0,
    0xbf, 0xff, 0xff, 0xff, 0xf4, 0x0, 0x0, 0x0,
    0x0, 0xbf, 0xff, 0xff, 0xff, 0xf4, 0x0, 0x0,
    0x0, 0x0, 0xbf, 0xff, 0xff, 0xff, 0xf4, 0x0,
    0x0, 0x0, 0x0, 0xbf, 0xff, 0xff, 0xff, 0xf4,
    0x0, 0x0, 0x0, 0x0, 0x8f, 0xff, 0xff, 0xff,
    0xf4, 0x0, 0x0, 0x0, 0x0, 0xa, 0xff, 0xff,
    0xff, 0xf4, 0x0, 0x0, 0x0, 0x0, 0x0, 0xcf,
    0xff, 0xff, 0xf4, 0x0, 0x0, 0x0, 0x0, 0x0,
    0xe, 0xff, 0xff, 0xf4, 0x0, 0x0, 0x0, 0x0,
    0x0, 0x0, 0xff, 0xff, 0xd4, 0x0, 0x0, 0x0,
    0x0, 0x0, 0x0, 0x2, 0x31, 0x0, 0x0, 0x0,
    0x0, 0x0, 0x0, 0x0, 0x0,

    /* U+F55A "" */
    0x0, 0x0, 0x0, 0x57, 0x88, 0x88, 0x88, 0x88,
    0x88, 0x88, 0x72, 0x0, 0x0, 0x0, 0xaf, 0xff,
    0xff, 0xff, 0xff, 0xff, 0xff, 0xff, 0xf2, 0x0,
    0x0, 0xbf, 0xff, 0xff, 0xff, 0xff, 0xff, 0xff,
    0xff, 0xff, 0x70, 0x0, 0xbf, 0xff, 0xff, 0xf8,
    0xaf, 0xff, 0xa8, 0xff, 0xff, 0xf8, 0x0, 0xbf,
    0xff, 0xff, 0xfa, 0x0, 0xaf, 0xa0, 0xa, 0xff,
    0xff, 0x80, 0xbf, 0xff, 0xff, 0xff, 0xf3, 0x0,
    0x60, 0x3, 0xff, 0xff, 0xf8, 0xaf, 0xff, 0xff,
    0xff, 0xff, 0xf3, 0x0, 0x3, 0xff, 0xff, 0xff,
    0x8e, 0xff, 0xff, 0xff, 0xff, 0xff, 0x90, 0x0,
    0x9f, 0xff, 0xff, 0xf8, 0x4f, 0xff, 0xff, 0xff,
    0xff, 0xa0, 0x0, 0x0, 0xaf, 0xff, 0xff, 0x80,
    0x4f, 0xff, 0xff, 0xff, 0xb0, 0x3, 0xe3, 0x0,
    0xbf, 0xff, 0xf8, 0x0, 0x4f, 0xff, 0xff, 0xfe,
    0x23, 0xff, 0xf3, 0x2e, 0xff, 0xff, 0x80, 0x0,
    0x4f, 0xff, 0xff, 0xfe, 0xff, 0xff, 0xfe, 0xff,
    0xff, 0xf7, 0x0, 0x0, 0x4f, 0xff, 0xff, 0xff,
    0xff, 0xff, 0xff, 0xff, 0xff, 0x50, 0x0, 0x0,
    0x3d, 0xff, 0xff, 0xff, 0xff, 0xff, 0xff, 0xff,
    0x90,

    /* U+F7C2 "" */
    0x0, 0x1, 0xcf, 0xff, 0xff, 0xfe, 0x60, 0x0,
    0x1c, 0xff, 0xff, 0xff, 0xff, 0xf2, 0x0, 0xcf,
    0x47, 0xf4, 0xd8, 0x4f, 0xf5, 0xc, 0xff, 0x3,
    0xe0, 0xc5, 0xe, 0xf5, 0xcf, 0xff, 0x3, 0xe0,
    0xc5, 0xe, 0xf5, 0xff, 0xff, 0x24, 0xe2, 0xc6,
    0x2e, 0xf5, 0xff, 0xff, 0xff, 0xff, 0xff, 0xff,
    0xf5, 0xff, 0xff, 0xff, 0xff, 0xff, 0xff, 0xf5,
    0xff, 0xff, 0xff, 0xff, 0xff, 0xff, 0xf5, 0xff,
    0xff, 0xff, 0xff, 0xff, 0xff, 0xf5, 0xff, 0xff,
    0xff, 0xff, 0xff, 0xff, 0xf5, 0xff, 0xff, 0xff,
    0xff, 0xff, 0xff, 0xf5, 0xff, 0xff, 0xff, 0xff,
    0xff, 0xff, 0xf5, 0xff, 0xff, 0xff, 0xff, 0xff,
    0xff, 0xf5, 0xff, 0xff, 0xff, 0xff, 0xff, 0xff,
    0xf5, 0xff, 0xff, 0xff, 0xff, 0xff, 0xff, 0xf5,
    0xef, 0xff, 0xff, 0xff, 0xff, 0xff, 0xf3, 0x5f,
    0xff, 0xff, 0xff, 0xff, 0xff, 0xa0, 0x1, 0x34,
    0x44, 0x44, 0x44, 0x42, 0x0,

    /* U+F8A2 "" */
    0x0, 0x0, 0x0, 0x0, 0x0, 0x0, 0x0, 0x0,
    0x3, 0x0, 0x0, 0x0, 0x0, 0x0, 0x0, 0x0,
    0x0, 0x5, 0xf1, 0x0, 0x0, 0x0, 0x0, 0x0,
    0x0, 0x0, 0x5, 0xff, 0x10, 0x0, 0x3e, 0x90,
    0x0, 0x0, 0x0, 0x0, 0xbf, 0xf1, 0x0, 0x4f,
    0xfb, 0x0, 0x0, 0x0, 0x0, 0xb, 0xff, 0x10,
    0x5f, 0xff, 0xb0, 0x0, 0x0, 0x0, 0x0, 0xbf,
    0xf1, 0x6f, 0xff, 0xff, 0xff, 0xff, 0xff, 0xff,
    0xff, 0xff, 0x1d, 0xff, 0xff, 0xff, 0xff, 0xff,
    0xff, 0xff, 0xff, 0xf1, 0x3e, 0xff, 0xfe, 0xcc,
    0xcc, 0xcc, 0xcc, 0xcc, 0xca, 0x0, 0x2e, 0xff,
    0xb0, 0x0, 0x0, 0x0, 0x0, 0x0, 0x0, 0x0,
    0x1d, 0xfb, 0x0, 0x0, 0x0, 0x0, 0x0, 0x0,
    0x0, 0x0, 0x1b, 0x60, 0x0, 0x0, 0x0, 0x0,
    0x0, 0x0
};


/*---------------------
 *  GLYPH DESCRIPTION
 *--------------------*/

static const lv_font_fmt_txt_glyph_dsc_t glyph_dsc[] = {
    {.bitmap_index = 0, .adv_w = 0, .box_w = 0, .box_h = 0, .ofs_x = 0, .ofs_y = 0} /* id = 0 reserved */,
    {.bitmap_index = 0, .adv_w = 173, .box_w = 0, .box_h = 0, .ofs_x = 0, .ofs_y = 0},
    {.bitmap_index = 0, .adv_w = 173, .box_w = 3, .box_h = 13, .ofs_x = 4, .ofs_y = 0},
    {.bitmap_index = 20, .adv_w = 173, .box_w = 7, .box_h = 7, .ofs_x = 2, .ofs_y = 6},
    {.bitmap_index = 45, .adv_w = 173, .box_w = 11, .box_h = 13, .ofs_x = 0, .ofs_y = 0},
    {.bitmap_index = 117, .adv_w = 173, .box_w = 11, .box_h = 17, .ofs_x = 0, .ofs_y = -2},
    {.bitmap_index = 211, .adv_w = 173, .box_w = 11, .box_h = 13, .ofs_x = 0, .ofs_y = 0},
    {.bitmap_index = 283, .adv_w = 173, .box_w = 11, .box_h = 13, .ofs_x = 0, .ofs_y = 0},
    {.bitmap_index = 355, .adv_w = 173, .box_w = 3, .box_h = 7, .ofs_x = 4, .ofs_y = 6},
    {.bitmap_index = 366, .adv_w = 173, .box_w = 7, .box_h = 16, .ofs_x = 2, .ofs_y = -2},
    {.bitmap_index = 422, .adv_w = 173, .box_w = 7, .box_h = 16, .ofs_x = 2, .ofs_y = -2},
    {.bitmap_index = 478, .adv_w = 173, .box_w = 9, .box_h = 9, .ofs_x = 1, .ofs_y = 5},
    {.bitmap_index = 519, .adv_w = 173, .box_w = 9, .box_h = 9, .ofs_x = 1, .ofs_y = 1},
    {.bitmap_index = 560, .adv_w = 173, .box_w = 3, .box_h = 6, .ofs_x = 4, .ofs_y = -3},
    {.bitmap_index = 569, .adv_w = 173, .box_w = 7, .box_h = 2, .ofs_x = 2, .ofs_y = 5},
    {.bitmap_index = 576, .adv_w = 173, .box_w = 3, .box_h = 3, .ofs_x = 4, .ofs_y = 0},
    {.bitmap_index = 581, .adv_w = 173, .box_w = 8, .box_h = 16, .ofs_x = 1, .ofs_y = -2},
    {.bitmap_index = 645, .adv_w = 173, .box_w = 10, .box_h = 13, .ofs_x = 0, .ofs_y = 0},
    {.bitmap_index = 710, .adv_w = 173, .box_w = 9, .box_h = 13, .ofs_x = 1, .ofs_y = 0},
    {.bitmap_index = 769, .adv_w = 173, .box_w = 10, .box_h = 13, .ofs_x = 0, .ofs_y = 0},
    {.bitmap_index = 834, .adv_w = 173, .box_w = 10, .box_h = 13, .ofs_x = 0, .ofs_y = 0},
    {.bitmap_index = 899, .adv_w = 173, .box_w = 11, .box_h = 13, .ofs_x = 0, .ofs_y = 0},
    {.bitmap_index = 971, .adv_w = 173, .box_w = 9, .box_h = 13, .ofs_x = 1, .ofs_y = 0},
    {.bitmap_index = 1030, .adv_w = 173, .box_w = 10, .box_h = 13, .ofs_x = 0, .ofs_y = 0},
    {.bitmap_index = 1095, .adv_w = 173, .box_w = 9, .box_h = 13, .ofs_x = 1, .ofs_y = 0},
    {.bitmap_index = 1154, .adv_w = 173, .box_w = 10, .box_h = 13, .ofs_x = 0, .ofs_y = 0},
    {.bitmap_index = 1219, .adv_w = 173, .box_w = 10, .box_h = 13, .ofs_x = 0, .ofs_y = 0},
    {.bitmap_index = 1284, .adv_w = 173, .box_w = 3, .box_h = 10, .ofs_x = 4, .ofs_y = 0},
    {.bitmap_index = 1299, .adv_w = 173, .box_w = 3, .box_h = 13, .ofs_x = 4, .ofs_y = -3},
    {.bitmap_index = 1319, .adv_w = 173, .box_w = 9, .box_h = 11, .ofs_x = 1, .ofs_y = 0},
    {.bitmap_index = 1369, .adv_w = 173, .box_w = 9, .box_h = 6, .ofs_x = 1, .ofs_y = 3},
    {.bitmap_index = 1396, .adv_w = 173, .box_w = 9, .box_h = 11, .ofs_x = 1, .ofs_y = 0},
    {.bitmap_index = 1446, .adv_w = 173, .box_w = 9, .box_h = 13, .ofs_x = 1, .ofs_y = 0},
    {.bitmap_index = 1505, .adv_w = 173, .box_w = 11, .box_h = 16, .ofs_x = 0, .ofs_y = -3},
    {.bitmap_index = 1593, .adv_w = 173, .box_w = 11, .box_h = 13, .ofs_x = 0, .ofs_y = 0},
    {.bitmap_index = 1665, .adv_w = 173, .box_w = 10, .box_h = 13, .ofs_x = 1, .ofs_y = 0},
    {.bitmap_index = 1730, .adv_w = 173, .box_w = 11, .box_h = 13, .ofs_x = 0, .ofs_y = 0},
    {.bitmap_index = 1802, .adv_w = 173, .box_w = 10, .box_h = 13, .ofs_x = 1, .ofs_y = 0},
    {.bitmap_index = 1867, .adv_w = 173, .box_w = 9, .box_h = 13, .ofs_x = 1, .ofs_y = 0},
    {.bitmap_index = 1926, .adv_w = 173, .box_w = 9, .box_h = 13, .ofs_x = 1, .ofs_y = 0},
    {.bitmap_index = 1985, .adv_w = 173, .box_w = 11, .box_h = 13, .ofs_x = 0, .ofs_y = 0},
    {.bitmap_index = 2057, .adv_w = 173, .box_w = 9, .box_h = 13, .ofs_x = 1, .ofs_y = 0},
    {.bitmap_index = 2116, .adv_w = 173, .box_w = 9, .box_h = 13, .ofs_x = 1, .ofs_y = 0},
    {.bitmap_index = 2175, .adv_w = 173, .box_w = 10, .box_h = 13, .ofs_x = 0, .ofs_y = 0},
    {.bitmap_index = 2240, .adv_w = 173, .box_w = 10, .box_h = 13, .ofs_x = 1, .ofs_y = 0},
    {.bitmap_index = 2305, .adv_w = 173, .box_w = 9, .box_h = 13, .ofs_x = 1, .ofs_y = 0},
    {.bitmap_index = 2364, .adv_w = 173, .box_w = 10, .box_h = 13, .ofs_x = 0, .ofs_y = 0},
    {.bitmap_index = 2429, .adv_w = 173, .box_w = 9, .box_h = 13, .ofs_x = 1, .ofs_y = 0},
    {.bitmap_index = 2488, .adv_w = 173, .box_w = 11, .box_h = 13, .ofs_x = 0, .ofs_y = 0},
    {.bitmap_index = 2560, .adv_w = 173, .box_w = 9, .box_h = 13, .ofs_x = 1, .ofs_y = 0},
    {.bitmap_index = 2619, .adv_w = 173, .box_w = 11, .box_h = 15, .ofs_x = 0, .ofs_y = -2},
    {.bitmap_index = 2702, .adv_w = 173, .box_w = 9, .box_h = 13, .ofs_x = 1, .ofs_y = 0},
    {.bitmap_index = 2761, .adv_w = 173, .box_w = 11, .box_h = 13, .ofs_x = 0, .ofs_y = 0},
    {.bitmap_index = 2833, .adv_w = 173, .box_w = 11, .box_h = 13, .ofs_x = 0, .ofs_y = 0},
    {.bitmap_index = 2905, .adv_w = 173, .box_w = 9, .box_h = 13, .ofs_x = 1, .ofs_y = 0},
    {.bitmap_index = 2964, .adv_w = 173, .box_w = 11, .box_h = 13, .ofs_x = 0, .ofs_y = 0},
    {.bitmap_index = 3036, .adv_w = 173, .box_w = 11, .box_h = 13, .ofs_x = 0, .ofs_y = 0},
    {.bitmap_index = 3108, .adv_w = 173, .box_w = 10, .box_h = 13, .ofs_x = 0, .ofs_y = 0},
    {.bitmap_index = 3173, .adv_w = 173, .box_w = 11, .box_h = 13, .ofs_x = 0, .ofs_y = 0},
    {.bitmap_index = 3245, .adv_w = 173, .box_w = 10, .box_h = 13, .ofs_x = 0, .ofs_y = 0},
    {.bitmap_index = 3310, .adv_w = 173, .box_w = 7, .box_h = 16, .ofs_x = 2, .ofs_y = -2},
    {.bitmap_index = 3366, .adv_w = 173, .box_w = 8, .box_h = 16, .ofs_x = 1, .ofs_y = -2},
    {.bitmap_index = 3430, .adv_w = 173, .box_w = 7, .box_h = 16, .ofs_x = 2, .ofs_y = -2},
    {.bitmap_index = 3486, .adv_w = 173, .box_w = 8, .box_h = 6, .ofs_x = 1, .ofs_y = 7},
    {.bitmap_index = 3510, .adv_w = 173, .box_w = 9, .box_h = 2, .ofs_x = 1, .ofs_y = -2},
    {.bitmap_index = 3519, .adv_w = 173, .box_w = 5, .box_h = 5, .ofs_x = 3, .ofs_y = 9},
    {.bitmap_index = 3532, .adv_w = 173, .box_w = 10, .box_h = 10, .ofs_x = 0, .ofs_y = 0},
    {.bitmap_index = 3582, .adv_w = 173, .box_w = 10, .box_h = 13, .ofs_x = 1, .ofs_y = 0},
    {.bitmap_index = 3647, .adv_w = 173, .box_w = 9, .box_h = 10, .ofs_x = 1, .ofs_y = 0},
    {.bitmap_index = 3692, .adv_w = 173, .box_w = 10, .box_h = 13, .ofs_x = 0, .ofs_y = 0},
    {.bitmap_index = 3757, .adv_w = 173, .box_w = 9, .box_h = 10, .ofs_x = 1, .ofs_y = 0},
    {.bitmap_index = 3802, .adv_w = 173, .box_w = 9, .box_h = 13, .ofs_x = 1, .ofs_y = 0},
    {.bitmap_index = 3861, .adv_w = 173, .box_w = 10, .box_h = 13, .ofs_x = 0, .ofs_y = -3},
    {.bitmap_index = 3926, .adv_w = 173, .box_w = 9, .box_h = 13, .ofs_x = 1, .ofs_y = 0},
    {.bitmap_index = 3985, .adv_w = 173, .box_w = 10, .box_h = 13, .ofs_x = 1, .ofs_y = 0},
    {.bitmap_index = 4050, .adv_w = 173, .box_w = 8, .box_h = 16, .ofs_x = 1, .ofs_y = -3},
    {.bitmap_index = 4114, .adv_w = 173, .box_w = 10, .box_h = 13, .ofs_x = 1, .ofs_y = 0},
    {.bitmap_index = 4179, .adv_w = 173, .box_w = 9, .box_h = 13, .ofs_x = 1, .ofs_y = 0},
    {.bitmap_index = 4238, .adv_w = 173, .box_w = 11, .box_h = 10, .ofs_x = 0, .ofs_y = 0},
    {.bitmap_index = 4293, .adv_w = 173, .box_w = 9, .box_h = 10, .ofs_x = 1, .ofs_y = 0},
    {.bitmap_index = 4338, .adv_w = 173, .box_w = 10, .box_h = 10, .ofs_x = 0, .ofs_y = 0},
    {.bitmap_index = 4388, .adv_w = 173, .box_w = 9, .box_h = 13, .ofs_x = 1, .ofs_y = -3},
    {.bitmap_index = 4447, .adv_w = 173, .box_w = 10, .box_h = 13, .ofs_x = 0, .ofs_y = -3},
    {.bitmap_index = 4512, .adv_w = 173, .box_w = 9, .box_h = 10, .ofs_x = 1, .ofs_y = 0},
    {.bitmap_index = 4557, .adv_w = 173, .box_w = 9, .box_h = 10, .ofs_x = 1, .ofs_y = 0},
    {.bitmap_index = 4602, .adv_w = 173, .box_w = 10, .box_h = 12, .ofs_x = 0, .ofs_y = 0},
    {.bitmap_index = 4662, .adv_w = 173, .box_w = 9, .box_h = 10, .ofs_x = 1, .ofs_y = 0},
    {.bitmap_index = 4707, .adv_w = 173, .box_w = 10, .box_h = 10, .ofs_x = 0, .ofs_y = 0},
    {.bitmap_index = 4757, .adv_w = 173, .box_w = 11, .box_h = 10, .ofs_x = 0, .ofs_y = 0},
    {.bitmap_index = 4812, .adv_w = 173, .box_w = 10, .box_h = 10, .ofs_x = 0, .ofs_y = 0},
    {.bitmap_index = 4862, .adv_w = 173, .box_w = 10, .box_h = 13, .ofs_x = 0, .ofs_y = -3},
    {.bitmap_index = 4927, .adv_w = 173, .box_w = 9, .box_h = 10, .ofs_x = 1, .ofs_y = 0},
    {.bitmap_index = 4972, .adv_w = 173, .box_w = 8, .box_h = 16, .ofs_x = 1, .ofs_y = -2},
    {.bitmap_index = 5036, .adv_w = 173, .box_w = 3, .box_h = 16, .ofs_x = 4, .ofs_y = -2},
    {.bitmap_index = 5060, .adv_w = 173, .box_w = 8, .box_h = 16, .ofs_x = 1, .ofs_y = -2},
    {.bitmap_index = 5124, .adv_w = 173, .box_w = 9, .box_h = 4, .ofs_x = 1, .ofs_y = 4},
    {.bitmap_index = 5142, .adv_w = 173, .box_w = 0, .box_h = 0, .ofs_x = 0, .ofs_y = 0},
    {.bitmap_index = 5142, .adv_w = 173, .box_w = 3, .box_h = 13, .ofs_x = 4, .ofs_y = -3},
    {.bitmap_index = 5162, .adv_w = 173, .box_w = 9, .box_h = 13, .ofs_x = 1, .ofs_y = 0},
    {.bitmap_index = 5221, .adv_w = 173, .box_w = 11, .box_h = 13, .ofs_x = 0, .ofs_y = 0},
    {.bitmap_index = 5293, .adv_w = 173, .box_w = 11, .box_h = 11, .ofs_x = 0, .ofs_y = 2},
    {.bitmap_index = 5354, .adv_w = 173, .box_w = 11, .box_h = 13, .ofs_x = 0, .ofs_y = 0},
    {.bitmap_index = 5426, .adv_w = 173, .box_w = 3, .box_h = 16, .ofs_x = 4, .ofs_y = -2},
    {.bitmap_index = 5450, .adv_w = 173, .box_w = 9, .box_h = 15, .ofs_x = 1, .ofs_y = -2},
    {.bitmap_index = 5518, .adv_w = 173, .box_w = 7, .box_h = 2, .ofs_x = 2, .ofs_y = 11},
    {.bitmap_index = 5525, .adv_w = 173, .box_w = 11, .box_h = 15, .ofs_x = 0, .ofs_y = -1},
    {.bitmap_index = 5608, .adv_w = 173, .box_w = 7, .box_h = 7, .ofs_x = 2, .ofs_y = 6},
    {.bitmap_index = 5633, .adv_w = 173, .box_w = 9, .box_h = 8, .ofs_x = 1, .ofs_y = 1},
    {.bitmap_index = 5669, .adv_w = 173, .box_w = 9, .box_h = 5, .ofs_x = 1, .ofs_y = 1},
    {.bitmap_index = 5692, .adv_w = 173, .box_w = 11, .box_h = 11, .ofs_x = 0, .ofs_y = 2},
    {.bitmap_index = 5753, .adv_w = 173, .box_w = 6, .box_h = 3, .ofs_x = 2, .ofs_y = 11},
    {.bitmap_index = 5762, .adv_w = 173, .box_w = 7, .box_h = 6, .ofs_x = 2, .ofs_y = 7},
    {.bitmap_index = 5783, .adv_w = 173, .box_w = 9, .box_h = 11, .ofs_x = 1, .ofs_y = 0},
    {.bitmap_index = 5833, .adv_w = 173, .box_w = 6, .box_h = 7, .ofs_x = 2, .ofs_y = 6},
    {.bitmap_index = 5854, .adv_w = 173, .box_w = 6, .box_h = 7, .ofs_x = 2, .ofs_y = 6},
    {.bitmap_index = 5875, .adv_w = 173, .box_w = 5, .box_h = 5, .ofs_x = 3, .ofs_y = 9},
    {.bitmap_index = 5888, .adv_w = 173, .box_w = 9, .box_h = 13, .ofs_x = 1, .ofs_y = -3},
    {.bitmap_index = 5947, .adv_w = 173, .box_w = 9, .box_h = 13, .ofs_x = 1, .ofs_y = 0},
    {.bitmap_index = 6006, .adv_w = 173, .box_w = 3, .box_h = 3, .ofs_x = 4, .ofs_y = 4},
    {.bitmap_index = 6011, .adv_w = 173, .box_w = 5, .box_h = 5, .ofs_x = 3, .ofs_y = -5},
    {.bitmap_index = 6024, .adv_w = 173, .box_w = 5, .box_h = 7, .ofs_x = 2, .ofs_y = 6},
    {.bitmap_index = 6042, .adv_w = 173, .box_w = 7, .box_h = 7, .ofs_x = 2, .ofs_y = 6},
    {.bitmap_index = 6067, .adv_w = 173, .box_w = 9, .box_h = 8, .ofs_x = 1, .ofs_y = 1},
    {.bitmap_index = 6103, .adv_w = 173, .box_w = 11, .box_h = 13, .ofs_x = 0, .ofs_y = 0},
    {.bitmap_index = 6175, .adv_w = 173, .box_w = 11, .box_h = 14, .ofs_x = 0, .ofs_y = -1},
    {.bitmap_index = 6252, .adv_w = 173, .box_w = 11, .box_h = 13, .ofs_x = 0, .ofs_y = 0},
    {.bitmap_index = 6324, .adv_w = 173, .box_w = 9, .box_h = 13, .ofs_x = 1, .ofs_y = -3},
    {.bitmap_index = 6383, .adv_w = 173, .box_w = 11, .box_h = 17, .ofs_x = 0, .ofs_y = 0},
    {.bitmap_index = 6477, .adv_w = 173, .box_w = 11, .box_h = 17, .ofs_x = 0, .ofs_y = 0},
    {.bitmap_index = 6571, .adv_w = 173, .box_w = 11, .box_h = 17, .ofs_x = 0, .ofs_y = 0},
    {.bitmap_index = 6665, .adv_w = 173, .box_w = 11, .box_h = 17, .ofs_x = 0, .ofs_y = 0},
    {.bitmap_index = 6759, .adv_w = 173, .box_w = 11, .box_h = 16, .ofs_x = 0, .ofs_y = 0},
    {.bitmap_index = 6847, .adv_w = 173, .box_w = 11, .box_h = 17, .ofs_x = 0, .ofs_y = 0},
    {.bitmap_index = 6941, .adv_w = 173, .box_w = 11, .box_h = 13, .ofs_x = 0, .ofs_y = 0},
    {.bitmap_index = 7013, .adv_w = 173, .box_w = 11, .box_h = 18, .ofs_x = 0, .ofs_y = -5},
    {.bitmap_index = 7112, .adv_w = 173, .box_w = 9, .box_h = 17, .ofs_x = 1, .ofs_y = 0},
    {.bitmap_index = 7189, .adv_w = 173, .box_w = 9, .box_h = 17, .ofs_x = 1, .ofs_y = 0},
    {.bitmap_index = 7266, .adv_w = 173, .box_w = 9, .box_h = 17, .ofs_x = 1, .ofs_y = 0},
    {.bitmap_index = 7343, .adv_w = 173, .box_w = 9, .box_h = 16, .ofs_x = 1, .ofs_y = 0},
    {.bitmap_index = 7415, .adv_w = 173, .box_w = 9, .box_h = 17, .ofs_x = 1, .ofs_y = 0},
    {.bitmap_index = 7492, .adv_w = 173, .box_w = 9, .box_h = 17, .ofs_x = 1, .ofs_y = 0},
    {.bitmap_index = 7569, .adv_w = 173, .box_w = 9, .box_h = 17, .ofs_x = 1, .ofs_y = 0},
    {.bitmap_index = 7646, .adv_w = 173, .box_w = 9, .box_h = 16, .ofs_x = 1, .ofs_y = 0},
    {.bitmap_index = 7718, .adv_w = 173, .box_w = 11, .box_h = 13, .ofs_x = 0, .ofs_y = 0},
    {.bitmap_index = 7790, .adv_w = 173, .box_w = 9, .box_h = 17, .ofs_x = 1, .ofs_y = 0},
    {.bitmap_index = 7867, .adv_w = 173, .box_w = 11, .box_h = 17, .ofs_x = 0, .ofs_y = 0},
    {.bitmap_index = 7961, .adv_w = 173, .box_w = 11, .box_h = 17, .ofs_x = 0, .ofs_y = 0},
    {.bitmap_index = 8055, .adv_w = 173, .box_w = 11, .box_h = 17, .ofs_x = 0, .ofs_y = 0},
    {.bitmap_index = 8149, .adv_w = 173, .box_w = 11, .box_h = 17, .ofs_x = 0, .ofs_y = 0},
    {.bitmap_index = 8243, .adv_w = 173, .box_w = 11, .box_h = 17, .ofs_x = 0, .ofs_y = 0},
    {.bitmap_index = 8337, .adv_w = 173, .box_w = 9, .box_h = 9, .ofs_x = 1, .ofs_y = 1},
    {.bitmap_index = 8378, .adv_w = 173, .box_w = 11, .box_h = 13, .ofs_x = 0, .ofs_y = 0},
    {.bitmap_index = 8450, .adv_w = 173, .box_w = 9, .box_h = 17, .ofs_x = 1, .ofs_y = 0},
    {.bitmap_index = 8527, .adv_w = 173, .box_w = 9, .box_h = 17, .ofs_x = 1, .ofs_y = 0},
    {.bitmap_index = 8604, .adv_w = 173, .box_w = 9, .box_h = 17, .ofs_x = 1, .ofs_y = 0},
    {.bitmap_index = 8681, .adv_w = 173, .box_w = 9, .box_h = 17, .ofs_x = 1, .ofs_y = 0},
    {.bitmap_index = 8758, .adv_w = 173, .box_w = 11, .box_h = 17, .ofs_x = 0, .ofs_y = 0},
    {.bitmap_index = 8852, .adv_w = 173, .box_w = 10, .box_h = 13, .ofs_x = 1, .ofs_y = 0},
    {.bitmap_index = 8917, .adv_w = 173, .box_w = 9, .box_h = 13, .ofs_x = 1, .ofs_y = 0},
    {.bitmap_index = 8976, .adv_w = 173, .box_w = 10, .box_h = 13, .ofs_x = 0, .ofs_y = 0},
    {.bitmap_index = 9041, .adv_w = 173, .box_w = 10, .box_h = 13, .ofs_x = 0, .ofs_y = 0},
    {.bitmap_index = 9106, .adv_w = 173, .box_w = 10, .box_h = 14, .ofs_x = 0, .ofs_y = 0},
    {.bitmap_index = 9176, .adv_w = 173, .box_w = 10, .box_h = 13, .ofs_x = 0, .ofs_y = 0},
    {.bitmap_index = 9241, .adv_w = 173, .box_w = 10, .box_h = 13, .ofs_x = 0, .ofs_y = 0},
    {.bitmap_index = 9306, .adv_w = 173, .box_w = 10, .box_h = 14, .ofs_x = 0, .ofs_y = 0},
    {.bitmap_index = 9376, .adv_w = 173, .box_w = 11, .box_h = 10, .ofs_x = 0, .ofs_y = 0},
    {.bitmap_index = 9431, .adv_w = 173, .box_w = 9, .box_h = 15, .ofs_x = 1, .ofs_y = -5},
    {.bitmap_index = 9499, .adv_w = 173, .box_w = 9, .box_h = 13, .ofs_x = 1, .ofs_y = 0},
    {.bitmap_index = 9558, .adv_w = 173, .box_w = 9, .box_h = 13, .ofs_x = 1, .ofs_y = 0},
    {.bitmap_index = 9617, .adv_w = 173, .box_w = 9, .box_h = 13, .ofs_x = 1, .ofs_y = 0},
    {.bitmap_index = 9676, .adv_w = 173, .box_w = 9, .box_h = 13, .ofs_x = 1, .ofs_y = 0},
    {.bitmap_index = 9735, .adv_w = 173, .box_w = 10, .box_h = 13, .ofs_x = 1, .ofs_y = 0},
    {.bitmap_index = 9800, .adv_w = 173, .box_w = 10, .box_h = 13, .ofs_x = 1, .ofs_y = 0},
    {.bitmap_index = 9865, .adv_w = 173, .box_w = 10, .box_h = 14, .ofs_x = 1, .ofs_y = 0},
    {.bitmap_index = 9935, .adv_w = 173, .box_w = 10, .box_h = 13, .ofs_x = 1, .ofs_y = 0},
    {.bitmap_index = 10000, .adv_w = 173, .box_w = 9, .box_h = 14, .ofs_x = 1, .ofs_y = 0},
    {.bitmap_index = 10063, .adv_w = 173, .box_w = 9, .box_h = 13, .ofs_x = 1, .ofs_y = 0},
    {.bitmap_index = 10122, .adv_w = 173, .box_w = 10, .box_h = 13, .ofs_x = 0, .ofs_y = 0},
    {.bitmap_index = 10187, .adv_w = 173, .box_w = 10, .box_h = 13, .ofs_x = 0, .ofs_y = 0},
    {.bitmap_index = 10252, .adv_w = 173, .box_w = 10, .box_h = 14, .ofs_x = 0, .ofs_y = 0},
    {.bitmap_index = 10322, .adv_w = 173, .box_w = 10, .box_h = 13, .ofs_x = 0, .ofs_y = 0},
    {.bitmap_index = 10387, .adv_w = 173, .box_w = 10, .box_h = 13, .ofs_x = 0, .ofs_y = 0},
    {.bitmap_index = 10452, .adv_w = 173, .box_w = 9, .box_h = 10, .ofs_x = 1, .ofs_y = 0},
    {.bitmap_index = 10497, .adv_w = 173, .box_w = 10, .box_h = 10, .ofs_x = 0, .ofs_y = 0},
    {.bitmap_index = 10547, .adv_w = 173, .box_w = 9, .box_h = 13, .ofs_x = 1, .ofs_y = 0},
    {.bitmap_index = 10606, .adv_w = 173, .box_w = 9, .box_h = 13, .ofs_x = 1, .ofs_y = 0},
    {.bitmap_index = 10665, .adv_w = 173, .box_w = 9, .box_h = 14, .ofs_x = 1, .ofs_y = 0},
    {.bitmap_index = 10728, .adv_w = 173, .box_w = 9, .box_h = 13, .ofs_x = 1, .ofs_y = 0},
    {.bitmap_index = 10787, .adv_w = 173, .box_w = 10, .box_h = 16, .ofs_x = 0, .ofs_y = -3},
    {.bitmap_index = 10867, .adv_w = 173, .box_w = 9, .box_h = 16, .ofs_x = 1, .ofs_y = -3},
    {.bitmap_index = 10939, .adv_w = 173, .box_w = 10, .box_h = 16, .ofs_x = 0, .ofs_y = -3},
    {.bitmap_index = 11019, .adv_w = 173, .box_w = 11, .box_h = 16, .ofs_x = 0, .ofs_y = 0},
    {.bitmap_index = 11107, .adv_w = 173, .box_w = 10, .box_h = 13, .ofs_x = 0, .ofs_y = 0},
    {.bitmap_index = 11172, .adv_w = 173, .box_w = 11, .box_h = 17, .ofs_x = 0, .ofs_y = 0},
    {.bitmap_index = 11266, .adv_w = 173, .box_w = 10, .box_h = 13, .ofs_x = 0, .ofs_y = 0},
    {.bitmap_index = 11331, .adv_w = 173, .box_w = 11, .box_h = 18, .ofs_x = 0, .ofs_y = -5},
    {.bitmap_index = 11430, .adv_w = 173, .box_w = 11, .box_h = 14, .ofs_x = 0, .ofs_y = -4},
    {.bitmap_index = 11507, .adv_w = 173, .box_w = 11, .box_h = 17, .ofs_x = 0, .ofs_y = 0},
    {.bitmap_index = 11601, .adv_w = 173, .box_w = 9, .box_h = 13, .ofs_x = 1, .ofs_y = 0},
    {.bitmap_index = 11660, .adv_w = 173, .box_w = 11, .box_h = 17, .ofs_x = 0, .ofs_y = 0},
    {.bitmap_index = 11754, .adv_w = 173, .box_w = 9, .box_h = 14, .ofs_x = 1, .ofs_y = 0},
    {.bitmap_index = 11817, .adv_w = 173, .box_w = 11, .box_h = 17, .ofs_x = 0, .ofs_y = 0},
    {.bitmap_index = 11911, .adv_w = 173, .box_w = 9, .box_h = 13, .ofs_x = 1, .ofs_y = 0},
    {.bitmap_index = 11970, .adv_w = 173, .box_w = 11, .box_h = 17, .ofs_x = 0, .ofs_y = 0},
    {.bitmap_index = 12064, .adv_w = 173, .box_w = 9, .box_h = 14, .ofs_x = 1, .ofs_y = 0},
    {.bitmap_index = 12127, .adv_w = 173, .box_w = 10, .box_h = 17, .ofs_x = 1, .ofs_y = 0},
    {.bitmap_index = 12212, .adv_w = 173, .box_w = 11, .box_h = 13, .ofs_x = 0, .ofs_y = 0},
    {.bitmap_index = 12284, .adv_w = 173, .box_w = 11, .box_h = 13, .ofs_x = 0, .ofs_y = 0},
    {.bitmap_index = 12356, .adv_w = 173, .box_w = 11, .box_h = 13, .ofs_x = 0, .ofs_y = 0},
    {.bitmap_index = 12428, .adv_w = 173, .box_w = 9, .box_h = 17, .ofs_x = 1, .ofs_y = 0},
    {.bitmap_index = 12505, .adv_w = 173, .box_w = 9, .box_h = 13, .ofs_x = 1, .ofs_y = 0},
    {.bitmap_index = 12564, .adv_w = 173, .box_w = 9, .box_h = 16, .ofs_x = 1, .ofs_y = 0},
    {.bitmap_index = 12636, .adv_w = 173, .box_w = 9, .box_h = 13, .ofs_x = 1, .ofs_y = 0},
    {.bitmap_index = 12695, .adv_w = 173, .box_w = 10, .box_h = 18, .ofs_x = 1, .ofs_y = -5},
    {.bitmap_index = 12785, .adv_w = 173, .box_w = 9, .box_h = 14, .ofs_x = 1, .ofs_y = -4},
    {.bitmap_index = 12848, .adv_w = 173, .box_w = 9, .box_h = 17, .ofs_x = 1, .ofs_y = 0},
    {.bitmap_index = 12925, .adv_w = 173, .box_w = 9, .box_h = 13, .ofs_x = 1, .ofs_y = 0},
    {.bitmap_index = 12984, .adv_w = 173, .box_w = 11, .box_h = 17, .ofs_x = 0, .ofs_y = 0},
    {.bitmap_index = 13078, .adv_w = 173, .box_w = 10, .box_h = 17, .ofs_x = 0, .ofs_y = -3},
    {.bitmap_index = 13163, .adv_w = 173, .box_w = 11, .box_h = 17, .ofs_x = 0, .ofs_y = 0},
    {.bitmap_index = 13257, .adv_w = 173, .box_w = 10, .box_h = 16, .ofs_x = 0, .ofs_y = -3},
    {.bitmap_index = 13337, .adv_w = 173, .box_w = 11, .box_h = 17, .ofs_x = 0, .ofs_y = 0},
    {.bitmap_index = 13431, .adv_w = 173, .box_w = 10, .box_h = 16, .ofs_x = 0, .ofs_y = -3},
    {.bitmap_index = 13511, .adv_w = 173, .box_w = 11, .box_h = 18, .ofs_x = 0, .ofs_y = -5},
    {.bitmap_index = 13610, .adv_w = 173, .box_w = 10, .box_h = 18, .ofs_x = 0, .ofs_y = -3},
    {.bitmap_index = 13700, .adv_w = 173, .box_w = 9, .box_h = 17, .ofs_x = 1, .ofs_y = 0},
    {.bitmap_index = 13777, .adv_w = 173, .box_w = 10, .box_h = 17, .ofs_x = 0, .ofs_y = 0},
    {.bitmap_index = 13862, .adv_w = 173, .box_w = 11, .box_h = 13, .ofs_x = 0, .ofs_y = 0},
    {.bitmap_index = 13934, .adv_w = 173, .box_w = 10, .box_h = 13, .ofs_x = 0, .ofs_y = 0},
    {.bitmap_index = 13999, .adv_w = 173, .box_w = 9, .box_h = 17, .ofs_x = 1, .ofs_y = 0},
    {.bitmap_index = 14076, .adv_w = 173, .box_w = 10, .box_h = 13, .ofs_x = 1, .ofs_y = 0},
    {.bitmap_index = 14141, .adv_w = 173, .box_w = 9, .box_h = 16, .ofs_x = 1, .ofs_y = 0},
    {.bitmap_index = 14213, .adv_w = 173, .box_w = 10, .box_h = 13, .ofs_x = 1, .ofs_y = 0},
    {.bitmap_index = 14278, .adv_w = 173, .box_w = 10, .box_h = 18, .ofs_x = 1, .ofs_y = -5},
    {.bitmap_index = 14368, .adv_w = 173, .box_w = 10, .box_h = 18, .ofs_x = 1, .ofs_y = -5},
    {.bitmap_index = 14458, .adv_w = 173, .box_w = 9, .box_h = 16, .ofs_x = 1, .ofs_y = 0},
    {.bitmap_index = 14530, .adv_w = 173, .box_w = 10, .box_h = 10, .ofs_x = 1, .ofs_y = 0},
    {.bitmap_index = 14580, .adv_w = 173, .box_w = 11, .box_h = 17, .ofs_x = 0, .ofs_y = 0},
    {.bitmap_index = 14674, .adv_w = 173, .box_w = 9, .box_h = 17, .ofs_x = 1, .ofs_y = -3},
    {.bitmap_index = 14751, .adv_w = 173, .box_w = 10, .box_h = 18, .ofs_x = 1, .ofs_y = -5},
    {.bitmap_index = 14841, .adv_w = 173, .box_w = 10, .box_h = 18, .ofs_x = 1, .ofs_y = -5},
    {.bitmap_index = 14931, .adv_w = 173, .box_w = 9, .box_h = 17, .ofs_x = 1, .ofs_y = 0},
    {.bitmap_index = 15008, .adv_w = 173, .box_w = 9, .box_h = 17, .ofs_x = 1, .ofs_y = 0},
    {.bitmap_index = 15085, .adv_w = 173, .box_w = 9, .box_h = 18, .ofs_x = 1, .ofs_y = -5},
    {.bitmap_index = 15166, .adv_w = 173, .box_w = 9, .box_h = 18, .ofs_x = 1, .ofs_y = -5},
    {.bitmap_index = 15247, .adv_w = 173, .box_w = 9, .box_h = 13, .ofs_x = 1, .ofs_y = 0},
    {.bitmap_index = 15306, .adv_w = 173, .box_w = 9, .box_h = 13, .ofs_x = 1, .ofs_y = 0},
    {.bitmap_index = 15365, .adv_w = 173, .box_w = 10, .box_h = 13, .ofs_x = 0, .ofs_y = 0},
    {.bitmap_index = 15430, .adv_w = 173, .box_w = 9, .box_h = 13, .ofs_x = 1, .ofs_y = 0},
    {.bitmap_index = 15489, .adv_w = 173, .box_w = 9, .box_h = 17, .ofs_x = 1, .ofs_y = 0},
    {.bitmap_index = 15566, .adv_w = 173, .box_w = 9, .box_h = 13, .ofs_x = 1, .ofs_y = 0},
    {.bitmap_index = 15625, .adv_w = 173, .box_w = 9, .box_h = 18, .ofs_x = 1, .ofs_y = -5},
    {.bitmap_index = 15706, .adv_w = 173, .box_w = 9, .box_h = 15, .ofs_x = 1, .ofs_y = -5},
    {.bitmap_index = 15774, .adv_w = 173, .box_w = 9, .box_h = 17, .ofs_x = 1, .ofs_y = 0},
    {.bitmap_index = 15851, .adv_w = 173, .box_w = 9, .box_h = 14, .ofs_x = 1, .ofs_y = 0},
    {.bitmap_index = 15914, .adv_w = 173, .box_w = 9, .box_h = 16, .ofs_x = 1, .ofs_y = -3},
    {.bitmap_index = 15986, .adv_w = 173, .box_w = 9, .box_h = 13, .ofs_x = 1, .ofs_y = -3},
    {.bitmap_index = 16045, .adv_w = 173, .box_w = 11, .box_h = 17, .ofs_x = 0, .ofs_y = 0},
    {.bitmap_index = 16139, .adv_w = 173, .box_w = 10, .box_h = 13, .ofs_x = 0, .ofs_y = 0},
    {.bitmap_index = 16204, .adv_w = 173, .box_w = 11, .box_h = 17, .ofs_x = 0, .ofs_y = 0},
    {.bitmap_index = 16298, .adv_w = 173, .box_w = 10, .box_h = 13, .ofs_x = 0, .ofs_y = 0},
    {.bitmap_index = 16363, .adv_w = 173, .box_w = 11, .box_h = 13, .ofs_x = 0, .ofs_y = 0},
    {.bitmap_index = 16435, .adv_w = 173, .box_w = 11, .box_h = 10, .ofs_x = 0, .ofs_y = 0},
    {.bitmap_index = 16490, .adv_w = 173, .box_w = 9, .box_h = 17, .ofs_x = 1, .ofs_y = 0},
    {.bitmap_index = 16567, .adv_w = 173, .box_w = 9, .box_h = 13, .ofs_x = 1, .ofs_y = 0},
    {.bitmap_index = 16626, .adv_w = 173, .box_w = 9, .box_h = 18, .ofs_x = 1, .ofs_y = -5},
    {.bitmap_index = 16707, .adv_w = 173, .box_w = 9, .box_h = 15, .ofs_x = 1, .ofs_y = -5},
    {.bitmap_index = 16775, .adv_w = 173, .box_w = 9, .box_h = 17, .ofs_x = 1, .ofs_y = 0},
    {.bitmap_index = 16852, .adv_w = 173, .box_w = 9, .box_h = 14, .ofs_x = 1, .ofs_y = 0},
    {.bitmap_index = 16915, .adv_w = 173, .box_w = 11, .box_h = 17, .ofs_x = 0, .ofs_y = 0},
    {.bitmap_index = 17009, .adv_w = 173, .box_w = 9, .box_h = 13, .ofs_x = 1, .ofs_y = 0},
    {.bitmap_index = 17068, .adv_w = 173, .box_w = 11, .box_h = 17, .ofs_x = 0, .ofs_y = 0},
    {.bitmap_index = 17162, .adv_w = 173, .box_w = 9, .box_h = 14, .ofs_x = 1, .ofs_y = 0},
    {.bitmap_index = 17225, .adv_w = 173, .box_w = 11, .box_h = 18, .ofs_x = 0, .ofs_y = -5},
    {.bitmap_index = 17324, .adv_w = 173, .box_w = 9, .box_h = 15, .ofs_x = 1, .ofs_y = -5},
    {.bitmap_index = 17392, .adv_w = 173, .box_w = 11, .box_h = 17, .ofs_x = 0, .ofs_y = 0},
    {.bitmap_index = 17486, .adv_w = 173, .box_w = 9, .box_h = 14, .ofs_x = 1, .ofs_y = 0},
    {.bitmap_index = 17549, .adv_w = 173, .box_w = 11, .box_h = 18, .ofs_x = 0, .ofs_y = -5},
    {.bitmap_index = 17648, .adv_w = 173, .box_w = 10, .box_h = 17, .ofs_x = 0, .ofs_y = -5},
    {.bitmap_index = 17733, .adv_w = 173, .box_w = 11, .box_h = 17, .ofs_x = 0, .ofs_y = 0},
    {.bitmap_index = 17827, .adv_w = 173, .box_w = 10, .box_h = 15, .ofs_x = 0, .ofs_y = 0},
    {.bitmap_index = 17902, .adv_w = 173, .box_w = 11, .box_h = 13, .ofs_x = 0, .ofs_y = 0},
    {.bitmap_index = 17974, .adv_w = 173, .box_w = 10, .box_h = 12, .ofs_x = 0, .ofs_y = 0},
    {.bitmap_index = 18034, .adv_w = 173, .box_w = 9, .box_h = 17, .ofs_x = 1, .ofs_y = 0},
    {.bitmap_index = 18111, .adv_w = 173, .box_w = 9, .box_h = 13, .ofs_x = 1, .ofs_y = 0},
    {.bitmap_index = 18170, .adv_w = 173, .box_w = 9, .box_h = 17, .ofs_x = 1, .ofs_y = 0},
    {.bitmap_index = 18247, .adv_w = 173, .box_w = 9, .box_h = 13, .ofs_x = 1, .ofs_y = 0},
    {.bitmap_index = 18306, .adv_w = 173, .box_w = 9, .box_h = 17, .ofs_x = 1, .ofs_y = 0},
    {.bitmap_index = 18383, .adv_w = 173, .box_w = 9, .box_h = 13, .ofs_x = 1, .ofs_y = 0},
    {.bitmap_index = 18442, .adv_w = 173, .box_w = 9, .box_h = 18, .ofs_x = 1, .ofs_y = 0},
    {.bitmap_index = 18523, .adv_w = 173, .box_w = 9, .box_h = 14, .ofs_x = 1, .ofs_y = 0},
    {.bitmap_index = 18586, .adv_w = 173, .box_w = 9, .box_h = 17, .ofs_x = 1, .ofs_y = 0},
    {.bitmap_index = 18663, .adv_w = 173, .box_w = 9, .box_h = 13, .ofs_x = 1, .ofs_y = 0},
    {.bitmap_index = 18722, .adv_w = 173, .box_w = 9, .box_h = 17, .ofs_x = 1, .ofs_y = -4},
    {.bitmap_index = 18799, .adv_w = 173, .box_w = 9, .box_h = 14, .ofs_x = 1, .ofs_y = -4},
    {.bitmap_index = 18862, .adv_w = 173, .box_w = 11, .box_h = 17, .ofs_x = 0, .ofs_y = 0},
    {.bitmap_index = 18956, .adv_w = 173, .box_w = 11, .box_h = 14, .ofs_x = 0, .ofs_y = 0},
    {.bitmap_index = 19033, .adv_w = 173, .box_w = 11, .box_h = 17, .ofs_x = 0, .ofs_y = 0},
    {.bitmap_index = 19127, .adv_w = 173, .box_w = 10, .box_h = 17, .ofs_x = 0, .ofs_y = -3},
    {.bitmap_index = 19212, .adv_w = 173, .box_w = 11, .box_h = 16, .ofs_x = 0, .ofs_y = 0},
    {.bitmap_index = 19300, .adv_w = 173, .box_w = 10, .box_h = 17, .ofs_x = 0, .ofs_y = 0},
    {.bitmap_index = 19385, .adv_w = 173, .box_w = 9, .box_h = 13, .ofs_x = 1, .ofs_y = 0},
    {.bitmap_index = 19444, .adv_w = 173, .box_w = 10, .box_h = 16, .ofs_x = 0, .ofs_y = 0},
    {.bitmap_index = 19524, .adv_w = 173, .box_w = 9, .box_h = 13, .ofs_x = 1, .ofs_y = 0},
    {.bitmap_index = 19583, .adv_w = 173, .box_w = 10, .box_h = 17, .ofs_x = 0, .ofs_y = 0},
    {.bitmap_index = 19668, .adv_w = 173, .box_w = 9, .box_h = 14, .ofs_x = 1, .ofs_y = 0},
    {.bitmap_index = 19731, .adv_w = 173, .box_w = 9, .box_h = 2, .ofs_x = 1, .ofs_y = 5},
    {.bitmap_index = 19740, .adv_w = 173, .box_w = 11, .box_h = 2, .ofs_x = 0, .ofs_y = 5},
    {.bitmap_index = 19751, .adv_w = 173, .box_w = 3, .box_h = 6, .ofs_x = 4, .ofs_y = 7},
    {.bitmap_index = 19760, .adv_w = 173, .box_w = 3, .box_h = 6, .ofs_x = 4, .ofs_y = 7},
    {.bitmap_index = 19769, .adv_w = 173, .box_w = 3, .box_h = 6, .ofs_x = 4, .ofs_y = -3},
    {.bitmap_index = 19778, .adv_w = 173, .box_w = 7, .box_h = 6, .ofs_x = 2, .ofs_y = 7},
    {.bitmap_index = 19799, .adv_w = 173, .box_w = 7, .box_h = 6, .ofs_x = 2, .ofs_y = 7},
    {.bitmap_index = 19820, .adv_w = 173, .box_w = 7, .box_h = 6, .ofs_x = 2, .ofs_y = -3},
    {.bitmap_index = 19841, .adv_w = 173, .box_w = 9, .box_h = 13, .ofs_x = 1, .ofs_y = 0},
    {.bitmap_index = 19900, .adv_w = 173, .box_w = 9, .box_h = 13, .ofs_x = 1, .ofs_y = 0},
    {.bitmap_index = 19959, .adv_w = 173, .box_w = 5, .box_h = 5, .ofs_x = 3, .ofs_y = 4},
    {.bitmap_index = 19972, .adv_w = 173, .box_w = 11, .box_h = 3, .ofs_x = 0, .ofs_y = 0},
    {.bitmap_index = 19989, .adv_w = 288, .box_w = 19, .box_h = 19, .ofs_x = 0, .ofs_y = -3},
    {.bitmap_index = 20170, .adv_w = 288, .box_w = 18, .box_h = 14, .ofs_x = 0, .ofs_y = 0},
    {.bitmap_index = 20296, .adv_w = 288, .box_w = 18, .box_h = 17, .ofs_x = 0, .ofs_y = -2},
    {.bitmap_index = 20449, .adv_w = 288, .box_w = 18, .box_h = 14, .ofs_x = 0, .ofs_y = 0},
    {.bitmap_index = 20575, .adv_w = 198, .box_w = 13, .box_h = 13, .ofs_x = 0, .ofs_y = 0},
    {.bitmap_index = 20660, .adv_w = 288, .box_w = 19, .box_h = 18, .ofs_x = 0, .ofs_y = -2},
    {.bitmap_index = 20831, .adv_w = 288, .box_w = 18, .box_h = 19, .ofs_x = 0, .ofs_y = -3},
    {.bitmap_index = 21002, .adv_w = 324, .box_w = 21, .box_h = 17, .ofs_x = 0, .ofs_y = -2},
    {.bitmap_index = 21181, .adv_w = 288, .box_w = 18, .box_h = 19, .ofs_x = 0, .ofs_y = -3},
    {.bitmap_index = 21352, .adv_w = 324, .box_w = 21, .box_h = 14, .ofs_x = 0, .ofs_y = 0},
    {.bitmap_index = 21499, .adv_w = 288, .box_w = 18, .box_h = 19, .ofs_x = 0, .ofs_y = -3},
    {.bitmap_index = 21670, .adv_w = 144, .box_w = 9, .box_h = 15, .ofs_x = 0, .ofs_y = -1},
    {.bitmap_index = 21738, .adv_w = 216, .box_w = 14, .box_h = 15, .ofs_x = 0, .ofs_y = -1},
    {.bitmap_index = 21843, .adv_w = 324, .box_w = 21, .box_h = 18, .ofs_x = 0, .ofs_y = -2},
    {.bitmap_index = 22032, .adv_w = 288, .box_w = 18, .box_h = 14, .ofs_x = 0, .ofs_y = 0},
    {.bitmap_index = 22158, .adv_w = 198, .box_w = 13, .box_h = 19, .ofs_x = 0, .ofs_y = -3},
    {.bitmap_index = 22282, .adv_w = 252, .box_w = 12, .box_h = 17, .ofs_x = 2, .ofs_y = -2},
    {.bitmap_index = 22384, .adv_w = 252, .box_w = 16, .box_h = 19, .ofs_x = 0, .ofs_y = -3},
    {.bitmap_index = 22536, .adv_w = 252, .box_w = 16, .box_h = 17, .ofs_x = 0, .ofs_y = -2},
    {.bitmap_index = 22672, .adv_w = 252, .box_w = 16, .box_h = 17, .ofs_x = 0, .ofs_y = -2},
    {.bitmap_index = 22808, .adv_w = 252, .box_w = 12, .box_h = 17, .ofs_x = 2, .ofs_y = -2},
    {.bitmap_index = 22910, .adv_w = 252, .box_w = 18, .box_h = 17, .ofs_x = -1, .ofs_y = -2},
    {.bitmap_index = 23063, .adv_w = 180, .box_w = 11, .box_h = 16, .ofs_x = 0, .ofs_y = -1},
    {.bitmap_index = 23151, .adv_w = 180, .box_w = 11, .box_h = 16, .ofs_x = 0, .ofs_y = -1},
    {.bitmap_index = 23239, .adv_w = 252, .box_w = 16, .box_h = 17, .ofs_x = 0, .ofs_y = -2},
    {.bitmap_index = 23375, .adv_w = 252, .box_w = 16, .box_h = 4, .ofs_x = 0, .ofs_y = 5},
    {.bitmap_index = 23407, .adv_w = 324, .box_w = 21, .box_h = 14, .ofs_x = 0, .ofs_y = 0},
    {.bitmap_index = 23554, .adv_w = 360, .box_w = 23, .box_h = 19, .ofs_x = 0, .ofs_y = -3},
    {.bitmap_index = 23773, .adv_w = 324, .box_w = 22, .box_h = 19, .ofs_x = -1, .ofs_y = -3},
    {.bitmap_index = 23982, .adv_w = 288, .box_w = 18, .box_h = 17, .ofs_x = 0, .ofs_y = -2},
    {.bitmap_index = 24135, .adv_w = 252, .box_w = 16, .box_h = 10, .ofs_x = 0, .ofs_y = 2},
    {.bitmap_index = 24215, .adv_w = 252, .box_w = 16, .box_h = 10, .ofs_x = 0, .ofs_y = 2},
    {.bitmap_index = 24295, .adv_w = 360, .box_w = 24, .box_h = 15, .ofs_x = -1, .ofs_y = -1},
    {.bitmap_index = 24475, .adv_w = 288, .box_w = 18, .box_h = 14, .ofs_x = 0, .ofs_y = 0},
    {.bitmap_index = 24601, .adv_w = 288, .box_w = 18, .box_h = 19, .ofs_x = 0, .ofs_y = -3},
    {.bitmap_index = 24772, .adv_w = 288, .box_w = 19, .box_h = 19, .ofs_x = -1, .ofs_y = -3},
    {.bitmap_index = 24953, .adv_w = 252, .box_w = 16, .box_h = 17, .ofs_x = 0, .ofs_y = -2},
    {.bitmap_index = 25089, .adv_w = 252, .box_w = 16, .box_h = 19, .ofs_x = 0, .ofs_y = -3},
    {.bitmap_index = 25241, .adv_w = 252, .box_w = 16, .box_h = 17, .ofs_x = 0, .ofs_y = -2},
    {.bitmap_index = 25377, .adv_w = 252, .box_w = 16, .box_h = 15, .ofs_x = 0, .ofs_y = -1},
    {.bitmap_index = 25497, .adv_w = 288, .box_w = 18, .box_h = 14, .ofs_x = 0, .ofs_y = 0},
    {.bitmap_index = 25623, .adv_w = 180, .box_w = 13, .box_h = 19, .ofs_x = -1, .ofs_y = -3},
    {.bitmap_index = 25747, .adv_w = 252, .box_w = 16, .box_h = 19, .ofs_x = 0, .ofs_y = -3},
    {.bitmap_index = 25899, .adv_w = 252, .box_w = 16, .box_h = 19, .ofs_x = 0, .ofs_y = -3},
    {.bitmap_index = 26051, .adv_w = 324, .box_w = 21, .box_h = 14, .ofs_x = 0, .ofs_y = 0},
    {.bitmap_index = 26198, .adv_w = 288, .box_w = 20, .box_h = 20, .ofs_x = -1, .ofs_y = -3},
    {.bitmap_index = 26398, .adv_w = 216, .box_w = 14, .box_h = 19, .ofs_x = 0, .ofs_y = -3},
    {.bitmap_index = 26531, .adv_w = 360, .box_w = 23, .box_h = 18, .ofs_x = 0, .ofs_y = -2},
    {.bitmap_index = 26738, .adv_w = 360, .box_w = 23, .box_h = 12, .ofs_x = 0, .ofs_y = 1},
    {.bitmap_index = 26876, .adv_w = 360, .box_w = 23, .box_h = 12, .ofs_x = 0, .ofs_y = 1},
    {.bitmap_index = 27014, .adv_w = 360, .box_w = 23, .box_h = 12, .ofs_x = 0, .ofs_y = 1},
    {.bitmap_index = 27152, .adv_w = 360, .box_w = 23, .box_h = 12, .ofs_x = 0, .ofs_y = 1},
    {.bitmap_index = 27290, .adv_w = 360, .box_w = 23, .box_h = 12, .ofs_x = 0, .ofs_y = 1},
    {.bitmap_index = 27428, .adv_w = 360, .box_w = 23, .box_h = 15, .ofs_x = 0, .ofs_y = -1},
    {.bitmap_index = 27601, .adv_w = 252, .box_w = 14, .box_h = 19, .ofs_x = 1, .ofs_y = -3},
    {.bitmap_index = 27734, .adv_w = 252, .box_w = 16, .box_h = 19, .ofs_x = 0, .ofs_y = -3},
    {.bitmap_index = 27886, .adv_w = 288, .box_w = 19, .box_h = 19, .ofs_x = -1, .ofs_y = -3},
    {.bitmap_index = 28067, .adv_w = 360, .box_w = 23, .box_h = 14, .ofs_x = 0, .ofs_y = 0},
    {.bitmap_index = 28228, .adv_w = 216, .box_w = 14, .box_h = 19, .ofs_x = 0, .ofs_y = -3},
    {.bitmap_index = 28361, .adv_w = 290, .box_w = 19, .box_h = 12, .ofs_x = 0, .ofs_y = 1}
};

/*---------------------
 *  CHARACTER MAPPING
 *--------------------*/

static const uint8_t glyph_id_ofs_list_4[] = {
    0, 1, 2, 3, 0, 0, 4, 5,
    6, 7, 0, 8, 9, 10, 11, 12,
    13, 0, 0, 14, 15, 16, 17, 18,
    19, 20, 21, 0, 22, 23, 24, 25
};

static const uint16_t unicode_list_6[] = {
    0x0, 0x1, 0x5, 0x6, 0x7, 0x9, 0xa, 0xb,
    0xd, 0xe, 0xf, 0x13, 0xcfee, 0xcff5, 0xcff8, 0xcff9,
    0xcffa, 0xcffe, 0xd000, 0xd002, 0xd006, 0xd009, 0xd00e, 0xd013,
    0xd014, 0xd015, 0xd02b, 0xd030, 0xd035, 0xd038, 0xd039, 0xd03a,
    0xd03e, 0xd03f, 0xd040, 0xd041, 0xd054, 0xd055, 0xd05b, 0xd05d,
    0xd05e, 0xd061, 0xd064, 0xd065, 0xd066, 0xd068, 0xd080, 0xd082,
    0xd0b1, 0xd0b2, 0xd0b4, 0xd0b6, 0xd0cd, 0xd0d4, 0xd0d7, 0xd0e0,
    0xd109, 0xd111, 0xd148, 0xd1d8, 0xd22d, 0xd22e, 0xd22f, 0xd230,
    0xd231, 0xd274, 0xd280, 0xd2da, 0xd2f1, 0xd547, 0xd7af, 0xd88f
};

/*Collect the unicode lists and glyph_id offsets*/
static const lv_font_fmt_txt_cmap_t cmaps[] =
{
    {
        .range_start = 32, .range_length = 95, .glyph_id_start = 1,
        .unicode_list = NULL, .glyph_id_ofs_list = NULL, .list_length = 0, .type = LV_FONT_FMT_TXT_CMAP_FORMAT0_TINY
    },
    {
        .range_start = 160, .range_length = 13, .glyph_id_start = 96,
        .unicode_list = NULL, .glyph_id_ofs_list = NULL, .list_length = 0, .type = LV_FONT_FMT_TXT_CMAP_FORMAT0_TINY
    },
    {
        .range_start = 174, .range_length = 102, .glyph_id_start = 109,
        .unicode_list = NULL, .glyph_id_ofs_list = NULL, .list_length = 0, .type = LV_FONT_FMT_TXT_CMAP_FORMAT0_TINY
    },
    {
        .range_start = 278, .range_length = 22, .glyph_id_start = 211,
        .unicode_list = NULL, .glyph_id_ofs_list = NULL, .list_length = 0, .type = LV_FONT_FMT_TXT_CMAP_FORMAT0_TINY
    },
    {
        .range_start = 302, .range_length = 32, .glyph_id_start = 233,
        .unicode_list = NULL, .glyph_id_ofs_list = glyph_id_ofs_list_4, .list_length = 32, .type = LV_FONT_FMT_TXT_CMAP_FORMAT0_FULL
    },
    {
        .range_start = 336, .range_length = 47, .glyph_id_start = 259,
        .unicode_list = NULL, .glyph_id_ofs_list = NULL, .list_length = 0, .type = LV_FONT_FMT_TXT_CMAP_FORMAT0_TINY
    },
    {
        .range_start = 8211, .range_length = 55440, .glyph_id_start = 306,
        .unicode_list = unicode_list_6, .glyph_id_ofs_list = NULL, .list_length = 72, .type = LV_FONT_FMT_TXT_CMAP_SPARSE_TINY
    }
};



/*--------------------
 *  ALL CUSTOM DATA
 *--------------------*/

#if LV_VERSION_CHECK(8, 0, 0)
/*Store all the custom data of the font*/
static  lv_font_fmt_txt_glyph_cache_t cache;
static const lv_font_fmt_txt_dsc_t font_dsc = {
#else
static lv_font_fmt_txt_dsc_t font_dsc = {
#endif
    .glyph_bitmap = glyph_bitmap,
    .glyph_dsc = glyph_dsc,
    .cmaps = cmaps,
    .kern_dsc = NULL,
    .kern_scale = 0,
    .cmap_num = 7,
    .bpp = 4,
    .kern_classes = 0,
    .bitmap_format = 0,
#if LV_VERSION_CHECK(8, 0, 0)
    .cache = &cache
#endif
};


/*-----------------
 *  PUBLIC FONT
 *----------------*/

/*Initialize a public general font descriptor*/
#if LV_VERSION_CHECK(8, 0, 0)
const lv_font_t airki_mono_18 = {
#else
lv_font_t airki_mono_18 = {
#endif
    .get_glyph_dsc = lv_font_get_glyph_dsc_fmt_txt,    /*Function pointer to get glyph's data*/
    .get_glyph_bitmap = lv_font_get_bitmap_fmt_txt,    /*Function pointer to get glyph's bitmap*/
    .line_height = 23,          /*The maximum line height required by the font*/
    .base_line = 5,             /*Baseline measured from the bottom of the line*/
#if !(LVGL_VERSION_MAJOR == 6 && LVGL_VERSION_MINOR == 0)
    .subpx = LV_FONT_SUBPX_NONE,
#endif
#if LV_VERSION_CHECK(7, 4, 0) || LVGL_VERSION_MAJOR >= 8
    .underline_position = -2,
    .underline_thickness = 1,
#endif
    .dsc = &font_dsc           /*The custom font data. Will be accessed by `get_glyph_bitmap/dsc` */
};



#endif /*#if AIRKI_MONO_18*/

