/*******************************************************************************
 * Size: 22 px
 * Bpp: 4
 * Opts: --no-compress --bpp 4 --size 22 --font InstrumentSans-SemiBold.ttf -r 0x20-0x7F,0xA0-0x17F,0x2013-0x2026 --font ../../.pio/libdeps/WS-241/lvgl/scripts/built_in_font/FontAwesome5-Solid+Brands+Regular.woff -r 61441,61448,61451,61452,61453,61457,61459,61461,61465,61468,61473,61478,61479,61480,61502,61507,61512,61515,61516,61517,61521,61522,61523,61524,61543,61544,61550,61552,61553,61556,61559,61560,61561,61563,61587,61589,61636,61637,61639,61641,61664,61671,61674,61683,61724,61732,61787,61931,62016,62017,62018,62019,62020,62087,62099,62212,62189,62810,63426,63650 --format lvgl --lv-include lvgl.h --force-fast-kern-format -o ../../examples/at_core_debug/fonts/airki_sans_22.c
 ******************************************************************************/

#ifdef LV_LVGL_H_INCLUDE_SIMPLE
#include "lvgl.h"
#else
#include "lvgl.h"
#endif

#ifndef AIRKI_SANS_22
#define AIRKI_SANS_22 1
#endif

#if AIRKI_SANS_22

/*-----------------
 *    BITMAPS
 *----------------*/

/*Store the image of the glyphs*/
static LV_ATTRIBUTE_LARGE_CONST const uint8_t glyph_bitmap[] = {
    /* U+0020 " " */

    /* U+0021 "!" */
    0x4f, 0xfc, 0x3f, 0xfb, 0x3f, 0xfb, 0x2f, 0xfa,
    0x2f, 0xf9, 0x1f, 0xf9, 0xf, 0xf8, 0xf, 0xf8,
    0xf, 0xf7, 0xf, 0xf6, 0xe, 0xf6, 0x3, 0x31,
    0x0, 0x0, 0x15, 0x54, 0x5f, 0xfd, 0x5f, 0xfd,
    0x5f, 0xfd,

    /* U+0022 "\"" */
    0x4f, 0xd1, 0x2d, 0xe3, 0xcf, 0xf6, 0x8f, 0xfa,
    0xbf, 0xf5, 0x7f, 0xf9, 0x8f, 0xf2, 0x4f, 0xf6,
    0x4f, 0xe0, 0xf, 0xf2, 0xf, 0xa0, 0xc, 0xe0,
    0xc, 0x60, 0x8, 0xa0, 0x0, 0x0, 0x0, 0x0,

    /* U+0023 "#" */
    0x0, 0x0, 0xe, 0xf8, 0x0, 0x7f, 0xf0, 0x0,
    0x0, 0x0, 0xf, 0xf6, 0x0, 0x9f, 0xd0, 0x0,
    0x0, 0x0, 0x3f, 0xf3, 0x0, 0xbf, 0xb0, 0x0,
    0x0, 0x0, 0x5f, 0xf1, 0x0, 0xdf, 0x90, 0x0,
    0x4, 0x66, 0xaf, 0xf6, 0x66, 0xff, 0xb6, 0x61,
    0xb, 0xff, 0xff, 0xff, 0xff, 0xff, 0xff, 0xf3,
    0xb, 0xff, 0xff, 0xff, 0xff, 0xff, 0xff, 0xf3,
    0x0, 0x0, 0xdf, 0x90, 0x5, 0xff, 0x10, 0x0,
    0x0, 0x0, 0xff, 0x70, 0x7, 0xff, 0x0, 0x0,
    0x0, 0x1, 0xff, 0x50, 0x9, 0xfd, 0x0, 0x0,
    0x3f, 0xff, 0xff, 0xff, 0xff, 0xff, 0xff, 0xa0,
    0x3f, 0xff, 0xff, 0xff, 0xff, 0xff, 0xff, 0xa0,
    0x16, 0x6b, 0xff, 0x66, 0x6f, 0xfa, 0x66, 0x40,
    0x0, 0x9, 0xfd, 0x0, 0x2f, 0xf4, 0x0, 0x0,
    0x0, 0xb, 0xfb, 0x0, 0x4f, 0xf2, 0x0, 0x0,
    0x0, 0xd, 0xf9, 0x0, 0x6f, 0xf0, 0x0, 0x0,
    0x0, 0xf, 0xf7, 0x0, 0x8f, 0xe0, 0x0, 0x0,

    /* U+0024 "$" */
    0x0, 0x0, 0x0, 0x78, 0x20, 0x0, 0x0, 0x0,
    0x0, 0x0, 0xef, 0x50, 0x0, 0x0, 0x0, 0x0,
    0x0, 0xef, 0x50, 0x0, 0x0, 0x0, 0x1, 0x8d,
    0xff, 0xea, 0x30, 0x0, 0x0, 0x4f, 0xff, 0xff,
    0xff, 0xf7, 0x0, 0x1, 0xff, 0xf9, 0x55, 0x9f,
    0xff, 0x50, 0x6, 0xff, 0x60, 0x0, 0x4, 0xff,
    0xc0, 0x8, 0xff, 0x30, 0x0, 0x0, 0xcf, 0xf1,
    0x7, 0xff, 0xa0, 0x0, 0x0, 0x0, 0x0, 0x3,
    0xff, 0xfd, 0x72, 0x0, 0x0, 0x0, 0x0, 0x8f,
    0xff, 0xff, 0xd8, 0x20, 0x0, 0x0, 0x5, 0xef,
    0xff, 0xff, 0xf8, 0x0, 0x0, 0x0, 0x4, 0x9e,
    0xff, 0xff, 0x90, 0x0, 0x0, 0x0, 0x0, 0x3a,
    0xff, 0xf1, 0x28, 0x83, 0x0, 0x0, 0x0, 0xaf,
    0xf5, 0x2f, 0xfb, 0x0, 0x0, 0x0, 0x6f, 0xf5,
    0xc, 0xff, 0x50, 0x0, 0x0, 0xaf, 0xf3, 0x4,
    0xff, 0xfb, 0x65, 0x6b, 0xff, 0xd0, 0x0, 0x5f,
    0xff, 0xff, 0xff, 0xfe, 0x20, 0x0, 0x1, 0x8c,
    0xff, 0xfc, 0x71, 0x0, 0x0, 0x0, 0x0, 0xef,
    0x50, 0x0, 0x0, 0x0, 0x0, 0x0, 0xef, 0x50,
    0x0, 0x0, 0x0, 0x0, 0x0, 0x78, 0x20, 0x0,
    0x0,

    /* U+0025 "%" */
    0x0, 0x7e, 0xfc, 0x40, 0x0, 0x0, 0x1e, 0xf5,
    0x0, 0x7f, 0xc9, 0xef, 0x30, 0x0, 0xa, 0xfa,
    0x0, 0xf, 0xe0, 0x4, 0xfa, 0x0, 0x5, 0xfe,
    0x10, 0x2, 0xfa, 0x0, 0xf, 0xd0, 0x1, 0xef,
    0x40, 0x0, 0x3f, 0xa0, 0x0, 0xee, 0x0, 0xbf,
    0x90, 0x0, 0x2, 0xfc, 0x0, 0x1f, 0xd0, 0x6f,
    0xd0, 0x0, 0x0, 0xd, 0xf5, 0xa, 0xf8, 0x2f,
    0xf3, 0x0, 0x0, 0x0, 0x4f, 0xff, 0xfe, 0x1c,
    0xf8, 0x0, 0x0, 0x0, 0x0, 0x3a, 0xb8, 0x17,
    0xfd, 0x0, 0x0, 0x0, 0x0, 0x0, 0x0, 0x2,
    0xff, 0x32, 0xbf, 0xfa, 0x10, 0x0, 0x0, 0x0,
    0xcf, 0x71, 0xef, 0xdd, 0xfd, 0x0, 0x0, 0x0,
    0x8f, 0xc0, 0x7f, 0x90, 0xb, 0xf5, 0x0, 0x0,
    0x3f, 0xf2, 0xa, 0xf4, 0x0, 0x6f, 0x70, 0x0,
    0xd, 0xf6, 0x0, 0xaf, 0x30, 0x5, 0xf7, 0x0,
    0x9, 0xfb, 0x0, 0x7, 0xf7, 0x0, 0xaf, 0x40,
    0x4, 0xff, 0x10, 0x0, 0x1e, 0xf9, 0xaf, 0xd0,
    0x0, 0xef, 0x50, 0x0, 0x0, 0x2b, 0xff, 0xa1,
    0x0,

    /* U+0026 "&" */
    0x0, 0x0, 0x3b, 0xff, 0xd7, 0x0, 0x0, 0x0,
    0x0, 0x0, 0x4f, 0xff, 0xff, 0xfc, 0x0, 0x0,
    0x0, 0x0, 0xe, 0xfe, 0x41, 0x8f, 0xf6, 0x0,
    0x0, 0x0, 0x2, 0xff, 0x80, 0x0, 0xdf, 0xa0,
    0x0, 0x0, 0x0, 0x1f, 0xf9, 0x0, 0xe, 0xfa,
    0x0, 0x0, 0x0, 0x0, 0xdf, 0xf2, 0x7, 0xff,
    0x50, 0x0, 0x0, 0x0, 0x4, 0xff, 0xdb, 0xff,
    0xb0, 0x0, 0x0, 0x0, 0x0, 0x3e, 0xff, 0xff,
    0xa0, 0x0, 0x0, 0x0, 0x0, 0x8f, 0xff, 0xff,
    0xc0, 0x0, 0x6f, 0xf4, 0x0, 0x8f, 0xfd, 0x4b,
    0xff, 0xa0, 0x7, 0xff, 0x30, 0x1f, 0xfd, 0x0,
    0xc, 0xff, 0x90, 0xaf, 0xf0, 0x5, 0xff, 0x70,
    0x0, 0x1d, 0xff, 0x8f, 0xfb, 0x0, 0x5f, 0xf7,
    0x0, 0x0, 0x1e, 0xff, 0xff, 0x40, 0x3, 0xff,
    0xc0, 0x0, 0x0, 0x2f, 0xff, 0xc0, 0x0, 0xb,
    0xff, 0xc5, 0x33, 0x5b, 0xff, 0xff, 0x40, 0x0,
    0x1c, 0xff, 0xff, 0xff, 0xff, 0xbf, 0xff, 0x30,
    0x0, 0x5, 0xbe, 0xff, 0xd9, 0x20, 0x6f, 0xff,
    0x30,

    /* U+0027 "'" */
    0x4f, 0xd1, 0xcf, 0xf6, 0xbf, 0xf5, 0x8f, 0xf2,
    0x4f, 0xe0, 0xf, 0xa0, 0xc, 0x60, 0x0, 0x0,

    /* U+0028 "(" */
    0x0, 0x0, 0x5d, 0xd4, 0x0, 0x4, 0xff, 0x70,
    0x0, 0x1e, 0xfb, 0x0, 0x0, 0x9f, 0xf1, 0x0,
    0x2, 0xff, 0x80, 0x0, 0x8, 0xff, 0x10, 0x0,
    0xe, 0xfc, 0x0, 0x0, 0x1f, 0xf8, 0x0, 0x0,
    0x4f, 0xf5, 0x0, 0x0, 0x5f, 0xf4, 0x0, 0x0,
    0x6f, 0xf4, 0x0, 0x0, 0x4f, 0xf5, 0x0, 0x0,
    0x2f, 0xf7, 0x0, 0x0, 0xe, 0xfb, 0x0, 0x0,
    0xa, 0xff, 0x10, 0x0, 0x3, 0xff, 0x70, 0x0,
    0x0, 0xbf, 0xe1, 0x0, 0x0, 0x2f, 0xfa, 0x0,
    0x0, 0x6, 0xff, 0x60, 0x0, 0x0, 0x8f, 0xf4,

    /* U+0029 ")" */
    0x8, 0xdc, 0x20, 0x0, 0x0, 0xc, 0xfd, 0x10,
    0x0, 0x0, 0x1f, 0xfa, 0x0, 0x0, 0x0, 0x6f,
    0xf5, 0x0, 0x0, 0x0, 0xdf, 0xd0, 0x0, 0x0,
    0x7, 0xff, 0x30, 0x0, 0x0, 0x1f, 0xf8, 0x0,
    0x0, 0x0, 0xdf, 0xc0, 0x0, 0x0, 0xb, 0xff,
    0x0, 0x0, 0x0, 0xaf, 0xf0, 0x0, 0x0, 0xa,
    0xff, 0x0, 0x0, 0x0, 0xbf, 0xf0, 0x0, 0x0,
    0xd, 0xfc, 0x0, 0x0, 0x1, 0xff, 0x90, 0x0,
    0x0, 0x6f, 0xf4, 0x0, 0x0, 0xc, 0xfd, 0x0,
    0x0, 0x5, 0xff, 0x50, 0x0, 0x0, 0xef, 0xb0,
    0x0, 0x0, 0xaf, 0xe1, 0x0, 0x0, 0x9f, 0xf3,
    0x0, 0x0,

    /* U+002A "*" */
    0x0, 0x5, 0xfd, 0x0, 0x0, 0x3d, 0x3f, 0x97,
    0xb0, 0xc, 0xfe, 0xfd, 0xff, 0x40, 0x17, 0xff,
    0xfb, 0x40, 0x9, 0xff, 0xff, 0xfc, 0x30, 0x7f,
    0x7f, 0x9d, 0xe0, 0x0, 0x54, 0xfb, 0x14, 0x0,
    0x0, 0x27, 0x60, 0x0,

    /* U+002B "+" */
    0x0, 0x0, 0x88, 0x0, 0x0, 0x0, 0x1, 0xff,
    0x10, 0x0, 0x0, 0x1, 0xff, 0x10, 0x0, 0x0,
    0x1, 0xff, 0x10, 0x0, 0x22, 0x23, 0xff, 0x32,
    0x22, 0xdf, 0xff, 0xff, 0xff, 0xfc, 0xdf, 0xff,
    0xff, 0xff, 0xfc, 0x0, 0x1, 0xff, 0x10, 0x0,
    0x0, 0x1, 0xff, 0x10, 0x0, 0x0, 0x1, 0xff,
    0x10, 0x0, 0x0, 0x1, 0xff, 0x10, 0x0,

    /* U+002C "," */
    0x25, 0x53, 0x8f, 0xf9, 0x8f, 0xf9, 0x8f, 0xf9,
    0x1, 0xf7, 0x7, 0xf2, 0x7f, 0x70, 0x54, 0x0,

    /* U+002D "-" */
    0x37, 0x77, 0x77, 0x77, 0x28, 0xff, 0xff, 0xff,
    0xf6, 0x8f, 0xff, 0xff, 0xff, 0x60,

    /* U+002E "." */
    0x25, 0x53, 0x9f, 0xfa, 0x9f, 0xfa, 0x9f, 0xfa,

    /* U+002F "/" */
    0x0, 0x0, 0x0, 0x48, 0x70, 0x0, 0x0, 0xb,
    0xfa, 0x0, 0x0, 0x0, 0xff, 0x60, 0x0, 0x0,
    0x5f, 0xf1, 0x0, 0x0, 0x9, 0xfc, 0x0, 0x0,
    0x0, 0xef, 0x80, 0x0, 0x0, 0x3f, 0xf3, 0x0,
    0x0, 0x8, 0xfe, 0x0, 0x0, 0x0, 0xcf, 0x90,
    0x0, 0x0, 0x1f, 0xf5, 0x0, 0x0, 0x6, 0xff,
    0x0, 0x0, 0x0, 0xaf, 0xb0, 0x0, 0x0, 0xf,
    0xf7, 0x0, 0x0, 0x4, 0xff, 0x20, 0x0, 0x0,
    0x9f, 0xd0, 0x0, 0x0, 0xd, 0xf8, 0x0, 0x0,
    0x2, 0xff, 0x40, 0x0, 0x0, 0x7f, 0xf0, 0x0,
    0x0, 0xb, 0xfa, 0x0, 0x0, 0x1, 0xff, 0x60,
    0x0, 0x0,

    /* U+0030 "0" */
    0x0, 0x0, 0x4b, 0xef, 0xea, 0x30, 0x0, 0x0,
    0x0, 0x8f, 0xff, 0xff, 0xff, 0x60, 0x0, 0x0,
    0x7f, 0xff, 0xa8, 0xbf, 0xff, 0x50, 0x0, 0x1f,
    0xff, 0x40, 0x0, 0x5f, 0xfe, 0x0, 0x8, 0xff,
    0x90, 0x0, 0x0, 0xbf, 0xf6, 0x0, 0xdf, 0xf3,
    0x0, 0x0, 0x5, 0xff, 0xb0, 0xf, 0xff, 0x0,
    0x0, 0x0, 0x1f, 0xfe, 0x2, 0xff, 0xe0, 0x0,
    0x0, 0x0, 0xff, 0xf0, 0x2f, 0xfd, 0x0, 0x0,
    0x0, 0xf, 0xff, 0x12, 0xff, 0xe0, 0x0, 0x0,
    0x0, 0xff, 0xf0, 0xf, 0xff, 0x0, 0x0, 0x0,
    0x2f, 0xfe, 0x0, 0xcf, 0xf3, 0x0, 0x0, 0x5,
    0xff, 0xb0, 0x7, 0xff, 0xa0, 0x0, 0x0, 0xcf,
    0xf6, 0x0, 0x1f, 0xff, 0x50, 0x0, 0x6f, 0xfe,
    0x0, 0x0, 0x6f, 0xff, 0xb8, 0xbf, 0xff, 0x40,
    0x0, 0x0, 0x7f, 0xff, 0xff, 0xff, 0x60, 0x0,
    0x0, 0x0, 0x3a, 0xef, 0xea, 0x20, 0x0, 0x0,

    /* U+0031 "1" */
    0x0, 0x0, 0x7f, 0xf2, 0x0, 0x6, 0xff, 0xf2,
    0x3, 0xbf, 0xff, 0xf2, 0x9f, 0xff, 0xff, 0xf2,
    0xaf, 0xf9, 0xaf, 0xf2, 0x9b, 0x40, 0xaf, 0xf2,
    0x0, 0x0, 0xaf, 0xf2, 0x0, 0x0, 0xaf, 0xf2,
    0x0, 0x0, 0xaf, 0xf2, 0x0, 0x0, 0xaf, 0xf2,
    0x0, 0x0, 0xaf, 0xf2, 0x0, 0x0, 0xaf, 0xf2,
    0x0, 0x0, 0xaf, 0xf2, 0x0, 0x0, 0xaf, 0xf2,
    0x0, 0x0, 0xaf, 0xf2, 0x0, 0x0, 0xaf, 0xf2,
    0x0, 0x0, 0xaf, 0xf2,

    /* U+0032 "2" */
    0x0, 0x6, 0xcf, 0xfe, 0xa2, 0x0, 0x0, 0xcf,
    0xff, 0xff, 0xff, 0x40, 0xa, 0xff, 0xd7, 0x6c,
    0xff, 0xe0, 0x2f, 0xfe, 0x10, 0x0, 0xdf, 0xf5,
    0x6f, 0xf8, 0x0, 0x0, 0x8f, 0xf8, 0x1, 0x10,
    0x0, 0x0, 0x9f, 0xf8, 0x0, 0x0, 0x0, 0x0,
    0xdf, 0xf6, 0x0, 0x0, 0x0, 0x5, 0xff, 0xf1,
    0x0, 0x0, 0x0, 0x1e, 0xff, 0x90, 0x0, 0x0,
    0x1, 0xdf, 0xfe, 0x10, 0x0, 0x0, 0x1c, 0xff,
    0xf3, 0x0, 0x0, 0x1, 0xcf, 0xff, 0x40, 0x0,
    0x0, 0x1d, 0xff, 0xf4, 0x0, 0x0, 0x2, 0xef,
    0xff, 0x30, 0x0, 0x0, 0x2f, 0xff, 0xf8, 0x66,
    0x66, 0x64, 0x5f, 0xff, 0xff, 0xff, 0xff, 0xfd,
    0x5f, 0xff, 0xff, 0xff, 0xff, 0xfd,

    /* U+0033 "3" */
    0x0, 0x4, 0xbe, 0xfe, 0xb4, 0x0, 0x0, 0x9,
    0xff, 0xff, 0xff, 0xf8, 0x0, 0x6, 0xff, 0xf8,
    0x69, 0xff, 0xf3, 0x0, 0xef, 0xf3, 0x0, 0x9,
    0xff, 0x90, 0x2f, 0xfc, 0x0, 0x0, 0x5f, 0xfb,
    0x0, 0x0, 0x0, 0x0, 0x7, 0xff, 0x90, 0x0,
    0x0, 0x0, 0x4, 0xff, 0xf4, 0x0, 0x0, 0x6,
    0xff, 0xff, 0xfa, 0x0, 0x0, 0x0, 0x6f, 0xff,
    0xfd, 0x10, 0x0, 0x0, 0x2, 0x55, 0x8f, 0xfe,
    0x10, 0x0, 0x0, 0x0, 0x0, 0x5f, 0xfa, 0x2,
    0x66, 0x30, 0x0, 0x0, 0xff, 0xf0, 0x4f, 0xfa,
    0x0, 0x0, 0xf, 0xff, 0x10, 0xff, 0xf2, 0x0,
    0x5, 0xff, 0xe0, 0x7, 0xff, 0xf8, 0x69, 0xff,
    0xf8, 0x0, 0x9, 0xff, 0xff, 0xff, 0xfb, 0x0,
    0x0, 0x4, 0xbe, 0xfe, 0xb5, 0x0, 0x0,

    /* U+0034 "4" */
    0x0, 0x0, 0x0, 0x0, 0xdf, 0xf4, 0x0, 0x0,
    0x0, 0x0, 0x9f, 0xff, 0x40, 0x0, 0x0, 0x0,
    0x5f, 0xff, 0xf4, 0x0, 0x0, 0x0, 0x1e, 0xff,
    0xff, 0x40, 0x0, 0x0, 0xb, 0xff, 0xef, 0xf4,
    0x0, 0x0, 0x7, 0xff, 0xb8, 0xff, 0x40, 0x0,
    0x2, 0xff, 0xe1, 0x8f, 0xf4, 0x0, 0x0, 0xdf,
    0xf4, 0x8, 0xff, 0x40, 0x0, 0x9f, 0xf9, 0x0,
    0x8f, 0xf4, 0x0, 0x4f, 0xfd, 0x0, 0x8, 0xff,
    0x40, 0x1e, 0xff, 0x30, 0x0, 0x8f, 0xf4, 0x6,
    0xff, 0xff, 0xff, 0xff, 0xff, 0xff, 0x6f, 0xff,
    0xff, 0xff, 0xff, 0xff, 0xf2, 0x66, 0x66, 0x66,
    0x6c, 0xff, 0x86, 0x0, 0x0, 0x0, 0x0, 0xaf,
    0xf4, 0x0, 0x0, 0x0, 0x0, 0xa, 0xff, 0x40,
    0x0, 0x0, 0x0, 0x0, 0xaf, 0xf4, 0x0,

    /* U+0035 "5" */
    0x0, 0xcf, 0xff, 0xff, 0xff, 0xf2, 0x0, 0xd,
    0xff, 0xff, 0xff, 0xff, 0x20, 0x0, 0xff, 0xe6,
    0x66, 0x66, 0x60, 0x0, 0xf, 0xfb, 0x0, 0x0,
    0x0, 0x0, 0x1, 0xff, 0xa0, 0x0, 0x0, 0x0,
    0x0, 0x3f, 0xf9, 0x3, 0x30, 0x0, 0x0, 0x4,
    0xff, 0xdf, 0xff, 0xf9, 0x0, 0x0, 0x5f, 0xff,
    0xff, 0xff, 0xfc, 0x0, 0x6, 0xff, 0xb2, 0x4,
    0xef, 0xf7, 0x0, 0x25, 0x50, 0x0, 0x5, 0xff,
    0xd0, 0x0, 0x0, 0x0, 0x0, 0xf, 0xff, 0x0,
    0x0, 0x0, 0x0, 0x0, 0xff, 0xf1, 0x3f, 0xfa,
    0x0, 0x0, 0x1f, 0xff, 0x0, 0xef, 0xf3, 0x0,
    0x8, 0xff, 0xc0, 0x7, 0xff, 0xf8, 0x6a, 0xff,
    0xf4, 0x0, 0xa, 0xff, 0xff, 0xff, 0xf8, 0x0,
    0x0, 0x5, 0xbf, 0xfe, 0xb4, 0x0, 0x0,

    /* U+0036 "6" */
    0x0, 0x0, 0x5b, 0xff, 0xe9, 0x20, 0x0, 0x0,
    0xaf, 0xff, 0xff, 0xff, 0x30, 0x0, 0x8f, 0xfe,
    0x76, 0xaf, 0xfe, 0x0, 0x2f, 0xfe, 0x10, 0x0,
    0xaf, 0xf6, 0x8, 0xff, 0x60, 0x0, 0x2, 0x88,
    0x50, 0xdf, 0xf1, 0x0, 0x0, 0x0, 0x0, 0xf,
    0xfe, 0x7, 0xdf, 0xfb, 0x40, 0x2, 0xff, 0xdb,
    0xff, 0xff, 0xff, 0x60, 0x2f, 0xff, 0xfa, 0x66,
    0xcf, 0xff, 0x22, 0xff, 0xf7, 0x0, 0x0, 0xbf,
    0xf9, 0x1f, 0xff, 0x0, 0x0, 0x4, 0xff, 0xd0,
    0xff, 0xe0, 0x0, 0x0, 0x3f, 0xfe, 0xb, 0xff,
    0x10, 0x0, 0x4, 0xff, 0xc0, 0x5f, 0xf9, 0x0,
    0x0, 0xcf, 0xf8, 0x0, 0xcf, 0xfb, 0x67, 0xcf,
    0xff, 0x10, 0x1, 0xdf, 0xff, 0xff, 0xff, 0x40,
    0x0, 0x0, 0x7c, 0xff, 0xd9, 0x20, 0x0,

    /* U+0037 "7" */
    0x7f, 0xff, 0xff, 0xff, 0xff, 0xfe, 0x7f, 0xff,
    0xff, 0xff, 0xff, 0xfe, 0x26, 0x66, 0x66, 0x66,
    0x9f, 0xfa, 0x0, 0x0, 0x0, 0x0, 0xdf, 0xf1,
    0x0, 0x0, 0x0, 0x8, 0xff, 0x70, 0x0, 0x0,
    0x0, 0x1f, 0xfe, 0x0, 0x0, 0x0, 0x0, 0x9f,
    0xf6, 0x0, 0x0, 0x0, 0x1, 0xff, 0xe0, 0x0,
    0x0, 0x0, 0x8, 0xff, 0x80, 0x0, 0x0, 0x0,
    0xe, 0xff, 0x20, 0x0, 0x0, 0x0, 0x4f, 0xfc,
    0x0, 0x0, 0x0, 0x0, 0x9f, 0xf7, 0x0, 0x0,
    0x0, 0x0, 0xdf, 0xf3, 0x0, 0x0, 0x0, 0x1,
    0xff, 0xf0, 0x0, 0x0, 0x0, 0x4, 0xff, 0xc0,
    0x0, 0x0, 0x0, 0x7, 0xff, 0xa0, 0x0, 0x0,
    0x0, 0x9, 0xff, 0x90, 0x0, 0x0,

    /* U+0038 "8" */
    0x0, 0x4, 0xbe, 0xfe, 0xb5, 0x0, 0x0, 0x8,
    0xff, 0xff, 0xff, 0xfa, 0x0, 0x4, 0xff, 0xf9,
    0x68, 0xff, 0xf6, 0x0, 0xaf, 0xf8, 0x0, 0x5,
    0xff, 0xd0, 0xd, 0xff, 0x30, 0x0, 0xf, 0xff,
    0x0, 0xcf, 0xf5, 0x0, 0x2, 0xff, 0xe0, 0x8,
    0xff, 0xe3, 0x2, 0xcf, 0xfa, 0x0, 0xd, 0xff,
    0xff, 0xff, 0xfe, 0x20, 0x0, 0x2e, 0xff, 0xff,
    0xff, 0x40, 0x0, 0x3f, 0xfd, 0x53, 0x5c, 0xff,
    0x50, 0xd, 0xff, 0x20, 0x0, 0xe, 0xff, 0x13,
    0xff, 0xd0, 0x0, 0x0, 0xaf, 0xf5, 0x4f, 0xfd,
    0x0, 0x0, 0xb, 0xff, 0x62, 0xff, 0xf3, 0x0,
    0x2, 0xff, 0xf4, 0xb, 0xff, 0xf8, 0x68, 0xef,
    0xfd, 0x0, 0x1c, 0xff, 0xff, 0xff, 0xfe, 0x20,
    0x0, 0x6, 0xbe, 0xff, 0xc7, 0x0, 0x0,

    /* U+0039 "9" */
    0x0, 0x5, 0xbe, 0xfe, 0xb4, 0x0, 0x0, 0xb,
    0xff, 0xff, 0xff, 0xf8, 0x0, 0x9, 0xff, 0xf9,
    0x68, 0xef, 0xf5, 0x1, 0xff, 0xf5, 0x0, 0x2,
    0xff, 0xe0, 0x4f, 0xfe, 0x0, 0x0, 0xa, 0xff,
    0x44, 0xff, 0xd0, 0x0, 0x0, 0x9f, 0xf7, 0x2f,
    0xff, 0x20, 0x0, 0xc, 0xff, 0xa0, 0xdf, 0xfc,
    0x30, 0x19, 0xff, 0xfb, 0x3, 0xff, 0xff, 0xff,
    0xfe, 0xff, 0xb0, 0x3, 0xdf, 0xff, 0xf8, 0x7f,
    0xfb, 0x0, 0x0, 0x35, 0x41, 0x8, 0xff, 0x90,
    0x33, 0x20, 0x0, 0x0, 0xaf, 0xf6, 0xf, 0xfe,
    0x0, 0x0, 0xd, 0xff, 0x20, 0xbf, 0xf5, 0x0,
    0x5, 0xff, 0xc0, 0x3, 0xff, 0xf8, 0x68, 0xff,
    0xf3, 0x0, 0x7, 0xff, 0xff, 0xff, 0xf6, 0x0,
    0x0, 0x4, 0xbe, 0xfe, 0xa3, 0x0, 0x0,

    /* U+003A ":" */
    0x25, 0x53, 0x9f, 0xfa, 0x9f, 0xfa, 0x9f, 0xfa,
    0x0, 0x0, 0x0, 0x0, 0x0, 0x0, 0x0, 0x0,
    0x25, 0x53, 0x9f, 0xfa, 0x9f, 0xfa, 0x9f, 0xfa,

    /* U+003B ";" */
    0x25, 0x53, 0x9f, 0xfa, 0x9f, 0xfa, 0x9f, 0xfa,
    0x0, 0x0, 0x0, 0x0, 0x0, 0x0, 0x0, 0x0,
    0x25, 0x53, 0x8f, 0xf9, 0x8f, 0xf9, 0x8f, 0xf9,
    0x1, 0xf7, 0x7, 0xf2, 0x7f, 0x70, 0x54, 0x0,

    /* U+003C "<" */
    0x0, 0x0, 0x0, 0x0, 0x2, 0x0, 0x0, 0x0,
    0x17, 0xdc, 0x0, 0x0, 0x5b, 0xff, 0xfc, 0x4,
    0xaf, 0xff, 0xfd, 0x72, 0xcf, 0xff, 0xe8, 0x20,
    0x0, 0xdf, 0xfa, 0x10, 0x0, 0x0, 0xaf, 0xff,
    0xfb, 0x50, 0x0, 0x1, 0x7d, 0xff, 0xff, 0xa4,
    0x0, 0x0, 0x38, 0xef, 0xfc, 0x0, 0x0, 0x0,
    0x4, 0xab, 0x0, 0x0, 0x0, 0x0, 0x0,

    /* U+003D "=" */
    0xdf, 0xff, 0xff, 0xff, 0xfc, 0xdf, 0xff, 0xff,
    0xff, 0xfc, 0x22, 0x22, 0x22, 0x22, 0x22, 0x0,
    0x0, 0x0, 0x0, 0x0, 0x22, 0x22, 0x22, 0x22,
    0x22, 0xdf, 0xff, 0xff, 0xff, 0xfc, 0xdf, 0xff,
    0xff, 0xff, 0xfc,

    /* U+003E ">" */
    0x10, 0x0, 0x0, 0x0, 0x0, 0xdb, 0x60, 0x0,
    0x0, 0x0, 0xdf, 0xff, 0xa4, 0x0, 0x0, 0x38,
    0xef, 0xff, 0xe9, 0x30, 0x0, 0x3, 0x9e, 0xff,
    0xfb, 0x0, 0x0, 0x1, 0xaf, 0xfc, 0x0, 0x5,
    0xaf, 0xff, 0xfa, 0x39, 0xff, 0xff, 0xd7, 0x20,
    0xdf, 0xfe, 0x93, 0x0, 0x0, 0xcb, 0x50, 0x0,
    0x0, 0x0, 0x0, 0x0, 0x0, 0x0, 0x0,

    /* U+003F "?" */
    0x0, 0x3, 0xae, 0xff, 0xc7, 0x10, 0x0, 0x7,
    0xff, 0xff, 0xff, 0xfe, 0x20, 0x5, 0xff, 0xf9,
    0x67, 0xdf, 0xfb, 0x0, 0xef, 0xf2, 0x0, 0x0,
    0xef, 0xf1, 0x3f, 0xf9, 0x0, 0x0, 0xb, 0xff,
    0x20, 0x0, 0x0, 0x0, 0x1, 0xff, 0xf0, 0x0,
    0x0, 0x0, 0x2, 0xdf, 0xf9, 0x0, 0x0, 0x0,
    0x3, 0xff, 0xfb, 0x0, 0x0, 0x0, 0x1, 0xef,
    0xf8, 0x0, 0x0, 0x0, 0x0, 0x8f, 0xf8, 0x0,
    0x0, 0x0, 0x0, 0xb, 0xff, 0x0, 0x0, 0x0,
    0x0, 0x0, 0x23, 0x30, 0x0, 0x0, 0x0, 0x0,
    0x0, 0x0, 0x0, 0x0, 0x0, 0x0, 0x0, 0x55,
    0x51, 0x0, 0x0, 0x0, 0x0, 0xf, 0xff, 0x30,
    0x0, 0x0, 0x0, 0x0, 0xff, 0xf3, 0x0, 0x0,
    0x0, 0x0, 0xf, 0xff, 0x30, 0x0, 0x0,

    /* U+0040 "@" */
    0x0, 0x0, 0x0, 0x49, 0xdf, 0xff, 0xd9, 0x30,
    0x0, 0x0, 0x0, 0x4, 0xdf, 0xff, 0xed, 0xef,
    0xff, 0xa1, 0x0, 0x0, 0x6, 0xff, 0xc5, 0x10,
    0x0, 0x16, 0xef, 0xc0, 0x0, 0x5, 0xff, 0x50,
    0x1, 0x10, 0x0, 0x1, 0xcf, 0x80, 0x1, 0xef,
    0x50, 0x2b, 0xff, 0xd2, 0x67, 0x42, 0xff, 0x0,
    0x7f, 0xa0, 0x2e, 0xff, 0xff, 0xdf, 0xf6, 0xd,
    0xf2, 0xc, 0xf3, 0xb, 0xff, 0x40, 0x5f, 0xff,
    0x20, 0xbf, 0x40, 0xfe, 0x1, 0xff, 0x70, 0x0,
    0xdf, 0xe0, 0xb, 0xf3, 0x2f, 0xc0, 0x5f, 0xf3,
    0x0, 0xd, 0xf9, 0x0, 0xef, 0x2, 0xfc, 0x5,
    0xff, 0x40, 0x3, 0xff, 0x50, 0x4f, 0xa0, 0x1f,
    0xd0, 0x3f, 0xfc, 0x34, 0xdf, 0xf4, 0x1d, 0xf2,
    0x0, 0xef, 0x20, 0xcf, 0xff, 0xf9, 0xff, 0xff,
    0xf5, 0x0, 0x8, 0xfa, 0x1, 0xbf, 0xe8, 0x5,
    0xef, 0xb3, 0x0, 0x0, 0x1e, 0xf8, 0x0, 0x0,
    0x0, 0x0, 0x0, 0x0, 0x0, 0x0, 0x4f, 0xfc,
    0x51, 0x0, 0x2, 0x6c, 0x10, 0x0, 0x0, 0x0,
    0x2d, 0xff, 0xfe, 0xef, 0xff, 0xf6, 0x0, 0x0,
    0x0, 0x0, 0x4, 0x9d, 0xff, 0xfd, 0xa5, 0x0,
    0x0, 0x0,

    /* U+0041 "A" */
    0x0, 0x0, 0x0, 0xbf, 0xfd, 0x0, 0x0, 0x0,
    0x0, 0x0, 0x1, 0xff, 0xff, 0x30, 0x0, 0x0,
    0x0, 0x0, 0x6, 0xff, 0xff, 0x80, 0x0, 0x0,
    0x0, 0x0, 0xc, 0xfc, 0xcf, 0xe0, 0x0, 0x0,
    0x0, 0x0, 0x1f, 0xf7, 0x7f, 0xf3, 0x0, 0x0,
    0x0, 0x0, 0x7f, 0xf2, 0x2f, 0xf9, 0x0, 0x0,
    0x0, 0x0, 0xcf, 0xd0, 0xc, 0xfe, 0x0, 0x0,
    0x0, 0x2, 0xff, 0x70, 0x7, 0xff, 0x40, 0x0,
    0x0, 0x7, 0xff, 0x20, 0x2, 0xff, 0x90, 0x0,
    0x0, 0xd, 0xfd, 0x0, 0x0, 0xdf, 0xe0, 0x0,
    0x0, 0x2f, 0xfc, 0x66, 0x66, 0xcf, 0xf4, 0x0,
    0x0, 0x8f, 0xff, 0xff, 0xff, 0xff, 0xfa, 0x0,
    0x0, 0xdf, 0xff, 0xff, 0xff, 0xff, 0xff, 0x0,
    0x3, 0xff, 0x90, 0x0, 0x0, 0x8, 0xff, 0x50,
    0x8, 0xff, 0x30, 0x0, 0x0, 0x3, 0xff, 0xa0,
    0xd, 0xfe, 0x0, 0x0, 0x0, 0x0, 0xef, 0xf0,
    0x3f, 0xf9, 0x0, 0x0, 0x0, 0x0, 0x9f, 0xf5,

    /* U+0042 "B" */
    0xaf, 0xff, 0xff, 0xff, 0xe9, 0x10, 0xa, 0xff,
    0xff, 0xff, 0xff, 0xfe, 0x10, 0xaf, 0xf6, 0x33,
    0x35, 0xcf, 0xfa, 0xa, 0xff, 0x30, 0x0, 0x1,
    0xff, 0xf0, 0xaf, 0xf3, 0x0, 0x0, 0xd, 0xff,
    0xa, 0xff, 0x30, 0x0, 0x0, 0xff, 0xe0, 0xaf,
    0xf3, 0x0, 0x1, 0xaf, 0xf9, 0xa, 0xff, 0xff,
    0xff, 0xff, 0xfd, 0x10, 0xaf, 0xff, 0xff, 0xff,
    0xfe, 0x20, 0xa, 0xff, 0x63, 0x33, 0x4b, 0xff,
    0x40, 0xaf, 0xf3, 0x0, 0x0, 0xc, 0xfe, 0xa,
    0xff, 0x30, 0x0, 0x0, 0x7f, 0xf5, 0xaf, 0xf3,
    0x0, 0x0, 0x7, 0xff, 0x7a, 0xff, 0x30, 0x0,
    0x0, 0xcf, 0xf6, 0xaf, 0xf6, 0x33, 0x34, 0xaf,
    0xff, 0x1a, 0xff, 0xff, 0xff, 0xff, 0xff, 0x60,
    0xaf, 0xff, 0xff, 0xff, 0xeb, 0x40, 0x0,

    /* U+0043 "C" */
    0x0, 0x0, 0x6, 0xbe, 0xff, 0xc7, 0x0, 0x0,
    0x0, 0x2, 0xdf, 0xff, 0xff, 0xff, 0xe3, 0x0,
    0x0, 0x2e, 0xff, 0xe9, 0x78, 0xdf, 0xff, 0x20,
    0x0, 0xdf, 0xfa, 0x0, 0x0, 0x8, 0xff, 0xc0,
    0x6, 0xff, 0xc0, 0x0, 0x0, 0x0, 0xbf, 0xf4,
    0xc, 0xff, 0x30, 0x0, 0x0, 0x0, 0x4f, 0xf8,
    0xf, 0xfe, 0x0, 0x0, 0x0, 0x0, 0x4, 0x43,
    0x2f, 0xfc, 0x0, 0x0, 0x0, 0x0, 0x0, 0x0,
    0x2f, 0xfb, 0x0, 0x0, 0x0, 0x0, 0x0, 0x0,
    0x2f, 0xfc, 0x0, 0x0, 0x0, 0x0, 0x0, 0x0,
    0xf, 0xff, 0x0, 0x0, 0x0, 0x0, 0x4, 0x43,
    0xb, 0xff, 0x40, 0x0, 0x0, 0x0, 0x4f, 0xf9,
    0x5, 0xff, 0xc0, 0x0, 0x0, 0x0, 0xbf, 0xf4,
    0x0, 0xcf, 0xfa, 0x0, 0x0, 0x8, 0xff, 0xd0,
    0x0, 0x2e, 0xff, 0xe9, 0x78, 0xdf, 0xff, 0x20,
    0x0, 0x2, 0xcf, 0xff, 0xff, 0xff, 0xe3, 0x0,
    0x0, 0x0, 0x5, 0xbe, 0xff, 0xc7, 0x0, 0x0,

    /* U+0044 "D" */
    0xaf, 0xff, 0xff, 0xfe, 0xc7, 0x10, 0x0, 0xa,
    0xff, 0xff, 0xff, 0xff, 0xff, 0x70, 0x0, 0xaf,
    0xf8, 0x66, 0x68, 0xcf, 0xff, 0x90, 0xa, 0xff,
    0x30, 0x0, 0x0, 0x5f, 0xff, 0x60, 0xaf, 0xf3,
    0x0, 0x0, 0x0, 0x4f, 0xfe, 0xa, 0xff, 0x30,
    0x0, 0x0, 0x0, 0xbf, 0xf5, 0xaf, 0xf3, 0x0,
    0x0, 0x0, 0x5, 0xff, 0x9a, 0xff, 0x30, 0x0,
    0x0, 0x0, 0x2f, 0xfc, 0xaf, 0xf3, 0x0, 0x0,
    0x0, 0x1, 0xff, 0xca, 0xff, 0x30, 0x0, 0x0,
    0x0, 0x3f, 0xfb, 0xaf, 0xf3, 0x0, 0x0, 0x0,
    0x6, 0xff, 0x9a, 0xff, 0x30, 0x0, 0x0, 0x0,
    0xbf, 0xf5, 0xaf, 0xf3, 0x0, 0x0, 0x0, 0x5f,
    0xfe, 0xa, 0xff, 0x30, 0x0, 0x0, 0x5f, 0xff,
    0x50, 0xaf, 0xf8, 0x66, 0x68, 0xdf, 0xff, 0x80,
    0xa, 0xff, 0xff, 0xff, 0xff, 0xff, 0x60, 0x0,
    0xaf, 0xff, 0xff, 0xfe, 0xc7, 0x10, 0x0, 0x0,

    /* U+0045 "E" */
    0xaf, 0xff, 0xff, 0xff, 0xff, 0xf8, 0xaf, 0xff,
    0xff, 0xff, 0xff, 0xf8, 0xaf, 0xf8, 0x66, 0x66,
    0x66, 0x63, 0xaf, 0xf3, 0x0, 0x0, 0x0, 0x0,
    0xaf, 0xf3, 0x0, 0x0, 0x0, 0x0, 0xaf, 0xf3,
    0x0, 0x0, 0x0, 0x0, 0xaf, 0xf3, 0x0, 0x0,
    0x0, 0x0, 0xaf, 0xff, 0xff, 0xff, 0xff, 0xf0,
    0xaf, 0xff, 0xff, 0xff, 0xff, 0xf0, 0xaf, 0xf7,
    0x55, 0x55, 0x55, 0x50, 0xaf, 0xf3, 0x0, 0x0,
    0x0, 0x0, 0xaf, 0xf3, 0x0, 0x0, 0x0, 0x0,
    0xaf, 0xf3, 0x0, 0x0, 0x0, 0x0, 0xaf, 0xf3,
    0x0, 0x0, 0x0, 0x0, 0xaf, 0xf8, 0x66, 0x66,
    0x66, 0x64, 0xaf, 0xff, 0xff, 0xff, 0xff, 0xfc,
    0xaf, 0xff, 0xff, 0xff, 0xff, 0xfc,

    /* U+0046 "F" */
    0xaf, 0xff, 0xff, 0xff, 0xff, 0xf2, 0xaf, 0xff,
    0xff, 0xff, 0xff, 0xf2, 0xaf, 0xf8, 0x66, 0x66,
    0x66, 0x61, 0xaf, 0xf3, 0x0, 0x0, 0x0, 0x0,
    0xaf, 0xf3, 0x0, 0x0, 0x0, 0x0, 0xaf, 0xf3,
    0x0, 0x0, 0x0, 0x0, 0xaf, 0xf3, 0x0, 0x0,
    0x0, 0x0, 0xaf, 0xf3, 0x0, 0x0, 0x0, 0x0,
    0xaf, 0xff, 0xff, 0xff, 0xff, 0xa0, 0xaf, 0xff,
    0xff, 0xff, 0xff, 0xa0, 0xaf, 0xf8, 0x66, 0x66,
    0x66, 0x30, 0xaf, 0xf3, 0x0, 0x0, 0x0, 0x0,
    0xaf, 0xf3, 0x0, 0x0, 0x0, 0x0, 0xaf, 0xf3,
    0x0, 0x0, 0x0, 0x0, 0xaf, 0xf3, 0x0, 0x0,
    0x0, 0x0, 0xaf, 0xf3, 0x0, 0x0, 0x0, 0x0,
    0xaf, 0xf3, 0x0, 0x0, 0x0, 0x0,

    /* U+0047 "G" */
    0x0, 0x0, 0x6, 0xbe, 0xff, 0xc8, 0x10, 0x0,
    0x0, 0x2, 0xdf, 0xff, 0xff, 0xff, 0xf5, 0x0,
    0x0, 0x2e, 0xff, 0xe9, 0x78, 0xcf, 0xff, 0x50,
    0x0, 0xdf, 0xfa, 0x0, 0x0, 0x5, 0xff, 0xf1,
    0x5, 0xff, 0xc0, 0x0, 0x0, 0x0, 0x9f, 0xf6,
    0xc, 0xff, 0x40, 0x0, 0x0, 0x0, 0x28, 0x84,
    0xf, 0xfe, 0x0, 0x0, 0x0, 0x0, 0x0, 0x0,
    0x2f, 0xfc, 0x0, 0x0, 0x5, 0x55, 0x55, 0x54,
    0x2f, 0xfb, 0x0, 0x0, 0xe, 0xff, 0xff, 0xfb,
    0x2f, 0xfc, 0x0, 0x0, 0xe, 0xff, 0xff, 0xfb,
    0xf, 0xfe, 0x0, 0x0, 0x0, 0x0, 0x2f, 0xfb,
    0xc, 0xff, 0x30, 0x0, 0x0, 0x0, 0x2f, 0xfb,
    0x6, 0xff, 0xc0, 0x0, 0x0, 0x0, 0x2f, 0xfb,
    0x0, 0xdf, 0xfa, 0x0, 0x0, 0x0, 0x7f, 0xfb,
    0x0, 0x3f, 0xff, 0xe9, 0x77, 0x8d, 0xff, 0xf7,
    0x0, 0x3, 0xdf, 0xff, 0xff, 0xff, 0xfe, 0x50,
    0x0, 0x0, 0x5, 0xbe, 0xff, 0xeb, 0x60, 0x0,

    /* U+0048 "H" */
    0xaf, 0xf3, 0x0, 0x0, 0x0, 0x4f, 0xf9, 0xaf,
    0xf3, 0x0, 0x0, 0x0, 0x4f, 0xf9, 0xaf, 0xf3,
    0x0, 0x0, 0x0, 0x4f, 0xf9, 0xaf, 0xf3, 0x0,
    0x0, 0x0, 0x4f, 0xf9, 0xaf, 0xf3, 0x0, 0x0,
    0x0, 0x4f, 0xf9, 0xaf, 0xf3, 0x0, 0x0, 0x0,
    0x4f, 0xf9, 0xaf, 0xf3, 0x0, 0x0, 0x0, 0x4f,
    0xf9, 0xaf, 0xff, 0xff, 0xff, 0xff, 0xff, 0xf9,
    0xaf, 0xff, 0xff, 0xff, 0xff, 0xff, 0xf9, 0xaf,
    0xf7, 0x55, 0x55, 0x55, 0x8f, 0xf9, 0xaf, 0xf3,
    0x0, 0x0, 0x0, 0x4f, 0xf9, 0xaf, 0xf3, 0x0,
    0x0, 0x0, 0x4f, 0xf9, 0xaf, 0xf3, 0x0, 0x0,
    0x0, 0x4f, 0xf9, 0xaf, 0xf3, 0x0, 0x0, 0x0,
    0x4f, 0xf9, 0xaf, 0xf3, 0x0, 0x0, 0x0, 0x4f,
    0xf9, 0xaf, 0xf3, 0x0, 0x0, 0x0, 0x4f, 0xf9,
    0xaf, 0xf3, 0x0, 0x0, 0x0, 0x4f, 0xf9,

    /* U+0049 "I" */
    0xaf, 0xf3, 0xaf, 0xf3, 0xaf, 0xf3, 0xaf, 0xf3,
    0xaf, 0xf3, 0xaf, 0xf3, 0xaf, 0xf3, 0xaf, 0xf3,
    0xaf, 0xf3, 0xaf, 0xf3, 0xaf, 0xf3, 0xaf, 0xf3,
    0xaf, 0xf3, 0xaf, 0xf3, 0xaf, 0xf3, 0xaf, 0xf3,
    0xaf, 0xf3,

    /* U+004A "J" */
    0x0, 0x0, 0xc, 0xff, 0x10, 0x0, 0x0, 0xcf,
    0xf1, 0x0, 0x0, 0xc, 0xff, 0x10, 0x0, 0x0,
    0xcf, 0xf1, 0x0, 0x0, 0xc, 0xff, 0x10, 0x0,
    0x0, 0xcf, 0xf1, 0x0, 0x0, 0xc, 0xff, 0x10,
    0x0, 0x0, 0xcf, 0xf1, 0x0, 0x0, 0xc, 0xff,
    0x10, 0x0, 0x0, 0xcf, 0xf1, 0x0, 0x0, 0xc,
    0xff, 0x10, 0x0, 0x0, 0xcf, 0xf1, 0x0, 0x0,
    0xc, 0xff, 0x10, 0x0, 0x1, 0xff, 0xf0, 0x88,
    0x68, 0xdf, 0xfb, 0xb, 0xff, 0xff, 0xff, 0x20,
    0x8e, 0xff, 0xd9, 0x20, 0x0,

    /* U+004B "K" */
    0xaf, 0xf3, 0x0, 0x0, 0x8, 0xff, 0xf4, 0xa,
    0xff, 0x30, 0x0, 0x7, 0xff, 0xf5, 0x0, 0xaf,
    0xf3, 0x0, 0x6, 0xff, 0xf5, 0x0, 0xa, 0xff,
    0x30, 0x5, 0xff, 0xf6, 0x0, 0x0, 0xaf, 0xf3,
    0x4, 0xff, 0xf6, 0x0, 0x0, 0xa, 0xff, 0x34,
    0xff, 0xf6, 0x0, 0x0, 0x0, 0xaf, 0xf6, 0xff,
    0xf6, 0x0, 0x0, 0x0, 0xa, 0xff, 0xff, 0xf7,
    0x0, 0x0, 0x0, 0x0, 0xaf, 0xfb, 0xaa, 0x20,
    0x0, 0x0, 0x0, 0xa, 0xff, 0xcf, 0xfe, 0x20,
    0x0, 0x0, 0x0, 0xaf, 0xf3, 0xaf, 0xfe, 0x10,
    0x0, 0x0, 0xa, 0xff, 0x30, 0xbf, 0xfd, 0x10,
    0x0, 0x0, 0xaf, 0xf3, 0x0, 0xcf, 0xfd, 0x10,
    0x0, 0xa, 0xff, 0x30, 0x1, 0xdf, 0xfc, 0x10,
    0x0, 0xaf, 0xf3, 0x0, 0x1, 0xef, 0xfc, 0x0,
    0xa, 0xff, 0x30, 0x0, 0x2, 0xef, 0xfb, 0x0,
    0xaf, 0xf3, 0x0, 0x0, 0x3, 0xff, 0xfb, 0x0,

    /* U+004C "L" */
    0xaf, 0xf3, 0x0, 0x0, 0x0, 0x0, 0xaf, 0xf3,
    0x0, 0x0, 0x0, 0x0, 0xaf, 0xf3, 0x0, 0x0,
    0x0, 0x0, 0xaf, 0xf3, 0x0, 0x0, 0x0, 0x0,
    0xaf, 0xf3, 0x0, 0x0, 0x0, 0x0, 0xaf, 0xf3,
    0x0, 0x0, 0x0, 0x0, 0xaf, 0xf3, 0x0, 0x0,
    0x0, 0x0, 0xaf, 0xf3, 0x0, 0x0, 0x0, 0x0,
    0xaf, 0xf3, 0x0, 0x0, 0x0, 0x0, 0xaf, 0xf3,
    0x0, 0x0, 0x0, 0x0, 0xaf, 0xf3, 0x0, 0x0,
    0x0, 0x0, 0xaf, 0xf3, 0x0, 0x0, 0x0, 0x0,
    0xaf, 0xf3, 0x0, 0x0, 0x0, 0x0, 0xaf, 0xf3,
    0x0, 0x0, 0x0, 0x0, 0xaf, 0xf8, 0x66, 0x66,
    0x66, 0x60, 0xaf, 0xff, 0xff, 0xff, 0xff, 0xf0,
    0xaf, 0xff, 0xff, 0xff, 0xff, 0xf0,

    /* U+004D "M" */
    0xaf, 0xff, 0xf0, 0x0, 0x0, 0x0, 0x3f, 0xff,
    0xf6, 0xaf, 0xff, 0xf4, 0x0, 0x0, 0x0, 0x8f,
    0xff, 0xf6, 0xaf, 0xff, 0xf8, 0x0, 0x0, 0x0,
    0xdf, 0xff, 0xf6, 0xaf, 0xfc, 0xfd, 0x0, 0x0,
    0x1, 0xff, 0xdf, 0xf6, 0xaf, 0xf8, 0xff, 0x20,
    0x0, 0x6, 0xff, 0x8f, 0xf6, 0xaf, 0xf3, 0xff,
    0x60, 0x0, 0xb, 0xfc, 0x6f, 0xf6, 0xaf, 0xf0,
    0xdf, 0xb0, 0x0, 0xf, 0xf7, 0x6f, 0xf6, 0xaf,
    0xf0, 0x9f, 0xf0, 0x0, 0x4f, 0xf3, 0x6f, 0xf6,
    0xaf, 0xf0, 0x4f, 0xf5, 0x0, 0x9f, 0xe0, 0x6f,
    0xf6, 0xaf, 0xf0, 0xf, 0xf9, 0x0, 0xef, 0x90,
    0x6f, 0xf6, 0xaf, 0xf0, 0xa, 0xfe, 0x2, 0xff,
    0x40, 0x6f, 0xf6, 0xaf, 0xf0, 0x6, 0xff, 0x37,
    0xff, 0x0, 0x6f, 0xf6, 0xaf, 0xf0, 0x1, 0xff,
    0x7c, 0xfa, 0x0, 0x6f, 0xf6, 0xaf, 0xf0, 0x0,
    0xcf, 0xdf, 0xf6, 0x0, 0x6f, 0xf6, 0xaf, 0xf0,
    0x0, 0x7f, 0xff, 0xf1, 0x0, 0x6f, 0xf6, 0xaf,
    0xf0, 0x0, 0x2f, 0xff, 0xc0, 0x0, 0x6f, 0xf6,
    0xaf, 0xf0, 0x0, 0xe, 0xff, 0x70, 0x0, 0x6f,
    0xf6,

    /* U+004E "N" */
    0xaf, 0xff, 0x20, 0x0, 0x0, 0x3f, 0xf9, 0xaf,
    0xff, 0xb0, 0x0, 0x0, 0x3f, 0xf9, 0xaf, 0xff,
    0xf3, 0x0, 0x0, 0x3f, 0xf9, 0xaf, 0xff, 0xfb,
    0x0, 0x0, 0x3f, 0xf9, 0xaf, 0xf9, 0xff, 0x40,
    0x0, 0x3f, 0xf9, 0xaf, 0xf3, 0xef, 0xc0, 0x0,
    0x3f, 0xf9, 0xaf, 0xf2, 0x6f, 0xf4, 0x0, 0x3f,
    0xf9, 0xaf, 0xf2, 0xe, 0xfd, 0x0, 0x3f, 0xf9,
    0xaf, 0xf2, 0x6, 0xff, 0x50, 0x3f, 0xf9, 0xaf,
    0xf2, 0x0, 0xdf, 0xd0, 0x3f, 0xf9, 0xaf, 0xf2,
    0x0, 0x5f, 0xf6, 0x3f, 0xf9, 0xaf, 0xf2, 0x0,
    0xd, 0xfe, 0x3f, 0xf9, 0xaf, 0xf2, 0x0, 0x4,
    0xff, 0x9f, 0xf9, 0xaf, 0xf2, 0x0, 0x0, 0xcf,
    0xff, 0xf9, 0xaf, 0xf2, 0x0, 0x0, 0x4f, 0xff,
    0xf9, 0xaf, 0xf2, 0x0, 0x0, 0xb, 0xff, 0xf9,
    0xaf, 0xf2, 0x0, 0x0, 0x3, 0xff, 0xf9,

    /* U+004F "O" */
    0x0, 0x0, 0x5, 0xbe, 0xff, 0xd8, 0x20, 0x0,
    0x0, 0x0, 0x2d, 0xff, 0xff, 0xff, 0xff, 0x70,
    0x0, 0x0, 0x2e, 0xff, 0xe9, 0x78, 0xcf, 0xff,
    0x80, 0x0, 0xd, 0xff, 0xa0, 0x0, 0x0, 0x4f,
    0xff, 0x50, 0x6, 0xff, 0xc0, 0x0, 0x0, 0x0,
    0x5f, 0xfd, 0x0, 0xcf, 0xf3, 0x0, 0x0, 0x0,
    0x0, 0xcf, 0xf3, 0xf, 0xfe, 0x0, 0x0, 0x0,
    0x0, 0x7, 0xff, 0x72, 0xff, 0xc0, 0x0, 0x0,
    0x0, 0x0, 0x4f, 0xf9, 0x2f, 0xfb, 0x0, 0x0,
    0x0, 0x0, 0x4, 0xff, 0xa2, 0xff, 0xc0, 0x0,
    0x0, 0x0, 0x0, 0x5f, 0xf9, 0xf, 0xff, 0x0,
    0x0, 0x0, 0x0, 0x8, 0xff, 0x70, 0xbf, 0xf4,
    0x0, 0x0, 0x0, 0x0, 0xdf, 0xf3, 0x5, 0xff,
    0xd0, 0x0, 0x0, 0x0, 0x6f, 0xfc, 0x0, 0xc,
    0xff, 0xb1, 0x0, 0x0, 0x5f, 0xff, 0x40, 0x0,
    0x2e, 0xff, 0xe9, 0x78, 0xcf, 0xff, 0x70, 0x0,
    0x0, 0x2c, 0xff, 0xff, 0xff, 0xff, 0x60, 0x0,
    0x0, 0x0, 0x5, 0xbe, 0xff, 0xc8, 0x10, 0x0,
    0x0,

    /* U+0050 "P" */
    0xaf, 0xff, 0xff, 0xff, 0xeb, 0x50, 0x0, 0xaf,
    0xff, 0xff, 0xff, 0xff, 0xf9, 0x0, 0xaf, 0xf8,
    0x66, 0x66, 0x9f, 0xff, 0x60, 0xaf, 0xf3, 0x0,
    0x0, 0x4, 0xff, 0xc0, 0xaf, 0xf3, 0x0, 0x0,
    0x0, 0xef, 0xf0, 0xaf, 0xf3, 0x0, 0x0, 0x0,
    0xdf, 0xf0, 0xaf, 0xf3, 0x0, 0x0, 0x1, 0xff,
    0xe0, 0xaf, 0xf3, 0x0, 0x0, 0x3c, 0xff, 0x80,
    0xaf, 0xff, 0xff, 0xff, 0xff, 0xfd, 0x0, 0xaf,
    0xff, 0xff, 0xff, 0xff, 0xa1, 0x0, 0xaf, 0xf7,
    0x55, 0x55, 0x41, 0x0, 0x0, 0xaf, 0xf3, 0x0,
    0x0, 0x0, 0x0, 0x0, 0xaf, 0xf3, 0x0, 0x0,
    0x0, 0x0, 0x0, 0xaf, 0xf3, 0x0, 0x0, 0x0,
    0x0, 0x0, 0xaf, 0xf3, 0x0, 0x0, 0x0, 0x0,
    0x0, 0xaf, 0xf3, 0x0, 0x0, 0x0, 0x0, 0x0,
    0xaf, 0xf3, 0x0, 0x0, 0x0, 0x0, 0x0,

    /* U+0051 "Q" */
    0x0, 0x0, 0x5, 0xbe, 0xff, 0xd8, 0x20, 0x0,
    0x0, 0x0, 0x2, 0xdf, 0xff, 0xff, 0xff, 0xf7,
    0x0, 0x0, 0x0, 0x2e, 0xff, 0xe9, 0x78, 0xcf,
    0xff, 0x80, 0x0, 0x0, 0xdf, 0xfa, 0x0, 0x0,
    0x4, 0xff, 0xf5, 0x0, 0x6, 0xff, 0xc0, 0x0,
    0x0, 0x0, 0x5f, 0xfd, 0x0, 0xc, 0xff, 0x30,
    0x0, 0x0, 0x0, 0xc, 0xff, 0x30, 0xf, 0xfe,
    0x0, 0x0, 0x0, 0x0, 0x7, 0xff, 0x70, 0x2f,
    0xfc, 0x0, 0x0, 0x0, 0x0, 0x4, 0xff, 0x90,
    0x2f, 0xfb, 0x0, 0x0, 0x0, 0x0, 0x4, 0xff,
    0xa0, 0x2f, 0xfc, 0x0, 0x0, 0x0, 0x0, 0x5,
    0xff, 0x90, 0xf, 0xff, 0x0, 0x0, 0x0, 0x0,
    0x8, 0xff, 0x60, 0xb, 0xff, 0x40, 0x0, 0x0,
    0x0, 0xd, 0xff, 0x20, 0x5, 0xff, 0xc0, 0x0,
    0x0, 0x0, 0x5f, 0xfb, 0x0, 0x0, 0xcf, 0xf9,
    0x0, 0x0, 0x3, 0xff, 0xe2, 0x0, 0x0, 0x1e,
    0xff, 0xd7, 0x57, 0xaf, 0xff, 0x85, 0x52, 0x0,
    0x2, 0xcf, 0xff, 0xff, 0xff, 0xff, 0xff, 0xf6,
    0x0, 0x0, 0x5, 0xbe, 0xff, 0xff, 0xff, 0xff,
    0xf6,

    /* U+0052 "R" */
    0xbf, 0xff, 0xff, 0xff, 0xd8, 0x10, 0x0, 0xbf,
    0xff, 0xff, 0xff, 0xff, 0xe3, 0x0, 0xbf, 0xf7,
    0x66, 0x67, 0xbf, 0xfe, 0x0, 0xbf, 0xf2, 0x0,
    0x0, 0xa, 0xff, 0x50, 0xbf, 0xf2, 0x0, 0x0,
    0x4, 0xff, 0x70, 0xbf, 0xf2, 0x0, 0x0, 0x4,
    0xff, 0x80, 0xbf, 0xf2, 0x0, 0x0, 0xa, 0xff,
    0x50, 0xbf, 0xf6, 0x44, 0x45, 0xaf, 0xfe, 0x0,
    0xbf, 0xff, 0xff, 0xff, 0xff, 0xe3, 0x0, 0xbf,
    0xff, 0xff, 0xff, 0xd8, 0x10, 0x0, 0xbf, 0xf4,
    0xef, 0xf5, 0x0, 0x0, 0x0, 0xbf, 0xf2, 0x3f,
    0xff, 0x40, 0x0, 0x0, 0xbf, 0xf2, 0x6, 0xff,
    0xf3, 0x0, 0x0, 0xbf, 0xf2, 0x0, 0x8f, 0xfe,
    0x20, 0x0, 0xbf, 0xf2, 0x0, 0xb, 0xff, 0xe2,
    0x0, 0xbf, 0xf2, 0x0, 0x0, 0xdf, 0xfd, 0x10,
    0xbf, 0xf2, 0x0, 0x0, 0x2e, 0xff, 0xd0,

    /* U+0053 "S" */
    0x0, 0x1, 0x8d, 0xff, 0xea, 0x30, 0x0, 0x0,
    0x4f, 0xff, 0xff, 0xff, 0xf7, 0x0, 0x1, 0xff,
    0xf9, 0x55, 0x9f, 0xff, 0x50, 0x6, 0xff, 0x60,
    0x0, 0x4, 0xff, 0xc0, 0x8, 0xff, 0x30, 0x0,
    0x0, 0xcf, 0xf1, 0x7, 0xff, 0xa0, 0x0, 0x0,
    0x0, 0x0, 0x3, 0xff, 0xfd, 0x72, 0x0, 0x0,
    0x0, 0x0, 0x8f, 0xff, 0xff, 0xd8, 0x20, 0x0,
    0x0, 0x5, 0xef, 0xff, 0xff, 0xf8, 0x0, 0x0,
    0x0, 0x4, 0x9e, 0xff, 0xff, 0x90, 0x0, 0x0,
    0x0, 0x0, 0x3a, 0xff, 0xf1, 0x28, 0x83, 0x0,
    0x0, 0x0, 0xaf, 0xf5, 0x2f, 0xfb, 0x0, 0x0,
    0x0, 0x6f, 0xf5, 0xc, 0xff, 0x50, 0x0, 0x0,
    0xaf, 0xf3, 0x4, 0xff, 0xfb, 0x65, 0x6b, 0xff,
    0xd0, 0x0, 0x5f, 0xff, 0xff, 0xff, 0xfe, 0x20,
    0x0, 0x1, 0x8c, 0xff, 0xfc, 0x71, 0x0,

    /* U+0054 "T" */
    0x6f, 0xff, 0xff, 0xff, 0xff, 0xff, 0xff, 0x6f,
    0xff, 0xff, 0xff, 0xff, 0xff, 0xff, 0x26, 0x66,
    0x67, 0xff, 0xd6, 0x66, 0x66, 0x0, 0x0, 0x2,
    0xff, 0xb0, 0x0, 0x0, 0x0, 0x0, 0x2, 0xff,
    0xb0, 0x0, 0x0, 0x0, 0x0, 0x2, 0xff, 0xb0,
    0x0, 0x0, 0x0, 0x0, 0x2, 0xff, 0xb0, 0x0,
    0x0, 0x0, 0x0, 0x2, 0xff, 0xb0, 0x0, 0x0,
    0x0, 0x0, 0x2, 0xff, 0xb0, 0x0, 0x0, 0x0,
    0x0, 0x2, 0xff, 0xb0, 0x0, 0x0, 0x0, 0x0,
    0x2, 0xff, 0xb0, 0x0, 0x0, 0x0, 0x0, 0x2,
    0xff, 0xb0, 0x0, 0x0, 0x0, 0x0, 0x2, 0xff,
    0xb0, 0x0, 0x0, 0x0, 0x0, 0x2, 0xff, 0xb0,
    0x0, 0x0, 0x0, 0x0, 0x2, 0xff, 0xb0, 0x0,
    0x0, 0x0, 0x0, 0x2, 0xff, 0xb0, 0x0, 0x0,
    0x0, 0x0, 0x2, 0xff, 0xb0, 0x0, 0x0,

    /* U+0055 "U" */
    0xcf, 0xf1, 0x0, 0x0, 0x0, 0x9f, 0xf4, 0xcf,
    0xf1, 0x0, 0x0, 0x0, 0x9f, 0xf4, 0xcf, 0xf1,
    0x0, 0x0, 0x0, 0x9f, 0xf4, 0xcf, 0xf1, 0x0,
    0x0, 0x0, 0x9f, 0xf4, 0xcf, 0xf1, 0x0, 0x0,
    0x0, 0x9f, 0xf4, 0xcf, 0xf1, 0x0, 0x0, 0x0,
    0x9f, 0xf4, 0xcf, 0xf1, 0x0, 0x0, 0x0, 0x9f,
    0xf4, 0xcf, 0xf1, 0x0, 0x0, 0x0, 0x9f, 0xf4,
    0xcf, 0xf1, 0x0, 0x0, 0x0, 0x9f, 0xf4, 0xcf,
    0xf1, 0x0, 0x0, 0x0, 0x9f, 0xf4, 0xcf, 0xf1,
    0x0, 0x0, 0x0, 0x9f, 0xf3, 0xaf, 0xf3, 0x0,
    0x0, 0x0, 0xbf, 0xf2, 0x6f, 0xf7, 0x0, 0x0,
    0x0, 0xff, 0xe0, 0x1f, 0xff, 0x30, 0x0, 0xa,
    0xff, 0x90, 0x8, 0xff, 0xfa, 0x78, 0xdf, 0xfe,
    0x10, 0x0, 0xaf, 0xff, 0xff, 0xff, 0xe3, 0x0,
    0x0, 0x5, 0xbe, 0xff, 0xd8, 0x10, 0x0,

    /* U+0056 "V" */
    0x3f, 0xfc, 0x0, 0x0, 0x0, 0x0, 0x7f, 0xf5,
    0xd, 0xff, 0x10, 0x0, 0x0, 0x0, 0xdf, 0xf0,
    0x8, 0xff, 0x60, 0x0, 0x0, 0x2, 0xff, 0xa0,
    0x3, 0xff, 0xb0, 0x0, 0x0, 0x7, 0xff, 0x50,
    0x0, 0xdf, 0xf1, 0x0, 0x0, 0xc, 0xff, 0x0,
    0x0, 0x8f, 0xf6, 0x0, 0x0, 0x1f, 0xfa, 0x0,
    0x0, 0x2f, 0xfb, 0x0, 0x0, 0x6f, 0xf4, 0x0,
    0x0, 0xd, 0xff, 0x0, 0x0, 0xbf, 0xe0, 0x0,
    0x0, 0x7, 0xff, 0x50, 0x1, 0xff, 0x90, 0x0,
    0x0, 0x2, 0xff, 0xa0, 0x6, 0xff, 0x40, 0x0,
    0x0, 0x0, 0xcf, 0xf0, 0xb, 0xfe, 0x0, 0x0,
    0x0, 0x0, 0x7f, 0xf4, 0x1f, 0xf9, 0x0, 0x0,
    0x0, 0x0, 0x1f, 0xfa, 0x5f, 0xf3, 0x0, 0x0,
    0x0, 0x0, 0xc, 0xfe, 0xbf, 0xe0, 0x0, 0x0,
    0x0, 0x0, 0x6, 0xff, 0xff, 0x80, 0x0, 0x0,
    0x0, 0x0, 0x1, 0xff, 0xff, 0x30, 0x0, 0x0,
    0x0, 0x0, 0x0, 0xbf, 0xfd, 0x0, 0x0, 0x0,

    /* U+0057 "W" */
    0xf, 0xfe, 0x0, 0x0, 0x0, 0xbf, 0xfc, 0x0,
    0x0, 0x0, 0xdf, 0xe0, 0xb, 0xff, 0x20, 0x0,
    0x0, 0xff, 0xff, 0x0, 0x0, 0x1, 0xff, 0xa0,
    0x7, 0xff, 0x60, 0x0, 0x2, 0xff, 0xff, 0x40,
    0x0, 0x5, 0xff, 0x60, 0x3, 0xff, 0xa0, 0x0,
    0x6, 0xfe, 0xff, 0x70, 0x0, 0x9, 0xff, 0x10,
    0x0, 0xef, 0xe0, 0x0, 0xa, 0xfa, 0xbf, 0xb0,
    0x0, 0xd, 0xfd, 0x0, 0x0, 0xaf, 0xf2, 0x0,
    0xe, 0xf6, 0x7f, 0xe0, 0x0, 0x1f, 0xf9, 0x0,
    0x0, 0x6f, 0xf6, 0x0, 0x1f, 0xf2, 0x3f, 0xf2,
    0x0, 0x5f, 0xf5, 0x0, 0x0, 0x2f, 0xfa, 0x0,
    0x5f, 0xe0, 0xf, 0xf6, 0x0, 0x9f, 0xf1, 0x0,
    0x0, 0xd, 0xfe, 0x0, 0x9f, 0xb0, 0xc, 0xf9,
    0x0, 0xdf, 0xc0, 0x0, 0x0, 0x9, 0xff, 0x20,
    0xcf, 0x70, 0x8, 0xfd, 0x1, 0xff, 0x80, 0x0,
    0x0, 0x5, 0xff, 0x60, 0xff, 0x30, 0x4, 0xff,
    0x15, 0xff, 0x30, 0x0, 0x0, 0x1, 0xff, 0xa4,
    0xff, 0x0, 0x0, 0xff, 0x49, 0xff, 0x0, 0x0,
    0x0, 0x0, 0xcf, 0xe7, 0xfb, 0x0, 0x0, 0xdf,
    0x8d, 0xfb, 0x0, 0x0, 0x0, 0x0, 0x8f, 0xfd,
    0xf8, 0x0, 0x0, 0x9f, 0xdf, 0xf7, 0x0, 0x0,
    0x0, 0x0, 0x4f, 0xff, 0xf4, 0x0, 0x0, 0x5f,
    0xff, 0xf2, 0x0, 0x0, 0x0, 0x0, 0xf, 0xff,
    0xf0, 0x0, 0x0, 0x1f, 0xff, 0xe0, 0x0, 0x0,
    0x0, 0x0, 0xb, 0xff, 0xc0, 0x0, 0x0, 0xd,
    0xff, 0xa0, 0x0, 0x0,

    /* U+0058 "X" */
    0xb, 0xff, 0x90, 0x0, 0x0, 0x6, 0xff, 0xa0,
    0x1f, 0xff, 0x30, 0x0, 0x1, 0xef, 0xe1, 0x0,
    0x6f, 0xfd, 0x0, 0x0, 0xaf, 0xf4, 0x0, 0x0,
    0xcf, 0xf7, 0x0, 0x4f, 0xf9, 0x0, 0x0, 0x2,
    0xff, 0xf1, 0xd, 0xfe, 0x10, 0x0, 0x0, 0x8,
    0xff, 0xa8, 0xff, 0x40, 0x0, 0x0, 0x0, 0xd,
    0xff, 0xff, 0x90, 0x0, 0x0, 0x0, 0x0, 0x3f,
    0xff, 0xe0, 0x0, 0x0, 0x0, 0x0, 0x0, 0xdf,
    0xf9, 0x0, 0x0, 0x0, 0x0, 0x0, 0x6f, 0xff,
    0xf2, 0x0, 0x0, 0x0, 0x0, 0x2f, 0xfe, 0xff,
    0xc0, 0x0, 0x0, 0x0, 0xb, 0xff, 0x2b, 0xff,
    0x60, 0x0, 0x0, 0x6, 0xff, 0x70, 0x2f, 0xff,
    0x10, 0x0, 0x2, 0xff, 0xc0, 0x0, 0x8f, 0xfb,
    0x0, 0x0, 0xbf, 0xf3, 0x0, 0x0, 0xef, 0xf5,
    0x0, 0x6f, 0xf8, 0x0, 0x0, 0x4, 0xff, 0xe1,
    0x2f, 0xfe, 0x0, 0x0, 0x0, 0xb, 0xff, 0xa0,

    /* U+0059 "Y" */
    0x5f, 0xff, 0x10, 0x0, 0x0, 0x5, 0xff, 0xc0,
    0xc, 0xff, 0x90, 0x0, 0x0, 0xe, 0xff, 0x20,
    0x2, 0xff, 0xf2, 0x0, 0x0, 0x7f, 0xf8, 0x0,
    0x0, 0x9f, 0xfb, 0x0, 0x1, 0xff, 0xe0, 0x0,
    0x0, 0xe, 0xff, 0x40, 0x9, 0xff, 0x50, 0x0,
    0x0, 0x5, 0xff, 0xd0, 0x2f, 0xfb, 0x0, 0x0,
    0x0, 0x0, 0xbf, 0xf6, 0xbf, 0xf2, 0x0, 0x0,
    0x0, 0x0, 0x2f, 0xff, 0xff, 0x80, 0x0, 0x0,
    0x0, 0x0, 0x8, 0xff, 0xfe, 0x0, 0x0, 0x0,
    0x0, 0x0, 0x0, 0xef, 0xf5, 0x0, 0x0, 0x0,
    0x0, 0x0, 0x0, 0xbf, 0xf2, 0x0, 0x0, 0x0,
    0x0, 0x0, 0x0, 0xbf, 0xf2, 0x0, 0x0, 0x0,
    0x0, 0x0, 0x0, 0xbf, 0xf2, 0x0, 0x0, 0x0,
    0x0, 0x0, 0x0, 0xbf, 0xf2, 0x0, 0x0, 0x0,
    0x0, 0x0, 0x0, 0xbf, 0xf2, 0x0, 0x0, 0x0,
    0x0, 0x0, 0x0, 0xbf, 0xf2, 0x0, 0x0, 0x0,
    0x0, 0x0, 0x0, 0xbf, 0xf2, 0x0, 0x0, 0x0,

    /* U+005A "Z" */
    0xbf, 0xff, 0xff, 0xff, 0xff, 0xfd, 0xbf, 0xff,
    0xff, 0xff, 0xff, 0xfd, 0x46, 0x66, 0x66, 0x66,
    0xff, 0xf9, 0x0, 0x0, 0x0, 0x8, 0xff, 0xd0,
    0x0, 0x0, 0x0, 0x3f, 0xff, 0x40, 0x0, 0x0,
    0x0, 0xdf, 0xf9, 0x0, 0x0, 0x0, 0x7, 0xff,
    0xe1, 0x0, 0x0, 0x0, 0x2f, 0xff, 0x50, 0x0,
    0x0, 0x0, 0xcf, 0xfa, 0x0, 0x0, 0x0, 0x7,
    0xff, 0xe1, 0x0, 0x0, 0x0, 0x2f, 0xff, 0x50,
    0x0, 0x0, 0x0, 0xbf, 0xfb, 0x0, 0x0, 0x0,
    0x6, 0xff, 0xf1, 0x0, 0x0, 0x0, 0x1f, 0xff,
    0x60, 0x0, 0x0, 0x0, 0xbf, 0xfe, 0x66, 0x66,
    0x66, 0x65, 0xff, 0xff, 0xff, 0xff, 0xff, 0xff,
    0xff, 0xff, 0xff, 0xff, 0xff, 0xff,

    /* U+005B "[" */
    0x2f, 0xff, 0xff, 0xf7, 0x2f, 0xff, 0xff, 0xf7,
    0x2f, 0xfa, 0x55, 0x52, 0x2f, 0xf7, 0x0, 0x0,
    0x2f, 0xf7, 0x0, 0x0, 0x2f, 0xf7, 0x0, 0x0,
    0x2f, 0xf7, 0x0, 0x0, 0x2f, 0xf7, 0x0, 0x0,
    0x2f, 0xf7, 0x0, 0x0, 0x2f, 0xf7, 0x0, 0x0,
    0x2f, 0xf7, 0x0, 0x0, 0x2f, 0xf7, 0x0, 0x0,
    0x2f, 0xf7, 0x0, 0x0, 0x2f, 0xf7, 0x0, 0x0,
    0x2f, 0xf7, 0x0, 0x0, 0x2f, 0xf7, 0x0, 0x0,
    0x2f, 0xf7, 0x0, 0x0, 0x2f, 0xfa, 0x55, 0x52,
    0x2f, 0xff, 0xff, 0xf7, 0x2f, 0xff, 0xff, 0xf7,

    /* U+005C "\\" */
    0x8, 0x82, 0x0, 0x0, 0x0, 0xef, 0x80, 0x0,
    0x0, 0x9, 0xfd, 0x0, 0x0, 0x0, 0x4f, 0xf1,
    0x0, 0x0, 0x0, 0xff, 0x60, 0x0, 0x0, 0xb,
    0xfb, 0x0, 0x0, 0x0, 0x6f, 0xf0, 0x0, 0x0,
    0x2, 0xff, 0x40, 0x0, 0x0, 0xd, 0xf9, 0x0,
    0x0, 0x0, 0x8f, 0xe0, 0x0, 0x0, 0x3, 0xff,
    0x20, 0x0, 0x0, 0xe, 0xf7, 0x0, 0x0, 0x0,
    0xaf, 0xc0, 0x0, 0x0, 0x5, 0xff, 0x10, 0x0,
    0x0, 0x1f, 0xf5, 0x0, 0x0, 0x0, 0xcf, 0xa0,
    0x0, 0x0, 0x7, 0xfe, 0x0, 0x0, 0x0, 0x2f,
    0xf3, 0x0, 0x0, 0x0, 0xef, 0x80, 0x0, 0x0,
    0x9, 0xfd,

    /* U+005D "]" */
    0xdf, 0xff, 0xff, 0xdd, 0xff, 0xff, 0xfd, 0x45,
    0x55, 0xdf, 0xd0, 0x0, 0xc, 0xfd, 0x0, 0x0,
    0xcf, 0xd0, 0x0, 0xc, 0xfd, 0x0, 0x0, 0xcf,
    0xd0, 0x0, 0xc, 0xfd, 0x0, 0x0, 0xcf, 0xd0,
    0x0, 0xc, 0xfd, 0x0, 0x0, 0xcf, 0xd0, 0x0,
    0xc, 0xfd, 0x0, 0x0, 0xcf, 0xd0, 0x0, 0xc,
    0xfd, 0x0, 0x0, 0xcf, 0xd0, 0x0, 0xc, 0xfd,
    0x0, 0x0, 0xcf, 0xd4, 0x55, 0x5d, 0xfd, 0xdf,
    0xff, 0xff, 0xdd, 0xff, 0xff, 0xfd,

    /* U+005E "^" */
    0x0, 0x7, 0xff, 0x70, 0x0, 0x0, 0x1f, 0xff,
    0xe1, 0x0, 0x0, 0x9f, 0xcd, 0xf9, 0x0, 0x2,
    0xff, 0x33, 0xff, 0x20, 0xb, 0xf8, 0x0, 0x8f,
    0xb0, 0x4f, 0xd0, 0x0, 0xd, 0xf4,

    /* U+005F "_" */
    0x33, 0x33, 0x33, 0x33, 0x33, 0xf, 0xff, 0xff,
    0xff, 0xff, 0xf4, 0xff, 0xff, 0xff, 0xff, 0xff,
    0x40,

    /* U+0060 "`" */
    0x3a, 0xaa, 0x30, 0x0, 0x9f, 0xfd, 0x0, 0x0,
    0x9f, 0xf7, 0x0, 0x0, 0x9f, 0xf2,

    /* U+0061 "a" */
    0x0, 0x7, 0xcf, 0xfe, 0xa2, 0x0, 0x0, 0xcf,
    0xff, 0xff, 0xff, 0x20, 0x7, 0xff, 0xa4, 0x39,
    0xff, 0xa0, 0x7, 0xaa, 0x0, 0x0, 0xef, 0xe0,
    0x0, 0x0, 0x0, 0x13, 0xef, 0xf0, 0x0, 0x17,
    0xbe, 0xff, 0xff, 0xf0, 0x3, 0xef, 0xfe, 0xc9,
    0xef, 0xf0, 0xd, 0xff, 0x40, 0x0, 0xdf, 0xf0,
    0x1f, 0xfb, 0x0, 0x0, 0xff, 0xf0, 0xf, 0xfe,
    0x20, 0x2b, 0xff, 0xf0, 0xa, 0xff, 0xff, 0xfe,
    0xcf, 0xf0, 0x0, 0x8e, 0xfe, 0xa1, 0x9f, 0xf2,

    /* U+0062 "b" */
    0x8f, 0xf4, 0x0, 0x0, 0x0, 0x0, 0x8f, 0xf4,
    0x0, 0x0, 0x0, 0x0, 0x8f, 0xf4, 0x0, 0x0,
    0x0, 0x0, 0x8f, 0xf4, 0x0, 0x0, 0x0, 0x0,
    0x8f, 0xf4, 0x0, 0x0, 0x0, 0x0, 0x8f, 0xf4,
    0x4c, 0xff, 0xc5, 0x0, 0x8f, 0xf9, 0xff, 0xff,
    0xff, 0x80, 0x8f, 0xff, 0xd7, 0x6b, 0xff, 0xf3,
    0x8f, 0xfd, 0x0, 0x0, 0x9f, 0xfa, 0x8f, 0xf6,
    0x0, 0x0, 0x1f, 0xfe, 0x8f, 0xf3, 0x0, 0x0,
    0xe, 0xff, 0x8f, 0xf3, 0x0, 0x0, 0xf, 0xff,
    0x8f, 0xf6, 0x0, 0x0, 0x2f, 0xfd, 0x8f, 0xfd,
    0x10, 0x0, 0x9f, 0xf9, 0x8f, 0xff, 0xd8, 0x7b,
    0xff, 0xf2, 0x8f, 0xf9, 0xff, 0xff, 0xff, 0x60,
    0x8f, 0xf3, 0x5c, 0xff, 0xb4, 0x0,

    /* U+0063 "c" */
    0x0, 0x4, 0xbe, 0xfe, 0x92, 0x0, 0x0, 0x9f,
    0xff, 0xff, 0xff, 0x40, 0x6, 0xff, 0xe7, 0x59,
    0xff, 0xe1, 0xe, 0xff, 0x20, 0x0, 0x6f, 0xf6,
    0x3f, 0xfa, 0x0, 0x0, 0x4, 0x42, 0x6f, 0xf7,
    0x0, 0x0, 0x0, 0x0, 0x6f, 0xf7, 0x0, 0x0,
    0x0, 0x0, 0x3f, 0xfb, 0x0, 0x0, 0x4, 0x42,
    0xe, 0xff, 0x30, 0x0, 0x6f, 0xf6, 0x6, 0xff,
    0xe7, 0x59, 0xff, 0xe1, 0x0, 0x9f, 0xff, 0xff,
    0xff, 0x30, 0x0, 0x4, 0xbe, 0xfe, 0x91, 0x0,

    /* U+0064 "d" */
    0x0, 0x0, 0x0, 0x0, 0x9, 0xff, 0x30, 0x0,
    0x0, 0x0, 0x0, 0x9f, 0xf3, 0x0, 0x0, 0x0,
    0x0, 0x9, 0xff, 0x30, 0x0, 0x0, 0x0, 0x0,
    0x9f, 0xf3, 0x0, 0x0, 0x0, 0x0, 0x9, 0xff,
    0x30, 0x0, 0x7d, 0xff, 0xb2, 0x9f, 0xf3, 0x0,
    0xbf, 0xff, 0xff, 0xeb, 0xff, 0x30, 0x8f, 0xff,
    0x96, 0x9f, 0xff, 0xf3, 0xe, 0xff, 0x40, 0x0,
    0x4f, 0xff, 0x33, 0xff, 0xc0, 0x0, 0x0, 0xcf,
    0xf3, 0x5f, 0xf9, 0x0, 0x0, 0x9, 0xff, 0x35,
    0xff, 0x90, 0x0, 0x0, 0x9f, 0xf3, 0x3f, 0xfc,
    0x0, 0x0, 0xc, 0xff, 0x30, 0xff, 0xf4, 0x0,
    0x4, 0xff, 0xf3, 0x8, 0xff, 0xf9, 0x68, 0xff,
    0xff, 0x30, 0xc, 0xff, 0xff, 0xfe, 0xaf, 0xf3,
    0x0, 0x8, 0xdf, 0xea, 0x28, 0xff, 0x30,

    /* U+0065 "e" */
    0x0, 0x4, 0xbe, 0xfe, 0xa3, 0x0, 0x0, 0x9f,
    0xff, 0xff, 0xff, 0x50, 0x6, 0xff, 0xd5, 0x36,
    0xef, 0xf2, 0xe, 0xfe, 0x10, 0x0, 0x4f, 0xf9,
    0x3f, 0xf9, 0x0, 0x0, 0xe, 0xfd, 0x6f, 0xff,
    0xff, 0xff, 0xff, 0xff, 0x6f, 0xff, 0xff, 0xff,
    0xff, 0xfe, 0x3f, 0xf8, 0x0, 0x0, 0x0, 0x0,
    0xe, 0xfe, 0x10, 0x0, 0x8, 0x84, 0x6, 0xff,
    0xd5, 0x35, 0xcf, 0xf3, 0x0, 0x8f, 0xff, 0xff,
    0xff, 0x60, 0x0, 0x4, 0xbe, 0xfe, 0xb3, 0x0,

    /* U+0066 "f" */
    0x0, 0x2, 0xae, 0xfb, 0x0, 0x1e, 0xff, 0xfd,
    0x0, 0x6f, 0xfc, 0x54, 0x0, 0x9f, 0xf3, 0x0,
    0x0, 0xaf, 0xf2, 0x0, 0xaf, 0xff, 0xff, 0xf9,
    0xaf, 0xff, 0xff, 0xf9, 0x34, 0xbf, 0xf6, 0x42,
    0x0, 0xaf, 0xf2, 0x0, 0x0, 0xaf, 0xf2, 0x0,
    0x0, 0xaf, 0xf2, 0x0, 0x0, 0xaf, 0xf2, 0x0,
    0x0, 0xaf, 0xf2, 0x0, 0x0, 0xaf, 0xf2, 0x0,
    0x0, 0xaf, 0xf2, 0x0, 0x0, 0xaf, 0xf2, 0x0,
    0x0, 0xaf, 0xf2, 0x0,

    /* U+0067 "g" */
    0x0, 0x7, 0xdf, 0xfb, 0x28, 0xff, 0x30, 0xb,
    0xff, 0xff, 0xfe, 0x9f, 0xf3, 0x7, 0xff, 0xf8,
    0x58, 0xff, 0xff, 0x30, 0xef, 0xf3, 0x0, 0x3,
    0xff, 0xf3, 0x3f, 0xfc, 0x0, 0x0, 0xc, 0xff,
    0x35, 0xff, 0x90, 0x0, 0x0, 0x9f, 0xf3, 0x5f,
    0xf9, 0x0, 0x0, 0x9, 0xff, 0x33, 0xff, 0xc0,
    0x0, 0x0, 0xcf, 0xf3, 0xf, 0xff, 0x30, 0x0,
    0x3f, 0xff, 0x30, 0x8f, 0xff, 0x85, 0x8f, 0xff,
    0xf3, 0x0, 0xcf, 0xff, 0xff, 0xea, 0xff, 0x30,
    0x0, 0x8d, 0xfe, 0xa1, 0x9f, 0xf2, 0x0, 0x0,
    0x0, 0x0, 0xb, 0xff, 0x10, 0x9b, 0xa0, 0x0,
    0x3, 0xff, 0xe0, 0x8, 0xff, 0xd9, 0x8a, 0xff,
    0xf6, 0x0, 0xc, 0xff, 0xff, 0xff, 0xf9, 0x0,
    0x0, 0x6, 0xcf, 0xfe, 0xb5, 0x0, 0x0,

    /* U+0068 "h" */
    0x8f, 0xf4, 0x0, 0x0, 0x0, 0x0, 0x8f, 0xf4,
    0x0, 0x0, 0x0, 0x0, 0x8f, 0xf4, 0x0, 0x0,
    0x0, 0x0, 0x8f, 0xf4, 0x0, 0x0, 0x0, 0x0,
    0x8f, 0xf4, 0x0, 0x0, 0x0, 0x0, 0x8f, 0xf4,
    0x2a, 0xef, 0xd6, 0x0, 0x8f, 0xf7, 0xff, 0xff,
    0xff, 0x60, 0x8f, 0xff, 0xe7, 0x6b, 0xff, 0xe0,
    0x8f, 0xfd, 0x10, 0x0, 0xdf, 0xf1, 0x8f, 0xf6,
    0x0, 0x0, 0xaf, 0xf2, 0x8f, 0xf4, 0x0, 0x0,
    0xaf, 0xf2, 0x8f, 0xf4, 0x0, 0x0, 0xaf, 0xf2,
    0x8f, 0xf4, 0x0, 0x0, 0xaf, 0xf2, 0x8f, 0xf4,
    0x0, 0x0, 0xaf, 0xf2, 0x8f, 0xf4, 0x0, 0x0,
    0xaf, 0xf2, 0x8f, 0xf4, 0x0, 0x0, 0xaf, 0xf2,
    0x8f, 0xf4, 0x0, 0x0, 0xaf, 0xf2,

    /* U+0069 "i" */
    0xaf, 0xf5, 0xaf, 0xf5, 0xaf, 0xf5, 0x23, 0x31,
    0x0, 0x0, 0x8f, 0xf4, 0x8f, 0xf4, 0x8f, 0xf4,
    0x8f, 0xf4, 0x8f, 0xf4, 0x8f, 0xf4, 0x8f, 0xf4,
    0x8f, 0xf4, 0x8f, 0xf4, 0x8f, 0xf4, 0x8f, 0xf4,
    0x8f, 0xf4,

    /* U+006A "j" */
    0x0, 0xaf, 0xf5, 0x0, 0xaf, 0xf5, 0x0, 0xaf,
    0xf5, 0x0, 0x23, 0x31, 0x0, 0x0, 0x0, 0x0,
    0x8f, 0xf4, 0x0, 0x8f, 0xf4, 0x0, 0x8f, 0xf4,
    0x0, 0x8f, 0xf4, 0x0, 0x8f, 0xf4, 0x0, 0x8f,
    0xf4, 0x0, 0x8f, 0xf4, 0x0, 0x8f, 0xf4, 0x0,
    0x8f, 0xf4, 0x0, 0x8f, 0xf4, 0x0, 0x8f, 0xf4,
    0x0, 0x8f, 0xf4, 0x0, 0x8f, 0xf4, 0x0, 0x8f,
    0xf3, 0x45, 0xef, 0xf1, 0xbf, 0xff, 0xb0, 0x9f,
    0xe9, 0x10,

    /* U+006B "k" */
    0x8f, 0xf4, 0x0, 0x0, 0x0, 0x0, 0x8f, 0xf4,
    0x0, 0x0, 0x0, 0x0, 0x8f, 0xf4, 0x0, 0x0,
    0x0, 0x0, 0x8f, 0xf4, 0x0, 0x0, 0x0, 0x0,
    0x8f, 0xf4, 0x0, 0x0, 0x0, 0x0, 0x8f, 0xf4,
    0x0, 0xd, 0xff, 0x70, 0x8f, 0xf4, 0x0, 0xbf,
    0xf8, 0x0, 0x8f, 0xf4, 0x9, 0xff, 0xa0, 0x0,
    0x8f, 0xf4, 0x7f, 0xfb, 0x0, 0x0, 0x8f, 0xf8,
    0xff, 0xc0, 0x0, 0x0, 0x8f, 0xff, 0xfe, 0x10,
    0x0, 0x0, 0x8f, 0xfe, 0xff, 0x70, 0x0, 0x0,
    0x8f, 0xf5, 0xef, 0xf4, 0x0, 0x0, 0x8f, 0xf4,
    0x3f, 0xff, 0x30, 0x0, 0x8f, 0xf4, 0x5, 0xff,
    0xe1, 0x0, 0x8f, 0xf4, 0x0, 0x8f, 0xfc, 0x0,
    0x8f, 0xf4, 0x0, 0xa, 0xff, 0xb0,

    /* U+006C "l" */
    0x8f, 0xf4, 0x8f, 0xf4, 0x8f, 0xf4, 0x8f, 0xf4,
    0x8f, 0xf4, 0x8f, 0xf4, 0x8f, 0xf4, 0x8f, 0xf4,
    0x8f, 0xf4, 0x8f, 0xf4, 0x8f, 0xf4, 0x8f, 0xf4,
    0x8f, 0xf4, 0x8f, 0xf4, 0x8f, 0xf4, 0x8f, 0xf4,
    0x8f, 0xf4,

    /* U+006D "m" */
    0x8f, 0xf3, 0x2b, 0xff, 0xc4, 0x0, 0x8e, 0xfe,
    0x90, 0x8, 0xff, 0x6f, 0xff, 0xff, 0xf4, 0xdf,
    0xff, 0xff, 0xb0, 0x8f, 0xff, 0xb3, 0x3a, 0xff,
    0xff, 0x62, 0x4e, 0xff, 0x28, 0xff, 0xc0, 0x0,
    0x1f, 0xff, 0x50, 0x0, 0x8f, 0xf5, 0x8f, 0xf5,
    0x0, 0x0, 0xff, 0xf0, 0x0, 0x7, 0xff, 0x58,
    0xff, 0x40, 0x0, 0xf, 0xfd, 0x0, 0x0, 0x7f,
    0xf5, 0x8f, 0xf4, 0x0, 0x0, 0xff, 0xd0, 0x0,
    0x7, 0xff, 0x58, 0xff, 0x40, 0x0, 0xf, 0xfd,
    0x0, 0x0, 0x7f, 0xf5, 0x8f, 0xf4, 0x0, 0x0,
    0xff, 0xd0, 0x0, 0x7, 0xff, 0x58, 0xff, 0x40,
    0x0, 0xf, 0xfd, 0x0, 0x0, 0x7f, 0xf5, 0x8f,
    0xf4, 0x0, 0x0, 0xff, 0xd0, 0x0, 0x7, 0xff,
    0x58, 0xff, 0x40, 0x0, 0xf, 0xfd, 0x0, 0x0,
    0x7f, 0xf5,

    /* U+006E "n" */
    0x8f, 0xf3, 0x2a, 0xef, 0xd6, 0x0, 0x8f, 0xf6,
    0xff, 0xff, 0xff, 0x60, 0x8f, 0xff, 0xb4, 0x28,
    0xff, 0xe0, 0x8f, 0xfc, 0x0, 0x0, 0xcf, 0xf1,
    0x8f, 0xf6, 0x0, 0x0, 0xaf, 0xf2, 0x8f, 0xf4,
    0x0, 0x0, 0xaf, 0xf2, 0x8f, 0xf4, 0x0, 0x0,
    0xaf, 0xf2, 0x8f, 0xf4, 0x0, 0x0, 0xaf, 0xf2,
    0x8f, 0xf4, 0x0, 0x0, 0xaf, 0xf2, 0x8f, 0xf4,
    0x0, 0x0, 0xaf, 0xf2, 0x8f, 0xf4, 0x0, 0x0,
    0xaf, 0xf2, 0x8f, 0xf4, 0x0, 0x0, 0xaf, 0xf2,

    /* U+006F "o" */
    0x0, 0x4, 0xae, 0xfe, 0xb5, 0x0, 0x0, 0x8,
    0xff, 0xff, 0xff, 0xfb, 0x0, 0x6, 0xff, 0xf8,
    0x57, 0xef, 0xf9, 0x0, 0xef, 0xf3, 0x0, 0x2,
    0xff, 0xf1, 0x4f, 0xfb, 0x0, 0x0, 0x9, 0xff,
    0x66, 0xff, 0x70, 0x0, 0x0, 0x6f, 0xf8, 0x6f,
    0xf8, 0x0, 0x0, 0x6, 0xff, 0x83, 0xff, 0xb0,
    0x0, 0x0, 0x9f, 0xf6, 0xe, 0xff, 0x40, 0x0,
    0x2f, 0xff, 0x10, 0x6f, 0xff, 0x85, 0x7e, 0xff,
    0x80, 0x0, 0x8f, 0xff, 0xff, 0xff, 0xa0, 0x0,
    0x0, 0x3a, 0xef, 0xeb, 0x50, 0x0,

    /* U+0070 "p" */
    0x8f, 0xf3, 0x5c, 0xff, 0xc5, 0x0, 0x8f, 0xfa,
    0xff, 0xff, 0xff, 0x80, 0x8f, 0xff, 0xb3, 0x27,
    0xff, 0xf3, 0x8f, 0xfc, 0x0, 0x0, 0x7f, 0xfa,
    0x8f, 0xf5, 0x0, 0x0, 0x1f, 0xfe, 0x8f, 0xf3,
    0x0, 0x0, 0xe, 0xff, 0x8f, 0xf3, 0x0, 0x0,
    0xf, 0xff, 0x8f, 0xf7, 0x0, 0x0, 0x2f, 0xfd,
    0x8f, 0xfe, 0x10, 0x0, 0xaf, 0xf9, 0x8f, 0xff,
    0xe8, 0x7b, 0xff, 0xf2, 0x8f, 0xf9, 0xff, 0xff,
    0xff, 0x60, 0x8f, 0xf4, 0x5c, 0xff, 0xb4, 0x0,
    0x8f, 0xf4, 0x0, 0x0, 0x0, 0x0, 0x8f, 0xf4,
    0x0, 0x0, 0x0, 0x0, 0x8f, 0xf4, 0x0, 0x0,
    0x0, 0x0, 0x8f, 0xf4, 0x0, 0x0, 0x0, 0x0,
    0x8f, 0xf4, 0x0, 0x0, 0x0, 0x0,

    /* U+0071 "q" */
    0x0, 0x7, 0xdf, 0xfb, 0x28, 0xff, 0x30, 0xb,
    0xff, 0xff, 0xfe, 0xaf, 0xf3, 0x8, 0xff, 0xf9,
    0x69, 0xff, 0xff, 0x30, 0xef, 0xf4, 0x0, 0x4,
    0xff, 0xf3, 0x3f, 0xfc, 0x0, 0x0, 0xc, 0xff,
    0x35, 0xff, 0x90, 0x0, 0x0, 0x9f, 0xf3, 0x5f,
    0xf9, 0x0, 0x0, 0x9, 0xff, 0x33, 0xff, 0xc0,
    0x0, 0x0, 0xcf, 0xf3, 0xf, 0xff, 0x30, 0x0,
    0x4f, 0xff, 0x30, 0x8f, 0xff, 0x86, 0x8f, 0xff,
    0xf3, 0x0, 0xcf, 0xff, 0xff, 0xeb, 0xff, 0x30,
    0x0, 0x8d, 0xfe, 0xa2, 0x9f, 0xf3, 0x0, 0x0,
    0x0, 0x0, 0x9, 0xff, 0x30, 0x0, 0x0, 0x0,
    0x0, 0x9f, 0xf3, 0x0, 0x0, 0x0, 0x0, 0x9,
    0xff, 0x30, 0x0, 0x0, 0x0, 0x0, 0x9f, 0xf3,
    0x0, 0x0, 0x0, 0x0, 0x9, 0xff, 0x30,

    /* U+0072 "r" */
    0x0, 0x0, 0x0, 0x0, 0x8f, 0xf3, 0x5d, 0xf3,
    0x8f, 0xf8, 0xff, 0xf3, 0x8f, 0xff, 0xea, 0x82,
    0x8f, 0xfd, 0x10, 0x0, 0x8f, 0xf6, 0x0, 0x0,
    0x8f, 0xf4, 0x0, 0x0, 0x8f, 0xf4, 0x0, 0x0,
    0x8f, 0xf4, 0x0, 0x0, 0x8f, 0xf4, 0x0, 0x0,
    0x8f, 0xf4, 0x0, 0x0, 0x8f, 0xf4, 0x0, 0x0,
    0x8f, 0xf4, 0x0, 0x0,

    /* U+0073 "s" */
    0x0, 0x4b, 0xef, 0xeb, 0x40, 0x0, 0x5f, 0xff,
    0xff, 0xff, 0x70, 0xd, 0xfd, 0x20, 0x3c, 0xff,
    0x10, 0xff, 0xa0, 0x0, 0x27, 0x71, 0xc, 0xff,
    0xb6, 0x20, 0x0, 0x0, 0x3f, 0xff, 0xff, 0xe8,
    0x0, 0x0, 0x18, 0xdf, 0xff, 0xfb, 0x0, 0x0,
    0x0, 0x15, 0xcf, 0xf4, 0x5d, 0xd2, 0x0, 0x1,
    0xff, 0x72, 0xff, 0xc4, 0x12, 0x9f, 0xf5, 0x7,
    0xff, 0xff, 0xff, 0xfc, 0x0, 0x4, 0xbe, 0xff,
    0xd7, 0x0,

    /* U+0074 "t" */
    0x0, 0x1, 0x73, 0x0, 0x0, 0x6, 0xff, 0x40,
    0x0, 0x0, 0x8f, 0xf4, 0x0, 0x0, 0x8, 0xff,
    0x40, 0x0, 0xaf, 0xff, 0xff, 0xff, 0x5a, 0xff,
    0xff, 0xff, 0xf5, 0x34, 0xaf, 0xf7, 0x44, 0x10,
    0x8, 0xff, 0x40, 0x0, 0x0, 0x8f, 0xf4, 0x0,
    0x0, 0x8, 0xff, 0x40, 0x0, 0x0, 0x8f, 0xf4,
    0x0, 0x0, 0x8, 0xff, 0x40, 0x0, 0x0, 0x7f,
    0xf5, 0x0, 0x0, 0x5, 0xff, 0xe6, 0x62, 0x0,
    0xd, 0xff, 0xff, 0x50, 0x0, 0x1a, 0xef, 0xe4,

    /* U+0075 "u" */
    0xaf, 0xf1, 0x0, 0x0, 0xff, 0xda, 0xff, 0x10,
    0x0, 0xf, 0xfd, 0xaf, 0xf1, 0x0, 0x0, 0xff,
    0xda, 0xff, 0x10, 0x0, 0xf, 0xfd, 0xaf, 0xf1,
    0x0, 0x0, 0xff, 0xda, 0xff, 0x10, 0x0, 0xf,
    0xfd, 0xaf, 0xf1, 0x0, 0x0, 0xff, 0xda, 0xff,
    0x10, 0x0, 0x2f, 0xfd, 0xaf, 0xf5, 0x0, 0xa,
    0xff, 0xd6, 0xff, 0xe7, 0x6c, 0xff, 0xfd, 0xd,
    0xff, 0xff, 0xf7, 0xef, 0xd0, 0x1a, 0xff, 0xc5,
    0xe, 0xfd,

    /* U+0076 "v" */
    0xbf, 0xf4, 0x0, 0x0, 0x5f, 0xf8, 0x5f, 0xf9,
    0x0, 0x0, 0xbf, 0xf2, 0xe, 0xfe, 0x0, 0x0,
    0xff, 0xc0, 0x9, 0xff, 0x30, 0x5, 0xff, 0x60,
    0x3, 0xff, 0x90, 0xa, 0xff, 0x0, 0x0, 0xdf,
    0xe0, 0xf, 0xfa, 0x0, 0x0, 0x7f, 0xf3, 0x5f,
    0xf4, 0x0, 0x0, 0x1f, 0xf8, 0xaf, 0xd0, 0x0,
    0x0, 0xb, 0xfd, 0xff, 0x80, 0x0, 0x0, 0x5,
    0xff, 0xff, 0x20, 0x0, 0x0, 0x0, 0xff, 0xfc,
    0x0, 0x0, 0x0, 0x0, 0x9f, 0xf6, 0x0, 0x0,

    /* U+0077 "w" */
    0x8f, 0xf5, 0x0, 0x9, 0xff, 0x30, 0x0, 0xbf,
    0xf1, 0x3f, 0xf9, 0x0, 0xd, 0xff, 0x80, 0x0,
    0xef, 0xd0, 0xe, 0xfd, 0x0, 0x2f, 0xff, 0xc0,
    0x2, 0xff, 0x80, 0xa, 0xff, 0x0, 0x6f, 0xef,
    0xf1, 0x5, 0xff, 0x40, 0x5, 0xff, 0x40, 0xaf,
    0x8e, 0xf5, 0x9, 0xff, 0x0, 0x1, 0xff, 0x70,
    0xff, 0x3a, 0xfa, 0xd, 0xfa, 0x0, 0x0, 0xcf,
    0xb3, 0xfe, 0x5, 0xfe, 0xf, 0xf6, 0x0, 0x0,
    0x8f, 0xf8, 0xfa, 0x1, 0xff, 0x7f, 0xf1, 0x0,
    0x0, 0x3f, 0xfe, 0xf5, 0x0, 0xcf, 0xef, 0xd0,
    0x0, 0x0, 0xe, 0xff, 0xf1, 0x0, 0x7f, 0xff,
    0x80, 0x0, 0x0, 0xa, 0xff, 0xc0, 0x0, 0x3f,
    0xff, 0x30, 0x0, 0x0, 0x5, 0xff, 0x80, 0x0,
    0xe, 0xff, 0x0, 0x0,

    /* U+0078 "x" */
    0x9, 0xff, 0x80, 0x0, 0x3f, 0xfc, 0x0, 0xd,
    0xff, 0x30, 0xd, 0xff, 0x20, 0x0, 0x3f, 0xfc,
    0x9, 0xff, 0x60, 0x0, 0x0, 0x7f, 0xfa, 0xff,
    0xa0, 0x0, 0x0, 0x0, 0xcf, 0xff, 0xe1, 0x0,
    0x0, 0x0, 0x2, 0xff, 0xf4, 0x0, 0x0, 0x0,
    0x0, 0x7f, 0xff, 0x70, 0x0, 0x0, 0x0, 0x3f,
    0xff, 0xff, 0x30, 0x0, 0x0, 0xd, 0xfe, 0x3f,
    0xfd, 0x0, 0x0, 0x9, 0xff, 0x50, 0x6f, 0xf9,
    0x0, 0x5, 0xff, 0xa0, 0x0, 0xcf, 0xf4, 0x1,
    0xef, 0xe1, 0x0, 0x2, 0xff, 0xe1,

    /* U+0079 "y" */
    0xbf, 0xf4, 0x0, 0x0, 0x6f, 0xf8, 0x5f, 0xfa,
    0x0, 0x0, 0xcf, 0xf1, 0xe, 0xff, 0x0, 0x2,
    0xff, 0xb0, 0x9, 0xff, 0x50, 0x7, 0xff, 0x50,
    0x3, 0xff, 0xb0, 0xd, 0xfe, 0x0, 0x0, 0xcf,
    0xf1, 0x2f, 0xf8, 0x0, 0x0, 0x6f, 0xf6, 0x8f,
    0xf2, 0x0, 0x0, 0x1f, 0xfc, 0xdf, 0xb0, 0x0,
    0x0, 0xa, 0xff, 0xff, 0x50, 0x0, 0x0, 0x4,
    0xff, 0xfe, 0x0, 0x0, 0x0, 0x0, 0xef, 0xf9,
    0x0, 0x0, 0x0, 0x0, 0xaf, 0xf2, 0x0, 0x0,
    0x0, 0x0, 0xef, 0xc0, 0x0, 0x0, 0x0, 0x6,
    0xff, 0x60, 0x0, 0x0, 0x0, 0xc, 0xff, 0x0,
    0x0, 0x0, 0x0, 0x3f, 0xf9, 0x0, 0x0, 0x0,
    0x0, 0xaf, 0xf3, 0x0, 0x0, 0x0,

    /* U+007A "z" */
    0xcf, 0xff, 0xff, 0xff, 0xf3, 0xcf, 0xff, 0xff,
    0xff, 0xf3, 0x34, 0x44, 0x4b, 0xff, 0xd0, 0x0,
    0x0, 0x3f, 0xff, 0x30, 0x0, 0x1, 0xef, 0xf6,
    0x0, 0x0, 0xb, 0xff, 0xb0, 0x0, 0x0, 0x6f,
    0xfe, 0x10, 0x0, 0x3, 0xff, 0xf4, 0x0, 0x0,
    0xd, 0xff, 0x80, 0x0, 0x0, 0xaf, 0xfe, 0x44,
    0x44, 0x41, 0xff, 0xff, 0xff, 0xff, 0xf5, 0xff,
    0xff, 0xff, 0xff, 0xf5,

    /* U+007B "{" */
    0x0, 0x2, 0xae, 0xff, 0x70, 0x0, 0xef, 0xff,
    0xf7, 0x0, 0x4f, 0xfb, 0x55, 0x20, 0x5, 0xff,
    0x30, 0x0, 0x0, 0x3f, 0xf5, 0x0, 0x0, 0x0,
    0xff, 0x80, 0x0, 0x0, 0xd, 0xfc, 0x0, 0x0,
    0x0, 0xbf, 0xe0, 0x0, 0x0, 0x3f, 0xfb, 0x0,
    0x4, 0xff, 0xfe, 0x20, 0x0, 0x4f, 0xff, 0xa0,
    0x0, 0x1, 0x58, 0xff, 0xa0, 0x0, 0x0, 0xc,
    0xfe, 0x0, 0x0, 0x0, 0xcf, 0xc0, 0x0, 0x0,
    0xf, 0xf9, 0x0, 0x0, 0x3, 0xff, 0x50, 0x0,
    0x0, 0x5f, 0xf3, 0x0, 0x0, 0x4, 0xff, 0xb5,
    0x52, 0x0, 0xe, 0xff, 0xff, 0x70, 0x0, 0x2a,
    0xef, 0xf7,

    /* U+007C "|" */
    0x23, 0x2a, 0xfc, 0xaf, 0xca, 0xfc, 0xaf, 0xca,
    0xfc, 0xaf, 0xca, 0xfc, 0xaf, 0xca, 0xfc, 0xaf,
    0xca, 0xfc, 0xaf, 0xca, 0xfc, 0xaf, 0xca, 0xfc,
    0xaf, 0xca, 0xfc, 0xaf, 0xca, 0xfc, 0xaf, 0xca,
    0xfc,

    /* U+007D "}" */
    0xdf, 0xfd, 0x80, 0x0, 0xdf, 0xff, 0xf9, 0x0,
    0x45, 0x6e, 0xff, 0x0, 0x0, 0x9, 0xff, 0x0,
    0x0, 0xa, 0xfe, 0x0, 0x0, 0xe, 0xfb, 0x0,
    0x0, 0x1f, 0xf8, 0x0, 0x0, 0x3f, 0xf6, 0x0,
    0x0, 0x1f, 0xfb, 0x10, 0x0, 0x6, 0xff, 0xff,
    0x0, 0x3, 0xdf, 0xff, 0x0, 0xe, 0xfe, 0x64,
    0x0, 0x3f, 0xf6, 0x0, 0x0, 0x2f, 0xf7, 0x0,
    0x0, 0xe, 0xfa, 0x0, 0x0, 0xb, 0xfd, 0x0,
    0x0, 0x9, 0xff, 0x0, 0x45, 0x6e, 0xff, 0x0,
    0xdf, 0xff, 0xf9, 0x0, 0xdf, 0xfe, 0x80, 0x0,

    /* U+007E "~" */
    0x0, 0x0, 0x0, 0x0, 0x0, 0x0, 0x8, 0xef,
    0xfd, 0x96, 0x47, 0xfd, 0x7f, 0xff, 0xff, 0xff,
    0xff, 0xf7, 0xdf, 0x40, 0x26, 0xbe, 0xfe, 0x70,

    /* U+00A0 " " */

    /* U+00A1 "¡" */
    0x5f, 0xfd, 0x5f, 0xfd, 0x5f, 0xfd, 0x15, 0x54,
    0x0, 0x0, 0x0, 0x0, 0x9, 0xa4, 0xe, 0xf6,
    0xf, 0xf7, 0xf, 0xf7, 0xf, 0xf8, 0x1f, 0xf9,
    0x1f, 0xf9, 0x2f, 0xfa, 0x3f, 0xfa, 0x3f, 0xfb,
    0x4f, 0xfc,

    /* U+00A2 "¢" */
    0x0, 0x0, 0x6, 0x84, 0x0, 0x0, 0x0, 0x0,
    0xc, 0xf8, 0x0, 0x0, 0x0, 0x0, 0xc, 0xf8,
    0x0, 0x0, 0x0, 0x4, 0xbf, 0xfe, 0x92, 0x0,
    0x0, 0x9f, 0xff, 0xff, 0xff, 0x40, 0x6, 0xff,
    0xe7, 0x58, 0xff, 0xe1, 0xe, 0xff, 0x20, 0x0,
    0x6f, 0xf6, 0x3f, 0xfa, 0x0, 0x0, 0x4, 0x42,
    0x6f, 0xf7, 0x0, 0x0, 0x0, 0x0, 0x6f, 0xf7,
    0x0, 0x0, 0x0, 0x0, 0x3f, 0xfb, 0x0, 0x0,
    0x4, 0x42, 0xe, 0xff, 0x20, 0x0, 0x6f, 0xf6,
    0x6, 0xff, 0xe7, 0x58, 0xff, 0xe1, 0x0, 0x9f,
    0xff, 0xff, 0xff, 0x30, 0x0, 0x4, 0xbf, 0xfe,
    0x91, 0x0, 0x0, 0x0, 0xc, 0xf8, 0x0, 0x0,
    0x0, 0x0, 0xc, 0xf8, 0x0, 0x0, 0x0, 0x0,
    0x6, 0x84, 0x0, 0x0,

    /* U+00A3 "£" */
    0x0, 0x5, 0xbe, 0xfe, 0xb5, 0x0, 0x0, 0xa,
    0xff, 0xff, 0xff, 0xfb, 0x0, 0x6, 0xff, 0xf8,
    0x67, 0xdf, 0xf8, 0x0, 0xcf, 0xf4, 0x0, 0x0,
    0xdf, 0xf1, 0xf, 0xfe, 0x0, 0x0, 0x6, 0xff,
    0x50, 0xff, 0xf0, 0x0, 0x0, 0x2, 0x20, 0xb,
    0xff, 0x30, 0x0, 0x0, 0x0, 0x0, 0x5f, 0xfa,
    0x0, 0x0, 0x0, 0x0, 0xbf, 0xff, 0xff, 0xff,
    0xff, 0x30, 0xb, 0xff, 0xff, 0xff, 0xff, 0xf3,
    0x0, 0x58, 0xaf, 0xfb, 0x88, 0x88, 0x10, 0x0,
    0x7, 0xff, 0x40, 0x0, 0x0, 0x0, 0x0, 0xcf,
    0xe0, 0x0, 0x0, 0x0, 0x0, 0x5f, 0xf7, 0x0,
    0x0, 0x0, 0x0, 0xe, 0xff, 0x88, 0x88, 0x88,
    0x87, 0x0, 0xff, 0xff, 0xff, 0xff, 0xff, 0xe0,
    0xf, 0xff, 0xff, 0xff, 0xff, 0xfe, 0x0,

    /* U+00A5 "¥" */
    0x6f, 0xff, 0x10, 0x0, 0x0, 0xaf, 0xf7, 0xd,
    0xff, 0x80, 0x0, 0x2, 0xff, 0xe0, 0x5, 0xff,
    0xf1, 0x0, 0xa, 0xff, 0x60, 0x0, 0xcf, 0xf7,
    0x0, 0x2f, 0xfd, 0x0, 0x0, 0x3f, 0xfe, 0x0,
    0x9f, 0xf4, 0x0, 0x0, 0xa, 0xff, 0x71, 0xff,
    0xc0, 0x0, 0xf, 0xff, 0xff, 0xe9, 0xff, 0xff,
    0xf1, 0xf, 0xff, 0xff, 0xff, 0xff, 0xff, 0xf1,
    0x0, 0x0, 0x1f, 0xff, 0xf2, 0x0, 0x0, 0xf,
    0xff, 0xff, 0xff, 0xff, 0xff, 0xf1, 0xf, 0xff,
    0xff, 0xff, 0xff, 0xff, 0xf1, 0x0, 0x0, 0x6,
    0xff, 0x70, 0x0, 0x0, 0x0, 0x0, 0x6, 0xff,
    0x70, 0x0, 0x0, 0x0, 0x0, 0x6, 0xff, 0x70,
    0x0, 0x0, 0x0, 0x0, 0x6, 0xff, 0x70, 0x0,
    0x0, 0x0, 0x0, 0x6, 0xff, 0x70, 0x0, 0x0,
    0x0, 0x0, 0x6, 0xff, 0x70, 0x0, 0x0,

    /* U+00A7 "§" */
    0x0, 0x19, 0xdf, 0xfd, 0x70, 0x0, 0x1e, 0xff,
    0xff, 0xff, 0xc0, 0x8, 0xff, 0x61, 0x28, 0xff,
    0x60, 0x9f, 0xf0, 0x0, 0x6, 0x63, 0x6, 0xff,
    0xb5, 0x20, 0x0, 0x0, 0xe, 0xff, 0xff, 0xe9,
    0x10, 0xa, 0xff, 0xff, 0xff, 0xfe, 0x12, 0xff,
    0x80, 0x2, 0x8f, 0xf9, 0x5f, 0xf3, 0x0, 0x0,
    0xcf, 0xc4, 0xff, 0xa1, 0x0, 0x2e, 0xfa, 0xe,
    0xff, 0xfc, 0xef, 0xff, 0x30, 0x3e, 0xff, 0xff,
    0xff, 0x30, 0x0, 0x17, 0xbf, 0xff, 0xfa, 0x0,
    0x0, 0x0, 0x4, 0xdf, 0xf0, 0x1d, 0xd6, 0x0,
    0x7, 0xff, 0x10, 0xdf, 0xe5, 0x23, 0xdf, 0xe0,
    0x4, 0xff, 0xff, 0xff, 0xf5, 0x0, 0x2, 0xae,
    0xfe, 0xb4, 0x0,

    /* U+00A8 "¨" */
    0x23, 0x31, 0x2, 0x33, 0x1b, 0xff, 0x50, 0xaf,
    0xf6, 0xbf, 0xf5, 0xa, 0xff, 0x6b, 0xff, 0x50,
    0xaf, 0xf6,

    /* U+00A9 "©" */
    0x0, 0x0, 0x0, 0x0, 0x0, 0x0, 0x0, 0x0,
    0x0, 0x0, 0x0, 0x3, 0x9e, 0xff, 0xea, 0x40,
    0x0, 0x0, 0x0, 0x0, 0x9f, 0xc6, 0x44, 0x6b,
    0xfa, 0x10, 0x0, 0x0, 0xb, 0xe4, 0x0, 0x0,
    0x0, 0x3d, 0xd1, 0x0, 0x0, 0x9e, 0x20, 0x3,
    0x78, 0x50, 0x1, 0xdb, 0x0, 0x3, 0xf4, 0x0,
    0xaf, 0xff, 0xfd, 0x20, 0x3f, 0x50, 0xa, 0xc0,
    0x9, 0xf9, 0x10, 0x5f, 0xd0, 0xa, 0xc0, 0xe,
    0x60, 0x1f, 0xb0, 0x0, 0x8, 0xf4, 0x4, 0xf1,
    0x1f, 0x20, 0x5f, 0x60, 0x0, 0x1, 0x31, 0x0,
    0xf3, 0x2f, 0x10, 0x7f, 0x40, 0x0, 0x0, 0x0,
    0x0, 0xf4, 0x2f, 0x20, 0x5f, 0x60, 0x0, 0x1,
    0x31, 0x0, 0xf4, 0xf, 0x50, 0x1f, 0xc0, 0x0,
    0x8, 0xf4, 0x3, 0xf1, 0xb, 0xa0, 0x9, 0xf9,
    0x10, 0x6f, 0xd0, 0x8, 0xd0, 0x4, 0xf3, 0x0,
    0xaf, 0xff, 0xfd, 0x20, 0x1f, 0x60, 0x0, 0xbd,
    0x0, 0x3, 0x78, 0x50, 0x0, 0xcd, 0x0, 0x0,
    0x1d, 0xc2, 0x0, 0x0, 0x0, 0x1b, 0xe2, 0x0,
    0x0, 0x1, 0xcf, 0x94, 0x11, 0x38, 0xfd, 0x20,
    0x0, 0x0, 0x0, 0x6, 0xcf, 0xff, 0xfd, 0x70,
    0x0, 0x0, 0x0, 0x0, 0x0, 0x1, 0x33, 0x10,
    0x0, 0x0, 0x0,

    /* U+00AA "ª" */
    0x0, 0x0, 0x0, 0x0, 0x2, 0xbf, 0xfd, 0x30,
    0xc, 0xfa, 0xaf, 0xd0, 0x0, 0x14, 0x6f, 0xf0,
    0x6, 0xff, 0xef, 0xf0, 0xf, 0xf1, 0x1f, 0xf0,
    0x1f, 0xfa, 0xdf, 0xf0, 0x6, 0xed, 0x6a, 0xc1,

    /* U+00AB "«" */
    0x0, 0x17, 0x73, 0x7, 0x74, 0x0, 0xbf, 0xe1,
    0x9f, 0xf2, 0x6, 0xff, 0x54, 0xff, 0x70, 0x2f,
    0xfa, 0x1e, 0xfc, 0x0, 0xbf, 0xf1, 0x9f, 0xf2,
    0x0, 0x6f, 0xf5, 0x5f, 0xf6, 0x0, 0xc, 0xfe,
    0x1a, 0xff, 0x20, 0x2, 0xff, 0xa1, 0xef, 0xc0,
    0x0, 0x6f, 0xf5, 0x4f, 0xf6,

    /* U+00AE "®" */
    0x0, 0x0, 0x0, 0x0, 0x0, 0x0, 0x0, 0x0,
    0x0, 0x0, 0x0, 0x3, 0x9e, 0xff, 0xea, 0x40,
    0x0, 0x0, 0x0, 0x0, 0x9f, 0xc6, 0x44, 0x6b,
    0xfa, 0x10, 0x0, 0x0, 0xb, 0xe4, 0x0, 0x0,
    0x0, 0x3d, 0xd1, 0x0, 0x0, 0x9e, 0x23, 0x88,
    0x87, 0x61, 0x1, 0xdb, 0x0, 0x3, 0xf4, 0x6,
    0xff, 0xff, 0xff, 0x40, 0x3f, 0x50, 0xa, 0xc0,
    0x6, 0xf5, 0x0, 0x3f, 0xc0, 0xa, 0xc0, 0xe,
    0x60, 0x6, 0xf5, 0x0, 0xd, 0xe0, 0x4, 0xf1,
    0x1f, 0x20, 0x6, 0xf6, 0x22, 0x5f, 0xa0, 0x0,
    0xf3, 0x2f, 0x10, 0x6, 0xff, 0xff, 0xfb, 0x10,
    0x0, 0xf4, 0x2f, 0x20, 0x6, 0xf8, 0x55, 0xbc,
    0x20, 0x0, 0xf4, 0xf, 0x50, 0x6, 0xf5, 0x0,
    0x1f, 0xa0, 0x3, 0xf1, 0xb, 0xa0, 0x6, 0xf5,
    0x0, 0xf, 0xc0, 0x8, 0xd0, 0x4, 0xf3, 0x6,
    0xf5, 0x0, 0xf, 0xc0, 0x1f, 0x60, 0x0, 0xbd,
    0x6, 0xf5, 0x0, 0xe, 0xd0, 0xcd, 0x0, 0x0,
    0x1d, 0xc2, 0x0, 0x0, 0x0, 0x1b, 0xe2, 0x0,
    0x0, 0x1, 0xcf, 0x94, 0x11, 0x38, 0xfd, 0x20,
    0x0, 0x0, 0x0, 0x6, 0xcf, 0xff, 0xfd, 0x70,
    0x0, 0x0, 0x0, 0x0, 0x0, 0x1, 0x33, 0x10,
    0x0, 0x0, 0x0,

    /* U+00AF "¯" */
    0x12, 0x22, 0x22, 0x22, 0xb, 0xff, 0xff, 0xff,
    0xf3, 0xbf, 0xff, 0xff, 0xff, 0x30,

    /* U+00B0 "°" */
    0x0, 0x28, 0x83, 0x0, 0x4, 0xff, 0xff, 0x60,
    0xd, 0xd2, 0x1b, 0xf0, 0xf, 0x80, 0x4, 0xf3,
    0xf, 0xa0, 0x7, 0xf2, 0x8, 0xfb, 0xaf, 0xb0,
    0x0, 0x8e, 0xfa, 0x10,

    /* U+00B4 "´" */
    0x0, 0x5a, 0xa9, 0x10, 0x2f, 0xff, 0x40, 0xb,
    0xff, 0x50, 0x6, 0xff, 0x50, 0x0,

    /* U+00B6 "¶" */
    0x0, 0x3b, 0xff, 0xff, 0xff, 0xff, 0xf3, 0x4,
    0xff, 0xff, 0xff, 0xff, 0xff, 0xf3, 0xe, 0xff,
    0xff, 0xff, 0xe3, 0x8f, 0xf3, 0x3f, 0xff, 0xff,
    0xff, 0xd0, 0x6f, 0xf3, 0x5f, 0xff, 0xff, 0xff,
    0xd0, 0x6f, 0xf3, 0x4f, 0xff, 0xff, 0xff, 0xd0,
    0x6f, 0xf3, 0xf, 0xff, 0xff, 0xff, 0xd0, 0x6f,
    0xf3, 0x6, 0xff, 0xff, 0xff, 0xd0, 0x6f, 0xf3,
    0x0, 0x5d, 0xff, 0xff, 0xd0, 0x6f, 0xf3, 0x0,
    0x0, 0x12, 0xdf, 0xd0, 0x6f, 0xf3, 0x0, 0x0,
    0x0, 0xcf, 0xd0, 0x6f, 0xf3, 0x0, 0x0, 0x0,
    0xcf, 0xd0, 0x6f, 0xf3, 0x0, 0x0, 0x0, 0xcf,
    0xd0, 0x6f, 0xf3, 0x0, 0x0, 0x0, 0xcf, 0xd0,
    0x6f, 0xf3, 0x0, 0x0, 0x0, 0xcf, 0xd0, 0x6f,
    0xf3, 0x0, 0x0, 0x0, 0xcf, 0xd0, 0x6f, 0xf3,
    0x0, 0x0, 0x0, 0xcf, 0xd0, 0x6f, 0xf3, 0x0,
    0x0, 0x0, 0xcf, 0xd0, 0x6f, 0xf3, 0x0, 0x0,
    0x0, 0xcf, 0xd0, 0x6f, 0xf3, 0x0, 0x0, 0x0,
    0x8b, 0x90, 0x4b, 0xb2,

    /* U+00B7 "·" */
    0x55, 0x50, 0xff, 0xf3, 0xff, 0xf3, 0xff, 0xf3,

    /* U+00B8 "¸" */
    0x0, 0x7f, 0x20, 0x0, 0xbf, 0xc2, 0x0, 0x6a,
    0xfc, 0x8d, 0x64, 0xfe, 0x2e, 0xff, 0xf6, 0x0,
    0x44, 0x10,

    /* U+00BA "º" */
    0x0, 0x0, 0x0, 0x0, 0x0, 0x8, 0xef, 0xf9,
    0x0, 0xa, 0xfe, 0xae, 0xfb, 0x1, 0xff, 0x20,
    0x1f, 0xf2, 0x2f, 0xe0, 0x0, 0xdf, 0x30, 0xff,
    0x30, 0x2f, 0xf1, 0x8, 0xff, 0xcf, 0xf9, 0x0,
    0x6, 0xde, 0xd7, 0x0,

    /* U+00BB "»" */
    0x47, 0x70, 0x37, 0x71, 0x0, 0x2f, 0xf9, 0x1e,
    0xfb, 0x0, 0x6, 0xff, 0x45, 0xff, 0x60, 0x0,
    0xbf, 0xe1, 0xaf, 0xf2, 0x0, 0x2f, 0xfa, 0x1f,
    0xfc, 0x0, 0x6f, 0xf5, 0x4f, 0xf7, 0x1, 0xff,
    0xa0, 0xef, 0xc0, 0xb, 0xfe, 0x19, 0xff, 0x20,
    0x6f, 0xf4, 0x4f, 0xf6, 0x0,

    /* U+00BF "¿" */
    0x0, 0x0, 0x6f, 0xfc, 0x0, 0x0, 0x0, 0x0,
    0x6, 0xff, 0xc0, 0x0, 0x0, 0x0, 0x0, 0x6f,
    0xfc, 0x0, 0x0, 0x0, 0x0, 0x2, 0x55, 0x30,
    0x0, 0x0, 0x0, 0x0, 0x0, 0x0, 0x0, 0x0,
    0x0, 0x0, 0x0, 0x11, 0x0, 0x0, 0x0, 0x0,
    0x0, 0x4f, 0xf7, 0x0, 0x0, 0x0, 0x0, 0xb,
    0xff, 0x50, 0x0, 0x0, 0x0, 0x1b, 0xff, 0xd0,
    0x0, 0x0, 0x0, 0x2e, 0xff, 0xd2, 0x0, 0x0,
    0x0, 0xd, 0xff, 0xb1, 0x0, 0x0, 0x0, 0x4,
    0xff, 0xc0, 0x0, 0x0, 0x0, 0x0, 0x6f, 0xf7,
    0x0, 0x0, 0x8, 0xa9, 0x5, 0xff, 0xb0, 0x0,
    0x3, 0xff, 0xc0, 0xe, 0xff, 0xc7, 0x69, 0xff,
    0xf4, 0x0, 0x4f, 0xff, 0xff, 0xff, 0xf6, 0x0,
    0x0, 0x29, 0xdf, 0xfd, 0x92, 0x0, 0x0,

    /* U+00C0 "À" */
    0x0, 0x0, 0x8f, 0xff, 0x10, 0x0, 0x0, 0x0,
    0x0, 0x0, 0x8, 0xff, 0xb0, 0x0, 0x0, 0x0,
    0x0, 0x0, 0x0, 0x9f, 0xf5, 0x0, 0x0, 0x0,
    0x0, 0x0, 0x0, 0x7, 0xa8, 0x0, 0x0, 0x0,
    0x0, 0x0, 0x0, 0x0, 0x0, 0x0, 0x0, 0x0,
    0x0, 0x0, 0x0, 0xbf, 0xfd, 0x0, 0x0, 0x0,
    0x0, 0x0, 0x1, 0xff, 0xff, 0x30, 0x0, 0x0,
    0x0, 0x0, 0x6, 0xff, 0xff, 0x80, 0x0, 0x0,
    0x0, 0x0, 0xc, 0xfc, 0xcf, 0xe0, 0x0, 0x0,
    0x0, 0x0, 0x1f, 0xf7, 0x7f, 0xf3, 0x0, 0x0,
    0x0, 0x0, 0x7f, 0xf2, 0x2f, 0xf9, 0x0, 0x0,
    0x0, 0x0, 0xcf, 0xd0, 0xc, 0xfe, 0x0, 0x0,
    0x0, 0x2, 0xff, 0x70, 0x7, 0xff, 0x40, 0x0,
    0x0, 0x7, 0xff, 0x20, 0x2, 0xff, 0x90, 0x0,
    0x0, 0xd, 0xfd, 0x0, 0x0, 0xdf, 0xe0, 0x0,
    0x0, 0x2f, 0xfc, 0x66, 0x66, 0xcf, 0xf4, 0x0,
    0x0, 0x8f, 0xff, 0xff, 0xff, 0xff, 0xfa, 0x0,
    0x0, 0xdf, 0xff, 0xff, 0xff, 0xff, 0xff, 0x0,
    0x3, 0xff, 0x90, 0x0, 0x0, 0x8, 0xff, 0x50,
    0x8, 0xff, 0x30, 0x0, 0x0, 0x3, 0xff, 0xa0,
    0xd, 0xfe, 0x0, 0x0, 0x0, 0x0, 0xef, 0xf0,
    0x3f, 0xf9, 0x0, 0x0, 0x0, 0x0, 0x9f, 0xf5,

    /* U+00C1 "Á" */
    0x0, 0x0, 0x0, 0x0, 0xef, 0xfa, 0x0, 0x0,
    0x0, 0x0, 0x0, 0x9, 0xff, 0xa0, 0x0, 0x0,
    0x0, 0x0, 0x0, 0x3f, 0xfa, 0x0, 0x0, 0x0,
    0x0, 0x0, 0x0, 0x7a, 0x80, 0x0, 0x0, 0x0,
    0x0, 0x0, 0x0, 0x0, 0x0, 0x0, 0x0, 0x0,
    0x0, 0x0, 0x0, 0xbf, 0xfd, 0x0, 0x0, 0x0,
    0x0, 0x0, 0x1, 0xff, 0xff, 0x30, 0x0, 0x0,
    0x0, 0x0, 0x6, 0xff, 0xff, 0x80, 0x0, 0x0,
    0x0, 0x0, 0xc, 0xfc, 0xcf, 0xe0, 0x0, 0x0,
    0x0, 0x0, 0x1f, 0xf7, 0x7f, 0xf3, 0x0, 0x0,
    0x0, 0x0, 0x7f, 0xf2, 0x2f, 0xf9, 0x0, 0x0,
    0x0, 0x0, 0xcf, 0xd0, 0xc, 0xfe, 0x0, 0x0,
    0x0, 0x2, 0xff, 0x70, 0x7, 0xff, 0x40, 0x0,
    0x0, 0x7, 0xff, 0x20, 0x2, 0xff, 0x90, 0x0,
    0x0, 0xd, 0xfd, 0x0, 0x0, 0xdf, 0xe0, 0x0,
    0x0, 0x2f, 0xfc, 0x66, 0x66, 0xcf, 0xf4, 0x0,
    0x0, 0x8f, 0xff, 0xff, 0xff, 0xff, 0xfa, 0x0,
    0x0, 0xdf, 0xff, 0xff, 0xff, 0xff, 0xff, 0x0,
    0x3, 0xff, 0x90, 0x0, 0x0, 0x8, 0xff, 0x50,
    0x8, 0xff, 0x30, 0x0, 0x0, 0x3, 0xff, 0xa0,
    0xd, 0xfe, 0x0, 0x0, 0x0, 0x0, 0xef, 0xf0,
    0x3f, 0xf9, 0x0, 0x0, 0x0, 0x0, 0x9f, 0xf5,

    /* U+00C2 "Â" */
    0x0, 0x0, 0x0, 0xcf, 0xfd, 0x10, 0x0, 0x0,
    0x0, 0x0, 0xa, 0xff, 0xef, 0xb0, 0x0, 0x0,
    0x0, 0x0, 0x7f, 0xe3, 0x2e, 0xf9, 0x0, 0x0,
    0x0, 0x0, 0x78, 0x20, 0x1, 0x88, 0x10, 0x0,
    0x0, 0x0, 0x0, 0x0, 0x0, 0x0, 0x0, 0x0,
    0x0, 0x0, 0x0, 0xbf, 0xfd, 0x0, 0x0, 0x0,
    0x0, 0x0, 0x1, 0xff, 0xff, 0x30, 0x0, 0x0,
    0x0, 0x0, 0x6, 0xff, 0xff, 0x80, 0x0, 0x0,
    0x0, 0x0, 0xc, 0xfc, 0xcf, 0xe0, 0x0, 0x0,
    0x0, 0x0, 0x1f, 0xf7, 0x7f, 0xf3, 0x0, 0x0,
    0x0, 0x0, 0x7f, 0xf2, 0x2f, 0xf9, 0x0, 0x0,
    0x0, 0x0, 0xcf, 0xd0, 0xc, 0xfe, 0x0, 0x0,
    0x0, 0x2, 0xff, 0x70, 0x7, 0xff, 0x40, 0x0,
    0x0, 0x7, 0xff, 0x20, 0x2, 0xff, 0x90, 0x0,
    0x0, 0xd, 0xfd, 0x0, 0x0, 0xdf, 0xe0, 0x0,
    0x0, 0x2f, 0xfc, 0x66, 0x66, 0xcf, 0xf4, 0x0,
    0x0, 0x8f, 0xff, 0xff, 0xff, 0xff, 0xfa, 0x0,
    0x0, 0xdf, 0xff, 0xff, 0xff, 0xff, 0xff, 0x0,
    0x3, 0xff, 0x90, 0x0, 0x0, 0x8, 0xff, 0x50,
    0x8, 0xff, 0x30, 0x0, 0x0, 0x3, 0xff, 0xa0,
    0xd, 0xfe, 0x0, 0x0, 0x0, 0x0, 0xef, 0xf0,
    0x3f, 0xf9, 0x0, 0x0, 0x0, 0x0, 0x9f, 0xf5,

    /* U+00C3 "Ã" */
    0x0, 0x0, 0x4d, 0xfd, 0x60, 0x5f, 0x80, 0x0,
    0x0, 0x1, 0xff, 0xff, 0xff, 0xff, 0x30, 0x0,
    0x0, 0x6, 0xf7, 0x5, 0xcf, 0xe6, 0x0, 0x0,
    0x0, 0x0, 0x0, 0x0, 0x0, 0x0, 0x0, 0x0,
    0x0, 0x0, 0x0, 0x0, 0x0, 0x0, 0x0, 0x0,
    0x0, 0x0, 0x0, 0xbf, 0xfd, 0x0, 0x0, 0x0,
    0x0, 0x0, 0x1, 0xff, 0xff, 0x30, 0x0, 0x0,
    0x0, 0x0, 0x6, 0xff, 0xff, 0x80, 0x0, 0x0,
    0x0, 0x0, 0xc, 0xfc, 0xcf, 0xe0, 0x0, 0x0,
    0x0, 0x0, 0x1f, 0xf7, 0x7f, 0xf3, 0x0, 0x0,
    0x0, 0x0, 0x7f, 0xf2, 0x2f, 0xf9, 0x0, 0x0,
    0x0, 0x0, 0xcf, 0xd0, 0xc, 0xfe, 0x0, 0x0,
    0x0, 0x2, 0xff, 0x70, 0x7, 0xff, 0x40, 0x0,
    0x0, 0x7, 0xff, 0x20, 0x2, 0xff, 0x90, 0x0,
    0x0, 0xd, 0xfd, 0x0, 0x0, 0xdf, 0xe0, 0x0,
    0x0, 0x2f, 0xfc, 0x66, 0x66, 0xcf, 0xf4, 0x0,
    0x0, 0x8f, 0xff, 0xff, 0xff, 0xff, 0xfa, 0x0,
    0x0, 0xdf, 0xff, 0xff, 0xff, 0xff, 0xff, 0x0,
    0x3, 0xff, 0x90, 0x0, 0x0, 0x8, 0xff, 0x50,
    0x8, 0xff, 0x30, 0x0, 0x0, 0x3, 0xff, 0xa0,
    0xd, 0xfe, 0x0, 0x0, 0x0, 0x0, 0xef, 0xf0,
    0x3f, 0xf9, 0x0, 0x0, 0x0, 0x0, 0x9f, 0xf5,

    /* U+00C4 "Ä" */
    0x0, 0x0, 0xff, 0xf0, 0xe, 0xff, 0x10, 0x0,
    0x0, 0x0, 0xff, 0xf0, 0xe, 0xff, 0x10, 0x0,
    0x0, 0x0, 0xff, 0xf0, 0xe, 0xff, 0x10, 0x0,
    0x0, 0x0, 0x33, 0x30, 0x3, 0x33, 0x0, 0x0,
    0x0, 0x0, 0x0, 0x0, 0x0, 0x0, 0x0, 0x0,
    0x0, 0x0, 0x0, 0xbf, 0xfd, 0x0, 0x0, 0x0,
    0x0, 0x0, 0x1, 0xff, 0xff, 0x30, 0x0, 0x0,
    0x0, 0x0, 0x6, 0xff, 0xff, 0x80, 0x0, 0x0,
    0x0, 0x0, 0xc, 0xfc, 0xcf, 0xe0, 0x0, 0x0,
    0x0, 0x0, 0x1f, 0xf7, 0x7f, 0xf3, 0x0, 0x0,
    0x0, 0x0, 0x7f, 0xf2, 0x2f, 0xf9, 0x0, 0x0,
    0x0, 0x0, 0xcf, 0xd0, 0xc, 0xfe, 0x0, 0x0,
    0x0, 0x2, 0xff, 0x70, 0x7, 0xff, 0x40, 0x0,
    0x0, 0x7, 0xff, 0x20, 0x2, 0xff, 0x90, 0x0,
    0x0, 0xd, 0xfd, 0x0, 0x0, 0xdf, 0xe0, 0x0,
    0x0, 0x2f, 0xfc, 0x66, 0x66, 0xcf, 0xf4, 0x0,
    0x0, 0x8f, 0xff, 0xff, 0xff, 0xff, 0xfa, 0x0,
    0x0, 0xdf, 0xff, 0xff, 0xff, 0xff, 0xff, 0x0,
    0x3, 0xff, 0x90, 0x0, 0x0, 0x8, 0xff, 0x50,
    0x8, 0xff, 0x30, 0x0, 0x0, 0x3, 0xff, 0xa0,
    0xd, 0xfe, 0x0, 0x0, 0x0, 0x0, 0xef, 0xf0,
    0x3f, 0xf9, 0x0, 0x0, 0x0, 0x0, 0x9f, 0xf5,

    /* U+00C5 "Å" */
    0x0, 0x0, 0x0, 0x5e, 0xf7, 0x0, 0x0, 0x0,
    0x0, 0x0, 0x1, 0xfc, 0xbf, 0x30, 0x0, 0x0,
    0x0, 0x0, 0x4, 0xf3, 0x1f, 0x60, 0x0, 0x0,
    0x0, 0x0, 0x1, 0xfc, 0xbf, 0x30, 0x0, 0x0,
    0x0, 0x0, 0x0, 0x5e, 0xf7, 0x0, 0x0, 0x0,
    0x0, 0x0, 0x0, 0x0, 0x0, 0x0, 0x0, 0x0,
    0x0, 0x0, 0x0, 0xbf, 0xfd, 0x0, 0x0, 0x0,
    0x0, 0x0, 0x1, 0xff, 0xff, 0x30, 0x0, 0x0,
    0x0, 0x0, 0x6, 0xff, 0xff, 0x80, 0x0, 0x0,
    0x0, 0x0, 0xc, 0xfc, 0xcf, 0xe0, 0x0, 0x0,
    0x0, 0x0, 0x1f, 0xf7, 0x7f, 0xf3, 0x0, 0x0,
    0x0, 0x0, 0x7f, 0xf2, 0x2f, 0xf9, 0x0, 0x0,
    0x0, 0x0, 0xcf, 0xd0, 0xc, 0xfe, 0x0, 0x0,
    0x0, 0x2, 0xff, 0x70, 0x7, 0xff, 0x40, 0x0,
    0x0, 0x7, 0xff, 0x20, 0x2, 0xff, 0x90, 0x0,
    0x0, 0xd, 0xfd, 0x0, 0x0, 0xdf, 0xe0, 0x0,
    0x0, 0x2f, 0xfc, 0x66, 0x66, 0xcf, 0xf4, 0x0,
    0x0, 0x8f, 0xff, 0xff, 0xff, 0xff, 0xfa, 0x0,
    0x0, 0xdf, 0xff, 0xff, 0xff, 0xff, 0xff, 0x0,
    0x3, 0xff, 0x90, 0x0, 0x0, 0x8, 0xff, 0x50,
    0x8, 0xff, 0x30, 0x0, 0x0, 0x3, 0xff, 0xa0,
    0xd, 0xfe, 0x0, 0x0, 0x0, 0x0, 0xef, 0xf0,
    0x3f, 0xf9, 0x0, 0x0, 0x0, 0x0, 0x9f, 0xf5,

    /* U+00C6 "Æ" */
    0x0, 0x0, 0x0, 0xbf, 0xff, 0xff, 0xff, 0xff,
    0xff, 0xff, 0x0, 0x0, 0x0, 0x1f, 0xff, 0xff,
    0xff, 0xff, 0xff, 0xff, 0xf0, 0x0, 0x0, 0x6,
    0xff, 0x76, 0xaf, 0xfb, 0x66, 0x66, 0x65, 0x0,
    0x0, 0x0, 0xcf, 0xc0, 0x6, 0xff, 0x70, 0x0,
    0x0, 0x0, 0x0, 0x0, 0x1f, 0xf7, 0x0, 0x6f,
    0xf7, 0x0, 0x0, 0x0, 0x0, 0x0, 0x7, 0xff,
    0x20, 0x6, 0xff, 0x70, 0x0, 0x0, 0x0, 0x0,
    0x0, 0xcf, 0xd0, 0x0, 0x6f, 0xf7, 0x0, 0x0,
    0x0, 0x0, 0x0, 0x2f, 0xff, 0xff, 0xff, 0xff,
    0xff, 0xff, 0xff, 0x60, 0x0, 0x7, 0xff, 0xff,
    0xff, 0xff, 0xff, 0xff, 0xff, 0xf6, 0x0, 0x0,
    0xdf, 0xe5, 0x55, 0x59, 0xff, 0xa5, 0x55, 0x55,
    0x20, 0x0, 0x2f, 0xf8, 0x0, 0x0, 0x6f, 0xf7,
    0x0, 0x0, 0x0, 0x0, 0x8, 0xff, 0x30, 0x0,
    0x6, 0xff, 0x70, 0x0, 0x0, 0x0, 0x0, 0xdf,
    0xe0, 0x0, 0x0, 0x6f, 0xf7, 0x0, 0x0, 0x0,
    0x0, 0x3f, 0xf9, 0x0, 0x0, 0x6, 0xff, 0x70,
    0x0, 0x0, 0x0, 0x8, 0xff, 0x30, 0x0, 0x0,
    0x6f, 0xfa, 0x66, 0x66, 0x66, 0x10, 0xdf, 0xe0,
    0x0, 0x0, 0x6, 0xff, 0xff, 0xff, 0xff, 0xf2,
    0x3f, 0xf9, 0x0, 0x0, 0x0, 0x6f, 0xff, 0xff,
    0xff, 0xff, 0x20,

    /* U+00C7 "Ç" */
    0x0, 0x0, 0x6, 0xbe, 0xff, 0xc7, 0x0, 0x0,
    0x0, 0x2, 0xdf, 0xff, 0xff, 0xff, 0xe3, 0x0,
    0x0, 0x2e, 0xff, 0xe9, 0x78, 0xdf, 0xff, 0x20,
    0x0, 0xdf, 0xfa, 0x0, 0x0, 0x8, 0xff, 0xc0,
    0x6, 0xff, 0xc0, 0x0, 0x0, 0x0, 0xbf, 0xf4,
    0xc, 0xff, 0x30, 0x0, 0x0, 0x0, 0x4f, 0xf8,
    0xf, 0xfe, 0x0, 0x0, 0x0, 0x0, 0x4, 0x43,
    0x2f, 0xfc, 0x0, 0x0, 0x0, 0x0, 0x0, 0x0,
    0x2f, 0xfb, 0x0, 0x0, 0x0, 0x0, 0x0, 0x0,
    0x2f, 0xfc, 0x0, 0x0, 0x0, 0x0, 0x0, 0x0,
    0xf, 0xff, 0x0, 0x0, 0x0, 0x0, 0x4, 0x43,
    0xb, 0xff, 0x40, 0x0, 0x0, 0x0, 0x4f, 0xf9,
    0x5, 0xff, 0xc0, 0x0, 0x0, 0x0, 0xbf, 0xf4,
    0x0, 0xcf, 0xfa, 0x0, 0x0, 0x8, 0xff, 0xd0,
    0x0, 0x2e, 0xff, 0xe9, 0x78, 0xdf, 0xff, 0x20,
    0x0, 0x2, 0xcf, 0xff, 0xff, 0xff, 0xe3, 0x0,
    0x0, 0x0, 0x5, 0xbf, 0xff, 0xc7, 0x0, 0x0,
    0x0, 0x0, 0x0, 0x7, 0xf5, 0x0, 0x0, 0x0,
    0x0, 0x0, 0x0, 0xa, 0xff, 0x90, 0x0, 0x0,
    0x0, 0x0, 0x1, 0x22, 0x4f, 0xf0, 0x0, 0x0,
    0x0, 0x0, 0x6, 0xfc, 0x8f, 0xe0, 0x0, 0x0,
    0x0, 0x0, 0x0, 0x8e, 0xfd, 0x30, 0x0, 0x0,

    /* U+00C8 "È" */
    0x0, 0x6f, 0xff, 0x30, 0x0, 0x0, 0x0, 0x6,
    0xff, 0xd0, 0x0, 0x0, 0x0, 0x0, 0x7f, 0xf7,
    0x0, 0x0, 0x0, 0x0, 0x6, 0xa9, 0x0, 0x0,
    0x0, 0x0, 0x0, 0x0, 0x0, 0x0, 0xaf, 0xff,
    0xff, 0xff, 0xff, 0xf8, 0xaf, 0xff, 0xff, 0xff,
    0xff, 0xf8, 0xaf, 0xf8, 0x66, 0x66, 0x66, 0x63,
    0xaf, 0xf3, 0x0, 0x0, 0x0, 0x0, 0xaf, 0xf3,
    0x0, 0x0, 0x0, 0x0, 0xaf, 0xf3, 0x0, 0x0,
    0x0, 0x0, 0xaf, 0xf3, 0x0, 0x0, 0x0, 0x0,
    0xaf, 0xff, 0xff, 0xff, 0xff, 0xf0, 0xaf, 0xff,
    0xff, 0xff, 0xff, 0xf0, 0xaf, 0xf7, 0x55, 0x55,
    0x55, 0x50, 0xaf, 0xf3, 0x0, 0x0, 0x0, 0x0,
    0xaf, 0xf3, 0x0, 0x0, 0x0, 0x0, 0xaf, 0xf3,
    0x0, 0x0, 0x0, 0x0, 0xaf, 0xf3, 0x0, 0x0,
    0x0, 0x0, 0xaf, 0xf8, 0x66, 0x66, 0x66, 0x64,
    0xaf, 0xff, 0xff, 0xff, 0xff, 0xfc, 0xaf, 0xff,
    0xff, 0xff, 0xff, 0xfc,

    /* U+00C9 "É" */
    0x0, 0x0, 0x0, 0xdf, 0xfb, 0x0, 0x0, 0x0,
    0x7, 0xff, 0xb0, 0x0, 0x0, 0x0, 0x2f, 0xfc,
    0x0, 0x0, 0x0, 0x0, 0x6a, 0x90, 0x0, 0x0,
    0x0, 0x0, 0x0, 0x0, 0x0, 0x0, 0xaf, 0xff,
    0xff, 0xff, 0xff, 0xf8, 0xaf, 0xff, 0xff, 0xff,
    0xff, 0xf8, 0xaf, 0xf8, 0x66, 0x66, 0x66, 0x63,
    0xaf, 0xf3, 0x0, 0x0, 0x0, 0x0, 0xaf, 0xf3,
    0x0, 0x0, 0x0, 0x0, 0xaf, 0xf3, 0x0, 0x0,
    0x0, 0x0, 0xaf, 0xf3, 0x0, 0x0, 0x0, 0x0,
    0xaf, 0xff, 0xff, 0xff, 0xff, 0xf0, 0xaf, 0xff,
    0xff, 0xff, 0xff, 0xf0, 0xaf, 0xf7, 0x55, 0x55,
    0x55, 0x50, 0xaf, 0xf3, 0x0, 0x0, 0x0, 0x0,
    0xaf, 0xf3, 0x0, 0x0, 0x0, 0x0, 0xaf, 0xf3,
    0x0, 0x0, 0x0, 0x0, 0xaf, 0xf3, 0x0, 0x0,
    0x0, 0x0, 0xaf, 0xf8, 0x66, 0x66, 0x66, 0x64,
    0xaf, 0xff, 0xff, 0xff, 0xff, 0xfc, 0xaf, 0xff,
    0xff, 0xff, 0xff, 0xfc,

    /* U+00CA "Ê" */
    0x0, 0x0, 0xaf, 0xfe, 0x20, 0x0, 0x0, 0x8,
    0xff, 0xef, 0xd0, 0x0, 0x0, 0x5f, 0xf4, 0x1d,
    0xfb, 0x0, 0x0, 0x78, 0x30, 0x1, 0x78, 0x20,
    0x0, 0x0, 0x0, 0x0, 0x0, 0x0, 0xaf, 0xff,
    0xff, 0xff, 0xff, 0xf8, 0xaf, 0xff, 0xff, 0xff,
    0xff, 0xf8, 0xaf, 0xf8, 0x66, 0x66, 0x66, 0x63,
    0xaf, 0xf3, 0x0, 0x0, 0x0, 0x0, 0xaf, 0xf3,
    0x0, 0x0, 0x0, 0x0, 0xaf, 0xf3, 0x0, 0x0,
    0x0, 0x0, 0xaf, 0xf3, 0x0, 0x0, 0x0, 0x0,
    0xaf, 0xff, 0xff, 0xff, 0xff, 0xf0, 0xaf, 0xff,
    0xff, 0xff, 0xff, 0xf0, 0xaf, 0xf7, 0x55, 0x55,
    0x55, 0x50, 0xaf, 0xf3, 0x0, 0x0, 0x0, 0x0,
    0xaf, 0xf3, 0x0, 0x0, 0x0, 0x0, 0xaf, 0xf3,
    0x0, 0x0, 0x0, 0x0, 0xaf, 0xf3, 0x0, 0x0,
    0x0, 0x0, 0xaf, 0xf8, 0x66, 0x66, 0x66, 0x64,
    0xaf, 0xff, 0xff, 0xff, 0xff, 0xfc, 0xaf, 0xff,
    0xff, 0xff, 0xff, 0xfc,

    /* U+00CB "Ë" */
    0x0, 0xdf, 0xf2, 0xc, 0xff, 0x30, 0x0, 0xdf,
    0xf2, 0xc, 0xff, 0x30, 0x0, 0xdf, 0xf2, 0xc,
    0xff, 0x30, 0x0, 0x33, 0x30, 0x3, 0x33, 0x0,
    0x0, 0x0, 0x0, 0x0, 0x0, 0x0, 0xaf, 0xff,
    0xff, 0xff, 0xff, 0xf8, 0xaf, 0xff, 0xff, 0xff,
    0xff, 0xf8, 0xaf, 0xf8, 0x66, 0x66, 0x66, 0x63,
    0xaf, 0xf3, 0x0, 0x0, 0x0, 0x0, 0xaf, 0xf3,
    0x0, 0x0, 0x0, 0x0, 0xaf, 0xf3, 0x0, 0x0,
    0x0, 0x0, 0xaf, 0xf3, 0x0, 0x0, 0x0, 0x0,
    0xaf, 0xff, 0xff, 0xff, 0xff, 0xf0, 0xaf, 0xff,
    0xff, 0xff, 0xff, 0xf0, 0xaf, 0xf7, 0x55, 0x55,
    0x55, 0x50, 0xaf, 0xf3, 0x0, 0x0, 0x0, 0x0,
    0xaf, 0xf3, 0x0, 0x0, 0x0, 0x0, 0xaf, 0xf3,
    0x0, 0x0, 0x0, 0x0, 0xaf, 0xf3, 0x0, 0x0,
    0x0, 0x0, 0xaf, 0xf8, 0x66, 0x66, 0x66, 0x64,
    0xaf, 0xff, 0xff, 0xff, 0xff, 0xfc, 0xaf, 0xff,
    0xff, 0xff, 0xff, 0xfc,

    /* U+00CC "Ì" */
    0xc, 0xff, 0xc0, 0x0, 0xc, 0xff, 0x60, 0x0,
    0xc, 0xff, 0x10, 0x0, 0x9, 0xa5, 0x0, 0x0,
    0x0, 0x0, 0x0, 0xaf, 0xf3, 0x0, 0xa, 0xff,
    0x30, 0x0, 0xaf, 0xf3, 0x0, 0xa, 0xff, 0x30,
    0x0, 0xaf, 0xf3, 0x0, 0xa, 0xff, 0x30, 0x0,
    0xaf, 0xf3, 0x0, 0xa, 0xff, 0x30, 0x0, 0xaf,
    0xf3, 0x0, 0xa, 0xff, 0x30, 0x0, 0xaf, 0xf3,
    0x0, 0xa, 0xff, 0x30, 0x0, 0xaf, 0xf3, 0x0,
    0xa, 0xff, 0x30, 0x0, 0xaf, 0xf3, 0x0, 0xa,
    0xff, 0x30, 0x0, 0xaf, 0xf3,

    /* U+00CD "Í" */
    0x0, 0x3f, 0xff, 0x60, 0xd, 0xff, 0x60, 0x7,
    0xff, 0x60, 0x0, 0x9a, 0x60, 0x0, 0x0, 0x0,
    0x0, 0x0, 0xaf, 0xf3, 0x0, 0xa, 0xff, 0x30,
    0x0, 0xaf, 0xf3, 0x0, 0xa, 0xff, 0x30, 0x0,
    0xaf, 0xf3, 0x0, 0xa, 0xff, 0x30, 0x0, 0xaf,
    0xf3, 0x0, 0xa, 0xff, 0x30, 0x0, 0xaf, 0xf3,
    0x0, 0xa, 0xff, 0x30, 0x0, 0xaf, 0xf3, 0x0,
    0xa, 0xff, 0x30, 0x0, 0xaf, 0xf3, 0x0, 0xa,
    0xff, 0x30, 0x0, 0xaf, 0xf3, 0x0, 0xa, 0xff,
    0x30, 0x0, 0xaf, 0xf3, 0x0,

    /* U+00CE "Î" */
    0x0, 0x2f, 0xff, 0xa0, 0x0, 0x1, 0xdf, 0xef,
    0xf7, 0x0, 0xb, 0xfc, 0x15, 0xff, 0x40, 0x28,
    0x70, 0x0, 0x48, 0x70, 0x0, 0x0, 0x0, 0x0,
    0x0, 0x0, 0xa, 0xff, 0x30, 0x0, 0x0, 0xa,
    0xff, 0x30, 0x0, 0x0, 0xa, 0xff, 0x30, 0x0,
    0x0, 0xa, 0xff, 0x30, 0x0, 0x0, 0xa, 0xff,
    0x30, 0x0, 0x0, 0xa, 0xff, 0x30, 0x0, 0x0,
    0xa, 0xff, 0x30, 0x0, 0x0, 0xa, 0xff, 0x30,
    0x0, 0x0, 0xa, 0xff, 0x30, 0x0, 0x0, 0xa,
    0xff, 0x30, 0x0, 0x0, 0xa, 0xff, 0x30, 0x0,
    0x0, 0xa, 0xff, 0x30, 0x0, 0x0, 0xa, 0xff,
    0x30, 0x0, 0x0, 0xa, 0xff, 0x30, 0x0, 0x0,
    0xa, 0xff, 0x30, 0x0, 0x0, 0xa, 0xff, 0x30,
    0x0, 0x0, 0xa, 0xff, 0x30, 0x0,

    /* U+00CF "Ï" */
    0x4f, 0xfc, 0x3, 0xff, 0xd4, 0xff, 0xc0, 0x3f,
    0xfd, 0x4f, 0xfc, 0x3, 0xff, 0xd0, 0x33, 0x20,
    0x3, 0x33, 0x0, 0x0, 0x0, 0x0, 0x0, 0x0,
    0xaf, 0xf3, 0x0, 0x0, 0xa, 0xff, 0x30, 0x0,
    0x0, 0xaf, 0xf3, 0x0, 0x0, 0xa, 0xff, 0x30,
    0x0, 0x0, 0xaf, 0xf3, 0x0, 0x0, 0xa, 0xff,
    0x30, 0x0, 0x0, 0xaf, 0xf3, 0x0, 0x0, 0xa,
    0xff, 0x30, 0x0, 0x0, 0xaf, 0xf3, 0x0, 0x0,
    0xa, 0xff, 0x30, 0x0, 0x0, 0xaf, 0xf3, 0x0,
    0x0, 0xa, 0xff, 0x30, 0x0, 0x0, 0xaf, 0xf3,
    0x0, 0x0, 0xa, 0xff, 0x30, 0x0, 0x0, 0xaf,
    0xf3, 0x0, 0x0, 0xa, 0xff, 0x30, 0x0, 0x0,
    0xaf, 0xf3, 0x0,

    /* U+00D0 "Ð" */
    0x5, 0xff, 0xff, 0xff, 0xfd, 0x93, 0x0, 0x0,
    0x0, 0x5f, 0xff, 0xff, 0xff, 0xff, 0xfa, 0x10,
    0x0, 0x5, 0xff, 0xb6, 0x66, 0x7b, 0xff, 0xfd,
    0x10, 0x0, 0x5f, 0xf8, 0x0, 0x0, 0x2, 0xdf,
    0xfb, 0x0, 0x5, 0xff, 0x80, 0x0, 0x0, 0x1,
    0xef, 0xf4, 0x0, 0x5f, 0xf8, 0x0, 0x0, 0x0,
    0x6, 0xff, 0xa0, 0x5, 0xff, 0x80, 0x0, 0x0,
    0x0, 0x1f, 0xfe, 0x5, 0x9f, 0xfb, 0x66, 0x63,
    0x0, 0x0, 0xef, 0xf0, 0xdf, 0xff, 0xff, 0xff,
    0x90, 0x0, 0xd, 0xff, 0x1d, 0xff, 0xff, 0xff,
    0xf9, 0x0, 0x0, 0xef, 0xf0, 0x5, 0xff, 0x80,
    0x0, 0x0, 0x0, 0x1f, 0xfe, 0x0, 0x5f, 0xf8,
    0x0, 0x0, 0x0, 0x7, 0xff, 0x90, 0x5, 0xff,
    0x80, 0x0, 0x0, 0x1, 0xef, 0xf3, 0x0, 0x5f,
    0xf8, 0x0, 0x0, 0x2, 0xdf, 0xfa, 0x0, 0x5,
    0xff, 0xb6, 0x66, 0x7b, 0xff, 0xfc, 0x0, 0x0,
    0x5f, 0xff, 0xff, 0xff, 0xff, 0xf9, 0x0, 0x0,
    0x5, 0xff, 0xff, 0xff, 0xfd, 0x92, 0x0, 0x0,
    0x0,

    /* U+00D1 "Ñ" */
    0x0, 0x5, 0xdf, 0xc6, 0x7, 0xf6, 0x0, 0x0,
    0x2f, 0xff, 0xff, 0xff, 0xf2, 0x0, 0x0, 0x7f,
    0x60, 0x6c, 0xfd, 0x50, 0x0, 0x0, 0x0, 0x0,
    0x0, 0x0, 0x0, 0x0, 0x0, 0x0, 0x0, 0x0,
    0x0, 0x0, 0x0, 0xaf, 0xff, 0x20, 0x0, 0x0,
    0x3f, 0xf9, 0xaf, 0xff, 0xb0, 0x0, 0x0, 0x3f,
    0xf9, 0xaf, 0xff, 0xf3, 0x0, 0x0, 0x3f, 0xf9,
    0xaf, 0xff, 0xfb, 0x0, 0x0, 0x3f, 0xf9, 0xaf,
    0xf9, 0xff, 0x40, 0x0, 0x3f, 0xf9, 0xaf, 0xf3,
    0xef, 0xc0, 0x0, 0x3f, 0xf9, 0xaf, 0xf2, 0x6f,
    0xf4, 0x0, 0x3f, 0xf9, 0xaf, 0xf2, 0xe, 0xfd,
    0x0, 0x3f, 0xf9, 0xaf, 0xf2, 0x6, 0xff, 0x50,
    0x3f, 0xf9, 0xaf, 0xf2, 0x0, 0xdf, 0xd0, 0x3f,
    0xf9, 0xaf, 0xf2, 0x0, 0x5f, 0xf6, 0x3f, 0xf9,
    0xaf, 0xf2, 0x0, 0xd, 0xfe, 0x3f, 0xf9, 0xaf,
    0xf2, 0x0, 0x4, 0xff, 0x9f, 0xf9, 0xaf, 0xf2,
    0x0, 0x0, 0xcf, 0xff, 0xf9, 0xaf, 0xf2, 0x0,
    0x0, 0x4f, 0xff, 0xf9, 0xaf, 0xf2, 0x0, 0x0,
    0xb, 0xff, 0xf9, 0xaf, 0xf2, 0x0, 0x0, 0x3,
    0xff, 0xf9,

    /* U+00D2 "Ò" */
    0x0, 0x0, 0x1c, 0xff, 0xb0, 0x0, 0x0, 0x0,
    0x0, 0x0, 0x0, 0x1d, 0xff, 0x60, 0x0, 0x0,
    0x0, 0x0, 0x0, 0x0, 0x1d, 0xfe, 0x10, 0x0,
    0x0, 0x0, 0x0, 0x0, 0x0, 0x19, 0xa5, 0x0,
    0x0, 0x0, 0x0, 0x0, 0x0, 0x0, 0x0, 0x0,
    0x0, 0x0, 0x0, 0x0, 0x0, 0x5b, 0xef, 0xfd,
    0x82, 0x0, 0x0, 0x0, 0x2, 0xdf, 0xff, 0xff,
    0xff, 0xf7, 0x0, 0x0, 0x2, 0xef, 0xfe, 0x97,
    0x8c, 0xff, 0xf8, 0x0, 0x0, 0xdf, 0xfa, 0x0,
    0x0, 0x4, 0xff, 0xf5, 0x0, 0x6f, 0xfc, 0x0,
    0x0, 0x0, 0x5, 0xff, 0xd0, 0xc, 0xff, 0x30,
    0x0, 0x0, 0x0, 0xc, 0xff, 0x30, 0xff, 0xe0,
    0x0, 0x0, 0x0, 0x0, 0x7f, 0xf7, 0x2f, 0xfc,
    0x0, 0x0, 0x0, 0x0, 0x4, 0xff, 0x92, 0xff,
    0xb0, 0x0, 0x0, 0x0, 0x0, 0x4f, 0xfa, 0x2f,
    0xfc, 0x0, 0x0, 0x0, 0x0, 0x5, 0xff, 0x90,
    0xff, 0xf0, 0x0, 0x0, 0x0, 0x0, 0x8f, 0xf7,
    0xb, 0xff, 0x40, 0x0, 0x0, 0x0, 0xd, 0xff,
    0x30, 0x5f, 0xfd, 0x0, 0x0, 0x0, 0x6, 0xff,
    0xc0, 0x0, 0xcf, 0xfb, 0x10, 0x0, 0x5, 0xff,
    0xf4, 0x0, 0x2, 0xef, 0xfe, 0x97, 0x8c, 0xff,
    0xf7, 0x0, 0x0, 0x2, 0xcf, 0xff, 0xff, 0xff,
    0xf6, 0x0, 0x0, 0x0, 0x0, 0x5b, 0xef, 0xfc,
    0x81, 0x0, 0x0,

    /* U+00D3 "Ó" */
    0x0, 0x0, 0x0, 0x0, 0x4f, 0xff, 0x50, 0x0,
    0x0, 0x0, 0x0, 0x0, 0xd, 0xff, 0x50, 0x0,
    0x0, 0x0, 0x0, 0x0, 0x8, 0xff, 0x50, 0x0,
    0x0, 0x0, 0x0, 0x0, 0x0, 0x9a, 0x50, 0x0,
    0x0, 0x0, 0x0, 0x0, 0x0, 0x0, 0x0, 0x0,
    0x0, 0x0, 0x0, 0x0, 0x0, 0x5b, 0xef, 0xfd,
    0x82, 0x0, 0x0, 0x0, 0x2, 0xdf, 0xff, 0xff,
    0xff, 0xf7, 0x0, 0x0, 0x2, 0xef, 0xfe, 0x97,
    0x8c, 0xff, 0xf8, 0x0, 0x0, 0xdf, 0xfa, 0x0,
    0x0, 0x4, 0xff, 0xf5, 0x0, 0x6f, 0xfc, 0x0,
    0x0, 0x0, 0x5, 0xff, 0xd0, 0xc, 0xff, 0x30,
    0x0, 0x0, 0x0, 0xc, 0xff, 0x30, 0xff, 0xe0,
    0x0, 0x0, 0x0, 0x0, 0x7f, 0xf7, 0x2f, 0xfc,
    0x0, 0x0, 0x0, 0x0, 0x4, 0xff, 0x92, 0xff,
    0xb0, 0x0, 0x0, 0x0, 0x0, 0x4f, 0xfa, 0x2f,
    0xfc, 0x0, 0x0, 0x0, 0x0, 0x5, 0xff, 0x90,
    0xff, 0xf0, 0x0, 0x0, 0x0, 0x0, 0x8f, 0xf7,
    0xb, 0xff, 0x40, 0x0, 0x0, 0x0, 0xd, 0xff,
    0x30, 0x5f, 0xfd, 0x0, 0x0, 0x0, 0x6, 0xff,
    0xc0, 0x0, 0xcf, 0xfb, 0x10, 0x0, 0x5, 0xff,
    0xf4, 0x0, 0x2, 0xef, 0xfe, 0x97, 0x8c, 0xff,
    0xf7, 0x0, 0x0, 0x2, 0xcf, 0xff, 0xff, 0xff,
    0xf6, 0x0, 0x0, 0x0, 0x0, 0x5b, 0xef, 0xfc,
    0x81, 0x0, 0x0,

    /* U+00D4 "Ô" */
    0x0, 0x0, 0x0, 0x3f, 0xff, 0x90, 0x0, 0x0,
    0x0, 0x0, 0x0, 0x1e, 0xfe, 0xff, 0x60, 0x0,
    0x0, 0x0, 0x0, 0xc, 0xfc, 0x6, 0xff, 0x40,
    0x0, 0x0, 0x0, 0x3, 0x87, 0x0, 0x4, 0x86,
    0x0, 0x0, 0x0, 0x0, 0x0, 0x0, 0x0, 0x0,
    0x0, 0x0, 0x0, 0x0, 0x0, 0x5b, 0xef, 0xfd,
    0x82, 0x0, 0x0, 0x0, 0x2, 0xdf, 0xff, 0xff,
    0xff, 0xf7, 0x0, 0x0, 0x2, 0xef, 0xfe, 0x97,
    0x8c, 0xff, 0xf8, 0x0, 0x0, 0xdf, 0xfa, 0x0,
    0x0, 0x4, 0xff, 0xf5, 0x0, 0x6f, 0xfc, 0x0,
    0x0, 0x0, 0x5, 0xff, 0xd0, 0xc, 0xff, 0x30,
    0x0, 0x0, 0x0, 0xc, 0xff, 0x30, 0xff, 0xe0,
    0x0, 0x0, 0x0, 0x0, 0x7f, 0xf7, 0x2f, 0xfc,
    0x0, 0x0, 0x0, 0x0, 0x4, 0xff, 0x92, 0xff,
    0xb0, 0x0, 0x0, 0x0, 0x0, 0x4f, 0xfa, 0x2f,
    0xfc, 0x0, 0x0, 0x0, 0x0, 0x5, 0xff, 0x90,
    0xff, 0xf0, 0x0, 0x0, 0x0, 0x0, 0x8f, 0xf7,
    0xb, 0xff, 0x40, 0x0, 0x0, 0x0, 0xd, 0xff,
    0x30, 0x5f, 0xfd, 0x0, 0x0, 0x0, 0x6, 0xff,
    0xc0, 0x0, 0xcf, 0xfb, 0x10, 0x0, 0x5, 0xff,
    0xf4, 0x0, 0x2, 0xef, 0xfe, 0x97, 0x8c, 0xff,
    0xf7, 0x0, 0x0, 0x2, 0xcf, 0xff, 0xff, 0xff,
    0xf6, 0x0, 0x0, 0x0, 0x0, 0x5b, 0xef, 0xfc,
    0x81, 0x0, 0x0,

    /* U+00D5 "Õ" */
    0x0, 0x0, 0x8, 0xef, 0xb4, 0xb, 0xf2, 0x0,
    0x0, 0x0, 0x6, 0xff, 0xff, 0xff, 0xfd, 0x0,
    0x0, 0x0, 0x0, 0xbf, 0x21, 0x8e, 0xfc, 0x20,
    0x0, 0x0, 0x0, 0x0, 0x0, 0x0, 0x0, 0x0,
    0x0, 0x0, 0x0, 0x0, 0x0, 0x0, 0x0, 0x0,
    0x0, 0x0, 0x0, 0x0, 0x0, 0x5b, 0xef, 0xfd,
    0x82, 0x0, 0x0, 0x0, 0x2, 0xdf, 0xff, 0xff,
    0xff, 0xf7, 0x0, 0x0, 0x2, 0xef, 0xfe, 0x97,
    0x8c, 0xff, 0xf8, 0x0, 0x0, 0xdf, 0xfa, 0x0,
    0x0, 0x4, 0xff, 0xf5, 0x0, 0x6f, 0xfc, 0x0,
    0x0, 0x0, 0x5, 0xff, 0xd0, 0xc, 0xff, 0x30,
    0x0, 0x0, 0x0, 0xc, 0xff, 0x30, 0xff, 0xe0,
    0x0, 0x0, 0x0, 0x0, 0x7f, 0xf7, 0x2f, 0xfc,
    0x0, 0x0, 0x0, 0x0, 0x4, 0xff, 0x92, 0xff,
    0xb0, 0x0, 0x0, 0x0, 0x0, 0x4f, 0xfa, 0x2f,
    0xfc, 0x0, 0x0, 0x0, 0x0, 0x5, 0xff, 0x90,
    0xff, 0xf0, 0x0, 0x0, 0x0, 0x0, 0x8f, 0xf7,
    0xb, 0xff, 0x40, 0x0, 0x0, 0x0, 0xd, 0xff,
    0x30, 0x5f, 0xfd, 0x0, 0x0, 0x0, 0x6, 0xff,
    0xc0, 0x0, 0xcf, 0xfb, 0x10, 0x0, 0x5, 0xff,
    0xf4, 0x0, 0x2, 0xef, 0xfe, 0x97, 0x8c, 0xff,
    0xf7, 0x0, 0x0, 0x2, 0xcf, 0xff, 0xff, 0xff,
    0xf6, 0x0, 0x0, 0x0, 0x0, 0x5b, 0xef, 0xfc,
    0x81, 0x0, 0x0,

    /* U+00D6 "Ö" */
    0x0, 0x0, 0x5f, 0xfb, 0x4, 0xff, 0xc0, 0x0,
    0x0, 0x0, 0x5, 0xff, 0xb0, 0x4f, 0xfc, 0x0,
    0x0, 0x0, 0x0, 0x5f, 0xfb, 0x4, 0xff, 0xc0,
    0x0, 0x0, 0x0, 0x1, 0x33, 0x20, 0x3, 0x32,
    0x0, 0x0, 0x0, 0x0, 0x0, 0x0, 0x0, 0x0,
    0x0, 0x0, 0x0, 0x0, 0x0, 0x5b, 0xef, 0xfd,
    0x82, 0x0, 0x0, 0x0, 0x2, 0xdf, 0xff, 0xff,
    0xff, 0xf7, 0x0, 0x0, 0x2, 0xef, 0xfe, 0x97,
    0x8c, 0xff, 0xf8, 0x0, 0x0, 0xdf, 0xfa, 0x0,
    0x0, 0x4, 0xff, 0xf5, 0x0, 0x6f, 0xfc, 0x0,
    0x0, 0x0, 0x5, 0xff, 0xd0, 0xc, 0xff, 0x30,
    0x0, 0x0, 0x0, 0xc, 0xff, 0x30, 0xff, 0xe0,
    0x0, 0x0, 0x0, 0x0, 0x7f, 0xf7, 0x2f, 0xfc,
    0x0, 0x0, 0x0, 0x0, 0x4, 0xff, 0x92, 0xff,
    0xb0, 0x0, 0x0, 0x0, 0x0, 0x4f, 0xfa, 0x2f,
    0xfc, 0x0, 0x0, 0x0, 0x0, 0x5, 0xff, 0x90,
    0xff, 0xf0, 0x0, 0x0, 0x0, 0x0, 0x8f, 0xf7,
    0xb, 0xff, 0x40, 0x0, 0x0, 0x0, 0xd, 0xff,
    0x30, 0x5f, 0xfd, 0x0, 0x0, 0x0, 0x6, 0xff,
    0xc0, 0x0, 0xcf, 0xfb, 0x10, 0x0, 0x5, 0xff,
    0xf4, 0x0, 0x2, 0xef, 0xfe, 0x97, 0x8c, 0xff,
    0xf7, 0x0, 0x0, 0x2, 0xcf, 0xff, 0xff, 0xff,
    0xf6, 0x0, 0x0, 0x0, 0x0, 0x5b, 0xef, 0xfc,
    0x81, 0x0, 0x0,

    /* U+00D7 "×" */
    0x5, 0x0, 0x0, 0x0, 0x50, 0x5f, 0xb0, 0x0,
    0xc, 0xf5, 0x5f, 0xfb, 0x0, 0xbf, 0xf4, 0x5,
    0xff, 0xaa, 0xff, 0x50, 0x0, 0x6f, 0xff, 0xf6,
    0x0, 0x0, 0xc, 0xff, 0xc0, 0x0, 0x0, 0x8f,
    0xff, 0xf8, 0x0, 0x8, 0xff, 0x88, 0xff, 0x70,
    0x7f, 0xf9, 0x0, 0x9f, 0xf6, 0x4f, 0x90, 0x0,
    0xa, 0xf3, 0x3, 0x0, 0x0, 0x0, 0x30,

    /* U+00D8 "Ø" */
    0x0, 0x0, 0x5, 0xbe, 0xff, 0xd8, 0x20, 0xb4,
    0x0, 0x0, 0x2d, 0xff, 0xff, 0xff, 0xff, 0xcf,
    0xe0, 0x0, 0x2e, 0xff, 0xe9, 0x78, 0xcf, 0xff,
    0xf4, 0x0, 0xd, 0xff, 0xa0, 0x0, 0x0, 0x9f,
    0xff, 0x50, 0x6, 0xff, 0xc0, 0x0, 0x0, 0x4f,
    0xff, 0xfd, 0x0, 0xcf, 0xf3, 0x0, 0x0, 0x2f,
    0xfa, 0xcf, 0xf3, 0xf, 0xfe, 0x0, 0x0, 0x1e,
    0xfc, 0x7, 0xff, 0x72, 0xff, 0xc0, 0x0, 0xc,
    0xfd, 0x10, 0x4f, 0xf9, 0x2f, 0xfb, 0x0, 0xb,
    0xfe, 0x20, 0x4, 0xff, 0xa2, 0xff, 0xc0, 0x9,
    0xff, 0x30, 0x0, 0x5f, 0xf9, 0xf, 0xff, 0x7,
    0xff, 0x50, 0x0, 0x8, 0xff, 0x70, 0xbf, 0xf9,
    0xff, 0x70, 0x0, 0x0, 0xdf, 0xf3, 0x5, 0xff,
    0xff, 0x90, 0x0, 0x0, 0x6f, 0xfc, 0x0, 0xc,
    0xff, 0xf1, 0x0, 0x0, 0x5f, 0xff, 0x40, 0x1,
    0xdf, 0xff, 0xe9, 0x78, 0xcf, 0xff, 0x70, 0x0,
    0xaf, 0xec, 0xff, 0xff, 0xff, 0xff, 0x60, 0x0,
    0x2, 0xc2, 0x5, 0xbe, 0xff, 0xc8, 0x10, 0x0,
    0x0, 0x0, 0x0, 0x0, 0x0, 0x0, 0x0, 0x0,
    0x0,

    /* U+00D9 "Ù" */
    0x0, 0x1c, 0xff, 0xb0, 0x0, 0x0, 0x0, 0x0,
    0x1, 0xdf, 0xf6, 0x0, 0x0, 0x0, 0x0, 0x0,
    0x1d, 0xfe, 0x10, 0x0, 0x0, 0x0, 0x0, 0x1,
    0x9a, 0x50, 0x0, 0x0, 0x0, 0x0, 0x0, 0x0,
    0x0, 0x0, 0x0, 0xcf, 0xf1, 0x0, 0x0, 0x0,
    0x9f, 0xf4, 0xcf, 0xf1, 0x0, 0x0, 0x0, 0x9f,
    0xf4, 0xcf, 0xf1, 0x0, 0x0, 0x0, 0x9f, 0xf4,
    0xcf, 0xf1, 0x0, 0x0, 0x0, 0x9f, 0xf4, 0xcf,
    0xf1, 0x0, 0x0, 0x0, 0x9f, 0xf4, 0xcf, 0xf1,
    0x0, 0x0, 0x0, 0x9f, 0xf4, 0xcf, 0xf1, 0x0,
    0x0, 0x0, 0x9f, 0xf4, 0xcf, 0xf1, 0x0, 0x0,
    0x0, 0x9f, 0xf4, 0xcf, 0xf1, 0x0, 0x0, 0x0,
    0x9f, 0xf4, 0xcf, 0xf1, 0x0, 0x0, 0x0, 0x9f,
    0xf4, 0xcf, 0xf1, 0x0, 0x0, 0x0, 0x9f, 0xf3,
    0xaf, 0xf3, 0x0, 0x0, 0x0, 0xbf, 0xf2, 0x6f,
    0xf7, 0x0, 0x0, 0x0, 0xff, 0xe0, 0x1f, 0xff,
    0x30, 0x0, 0xa, 0xff, 0x90, 0x8, 0xff, 0xfa,
    0x78, 0xdf, 0xfe, 0x10, 0x0, 0xaf, 0xff, 0xff,
    0xff, 0xe3, 0x0, 0x0, 0x5, 0xbe, 0xff, 0xd8,
    0x10, 0x0,

    /* U+00DA "Ú" */
    0x0, 0x0, 0x0, 0x4f, 0xff, 0x60, 0x0, 0x0,
    0x0, 0x0, 0xdf, 0xf6, 0x0, 0x0, 0x0, 0x0,
    0x8, 0xff, 0x60, 0x0, 0x0, 0x0, 0x0, 0x9,
    0xa5, 0x0, 0x0, 0x0, 0x0, 0x0, 0x0, 0x0,
    0x0, 0x0, 0x0, 0xcf, 0xf1, 0x0, 0x0, 0x0,
    0x9f, 0xf4, 0xcf, 0xf1, 0x0, 0x0, 0x0, 0x9f,
    0xf4, 0xcf, 0xf1, 0x0, 0x0, 0x0, 0x9f, 0xf4,
    0xcf, 0xf1, 0x0, 0x0, 0x0, 0x9f, 0xf4, 0xcf,
    0xf1, 0x0, 0x0, 0x0, 0x9f, 0xf4, 0xcf, 0xf1,
    0x0, 0x0, 0x0, 0x9f, 0xf4, 0xcf, 0xf1, 0x0,
    0x0, 0x0, 0x9f, 0xf4, 0xcf, 0xf1, 0x0, 0x0,
    0x0, 0x9f, 0xf4, 0xcf, 0xf1, 0x0, 0x0, 0x0,
    0x9f, 0xf4, 0xcf, 0xf1, 0x0, 0x0, 0x0, 0x9f,
    0xf4, 0xcf, 0xf1, 0x0, 0x0, 0x0, 0x9f, 0xf3,
    0xaf, 0xf3, 0x0, 0x0, 0x0, 0xbf, 0xf2, 0x6f,
    0xf7, 0x0, 0x0, 0x0, 0xff, 0xe0, 0x1f, 0xff,
    0x30, 0x0, 0xa, 0xff, 0x90, 0x8, 0xff, 0xfa,
    0x78, 0xdf, 0xfe, 0x10, 0x0, 0xaf, 0xff, 0xff,
    0xff, 0xe3, 0x0, 0x0, 0x5, 0xbe, 0xff, 0xd8,
    0x10, 0x0,

    /* U+00DB "Û" */
    0x0, 0x0, 0x3f, 0xff, 0x90, 0x0, 0x0, 0x0,
    0x1, 0xef, 0xef, 0xf6, 0x0, 0x0, 0x0, 0xc,
    0xfc, 0x5, 0xff, 0x40, 0x0, 0x0, 0x38, 0x70,
    0x0, 0x48, 0x60, 0x0, 0x0, 0x0, 0x0, 0x0,
    0x0, 0x0, 0x0, 0xcf, 0xf1, 0x0, 0x0, 0x0,
    0x9f, 0xf4, 0xcf, 0xf1, 0x0, 0x0, 0x0, 0x9f,
    0xf4, 0xcf, 0xf1, 0x0, 0x0, 0x0, 0x9f, 0xf4,
    0xcf, 0xf1, 0x0, 0x0, 0x0, 0x9f, 0xf4, 0xcf,
    0xf1, 0x0, 0x0, 0x0, 0x9f, 0xf4, 0xcf, 0xf1,
    0x0, 0x0, 0x0, 0x9f, 0xf4, 0xcf, 0xf1, 0x0,
    0x0, 0x0, 0x9f, 0xf4, 0xcf, 0xf1, 0x0, 0x0,
    0x0, 0x9f, 0xf4, 0xcf, 0xf1, 0x0, 0x0, 0x0,
    0x9f, 0xf4, 0xcf, 0xf1, 0x0, 0x0, 0x0, 0x9f,
    0xf4, 0xcf, 0xf1, 0x0, 0x0, 0x0, 0x9f, 0xf3,
    0xaf, 0xf3, 0x0, 0x0, 0x0, 0xbf, 0xf2, 0x6f,
    0xf7, 0x0, 0x0, 0x0, 0xff, 0xe0, 0x1f, 0xff,
    0x30, 0x0, 0xa, 0xff, 0x90, 0x8, 0xff, 0xfa,
    0x78, 0xdf, 0xfe, 0x10, 0x0, 0xaf, 0xff, 0xff,
    0xff, 0xe3, 0x0, 0x0, 0x5, 0xbe, 0xff, 0xd8,
    0x10, 0x0,

    /* U+00DC "Ü" */
    0x0, 0x4f, 0xfb, 0x4, 0xff, 0xc0, 0x0, 0x0,
    0x4f, 0xfb, 0x4, 0xff, 0xc0, 0x0, 0x0, 0x4f,
    0xfb, 0x4, 0xff, 0xc0, 0x0, 0x0, 0x13, 0x32,
    0x0, 0x33, 0x20, 0x0, 0x0, 0x0, 0x0, 0x0,
    0x0, 0x0, 0x0, 0xcf, 0xf1, 0x0, 0x0, 0x0,
    0x9f, 0xf4, 0xcf, 0xf1, 0x0, 0x0, 0x0, 0x9f,
    0xf4, 0xcf, 0xf1, 0x0, 0x0, 0x0, 0x9f, 0xf4,
    0xcf, 0xf1, 0x0, 0x0, 0x0, 0x9f, 0xf4, 0xcf,
    0xf1, 0x0, 0x0, 0x0, 0x9f, 0xf4, 0xcf, 0xf1,
    0x0, 0x0, 0x0, 0x9f, 0xf4, 0xcf, 0xf1, 0x0,
    0x0, 0x0, 0x9f, 0xf4, 0xcf, 0xf1, 0x0, 0x0,
    0x0, 0x9f, 0xf4, 0xcf, 0xf1, 0x0, 0x0, 0x0,
    0x9f, 0xf4, 0xcf, 0xf1, 0x0, 0x0, 0x0, 0x9f,
    0xf4, 0xcf, 0xf1, 0x0, 0x0, 0x0, 0x9f, 0xf3,
    0xaf, 0xf3, 0x0, 0x0, 0x0, 0xbf, 0xf2, 0x6f,
    0xf7, 0x0, 0x0, 0x0, 0xff, 0xe0, 0x1f, 0xff,
    0x30, 0x0, 0xa, 0xff, 0x90, 0x8, 0xff, 0xfa,
    0x78, 0xdf, 0xfe, 0x10, 0x0, 0xaf, 0xff, 0xff,
    0xff, 0xe3, 0x0, 0x0, 0x5, 0xbe, 0xff, 0xd8,
    0x10, 0x0,

    /* U+00DD "Ý" */
    0x0, 0x0, 0x0, 0x4, 0xff, 0xf5, 0x0, 0x0,
    0x0, 0x0, 0x0, 0xe, 0xff, 0x50, 0x0, 0x0,
    0x0, 0x0, 0x0, 0x9f, 0xf5, 0x0, 0x0, 0x0,
    0x0, 0x0, 0x1, 0x9a, 0x50, 0x0, 0x0, 0x0,
    0x0, 0x0, 0x0, 0x0, 0x0, 0x0, 0x0, 0x0,
    0x5f, 0xff, 0x10, 0x0, 0x0, 0x5, 0xff, 0xc0,
    0xc, 0xff, 0x90, 0x0, 0x0, 0xe, 0xff, 0x20,
    0x2, 0xff, 0xf2, 0x0, 0x0, 0x7f, 0xf8, 0x0,
    0x0, 0x9f, 0xfb, 0x0, 0x1, 0xff, 0xe0, 0x0,
    0x0, 0xe, 0xff, 0x40, 0x9, 0xff, 0x50, 0x0,
    0x0, 0x5, 0xff, 0xd0, 0x2f, 0xfb, 0x0, 0x0,
    0x0, 0x0, 0xbf, 0xf6, 0xbf, 0xf2, 0x0, 0x0,
    0x0, 0x0, 0x2f, 0xff, 0xff, 0x80, 0x0, 0x0,
    0x0, 0x0, 0x8, 0xff, 0xfe, 0x0, 0x0, 0x0,
    0x0, 0x0, 0x0, 0xef, 0xf5, 0x0, 0x0, 0x0,
    0x0, 0x0, 0x0, 0xbf, 0xf2, 0x0, 0x0, 0x0,
    0x0, 0x0, 0x0, 0xbf, 0xf2, 0x0, 0x0, 0x0,
    0x0, 0x0, 0x0, 0xbf, 0xf2, 0x0, 0x0, 0x0,
    0x0, 0x0, 0x0, 0xbf, 0xf2, 0x0, 0x0, 0x0,
    0x0, 0x0, 0x0, 0xbf, 0xf2, 0x0, 0x0, 0x0,
    0x0, 0x0, 0x0, 0xbf, 0xf2, 0x0, 0x0, 0x0,
    0x0, 0x0, 0x0, 0xbf, 0xf2, 0x0, 0x0, 0x0,

    /* U+00DE "Þ" */
    0xbf, 0xf2, 0x0, 0x0, 0x0, 0x0, 0xb, 0xff,
    0x20, 0x0, 0x0, 0x0, 0x0, 0xbf, 0xf2, 0x0,
    0x0, 0x0, 0x0, 0xb, 0xff, 0x76, 0x66, 0x54,
    0x10, 0x0, 0xbf, 0xff, 0xff, 0xff, 0xff, 0xa1,
    0xb, 0xff, 0xff, 0xff, 0xff, 0xff, 0xd1, 0xbf,
    0xf2, 0x0, 0x0, 0x3c, 0xff, 0x9b, 0xff, 0x20,
    0x0, 0x0, 0x1f, 0xfd, 0xbf, 0xf2, 0x0, 0x0,
    0x0, 0xef, 0xfb, 0xff, 0x20, 0x0, 0x0, 0x1f,
    0xfd, 0xbf, 0xf2, 0x0, 0x0, 0x3c, 0xff, 0x8b,
    0xff, 0xff, 0xff, 0xff, 0xff, 0xd1, 0xbf, 0xff,
    0xff, 0xff, 0xff, 0xa1, 0xb, 0xff, 0x76, 0x66,
    0x54, 0x10, 0x0, 0xbf, 0xf2, 0x0, 0x0, 0x0,
    0x0, 0xb, 0xff, 0x20, 0x0, 0x0, 0x0, 0x0,
    0xbf, 0xf2, 0x0, 0x0, 0x0, 0x0, 0x0,

    /* U+00DF "ß" */
    0x0, 0x18, 0xdf, 0xfd, 0x81, 0x0, 0x0, 0x2e,
    0xff, 0xff, 0xff, 0xe2, 0x0, 0xc, 0xff, 0xb5,
    0x5b, 0xff, 0xc0, 0x3, 0xff, 0xb0, 0x0, 0xd,
    0xff, 0x30, 0x6f, 0xf5, 0x0, 0x0, 0x9f, 0xf5,
    0x8, 0xff, 0x40, 0x0, 0xb, 0xff, 0x40, 0x8f,
    0xf4, 0x0, 0x7, 0xff, 0xe0, 0x8, 0xff, 0x40,
    0xef, 0xff, 0xf5, 0x0, 0x8f, 0xf4, 0xe, 0xff,
    0xf8, 0x0, 0x8, 0xff, 0x40, 0x45, 0x8f, 0xfd,
    0x10, 0x8f, 0xf4, 0x0, 0x0, 0x3f, 0xfb, 0x8,
    0xff, 0x40, 0x0, 0x0, 0xcf, 0xf0, 0x8f, 0xf4,
    0x0, 0x0, 0xc, 0xff, 0x28, 0xff, 0x40, 0x0,
    0x2, 0xff, 0xf0, 0x8f, 0xf4, 0x17, 0x58, 0xef,
    0xfb, 0x8, 0xff, 0x42, 0xff, 0xff, 0xfd, 0x10,
    0x8f, 0xf4, 0x1e, 0xff, 0xc7, 0x0, 0x0,

    /* U+00E0 "à" */
    0x0, 0x5f, 0xff, 0x40, 0x0, 0x0, 0x0, 0x6,
    0xff, 0xd0, 0x0, 0x0, 0x0, 0x0, 0x6f, 0xf8,
    0x0, 0x0, 0x0, 0x0, 0x5, 0xa9, 0x0, 0x0,
    0x0, 0x0, 0x0, 0x0, 0x0, 0x0, 0x0, 0x7,
    0xcf, 0xfe, 0xa2, 0x0, 0x0, 0xcf, 0xff, 0xff,
    0xff, 0x20, 0x7, 0xff, 0xa4, 0x39, 0xff, 0xa0,
    0x7, 0xaa, 0x0, 0x0, 0xef, 0xe0, 0x0, 0x0,
    0x0, 0x13, 0xef, 0xf0, 0x0, 0x17, 0xbe, 0xff,
    0xff, 0xf0, 0x3, 0xef, 0xfe, 0xc9, 0xef, 0xf0,
    0xd, 0xff, 0x40, 0x0, 0xdf, 0xf0, 0x1f, 0xfb,
    0x0, 0x0, 0xff, 0xf0, 0xf, 0xfe, 0x20, 0x2b,
    0xff, 0xf0, 0xa, 0xff, 0xff, 0xfe, 0xcf, 0xf0,
    0x0, 0x8e, 0xfe, 0xa1, 0x9f, 0xf2,

    /* U+00E1 "á" */
    0x0, 0x0, 0x0, 0xbf, 0xfd, 0x10, 0x0, 0x0,
    0x5, 0xff, 0xd1, 0x0, 0x0, 0x0, 0x1e, 0xfd,
    0x10, 0x0, 0x0, 0x0, 0x5a, 0x91, 0x0, 0x0,
    0x0, 0x0, 0x0, 0x0, 0x0, 0x0, 0x0, 0x7,
    0xcf, 0xfe, 0xa2, 0x0, 0x0, 0xcf, 0xff, 0xff,
    0xff, 0x20, 0x7, 0xff, 0xa4, 0x39, 0xff, 0xa0,
    0x7, 0xaa, 0x0, 0x0, 0xef, 0xe0, 0x0, 0x0,
    0x0, 0x13, 0xef, 0xf0, 0x0, 0x17, 0xbe, 0xff,
    0xff, 0xf0, 0x3, 0xef, 0xfe, 0xc9, 0xef, 0xf0,
    0xd, 0xff, 0x40, 0x0, 0xdf, 0xf0, 0x1f, 0xfb,
    0x0, 0x0, 0xff, 0xf0, 0xf, 0xfe, 0x20, 0x2b,
    0xff, 0xf0, 0xa, 0xff, 0xff, 0xfe, 0xcf, 0xf0,
    0x0, 0x8e, 0xfe, 0xa1, 0x9f, 0xf2,

    /* U+00E2 "â" */
    0x0, 0x0, 0xaf, 0xff, 0x30, 0x0, 0x0, 0x7,
    0xfe, 0x9f, 0xe1, 0x0, 0x0, 0x5f, 0xe2, 0x9,
    0xfc, 0x0, 0x0, 0x56, 0x20, 0x0, 0x56, 0x20,
    0x0, 0x0, 0x0, 0x0, 0x0, 0x0, 0x0, 0x7,
    0xcf, 0xfe, 0xa2, 0x0, 0x0, 0xcf, 0xff, 0xff,
    0xff, 0x20, 0x7, 0xff, 0xa4, 0x39, 0xff, 0xa0,
    0x7, 0xaa, 0x0, 0x0, 0xef, 0xe0, 0x0, 0x0,
    0x0, 0x13, 0xef, 0xf0, 0x0, 0x17, 0xbe, 0xff,
    0xff, 0xf0, 0x3, 0xef, 0xfe, 0xc9, 0xef, 0xf0,
    0xd, 0xff, 0x40, 0x0, 0xdf, 0xf0, 0x1f, 0xfb,
    0x0, 0x0, 0xff, 0xf0, 0xf, 0xfe, 0x20, 0x2b,
    0xff, 0xf0, 0xa, 0xff, 0xff, 0xfe, 0xcf, 0xf0,
    0x0, 0x8e, 0xfe, 0xa1, 0x9f, 0xf2,

    /* U+00E3 "ã" */
    0x0, 0x2c, 0xfe, 0x81, 0x2f, 0xb0, 0x0, 0xdf,
    0xff, 0xff, 0xff, 0x60, 0x3, 0xfa, 0x4, 0xbf,
    0xe8, 0x0, 0x0, 0x0, 0x0, 0x0, 0x0, 0x0,
    0x0, 0x0, 0x0, 0x0, 0x0, 0x0, 0x0, 0x7,
    0xcf, 0xfe, 0xa2, 0x0, 0x0, 0xcf, 0xff, 0xff,
    0xff, 0x20, 0x7, 0xff, 0xa4, 0x39, 0xff, 0xa0,
    0x7, 0xaa, 0x0, 0x0, 0xef, 0xe0, 0x0, 0x0,
    0x0, 0x13, 0xef, 0xf0, 0x0, 0x17, 0xbe, 0xff,
    0xff, 0xf0, 0x3, 0xef, 0xfe, 0xc9, 0xef, 0xf0,
    0xd, 0xff, 0x40, 0x0, 0xdf, 0xf0, 0x1f, 0xfb,
    0x0, 0x0, 0xff, 0xf0, 0xf, 0xfe, 0x20, 0x2b,
    0xff, 0xf0, 0xa, 0xff, 0xff, 0xfe, 0xcf, 0xf0,
    0x0, 0x8e, 0xfe, 0xa1, 0x9f, 0xf2,

    /* U+00E4 "ä" */
    0x0, 0xcf, 0xf3, 0xb, 0xff, 0x40, 0x0, 0xcf,
    0xf3, 0xb, 0xff, 0x40, 0x0, 0xcf, 0xf3, 0xb,
    0xff, 0x40, 0x0, 0x23, 0x30, 0x2, 0x33, 0x10,
    0x0, 0x0, 0x0, 0x0, 0x0, 0x0, 0x0, 0x7,
    0xcf, 0xfe, 0xa2, 0x0, 0x0, 0xcf, 0xff, 0xff,
    0xff, 0x20, 0x7, 0xff, 0xa4, 0x39, 0xff, 0xa0,
    0x7, 0xaa, 0x0, 0x0, 0xef, 0xe0, 0x0, 0x0,
    0x0, 0x13, 0xef, 0xf0, 0x0, 0x17, 0xbe, 0xff,
    0xff, 0xf0, 0x3, 0xef, 0xfe, 0xc9, 0xef, 0xf0,
    0xd, 0xff, 0x40, 0x0, 0xdf, 0xf0, 0x1f, 0xfb,
    0x0, 0x0, 0xff, 0xf0, 0xf, 0xfe, 0x20, 0x2b,
    0xff, 0xf0, 0xa, 0xff, 0xff, 0xfe, 0xcf, 0xf0,
    0x0, 0x8e, 0xfe, 0xa1, 0x9f, 0xf2,

    /* U+00E5 "å" */
    0x0, 0x0, 0x3d, 0xf9, 0x0, 0x0, 0x0, 0x0,
    0xed, 0x9f, 0x60, 0x0, 0x0, 0x1, 0xf6, 0xe,
    0x90, 0x0, 0x0, 0x0, 0xed, 0x9f, 0x60, 0x0,
    0x0, 0x0, 0x3d, 0xf9, 0x0, 0x0, 0x0, 0x0,
    0x0, 0x0, 0x0, 0x0, 0x0, 0x7, 0xcf, 0xfe,
    0xa2, 0x0, 0x0, 0xcf, 0xff, 0xff, 0xff, 0x20,
    0x7, 0xff, 0xa4, 0x39, 0xff, 0xa0, 0x7, 0xaa,
    0x0, 0x0, 0xef, 0xe0, 0x0, 0x0, 0x0, 0x13,
    0xef, 0xf0, 0x0, 0x17, 0xbe, 0xff, 0xff, 0xf0,
    0x3, 0xef, 0xfe, 0xc9, 0xef, 0xf0, 0xd, 0xff,
    0x40, 0x0, 0xdf, 0xf0, 0x1f, 0xfb, 0x0, 0x0,
    0xff, 0xf0, 0xf, 0xfe, 0x20, 0x2b, 0xff, 0xf0,
    0xa, 0xff, 0xff, 0xfe, 0xcf, 0xf0, 0x0, 0x8e,
    0xfe, 0xa1, 0x9f, 0xf2,

    /* U+00E6 "æ" */
    0x0, 0x7, 0xdf, 0xfd, 0x81, 0x2a, 0xef, 0xea,
    0x20, 0x0, 0xc, 0xff, 0xff, 0xff, 0xdf, 0xff,
    0xff, 0xff, 0x30, 0x7, 0xff, 0xa4, 0x3a, 0xff,
    0xfe, 0x63, 0x5e, 0xfe, 0x0, 0x8b, 0xa0, 0x0,
    0xf, 0xff, 0x30, 0x0, 0x3f, 0xf6, 0x0, 0x0,
    0x0, 0x2, 0xff, 0xd0, 0x0, 0x0, 0xef, 0xa0,
    0x1, 0x6b, 0xdf, 0xff, 0xff, 0xff, 0xff, 0xff,
    0xfc, 0x3, 0xef, 0xff, 0xda, 0xff, 0xff, 0xff,
    0xff, 0xff, 0xb0, 0xdf, 0xf4, 0x0, 0xf, 0xfd,
    0x0, 0x0, 0x0, 0x0, 0x1f, 0xfb, 0x0, 0x2,
    0xff, 0xf4, 0x0, 0x2, 0x88, 0x20, 0xff, 0xf6,
    0x36, 0xef, 0xff, 0xe6, 0x35, 0xef, 0xe1, 0xa,
    0xff, 0xff, 0xff, 0x84, 0xff, 0xff, 0xff, 0xf4,
    0x0, 0x7, 0xdf, 0xfc, 0x50, 0x2, 0xae, 0xfe,
    0xa2, 0x0,

    /* U+00E7 "ç" */
    0x0, 0x4, 0xbe, 0xfe, 0x92, 0x0, 0x0, 0x9f,
    0xff, 0xff, 0xff, 0x40, 0x6, 0xff, 0xe7, 0x59,
    0xff, 0xe1, 0xe, 0xff, 0x20, 0x0, 0x6f, 0xf6,
    0x3f, 0xfa, 0x0, 0x0, 0x4, 0x42, 0x6f, 0xf7,
    0x0, 0x0, 0x0, 0x0, 0x6f, 0xf7, 0x0, 0x0,
    0x0, 0x0, 0x3f, 0xfb, 0x0, 0x0, 0x4, 0x42,
    0xe, 0xff, 0x30, 0x0, 0x6f, 0xf6, 0x6, 0xff,
    0xe7, 0x59, 0xff, 0xe1, 0x0, 0x9f, 0xff, 0xff,
    0xff, 0x30, 0x0, 0x4, 0xbf, 0xfe, 0x91, 0x0,
    0x0, 0x0, 0xb, 0xf2, 0x0, 0x0, 0x0, 0x0,
    0xf, 0xff, 0x40, 0x0, 0x0, 0x2, 0x22, 0x7f,
    0xb0, 0x0, 0x0, 0xa, 0xf9, 0xaf, 0xa0, 0x0,
    0x0, 0x1, 0xbf, 0xfb, 0x10, 0x0,

    /* U+00E8 "è" */
    0x0, 0x3e, 0xff, 0x80, 0x0, 0x0, 0x0, 0x3,
    0xef, 0xf2, 0x0, 0x0, 0x0, 0x0, 0x3e, 0xfc,
    0x0, 0x0, 0x0, 0x0, 0x3, 0xaa, 0x20, 0x0,
    0x0, 0x0, 0x0, 0x0, 0x0, 0x0, 0x0, 0x4,
    0xbe, 0xfe, 0xa3, 0x0, 0x0, 0x9f, 0xff, 0xff,
    0xff, 0x50, 0x6, 0xff, 0xd5, 0x36, 0xef, 0xf2,
    0xe, 0xfe, 0x10, 0x0, 0x4f, 0xf9, 0x3f, 0xf9,
    0x0, 0x0, 0xe, 0xfd, 0x6f, 0xff, 0xff, 0xff,
    0xff, 0xff, 0x6f, 0xff, 0xff, 0xff, 0xff, 0xfe,
    0x3f, 0xf8, 0x0, 0x0, 0x0, 0x0, 0xe, 0xfe,
    0x10, 0x0, 0x8, 0x84, 0x6, 0xff, 0xd5, 0x35,
    0xcf, 0xf3, 0x0, 0x8f, 0xff, 0xff, 0xff, 0x60,
    0x0, 0x4, 0xbe, 0xfe, 0xb3, 0x0,

    /* U+00E9 "é" */
    0x0, 0x0, 0x0, 0x8f, 0xfe, 0x30, 0x0, 0x0,
    0x2, 0xff, 0xe3, 0x0, 0x0, 0x0, 0xc, 0xfe,
    0x30, 0x0, 0x0, 0x0, 0x2a, 0xa3, 0x0, 0x0,
    0x0, 0x0, 0x0, 0x0, 0x0, 0x0, 0x0, 0x4,
    0xbe, 0xfe, 0xa3, 0x0, 0x0, 0x9f, 0xff, 0xff,
    0xff, 0x50, 0x6, 0xff, 0xd5, 0x36, 0xef, 0xf2,
    0xe, 0xfe, 0x10, 0x0, 0x4f, 0xf9, 0x3f, 0xf9,
    0x0, 0x0, 0xe, 0xfd, 0x6f, 0xff, 0xff, 0xff,
    0xff, 0xff, 0x6f, 0xff, 0xff, 0xff, 0xff, 0xfe,
    0x3f, 0xf8, 0x0, 0x0, 0x0, 0x0, 0xe, 0xfe,
    0x10, 0x0, 0x8, 0x84, 0x6, 0xff, 0xd5, 0x35,
    0xcf, 0xf3, 0x0, 0x8f, 0xff, 0xff, 0xff, 0x60,
    0x0, 0x4, 0xbe, 0xfe, 0xb3, 0x0,

    /* U+00EA "ê" */
    0x0, 0x0, 0x6f, 0xff, 0x60, 0x0, 0x0, 0x4,
    0xff, 0x8f, 0xf4, 0x0, 0x0, 0x2f, 0xf5, 0x5,
    0xff, 0x20, 0x0, 0x46, 0x40, 0x0, 0x46, 0x40,
    0x0, 0x0, 0x0, 0x0, 0x0, 0x0, 0x0, 0x4,
    0xbe, 0xfe, 0xa3, 0x0, 0x0, 0x9f, 0xff, 0xff,
    0xff, 0x50, 0x6, 0xff, 0xd5, 0x36, 0xef, 0xf2,
    0xe, 0xfe, 0x10, 0x0, 0x4f, 0xf9, 0x3f, 0xf9,
    0x0, 0x0, 0xe, 0xfd, 0x6f, 0xff, 0xff, 0xff,
    0xff, 0xff, 0x6f, 0xff, 0xff, 0xff, 0xff, 0xfe,
    0x3f, 0xf8, 0x0, 0x0, 0x0, 0x0, 0xe, 0xfe,
    0x10, 0x0, 0x8, 0x84, 0x6, 0xff, 0xd5, 0x35,
    0xcf, 0xf3, 0x0, 0x8f, 0xff, 0xff, 0xff, 0x60,
    0x0, 0x4, 0xbe, 0xfe, 0xb3, 0x0,

    /* U+00EB "ë" */
    0x0, 0x8f, 0xf7, 0x7, 0xff, 0x80, 0x0, 0x8f,
    0xf7, 0x7, 0xff, 0x80, 0x0, 0x8f, 0xf7, 0x7,
    0xff, 0x80, 0x0, 0x23, 0x31, 0x1, 0x33, 0x20,
    0x0, 0x0, 0x0, 0x0, 0x0, 0x0, 0x0, 0x4,
    0xbe, 0xfe, 0xa3, 0x0, 0x0, 0x9f, 0xff, 0xff,
    0xff, 0x50, 0x6, 0xff, 0xd5, 0x36, 0xef, 0xf2,
    0xe, 0xfe, 0x10, 0x0, 0x4f, 0xf9, 0x3f, 0xf9,
    0x0, 0x0, 0xe, 0xfd, 0x6f, 0xff, 0xff, 0xff,
    0xff, 0xff, 0x6f, 0xff, 0xff, 0xff, 0xff, 0xfe,
    0x3f, 0xf8, 0x0, 0x0, 0x0, 0x0, 0xe, 0xfe,
    0x10, 0x0, 0x8, 0x84, 0x6, 0xff, 0xd5, 0x35,
    0xcf, 0xf3, 0x0, 0x8f, 0xff, 0xff, 0xff, 0x60,
    0x0, 0x4, 0xbe, 0xfe, 0xb3, 0x0,

    /* U+00EC "ì" */
    0xb, 0xff, 0xd0, 0x0, 0xb, 0xff, 0x80, 0x0,
    0xb, 0xff, 0x20, 0x0, 0x9, 0xa6, 0x0, 0x0,
    0x0, 0x0, 0x0, 0x8f, 0xf4, 0x0, 0x8, 0xff,
    0x40, 0x0, 0x8f, 0xf4, 0x0, 0x8, 0xff, 0x40,
    0x0, 0x8f, 0xf4, 0x0, 0x8, 0xff, 0x40, 0x0,
    0x8f, 0xf4, 0x0, 0x8, 0xff, 0x40, 0x0, 0x8f,
    0xf4, 0x0, 0x8, 0xff, 0x40, 0x0, 0x8f, 0xf4,
    0x0, 0x8, 0xff, 0x40,

    /* U+00ED "í" */
    0x0, 0x2f, 0xff, 0x70, 0xc, 0xff, 0x70, 0x6,
    0xff, 0x70, 0x0, 0x9a, 0x60, 0x0, 0x0, 0x0,
    0x0, 0x0, 0x8f, 0xf4, 0x0, 0x8, 0xff, 0x40,
    0x0, 0x8f, 0xf4, 0x0, 0x8, 0xff, 0x40, 0x0,
    0x8f, 0xf4, 0x0, 0x8, 0xff, 0x40, 0x0, 0x8f,
    0xf4, 0x0, 0x8, 0xff, 0x40, 0x0, 0x8f, 0xf4,
    0x0, 0x8, 0xff, 0x40, 0x0, 0x8f, 0xf4, 0x0,
    0x8, 0xff, 0x40, 0x0,

    /* U+00EE "î" */
    0x0, 0x2e, 0xff, 0xb0, 0x0, 0x1, 0xdf, 0x9c,
    0xfa, 0x0, 0xc, 0xf9, 0x1, 0xcf, 0x80, 0x13,
    0x30, 0x0, 0x3, 0x30, 0x0, 0x0, 0x0, 0x0,
    0x0, 0x0, 0x8, 0xff, 0x40, 0x0, 0x0, 0x8,
    0xff, 0x40, 0x0, 0x0, 0x8, 0xff, 0x40, 0x0,
    0x0, 0x8, 0xff, 0x40, 0x0, 0x0, 0x8, 0xff,
    0x40, 0x0, 0x0, 0x8, 0xff, 0x40, 0x0, 0x0,
    0x8, 0xff, 0x40, 0x0, 0x0, 0x8, 0xff, 0x40,
    0x0, 0x0, 0x8, 0xff, 0x40, 0x0, 0x0, 0x8,
    0xff, 0x40, 0x0, 0x0, 0x8, 0xff, 0x40, 0x0,
    0x0, 0x8, 0xff, 0x40, 0x0,

    /* U+00EF "ï" */
    0x3f, 0xfd, 0x2, 0xff, 0xe3, 0xff, 0xd0, 0x2f,
    0xfe, 0x3f, 0xfd, 0x2, 0xff, 0xe0, 0x33, 0x30,
    0x3, 0x33, 0x0, 0x0, 0x0, 0x0, 0x0, 0x0,
    0x8f, 0xf4, 0x0, 0x0, 0x8, 0xff, 0x40, 0x0,
    0x0, 0x8f, 0xf4, 0x0, 0x0, 0x8, 0xff, 0x40,
    0x0, 0x0, 0x8f, 0xf4, 0x0, 0x0, 0x8, 0xff,
    0x40, 0x0, 0x0, 0x8f, 0xf4, 0x0, 0x0, 0x8,
    0xff, 0x40, 0x0, 0x0, 0x8f, 0xf4, 0x0, 0x0,
    0x8, 0xff, 0x40, 0x0, 0x0, 0x8f, 0xf4, 0x0,
    0x0, 0x8, 0xff, 0x40, 0x0,

    /* U+00F0 "ð" */
    0x0, 0x0, 0x0, 0x0, 0x5, 0x0, 0x0, 0x4,
    0xfe, 0xc8, 0x4b, 0xf8, 0x0, 0x0, 0x7f, 0xff,
    0xff, 0xfc, 0x20, 0x0, 0x0, 0x6, 0xff, 0xff,
    0xe3, 0x0, 0x0, 0x2, 0xff, 0x95, 0xef, 0xe1,
    0x0, 0x0, 0x8, 0x30, 0x3, 0xff, 0xa0, 0x0,
    0x3, 0xbe, 0xfd, 0x7a, 0xff, 0x10, 0x7, 0xff,
    0xff, 0xff, 0xff, 0xf6, 0x5, 0xff, 0xf9, 0x57,
    0xef, 0xff, 0x90, 0xdf, 0xf6, 0x0, 0x1, 0xef,
    0xfb, 0x2f, 0xfe, 0x0, 0x0, 0x8, 0xff, 0xb4,
    0xff, 0xb0, 0x0, 0x0, 0x5f, 0xfa, 0x4f, 0xfb,
    0x0, 0x0, 0x5, 0xff, 0x82, 0xff, 0xe0, 0x0,
    0x0, 0x9f, 0xf5, 0xd, 0xff, 0x60, 0x0, 0x2f,
    0xff, 0x0, 0x5f, 0xff, 0x96, 0x8f, 0xff, 0x70,
    0x0, 0x7f, 0xff, 0xff, 0xff, 0xa0, 0x0, 0x0,
    0x3a, 0xef, 0xeb, 0x50, 0x0,

    /* U+00F1 "ñ" */
    0x0, 0x2c, 0xfe, 0x81, 0x2f, 0xb0, 0x0, 0xdf,
    0xff, 0xff, 0xff, 0x60, 0x3, 0xfb, 0x3, 0xbf,
    0xe8, 0x0, 0x0, 0x0, 0x0, 0x0, 0x0, 0x0,
    0x0, 0x0, 0x0, 0x0, 0x0, 0x0, 0x8f, 0xf3,
    0x2a, 0xef, 0xd6, 0x0, 0x8f, 0xf6, 0xff, 0xff,
    0xff, 0x60, 0x8f, 0xff, 0xb4, 0x28, 0xff, 0xe0,
    0x8f, 0xfc, 0x0, 0x0, 0xcf, 0xf1, 0x8f, 0xf6,
    0x0, 0x0, 0xaf, 0xf2, 0x8f, 0xf4, 0x0, 0x0,
    0xaf, 0xf2, 0x8f, 0xf4, 0x0, 0x0, 0xaf, 0xf2,
    0x8f, 0xf4, 0x0, 0x0, 0xaf, 0xf2, 0x8f, 0xf4,
    0x0, 0x0, 0xaf, 0xf2, 0x8f, 0xf4, 0x0, 0x0,
    0xaf, 0xf2, 0x8f, 0xf4, 0x0, 0x0, 0xaf, 0xf2,
    0x8f, 0xf4, 0x0, 0x0, 0xaf, 0xf2,

    /* U+00F2 "ò" */
    0x0, 0x2e, 0xff, 0x90, 0x0, 0x0, 0x0, 0x0,
    0x2e, 0xff, 0x30, 0x0, 0x0, 0x0, 0x0, 0x2e,
    0xfd, 0x0, 0x0, 0x0, 0x0, 0x0, 0x2a, 0xa3,
    0x0, 0x0, 0x0, 0x0, 0x0, 0x0, 0x0, 0x0,
    0x0, 0x0, 0x4a, 0xef, 0xeb, 0x50, 0x0, 0x0,
    0x8f, 0xff, 0xff, 0xff, 0xb0, 0x0, 0x6f, 0xff,
    0x85, 0x7e, 0xff, 0x90, 0xe, 0xff, 0x30, 0x0,
    0x2f, 0xff, 0x14, 0xff, 0xb0, 0x0, 0x0, 0x9f,
    0xf6, 0x6f, 0xf7, 0x0, 0x0, 0x6, 0xff, 0x86,
    0xff, 0x80, 0x0, 0x0, 0x6f, 0xf8, 0x3f, 0xfb,
    0x0, 0x0, 0x9, 0xff, 0x60, 0xef, 0xf4, 0x0,
    0x2, 0xff, 0xf1, 0x6, 0xff, 0xf8, 0x57, 0xef,
    0xf8, 0x0, 0x8, 0xff, 0xff, 0xff, 0xfa, 0x0,
    0x0, 0x3, 0xae, 0xfe, 0xb5, 0x0, 0x0,

    /* U+00F3 "ó" */
    0x0, 0x0, 0x0, 0x6f, 0xff, 0x30, 0x0, 0x0,
    0x0, 0x1f, 0xff, 0x30, 0x0, 0x0, 0x0, 0xb,
    0xff, 0x30, 0x0, 0x0, 0x0, 0x2, 0xaa, 0x30,
    0x0, 0x0, 0x0, 0x0, 0x0, 0x0, 0x0, 0x0,
    0x0, 0x0, 0x4a, 0xef, 0xeb, 0x50, 0x0, 0x0,
    0x8f, 0xff, 0xff, 0xff, 0xb0, 0x0, 0x6f, 0xff,
    0x85, 0x7e, 0xff, 0x90, 0xe, 0xff, 0x30, 0x0,
    0x2f, 0xff, 0x14, 0xff, 0xb0, 0x0, 0x0, 0x9f,
    0xf6, 0x6f, 0xf7, 0x0, 0x0, 0x6, 0xff, 0x86,
    0xff, 0x80, 0x0, 0x0, 0x6f, 0xf8, 0x3f, 0xfb,
    0x0, 0x0, 0x9, 0xff, 0x60, 0xef, 0xf4, 0x0,
    0x2, 0xff, 0xf1, 0x6, 0xff, 0xf8, 0x57, 0xef,
    0xf8, 0x0, 0x8, 0xff, 0xff, 0xff, 0xfa, 0x0,
    0x0, 0x3, 0xae, 0xfe, 0xb5, 0x0, 0x0,

    /* U+00F4 "ô" */
    0x0, 0x0, 0x5f, 0xff, 0x70, 0x0, 0x0, 0x0,
    0x3f, 0xf8, 0xff, 0x50, 0x0, 0x0, 0x2e, 0xf6,
    0x4, 0xff, 0x30, 0x0, 0x3, 0x64, 0x0, 0x3,
    0x64, 0x0, 0x0, 0x0, 0x0, 0x0, 0x0, 0x0,
    0x0, 0x0, 0x4a, 0xef, 0xeb, 0x50, 0x0, 0x0,
    0x8f, 0xff, 0xff, 0xff, 0xb0, 0x0, 0x6f, 0xff,
    0x85, 0x7e, 0xff, 0x90, 0xe, 0xff, 0x30, 0x0,
    0x2f, 0xff, 0x14, 0xff, 0xb0, 0x0, 0x0, 0x9f,
    0xf6, 0x6f, 0xf7, 0x0, 0x0, 0x6, 0xff, 0x86,
    0xff, 0x80, 0x0, 0x0, 0x6f, 0xf8, 0x3f, 0xfb,
    0x0, 0x0, 0x9, 0xff, 0x60, 0xef, 0xf4, 0x0,
    0x2, 0xff, 0xf1, 0x6, 0xff, 0xf8, 0x57, 0xef,
    0xf8, 0x0, 0x8, 0xff, 0xff, 0xff, 0xfa, 0x0,
    0x0, 0x3, 0xae, 0xfe, 0xb5, 0x0, 0x0,

    /* U+00F5 "õ" */
    0x0, 0x9, 0xff, 0xa2, 0xd, 0xf0, 0x0, 0x9,
    0xff, 0xff, 0xff, 0xfb, 0x0, 0x0, 0xee, 0x12,
    0x9e, 0xfb, 0x10, 0x0, 0x0, 0x0, 0x0, 0x0,
    0x0, 0x0, 0x0, 0x0, 0x0, 0x0, 0x0, 0x0,
    0x0, 0x0, 0x4a, 0xef, 0xeb, 0x50, 0x0, 0x0,
    0x8f, 0xff, 0xff, 0xff, 0xb0, 0x0, 0x6f, 0xff,
    0x85, 0x7e, 0xff, 0x90, 0xe, 0xff, 0x30, 0x0,
    0x2f, 0xff, 0x14, 0xff, 0xb0, 0x0, 0x0, 0x9f,
    0xf6, 0x6f, 0xf7, 0x0, 0x0, 0x6, 0xff, 0x86,
    0xff, 0x80, 0x0, 0x0, 0x6f, 0xf8, 0x3f, 0xfb,
    0x0, 0x0, 0x9, 0xff, 0x60, 0xef, 0xf4, 0x0,
    0x2, 0xff, 0xf1, 0x6, 0xff, 0xf8, 0x57, 0xef,
    0xf8, 0x0, 0x8, 0xff, 0xff, 0xff, 0xfa, 0x0,
    0x0, 0x3, 0xae, 0xfe, 0xb5, 0x0, 0x0,

    /* U+00F6 "ö" */
    0x0, 0x7f, 0xf8, 0x6, 0xff, 0x90, 0x0, 0x7,
    0xff, 0x80, 0x6f, 0xf9, 0x0, 0x0, 0x7f, 0xf8,
    0x6, 0xff, 0x90, 0x0, 0x1, 0x33, 0x20, 0x13,
    0x32, 0x0, 0x0, 0x0, 0x0, 0x0, 0x0, 0x0,
    0x0, 0x0, 0x4a, 0xef, 0xeb, 0x50, 0x0, 0x0,
    0x8f, 0xff, 0xff, 0xff, 0xb0, 0x0, 0x6f, 0xff,
    0x85, 0x7e, 0xff, 0x90, 0xe, 0xff, 0x30, 0x0,
    0x2f, 0xff, 0x14, 0xff, 0xb0, 0x0, 0x0, 0x9f,
    0xf6, 0x6f, 0xf7, 0x0, 0x0, 0x6, 0xff, 0x86,
    0xff, 0x80, 0x0, 0x0, 0x6f, 0xf8, 0x3f, 0xfb,
    0x0, 0x0, 0x9, 0xff, 0x60, 0xef, 0xf4, 0x0,
    0x2, 0xff, 0xf1, 0x6, 0xff, 0xf8, 0x57, 0xef,
    0xf8, 0x0, 0x8, 0xff, 0xff, 0xff, 0xfa, 0x0,
    0x0, 0x3, 0xae, 0xfe, 0xb5, 0x0, 0x0,

    /* U+00F7 "÷" */
    0x0, 0x0, 0x11, 0x0, 0x0, 0x0, 0x3, 0xff,
    0x30, 0x0, 0x0, 0x8, 0xff, 0x70, 0x0, 0x0,
    0x2, 0xed, 0x20, 0x0, 0x0, 0x0, 0x0, 0x0,
    0x0, 0xdf, 0xff, 0xff, 0xff, 0xfc, 0xdf, 0xff,
    0xff, 0xff, 0xfc, 0x22, 0x22, 0x22, 0x22, 0x22,
    0x0, 0x0, 0x11, 0x0, 0x0, 0x0, 0x3, 0xff,
    0x30, 0x0, 0x0, 0x8, 0xff, 0x70, 0x0, 0x0,
    0x2, 0xed, 0x20, 0x0,

    /* U+00F8 "ø" */
    0x0, 0x0, 0x0, 0x0, 0x0, 0x0, 0x0, 0x0,
    0x4a, 0xef, 0xeb, 0x56, 0xb0, 0x0, 0x8f, 0xff,
    0xff, 0xff, 0xff, 0x30, 0x6f, 0xfe, 0x74, 0x6e,
    0xff, 0xa0, 0xe, 0xff, 0x20, 0x5, 0xff, 0xff,
    0x14, 0xff, 0x90, 0x5, 0xff, 0xcf, 0xf6, 0x6f,
    0xf6, 0x4, 0xff, 0x64, 0xff, 0x86, 0xff, 0x74,
    0xff, 0x60, 0x4f, 0xf8, 0x3f, 0xfc, 0xff, 0x70,
    0x7, 0xff, 0x60, 0xef, 0xff, 0x70, 0x1, 0xef,
    0xf1, 0x8, 0xff, 0xf7, 0x46, 0xef, 0xf8, 0x1,
    0xff, 0xff, 0xff, 0xff, 0xfa, 0x0, 0x9, 0x83,
    0xae, 0xfe, 0xb5, 0x0, 0x0, 0x0, 0x0, 0x0,
    0x0, 0x0, 0x0,

    /* U+00F9 "ù" */
    0x1, 0xdf, 0xfa, 0x0, 0x0, 0x0, 0x1, 0xdf,
    0xf4, 0x0, 0x0, 0x0, 0x1, 0xdf, 0xe0, 0x0,
    0x0, 0x0, 0x1, 0x9a, 0x40, 0x0, 0x0, 0x0,
    0x0, 0x0, 0x0, 0xa, 0xff, 0x10, 0x0, 0xf,
    0xfd, 0xaf, 0xf1, 0x0, 0x0, 0xff, 0xda, 0xff,
    0x10, 0x0, 0xf, 0xfd, 0xaf, 0xf1, 0x0, 0x0,
    0xff, 0xda, 0xff, 0x10, 0x0, 0xf, 0xfd, 0xaf,
    0xf1, 0x0, 0x0, 0xff, 0xda, 0xff, 0x10, 0x0,
    0xf, 0xfd, 0xaf, 0xf1, 0x0, 0x2, 0xff, 0xda,
    0xff, 0x50, 0x0, 0xaf, 0xfd, 0x6f, 0xfe, 0x76,
    0xcf, 0xff, 0xd0, 0xdf, 0xff, 0xff, 0x7e, 0xfd,
    0x1, 0xaf, 0xfc, 0x50, 0xef, 0xd0,

    /* U+00FA "ú" */
    0x0, 0x0, 0x5, 0xff, 0xf4, 0x0, 0x0, 0x1,
    0xef, 0xf4, 0x0, 0x0, 0x0, 0xaf, 0xf4, 0x0,
    0x0, 0x0, 0x19, 0xa4, 0x0, 0x0, 0x0, 0x0,
    0x0, 0x0, 0x0, 0xa, 0xff, 0x10, 0x0, 0xf,
    0xfd, 0xaf, 0xf1, 0x0, 0x0, 0xff, 0xda, 0xff,
    0x10, 0x0, 0xf, 0xfd, 0xaf, 0xf1, 0x0, 0x0,
    0xff, 0xda, 0xff, 0x10, 0x0, 0xf, 0xfd, 0xaf,
    0xf1, 0x0, 0x0, 0xff, 0xda, 0xff, 0x10, 0x0,
    0xf, 0xfd, 0xaf, 0xf1, 0x0, 0x2, 0xff, 0xda,
    0xff, 0x50, 0x0, 0xaf, 0xfd, 0x6f, 0xfe, 0x76,
    0xcf, 0xff, 0xd0, 0xdf, 0xff, 0xff, 0x7e, 0xfd,
    0x1, 0xaf, 0xfc, 0x50, 0xef, 0xd0,

    /* U+00FB "û" */
    0x0, 0x4, 0xff, 0xf9, 0x0, 0x0, 0x3, 0xff,
    0x7e, 0xf7, 0x0, 0x2, 0xef, 0x60, 0x2e, 0xf5,
    0x0, 0x13, 0x20, 0x0, 0x13, 0x20, 0x0, 0x0,
    0x0, 0x0, 0x0, 0xa, 0xff, 0x10, 0x0, 0xf,
    0xfd, 0xaf, 0xf1, 0x0, 0x0, 0xff, 0xda, 0xff,
    0x10, 0x0, 0xf, 0xfd, 0xaf, 0xf1, 0x0, 0x0,
    0xff, 0xda, 0xff, 0x10, 0x0, 0xf, 0xfd, 0xaf,
    0xf1, 0x0, 0x0, 0xff, 0xda, 0xff, 0x10, 0x0,
    0xf, 0xfd, 0xaf, 0xf1, 0x0, 0x2, 0xff, 0xda,
    0xff, 0x50, 0x0, 0xaf, 0xfd, 0x6f, 0xfe, 0x76,
    0xcf, 0xff, 0xd0, 0xdf, 0xff, 0xff, 0x7e, 0xfd,
    0x1, 0xaf, 0xfc, 0x50, 0xef, 0xd0,

    /* U+00FC "ü" */
    0x6, 0xff, 0xa0, 0x5f, 0xfb, 0x0, 0x6f, 0xfa,
    0x5, 0xff, 0xb0, 0x6, 0xff, 0xa0, 0x5f, 0xfb,
    0x0, 0x13, 0x32, 0x1, 0x33, 0x20, 0x0, 0x0,
    0x0, 0x0, 0x0, 0xa, 0xff, 0x10, 0x0, 0xf,
    0xfd, 0xaf, 0xf1, 0x0, 0x0, 0xff, 0xda, 0xff,
    0x10, 0x0, 0xf, 0xfd, 0xaf, 0xf1, 0x0, 0x0,
    0xff, 0xda, 0xff, 0x10, 0x0, 0xf, 0xfd, 0xaf,
    0xf1, 0x0, 0x0, 0xff, 0xda, 0xff, 0x10, 0x0,
    0xf, 0xfd, 0xaf, 0xf1, 0x0, 0x2, 0xff, 0xda,
    0xff, 0x50, 0x0, 0xaf, 0xfd, 0x6f, 0xfe, 0x76,
    0xcf, 0xff, 0xd0, 0xdf, 0xff, 0xff, 0x7e, 0xfd,
    0x1, 0xaf, 0xfc, 0x50, 0xef, 0xd0,

    /* U+00FD "ý" */
    0x0, 0x0, 0x2, 0xff, 0xf8, 0x0, 0x0, 0x0,
    0xb, 0xff, 0x80, 0x0, 0x0, 0x0, 0x5f, 0xf8,
    0x0, 0x0, 0x0, 0x0, 0x8a, 0x70, 0x0, 0x0,
    0x0, 0x0, 0x0, 0x0, 0x0, 0x0, 0xbf, 0xf4,
    0x0, 0x0, 0x6f, 0xf8, 0x5f, 0xfa, 0x0, 0x0,
    0xcf, 0xf1, 0xe, 0xff, 0x0, 0x2, 0xff, 0xb0,
    0x9, 0xff, 0x50, 0x7, 0xff, 0x50, 0x3, 0xff,
    0xb0, 0xd, 0xfe, 0x0, 0x0, 0xcf, 0xf1, 0x2f,
    0xf8, 0x0, 0x0, 0x6f, 0xf6, 0x8f, 0xf2, 0x0,
    0x0, 0x1f, 0xfc, 0xdf, 0xb0, 0x0, 0x0, 0xa,
    0xff, 0xff, 0x50, 0x0, 0x0, 0x4, 0xff, 0xfe,
    0x0, 0x0, 0x0, 0x0, 0xef, 0xf9, 0x0, 0x0,
    0x0, 0x0, 0xaf, 0xf2, 0x0, 0x0, 0x0, 0x0,
    0xef, 0xc0, 0x0, 0x0, 0x0, 0x6, 0xff, 0x60,
    0x0, 0x0, 0x0, 0xc, 0xff, 0x0, 0x0, 0x0,
    0x0, 0x3f, 0xf9, 0x0, 0x0, 0x0, 0x0, 0xaf,
    0xf3, 0x0, 0x0, 0x0,

    /* U+00FE "þ" */
    0x8f, 0xf4, 0x0, 0x0, 0x0, 0x0, 0x8f, 0xf4,
    0x0, 0x0, 0x0, 0x0, 0x8f, 0xf4, 0x0, 0x0,
    0x0, 0x0, 0x8f, 0xf4, 0x0, 0x0, 0x0, 0x0,
    0x8f, 0xf4, 0x0, 0x0, 0x0, 0x0, 0x8f, 0xf4,
    0x5c, 0xff, 0xc5, 0x0, 0x8f, 0xfa, 0xff, 0xff,
    0xff, 0x80, 0x8f, 0xff, 0xd7, 0x6b, 0xff, 0xf3,
    0x8f, 0xfd, 0x0, 0x0, 0x9f, 0xfa, 0x8f, 0xf6,
    0x0, 0x0, 0x1f, 0xfe, 0x8f, 0xf3, 0x0, 0x0,
    0xe, 0xff, 0x8f, 0xf3, 0x0, 0x0, 0xf, 0xff,
    0x8f, 0xf6, 0x0, 0x0, 0x1f, 0xfd, 0x8f, 0xfd,
    0x0, 0x0, 0x9f, 0xf9, 0x8f, 0xff, 0xd7, 0x7b,
    0xff, 0xf2, 0x8f, 0xf9, 0xff, 0xff, 0xff, 0x60,
    0x8f, 0xf4, 0x5c, 0xff, 0xb4, 0x0, 0x8f, 0xf4,
    0x0, 0x0, 0x0, 0x0, 0x8f, 0xf4, 0x0, 0x0,
    0x0, 0x0, 0x8f, 0xf4, 0x0, 0x0, 0x0, 0x0,
    0x8f, 0xf4, 0x0, 0x0, 0x0, 0x0, 0x8f, 0xf4,
    0x0, 0x0, 0x0, 0x0,

    /* U+00FF "ÿ" */
    0x2, 0xff, 0xe0, 0x1f, 0xff, 0x0, 0x2, 0xff,
    0xe0, 0x1f, 0xff, 0x0, 0x2, 0xff, 0xe0, 0x1f,
    0xff, 0x0, 0x0, 0x33, 0x30, 0x3, 0x33, 0x0,
    0x0, 0x0, 0x0, 0x0, 0x0, 0x0, 0xbf, 0xf4,
    0x0, 0x0, 0x6f, 0xf8, 0x5f, 0xfa, 0x0, 0x0,
    0xcf, 0xf1, 0xe, 0xff, 0x0, 0x2, 0xff, 0xb0,
    0x9, 0xff, 0x50, 0x7, 0xff, 0x50, 0x3, 0xff,
    0xb0, 0xd, 0xfe, 0x0, 0x0, 0xcf, 0xf1, 0x2f,
    0xf8, 0x0, 0x0, 0x6f, 0xf6, 0x8f, 0xf2, 0x0,
    0x0, 0x1f, 0xfc, 0xdf, 0xb0, 0x0, 0x0, 0xa,
    0xff, 0xff, 0x50, 0x0, 0x0, 0x4, 0xff, 0xfe,
    0x0, 0x0, 0x0, 0x0, 0xef, 0xf9, 0x0, 0x0,
    0x0, 0x0, 0xaf, 0xf2, 0x0, 0x0, 0x0, 0x0,
    0xef, 0xc0, 0x0, 0x0, 0x0, 0x6, 0xff, 0x60,
    0x0, 0x0, 0x0, 0xc, 0xff, 0x0, 0x0, 0x0,
    0x0, 0x3f, 0xf9, 0x0, 0x0, 0x0, 0x0, 0xaf,
    0xf3, 0x0, 0x0, 0x0,

    /* U+0100 "Ā" */
    0x0, 0x0, 0x11, 0x11, 0x11, 0x11, 0x0, 0x0,
    0x0, 0x0, 0xef, 0xff, 0xff, 0xff, 0x0, 0x0,
    0x0, 0x0, 0xef, 0xff, 0xff, 0xff, 0x0, 0x0,
    0x0, 0x0, 0x0, 0x0, 0x0, 0x0, 0x0, 0x0,
    0x0, 0x0, 0x0, 0x0, 0x0, 0x0, 0x0, 0x0,
    0x0, 0x0, 0x0, 0xbf, 0xfd, 0x0, 0x0, 0x0,
    0x0, 0x0, 0x1, 0xff, 0xff, 0x30, 0x0, 0x0,
    0x0, 0x0, 0x6, 0xff, 0xff, 0x80, 0x0, 0x0,
    0x0, 0x0, 0xc, 0xfc, 0xcf, 0xe0, 0x0, 0x0,
    0x0, 0x0, 0x1f, 0xf7, 0x7f, 0xf3, 0x0, 0x0,
    0x0, 0x0, 0x7f, 0xf2, 0x2f, 0xf9, 0x0, 0x0,
    0x0, 0x0, 0xcf, 0xd0, 0xc, 0xfe, 0x0, 0x0,
    0x0, 0x2, 0xff, 0x70, 0x7, 0xff, 0x40, 0x0,
    0x0, 0x7, 0xff, 0x20, 0x2, 0xff, 0x90, 0x0,
    0x0, 0xd, 0xfd, 0x0, 0x0, 0xdf, 0xe0, 0x0,
    0x0, 0x2f, 0xfc, 0x66, 0x66, 0xcf, 0xf4, 0x0,
    0x0, 0x8f, 0xff, 0xff, 0xff, 0xff, 0xfa, 0x0,
    0x0, 0xdf, 0xff, 0xff, 0xff, 0xff, 0xff, 0x0,
    0x3, 0xff, 0x90, 0x0, 0x0, 0x8, 0xff, 0x50,
    0x8, 0xff, 0x30, 0x0, 0x0, 0x3, 0xff, 0xa0,
    0xd, 0xfe, 0x0, 0x0, 0x0, 0x0, 0xef, 0xf0,
    0x3f, 0xf9, 0x0, 0x0, 0x0, 0x0, 0x9f, 0xf5,

    /* U+0101 "ā" */
    0x0, 0xbf, 0xff, 0xff, 0xff, 0x30, 0x0, 0xbf,
    0xff, 0xff, 0xff, 0x30, 0x0, 0x12, 0x22, 0x22,
    0x22, 0x0, 0x0, 0x0, 0x0, 0x0, 0x0, 0x0,
    0x0, 0x0, 0x0, 0x0, 0x0, 0x0, 0x0, 0x7,
    0xcf, 0xfe, 0xa2, 0x0, 0x0, 0xcf, 0xff, 0xff,
    0xff, 0x20, 0x7, 0xff, 0xa4, 0x39, 0xff, 0xa0,
    0x7, 0xaa, 0x0, 0x0, 0xef, 0xe0, 0x0, 0x0,
    0x0, 0x13, 0xef, 0xf0, 0x0, 0x17, 0xbe, 0xff,
    0xff, 0xf0, 0x3, 0xef, 0xfe, 0xc9, 0xef, 0xf0,
    0xd, 0xff, 0x40, 0x0, 0xdf, 0xf0, 0x1f, 0xfb,
    0x0, 0x0, 0xff, 0xf0, 0xf, 0xfe, 0x20, 0x2b,
    0xff, 0xf0, 0xa, 0xff, 0xff, 0xfe, 0xcf, 0xf0,
    0x0, 0x8e, 0xfe, 0xa1, 0x9f, 0xf2,

    /* U+0102 "Ă" */
    0x0, 0x0, 0xaf, 0x50, 0x3, 0xfc, 0x0, 0x0,
    0x0, 0x0, 0x7f, 0xc3, 0x2b, 0xf9, 0x0, 0x0,
    0x0, 0x0, 0xd, 0xff, 0xff, 0xe1, 0x0, 0x0,
    0x0, 0x0, 0x1, 0xaf, 0xfb, 0x20, 0x0, 0x0,
    0x0, 0x0, 0x0, 0x0, 0x0, 0x0, 0x0, 0x0,
    0x0, 0x0, 0x0, 0xbf, 0xfd, 0x0, 0x0, 0x0,
    0x0, 0x0, 0x1, 0xff, 0xff, 0x30, 0x0, 0x0,
    0x0, 0x0, 0x6, 0xff, 0xff, 0x80, 0x0, 0x0,
    0x0, 0x0, 0xc, 0xfc, 0xcf, 0xe0, 0x0, 0x0,
    0x0, 0x0, 0x1f, 0xf7, 0x7f, 0xf3, 0x0, 0x0,
    0x0, 0x0, 0x7f, 0xf2, 0x2f, 0xf9, 0x0, 0x0,
    0x0, 0x0, 0xcf, 0xd0, 0xc, 0xfe, 0x0, 0x0,
    0x0, 0x2, 0xff, 0x70, 0x7, 0xff, 0x40, 0x0,
    0x0, 0x7, 0xff, 0x20, 0x2, 0xff, 0x90, 0x0,
    0x0, 0xd, 0xfd, 0x0, 0x0, 0xdf, 0xe0, 0x0,
    0x0, 0x2f, 0xfc, 0x66, 0x66, 0xcf, 0xf4, 0x0,
    0x0, 0x8f, 0xff, 0xff, 0xff, 0xff, 0xfa, 0x0,
    0x0, 0xdf, 0xff, 0xff, 0xff, 0xff, 0xff, 0x0,
    0x3, 0xff, 0x90, 0x0, 0x0, 0x8, 0xff, 0x50,
    0x8, 0xff, 0x30, 0x0, 0x0, 0x3, 0xff, 0xa0,
    0xd, 0xfe, 0x0, 0x0, 0x0, 0x0, 0xef, 0xf0,
    0x3f, 0xf9, 0x0, 0x0, 0x0, 0x0, 0x9f, 0xf5,

    /* U+0103 "ă" */
    0x0, 0x7f, 0x80, 0x0, 0xff, 0x0, 0x0, 0x3f,
    0xe4, 0x29, 0xfc, 0x0, 0x0, 0xb, 0xff, 0xff,
    0xf4, 0x0, 0x0, 0x0, 0x9e, 0xfc, 0x40, 0x0,
    0x0, 0x0, 0x0, 0x0, 0x0, 0x0, 0x0, 0x7,
    0xcf, 0xfe, 0xa2, 0x0, 0x0, 0xbf, 0xff, 0xff,
    0xff, 0x20, 0x7, 0xff, 0xb4, 0x39, 0xff, 0xa0,
    0x8, 0xcb, 0x0, 0x0, 0xef, 0xe0, 0x0, 0x0,
    0x0, 0x2, 0xef, 0xf0, 0x0, 0x6, 0xad, 0xff,
    0xff, 0xf0, 0x2, 0xef, 0xff, 0xda, 0xff, 0xf0,
    0xd, 0xff, 0x40, 0x0, 0xdf, 0xf0, 0x1f, 0xfb,
    0x0, 0x0, 0xff, 0xf0, 0xf, 0xfe, 0x20, 0x2b,
    0xff, 0xf0, 0xa, 0xff, 0xff, 0xfe, 0xcf, 0xf0,
    0x0, 0x8e, 0xfe, 0xa1, 0x9f, 0xf2,

    /* U+0104 "Ą" */
    0x0, 0x0, 0x0, 0xbf, 0xfd, 0x0, 0x0, 0x0,
    0x0, 0x0, 0x1, 0xff, 0xff, 0x30, 0x0, 0x0,
    0x0, 0x0, 0x6, 0xff, 0xff, 0x80, 0x0, 0x0,
    0x0, 0x0, 0xc, 0xfc, 0xcf, 0xe0, 0x0, 0x0,
    0x0, 0x0, 0x1f, 0xf7, 0x7f, 0xf3, 0x0, 0x0,
    0x0, 0x0, 0x7f, 0xf2, 0x2f, 0xf9, 0x0, 0x0,
    0x0, 0x0, 0xcf, 0xd0, 0xc, 0xfe, 0x0, 0x0,
    0x0, 0x2, 0xff, 0x70, 0x7, 0xff, 0x40, 0x0,
    0x0, 0x7, 0xff, 0x20, 0x2, 0xff, 0x90, 0x0,
    0x0, 0xd, 0xfd, 0x0, 0x0, 0xdf, 0xe0, 0x0,
    0x0, 0x2f, 0xfc, 0x66, 0x66, 0xcf, 0xf4, 0x0,
    0x0, 0x8f, 0xff, 0xff, 0xff, 0xff, 0xfa, 0x0,
    0x0, 0xdf, 0xff, 0xff, 0xff, 0xff, 0xff, 0x0,
    0x3, 0xff, 0x90, 0x0, 0x0, 0x8, 0xff, 0x50,
    0x8, 0xff, 0x30, 0x0, 0x0, 0x3, 0xff, 0xa0,
    0xd, 0xfe, 0x0, 0x0, 0x0, 0x0, 0xef, 0xf0,
    0x3f, 0xf9, 0x0, 0x0, 0x0, 0x0, 0x9f, 0xf5,
    0x0, 0x0, 0x0, 0x0, 0x0, 0x0, 0x1c, 0xd1,
    0x0, 0x0, 0x0, 0x0, 0x0, 0x0, 0xde, 0x10,
    0x0, 0x0, 0x0, 0x0, 0x0, 0x4, 0xf9, 0x0,
    0x0, 0x0, 0x0, 0x0, 0x0, 0x4, 0xfe, 0xa3,
    0x0, 0x0, 0x0, 0x0, 0x0, 0x0, 0x9f, 0xf7,

    /* U+0105 "ą" */
    0x0, 0x7, 0xcf, 0xfe, 0xa2, 0x0, 0x0, 0xcf,
    0xff, 0xff, 0xff, 0x20, 0x7, 0xff, 0xa4, 0x39,
    0xff, 0xa0, 0x7, 0xaa, 0x0, 0x0, 0xef, 0xe0,
    0x0, 0x0, 0x0, 0x13, 0xef, 0xf0, 0x0, 0x17,
    0xbe, 0xff, 0xff, 0xf0, 0x3, 0xef, 0xfe, 0xc9,
    0xef, 0xf0, 0xd, 0xff, 0x40, 0x0, 0xdf, 0xf0,
    0x1f, 0xfb, 0x0, 0x0, 0xff, 0xf0, 0xf, 0xfe,
    0x20, 0x2b, 0xff, 0xf0, 0xa, 0xff, 0xff, 0xfe,
    0xcf, 0xf0, 0x0, 0x8e, 0xfe, 0xa1, 0x9f, 0xf2,
    0x0, 0x0, 0x0, 0x0, 0x3e, 0xa0, 0x0, 0x0,
    0x0, 0x2, 0xfb, 0x0, 0x0, 0x0, 0x0, 0x8,
    0xf5, 0x0, 0x0, 0x0, 0x0, 0x8, 0xfc, 0xa1,
    0x0, 0x0, 0x0, 0x1, 0xbf, 0xe3,

    /* U+0106 "Ć" */
    0x0, 0x0, 0x0, 0x0, 0x8f, 0xfe, 0x30, 0x0,
    0x0, 0x0, 0x0, 0x2, 0xff, 0xe3, 0x0, 0x0,
    0x0, 0x0, 0x0, 0xc, 0xfe, 0x30, 0x0, 0x0,
    0x0, 0x0, 0x0, 0x2a, 0xa3, 0x0, 0x0, 0x0,
    0x0, 0x0, 0x0, 0x0, 0x0, 0x0, 0x0, 0x0,
    0x0, 0x0, 0x6, 0xbe, 0xff, 0xc7, 0x0, 0x0,
    0x0, 0x2, 0xdf, 0xff, 0xff, 0xff, 0xe3, 0x0,
    0x0, 0x2e, 0xff, 0xe9, 0x78, 0xdf, 0xff, 0x20,
    0x0, 0xdf, 0xfa, 0x0, 0x0, 0x8, 0xff, 0xc0,
    0x6, 0xff, 0xc0, 0x0, 0x0, 0x0, 0xbf, 0xf4,
    0xc, 0xff, 0x30, 0x0, 0x0, 0x0, 0x4f, 0xf8,
    0xf, 0xfe, 0x0, 0x0, 0x0, 0x0, 0x4, 0x43,
    0x2f, 0xfc, 0x0, 0x0, 0x0, 0x0, 0x0, 0x0,
    0x2f, 0xfb, 0x0, 0x0, 0x0, 0x0, 0x0, 0x0,
    0x2f, 0xfc, 0x0, 0x0, 0x0, 0x0, 0x0, 0x0,
    0xf, 0xff, 0x0, 0x0, 0x0, 0x0, 0x4, 0x43,
    0xb, 0xff, 0x40, 0x0, 0x0, 0x0, 0x4f, 0xf9,
    0x5, 0xff, 0xc0, 0x0, 0x0, 0x0, 0xbf, 0xf4,
    0x0, 0xcf, 0xfa, 0x0, 0x0, 0x8, 0xff, 0xd0,
    0x0, 0x2e, 0xff, 0xe9, 0x78, 0xdf, 0xff, 0x20,
    0x0, 0x2, 0xcf, 0xff, 0xff, 0xff, 0xe3, 0x0,
    0x0, 0x0, 0x5, 0xbe, 0xff, 0xc7, 0x0, 0x0,

    /* U+0107 "ć" */
    0x0, 0x0, 0x0, 0x9f, 0xfe, 0x20, 0x0, 0x0,
    0x3, 0xff, 0xe2, 0x0, 0x0, 0x0, 0xd, 0xfe,
    0x20, 0x0, 0x0, 0x0, 0x3a, 0x92, 0x0, 0x0,
    0x0, 0x0, 0x0, 0x0, 0x0, 0x0, 0x0, 0x4,
    0xbe, 0xfe, 0x92, 0x0, 0x0, 0x9f, 0xff, 0xff,
    0xff, 0x40, 0x6, 0xff, 0xe7, 0x59, 0xff, 0xe1,
    0xe, 0xff, 0x20, 0x0, 0x6f, 0xf6, 0x3f, 0xfa,
    0x0, 0x0, 0x4, 0x42, 0x6f, 0xf7, 0x0, 0x0,
    0x0, 0x0, 0x6f, 0xf7, 0x0, 0x0, 0x0, 0x0,
    0x3f, 0xfb, 0x0, 0x0, 0x4, 0x42, 0xe, 0xff,
    0x30, 0x0, 0x6f, 0xf6, 0x6, 0xff, 0xe7, 0x59,
    0xff, 0xe1, 0x0, 0x9f, 0xff, 0xff, 0xff, 0x30,
    0x0, 0x4, 0xbe, 0xfe, 0x91, 0x0,

    /* U+010A "Ċ" */
    0x0, 0x0, 0x0, 0xf, 0xff, 0x0, 0x0, 0x0,
    0x0, 0x0, 0x0, 0xf, 0xff, 0x0, 0x0, 0x0,
    0x0, 0x0, 0x0, 0xf, 0xff, 0x0, 0x0, 0x0,
    0x0, 0x0, 0x0, 0x3, 0x33, 0x0, 0x0, 0x0,
    0x0, 0x0, 0x0, 0x0, 0x0, 0x0, 0x0, 0x0,
    0x0, 0x0, 0x6, 0xbe, 0xff, 0xc7, 0x0, 0x0,
    0x0, 0x2, 0xdf, 0xff, 0xff, 0xff, 0xe3, 0x0,
    0x0, 0x2e, 0xff, 0xe9, 0x78, 0xdf, 0xff, 0x20,
    0x0, 0xdf, 0xfa, 0x0, 0x0, 0x8, 0xff, 0xc0,
    0x6, 0xff, 0xc0, 0x0, 0x0, 0x0, 0xbf, 0xf4,
    0xc, 0xff, 0x30, 0x0, 0x0, 0x0, 0x4f, 0xf8,
    0xf, 0xfe, 0x0, 0x0, 0x0, 0x0, 0x4, 0x43,
    0x2f, 0xfc, 0x0, 0x0, 0x0, 0x0, 0x0, 0x0,
    0x2f, 0xfb, 0x0, 0x0, 0x0, 0x0, 0x0, 0x0,
    0x2f, 0xfc, 0x0, 0x0, 0x0, 0x0, 0x0, 0x0,
    0xf, 0xff, 0x0, 0x0, 0x0, 0x0, 0x4, 0x43,
    0xb, 0xff, 0x40, 0x0, 0x0, 0x0, 0x4f, 0xf9,
    0x5, 0xff, 0xc0, 0x0, 0x0, 0x0, 0xbf, 0xf4,
    0x0, 0xcf, 0xfa, 0x0, 0x0, 0x8, 0xff, 0xd0,
    0x0, 0x2e, 0xff, 0xe9, 0x78, 0xdf, 0xff, 0x20,
    0x0, 0x2, 0xcf, 0xff, 0xff, 0xff, 0xe3, 0x0,
    0x0, 0x0, 0x5, 0xbe, 0xff, 0xc7, 0x0, 0x0,

    /* U+010B "ċ" */
    0x0, 0x0, 0x1f, 0xfe, 0x0, 0x0, 0x0, 0x0,
    0x1f, 0xfe, 0x0, 0x0, 0x0, 0x0, 0x1f, 0xfe,
    0x0, 0x0, 0x0, 0x0, 0x3, 0x33, 0x0, 0x0,
    0x0, 0x0, 0x0, 0x0, 0x0, 0x0, 0x0, 0x4,
    0xbe, 0xfe, 0x92, 0x0, 0x0, 0x9f, 0xff, 0xff,
    0xff, 0x40, 0x6, 0xff, 0xe7, 0x59, 0xff, 0xe1,
    0xe, 0xff, 0x20, 0x0, 0x6f, 0xf6, 0x3f, 0xfa,
    0x0, 0x0, 0x4, 0x42, 0x6f, 0xf7, 0x0, 0x0,
    0x0, 0x0, 0x6f, 0xf7, 0x0, 0x0, 0x0, 0x0,
    0x3f, 0xfb, 0x0, 0x0, 0x4, 0x42, 0xe, 0xff,
    0x30, 0x0, 0x6f, 0xf6, 0x6, 0xff, 0xe7, 0x59,
    0xff, 0xe1, 0x0, 0x9f, 0xff, 0xff, 0xff, 0x30,
    0x0, 0x4, 0xbe, 0xfe, 0x91, 0x0,

    /* U+010C "Č" */
    0x0, 0x0, 0x6f, 0xe2, 0x2, 0xef, 0x60, 0x0,
    0x0, 0x0, 0x9, 0xfe, 0x6e, 0xf9, 0x0, 0x0,
    0x0, 0x0, 0x0, 0xcf, 0xff, 0xc0, 0x0, 0x0,
    0x0, 0x0, 0x0, 0x18, 0x88, 0x10, 0x0, 0x0,
    0x0, 0x0, 0x0, 0x0, 0x0, 0x0, 0x0, 0x0,
    0x0, 0x0, 0x6, 0xbe, 0xff, 0xc7, 0x0, 0x0,
    0x0, 0x2, 0xdf, 0xff, 0xff, 0xff, 0xe3, 0x0,
    0x0, 0x2e, 0xff, 0xe9, 0x78, 0xdf, 0xff, 0x20,
    0x0, 0xdf, 0xfa, 0x0, 0x0, 0x8, 0xff, 0xc0,
    0x6, 0xff, 0xc0, 0x0, 0x0, 0x0, 0xbf, 0xf4,
    0xc, 0xff, 0x30, 0x0, 0x0, 0x0, 0x4f, 0xf8,
    0xf, 0xfe, 0x0, 0x0, 0x0, 0x0, 0x4, 0x43,
    0x2f, 0xfc, 0x0, 0x0, 0x0, 0x0, 0x0, 0x0,
    0x2f, 0xfb, 0x0, 0x0, 0x0, 0x0, 0x0, 0x0,
    0x2f, 0xfc, 0x0, 0x0, 0x0, 0x0, 0x0, 0x0,
    0xf, 0xff, 0x0, 0x0, 0x0, 0x0, 0x4, 0x43,
    0xb, 0xff, 0x40, 0x0, 0x0, 0x0, 0x4f, 0xf9,
    0x5, 0xff, 0xc0, 0x0, 0x0, 0x0, 0xbf, 0xf4,
    0x0, 0xcf, 0xfa, 0x0, 0x0, 0x8, 0xff, 0xd0,
    0x0, 0x2e, 0xff, 0xe9, 0x78, 0xdf, 0xff, 0x20,
    0x0, 0x2, 0xcf, 0xff, 0xff, 0xff, 0xe3, 0x0,
    0x0, 0x0, 0x5, 0xbe, 0xff, 0xc7, 0x0, 0x0,

    /* U+010D "č" */
    0x0, 0x8f, 0xd1, 0x3, 0xff, 0x50, 0x0, 0xb,
    0xfe, 0x6f, 0xf8, 0x0, 0x0, 0x1, 0xdf, 0xff,
    0xb0, 0x0, 0x0, 0x0, 0x29, 0x98, 0x10, 0x0,
    0x0, 0x0, 0x0, 0x0, 0x0, 0x0, 0x0, 0x4,
    0xbe, 0xfe, 0x91, 0x0, 0x0, 0x9f, 0xff, 0xff,
    0xfe, 0x30, 0x6, 0xff, 0xe7, 0x59, 0xff, 0xe0,
    0xe, 0xff, 0x20, 0x0, 0x7f, 0xf6, 0x3f, 0xfa,
    0x0, 0x0, 0x6, 0x63, 0x6f, 0xf7, 0x0, 0x0,
    0x0, 0x0, 0x6f, 0xf7, 0x0, 0x0, 0x0, 0x0,
    0x3f, 0xfb, 0x0, 0x0, 0x3, 0x32, 0xe, 0xff,
    0x30, 0x0, 0x6f, 0xf6, 0x6, 0xff, 0xe7, 0x59,
    0xff, 0xe1, 0x0, 0x9f, 0xff, 0xff, 0xff, 0x30,
    0x0, 0x4, 0xbe, 0xfe, 0x91, 0x0,

    /* U+010E "Ď" */
    0x0, 0x9, 0xfc, 0x10, 0x4f, 0xf4, 0x0, 0x0,
    0x0, 0xc, 0xfd, 0x6f, 0xf7, 0x0, 0x0, 0x0,
    0x0, 0x1e, 0xff, 0xf9, 0x0, 0x0, 0x0, 0x0,
    0x0, 0x28, 0x87, 0x0, 0x0, 0x0, 0x0, 0x0,
    0x0, 0x0, 0x0, 0x0, 0x0, 0xa, 0xff, 0xff,
    0xff, 0xec, 0x71, 0x0, 0x0, 0xaf, 0xff, 0xff,
    0xff, 0xff, 0xf7, 0x0, 0xa, 0xff, 0x86, 0x66,
    0x8c, 0xff, 0xf9, 0x0, 0xaf, 0xf3, 0x0, 0x0,
    0x5, 0xff, 0xf6, 0xa, 0xff, 0x30, 0x0, 0x0,
    0x4, 0xff, 0xe0, 0xaf, 0xf3, 0x0, 0x0, 0x0,
    0xb, 0xff, 0x5a, 0xff, 0x30, 0x0, 0x0, 0x0,
    0x5f, 0xf9, 0xaf, 0xf3, 0x0, 0x0, 0x0, 0x2,
    0xff, 0xca, 0xff, 0x30, 0x0, 0x0, 0x0, 0x1f,
    0xfc, 0xaf, 0xf3, 0x0, 0x0, 0x0, 0x3, 0xff,
    0xba, 0xff, 0x30, 0x0, 0x0, 0x0, 0x6f, 0xf9,
    0xaf, 0xf3, 0x0, 0x0, 0x0, 0xb, 0xff, 0x5a,
    0xff, 0x30, 0x0, 0x0, 0x5, 0xff, 0xe0, 0xaf,
    0xf3, 0x0, 0x0, 0x5, 0xff, 0xf5, 0xa, 0xff,
    0x86, 0x66, 0x8d, 0xff, 0xf8, 0x0, 0xaf, 0xff,
    0xff, 0xff, 0xff, 0xf6, 0x0, 0xa, 0xff, 0xff,
    0xff, 0xec, 0x71, 0x0, 0x0,

    /* U+010F "ď" */
    0x0, 0x0, 0x0, 0x0, 0x9, 0xff, 0x39, 0xfc,
    0x0, 0x0, 0x0, 0x0, 0x9, 0xff, 0x39, 0xfa,
    0x0, 0x0, 0x0, 0x0, 0x9, 0xff, 0x39, 0xf9,
    0x0, 0x0, 0x0, 0x0, 0x9, 0xff, 0x39, 0xf7,
    0x0, 0x0, 0x0, 0x0, 0x9, 0xff, 0x39, 0xf5,
    0x0, 0x7, 0xdf, 0xfb, 0x29, 0xff, 0x32, 0x51,
    0x0, 0xbf, 0xff, 0xff, 0xeb, 0xff, 0x30, 0x0,
    0x8, 0xff, 0xf9, 0x69, 0xff, 0xff, 0x30, 0x0,
    0xe, 0xff, 0x40, 0x0, 0x4f, 0xff, 0x30, 0x0,
    0x3f, 0xfc, 0x0, 0x0, 0xc, 0xff, 0x30, 0x0,
    0x5f, 0xf9, 0x0, 0x0, 0x9, 0xff, 0x30, 0x0,
    0x5f, 0xf9, 0x0, 0x0, 0x9, 0xff, 0x30, 0x0,
    0x3f, 0xfc, 0x0, 0x0, 0xc, 0xff, 0x30, 0x0,
    0xf, 0xff, 0x40, 0x0, 0x4f, 0xff, 0x30, 0x0,
    0x8, 0xff, 0xf9, 0x68, 0xff, 0xff, 0x30, 0x0,
    0x0, 0xcf, 0xff, 0xff, 0xea, 0xff, 0x30, 0x0,
    0x0, 0x8, 0xdf, 0xea, 0x28, 0xff, 0x30, 0x0,

    /* U+0110 "Đ" */
    0x5, 0xff, 0xff, 0xff, 0xfd, 0x93, 0x0, 0x0,
    0x0, 0x5f, 0xff, 0xff, 0xff, 0xff, 0xfa, 0x10,
    0x0, 0x5, 0xff, 0xb6, 0x66, 0x7b, 0xff, 0xfd,
    0x10, 0x0, 0x5f, 0xf8, 0x0, 0x0, 0x2, 0xdf,
    0xfb, 0x0, 0x5, 0xff, 0x80, 0x0, 0x0, 0x1,
    0xef, 0xf4, 0x0, 0x5f, 0xf8, 0x0, 0x0, 0x0,
    0x6, 0xff, 0xa0, 0x5, 0xff, 0x80, 0x0, 0x0,
    0x0, 0x1f, 0xfe, 0x5, 0x9f, 0xfb, 0x66, 0x63,
    0x0, 0x0, 0xef, 0xf0, 0xdf, 0xff, 0xff, 0xff,
    0x90, 0x0, 0xd, 0xff, 0x1d, 0xff, 0xff, 0xff,
    0xf9, 0x0, 0x0, 0xef, 0xf0, 0x5, 0xff, 0x80,
    0x0, 0x0, 0x0, 0x1f, 0xfe, 0x0, 0x5f, 0xf8,
    0x0, 0x0, 0x0, 0x7, 0xff, 0x90, 0x5, 0xff,
    0x80, 0x0, 0x0, 0x1, 0xef, 0xf3, 0x0, 0x5f,
    0xf8, 0x0, 0x0, 0x2, 0xdf, 0xfa, 0x0, 0x5,
    0xff, 0xb6, 0x66, 0x7b, 0xff, 0xfc, 0x0, 0x0,
    0x5f, 0xff, 0xff, 0xff, 0xff, 0xf9, 0x0, 0x0,
    0x5, 0xff, 0xff, 0xff, 0xfd, 0x92, 0x0, 0x0,
    0x0,

    /* U+0111 "đ" */
    0x0, 0x0, 0x0, 0x0, 0x9, 0xff, 0x30, 0x0,
    0x0, 0x6, 0xff, 0xff, 0xff, 0xf9, 0x0, 0x0,
    0x7, 0xff, 0xff, 0xff, 0xfa, 0x0, 0x0, 0x0,
    0x0, 0x9, 0xff, 0x30, 0x0, 0x0, 0x0, 0x0,
    0x9, 0xff, 0x30, 0x0, 0x7, 0xdf, 0xfb, 0x29,
    0xff, 0x30, 0x0, 0xbf, 0xff, 0xff, 0xeb, 0xff,
    0x30, 0x8, 0xff, 0xf9, 0x69, 0xff, 0xff, 0x30,
    0xe, 0xff, 0x40, 0x0, 0x4f, 0xff, 0x30, 0x3f,
    0xfc, 0x0, 0x0, 0xc, 0xff, 0x30, 0x5f, 0xf9,
    0x0, 0x0, 0x9, 0xff, 0x30, 0x5f, 0xf9, 0x0,
    0x0, 0x9, 0xff, 0x30, 0x3f, 0xfc, 0x0, 0x0,
    0xc, 0xff, 0x30, 0xf, 0xff, 0x40, 0x0, 0x4f,
    0xff, 0x30, 0x8, 0xff, 0xf9, 0x68, 0xff, 0xff,
    0x30, 0x0, 0xcf, 0xff, 0xff, 0xea, 0xff, 0x30,
    0x0, 0x8, 0xdf, 0xea, 0x28, 0xff, 0x30,

    /* U+0112 "Ē" */
    0x0, 0x11, 0x11, 0x11, 0x11, 0x0, 0x0, 0xcf,
    0xff, 0xff, 0xff, 0x20, 0x0, 0xcf, 0xff, 0xff,
    0xff, 0x20, 0x0, 0x0, 0x0, 0x0, 0x0, 0x0,
    0x0, 0x0, 0x0, 0x0, 0x0, 0x0, 0xaf, 0xff,
    0xff, 0xff, 0xff, 0xf8, 0xaf, 0xff, 0xff, 0xff,
    0xff, 0xf8, 0xaf, 0xf8, 0x66, 0x66, 0x66, 0x63,
    0xaf, 0xf3, 0x0, 0x0, 0x0, 0x0, 0xaf, 0xf3,
    0x0, 0x0, 0x0, 0x0, 0xaf, 0xf3, 0x0, 0x0,
    0x0, 0x0, 0xaf, 0xf3, 0x0, 0x0, 0x0, 0x0,
    0xaf, 0xff, 0xff, 0xff, 0xff, 0xf0, 0xaf, 0xff,
    0xff, 0xff, 0xff, 0xf0, 0xaf, 0xf7, 0x55, 0x55,
    0x55, 0x50, 0xaf, 0xf3, 0x0, 0x0, 0x0, 0x0,
    0xaf, 0xf3, 0x0, 0x0, 0x0, 0x0, 0xaf, 0xf3,
    0x0, 0x0, 0x0, 0x0, 0xaf, 0xf3, 0x0, 0x0,
    0x0, 0x0, 0xaf, 0xf8, 0x66, 0x66, 0x66, 0x64,
    0xaf, 0xff, 0xff, 0xff, 0xff, 0xfc, 0xaf, 0xff,
    0xff, 0xff, 0xff, 0xfc,

    /* U+0113 "ē" */
    0x0, 0x7f, 0xff, 0xff, 0xff, 0x70, 0x0, 0x7f,
    0xff, 0xff, 0xff, 0x70, 0x0, 0x2, 0x22, 0x22,
    0x22, 0x0, 0x0, 0x0, 0x0, 0x0, 0x0, 0x0,
    0x0, 0x0, 0x0, 0x0, 0x0, 0x0, 0x0, 0x4,
    0xbe, 0xfe, 0xa3, 0x0, 0x0, 0x9f, 0xff, 0xff,
    0xff, 0x50, 0x6, 0xff, 0xd5, 0x36, 0xef, 0xf2,
    0xe, 0xfe, 0x10, 0x0, 0x4f, 0xf9, 0x3f, 0xf9,
    0x0, 0x0, 0xe, 0xfd, 0x6f, 0xff, 0xff, 0xff,
    0xff, 0xff, 0x6f, 0xff, 0xff, 0xff, 0xff, 0xfe,
    0x3f, 0xf8, 0x0, 0x0, 0x0, 0x0, 0xe, 0xfe,
    0x10, 0x0, 0x8, 0x84, 0x6, 0xff, 0xd5, 0x35,
    0xcf, 0xf3, 0x0, 0x8f, 0xff, 0xff, 0xff, 0x60,
    0x0, 0x4, 0xbe, 0xfe, 0xb3, 0x0,

    /* U+0116 "Ė" */
    0x0, 0x0, 0x5f, 0xfb, 0x0, 0x0, 0x0, 0x0,
    0x5f, 0xfb, 0x0, 0x0, 0x0, 0x0, 0x5f, 0xfb,
    0x0, 0x0, 0x0, 0x0, 0x13, 0x32, 0x0, 0x0,
    0x0, 0x0, 0x0, 0x0, 0x0, 0x0, 0xaf, 0xff,
    0xff, 0xff, 0xff, 0xf8, 0xaf, 0xff, 0xff, 0xff,
    0xff, 0xf8, 0xaf, 0xf8, 0x66, 0x66, 0x66, 0x63,
    0xaf, 0xf3, 0x0, 0x0, 0x0, 0x0, 0xaf, 0xf3,
    0x0, 0x0, 0x0, 0x0, 0xaf, 0xf3, 0x0, 0x0,
    0x0, 0x0, 0xaf, 0xf3, 0x0, 0x0, 0x0, 0x0,
    0xaf, 0xff, 0xff, 0xff, 0xff, 0xf0, 0xaf, 0xff,
    0xff, 0xff, 0xff, 0xf0, 0xaf, 0xf7, 0x55, 0x55,
    0x55, 0x50, 0xaf, 0xf3, 0x0, 0x0, 0x0, 0x0,
    0xaf, 0xf3, 0x0, 0x0, 0x0, 0x0, 0xaf, 0xf3,
    0x0, 0x0, 0x0, 0x0, 0xaf, 0xf3, 0x0, 0x0,
    0x0, 0x0, 0xaf, 0xf8, 0x66, 0x66, 0x66, 0x64,
    0xaf, 0xff, 0xff, 0xff, 0xff, 0xfc, 0xaf, 0xff,
    0xff, 0xff, 0xff, 0xfc,

    /* U+0117 "ė" */
    0x0, 0x0, 0xf, 0xff, 0x0, 0x0, 0x0, 0x0,
    0xf, 0xff, 0x0, 0x0, 0x0, 0x0, 0xf, 0xff,
    0x0, 0x0, 0x0, 0x0, 0x3, 0x33, 0x0, 0x0,
    0x0, 0x0, 0x0, 0x0, 0x0, 0x0, 0x0, 0x4,
    0xbe, 0xfe, 0xa3, 0x0, 0x0, 0x9f, 0xff, 0xff,
    0xff, 0x50, 0x6, 0xff, 0xd5, 0x36, 0xef, 0xf2,
    0xe, 0xfe, 0x10, 0x0, 0x4f, 0xf9, 0x3f, 0xf9,
    0x0, 0x0, 0xe, 0xfd, 0x6f, 0xff, 0xff, 0xff,
    0xff, 0xff, 0x6f, 0xff, 0xff, 0xff, 0xff, 0xfe,
    0x3f, 0xf8, 0x0, 0x0, 0x0, 0x0, 0xe, 0xfe,
    0x10, 0x0, 0x8, 0x84, 0x6, 0xff, 0xd5, 0x35,
    0xcf, 0xf3, 0x0, 0x8f, 0xff, 0xff, 0xff, 0x60,
    0x0, 0x4, 0xbe, 0xfe, 0xb3, 0x0,

    /* U+0118 "Ę" */
    0xaf, 0xff, 0xff, 0xff, 0xff, 0xf8, 0xaf, 0xff,
    0xff, 0xff, 0xff, 0xf8, 0xaf, 0xf8, 0x66, 0x66,
    0x66, 0x63, 0xaf, 0xf3, 0x0, 0x0, 0x0, 0x0,
    0xaf, 0xf3, 0x0, 0x0, 0x0, 0x0, 0xaf, 0xf3,
    0x0, 0x0, 0x0, 0x0, 0xaf, 0xf3, 0x0, 0x0,
    0x0, 0x0, 0xaf, 0xff, 0xff, 0xff, 0xff, 0xf0,
    0xaf, 0xff, 0xff, 0xff, 0xff, 0xf0, 0xaf, 0xf7,
    0x55, 0x55, 0x55, 0x50, 0xaf, 0xf3, 0x0, 0x0,
    0x0, 0x0, 0xaf, 0xf3, 0x0, 0x0, 0x0, 0x0,
    0xaf, 0xf3, 0x0, 0x0, 0x0, 0x0, 0xaf, 0xf3,
    0x0, 0x0, 0x0, 0x0, 0xaf, 0xf8, 0x66, 0x66,
    0x66, 0x64, 0xaf, 0xff, 0xff, 0xff, 0xff, 0xfc,
    0xaf, 0xff, 0xff, 0xff, 0xff, 0xfc, 0x0, 0x0,
    0x0, 0x0, 0x7f, 0x60, 0x0, 0x0, 0x0, 0x6,
    0xf7, 0x0, 0x0, 0x0, 0x0, 0xd, 0xf0, 0x0,
    0x0, 0x0, 0x0, 0xd, 0xfa, 0x80, 0x0, 0x0,
    0x0, 0x4, 0xdf, 0xd0,

    /* U+0119 "ę" */
    0x0, 0x4, 0xbe, 0xfe, 0xa3, 0x0, 0x0, 0x9f,
    0xff, 0xff, 0xff, 0x50, 0x6, 0xff, 0xd5, 0x36,
    0xef, 0xf2, 0xe, 0xfe, 0x10, 0x0, 0x4f, 0xf9,
    0x3f, 0xf8, 0x0, 0x0, 0xe, 0xfd, 0x6f, 0xff,
    0xff, 0xff, 0xff, 0xff, 0x6f, 0xff, 0xff, 0xff,
    0xff, 0xfe, 0x3f, 0xf9, 0x0, 0x0, 0x0, 0x0,
    0xe, 0xfe, 0x10, 0x0, 0x7, 0x74, 0x6, 0xff,
    0xd5, 0x35, 0xcf, 0xf3, 0x0, 0x8f, 0xff, 0xff,
    0xff, 0x60, 0x0, 0x4, 0xbe, 0xff, 0xf4, 0x0,
    0x0, 0x0, 0x0, 0x9f, 0x40, 0x0, 0x0, 0x0,
    0x3, 0xfa, 0x0, 0x0, 0x0, 0x0, 0x7, 0xf7,
    0x0, 0x0, 0x0, 0x0, 0x5, 0xfd, 0xb2, 0x0,
    0x0, 0x0, 0x0, 0xaf, 0xe5, 0x0,

    /* U+011A "Ě" */
    0x0, 0xbf, 0xb0, 0x6, 0xff, 0x20, 0x0, 0x1d,
    0xfb, 0x7f, 0xf4, 0x0, 0x0, 0x2, 0xff, 0xff,
    0x70, 0x0, 0x0, 0x0, 0x38, 0x86, 0x0, 0x0,
    0x0, 0x0, 0x0, 0x0, 0x0, 0x0, 0xaf, 0xff,
    0xff, 0xff, 0xff, 0xf8, 0xaf, 0xff, 0xff, 0xff,
    0xff, 0xf8, 0xaf, 0xf8, 0x66, 0x66, 0x66, 0x63,
    0xaf, 0xf3, 0x0, 0x0, 0x0, 0x0, 0xaf, 0xf3,
    0x0, 0x0, 0x0, 0x0, 0xaf, 0xf3, 0x0, 0x0,
    0x0, 0x0, 0xaf, 0xf3, 0x0, 0x0, 0x0, 0x0,
    0xaf, 0xff, 0xff, 0xff, 0xff, 0xf0, 0xaf, 0xff,
    0xff, 0xff, 0xff, 0xf0, 0xaf, 0xf7, 0x55, 0x55,
    0x55, 0x50, 0xaf, 0xf3, 0x0, 0x0, 0x0, 0x0,
    0xaf, 0xf3, 0x0, 0x0, 0x0, 0x0, 0xaf, 0xf3,
    0x0, 0x0, 0x0, 0x0, 0xaf, 0xf3, 0x0, 0x0,
    0x0, 0x0, 0xaf, 0xf8, 0x66, 0x66, 0x66, 0x64,
    0xaf, 0xff, 0xff, 0xff, 0xff, 0xfc, 0xaf, 0xff,
    0xff, 0xff, 0xff, 0xfc,

    /* U+011B "ě" */
    0x0, 0x7f, 0xe2, 0x2, 0xef, 0x70, 0x0, 0xa,
    0xfe, 0x6e, 0xfa, 0x0, 0x0, 0x0, 0xcf, 0xff,
    0xc0, 0x0, 0x0, 0x0, 0x19, 0x99, 0x10, 0x0,
    0x0, 0x0, 0x0, 0x0, 0x0, 0x0, 0x0, 0x4,
    0xbe, 0xfe, 0xa3, 0x0, 0x0, 0x9f, 0xff, 0xff,
    0xff, 0x50, 0x6, 0xff, 0xd5, 0x36, 0xef, 0xf2,
    0xe, 0xfe, 0x10, 0x0, 0x4f, 0xf9, 0x3f, 0xf9,
    0x0, 0x0, 0xe, 0xfd, 0x6f, 0xff, 0xff, 0xff,
    0xff, 0xff, 0x6f, 0xff, 0xff, 0xff, 0xff, 0xfe,
    0x3f, 0xf8, 0x0, 0x0, 0x0, 0x0, 0xe, 0xfe,
    0x10, 0x0, 0x8, 0x84, 0x6, 0xff, 0xd5, 0x35,
    0xcf, 0xf3, 0x0, 0x8f, 0xff, 0xff, 0xff, 0x60,
    0x0, 0x4, 0xbe, 0xfe, 0xb3, 0x0,

    /* U+011E "Ğ" */
    0x0, 0x0, 0x1f, 0xd0, 0x0, 0xaf, 0x50, 0x0,
    0x0, 0x0, 0xe, 0xf7, 0x25, 0xff, 0x20, 0x0,
    0x0, 0x0, 0x5, 0xff, 0xff, 0xf9, 0x0, 0x0,
    0x0, 0x0, 0x0, 0x5d, 0xfe, 0x70, 0x0, 0x0,
    0x0, 0x0, 0x0, 0x0, 0x0, 0x0, 0x0, 0x0,
    0x0, 0x0, 0x6, 0xbe, 0xff, 0xc8, 0x10, 0x0,
    0x0, 0x2, 0xdf, 0xff, 0xff, 0xff, 0xf5, 0x0,
    0x0, 0x2e, 0xff, 0xe9, 0x78, 0xcf, 0xff, 0x50,
    0x0, 0xdf, 0xfa, 0x0, 0x0, 0x5, 0xff, 0xf1,
    0x5, 0xff, 0xc0, 0x0, 0x0, 0x0, 0x9f, 0xf6,
    0xc, 0xff, 0x40, 0x0, 0x0, 0x0, 0x28, 0x84,
    0xf, 0xfe, 0x0, 0x0, 0x0, 0x0, 0x0, 0x0,
    0x2f, 0xfc, 0x0, 0x0, 0x5, 0x55, 0x55, 0x54,
    0x2f, 0xfb, 0x0, 0x0, 0xe, 0xff, 0xff, 0xfb,
    0x2f, 0xfc, 0x0, 0x0, 0xe, 0xff, 0xff, 0xfb,
    0xf, 0xfe, 0x0, 0x0, 0x0, 0x0, 0x2f, 0xfb,
    0xc, 0xff, 0x30, 0x0, 0x0, 0x0, 0x2f, 0xfb,
    0x6, 0xff, 0xc0, 0x0, 0x0, 0x0, 0x2f, 0xfb,
    0x0, 0xdf, 0xfa, 0x0, 0x0, 0x0, 0x7f, 0xfb,
    0x0, 0x3f, 0xff, 0xe9, 0x77, 0x8d, 0xff, 0xf7,
    0x0, 0x3, 0xdf, 0xff, 0xff, 0xff, 0xfe, 0x50,
    0x0, 0x0, 0x5, 0xbe, 0xff, 0xeb, 0x60, 0x0,

    /* U+011F "ğ" */
    0x0, 0x3f, 0xb0, 0x0, 0xcf, 0x30, 0x0, 0x0,
    0xff, 0x61, 0x6f, 0xf0, 0x0, 0x0, 0x8, 0xff,
    0xff, 0xf7, 0x0, 0x0, 0x0, 0x7, 0xdf, 0xd6,
    0x0, 0x0, 0x0, 0x0, 0x0, 0x0, 0x0, 0x0,
    0x0, 0x0, 0x7d, 0xff, 0xb2, 0x8f, 0xf3, 0x0,
    0xbf, 0xff, 0xff, 0xe9, 0xff, 0x30, 0x7f, 0xff,
    0x85, 0x8f, 0xff, 0xf3, 0xe, 0xff, 0x30, 0x0,
    0x3f, 0xff, 0x33, 0xff, 0xc0, 0x0, 0x0, 0xcf,
    0xf3, 0x5f, 0xf9, 0x0, 0x0, 0x9, 0xff, 0x35,
    0xff, 0x90, 0x0, 0x0, 0x9f, 0xf3, 0x3f, 0xfc,
    0x0, 0x0, 0xc, 0xff, 0x30, 0xff, 0xf3, 0x0,
    0x3, 0xff, 0xf3, 0x8, 0xff, 0xf8, 0x58, 0xff,
    0xff, 0x30, 0xc, 0xff, 0xff, 0xfe, 0xaf, 0xf3,
    0x0, 0x8, 0xdf, 0xea, 0x19, 0xff, 0x20, 0x0,
    0x0, 0x0, 0x0, 0xbf, 0xf1, 0x9, 0xba, 0x0,
    0x0, 0x3f, 0xfe, 0x0, 0x8f, 0xfd, 0x98, 0xaf,
    0xff, 0x60, 0x0, 0xcf, 0xff, 0xff, 0xff, 0x90,
    0x0, 0x0, 0x6c, 0xff, 0xeb, 0x50, 0x0,

    /* U+0120 "Ġ" */
    0x0, 0x0, 0x0, 0xe, 0xff, 0x20, 0x0, 0x0,
    0x0, 0x0, 0x0, 0xe, 0xff, 0x20, 0x0, 0x0,
    0x0, 0x0, 0x0, 0xe, 0xff, 0x20, 0x0, 0x0,
    0x0, 0x0, 0x0, 0x2, 0x33, 0x0, 0x0, 0x0,
    0x0, 0x0, 0x0, 0x0, 0x0, 0x0, 0x0, 0x0,
    0x0, 0x0, 0x6, 0xbe, 0xff, 0xc8, 0x10, 0x0,
    0x0, 0x2, 0xdf, 0xff, 0xff, 0xff, 0xf5, 0x0,
    0x0, 0x2e, 0xff, 0xe9, 0x78, 0xcf, 0xff, 0x50,
    0x0, 0xdf, 0xfa, 0x0, 0x0, 0x5, 0xff, 0xf1,
    0x5, 0xff, 0xc0, 0x0, 0x0, 0x0, 0x9f, 0xf6,
    0xc, 0xff, 0x40, 0x0, 0x0, 0x0, 0x28, 0x84,
    0xf, 0xfe, 0x0, 0x0, 0x0, 0x0, 0x0, 0x0,
    0x2f, 0xfc, 0x0, 0x0, 0x5, 0x55, 0x55, 0x54,
    0x2f, 0xfb, 0x0, 0x0, 0xe, 0xff, 0xff, 0xfb,
    0x2f, 0xfc, 0x0, 0x0, 0xe, 0xff, 0xff, 0xfb,
    0xf, 0xfe, 0x0, 0x0, 0x0, 0x0, 0x2f, 0xfb,
    0xc, 0xff, 0x30, 0x0, 0x0, 0x0, 0x2f, 0xfb,
    0x6, 0xff, 0xc0, 0x0, 0x0, 0x0, 0x2f, 0xfb,
    0x0, 0xdf, 0xfa, 0x0, 0x0, 0x0, 0x7f, 0xfb,
    0x0, 0x3f, 0xff, 0xe9, 0x77, 0x8d, 0xff, 0xf7,
    0x0, 0x3, 0xdf, 0xff, 0xff, 0xff, 0xfe, 0x50,
    0x0, 0x0, 0x5, 0xbe, 0xff, 0xeb, 0x60, 0x0,

    /* U+0121 "ġ" */
    0x0, 0x0, 0xf, 0xff, 0x0, 0x0, 0x0, 0x0,
    0x0, 0xff, 0xf0, 0x0, 0x0, 0x0, 0x0, 0xf,
    0xff, 0x0, 0x0, 0x0, 0x0, 0x0, 0x33, 0x30,
    0x0, 0x0, 0x0, 0x0, 0x0, 0x0, 0x0, 0x0,
    0x0, 0x0, 0x7d, 0xff, 0xb2, 0x8f, 0xf3, 0x0,
    0xbf, 0xff, 0xff, 0xe9, 0xff, 0x30, 0x7f, 0xff,
    0x85, 0x8f, 0xff, 0xf3, 0xe, 0xff, 0x30, 0x0,
    0x3f, 0xff, 0x33, 0xff, 0xc0, 0x0, 0x0, 0xcf,
    0xf3, 0x5f, 0xf9, 0x0, 0x0, 0x9, 0xff, 0x35,
    0xff, 0x90, 0x0, 0x0, 0x9f, 0xf3, 0x3f, 0xfc,
    0x0, 0x0, 0xc, 0xff, 0x30, 0xff, 0xf3, 0x0,
    0x3, 0xff, 0xf3, 0x8, 0xff, 0xf8, 0x58, 0xff,
    0xff, 0x30, 0xc, 0xff, 0xff, 0xfe, 0xaf, 0xf3,
    0x0, 0x8, 0xdf, 0xea, 0x19, 0xff, 0x20, 0x0,
    0x0, 0x0, 0x0, 0xbf, 0xf1, 0x9, 0xba, 0x0,
    0x0, 0x3f, 0xfe, 0x0, 0x8f, 0xfd, 0x98, 0xaf,
    0xff, 0x60, 0x0, 0xcf, 0xff, 0xff, 0xff, 0x90,
    0x0, 0x0, 0x6c, 0xff, 0xeb, 0x50, 0x0,

    /* U+0122 "Ģ" */
    0x0, 0x0, 0x6, 0xbe, 0xff, 0xc7, 0x0, 0x0,
    0x0, 0x2, 0xdf, 0xff, 0xff, 0xff, 0xe3, 0x0,
    0x0, 0x2e, 0xff, 0xe9, 0x78, 0xdf, 0xff, 0x30,
    0x0, 0xdf, 0xfa, 0x0, 0x0, 0x8, 0xff, 0xd0,
    0x5, 0xff, 0xc0, 0x0, 0x0, 0x0, 0xbf, 0xf4,
    0xc, 0xff, 0x40, 0x0, 0x0, 0x0, 0x5f, 0xf8,
    0xf, 0xfe, 0x0, 0x0, 0x0, 0x0, 0x1, 0x10,
    0x2f, 0xfc, 0x0, 0x0, 0x0, 0x0, 0x0, 0x0,
    0x2f, 0xfb, 0x0, 0x0, 0x5, 0x55, 0x55, 0x54,
    0x2f, 0xfc, 0x0, 0x0, 0xe, 0xff, 0xff, 0xfb,
    0xf, 0xfe, 0x0, 0x0, 0xe, 0xff, 0xff, 0xfb,
    0xc, 0xff, 0x30, 0x0, 0x0, 0x0, 0x2f, 0xfb,
    0x6, 0xff, 0xc0, 0x0, 0x0, 0x0, 0x2f, 0xfb,
    0x0, 0xdf, 0xfa, 0x0, 0x0, 0x0, 0x4f, 0xfb,
    0x0, 0x3f, 0xff, 0xe9, 0x76, 0x8c, 0xff, 0xf7,
    0x0, 0x3, 0xdf, 0xff, 0xff, 0xff, 0xfe, 0x60,
    0x0, 0x0, 0x5, 0xbe, 0xff, 0xeb, 0x60, 0x0,
    0x0, 0x0, 0x0, 0x0, 0x0, 0x0, 0x0, 0x0,
    0x0, 0x0, 0x0, 0x0, 0x0, 0x0, 0x0, 0x0,
    0x0, 0x0, 0x0, 0xd, 0xff, 0x10, 0x0, 0x0,
    0x0, 0x0, 0x0, 0xe, 0xff, 0x20, 0x0, 0x0,
    0x0, 0x0, 0x0, 0xe, 0xff, 0x10, 0x0, 0x0,
    0x0, 0x0, 0x0, 0x0, 0x7f, 0x0, 0x0, 0x0,
    0x0, 0x0, 0x0, 0x6, 0xf9, 0x0, 0x0, 0x0,
    0x0, 0x0, 0x0, 0xd, 0x90, 0x0, 0x0, 0x0,
    0x0, 0x0, 0x0, 0x0, 0x0, 0x0, 0x0, 0x0,

    /* U+0123 "ģ" */
    0x0, 0x0, 0x0, 0x0, 0x0, 0x0, 0x0, 0x0,
    0x0, 0x8, 0xe0, 0x0, 0x0, 0x0, 0x0, 0x8,
    0xf7, 0x0, 0x0, 0x0, 0x0, 0x0, 0xe9, 0x0,
    0x0, 0x0, 0x0, 0x0, 0xf, 0xff, 0x0, 0x0,
    0x0, 0x0, 0x0, 0xff, 0xf0, 0x0, 0x0, 0x0,
    0x0, 0xf, 0xfe, 0x0, 0x0, 0x0, 0x0, 0x0,
    0x0, 0x0, 0x0, 0x0, 0x0, 0x0, 0x0, 0x0,
    0x0, 0x0, 0x0, 0x0, 0x7d, 0xff, 0xb2, 0x8f,
    0xf3, 0x0, 0xbf, 0xff, 0xff, 0xe9, 0xff, 0x30,
    0x7f, 0xff, 0x85, 0x8f, 0xff, 0xf3, 0xe, 0xff,
    0x30, 0x0, 0x3f, 0xff, 0x33, 0xff, 0xc0, 0x0,
    0x0, 0xcf, 0xf3, 0x5f, 0xf9, 0x0, 0x0, 0x9,
    0xff, 0x35, 0xff, 0x90, 0x0, 0x0, 0x9f, 0xf3,
    0x3f, 0xfc, 0x0, 0x0, 0xc, 0xff, 0x30, 0xff,
    0xf3, 0x0, 0x3, 0xff, 0xf3, 0x8, 0xff, 0xf8,
    0x58, 0xff, 0xff, 0x30, 0xc, 0xff, 0xff, 0xfe,
    0xaf, 0xf3, 0x0, 0x8, 0xdf, 0xea, 0x19, 0xff,
    0x20, 0x0, 0x0, 0x0, 0x0, 0xbf, 0xf1, 0x9,
    0xba, 0x0, 0x0, 0x3f, 0xfe, 0x0, 0x8f, 0xfd,
    0x98, 0xaf, 0xff, 0x60, 0x0, 0xcf, 0xff, 0xff,
    0xff, 0x90, 0x0, 0x0, 0x6c, 0xff, 0xeb, 0x50,
    0x0,

    /* U+0126 "Ħ" */
    0x6, 0xff, 0x70, 0x0, 0x0, 0x0, 0xff, 0xd0,
    0x0, 0x6f, 0xf7, 0x0, 0x0, 0x0, 0xf, 0xfd,
    0x0, 0x5a, 0xff, 0xa6, 0x66, 0x66, 0x66, 0xff,
    0xe6, 0x1d, 0xff, 0xff, 0xff, 0xff, 0xff, 0xff,
    0xff, 0xf4, 0xdf, 0xff, 0xff, 0xff, 0xff, 0xff,
    0xff, 0xff, 0x40, 0x6f, 0xf7, 0x0, 0x0, 0x0,
    0xf, 0xfd, 0x0, 0x6, 0xff, 0x70, 0x0, 0x0,
    0x0, 0xff, 0xd0, 0x0, 0x6f, 0xff, 0xff, 0xff,
    0xff, 0xff, 0xfd, 0x0, 0x6, 0xff, 0xff, 0xff,
    0xff, 0xff, 0xff, 0xd0, 0x0, 0x6f, 0xfa, 0x55,
    0x55, 0x55, 0x5f, 0xfd, 0x0, 0x6, 0xff, 0x70,
    0x0, 0x0, 0x0, 0xff, 0xd0, 0x0, 0x6f, 0xf7,
    0x0, 0x0, 0x0, 0xf, 0xfd, 0x0, 0x6, 0xff,
    0x70, 0x0, 0x0, 0x0, 0xff, 0xd0, 0x0, 0x6f,
    0xf7, 0x0, 0x0, 0x0, 0xf, 0xfd, 0x0, 0x6,
    0xff, 0x70, 0x0, 0x0, 0x0, 0xff, 0xd0, 0x0,
    0x6f, 0xf7, 0x0, 0x0, 0x0, 0xf, 0xfd, 0x0,
    0x6, 0xff, 0x70, 0x0, 0x0, 0x0, 0xff, 0xd0,
    0x0,

    /* U+0127 "ħ" */
    0x8, 0xff, 0x40, 0x0, 0x0, 0x0, 0x0, 0x8f,
    0xf4, 0x0, 0x0, 0x0, 0x0, 0xff, 0xff, 0xff,
    0xff, 0x20, 0x0, 0xf, 0xff, 0xff, 0xff, 0xf1,
    0x0, 0x0, 0x8, 0xff, 0x40, 0x0, 0x0, 0x0,
    0x0, 0x8f, 0xf4, 0x2a, 0xef, 0xd6, 0x0, 0x8,
    0xff, 0x7f, 0xff, 0xff, 0xf6, 0x0, 0x8f, 0xff,
    0xe7, 0x6b, 0xff, 0xe0, 0x8, 0xff, 0xd1, 0x0,
    0xd, 0xff, 0x10, 0x8f, 0xf6, 0x0, 0x0, 0xaf,
    0xf2, 0x8, 0xff, 0x40, 0x0, 0xa, 0xff, 0x20,
    0x8f, 0xf4, 0x0, 0x0, 0xaf, 0xf2, 0x8, 0xff,
    0x40, 0x0, 0xa, 0xff, 0x20, 0x8f, 0xf4, 0x0,
    0x0, 0xaf, 0xf2, 0x8, 0xff, 0x40, 0x0, 0xa,
    0xff, 0x20, 0x8f, 0xf4, 0x0, 0x0, 0xaf, 0xf2,
    0x8, 0xff, 0x40, 0x0, 0xa, 0xff, 0x20,

    /* U+012A "Ī" */
    0x1, 0x11, 0x11, 0x11, 0x12, 0xff, 0xff, 0xff,
    0xfc, 0x2f, 0xff, 0xff, 0xff, 0xc0, 0x0, 0x0,
    0x0, 0x0, 0x0, 0x0, 0x0, 0x0, 0x0, 0x0,
    0xaf, 0xf3, 0x0, 0x0, 0xa, 0xff, 0x30, 0x0,
    0x0, 0xaf, 0xf3, 0x0, 0x0, 0xa, 0xff, 0x30,
    0x0, 0x0, 0xaf, 0xf3, 0x0, 0x0, 0xa, 0xff,
    0x30, 0x0, 0x0, 0xaf, 0xf3, 0x0, 0x0, 0xa,
    0xff, 0x30, 0x0, 0x0, 0xaf, 0xf3, 0x0, 0x0,
    0xa, 0xff, 0x30, 0x0, 0x0, 0xaf, 0xf3, 0x0,
    0x0, 0xa, 0xff, 0x30, 0x0, 0x0, 0xaf, 0xf3,
    0x0, 0x0, 0xa, 0xff, 0x30, 0x0, 0x0, 0xaf,
    0xf3, 0x0, 0x0, 0xa, 0xff, 0x30, 0x0, 0x0,
    0xaf, 0xf3, 0x0,

    /* U+012B "ī" */
    0x1f, 0xff, 0xff, 0xff, 0xd1, 0xff, 0xff, 0xff,
    0xfd, 0x2, 0x22, 0x22, 0x22, 0x10, 0x0, 0x0,
    0x0, 0x0, 0x0, 0x0, 0x0, 0x0, 0x0, 0x0,
    0x8f, 0xf4, 0x0, 0x0, 0x8, 0xff, 0x40, 0x0,
    0x0, 0x8f, 0xf4, 0x0, 0x0, 0x8, 0xff, 0x40,
    0x0, 0x0, 0x8f, 0xf4, 0x0, 0x0, 0x8, 0xff,
    0x40, 0x0, 0x0, 0x8f, 0xf4, 0x0, 0x0, 0x8,
    0xff, 0x40, 0x0, 0x0, 0x8f, 0xf4, 0x0, 0x0,
    0x8, 0xff, 0x40, 0x0, 0x0, 0x8f, 0xf4, 0x0,
    0x0, 0x8, 0xff, 0x40, 0x0,

    /* U+012E "Į" */
    0x0, 0xaf, 0xf3, 0x0, 0xaf, 0xf3, 0x0, 0xaf,
    0xf3, 0x0, 0xaf, 0xf3, 0x0, 0xaf, 0xf3, 0x0,
    0xaf, 0xf3, 0x0, 0xaf, 0xf3, 0x0, 0xaf, 0xf3,
    0x0, 0xaf, 0xf3, 0x0, 0xaf, 0xf3, 0x0, 0xaf,
    0xf3, 0x0, 0xaf, 0xf3, 0x0, 0xaf, 0xf3, 0x0,
    0xaf, 0xf3, 0x0, 0xaf, 0xf3, 0x0, 0xaf, 0xf3,
    0x0, 0xaf, 0xf3, 0x0, 0x9f, 0x40, 0x9, 0xf4,
    0x0, 0xf, 0xd0, 0x0, 0xf, 0xfa, 0x70, 0x6,
    0xef, 0xb0,

    /* U+012F "į" */
    0xa, 0xff, 0x50, 0xaf, 0xf5, 0xa, 0xff, 0x50,
    0x23, 0x31, 0x0, 0x0, 0x0, 0x8f, 0xf4, 0x8,
    0xff, 0x40, 0x8f, 0xf4, 0x8, 0xff, 0x40, 0x8f,
    0xf4, 0x8, 0xff, 0x40, 0x8f, 0xf4, 0x8, 0xff,
    0x40, 0x8f, 0xf4, 0x8, 0xff, 0x40, 0x8f, 0xf4,
    0x8, 0xff, 0x40, 0x3e, 0xa0, 0x2f, 0xb0, 0x8,
    0xf5, 0x0, 0x8f, 0xca, 0x1, 0xcf, 0xe3,

    /* U+0130 "İ" */
    0xbf, 0xf4, 0xbf, 0xf4, 0xbf, 0xf4, 0x23, 0x30,
    0x0, 0x0, 0xaf, 0xf3, 0xaf, 0xf3, 0xaf, 0xf3,
    0xaf, 0xf3, 0xaf, 0xf3, 0xaf, 0xf3, 0xaf, 0xf3,
    0xaf, 0xf3, 0xaf, 0xf3, 0xaf, 0xf3, 0xaf, 0xf3,
    0xaf, 0xf3, 0xaf, 0xf3, 0xaf, 0xf3, 0xaf, 0xf3,
    0xaf, 0xf3, 0xaf, 0xf3,

    /* U+0131 "ı" */
    0x8f, 0xf4, 0x8f, 0xf4, 0x8f, 0xf4, 0x8f, 0xf4,
    0x8f, 0xf4, 0x8f, 0xf4, 0x8f, 0xf4, 0x8f, 0xf4,
    0x8f, 0xf4, 0x8f, 0xf4, 0x8f, 0xf4, 0x8f, 0xf4,

    /* U+0132 "Ĳ" */
    0xaf, 0xf3, 0x0, 0x0, 0x2, 0xff, 0xba, 0xff,
    0x30, 0x0, 0x0, 0x2f, 0xfb, 0xaf, 0xf3, 0x0,
    0x0, 0x2, 0xff, 0xba, 0xff, 0x30, 0x0, 0x0,
    0x2f, 0xfb, 0xaf, 0xf3, 0x0, 0x0, 0x2, 0xff,
    0xba, 0xff, 0x30, 0x0, 0x0, 0x2f, 0xfb, 0xaf,
    0xf3, 0x0, 0x0, 0x2, 0xff, 0xba, 0xff, 0x30,
    0x0, 0x0, 0x2f, 0xfb, 0xaf, 0xf3, 0x0, 0x0,
    0x2, 0xff, 0xba, 0xff, 0x30, 0x0, 0x0, 0x2f,
    0xfb, 0xaf, 0xf3, 0x0, 0x0, 0x2, 0xff, 0xba,
    0xff, 0x30, 0x0, 0x0, 0x2f, 0xfb, 0xaf, 0xf3,
    0x0, 0x0, 0x2, 0xff, 0xaa, 0xff, 0x30, 0x0,
    0x0, 0x5f, 0xf9, 0xaf, 0xf3, 0x16, 0x33, 0x6e,
    0xff, 0x5a, 0xff, 0x32, 0xff, 0xff, 0xff, 0xb0,
    0xaf, 0xf3, 0x1e, 0xff, 0xfc, 0x60, 0x0,

    /* U+0133 "ĳ" */
    0xaf, 0xf5, 0x2, 0xff, 0xea, 0xff, 0x50, 0x2f,
    0xfe, 0xaf, 0xf5, 0x2, 0xff, 0xe2, 0x33, 0x10,
    0x3, 0x33, 0x0, 0x0, 0x0, 0x0, 0x8, 0xff,
    0x40, 0xf, 0xfc, 0x8f, 0xf4, 0x0, 0xff, 0xc8,
    0xff, 0x40, 0xf, 0xfc, 0x8f, 0xf4, 0x0, 0xff,
    0xc8, 0xff, 0x40, 0xf, 0xfc, 0x8f, 0xf4, 0x0,
    0xff, 0xc8, 0xff, 0x40, 0xf, 0xfc, 0x8f, 0xf4,
    0x0, 0xff, 0xc8, 0xff, 0x40, 0xf, 0xfc, 0x8f,
    0xf4, 0x0, 0xff, 0xc8, 0xff, 0x40, 0xf, 0xfc,
    0x8f, 0xf4, 0x0, 0xff, 0xc0, 0x0, 0x0, 0xf,
    0xfc, 0x0, 0x0, 0x0, 0xff, 0xc0, 0x0, 0x15,
    0x9f, 0xfa, 0x0, 0x3, 0xff, 0xff, 0x40, 0x0,
    0x2f, 0xfd, 0x50,

    /* U+0136 "Ķ" */
    0xaf, 0xf3, 0x0, 0x0, 0x8, 0xff, 0xf4, 0xa,
    0xff, 0x30, 0x0, 0x7, 0xff, 0xf5, 0x0, 0xaf,
    0xf3, 0x0, 0x6, 0xff, 0xf5, 0x0, 0xa, 0xff,
    0x30, 0x5, 0xff, 0xf6, 0x0, 0x0, 0xaf, 0xf3,
    0x4, 0xff, 0xf6, 0x0, 0x0, 0xa, 0xff, 0x34,
    0xff, 0xf6, 0x0, 0x0, 0x0, 0xaf, 0xf6, 0xff,
    0xf6, 0x0, 0x0, 0x0, 0xa, 0xff, 0xff, 0xf7,
    0x0, 0x0, 0x0, 0x0, 0xaf, 0xfb, 0xaa, 0x20,
    0x0, 0x0, 0x0, 0xa, 0xff, 0xcf, 0xfe, 0x20,
    0x0, 0x0, 0x0, 0xaf, 0xf3, 0xaf, 0xfe, 0x10,
    0x0, 0x0, 0xa, 0xff, 0x30, 0xbf, 0xfd, 0x10,
    0x0, 0x0, 0xaf, 0xf3, 0x0, 0xcf, 0xfd, 0x10,
    0x0, 0xa, 0xff, 0x30, 0x1, 0xdf, 0xfc, 0x10,
    0x0, 0xaf, 0xf3, 0x0, 0x1, 0xef, 0xfc, 0x0,
    0xa, 0xff, 0x30, 0x0, 0x2, 0xef, 0xfb, 0x0,
    0xaf, 0xf3, 0x0, 0x0, 0x3, 0xff, 0xfb, 0x0,
    0x0, 0x0, 0x0, 0x0, 0x0, 0x0, 0x0, 0x0,
    0x0, 0x0, 0x0, 0x0, 0x0, 0x0, 0x0, 0x0,
    0x0, 0x8f, 0xf6, 0x0, 0x0, 0x0, 0x0, 0x0,
    0x9, 0xff, 0x70, 0x0, 0x0, 0x0, 0x0, 0x0,
    0x9f, 0xf6, 0x0, 0x0, 0x0, 0x0, 0x0, 0x0,
    0x2f, 0x40, 0x0, 0x0, 0x0, 0x0, 0x0, 0x3c,
    0xe0, 0x0, 0x0, 0x0, 0x0, 0x0, 0x8, 0xb2,
    0x0, 0x0, 0x0, 0x0, 0x0, 0x0, 0x0, 0x0,
    0x0, 0x0, 0x0,

    /* U+0137 "ķ" */
    0x8f, 0xf4, 0x0, 0x0, 0x0, 0x0, 0x8f, 0xf4,
    0x0, 0x0, 0x0, 0x0, 0x8f, 0xf4, 0x0, 0x0,
    0x0, 0x0, 0x8f, 0xf4, 0x0, 0x0, 0x0, 0x0,
    0x8f, 0xf4, 0x0, 0x0, 0x0, 0x0, 0x8f, 0xf4,
    0x0, 0xd, 0xff, 0x70, 0x8f, 0xf4, 0x0, 0xbf,
    0xf8, 0x0, 0x8f, 0xf4, 0x9, 0xff, 0xa0, 0x0,
    0x8f, 0xf4, 0x7f, 0xfb, 0x0, 0x0, 0x8f, 0xf8,
    0xff, 0xc0, 0x0, 0x0, 0x8f, 0xff, 0xfe, 0x10,
    0x0, 0x0, 0x8f, 0xfe, 0xff, 0x70, 0x0, 0x0,
    0x8f, 0xf5, 0xef, 0xf4, 0x0, 0x0, 0x8f, 0xf4,
    0x3f, 0xff, 0x30, 0x0, 0x8f, 0xf4, 0x5, 0xff,
    0xe1, 0x0, 0x8f, 0xf4, 0x0, 0x8f, 0xfc, 0x0,
    0x8f, 0xf4, 0x0, 0xa, 0xff, 0xb0, 0x0, 0x0,
    0x0, 0x0, 0x0, 0x0, 0x0, 0x0, 0x0, 0x0,
    0x0, 0x0, 0x0, 0x3, 0xff, 0xb0, 0x0, 0x0,
    0x0, 0x3, 0xff, 0xc0, 0x0, 0x0, 0x0, 0x3,
    0xff, 0xc0, 0x0, 0x0, 0x0, 0x0, 0xd, 0xa0,
    0x0, 0x0, 0x0, 0x1, 0x9f, 0x40, 0x0, 0x0,
    0x0, 0x3, 0xd5, 0x0, 0x0, 0x0, 0x0, 0x0,
    0x0, 0x0, 0x0, 0x0,

    /* U+0139 "Ĺ" */
    0x0, 0x3f, 0xff, 0x60, 0x0, 0x0, 0x0, 0xd,
    0xff, 0x60, 0x0, 0x0, 0x0, 0x7, 0xff, 0x60,
    0x0, 0x0, 0x0, 0x0, 0x9a, 0x60, 0x0, 0x0,
    0x0, 0x0, 0x0, 0x0, 0x0, 0x0, 0x0, 0x0,
    0x0, 0xaf, 0xf3, 0x0, 0x0, 0x0, 0x0, 0xa,
    0xff, 0x30, 0x0, 0x0, 0x0, 0x0, 0xaf, 0xf3,
    0x0, 0x0, 0x0, 0x0, 0xa, 0xff, 0x30, 0x0,
    0x0, 0x0, 0x0, 0xaf, 0xf3, 0x0, 0x0, 0x0,
    0x0, 0xa, 0xff, 0x30, 0x0, 0x0, 0x0, 0x0,
    0xaf, 0xf3, 0x0, 0x0, 0x0, 0x0, 0xa, 0xff,
    0x30, 0x0, 0x0, 0x0, 0x0, 0xaf, 0xf3, 0x0,
    0x0, 0x0, 0x0, 0xa, 0xff, 0x30, 0x0, 0x0,
    0x0, 0x0, 0xaf, 0xf3, 0x0, 0x0, 0x0, 0x0,
    0xa, 0xff, 0x30, 0x0, 0x0, 0x0, 0x0, 0xaf,
    0xf3, 0x0, 0x0, 0x0, 0x0, 0xa, 0xff, 0x30,
    0x0, 0x0, 0x0, 0x0, 0xaf, 0xf8, 0x66, 0x66,
    0x66, 0x60, 0xa, 0xff, 0xff, 0xff, 0xff, 0xff,
    0x0, 0xaf, 0xff, 0xff, 0xff, 0xff, 0xf0,

    /* U+013A "ĺ" */
    0x0, 0x2f, 0xff, 0x70, 0xc, 0xff, 0x70, 0x6,
    0xff, 0x70, 0x0, 0x9a, 0x60, 0x0, 0x0, 0x0,
    0x0, 0x0, 0x8f, 0xf4, 0x0, 0x8, 0xff, 0x40,
    0x0, 0x8f, 0xf4, 0x0, 0x8, 0xff, 0x40, 0x0,
    0x8f, 0xf4, 0x0, 0x8, 0xff, 0x40, 0x0, 0x8f,
    0xf4, 0x0, 0x8, 0xff, 0x40, 0x0, 0x8f, 0xf4,
    0x0, 0x8, 0xff, 0x40, 0x0, 0x8f, 0xf4, 0x0,
    0x8, 0xff, 0x40, 0x0, 0x8f, 0xf4, 0x0, 0x8,
    0xff, 0x40, 0x0, 0x8f, 0xf4, 0x0, 0x8, 0xff,
    0x40, 0x0, 0x8f, 0xf4, 0x0,

    /* U+013B "Ļ" */
    0xaf, 0xf3, 0x0, 0x0, 0x0, 0x0, 0xaf, 0xf3,
    0x0, 0x0, 0x0, 0x0, 0xaf, 0xf3, 0x0, 0x0,
    0x0, 0x0, 0xaf, 0xf3, 0x0, 0x0, 0x0, 0x0,
    0xaf, 0xf3, 0x0, 0x0, 0x0, 0x0, 0xaf, 0xf3,
    0x0, 0x0, 0x0, 0x0, 0xaf, 0xf3, 0x0, 0x0,
    0x0, 0x0, 0xaf, 0xf3, 0x0, 0x0, 0x0, 0x0,
    0xaf, 0xf3, 0x0, 0x0, 0x0, 0x0, 0xaf, 0xf3,
    0x0, 0x0, 0x0, 0x0, 0xaf, 0xf3, 0x0, 0x0,
    0x0, 0x0, 0xaf, 0xf3, 0x0, 0x0, 0x0, 0x0,
    0xaf, 0xf3, 0x0, 0x0, 0x0, 0x0, 0xaf, 0xf3,
    0x0, 0x0, 0x0, 0x0, 0xaf, 0xf8, 0x66, 0x66,
    0x66, 0x60, 0xaf, 0xff, 0xff, 0xff, 0xff, 0xf0,
    0xaf, 0xff, 0xff, 0xff, 0xff, 0xf0, 0x0, 0x0,
    0x0, 0x0, 0x0, 0x0, 0x0, 0x0, 0x0, 0x0,
    0x0, 0x0, 0x0, 0x0, 0x7f, 0xf8, 0x0, 0x0,
    0x0, 0x0, 0x7f, 0xf8, 0x0, 0x0, 0x0, 0x0,
    0x7f, 0xf8, 0x0, 0x0, 0x0, 0x0, 0x1, 0xf6,
    0x0, 0x0, 0x0, 0x0, 0x2c, 0xe1, 0x0, 0x0,
    0x0, 0x0, 0x7c, 0x30, 0x0, 0x0, 0x0, 0x0,
    0x0, 0x0, 0x0, 0x0,

    /* U+013C "ļ" */
    0x8f, 0xf4, 0x8f, 0xf4, 0x8f, 0xf4, 0x8f, 0xf4,
    0x8f, 0xf4, 0x8f, 0xf4, 0x8f, 0xf4, 0x8f, 0xf4,
    0x8f, 0xf4, 0x8f, 0xf4, 0x8f, 0xf4, 0x8f, 0xf4,
    0x8f, 0xf4, 0x8f, 0xf4, 0x8f, 0xf4, 0x8f, 0xf4,
    0x8f, 0xf4, 0x0, 0x0, 0x0, 0x0, 0x9f, 0xf5,
    0xaf, 0xf5, 0xaf, 0xf5, 0x4, 0xf3, 0x4d, 0xd0,
    0xab, 0x10, 0x0, 0x0,

    /* U+013D "Ľ" */
    0xaf, 0xf3, 0x0, 0xd, 0xf7, 0x0, 0xaf, 0xf3,
    0x0, 0xd, 0xf5, 0x0, 0xaf, 0xf3, 0x0, 0xd,
    0xf4, 0x0, 0xaf, 0xf3, 0x0, 0xd, 0xf2, 0x0,
    0xaf, 0xf3, 0x0, 0xd, 0xf0, 0x0, 0xaf, 0xf3,
    0x0, 0x4, 0x40, 0x0, 0xaf, 0xf3, 0x0, 0x0,
    0x0, 0x0, 0xaf, 0xf3, 0x0, 0x0, 0x0, 0x0,
    0xaf, 0xf3, 0x0, 0x0, 0x0, 0x0, 0xaf, 0xf3,
    0x0, 0x0, 0x0, 0x0, 0xaf, 0xf3, 0x0, 0x0,
    0x0, 0x0, 0xaf, 0xf3, 0x0, 0x0, 0x0, 0x0,
    0xaf, 0xf3, 0x0, 0x0, 0x0, 0x0, 0xaf, 0xf3,
    0x0, 0x0, 0x0, 0x0, 0xaf, 0xf8, 0x66, 0x66,
    0x66, 0x60, 0xaf, 0xff, 0xff, 0xff, 0xff, 0xf0,
    0xaf, 0xff, 0xff, 0xff, 0xff, 0xf0,

    /* U+013E "ľ" */
    0x8f, 0xf4, 0x8f, 0xd8, 0xff, 0x48, 0xfb, 0x8f,
    0xf4, 0x8f, 0xa8, 0xff, 0x48, 0xf8, 0x8f, 0xf4,
    0x8f, 0x68, 0xff, 0x42, 0x51, 0x8f, 0xf4, 0x0,
    0x8, 0xff, 0x40, 0x0, 0x8f, 0xf4, 0x0, 0x8,
    0xff, 0x40, 0x0, 0x8f, 0xf4, 0x0, 0x8, 0xff,
    0x40, 0x0, 0x8f, 0xf4, 0x0, 0x8, 0xff, 0x40,
    0x0, 0x8f, 0xf4, 0x0, 0x8, 0xff, 0x40, 0x0,
    0x8f, 0xf4, 0x0, 0x0,

    /* U+0141 "Ł" */
    0x7, 0xff, 0x60, 0x0, 0x0, 0x0, 0x0, 0x7f,
    0xf6, 0x0, 0x0, 0x0, 0x0, 0x7, 0xff, 0x60,
    0x0, 0x0, 0x0, 0x0, 0x7f, 0xf6, 0x0, 0x0,
    0x0, 0x0, 0x7, 0xff, 0x60, 0x0, 0x0, 0x0,
    0x0, 0x7f, 0xf6, 0x29, 0xa0, 0x0, 0x0, 0x7,
    0xff, 0xef, 0xfa, 0x0, 0x0, 0x0, 0x8f, 0xff,
    0xf9, 0x20, 0x0, 0x0, 0xcf, 0xff, 0xa1, 0x0,
    0x0, 0x0, 0xf, 0xff, 0xf6, 0x0, 0x0, 0x0,
    0x0, 0x78, 0xff, 0x60, 0x0, 0x0, 0x0, 0x0,
    0x7f, 0xf6, 0x0, 0x0, 0x0, 0x0, 0x7, 0xff,
    0x60, 0x0, 0x0, 0x0, 0x0, 0x7f, 0xf6, 0x0,
    0x0, 0x0, 0x0, 0x7, 0xff, 0xa6, 0x66, 0x66,
    0x66, 0x10, 0x7f, 0xff, 0xff, 0xff, 0xff, 0xf2,
    0x7, 0xff, 0xff, 0xff, 0xff, 0xff, 0x20,

    /* U+0142 "ł" */
    0x2, 0xff, 0xa0, 0x0, 0x2f, 0xfa, 0x0, 0x2,
    0xff, 0xa0, 0x0, 0x2f, 0xfa, 0x0, 0x2, 0xff,
    0xa0, 0x0, 0x2f, 0xfa, 0x11, 0x2, 0xff, 0xef,
    0x50, 0x4f, 0xff, 0xe3, 0xaf, 0xff, 0xb0, 0xd,
    0xef, 0xfa, 0x0, 0x43, 0xff, 0xa0, 0x0, 0x2f,
    0xfa, 0x0, 0x2, 0xff, 0xa0, 0x0, 0x2f, 0xfa,
    0x0, 0x2, 0xff, 0xa0, 0x0, 0x2f, 0xfa, 0x0,
    0x2, 0xff, 0xa0, 0x0,

    /* U+0143 "Ń" */
    0x0, 0x0, 0x0, 0x1e, 0xff, 0x90, 0x0, 0x0,
    0x0, 0x0, 0xaf, 0xf9, 0x0, 0x0, 0x0, 0x0,
    0x4, 0xff, 0x90, 0x0, 0x0, 0x0, 0x0, 0x8,
    0xa7, 0x0, 0x0, 0x0, 0x0, 0x0, 0x0, 0x0,
    0x0, 0x0, 0x0, 0xaf, 0xff, 0x20, 0x0, 0x0,
    0x3f, 0xf9, 0xaf, 0xff, 0xb0, 0x0, 0x0, 0x3f,
    0xf9, 0xaf, 0xff, 0xf3, 0x0, 0x0, 0x3f, 0xf9,
    0xaf, 0xff, 0xfb, 0x0, 0x0, 0x3f, 0xf9, 0xaf,
    0xf9, 0xff, 0x40, 0x0, 0x3f, 0xf9, 0xaf, 0xf3,
    0xef, 0xc0, 0x0, 0x3f, 0xf9, 0xaf, 0xf2, 0x6f,
    0xf4, 0x0, 0x3f, 0xf9, 0xaf, 0xf2, 0xe, 0xfd,
    0x0, 0x3f, 0xf9, 0xaf, 0xf2, 0x6, 0xff, 0x50,
    0x3f, 0xf9, 0xaf, 0xf2, 0x0, 0xdf, 0xd0, 0x3f,
    0xf9, 0xaf, 0xf2, 0x0, 0x5f, 0xf6, 0x3f, 0xf9,
    0xaf, 0xf2, 0x0, 0xd, 0xfe, 0x3f, 0xf9, 0xaf,
    0xf2, 0x0, 0x4, 0xff, 0x9f, 0xf9, 0xaf, 0xf2,
    0x0, 0x0, 0xcf, 0xff, 0xf9, 0xaf, 0xf2, 0x0,
    0x0, 0x4f, 0xff, 0xf9, 0xaf, 0xf2, 0x0, 0x0,
    0xb, 0xff, 0xf9, 0xaf, 0xf2, 0x0, 0x0, 0x3,
    0xff, 0xf9,

    /* U+0144 "ń" */
    0x0, 0x0, 0x0, 0xbf, 0xfd, 0x10, 0x0, 0x0,
    0x5, 0xff, 0xd1, 0x0, 0x0, 0x0, 0x1e, 0xfd,
    0x10, 0x0, 0x0, 0x0, 0x5a, 0x91, 0x0, 0x0,
    0x0, 0x0, 0x0, 0x0, 0x0, 0x0, 0x8f, 0xf3,
    0x2a, 0xef, 0xd6, 0x0, 0x8f, 0xf6, 0xff, 0xff,
    0xff, 0x60, 0x8f, 0xff, 0xb4, 0x28, 0xff, 0xe0,
    0x8f, 0xfc, 0x0, 0x0, 0xcf, 0xf1, 0x8f, 0xf6,
    0x0, 0x0, 0xaf, 0xf2, 0x8f, 0xf4, 0x0, 0x0,
    0xaf, 0xf2, 0x8f, 0xf4, 0x0, 0x0, 0xaf, 0xf2,
    0x8f, 0xf4, 0x0, 0x0, 0xaf, 0xf2, 0x8f, 0xf4,
    0x0, 0x0, 0xaf, 0xf2, 0x8f, 0xf4, 0x0, 0x0,
    0xaf, 0xf2, 0x8f, 0xf4, 0x0, 0x0, 0xaf, 0xf2,
    0x8f, 0xf4, 0x0, 0x0, 0xaf, 0xf2,

    /* U+0145 "Ņ" */
    0xaf, 0xff, 0x20, 0x0, 0x0, 0x3f, 0xf9, 0xaf,
    0xff, 0xb0, 0x0, 0x0, 0x3f, 0xf9, 0xaf, 0xff,
    0xf3, 0x0, 0x0, 0x3f, 0xf9, 0xaf, 0xff, 0xfb,
    0x0, 0x0, 0x3f, 0xf9, 0xaf, 0xf9, 0xff, 0x40,
    0x0, 0x3f, 0xf9, 0xaf, 0xf3, 0xef, 0xc0, 0x0,
    0x3f, 0xf9, 0xaf, 0xf2, 0x6f, 0xf4, 0x0, 0x3f,
    0xf9, 0xaf, 0xf2, 0xe, 0xfd, 0x0, 0x3f, 0xf9,
    0xaf, 0xf2, 0x6, 0xff, 0x50, 0x3f, 0xf9, 0xaf,
    0xf2, 0x0, 0xdf, 0xd0, 0x3f, 0xf9, 0xaf, 0xf2,
    0x0, 0x5f, 0xf6, 0x3f, 0xf9, 0xaf, 0xf2, 0x0,
    0xd, 0xfe, 0x3f, 0xf9, 0xaf, 0xf2, 0x0, 0x4,
    0xff, 0x9f, 0xf9, 0xaf, 0xf2, 0x0, 0x0, 0xcf,
    0xff, 0xf9, 0xaf, 0xf2, 0x0, 0x0, 0x4f, 0xff,
    0xf9, 0xaf, 0xf2, 0x0, 0x0, 0xb, 0xff, 0xf9,
    0xaf, 0xf2, 0x0, 0x0, 0x3, 0xff, 0xf9, 0x0,
    0x0, 0x0, 0x0, 0x0, 0x0, 0x0, 0x0, 0x0,
    0x0, 0x0, 0x0, 0x0, 0x0, 0x0, 0x0, 0x8,
    0xff, 0x70, 0x0, 0x0, 0x0, 0x0, 0x8, 0xff,
    0x70, 0x0, 0x0, 0x0, 0x0, 0x8, 0xff, 0x70,
    0x0, 0x0, 0x0, 0x0, 0x0, 0x2f, 0x50, 0x0,
    0x0, 0x0, 0x0, 0x3, 0xce, 0x0, 0x0, 0x0,
    0x0, 0x0, 0x8, 0xc2, 0x0, 0x0, 0x0, 0x0,
    0x0, 0x0, 0x0, 0x0, 0x0, 0x0,

    /* U+0146 "ņ" */
    0x8f, 0xf3, 0x2a, 0xef, 0xd6, 0x0, 0x8f, 0xf6,
    0xff, 0xff, 0xff, 0x60, 0x8f, 0xff, 0xb4, 0x28,
    0xff, 0xe0, 0x8f, 0xfc, 0x0, 0x0, 0xcf, 0xf1,
    0x8f, 0xf6, 0x0, 0x0, 0xaf, 0xf2, 0x8f, 0xf4,
    0x0, 0x0, 0xaf, 0xf2, 0x8f, 0xf4, 0x0, 0x0,
    0xaf, 0xf2, 0x8f, 0xf4, 0x0, 0x0, 0xaf, 0xf2,
    0x8f, 0xf4, 0x0, 0x0, 0xaf, 0xf2, 0x8f, 0xf4,
    0x0, 0x0, 0xaf, 0xf2, 0x8f, 0xf4, 0x0, 0x0,
    0xaf, 0xf2, 0x8f, 0xf4, 0x0, 0x0, 0xaf, 0xf2,
    0x0, 0x0, 0x0, 0x0, 0x0, 0x0, 0x0, 0x0,
    0x0, 0x0, 0x0, 0x0, 0x0, 0x0, 0x8f, 0xf7,
    0x0, 0x0, 0x0, 0x0, 0x8f, 0xf7, 0x0, 0x0,
    0x0, 0x0, 0x8f, 0xf7, 0x0, 0x0, 0x0, 0x0,
    0x2, 0xf5, 0x0, 0x0, 0x0, 0x0, 0x3c, 0xe0,
    0x0, 0x0, 0x0, 0x0, 0x8c, 0x20, 0x0, 0x0,
    0x0, 0x0, 0x0, 0x0, 0x0, 0x0,

    /* U+0147 "Ň" */
    0x0, 0x1e, 0xf8, 0x0, 0x9f, 0xd1, 0x0, 0x0,
    0x2, 0xff, 0x9a, 0xfe, 0x20, 0x0, 0x0, 0x0,
    0x5f, 0xff, 0xf4, 0x0, 0x0, 0x0, 0x0, 0x5,
    0x88, 0x50, 0x0, 0x0, 0x0, 0x0, 0x0, 0x0,
    0x0, 0x0, 0x0, 0xaf, 0xff, 0x20, 0x0, 0x0,
    0x3f, 0xf9, 0xaf, 0xff, 0xb0, 0x0, 0x0, 0x3f,
    0xf9, 0xaf, 0xff, 0xf3, 0x0, 0x0, 0x3f, 0xf9,
    0xaf, 0xff, 0xfb, 0x0, 0x0, 0x3f, 0xf9, 0xaf,
    0xf9, 0xff, 0x40, 0x0, 0x3f, 0xf9, 0xaf, 0xf3,
    0xef, 0xc0, 0x0, 0x3f, 0xf9, 0xaf, 0xf2, 0x6f,
    0xf4, 0x0, 0x3f, 0xf9, 0xaf, 0xf2, 0xe, 0xfd,
    0x0, 0x3f, 0xf9, 0xaf, 0xf2, 0x6, 0xff, 0x50,
    0x3f, 0xf9, 0xaf, 0xf2, 0x0, 0xdf, 0xd0, 0x3f,
    0xf9, 0xaf, 0xf2, 0x0, 0x5f, 0xf6, 0x3f, 0xf9,
    0xaf, 0xf2, 0x0, 0xd, 0xfe, 0x3f, 0xf9, 0xaf,
    0xf2, 0x0, 0x4, 0xff, 0x9f, 0xf9, 0xaf, 0xf2,
    0x0, 0x0, 0xcf, 0xff, 0xf9, 0xaf, 0xf2, 0x0,
    0x0, 0x4f, 0xff, 0xf9, 0xaf, 0xf2, 0x0, 0x0,
    0xb, 0xff, 0xf9, 0xaf, 0xf2, 0x0, 0x0, 0x3,
    0xff, 0xf9,

    /* U+0148 "ň" */
    0x0, 0xaf, 0xc1, 0x5, 0xff, 0x30, 0x0, 0xc,
    0xfd, 0x8f, 0xf5, 0x0, 0x0, 0x1, 0xdf, 0xff,
    0x70, 0x0, 0x0, 0x0, 0x26, 0x65, 0x0, 0x0,
    0x0, 0x0, 0x0, 0x0, 0x0, 0x0, 0x8f, 0xf3,
    0x2a, 0xef, 0xd6, 0x0, 0x8f, 0xf6, 0xff, 0xff,
    0xff, 0x60, 0x8f, 0xff, 0xb4, 0x28, 0xff, 0xe0,
    0x8f, 0xfc, 0x0, 0x0, 0xcf, 0xf1, 0x8f, 0xf6,
    0x0, 0x0, 0xaf, 0xf2, 0x8f, 0xf4, 0x0, 0x0,
    0xaf, 0xf2, 0x8f, 0xf4, 0x0, 0x0, 0xaf, 0xf2,
    0x8f, 0xf4, 0x0, 0x0, 0xaf, 0xf2, 0x8f, 0xf4,
    0x0, 0x0, 0xaf, 0xf2, 0x8f, 0xf4, 0x0, 0x0,
    0xaf, 0xf2, 0x8f, 0xf4, 0x0, 0x0, 0xaf, 0xf2,
    0x8f, 0xf4, 0x0, 0x0, 0xaf, 0xf2,

    /* U+014A "Ŋ" */
    0xbf, 0xff, 0x20, 0x0, 0x0, 0x3f, 0xf8, 0xbf,
    0xff, 0xb0, 0x0, 0x0, 0x3f, 0xf8, 0xbf, 0xff,
    0xf4, 0x0, 0x0, 0x3f, 0xf8, 0xbf, 0xff, 0xfd,
    0x0, 0x0, 0x3f, 0xf8, 0xbf, 0xf8, 0xff, 0x70,
    0x0, 0x3f, 0xf8, 0xbf, 0xf1, 0xdf, 0xf1, 0x0,
    0x3f, 0xf8, 0xbf, 0xf1, 0x5f, 0xfa, 0x0, 0x3f,
    0xf8, 0xbf, 0xf1, 0xb, 0xff, 0x30, 0x3f, 0xf8,
    0xbf, 0xf1, 0x2, 0xff, 0xc0, 0x3f, 0xf8, 0xbf,
    0xf1, 0x0, 0x9f, 0xf5, 0x3f, 0xf8, 0xbf, 0xf1,
    0x0, 0x1e, 0xfe, 0x4f, 0xf8, 0xbf, 0xf1, 0x0,
    0x6, 0xff, 0xcf, 0xf8, 0xbf, 0xf1, 0x0, 0x0,
    0xdf, 0xff, 0xf8, 0xbf, 0xf1, 0x0, 0x0, 0x3f,
    0xff, 0xf8, 0xbf, 0xf1, 0x0, 0x0, 0xa, 0xff,
    0xf8, 0xbf, 0xf1, 0x0, 0x0, 0x1, 0xff, 0xf8,
    0xbf, 0xf1, 0x0, 0x0, 0x0, 0x8f, 0xf9, 0x0,
    0x0, 0x0, 0x0, 0x0, 0x4f, 0xf8, 0x0, 0x0,
    0x0, 0x0, 0x0, 0x5f, 0xf8, 0x0, 0x0, 0x0,
    0x1, 0x77, 0xdf, 0xf6, 0x0, 0x0, 0x0, 0x1,
    0xff, 0xff, 0xe0, 0x0, 0x0, 0x0, 0x1, 0xef,
    0xfb, 0x20,

    /* U+014B "ŋ" */
    0x8f, 0xf3, 0x2a, 0xef, 0xd6, 0x0, 0x8f, 0xf6,
    0xff, 0xff, 0xff, 0x60, 0x8f, 0xff, 0xe7, 0x6b,
    0xff, 0xe0, 0x8f, 0xfd, 0x10, 0x0, 0xdf, 0xf1,
    0x8f, 0xf6, 0x0, 0x0, 0xaf, 0xf2, 0x8f, 0xf4,
    0x0, 0x0, 0xaf, 0xf2, 0x8f, 0xf4, 0x0, 0x0,
    0xaf, 0xf2, 0x8f, 0xf4, 0x0, 0x0, 0xaf, 0xf2,
    0x8f, 0xf4, 0x0, 0x0, 0xaf, 0xf2, 0x8f, 0xf4,
    0x0, 0x0, 0xaf, 0xf2, 0x8f, 0xf4, 0x0, 0x0,
    0xaf, 0xf2, 0x8f, 0xf4, 0x0, 0x0, 0xaf, 0xf2,
    0x0, 0x0, 0x0, 0x0, 0xaf, 0xf2, 0x0, 0x0,
    0x0, 0x0, 0xaf, 0xf2, 0x0, 0x0, 0x0, 0x46,
    0xff, 0xf0, 0x0, 0x0, 0x0, 0xdf, 0xff, 0xa0,
    0x0, 0x0, 0x0, 0xbf, 0xe9, 0x0,

    /* U+014C "Ō" */
    0x0, 0x0, 0x3f, 0xff, 0xff, 0xff, 0xb0, 0x0,
    0x0, 0x0, 0x3, 0xff, 0xff, 0xff, 0xfb, 0x0,
    0x0, 0x0, 0x0, 0x1, 0x11, 0x11, 0x11, 0x10,
    0x0, 0x0, 0x0, 0x0, 0x0, 0x0, 0x0, 0x0,
    0x0, 0x0, 0x0, 0x0, 0x0, 0x0, 0x0, 0x0,
    0x0, 0x0, 0x0, 0x0, 0x0, 0x5b, 0xef, 0xfd,
    0x82, 0x0, 0x0, 0x0, 0x2, 0xdf, 0xff, 0xff,
    0xff, 0xf7, 0x0, 0x0, 0x2, 0xef, 0xfe, 0x97,
    0x8c, 0xff, 0xf8, 0x0, 0x0, 0xdf, 0xfa, 0x0,
    0x0, 0x4, 0xff, 0xf5, 0x0, 0x6f, 0xfc, 0x0,
    0x0, 0x0, 0x5, 0xff, 0xd0, 0xc, 0xff, 0x30,
    0x0, 0x0, 0x0, 0xc, 0xff, 0x30, 0xff, 0xe0,
    0x0, 0x0, 0x0, 0x0, 0x7f, 0xf7, 0x2f, 0xfc,
    0x0, 0x0, 0x0, 0x0, 0x4, 0xff, 0x92, 0xff,
    0xb0, 0x0, 0x0, 0x0, 0x0, 0x4f, 0xfa, 0x2f,
    0xfc, 0x0, 0x0, 0x0, 0x0, 0x5, 0xff, 0x90,
    0xff, 0xf0, 0x0, 0x0, 0x0, 0x0, 0x8f, 0xf7,
    0xb, 0xff, 0x40, 0x0, 0x0, 0x0, 0xd, 0xff,
    0x30, 0x5f, 0xfd, 0x0, 0x0, 0x0, 0x6, 0xff,
    0xc0, 0x0, 0xcf, 0xfb, 0x10, 0x0, 0x5, 0xff,
    0xf4, 0x0, 0x2, 0xef, 0xfe, 0x97, 0x8c, 0xff,
    0xf7, 0x0, 0x0, 0x2, 0xcf, 0xff, 0xff, 0xff,
    0xf6, 0x0, 0x0, 0x0, 0x0, 0x5b, 0xef, 0xfc,
    0x81, 0x0, 0x0,

    /* U+014D "ō" */
    0x0, 0x6f, 0xff, 0xff, 0xff, 0x80, 0x0, 0x6,
    0xff, 0xff, 0xff, 0xf8, 0x0, 0x0, 0x2, 0x22,
    0x22, 0x22, 0x10, 0x0, 0x0, 0x0, 0x0, 0x0,
    0x0, 0x0, 0x0, 0x0, 0x0, 0x0, 0x0, 0x0,
    0x0, 0x0, 0x4a, 0xef, 0xeb, 0x50, 0x0, 0x0,
    0x8f, 0xff, 0xff, 0xff, 0xb0, 0x0, 0x6f, 0xff,
    0x85, 0x7e, 0xff, 0x90, 0xe, 0xff, 0x30, 0x0,
    0x2f, 0xff, 0x14, 0xff, 0xb0, 0x0, 0x0, 0x9f,
    0xf6, 0x6f, 0xf7, 0x0, 0x0, 0x6, 0xff, 0x86,
    0xff, 0x80, 0x0, 0x0, 0x6f, 0xf8, 0x3f, 0xfb,
    0x0, 0x0, 0x9, 0xff, 0x60, 0xef, 0xf4, 0x0,
    0x2, 0xff, 0xf1, 0x6, 0xff, 0xf8, 0x57, 0xef,
    0xf8, 0x0, 0x8, 0xff, 0xff, 0xff, 0xfa, 0x0,
    0x0, 0x3, 0xae, 0xfe, 0xb5, 0x0, 0x0,

    /* U+0150 "Ő" */
    0x0, 0x0, 0x0, 0xff, 0xf1, 0x4f, 0xfb, 0x0,
    0x0, 0x0, 0x0, 0x5f, 0xf6, 0xa, 0xff, 0x20,
    0x0, 0x0, 0x0, 0xa, 0xfc, 0x0, 0xff, 0x70,
    0x0, 0x0, 0x0, 0x0, 0x9a, 0x20, 0x2a, 0x90,
    0x0, 0x0, 0x0, 0x0, 0x0, 0x0, 0x0, 0x0,
    0x0, 0x0, 0x0, 0x0, 0x0, 0x5b, 0xef, 0xfd,
    0x82, 0x0, 0x0, 0x0, 0x2, 0xdf, 0xff, 0xff,
    0xff, 0xf7, 0x0, 0x0, 0x2, 0xef, 0xfe, 0x97,
    0x8c, 0xff, 0xf8, 0x0, 0x0, 0xdf, 0xfa, 0x0,
    0x0, 0x4, 0xff, 0xf5, 0x0, 0x6f, 0xfc, 0x0,
    0x0, 0x0, 0x5, 0xff, 0xd0, 0xc, 0xff, 0x30,
    0x0, 0x0, 0x0, 0xc, 0xff, 0x30, 0xff, 0xe0,
    0x0, 0x0, 0x0, 0x0, 0x7f, 0xf7, 0x2f, 0xfc,
    0x0, 0x0, 0x0, 0x0, 0x4, 0xff, 0x92, 0xff,
    0xb0, 0x0, 0x0, 0x0, 0x0, 0x4f, 0xfa, 0x2f,
    0xfc, 0x0, 0x0, 0x0, 0x0, 0x5, 0xff, 0x90,
    0xff, 0xf0, 0x0, 0x0, 0x0, 0x0, 0x8f, 0xf7,
    0xb, 0xff, 0x40, 0x0, 0x0, 0x0, 0xd, 0xff,
    0x30, 0x5f, 0xfd, 0x0, 0x0, 0x0, 0x6, 0xff,
    0xc0, 0x0, 0xcf, 0xfb, 0x10, 0x0, 0x5, 0xff,
    0xf4, 0x0, 0x2, 0xef, 0xfe, 0x97, 0x8c, 0xff,
    0xf7, 0x0, 0x0, 0x2, 0xcf, 0xff, 0xff, 0xff,
    0xf6, 0x0, 0x0, 0x0, 0x0, 0x5b, 0xef, 0xfc,
    0x81, 0x0, 0x0,

    /* U+0151 "ő" */
    0x0, 0x2, 0xff, 0xd0, 0x7f, 0xf9, 0x0, 0x0,
    0x7f, 0xf4, 0xc, 0xfe, 0x0, 0x0, 0xd, 0xfa,
    0x2, 0xff, 0x50, 0x0, 0x1, 0xa9, 0x10, 0x4a,
    0x80, 0x0, 0x0, 0x0, 0x0, 0x0, 0x0, 0x0,
    0x0, 0x0, 0x4a, 0xef, 0xeb, 0x50, 0x0, 0x0,
    0x8f, 0xff, 0xff, 0xff, 0xb0, 0x0, 0x6f, 0xff,
    0x85, 0x7e, 0xff, 0x90, 0xe, 0xff, 0x30, 0x0,
    0x2f, 0xff, 0x14, 0xff, 0xb0, 0x0, 0x0, 0x9f,
    0xf6, 0x6f, 0xf7, 0x0, 0x0, 0x6, 0xff, 0x86,
    0xff, 0x80, 0x0, 0x0, 0x6f, 0xf8, 0x3f, 0xfb,
    0x0, 0x0, 0x9, 0xff, 0x60, 0xef, 0xf4, 0x0,
    0x2, 0xff, 0xf1, 0x6, 0xff, 0xf8, 0x57, 0xef,
    0xf8, 0x0, 0x8, 0xff, 0xff, 0xff, 0xfa, 0x0,
    0x0, 0x3, 0xae, 0xfe, 0xb5, 0x0, 0x0,

    /* U+0152 "Œ" */
    0x0, 0x0, 0x3, 0x9d, 0xff, 0xfe, 0xff, 0xff,
    0xff, 0xff, 0xff, 0x70, 0x0, 0x1a, 0xff, 0xff,
    0xff, 0xff, 0xff, 0xff, 0xff, 0xff, 0xf7, 0x0,
    0x1d, 0xff, 0xfb, 0x87, 0x79, 0xff, 0xf7, 0x77,
    0x77, 0x77, 0x30, 0xc, 0xff, 0xb1, 0x0, 0x0,
    0xf, 0xfe, 0x0, 0x0, 0x0, 0x0, 0x5, 0xff,
    0xd0, 0x0, 0x0, 0x0, 0xff, 0xe0, 0x0, 0x0,
    0x0, 0x0, 0xbf, 0xf4, 0x0, 0x0, 0x0, 0xf,
    0xfe, 0x0, 0x0, 0x0, 0x0, 0xf, 0xff, 0x0,
    0x0, 0x0, 0x0, 0xff, 0xe0, 0x0, 0x0, 0x0,
    0x2, 0xff, 0xc0, 0x0, 0x0, 0x0, 0xf, 0xff,
    0xff, 0xff, 0xff, 0xe0, 0x2f, 0xfb, 0x0, 0x0,
    0x0, 0x0, 0xff, 0xff, 0xff, 0xff, 0xfe, 0x2,
    0xff, 0xc0, 0x0, 0x0, 0x0, 0xf, 0xfe, 0x55,
    0x55, 0x55, 0x40, 0xf, 0xff, 0x0, 0x0, 0x0,
    0x0, 0xff, 0xe0, 0x0, 0x0, 0x0, 0x0, 0xbf,
    0xf4, 0x0, 0x0, 0x0, 0xf, 0xfe, 0x0, 0x0,
    0x0, 0x0, 0x5, 0xff, 0xd0, 0x0, 0x0, 0x0,
    0xff, 0xe0, 0x0, 0x0, 0x0, 0x0, 0xb, 0xff,
    0xc1, 0x0, 0x0, 0xf, 0xfe, 0x0, 0x0, 0x0,
    0x0, 0x0, 0x1d, 0xff, 0xfb, 0x87, 0x8a, 0xff,
    0xf7, 0x77, 0x77, 0x77, 0x50, 0x0, 0x1a, 0xff,
    0xff, 0xff, 0xff, 0xff, 0xff, 0xff, 0xff, 0xfb,
    0x0, 0x0, 0x3, 0x9d, 0xff, 0xfe, 0xff, 0xff,
    0xff, 0xff, 0xff, 0xb0,

    /* U+0153 "œ" */
    0x0, 0x4, 0xbe, 0xfe, 0x92, 0x0, 0x7c, 0xff,
    0xc6, 0x0, 0x0, 0x9, 0xff, 0xff, 0xff, 0xf5,
    0xcf, 0xff, 0xff, 0xfa, 0x0, 0x7, 0xff, 0xe7,
    0x59, 0xff, 0xff, 0xfc, 0x66, 0xcf, 0xf6, 0x0,
    0xef, 0xf3, 0x0, 0x7, 0xff, 0xfc, 0x0, 0x0,
    0xef, 0xe0, 0x4f, 0xfa, 0x0, 0x0, 0xf, 0xff,
    0x50, 0x0, 0x9, 0xff, 0x26, 0xff, 0x70, 0x0,
    0x0, 0xcf, 0xff, 0xff, 0xff, 0xff, 0xf3, 0x6f,
    0xf8, 0x0, 0x0, 0xd, 0xff, 0xff, 0xff, 0xff,
    0xff, 0x33, 0xff, 0xb0, 0x0, 0x0, 0xff, 0xf4,
    0x0, 0x0, 0x0, 0x0, 0xe, 0xff, 0x30, 0x0,
    0x8f, 0xff, 0xc0, 0x0, 0x6, 0x86, 0x0, 0x6f,
    0xff, 0x75, 0x9f, 0xff, 0xff, 0xc6, 0x5b, 0xff,
    0x80, 0x0, 0x9f, 0xff, 0xff, 0xff, 0x4c, 0xff,
    0xff, 0xff, 0xb0, 0x0, 0x0, 0x4b, 0xef, 0xe9,
    0x10, 0x6, 0xcf, 0xfc, 0x60, 0x0,

    /* U+0154 "Ŕ" */
    0x0, 0x0, 0x0, 0xbf, 0xfd, 0x10, 0x0, 0x0,
    0x0, 0x5, 0xff, 0xd1, 0x0, 0x0, 0x0, 0x0,
    0x1e, 0xfd, 0x10, 0x0, 0x0, 0x0, 0x0, 0x4a,
    0x91, 0x0, 0x0, 0x0, 0x0, 0x0, 0x0, 0x0,
    0x0, 0x0, 0x0, 0xbf, 0xff, 0xff, 0xff, 0xd8,
    0x10, 0x0, 0xbf, 0xff, 0xff, 0xff, 0xff, 0xe3,
    0x0, 0xbf, 0xf7, 0x66, 0x67, 0xbf, 0xfe, 0x0,
    0xbf, 0xf2, 0x0, 0x0, 0xa, 0xff, 0x50, 0xbf,
    0xf2, 0x0, 0x0, 0x4, 0xff, 0x70, 0xbf, 0xf2,
    0x0, 0x0, 0x4, 0xff, 0x80, 0xbf, 0xf2, 0x0,
    0x0, 0xa, 0xff, 0x50, 0xbf, 0xf6, 0x44, 0x45,
    0xaf, 0xfe, 0x0, 0xbf, 0xff, 0xff, 0xff, 0xff,
    0xe3, 0x0, 0xbf, 0xff, 0xff, 0xff, 0xd8, 0x10,
    0x0, 0xbf, 0xf4, 0xef, 0xf5, 0x0, 0x0, 0x0,
    0xbf, 0xf2, 0x3f, 0xff, 0x40, 0x0, 0x0, 0xbf,
    0xf2, 0x6, 0xff, 0xf3, 0x0, 0x0, 0xbf, 0xf2,
    0x0, 0x8f, 0xfe, 0x20, 0x0, 0xbf, 0xf2, 0x0,
    0xb, 0xff, 0xe2, 0x0, 0xbf, 0xf2, 0x0, 0x0,
    0xdf, 0xfd, 0x10, 0xbf, 0xf2, 0x0, 0x0, 0x2e,
    0xff, 0xd0,

    /* U+0155 "ŕ" */
    0x0, 0x4, 0xff, 0xf6, 0x0, 0xd, 0xff, 0x60,
    0x0, 0x8f, 0xf6, 0x0, 0x0, 0x9a, 0x50, 0x0,
    0x0, 0x0, 0x0, 0x0, 0x8f, 0xf3, 0x5d, 0xf3,
    0x8f, 0xf8, 0xff, 0xf3, 0x8f, 0xff, 0xea, 0x82,
    0x8f, 0xfd, 0x10, 0x0, 0x8f, 0xf6, 0x0, 0x0,
    0x8f, 0xf4, 0x0, 0x0, 0x8f, 0xf4, 0x0, 0x0,
    0x8f, 0xf4, 0x0, 0x0, 0x8f, 0xf4, 0x0, 0x0,
    0x8f, 0xf4, 0x0, 0x0, 0x8f, 0xf4, 0x0, 0x0,
    0x8f, 0xf4, 0x0, 0x0,

    /* U+0156 "Ŗ" */
    0xbf, 0xff, 0xff, 0xff, 0xd8, 0x10, 0x0, 0xbf,
    0xff, 0xff, 0xff, 0xff, 0xe2, 0x0, 0xbf, 0xf7,
    0x66, 0x67, 0xcf, 0xfd, 0x0, 0xbf, 0xf2, 0x0,
    0x0, 0xb, 0xff, 0x40, 0xbf, 0xf2, 0x0, 0x0,
    0x4, 0xff, 0x70, 0xbf, 0xf2, 0x0, 0x0, 0x4,
    0xff, 0x80, 0xbf, 0xf2, 0x0, 0x0, 0x8, 0xff,
    0x50, 0xbf, 0xf2, 0x0, 0x0, 0x6f, 0xff, 0x10,
    0xbf, 0xff, 0xff, 0xff, 0xff, 0xf6, 0x0, 0xbf,
    0xff, 0xff, 0xff, 0xfd, 0x40, 0x0, 0xbf, 0xf8,
    0xff, 0xf7, 0x20, 0x0, 0x0, 0xbf, 0xf2, 0x5f,
    0xfe, 0x20, 0x0, 0x0, 0xbf, 0xf2, 0x8, 0xff,
    0xe2, 0x0, 0x0, 0xbf, 0xf2, 0x0, 0xaf, 0xfe,
    0x10, 0x0, 0xbf, 0xf2, 0x0, 0xc, 0xff, 0xd1,
    0x0, 0xbf, 0xf2, 0x0, 0x1, 0xdf, 0xfd, 0x10,
    0xbf, 0xf2, 0x0, 0x0, 0x2e, 0xff, 0xc0, 0x0,
    0x0, 0x0, 0x0, 0x0, 0x0, 0x0, 0x0, 0x0,
    0x0, 0x0, 0x0, 0x0, 0x0, 0x0, 0x0, 0x3f,
    0xfb, 0x0, 0x0, 0x0, 0x0, 0x0, 0x3f, 0xfc,
    0x0, 0x0, 0x0, 0x0, 0x0, 0x3f, 0xfc, 0x0,
    0x0, 0x0, 0x0, 0x0, 0x0, 0xda, 0x0, 0x0,
    0x0, 0x0, 0x0, 0x19, 0xf4, 0x0, 0x0, 0x0,
    0x0, 0x0, 0x3d, 0x50, 0x0, 0x0, 0x0, 0x0,
    0x0, 0x0, 0x0, 0x0, 0x0, 0x0,

    /* U+0157 "ŗ" */
    0x0, 0x0, 0x0, 0x0, 0x8f, 0xf3, 0x5d, 0xf3,
    0x8f, 0xf8, 0xff, 0xf3, 0x8f, 0xff, 0xea, 0x82,
    0x8f, 0xfd, 0x10, 0x0, 0x8f, 0xf6, 0x0, 0x0,
    0x8f, 0xf4, 0x0, 0x0, 0x8f, 0xf4, 0x0, 0x0,
    0x8f, 0xf4, 0x0, 0x0, 0x8f, 0xf4, 0x0, 0x0,
    0x8f, 0xf4, 0x0, 0x0, 0x8f, 0xf4, 0x0, 0x0,
    0x8f, 0xf4, 0x0, 0x0, 0x0, 0x0, 0x0, 0x0,
    0x0, 0x0, 0x0, 0x0, 0xaf, 0xf4, 0x0, 0x0,
    0xbf, 0xf5, 0x0, 0x0, 0xbf, 0xf4, 0x0, 0x0,
    0x4, 0xf2, 0x0, 0x0, 0x4d, 0xc0, 0x0, 0x0,
    0xaa, 0x10, 0x0, 0x0, 0x0, 0x0, 0x0, 0x0,

    /* U+0158 "Ř" */
    0x0, 0xaf, 0xc1, 0x4, 0xff, 0x30, 0x0, 0x0,
    0xc, 0xfd, 0x6f, 0xf6, 0x0, 0x0, 0x0, 0x1,
    0xef, 0xff, 0x90, 0x0, 0x0, 0x0, 0x0, 0x38,
    0x87, 0x0, 0x0, 0x0, 0x0, 0x0, 0x0, 0x0,
    0x0, 0x0, 0x0, 0xbf, 0xff, 0xff, 0xff, 0xd8,
    0x10, 0x0, 0xbf, 0xff, 0xff, 0xff, 0xff, 0xe3,
    0x0, 0xbf, 0xf7, 0x66, 0x67, 0xbf, 0xfe, 0x0,
    0xbf, 0xf2, 0x0, 0x0, 0xa, 0xff, 0x50, 0xbf,
    0xf2, 0x0, 0x0, 0x4, 0xff, 0x70, 0xbf, 0xf2,
    0x0, 0x0, 0x4, 0xff, 0x80, 0xbf, 0xf2, 0x0,
    0x0, 0xa, 0xff, 0x50, 0xbf, 0xf6, 0x44, 0x45,
    0xaf, 0xfe, 0x0, 0xbf, 0xff, 0xff, 0xff, 0xff,
    0xe3, 0x0, 0xbf, 0xff, 0xff, 0xff, 0xd8, 0x10,
    0x0, 0xbf, 0xf4, 0xef, 0xf5, 0x0, 0x0, 0x0,
    0xbf, 0xf2, 0x3f, 0xff, 0x40, 0x0, 0x0, 0xbf,
    0xf2, 0x6, 0xff, 0xf3, 0x0, 0x0, 0xbf, 0xf2,
    0x0, 0x8f, 0xfe, 0x20, 0x0, 0xbf, 0xf2, 0x0,
    0xb, 0xff, 0xe2, 0x0, 0xbf, 0xf2, 0x0, 0x0,
    0xdf, 0xfd, 0x10, 0xbf, 0xf2, 0x0, 0x0, 0x2e,
    0xff, 0xd0,

    /* U+0159 "ř" */
    0x3f, 0xf6, 0x1, 0xcf, 0xa0, 0x5, 0xff, 0x8d,
    0xfc, 0x0, 0x0, 0x7f, 0xff, 0xe1, 0x0, 0x0,
    0x5, 0x66, 0x20, 0x0, 0x0, 0x0, 0x0, 0x0,
    0x0, 0x8, 0xff, 0x35, 0xdf, 0x30, 0x8, 0xff,
    0x8f, 0xff, 0x30, 0x8, 0xff, 0xfe, 0xa8, 0x20,
    0x8, 0xff, 0xd1, 0x0, 0x0, 0x8, 0xff, 0x60,
    0x0, 0x0, 0x8, 0xff, 0x40, 0x0, 0x0, 0x8,
    0xff, 0x40, 0x0, 0x0, 0x8, 0xff, 0x40, 0x0,
    0x0, 0x8, 0xff, 0x40, 0x0, 0x0, 0x8, 0xff,
    0x40, 0x0, 0x0, 0x8, 0xff, 0x40, 0x0, 0x0,
    0x8, 0xff, 0x40, 0x0, 0x0,

    /* U+015A "Ś" */
    0x0, 0x0, 0x0, 0xc, 0xff, 0xc0, 0x0, 0x0,
    0x0, 0x0, 0x6f, 0xfc, 0x0, 0x0, 0x0, 0x0,
    0x1, 0xff, 0xc0, 0x0, 0x0, 0x0, 0x0, 0x5,
    0xa9, 0x0, 0x0, 0x0, 0x0, 0x0, 0x0, 0x0,
    0x0, 0x0, 0x0, 0x0, 0x1, 0x8d, 0xff, 0xea,
    0x30, 0x0, 0x0, 0x4f, 0xff, 0xff, 0xff, 0xf7,
    0x0, 0x1, 0xff, 0xf9, 0x55, 0x9f, 0xff, 0x50,
    0x6, 0xff, 0x60, 0x0, 0x4, 0xff, 0xc0, 0x8,
    0xff, 0x30, 0x0, 0x0, 0xcf, 0xf1, 0x7, 0xff,
    0xa0, 0x0, 0x0, 0x0, 0x0, 0x3, 0xff, 0xfd,
    0x72, 0x0, 0x0, 0x0, 0x0, 0x8f, 0xff, 0xff,
    0xd8, 0x20, 0x0, 0x0, 0x5, 0xef, 0xff, 0xff,
    0xf8, 0x0, 0x0, 0x0, 0x4, 0x9e, 0xff, 0xff,
    0x90, 0x0, 0x0, 0x0, 0x0, 0x3a, 0xff, 0xf1,
    0x28, 0x83, 0x0, 0x0, 0x0, 0xaf, 0xf5, 0x2f,
    0xfb, 0x0, 0x0, 0x0, 0x6f, 0xf5, 0xc, 0xff,
    0x50, 0x0, 0x0, 0xaf, 0xf3, 0x4, 0xff, 0xfb,
    0x65, 0x6b, 0xff, 0xd0, 0x0, 0x5f, 0xff, 0xff,
    0xff, 0xfe, 0x20, 0x0, 0x1, 0x8c, 0xff, 0xfc,
    0x71, 0x0,

    /* U+015B "ś" */
    0x0, 0x0, 0x8, 0xff, 0xe2, 0x0, 0x0, 0x3,
    0xff, 0xe2, 0x0, 0x0, 0x0, 0xcf, 0xe2, 0x0,
    0x0, 0x0, 0x3a, 0xa2, 0x0, 0x0, 0x0, 0x0,
    0x0, 0x0, 0x0, 0x0, 0x4, 0xbe, 0xfe, 0xb4,
    0x0, 0x5, 0xff, 0xff, 0xff, 0xf7, 0x0, 0xdf,
    0xd2, 0x3, 0xcf, 0xf1, 0xf, 0xfa, 0x0, 0x2,
    0x77, 0x10, 0xcf, 0xfb, 0x62, 0x0, 0x0, 0x3,
    0xff, 0xff, 0xfe, 0x80, 0x0, 0x1, 0x8d, 0xff,
    0xff, 0xb0, 0x0, 0x0, 0x1, 0x5c, 0xff, 0x45,
    0xdd, 0x20, 0x0, 0x1f, 0xf7, 0x2f, 0xfc, 0x41,
    0x29, 0xff, 0x50, 0x7f, 0xff, 0xff, 0xff, 0xc0,
    0x0, 0x4b, 0xef, 0xfd, 0x70, 0x0,

    /* U+015E "Ş" */
    0x0, 0x1, 0x8d, 0xff, 0xea, 0x30, 0x0, 0x0,
    0x4f, 0xff, 0xff, 0xff, 0xf7, 0x0, 0x1, 0xff,
    0xf9, 0x55, 0x9f, 0xff, 0x50, 0x6, 0xff, 0x60,
    0x0, 0x4, 0xff, 0xc0, 0x8, 0xff, 0x30, 0x0,
    0x0, 0xcf, 0xf1, 0x7, 0xff, 0xa0, 0x0, 0x0,
    0x0, 0x0, 0x3, 0xff, 0xfd, 0x72, 0x0, 0x0,
    0x0, 0x0, 0x8f, 0xff, 0xff, 0xd8, 0x20, 0x0,
    0x0, 0x5, 0xef, 0xff, 0xff, 0xf8, 0x0, 0x0,
    0x0, 0x4, 0x9e, 0xff, 0xff, 0x90, 0x0, 0x0,
    0x0, 0x0, 0x3a, 0xff, 0xf1, 0x28, 0x83, 0x0,
    0x0, 0x0, 0xaf, 0xf5, 0x2f, 0xfb, 0x0, 0x0,
    0x0, 0x6f, 0xf5, 0xc, 0xff, 0x50, 0x0, 0x0,
    0xaf, 0xf3, 0x4, 0xff, 0xfb, 0x65, 0x6b, 0xff,
    0xd0, 0x0, 0x5f, 0xff, 0xff, 0xff, 0xfe, 0x20,
    0x0, 0x1, 0x8c, 0xff, 0xfc, 0x71, 0x0, 0x0,
    0x0, 0x0, 0x9f, 0x30, 0x0, 0x0, 0x0, 0x0,
    0x0, 0xcf, 0xf7, 0x0, 0x0, 0x0, 0x0, 0x12,
    0x25, 0xfe, 0x0, 0x0, 0x0, 0x0, 0x8f, 0xb8,
    0xfc, 0x0, 0x0, 0x0, 0x0, 0x9, 0xff, 0xc2,
    0x0, 0x0,

    /* U+015F "ş" */
    0x0, 0x4b, 0xef, 0xeb, 0x40, 0x0, 0x5f, 0xff,
    0xff, 0xff, 0x70, 0xd, 0xfd, 0x20, 0x3c, 0xff,
    0x10, 0xff, 0xa0, 0x0, 0x27, 0x71, 0xc, 0xff,
    0xb6, 0x20, 0x0, 0x0, 0x3f, 0xff, 0xff, 0xe8,
    0x0, 0x0, 0x18, 0xdf, 0xff, 0xfb, 0x0, 0x0,
    0x0, 0x15, 0xcf, 0xf4, 0x5d, 0xd2, 0x0, 0x1,
    0xff, 0x72, 0xff, 0xc4, 0x12, 0x9f, 0xf5, 0x7,
    0xff, 0xff, 0xff, 0xfc, 0x0, 0x4, 0xbe, 0xff,
    0xd7, 0x0, 0x0, 0x0, 0x4f, 0x90, 0x0, 0x0,
    0x0, 0x7, 0xff, 0xc0, 0x0, 0x0, 0x2, 0x23,
    0xdf, 0x30, 0x0, 0x2, 0xfe, 0x7e, 0xf2, 0x0,
    0x0, 0x6, 0xdf, 0xd6, 0x0, 0x0,

    /* U+0160 "Š" */
    0x0, 0x1, 0x10, 0x0, 0x0, 0x10, 0x0, 0x0,
    0xa, 0xfc, 0x10, 0x6f, 0xf2, 0x0, 0x0, 0x0,
    0xdf, 0xd7, 0xff, 0x50, 0x0, 0x0, 0x0, 0x2f,
    0xff, 0xf8, 0x0, 0x0, 0x0, 0x0, 0x4, 0x99,
    0x80, 0x0, 0x0, 0x0, 0x0, 0x0, 0x0, 0x0,
    0x0, 0x0, 0x0, 0x1, 0x8d, 0xff, 0xea, 0x30,
    0x0, 0x0, 0x4f, 0xff, 0xff, 0xff, 0xf7, 0x0,
    0x1, 0xff, 0xf9, 0x55, 0x9f, 0xff, 0x50, 0x6,
    0xff, 0x60, 0x0, 0x4, 0xff, 0xc0, 0x8, 0xff,
    0x30, 0x0, 0x0, 0xcf, 0xf1, 0x7, 0xff, 0xa0,
    0x0, 0x0, 0x0, 0x0, 0x3, 0xff, 0xfd, 0x72,
    0x0, 0x0, 0x0, 0x0, 0x8f, 0xff, 0xff, 0xd8,
    0x20, 0x0, 0x0, 0x5, 0xef, 0xff, 0xff, 0xf8,
    0x0, 0x0, 0x0, 0x4, 0x9e, 0xff, 0xff, 0x90,
    0x0, 0x0, 0x0, 0x0, 0x3a, 0xff, 0xf1, 0x28,
    0x83, 0x0, 0x0, 0x0, 0xaf, 0xf5, 0x2f, 0xfb,
    0x0, 0x0, 0x0, 0x6f, 0xf5, 0xc, 0xff, 0x50,
    0x0, 0x0, 0xaf, 0xf3, 0x4, 0xff, 0xfb, 0x65,
    0x6b, 0xff, 0xd0, 0x0, 0x5f, 0xff, 0xff, 0xff,
    0xfe, 0x20, 0x0, 0x1, 0x8c, 0xff, 0xfc, 0x71,
    0x0,

    /* U+0161 "š" */
    0x7, 0xfe, 0x20, 0x3e, 0xf6, 0x0, 0xa, 0xfe,
    0x6f, 0xf9, 0x0, 0x0, 0xd, 0xff, 0xfc, 0x0,
    0x0, 0x0, 0x29, 0x98, 0x10, 0x0, 0x0, 0x0,
    0x0, 0x0, 0x0, 0x0, 0x4, 0xbe, 0xfe, 0xb4,
    0x0, 0x5, 0xff, 0xff, 0xff, 0xf6, 0x0, 0xdf,
    0xd2, 0x13, 0xcf, 0xf1, 0xf, 0xfa, 0x0, 0x3,
    0x99, 0x20, 0xcf, 0xfb, 0x62, 0x0, 0x0, 0x3,
    0xff, 0xff, 0xfe, 0x80, 0x0, 0x1, 0x8d, 0xff,
    0xff, 0xb0, 0x0, 0x0, 0x1, 0x5c, 0xff, 0x45,
    0xcc, 0x20, 0x0, 0x1f, 0xf7, 0x2f, 0xfc, 0x41,
    0x29, 0xff, 0x50, 0x7f, 0xff, 0xff, 0xff, 0xc0,
    0x0, 0x4a, 0xef, 0xfd, 0x70, 0x0,

    /* U+0164 "Ť" */
    0x0, 0xa, 0xfc, 0x10, 0x4f, 0xf3, 0x0, 0x0,
    0x0, 0xcf, 0xd6, 0xff, 0x60, 0x0, 0x0, 0x0,
    0x1e, 0xff, 0xf9, 0x0, 0x0, 0x0, 0x0, 0x3,
    0x88, 0x70, 0x0, 0x0, 0x0, 0x0, 0x0, 0x0,
    0x0, 0x0, 0x0, 0x6f, 0xff, 0xff, 0xff, 0xff,
    0xff, 0xff, 0x6f, 0xff, 0xff, 0xff, 0xff, 0xff,
    0xff, 0x26, 0x66, 0x67, 0xff, 0xd6, 0x66, 0x66,
    0x0, 0x0, 0x2, 0xff, 0xb0, 0x0, 0x0, 0x0,
    0x0, 0x2, 0xff, 0xb0, 0x0, 0x0, 0x0, 0x0,
    0x2, 0xff, 0xb0, 0x0, 0x0, 0x0, 0x0, 0x2,
    0xff, 0xb0, 0x0, 0x0, 0x0, 0x0, 0x2, 0xff,
    0xb0, 0x0, 0x0, 0x0, 0x0, 0x2, 0xff, 0xb0,
    0x0, 0x0, 0x0, 0x0, 0x2, 0xff, 0xb0, 0x0,
    0x0, 0x0, 0x0, 0x2, 0xff, 0xb0, 0x0, 0x0,
    0x0, 0x0, 0x2, 0xff, 0xb0, 0x0, 0x0, 0x0,
    0x0, 0x2, 0xff, 0xb0, 0x0, 0x0, 0x0, 0x0,
    0x2, 0xff, 0xb0, 0x0, 0x0, 0x0, 0x0, 0x2,
    0xff, 0xb0, 0x0, 0x0, 0x0, 0x0, 0x2, 0xff,
    0xb0, 0x0, 0x0, 0x0, 0x0, 0x2, 0xff, 0xb0,
    0x0, 0x0,

    /* U+0165 "ť" */
    0x0, 0x0, 0x0, 0x4, 0x52, 0x0, 0x0, 0x0,
    0xf, 0xf5, 0x0, 0x0, 0x0, 0xf, 0xf3, 0x0,
    0x0, 0x52, 0xf, 0xf2, 0x0, 0x5f, 0xf4, 0xf,
    0xf0, 0x0, 0x8f, 0xf4, 0xf, 0xe0, 0x0, 0x8f,
    0xf4, 0x0, 0x0, 0xaf, 0xff, 0xff, 0xff, 0x50,
    0xaf, 0xff, 0xff, 0xff, 0x50, 0x34, 0xaf, 0xf7,
    0x44, 0x10, 0x0, 0x8f, 0xf4, 0x0, 0x0, 0x0,
    0x8f, 0xf4, 0x0, 0x0, 0x0, 0x8f, 0xf4, 0x0,
    0x0, 0x0, 0x8f, 0xf4, 0x0, 0x0, 0x0, 0x8f,
    0xf4, 0x0, 0x0, 0x0, 0x7f, 0xf5, 0x0, 0x0,
    0x0, 0x4f, 0xfe, 0x66, 0x20, 0x0, 0xd, 0xff,
    0xff, 0x50, 0x0, 0x1, 0xae, 0xfe, 0x40,

    /* U+016A "Ū" */
    0x0, 0x3f, 0xff, 0xff, 0xff, 0xb0, 0x0, 0x0,
    0x3f, 0xff, 0xff, 0xff, 0xb0, 0x0, 0x0, 0x1,
    0x11, 0x11, 0x11, 0x10, 0x0, 0x0, 0x0, 0x0,
    0x0, 0x0, 0x0, 0x0, 0x0, 0x0, 0x0, 0x0,
    0x0, 0x0, 0x0, 0xcf, 0xf1, 0x0, 0x0, 0x0,
    0x9f, 0xf4, 0xcf, 0xf1, 0x0, 0x0, 0x0, 0x9f,
    0xf4, 0xcf, 0xf1, 0x0, 0x0, 0x0, 0x9f, 0xf4,
    0xcf, 0xf1, 0x0, 0x0, 0x0, 0x9f, 0xf4, 0xcf,
    0xf1, 0x0, 0x0, 0x0, 0x9f, 0xf4, 0xcf, 0xf1,
    0x0, 0x0, 0x0, 0x9f, 0xf4, 0xcf, 0xf1, 0x0,
    0x0, 0x0, 0x9f, 0xf4, 0xcf, 0xf1, 0x0, 0x0,
    0x0, 0x9f, 0xf4, 0xcf, 0xf1, 0x0, 0x0, 0x0,
    0x9f, 0xf4, 0xcf, 0xf1, 0x0, 0x0, 0x0, 0x9f,
    0xf4, 0xcf, 0xf1, 0x0, 0x0, 0x0, 0x9f, 0xf3,
    0xaf, 0xf3, 0x0, 0x0, 0x0, 0xbf, 0xf2, 0x6f,
    0xf7, 0x0, 0x0, 0x0, 0xff, 0xe0, 0x1f, 0xff,
    0x30, 0x0, 0xa, 0xff, 0x90, 0x8, 0xff, 0xfa,
    0x78, 0xdf, 0xfe, 0x10, 0x0, 0xaf, 0xff, 0xff,
    0xff, 0xe3, 0x0, 0x0, 0x5, 0xbe, 0xff, 0xd8,
    0x10, 0x0,

    /* U+016B "ū" */
    0x5, 0xff, 0xff, 0xff, 0xf9, 0x0, 0x5f, 0xff,
    0xff, 0xff, 0x90, 0x0, 0x22, 0x22, 0x22, 0x21,
    0x0, 0x0, 0x0, 0x0, 0x0, 0x0, 0x0, 0x0,
    0x0, 0x0, 0x0, 0xa, 0xff, 0x10, 0x0, 0xf,
    0xfd, 0xaf, 0xf1, 0x0, 0x0, 0xff, 0xda, 0xff,
    0x10, 0x0, 0xf, 0xfd, 0xaf, 0xf1, 0x0, 0x0,
    0xff, 0xda, 0xff, 0x10, 0x0, 0xf, 0xfd, 0xaf,
    0xf1, 0x0, 0x0, 0xff, 0xda, 0xff, 0x10, 0x0,
    0xf, 0xfd, 0xaf, 0xf1, 0x0, 0x2, 0xff, 0xda,
    0xff, 0x50, 0x0, 0xaf, 0xfd, 0x6f, 0xfe, 0x76,
    0xcf, 0xff, 0xd0, 0xdf, 0xff, 0xff, 0x7e, 0xfd,
    0x1, 0xaf, 0xfc, 0x50, 0xef, 0xd0,

    /* U+016C "Ŭ" */
    0x0, 0xf, 0xf0, 0x0, 0x8f, 0x70, 0x0, 0x0,
    0xc, 0xf9, 0x24, 0xef, 0x30, 0x0, 0x0, 0x4,
    0xff, 0xff, 0xfb, 0x0, 0x0, 0x0, 0x0, 0x4c,
    0xfe, 0x80, 0x0, 0x0, 0x0, 0x0, 0x0, 0x0,
    0x0, 0x0, 0x0, 0xcf, 0xf1, 0x0, 0x0, 0x0,
    0x9f, 0xf4, 0xcf, 0xf1, 0x0, 0x0, 0x0, 0x9f,
    0xf4, 0xcf, 0xf1, 0x0, 0x0, 0x0, 0x9f, 0xf4,
    0xcf, 0xf1, 0x0, 0x0, 0x0, 0x9f, 0xf4, 0xcf,
    0xf1, 0x0, 0x0, 0x0, 0x9f, 0xf4, 0xcf, 0xf1,
    0x0, 0x0, 0x0, 0x9f, 0xf4, 0xcf, 0xf1, 0x0,
    0x0, 0x0, 0x9f, 0xf4, 0xcf, 0xf1, 0x0, 0x0,
    0x0, 0x9f, 0xf4, 0xcf, 0xf1, 0x0, 0x0, 0x0,
    0x9f, 0xf4, 0xcf, 0xf1, 0x0, 0x0, 0x0, 0x9f,
    0xf4, 0xcf, 0xf1, 0x0, 0x0, 0x0, 0x9f, 0xf3,
    0xaf, 0xf3, 0x0, 0x0, 0x0, 0xbf, 0xf2, 0x6f,
    0xf7, 0x0, 0x0, 0x0, 0xff, 0xe0, 0x1f, 0xff,
    0x30, 0x0, 0xa, 0xff, 0x90, 0x8, 0xff, 0xfa,
    0x78, 0xdf, 0xfe, 0x10, 0x0, 0xaf, 0xff, 0xff,
    0xff, 0xe3, 0x0, 0x0, 0x5, 0xbe, 0xff, 0xd8,
    0x10, 0x0,

    /* U+016D "ŭ" */
    0x1, 0xff, 0x30, 0x1c, 0xf5, 0x0, 0xb, 0xff,
    0xff, 0xfe, 0x0, 0x0, 0x9, 0xff, 0xfb, 0x20,
    0x0, 0x0, 0x0, 0x10, 0x0, 0x0, 0x0, 0x0,
    0x0, 0x0, 0x0, 0xa, 0xff, 0x10, 0x0, 0xf,
    0xfd, 0xaf, 0xf1, 0x0, 0x0, 0xff, 0xda, 0xff,
    0x10, 0x0, 0xf, 0xfd, 0xaf, 0xf1, 0x0, 0x0,
    0xff, 0xda, 0xff, 0x10, 0x0, 0xf, 0xfd, 0xaf,
    0xf1, 0x0, 0x0, 0xff, 0xda, 0xff, 0x10, 0x0,
    0xf, 0xfd, 0xaf, 0xf1, 0x0, 0x2, 0xff, 0xda,
    0xff, 0x50, 0x0, 0xaf, 0xfd, 0x6f, 0xfe, 0x76,
    0xcf, 0xff, 0xd0, 0xdf, 0xff, 0xff, 0x7e, 0xfd,
    0x1, 0xaf, 0xfc, 0x50, 0xef, 0xd0,

    /* U+016E "Ů" */
    0x0, 0x0, 0x9, 0xfd, 0x30, 0x0, 0x0, 0x0,
    0x0, 0x6f, 0xad, 0xe0, 0x0, 0x0, 0x0, 0x0,
    0x9e, 0x6, 0xf1, 0x0, 0x0, 0x0, 0x0, 0x6f,
    0x9d, 0xe0, 0x0, 0x0, 0x0, 0x0, 0x9, 0xfd,
    0x30, 0x0, 0x0, 0x0, 0x0, 0x0, 0x0, 0x0,
    0x0, 0x0, 0xcf, 0xf1, 0x0, 0x0, 0x0, 0x9f,
    0xf4, 0xcf, 0xf1, 0x0, 0x0, 0x0, 0x9f, 0xf4,
    0xcf, 0xf1, 0x0, 0x0, 0x0, 0x9f, 0xf4, 0xcf,
    0xf1, 0x0, 0x0, 0x0, 0x9f, 0xf4, 0xcf, 0xf1,
    0x0, 0x0, 0x0, 0x9f, 0xf4, 0xcf, 0xf1, 0x0,
    0x0, 0x0, 0x9f, 0xf4, 0xcf, 0xf1, 0x0, 0x0,
    0x0, 0x9f, 0xf4, 0xcf, 0xf1, 0x0, 0x0, 0x0,
    0x9f, 0xf4, 0xcf, 0xf1, 0x0, 0x0, 0x0, 0x9f,
    0xf4, 0xcf, 0xf1, 0x0, 0x0, 0x0, 0x9f, 0xf4,
    0xcf, 0xf1, 0x0, 0x0, 0x0, 0x9f, 0xf3, 0xaf,
    0xf3, 0x0, 0x0, 0x0, 0xbf, 0xf2, 0x6f, 0xf7,
    0x0, 0x0, 0x0, 0xff, 0xe0, 0x1f, 0xff, 0x30,
    0x0, 0xa, 0xff, 0x90, 0x8, 0xff, 0xfa, 0x78,
    0xdf, 0xfe, 0x10, 0x0, 0xaf, 0xff, 0xff, 0xff,
    0xe3, 0x0, 0x0, 0x5, 0xbe, 0xff, 0xd8, 0x10,
    0x0,

    /* U+016F "ů" */
    0x0, 0x0, 0xaf, 0xd2, 0x0, 0x0, 0x0, 0x8f,
    0x9e, 0xc0, 0x0, 0x0, 0xb, 0xc0, 0x8f, 0x0,
    0x0, 0x0, 0x8f, 0x9e, 0xc0, 0x0, 0x0, 0x0,
    0xaf, 0xd2, 0x0, 0x0, 0x0, 0x0, 0x0, 0x0,
    0x0, 0xaf, 0xf1, 0x0, 0x0, 0xff, 0xda, 0xff,
    0x10, 0x0, 0xf, 0xfd, 0xaf, 0xf1, 0x0, 0x0,
    0xff, 0xda, 0xff, 0x10, 0x0, 0xf, 0xfd, 0xaf,
    0xf1, 0x0, 0x0, 0xff, 0xda, 0xff, 0x10, 0x0,
    0xf, 0xfd, 0xaf, 0xf1, 0x0, 0x0, 0xff, 0xda,
    0xff, 0x10, 0x0, 0x2f, 0xfd, 0xaf, 0xf5, 0x0,
    0xa, 0xff, 0xd6, 0xff, 0xe7, 0x6c, 0xff, 0xfd,
    0xd, 0xff, 0xff, 0xf7, 0xef, 0xd0, 0x1a, 0xff,
    0xc5, 0xe, 0xfd,

    /* U+0170 "Ű" */
    0x0, 0x0, 0xef, 0xf1, 0x4f, 0xfb, 0x0, 0x0,
    0x4, 0xff, 0x60, 0x9f, 0xf2, 0x0, 0x0, 0xa,
    0xfc, 0x0, 0xff, 0x70, 0x0, 0x0, 0x9, 0xa2,
    0x2, 0xa9, 0x0, 0x0, 0x0, 0x0, 0x0, 0x0,
    0x0, 0x0, 0x0, 0xcf, 0xf1, 0x0, 0x0, 0x0,
    0x9f, 0xf4, 0xcf, 0xf1, 0x0, 0x0, 0x0, 0x9f,
    0xf4, 0xcf, 0xf1, 0x0, 0x0, 0x0, 0x9f, 0xf4,
    0xcf, 0xf1, 0x0, 0x0, 0x0, 0x9f, 0xf4, 0xcf,
    0xf1, 0x0, 0x0, 0x0, 0x9f, 0xf4, 0xcf, 0xf1,
    0x0, 0x0, 0x0, 0x9f, 0xf4, 0xcf, 0xf1, 0x0,
    0x0, 0x0, 0x9f, 0xf4, 0xcf, 0xf1, 0x0, 0x0,
    0x0, 0x9f, 0xf4, 0xcf, 0xf1, 0x0, 0x0, 0x0,
    0x9f, 0xf4, 0xcf, 0xf1, 0x0, 0x0, 0x0, 0x9f,
    0xf4, 0xcf, 0xf1, 0x0, 0x0, 0x0, 0x9f, 0xf3,
    0xaf, 0xf3, 0x0, 0x0, 0x0, 0xbf, 0xf2, 0x6f,
    0xf7, 0x0, 0x0, 0x0, 0xff, 0xe0, 0x1f, 0xff,
    0x30, 0x0, 0xa, 0xff, 0x90, 0x8, 0xff, 0xfa,
    0x78, 0xdf, 0xfe, 0x10, 0x0, 0xaf, 0xff, 0xff,
    0xff, 0xe3, 0x0, 0x0, 0x5, 0xbe, 0xff, 0xd8,
    0x10, 0x0,

    /* U+0171 "ű" */
    0x0, 0x1f, 0xfe, 0x15, 0xff, 0xa0, 0x6, 0xff,
    0x50, 0xbf, 0xf1, 0x0, 0xbf, 0xb0, 0x1f, 0xf6,
    0x0, 0x9, 0xa2, 0x3, 0xa8, 0x0, 0x0, 0x0,
    0x0, 0x0, 0x0, 0xa, 0xff, 0x10, 0x0, 0xf,
    0xfd, 0xaf, 0xf1, 0x0, 0x0, 0xff, 0xda, 0xff,
    0x10, 0x0, 0xf, 0xfd, 0xaf, 0xf1, 0x0, 0x0,
    0xff, 0xda, 0xff, 0x10, 0x0, 0xf, 0xfd, 0xaf,
    0xf1, 0x0, 0x0, 0xff, 0xda, 0xff, 0x10, 0x0,
    0xf, 0xfd, 0xaf, 0xf1, 0x0, 0x2, 0xff, 0xda,
    0xff, 0x50, 0x0, 0xaf, 0xfd, 0x6f, 0xfe, 0x76,
    0xcf, 0xff, 0xd0, 0xdf, 0xff, 0xff, 0x7e, 0xfd,
    0x1, 0xaf, 0xfc, 0x50, 0xef, 0xd0,

    /* U+0172 "Ų" */
    0xcf, 0xf1, 0x0, 0x0, 0x0, 0x9f, 0xf4, 0xcf,
    0xf1, 0x0, 0x0, 0x0, 0x9f, 0xf4, 0xcf, 0xf1,
    0x0, 0x0, 0x0, 0x9f, 0xf4, 0xcf, 0xf1, 0x0,
    0x0, 0x0, 0x9f, 0xf4, 0xcf, 0xf1, 0x0, 0x0,
    0x0, 0x9f, 0xf4, 0xcf, 0xf1, 0x0, 0x0, 0x0,
    0x9f, 0xf4, 0xcf, 0xf1, 0x0, 0x0, 0x0, 0x9f,
    0xf4, 0xcf, 0xf1, 0x0, 0x0, 0x0, 0x9f, 0xf4,
    0xcf, 0xf1, 0x0, 0x0, 0x0, 0x9f, 0xf4, 0xcf,
    0xf1, 0x0, 0x0, 0x0, 0x9f, 0xf4, 0xcf, 0xf1,
    0x0, 0x0, 0x0, 0x9f, 0xf3, 0xaf, 0xf3, 0x0,
    0x0, 0x0, 0xbf, 0xf2, 0x6f, 0xf7, 0x0, 0x0,
    0x0, 0xff, 0xe0, 0x1f, 0xff, 0x30, 0x0, 0xa,
    0xff, 0x90, 0x8, 0xff, 0xfa, 0x78, 0xdf, 0xfe,
    0x10, 0x0, 0xaf, 0xff, 0xff, 0xff, 0xe3, 0x0,
    0x0, 0x5, 0xbe, 0xff, 0xfc, 0x10, 0x0, 0x0,
    0x0, 0x0, 0x1d, 0xd1, 0x0, 0x0, 0x0, 0x0,
    0x0, 0x9f, 0x50, 0x0, 0x0, 0x0, 0x0, 0x0,
    0xdf, 0x10, 0x0, 0x0, 0x0, 0x0, 0x0, 0xbf,
    0xba, 0x0, 0x0, 0x0, 0x0, 0x0, 0x2d, 0xfd,
    0x10, 0x0,

    /* U+0173 "ų" */
    0xaf, 0xf1, 0x0, 0x0, 0xff, 0xd0, 0xaf, 0xf1,
    0x0, 0x0, 0xff, 0xd0, 0xaf, 0xf1, 0x0, 0x0,
    0xff, 0xd0, 0xaf, 0xf1, 0x0, 0x0, 0xff, 0xd0,
    0xaf, 0xf1, 0x0, 0x0, 0xff, 0xd0, 0xaf, 0xf1,
    0x0, 0x0, 0xff, 0xd0, 0xaf, 0xf1, 0x0, 0x0,
    0xff, 0xd0, 0xaf, 0xf1, 0x0, 0x2, 0xff, 0xd0,
    0xaf, 0xf5, 0x0, 0xa, 0xff, 0xd0, 0x6f, 0xfe,
    0x76, 0xcf, 0xff, 0xd0, 0xd, 0xff, 0xff, 0xf7,
    0xef, 0xd0, 0x1, 0xaf, 0xfc, 0x50, 0xef, 0xd0,
    0x0, 0x0, 0x0, 0x0, 0xce, 0x20, 0x0, 0x0,
    0x0, 0xa, 0xf3, 0x0, 0x0, 0x0, 0x0, 0xf,
    0xe0, 0x0, 0x0, 0x0, 0x0, 0xf, 0xfa, 0x70,
    0x0, 0x0, 0x0, 0x5, 0xef, 0xb0,

    /* U+0174 "Ŵ" */
    0x0, 0x0, 0x0, 0x0, 0x1, 0xdf, 0xfc, 0x0,
    0x0, 0x0, 0x0, 0x0, 0x0, 0x0, 0x0, 0x0,
    0xb, 0xfe, 0xff, 0xa0, 0x0, 0x0, 0x0, 0x0,
    0x0, 0x0, 0x0, 0x0, 0x9f, 0xe2, 0x3e, 0xf7,
    0x0, 0x0, 0x0, 0x0, 0x0, 0x0, 0x0, 0x1,
    0x88, 0x10, 0x2, 0x87, 0x0, 0x0, 0x0, 0x0,
    0x0, 0x0, 0x0, 0x0, 0x0, 0x0, 0x0, 0x0,
    0x0, 0x0, 0x0, 0x0, 0xf, 0xfe, 0x0, 0x0,
    0x0, 0xbf, 0xfc, 0x0, 0x0, 0x0, 0xdf, 0xe0,
    0xb, 0xff, 0x20, 0x0, 0x0, 0xff, 0xff, 0x0,
    0x0, 0x1, 0xff, 0xa0, 0x7, 0xff, 0x60, 0x0,
    0x2, 0xff, 0xff, 0x40, 0x0, 0x5, 0xff, 0x60,
    0x3, 0xff, 0xa0, 0x0, 0x6, 0xfe, 0xff, 0x70,
    0x0, 0x9, 0xff, 0x10, 0x0, 0xef, 0xe0, 0x0,
    0xa, 0xfa, 0xbf, 0xb0, 0x0, 0xd, 0xfd, 0x0,
    0x0, 0xaf, 0xf2, 0x0, 0xe, 0xf6, 0x7f, 0xe0,
    0x0, 0x1f, 0xf9, 0x0, 0x0, 0x6f, 0xf6, 0x0,
    0x1f, 0xf2, 0x3f, 0xf2, 0x0, 0x5f, 0xf5, 0x0,
    0x0, 0x2f, 0xfa, 0x0, 0x5f, 0xe0, 0xf, 0xf6,
    0x0, 0x9f, 0xf1, 0x0, 0x0, 0xd, 0xfe, 0x0,
    0x9f, 0xb0, 0xc, 0xf9, 0x0, 0xdf, 0xc0, 0x0,
    0x0, 0x9, 0xff, 0x20, 0xcf, 0x70, 0x8, 0xfd,
    0x1, 0xff, 0x80, 0x0, 0x0, 0x5, 0xff, 0x60,
    0xff, 0x30, 0x4, 0xff, 0x15, 0xff, 0x30, 0x0,
    0x0, 0x1, 0xff, 0xa4, 0xff, 0x0, 0x0, 0xff,
    0x49, 0xff, 0x0, 0x0, 0x0, 0x0, 0xcf, 0xe7,
    0xfb, 0x0, 0x0, 0xdf, 0x8d, 0xfb, 0x0, 0x0,
    0x0, 0x0, 0x8f, 0xfd, 0xf8, 0x0, 0x0, 0x9f,
    0xdf, 0xf7, 0x0, 0x0, 0x0, 0x0, 0x4f, 0xff,
    0xf4, 0x0, 0x0, 0x5f, 0xff, 0xf2, 0x0, 0x0,
    0x0, 0x0, 0xf, 0xff, 0xf0, 0x0, 0x0, 0x1f,
    0xff, 0xe0, 0x0, 0x0, 0x0, 0x0, 0xb, 0xff,
    0xc0, 0x0, 0x0, 0xd, 0xff, 0xa0, 0x0, 0x0,

    /* U+0175 "ŵ" */
    0x0, 0x0, 0x0, 0x2f, 0xff, 0xb0, 0x0, 0x0,
    0x0, 0x0, 0x0, 0x2, 0xef, 0x8d, 0xf9, 0x0,
    0x0, 0x0, 0x0, 0x0, 0x1d, 0xf8, 0x1, 0xdf,
    0x80, 0x0, 0x0, 0x0, 0x0, 0x13, 0x20, 0x0,
    0x13, 0x30, 0x0, 0x0, 0x0, 0x0, 0x0, 0x0,
    0x0, 0x0, 0x0, 0x0, 0x0, 0x8f, 0xf5, 0x0,
    0x9, 0xff, 0x30, 0x0, 0xbf, 0xf1, 0x3f, 0xf9,
    0x0, 0xd, 0xff, 0x80, 0x0, 0xef, 0xd0, 0xe,
    0xfd, 0x0, 0x2f, 0xff, 0xc0, 0x2, 0xff, 0x80,
    0xa, 0xff, 0x0, 0x6f, 0xef, 0xf1, 0x5, 0xff,
    0x40, 0x5, 0xff, 0x40, 0xaf, 0x8e, 0xf5, 0x9,
    0xff, 0x0, 0x1, 0xff, 0x70, 0xff, 0x3a, 0xfa,
    0xd, 0xfa, 0x0, 0x0, 0xcf, 0xb3, 0xfe, 0x5,
    0xfe, 0xf, 0xf6, 0x0, 0x0, 0x8f, 0xf8, 0xfa,
    0x1, 0xff, 0x7f, 0xf1, 0x0, 0x0, 0x3f, 0xfe,
    0xf5, 0x0, 0xcf, 0xef, 0xd0, 0x0, 0x0, 0xe,
    0xff, 0xf1, 0x0, 0x7f, 0xff, 0x80, 0x0, 0x0,
    0xa, 0xff, 0xc0, 0x0, 0x3f, 0xff, 0x30, 0x0,
    0x0, 0x5, 0xff, 0x80, 0x0, 0xe, 0xff, 0x0,
    0x0,

    /* U+0176 "Ŷ" */
    0x0, 0x0, 0x2, 0xcd, 0xd6, 0x0, 0x0, 0x0,
    0x0, 0x0, 0x1d, 0xff, 0xff, 0x40, 0x0, 0x0,
    0x0, 0x0, 0xcf, 0xc1, 0x8f, 0xf3, 0x0, 0x0,
    0x0, 0x3, 0x87, 0x0, 0x5, 0x86, 0x0, 0x0,
    0x0, 0x0, 0x0, 0x0, 0x0, 0x0, 0x0, 0x0,
    0x6f, 0xff, 0x10, 0x0, 0x0, 0x5, 0xff, 0xc0,
    0xc, 0xff, 0x90, 0x0, 0x0, 0xe, 0xff, 0x30,
    0x3, 0xff, 0xf2, 0x0, 0x0, 0x7f, 0xf9, 0x0,
    0x0, 0x9f, 0xfa, 0x0, 0x0, 0xef, 0xe1, 0x0,
    0x0, 0x1f, 0xff, 0x30, 0x8, 0xff, 0x60, 0x0,
    0x0, 0x7, 0xff, 0xb0, 0x1f, 0xfd, 0x0, 0x0,
    0x0, 0x0, 0xdf, 0xf4, 0x9f, 0xf3, 0x0, 0x0,
    0x0, 0x0, 0x4f, 0xfd, 0xff, 0xa0, 0x0, 0x0,
    0x0, 0x0, 0xa, 0xff, 0xff, 0x10, 0x0, 0x0,
    0x0, 0x0, 0x2, 0xff, 0xf7, 0x0, 0x0, 0x0,
    0x0, 0x0, 0x0, 0xbf, 0xf2, 0x0, 0x0, 0x0,
    0x0, 0x0, 0x0, 0xbf, 0xf2, 0x0, 0x0, 0x0,
    0x0, 0x0, 0x0, 0xbf, 0xf2, 0x0, 0x0, 0x0,
    0x0, 0x0, 0x0, 0xbf, 0xf2, 0x0, 0x0, 0x0,
    0x0, 0x0, 0x0, 0xbf, 0xf2, 0x0, 0x0, 0x0,
    0x0, 0x0, 0x0, 0xbf, 0xf2, 0x0, 0x0, 0x0,
    0x0, 0x0, 0x0, 0xbf, 0xf2, 0x0, 0x0, 0x0,

    /* U+0177 "ŷ" */
    0x0, 0x1, 0xef, 0xfc, 0x0, 0x0, 0x0, 0x1d,
    0xfa, 0xcf, 0xb0, 0x0, 0x0, 0xcf, 0x90, 0xc,
    0xf9, 0x0, 0x1, 0x33, 0x0, 0x0, 0x33, 0x0,
    0x0, 0x0, 0x0, 0x0, 0x0, 0x0, 0xbf, 0xf4,
    0x0, 0x0, 0x6f, 0xf8, 0x5f, 0xfa, 0x0, 0x0,
    0xcf, 0xf1, 0xe, 0xff, 0x0, 0x2, 0xff, 0xb0,
    0x9, 0xff, 0x50, 0x7, 0xff, 0x50, 0x3, 0xff,
    0xb0, 0xd, 0xfe, 0x0, 0x0, 0xcf, 0xf1, 0x2f,
    0xf8, 0x0, 0x0, 0x6f, 0xf6, 0x8f, 0xf2, 0x0,
    0x0, 0x1f, 0xfc, 0xdf, 0xb0, 0x0, 0x0, 0xa,
    0xff, 0xff, 0x50, 0x0, 0x0, 0x4, 0xff, 0xfe,
    0x0, 0x0, 0x0, 0x0, 0xef, 0xf9, 0x0, 0x0,
    0x0, 0x0, 0xaf, 0xf2, 0x0, 0x0, 0x0, 0x0,
    0xef, 0xc0, 0x0, 0x0, 0x0, 0x6, 0xff, 0x60,
    0x0, 0x0, 0x0, 0xc, 0xff, 0x0, 0x0, 0x0,
    0x0, 0x3f, 0xf9, 0x0, 0x0, 0x0, 0x0, 0xaf,
    0xf3, 0x0, 0x0, 0x0,

    /* U+0178 "Ÿ" */
    0x0, 0x5, 0xff, 0xa0, 0x4f, 0xfb, 0x0, 0x0,
    0x0, 0x5, 0xff, 0xa0, 0x4f, 0xfb, 0x0, 0x0,
    0x0, 0x5, 0xff, 0xa0, 0x4f, 0xfb, 0x0, 0x0,
    0x0, 0x1, 0x33, 0x20, 0x13, 0x32, 0x0, 0x0,
    0x0, 0x0, 0x0, 0x0, 0x0, 0x0, 0x0, 0x0,
    0x5f, 0xff, 0x10, 0x0, 0x0, 0x5, 0xff, 0xc0,
    0xc, 0xff, 0x90, 0x0, 0x0, 0xe, 0xff, 0x20,
    0x2, 0xff, 0xf2, 0x0, 0x0, 0x7f, 0xf8, 0x0,
    0x0, 0x9f, 0xfb, 0x0, 0x1, 0xff, 0xe0, 0x0,
    0x0, 0xe, 0xff, 0x40, 0x9, 0xff, 0x50, 0x0,
    0x0, 0x5, 0xff, 0xd0, 0x2f, 0xfb, 0x0, 0x0,
    0x0, 0x0, 0xbf, 0xf6, 0xbf, 0xf2, 0x0, 0x0,
    0x0, 0x0, 0x2f, 0xff, 0xff, 0x80, 0x0, 0x0,
    0x0, 0x0, 0x8, 0xff, 0xfe, 0x0, 0x0, 0x0,
    0x0, 0x0, 0x0, 0xef, 0xf5, 0x0, 0x0, 0x0,
    0x0, 0x0, 0x0, 0xbf, 0xf2, 0x0, 0x0, 0x0,
    0x0, 0x0, 0x0, 0xbf, 0xf2, 0x0, 0x0, 0x0,
    0x0, 0x0, 0x0, 0xbf, 0xf2, 0x0, 0x0, 0x0,
    0x0, 0x0, 0x0, 0xbf, 0xf2, 0x0, 0x0, 0x0,
    0x0, 0x0, 0x0, 0xbf, 0xf2, 0x0, 0x0, 0x0,
    0x0, 0x0, 0x0, 0xbf, 0xf2, 0x0, 0x0, 0x0,
    0x0, 0x0, 0x0, 0xbf, 0xf2, 0x0, 0x0, 0x0,

    /* U+0179 "Ź" */
    0x0, 0x0, 0x1, 0xff, 0xf9, 0x0, 0x0, 0x0,
    0xa, 0xff, 0x90, 0x0, 0x0, 0x0, 0x5f, 0xf9,
    0x0, 0x0, 0x0, 0x0, 0x8a, 0x70, 0x0, 0x0,
    0x0, 0x0, 0x0, 0x0, 0x0, 0x0, 0xbf, 0xff,
    0xff, 0xff, 0xff, 0xfd, 0xbf, 0xff, 0xff, 0xff,
    0xff, 0xfd, 0x46, 0x66, 0x66, 0x66, 0xff, 0xf9,
    0x0, 0x0, 0x0, 0x8, 0xff, 0xd0, 0x0, 0x0,
    0x0, 0x3f, 0xff, 0x40, 0x0, 0x0, 0x0, 0xdf,
    0xf9, 0x0, 0x0, 0x0, 0x7, 0xff, 0xe1, 0x0,
    0x0, 0x0, 0x2f, 0xff, 0x50, 0x0, 0x0, 0x0,
    0xcf, 0xfa, 0x0, 0x0, 0x0, 0x7, 0xff, 0xe1,
    0x0, 0x0, 0x0, 0x2f, 0xff, 0x50, 0x0, 0x0,
    0x0, 0xbf, 0xfb, 0x0, 0x0, 0x0, 0x6, 0xff,
    0xf1, 0x0, 0x0, 0x0, 0x1f, 0xff, 0x60, 0x0,
    0x0, 0x0, 0xbf, 0xfe, 0x66, 0x66, 0x66, 0x65,
    0xff, 0xff, 0xff, 0xff, 0xff, 0xff, 0xff, 0xff,
    0xff, 0xff, 0xff, 0xff,

    /* U+017A "ź" */
    0x0, 0x0, 0x5f, 0xff, 0x40, 0x0, 0x1, 0xef,
    0xf4, 0x0, 0x0, 0x9, 0xff, 0x40, 0x0, 0x0,
    0x19, 0xa4, 0x0, 0x0, 0x0, 0x0, 0x0, 0x0,
    0x0, 0xcf, 0xff, 0xff, 0xff, 0xf3, 0xcf, 0xff,
    0xff, 0xff, 0xf3, 0x34, 0x44, 0x4b, 0xff, 0xd0,
    0x0, 0x0, 0x3f, 0xff, 0x30, 0x0, 0x1, 0xef,
    0xf6, 0x0, 0x0, 0xb, 0xff, 0xb0, 0x0, 0x0,
    0x6f, 0xfe, 0x10, 0x0, 0x3, 0xff, 0xf4, 0x0,
    0x0, 0xd, 0xff, 0x80, 0x0, 0x0, 0xaf, 0xfe,
    0x44, 0x44, 0x41, 0xff, 0xff, 0xff, 0xff, 0xf5,
    0xff, 0xff, 0xff, 0xff, 0xf5,

    /* U+017B "Ż" */
    0x0, 0x0, 0x9f, 0xf7, 0x0, 0x0, 0x0, 0x0,
    0x9f, 0xf7, 0x0, 0x0, 0x0, 0x0, 0x9f, 0xf7,
    0x0, 0x0, 0x0, 0x0, 0x13, 0x31, 0x0, 0x0,
    0x0, 0x0, 0x0, 0x0, 0x0, 0x0, 0xbf, 0xff,
    0xff, 0xff, 0xff, 0xfd, 0xbf, 0xff, 0xff, 0xff,
    0xff, 0xfd, 0x46, 0x66, 0x66, 0x66, 0xff, 0xf9,
    0x0, 0x0, 0x0, 0x8, 0xff, 0xd0, 0x0, 0x0,
    0x0, 0x3f, 0xff, 0x40, 0x0, 0x0, 0x0, 0xdf,
    0xf9, 0x0, 0x0, 0x0, 0x7, 0xff, 0xe1, 0x0,
    0x0, 0x0, 0x2f, 0xff, 0x50, 0x0, 0x0, 0x0,
    0xcf, 0xfa, 0x0, 0x0, 0x0, 0x7, 0xff, 0xe1,
    0x0, 0x0, 0x0, 0x2f, 0xff, 0x50, 0x0, 0x0,
    0x0, 0xbf, 0xfb, 0x0, 0x0, 0x0, 0x6, 0xff,
    0xf1, 0x0, 0x0, 0x0, 0x1f, 0xff, 0x60, 0x0,
    0x0, 0x0, 0xbf, 0xfe, 0x66, 0x66, 0x66, 0x65,
    0xff, 0xff, 0xff, 0xff, 0xff, 0xff, 0xff, 0xff,
    0xff, 0xff, 0xff, 0xff,

    /* U+017C "ż" */
    0x0, 0xd, 0xff, 0x20, 0x0, 0x0, 0xd, 0xff,
    0x20, 0x0, 0x0, 0xd, 0xff, 0x20, 0x0, 0x0,
    0x3, 0x33, 0x0, 0x0, 0x0, 0x0, 0x0, 0x0,
    0x0, 0xcf, 0xff, 0xff, 0xff, 0xf3, 0xcf, 0xff,
    0xff, 0xff, 0xf3, 0x34, 0x44, 0x4b, 0xff, 0xd0,
    0x0, 0x0, 0x3f, 0xff, 0x30, 0x0, 0x1, 0xef,
    0xf6, 0x0, 0x0, 0xb, 0xff, 0xb0, 0x0, 0x0,
    0x6f, 0xfe, 0x10, 0x0, 0x3, 0xff, 0xf4, 0x0,
    0x0, 0xd, 0xff, 0x80, 0x0, 0x0, 0xaf, 0xfe,
    0x44, 0x44, 0x41, 0xff, 0xff, 0xff, 0xff, 0xf5,
    0xff, 0xff, 0xff, 0xff, 0xf5,

    /* U+017D "Ž" */
    0x1, 0xef, 0x70, 0x9, 0xfd, 0x0, 0x0, 0x3f,
    0xf9, 0xaf, 0xe2, 0x0, 0x0, 0x5, 0xff, 0xff,
    0x30, 0x0, 0x0, 0x0, 0x58, 0x84, 0x0, 0x0,
    0x0, 0x0, 0x0, 0x0, 0x0, 0x0, 0xbf, 0xff,
    0xff, 0xff, 0xff, 0xfd, 0xbf, 0xff, 0xff, 0xff,
    0xff, 0xfd, 0x46, 0x66, 0x66, 0x66, 0xff, 0xf9,
    0x0, 0x0, 0x0, 0x8, 0xff, 0xd0, 0x0, 0x0,
    0x0, 0x3f, 0xff, 0x40, 0x0, 0x0, 0x0, 0xdf,
    0xf9, 0x0, 0x0, 0x0, 0x7, 0xff, 0xe1, 0x0,
    0x0, 0x0, 0x2f, 0xff, 0x50, 0x0, 0x0, 0x0,
    0xcf, 0xfa, 0x0, 0x0, 0x0, 0x7, 0xff, 0xe1,
    0x0, 0x0, 0x0, 0x2f, 0xff, 0x50, 0x0, 0x0,
    0x0, 0xbf, 0xfb, 0x0, 0x0, 0x0, 0x6, 0xff,
    0xf1, 0x0, 0x0, 0x0, 0x1f, 0xff, 0x60, 0x0,
    0x0, 0x0, 0xbf, 0xfe, 0x66, 0x66, 0x66, 0x65,
    0xff, 0xff, 0xff, 0xff, 0xff, 0xff, 0xff, 0xff,
    0xff, 0xff, 0xff, 0xff,

    /* U+017E "ž" */
    0x4f, 0xf4, 0x1, 0xdf, 0x90, 0x6, 0xff, 0x7e,
    0xfb, 0x0, 0x0, 0x9f, 0xff, 0xd0, 0x0, 0x0,
    0x6, 0x66, 0x10, 0x0, 0x0, 0x0, 0x0, 0x0,
    0x0, 0xcf, 0xff, 0xff, 0xff, 0xf3, 0xcf, 0xff,
    0xff, 0xff, 0xf3, 0x34, 0x44, 0x4b, 0xff, 0xd0,
    0x0, 0x0, 0x3f, 0xff, 0x30, 0x0, 0x1, 0xef,
    0xf6, 0x0, 0x0, 0xb, 0xff, 0xb0, 0x0, 0x0,
    0x6f, 0xfe, 0x10, 0x0, 0x3, 0xff, 0xf4, 0x0,
    0x0, 0xd, 0xff, 0x80, 0x0, 0x0, 0xaf, 0xfe,
    0x44, 0x44, 0x41, 0xff, 0xff, 0xff, 0xff, 0xf5,
    0xff, 0xff, 0xff, 0xff, 0xf5,

    /* U+2013 "–" */
    0x13, 0x33, 0x33, 0x33, 0x33, 0x28, 0xff, 0xff,
    0xff, 0xff, 0xfb, 0x8f, 0xff, 0xff, 0xff, 0xff,
    0xb0,

    /* U+2014 "—" */
    0x13, 0x33, 0x33, 0x33, 0x33, 0x33, 0x33, 0x33,
    0x31, 0x8f, 0xff, 0xff, 0xff, 0xff, 0xff, 0xff,
    0xff, 0xf5, 0x8f, 0xff, 0xff, 0xff, 0xff, 0xff,
    0xff, 0xff, 0xf5,

    /* U+2018 "‘" */
    0x0, 0x35, 0x7, 0xfa, 0x2f, 0x70, 0x6f, 0x20,
    0x8f, 0xfa, 0x9f, 0xfa, 0x9f, 0xfa,

    /* U+2019 "’" */
    0x9f, 0xfa, 0x9f, 0xfa, 0x9f, 0xf9, 0x2, 0xf7,
    0x6, 0xf2, 0x9f, 0x80, 0x54, 0x0,

    /* U+201A "‚" */
    0x35, 0x52, 0x9f, 0xf8, 0x9f, 0xf8, 0x9f, 0xf8,
    0x2, 0xf6, 0x8, 0xf1, 0x8f, 0x60, 0x53, 0x0,

    /* U+201C "“" */
    0x0, 0x35, 0x0, 0x17, 0x7, 0xfa, 0x3, 0xef,
    0x2f, 0x70, 0xc, 0xc0, 0x6f, 0x20, 0x2f, 0x71,
    0x8f, 0xfa, 0x4f, 0xff, 0x9f, 0xfa, 0x4f, 0xff,
    0x9f, 0xfa, 0x4f, 0xff,

    /* U+201D "”" */
    0x9f, 0xfa, 0x4f, 0xff, 0x9f, 0xfa, 0x4f, 0xff,
    0x9f, 0xf9, 0x4f, 0xfe, 0x2, 0xf7, 0x1, 0xcc,
    0x6, 0xf2, 0x2, 0xf7, 0x9f, 0x80, 0x4f, 0xc0,
    0x54, 0x0, 0x35, 0x0,

    /* U+201E "„" */
    0x35, 0x52, 0x25, 0x53, 0x9f, 0xf8, 0x6f, 0xfc,
    0x9f, 0xf8, 0x6f, 0xfc, 0x9f, 0xf8, 0x6f, 0xfb,
    0x2, 0xf6, 0x0, 0xf9, 0x8, 0xf1, 0x5, 0xf4,
    0x8f, 0x60, 0x4f, 0xa0, 0x53, 0x0, 0x35, 0x0,

    /* U+2022 "•" */
    0x6c, 0xcc, 0xb9, 0xff, 0xff, 0x9f, 0xff, 0xf9,
    0xff, 0xff, 0x9f, 0xff, 0xf0,

    /* U+2026 "…" */
    0x25, 0x53, 0x3, 0x55, 0x30, 0x35, 0x53, 0x9f,
    0xfa, 0x9, 0xff, 0x90, 0x9f, 0xf9, 0x9f, 0xfa,
    0x9, 0xff, 0x90, 0x9f, 0xf9, 0x9f, 0xfa, 0x9,
    0xff, 0x90, 0x9f, 0xf9,

    /* U+F001 "" */
    0x0, 0x0, 0x0, 0x0, 0x0, 0x0, 0x0, 0x0,
    0x0, 0x0, 0x1, 0x0, 0x0, 0x0, 0x0, 0x0,
    0x0, 0x0, 0x0, 0x0, 0x5, 0x9e, 0xf8, 0x0,
    0x0, 0x0, 0x0, 0x0, 0x0, 0x0, 0x26, 0xbf,
    0xff, 0xff, 0xd0, 0x0, 0x0, 0x0, 0x0, 0x0,
    0x48, 0xdf, 0xff, 0xff, 0xff, 0xfd, 0x0, 0x0,
    0x0, 0x1, 0x5a, 0xff, 0xff, 0xff, 0xff, 0xff,
    0xff, 0xd0, 0x0, 0x0, 0x5, 0xff, 0xff, 0xff,
    0xff, 0xff, 0xff, 0xff, 0xfd, 0x0, 0x0, 0x0,
    0xaf, 0xff, 0xff, 0xff, 0xff, 0xff, 0xff, 0xff,
    0xd0, 0x0, 0x0, 0xa, 0xff, 0xff, 0xff, 0xff,
    0xfd, 0x94, 0xe, 0xfd, 0x0, 0x0, 0x0, 0xaf,
    0xff, 0xff, 0xfc, 0x72, 0x0, 0x0, 0xef, 0xd0,
    0x0, 0x0, 0xa, 0xff, 0xea, 0x50, 0x0, 0x0,
    0x0, 0xe, 0xfd, 0x0, 0x0, 0x0, 0xaf, 0xf1,
    0x0, 0x0, 0x0, 0x0, 0x0, 0xef, 0xd0, 0x0,
    0x0, 0xa, 0xff, 0x10, 0x0, 0x0, 0x0, 0x0,
    0xe, 0xfd, 0x0, 0x0, 0x0, 0xaf, 0xf1, 0x0,
    0x0, 0x0, 0x0, 0x0, 0xef, 0xd0, 0x0, 0x0,
    0xa, 0xff, 0x10, 0x0, 0x0, 0x0, 0x0, 0xe,
    0xfd, 0x0, 0x0, 0x0, 0xaf, 0xf1, 0x0, 0x0,
    0x0, 0x3, 0x54, 0xff, 0xd0, 0x0, 0x0, 0xa,
    0xff, 0x10, 0x0, 0x0, 0x5e, 0xff, 0xff, 0xfd,
    0x0, 0x0, 0x0, 0xaf, 0xf1, 0x0, 0x0, 0x3f,
    0xff, 0xff, 0xff, 0xd0, 0x1, 0x69, 0x9d, 0xff,
    0x10, 0x0, 0x6, 0xff, 0xff, 0xff, 0xfc, 0x6,
    0xff, 0xff, 0xff, 0xf1, 0x0, 0x0, 0x1e, 0xff,
    0xff, 0xff, 0x61, 0xff, 0xff, 0xff, 0xff, 0x10,
    0x0, 0x0, 0x2a, 0xff, 0xfc, 0x50, 0x1f, 0xff,
    0xff, 0xff, 0xf0, 0x0, 0x0, 0x0, 0x0, 0x10,
    0x0, 0x0, 0x9f, 0xff, 0xff, 0xf7, 0x0, 0x0,
    0x0, 0x0, 0x0, 0x0, 0x0, 0x0, 0x4a, 0xcc,
    0xa3, 0x0, 0x0, 0x0, 0x0, 0x0, 0x0, 0x0,
    0x0,

    /* U+F008 "" */
    0x42, 0x0, 0x78, 0x88, 0x88, 0x88, 0x88, 0x88,
    0x87, 0x0, 0x24, 0xf8, 0x22, 0xef, 0xff, 0xff,
    0xff, 0xff, 0xff, 0xfe, 0x22, 0x8f, 0xff, 0xff,
    0xff, 0xb9, 0x99, 0x99, 0x99, 0x9b, 0xff, 0xff,
    0xff, 0xf9, 0x44, 0xff, 0x30, 0x0, 0x0, 0x0,
    0x3, 0xff, 0x44, 0x9f, 0xf6, 0x0, 0xef, 0x30,
    0x0, 0x0, 0x0, 0x3, 0xfe, 0x0, 0x6f, 0xf7,
    0x0, 0xef, 0x30, 0x0, 0x0, 0x0, 0x3, 0xfe,
    0x0, 0x7f, 0xff, 0xff, 0xff, 0x30, 0x0, 0x0,
    0x0, 0x3, 0xff, 0xff, 0xff, 0xfa, 0x66, 0xff,
    0x74, 0x44, 0x44, 0x44, 0x47, 0xff, 0x66, 0xaf,
    0xf6, 0x0, 0xef, 0xff, 0xff, 0xff, 0xff, 0xff,
    0xfe, 0x0, 0x6f, 0xf6, 0x0, 0xef, 0xdc, 0xcc,
    0xcc, 0xcc, 0xcd, 0xfe, 0x0, 0x6f, 0xff, 0xee,
    0xff, 0x30, 0x0, 0x0, 0x0, 0x3, 0xff, 0xee,
    0xff, 0xfc, 0x88, 0xff, 0x30, 0x0, 0x0, 0x0,
    0x3, 0xff, 0x88, 0xcf, 0xf6, 0x0, 0xef, 0x30,
    0x0, 0x0, 0x0, 0x3, 0xfe, 0x0, 0x6f, 0xf6,
    0x0, 0xef, 0x30, 0x0, 0x0, 0x0, 0x3, 0xfe,
    0x0, 0x6f, 0xfe, 0xcc, 0xff, 0x41, 0x11, 0x11,
    0x11, 0x14, 0xff, 0xcc, 0xef, 0xfd, 0xaa, 0xff,
    0xff, 0xff, 0xff, 0xff, 0xff, 0xff, 0xaa, 0xdf,
    0xc6, 0x0, 0xef, 0xff, 0xff, 0xff, 0xff, 0xff,
    0xfe, 0x0, 0x6c,

    /* U+F00B "" */
    0xbf, 0xff, 0xfe, 0x31, 0xdf, 0xff, 0xff, 0xff,
    0xff, 0xff, 0xfb, 0xff, 0xff, 0xff, 0x63, 0xff,
    0xff, 0xff, 0xff, 0xff, 0xff, 0xff, 0xff, 0xff,
    0xff, 0x63, 0xff, 0xff, 0xff, 0xff, 0xff, 0xff,
    0xff, 0xff, 0xff, 0xff, 0x63, 0xff, 0xff, 0xff,
    0xff, 0xff, 0xff, 0xff, 0xff, 0xff, 0xff, 0x63,
    0xff, 0xff, 0xff, 0xff, 0xff, 0xff, 0xff, 0x58,
    0x88, 0x87, 0x0, 0x78, 0x88, 0x88, 0x88, 0x88,
    0x88, 0x85, 0x0, 0x0, 0x0, 0x0, 0x0, 0x0,
    0x0, 0x0, 0x0, 0x0, 0x0, 0xcf, 0xff, 0xff,
    0x31, 0xef, 0xff, 0xff, 0xff, 0xff, 0xff, 0xfc,
    0xff, 0xff, 0xff, 0x63, 0xff, 0xff, 0xff, 0xff,
    0xff, 0xff, 0xff, 0xff, 0xff, 0xff, 0x63, 0xff,
    0xff, 0xff, 0xff, 0xff, 0xff, 0xff, 0xff, 0xff,
    0xff, 0x63, 0xff, 0xff, 0xff, 0xff, 0xff, 0xff,
    0xff, 0xff, 0xff, 0xff, 0x53, 0xff, 0xff, 0xff,
    0xff, 0xff, 0xff, 0xff, 0x47, 0x88, 0x87, 0x0,
    0x68, 0x88, 0x88, 0x88, 0x88, 0x88, 0x74, 0x0,
    0x0, 0x0, 0x0, 0x0, 0x0, 0x0, 0x0, 0x0,
    0x0, 0x0, 0xcf, 0xff, 0xff, 0x31, 0xef, 0xff,
    0xff, 0xff, 0xff, 0xff, 0xfc, 0xff, 0xff, 0xff,
    0x63, 0xff, 0xff, 0xff, 0xff, 0xff, 0xff, 0xff,
    0xff, 0xff, 0xff, 0x63, 0xff, 0xff, 0xff, 0xff,
    0xff, 0xff, 0xff, 0xff, 0xff, 0xff, 0x63, 0xff,
    0xff, 0xff, 0xff, 0xff, 0xff, 0xff, 0xff, 0xff,
    0xff, 0x52, 0xff, 0xff, 0xff, 0xff, 0xff, 0xff,
    0xff, 0x37, 0x77, 0x76, 0x0, 0x57, 0x77, 0x77,
    0x77, 0x77, 0x77, 0x74,

    /* U+F00C "" */
    0x0, 0x0, 0x0, 0x0, 0x0, 0x0, 0x0, 0x0,
    0x0, 0x16, 0x0, 0x0, 0x0, 0x0, 0x0, 0x0,
    0x0, 0x0, 0x0, 0x2, 0xef, 0xb0, 0x0, 0x0,
    0x0, 0x0, 0x0, 0x0, 0x0, 0x0, 0x2e, 0xff,
    0xfb, 0x0, 0x0, 0x0, 0x0, 0x0, 0x0, 0x0,
    0x2, 0xef, 0xff, 0xfe, 0x0, 0x0, 0x0, 0x0,
    0x0, 0x0, 0x0, 0x2e, 0xff, 0xff, 0xf3, 0x0,
    0x0, 0x0, 0x0, 0x0, 0x0, 0x2, 0xef, 0xff,
    0xff, 0x30, 0x4, 0xe8, 0x0, 0x0, 0x0, 0x0,
    0x2e, 0xff, 0xff, 0xf3, 0x0, 0x4f, 0xff, 0x80,
    0x0, 0x0, 0x2, 0xef, 0xff, 0xff, 0x30, 0x0,
    0xef, 0xff, 0xf8, 0x0, 0x0, 0x2e, 0xff, 0xff,
    0xf3, 0x0, 0x0, 0xaf, 0xff, 0xff, 0x80, 0x2,
    0xef, 0xff, 0xff, 0x30, 0x0, 0x0, 0xa, 0xff,
    0xff, 0xf8, 0x2e, 0xff, 0xff, 0xf3, 0x0, 0x0,
    0x0, 0x0, 0xaf, 0xff, 0xff, 0xff, 0xff, 0xff,
    0x30, 0x0, 0x0, 0x0, 0x0, 0xa, 0xff, 0xff,
    0xff, 0xff, 0xf3, 0x0, 0x0, 0x0, 0x0, 0x0,
    0x0, 0xaf, 0xff, 0xff, 0xff, 0x30, 0x0, 0x0,
    0x0, 0x0, 0x0, 0x0, 0xa, 0xff, 0xff, 0xf3,
    0x0, 0x0, 0x0, 0x0, 0x0, 0x0, 0x0, 0x0,
    0xaf, 0xfe, 0x30, 0x0, 0x0, 0x0, 0x0, 0x0,
    0x0, 0x0, 0x0, 0x9, 0xd3, 0x0, 0x0, 0x0,
    0x0, 0x0, 0x0,

    /* U+F00D "" */
    0x8, 0xc4, 0x0, 0x0, 0x0, 0x2, 0xc9, 0x0,
    0x9f, 0xff, 0x40, 0x0, 0x0, 0x2e, 0xff, 0xb0,
    0xff, 0xff, 0xf4, 0x0, 0x2, 0xef, 0xff, 0xf1,
    0x7f, 0xff, 0xff, 0x40, 0x2e, 0xff, 0xff, 0x90,
    0x8, 0xff, 0xff, 0xf6, 0xef, 0xff, 0xfa, 0x0,
    0x0, 0x8f, 0xff, 0xff, 0xff, 0xff, 0xa0, 0x0,
    0x0, 0x8, 0xff, 0xff, 0xff, 0xfa, 0x0, 0x0,
    0x0, 0x0, 0x9f, 0xff, 0xff, 0xb0, 0x0, 0x0,
    0x0, 0x2, 0xef, 0xff, 0xff, 0xf4, 0x0, 0x0,
    0x0, 0x2e, 0xff, 0xff, 0xff, 0xff, 0x40, 0x0,
    0x2, 0xef, 0xff, 0xfd, 0xff, 0xff, 0xf4, 0x0,
    0x2e, 0xff, 0xff, 0xa0, 0x8f, 0xff, 0xff, 0x40,
    0xdf, 0xff, 0xfa, 0x0, 0x8, 0xff, 0xff, 0xf0,
    0xdf, 0xff, 0xa0, 0x0, 0x0, 0x8f, 0xff, 0xe0,
    0x2e, 0xfa, 0x0, 0x0, 0x0, 0x8, 0xff, 0x30,
    0x0, 0x30, 0x0, 0x0, 0x0, 0x0, 0x21, 0x0,

    /* U+F011 "" */
    0x0, 0x0, 0x0, 0x0, 0x1, 0x33, 0x0, 0x0,
    0x0, 0x0, 0x0, 0x0, 0x0, 0x0, 0x0, 0xd,
    0xff, 0x60, 0x0, 0x0, 0x0, 0x0, 0x0, 0x0,
    0x0, 0x0, 0xe, 0xff, 0x80, 0x0, 0x0, 0x0,
    0x0, 0x0, 0x0, 0xaf, 0x50, 0xe, 0xff, 0x80,
    0xb, 0xf4, 0x0, 0x0, 0x0, 0xb, 0xff, 0xe0,
    0xe, 0xff, 0x80, 0x4f, 0xff, 0x50, 0x0, 0x0,
    0x9f, 0xff, 0xe0, 0xe, 0xff, 0x80, 0x5f, 0xff,
    0xf2, 0x0, 0x3, 0xff, 0xfe, 0x30, 0xe, 0xff,
    0x80, 0x8, 0xff, 0xfc, 0x0, 0xb, 0xff, 0xf3,
    0x0, 0xe, 0xff, 0x80, 0x0, 0xaf, 0xff, 0x50,
    0x1f, 0xff, 0x90, 0x0, 0xe, 0xff, 0x80, 0x0,
    0x1f, 0xff, 0xb0, 0x6f, 0xff, 0x30, 0x0, 0xe,
    0xff, 0x80, 0x0, 0x9, 0xff, 0xf0, 0x8f, 0xff,
    0x0, 0x0, 0xe, 0xff, 0x80, 0x0, 0x5, 0xff,
    0xf2, 0xaf, 0xfd, 0x0, 0x0, 0xe, 0xff, 0x80,
    0x0, 0x3, 0xff, 0xf3, 0x9f, 0xfd, 0x0, 0x0,
    0xc, 0xff, 0x50, 0x0, 0x4, 0xff, 0xf2, 0x8f,
    0xff, 0x0, 0x0, 0x0, 0x11, 0x0, 0x0, 0x6,
    0xff, 0xf1, 0x4f, 0xff, 0x50, 0x0, 0x0, 0x0,
    0x0, 0x0, 0xb, 0xff, 0xe0, 0xf, 0xff, 0xc0,
    0x0, 0x0, 0x0, 0x0, 0x0, 0x3f, 0xff, 0x90,
    0x8, 0xff, 0xf8, 0x0, 0x0, 0x0, 0x0, 0x1,
    0xef, 0xff, 0x20, 0x1, 0xef, 0xff, 0x90, 0x0,
    0x0, 0x0, 0x2d, 0xff, 0xf9, 0x0, 0x0, 0x4f,
    0xff, 0xfd, 0x62, 0x1, 0x49, 0xff, 0xff, 0xc0,
    0x0, 0x0, 0x6, 0xff, 0xff, 0xff, 0xff, 0xff,
    0xff, 0xfd, 0x10, 0x0, 0x0, 0x0, 0x4e, 0xff,
    0xff, 0xff, 0xff, 0xff, 0xa0, 0x0, 0x0, 0x0,
    0x0, 0x0, 0x7d, 0xff, 0xff, 0xff, 0xb4, 0x0,
    0x0, 0x0, 0x0, 0x0, 0x0, 0x0, 0x25, 0x65,
    0x30, 0x0, 0x0, 0x0, 0x0,

    /* U+F013 "" */
    0x0, 0x0, 0x0, 0x0, 0x0, 0x0, 0x0, 0x0,
    0x0, 0x0, 0x0, 0x0, 0x0, 0x0, 0x0, 0x6c,
    0xee, 0xc7, 0x0, 0x0, 0x0, 0x0, 0x0, 0x0,
    0x0, 0x0, 0xbf, 0xff, 0xfc, 0x0, 0x0, 0x0,
    0x0, 0x0, 0x0, 0x0, 0x0, 0xbf, 0xff, 0xfc,
    0x0, 0x0, 0x0, 0x0, 0x0, 0x8, 0x30, 0x2a,
    0xff, 0xff, 0xff, 0xb2, 0x3, 0x80, 0x0, 0x0,
    0x8f, 0xfb, 0xff, 0xff, 0xff, 0xff, 0xff, 0xbf,
    0xf8, 0x0, 0x3, 0xff, 0xff, 0xff, 0xff, 0xff,
    0xff, 0xff, 0xff, 0xff, 0x40, 0xb, 0xff, 0xff,
    0xff, 0xff, 0xff, 0xff, 0xff, 0xff, 0xff, 0xb0,
    0x1f, 0xff, 0xff, 0xff, 0xfa, 0x55, 0xaf, 0xff,
    0xff, 0xff, 0xf2, 0x6, 0xef, 0xff, 0xff, 0x70,
    0x0, 0x7, 0xff, 0xff, 0xff, 0x60, 0x0, 0x2f,
    0xff, 0xfd, 0x0, 0x0, 0x0, 0xcf, 0xff, 0xf3,
    0x0, 0x0, 0x3f, 0xff, 0xfa, 0x0, 0x0, 0x0,
    0x9f, 0xff, 0xf3, 0x0, 0x0, 0x2f, 0xff, 0xfb,
    0x0, 0x0, 0x0, 0xaf, 0xff, 0xf3, 0x0, 0x0,
    0x8f, 0xff, 0xff, 0x20, 0x0, 0x1, 0xff, 0xff,
    0xf9, 0x0, 0x1e, 0xff, 0xff, 0xff, 0xd3, 0x0,
    0x3d, 0xff, 0xff, 0xff, 0xe1, 0xe, 0xff, 0xff,
    0xff, 0xff, 0xee, 0xff, 0xff, 0xff, 0xff, 0xe0,
    0x7, 0xff, 0xff, 0xff, 0xff, 0xff, 0xff, 0xff,
    0xff, 0xff, 0x80, 0x0, 0xdf, 0xff, 0xff, 0xff,
    0xff, 0xff, 0xff, 0xff, 0xfd, 0x0, 0x0, 0x2f,
    0xb2, 0x9f, 0xff, 0xff, 0xff, 0xfa, 0x2a, 0xf3,
    0x0, 0x0, 0x1, 0x0, 0x2, 0xdf, 0xff, 0xfe,
    0x30, 0x0, 0x10, 0x0, 0x0, 0x0, 0x0, 0x0,
    0xbf, 0xff, 0xfc, 0x0, 0x0, 0x0, 0x0, 0x0,
    0x0, 0x0, 0x0, 0xbf, 0xff, 0xfb, 0x0, 0x0,
    0x0, 0x0, 0x0, 0x0, 0x0, 0x0, 0x14, 0x66,
    0x41, 0x0, 0x0, 0x0, 0x0,

    /* U+F015 "" */
    0x0, 0x0, 0x0, 0x0, 0x0, 0x1b, 0xe9, 0x0,
    0x5, 0xff, 0xd0, 0x0, 0x0, 0x0, 0x0, 0x0,
    0x0, 0x3e, 0xff, 0xfc, 0x10, 0x7f, 0xff, 0x0,
    0x0, 0x0, 0x0, 0x0, 0x0, 0x6f, 0xff, 0xff,
    0xfe, 0x37, 0xff, 0xf0, 0x0, 0x0, 0x0, 0x0,
    0x0, 0x9f, 0xff, 0xb4, 0xdf, 0xff, 0xbf, 0xff,
    0x0, 0x0, 0x0, 0x0, 0x1, 0xbf, 0xff, 0x80,
    0x1, 0xbf, 0xff, 0xff, 0xf0, 0x0, 0x0, 0x0,
    0x2, 0xdf, 0xff, 0x50, 0x8f, 0x50, 0x9f, 0xff,
    0xff, 0x0, 0x0, 0x0, 0x4, 0xff, 0xfe, 0x30,
    0xbf, 0xff, 0x70, 0x6f, 0xff, 0xf1, 0x0, 0x0,
    0x7, 0xff, 0xfc, 0x12, 0xdf, 0xff, 0xff, 0xa0,
    0x3e, 0xff, 0xe3, 0x0, 0xa, 0xff, 0xfa, 0x3,
    0xef, 0xff, 0xff, 0xff, 0xc1, 0x2d, 0xff, 0xf6,
    0xc, 0xff, 0xf7, 0x6, 0xff, 0xff, 0xff, 0xff,
    0xff, 0xe3, 0xb, 0xff, 0xf8, 0x9f, 0xf5, 0x9,
    0xff, 0xff, 0xff, 0xff, 0xff, 0xff, 0xf5, 0x8,
    0xff, 0x50, 0x93, 0xa, 0xff, 0xff, 0xff, 0xff,
    0xff, 0xff, 0xff, 0xf6, 0x5, 0x70, 0x0, 0x0,
    0xef, 0xff, 0xff, 0xff, 0xff, 0xff, 0xff, 0xff,
    0xa0, 0x0, 0x0, 0x0, 0xe, 0xff, 0xff, 0xff,
    0xcc, 0xcf, 0xff, 0xff, 0xfa, 0x0, 0x0, 0x0,
    0x0, 0xef, 0xff, 0xff, 0x50, 0x0, 0x9f, 0xff,
    0xff, 0xa0, 0x0, 0x0, 0x0, 0xe, 0xff, 0xff,
    0xf5, 0x0, 0x9, 0xff, 0xff, 0xfa, 0x0, 0x0,
    0x0, 0x0, 0xef, 0xff, 0xff, 0x50, 0x0, 0x9f,
    0xff, 0xff, 0xa0, 0x0, 0x0, 0x0, 0xe, 0xff,
    0xff, 0xf5, 0x0, 0x9, 0xff, 0xff, 0xfa, 0x0,
    0x0, 0x0, 0x0, 0xdf, 0xff, 0xff, 0x40, 0x0,
    0x8f, 0xff, 0xff, 0x90, 0x0, 0x0, 0x0, 0x2,
    0x44, 0x44, 0x40, 0x0, 0x1, 0x44, 0x44, 0x41,
    0x0, 0x0,

    /* U+F019 "" */
    0x0, 0x0, 0x0, 0x0, 0x2, 0x22, 0x20, 0x0,
    0x0, 0x0, 0x0, 0x0, 0x0, 0x0, 0x0, 0x9f,
    0xff, 0xf9, 0x0, 0x0, 0x0, 0x0, 0x0, 0x0,
    0x0, 0x0, 0xcf, 0xff, 0xfc, 0x0, 0x0, 0x0,
    0x0, 0x0, 0x0, 0x0, 0x0, 0xcf, 0xff, 0xfc,
    0x0, 0x0, 0x0, 0x0, 0x0, 0x0, 0x0, 0x0,
    0xcf, 0xff, 0xfc, 0x0, 0x0, 0x0, 0x0, 0x0,
    0x0, 0x0, 0x0, 0xcf, 0xff, 0xfc, 0x0, 0x0,
    0x0, 0x0, 0x0, 0x0, 0x0, 0x0, 0xcf, 0xff,
    0xfc, 0x0, 0x0, 0x0, 0x0, 0x0, 0x0, 0x0,
    0x0, 0xcf, 0xff, 0xfc, 0x0, 0x0, 0x0, 0x0,
    0x0, 0x0, 0x0, 0x0, 0xcf, 0xff, 0xfc, 0x0,
    0x0, 0x0, 0x0, 0x0, 0x3, 0xee, 0xee, 0xff,
    0xff, 0xff, 0xee, 0xee, 0x20, 0x0, 0x0, 0x2,
    0xff, 0xff, 0xff, 0xff, 0xff, 0xff, 0xff, 0x20,
    0x0, 0x0, 0x0, 0x3f, 0xff, 0xff, 0xff, 0xff,
    0xff, 0xf3, 0x0, 0x0, 0x0, 0x0, 0x3, 0xff,
    0xff, 0xff, 0xff, 0xff, 0x30, 0x0, 0x0, 0x0,
    0x0, 0x0, 0x3f, 0xff, 0xff, 0xff, 0xf3, 0x0,
    0x0, 0x0, 0x0, 0x0, 0x0, 0x3, 0xff, 0xff,
    0xff, 0x40, 0x0, 0x0, 0x0, 0x0, 0x0, 0x0,
    0x0, 0x4f, 0xff, 0xf4, 0x0, 0x0, 0x0, 0x0,
    0xcf, 0xff, 0xff, 0xfc, 0x4, 0xff, 0x40, 0xcf,
    0xff, 0xff, 0xfc, 0xff, 0xff, 0xff, 0xff, 0xc0,
    0x23, 0xc, 0xff, 0xff, 0xff, 0xff, 0xff, 0xff,
    0xff, 0xff, 0xfc, 0x44, 0xcf, 0xff, 0xff, 0xff,
    0xff, 0xff, 0xff, 0xff, 0xff, 0xff, 0xff, 0xff,
    0xff, 0xff, 0xff, 0xff, 0xff, 0xff, 0xff, 0xff,
    0xff, 0xff, 0xff, 0xf1, 0x6e, 0xb, 0xff, 0xff,
    0xff, 0xff, 0xff, 0xff, 0xff, 0xff, 0xf6, 0xaf,
    0x5d, 0xff, 0xbf, 0xff, 0xff, 0xff, 0xff, 0xff,
    0xff, 0xff, 0xff, 0xff, 0xfb,

    /* U+F01C "" */
    0x0, 0x0, 0x4, 0xab, 0xbb, 0xbb, 0xbb, 0xbb,
    0xbb, 0xa2, 0x0, 0x0, 0x0, 0x0, 0x4, 0xff,
    0xff, 0xff, 0xff, 0xff, 0xff, 0xff, 0xe1, 0x0,
    0x0, 0x0, 0x0, 0xef, 0xff, 0xff, 0xff, 0xff,
    0xff, 0xff, 0xff, 0xb0, 0x0, 0x0, 0x0, 0x9f,
    0xfa, 0x0, 0x0, 0x0, 0x0, 0x0, 0x1d, 0xff,
    0x50, 0x0, 0x0, 0x4f, 0xfe, 0x10, 0x0, 0x0,
    0x0, 0x0, 0x0, 0x4f, 0xfe, 0x10, 0x0, 0xd,
    0xff, 0x60, 0x0, 0x0, 0x0, 0x0, 0x0, 0x0,
    0xaf, 0xfa, 0x0, 0x9, 0xff, 0xb0, 0x0, 0x0,
    0x0, 0x0, 0x0, 0x0, 0x1, 0xef, 0xf5, 0x3,
    0xff, 0xf2, 0x0, 0x0, 0x0, 0x0, 0x0, 0x0,
    0x0, 0x5, 0xff, 0xe1, 0xdf, 0xfa, 0x44, 0x44,
    0x20, 0x0, 0x0, 0x0, 0x34, 0x44, 0x4d, 0xff,
    0x8f, 0xff, 0xff, 0xff, 0xfe, 0x0, 0x0, 0x0,
    0x3f, 0xff, 0xff, 0xff, 0xfb, 0xff, 0xff, 0xff,
    0xff, 0xf7, 0x0, 0x0, 0xb, 0xff, 0xff, 0xff,
    0xff, 0xcf, 0xff, 0xff, 0xff, 0xff, 0xe8, 0x88,
    0x88, 0xff, 0xff, 0xff, 0xff, 0xfc, 0xff, 0xff,
    0xff, 0xff, 0xff, 0xff, 0xff, 0xff, 0xff, 0xff,
    0xff, 0xff, 0xcf, 0xff, 0xff, 0xff, 0xff, 0xff,
    0xff, 0xff, 0xff, 0xff, 0xff, 0xff, 0xfc, 0xff,
    0xff, 0xff, 0xff, 0xff, 0xff, 0xff, 0xff, 0xff,
    0xff, 0xff, 0xff, 0xbd, 0xff, 0xff, 0xff, 0xff,
    0xff, 0xff, 0xff, 0xff, 0xff, 0xff, 0xff, 0xf9,
    0x4e, 0xff, 0xff, 0xff, 0xff, 0xff, 0xff, 0xff,
    0xff, 0xff, 0xff, 0xfc, 0x10,

    /* U+F021 "" */
    0x0, 0x0, 0x0, 0x0, 0x0, 0x0, 0x0, 0x0,
    0x0, 0x6, 0x76, 0x0, 0x0, 0x0, 0x5, 0x9c,
    0xdd, 0xb8, 0x30, 0x0, 0xf, 0xff, 0x0, 0x0,
    0x6, 0xef, 0xff, 0xff, 0xff, 0xfc, 0x40, 0xf,
    0xff, 0x0, 0x0, 0xbf, 0xff, 0xff, 0xff, 0xff,
    0xff, 0xf9, 0xf, 0xff, 0x0, 0xc, 0xff, 0xff,
    0xa5, 0x34, 0x6b, 0xff, 0xff, 0xce, 0xff, 0x0,
    0xaf, 0xff, 0xb2, 0x0, 0x0, 0x0, 0x2b, 0xff,
    0xff, 0xff, 0x5, 0xff, 0xf9, 0x0, 0x0, 0x0,
    0x0, 0x0, 0x8f, 0xff, 0xff, 0xd, 0xff, 0xb0,
    0x0, 0x0, 0x0, 0x7d, 0xdc, 0xbf, 0xff, 0xff,
    0x2f, 0xff, 0x20, 0x0, 0x0, 0x0, 0xaf, 0xff,
    0xff, 0xff, 0xff, 0x6f, 0xfb, 0x0, 0x0, 0x0,
    0x0, 0x9f, 0xff, 0xff, 0xff, 0xff, 0x2, 0x20,
    0x0, 0x0, 0x0, 0x0, 0x2, 0x22, 0x22, 0x22,
    0x21, 0x0, 0x0, 0x0, 0x0, 0x0, 0x0, 0x0,
    0x0, 0x0, 0x0, 0x0, 0x0, 0x0, 0x0, 0x0,
    0x0, 0x0, 0x0, 0x0, 0x0, 0x0, 0x0, 0xde,
    0xee, 0xee, 0xee, 0xe7, 0x0, 0x0, 0x0, 0x0,
    0x9e, 0xe5, 0xff, 0xff, 0xff, 0xff, 0xfa, 0x0,
    0x0, 0x0, 0x1, 0xff, 0xf3, 0xff, 0xff, 0xff,
    0xff, 0xf9, 0x0, 0x0, 0x0, 0x9, 0xff, 0xe0,
    0xff, 0xff, 0xf4, 0x0, 0x10, 0x0, 0x0, 0x0,
    0x5f, 0xff, 0x70, 0xff, 0xff, 0xff, 0x70, 0x0,
    0x0, 0x0, 0x7, 0xff, 0xfd, 0x0, 0xff, 0xff,
    0xff, 0xfd, 0x61, 0x0, 0x5, 0xcf, 0xff, 0xf2,
    0x0, 0xff, 0xe3, 0xef, 0xff, 0xff, 0xee, 0xff,
    0xff, 0xfe, 0x30, 0x0, 0xff, 0xf0, 0x19, 0xff,
    0xff, 0xff, 0xff, 0xff, 0xb1, 0x0, 0x0, 0xff,
    0xf0, 0x0, 0x28, 0xdf, 0xff, 0xfe, 0xa3, 0x0,
    0x0, 0x0, 0xab, 0xa0, 0x0, 0x0, 0x1, 0x33,
    0x10, 0x0, 0x0, 0x0, 0x0,

    /* U+F026 "" */
    0x0, 0x0, 0x0, 0x0, 0x3, 0x30, 0x0, 0x0,
    0x0, 0x6, 0xff, 0x0, 0x0, 0x0, 0x6, 0xff,
    0xf0, 0x0, 0x0, 0x6, 0xff, 0xff, 0x24, 0x44,
    0x47, 0xff, 0xff, 0xfe, 0xff, 0xff, 0xff, 0xff,
    0xff, 0xff, 0xff, 0xff, 0xff, 0xff, 0xff, 0xff,
    0xff, 0xff, 0xff, 0xff, 0xff, 0xff, 0xff, 0xff,
    0xff, 0xff, 0xff, 0xff, 0xff, 0xff, 0xff, 0xff,
    0xff, 0xff, 0xff, 0xff, 0xff, 0xff, 0xff, 0xff,
    0xff, 0xff, 0xbf, 0xff, 0xff, 0xff, 0xff, 0xf0,
    0x0, 0x0, 0x2e, 0xff, 0xff, 0x0, 0x0, 0x0,
    0x2e, 0xff, 0xf0, 0x0, 0x0, 0x0, 0x2e, 0xff,
    0x0, 0x0, 0x0, 0x0, 0x2e, 0xc0, 0x0, 0x0,
    0x0, 0x0, 0x0,

    /* U+F027 "" */
    0x0, 0x0, 0x0, 0x0, 0x3, 0x30, 0x0, 0x0,
    0x0, 0x0, 0x0, 0x0, 0x6, 0xff, 0x0, 0x0,
    0x0, 0x0, 0x0, 0x0, 0x6, 0xff, 0xf0, 0x0,
    0x0, 0x0, 0x0, 0x0, 0x6, 0xff, 0xff, 0x0,
    0x0, 0x0, 0x24, 0x44, 0x47, 0xff, 0xff, 0xf0,
    0x0, 0x0, 0xe, 0xff, 0xff, 0xff, 0xff, 0xff,
    0x0, 0x75, 0x0, 0xff, 0xff, 0xff, 0xff, 0xff,
    0xf0, 0x2f, 0xf7, 0xf, 0xff, 0xff, 0xff, 0xff,
    0xff, 0x0, 0x7f, 0xf0, 0xff, 0xff, 0xff, 0xff,
    0xff, 0xf0, 0x0, 0xdf, 0x3f, 0xff, 0xff, 0xff,
    0xff, 0xff, 0x0, 0xf, 0xf3, 0xff, 0xff, 0xff,
    0xff, 0xff, 0xf0, 0xc, 0xfd, 0xf, 0xff, 0xff,
    0xff, 0xff, 0xff, 0x1, 0xfe, 0x20, 0xbf, 0xff,
    0xff, 0xff, 0xff, 0xf0, 0x1, 0x0, 0x0, 0x0,
    0x0, 0x2e, 0xff, 0xff, 0x0, 0x0, 0x0, 0x0,
    0x0, 0x0, 0x2e, 0xff, 0xf0, 0x0, 0x0, 0x0,
    0x0, 0x0, 0x0, 0x2e, 0xff, 0x0, 0x0, 0x0,
    0x0, 0x0, 0x0, 0x0, 0x2d, 0xc0, 0x0, 0x0,
    0x0, 0x0, 0x0, 0x0, 0x0, 0x0, 0x0, 0x0,
    0x0,

    /* U+F028 "" */
    0x0, 0x0, 0x0, 0x0, 0x0, 0x0, 0x0, 0x0,
    0x0, 0x73, 0x0, 0x0, 0x0, 0x0, 0x0, 0x0,
    0x0, 0x0, 0x0, 0x0, 0x0, 0x4f, 0xf7, 0x0,
    0x0, 0x0, 0x0, 0x0, 0x0, 0x3, 0x30, 0x0,
    0x0, 0x0, 0x9f, 0xf7, 0x0, 0x0, 0x0, 0x0,
    0x0, 0x6, 0xff, 0x0, 0x0, 0x1, 0x0, 0x7f,
    0xf5, 0x0, 0x0, 0x0, 0x0, 0x6, 0xff, 0xf0,
    0x0, 0x5, 0xf9, 0x0, 0x9f, 0xe1, 0x0, 0x0,
    0x0, 0x6, 0xff, 0xff, 0x0, 0x0, 0x4f, 0xfb,
    0x0, 0xdf, 0x80, 0x24, 0x44, 0x47, 0xff, 0xff,
    0xf0, 0x0, 0x0, 0x3f, 0xf7, 0x4, 0xff, 0xe,
    0xff, 0xff, 0xff, 0xff, 0xff, 0x0, 0x86, 0x0,
    0x4f, 0xf1, 0xd, 0xf4, 0xff, 0xff, 0xff, 0xff,
    0xff, 0xf0, 0x2f, 0xf7, 0x0, 0xcf, 0x60, 0x9f,
    0x8f, 0xff, 0xff, 0xff, 0xff, 0xff, 0x0, 0x6f,
    0xf1, 0x7, 0xf9, 0x6, 0xfa, 0xff, 0xff, 0xff,
    0xff, 0xff, 0xf0, 0x0, 0xdf, 0x40, 0x5f, 0xb0,
    0x5f, 0xbf, 0xff, 0xff, 0xff, 0xff, 0xff, 0x0,
    0x1f, 0xf2, 0x5, 0xfa, 0x5, 0xfb, 0xff, 0xff,
    0xff, 0xff, 0xff, 0xf0, 0xd, 0xfc, 0x0, 0x9f,
    0x80, 0x7f, 0x9f, 0xff, 0xff, 0xff, 0xff, 0xff,
    0x1, 0xfd, 0x20, 0x1e, 0xf3, 0xb, 0xf6, 0xbf,
    0xff, 0xff, 0xff, 0xff, 0xf0, 0x1, 0x0, 0xa,
    0xfc, 0x1, 0xff, 0x20, 0x0, 0x0, 0x2e, 0xff,
    0xff, 0x0, 0x0, 0xb, 0xff, 0x20, 0x8f, 0xc0,
    0x0, 0x0, 0x0, 0x2e, 0xff, 0xf0, 0x0, 0x7,
    0xff, 0x40, 0x2f, 0xf4, 0x0, 0x0, 0x0, 0x0,
    0x2e, 0xff, 0x0, 0x0, 0x19, 0x20, 0x1d, 0xfa,
    0x0, 0x0, 0x0, 0x0, 0x0, 0x2e, 0xc0, 0x0,
    0x0, 0x0, 0x2d, 0xfd, 0x10, 0x0, 0x0, 0x0,
    0x0, 0x0, 0x0, 0x0, 0x0, 0x0, 0x2f, 0xfd,
    0x20, 0x0, 0x0, 0x0, 0x0, 0x0, 0x0, 0x0,
    0x0, 0x0, 0x2, 0xfb, 0x10, 0x0, 0x0, 0x0,
    0x0, 0x0, 0x0, 0x0, 0x0, 0x0, 0x0, 0x0,
    0x0, 0x0, 0x0,

    /* U+F03E "" */
    0x5, 0x77, 0x77, 0x77, 0x77, 0x77, 0x77, 0x77,
    0x77, 0x77, 0x50, 0x9f, 0xff, 0xff, 0xff, 0xff,
    0xff, 0xff, 0xff, 0xff, 0xff, 0xf9, 0xff, 0xff,
    0xff, 0xff, 0xff, 0xff, 0xff, 0xff, 0xff, 0xff,
    0xff, 0xff, 0xf6, 0x1, 0xbf, 0xff, 0xff, 0xff,
    0xff, 0xff, 0xff, 0xff, 0xff, 0x90, 0x0, 0xf,
    0xff, 0xff, 0xff, 0xff, 0xff, 0xff, 0xff, 0xff,
    0x70, 0x0, 0xd, 0xff, 0xff, 0xff, 0xdb, 0xff,
    0xff, 0xff, 0xff, 0xc0, 0x0, 0x2f, 0xff, 0xff,
    0xfd, 0x10, 0xaf, 0xff, 0xff, 0xff, 0xfb, 0x56,
    0xef, 0xff, 0xff, 0xd1, 0x0, 0xa, 0xff, 0xff,
    0xff, 0xff, 0xff, 0xff, 0xff, 0xfd, 0x10, 0x0,
    0x0, 0xaf, 0xff, 0xff, 0xff, 0xf7, 0x2e, 0xff,
    0xd1, 0x0, 0x0, 0x0, 0xd, 0xff, 0xff, 0xff,
    0x70, 0x2, 0xed, 0x10, 0x0, 0x0, 0x0, 0xc,
    0xff, 0xff, 0xf7, 0x0, 0x0, 0x21, 0x0, 0x0,
    0x0, 0x0, 0xc, 0xff, 0xff, 0xc0, 0x0, 0x0,
    0x0, 0x0, 0x0, 0x0, 0x0, 0xc, 0xff, 0xff,
    0xc0, 0x0, 0x0, 0x0, 0x0, 0x0, 0x0, 0x0,
    0xc, 0xff, 0xff, 0xfc, 0xcc, 0xcc, 0xcc, 0xcc,
    0xcc, 0xcc, 0xcc, 0xcf, 0xff, 0xef, 0xff, 0xff,
    0xff, 0xff, 0xff, 0xff, 0xff, 0xff, 0xff, 0xfd,
    0x4e, 0xff, 0xff, 0xff, 0xff, 0xff, 0xff, 0xff,
    0xff, 0xff, 0xe4,

    /* U+F043 "" */
    0x0, 0x0, 0x0, 0x1, 0x0, 0x0, 0x0, 0x0,
    0x0, 0x0, 0x0, 0x7f, 0x90, 0x0, 0x0, 0x0,
    0x0, 0x0, 0x0, 0xef, 0xf1, 0x0, 0x0, 0x0,
    0x0, 0x0, 0x5, 0xff, 0xf7, 0x0, 0x0, 0x0,
    0x0, 0x0, 0xc, 0xff, 0xfd, 0x0, 0x0, 0x0,
    0x0, 0x0, 0x4f, 0xff, 0xff, 0x60, 0x0, 0x0,
    0x0, 0x0, 0xcf, 0xff, 0xff, 0xe0, 0x0, 0x0,
    0x0, 0x6, 0xff, 0xff, 0xff, 0xf8, 0x0, 0x0,
    0x0, 0x2f, 0xff, 0xff, 0xff, 0xff, 0x30, 0x0,
    0x0, 0xcf, 0xff, 0xff, 0xff, 0xff, 0xd0, 0x0,
    0x7, 0xff, 0xff, 0xff, 0xff, 0xff, 0xf9, 0x0,
    0x1f, 0xff, 0xff, 0xff, 0xff, 0xff, 0xff, 0x20,
    0x7f, 0xff, 0xff, 0xff, 0xff, 0xff, 0xff, 0x90,
    0xcf, 0xff, 0xff, 0xff, 0xff, 0xff, 0xff, 0xe0,
    0xef, 0xfb, 0xff, 0xff, 0xff, 0xff, 0xff, 0xf0,
    0xff, 0xc0, 0xdf, 0xff, 0xff, 0xff, 0xff, 0xf1,
    0xdf, 0xe0, 0x9f, 0xff, 0xff, 0xff, 0xff, 0xf0,
    0x9f, 0xf5, 0x1e, 0xff, 0xff, 0xff, 0xff, 0xb0,
    0x3f, 0xfe, 0x21, 0x8b, 0xff, 0xff, 0xff, 0x50,
    0xa, 0xff, 0xf7, 0x20, 0xdf, 0xff, 0xfb, 0x0,
    0x0, 0xbf, 0xff, 0xff, 0xff, 0xff, 0xd1, 0x0,
    0x0, 0x8, 0xff, 0xff, 0xff, 0xfa, 0x0, 0x0,
    0x0, 0x0, 0x17, 0xab, 0xa7, 0x20, 0x0, 0x0,

    /* U+F048 "" */
    0x0, 0x0, 0x0, 0x0, 0x0, 0x0, 0x0, 0x1,
    0xef, 0xc0, 0x0, 0x0, 0x0, 0xb, 0xd3, 0x2f,
    0xfe, 0x0, 0x0, 0x0, 0x1d, 0xff, 0x82, 0xff,
    0xe0, 0x0, 0x0, 0x2d, 0xff, 0xf9, 0x2f, 0xfe,
    0x0, 0x0, 0x2e, 0xff, 0xff, 0x92, 0xff, 0xe0,
    0x0, 0x3e, 0xff, 0xff, 0xf9, 0x2f, 0xfe, 0x0,
    0x4f, 0xff, 0xff, 0xff, 0x92, 0xff, 0xe0, 0x5f,
    0xff, 0xff, 0xff, 0xf9, 0x2f, 0xfe, 0x6f, 0xff,
    0xff, 0xff, 0xff, 0x92, 0xff, 0xff, 0xff, 0xff,
    0xff, 0xff, 0xf9, 0x2f, 0xff, 0xff, 0xff, 0xff,
    0xff, 0xff, 0x92, 0xff, 0xff, 0xff, 0xff, 0xff,
    0xff, 0xf9, 0x2f, 0xff, 0xcf, 0xff, 0xff, 0xff,
    0xff, 0x92, 0xff, 0xe0, 0xbf, 0xff, 0xff, 0xff,
    0xf9, 0x2f, 0xfe, 0x0, 0xaf, 0xff, 0xff, 0xff,
    0x92, 0xff, 0xe0, 0x0, 0x8f, 0xff, 0xff, 0xf9,
    0x2f, 0xfe, 0x0, 0x0, 0x7f, 0xff, 0xff, 0x92,
    0xff, 0xe0, 0x0, 0x0, 0x6f, 0xff, 0xf9, 0x2f,
    0xfe, 0x0, 0x0, 0x0, 0x5f, 0xff, 0x92, 0xff,
    0xe0, 0x0, 0x0, 0x0, 0x4f, 0xf5, 0x4, 0x43,
    0x0, 0x0, 0x0, 0x0, 0x13, 0x0,

    /* U+F04B "" */
    0x2, 0x20, 0x0, 0x0, 0x0, 0x0, 0x0, 0x0,
    0x0, 0x0, 0x8f, 0xfb, 0x20, 0x0, 0x0, 0x0,
    0x0, 0x0, 0x0, 0x0, 0xff, 0xff, 0xf8, 0x0,
    0x0, 0x0, 0x0, 0x0, 0x0, 0x0, 0xff, 0xff,
    0xff, 0xe5, 0x0, 0x0, 0x0, 0x0, 0x0, 0x0,
    0xff, 0xff, 0xff, 0xff, 0xc2, 0x0, 0x0, 0x0,
    0x0, 0x0, 0xff, 0xff, 0xff, 0xff, 0xff, 0x91,
    0x0, 0x0, 0x0, 0x0, 0xff, 0xff, 0xff, 0xff,
    0xff, 0xfe, 0x60, 0x0, 0x0, 0x0, 0xff, 0xff,
    0xff, 0xff, 0xff, 0xff, 0xfc, 0x30, 0x0, 0x0,
    0xff, 0xff, 0xff, 0xff, 0xff, 0xff, 0xff, 0xf9,
    0x10, 0x0, 0xff, 0xff, 0xff, 0xff, 0xff, 0xff,
    0xff, 0xff, 0xf7, 0x0, 0xff, 0xff, 0xff, 0xff,
    0xff, 0xff, 0xff, 0xff, 0xff, 0xc0, 0xff, 0xff,
    0xff, 0xff, 0xff, 0xff, 0xff, 0xff, 0xff, 0xf3,
    0xff, 0xff, 0xff, 0xff, 0xff, 0xff, 0xff, 0xff,
    0xff, 0xf1, 0xff, 0xff, 0xff, 0xff, 0xff, 0xff,
    0xff, 0xff, 0xfe, 0x40, 0xff, 0xff, 0xff, 0xff,
    0xff, 0xff, 0xff, 0xff, 0x80, 0x0, 0xff, 0xff,
    0xff, 0xff, 0xff, 0xff, 0xff, 0xb2, 0x0, 0x0,
    0xff, 0xff, 0xff, 0xff, 0xff, 0xff, 0xd4, 0x0,
    0x0, 0x0, 0xff, 0xff, 0xff, 0xff, 0xff, 0xf7,
    0x0, 0x0, 0x0, 0x0, 0xff, 0xff, 0xff, 0xff,
    0xfa, 0x10, 0x0, 0x0, 0x0, 0x0, 0xff, 0xff,
    0xff, 0xfd, 0x40, 0x0, 0x0, 0x0, 0x0, 0x0,
    0xff, 0xff, 0xff, 0x70, 0x0, 0x0, 0x0, 0x0,
    0x0, 0x0, 0xcf, 0xff, 0x91, 0x0, 0x0, 0x0,
    0x0, 0x0, 0x0, 0x0, 0x2a, 0xa3, 0x0, 0x0,
    0x0, 0x0, 0x0, 0x0, 0x0, 0x0, 0x0, 0x0,
    0x0, 0x0, 0x0, 0x0, 0x0, 0x0, 0x0, 0x0,

    /* U+F04C "" */
    0x3d, 0xff, 0xff, 0xe6, 0x0, 0x3, 0xdf, 0xff,
    0xfe, 0x60, 0xdf, 0xff, 0xff, 0xff, 0x10, 0xd,
    0xff, 0xff, 0xff, 0xf1, 0xff, 0xff, 0xff, 0xff,
    0x30, 0xf, 0xff, 0xff, 0xff, 0xf3, 0xff, 0xff,
    0xff, 0xff, 0x40, 0xf, 0xff, 0xff, 0xff, 0xf4,
    0xff, 0xff, 0xff, 0xff, 0x40, 0xf, 0xff, 0xff,
    0xff, 0xf4, 0xff, 0xff, 0xff, 0xff, 0x40, 0xf,
    0xff, 0xff, 0xff, 0xf4, 0xff, 0xff, 0xff, 0xff,
    0x40, 0xf, 0xff, 0xff, 0xff, 0xf4, 0xff, 0xff,
    0xff, 0xff, 0x40, 0xf, 0xff, 0xff, 0xff, 0xf4,
    0xff, 0xff, 0xff, 0xff, 0x40, 0xf, 0xff, 0xff,
    0xff, 0xf4, 0xff, 0xff, 0xff, 0xff, 0x40, 0xf,
    0xff, 0xff, 0xff, 0xf4, 0xff, 0xff, 0xff, 0xff,
    0x40, 0xf, 0xff, 0xff, 0xff, 0xf4, 0xff, 0xff,
    0xff, 0xff, 0x40, 0xf, 0xff, 0xff, 0xff, 0xf4,
    0xff, 0xff, 0xff, 0xff, 0x40, 0xf, 0xff, 0xff,
    0xff, 0xf4, 0xff, 0xff, 0xff, 0xff, 0x40, 0xf,
    0xff, 0xff, 0xff, 0xf4, 0xff, 0xff, 0xff, 0xff,
    0x40, 0xf, 0xff, 0xff, 0xff, 0xf4, 0xff, 0xff,
    0xff, 0xff, 0x40, 0xf, 0xff, 0xff, 0xff, 0xf4,
    0xff, 0xff, 0xff, 0xff, 0x40, 0xf, 0xff, 0xff,
    0xff, 0xf4, 0xff, 0xff, 0xff, 0xff, 0x30, 0xf,
    0xff, 0xff, 0xff, 0xf3, 0x8f, 0xff, 0xff, 0xfb,
    0x0, 0x8, 0xff, 0xff, 0xff, 0xb0, 0x2, 0x44,
    0x44, 0x30, 0x0, 0x0, 0x24, 0x44, 0x43, 0x0,

    /* U+F04D "" */
    0x3d, 0xff, 0xff, 0xff, 0xff, 0xff, 0xff, 0xff,
    0xfe, 0x60, 0xdf, 0xff, 0xff, 0xff, 0xff, 0xff,
    0xff, 0xff, 0xff, 0xf1, 0xff, 0xff, 0xff, 0xff,
    0xff, 0xff, 0xff, 0xff, 0xff, 0xf3, 0xff, 0xff,
    0xff, 0xff, 0xff, 0xff, 0xff, 0xff, 0xff, 0xf4,
    0xff, 0xff, 0xff, 0xff, 0xff, 0xff, 0xff, 0xff,
    0xff, 0xf4, 0xff, 0xff, 0xff, 0xff, 0xff, 0xff,
    0xff, 0xff, 0xff, 0xf4, 0xff, 0xff, 0xff, 0xff,
    0xff, 0xff, 0xff, 0xff, 0xff, 0xf4, 0xff, 0xff,
    0xff, 0xff, 0xff, 0xff, 0xff, 0xff, 0xff, 0xf4,
    0xff, 0xff, 0xff, 0xff, 0xff, 0xff, 0xff, 0xff,
    0xff, 0xf4, 0xff, 0xff, 0xff, 0xff, 0xff, 0xff,
    0xff, 0xff, 0xff, 0xf4, 0xff, 0xff, 0xff, 0xff,
    0xff, 0xff, 0xff, 0xff, 0xff, 0xf4, 0xff, 0xff,
    0xff, 0xff, 0xff, 0xff, 0xff, 0xff, 0xff, 0xf4,
    0xff, 0xff, 0xff, 0xff, 0xff, 0xff, 0xff, 0xff,
    0xff, 0xf4, 0xff, 0xff, 0xff, 0xff, 0xff, 0xff,
    0xff, 0xff, 0xff, 0xf4, 0xff, 0xff, 0xff, 0xff,
    0xff, 0xff, 0xff, 0xff, 0xff, 0xf4, 0xff, 0xff,
    0xff, 0xff, 0xff, 0xff, 0xff, 0xff, 0xff, 0xf4,
    0xff, 0xff, 0xff, 0xff, 0xff, 0xff, 0xff, 0xff,
    0xff, 0xf4, 0xff, 0xff, 0xff, 0xff, 0xff, 0xff,
    0xff, 0xff, 0xff, 0xf3, 0x8f, 0xff, 0xff, 0xff,
    0xff, 0xff, 0xff, 0xff, 0xff, 0xb0, 0x2, 0x44,
    0x44, 0x44, 0x44, 0x44, 0x44, 0x44, 0x43, 0x0,

    /* U+F051 "" */
    0x0, 0x0, 0x0, 0x0, 0x0, 0x0, 0x0, 0x2,
    0xdc, 0x10, 0x0, 0x0, 0x0, 0xbf, 0xf3, 0x7f,
    0xfd, 0x20, 0x0, 0x0, 0xd, 0xff, 0x47, 0xff,
    0xfe, 0x30, 0x0, 0x0, 0xdf, 0xf4, 0x7f, 0xff,
    0xff, 0x40, 0x0, 0xd, 0xff, 0x47, 0xff, 0xff,
    0xff, 0x50, 0x0, 0xdf, 0xf4, 0x7f, 0xff, 0xff,
    0xff, 0x60, 0xd, 0xff, 0x47, 0xff, 0xff, 0xff,
    0xff, 0x70, 0xdf, 0xf4, 0x7f, 0xff, 0xff, 0xff,
    0xff, 0x8d, 0xff, 0x47, 0xff, 0xff, 0xff, 0xff,
    0xff, 0xff, 0xf4, 0x7f, 0xff, 0xff, 0xff, 0xff,
    0xff, 0xff, 0x47, 0xff, 0xff, 0xff, 0xff, 0xff,
    0xff, 0xf4, 0x7f, 0xff, 0xff, 0xff, 0xff, 0xcd,
    0xff, 0x47, 0xff, 0xff, 0xff, 0xff, 0xb0, 0xdf,
    0xf4, 0x7f, 0xff, 0xff, 0xff, 0xa0, 0xd, 0xff,
    0x47, 0xff, 0xff, 0xff, 0x90, 0x0, 0xdf, 0xf4,
    0x7f, 0xff, 0xff, 0x80, 0x0, 0xd, 0xff, 0x47,
    0xff, 0xff, 0x70, 0x0, 0x0, 0xdf, 0xf4, 0x7f,
    0xff, 0x60, 0x0, 0x0, 0xd, 0xff, 0x44, 0xff,
    0x50, 0x0, 0x0, 0x0, 0xcf, 0xf4, 0x2, 0x20,
    0x0, 0x0, 0x0, 0x2, 0x44, 0x0,

    /* U+F052 "" */
    0x0, 0x0, 0x0, 0x0, 0x8, 0xea, 0x10, 0x0,
    0x0, 0x0, 0x0, 0x0, 0x0, 0x0, 0x9, 0xff,
    0xfc, 0x0, 0x0, 0x0, 0x0, 0x0, 0x0, 0x0,
    0x7, 0xff, 0xff, 0xfb, 0x0, 0x0, 0x0, 0x0,
    0x0, 0x0, 0x6, 0xff, 0xff, 0xff, 0xfa, 0x0,
    0x0, 0x0, 0x0, 0x0, 0x5, 0xff, 0xff, 0xff,
    0xff, 0xf9, 0x0, 0x0, 0x0, 0x0, 0x4, 0xff,
    0xff, 0xff, 0xff, 0xff, 0xf7, 0x0, 0x0, 0x0,
    0x3, 0xff, 0xff, 0xff, 0xff, 0xff, 0xff, 0xf6,
    0x0, 0x0, 0x2, 0xef, 0xff, 0xff, 0xff, 0xff,
    0xff, 0xff, 0xf5, 0x0, 0x1, 0xef, 0xff, 0xff,
    0xff, 0xff, 0xff, 0xff, 0xff, 0xf4, 0x0, 0xcf,
    0xff, 0xff, 0xff, 0xff, 0xff, 0xff, 0xff, 0xff,
    0xe1, 0xf, 0xff, 0xff, 0xff, 0xff, 0xff, 0xff,
    0xff, 0xff, 0xff, 0x30, 0x9f, 0xff, 0xff, 0xff,
    0xff, 0xff, 0xff, 0xff, 0xff, 0xd0, 0x0, 0x56,
    0x66, 0x66, 0x66, 0x66, 0x66, 0x66, 0x66, 0x61,
    0x0, 0x0, 0x0, 0x0, 0x0, 0x0, 0x0, 0x0,
    0x0, 0x0, 0x0, 0xa, 0xff, 0xff, 0xff, 0xff,
    0xff, 0xff, 0xff, 0xff, 0xfd, 0x0, 0xff, 0xff,
    0xff, 0xff, 0xff, 0xff, 0xff, 0xff, 0xff, 0xf3,
    0xf, 0xff, 0xff, 0xff, 0xff, 0xff, 0xff, 0xff,
    0xff, 0xff, 0x40, 0xff, 0xff, 0xff, 0xff, 0xff,
    0xff, 0xff, 0xff, 0xff, 0xf4, 0xe, 0xff, 0xff,
    0xff, 0xff, 0xff, 0xff, 0xff, 0xff, 0xff, 0x20,
    0x27, 0x77, 0x77, 0x77, 0x77, 0x77, 0x77, 0x77,
    0x77, 0x30,

    /* U+F053 "" */
    0x0, 0x0, 0x0, 0x0, 0x19, 0x20, 0x0, 0x0,
    0x0, 0x1, 0xdf, 0xe2, 0x0, 0x0, 0x0, 0x1d,
    0xff, 0xf8, 0x0, 0x0, 0x1, 0xdf, 0xff, 0xd1,
    0x0, 0x0, 0x1d, 0xff, 0xfc, 0x10, 0x0, 0x1,
    0xdf, 0xff, 0xc1, 0x0, 0x0, 0x1d, 0xff, 0xfc,
    0x10, 0x0, 0x1, 0xdf, 0xff, 0xc1, 0x0, 0x0,
    0x1d, 0xff, 0xfc, 0x10, 0x0, 0x0, 0xbf, 0xff,
    0xd1, 0x0, 0x0, 0x0, 0x7f, 0xff, 0xf6, 0x0,
    0x0, 0x0, 0x7, 0xff, 0xff, 0x60, 0x0, 0x0,
    0x0, 0x7f, 0xff, 0xf6, 0x0, 0x0, 0x0, 0x7,
    0xff, 0xff, 0x60, 0x0, 0x0, 0x0, 0x7f, 0xff,
    0xf6, 0x0, 0x0, 0x0, 0x7, 0xff, 0xff, 0x60,
    0x0, 0x0, 0x0, 0x7f, 0xff, 0xf5, 0x0, 0x0,
    0x0, 0x7, 0xff, 0xf6, 0x0, 0x0, 0x0, 0x0,
    0x7f, 0x90, 0x0, 0x0, 0x0, 0x0, 0x1, 0x0,

    /* U+F054 "" */
    0x5, 0x80, 0x0, 0x0, 0x0, 0x0, 0x5f, 0xfb,
    0x0, 0x0, 0x0, 0x0, 0xcf, 0xff, 0xb0, 0x0,
    0x0, 0x0, 0x3e, 0xff, 0xfb, 0x0, 0x0, 0x0,
    0x3, 0xef, 0xff, 0xb0, 0x0, 0x0, 0x0, 0x3e,
    0xff, 0xfb, 0x0, 0x0, 0x0, 0x3, 0xef, 0xff,
    0xb0, 0x0, 0x0, 0x0, 0x3e, 0xff, 0xfb, 0x0,
    0x0, 0x0, 0x3, 0xef, 0xff, 0xb0, 0x0, 0x0,
    0x0, 0x3f, 0xff, 0xf7, 0x0, 0x0, 0x0, 0x9f,
    0xff, 0xf3, 0x0, 0x0, 0x9, 0xff, 0xff, 0x40,
    0x0, 0x0, 0x9f, 0xff, 0xf4, 0x0, 0x0, 0x9,
    0xff, 0xff, 0x40, 0x0, 0x0, 0x9f, 0xff, 0xf4,
    0x0, 0x0, 0x9, 0xff, 0xff, 0x40, 0x0, 0x0,
    0x8f, 0xff, 0xf4, 0x0, 0x0, 0x0, 0xaf, 0xff,
    0x40, 0x0, 0x0, 0x0, 0x1c, 0xf4, 0x0, 0x0,
    0x0, 0x0, 0x0, 0x0, 0x0, 0x0, 0x0, 0x0,

    /* U+F067 "" */
    0x0, 0x0, 0x0, 0x1, 0xbe, 0xd3, 0x0, 0x0,
    0x0, 0x0, 0x0, 0x0, 0x0, 0x6, 0xff, 0xfa,
    0x0, 0x0, 0x0, 0x0, 0x0, 0x0, 0x0, 0x7,
    0xff, 0xfb, 0x0, 0x0, 0x0, 0x0, 0x0, 0x0,
    0x0, 0x7, 0xff, 0xfb, 0x0, 0x0, 0x0, 0x0,
    0x0, 0x0, 0x0, 0x7, 0xff, 0xfb, 0x0, 0x0,
    0x0, 0x0, 0x0, 0x0, 0x0, 0x7, 0xff, 0xfb,
    0x0, 0x0, 0x0, 0x0, 0x0, 0x0, 0x0, 0x7,
    0xff, 0xfb, 0x0, 0x0, 0x0, 0x0, 0x14, 0x55,
    0x55, 0x59, 0xff, 0xfc, 0x55, 0x55, 0x54, 0x20,
    0xdf, 0xff, 0xff, 0xff, 0xff, 0xff, 0xff, 0xff,
    0xff, 0xf1, 0xff, 0xff, 0xff, 0xff, 0xff, 0xff,
    0xff, 0xff, 0xff, 0xf3, 0xff, 0xff, 0xff, 0xff,
    0xff, 0xff, 0xff, 0xff, 0xff, 0xf3, 0x6c, 0xdd,
    0xdd, 0xde, 0xff, 0xff, 0xdd, 0xdd, 0xdc, 0x90,
    0x0, 0x0, 0x0, 0x7, 0xff, 0xfb, 0x0, 0x0,
    0x0, 0x0, 0x0, 0x0, 0x0, 0x7, 0xff, 0xfb,
    0x0, 0x0, 0x0, 0x0, 0x0, 0x0, 0x0, 0x7,
    0xff, 0xfb, 0x0, 0x0, 0x0, 0x0, 0x0, 0x0,
    0x0, 0x7, 0xff, 0xfb, 0x0, 0x0, 0x0, 0x0,
    0x0, 0x0, 0x0, 0x7, 0xff, 0xfb, 0x0, 0x0,
    0x0, 0x0, 0x0, 0x0, 0x0, 0x7, 0xff, 0xfb,
    0x0, 0x0, 0x0, 0x0, 0x0, 0x0, 0x0, 0x4,
    0xff, 0xf8, 0x0, 0x0, 0x0, 0x0, 0x0, 0x0,
    0x0, 0x0, 0x36, 0x50, 0x0, 0x0, 0x0, 0x0,

    /* U+F068 "" */
    0x2, 0x22, 0x22, 0x22, 0x22, 0x22, 0x22, 0x22,
    0x22, 0x0, 0xbf, 0xff, 0xff, 0xff, 0xff, 0xff,
    0xff, 0xff, 0xff, 0xe1, 0xff, 0xff, 0xff, 0xff,
    0xff, 0xff, 0xff, 0xff, 0xff, 0xf3, 0xff, 0xff,
    0xff, 0xff, 0xff, 0xff, 0xff, 0xff, 0xff, 0xf3,
    0x8f, 0xff, 0xff, 0xff, 0xff, 0xff, 0xff, 0xff,
    0xff, 0xb0,

    /* U+F06E "" */
    0x0, 0x0, 0x0, 0x0, 0x0, 0x23, 0x43, 0x10,
    0x0, 0x0, 0x0, 0x0, 0x0, 0x0, 0x0, 0x0,
    0x5b, 0xff, 0xff, 0xff, 0xea, 0x40, 0x0, 0x0,
    0x0, 0x0, 0x0, 0x5, 0xef, 0xff, 0xfd, 0xce,
    0xff, 0xff, 0xc3, 0x0, 0x0, 0x0, 0x0, 0x1b,
    0xff, 0xff, 0x71, 0x0, 0x2, 0x9f, 0xff, 0xf8,
    0x0, 0x0, 0x0, 0x2d, 0xff, 0xfe, 0x20, 0x2,
    0x53, 0x0, 0x5f, 0xff, 0xfb, 0x0, 0x0, 0x1e,
    0xff, 0xff, 0x30, 0x0, 0x6f, 0xfc, 0x10, 0x7f,
    0xff, 0xfb, 0x0, 0xc, 0xff, 0xff, 0xa0, 0x0,
    0x6, 0xff, 0xfc, 0x0, 0xef, 0xff, 0xf8, 0x6,
    0xff, 0xff, 0xf5, 0x1, 0x3, 0xef, 0xff, 0xf4,
    0x9, 0xff, 0xff, 0xf3, 0xef, 0xff, 0xff, 0x30,
    0xbf, 0xff, 0xff, 0xff, 0x70, 0x7f, 0xff, 0xff,
    0xad, 0xff, 0xff, 0xf3, 0xa, 0xff, 0xff, 0xff,
    0xf6, 0x7, 0xff, 0xff, 0xf9, 0x3f, 0xff, 0xff,
    0x60, 0x5f, 0xff, 0xff, 0xff, 0x10, 0xaf, 0xff,
    0xfe, 0x10, 0x8f, 0xff, 0xfc, 0x0, 0xaf, 0xff,
    0xff, 0x60, 0x1f, 0xff, 0xff, 0x50, 0x0, 0xaf,
    0xff, 0xf6, 0x0, 0x6c, 0xdb, 0x40, 0xa, 0xff,
    0xff, 0x70, 0x0, 0x0, 0xaf, 0xff, 0xf6, 0x0,
    0x0, 0x0, 0x9, 0xff, 0xff, 0x70, 0x0, 0x0,
    0x0, 0x6f, 0xff, 0xfc, 0x52, 0x12, 0x6d, 0xff,
    0xfe, 0x40, 0x0, 0x0, 0x0, 0x0, 0x19, 0xff,
    0xff, 0xff, 0xff, 0xff, 0xf8, 0x0, 0x0, 0x0,
    0x0, 0x0, 0x0, 0x1, 0x5a, 0xde, 0xfe, 0xd9,
    0x50, 0x0, 0x0, 0x0, 0x0,

    /* U+F070 "" */
    0x0, 0x0, 0x0, 0x0, 0x0, 0x0, 0x0, 0x0,
    0x0, 0x0, 0x0, 0x0, 0x0, 0x0, 0x4e, 0x70,
    0x0, 0x0, 0x0, 0x0, 0x0, 0x0, 0x0, 0x0,
    0x0, 0x0, 0x0, 0x0, 0xef, 0xfb, 0x0, 0x0,
    0x0, 0x0, 0x0, 0x0, 0x0, 0x0, 0x0, 0x0,
    0x0, 0x0, 0x6f, 0xff, 0xd2, 0x0, 0x0, 0x0,
    0x24, 0x32, 0x0, 0x0, 0x0, 0x0, 0x0, 0x0,
    0x3, 0xef, 0xff, 0x60, 0x28, 0xcf, 0xff, 0xff,
    0xfb, 0x60, 0x0, 0x0, 0x0, 0x0, 0x0, 0x1b,
    0xff, 0xfc, 0xff, 0xff, 0xec, 0xdf, 0xff, 0xfe,
    0x70, 0x0, 0x0, 0x0, 0x0, 0x0, 0x8f, 0xff,
    0xff, 0xa3, 0x0, 0x0, 0x6e, 0xff, 0xfc, 0x20,
    0x0, 0x0, 0x0, 0x0, 0x4, 0xef, 0xff, 0x70,
    0x15, 0x40, 0x1, 0xdf, 0xff, 0xe3, 0x0, 0x0,
    0x0, 0x1, 0x0, 0x1c, 0xff, 0xfb, 0x1f, 0xfe,
    0x50, 0x2f, 0xff, 0xff, 0x20, 0x0, 0x0, 0x7e,
    0x30, 0x0, 0x9f, 0xff, 0xef, 0xff, 0xf3, 0x8,
    0xff, 0xff, 0xd0, 0x0, 0x2, 0xff, 0xf6, 0x0,
    0x5, 0xff, 0xff, 0xff, 0xfa, 0x3, 0xff, 0xff,
    0xf8, 0x0, 0x8, 0xff, 0xff, 0xa0, 0x0, 0x2d,
    0xff, 0xff, 0xfd, 0x1, 0xff, 0xff, 0xff, 0x0,
    0x6, 0xff, 0xff, 0xfa, 0x0, 0x0, 0xaf, 0xff,
    0xfb, 0x2, 0xff, 0xff, 0xfe, 0x0, 0x0, 0xdf,
    0xff, 0xfd, 0x0, 0x0, 0x6, 0xff, 0xff, 0x55,
    0xff, 0xff, 0xf5, 0x0, 0x0, 0x2f, 0xff, 0xff,
    0x40, 0x0, 0x0, 0x3d, 0xff, 0xfe, 0xff, 0xff,
    0x90, 0x0, 0x0, 0x4, 0xff, 0xff, 0xd0, 0x0,
    0x0, 0x0, 0xbf, 0xff, 0xff, 0xfb, 0x0, 0x0,
    0x0, 0x0, 0x4f, 0xff, 0xfb, 0x10, 0x0, 0x0,
    0x7, 0xff, 0xff, 0xc0, 0x0, 0x0, 0x0, 0x0,
    0x2, 0xdf, 0xff, 0xe8, 0x31, 0x20, 0x0, 0x3e,
    0xff, 0xf6, 0x0, 0x0, 0x0, 0x0, 0x0, 0x6,
    0xef, 0xff, 0xff, 0xfb, 0x0, 0x1, 0xbf, 0xff,
    0xa0, 0x0, 0x0, 0x0, 0x0, 0x0, 0x4, 0x9c,
    0xef, 0xfd, 0x80, 0x0, 0x8, 0xff, 0xfd, 0x20,
    0x0, 0x0, 0x0, 0x0, 0x0, 0x0, 0x0, 0x0,
    0x0, 0x0, 0x0, 0x4e, 0xff, 0xf3, 0x0, 0x0,
    0x0, 0x0, 0x0, 0x0, 0x0, 0x0, 0x0, 0x0,
    0x0, 0x1, 0xcf, 0xf4, 0x0, 0x0, 0x0, 0x0,
    0x0, 0x0, 0x0, 0x0, 0x0, 0x0, 0x0, 0x0,
    0x8, 0x60,

    /* U+F071 "" */
    0x0, 0x0, 0x0, 0x0, 0x0, 0x0, 0x0, 0x0,
    0x0, 0x0, 0x0, 0x0, 0x0, 0x0, 0x0, 0x0,
    0x0, 0x0, 0x0, 0x1d, 0xfb, 0x0, 0x0, 0x0,
    0x0, 0x0, 0x0, 0x0, 0x0, 0x0, 0x0, 0x0,
    0xb, 0xff, 0xf7, 0x0, 0x0, 0x0, 0x0, 0x0,
    0x0, 0x0, 0x0, 0x0, 0x0, 0x4, 0xff, 0xff,
    0xf1, 0x0, 0x0, 0x0, 0x0, 0x0, 0x0, 0x0,
    0x0, 0x0, 0x0, 0xdf, 0xff, 0xff, 0xa0, 0x0,
    0x0, 0x0, 0x0, 0x0, 0x0, 0x0, 0x0, 0x0,
    0x7f, 0xff, 0xff, 0xff, 0x30, 0x0, 0x0, 0x0,
    0x0, 0x0, 0x0, 0x0, 0x0, 0x1f, 0xff, 0xff,
    0xff, 0xfc, 0x0, 0x0, 0x0, 0x0, 0x0, 0x0,
    0x0, 0x0, 0xa, 0xff, 0xff, 0xff, 0xff, 0xf6,
    0x0, 0x0, 0x0, 0x0, 0x0, 0x0, 0x0, 0x3,
    0xff, 0xfd, 0x88, 0x8f, 0xff, 0xe0, 0x0, 0x0,
    0x0, 0x0, 0x0, 0x0, 0x0, 0xcf, 0xff, 0x80,
    0x0, 0xcf, 0xff, 0x80, 0x0, 0x0, 0x0, 0x0,
    0x0, 0x0, 0x6f, 0xff, 0xf9, 0x0, 0xd, 0xff,
    0xff, 0x20, 0x0, 0x0, 0x0, 0x0, 0x0, 0xe,
    0xff, 0xff, 0xa0, 0x0, 0xef, 0xff, 0xfb, 0x0,
    0x0, 0x0, 0x0, 0x0, 0x8, 0xff, 0xff, 0xfb,
    0x0, 0xf, 0xff, 0xff, 0xf4, 0x0, 0x0, 0x0,
    0x0, 0x2, 0xff, 0xff, 0xff, 0xc0, 0x0, 0xff,
    0xff, 0xff, 0xd0, 0x0, 0x0, 0x0, 0x0, 0xbf,
    0xff, 0xff, 0xfd, 0x0, 0x1f, 0xff, 0xff, 0xff,
    0x70, 0x0, 0x0, 0x0, 0x4f, 0xff, 0xff, 0xff,
    0xfd, 0xcd, 0xff, 0xff, 0xff, 0xff, 0x10, 0x0,
    0x0, 0xd, 0xff, 0xff, 0xff, 0xfe, 0x30, 0x6f,
    0xff, 0xff, 0xff, 0xfa, 0x0, 0x0, 0x7, 0xff,
    0xff, 0xff, 0xff, 0x80, 0x0, 0xbf, 0xff, 0xff,
    0xff, 0xf3, 0x0, 0x1, 0xff, 0xff, 0xff, 0xff,
    0xf8, 0x0, 0xc, 0xff, 0xff, 0xff, 0xff, 0xc0,
    0x0, 0x9f, 0xff, 0xff, 0xff, 0xff, 0xf4, 0x17,
    0xff, 0xff, 0xff, 0xff, 0xff, 0x50, 0xf, 0xff,
    0xff, 0xff, 0xff, 0xff, 0xff, 0xff, 0xff, 0xff,
    0xff, 0xff, 0xfb, 0x0, 0xdf, 0xff, 0xff, 0xff,
    0xff, 0xff, 0xff, 0xff, 0xff, 0xff, 0xff, 0xff,
    0x90, 0x2, 0xbc, 0xcc, 0xcc, 0xcc, 0xcc, 0xcc,
    0xcc, 0xcc, 0xcc, 0xcc, 0xcc, 0x90, 0x0,

    /* U+F074 "" */
    0x0, 0x0, 0x0, 0x0, 0x0, 0x0, 0x0, 0x0,
    0x0, 0x0, 0x0, 0x0, 0x0, 0x0, 0x0, 0x0,
    0x0, 0x0, 0x0, 0x3c, 0x50, 0x0, 0x0, 0x0,
    0x0, 0x0, 0x0, 0x0, 0x0, 0x0, 0x7f, 0xf5,
    0x0, 0x12, 0x22, 0x20, 0x0, 0x0, 0x0, 0x0,
    0x22, 0x9f, 0xff, 0x50, 0xff, 0xff, 0xfe, 0x20,
    0x0, 0x0, 0xc, 0xff, 0xff, 0xff, 0xf5, 0xff,
    0xff, 0xff, 0xe2, 0x0, 0x0, 0xcf, 0xff, 0xff,
    0xff, 0xff, 0xff, 0xff, 0xff, 0xfd, 0x10, 0xb,
    0xff, 0xff, 0xff, 0xff, 0xf8, 0x45, 0x55, 0xbf,
    0xff, 0x60, 0xaf, 0xff, 0xd5, 0xaf, 0xff, 0x80,
    0x0, 0x0, 0xb, 0xf8, 0xa, 0xff, 0xfe, 0x10,
    0x8f, 0xf8, 0x0, 0x0, 0x0, 0x0, 0x70, 0x9f,
    0xff, 0xe2, 0x0, 0x4f, 0x80, 0x0, 0x0, 0x0,
    0x0, 0x8, 0xff, 0xfe, 0x20, 0x0, 0x0, 0x0,
    0x0, 0x0, 0x0, 0x0, 0x7f, 0xff, 0xf3, 0x10,
    0x0, 0x2a, 0x30, 0x0, 0x0, 0x0, 0x6, 0xff,
    0xff, 0x41, 0xda, 0x0, 0x7f, 0xf3, 0x0, 0x0,
    0x0, 0x5f, 0xff, 0xf4, 0xd, 0xff, 0x90, 0x8f,
    0xff, 0x30, 0xef, 0xff, 0xff, 0xff, 0x50, 0x2e,
    0xff, 0xff, 0xff, 0xff, 0xf3, 0xff, 0xff, 0xff,
    0xf6, 0x0, 0x2, 0xef, 0xff, 0xff, 0xff, 0xfe,
    0xff, 0xff, 0xff, 0x70, 0x0, 0x0, 0x3f, 0xff,
    0xff, 0xff, 0xfa, 0x67, 0x77, 0x75, 0x0, 0x0,
    0x0, 0x3, 0x77, 0xbf, 0xff, 0xa0, 0x0, 0x0,
    0x0, 0x0, 0x0, 0x0, 0x0, 0x0, 0x8f, 0xfa,
    0x0, 0x0, 0x0, 0x0, 0x0, 0x0, 0x0, 0x0,
    0x0, 0x6f, 0xa0, 0x0, 0x0, 0x0, 0x0, 0x0,
    0x0, 0x0, 0x0, 0x0, 0x2, 0x0, 0x0,

    /* U+F077 "" */
    0x0, 0x0, 0x0, 0x0, 0x4e, 0x70, 0x0, 0x0,
    0x0, 0x0, 0x0, 0x0, 0x0, 0x4f, 0xff, 0x70,
    0x0, 0x0, 0x0, 0x0, 0x0, 0x0, 0x4f, 0xff,
    0xff, 0x70, 0x0, 0x0, 0x0, 0x0, 0x0, 0x4f,
    0xff, 0xff, 0xff, 0x70, 0x0, 0x0, 0x0, 0x0,
    0x4f, 0xff, 0xfc, 0xff, 0xff, 0x70, 0x0, 0x0,
    0x0, 0x4f, 0xff, 0xfa, 0x5, 0xff, 0xff, 0x70,
    0x0, 0x0, 0x4f, 0xff, 0xfa, 0x0, 0x5, 0xff,
    0xff, 0x70, 0x0, 0x4f, 0xff, 0xf9, 0x0, 0x0,
    0x6, 0xff, 0xff, 0x70, 0x3f, 0xff, 0xf9, 0x0,
    0x0, 0x0, 0x6, 0xff, 0xff, 0x7a, 0xff, 0xf9,
    0x0, 0x0, 0x0, 0x0, 0x6, 0xff, 0xff, 0x2e,
    0xf9, 0x0, 0x0, 0x0, 0x0, 0x0, 0x6, 0xff,
    0x50, 0x25, 0x0, 0x0, 0x0, 0x0, 0x0, 0x0,
    0x4, 0x40,

    /* U+F078 "" */
    0x9, 0xd3, 0x0, 0x0, 0x0, 0x0, 0x0, 0x1,
    0xcb, 0x18, 0xff, 0xe3, 0x0, 0x0, 0x0, 0x0,
    0x1, 0xcf, 0xfc, 0x9f, 0xff, 0xe3, 0x0, 0x0,
    0x0, 0x1, 0xcf, 0xff, 0xd0, 0xbf, 0xff, 0xe3,
    0x0, 0x0, 0x1, 0xcf, 0xff, 0xd1, 0x0, 0xbf,
    0xff, 0xe3, 0x0, 0x1, 0xcf, 0xff, 0xd1, 0x0,
    0x0, 0xbf, 0xff, 0xe3, 0x1, 0xcf, 0xff, 0xd1,
    0x0, 0x0, 0x0, 0xbf, 0xff, 0xe4, 0xcf, 0xff,
    0xd1, 0x0, 0x0, 0x0, 0x0, 0xbf, 0xff, 0xff,
    0xff, 0xd1, 0x0, 0x0, 0x0, 0x0, 0x0, 0xbf,
    0xff, 0xff, 0xd1, 0x0, 0x0, 0x0, 0x0, 0x0,
    0x0, 0xbf, 0xff, 0xd1, 0x0, 0x0, 0x0, 0x0,
    0x0, 0x0, 0x0, 0xbf, 0xd1, 0x0, 0x0, 0x0,
    0x0, 0x0, 0x0, 0x0, 0x0, 0x61, 0x0, 0x0,
    0x0, 0x0,

    /* U+F079 "" */
    0x0, 0x0, 0x27, 0x10, 0x0, 0x0, 0x0, 0x0,
    0x0, 0x0, 0x0, 0x0, 0x0, 0x0, 0x0, 0x2,
    0xef, 0xd1, 0x0, 0x0, 0x0, 0x0, 0x0, 0x0,
    0x0, 0x0, 0x0, 0x0, 0x0, 0x2e, 0xff, 0xfd,
    0x10, 0x3f, 0xff, 0xff, 0xff, 0xff, 0xff, 0xe0,
    0x0, 0x0, 0x2, 0xef, 0xff, 0xff, 0xd1, 0x3f,
    0xff, 0xff, 0xff, 0xff, 0xff, 0xf1, 0x0, 0x0,
    0x2e, 0xff, 0xff, 0xff, 0xfd, 0x15, 0xbb, 0xbb,
    0xbb, 0xbb, 0xef, 0xf1, 0x0, 0x0, 0xdf, 0xfb,
    0xef, 0xdc, 0xff, 0xb0, 0x0, 0x0, 0x0, 0x0,
    0xaf, 0xf1, 0x0, 0x0, 0x9f, 0xc0, 0xef, 0xd1,
    0xdf, 0x70, 0x0, 0x0, 0x0, 0x0, 0xaf, 0xf1,
    0x0, 0x0, 0x3, 0x0, 0xef, 0xd0, 0x3, 0x0,
    0x0, 0x0, 0x0, 0x0, 0xaf, 0xf1, 0x0, 0x0,
    0x0, 0x0, 0xef, 0xd0, 0x0, 0x0, 0x0, 0x0,
    0x0, 0x0, 0xaf, 0xf1, 0x0, 0x0, 0x0, 0x0,
    0xef, 0xd0, 0x0, 0x0, 0x0, 0x0, 0x0, 0x0,
    0xaf, 0xf1, 0x0, 0x0, 0x0, 0x0, 0xef, 0xd0,
    0x0, 0x0, 0x0, 0x0, 0x7, 0x50, 0xaf, 0xf1,
    0x19, 0x30, 0x0, 0x0, 0xef, 0xd0, 0x0, 0x0,
    0x0, 0x0, 0x8f, 0xf6, 0xaf, 0xf3, 0xdf, 0xe0,
    0x0, 0x0, 0xef, 0xd0, 0x0, 0x0, 0x0, 0x0,
    0x5f, 0xff, 0xef, 0xfe, 0xff, 0xd0, 0x0, 0x0,
    0xef, 0xff, 0xff, 0xff, 0xff, 0xfc, 0x17, 0xff,
    0xff, 0xff, 0xfd, 0x10, 0x0, 0x0, 0xef, 0xff,
    0xff, 0xff, 0xff, 0xff, 0x80, 0x6f, 0xff, 0xff,
    0xd1, 0x0, 0x0, 0x0, 0x6b, 0xbb, 0xbb, 0xbb,
    0xbb, 0xba, 0x30, 0x6, 0xff, 0xfc, 0x10, 0x0,
    0x0, 0x0, 0x0, 0x0, 0x0, 0x0, 0x0, 0x0,
    0x0, 0x0, 0x6f, 0xc1, 0x0, 0x0, 0x0, 0x0,
    0x0, 0x0, 0x0, 0x0, 0x0, 0x0, 0x0, 0x0,
    0x2, 0x0, 0x0, 0x0,

    /* U+F07B "" */
    0x5, 0x78, 0x88, 0x88, 0x71, 0x0, 0x0, 0x0,
    0x0, 0x0, 0x0, 0xaf, 0xff, 0xff, 0xff, 0xfd,
    0x10, 0x0, 0x0, 0x0, 0x0, 0x0, 0xff, 0xff,
    0xff, 0xff, 0xff, 0xd1, 0x0, 0x0, 0x0, 0x0,
    0x0, 0xff, 0xff, 0xff, 0xff, 0xff, 0xfe, 0xcc,
    0xcc, 0xcc, 0xcb, 0x91, 0xff, 0xff, 0xff, 0xff,
    0xff, 0xff, 0xff, 0xff, 0xff, 0xff, 0xfc, 0xff,
    0xff, 0xff, 0xff, 0xff, 0xff, 0xff, 0xff, 0xff,
    0xff, 0xff, 0xff, 0xff, 0xff, 0xff, 0xff, 0xff,
    0xff, 0xff, 0xff, 0xff, 0xff, 0xff, 0xff, 0xff,
    0xff, 0xff, 0xff, 0xff, 0xff, 0xff, 0xff, 0xff,
    0xff, 0xff, 0xff, 0xff, 0xff, 0xff, 0xff, 0xff,
    0xff, 0xff, 0xff, 0xff, 0xff, 0xff, 0xff, 0xff,
    0xff, 0xff, 0xff, 0xff, 0xff, 0xff, 0xff, 0xff,
    0xff, 0xff, 0xff, 0xff, 0xff, 0xff, 0xff, 0xff,
    0xff, 0xff, 0xff, 0xff, 0xff, 0xff, 0xff, 0xff,
    0xff, 0xff, 0xff, 0xff, 0xff, 0xff, 0xff, 0xff,
    0xff, 0xff, 0xff, 0xff, 0xff, 0xff, 0xff, 0xff,
    0xff, 0xff, 0xff, 0xff, 0xff, 0xff, 0xff, 0xff,
    0xff, 0xff, 0xff, 0xff, 0xff, 0xff, 0xff, 0xff,
    0xff, 0xff, 0xff, 0xff, 0xff, 0xef, 0xff, 0xff,
    0xff, 0xff, 0xff, 0xff, 0xff, 0xff, 0xff, 0xfd,
    0x4e, 0xff, 0xff, 0xff, 0xff, 0xff, 0xff, 0xff,
    0xff, 0xff, 0xe4,

    /* U+F093 "" */
    0x0, 0x0, 0x0, 0x0, 0x0, 0x0, 0x0, 0x0,
    0x0, 0x0, 0x0, 0x0, 0x0, 0x0, 0x0, 0x3,
    0xfc, 0x10, 0x0, 0x0, 0x0, 0x0, 0x0, 0x0,
    0x0, 0x0, 0x3f, 0xff, 0xc1, 0x0, 0x0, 0x0,
    0x0, 0x0, 0x0, 0x0, 0x3, 0xff, 0xff, 0xfc,
    0x10, 0x0, 0x0, 0x0, 0x0, 0x0, 0x0, 0x3f,
    0xff, 0xff, 0xff, 0xc1, 0x0, 0x0, 0x0, 0x0,
    0x0, 0x3, 0xff, 0xff, 0xff, 0xff, 0xfc, 0x10,
    0x0, 0x0, 0x0, 0x0, 0x3f, 0xff, 0xff, 0xff,
    0xff, 0xff, 0xc1, 0x0, 0x0, 0x0, 0x3, 0xff,
    0xff, 0xff, 0xff, 0xff, 0xff, 0xfc, 0x0, 0x0,
    0x0, 0x6, 0xff, 0xff, 0xff, 0xff, 0xff, 0xff,
    0xff, 0x10, 0x0, 0x0, 0x0, 0x11, 0x11, 0xef,
    0xff, 0xf9, 0x11, 0x10, 0x0, 0x0, 0x0, 0x0,
    0x0, 0x0, 0xef, 0xff, 0xf9, 0x0, 0x0, 0x0,
    0x0, 0x0, 0x0, 0x0, 0x0, 0xef, 0xff, 0xf9,
    0x0, 0x0, 0x0, 0x0, 0x0, 0x0, 0x0, 0x0,
    0xef, 0xff, 0xf9, 0x0, 0x0, 0x0, 0x0, 0x0,
    0x0, 0x0, 0x0, 0xef, 0xff, 0xf9, 0x0, 0x0,
    0x0, 0x0, 0x0, 0x0, 0x0, 0x0, 0xef, 0xff,
    0xf9, 0x0, 0x0, 0x0, 0x0, 0x0, 0x0, 0x0,
    0x0, 0xef, 0xff, 0xf9, 0x0, 0x0, 0x0, 0x0,
    0xcf, 0xff, 0xff, 0xe0, 0xdf, 0xff, 0xf8, 0xe,
    0xff, 0xff, 0xfc, 0xff, 0xff, 0xff, 0xf3, 0x26,
    0x66, 0x50, 0x3f, 0xff, 0xff, 0xff, 0xff, 0xff,
    0xff, 0xfe, 0x52, 0x22, 0x25, 0xef, 0xff, 0xff,
    0xff, 0xff, 0xff, 0xff, 0xff, 0xff, 0xff, 0xff,
    0xff, 0xff, 0xff, 0xff, 0xff, 0xff, 0xff, 0xff,
    0xff, 0xff, 0xff, 0xf1, 0x6e, 0xb, 0xff, 0xff,
    0xff, 0xff, 0xff, 0xff, 0xff, 0xff, 0xf6, 0xaf,
    0x5d, 0xff, 0xbf, 0xff, 0xff, 0xff, 0xff, 0xff,
    0xff, 0xff, 0xff, 0xff, 0xfb,

    /* U+F095 "" */
    0x0, 0x0, 0x0, 0x0, 0x0, 0x0, 0x0, 0x0,
    0x2, 0x0, 0x0, 0x0, 0x0, 0x0, 0x0, 0x0,
    0x0, 0x0, 0x0, 0x7, 0xff, 0xc8, 0x51, 0x0,
    0x0, 0x0, 0x0, 0x0, 0x0, 0x0, 0x0, 0xef,
    0xff, 0xff, 0xe0, 0x0, 0x0, 0x0, 0x0, 0x0,
    0x0, 0x0, 0x5f, 0xff, 0xff, 0xff, 0x0, 0x0,
    0x0, 0x0, 0x0, 0x0, 0x0, 0xc, 0xff, 0xff,
    0xff, 0xe0, 0x0, 0x0, 0x0, 0x0, 0x0, 0x0,
    0x3, 0xff, 0xff, 0xff, 0xfd, 0x0, 0x0, 0x0,
    0x0, 0x0, 0x0, 0x0, 0x8f, 0xff, 0xff, 0xff,
    0xa0, 0x0, 0x0, 0x0, 0x0, 0x0, 0x0, 0x2,
    0xdf, 0xff, 0xff, 0xf7, 0x0, 0x0, 0x0, 0x0,
    0x0, 0x0, 0x0, 0x1, 0xcf, 0xff, 0xff, 0x30,
    0x0, 0x0, 0x0, 0x0, 0x0, 0x0, 0x0, 0x0,
    0xdf, 0xff, 0xd0, 0x0, 0x0, 0x0, 0x0, 0x0,
    0x0, 0x0, 0x0, 0x3f, 0xff, 0xf8, 0x0, 0x0,
    0x0, 0x0, 0x0, 0x0, 0x0, 0x0, 0xc, 0xff,
    0xff, 0x10, 0x0, 0x0, 0x0, 0x0, 0x0, 0x0,
    0x0, 0x8, 0xff, 0xff, 0x80, 0x0, 0x0, 0x0,
    0x0, 0x0, 0x0, 0x0, 0x5, 0xff, 0xff, 0xd0,
    0x0, 0x0, 0x0, 0x5, 0xb8, 0x0, 0x0, 0x6,
    0xff, 0xff, 0xf3, 0x0, 0x0, 0x1, 0x8e, 0xff,
    0xf6, 0x0, 0x8, 0xff, 0xff, 0xf6, 0x0, 0x0,
    0x9, 0xff, 0xff, 0xff, 0xf4, 0x4d, 0xff, 0xff,
    0xf8, 0x0, 0x0, 0x0, 0xef, 0xff, 0xff, 0xff,
    0xff, 0xff, 0xff, 0xf8, 0x0, 0x0, 0x0, 0xb,
    0xff, 0xff, 0xff, 0xff, 0xff, 0xff, 0xf6, 0x0,
    0x0, 0x0, 0x0, 0x7f, 0xff, 0xff, 0xff, 0xff,
    0xff, 0xc2, 0x0, 0x0, 0x0, 0x0, 0x4, 0xff,
    0xff, 0xff, 0xff, 0xfe, 0x60, 0x0, 0x0, 0x0,
    0x0, 0x0, 0xf, 0xff, 0xff, 0xff, 0xb5, 0x0,
    0x0, 0x0, 0x0, 0x0, 0x0, 0x0, 0x7b, 0xb9,
    0x74, 0x0, 0x0, 0x0, 0x0, 0x0, 0x0, 0x0,
    0x0,

    /* U+F0C4 "" */
    0x1, 0x8c, 0xda, 0x20, 0x0, 0x0, 0x0, 0x0,
    0x20, 0x0, 0x1d, 0xff, 0xff, 0xf3, 0x0, 0x0,
    0x0, 0x8f, 0xff, 0x80, 0xaf, 0xff, 0xff, 0xfd,
    0x0, 0x0, 0xa, 0xff, 0xff, 0xf1, 0xef, 0xe1,
    0xc, 0xff, 0x20, 0x0, 0xbf, 0xff, 0xfe, 0x30,
    0xff, 0xd0, 0xa, 0xff, 0x30, 0xb, 0xff, 0xff,
    0xe3, 0x0, 0xbf, 0xfc, 0xbf, 0xff, 0x10, 0xcf,
    0xff, 0xfe, 0x30, 0x0, 0x3f, 0xff, 0xff, 0xff,
    0xdc, 0xff, 0xff, 0xe3, 0x0, 0x0, 0x3, 0xdf,
    0xff, 0xff, 0xff, 0xff, 0xfe, 0x20, 0x0, 0x0,
    0x0, 0x1, 0x2d, 0xff, 0xff, 0xff, 0xe2, 0x0,
    0x0, 0x0, 0x0, 0x0, 0x2, 0xff, 0xff, 0xff,
    0x30, 0x0, 0x0, 0x0, 0x0, 0x0, 0xb, 0xff,
    0xff, 0xff, 0xc0, 0x0, 0x0, 0x0, 0x1, 0x8c,
    0xef, 0xff, 0xff, 0xff, 0xfc, 0x0, 0x0, 0x0,
    0x1d, 0xff, 0xff, 0xff, 0xff, 0xff, 0xff, 0xc0,
    0x0, 0x0, 0xaf, 0xff, 0xff, 0xff, 0x33, 0xef,
    0xff, 0xfc, 0x0, 0x0, 0xef, 0xe1, 0xc, 0xff,
    0x20, 0x2e, 0xff, 0xff, 0xc1, 0x0, 0xff, 0xd0,
    0xa, 0xff, 0x30, 0x2, 0xef, 0xff, 0xfc, 0x10,
    0xbf, 0xfc, 0xbf, 0xff, 0x0, 0x0, 0x1d, 0xff,
    0xff, 0xc0, 0x3f, 0xff, 0xff, 0xf7, 0x0, 0x0,
    0x1, 0xcf, 0xff, 0xd1, 0x3, 0xdf, 0xfe, 0x60,
    0x0, 0x0, 0x0, 0x4, 0x75, 0x0, 0x0, 0x1,
    0x10, 0x0, 0x0, 0x0, 0x0, 0x0, 0x0, 0x0,

    /* U+F0C5 "" */
    0x0, 0x0, 0x0, 0x12, 0x22, 0x22, 0x22, 0x1,
    0x0, 0x0, 0x0, 0x0, 0x3, 0xff, 0xff, 0xff,
    0xfe, 0xe, 0x70, 0x0, 0x0, 0x0, 0x5, 0xff,
    0xff, 0xff, 0xfe, 0xe, 0xf7, 0x0, 0x0, 0x0,
    0x5, 0xff, 0xff, 0xff, 0xfe, 0xe, 0xff, 0x70,
    0x1, 0x22, 0x5, 0xff, 0xff, 0xff, 0xfe, 0xe,
    0xff, 0xf2, 0xdf, 0xff, 0x25, 0xff, 0xff, 0xff,
    0xff, 0x10, 0x0, 0x0, 0xff, 0xff, 0x25, 0xff,
    0xff, 0xff, 0xff, 0xff, 0xff, 0xf3, 0xff, 0xff,
    0x25, 0xff, 0xff, 0xff, 0xff, 0xff, 0xff, 0xf3,
    0xff, 0xff, 0x25, 0xff, 0xff, 0xff, 0xff, 0xff,
    0xff, 0xf3, 0xff, 0xff, 0x25, 0xff, 0xff, 0xff,
    0xff, 0xff, 0xff, 0xf3, 0xff, 0xff, 0x25, 0xff,
    0xff, 0xff, 0xff, 0xff, 0xff, 0xf3, 0xff, 0xff,
    0x25, 0xff, 0xff, 0xff, 0xff, 0xff, 0xff, 0xf3,
    0xff, 0xff, 0x25, 0xff, 0xff, 0xff, 0xff, 0xff,
    0xff, 0xf3, 0xff, 0xff, 0x25, 0xff, 0xff, 0xff,
    0xff, 0xff, 0xff, 0xf3, 0xff, 0xff, 0x25, 0xff,
    0xff, 0xff, 0xff, 0xff, 0xff, 0xf3, 0xff, 0xff,
    0x25, 0xff, 0xff, 0xff, 0xff, 0xff, 0xff, 0xf3,
    0xff, 0xff, 0x25, 0xff, 0xff, 0xff, 0xff, 0xff,
    0xff, 0xf3, 0xff, 0xff, 0x24, 0xff, 0xff, 0xff,
    0xff, 0xff, 0xff, 0xf2, 0xff, 0xff, 0x50, 0x56,
    0x66, 0x66, 0x66, 0x66, 0x66, 0x50, 0xff, 0xff,
    0xe4, 0x0, 0x0, 0x0, 0x0, 0x0, 0x0, 0x0,
    0xff, 0xff, 0xff, 0xff, 0xff, 0xff, 0xfe, 0x0,
    0x0, 0x0, 0xff, 0xff, 0xff, 0xff, 0xff, 0xff,
    0xfe, 0x0, 0x0, 0x0, 0x8b, 0xcc, 0xcc, 0xcc,
    0xcc, 0xcc, 0xb7, 0x0, 0x0, 0x0,

    /* U+F0C7 "" */
    0x2a, 0xcc, 0xcc, 0xcc, 0xcc, 0xcc, 0xcc, 0x91,
    0x0, 0x0, 0xcf, 0xff, 0xff, 0xff, 0xff, 0xff,
    0xff, 0xfd, 0x10, 0x0, 0xff, 0xff, 0xff, 0xff,
    0xff, 0xff, 0xff, 0xff, 0xd1, 0x0, 0xff, 0xc0,
    0x0, 0x0, 0x0, 0x0, 0x3, 0xff, 0xfd, 0x10,
    0xff, 0xc0, 0x0, 0x0, 0x0, 0x0, 0x1, 0xff,
    0xff, 0xd0, 0xff, 0xc0, 0x0, 0x0, 0x0, 0x0,
    0x1, 0xff, 0xff, 0xf5, 0xff, 0xc0, 0x0, 0x0,
    0x0, 0x0, 0x1, 0xff, 0xff, 0xf6, 0xff, 0xc0,
    0x0, 0x0, 0x0, 0x0, 0x1, 0xff, 0xff, 0xf6,
    0xff, 0xfb, 0xbb, 0xbb, 0xbb, 0xbb, 0xbc, 0xff,
    0xff, 0xf6, 0xff, 0xff, 0xff, 0xff, 0xff, 0xff,
    0xff, 0xff, 0xff, 0xf6, 0xff, 0xff, 0xff, 0xff,
    0xff, 0xff, 0xff, 0xff, 0xff, 0xf6, 0xff, 0xff,
    0xff, 0xfe, 0x51, 0x3b, 0xff, 0xff, 0xff, 0xf6,
    0xff, 0xff, 0xff, 0xf3, 0x0, 0x0, 0xcf, 0xff,
    0xff, 0xf6, 0xff, 0xff, 0xff, 0xe0, 0x0, 0x0,
    0x8f, 0xff, 0xff, 0xf6, 0xff, 0xff, 0xff, 0xf0,
    0x0, 0x0, 0x9f, 0xff, 0xff, 0xf6, 0xff, 0xff,
    0xff, 0xf9, 0x0, 0x4, 0xff, 0xff, 0xff, 0xf6,
    0xff, 0xff, 0xff, 0xff, 0xda, 0xbf, 0xff, 0xff,
    0xff, 0xf6, 0xef, 0xff, 0xff, 0xff, 0xff, 0xff,
    0xff, 0xff, 0xff, 0xf5, 0x6f, 0xff, 0xff, 0xff,
    0xff, 0xff, 0xff, 0xff, 0xff, 0xb0, 0x0, 0x22,
    0x22, 0x22, 0x22, 0x22, 0x22, 0x22, 0x21, 0x0,

    /* U+F0C9 "" */
    0xce, 0xee, 0xee, 0xee, 0xee, 0xee, 0xee, 0xee,
    0xee, 0xd1, 0xff, 0xff, 0xff, 0xff, 0xff, 0xff,
    0xff, 0xff, 0xff, 0xf4, 0xff, 0xff, 0xff, 0xff,
    0xff, 0xff, 0xff, 0xff, 0xff, 0xf3, 0x13, 0x33,
    0x33, 0x33, 0x33, 0x33, 0x33, 0x33, 0x33, 0x20,
    0x0, 0x0, 0x0, 0x0, 0x0, 0x0, 0x0, 0x0,
    0x0, 0x0, 0x0, 0x0, 0x0, 0x0, 0x0, 0x0,
    0x0, 0x0, 0x0, 0x0, 0x0, 0x0, 0x0, 0x0,
    0x0, 0x0, 0x0, 0x0, 0x0, 0x0, 0xdf, 0xff,
    0xff, 0xff, 0xff, 0xff, 0xff, 0xff, 0xff, 0xe2,
    0xff, 0xff, 0xff, 0xff, 0xff, 0xff, 0xff, 0xff,
    0xff, 0xf4, 0xff, 0xff, 0xff, 0xff, 0xff, 0xff,
    0xff, 0xff, 0xff, 0xf3, 0x12, 0x22, 0x22, 0x22,
    0x22, 0x22, 0x22, 0x22, 0x22, 0x10, 0x0, 0x0,
    0x0, 0x0, 0x0, 0x0, 0x0, 0x0, 0x0, 0x0,
    0x0, 0x0, 0x0, 0x0, 0x0, 0x0, 0x0, 0x0,
    0x0, 0x0, 0x0, 0x0, 0x0, 0x0, 0x0, 0x0,
    0x0, 0x0, 0x0, 0x0, 0xdf, 0xff, 0xff, 0xff,
    0xff, 0xff, 0xff, 0xff, 0xff, 0xe2, 0xff, 0xff,
    0xff, 0xff, 0xff, 0xff, 0xff, 0xff, 0xff, 0xf4,
    0xff, 0xff, 0xff, 0xff, 0xff, 0xff, 0xff, 0xff,
    0xff, 0xf3, 0x12, 0x22, 0x22, 0x22, 0x22, 0x22,
    0x22, 0x22, 0x22, 0x10,

    /* U+F0E0 "" */
    0x2, 0x44, 0x44, 0x44, 0x44, 0x44, 0x44, 0x44,
    0x44, 0x44, 0x20, 0x7f, 0xff, 0xff, 0xff, 0xff,
    0xff, 0xff, 0xff, 0xff, 0xff, 0xf7, 0xff, 0xff,
    0xff, 0xff, 0xff, 0xff, 0xff, 0xff, 0xff, 0xff,
    0xff, 0xff, 0xff, 0xff, 0xff, 0xff, 0xff, 0xff,
    0xff, 0xff, 0xff, 0xff, 0x7f, 0xff, 0xff, 0xff,
    0xff, 0xff, 0xff, 0xff, 0xff, 0xff, 0xf7, 0x4,
    0xef, 0xff, 0xff, 0xff, 0xff, 0xff, 0xff, 0xff,
    0xfe, 0x40, 0xb1, 0x1b, 0xff, 0xff, 0xff, 0xff,
    0xff, 0xff, 0xff, 0xb1, 0x3e, 0xfe, 0x50, 0x7f,
    0xff, 0xff, 0xff, 0xff, 0xff, 0xf7, 0x7, 0xff,
    0xff, 0xf9, 0x3, 0xef, 0xff, 0xff, 0xff, 0xfe,
    0x31, 0xbf, 0xff, 0xff, 0xff, 0xd3, 0x1b, 0xff,
    0xff, 0xff, 0xb1, 0x4e, 0xff, 0xff, 0xff, 0xff,
    0xff, 0x80, 0x6f, 0xff, 0xf6, 0x9, 0xff, 0xff,
    0xff, 0xff, 0xff, 0xff, 0xfb, 0x12, 0x99, 0x22,
    0xcf, 0xff, 0xff, 0xff, 0xff, 0xff, 0xff, 0xff,
    0xf8, 0x33, 0x8f, 0xff, 0xff, 0xff, 0xff, 0xff,
    0xff, 0xff, 0xff, 0xff, 0xff, 0xff, 0xff, 0xff,
    0xff, 0xff, 0xff, 0xff, 0xff, 0xff, 0xff, 0xff,
    0xff, 0xff, 0xff, 0xff, 0xff, 0xef, 0xff, 0xff,
    0xff, 0xff, 0xff, 0xff, 0xff, 0xff, 0xff, 0xfd,
    0x4e, 0xff, 0xff, 0xff, 0xff, 0xff, 0xff, 0xff,
    0xff, 0xff, 0xe4,

    /* U+F0E7 "" */
    0x0, 0x3, 0x44, 0x44, 0x43, 0x0, 0x0, 0x0,
    0x8, 0xff, 0xff, 0xff, 0xf8, 0x0, 0x0, 0x0,
    0xbf, 0xff, 0xff, 0xff, 0x60, 0x0, 0x0, 0xd,
    0xff, 0xff, 0xff, 0xf1, 0x0, 0x0, 0x0, 0xff,
    0xff, 0xff, 0xfc, 0x0, 0x0, 0x0, 0x2f, 0xff,
    0xff, 0xff, 0x70, 0x0, 0x0, 0x4, 0xff, 0xff,
    0xff, 0xf2, 0x0, 0x0, 0x0, 0x6f, 0xff, 0xff,
    0xfe, 0x66, 0x66, 0x51, 0x8, 0xff, 0xff, 0xff,
    0xff, 0xff, 0xff, 0xa0, 0xaf, 0xff, 0xff, 0xff,
    0xff, 0xff, 0xf6, 0xc, 0xff, 0xff, 0xff, 0xff,
    0xff, 0xfd, 0x0, 0xff, 0xff, 0xff, 0xff, 0xff,
    0xff, 0x40, 0xd, 0xff, 0xff, 0xff, 0xff, 0xff,
    0xb0, 0x0, 0x1, 0x22, 0x22, 0xff, 0xff, 0xf2,
    0x0, 0x0, 0x0, 0x0, 0x2f, 0xff, 0xf8, 0x0,
    0x0, 0x0, 0x0, 0x6, 0xff, 0xfe, 0x0, 0x0,
    0x0, 0x0, 0x0, 0xaf, 0xff, 0x60, 0x0, 0x0,
    0x0, 0x0, 0xe, 0xff, 0xc0, 0x0, 0x0, 0x0,
    0x0, 0x2, 0xff, 0xf3, 0x0, 0x0, 0x0, 0x0,
    0x0, 0x5f, 0xfa, 0x0, 0x0, 0x0, 0x0, 0x0,
    0x9, 0xff, 0x10, 0x0, 0x0, 0x0, 0x0, 0x0,
    0xcf, 0x70, 0x0, 0x0, 0x0, 0x0, 0x0, 0x6,
    0x90, 0x0, 0x0, 0x0, 0x0,

    /* U+F0EA "" */
    0x0, 0x0, 0x0, 0x10, 0x0, 0x0, 0x0, 0x0,
    0x0, 0x0, 0x0, 0x0, 0x1c, 0xff, 0x90, 0x0,
    0x0, 0x0, 0x0, 0x0, 0x8c, 0xcc, 0xdf, 0xbc,
    0xfc, 0xcc, 0xc6, 0x0, 0x0, 0x0, 0xff, 0xff,
    0xfe, 0x1, 0xff, 0xff, 0xfc, 0x0, 0x0, 0x0,
    0xff, 0xff, 0xff, 0xde, 0xff, 0xff, 0xfc, 0x0,
    0x0, 0x0, 0xff, 0xff, 0xff, 0xff, 0xff, 0xff,
    0xfc, 0x0, 0x0, 0x0, 0xff, 0xff, 0xff, 0x92,
    0x0, 0x0, 0x0, 0x0, 0x0, 0x0, 0xff, 0xff,
    0xfc, 0x1, 0x22, 0x22, 0x22, 0x1, 0x0, 0x0,
    0xff, 0xff, 0xf8, 0xe, 0xff, 0xff, 0xfc, 0xe,
    0x70, 0x0, 0xff, 0xff, 0xf8, 0x1f, 0xff, 0xff,
    0xfc, 0xe, 0xf7, 0x0, 0xff, 0xff, 0xf8, 0x1f,
    0xff, 0xff, 0xfc, 0xe, 0xff, 0x70, 0xff, 0xff,
    0xf8, 0x1f, 0xff, 0xff, 0xfc, 0xe, 0xff, 0xf2,
    0xff, 0xff, 0xf8, 0x1f, 0xff, 0xff, 0xfe, 0x10,
    0x0, 0x0, 0xff, 0xff, 0xf8, 0x1f, 0xff, 0xff,
    0xff, 0xff, 0xff, 0xf3, 0xff, 0xff, 0xf8, 0x1f,
    0xff, 0xff, 0xff, 0xff, 0xff, 0xf3, 0xff, 0xff,
    0xf8, 0x1f, 0xff, 0xff, 0xff, 0xff, 0xff, 0xf3,
    0xff, 0xff, 0xf8, 0x1f, 0xff, 0xff, 0xff, 0xff,
    0xff, 0xf3, 0xff, 0xff, 0xf8, 0x1f, 0xff, 0xff,
    0xff, 0xff, 0xff, 0xf3, 0x58, 0x88, 0x84, 0x1f,
    0xff, 0xff, 0xff, 0xff, 0xff, 0xf3, 0x0, 0x0,
    0x0, 0x1f, 0xff, 0xff, 0xff, 0xff, 0xff, 0xf3,
    0x0, 0x0, 0x0, 0x1f, 0xff, 0xff, 0xff, 0xff,
    0xff, 0xf3, 0x0, 0x0, 0x0, 0x1f, 0xff, 0xff,
    0xff, 0xff, 0xff, 0xf3, 0x0, 0x0, 0x0, 0x8,
    0xaa, 0xaa, 0xaa, 0xaa, 0xaa, 0x80,

    /* U+F0F3 "" */
    0x0, 0x0, 0x0, 0x0, 0x0, 0x0, 0x0, 0x0,
    0x0, 0x0, 0x0, 0x0, 0x0, 0x0, 0x6f, 0xa0,
    0x0, 0x0, 0x0, 0x0, 0x0, 0x0, 0x0, 0x0,
    0xbf, 0xf0, 0x0, 0x0, 0x0, 0x0, 0x0, 0x0,
    0x0, 0x28, 0xef, 0xf9, 0x40, 0x0, 0x0, 0x0,
    0x0, 0x0, 0x8, 0xff, 0xff, 0xff, 0xfb, 0x10,
    0x0, 0x0, 0x0, 0x0, 0xaf, 0xff, 0xff, 0xff,
    0xff, 0xc0, 0x0, 0x0, 0x0, 0x5, 0xff, 0xff,
    0xff, 0xff, 0xff, 0xf8, 0x0, 0x0, 0x0, 0xd,
    0xff, 0xff, 0xff, 0xff, 0xff, 0xff, 0x0, 0x0,
    0x0, 0x1f, 0xff, 0xff, 0xff, 0xff, 0xff, 0xff,
    0x50, 0x0, 0x0, 0x3f, 0xff, 0xff, 0xff, 0xff,
    0xff, 0xff, 0x70, 0x0, 0x0, 0x4f, 0xff, 0xff,
    0xff, 0xff, 0xff, 0xff, 0x80, 0x0, 0x0, 0x5f,
    0xff, 0xff, 0xff, 0xff, 0xff, 0xff, 0x90, 0x0,
    0x0, 0x8f, 0xff, 0xff, 0xff, 0xff, 0xff, 0xff,
    0xc0, 0x0, 0x0, 0xcf, 0xff, 0xff, 0xff, 0xff,
    0xff, 0xff, 0xf0, 0x0, 0x2, 0xff, 0xff, 0xff,
    0xff, 0xff, 0xff, 0xff, 0xf6, 0x0, 0xb, 0xff,
    0xff, 0xff, 0xff, 0xff, 0xff, 0xff, 0xfe, 0x10,
    0x9f, 0xff, 0xff, 0xff, 0xff, 0xff, 0xff, 0xff,
    0xff, 0xc0, 0xff, 0xff, 0xff, 0xff, 0xff, 0xff,
    0xff, 0xff, 0xff, 0xf3, 0x6c, 0xdd, 0xdd, 0xdd,
    0xdd, 0xdd, 0xdd, 0xdd, 0xdd, 0x90, 0x0, 0x0,
    0x0, 0x0, 0x0, 0x0, 0x0, 0x0, 0x0, 0x0,
    0x0, 0x0, 0x0, 0xf, 0xff, 0xff, 0x40, 0x0,
    0x0, 0x0, 0x0, 0x0, 0x0, 0x9, 0xff, 0xfd,
    0x0, 0x0, 0x0, 0x0, 0x0, 0x0, 0x0, 0x0,
    0x7b, 0x81, 0x0, 0x0, 0x0, 0x0,

    /* U+F11C "" */
    0x19, 0xbb, 0xbb, 0xbb, 0xbb, 0xbb, 0xbb, 0xbb,
    0xbb, 0xbb, 0xbb, 0xb7, 0xc, 0xff, 0xff, 0xff,
    0xff, 0xff, 0xff, 0xff, 0xff, 0xff, 0xff, 0xff,
    0xf7, 0xff, 0xff, 0xff, 0xff, 0xff, 0xff, 0xff,
    0xff, 0xff, 0xff, 0xff, 0xff, 0xbf, 0xfd, 0x0,
    0x8f, 0x10, 0x7f, 0x10, 0x5f, 0x30, 0x3f, 0x50,
    0x1f, 0xfc, 0xff, 0xc0, 0x7, 0xe0, 0x6, 0xf0,
    0x4, 0xf2, 0x2, 0xf4, 0x0, 0xff, 0xcf, 0xfc,
    0x0, 0x8f, 0x0, 0x7f, 0x10, 0x5f, 0x30, 0x3f,
    0x50, 0x1f, 0xfc, 0xff, 0xff, 0xff, 0xff, 0xff,
    0xff, 0xff, 0xff, 0xff, 0xff, 0xff, 0xff, 0xcf,
    0xff, 0xfe, 0x66, 0xbf, 0x66, 0xaf, 0x76, 0x8f,
    0x86, 0x7f, 0xff, 0xfc, 0xff, 0xff, 0xd0, 0x6,
    0xf0, 0x5, 0xf1, 0x3, 0xf3, 0x1, 0xff, 0xff,
    0xcf, 0xff, 0xfd, 0x0, 0x7f, 0x0, 0x5f, 0x10,
    0x3f, 0x30, 0x1f, 0xff, 0xfc, 0xff, 0xff, 0xff,
    0xff, 0xff, 0xff, 0xff, 0xff, 0xff, 0xff, 0xff,
    0xff, 0xcf, 0xfe, 0x66, 0xcf, 0x76, 0x66, 0x66,
    0x66, 0x66, 0x9f, 0xa6, 0x7f, 0xfc, 0xff, 0xc0,
    0x7, 0xe0, 0x0, 0x0, 0x0, 0x0, 0x2, 0xf4,
    0x0, 0xff, 0xcf, 0xfc, 0x0, 0x7e, 0x0, 0x0,
    0x0, 0x0, 0x0, 0x2f, 0x40, 0xf, 0xfc, 0xff,
    0xfc, 0xce, 0xfc, 0xcc, 0xcc, 0xcc, 0xcc, 0xcd,
    0xfd, 0xcc, 0xff, 0xbd, 0xff, 0xff, 0xff, 0xff,
    0xff, 0xff, 0xff, 0xff, 0xff, 0xff, 0xff, 0xf9,
    0x4e, 0xff, 0xff, 0xff, 0xff, 0xff, 0xff, 0xff,
    0xff, 0xff, 0xff, 0xfc, 0x10,

    /* U+F124 "" */
    0x0, 0x0, 0x0, 0x0, 0x0, 0x0, 0x0, 0x0,
    0x0, 0x0, 0x21, 0x0, 0x0, 0x0, 0x0, 0x0,
    0x0, 0x0, 0x0, 0x0, 0x0, 0x5c, 0xff, 0x50,
    0x0, 0x0, 0x0, 0x0, 0x0, 0x0, 0x0, 0x0,
    0x6d, 0xff, 0xff, 0xe0, 0x0, 0x0, 0x0, 0x0,
    0x0, 0x0, 0x1, 0x7e, 0xff, 0xff, 0xff, 0xd0,
    0x0, 0x0, 0x0, 0x0, 0x0, 0x2, 0x9f, 0xff,
    0xff, 0xff, 0xff, 0x60, 0x0, 0x0, 0x0, 0x0,
    0x3, 0xaf, 0xff, 0xff, 0xff, 0xff, 0xfe, 0x0,
    0x0, 0x0, 0x0, 0x4, 0xbf, 0xff, 0xff, 0xff,
    0xff, 0xff, 0xf8, 0x0, 0x0, 0x0, 0x5, 0xdf,
    0xff, 0xff, 0xff, 0xff, 0xff, 0xff, 0xf1, 0x0,
    0x0, 0x7, 0xef, 0xff, 0xff, 0xff, 0xff, 0xff,
    0xff, 0xff, 0x90, 0x0, 0x4, 0xef, 0xff, 0xff,
    0xff, 0xff, 0xff, 0xff, 0xff, 0xff, 0x20, 0x0,
    0xe, 0xff, 0xff, 0xff, 0xff, 0xff, 0xff, 0xff,
    0xff, 0xfa, 0x0, 0x0, 0xe, 0xff, 0xff, 0xff,
    0xff, 0xff, 0xff, 0xff, 0xff, 0xf3, 0x0, 0x0,
    0x5, 0xff, 0xff, 0xff, 0xff, 0xff, 0xff, 0xff,
    0xff, 0xc0, 0x0, 0x0, 0x0, 0x1, 0x22, 0x22,
    0x22, 0x7f, 0xff, 0xff, 0xff, 0x40, 0x0, 0x0,
    0x0, 0x0, 0x0, 0x0, 0x0, 0x6f, 0xff, 0xff,
    0xfd, 0x0, 0x0, 0x0, 0x0, 0x0, 0x0, 0x0,
    0x0, 0x6f, 0xff, 0xff, 0xf6, 0x0, 0x0, 0x0,
    0x0, 0x0, 0x0, 0x0, 0x0, 0x6f, 0xff, 0xff,
    0xe0, 0x0, 0x0, 0x0, 0x0, 0x0, 0x0, 0x0,
    0x0, 0x6f, 0xff, 0xff, 0x70, 0x0, 0x0, 0x0,
    0x0, 0x0, 0x0, 0x0, 0x0, 0x6f, 0xff, 0xff,
    0x0, 0x0, 0x0, 0x0, 0x0, 0x0, 0x0, 0x0,
    0x0, 0x6f, 0xff, 0xf8, 0x0, 0x0, 0x0, 0x0,
    0x0, 0x0, 0x0, 0x0, 0x0, 0x5f, 0xff, 0xf1,
    0x0, 0x0, 0x0, 0x0, 0x0, 0x0, 0x0, 0x0,
    0x0, 0x2f, 0xff, 0x90, 0x0, 0x0, 0x0, 0x0,
    0x0, 0x0, 0x0, 0x0, 0x0, 0x5, 0xb8, 0x0,
    0x0, 0x0, 0x0, 0x0,

    /* U+F15B "" */
    0x37, 0x77, 0x77, 0x77, 0x74, 0x5, 0x0, 0x0,
    0xf, 0xff, 0xff, 0xff, 0xff, 0xa0, 0xfa, 0x0,
    0x0, 0xff, 0xff, 0xff, 0xff, 0xfa, 0xf, 0xfa,
    0x0, 0xf, 0xff, 0xff, 0xff, 0xff, 0xa0, 0xff,
    0xfa, 0x0, 0xff, 0xff, 0xff, 0xff, 0xfa, 0xf,
    0xff, 0xfa, 0xf, 0xff, 0xff, 0xff, 0xff, 0xa0,
    0xff, 0xff, 0xf6, 0xff, 0xff, 0xff, 0xff, 0xfa,
    0x0, 0x0, 0x0, 0xf, 0xff, 0xff, 0xff, 0xff,
    0xe3, 0x22, 0x22, 0x21, 0xff, 0xff, 0xff, 0xff,
    0xff, 0xff, 0xff, 0xff, 0x8f, 0xff, 0xff, 0xff,
    0xff, 0xff, 0xff, 0xff, 0xf8, 0xff, 0xff, 0xff,
    0xff, 0xff, 0xff, 0xff, 0xff, 0x8f, 0xff, 0xff,
    0xff, 0xff, 0xff, 0xff, 0xff, 0xf8, 0xff, 0xff,
    0xff, 0xff, 0xff, 0xff, 0xff, 0xff, 0x8f, 0xff,
    0xff, 0xff, 0xff, 0xff, 0xff, 0xff, 0xf8, 0xff,
    0xff, 0xff, 0xff, 0xff, 0xff, 0xff, 0xff, 0x8f,
    0xff, 0xff, 0xff, 0xff, 0xff, 0xff, 0xff, 0xf8,
    0xff, 0xff, 0xff, 0xff, 0xff, 0xff, 0xff, 0xff,
    0x8f, 0xff, 0xff, 0xff, 0xff, 0xff, 0xff, 0xff,
    0xf8, 0xff, 0xff, 0xff, 0xff, 0xff, 0xff, 0xff,
    0xff, 0x8f, 0xff, 0xff, 0xff, 0xff, 0xff, 0xff,
    0xff, 0xf8, 0xff, 0xff, 0xff, 0xff, 0xff, 0xff,
    0xff, 0xff, 0x8f, 0xff, 0xff, 0xff, 0xff, 0xff,
    0xff, 0xff, 0xf7, 0xbf, 0xff, 0xff, 0xff, 0xff,
    0xff, 0xff, 0xfe, 0x40,

    /* U+F1EB "" */
    0x0, 0x0, 0x0, 0x0, 0x0, 0x0, 0x0, 0x0,
    0x0, 0x0, 0x0, 0x0, 0x0, 0x0, 0x0, 0x0,
    0x0, 0x0, 0x26, 0x9c, 0xde, 0xdc, 0xb8, 0x50,
    0x0, 0x0, 0x0, 0x0, 0x0, 0x0, 0x1, 0x8d,
    0xff, 0xff, 0xff, 0xff, 0xff, 0xff, 0xb5, 0x0,
    0x0, 0x0, 0x0, 0x1, 0xaf, 0xff, 0xff, 0xff,
    0xff, 0xff, 0xff, 0xff, 0xff, 0xd5, 0x0, 0x0,
    0x0, 0x6f, 0xff, 0xff, 0xff, 0xdb, 0x99, 0x9a,
    0xcf, 0xff, 0xff, 0xff, 0xb1, 0x0, 0xa, 0xff,
    0xff, 0xfc, 0x61, 0x0, 0x0, 0x0, 0x0, 0x39,
    0xef, 0xff, 0xfe, 0x40, 0xcf, 0xff, 0xfb, 0x30,
    0x0, 0x0, 0x0, 0x0, 0x0, 0x0, 0x7, 0xff,
    0xff, 0xf4, 0xaf, 0xff, 0x60, 0x0, 0x0, 0x0,
    0x0, 0x0, 0x0, 0x0, 0x0, 0x1b, 0xff, 0xf2,
    0xa, 0xd2, 0x0, 0x0, 0x4, 0x9c, 0xef, 0xed,
    0xb6, 0x20, 0x0, 0x0, 0x8e, 0x30, 0x0, 0x0,
    0x0, 0x6, 0xef, 0xff, 0xff, 0xff, 0xff, 0xfa,
    0x20, 0x0, 0x0, 0x0, 0x0, 0x0, 0x2, 0xcf,
    0xff, 0xff, 0xff, 0xff, 0xff, 0xff, 0xf7, 0x0,
    0x0, 0x0, 0x0, 0x0, 0x1f, 0xff, 0xff, 0xfb,
    0x87, 0x89, 0xdf, 0xff, 0xff, 0x80, 0x0, 0x0,
    0x0, 0x0, 0xb, 0xff, 0xe6, 0x0, 0x0, 0x0,
    0x3, 0xaf, 0xff, 0x40, 0x0, 0x0, 0x0, 0x0,
    0x0, 0xba, 0x10, 0x0, 0x0, 0x0, 0x0, 0x5,
    0xd4, 0x0, 0x0, 0x0, 0x0, 0x0, 0x0, 0x0,
    0x0, 0x0, 0x1, 0x0, 0x0, 0x0, 0x0, 0x0,
    0x0, 0x0, 0x0, 0x0, 0x0, 0x0, 0x0, 0x1,
    0xcf, 0xf6, 0x0, 0x0, 0x0, 0x0, 0x0, 0x0,
    0x0, 0x0, 0x0, 0x0, 0x0, 0xb, 0xff, 0xff,
    0x30, 0x0, 0x0, 0x0, 0x0, 0x0, 0x0, 0x0,
    0x0, 0x0, 0x0, 0xf, 0xff, 0xff, 0x70, 0x0,
    0x0, 0x0, 0x0, 0x0, 0x0, 0x0, 0x0, 0x0,
    0x0, 0xd, 0xff, 0xff, 0x50, 0x0, 0x0, 0x0,
    0x0, 0x0, 0x0, 0x0, 0x0, 0x0, 0x0, 0x3,
    0xff, 0xfa, 0x0, 0x0, 0x0, 0x0, 0x0, 0x0,
    0x0, 0x0, 0x0, 0x0, 0x0, 0x0, 0x15, 0x30,
    0x0, 0x0, 0x0, 0x0, 0x0, 0x0,

    /* U+F240 "" */
    0x0, 0x0, 0x0, 0x0, 0x0, 0x0, 0x0, 0x0,
    0x0, 0x0, 0x0, 0x0, 0x0, 0x0, 0x4e, 0xff,
    0xff, 0xff, 0xff, 0xff, 0xff, 0xff, 0xff, 0xff,
    0xff, 0xff, 0xf6, 0x0, 0xef, 0xff, 0xff, 0xff,
    0xff, 0xff, 0xff, 0xff, 0xff, 0xff, 0xff, 0xff,
    0xff, 0x0, 0xff, 0xeb, 0xbb, 0xbb, 0xbb, 0xbb,
    0xbb, 0xbb, 0xbb, 0xbb, 0xbb, 0xbd, 0xff, 0x50,
    0xff, 0xc0, 0x0, 0x0, 0x0, 0x0, 0x0, 0x0,
    0x0, 0x0, 0x0, 0x7, 0xff, 0xf9, 0xff, 0xc0,
    0xef, 0xff, 0xff, 0xff, 0xff, 0xff, 0xff, 0xff,
    0xff, 0x7, 0xff, 0xfa, 0xff, 0xc0, 0xef, 0xff,
    0xff, 0xff, 0xff, 0xff, 0xff, 0xff, 0xff, 0x3,
    0x7f, 0xfa, 0xff, 0xc0, 0xef, 0xff, 0xff, 0xff,
    0xff, 0xff, 0xff, 0xff, 0xff, 0x0, 0x1f, 0xfa,
    0xff, 0xc0, 0xef, 0xff, 0xff, 0xff, 0xff, 0xff,
    0xff, 0xff, 0xff, 0x0, 0x1f, 0xfa, 0xff, 0xc0,
    0xef, 0xff, 0xff, 0xff, 0xff, 0xff, 0xff, 0xff,
    0xff, 0x5, 0xdf, 0xfa, 0xff, 0xc0, 0x78, 0x88,
    0x88, 0x88, 0x88, 0x88, 0x88, 0x88, 0x88, 0x7,
    0xff, 0xfa, 0xff, 0xc0, 0x0, 0x0, 0x0, 0x0,
    0x0, 0x0, 0x0, 0x0, 0x0, 0x7, 0xff, 0xf6,
    0xff, 0xff, 0xff, 0xff, 0xff, 0xff, 0xff, 0xff,
    0xff, 0xff, 0xff, 0xff, 0xff, 0x10, 0xcf, 0xff,
    0xff, 0xff, 0xff, 0xff, 0xff, 0xff, 0xff, 0xff,
    0xff, 0xff, 0xfd, 0x0, 0x19, 0xbb, 0xbb, 0xbb,
    0xbb, 0xbb, 0xbb, 0xbb, 0xbb, 0xbb, 0xbb, 0xbb,
    0x92, 0x0,

    /* U+F241 "" */
    0x0, 0x0, 0x0, 0x0, 0x0, 0x0, 0x0, 0x0,
    0x0, 0x0, 0x0, 0x0, 0x0, 0x0, 0x4e, 0xff,
    0xff, 0xff, 0xff, 0xff, 0xff, 0xff, 0xff, 0xff,
    0xff, 0xff, 0xf6, 0x0, 0xef, 0xff, 0xff, 0xff,
    0xff, 0xff, 0xff, 0xff, 0xff, 0xff, 0xff, 0xff,
    0xff, 0x0, 0xff, 0xeb, 0xbb, 0xbb, 0xbb, 0xbb,
    0xbb, 0xbb, 0xbb, 0xbb, 0xbb, 0xbd, 0xff, 0x50,
    0xff, 0xc0, 0x0, 0x0, 0x0, 0x0, 0x0, 0x0,
    0x0, 0x0, 0x0, 0x7, 0xff, 0xf9, 0xff, 0xc0,
    0xef, 0xff, 0xff, 0xff, 0xff, 0xff, 0xfd, 0x0,
    0x0, 0x7, 0xff, 0xfa, 0xff, 0xc0, 0xef, 0xff,
    0xff, 0xff, 0xff, 0xff, 0xfd, 0x0, 0x0, 0x3,
    0x7f, 0xfa, 0xff, 0xc0, 0xef, 0xff, 0xff, 0xff,
    0xff, 0xff, 0xfd, 0x0, 0x0, 0x0, 0x1f, 0xfa,
    0xff, 0xc0, 0xef, 0xff, 0xff, 0xff, 0xff, 0xff,
    0xfd, 0x0, 0x0, 0x0, 0x1f, 0xfa, 0xff, 0xc0,
    0xef, 0xff, 0xff, 0xff, 0xff, 0xff, 0xfd, 0x0,
    0x0, 0x5, 0xdf, 0xfa, 0xff, 0xc0, 0x78, 0x88,
    0x88, 0x88, 0x88, 0x88, 0x86, 0x0, 0x0, 0x7,
    0xff, 0xfa, 0xff, 0xc0, 0x0, 0x0, 0x0, 0x0,
    0x0, 0x0, 0x0, 0x0, 0x0, 0x7, 0xff, 0xf6,
    0xff, 0xff, 0xff, 0xff, 0xff, 0xff, 0xff, 0xff,
    0xff, 0xff, 0xff, 0xff, 0xff, 0x10, 0xcf, 0xff,
    0xff, 0xff, 0xff, 0xff, 0xff, 0xff, 0xff, 0xff,
    0xff, 0xff, 0xfd, 0x0, 0x19, 0xbb, 0xbb, 0xbb,
    0xbb, 0xbb, 0xbb, 0xbb, 0xbb, 0xbb, 0xbb, 0xbb,
    0x92, 0x0,

    /* U+F242 "" */
    0x0, 0x0, 0x0, 0x0, 0x0, 0x0, 0x0, 0x0,
    0x0, 0x0, 0x0, 0x0, 0x0, 0x0, 0x4e, 0xff,
    0xff, 0xff, 0xff, 0xff, 0xff, 0xff, 0xff, 0xff,
    0xff, 0xff, 0xf6, 0x0, 0xef, 0xff, 0xff, 0xff,
    0xff, 0xff, 0xff, 0xff, 0xff, 0xff, 0xff, 0xff,
    0xff, 0x0, 0xff, 0xeb, 0xbb, 0xbb, 0xbb, 0xbb,
    0xbb, 0xbb, 0xbb, 0xbb, 0xbb, 0xbd, 0xff, 0x50,
    0xff, 0xc0, 0x0, 0x0, 0x0, 0x0, 0x0, 0x0,
    0x0, 0x0, 0x0, 0x7, 0xff, 0xf9, 0xff, 0xc0,
    0xef, 0xff, 0xff, 0xff, 0xfb, 0x0, 0x0, 0x0,
    0x0, 0x7, 0xff, 0xfa, 0xff, 0xc0, 0xef, 0xff,
    0xff, 0xff, 0xfb, 0x0, 0x0, 0x0, 0x0, 0x3,
    0x7f, 0xfa, 0xff, 0xc0, 0xef, 0xff, 0xff, 0xff,
    0xfb, 0x0, 0x0, 0x0, 0x0, 0x0, 0x1f, 0xfa,
    0xff, 0xc0, 0xef, 0xff, 0xff, 0xff, 0xfb, 0x0,
    0x0, 0x0, 0x0, 0x0, 0x1f, 0xfa, 0xff, 0xc0,
    0xef, 0xff, 0xff, 0xff, 0xfb, 0x0, 0x0, 0x0,
    0x0, 0x5, 0xdf, 0xfa, 0xff, 0xc0, 0x78, 0x88,
    0x88, 0x88, 0x85, 0x0, 0x0, 0x0, 0x0, 0x7,
    0xff, 0xfa, 0xff, 0xc0, 0x0, 0x0, 0x0, 0x0,
    0x0, 0x0, 0x0, 0x0, 0x0, 0x7, 0xff, 0xf6,
    0xff, 0xff, 0xff, 0xff, 0xff, 0xff, 0xff, 0xff,
    0xff, 0xff, 0xff, 0xff, 0xff, 0x10, 0xcf, 0xff,
    0xff, 0xff, 0xff, 0xff, 0xff, 0xff, 0xff, 0xff,
    0xff, 0xff, 0xfd, 0x0, 0x19, 0xbb, 0xbb, 0xbb,
    0xbb, 0xbb, 0xbb, 0xbb, 0xbb, 0xbb, 0xbb, 0xbb,
    0x92, 0x0,

    /* U+F243 "" */
    0x0, 0x0, 0x0, 0x0, 0x0, 0x0, 0x0, 0x0,
    0x0, 0x0, 0x0, 0x0, 0x0, 0x0, 0x4e, 0xff,
    0xff, 0xff, 0xff, 0xff, 0xff, 0xff, 0xff, 0xff,
    0xff, 0xff, 0xf6, 0x0, 0xef, 0xff, 0xff, 0xff,
    0xff, 0xff, 0xff, 0xff, 0xff, 0xff, 0xff, 0xff,
    0xff, 0x0, 0xff, 0xeb, 0xbb, 0xbb, 0xbb, 0xbb,
    0xbb, 0xbb, 0xbb, 0xbb, 0xbb, 0xbd, 0xff, 0x50,
    0xff, 0xc0, 0x0, 0x0, 0x0, 0x0, 0x0, 0x0,
    0x0, 0x0, 0x0, 0x7, 0xff, 0xf9, 0xff, 0xc0,
    0xef, 0xff, 0xf9, 0x0, 0x0, 0x0, 0x0, 0x0,
    0x0, 0x7, 0xff, 0xfa, 0xff, 0xc0, 0xef, 0xff,
    0xf9, 0x0, 0x0, 0x0, 0x0, 0x0, 0x0, 0x3,
    0x7f, 0xfa, 0xff, 0xc0, 0xef, 0xff, 0xf9, 0x0,
    0x0, 0x0, 0x0, 0x0, 0x0, 0x0, 0x1f, 0xfa,
    0xff, 0xc0, 0xef, 0xff, 0xf9, 0x0, 0x0, 0x0,
    0x0, 0x0, 0x0, 0x0, 0x1f, 0xfa, 0xff, 0xc0,
    0xef, 0xff, 0xf9, 0x0, 0x0, 0x0, 0x0, 0x0,
    0x0, 0x5, 0xdf, 0xfa, 0xff, 0xc0, 0x78, 0x88,
    0x84, 0x0, 0x0, 0x0, 0x0, 0x0, 0x0, 0x7,
    0xff, 0xfa, 0xff, 0xc0, 0x0, 0x0, 0x0, 0x0,
    0x0, 0x0, 0x0, 0x0, 0x0, 0x7, 0xff, 0xf6,
    0xff, 0xff, 0xff, 0xff, 0xff, 0xff, 0xff, 0xff,
    0xff, 0xff, 0xff, 0xff, 0xff, 0x10, 0xcf, 0xff,
    0xff, 0xff, 0xff, 0xff, 0xff, 0xff, 0xff, 0xff,
    0xff, 0xff, 0xfd, 0x0, 0x19, 0xbb, 0xbb, 0xbb,
    0xbb, 0xbb, 0xbb, 0xbb, 0xbb, 0xbb, 0xbb, 0xbb,
    0x92, 0x0,

    /* U+F244 "" */
    0x0, 0x0, 0x0, 0x0, 0x0, 0x0, 0x0, 0x0,
    0x0, 0x0, 0x0, 0x0, 0x0, 0x0, 0x4e, 0xff,
    0xff, 0xff, 0xff, 0xff, 0xff, 0xff, 0xff, 0xff,
    0xff, 0xff, 0xf6, 0x0, 0xef, 0xff, 0xff, 0xff,
    0xff, 0xff, 0xff, 0xff, 0xff, 0xff, 0xff, 0xff,
    0xff, 0x0, 0xff, 0xeb, 0xbb, 0xbb, 0xbb, 0xbb,
    0xbb, 0xbb, 0xbb, 0xbb, 0xbb, 0xbd, 0xff, 0x50,
    0xff, 0xc0, 0x0, 0x0, 0x0, 0x0, 0x0, 0x0,
    0x0, 0x0, 0x0, 0x7, 0xff, 0xf9, 0xff, 0xc0,
    0x0, 0x0, 0x0, 0x0, 0x0, 0x0, 0x0, 0x0,
    0x0, 0x7, 0xff, 0xfa, 0xff, 0xc0, 0x0, 0x0,
    0x0, 0x0, 0x0, 0x0, 0x0, 0x0, 0x0, 0x3,
    0x7f, 0xfa, 0xff, 0xc0, 0x0, 0x0, 0x0, 0x0,
    0x0, 0x0, 0x0, 0x0, 0x0, 0x0, 0x1f, 0xfa,
    0xff, 0xc0, 0x0, 0x0, 0x0, 0x0, 0x0, 0x0,
    0x0, 0x0, 0x0, 0x0, 0x1f, 0xfa, 0xff, 0xc0,
    0x0, 0x0, 0x0, 0x0, 0x0, 0x0, 0x0, 0x0,
    0x0, 0x5, 0xdf, 0xfa, 0xff, 0xc0, 0x0, 0x0,
    0x0, 0x0, 0x0, 0x0, 0x0, 0x0, 0x0, 0x7,
    0xff, 0xfa, 0xff, 0xc0, 0x0, 0x0, 0x0, 0x0,
    0x0, 0x0, 0x0, 0x0, 0x0, 0x7, 0xff, 0xf6,
    0xff, 0xff, 0xff, 0xff, 0xff, 0xff, 0xff, 0xff,
    0xff, 0xff, 0xff, 0xff, 0xff, 0x10, 0xcf, 0xff,
    0xff, 0xff, 0xff, 0xff, 0xff, 0xff, 0xff, 0xff,
    0xff, 0xff, 0xfd, 0x0, 0x19, 0xbb, 0xbb, 0xbb,
    0xbb, 0xbb, 0xbb, 0xbb, 0xbb, 0xbb, 0xbb, 0xbb,
    0x92, 0x0,

    /* U+F287 "" */
    0x0, 0x0, 0x0, 0x0, 0x0, 0x0, 0x0, 0x18,
    0x92, 0x0, 0x0, 0x0, 0x0, 0x0, 0x0, 0x0,
    0x0, 0x0, 0x0, 0x0, 0x12, 0xdf, 0xfe, 0x10,
    0x0, 0x0, 0x0, 0x0, 0x0, 0x0, 0x0, 0x0,
    0x0, 0x1c, 0xff, 0xff, 0xff, 0x50, 0x0, 0x0,
    0x0, 0x0, 0x0, 0x0, 0x0, 0x0, 0x0, 0xcf,
    0x76, 0xff, 0xff, 0x20, 0x0, 0x0, 0x0, 0x0,
    0x0, 0x0, 0x0, 0x0, 0x5, 0xf6, 0x0, 0x4c,
    0xd5, 0x0, 0x0, 0x0, 0x0, 0x0, 0x0, 0x33,
    0x0, 0x0, 0xd, 0xd0, 0x0, 0x0, 0x0, 0x0,
    0x0, 0x0, 0x0, 0x0, 0x1c, 0xff, 0xd2, 0x0,
    0x4f, 0x60, 0x0, 0x0, 0x0, 0x0, 0x0, 0xc,
    0x40, 0x0, 0xaf, 0xff, 0xfc, 0x1, 0xde, 0x0,
    0x0, 0x0, 0x0, 0x0, 0x0, 0x1f, 0xfa, 0x10,
    0xff, 0xff, 0xff, 0xff, 0xff, 0xff, 0xff, 0xff,
    0xff, 0xff, 0xff, 0xff, 0xff, 0xf5, 0xdf, 0xff,
    0xff, 0x88, 0x88, 0x9f, 0xe8, 0x88, 0x88, 0x88,
    0x88, 0x8f, 0xff, 0x91, 0x5f, 0xff, 0xf8, 0x0,
    0x0, 0x7, 0xf3, 0x0, 0x0, 0x0, 0x0, 0xf,
    0xc3, 0x0, 0x4, 0xbb, 0x60, 0x0, 0x0, 0x0,
    0xeb, 0x0, 0x0, 0x0, 0x0, 0x4, 0x0, 0x0,
    0x0, 0x0, 0x0, 0x0, 0x0, 0x0, 0x8f, 0x30,
    0x8, 0x88, 0x83, 0x0, 0x0, 0x0, 0x0, 0x0,
    0x0, 0x0, 0x0, 0x0, 0x1e, 0xc1, 0x2f, 0xff,
    0xf7, 0x0, 0x0, 0x0, 0x0, 0x0, 0x0, 0x0,
    0x0, 0x0, 0x4, 0xff, 0xff, 0xff, 0xf7, 0x0,
    0x0, 0x0, 0x0, 0x0, 0x0, 0x0, 0x0, 0x0,
    0x0, 0x27, 0x9f, 0xff, 0xf7, 0x0, 0x0, 0x0,
    0x0, 0x0, 0x0, 0x0, 0x0, 0x0, 0x0, 0x0,
    0x2f, 0xff, 0xf6, 0x0, 0x0, 0x0, 0x0, 0x0,
    0x0, 0x0, 0x0, 0x0, 0x0, 0x0, 0x0, 0x0,
    0x0, 0x0, 0x0, 0x0,

    /* U+F293 "" */
    0x0, 0x0, 0x0, 0x0, 0x11, 0x0, 0x0, 0x0,
    0x0, 0x0, 0x2, 0x9e, 0xff, 0xff, 0xc7, 0x0,
    0x0, 0x0, 0x7, 0xff, 0xff, 0xdf, 0xff, 0xfd,
    0x20, 0x0, 0x8, 0xff, 0xff, 0xf2, 0xdf, 0xff,
    0xfe, 0x0, 0x3, 0xff, 0xff, 0xff, 0x11, 0xdf,
    0xff, 0xf9, 0x0, 0xaf, 0xff, 0xff, 0xf1, 0x1,
    0xef, 0xff, 0xf0, 0xf, 0xff, 0xff, 0xff, 0x12,
    0x12, 0xef, 0xff, 0x53, 0xff, 0xf4, 0x7f, 0xf1,
    0x3d, 0x13, 0xff, 0xf8, 0x6f, 0xff, 0x40, 0x7f,
    0x13, 0xf5, 0xc, 0xff, 0xb8, 0xff, 0xff, 0x40,
    0x71, 0x35, 0xa, 0xff, 0xfd, 0x9f, 0xff, 0xff,
    0x40, 0x0, 0x8, 0xff, 0xff, 0xea, 0xff, 0xff,
    0xff, 0x30, 0x6, 0xff, 0xff, 0xfe, 0xaf, 0xff,
    0xff, 0xf4, 0x0, 0x6f, 0xff, 0xff, 0xe9, 0xff,
    0xff, 0xf4, 0x0, 0x0, 0x7f, 0xff, 0xfe, 0x8f,
    0xff, 0xf4, 0x6, 0x13, 0x50, 0x8f, 0xff, 0xd6,
    0xff, 0xf4, 0x7, 0xf1, 0x3f, 0x40, 0x9f, 0xfb,
    0x3f, 0xff, 0x47, 0xff, 0x13, 0xd1, 0x1d, 0xff,
    0x90, 0xff, 0xff, 0xff, 0xf1, 0x21, 0x1d, 0xff,
    0xf5, 0xa, 0xff, 0xff, 0xff, 0x20, 0x2e, 0xff,
    0xff, 0x0, 0x2f, 0xff, 0xff, 0xf2, 0x2e, 0xff,
    0xff, 0x80, 0x0, 0x6f, 0xff, 0xff, 0x4e, 0xff,
    0xff, 0xe0, 0x0, 0x0, 0x4e, 0xff, 0xff, 0xff,
    0xff, 0xc2, 0x0, 0x0, 0x0, 0x5, 0x9c, 0xdd,
    0xc9, 0x40, 0x0, 0x0,

    /* U+F2ED "" */
    0x0, 0x0, 0x0, 0x2, 0x22, 0x22, 0x10, 0x0,
    0x0, 0x0, 0x0, 0x0, 0x0, 0xcf, 0xff, 0xff,
    0xe1, 0x0, 0x0, 0x0, 0xac, 0xcc, 0xcd, 0xff,
    0xff, 0xff, 0xfd, 0xcc, 0xcc, 0xc1, 0xff, 0xff,
    0xff, 0xff, 0xff, 0xff, 0xff, 0xff, 0xff, 0xf4,
    0xdf, 0xff, 0xff, 0xff, 0xff, 0xff, 0xff, 0xff,
    0xff, 0xe2, 0x0, 0x0, 0x0, 0x0, 0x0, 0x0,
    0x0, 0x0, 0x0, 0x0, 0x7, 0xcc, 0xcc, 0xcc,
    0xcc, 0xcc, 0xcc, 0xcc, 0xca, 0x0, 0xa, 0xff,
    0xff, 0xff, 0xff, 0xff, 0xff, 0xff, 0xfe, 0x0,
    0xa, 0xff, 0xff, 0xff, 0xff, 0xff, 0xff, 0xff,
    0xfe, 0x0, 0xa, 0xff, 0xe1, 0xef, 0xf2, 0xcf,
    0xf3, 0xbf, 0xfe, 0x0, 0xa, 0xff, 0xd0, 0xdf,
    0xf0, 0xbf, 0xf1, 0x9f, 0xfe, 0x0, 0xa, 0xff,
    0xd0, 0xdf, 0xf0, 0xbf, 0xf1, 0x9f, 0xfe, 0x0,
    0xa, 0xff, 0xd0, 0xdf, 0xf0, 0xbf, 0xf1, 0x9f,
    0xfe, 0x0, 0xa, 0xff, 0xd0, 0xdf, 0xf0, 0xbf,
    0xf1, 0x9f, 0xfe, 0x0, 0xa, 0xff, 0xd0, 0xdf,
    0xf0, 0xbf, 0xf1, 0x9f, 0xfe, 0x0, 0xa, 0xff,
    0xd0, 0xdf, 0xf0, 0xbf, 0xf1, 0x9f, 0xfe, 0x0,
    0xa, 0xff, 0xd0, 0xdf, 0xf0, 0xbf, 0xf1, 0x9f,
    0xfe, 0x0, 0xa, 0xff, 0xd0, 0xdf, 0xf0, 0xbf,
    0xf1, 0x9f, 0xfe, 0x0, 0xa, 0xff, 0xd0, 0xdf,
    0xf0, 0xbf, 0xf1, 0x9f, 0xfe, 0x0, 0xa, 0xff,
    0xe1, 0xef, 0xf1, 0xcf, 0xf3, 0xaf, 0xfe, 0x0,
    0x9, 0xff, 0xff, 0xff, 0xff, 0xff, 0xff, 0xff,
    0xfd, 0x0, 0x6, 0xff, 0xff, 0xff, 0xff, 0xff,
    0xff, 0xff, 0xfa, 0x0, 0x0, 0x7b, 0xcc, 0xcc,
    0xcc, 0xcc, 0xcc, 0xcb, 0x91, 0x0,

    /* U+F304 "" */
    0x0, 0x0, 0x0, 0x0, 0x0, 0x0, 0x0, 0x0,
    0x1, 0x30, 0x0, 0x0, 0x0, 0x0, 0x0, 0x0,
    0x0, 0x0, 0x0, 0x4, 0xff, 0xd1, 0x0, 0x0,
    0x0, 0x0, 0x0, 0x0, 0x0, 0x0, 0x4, 0xff,
    0xff, 0xd1, 0x0, 0x0, 0x0, 0x0, 0x0, 0x0,
    0x0, 0x3, 0xff, 0xff, 0xff, 0xd1, 0x0, 0x0,
    0x0, 0x0, 0x0, 0x0, 0x1, 0xc, 0xff, 0xff,
    0xff, 0xb0, 0x0, 0x0, 0x0, 0x0, 0x0, 0x4,
    0xf4, 0xc, 0xff, 0xff, 0xff, 0x0, 0x0, 0x0,
    0x0, 0x0, 0x4, 0xff, 0xf4, 0xc, 0xff, 0xff,
    0xa0, 0x0, 0x0, 0x0, 0x0, 0x4, 0xff, 0xff,
    0xf4, 0xc, 0xff, 0xb0, 0x0, 0x0, 0x0, 0x0,
    0x4, 0xff, 0xff, 0xff, 0xf4, 0xc, 0xb0, 0x0,
    0x0, 0x0, 0x0, 0x4, 0xff, 0xff, 0xff, 0xff,
    0xf4, 0x0, 0x0, 0x0, 0x0, 0x0, 0x4, 0xff,
    0xff, 0xff, 0xff, 0xff, 0xb0, 0x0, 0x0, 0x0,
    0x0, 0x4, 0xff, 0xff, 0xff, 0xff, 0xff, 0xb0,
    0x0, 0x0, 0x0, 0x0, 0x4, 0xff, 0xff, 0xff,
    0xff, 0xff, 0xb0, 0x0, 0x0, 0x0, 0x0, 0x4,
    0xff, 0xff, 0xff, 0xff, 0xff, 0xb0, 0x0, 0x0,
    0x0, 0x0, 0x4, 0xff, 0xff, 0xff, 0xff, 0xff,
    0xb0, 0x0, 0x0, 0x0, 0x0, 0x4, 0xff, 0xff,
    0xff, 0xff, 0xff, 0xb0, 0x0, 0x0, 0x0, 0x0,
    0x3, 0xff, 0xff, 0xff, 0xff, 0xff, 0xb0, 0x0,
    0x0, 0x0, 0x0, 0x0, 0x8f, 0xff, 0xff, 0xff,
    0xff, 0xb0, 0x0, 0x0, 0x0, 0x0, 0x0, 0xa,
    0xff, 0xff, 0xff, 0xff, 0xb0, 0x0, 0x0, 0x0,
    0x0, 0x0, 0x0, 0xcf, 0xff, 0xff, 0xff, 0xb0,
    0x0, 0x0, 0x0, 0x0, 0x0, 0x0, 0xe, 0xff,
    0xff, 0xff, 0xb0, 0x0, 0x0, 0x0, 0x0, 0x0,
    0x0, 0x0, 0xff, 0xff, 0xff, 0xb0, 0x0, 0x0,
    0x0, 0x0, 0x0, 0x0, 0x0, 0x8, 0xb9, 0x75,
    0x40, 0x0, 0x0, 0x0, 0x0, 0x0, 0x0, 0x0,
    0x0,

    /* U+F55A "" */
    0x0, 0x0, 0x0, 0x2, 0x68, 0x88, 0x88, 0x88,
    0x88, 0x88, 0x88, 0x88, 0x75, 0x0, 0x0, 0x0,
    0x0, 0x5f, 0xff, 0xff, 0xff, 0xff, 0xff, 0xff,
    0xff, 0xff, 0xff, 0xc0, 0x0, 0x0, 0x5, 0xff,
    0xff, 0xff, 0xff, 0xff, 0xff, 0xff, 0xff, 0xff,
    0xff, 0xf5, 0x0, 0x0, 0x5f, 0xff, 0xff, 0xff,
    0xff, 0xff, 0xff, 0xff, 0xff, 0xff, 0xff, 0xf7,
    0x0, 0x5, 0xff, 0xff, 0xff, 0xff, 0x80, 0xcf,
    0xff, 0xc0, 0x8f, 0xff, 0xff, 0xf8, 0x0, 0x5f,
    0xff, 0xff, 0xff, 0xfc, 0x0, 0xc, 0xfc, 0x0,
    0xc, 0xff, 0xff, 0xf8, 0x5, 0xff, 0xff, 0xff,
    0xff, 0xff, 0x50, 0x0, 0x90, 0x0, 0x5f, 0xff,
    0xff, 0xf8, 0x5f, 0xff, 0xff, 0xff, 0xff, 0xff,
    0xf5, 0x0, 0x0, 0x5, 0xff, 0xff, 0xff, 0xf8,
    0xef, 0xff, 0xff, 0xff, 0xff, 0xff, 0xff, 0x40,
    0x0, 0x4f, 0xff, 0xff, 0xff, 0xf8, 0xbf, 0xff,
    0xff, 0xff, 0xff, 0xff, 0xfc, 0x0, 0x0, 0xc,
    0xff, 0xff, 0xff, 0xf8, 0xc, 0xff, 0xff, 0xff,
    0xff, 0xff, 0xc0, 0x0, 0x10, 0x0, 0xcf, 0xff,
    0xff, 0xf8, 0x0, 0xcf, 0xff, 0xff, 0xff, 0xfd,
    0x0, 0x5, 0xf5, 0x0, 0xd, 0xff, 0xff, 0xf8,
    0x0, 0xc, 0xff, 0xff, 0xff, 0xfe, 0x20, 0x5f,
    0xff, 0x50, 0x2e, 0xff, 0xff, 0xf8, 0x0, 0x0,
    0xcf, 0xff, 0xff, 0xff, 0xe8, 0xff, 0xff, 0xf8,
    0xef, 0xff, 0xff, 0xf8, 0x0, 0x0, 0xc, 0xff,
    0xff, 0xff, 0xff, 0xff, 0xff, 0xff, 0xff, 0xff,
    0xff, 0xf7, 0x0, 0x0, 0x0, 0xcf, 0xff, 0xff,
    0xff, 0xff, 0xff, 0xff, 0xff, 0xff, 0xff, 0xf2,
    0x0, 0x0, 0x0, 0x9, 0xef, 0xff, 0xff, 0xff,
    0xff, 0xff, 0xff, 0xff, 0xfd, 0x50,

    /* U+F7C2 "" */
    0x0, 0x0, 0x0, 0x0, 0x0, 0x0, 0x0, 0x0,
    0x0, 0x0, 0x2, 0xef, 0xff, 0xff, 0xff, 0xfe,
    0x70, 0x0, 0x2, 0xef, 0xff, 0xff, 0xff, 0xff,
    0xff, 0x50, 0x2, 0xef, 0xbb, 0xfc, 0xbf, 0xdb,
    0xbf, 0xf9, 0x2, 0xef, 0xd0, 0x2f, 0x40, 0xe7,
    0x1, 0xff, 0xa2, 0xef, 0xfd, 0x2, 0xf4, 0xe,
    0x70, 0x1f, 0xfa, 0xef, 0xff, 0xd0, 0x2f, 0x40,
    0xe7, 0x1, 0xff, 0xaf, 0xff, 0xfd, 0x24, 0xf6,
    0x2e, 0x82, 0x3f, 0xfa, 0xff, 0xff, 0xff, 0xff,
    0xff, 0xff, 0xff, 0xff, 0xaf, 0xff, 0xff, 0xff,
    0xff, 0xff, 0xff, 0xff, 0xfa, 0xff, 0xff, 0xff,
    0xff, 0xff, 0xff, 0xff, 0xff, 0xaf, 0xff, 0xff,
    0xff, 0xff, 0xff, 0xff, 0xff, 0xfa, 0xff, 0xff,
    0xff, 0xff, 0xff, 0xff, 0xff, 0xff, 0xaf, 0xff,
    0xff, 0xff, 0xff, 0xff, 0xff, 0xff, 0xfa, 0xff,
    0xff, 0xff, 0xff, 0xff, 0xff, 0xff, 0xff, 0xaf,
    0xff, 0xff, 0xff, 0xff, 0xff, 0xff, 0xff, 0xfa,
    0xff, 0xff, 0xff, 0xff, 0xff, 0xff, 0xff, 0xff,
    0xaf, 0xff, 0xff, 0xff, 0xff, 0xff, 0xff, 0xff,
    0xfa, 0xff, 0xff, 0xff, 0xff, 0xff, 0xff, 0xff,
    0xff, 0xaf, 0xff, 0xff, 0xff, 0xff, 0xff, 0xff,
    0xff, 0xfa, 0xff, 0xff, 0xff, 0xff, 0xff, 0xff,
    0xff, 0xff, 0x99, 0xff, 0xff, 0xff, 0xff, 0xff,
    0xff, 0xff, 0xf4, 0x9, 0xef, 0xff, 0xff, 0xff,
    0xff, 0xff, 0xd5, 0x0,

    /* U+F8A2 "" */
    0x0, 0x0, 0x0, 0x0, 0x0, 0x0, 0x0, 0x0,
    0x0, 0x0, 0x2c, 0x0, 0x0, 0x0, 0x0, 0x0,
    0x0, 0x0, 0x0, 0x0, 0x0, 0x2e, 0xf1, 0x0,
    0x0, 0x0, 0x0, 0x0, 0x0, 0x0, 0x0, 0x0,
    0x1e, 0xff, 0x10, 0x0, 0x3, 0xed, 0x0, 0x0,
    0x0, 0x0, 0x0, 0x5, 0xff, 0xf1, 0x0, 0x4,
    0xff, 0xf0, 0x0, 0x0, 0x0, 0x0, 0x0, 0x5f,
    0xff, 0x10, 0x5, 0xff, 0xff, 0x0, 0x0, 0x0,
    0x0, 0x0, 0x5, 0xff, 0xf1, 0x6, 0xff, 0xff,
    0xf6, 0x66, 0x66, 0x66, 0x66, 0x66, 0x9f, 0xff,
    0x17, 0xff, 0xff, 0xff, 0xff, 0xff, 0xff, 0xff,
    0xff, 0xff, 0xff, 0xf1, 0xdf, 0xff, 0xff, 0xff,
    0xff, 0xff, 0xff, 0xff, 0xff, 0xff, 0xff, 0x13,
    0xef, 0xff, 0xff, 0xff, 0xff, 0xff, 0xff, 0xff,
    0xff, 0xff, 0xd0, 0x2, 0xef, 0xff, 0xf1, 0x11,
    0x11, 0x11, 0x11, 0x11, 0x11, 0x10, 0x0, 0x2,
    0xdf, 0xff, 0x0, 0x0, 0x0, 0x0, 0x0, 0x0,
    0x0, 0x0, 0x0, 0x1, 0xdf, 0xf0, 0x0, 0x0,
    0x0, 0x0, 0x0, 0x0, 0x0, 0x0, 0x0, 0x1,
    0xb8, 0x0, 0x0, 0x0, 0x0, 0x0, 0x0, 0x0,
    0x0
};


/*---------------------
 *  GLYPH DESCRIPTION
 *--------------------*/

static const lv_font_fmt_txt_glyph_dsc_t glyph_dsc[] = {
    {.bitmap_index = 0, .adv_w = 0, .box_w = 0, .box_h = 0, .ofs_x = 0, .ofs_y = 0} /* id = 0 reserved */,
    {.bitmap_index = 0, .adv_w = 68, .box_w = 0, .box_h = 0, .ofs_x = 0, .ofs_y = 0},
    {.bitmap_index = 0, .adv_w = 104, .box_w = 4, .box_h = 17, .ofs_x = 1, .ofs_y = 0},
    {.bitmap_index = 34, .adv_w = 158, .box_w = 8, .box_h = 8, .ofs_x = 1, .ofs_y = 9},
    {.bitmap_index = 66, .adv_w = 256, .box_w = 16, .box_h = 17, .ofs_x = 0, .ofs_y = 0},
    {.bitmap_index = 202, .adv_w = 224, .box_w = 14, .box_h = 23, .ofs_x = 0, .ofs_y = -3},
    {.bitmap_index = 363, .adv_w = 277, .box_w = 17, .box_h = 17, .ofs_x = 0, .ofs_y = 0},
    {.bitmap_index = 508, .adv_w = 270, .box_w = 17, .box_h = 17, .ofs_x = 0, .ofs_y = 0},
    {.bitmap_index = 653, .adv_w = 90, .box_w = 4, .box_h = 8, .ofs_x = 1, .ofs_y = 9},
    {.bitmap_index = 669, .adv_w = 155, .box_w = 8, .box_h = 20, .ofs_x = 1, .ofs_y = -3},
    {.bitmap_index = 749, .adv_w = 155, .box_w = 9, .box_h = 20, .ofs_x = 0, .ofs_y = -2},
    {.bitmap_index = 839, .adv_w = 151, .box_w = 9, .box_h = 8, .ofs_x = 0, .ofs_y = 9},
    {.bitmap_index = 875, .adv_w = 191, .box_w = 10, .box_h = 11, .ofs_x = 1, .ofs_y = 3},
    {.bitmap_index = 930, .adv_w = 97, .box_w = 4, .box_h = 8, .ofs_x = 1, .ofs_y = -4},
    {.bitmap_index = 946, .adv_w = 174, .box_w = 9, .box_h = 3, .ofs_x = 1, .ofs_y = 5},
    {.bitmap_index = 960, .adv_w = 97, .box_w = 4, .box_h = 4, .ofs_x = 1, .ofs_y = 0},
    {.bitmap_index = 968, .adv_w = 156, .box_w = 9, .box_h = 20, .ofs_x = 0, .ofs_y = -2},
    {.bitmap_index = 1058, .adv_w = 238, .box_w = 15, .box_h = 17, .ofs_x = 0, .ofs_y = 0},
    {.bitmap_index = 1186, .adv_w = 136, .box_w = 8, .box_h = 17, .ofs_x = 0, .ofs_y = 0},
    {.bitmap_index = 1254, .adv_w = 196, .box_w = 12, .box_h = 17, .ofs_x = 0, .ofs_y = 0},
    {.bitmap_index = 1356, .adv_w = 204, .box_w = 13, .box_h = 17, .ofs_x = 0, .ofs_y = 0},
    {.bitmap_index = 1467, .adv_w = 216, .box_w = 13, .box_h = 17, .ofs_x = 0, .ofs_y = 0},
    {.bitmap_index = 1578, .adv_w = 205, .box_w = 13, .box_h = 17, .ofs_x = 0, .ofs_y = 0},
    {.bitmap_index = 1689, .adv_w = 216, .box_w = 13, .box_h = 17, .ofs_x = 0, .ofs_y = 0},
    {.bitmap_index = 1800, .adv_w = 197, .box_w = 12, .box_h = 17, .ofs_x = 0, .ofs_y = 0},
    {.bitmap_index = 1902, .adv_w = 210, .box_w = 13, .box_h = 17, .ofs_x = 0, .ofs_y = 0},
    {.bitmap_index = 2013, .adv_w = 218, .box_w = 13, .box_h = 17, .ofs_x = 0, .ofs_y = 0},
    {.bitmap_index = 2124, .adv_w = 97, .box_w = 4, .box_h = 12, .ofs_x = 1, .ofs_y = 0},
    {.bitmap_index = 2148, .adv_w = 97, .box_w = 4, .box_h = 16, .ofs_x = 1, .ofs_y = -4},
    {.bitmap_index = 2180, .adv_w = 191, .box_w = 10, .box_h = 11, .ofs_x = 1, .ofs_y = 3},
    {.bitmap_index = 2235, .adv_w = 191, .box_w = 10, .box_h = 7, .ofs_x = 1, .ofs_y = 5},
    {.bitmap_index = 2270, .adv_w = 191, .box_w = 10, .box_h = 11, .ofs_x = 1, .ofs_y = 3},
    {.bitmap_index = 2325, .adv_w = 204, .box_w = 13, .box_h = 17, .ofs_x = 0, .ofs_y = 0},
    {.bitmap_index = 2436, .adv_w = 305, .box_w = 19, .box_h = 17, .ofs_x = 0, .ofs_y = 0},
    {.bitmap_index = 2598, .adv_w = 258, .box_w = 16, .box_h = 17, .ofs_x = 0, .ofs_y = 0},
    {.bitmap_index = 2734, .adv_w = 227, .box_w = 13, .box_h = 17, .ofs_x = 1, .ofs_y = 0},
    {.bitmap_index = 2845, .adv_w = 263, .box_w = 16, .box_h = 17, .ofs_x = 0, .ofs_y = 0},
    {.bitmap_index = 2981, .adv_w = 266, .box_w = 15, .box_h = 17, .ofs_x = 1, .ofs_y = 0},
    {.bitmap_index = 3109, .adv_w = 222, .box_w = 12, .box_h = 17, .ofs_x = 1, .ofs_y = 0},
    {.bitmap_index = 3211, .adv_w = 209, .box_w = 12, .box_h = 17, .ofs_x = 1, .ofs_y = 0},
    {.bitmap_index = 3313, .adv_w = 269, .box_w = 16, .box_h = 17, .ofs_x = 0, .ofs_y = 0},
    {.bitmap_index = 3449, .adv_w = 255, .box_w = 14, .box_h = 17, .ofs_x = 1, .ofs_y = 0},
    {.bitmap_index = 3568, .adv_w = 89, .box_w = 4, .box_h = 17, .ofs_x = 1, .ofs_y = 0},
    {.bitmap_index = 3602, .adv_w = 150, .box_w = 9, .box_h = 17, .ofs_x = 0, .ofs_y = 0},
    {.bitmap_index = 3679, .adv_w = 251, .box_w = 15, .box_h = 17, .ofs_x = 1, .ofs_y = 0},
    {.bitmap_index = 3807, .adv_w = 207, .box_w = 12, .box_h = 17, .ofs_x = 1, .ofs_y = 0},
    {.bitmap_index = 3909, .adv_w = 316, .box_w = 18, .box_h = 17, .ofs_x = 1, .ofs_y = 0},
    {.bitmap_index = 4062, .adv_w = 255, .box_w = 14, .box_h = 17, .ofs_x = 1, .ofs_y = 0},
    {.bitmap_index = 4181, .adv_w = 279, .box_w = 17, .box_h = 17, .ofs_x = 0, .ofs_y = 0},
    {.bitmap_index = 4326, .adv_w = 235, .box_w = 14, .box_h = 17, .ofs_x = 1, .ofs_y = 0},
    {.bitmap_index = 4445, .adv_w = 284, .box_w = 18, .box_h = 17, .ofs_x = 0, .ofs_y = 0},
    {.bitmap_index = 4598, .adv_w = 234, .box_w = 14, .box_h = 17, .ofs_x = 1, .ofs_y = 0},
    {.bitmap_index = 4717, .adv_w = 224, .box_w = 14, .box_h = 17, .ofs_x = 0, .ofs_y = 0},
    {.bitmap_index = 4836, .adv_w = 234, .box_w = 14, .box_h = 17, .ofs_x = 0, .ofs_y = 0},
    {.bitmap_index = 4955, .adv_w = 248, .box_w = 14, .box_h = 17, .ofs_x = 1, .ofs_y = 0},
    {.bitmap_index = 5074, .adv_w = 258, .box_w = 16, .box_h = 17, .ofs_x = 0, .ofs_y = 0},
    {.bitmap_index = 5210, .adv_w = 383, .box_w = 24, .box_h = 17, .ofs_x = 0, .ofs_y = 0},
    {.bitmap_index = 5414, .adv_w = 249, .box_w = 15, .box_h = 17, .ofs_x = 0, .ofs_y = 0},
    {.bitmap_index = 5542, .adv_w = 246, .box_w = 16, .box_h = 17, .ofs_x = 0, .ofs_y = 0},
    {.bitmap_index = 5678, .adv_w = 222, .box_w = 12, .box_h = 17, .ofs_x = 1, .ofs_y = 0},
    {.bitmap_index = 5780, .adv_w = 155, .box_w = 8, .box_h = 20, .ofs_x = 1, .ofs_y = -2},
    {.bitmap_index = 5860, .adv_w = 156, .box_w = 9, .box_h = 20, .ofs_x = 0, .ofs_y = -2},
    {.bitmap_index = 5950, .adv_w = 155, .box_w = 7, .box_h = 20, .ofs_x = 1, .ofs_y = -2},
    {.bitmap_index = 6020, .adv_w = 191, .box_w = 10, .box_h = 6, .ofs_x = 1, .ofs_y = 11},
    {.bitmap_index = 6050, .adv_w = 164, .box_w = 11, .box_h = 3, .ofs_x = 0, .ofs_y = -4},
    {.bitmap_index = 6067, .adv_w = 125, .box_w = 7, .box_h = 4, .ofs_x = 1, .ofs_y = 13},
    {.bitmap_index = 6081, .adv_w = 196, .box_w = 12, .box_h = 12, .ofs_x = 0, .ofs_y = 0},
    {.bitmap_index = 6153, .adv_w = 219, .box_w = 12, .box_h = 17, .ofs_x = 1, .ofs_y = 0},
    {.bitmap_index = 6255, .adv_w = 194, .box_w = 12, .box_h = 12, .ofs_x = 0, .ofs_y = 0},
    {.bitmap_index = 6327, .adv_w = 219, .box_w = 13, .box_h = 17, .ofs_x = 0, .ofs_y = 0},
    {.bitmap_index = 6438, .adv_w = 201, .box_w = 12, .box_h = 12, .ofs_x = 0, .ofs_y = 0},
    {.bitmap_index = 6510, .adv_w = 130, .box_w = 8, .box_h = 17, .ofs_x = 0, .ofs_y = 0},
    {.bitmap_index = 6578, .adv_w = 219, .box_w = 13, .box_h = 17, .ofs_x = 0, .ofs_y = -5},
    {.bitmap_index = 6689, .adv_w = 215, .box_w = 12, .box_h = 17, .ofs_x = 1, .ofs_y = 0},
    {.bitmap_index = 6791, .adv_w = 92, .box_w = 4, .box_h = 17, .ofs_x = 1, .ofs_y = 0},
    {.bitmap_index = 6825, .adv_w = 92, .box_w = 6, .box_h = 22, .ofs_x = -1, .ofs_y = -5},
    {.bitmap_index = 6891, .adv_w = 196, .box_w = 12, .box_h = 17, .ofs_x = 1, .ofs_y = 0},
    {.bitmap_index = 6993, .adv_w = 92, .box_w = 4, .box_h = 17, .ofs_x = 1, .ofs_y = 0},
    {.bitmap_index = 7027, .adv_w = 331, .box_w = 19, .box_h = 12, .ofs_x = 1, .ofs_y = 0},
    {.bitmap_index = 7141, .adv_w = 215, .box_w = 12, .box_h = 12, .ofs_x = 1, .ofs_y = 0},
    {.bitmap_index = 7213, .adv_w = 210, .box_w = 13, .box_h = 12, .ofs_x = 0, .ofs_y = 0},
    {.bitmap_index = 7291, .adv_w = 219, .box_w = 12, .box_h = 17, .ofs_x = 1, .ofs_y = -5},
    {.bitmap_index = 7393, .adv_w = 219, .box_w = 13, .box_h = 17, .ofs_x = 0, .ofs_y = -5},
    {.bitmap_index = 7504, .adv_w = 137, .box_w = 8, .box_h = 13, .ofs_x = 1, .ofs_y = 0},
    {.bitmap_index = 7556, .adv_w = 174, .box_w = 11, .box_h = 12, .ofs_x = 0, .ofs_y = 0},
    {.bitmap_index = 7622, .adv_w = 143, .box_w = 9, .box_h = 16, .ofs_x = 0, .ofs_y = 0},
    {.bitmap_index = 7694, .adv_w = 213, .box_w = 11, .box_h = 12, .ofs_x = 1, .ofs_y = 0},
    {.bitmap_index = 7760, .adv_w = 189, .box_w = 12, .box_h = 12, .ofs_x = 0, .ofs_y = 0},
    {.bitmap_index = 7832, .adv_w = 282, .box_w = 18, .box_h = 12, .ofs_x = 0, .ofs_y = 0},
    {.bitmap_index = 7940, .adv_w = 207, .box_w = 13, .box_h = 12, .ofs_x = 0, .ofs_y = 0},
    {.bitmap_index = 8018, .adv_w = 189, .box_w = 12, .box_h = 17, .ofs_x = 0, .ofs_y = -5},
    {.bitmap_index = 8120, .adv_w = 181, .box_w = 10, .box_h = 12, .ofs_x = 1, .ofs_y = 0},
    {.bitmap_index = 8180, .adv_w = 155, .box_w = 9, .box_h = 20, .ofs_x = 0, .ofs_y = -2},
    {.bitmap_index = 8270, .adv_w = 82, .box_w = 3, .box_h = 22, .ofs_x = 1, .ofs_y = -3},
    {.bitmap_index = 8303, .adv_w = 155, .box_w = 8, .box_h = 20, .ofs_x = 1, .ofs_y = -2},
    {.bitmap_index = 8383, .adv_w = 191, .box_w = 12, .box_h = 4, .ofs_x = 0, .ofs_y = 6},
    {.bitmap_index = 8407, .adv_w = 68, .box_w = 0, .box_h = 0, .ofs_x = 0, .ofs_y = 0},
    {.bitmap_index = 8407, .adv_w = 104, .box_w = 4, .box_h = 17, .ofs_x = 1, .ofs_y = -5},
    {.bitmap_index = 8441, .adv_w = 194, .box_w = 12, .box_h = 18, .ofs_x = 0, .ofs_y = -3},
    {.bitmap_index = 8549, .adv_w = 211, .box_w = 13, .box_h = 17, .ofs_x = 0, .ofs_y = 0},
    {.bitmap_index = 8660, .adv_w = 225, .box_w = 14, .box_h = 17, .ofs_x = 0, .ofs_y = 0},
    {.bitmap_index = 8779, .adv_w = 183, .box_w = 11, .box_h = 18, .ofs_x = 0, .ofs_y = -1},
    {.bitmap_index = 8878, .adv_w = 171, .box_w = 9, .box_h = 4, .ofs_x = 1, .ofs_y = 14},
    {.bitmap_index = 8896, .adv_w = 290, .box_w = 18, .box_h = 19, .ofs_x = 0, .ofs_y = -1},
    {.bitmap_index = 9067, .adv_w = 132, .box_w = 8, .box_h = 8, .ofs_x = 0, .ofs_y = 9},
    {.bitmap_index = 9099, .adv_w = 193, .box_w = 10, .box_h = 9, .ofs_x = 1, .ofs_y = 2},
    {.bitmap_index = 9144, .adv_w = 290, .box_w = 18, .box_h = 19, .ofs_x = 0, .ofs_y = -1},
    {.bitmap_index = 9315, .adv_w = 145, .box_w = 9, .box_h = 3, .ofs_x = 1, .ofs_y = 14},
    {.bitmap_index = 9329, .adv_w = 131, .box_w = 8, .box_h = 7, .ofs_x = 0, .ofs_y = 10},
    {.bitmap_index = 9357, .adv_w = 125, .box_w = 7, .box_h = 4, .ofs_x = 1, .ofs_y = 13},
    {.bitmap_index = 9371, .adv_w = 233, .box_w = 14, .box_h = 20, .ofs_x = 0, .ofs_y = -3},
    {.bitmap_index = 9511, .adv_w = 51, .box_w = 4, .box_h = 4, .ofs_x = 0, .ofs_y = 7},
    {.bitmap_index = 9519, .adv_w = 106, .box_w = 6, .box_h = 6, .ofs_x = 1, .ofs_y = -6},
    {.bitmap_index = 9537, .adv_w = 145, .box_w = 9, .box_h = 8, .ofs_x = 0, .ofs_y = 9},
    {.bitmap_index = 9573, .adv_w = 193, .box_w = 10, .box_h = 9, .ofs_x = 1, .ofs_y = 2},
    {.bitmap_index = 9618, .adv_w = 204, .box_w = 13, .box_h = 17, .ofs_x = 0, .ofs_y = -5},
    {.bitmap_index = 9729, .adv_w = 258, .box_w = 16, .box_h = 22, .ofs_x = 0, .ofs_y = 0},
    {.bitmap_index = 9905, .adv_w = 258, .box_w = 16, .box_h = 22, .ofs_x = 0, .ofs_y = 0},
    {.bitmap_index = 10081, .adv_w = 258, .box_w = 16, .box_h = 22, .ofs_x = 0, .ofs_y = 0},
    {.bitmap_index = 10257, .adv_w = 258, .box_w = 16, .box_h = 22, .ofs_x = 0, .ofs_y = 0},
    {.bitmap_index = 10433, .adv_w = 258, .box_w = 16, .box_h = 22, .ofs_x = 0, .ofs_y = 0},
    {.bitmap_index = 10609, .adv_w = 258, .box_w = 16, .box_h = 23, .ofs_x = 0, .ofs_y = 0},
    {.bitmap_index = 10793, .adv_w = 340, .box_w = 21, .box_h = 17, .ofs_x = 0, .ofs_y = 0},
    {.bitmap_index = 10972, .adv_w = 263, .box_w = 16, .box_h = 22, .ofs_x = 0, .ofs_y = -5},
    {.bitmap_index = 11148, .adv_w = 222, .box_w = 12, .box_h = 22, .ofs_x = 1, .ofs_y = 0},
    {.bitmap_index = 11280, .adv_w = 222, .box_w = 12, .box_h = 22, .ofs_x = 1, .ofs_y = 0},
    {.bitmap_index = 11412, .adv_w = 222, .box_w = 12, .box_h = 22, .ofs_x = 1, .ofs_y = 0},
    {.bitmap_index = 11544, .adv_w = 222, .box_w = 12, .box_h = 22, .ofs_x = 1, .ofs_y = 0},
    {.bitmap_index = 11676, .adv_w = 89, .box_w = 7, .box_h = 22, .ofs_x = -2, .ofs_y = 0},
    {.bitmap_index = 11753, .adv_w = 89, .box_w = 7, .box_h = 22, .ofs_x = 0, .ofs_y = 0},
    {.bitmap_index = 11830, .adv_w = 89, .box_w = 10, .box_h = 22, .ofs_x = -2, .ofs_y = 0},
    {.bitmap_index = 11940, .adv_w = 89, .box_w = 9, .box_h = 22, .ofs_x = -2, .ofs_y = 0},
    {.bitmap_index = 12039, .adv_w = 269, .box_w = 17, .box_h = 17, .ofs_x = 0, .ofs_y = 0},
    {.bitmap_index = 12184, .adv_w = 255, .box_w = 14, .box_h = 22, .ofs_x = 1, .ofs_y = 0},
    {.bitmap_index = 12338, .adv_w = 279, .box_w = 17, .box_h = 22, .ofs_x = 0, .ofs_y = 0},
    {.bitmap_index = 12525, .adv_w = 279, .box_w = 17, .box_h = 22, .ofs_x = 0, .ofs_y = 0},
    {.bitmap_index = 12712, .adv_w = 279, .box_w = 17, .box_h = 22, .ofs_x = 0, .ofs_y = 0},
    {.bitmap_index = 12899, .adv_w = 279, .box_w = 17, .box_h = 22, .ofs_x = 0, .ofs_y = 0},
    {.bitmap_index = 13086, .adv_w = 279, .box_w = 17, .box_h = 22, .ofs_x = 0, .ofs_y = 0},
    {.bitmap_index = 13273, .adv_w = 191, .box_w = 10, .box_h = 11, .ofs_x = 1, .ofs_y = 3},
    {.bitmap_index = 13328, .adv_w = 279, .box_w = 17, .box_h = 18, .ofs_x = 0, .ofs_y = -1},
    {.bitmap_index = 13481, .adv_w = 248, .box_w = 14, .box_h = 22, .ofs_x = 1, .ofs_y = 0},
    {.bitmap_index = 13635, .adv_w = 248, .box_w = 14, .box_h = 22, .ofs_x = 1, .ofs_y = 0},
    {.bitmap_index = 13789, .adv_w = 248, .box_w = 14, .box_h = 22, .ofs_x = 1, .ofs_y = 0},
    {.bitmap_index = 13943, .adv_w = 248, .box_w = 14, .box_h = 22, .ofs_x = 1, .ofs_y = 0},
    {.bitmap_index = 14097, .adv_w = 246, .box_w = 16, .box_h = 22, .ofs_x = 0, .ofs_y = 0},
    {.bitmap_index = 14273, .adv_w = 234, .box_w = 13, .box_h = 17, .ofs_x = 1, .ofs_y = 0},
    {.bitmap_index = 14384, .adv_w = 222, .box_w = 13, .box_h = 17, .ofs_x = 1, .ofs_y = 0},
    {.bitmap_index = 14495, .adv_w = 196, .box_w = 12, .box_h = 17, .ofs_x = 0, .ofs_y = 0},
    {.bitmap_index = 14597, .adv_w = 196, .box_w = 12, .box_h = 17, .ofs_x = 0, .ofs_y = 0},
    {.bitmap_index = 14699, .adv_w = 196, .box_w = 12, .box_h = 17, .ofs_x = 0, .ofs_y = 0},
    {.bitmap_index = 14801, .adv_w = 196, .box_w = 12, .box_h = 17, .ofs_x = 0, .ofs_y = 0},
    {.bitmap_index = 14903, .adv_w = 196, .box_w = 12, .box_h = 17, .ofs_x = 0, .ofs_y = 0},
    {.bitmap_index = 15005, .adv_w = 196, .box_w = 12, .box_h = 18, .ofs_x = 0, .ofs_y = 0},
    {.bitmap_index = 15113, .adv_w = 310, .box_w = 19, .box_h = 12, .ofs_x = 0, .ofs_y = 0},
    {.bitmap_index = 15227, .adv_w = 194, .box_w = 12, .box_h = 17, .ofs_x = 0, .ofs_y = -5},
    {.bitmap_index = 15329, .adv_w = 201, .box_w = 12, .box_h = 17, .ofs_x = 0, .ofs_y = 0},
    {.bitmap_index = 15431, .adv_w = 201, .box_w = 12, .box_h = 17, .ofs_x = 0, .ofs_y = 0},
    {.bitmap_index = 15533, .adv_w = 201, .box_w = 12, .box_h = 17, .ofs_x = 0, .ofs_y = 0},
    {.bitmap_index = 15635, .adv_w = 201, .box_w = 12, .box_h = 17, .ofs_x = 0, .ofs_y = 0},
    {.bitmap_index = 15737, .adv_w = 92, .box_w = 7, .box_h = 17, .ofs_x = -2, .ofs_y = 0},
    {.bitmap_index = 15797, .adv_w = 92, .box_w = 7, .box_h = 17, .ofs_x = 0, .ofs_y = 0},
    {.bitmap_index = 15857, .adv_w = 92, .box_w = 10, .box_h = 17, .ofs_x = -2, .ofs_y = 0},
    {.bitmap_index = 15942, .adv_w = 92, .box_w = 9, .box_h = 17, .ofs_x = -2, .ofs_y = 0},
    {.bitmap_index = 16019, .adv_w = 214, .box_w = 13, .box_h = 18, .ofs_x = 0, .ofs_y = 0},
    {.bitmap_index = 16136, .adv_w = 215, .box_w = 12, .box_h = 17, .ofs_x = 1, .ofs_y = 0},
    {.bitmap_index = 16238, .adv_w = 210, .box_w = 13, .box_h = 17, .ofs_x = 0, .ofs_y = 0},
    {.bitmap_index = 16349, .adv_w = 210, .box_w = 13, .box_h = 17, .ofs_x = 0, .ofs_y = 0},
    {.bitmap_index = 16460, .adv_w = 210, .box_w = 13, .box_h = 17, .ofs_x = 0, .ofs_y = 0},
    {.bitmap_index = 16571, .adv_w = 210, .box_w = 13, .box_h = 17, .ofs_x = 0, .ofs_y = 0},
    {.bitmap_index = 16682, .adv_w = 210, .box_w = 13, .box_h = 17, .ofs_x = 0, .ofs_y = 0},
    {.bitmap_index = 16793, .adv_w = 191, .box_w = 10, .box_h = 12, .ofs_x = 1, .ofs_y = 3},
    {.bitmap_index = 16853, .adv_w = 210, .box_w = 13, .box_h = 14, .ofs_x = 0, .ofs_y = -1},
    {.bitmap_index = 16944, .adv_w = 213, .box_w = 11, .box_h = 17, .ofs_x = 1, .ofs_y = 0},
    {.bitmap_index = 17038, .adv_w = 213, .box_w = 11, .box_h = 17, .ofs_x = 1, .ofs_y = 0},
    {.bitmap_index = 17132, .adv_w = 213, .box_w = 11, .box_h = 17, .ofs_x = 1, .ofs_y = 0},
    {.bitmap_index = 17226, .adv_w = 213, .box_w = 11, .box_h = 17, .ofs_x = 1, .ofs_y = 0},
    {.bitmap_index = 17320, .adv_w = 189, .box_w = 12, .box_h = 22, .ofs_x = 0, .ofs_y = -5},
    {.bitmap_index = 17452, .adv_w = 219, .box_w = 12, .box_h = 22, .ofs_x = 1, .ofs_y = -5},
    {.bitmap_index = 17584, .adv_w = 189, .box_w = 12, .box_h = 22, .ofs_x = 0, .ofs_y = -5},
    {.bitmap_index = 17716, .adv_w = 258, .box_w = 16, .box_h = 22, .ofs_x = 0, .ofs_y = 0},
    {.bitmap_index = 17892, .adv_w = 196, .box_w = 12, .box_h = 17, .ofs_x = 0, .ofs_y = 0},
    {.bitmap_index = 17994, .adv_w = 258, .box_w = 16, .box_h = 22, .ofs_x = 0, .ofs_y = 0},
    {.bitmap_index = 18170, .adv_w = 196, .box_w = 12, .box_h = 17, .ofs_x = 0, .ofs_y = 0},
    {.bitmap_index = 18272, .adv_w = 258, .box_w = 16, .box_h = 22, .ofs_x = 0, .ofs_y = -5},
    {.bitmap_index = 18448, .adv_w = 196, .box_w = 12, .box_h = 17, .ofs_x = 0, .ofs_y = -5},
    {.bitmap_index = 18550, .adv_w = 263, .box_w = 16, .box_h = 22, .ofs_x = 0, .ofs_y = 0},
    {.bitmap_index = 18726, .adv_w = 194, .box_w = 12, .box_h = 17, .ofs_x = 0, .ofs_y = 0},
    {.bitmap_index = 18828, .adv_w = 263, .box_w = 16, .box_h = 22, .ofs_x = 0, .ofs_y = 0},
    {.bitmap_index = 19004, .adv_w = 194, .box_w = 12, .box_h = 17, .ofs_x = 0, .ofs_y = 0},
    {.bitmap_index = 19106, .adv_w = 263, .box_w = 16, .box_h = 22, .ofs_x = 0, .ofs_y = 0},
    {.bitmap_index = 19282, .adv_w = 194, .box_w = 12, .box_h = 17, .ofs_x = 0, .ofs_y = 0},
    {.bitmap_index = 19384, .adv_w = 266, .box_w = 15, .box_h = 22, .ofs_x = 1, .ofs_y = 0},
    {.bitmap_index = 19549, .adv_w = 247, .box_w = 16, .box_h = 17, .ofs_x = 0, .ofs_y = 0},
    {.bitmap_index = 19685, .adv_w = 269, .box_w = 17, .box_h = 17, .ofs_x = 0, .ofs_y = 0},
    {.bitmap_index = 19830, .adv_w = 219, .box_w = 14, .box_h = 17, .ofs_x = 0, .ofs_y = 0},
    {.bitmap_index = 19949, .adv_w = 222, .box_w = 12, .box_h = 22, .ofs_x = 1, .ofs_y = 0},
    {.bitmap_index = 20081, .adv_w = 201, .box_w = 12, .box_h = 17, .ofs_x = 0, .ofs_y = 0},
    {.bitmap_index = 20183, .adv_w = 222, .box_w = 12, .box_h = 22, .ofs_x = 1, .ofs_y = 0},
    {.bitmap_index = 20315, .adv_w = 201, .box_w = 12, .box_h = 17, .ofs_x = 0, .ofs_y = 0},
    {.bitmap_index = 20417, .adv_w = 222, .box_w = 12, .box_h = 22, .ofs_x = 1, .ofs_y = -5},
    {.bitmap_index = 20549, .adv_w = 201, .box_w = 12, .box_h = 17, .ofs_x = 0, .ofs_y = -5},
    {.bitmap_index = 20651, .adv_w = 222, .box_w = 12, .box_h = 22, .ofs_x = 1, .ofs_y = 0},
    {.bitmap_index = 20783, .adv_w = 201, .box_w = 12, .box_h = 17, .ofs_x = 0, .ofs_y = 0},
    {.bitmap_index = 20885, .adv_w = 269, .box_w = 16, .box_h = 22, .ofs_x = 0, .ofs_y = 0},
    {.bitmap_index = 21061, .adv_w = 219, .box_w = 13, .box_h = 22, .ofs_x = 0, .ofs_y = -5},
    {.bitmap_index = 21204, .adv_w = 269, .box_w = 16, .box_h = 22, .ofs_x = 0, .ofs_y = 0},
    {.bitmap_index = 21380, .adv_w = 219, .box_w = 13, .box_h = 22, .ofs_x = 0, .ofs_y = -5},
    {.bitmap_index = 21523, .adv_w = 269, .box_w = 16, .box_h = 26, .ofs_x = 0, .ofs_y = -9},
    {.bitmap_index = 21731, .adv_w = 219, .box_w = 13, .box_h = 26, .ofs_x = 0, .ofs_y = -5},
    {.bitmap_index = 21900, .adv_w = 263, .box_w = 17, .box_h = 17, .ofs_x = 0, .ofs_y = 0},
    {.bitmap_index = 22045, .adv_w = 215, .box_w = 13, .box_h = 17, .ofs_x = 0, .ofs_y = 0},
    {.bitmap_index = 22156, .adv_w = 89, .box_w = 9, .box_h = 22, .ofs_x = -2, .ofs_y = 0},
    {.bitmap_index = 22255, .adv_w = 92, .box_w = 9, .box_h = 17, .ofs_x = -2, .ofs_y = 0},
    {.bitmap_index = 22332, .adv_w = 89, .box_w = 6, .box_h = 22, .ofs_x = -1, .ofs_y = -5},
    {.bitmap_index = 22398, .adv_w = 92, .box_w = 5, .box_h = 22, .ofs_x = 0, .ofs_y = -5},
    {.bitmap_index = 22453, .adv_w = 89, .box_w = 4, .box_h = 22, .ofs_x = 1, .ofs_y = 0},
    {.bitmap_index = 22497, .adv_w = 92, .box_w = 4, .box_h = 12, .ofs_x = 1, .ofs_y = 0},
    {.bitmap_index = 22521, .adv_w = 240, .box_w = 13, .box_h = 17, .ofs_x = 1, .ofs_y = 0},
    {.bitmap_index = 22632, .adv_w = 180, .box_w = 9, .box_h = 22, .ofs_x = 1, .ofs_y = -5},
    {.bitmap_index = 22731, .adv_w = 251, .box_w = 15, .box_h = 26, .ofs_x = 1, .ofs_y = -9},
    {.bitmap_index = 22926, .adv_w = 196, .box_w = 12, .box_h = 26, .ofs_x = 1, .ofs_y = -9},
    {.bitmap_index = 23082, .adv_w = 207, .box_w = 13, .box_h = 22, .ofs_x = 0, .ofs_y = 0},
    {.bitmap_index = 23225, .adv_w = 92, .box_w = 7, .box_h = 22, .ofs_x = 0, .ofs_y = 0},
    {.bitmap_index = 23302, .adv_w = 207, .box_w = 12, .box_h = 26, .ofs_x = 1, .ofs_y = -9},
    {.bitmap_index = 23458, .adv_w = 92, .box_w = 4, .box_h = 26, .ofs_x = 1, .ofs_y = -9},
    {.bitmap_index = 23510, .adv_w = 207, .box_w = 12, .box_h = 17, .ofs_x = 1, .ofs_y = 0},
    {.bitmap_index = 23612, .adv_w = 120, .box_w = 7, .box_h = 17, .ofs_x = 1, .ofs_y = 0},
    {.bitmap_index = 23672, .adv_w = 209, .box_w = 13, .box_h = 17, .ofs_x = 0, .ofs_y = 0},
    {.bitmap_index = 23783, .adv_w = 103, .box_w = 7, .box_h = 17, .ofs_x = 0, .ofs_y = 0},
    {.bitmap_index = 23843, .adv_w = 255, .box_w = 14, .box_h = 22, .ofs_x = 1, .ofs_y = 0},
    {.bitmap_index = 23997, .adv_w = 215, .box_w = 12, .box_h = 17, .ofs_x = 1, .ofs_y = 0},
    {.bitmap_index = 24099, .adv_w = 255, .box_w = 14, .box_h = 26, .ofs_x = 1, .ofs_y = -9},
    {.bitmap_index = 24281, .adv_w = 215, .box_w = 12, .box_h = 21, .ofs_x = 1, .ofs_y = -9},
    {.bitmap_index = 24407, .adv_w = 255, .box_w = 14, .box_h = 22, .ofs_x = 1, .ofs_y = 0},
    {.bitmap_index = 24561, .adv_w = 215, .box_w = 12, .box_h = 17, .ofs_x = 1, .ofs_y = 0},
    {.bitmap_index = 24663, .adv_w = 253, .box_w = 14, .box_h = 22, .ofs_x = 1, .ofs_y = -5},
    {.bitmap_index = 24817, .adv_w = 215, .box_w = 12, .box_h = 17, .ofs_x = 1, .ofs_y = -5},
    {.bitmap_index = 24919, .adv_w = 279, .box_w = 17, .box_h = 22, .ofs_x = 0, .ofs_y = 0},
    {.bitmap_index = 25106, .adv_w = 210, .box_w = 13, .box_h = 17, .ofs_x = 0, .ofs_y = 0},
    {.bitmap_index = 25217, .adv_w = 279, .box_w = 17, .box_h = 22, .ofs_x = 0, .ofs_y = 0},
    {.bitmap_index = 25404, .adv_w = 210, .box_w = 13, .box_h = 17, .ofs_x = 0, .ofs_y = 0},
    {.bitmap_index = 25515, .adv_w = 381, .box_w = 23, .box_h = 17, .ofs_x = 0, .ofs_y = 0},
    {.bitmap_index = 25711, .adv_w = 334, .box_w = 21, .box_h = 12, .ofs_x = 0, .ofs_y = 0},
    {.bitmap_index = 25837, .adv_w = 234, .box_w = 14, .box_h = 22, .ofs_x = 1, .ofs_y = 0},
    {.bitmap_index = 25991, .adv_w = 137, .box_w = 8, .box_h = 17, .ofs_x = 1, .ofs_y = 0},
    {.bitmap_index = 26059, .adv_w = 234, .box_w = 14, .box_h = 26, .ofs_x = 1, .ofs_y = -9},
    {.bitmap_index = 26241, .adv_w = 137, .box_w = 8, .box_h = 22, .ofs_x = 1, .ofs_y = -9},
    {.bitmap_index = 26329, .adv_w = 234, .box_w = 14, .box_h = 22, .ofs_x = 1, .ofs_y = 0},
    {.bitmap_index = 26483, .adv_w = 137, .box_w = 10, .box_h = 17, .ofs_x = 0, .ofs_y = 0},
    {.bitmap_index = 26568, .adv_w = 224, .box_w = 14, .box_h = 22, .ofs_x = 0, .ofs_y = 0},
    {.bitmap_index = 26722, .adv_w = 174, .box_w = 11, .box_h = 17, .ofs_x = 0, .ofs_y = 0},
    {.bitmap_index = 26816, .adv_w = 224, .box_w = 14, .box_h = 22, .ofs_x = 0, .ofs_y = -5},
    {.bitmap_index = 26970, .adv_w = 174, .box_w = 11, .box_h = 17, .ofs_x = 0, .ofs_y = -5},
    {.bitmap_index = 27064, .adv_w = 224, .box_w = 14, .box_h = 23, .ofs_x = 0, .ofs_y = 0},
    {.bitmap_index = 27225, .adv_w = 174, .box_w = 11, .box_h = 17, .ofs_x = 0, .ofs_y = 0},
    {.bitmap_index = 27319, .adv_w = 234, .box_w = 14, .box_h = 22, .ofs_x = 0, .ofs_y = 0},
    {.bitmap_index = 27473, .adv_w = 143, .box_w = 10, .box_h = 19, .ofs_x = 0, .ofs_y = 0},
    {.bitmap_index = 27568, .adv_w = 248, .box_w = 14, .box_h = 22, .ofs_x = 1, .ofs_y = 0},
    {.bitmap_index = 27722, .adv_w = 213, .box_w = 11, .box_h = 17, .ofs_x = 1, .ofs_y = 0},
    {.bitmap_index = 27816, .adv_w = 248, .box_w = 14, .box_h = 22, .ofs_x = 1, .ofs_y = 0},
    {.bitmap_index = 27970, .adv_w = 213, .box_w = 11, .box_h = 17, .ofs_x = 1, .ofs_y = 0},
    {.bitmap_index = 28064, .adv_w = 248, .box_w = 14, .box_h = 23, .ofs_x = 1, .ofs_y = 0},
    {.bitmap_index = 28225, .adv_w = 213, .box_w = 11, .box_h = 18, .ofs_x = 1, .ofs_y = 0},
    {.bitmap_index = 28324, .adv_w = 248, .box_w = 14, .box_h = 22, .ofs_x = 1, .ofs_y = 0},
    {.bitmap_index = 28478, .adv_w = 213, .box_w = 11, .box_h = 17, .ofs_x = 1, .ofs_y = 0},
    {.bitmap_index = 28572, .adv_w = 248, .box_w = 14, .box_h = 22, .ofs_x = 1, .ofs_y = -5},
    {.bitmap_index = 28726, .adv_w = 213, .box_w = 12, .box_h = 17, .ofs_x = 1, .ofs_y = -5},
    {.bitmap_index = 28828, .adv_w = 383, .box_w = 24, .box_h = 22, .ofs_x = 0, .ofs_y = 0},
    {.bitmap_index = 29092, .adv_w = 282, .box_w = 18, .box_h = 17, .ofs_x = 0, .ofs_y = 0},
    {.bitmap_index = 29245, .adv_w = 246, .box_w = 16, .box_h = 22, .ofs_x = 0, .ofs_y = 0},
    {.bitmap_index = 29421, .adv_w = 189, .box_w = 12, .box_h = 22, .ofs_x = 0, .ofs_y = -5},
    {.bitmap_index = 29553, .adv_w = 246, .box_w = 16, .box_h = 22, .ofs_x = 0, .ofs_y = 0},
    {.bitmap_index = 29729, .adv_w = 222, .box_w = 12, .box_h = 22, .ofs_x = 1, .ofs_y = 0},
    {.bitmap_index = 29861, .adv_w = 181, .box_w = 10, .box_h = 17, .ofs_x = 1, .ofs_y = 0},
    {.bitmap_index = 29946, .adv_w = 222, .box_w = 12, .box_h = 22, .ofs_x = 1, .ofs_y = 0},
    {.bitmap_index = 30078, .adv_w = 181, .box_w = 10, .box_h = 17, .ofs_x = 1, .ofs_y = 0},
    {.bitmap_index = 30163, .adv_w = 222, .box_w = 12, .box_h = 22, .ofs_x = 1, .ofs_y = 0},
    {.bitmap_index = 30295, .adv_w = 181, .box_w = 10, .box_h = 17, .ofs_x = 1, .ofs_y = 0},
    {.bitmap_index = 30380, .adv_w = 211, .box_w = 11, .box_h = 3, .ofs_x = 1, .ofs_y = 5},
    {.bitmap_index = 30397, .adv_w = 316, .box_w = 18, .box_h = 3, .ofs_x = 1, .ofs_y = 5},
    {.bitmap_index = 30424, .adv_w = 97, .box_w = 4, .box_h = 7, .ofs_x = 1, .ofs_y = 10},
    {.bitmap_index = 30438, .adv_w = 97, .box_w = 4, .box_h = 7, .ofs_x = 1, .ofs_y = 10},
    {.bitmap_index = 30452, .adv_w = 95, .box_w = 4, .box_h = 8, .ofs_x = 1, .ofs_y = -5},
    {.bitmap_index = 30468, .adv_w = 166, .box_w = 8, .box_h = 7, .ofs_x = 1, .ofs_y = 10},
    {.bitmap_index = 30496, .adv_w = 166, .box_w = 8, .box_h = 7, .ofs_x = 1, .ofs_y = 10},
    {.bitmap_index = 30524, .adv_w = 163, .box_w = 8, .box_h = 8, .ofs_x = 1, .ofs_y = -5},
    {.bitmap_index = 30556, .adv_w = 118, .box_w = 5, .box_h = 5, .ofs_x = 1, .ofs_y = 6},
    {.bitmap_index = 30569, .adv_w = 256, .box_w = 14, .box_h = 4, .ofs_x = 1, .ofs_y = 0},
    {.bitmap_index = 30597, .adv_w = 352, .box_w = 23, .box_h = 23, .ofs_x = -1, .ofs_y = -3},
    {.bitmap_index = 30862, .adv_w = 352, .box_w = 22, .box_h = 17, .ofs_x = 0, .ofs_y = 0},
    {.bitmap_index = 31049, .adv_w = 352, .box_w = 22, .box_h = 20, .ofs_x = 0, .ofs_y = -2},
    {.bitmap_index = 31269, .adv_w = 352, .box_w = 22, .box_h = 17, .ofs_x = 0, .ofs_y = 0},
    {.bitmap_index = 31456, .adv_w = 242, .box_w = 16, .box_h = 16, .ofs_x = 0, .ofs_y = 0},
    {.bitmap_index = 31584, .adv_w = 352, .box_w = 22, .box_h = 23, .ofs_x = 0, .ofs_y = -3},
    {.bitmap_index = 31837, .adv_w = 352, .box_w = 22, .box_h = 23, .ofs_x = 0, .ofs_y = -3},
    {.bitmap_index = 32090, .adv_w = 396, .box_w = 25, .box_h = 20, .ofs_x = 0, .ofs_y = -2},
    {.bitmap_index = 32340, .adv_w = 352, .box_w = 22, .box_h = 23, .ofs_x = 0, .ofs_y = -3},
    {.bitmap_index = 32593, .adv_w = 396, .box_w = 25, .box_h = 17, .ofs_x = 0, .ofs_y = 0},
    {.bitmap_index = 32806, .adv_w = 352, .box_w = 22, .box_h = 23, .ofs_x = 0, .ofs_y = -3},
    {.bitmap_index = 33059, .adv_w = 176, .box_w = 11, .box_h = 18, .ofs_x = 0, .ofs_y = -1},
    {.bitmap_index = 33158, .adv_w = 264, .box_w = 17, .box_h = 18, .ofs_x = 0, .ofs_y = -1},
    {.bitmap_index = 33311, .adv_w = 396, .box_w = 25, .box_h = 22, .ofs_x = 0, .ofs_y = -3},
    {.bitmap_index = 33586, .adv_w = 352, .box_w = 22, .box_h = 17, .ofs_x = 0, .ofs_y = 0},
    {.bitmap_index = 33773, .adv_w = 242, .box_w = 16, .box_h = 23, .ofs_x = 0, .ofs_y = -3},
    {.bitmap_index = 33957, .adv_w = 308, .box_w = 15, .box_h = 21, .ofs_x = 2, .ofs_y = -2},
    {.bitmap_index = 34115, .adv_w = 308, .box_w = 20, .box_h = 24, .ofs_x = 0, .ofs_y = -4},
    {.bitmap_index = 34355, .adv_w = 308, .box_w = 20, .box_h = 20, .ofs_x = 0, .ofs_y = -2},
    {.bitmap_index = 34555, .adv_w = 308, .box_w = 20, .box_h = 20, .ofs_x = 0, .ofs_y = -2},
    {.bitmap_index = 34755, .adv_w = 308, .box_w = 15, .box_h = 21, .ofs_x = 2, .ofs_y = -2},
    {.bitmap_index = 34913, .adv_w = 308, .box_w = 21, .box_h = 20, .ofs_x = -1, .ofs_y = -2},
    {.bitmap_index = 35123, .adv_w = 220, .box_w = 12, .box_h = 20, .ofs_x = 1, .ofs_y = -2},
    {.bitmap_index = 35243, .adv_w = 220, .box_w = 12, .box_h = 20, .ofs_x = 1, .ofs_y = -2},
    {.bitmap_index = 35363, .adv_w = 308, .box_w = 20, .box_h = 20, .ofs_x = 0, .ofs_y = -2},
    {.bitmap_index = 35563, .adv_w = 308, .box_w = 20, .box_h = 5, .ofs_x = 0, .ofs_y = 6},
    {.bitmap_index = 35613, .adv_w = 396, .box_w = 25, .box_h = 17, .ofs_x = 0, .ofs_y = 0},
    {.bitmap_index = 35826, .adv_w = 440, .box_w = 28, .box_h = 23, .ofs_x = 0, .ofs_y = -3},
    {.bitmap_index = 36148, .adv_w = 396, .box_w = 27, .box_h = 23, .ofs_x = -1, .ofs_y = -3},
    {.bitmap_index = 36459, .adv_w = 352, .box_w = 22, .box_h = 21, .ofs_x = 0, .ofs_y = -2},
    {.bitmap_index = 36690, .adv_w = 308, .box_w = 19, .box_h = 12, .ofs_x = 0, .ofs_y = 2},
    {.bitmap_index = 36804, .adv_w = 308, .box_w = 19, .box_h = 12, .ofs_x = 0, .ofs_y = 2},
    {.bitmap_index = 36918, .adv_w = 440, .box_w = 28, .box_h = 18, .ofs_x = 0, .ofs_y = -1},
    {.bitmap_index = 37170, .adv_w = 352, .box_w = 22, .box_h = 17, .ofs_x = 0, .ofs_y = 0},
    {.bitmap_index = 37357, .adv_w = 352, .box_w = 22, .box_h = 23, .ofs_x = 0, .ofs_y = -3},
    {.bitmap_index = 37610, .adv_w = 352, .box_w = 23, .box_h = 23, .ofs_x = -1, .ofs_y = -3},
    {.bitmap_index = 37875, .adv_w = 308, .box_w = 20, .box_h = 20, .ofs_x = 0, .ofs_y = -2},
    {.bitmap_index = 38075, .adv_w = 308, .box_w = 20, .box_h = 23, .ofs_x = 0, .ofs_y = -3},
    {.bitmap_index = 38305, .adv_w = 308, .box_w = 20, .box_h = 20, .ofs_x = 0, .ofs_y = -2},
    {.bitmap_index = 38505, .adv_w = 308, .box_w = 20, .box_h = 18, .ofs_x = 0, .ofs_y = -1},
    {.bitmap_index = 38685, .adv_w = 352, .box_w = 22, .box_h = 17, .ofs_x = 0, .ofs_y = 0},
    {.bitmap_index = 38872, .adv_w = 220, .box_w = 15, .box_h = 23, .ofs_x = -1, .ofs_y = -3},
    {.bitmap_index = 39045, .adv_w = 308, .box_w = 20, .box_h = 23, .ofs_x = 0, .ofs_y = -3},
    {.bitmap_index = 39275, .adv_w = 308, .box_w = 20, .box_h = 23, .ofs_x = 0, .ofs_y = -3},
    {.bitmap_index = 39505, .adv_w = 396, .box_w = 25, .box_h = 17, .ofs_x = 0, .ofs_y = 0},
    {.bitmap_index = 39718, .adv_w = 352, .box_w = 24, .box_h = 23, .ofs_x = -1, .ofs_y = -3},
    {.bitmap_index = 39994, .adv_w = 264, .box_w = 17, .box_h = 23, .ofs_x = 0, .ofs_y = -3},
    {.bitmap_index = 40190, .adv_w = 440, .box_w = 28, .box_h = 21, .ofs_x = 0, .ofs_y = -2},
    {.bitmap_index = 40484, .adv_w = 440, .box_w = 28, .box_h = 15, .ofs_x = 0, .ofs_y = 1},
    {.bitmap_index = 40694, .adv_w = 440, .box_w = 28, .box_h = 15, .ofs_x = 0, .ofs_y = 1},
    {.bitmap_index = 40904, .adv_w = 440, .box_w = 28, .box_h = 15, .ofs_x = 0, .ofs_y = 1},
    {.bitmap_index = 41114, .adv_w = 440, .box_w = 28, .box_h = 15, .ofs_x = 0, .ofs_y = 1},
    {.bitmap_index = 41324, .adv_w = 440, .box_w = 28, .box_h = 15, .ofs_x = 0, .ofs_y = 1},
    {.bitmap_index = 41534, .adv_w = 440, .box_w = 28, .box_h = 18, .ofs_x = 0, .ofs_y = -1},
    {.bitmap_index = 41786, .adv_w = 308, .box_w = 17, .box_h = 23, .ofs_x = 1, .ofs_y = -3},
    {.bitmap_index = 41982, .adv_w = 308, .box_w = 20, .box_h = 23, .ofs_x = 0, .ofs_y = -3},
    {.bitmap_index = 42212, .adv_w = 352, .box_w = 23, .box_h = 23, .ofs_x = -1, .ofs_y = -3},
    {.bitmap_index = 42477, .adv_w = 440, .box_w = 28, .box_h = 17, .ofs_x = 0, .ofs_y = 0},
    {.bitmap_index = 42715, .adv_w = 264, .box_w = 17, .box_h = 23, .ofs_x = 0, .ofs_y = -3},
    {.bitmap_index = 42911, .adv_w = 354, .box_w = 23, .box_h = 14, .ofs_x = 0, .ofs_y = 1}
};

/*---------------------
 *  CHARACTER MAPPING
 *--------------------*/

static const uint8_t glyph_id_ofs_list_1[] = {
    0, 1, 2, 3, 0, 4, 0, 5,
    6, 7, 8, 9, 0, 0, 10, 11,
    12, 0, 0, 0, 13, 0, 14, 15,
    16, 0, 17, 18
};

static const uint8_t glyph_id_ofs_list_3[] = {
    0, 1, 2, 3, 4, 5, 6, 7,
    8, 9, 0, 0, 10, 11, 12, 13,
    14, 15, 0, 0, 16, 17, 18, 19,
    20, 21, 0, 0, 22, 23, 0, 0,
    24, 25, 0, 0, 26, 27, 28, 29,
    30, 31, 0, 0, 32, 33, 0, 34,
    35, 36, 37, 38, 39, 0, 0, 40,
    41, 42, 43, 44, 45, 46, 47, 0,
    48, 49, 50, 51, 0, 0, 52, 53,
    54, 55, 56, 57, 58, 59, 60, 61,
    62, 63, 0, 0, 64, 65, 66, 67,
    0, 0, 68, 69
};

static const uint16_t unicode_list_5[] = {
    0x0, 0x1, 0x5, 0x6, 0x7, 0x9, 0xa, 0xb,
    0xf, 0x13, 0xcfee, 0xcff5, 0xcff8, 0xcff9, 0xcffa, 0xcffe,
    0xd000, 0xd002, 0xd006, 0xd009, 0xd00e, 0xd013, 0xd014, 0xd015,
    0xd02b, 0xd030, 0xd035, 0xd038, 0xd039, 0xd03a, 0xd03e, 0xd03f,
    0xd040, 0xd041, 0xd054, 0xd055, 0xd05b, 0xd05d, 0xd05e, 0xd061,
    0xd064, 0xd065, 0xd066, 0xd068, 0xd080, 0xd082, 0xd0b1, 0xd0b2,
    0xd0b4, 0xd0b6, 0xd0cd, 0xd0d4, 0xd0d7, 0xd0e0, 0xd109, 0xd111,
    0xd148, 0xd1d8, 0xd22d, 0xd22e, 0xd22f, 0xd230, 0xd231, 0xd274,
    0xd280, 0xd2da, 0xd2f1, 0xd547, 0xd7af, 0xd88f
};

/*Collect the unicode lists and glyph_id offsets*/
static const lv_font_fmt_txt_cmap_t cmaps[] =
{
    {
        .range_start = 32, .range_length = 95, .glyph_id_start = 1,
        .unicode_list = NULL, .glyph_id_ofs_list = NULL, .list_length = 0, .type = LV_FONT_FMT_TXT_CMAP_FORMAT0_TINY
    },
    {
        .range_start = 160, .range_length = 28, .glyph_id_start = 96,
        .unicode_list = NULL, .glyph_id_ofs_list = glyph_id_ofs_list_1, .list_length = 28, .type = LV_FONT_FMT_TXT_CMAP_FORMAT0_FULL
    },
    {
        .range_start = 191, .range_length = 73, .glyph_id_start = 115,
        .unicode_list = NULL, .glyph_id_ofs_list = NULL, .list_length = 0, .type = LV_FONT_FMT_TXT_CMAP_FORMAT0_TINY
    },
    {
        .range_start = 266, .range_length = 92, .glyph_id_start = 188,
        .unicode_list = NULL, .glyph_id_ofs_list = glyph_id_ofs_list_3, .list_length = 92, .type = LV_FONT_FMT_TXT_CMAP_FORMAT0_FULL
    },
    {
        .range_start = 362, .range_length = 21, .glyph_id_start = 258,
        .unicode_list = NULL, .glyph_id_ofs_list = NULL, .list_length = 0, .type = LV_FONT_FMT_TXT_CMAP_FORMAT0_TINY
    },
    {
        .range_start = 8211, .range_length = 55440, .glyph_id_start = 279,
        .unicode_list = unicode_list_5, .glyph_id_ofs_list = NULL, .list_length = 70, .type = LV_FONT_FMT_TXT_CMAP_SPARSE_TINY
    }
};

/*-----------------
 *    KERNING
 *----------------*/


/*Map glyph_ids to kern left classes*/
static const uint8_t kern_left_class_mapping[] =
{
    0, 0, 1, 2, 3, 4, 5, 6,
    7, 8, 9, 10, 11, 12, 13, 14,
    15, 16, 17, 18, 19, 20, 21, 22,
    23, 24, 25, 26, 27, 28, 29, 30,
    31, 32, 33, 34, 35, 36, 37, 38,
    39, 0, 0, 40, 41, 42, 0, 0,
    43, 44, 45, 46, 47, 48, 49, 50,
    51, 52, 53, 54, 55, 56, 0, 57,
    58, 0, 59, 60, 61, 0, 62, 63,
    0, 64, 65, 66, 67, 0, 68, 69,
    70, 71, 0, 72, 73, 74, 75, 76,
    77, 78, 79, 80, 81, 0, 82, 83,
    0, 84, 85, 86, 87, 0, 0, 88,
    89, 90, 91, 0, 92, 0, 0, 0,
    0, 93, 94, 95, 96, 97, 96, 96,
    96, 96, 98, 99, 100, 100, 100, 100,
    101, 102, 103, 104, 105, 101, 106, 106,
    106, 106, 106, 107, 108, 109, 109, 109,
    109, 110, 111, 112, 113, 114, 115, 115,
    115, 115, 116, 117, 118, 119, 120, 121,
    122, 123, 124, 125, 126, 127, 128, 129,
    128, 128, 130, 131, 132, 133, 134, 133,
    133, 135, 136, 137, 96, 115, 96, 115,
    96, 138, 99, 117, 99, 117, 99, 139,
    105, 140, 105, 141, 100, 142, 100, 118,
    100, 143, 100, 142, 144, 133, 144, 145,
    144, 146, 147, 148, 149, 150, 101, 151,
    101, 133, 152, 141, 153, 154, 155, 156,
    157, 141, 158, 140, 159, 160, 101, 161,
    101, 161, 101, 161, 101, 162, 106, 128,
    106, 163, 100, 116, 164, 165, 164, 166,
    164, 167, 168, 169, 168, 170, 171, 172,
    173, 174, 109, 133, 109, 133, 109, 133,
    109, 141, 109, 175, 176, 177, 178, 179,
    180, 181, 182, 181, 182, 181, 183, 184,
    185, 186, 187, 188, 189, 190, 191, 192,
    193, 0, 0, 0, 0, 0, 0, 0,
    0, 0, 0, 0, 0, 0, 0, 0,
    0, 0, 0, 0, 0, 0, 0, 0,
    0, 0, 0, 0, 0, 0, 0, 0,
    0, 0, 0, 0, 0, 0, 0, 0,
    0, 0, 0, 0, 0, 0, 0, 0,
    0, 0, 0, 0, 0, 0, 0, 0,
    0, 0, 0, 0, 0
};

/*Map glyph_ids to kern right classes*/
static const uint8_t kern_right_class_mapping[] =
{
    0, 0, 1, 2, 3, 4, 5, 6,
    7, 8, 9, 10, 11, 12, 13, 14,
    15, 16, 17, 18, 19, 20, 21, 22,
    23, 24, 25, 26, 26, 27, 28, 29,
    30, 31, 32, 33, 34, 0, 0, 0,
    35, 0, 0, 36, 0, 0, 0, 0,
    37, 0, 38, 39, 40, 41, 42, 43,
    44, 45, 46, 47, 0, 48, 49, 50,
    51, 0, 52, 0, 53, 54, 55, 56,
    57, 0, 58, 59, 0, 0, 60, 60,
    61, 60, 62, 63, 64, 65, 66, 67,
    68, 69, 70, 71, 0, 0, 72, 73,
    0, 74, 75, 76, 0, 77, 0, 78,
    79, 80, 81, 0, 82, 0, 0, 0,
    0, 83, 84, 85, 86, 87, 86, 88,
    86, 86, 87, 89, 39, 39, 39, 39,
    90, 39, 91, 92, 93, 39, 89, 89,
    89, 89, 89, 94, 95, 96, 42, 96,
    96, 97, 39, 98, 99, 100, 101, 102,
    103, 104, 105, 106, 107, 108, 109, 109,
    110, 111, 112, 113, 114, 98, 109, 115,
    109, 109, 116, 11, 117, 118, 119, 120,
    121, 122, 123, 124, 86, 125, 86, 126,
    86, 127, 89, 128, 89, 106, 89, 109,
    39, 129, 130, 129, 39, 109, 39, 131,
    39, 132, 39, 133, 89, 134, 89, 134,
    89, 134, 135, 136, 137, 138, 139, 140,
    39, 141, 39, 142, 39, 123, 39, 123,
    39, 123, 39, 123, 143, 144, 39, 145,
    39, 98, 39, 146, 39, 98, 89, 109,
    89, 109, 89, 106, 39, 98, 0, 98,
    39, 147, 148, 149, 148, 150, 148, 151,
    152, 153, 96, 154, 96, 155, 96, 156,
    96, 157, 96, 158, 159, 160, 161, 162,
    161, 163, 164, 163, 164, 163, 165, 166,
    167, 168, 169, 0, 170, 171, 172, 173,
    174, 0, 0, 0, 0, 0, 0, 0,
    0, 0, 0, 0, 0, 0, 0, 0,
    0, 0, 0, 0, 0, 0, 0, 0,
    0, 0, 0, 0, 0, 0, 0, 0,
    0, 0, 0, 0, 0, 0, 0, 0,
    0, 0, 0, 0, 0, 0, 0, 0,
    0, 0, 0, 0, 0, 0, 0, 0,
    0, 0, 0, 0, 0
};

/*Kern values between classes*/
static const int8_t kern_class_values[] =
{
    -11, -14, 0, 0, 0, 0, -14, 0,
    -16, -13, 0, -15, -23, -15, 0, -8,
    -7, -5, -9, -12, -10, -8, -8, -7,
    -5, -10, 0, 0, 0, -14, 0, -11,
    -7, -8, -8, -5, -8, -8, -7, -10,
    -10, -8, -12, -12, -12, -10, -10, 0,
    -15, 0, 0, -11, -8, -8, -8, -7,
    -8, -7, -8, 0, -8, -8, 0, -7,
    -7, -10, -8, -9, -13, -8, -11, 0,
    0, 0, 0, 0, 0, 0, 0, -20,
    0, 0, 0, -16, 0, -11, -11, -11,
    -8, -7, 0, 0, 0, 0, 0, -8,
    -10, 0, 0, -11, 0, 0, 0, 0,
    -11, -8, -8, -8, 0, -8, -8, 0,
    0, 0, -8, 0, 0, -10, -10, -10,
    -10, -8, -8, -8, 0, 0, -11, -8,
    -8, 0, -8, -8, 0, -8, 0, 0,
    -7, 0, 0, -8, 0, -7, 0, 0,
    0, 0, -8, -10, -7, -7, -7, -10,
    -7, -10, -10, -10, -10, -10, -12, -9,
    -10, -8, -10, -11, -11, -23, -23, -15,
    -14, -15, -12, 0, 0, 0, -14, -11,
    -19, -16, -8, 0, -11, -25, -15, -10,
    -29, -48, -50, -48, -43, -17, -5, -8,
    -12, -40, -17, -17, -4, -13, -9, -22,
    0, -18, 0, 0, -21, -43, -10, -18,
    -18, -47, -18, -18, -10, -16, -5, -8,
    -7, -9, -12, -6, -12, 0, -12, 0,
    -79, -29, -28, -28, -28, -10, -28, -10,
    -11, 0, -28, -28, 0, -25, -10, -19,
    -11, -12, -21, -11, -20, 0, -35, -24,
    0, 0, 0, 0, 0, -43, 0, 0,
    0, -29, -49, -43, -43, -43, -18, -10,
    0, 0, 0, 0, -18, -8, -6, -21,
    -22, -29, -22, -22, -22, -22, -29, -28,
    -28, -28, -25, -11, -11, 4, 0, 0,
    -28, -25, -28, -19, -19, -19, -19, -11,
    -11, -11, -22, -22, -29, -28, -28, -11,
    -28, -28, -25, -28, 0, 0, -10, 0,
    0, -11, -21, -10, -11, 0, -21, -21,
    -11, -16, -25, -25, -15, -5, -10, -19,
    -19, -19, -19, -19, -9, -12, -6, -11,
    -12, -20, -20, -42, -51, -12, -11, -12,
    0, 0, 0, -79, 0, 0, 0, 0,
    0, 0, 0, 0, -28, 0, 0, 0,
    0, 0, 0, 0, 0, 0, 0, -6,
    -8, 0, -16, 0, 0, 0, 0, 0,
    0, 0, 0, -22, 0, 0, 0, -24,
    0, 0, 0, 0, -17, 0, 0, 0,
    0, 0, 0, 0, 0, 0, 0, -10,
    0, 0, 0, 0, 0, 0, 0, 0,
    0, 0, 0, 0, 0, 0, 0, 0,
    0, 0, 0, 0, 0, 0, 0, 0,
    0, 0, 0, 0, 0, 0, 0, 0,
    0, 0, 0, 0, 0, 0, 0, 0,
    0, 0, 0, 0, 0, 0, 0, 0,
    0, 0, 0, 0, 0, 0, 0, 0,
    0, 0, 0, 0, 0, 0, 0, 0,
    0, 0, 0, 0, 0, 0, 0, 0,
    0, 0, 0, 0, 0, 0, 0, 0,
    0, 0, 0, 0, 0, 0, 0, 0,
    0, 0, 0, 0, 0, 0, 0, 0,
    0, 0, 0, 0, 0, 0, 0, 0,
    0, 0, 0, 0, 0, 0, 0, 0,
    0, 0, 0, 0, 0, 0, 0, 0,
    0, 0, -6, -12, 0, 0, 0, 0,
    -12, -6, -25, -8, -15, -11, -8, -11,
    -14, 2, -1, 1, 0, 0, -1, 2,
    -11, 5, 0, -6, 0, 0, 0, 0,
    0, 0, 0, 0, 0, 0, 0, 0,
    0, 0, 0, 0, 0, 0, 0, 0,
    0, 0, -18, 0, 0, 0, 0, 0,
    0, 0, 0, 0, 0, 0, 0, 0,
    0, 0, 0, 0, 0, 0, 0, 0,
    0, 0, 0, 0, 0, 0, 0, 0,
    0, -6, 0, 0, 0, -13, 0, 0,
    0, 0, 0, 0, 0, 0, 0, 0,
    0, 0, 0, 0, 0, 0, 0, 0,
    0, 0, 0, 0, 0, 0, 0, 0,
    0, 0, 0, 0, 0, 0, 0, 0,
    0, 0, 0, 0, 0, 0, 0, 0,
    0, 0, 0, 0, 0, 0, 0, 0,
    0, 0, 0, 0, 0, 0, 0, 0,
    0, 0, 0, 0, 0, 0, 0, 0,
    0, 0, 0, 0, 0, 0, 0, 0,
    0, 0, 0, 0, 0, 0, 0, 0,
    0, -10, -11, -10, 0, 0, 0, 0,
    -10, -19, 0, 0, 0, 0, -19, 0,
    -17, -24, 0, -10, -12, -10, -14, 0,
    0, 0, 0, 0, 0, 0, 0, 0,
    0, -8, 0, 0, 0, 0, 0, 0,
    0, 0, 0, 0, 0, 0, 0, 0,
    0, 0, 0, 0, 0, 0, 0, 0,
    -16, 0, 0, 0, 0, 0, 0, 0,
    0, 0, 0, 0, 0, 0, 0, 0,
    0, 0, 0, 0, 0, 0, 0, 0,
    0, 0, 0, 0, 0, 0, 0, -8,
    0, 0, 0, -12, 0, 0, 0, 0,
    0, 0, 0, 0, 0, 0, 0, 0,
    0, 0, 0, 0, 0, 0, 0, 0,
    0, 0, 0, 0, 0, 0, 0, 0,
    0, 0, 0, 0, 0, 0, 0, 0,
    0, 0, 0, 0, 0, 0, 0, 0,
    0, 0, 0, 0, 0, 0, 0, 0,
    0, 0, 0, 0, 0, 0, 0, 0,
    0, 0, 0, 0, 0, 0, 0, 0,
    0, 0, 0, 0, 0, 0, 0, 0,
    0, 0, 0, 0, 0, -13, -13, -26,
    -19, -26, 0, 0, 0, 0, 0, 0,
    0, 0, 0, 0, 0, 0, 0, 0,
    0, 0, 0, 0, 0, 0, -22, 0,
    0, 0, 0, 0, 0, 0, 0, 0,
    0, 0, 0, 0, 0, 0, -5, -9,
    -9, 0, -9, 0, 0, -16, -42, 0,
    -33, -30, 0, -44, 0, 0, 0, 0,
    0, -10, 0, 0, 0, 0, 0, 0,
    0, 0, 0, 0, 0, 0, -11, 0,
    0, 0, 0, 0, 0, 0, 0, 0,
    0, 0, 0, 0, 0, 0, 0, 0,
    0, 0, 0, 0, 0, 0, 0, 0,
    0, 0, 0, 0, 0, 0, 0, 0,
    0, 0, 0, 0, 0, 0, 0, 0,
    0, 0, 0, 0, 0, 0, 0, 0,
    0, 0, 0, 0, 0, 0, 0, 0,
    0, 0, 0, 0, 0, 0, 0, 0,
    0, 0, 0, 0, 0, 0, 0, 0,
    0, 0, 0, 0, 0, 0, 0, 0,
    0, 0, 0, 0, 0, 0, 0, 0,
    0, 0, 0, 0, 0, 0, 0, 0,
    0, 0, 0, 0, 0, 0, 0, 0,
    0, 0, 0, 0, -14, -11, 0, 0,
    -8, 0, -11, -25, -15, -10, -29, -45,
    -41, -45, -43, -17, -5, -8, -12, -40,
    -17, -17, -4, -13, -9, -22, 0, 0,
    0, 0, 0, -43, -10, -18, -18, -42,
    -18, -18, -10, -16, -5, -8, -7, -9,
    -12, -6, -12, 0, -12, 0, -45, -29,
    -28, -28, -28, -10, -28, -10, -11, 0,
    -28, -28, 0, -25, -10, -20, -11, -12,
    -21, -11, -20, 0, 0, 0, 0, 0,
    0, 0, 0, -43, 0, 0, 0, -29,
    0, -43, -43, -43, -18, -10, -4, 0,
    0, 0, -18, -8, -6, -21, -22, -29,
    -22, -22, -22, -22, -29, -28, -28, -28,
    -25, 1, -11, 4, 0, 0, -28, -25,
    0, -19, -19, -19, -19, -11, -11, -11,
    -22, -22, -29, -28, -28, 0, -28, -28,
    -25, -28, 0, 0, -10, 0, 0, -11,
    -21, -10, 0, 0, -21, -21, -11, -16,
    -25, -25, -15, -5, -10, -19, -19, -19,
    -19, -19, -9, -12, -6, -11, -12, -20,
    -20, -42, -42, -12, -11, -12, 0, 0,
    0, 0, -15, -14, -35, -28, -20, -32,
    -14, -39, -10, -22, -46, -28, -49, -28,
    -13, -31, -26, -20, -25, -37, -22, -31,
    -8, -25, -24, -27, -45, -38, -34, -27,
    -37, -22, -13, -34, -34, -20, -34, -34,
    -13, -28, -10, -13, -11, -13, -11, -7,
    -13, 0, -10, -36, 0, -32, -34, -33,
    -34, -30, -16, -13, 0, 0, -34, -33,
    0, -32, -32, -34, -32, -34, -24, -27,
    -25, 0, -51, 0, -34, -23, -22, -35,
    0, -45, -35, -21, 0, -36, 0, -22,
    -22, -22, -34, -13, -1, 0, -16, -38,
    -30, -13, -7, -27, -20, -32, -20, -20,
    -20, -20, -32, -34, -34, -34, -25, -13,
    -13, -7, 0, -27, -34, -25, -27, -34,
    -34, -34, -26, -27, -13, -27, -20, -20,
    -32, -34, -33, -16, -34, -34, -25, -16,
    -15, 0, -13, 0, 0, -5, -27, -13,
    -14, -18, -27, -27, -13, -28, -32, -32,
    -14, -10, -32, -34, -34, -34, -34, -34,
    -13, -34, -7, -27, -13, -25, -13, -49,
    -49, -25, -15, -25, -13, -14, -42, -27,
    -16, -25, 0, 0, 0, 0, -25, -14,
    -38, -21, -14, -25, -18, -25, -25, -5,
    -11, -12, -11, -10, -10, -5, -25, -7,
    -7, -12, 0, -13, 0, 0, 0, -19,
    -9, -6, -6, -16, -6, -6, -9, -11,
    -26, -8, -23, -24, -26, -30, -20, 0,
    -32, -24, 0, -10, -6, -6, -6, -7,
    -6, -10, -10, 0, -6, -6, 0, -7,
    -7, -9, -8, -9, -18, -8, -13, -30,
    0, 0, 0, 0, 0, 0, 0, -16,
    0, 0, 0, -19, 0, -19, -19, -19,
    -6, -9, 0, 0, 0, -16, 0, -8,
    -30, -10, -10, -10, -10, -10, -10, -10,
    -10, -6, -6, -6, -6, -10, -10, 0,
    0, 0, -6, -6, 0, -9, -9, -9,
    -9, -8, -10, -8, -10, -10, -10, -6,
    -6, 0, -6, -6, -6, -6, 0, 0,
    -9, 0, 0, -10, -10, -10, 0, 0,
    -10, -10, -10, -11, -7, -7, -7, -26,
    -7, -9, -9, -9, -9, -9, -24, -9,
    -30, -8, -20, -13, -13, -18, -18, -19,
    -21, -19, -20, 0, 0, 0, -13, -10,
    0, 0, 0, 0, -10, -21, -22, -7,
    0, -48, -45, -48, -41, -11, -2, -4,
    -7, -39, -15, -11, -4, -8, -4, -18,
    0, 0, 0, 0, 0, -41, -8, -12,
    -12, -45, -12, -12, -8, -11, -6, -7,
    -9, -10, -17, -10, -13, 0, -14, 0,
    0, -26, -27, -26, -27, -4, -26, -8,
    -9, 0, -27, -26, 0, -23, -4, -14,
    -3, -7, -16, -3, -13, 0, 0, 0,
    0, 0, 0, 0, 0, -42, 0, 0,
    0, -27, 0, -41, -41, -41, -12, -8,
    0, 0, 0, 0, 0, -7, -10, 0,
    0, -26, 0, 0, 0, 0, -26, -27,
    -27, -27, 0, -9, -9, 0, 0, 0,
    -27, 0, 0, -14, -14, -14, -14, -3,
    -9, -3, 0, 0, -26, -27, -26, 0,
    -27, -27, 0, -26, 0, 0, -8, 0,
    0, -9, 0, -8, 0, 0, 0, 0,
    -9, -11, -23, -23, -23, -6, -4, -14,
    -14, -14, -14, -14, -10, -7, -10, -3,
    -13, -13, -13, -47, -47, -8, -11, -8,
    0, 0, 0, 0, -18, -29, 0, 0,
    0, 0, -29, -15, -46, -26, -10, -48,
    -20, -48, -32, -6, -13, -27, -26, -17,
    -13, -6, -41, -14, -10, -11, 0, -16,
    0, 0, 0, -30, -11, -6, -6, -39,
    -6, -6, -11, -20, -42, -10, -29, -26,
    -45, -38, -37, 0, -43, 0, 0, -13,
    -8, -8, -8, -7, -7, -12, -12, 0,
    -8, -8, 0, -8, -7, -11, -8, -8,
    -22, -8, -18, 0, 0, 0, 0, 0,
    0, 0, 0, -19, 0, 0, 0, -14,
    0, -30, -30, -30, -6, -11, 0, 0,
    0, 0, 0, -10, -38, 0, -13, -13,
    -13, -13, -13, -13, -13, -8, -8, -8,
    -8, -12, -12, 0, 0, 0, -8, -8,
    0, -11, -11, -11, -11, -8, -12, -8,
    -13, -13, -13, -8, -8, 0, -8, -8,
    -8, -7, 0, 0, -11, 0, 0, -12,
    0, -12, 0, 0, 0, 0, -12, -20,
    -8, -8, -8, -42, -7, -11, -11, -11,
    -11, -11, -26, -8, -38, -8, -37, -18,
    -18, 0, 0, -22, -23, -22, 0, 0,
    0, 0, -15, -48, 0, 0, 0, 0,
    -48, -24, -28, -48, 0, -13, -29, -13,
    -15, -19, -37, -6, -13, -16, -13, -19,
    -33, -13, -16, -11, 0, 0, 0, 0,
    0, -10, -13, -22, -22, -3, -22, -22,
    -13, -15, -48, -20, -48, -43, -12, -48,
    -11, 0, -21, 0, 0, -11, -14, -14,
    -14, -21, -14, 0, -13, 0, -14, -14,
    0, -9, -26, -16, -32, -28, -12, -32,
    -11, 0, 0, 0, 0, 0, 0, 0,
    0, -25, 0, 0, 0, -18, 0, -10,
    -10, -10, -22, -13, 0, 0, 0, 0,
    0, -20, -48, 0, 0, -11, 0, 0,
    0, 0, -11, -14, -14, -14, 0, -13,
    -13, 0, 0, 0, -14, 0, 0, -16,
    -16, -16, -16, -32, -13, -32, 0, 0,
    -11, -14, -14, 0, -14, -14, 0, -14,
    0, 0, -13, 0, 0, -13, 0, 0,
    0, 0, 0, 0, -13, -15, -9, -9,
    -9, -48, -26, -16, -16, -16, -16, -16,
    -43, -28, -48, -32, -11, -11, -11, -30,
    -30, -48, -48, -48, -48, 0, 0, 0,
    -23, -50, 0, -15, 0, 0, -41, -18,
    -49, -45, -20, -29, -15, -29, -29, -9,
    -37, -28, -14, -10, -16, -9, -42, -10,
    -17, -22, 0, 0, 0, -51, 0, -25,
    -14, -10, -10, -33, -10, -10, -14, -15,
    -55, -13, -37, -33, -36, -55, -27, 0,
    -48, 0, 0, -17, -7, -7, -7, -18,
    -7, -15, -15, 0, -7, -7, 0, -15,
    -20, -14, -20, -18, -36, -20, -26, -38,
    0, 0, 0, 0, 0, 0, 0, -15,
    0, 0, 0, -27, 0, -25, -25, -25,
    -10, -14, -14, -14, 0, 0, -10, -13,
    -55, -15, -17, -17, -17, -17, -17, -17,
    -17, -7, -7, -7, -7, -15, -15, -15,
    -15, 0, -7, -7, -7, -14, -14, -14,
    -14, -20, -15, -20, -17, -17, -17, -7,
    -7, -7, -7, -7, -7, -7, -17, -15,
    -14, 0, -14, -15, -15, -15, -4, 0,
    -15, -15, -15, -15, -15, -15, -15, -55,
    -20, -14, -14, -14, -14, -14, -33, -18,
    -55, -20, -27, -26, -26, 0, 0, -39,
    -40, -39, -49, -37, 0, 0, -15, -48,
    0, 0, 0, 0, -48, -24, -28, -48,
    0, -13, -29, -13, -15, -19, -37, -6,
    -13, -16, -13, -19, -33, -13, -16, -11,
    0, 0, 0, -44, 0, -10, -13, -22,
    -22, -3, -22, -22, -13, -15, -48, -20,
    -48, -43, -12, -48, -11, 0, -21, 0,
    0, -11, -14, -14, -14, -21, -14, 0,
    -13, 0, -14, -14, 0, -9, -26, -16,
    -32, -28, -12, -32, -11, 0, 0, 0,
    0, 0, 0, 0, -48, -25, 0, 0,
    -48, -18, 0, -10, -10, -10, -22, -13,
    0, 0, 0, 0, 0, -20, -48, 0,
    0, -11, 0, 0, 0, 0, -11, -14,
    -14, -14, 0, -13, -13, 0, 0, 0,
    -14, 0, 0, -16, -16, -16, -16, -32,
    -13, -32, 0, 0, -11, -14, -14, 0,
    -14, -14, 0, -14, 0, 0, -13, 0,
    0, -13, 0, 0, 0, 0, 0, 0,
    -13, -15, -9, -9, -9, -48, -26, -16,
    -16, -16, -16, -16, -43, -28, -48, -32,
    -11, -11, -11, -30, -30, -48, -48, -48,
    -48, 0, 0, 0, -14, -11, 0, -18,
    -12, 0, -11, -27, -10, -13, -29, -48,
    -37, -48, -49, -17, -10, -14, -16, -32,
    -16, -17, -4, -15, -12, -25, 0, 0,
    0, 0, 0, -44, -10, -19, -19, -37,
    -19, -19, -10, -18, -5, -7, -6, -8,
    -11, -3, -11, 0, -8, 0, 0, -29,
    -26, -26, -26, -15, -26, -10, -11, 0,
    -26, -26, 0, -26, -15, -23, -14, -17,
    -24, -14, -24, 0, 0, 0, 0, 0,
    0, 0, 0, -37, 0, 0, 0, -30,
    0, -44, -44, -44, -19, -10, 0, 0,
    0, 0, -19, -7, -3, -22, -19, -29,
    -19, -19, -19, -19, -29, -26, -26, -26,
    -19, -11, -11, 0, 0, 0, -26, -19,
    -26, -23, -23, -23, -23, -14, -11, -14,
    -19, -19, -29, -26, -26, 0, -26, -26,
    -19, -26, 0, 0, -10, 0, 0, -11,
    -22, -10, 0, 0, -22, -22, -11, -18,
    -26, -26, -26, -5, -15, -23, -23, -23,
    -23, -23, -8, -17, -3, -14, -11, -24,
    -24, -37, -37, -16, -11, -16, 0, 0,
    0, 0, -8, -17, 0, 0, -5, 0,
    -17, -5, -31, -10, -6, -20, -10, -20,
    -20, 4, -1, -2, -2, -2, -1, 5,
    -15, 1, 2, -6, 0, 0, 0, 0,
    0, -15, 0, 4, 4, -13, 4, 4,
    0, -1, -15, 0, -15, -14, -21, -18,
    -14, 0, -23, -16, -39, -3, 0, 0,
    0, 0, 0, -1, -2, 0, 0, 0,
    0, 0, 0, -1, -1, -1, -11, -1,
    -7, -23, -8, 0, 0, 0, 0, 0,
    0, -9, 0, -12, -8, -10, 0, -15,
    -15, -15, 4, 0, 0, 0, 0, -8,
    0, 0, -18, -2, -3, -3, -3, -3,
    -3, -3, -3, 0, 0, 0, 0, -2,
    -2, 3, 0, 0, 0, 0, 0, -1,
    -1, -1, -1, -1, -2, -1, -3, -3,
    -3, 0, 0, 0, 0, 0, 0, 0,
    0, 0, 0, 0, 0, -2, -2, -1,
    0, 0, -2, -2, -2, -1, 0, 0,
    0, -15, 0, -1, -1, -1, -1, -1,
    -14, -1, -18, -1, -14, -7, -7, -10,
    -10, -9, -12, -9, 0, 0, 0, 0,
    -7, -10, 0, 0, -2, 0, -10, -9,
    -13, -8, -11, -13, -14, -13, -13, 0,
    -1, 0, 0, -2, -2, 0, -2, -1,
    1, -5, 0, 0, 0, 0, 0, -5,
    -4, 0, 0, 0, 0, 0, 0, 0,
    0, 0, 0, 0, 0, 0, 0, 0,
    -11, 0, 0, -4, 0, 0, 0, 0,
    0, 0, 0, 0, 0, 0, 0, -1,
    0, 0, 0, 0, -8, 0, 0, -11,
    0, 0, 0, 0, 0, 0, -6, -12,
    0, -8, -7, -12, 0, 0, 0, 0,
    0, 0, 0, 0, 0, -10, 0, 0,
    0, 0, 0, 0, 0, 0, 0, 0,
    0, 0, 0, 0, 0, 0, 0, 0,
    0, 0, 0, 0, 0, 0, 0, 0,
    0, 0, 0, 0, 0, 0, 0, 0,
    0, 0, 0, 0, 0, 0, 0, 0,
    0, 0, 0, 0, 0, 0, 0, 0,
    0, 0, 0, 0, 0, 0, 0, 0,
    0, 0, 0, 0, 0, 0, 0, 0,
    0, 0, 0, 0, 0, -14, -14, -10,
    -10, -10, 0, 0, 0, 0, -2, -9,
    0, 0, 3, 0, -9, -8, -18, -4,
    -11, -5, -23, -5, -4, 1, 2, 4,
    0, -4, 0, 1, -2, 1, 6, -1,
    0, 0, 0, 0, 0, 0, 0, 0,
    0, 0, 0, 0, 0, 0, 0, 0,
    0, 0, 0, 0, 0, 0, -8, 0,
    0, 0, 0, 0, 0, 0, 0, 0,
    0, 0, 0, 0, 0, 0, 0, 0,
    0, 0, 0, 0, 0, 0, 0, 0,
    0, 0, 0, 0, 0, -21, 0, 0,
    0, -7, 0, 0, 0, 0, 0, 0,
    0, 0, 0, 0, 0, 0, 0, 0,
    0, 0, 0, 0, 0, 0, 0, 0,
    0, 0, 0, 0, 0, 0, 0, 0,
    0, 0, 0, 0, 0, 0, 0, 0,
    0, 0, 0, 0, 0, 0, 0, 0,
    0, 0, 0, 0, 0, 0, 0, 0,
    0, 0, 0, 0, 0, 0, 0, 0,
    0, 0, 0, 0, 0, 0, 0, 0,
    0, 0, 0, 0, 0, 0, 0, 0,
    0, 0, 0, -23, -23, -5, -7, -5,
    0, 0, 0, 0, -5, -12, 0, 0,
    -3, 0, -12, -6, -24, -7, -13, -12,
    -9, -12, -14, 2, 0, 2, 3, 0,
    0, 2, -5, 6, 4, -6, 0, 0,
    0, 0, 0, -7, 0, 2, 0, 0,
    0, 0, 0, 0, 0, 0, 0, 0,
    -10, 0, 0, 0, -16, 0, 0, 0,
    0, 0, 0, 0, 0, 0, 0, 0,
    0, 0, 0, 0, 0, 0, 0, 0,
    -9, 0, 0, -15, 0, 0, 0, 0,
    0, 0, -5, -7, 0, -7, -5, -13,
    0, 0, 0, 0, 0, 0, 0, 0,
    0, -5, 0, 0, 0, 0, 0, 0,
    0, 0, 0, 0, 0, 0, 0, 0,
    0, 0, 0, 0, 0, 0, 0, 0,
    0, 0, 0, 0, 0, 0, 0, 0,
    0, 0, 0, 0, 0, 0, 0, 0,
    0, 0, 0, 0, 0, 0, 0, 0,
    0, 0, 0, 0, 0, 0, 0, 0,
    0, 0, 0, 0, 0, 0, 0, 0,
    0, 0, 0, 0, 0, 0, 0, 0,
    0, -10, -10, -9, -10, -9, 0, 0,
    0, 0, -10, -19, 0, 0, -11, 0,
    -19, -8, -22, -18, -17, -11, -11, -11,
    -14, 0, -8, -2, 0, 1, 0, 0,
    -11, 1, 0, -8, 0, 0, 0, 0,
    0, -7, 0, 0, 0, 0, 0, 0,
    0, 0, -12, 0, -12, -12, -11, -12,
    0, 0, -20, 0, 0, 0, 0, 0,
    0, 0, 0, 0, 0, 0, 0, 0,
    0, 0, -7, 0, 0, 0, -15, -8,
    0, -17, 0, 0, 0, 0, 0, 0,
    -15, -5, 0, -18, -16, -14, 0, 0,
    0, 0, 0, 0, 0, 0, 0, -6,
    0, 0, 0, 0, 0, 0, 0, 0,
    0, 0, 0, 0, 0, 0, 0, 0,
    0, 0, 0, 0, 0, 0, 0, 0,
    0, 0, 0, 0, 0, 0, 0, 0,
    0, 0, 0, 0, 0, 0, 0, 0,
    0, 0, 0, 0, 0, 0, 0, 0,
    0, 0, 0, 0, 0, 0, 0, 0,
    0, 0, 0, 0, 0, 0, 0, 0,
    0, 0, 0, 0, 0, 0, 0, -11,
    -11, -18, -18, -18, 0, 0, 0, 0,
    -8, -15, 0, 0, -11, 0, -15, -7,
    -17, -15, -10, -13, -8, -13, -15, 0,
    -10, -4, 0, 0, 0, 0, -4, 0,
    -1, -8, 0, 0, 0, 0, 0, -8,
    0, 0, 0, 0, 0, 0, 0, 0,
    0, 0, 0, 0, 0, 0, 0, 0,
    -15, -29, 0, 0, 0, 0, 0, 0,
    0, 0, 0, 0, 0, 0, 0, 0,
    -7, 0, -8, 0, -15, 0, 0, -13,
    0, 0, 0, 0, 0, 0, -15, -7,
    0, -15, -14, -14, 0, 0, 0, 0,
    0, 0, 0, 0, 0, -8, 0, 0,
    0, 0, 0, 0, 0, 0, 0, 0,
    0, 0, 0, 0, 0, 0, 0, 0,
    0, 0, 0, 0, 0, 0, 0, 0,
    0, 0, 0, 0, 0, 0, 0, 0,
    0, 0, 0, 0, 0, 0, 0, 0,
    0, 0, 0, 0, 0, 0, 0, 0,
    0, 0, 0, 0, 0, 0, 0, 0,
    0, 0, 0, 0, 0, 0, 0, 0,
    0, 0, 0, 0, 0, -9, -9, -18,
    -15, -18, 0, 0, 0, 0, -6, -12,
    0, 0, -5, 0, -12, -6, -25, -8,
    -11, -12, -7, -12, -14, 2, 0, 1,
    2, 0, 0, 4, -6, 6, 2, -7,
    0, 0, 0, 0, 0, -8, 0, 0,
    0, 0, 0, 0, 0, 0, -7, 0,
    0, 0, 0, 0, 0, 0, -17, 0,
    0, 0, 0, 0, 0, 0, 0, 0,
    0, 0, 0, 0, 0, 0, 0, 0,
    0, 0, -9, 0, 0, 0, 0, 0,
    0, 0, 0, 0, 0, -6, 0, -7,
    -6, -14, 0, 0, 0, 0, 0, 0,
    0, 0, 0, 0, 0, 0, 0, 0,
    0, 0, 0, 0, 0, 0, 0, 0,
    0, 0, 0, 0, 0, 0, 0, 0,
    0, 0, 0, 0, 0, 0, 0, 0,
    0, 0, 0, 0, 0, 0, 0, 0,
    0, 0, 0, 0, 0, 0, 0, 0,
    0, 0, 0, 0, 0, 0, 0, 0,
    0, 0, 0, 0, 0, 0, 0, 0,
    0, 0, 0, 0, 0, 0, 0, 0,
    0, 0, 0, -8, -8, -10, -12, -10,
    0, 0, 0, 0, -7, -3, 0, 0,
    -2, 0, -3, -21, -8, -3, -28, -48,
    -39, -48, -41, -8, 0, -1, -4, -32,
    -8, -8, 3, -5, -2, -22, 0, 0,
    0, 0, 0, -39, -1, -10, -10, -33,
    -10, -10, -1, -8, 2, 0, 0, 0,
    -1, 1, -1, 0, -4, 0, -47, -29,
    -26, -26, -26, -10, -25, -2, -4, 0,
    -26, -26, 0, -25, -10, -19, -12, -13,
    -21, -12, -19, 0, -34, 0, 0, 0,
    0, 0, 0, -38, 0, -2, 0, -29,
    0, -39, -39, -39, -10, -1, 0, 0,
    0, -16, 0, 0, 1, -20, -24, -29,
    -24, -24, -24, -24, -29, -26, -26, -26,
    -17, -4, -4, 0, 0, 0, -26, -17,
    0, -19, -19, -19, -19, -12, -4, -12,
    -24, -24, -29, -26, -26, 0, -26, -26,
    -17, -25, 0, 0, -1, 0, 0, -4,
    -20, -2, 0, 0, -20, -20, -4, -8,
    -25, -25, -25, 2, -10, -19, -19, -19,
    -19, -19, 0, -13, 1, -12, -1, -19,
    -19, -39, -39, -5, -3, -5, 0, 0,
    0, 0, -7, -13, 0, 0, -4, 0,
    -13, -7, -25, -8, -14, -12, -10, -12,
    -15, 1, 0, 0, 2, 0, 0, 1,
    -7, 5, 3, -7, 0, 0, 0, 0,
    0, -8, 0, 0, 0, 0, 0, 0,
    0, 0, -8, 0, 0, 0, 0, 0,
    0, 0, -17, 0, 0, 0, 0, 0,
    0, 0, 0, 0, 0, 0, 0, 0,
    0, 0, -2, 0, 0, 0, -10, 0,
    0, 0, 0, 0, 0, 0, 0, 0,
    0, -7, 0, -8, -6, -14, 0, 0,
    0, 0, 0, 0, 0, 0, 0, 0,
    0, 0, 0, 0, 0, 0, 0, 0,
    0, 0, 0, 0, 0, 0, 0, 0,
    0, 0, 0, 0, 0, 0, 0, 0,
    0, 0, 0, 0, 0, 0, 0, 0,
    0, 0, 0, 0, 0, 0, 0, 0,
    0, 0, 0, 0, 0, 0, 0, 0,
    0, 0, 0, 0, 0, 0, 0, 0,
    0, 0, 0, 0, 0, 0, 0, 0,
    0, 0, 0, 0, 0, 0, 0, -11,
    -11, -10, -11, -10, 0, 0, 0, 0,
    -8, -17, 0, 0, -5, 0, -17, -5,
    -31, -10, -6, -20, -10, -20, -20, 4,
    -1, -2, -1, -2, -1, 4, -13, 1,
    2, -6, 0, 0, 0, 0, 0, -15,
    0, 4, 4, -13, 4, 4, 0, -1,
    -15, 0, -15, -14, -21, -18, -14, 0,
    -23, 0, -38, -3, 0, 0, 0, 0,
    0, -1, -2, 0, 0, 0, 0, 0,
    0, -1, -1, -1, -11, -1, -7, -21,
    0, 0, 0, 0, 0, 0, 0, -9,
    0, -11, -7, -10, 0, -15, -15, -15,
    4, 0, 0, 0, 0, -8, 0, 0,
    -18, -2, -3, -3, -3, -3, -3, -3,
    -3, 0, 0, 0, 0, -2, -2, 0,
    0, 0, 0, 0, 0, -1, -1, -1,
    -1, -1, -2, -1, -3, -3, -3, 0,
    0, 0, 0, 0, 0, 0, 0, 0,
    0, 0, 0, -2, -2, -1, 0, 0,
    -2, -2, -2, -1, 0, 0, 0, -15,
    0, -1, -1, -1, -1, -1, -14, -1,
    -18, -1, -14, -7, -7, -10, -10, -9,
    -12, -9, 0, 0, 0, 0, 0, -22,
    0, 0, 0, 0, 0, -14, -26, 0,
    0, 0, 0, 0, 0, -6, -8, 0,
    -9, -12, -8, 0, -31, 0, 0, 0,
    0, 0, 0, 0, 0, 0, 0, 0,
    0, 0, 0, 0, 0, 0, -43, 0,
    -24, 0, 0, -31, 0, 0, 0, 0,
    0, 0, 0, 0, 0, 0, 0, 0,
    0, 0, 0, 0, 0, 0, 0, 0,
    0, 0, 0, 0, 0, 0, 0, 0,
    0, 0, 0, 0, 0, 0, 0, 0,
    0, 0, 0, 0, 0, 0, 0, 0,
    0, 0, 0, 0, 0, 0, 0, 0,
    0, 0, 0, 0, 0, 0, 0, 0,
    0, 0, 0, 0, 0, 0, 0, 0,
    0, 0, 0, 0, 0, 0, 0, 0,
    0, 0, 0, 0, 0, 0, 0, 0,
    0, 0, 0, 0, 0, 0, 0, 0,
    0, 0, 0, 0, 0, 0, 0, 0,
    0, 0, 0, 0, 0, 0, 0, 0,
    0, 0, 0, 0, 0, 0, 0, 0,
    0, 0, 0, 0, 0, 0, 0, 0,
    0, 0, 0, 0, 0, 0, 0, 0,
    0, 0, 0, 0, -18, 0, 0, 0,
    0, 0, 0, 0, 0, 0, 0, 0,
    0, 0, 0, 0, 0, 0, 0, 0,
    0, 0, 0, 0, 0, 0, 0, 0,
    0, 0, 0, 0, 0, 0, 0, 0,
    0, 0, 0, 0, 0, 0, 0, 0,
    0, 0, 0, 0, 0, 0, 0, 0,
    0, 0, 0, 0, 0, 0, 0, 0,
    0, 0, 0, 0, 0, 0, 0, 0,
    0, 0, 0, 0, 0, 0, 0, 0,
    0, 0, 0, 0, 0, 0, 0, 0,
    0, 0, 0, 0, 0, 0, 0, 0,
    0, 0, 0, 0, 0, 0, 0, 0,
    0, 0, 0, 0, 0, 0, 0, 0,
    0, 0, 0, 0, 0, 0, 0, 0,
    0, 0, 0, 0, 0, 0, 0, 0,
    0, 0, 0, 0, 0, 0, 0, 0,
    0, 0, 0, 0, 0, 0, 0, 0,
    0, 0, 0, 0, 0, 0, 0, 0,
    0, 0, 0, 0, 0, 0, 0, 0,
    0, 0, 0, 0, 0, 0, 0, 0,
    0, 0, 0, 0, 0, 0, 0, 0,
    0, 0, -34, 0, 0, 0, 0, 0,
    0, 0, 0, 0, 0, 0, 0, 0,
    0, 0, 0, 0, -18, 0, 0, 0,
    0, 0, 0, 0, 0, -17, 0, 0,
    0, 0, -18, 0, 0, 0, -26, -21,
    -16, 0, 0, 0, 0, 0, 0, 0,
    0, 0, 0, 0, 0, 0, 0, 0,
    0, 0, 0, 0, 0, 0, 0, 0,
    0, 0, 0, 0, 0, 0, 0, 0,
    0, 0, 0, 0, 0, 0, 0, 0,
    0, 0, 0, 0, 0, 0, 0, 0,
    0, 0, 0, 0, 0, 0, 0, 0,
    0, 0, 0, 0, 0, 0, 0, 0,
    0, 0, 0, 0, 0, 0, 0, 0,
    0, 0, 0, 0, 0, 0, 0, 0,
    0, 0, 0, 0, 0, 0, 0, 0,
    0, 0, 0, 0, 0, 0, 0, 0,
    0, 0, 0, 0, 0, 0, 0, 0,
    0, 0, 0, 0, 0, 0, 0, 0,
    0, 0, 0, 0, 0, 0, 0, 0,
    0, 0, 0, 0, 0, 0, 0, 0,
    0, -18, 0, 0, 0, 0, -18, -14,
    -38, 0, 0, 0, 0, 0, 0, 0,
    -6, 0, -10, -7, -10, 0, -27, 0,
    0, 0, 0, -6, 0, 0, 0, -24,
    -8, 0, 0, -34, 0, 0, 0, -9,
    -31, 0, -21, -20, -33, -28, -26, 0,
    -38, 0, 0, -14, 0, 0, 0, 0,
    0, 0, 0, 0, 0, 0, 0, -10,
    0, 0, 0, 0, -13, 0, 0, 0,
    0, 0, 0, 0, 0, 0, 0, 0,
    0, 0, 0, 0, 0, 0, 0, 0,
    0, 0, 0, 0, 0, 0, 0, 0,
    0, 0, 0, 0, 0, 0, 0, 0,
    0, 0, 0, 0, 0, 0, 0, 0,
    0, 0, 0, 0, 0, 0, 0, 0,
    0, 0, 0, 0, 0, 0, 0, 0,
    0, 0, 0, 0, 0, 0, 0, 0,
    0, 0, 0, 0, 0, 0, 0, 0,
    0, 0, 0, 0, 0, 0, 0, 0,
    0, 0, 0, 0, 0, 0, 0, 0,
    0, 0, 0, 0, 0, 0, 0, 0,
    0, 0, 0, 0, 0, 0, 0, 0,
    0, 0, 0, 0, 0, 0, -45, 0,
    0, 0, 0, 0, 0, 0, 0, 0,
    0, 0, 0, 0, -46, 0, 0, 0,
    0, 0, -18, 0, 0, -30, 0, 0,
    0, -46, 0, 0, 0, -19, -49, 0,
    -28, -25, -43, -38, -37, 0, 0, 0,
    0, 0, 0, 0, 0, 0, 0, 0,
    0, 0, 0, 0, 0, 0, 0, 0,
    0, 0, -20, 0, 0, 0, 0, 0,
    0, 0, 0, 0, 0, 0, 0, 0,
    0, 0, 0, 0, 0, 0, 0, 0,
    0, 0, 0, 0, 0, 0, 0, 0,
    0, 0, 0, 0, 0, 0, 0, 0,
    0, 0, 0, 0, 0, 0, 0, 0,
    0, 0, 0, 0, 0, 0, 0, 0,
    0, 0, 0, 0, 0, 0, 0, 0,
    0, 0, 0, 0, 0, 0, 0, 0,
    0, 0, 0, 0, 0, 0, 0, 0,
    0, 0, 0, 0, 0, 0, 0, 0,
    0, 0, 0, 0, 0, 0, 0, 0,
    0, 0, 0, 0, 0, 0, 0, 0,
    0, 0, 0, 0, -9, -6, 0, 0,
    0, 0, -6, -16, -22, -2, 0, -39,
    -33, -39, -34, 0, 0, 0, 0, 0,
    0, 0, 0, 0, 0, -10, 0, 0,
    0, 0, 0, -32, -4, -5, -5, -30,
    -5, -5, -4, -6, -3, -2, -7, -8,
    -14, -8, -11, 0, -14, 0, 0, -18,
    -18, -17, -18, -1, -17, -4, -6, 0,
    -18, -17, 0, -13, -1, -9, 0, 0,
    -10, 0, -8, 0, 0, 0, 0, 0,
    0, 0, 0, -36, 0, 0, 0, -19,
    0, -32, -32, -32, -5, -4, 0, 0,
    0, 0, 0, -2, -8, 0, 0, -18,
    0, 0, 0, 0, -18, -18, -18, -18,
    0, -6, -6, 0, 0, 0, -18, 0,
    0, -9, -9, -9, -9, 0, -6, 0,
    0, 0, -18, -18, -17, 0, -18, -18,
    0, -17, 0, 0, -4, 0, 0, -6,
    0, -4, 0, 0, 0, 0, -6, -6,
    -13, -13, -13, -3, -1, -9, -9, -9,
    -9, -9, -8, 0, -8, 0, -11, -8,
    -8, -34, -34, -4, -6, -4, 0, 0,
    0, 0, 0, 0, 0, 0, 0, 0,
    0, 0, -31, 0, 0, 0, 0, 0,
    0, 0, 0, 0, 0, 0, 0, 0,
    0, 0, 0, 0, 0, 0, 0, 0,
    0, -24, 0, 0, 0, -29, 0, 0,
    0, 0, -17, 0, 0, 0, -24, 0,
    -20, 0, 0, 0, 0, -9, 0, -5,
    0, 0, -5, 0, 0, 0, 0, 0,
    0, -5, 0, 0, 0, 0, 0, 0,
    0, 0, 0, 0, 0, 0, 0, 0,
    0, 0, 0, 0, 0, 0, 0, 0,
    0, 0, 0, 0, 0, 0, 0, 0,
    0, 0, 0, 0, 0, 0, 0, 0,
    0, 0, 0, 0, 0, 0, 0, 0,
    0, 0, 0, 0, 0, 0, 0, 0,
    0, 0, 0, 0, 0, 0, 0, 0,
    0, 0, 0, 0, 0, 0, 0, 0,
    0, 0, 0, 0, 0, 0, 0, 0,
    0, 0, 0, 0, 0, 0, 0, 0,
    0, 0, 0, 0, 0, 0, 0, 0,
    0, 0, 0, 0, 0, 0, 0, 0,
    0, 0, 0, 0, 0, 0, 0, 0,
    -11, -43, 0, -13, 0, -10, -43, -19,
    -22, -41, -30, -10, -25, -10, -8, -13,
    -26, 0, -10, -9, -10, -13, -26, -8,
    -11, -7, -30, -24, 0, -37, 0, 0,
    -5, -16, -16, 0, -16, -16, -5, -12,
    -42, -15, -42, -38, -1, -44, -2, -43,
    -13, -42, -18, -8, -11, -10, -11, -15,
    -8, -8, -8, 0, -11, -10, 0, -7,
    -20, -13, -25, -23, -1, -25, -4, 0,
    -28, 0, 0, 0, 0, 0, 0, -22,
    0, 0, 0, -16, 0, 0, 0, 0,
    -16, -5, -5, -5, 0, -23, 0, -15,
    -44, -8, -8, -8, -8, -8, -8, -8,
    -8, -11, -11, -11, -10, -8, -8, -8,
    -8, -12, -11, -10, 0, -13, -13, -13,
    -13, -25, -8, -25, -8, -8, -8, -11,
    -10, 0, -11, -11, -10, -8, 0, -8,
    -5, 0, 0, -8, -8, -8, 0, -9,
    -8, -8, -8, -12, -7, -7, -7, -42,
    -20, -13, -13, -13, -13, -13, -38, -23,
    -44, -25, -2, -4, -4, -26, -26, -39,
    -40, -39, -39, 0, 0, 0, -6, -13,
    0, 0, 0, 0, -13, -7, -25, -8,
    -14, -12, -11, -12, -14, 1, 0, 0,
    0, 0, 0, 1, -7, 5, 3, -7,
    0, 0, 0, -8, 0, -8, 0, 1,
    1, 0, 1, 1, 0, 1, -8, 0,
    -10, -11, -10, -14, -5, 0, -17, 0,
    -32, -2, 0, 0, 0, -2, 0, -1,
    -1, 0, 0, 0, 0, -1, -3, -1,
    -1, -3, -10, -1, -6, -16, 0, 0,
    0, 0, 0, 0, 0, -7, 0, 0,
    0, -13, 0, -8, -8, -8, 1, 0,
    0, 0, 0, 0, 0, 0, -14, -2,
    -2, -2, -2, -2, -2, -2, -2, 0,
    0, 0, 0, -1, -1, 6, 4, 0,
    0, 0, 0, -1, -1, -1, -1, -1,
    -1, -1, -2, -2, -2, 0, 0, 0,
    0, 0, 0, 0, 0, 3, 0, 3,
    0, -1, -2, -1, 0, 0, -2, -2,
    -1, 1, -1, -1, -1, -8, -3, -1,
    -1, -1, -1, -1, -11, -3, -14, -1,
    -5, -6, -6, -12, -12, -10, -12, -10,
    -11, 0, 0, 0, -9, -14, 0, 0,
    0, 0, -14, -9, -31, -8, -15, -18,
    -14, -18, -19, 1, -1, 0, 0, 0,
    0, 1, -14, 0, 0, -7, 0, -5,
    0, -8, 0, -13, 0, -1, -1, -8,
    -1, -1, 0, 0, -15, -1, -13, -12,
    -19, -19, -12, 0, -23, 0, -38, -7,
    -1, -1, -1, 0, -1, -3, -4, 0,
    -1, -1, 0, -6, 0, -5, 0, -1,
    -10, 0, -7, -21, 0, 0, 0, 0,
    0, 0, 0, -8, 0, 0, 0, -12,
    0, -13, -13, -13, -1, 0, 0, 0,
    0, 0, 0, -1, -19, -6, -6, -7,
    -6, -6, -6, -6, -7, -1, -1, -1,
    -1, -4, -4, 3, 0, 0, -1, -1,
    0, -5, -5, -5, -5, 0, -4, 0,
    -6, -6, -7, -1, -1, 0, -1, -1,
    -1, -1, 0, 0, 0, 0, 0, -4,
    -6, -3, 0, 0, -6, -6, -4, 0,
    -6, -6, -6, -15, 0, -5, -5, -5,
    -5, -5, -12, -1, -19, 0, -12, -7,
    -7, -14, -14, -7, -10, -7, -9, 0,
    0, 0, -8, -18, 0, 0, 0, -3,
    -18, -6, -35, -12, -6, -23, -10, -23,
    -21, 4, -1, 0, -4, 0, 0, 4,
    -19, 0, 0, -6, 0, 0, 0, -14,
    0, -17, 0, 1, 1, -17, 1, 1,
    0, -1, -20, 0, -16, -15, -25, -23,
    -17, 0, -28, 0, -45, -4, -1, -1,
    -1, 0, -1, -2, -2, 0, -1, -1,
    0, -1, 0, -2, -1, -2, -12, -1,
    -7, -24, 0, 0, 0, 0, 0, 0,
    0, -10, 0, 0, 0, -10, 0, -17,
    -17, -17, 1, 0, 0, 0, 0, 0,
    0, 0, -23, -3, -4, -4, -4, -4,
    -4, -4, -4, -1, -1, -1, -1, -2,
    -2, 3, 0, 0, -1, -1, 0, -2,
    -2, -2, -2, -1, -2, -1, -4, -4,
    -4, -1, -1, 0, -1, -1, -1, -1,
    0, 0, 0, 0, 0, -2, -3, -2,
    0, 0, -3, -3, -2, -1, -1, -1,
    -1, -20, 0, -2, -2, -2, -2, -2,
    -15, -2, -23, -1, -17, -7, -7, -10,
    -10, -11, -13, -11, -11, 0, 0, 0,
    -10, -12, 0, 0, 0, -10, -12, -19,
    -13, -12, -17, -11, -24, -11, -11, -10,
    -7, 0, -9, -10, -9, -10, 0, -8,
    -8, -9, 0, -20, 0, -15, -13, -4,
    -5, -11, -11, 1, -11, -11, -5, -12,
    -2, -6, -6, -8, -4, -4, -4, 0,
    -11, -26, -19, -9, -11, -11, -11, -12,
    -11, -4, -4, 0, -11, -11, 0, -7,
    -12, -13, -14, -14, -8, -14, -7, 0,
    -20, 0, 0, 0, 0, 0, 0, -24,
    0, 0, 0, -14, 0, -4, -4, -4,
    -11, -5, 0, -5, 0, -25, -7, -6,
    -4, -11, -8, -9, -8, -8, -8, -8,
    -9, -11, -11, -11, -10, -4, -4, 0,
    5, -12, -11, -10, 0, -13, -13, -13,
    -13, -14, -4, -14, -8, -8, -9, -11,
    -11, 0, -11, -11, -10, -11, 0, 0,
    -5, 0, 0, -4, -11, -4, 0, 0,
    -11, -11, -4, -12, -7, -7, -7, -2,
    -12, -13, -13, -13, -13, -13, -8, -14,
    -4, -14, -4, -7, -7, -25, -25, -15,
    -12, -15, -12, 0, 0, 0, -11, -7,
    -14, 0, 0, -14, -7, -17, -12, -8,
    -13, -45, -20, -45, -32, -6, -6, 0,
    -10, -12, -13, -6, 0, -8, -7, -17,
    0, -16, 0, -12, 0, -27, -3, -7,
    -7, -40, -7, -7, -3, -12, 0, -3,
    -1, -3, -6, -1, -5, 0, -8, -23,
    -75, -16, -7, -8, -7, -11, -8, -4,
    -5, 0, -7, -8, 0, -11, -11, -14,
    -13, -12, -27, -13, -21, 0, 0, 0,
    0, 0, 0, 0, 0, -17, 0, 0,
    0, -19, 0, -27, -27, -27, -7, -3,
    0, 0, 0, 0, -7, -3, -1, -15,
    -15, -16, -15, -15, -13, -15, -16, -7,
    -7, -7, -7, 2, -5, 2, 10, 0,
    -7, -7, -7, -14, -14, -14, -13, -13,
    -5, -13, -15, -15, -16, -7, -8, 0,
    -7, -7, -7, -8, 0, 0, -3, 0,
    0, -5, -15, -4, 0, 0, -15, -15,
    -5, -12, -11, -11, -11, 0, -11, -14,
    -14, -14, -14, -14, -3, -12, -1, -13,
    -5, -21, -21, -20, -20, -12, -8, -12,
    -7, 0, 0, 0, -7, -18, 0, 0,
    0, 0, -18, -7, -31, -12, -10, -14,
    -11, -14, -16, 2, -1, 0, 0, 0,
    0, 2, -15, 0, 0, -9, 0, 0,
    0, -12, 0, -9, -1, 0, 0, -2,
    0, 0, -1, 0, -17, 0, -15, -14,
    -13, -20, -7, 0, -24, 0, -35, -3,
    1, 2, 1, -2, 1, -2, -2, 0,
    1, 2, 0, -1, -2, -2, -2, -2,
    -11, -2, -7, -22, 0, 0, 0, 0,
    0, 0, 0, -10, 0, 0, 0, -13,
    0, -9, -9, -9, 0, -1, 0, 0,
    0, 0, 0, 0, -20, -3, -2, -3,
    -2, -2, -2, -2, -3, 1, 1, 1,
    1, -2, -2, 1, 0, 0, 1, 1,
    0, -2, -2, -2, -2, -2, -2, -2,
    -2, -2, -3, 1, 2, 0, 1, 1,
    1, 1, 0, 0, -1, 0, 0, -2,
    -3, -2, 0, 0, -3, -3, -2, 0,
    -1, -1, -1, -17, -2, -2, -2, -2,
    -2, -2, -14, -2, -20, -2, -7, -7,
    -7, -11, -11, -11, -14, -11, -13, 0,
    0, 0, -8, -9, 0, 0, 0, 0,
    -9, -8, -14, -7, -11, -16, -13, -16,
    -17, 0, 0, 0, 0, 0, 0, 0,
    0, 0, 0, -6, 0, 0, 0, -8,
    0, -11, -4, 0, 0, -4, 0, 0,
    -4, -1, -2, -2, -4, -4, -6, -3,
    -6, 0, -11, 0, -32, -4, 0, 0,
    0, 0, 0, -2, -2, 0, 0, 0,
    0, -1, 0, -3, -2, -2, -11, -2,
    -7, 0, 0, 0, 0, 0, 0, 0,
    0, -12, 0, 0, 0, -13, 0, -11,
    -11, -11, 0, -4, 0, 0, 0, 0,
    0, -2, -3, -5, -3, -4, -3, -3,
    -3, -3, -4, 0, 0, 0, 0, -2,
    -2, 4, 9, 0, 0, 0, 0, -3,
    -3, -3, -3, -2, -2, -2, -3, -3,
    -4, 0, 0, 0, 0, 0, 0, 0,
    0, 0, -4, 0, 0, -2, -5, -2,
    0, 0, -5, -5, -2, -1, -1, -1,
    -1, -2, 0, -3, -3, -3, -3, -3,
    -4, -2, -3, -2, -6, -7, -7, -13,
    -13, -10, -9, -10, -8, 0, 0, 0,
    -12, -14, 0, -20, 0, -18, -14, -27,
    -11, -19, -55, -12, -41, -12, -9, -20,
    -18, 0, -14, -23, -15, -20, 0, -14,
    -15, -9, -58, -39, -31, -21, -29, 0,
    -4, -26, -26, 0, -26, -26, -4, -18,
    -3, -8, -3, -5, 0, -4, -2, 0,
    -8, -34, -17, -12, -21, -19, -21, -17,
    -13, -7, -8, 0, -21, -19, -6, -14,
    -27, -18, -31, -29, 0, -31, -6, 0,
    -53, 0, 0, 0, 0, 0, 0, -36,
    -30, 0, 0, -20, 0, 0, 0, 0,
    -26, -4, 0, 0, 0, 0, 0, -8,
    -4, -11, -12, -12, -12, -12, -12, -12,
    -12, -21, -21, -21, -19, 4, -8, -2,
    0, 0, -21, -19, -7, -18, -18, -18,
    -18, -31, -8, -31, -12, -12, -12, -21,
    -19, 0, -21, -21, -19, -13, 0, 0,
    -4, 0, 0, -8, -11, -7, 0, -11,
    -11, -11, -2, -18, -14, -14, -14, -3,
    -27, -18, -18, -18, -18, -18, -5, -29,
    -4, -31, -2, -6, -6, -42, -42, -21,
    -14, -21, -13, 0, 0, 0, -11, -73,
    0, 0, 0, -12, -45, -23, -24, -75,
    -48, -10, -41, -10, -10, -17, -32, 0,
    -11, -11, -11, -17, -28, -10, -13, -8,
    -68, -49, -23, -40, -21, -2, -7, -21,
    -21, 1, -21, -21, -7, -14, -46, -19,
    -48, -39, -3, -50, -4, -48, -17, -83,
    -18, -8, -14, -13, -14, -19, -12, -9,
    -10, 0, -14, -13, 0, -8, -25, -14,
    -31, -26, -6, -31, -6, 0, -71, 0,
    0, 0, 0, 0, -68, -27, -24, 0,
    0, -17, 0, -2, -2, -2, -21, -7,
    -7, 0, 0, -30, -8, -19, -50, -10,
    -8, -8, -8, -8, -8, -8, -8, -14,
    -14, -14, -15, -10, -10, -10, -10, 0,
    -14, -15, -5, -14, -14, -14, -14, -31,
    -10, -31, -8, -8, -8, -14, -13, 0,
    -14, -14, -15, -12, 0, 0, -7, -10,
    -6, -10, -10, -9, 0, 0, -10, -10,
    -10, -14, -8, -8, -8, -46, -25, -14,
    -14, -14, -14, -14, -39, -26, -50, -31,
    -4, -6, -6, -49, -49, -45, -48, -45,
    -72, 0, 0, 0, -8, -18, 0, 0,
    0, 0, -18, -6, -35, -12, -6, -22,
    -10, -22, -21, 4, -1, 0, 0, 0,
    0, 4, -18, 0, 0, -6, 0, 0,
    0, -14, 0, -16, 0, 2, 2, -15,
    2, 2, 0, -1, -19, 0, -16, -14,
    -24, -21, -16, 0, -27, -17, -43, -4,
    -1, 0, -1, 0, -1, -2, -2, 0,
    -1, 0, 0, 0, 0, -2, -1, -1,
    -12, -1, -7, -24, 0, 0, 0, 0,
    0, 0, 0, -10, 0, 0, 0, -10,
    0, -16, -16, -16, 2, 0, 0, 0,
    0, 0, 0, 0, -21, -3, -4, -4,
    -4, -4, -4, -4, -4, -1, -1, -1,
    -1, -2, -2, 3, 1, 0, -1, -1,
    0, -2, -2, -2, -2, -1, -2, -1,
    -4, -4, -4, -1, 0, 0, -1, -1,
    -1, -1, 0, 0, 0, 0, 0, -2,
    -3, -2, 0, 0, -3, -3, -2, -1,
    0, 0, 0, -19, 0, -2, -2, -2,
    -2, -2, -14, -1, -21, -1, -16, -7,
    -7, -10, -10, -10, -13, -10, -11, 0,
    0, 0, -9, -9, 0, 0, 0, -15,
    -9, -12, -26, -4, -10, -48, -25, -48,
    -31, -1, 2, 0, 0, -21, -6, -1,
    -5, 0, 0, -6, 0, 0, 0, -2,
    0, -29, -1, -2, -2, -39, -2, -2,
    -1, -5, -5, -1, -8, -8, -18, -12,
    -14, 0, -20, 0, -82, -11, -10, -10,
    -10, 0, -9, -3, -3, 0, -10, -10,
    0, -6, 0, -6, 0, 0, -8, 0,
    -5, 0, 0, 0, 0, 0, 0, 0,
    0, -26, 0, 0, 0, -14, 0, -29,
    -29, -29, -2, -1, 0, 0, 0, 0,
    0, -1, -12, -7, -11, -11, -11, -11,
    -11, -11, -11, -10, -10, -10, -9, -3,
    -3, 6, 2, 0, -10, -9, 0, -6,
    -6, -6, -6, 0, -3, 0, -11, -11,
    -11, -10, -10, 0, -10, -10, -9, -9,
    0, 0, -1, 0, 0, -3, -7, -3,
    0, 0, -7, -7, -3, -5, -6, -6,
    -6, -5, 0, -6, -6, -6, -6, -6,
    -8, 0, -12, 0, -14, -5, -5, -25,
    -25, -5, -6, -5, -5, 0, 0, -67,
    -2, -20, 0, 0, 0, 0, -20, -6,
    -17, -14, -8, -4, -13, -4, -3, 1,
    -2, 0, 0, 0, 0, 1, -15, 0,
    0, 0, 0, 0, 0, -15, 0, 0,
    2, 0, 0, 6, 0, 0, 2, -1,
    -20, -1, -18, -17, 0, -24, 1, 0,
    -7, 0, -17, 0, 2, 2, 2, 0,
    2, 2, 1, 0, 2, 2, 0, 1,
    -1, 1, -3, -2, 0, -3, 0, 0,
    0, 0, 0, 0, 0, 0, 0, -11,
    0, 0, 0, -5, 0, 0, 0, 0,
    0, 2, 0, 0, 0, 0, 0, -1,
    -24, 1, 0, 0, 0, 0, 0, 0,
    0, 2, 2, 2, 2, 1, 1, 5,
    2, 0, 2, 2, 0, 1, 1, 1,
    1, -3, 1, -3, 0, 0, 0, 2,
    2, 5, 2, 2, 2, 2, 0, 0,
    2, 0, 0, 1, 1, 2, 0, 0,
    1, 1, 1, -1, 1, 1, 1, -20,
    -1, 1, 1, 1, 1, 1, -17, -2,
    -24, -3, 1, 0, 0, -13, -13, -12,
    -15, -12, -14, 0, 0, 0, -6, -13,
    0, 0, 0, -13, -13, -13, -19, -7,
    -16, -10, -27, -10, -5, -3, 0, 0,
    0, 0, 0, -3, 0, 0, 0, -4,
    0, 0, 0, -8, 0, 0, 0, -4,
    -4, 0, -4, -4, 0, -6, -10, -4,
    -11, -11, 0, -16, -2, 0, -7, 0,
    -17, -9, -11, -10, -11, -1, -8, -3,
    -4, 0, -11, -10, 0, -7, -2, -7,
    -1, -2, 0, -1, -2, 0, 0, 0,
    0, 0, 0, 0, 0, -29, 0, 0,
    0, -13, 0, 0, 0, 0, -4, 0,
    0, 0, 0, 0, 0, -4, -16, -6,
    -8, -9, -8, -8, -8, -8, -9, -11,
    -11, -11, -10, -4, -4, 5, 2, 0,
    -11, -10, 0, -7, -7, -7, -7, -1,
    -4, -1, -8, -8, -9, -11, -10, 0,
    -11, -11, -10, -8, 0, 0, 0, 0,
    0, -4, -6, -3, 0, 0, -6, -6,
    -4, -6, -7, -7, -7, -10, -2, -7,
    -7, -7, -7, -7, -11, -2, -16, -1,
    -2, -2, -2, -28, -28, -9, -11, -9,
    -10, 0, 0, 0, -6, -12, 0, 0,
    0, 0, -12, -6, -25, -8, -15, -11,
    -8, -11, -14, 2, 0, 0, 3, 0,
    0, 2, 0, 6, 0, -6, 0, 0,
    0, -6, 0, -7, 0, 0, 0, 0,
    0, 0, 0, 0, -7, 0, -11, -10,
    -10, -15, -4, 0, -18, 0, -32, 0,
    -1, 0, -1, -1, 0, -1, 0, 0,
    -1, 0, 0, -1, -1, -1, 0, -1,
    -8, 0, -6, 0, 0, 0, 0, 0,
    0, 0, 0, -6, 0, 0, 0, -13,
    0, -7, -7, -7, 0, 0, 0, 0,
    0, 0, 0, 0, -15, -2, -2, 0,
    -2, -2, -2, -2, 0, -1, -1, -1,
    0, 0, 0, 7, 4, 0, -1, 0,
    0, -1, -1, -1, 0, 0, 0, 0,
    -2, -2, 0, -1, 0, 0, -1, -1,
    0, 0, 0, 0, 0, 2, 0, 0,
    -2, -1, 0, 1, -2, -2, 0, 0,
    -1, -1, -1, -7, -1, -1, -1, -1,
    -1, -1, -10, -1, -15, 0, -4, -6,
    -6, -9, -9, -10, -11, -10, -10, 0,
    0, 0, -9, 0, -25, -15, 0, -24,
    0, -26, -10, -6, -42, -48, -55, -48,
    -45, -16, -5, 0, -7, -43, -12, -16,
    0, -8, 0, -43, -49, -31, -18, -10,
    -24, -42, -3, -19, -19, -35, -19, -19,
    -3, -13, 1, -2, 0, -1, -2, 0,
    -2, 0, -6, -21, -47, -42, -40, -40,
    -40, -20, -40, -4, -5, -39, -40, -40,
    -39, -39, -23, -32, -32, -32, -32, -32,
    -32, 0, -56, 0, 0, 0, 0, 0,
    0, -54, -21, 0, 0, -56, 0, -42,
    -42, -35, -19, -3, 0, 0, 0, -25,
    -18, -2, 0, -24, -15, -38, -15, -15,
    -14, -31, -42, -40, -31, -32, -18, 0,
    -8, 0, 11, 0, -40, -17, -40, -20,
    -32, -21, -18, -31, -5, -32, -15, -15,
    -42, -40, 0, 0, -37, -40, -18, -40,
    0, 0, -3, 7, 0, -5, -32, -4,
    0, -10, -24, -24, -1, -13, -24, -39,
    -10, 1, -23, -19, 0, -30, -24, -32,
    -1, -32, 0, -15, -2, 0, 0, -56,
    -56, -10, 0, -10, -4, 0, 0, 0,
    -7, -8, 0, 0, 0, 0, -8, -8,
    -13, -7, -10, -20, -13, -20, -21, 0,
    0, 0, 0, 0, 0, 0, 0, 0,
    0, -8, 0, 0, 0, -7, 0, -15,
    -3, 0, 0, -11, 0, 0, -3, -1,
    -2, -1, -3, -4, -8, -2, -7, 0,
    -10, 0, -38, -5, -1, -1, -1, 0,
    -1, -1, -2, 0, -1, -1, 0, -2,
    0, -3, -1, -1, -11, -1, -8, 0,
    -12, 0, 0, 0, 0, 0, 0, -11,
    0, 0, 0, -13, 0, -15, -15, -15,
    0, -3, 0, 0, 0, 0, 0, -1,
    -2, -4, -4, -5, -4, -4, -4, -4,
    -5, -1, -1, -1, 0, -2, -2, 6,
    10, 0, -1, 0, 0, -3, -3, -3,
    -3, -1, -2, -1, -4, -4, -5, -1,
    -1, 0, -1, -1, 0, -1, 0, 0,
    -3, 0, 0, -2, -4, -1, 0, 0,
    -4, -4, -2, -1, -2, -2, -2, -2,
    0, -3, -3, -3, -3, -3, -4, -1,
    -2, -1, -7, -8, -8, -13, -13, -9,
    -8, -9, -8, 0, 0, 0, -11, -7,
    0, 0, 0, -24, -7, -25, -12, -10,
    -29, -48, -37, -48, -45, -14, -5, 0,
    -11, -30, -11, -14, 0, -11, 0, -24,
    -28, -21, 0, -11, 0, -42, -5, -16,
    -16, -36, -16, -16, -5, -14, 0, -3,
    0, -1, -2, 0, -6, 0, -8, 0,
    -54, -29, -26, -25, -26, -12, -25, -5,
    -7, -16, -26, -25, -16, -25, -13, -23,
    -12, -14, -23, -12, -23, 0, 0, 0,
    0, 0, 0, 0, 0, -38, 0, 0,
    0, -29, 0, -42, -42, -42, -16, -5,
    0, 0, 0, 0, -16, -3, 0, -20,
    -17, -29, -21, -17, -17, -26, -29, -26,
    -26, -26, -16, 4, -12, 5, 6, 0,
    -26, -16, -25, -23, -23, -23, -15, -12,
    -7, -12, -17, -19, -29, -26, -25, 0,
    -26, -26, -16, -25, 0, 0, -5, 4,
    -5, -7, -20, -5, 0, 0, -20, -20,
    -7, -14, -25, -25, -9, 0, -13, -23,
    -23, -23, -23, -23, -1, -14, 0, -12,
    -6, 0, 0, -37, -37, -13, -8, -13,
    -6, 0, 0, 0, -12, -9, 0, 0,
    0, -24, -9, -24, -13, -10, -26, -43,
    -33, -43, -43, -13, -5, 0, -11, -26,
    -12, -13, 0, 0, 0, -22, 0, 0,
    0, -12, 0, -38, -5, -14, -14, -31,
    -14, -14, -5, -14, -1, -4, -1, -4,
    -5, 0, -7, 0, -10, 0, -43, -25,
    -22, -21, -22, -11, -21, -6, -7, -14,
    -22, -21, -14, -20, -11, -20, -12, -13,
    -21, -12, -21, 0, 0, 0, 0, 0,
    0, 0, 0, -34, 0, 0, 0, -27,
    0, -38, -38, -38, -14, -5, 0, 0,
    0, 0, 0, -4, 0, -21, -17, -25,
    -17, -17, -16, -17, -25, -22, -22, -22,
    -16, 3, -7, 4, 6, 0, -22, -16,
    0, -20, -20, -20, -16, -12, -7, -12,
    -17, -17, -25, -22, -21, 0, -22, -22,
    -16, -21, 0, 0, -5, 0, 0, -7,
    -21, -6, 0, -9, -21, -21, -7, -14,
    -20, -20, -10, -1, -11, -20, -20, -20,
    -20, -20, -4, -13, 0, -12, -7, -21,
    -21, -33, -33, -14, -10, -14, -8, 0,
    0, 0, -9, -9, 0, 0, 0, 0,
    -9, -24, -8, -13, -43, -12, -35, -12,
    -10, -18, -12, 0, -12, -18, -10, -18,
    0, -11, 0, -8, -42, -31, -24, -17,
    -23, -1, -2, -22, -22, 0, -22, -22,
    -2, -14, 0, -4, 0, -1, -2, 0,
    -2, 0, -6, -29, -18, -12, -18, -17,
    -18, -17, -11, -4, -5, 0, -18, -17,
    -6, -11, -20, -18, -24, -24, -2, -24,
    -7, 0, 0, 0, 0, 0, 0, 0,
    0, -31, -25, 0, 0, -19, 0, -1,
    -1, -1, -22, -2, 0, 0, 0, -29,
    0, -4, 0, -10, -11, -12, -11, -11,
    -11, -11, -12, -18, -18, -18, -16, -5,
    -5, 3, 6, 0, -18, -16, 0, -18,
    -18, -18, -18, -24, -5, -24, -11, -11,
    -12, -18, -17, 0, -18, -18, -16, -11,
    0, 0, -2, 3, 0, -5, -10, -4,
    0, 0, -10, -10, -5, -14, -11, -11,
    -11, 0, -20, -18, -18, -18, -18, -18,
    -1, -24, 0, -24, -2, -7, -7, -36,
    -36, -16, -10, -16, -7, 0, 0, 0,
    -10, -6, -27, 0, 0, -29, -6, -30,
    -8, -11, -38, -48, -55, -48, -48, -19,
    -8, 0, -14, -46, -12, -19, 0, -14,
    -13, -31, -38, -28, 0, -13, -27, -44,
    -4, -21, -21, -39, -21, -21, -4, -18,
    0, -2, 0, 0, -1, 0, -4, 0,
    -6, -25, -51, -39, -38, -38, -38, -20,
    -37, -5, -7, -31, -38, -38, -31, -35,
    -21, -30, -21, -22, -29, -21, -29, 0,
    -48, 0, 0, 0, 0, 0, 0, -55,
    -25, 0, 0, -38, 0, -44, -44, -44,
    -21, -4, 0, 0, 0, 0, 0, -2,
    0, -31, -16, -39, -16, -16, -16, -16,
    -39, -38, -28, -38, -17, -7, -7, 7,
    0, 0, -38, -17, 0, -18, -30, -27,
    -18, -21, -7, -21, -16, -16, -39, -38,
    -38, 0, -38, -38, -17, -37, 0, 0,
    -4, 0, 0, -7, -31, -5, 0, 0,
    -31, -31, -7, -18, -35, -35, -35, 0,
    -21, -19, 0, 0, 0, 0, 0, -22,
    0, -21, -4, -29, -29, -56, -56, -13,
    -7, -13, -5, 0, 0, 0, -8, -8,
    0, -12, 0, 0, -8, -21, -11, -9,
    -35, -10, -38, -10, -10, -11, -4, 0,
    -7, -10, -7, -11, 0, -5, -5, -7,
    -34, -23, 0, -10, -19, -2, -2, -14,
    -14, 1, -14, -14, -2, -8, -1, -5,
    -2, -5, -2, -1, -2, 0, -8, -23,
    -19, -8, -14, -12, -14, -12, -12, -3,
    -4, 0, -14, -12, 0, -7, -15, -13,
    -16, -17, -6, -16, -6, 0, 0, 0,
    0, 0, 0, 0, 0, -26, -18, 0,
    0, -17, 0, -2, -2, -2, -14, -2,
    0, 0, 0, 0, 0, -5, -1, -10,
    -7, -8, -7, -7, -7, -7, -8, -14,
    -14, -14, -11, -4, -4, 6, 0, 0,
    -14, -11, 0, -13, -13, -13, -13, -16,
    -4, -16, -7, -7, -8, -14, -12, 0,
    -14, -14, -11, -12, 0, 0, -2, 0,
    0, -4, -10, -3, -5, -8, -10, -10,
    -4, -8, -7, -7, -7, -1, -15, -13,
    -13, -13, -13, -13, -5, -17, -1, -16,
    -2, -6, -6, -39, -39, -12, -9, -12,
    -9, 0, 0, 0, -15, -12, -30, 0,
    -12, 0, -12, -33, -10, -14, -43, -21,
    -48, -21, -10, -25, -19, -12, -17, -38,
    -20, -25, -5, -18, -15, -19, 0, -38,
    0, 0, 0, -13, -11, -27, -27, -9,
    -27, -27, -11, -20, -6, -10, -8, -10,
    -7, -6, -10, 0, -4, 0, 0, -24,
    -28, -26, -28, -24, -13, -8, -9, 0,
    -28, -26, 0, -23, -26, -27, -36, -35,
    -13, -22, -18, 0, -49, 0, 0, 0,
    0, 0, 0, -42, 0, 0, 0, -27,
    0, -13, -13, -13, -27, -11, 0, 0,
    0, 0, -19, -10, -6, -20, -18, -24,
    -18, -18, -18, -18, -24, -28, -28, -28,
    -22, -9, -9, 0, 0, 0, -28, -22,
    -18, -27, -27, -27, -27, -22, -9, -22,
    -18, -18, -24, -28, -26, -14, -28, -28,
    -22, -13, 0, 0, -11, 0, 0, -9,
    -20, -8, 0, 0, -20, -20, -9, -20,
    -23, -23, -23, -6, -26, -27, -27, -27,
    -27, -27, -10, -35, -6, -22, -10, -18,
    -18, -48, -48, -18, -13, -18, 0, 0,
    0, -19, 0, -44, 0, 0, 0, 0,
    -43, 0, 0, -42, 0, 0, 0, 0,
    0, 0, 0, 0, 0, 0, 0, 0,
    0, 0, 0, 0, 0, 0, 0, 0,
    0, 0, 0, 0, 0, 0, 0, 0,
    0, 0, -45, 0, -45, -43, 0, -48,
    0, 0, 0, 0, 0, 0, 0, 0,
    0, -19, 0, 0, 0, 0, 0, 0,
    0, 0, -24, 0, 0, 0, 0, 0,
    0, 0, 0, 0, 0, 0, 0, 0,
    0, 0, 0, 0, 0, 0, 0, 0,
    0, 0, 0, 0, 0, 0, 0, 0,
    0, 0, 0, 0, 0, 0, 0, 0,
    0, 0, 0, 0, 0, 0, 0, 0,
    0, 0, 0, 0, 0, 0, 0, 0,
    0, 0, 0, 0, 0, 0, 0, 0,
    0, 0, 0, 0, 0, 0, 0, 0,
    0, 0, 0, 0, 0, 0, 0, 0,
    0, 0, 0, 0, 0, 0, 0, 0,
    0, 0, 0, 0, 0, 0, 0, 0,
    0, 0, 0, 0, 0, 0, 0, 0,
    0, 0, 0, 0, 0, 0, 0, 0,
    0, 0, 0, 0, 0, 0, 0, -25,
    -36, -14, 0, -48, -70, -48, 0, 0,
    0, 0, -13, -39, 0, 0, 0, 0,
    0, 0, 0, 0, 0, 0, 0, -42,
    -14, -17, -17, -52, -17, -17, -14, -16,
    -21, -13, -22, -22, -31, -25, -26, 0,
    0, 0, 0, -27, -29, -27, -29, -7,
    -27, -15, -16, 0, -29, -27, 0, -24,
    -7, -19, -5, -8, -18, -5, -18, 0,
    0, 0, 0, 0, 0, 0, 0, 0,
    0, 0, 0, 0, 0, -42, -42, -42,
    -17, -14, 0, 0, 0, 0, 0, -13,
    -25, 0, 0, -27, 0, 0, 0, 0,
    -27, -29, -29, -29, 0, -16, -16, 0,
    0, 0, -29, 0, 0, -19, -19, -19,
    -19, -5, -16, -5, 0, 0, -27, -29,
    -27, 0, -29, -29, 0, -27, 0, 0,
    -14, 0, 0, -16, 0, -15, 0, 0,
    0, 0, -16, -16, -24, -24, -24, -21,
    -7, -19, -19, -19, -19, -19, -22, -8,
    -25, -5, -26, -18, -18, 0, 0, 0,
    0, 0, 0, 0, 0, 0, 0, -79,
    0, 0, 0, 0, -45, -31, 0, -76,
    0, 0, 0, 0, 0, -39, -36, 0,
    -33, -72, -33, -37, -31, -33, -33, 0,
    0, 0, 0, 0, 0, -18, -20, -43,
    -43, -17, -43, -43, -20, -36, -47, -38,
    -54, -43, -18, -51, -19, 0, 0, 0,
    14, -26, -34, -31, -34, -23, -2, -19,
    0, 0, -34, -31, 0, -29, -36, -30,
    -17, -33, -17, -17, -19, 0, 0, 0,
    0, 0, 0, 0, 0, 0, 0, 0,
    0, 0, 0, -18, -18, -18, -43, -20,
    0, 0, 0, 0, 0, -38, -51, -19,
    -26, -26, -26, -26, -26, -26, -26, -34,
    -34, -34, -34, 0, 0, 0, 0, 0,
    -34, -34, 0, -30, -30, -30, -30, -17,
    0, -17, -26, -26, -26, -34, -31, 0,
    -34, -34, -34, -2, 0, 0, -20, 0,
    0, 0, -19, -19, 0, 0, -19, -19,
    0, -36, -29, -29, -29, -47, -36, -30,
    -30, -30, -30, -30, -43, -33, -51, -17,
    -19, -19, -19, 0, 0, 0, 0, 0,
    -80, 0, 0, 0, -11, -31, 0, 0,
    0, 0, -31, -12, -25, -29, -14, -13,
    -16, -13, -13, -4, -18, 0, -8, 0,
    0, -4, -31, 0, 0, -9, 0, -13,
    0, -27, 0, -7, -4, -5, -5, -3,
    -5, -5, -4, -8, -44, -7, -29, -27,
    -9, -40, -10, -31, -17, -29, -19, -6,
    -3, -3, -3, -9, -3, -5, -5, 0,
    -3, -3, 0, -4, -10, -6, -10, -10,
    -9, -10, -9, -18, -16, 0, 0, 0,
    0, 0, 0, -14, 0, 0, 0, -15,
    0, -7, -7, -7, -5, -4, 0, 0,
    0, 0, 0, -7, -40, -5, -6, -6,
    -6, -6, -6, -6, -6, -3, -3, -3,
    -3, -5, -5, -5, -5, -5, -3, -3,
    0, -6, -6, -6, -6, -10, -5, -10,
    -6, -6, -6, -3, -3, 0, -3, -3,
    -3, -3, 0, -5, -4, -5, 0, -5,
    -5, -5, 0, -3, -5, -5, -5, -8,
    -4, -4, -4, -19, -10, -6, -6, -6,
    -6, -6, -27, -10, -40, -10, -10, -9,
    -9, -17, -17, -23, -22, -23, -23, 0,
    0, 0, -8, -27, 0, 0, 0, 0,
    -27, -6, -33, -26, -7, -13, -7, -13,
    -14, 1, -14, 0, 0, 0, 0, 1,
    -29, 0, 0, -6, 0, 0, 0, -26,
    0, -10, 0, 0, 0, -5, 0, 0,
    0, -1, -40, -1, -25, -21, -18, -37,
    -11, 0, -27, -27, -32, 0, 2, 2,
    2, -3, 2, -1, -2, 0, 2, 2,
    0, 1, -4, 0, -5, -4, -14, -5,
    -8, -24, 0, 0, 0, 0, 0, 0,
    0, -6, 0, 0, 0, -12, 0, -10,
    -10, -10, 0, 0, 0, 0, 0, 0,
    0, -1, -37, -2, 0, 0, 0, 0,
    0, 0, 0, 2, 2, 2, 2, -2,
    -2, -2, -2, 0, 2, 2, 4, 0,
    0, 0, 0, -5, -2, -5, 0, 0,
    0, 2, 2, 0, 2, 2, 2, 2,
    0, 0, 0, -2, 0, -2, -2, -1,
    0, 0, -2, -2, -2, -1, 1, 1,
    1, -40, -4, 0, 0, 0, 0, 0,
    -21, -4, -37, -5, -11, -8, -8, -7,
    -7, -21, -23, -21, -22, 0, 0, 0,
    -8, -25, 0, 0, 0, 0, -25, -7,
    -33, -24, -6, -11, -14, -11, -15, -1,
    -12, 0, 0, 0, 0, -1, -31, 0,
    0, -4, 0, -7, 0, -26, 0, -10,
    -2, -1, -1, -1, -1, -1, -2, -2,
    -40, -4, -27, -24, -15, -36, -8, 0,
    -24, -26, -31, -2, -1, -1, -1, -1,
    -1, -3, -4, 0, -1, -1, 0, 0,
    -2, -4, -5, -5, -15, -5, -7, -24,
    0, 0, 0, 0, 0, 0, 0, -12,
    0, 0, 0, -10, 0, -10, -10, -10,
    -1, -2, 0, 0, 0, 0, 0, -4,
    -36, -4, -2, -2, -2, -2, -2, -2,
    -2, -1, -1, -1, -1, -4, -4, -4,
    -4, 0, -1, -1, 0, -4, -4, -4,
    -4, -5, -4, -5, -2, -2, -2, -1,
    -1, 0, -1, -1, -1, -1, 0, 0,
    -2, -4, 0, -4, -4, -3, 0, 0,
    -4, -4, -4, -2, 0, 0, 0, -40,
    -2, -4, -4, -4, -4, -4, -24, -5,
    -36, -5, -8, -7, -7, -14, -14, -20,
    -21, -20, -20, 0, 0, 0, -8, -27,
    0, 0, 0, 0, -27, -6, -33, -26,
    -7, -13, -7, -13, -14, 0, -15, 0,
    0, 0, 0, 0, -30, 0, 0, -6,
    0, -4, 0, -27, 0, -10, 0, -1,
    -1, -3, -1, -1, 0, -1, -39, -1,
    -25, -22, -17, -37, -11, 0, -27, -27,
    -32, -3, 2, 2, 2, -3, 2, -1,
    -1, 0, 2, 2, 0, 1, -4, 0,
    -5, -4, -15, -5, -9, -24, -7, 0,
    0, 0, 0, 0, 0, -5, 0, 0,
    0, -12, 0, -10, -10, -10, -1, 0,
    0, 0, 0, 0, 0, -1, -37, -1,
    -3, -3, -3, -3, -3, -3, -3, 2,
    2, 2, 2, -1, -1, -1, -1, 0,
    2, 2, 3, 0, 0, 0, 0, -5,
    -1, -5, -3, -3, -3, 2, 2, 0,
    2, 2, 2, 2, 0, 0, 0, 0,
    0, -1, -1, -1, 0, 2, -1, -1,
    -1, -1, 1, 1, 1, -39, -4, 0,
    0, 0, 0, 0, -22, -4, -37, -5,
    -11, -9, -9, -7, -7, -21, -23, -21,
    -22, 0, 0, -11, -4, 0, 0, 0,
    0, 0, 0, -10, -7, -2, -11, -26,
    -22, -26, -25, -1, 0, 0, 0, -18,
    0, -1, 0, 0, 0, -4, 0, 0,
    0, -5, 0, -21, 2, -1, -1, -18,
    -1, -1, 2, -5, 1, 4, 0, -1,
    -2, 1, -1, 0, -4, 0, -28, -9,
    -8, -8, -8, 2, -8, -2, -4, 0,
    -8, -8, 0, -6, 2, -4, 1, 0,
    -5, 1, -3, 0, 0, 0, 0, 0,
    0, 0, 0, -24, 0, 0, 0, -12,
    0, -21, -21, -21, -1, 2, 0, 0,
    0, 0, 0, 4, 1, -5, -9, -9,
    -9, -9, -9, -9, -9, -8, -8, -8,
    -8, 3, -4, 5, 5, -11, -8, -8,
    -8, -4, -4, -4, -4, 1, -4, 1,
    -9, -9, -9, -8, -8, 0, -8, -8,
    -8, -8, 0, 0, 2, 4, 0, -4,
    -5, -2, 0, 0, -5, -5, -4, -5,
    -6, -6, -6, 1, 2, -4, -4, -4,
    -4, -4, -1, 0, 1, 1, -1, -3,
    -3, -23, -23, -4, 0, -4, 0, 0,
    0, 0, -10, -28, 0, 0, 0, 0,
    -28, -10, -26, -25, -12, -12, -14, -12,
    -13, -2, -14, 0, -6, 0, 0, -2,
    -29, 0, 0, -6, 0, -11, 0, -25,
    0, -7, -4, -3, -3, -2, -3, -3,
    -4, -5, -40, -5, -27, -24, -8, -38,
    -9, -28, -19, -26, -19, -4, 0, 0,
    0, -6, 0, -1, -5, 0, 0, 0,
    0, -1, -7, -4, -7, -7, -8, -7,
    -7, -17, -13, 0, 0, 0, 0, 0,
    0, -12, 0, 0, 0, -14, 0, -7,
    -7, -7, -3, -4, 0, 0, 0, 0,
    0, -5, -38, -2, -4, -4, -4, -4,
    -4, -4, -4, 0, 0, 0, 0, -5,
    -5, -5, -5, 0, 0, 0, 1, -4,
    -4, -4, -4, -7, -5, -7, -4, -4,
    -4, 0, 0, 0, 0, 0, 0, 0,
    0, 0, -4, -5, 0, -5, -2, -1,
    0, 0, -2, -2, -5, -5, -1, -1,
    -1, -40, -7, -4, -4, -4, -4, -4,
    -24, -7, -38, -7, -9, -7, -7, -14,
    -14, -21, -23, -21, -22, 0, 0, 0,
    0, -10, 0, 0, 0, 0, -10, -10,
    -14, -8, -12, 0, -15, 0, -13, -1,
    -4, 0, 0, 0, 0, -1, 0, 0,
    0, 0, 0, -10, 0, 0, 0, -8,
    -3, -2, -2, -2, -2, -2, -3, -4,
    -4, -1, -5, -6, -7, -5, -4, 0,
    -8, -15, -19, -4, -1, -1, -1, -2,
    -1, -2, -3, 0, -1, -1, 0, -1,
    -2, -5, -3, -3, -8, -3, -5, -8,
    -14, 0, 0, 0, 0, 0, 0, -13,
    0, 0, 0, -13, 0, -8, -8, -8,
    -2, -3, 0, 0, 0, 0, 0, -1,
    -5, -6, -4, -4, -4, -4, -4, -4,
    -4, -1, -1, -1, -1, -3, -3, 0,
    0, -3, -1, -1, 1, -5, -5, -5,
    -5, -3, -3, -3, -4, -4, -4, -1,
    -1, 0, -1, -1, -1, -1, 0, 0,
    -3, 0, 0, -3, -6, -2, 0, 0,
    -6, -6, -3, -4, -1, -1, -1, -4,
    -2, -5, -5, -5, -5, -5, -6, -3,
    -5, -3, -4, -5, -5, -15, -15, 0,
    -9, 0, 0, 0, 0, 0, -10, -11,
    0, 0, 0, 0, -11, -10, -13, -9,
    -13, -14, -15, -14, -12, -1, -5, 0,
    0, 0, 0, -1, 0, 0, 0, -6,
    0, 0, 0, -11, 0, -8, -4, -2,
    -2, -3, -2, -2, -4, -5, -6, -2,
    -7, -8, -8, -7, -6, 0, -9, 0,
    -4, -4, -1, -2, -1, -2, -2, -3,
    0, 0, -1, -2, 0, -2, -3, -5,
    -4, -3, -9, -4, -6, 0, 0, 0,
    0, 0, 0, 0, 0, -13, 0, 0,
    0, -13, 0, -8, -8, -8, -2, -4,
    0, 0, 0, 0, 0, -2, -7, -6,
    -4, -4, -4, -4, -4, -4, -4, -1,
    -1, -1, -1, -4, -4, 0, 0, 0,
    -1, -1, 1, -5, -5, -5, -5, -4,
    -4, -4, -4, -4, -4, -1, -2, 0,
    -1, -1, -1, -2, 0, 0, -4, 0,
    0, -4, -6, -3, 0, 0, -6, -6,
    -4, -5, -2, -2, -2, -6, -3, -5,
    -5, -5, -5, -5, -8, -3, -7, -4,
    -6, -6, -6, -16, -16, -13, -10, -13,
    -11, 0, 0, 0, -8, -17, 0, 0,
    0, -13, -17, -14, -21, -8, -18, -7,
    -34, -7, -4, -5, 0, 0, 0, -19,
    0, -5, -25, 0, 0, -2, 0, 0,
    0, -4, 0, 0, -3, -5, -5, 0,
    -5, -5, -3, -7, -32, -4, -18, -17,
    0, -25, -1, 0, -7, 0, -17, -8,
    -12, -11, -12, 1, -8, -4, -4, 0,
    -12, -11, 0, -8, 1, -5, -3, -3,
    -4, -3, -1, 0, -28, 0, 0, 0,
    0, 0, 0, -30, 0, 0, 0, -13,
    0, 0, 0, 0, -5, -3, 0, 0,
    0, 0, 0, -4, -25, -4, -8, -8,
    -8, -8, -8, -8, -8, -12, -12, -12,
    -12, -4, -4, -3, -4, 0, -12, -12,
    0, -5, -5, -5, -5, -3, -4, -3,
    -8, -8, -8, -12, -11, 0, -12, -12,
    -12, -8, 0, 0, -3, -4, 0, -4,
    -4, -4, 0, -8, -4, -4, -4, -7,
    -8, -8, -8, -32, 1, -5, -5, -5,
    -5, -5, -17, -3, -25, -3, -1, -1,
    -1, -35, -35, -9, -11, -9, -9, 0,
    0, 0, -10, -28, 0, 0, 0, 0,
    -28, -10, -26, -25, -12, -12, -14, -12,
    -13, -2, -14, 0, 0, 0, 0, -2,
    -29, 0, 0, -6, 0, -11, 0, -25,
    0, -7, -4, -3, -3, -2, -3, -3,
    -4, -5, -40, -5, -27, -24, -8, -38,
    -9, -28, -19, -26, -19, -4, 0, 0,
    0, -6, 0, -1, -5, 0, 0, 0,
    0, -1, -7, -4, -7, -7, -8, -7,
    -7, -17, -13, 0, 0, 0, 0, 0,
    0, -12, 0, 0, -22, -14, 0, -7,
    -7, -7, -3, -4, 0, 0, 0, -13,
    0, -5, -38, -2, -4, -4, -4, -4,
    -4, -4, -4, 0, 0, 0, 0, -5,
    -5, -5, -5, 0, 0, 0, 1, -4,
    -4, -4, -4, -7, -5, -7, -4, -4,
    -4, 0, 0, 0, 0, 0, 0, 0,
    0, -5, -4, -5, 0, -5, -2, -1,
    0, 0, -2, -2, -5, -5, -1, -1,
    -1, -40, -7, -4, -4, -4, -4, -4,
    -24, -7, -38, -7, -9, -7, -7, -14,
    -14, -21, -23, -21, -22, 0, 0, 0,
    -10, -28, 0, 0, 0, 0, -28, -10,
    -26, -25, -12, -12, -14, -12, -13, -2,
    -14, 0, -6, 0, 0, -2, -29, 0,
    0, -6, 0, -11, 0, -25, -2, -7,
    -4, -3, -3, -2, -3, -3, -4, -5,
    -40, -5, -27, -24, -8, -38, -9, -28,
    -19, -26, -19, -4, 0, 0, 0, -6,
    0, -1, -5, 0, 0, 0, 0, -1,
    -7, -4, -7, -7, -8, -7, -7, -17,
    -13, 0, 0, 0, 0, 0, 0, -12,
    0, 0, -22, -14, 0, -7, -7, -7,
    -3, -4, 0, 0, 0, -13, 0, -5,
    -38, -2, -4, -4, -4, -4, -4, -4,
    -4, 0, 0, 0, 0, -5, -5, -5,
    -5, 0, 0, 0, 1, -4, -4, -4,
    -4, -7, -5, -7, -4, -4, -4, 0,
    0, 0, 0, 0, 0, 0, 0, -5,
    -4, -5, 0, -5, -2, -1, 0, 0,
    -2, -2, -5, -5, -1, -1, -1, -40,
    -7, -4, -4, -4, -4, -4, -24, -7,
    -38, -7, -9, -7, -7, -14, -14, -21,
    -23, -21, -22, 0, 0, 0, -8, -28,
    0, 0, 0, 0, -28, -6, -34, -27,
    -8, -13, -7, -13, -15, 0, -15, 0,
    0, 0, 0, 0, -29, 0, 0, -6,
    0, -4, 0, -29, 0, -11, 0, -1,
    -1, -5, -1, -1, 0, -1, -40, -1,
    -26, -22, -19, -38, -11, 0, -29, -29,
    -34, -1, 0, 2, 0, -3, 1, 0,
    -1, 0, 0, 2, 0, 1, -4, 0,
    -5, -5, -15, -6, -8, -24, -8, 0,
    0, 0, 0, 0, 0, -5, 0, 0,
    0, -12, 0, -11, -11, -11, -1, 0,
    0, 0, 0, 0, 0, -1, -38, -1,
    -1, -1, -1, -1, -1, -1, -1, 0,
    0, 0, 0, -1, -1, -1, -1, -1,
    0, 0, 0, 0, 0, 0, 0, -5,
    -1, -5, -1, -1, -1, 0, 2, 0,
    0, 0, 0, 1, 0, 0, 0, 0,
    0, -1, -1, 0, 0, 2, -1, -1,
    -1, -1, 1, 1, 1, -20, -4, 0,
    0, 0, 0, 0, -22, -5, -38, -5,
    -11, -8, -8, -7, -7, -21, -20, -21,
    -20, 0, 0, 0, -8, -27, 0, 0,
    0, 0, -27, -6, -33, -26, -7, -13,
    -7, -13, -14, 1, -14, 0, 0, 0,
    0, 1, -29, 0, 0, -6, 0, 0,
    0, -26, 0, -10, 0, 0, 0, -5,
    0, 0, 0, -1, -40, -1, -25, -21,
    -18, -37, -11, 0, -27, -27, -32, 0,
    2, 2, 2, -3, 2, -1, -2, 0,
    2, 2, 0, 1, -4, 0, -5, -4,
    -14, -5, -8, -24, 0, 0, 0, 0,
    0, 0, 0, -6, 0, 0, 0, -12,
    0, -10, -10, -10, 0, 0, 0, 0,
    0, 0, 0, -1, -37, -2, 0, 0,
    0, 0, 0, 0, 0, 2, 2, 2,
    2, -2, -2, -2, -2, 0, 2, 2,
    4, 0, 0, 0, 0, -5, -2, -5,
    0, 0, 0, 2, 2, 0, 2, 2,
    2, 2, 0, 0, 0, -2, 0, -2,
    -2, -1, 0, 0, -2, -2, -2, -1,
    1, 1, 1, -40, -4, 0, 0, 0,
    0, 0, -21, -4, -37, -5, -11, -8,
    -8, -7, -7, -21, -23, -21, -22, 0,
    0, 0, -8, -10, 0, 0, 0, -14,
    -10, -8, -33, -4, -8, -37, -23, -37,
    -28, -1, -1, 0, 0, -18, 0, -1,
    -29, 0, 0, -2, 0, 0, 0, -4,
    0, -26, -1, -1, -1, -29, -1, -1,
    -1, -5, -31, -1, -13, -11, -27, -22,
    -27, 0, -35, 0, -36, -6, -4, -4,
    -4, 5, -4, -3, -4, 0, -2, -4,
    0, -3, 5, -2, 5, 3, -4, 5,
    -1, -28, -17, 0, 0, 0, 0, 0,
    0, -22, 0, 0, 0, -10, 0, -26,
    -26, -26, -1, -1, 0, 0, 0, 0,
    0, -1, -22, -4, -6, -6, -6, -6,
    -6, -6, -6, -4, -4, -4, -4, -4,
    -4, -2, -4, -9, -4, -4, -4, -2,
    -2, -2, -2, 5, -4, 5, -6, -6,
    -6, -4, -4, 0, -4, -4, -4, -4,
    0, 0, -1, -4, 0, -4, -4, -3,
    0, 0, -4, -4, -4, -5, -3, -3,
    -3, -31, 5, -2, -2, -2, -2, -2,
    -11, 3, -22, 5, -27, -1, -1, -24,
    -24, -6, -7, -6, -7, 0, 0, -35,
    -5, -23, 0, 0, 0, 0, -23, -4,
    -28, -20, -7, -6, -12, -6, -10, 4,
    -6, 0, 0, 0, 0, 4, -25, 0,
    0, -1, 0, -6, 0, -23, 0, -4,
    2, 1, 1, 0, 1, 1, 2, 0,
    -38, 0, -23, -19, -8, -33, -4, 0,
    -22, -22, -25, 3, 6, 6, 6, 0,
    6, 1, 1, 0, 6, 6, 0, 3,
    0, 1, -2, -2, -7, -2, -1, -17,
    -11, 0, 0, 0, 0, 0, 0, -8,
    0, 0, 0, -6, 0, -4, -4, -4,
    1, 2, 0, 0, 0, 0, 0, 0,
    -33, 0, 3, 3, 3, 3, 3, 3,
    3, 6, 6, 6, 6, 0, 0, 1,
    0, 0, 6, 6, 8, 1, 1, 1,
    1, -2, 0, -2, 3, 3, 3, 6,
    6, 0, 6, 6, 6, 6, 0, 0,
    2, 0, 0, 0, 0, 1, 0, 2,
    0, 0, 0, 0, 3, 3, 3, -38,
    0, 1, 1, 1, 1, 1, -19, -2,
    -33, -2, -4, -1, -1, -12, -12, -18,
    -19, -18, -18, 0, 0, 0, -6, -13,
    0, 0, 0, 0, -13, -10, -21, -7,
    -11, -6, -24, -6, -6, -2, 0, 0,
    0, -8, 0, -2, -23, 0, 0, 0,
    0, -4, 0, -7, 0, -2, 0, -2,
    -2, 1, -2, -2, 0, -6, -29, -4,
    -16, -14, -1, -24, -2, 0, -14, 0,
    -15, -2, -6, -5, -6, 3, -4, -1,
    -2, 0, -6, -5, 0, -2, 2, -4,
    1, 0, -2, 1, 0, -12, -19, 0,
    0, 0, 0, 0, 0, -23, 0, 0,
    0, -8, 0, -2, -2, -2, -2, 0,
    0, 0, 0, 0, 0, -4, -24, -2,
    -2, -2, -2, -2, -2, -2, -2, -6,
    -6, -6, -6, -2, -2, -1, -2, 0,
    -6, -6, 0, -4, -4, -4, -4, 1,
    -2, 1, -2, -2, -2, -6, -5, 0,
    -6, -6, -6, -4, 0, 0, 0, 0,
    0, -2, -2, -1, 0, 0, -2, -2,
    -2, -6, -2, -2, -2, -29, 2, -4,
    -4, -4, -4, -4, -14, 0, -24, 1,
    -2, 0, 0, -25, -25, -7, -10, -7,
    -9, 0, 0, 0, -11, -20, 0, 0,
    0, 0, -21, -10, -26, -16, -12, -13,
    -15, -13, -14, -2, -8, 0, 0, 0,
    0, -2, -29, 0, 0, -7, 0, 0,
    0, -17, 0, -8, -6, -3, -3, -3,
    -3, -3, -6, -6, -32, -4, -24, -21,
    -10, -31, -10, 0, -18, -20, -19, -4,
    -1, -2, -1, -2, -2, -6, -6, 0,
    -1, -2, 0, -2, -3, -5, -4, -3,
    -8, -4, -6, -18, -15, 0, 0, 0,
    0, 0, 0, -13, 0, 0, 0, -13,
    0, -8, -8, -8, -3, -6, 0, 0,
    0, 0, 0, -4, -31, -6, -4, -4,
    -4, -4, -4, -4, -4, -1, -1, -1,
    -1, -6, -6, -3, -6, -3, -1, -1,
    0, -5, -5, -5, -5, -4, -6, -4,
    -4, -4, -4, -1, -2, 0, -1, -1,
    -1, -2, 0, -5, -6, -6, 0, -6,
    -6, -6, 0, 0, -6, -6, -6, -6,
    -2, -2, -2, -22, -3, -5, -5, -5,
    -5, -5, -21, -3, -31, -4, -10, -6,
    -6, -15, -15, -15, -18, -15, -17, 0,
    0, 0, -8, -11, 0, 0, 0, 0,
    -11, -9, -33, -3, -9, -32, -20, -32,
    -28, -1, -1, 0, 0, -14, 0, -1,
    -32, 0, 0, -2, 0, 0, 0, -3,
    0, -26, -2, -1, -1, -27, -1, -1,
    -2, -5, -32, -2, -13, -12, -26, -21,
    -28, 0, -36, 0, -39, -9, -5, -5,
    -5, 2, -6, -3, -4, 0, -5, -5,
    0, -5, 2, -2, 2, 1, -1, 2,
    -2, -27, 0, 0, 0, 0, 0, 0,
    0, -20, 0, 0, 0, -12, 0, -26,
    -26, -26, -1, -2, 0, 0, 0, 0,
    0, -2, -21, -4, -9, -9, -9, -9,
    -9, -9, -9, -5, -5, -5, -5, -4,
    -4, -2, -4, -9, -5, -5, -5, -2,
    -2, -2, -2, 2, -4, 2, -9, -9,
    -9, -5, -5, 0, -5, -5, -5, -6,
    0, 0, -2, -4, 0, -4, -4, -3,
    0, 0, -4, -4, -4, -5, -5, -5,
    -5, -32, 2, -2, -2, -2, -2, -2,
    -12, 1, -21, 2, -28, -2, -2, -21,
    -21, -5, -7, -5, -5, 0, 0, 0,
    -9, -12, 0, 0, 0, 0, -12, -9,
    -34, -7, -8, -28, -18, -28, -27, -1,
    -2, 0, 0, 0, 0, -1, -32, 0,
    0, -4, 0, 0, 0, -4, 0, -23,
    -2, -1, -1, -20, -1, -1, -2, -6,
    -32, -1, -14, -13, -25, -22, -23, 0,
    -35, 0, -33, -8, -5, -4, -5, 2,
    -4, -3, -3, 0, -5, -4, 0, -4,
    1, -2, 1, 0, -3, 1, -3, -27,
    -15, 0, 0, 0, 0, 0, 0, -18,
    0, 0, 0, -11, 0, -23, -23, -23,
    -1, -2, 0, 0, 0, 0, 0, -1,
    -22, -3, -7, -8, -7, -7, -7, -7,
    -8, -5, -5, -5, -5, -3, -3, -2,
    -3, 0, -5, -5, 0, -2, -2, -2,
    -2, 1, -3, 1, -7, -7, -8, -5,
    -4, 0, -5, -5, -5, -4, 0, -3,
    -2, -3, 0, -3, -3, -3, 0, -1,
    -3, -3, -3, -6, -4, -4, -4, -32,
    1, -2, -2, -2, -2, -2, -13, 0,
    -22, 1, -23, -3, -3, -18, -18, -8,
    -9, -8, -8, 0, 0, 0, -11, -19,
    0, 0, 0, 0, -19, -16, -24, -14,
    -19, -12, -34, -12, -9, -8, -2, 0,
    0, -19, -11, -8, -28, -8, 0, -7,
    0, -11, 0, -9, 0, -1, -6, -9,
    -9, 0, -9, -9, -6, -10, -32, -8,
    -21, -19, -2, -27, -6, 0, -13, -15,
    -17, -12, -14, -13, -14, -1, -11, -7,
    -8, 0, -14, -13, 0, -10, -1, -8,
    0, 0, -1, 0, -5, -12, 0, 0,
    0, 0, 0, 0, 0, -30, 0, 0,
    0, -15, 0, -1, -1, -1, -9, -6,
    0, 0, 0, 0, 0, -8, -27, -8,
    -12, -12, -12, -12, -12, -12, -12, -14,
    -14, -14, -14, -8, -8, -6, -8, 0,
    -14, -14, 0, -8, -8, -8, -8, 0,
    -8, 0, -12, -12, -12, -14, -13, 0,
    -14, -14, -14, -11, 0, 0, -6, -8,
    0, -8, -8, -7, 0, 0, -8, -8,
    -8, -10, -10, -10, -10, -32, -1, -8,
    -8, -8, -8, -8, -19, 0, -27, 0,
    -6, -5, -5, -34, -34, -14, -15, -14,
    -14, 0, 0, 0, -8, -11, 0, 0,
    0, -11, -11, -9, -33, -3, -9, -32,
    -20, -32, -28, -1, -1, 0, 0, 0,
    0, -1, -32, 0, 0, -2, 0, 0,
    0, -3, 0, -26, -2, -1, -1, -27,
    -1, -1, -2, -5, -32, -2, -13, -12,
    -26, -21, -28, 0, -36, 0, -39, -9,
    -5, -5, -5, 2, -6, -3, -4, 0,
    -5, -5, 0, -5, 2, -2, 2, 1,
    -1, 2, -2, -28, -16, 0, 0, 0,
    0, 0, 0, -20, 0, 0, 0, -12,
    0, -26, -26, -26, -1, -2, 0, 0,
    0, 0, 0, -2, -21, -4, -9, -9,
    -9, -9, -9, -9, -9, -5, -5, -5,
    -5, -4, -4, -2, -4, -10, -5, -5,
    0, -2, -2, -2, -2, 2, -4, 2,
    -9, -9, -9, -5, -5, 0, -5, -5,
    -5, -6, 0, 0, -2, 0, 0, -4,
    -4, -3, 0, -2, -4, -4, -4, -5,
    -5, -5, -5, -32, 2, -2, -2, -2,
    -2, -2, -12, 1, -21, 2, -28, -2,
    -2, -21, -21, -5, -7, -5, -5, 0,
    0, -32, -10, -18, 0, 0, 0, 0,
    -18, -12, -24, -12, -13, -10, -25, -10,
    -10, -4, -4, 0, 0, 0, 0, -4,
    -28, 0, 0, -6, 0, 0, 0, -13,
    0, -4, -5, -5, -5, 0, -5, -5,
    -5, -10, -32, -6, -21, -19, -6, -28,
    -5, 0, -17, 0, -18, -6, -7, -7,
    -7, 0, -7, -5, -5, 0, -7, -7,
    0, -4, -1, -5, 0, -2, -4, 0,
    -5, 0, -20, 0, 0, 0, 0, 0,
    0, -26, 0, 0, 0, -12, 0, -4,
    -4, -4, -5, -5, 0, 0, 0, 0,
    0, -6, -28, -5, -6, -6, -6, -6,
    -6, -6, -6, -7, -7, -7, -7, -5,
    -5, -3, -5, 0, -7, -7, 0, -5,
    -5, -5, -5, 0, -5, 0, -6, -6,
    -6, -7, -7, 0, -7, -7, -7, -7,
    0, 0, -5, -5, 0, -5, -5, -5,
    0, -4, -5, -5, -5, -10, -4, -4,
    -4, -32, -1, -5, -5, -5, -5, -5,
    -19, -2, -28, 0, -5, -5, -5, -25,
    -25, -11, -15, -11, -13, 0, 0, 0,
    0, 0, 0, 0, 0, 0, 0, -30,
    0, 0, 0, 0, -38, 0, 0, -23,
    -16, 0, 0, -30, 0, 0, 0, 0,
    0, 0, 0, 0, 0, 0, 0, -12,
    -11, -24, -24, -8, -24, -24, -11, -20,
    -6, -10, -7, -9, -7, -6, -10, 0,
    0, 0, 0, -20, -24, -24, -24, -23,
    -12, -8, -9, 0, -24, -24, 0, -20,
    -25, -24, -25, -27, -12, -25, -17, 0,
    0, 0, 0, 0, 0, 0, 0, 0,
    0, 0, 0, 0, 0, -12, -12, -12,
    -24, -11, 0, 0, 0, 0, 0, -10,
    -6, 0, 0, -20, 0, 0, 0, 0,
    -20, -24, -24, -24, 0, -9, -9, 0,
    0, 0, -24, 0, 0, -24, -24, -24,
    -24, -25, -9, -25, 0, 0, -20, -24,
    -24, 0, -24, -24, 0, -12, 0, 0,
    -11, 0, 0, -9, 0, -8, 0, 0,
    0, 0, -9, -20, -20, -20, -20, -6,
    -25, -24, -24, -24, -24, -24, -9, -27,
    -6, -25, -10, -17, -17, 0, 0, 0,
    0, 0, 0, 0, 0, 0, 0, 0,
    0, 0, 0, 0, 0, 0, -29, 0,
    0, 0, 0, 0, 0, 0, 0, 0,
    0, 0, 0, 0, 0, 0, 0, 0,
    0, 0, 0, 0, 0, 0, 0, 0,
    0, 0, 0, 0, 0, 0, 0, 0,
    0, 0, 0, 0, 0, 0, 0, 0,
    0, 0, 0, 0, 0, 0, 0, 0,
    0, 0, 0, 0, 0, 0, 0, 0,
    0, 0, 0, 0, 0, -22, 0, 0,
    0, 0, 0, 0, 0, 0, 0, 0,
    0, 0, 0, 0, 0, 0, 0, 0,
    0, 0, 0, 0, 0, 0, 0, 0,
    0, 0, 0, 0, 0, 0, 0, 0,
    0, 0, 0, 0, 0, 0, 0, 0,
    0, 0, 0, 0, 0, 0, 0, 0,
    0, 0, 0, 0, 0, 0, 0, 0,
    0, 0, 0, 0, 0, 0, 0, 0,
    0, 0, 0, 0, 0, 0, 0, 0,
    0, 0, 0, 0, 0, 0, 0, 0,
    0, 0, 0, 0, 0, 0, 0, 0,
    0, 0, 0, 0, 0, 0, 0, 0,
    0, 0, 0, 0, -20, -29, 0, 0,
    0, 0, -29, -17, -48, -26, 0, -48,
    -23, -48, -35, -7, -13, -27, -26, -22,
    -16, -7, -50, -17, -11, -12, 0, 0,
    0, 0, 0, -33, -13, -7, -7, -50,
    -7, -7, -13, -20, -56, -11, -28, -26,
    -44, -38, -44, 0, -49, 0, 0, -15,
    -11, -11, -11, -8, -11, -13, -14, 0,
    -11, -11, 0, -11, -8, -13, -9, -10,
    -21, -9, -19, 0, 0, 0, 0, 0,
    0, 0, 0, -25, 0, 0, 0, -17,
    0, -33, -33, -33, -7, -13, 0, 0,
    0, 0, 0, -11, -38, 0, 0, -15,
    0, 0, 0, 0, -15, -11, -11, -11,
    -11, -14, -14, 0, 0, 0, -11, -11,
    0, -13, -13, -13, -13, -9, -14, -9,
    0, 0, -15, -11, -11, 0, -11, -11,
    -11, -11, 0, 0, -13, 0, 0, -14,
    0, -13, 0, 0, 0, 0, -14, -20,
    -11, -11, -11, -56, -8, -13, -13, -13,
    -13, -13, -26, -10, -38, -9, -44, -19,
    -19, 0, 0, -21, -23, -21, 0, 0,
    0, 0, 0, 0, 0, 0, 0, 0,
    0, 0, 0, 0, 0, 0, 0, 0,
    0, 0, 0, 0, 0, 0, 0, 0,
    0, 0, 0, 0, 0, 0, 0, 0,
    0, 0, 0, 0, 0, 0, 0, 0,
    0, 0, -34, 0, -26, 0, 0, -32,
    0, 0, 0, 0, 0, 0, 0, 0,
    0, 0, 0, 0, 0, 0, 0, 0,
    0, 0, 0, 0, 0, 0, 0, 0,
    0, 0, 0, 0, 0, 0, 0, 0,
    0, 0, 0, 0, 0, 0, 0, 0,
    0, 0, 0, 0, 0, 0, 0, 0,
    0, 0, 0, 0, 0, 0, 0, 0,
    0, 0, 0, 0, 0, 0, 0, 0,
    0, 0, 0, 0, 0, 0, 0, 0,
    0, 0, 0, 0, 0, 0, 0, 0,
    0, 0, 0, 0, 0, 0, 0, 0,
    0, 0, 0, 0, 0, 0, 0, 0,
    0, 0, 0, 0, 0, 0, 0, 0,
    0, 0, 0, 0, 0, 0, 0, 0,
    0, 0, 0, 0, 0, 0, 0, 0,
    0, 0, 0, 0, 0, 0, 0, 0,
    0, 0, 0, 0, 0, 0, 0, 0,
    -32, 0, 0, 0, 0, 0, 0, 0,
    0, 0, 0, 0, 0, 0, -30, 0,
    0, 0, 0, 0, 0, 0, 0, 0,
    0, 0, 0, 0, 0, 0, 0, 0,
    0, 0, 0, 0, 0, 0, 0, 0,
    0, 0, 0, 0, 0, 0, 0, 0,
    0, 0, 0, 0, 0, 0, 0, 0,
    0, 0, 0, 0, 0, 0, 0, 0,
    0, 0, 0, 0, 0, 0, 0, 0,
    0, 0, 0, 0, 0, 0, 0, 0,
    0, 0, 0, 0, 0, 0, 0, 0,
    0, 0, 0, 0, 0, 0, 0, 0,
    0, 0, 0, 0, 0, 0, 0, 0,
    0, 0, 0, 0, 0, 0, 0, 0,
    0, 0, 0, 0, 0, 0, 0, 0,
    0, 0, 0, 0, 0, 0, 0, 0,
    0, 0, 0, 0, 0, 0, 0, 0,
    0, 0, 0, 0, 0, 0, 0, 0,
    0, 0, 0, 0, 0, 0, 0, 0,
    0, 0, 0, 0, 0, 0, 0, 0,
    0, 0, 0, 0, 0, 0, 0, 0,
    0, 0, 0, 0, 0, 0, -25, 0,
    0, 0, 0, 0, 0, 0, -1, 0,
    -4, -17, -11, -8, -11, 0, 0, 0,
    0, 0, 0, 0, 0, 0, 0, 0,
    0, 0, 0, 0, 0, 0, 0, 0,
    0, 0, 0, 0, 0, 0, 0, 0,
    0, 0, 0, 0, 0, 0, 0, 0,
    0, 0, 0, 0, 0, 0, 0, 0,
    0, 0, 0, 0, 0, 0, 0, 0,
    0, 0, 0, 0, 0, 0, 0, 0,
    0, 0, 0, 0, 0, 0, 0, 0,
    0, 0, 0, 0, 0, 0, 0, 0,
    0, 0, 0, 0, 0, 0, 0, 0,
    0, 0, 0, 0, 0, 0, 0, 0,
    0, 0, 0, 0, 0, 0, 0, 0,
    0, 0, 0, 0, 0, 0, 0, 0,
    0, 0, 0, 0, 0, 0, 0, 0,
    0, 0, 0, 0, 0, 0, 0, 0,
    0, 0, 0, 0, 0, 0, 0, 0,
    0, 0, 0, 0, 0, 0, 0, 0,
    0, 0, 0, 0, 0, 0, 0, 0,
    0, 0, 0, 0, 0, 0, 0, 0,
    0, 0, 0, 0, 0, 0, 0, 0,
    0, 0, -26, 0, 0, 0, 0, 0,
    0, 0, 0, 0, 0, 0, 0, 0,
    0, 0, 0, 0, 0, 0, 0, 0,
    0, 0, 0, 0, 0, 0, 0, 0,
    0, 0, 0, 0, 0, 0, 0, 0,
    0, 0, 0, 0, 0, 0, 0, 0,
    0, 0, 0, 0, 0, 0, 0, 0,
    0, 0, 0, 0, 0, 0, 0, 0,
    0, 0, 0, 0, 0, 0, 0, 0,
    0, 0, 0, 0, 0, 0, 0, 0,
    0, 0, 0, 0, 0, 0, 0, 0,
    0, 0, 0, 0, 0, 0, 0, 0,
    0, 0, 0, 0, 0, 0, 0, 0,
    0, 0, 0, 0, 0, 0, 0, 0,
    0, 0, 0, 0, 0, 0, 0, 0,
    0, 0, 0, 0, 0, 0, 0, 0,
    0, 0, 0, 0, 0, 0, 0, 0,
    0, 0, 0, 0, 0, 0, 0, 0,
    0, 0, 0, 0, 0, 0, 0, 0,
    0, 0, 0, 0, 0, 0, 0, 0,
    0, 0, 0, 0, 0, 0, 0, 0,
    0, 0, -36, 0, 0, 0, 0, 0,
    0, 0, 0, 0, 0, 0, 0, 0,
    0, 0, 0, 0, 0, 0, 0, 0,
    0, 0, 0, 0, 0, -18, 0, 0,
    0, 0, 0, 0, 0, 0, 0, 0,
    0, 0, 0, 0, 0, 0, 0, 0,
    0, 0, 0, 0, 0, 0, 0, 0,
    0, 0, 0, 0, 0, 0, 0, 0,
    0, 0, 0, 0, 0, 0, 0, 0,
    0, 0, 0, 0, 0, 0, 0, 0,
    0, 0, 0, 0, 0, 0, 0, 0,
    0, 0, 0, 0, 0, 0, 0, 0,
    0, 0, 0, 0, 0, 0, 0, 0,
    0, 0, 0, 0, 0, 0, 0, 0,
    0, 0, 0, 0, 0, 0, 0, 0,
    0, 0, 0, 0, 0, 0, 0, 0,
    0, 0, 0, 0, 0, 0, 0, 0,
    0, 0, 0, 0, 0, 0, 0, 0,
    0, 0, 0, 0, 0, 0, 0, 0,
    0, 0, 0, 0, 0, 0, 0, 0,
    0, 0, 0, 0, 0, 0, 0, 0,
    0, 0, 0, 0, 0, 0, 0, 0,
    -23, 0, 0, -48, -33, -48, 0, 0,
    0, 0, 0, 0, 0, 0, 0, 0,
    0, 0, 0, 0, 0, 0, 0, 0,
    0, 0, 0, 0, 0, 0, 0, 0,
    0, 0, 0, 0, 0, 0, 0, 0,
    0, 0, 0, 0, 0, 0, 0, 0,
    0, 0, 0, 0, 0, 0, 0, 0,
    0, 0, 0, 0, 0, 0, 0, 0,
    0, 0, 0, 0, 0, 0, 0, 0,
    0, 0, 0, 0, 0, 0, 0, 0,
    0, 0, 0, 0, 0, 0, 0, 0,
    0, 0, 0, 0, 0, 0, 0, 0,
    0, 0, 0, 0, 0, 0, 0, 0,
    0, 0, 0, 0, 0, 0, 0, 0,
    0, 0, 0, 0, 0, 0, 0, 0,
    0, 0, 0, 0, 0, 0, 0, 0,
    0, 0, 0, 0, 0, 0, 0, 0,
    0, 0, 0, 0, 0, 0, 0, 0,
    0, 0, 0, 0, 0, 0, 0, 0,
    0, 0, 0, 0, 0, 0, 0, 0,
    0, 0, 0, 0, 0, 0, -16, -29,
    0, 0, -14, 0, -29, -19, -36, -27,
    -14, -18, -27, -18, -20, -10, -13, -12,
    -16, -15, -15, -10, -35, -14, -9, -12,
    0, 0, 0, 0, 0, -16, -12, -10,
    -10, -8, -10, -10, -12, -17, -56, -13,
    -29, -27, -19, -38, -16, 0, -27, 0,
    0, -12, -12, -12, -12, -7, -12, -13,
    -13, 0, -12, -12, 0, -10, -7, -13,
    -11, -11, -15, -11, -12, 0, 0, 0,
    0, 0, 0, 0, 0, -28, 0, 0,
    0, -14, 0, -16, -16, -16, -10, -12,
    -12, 0, 0, 0, -9, -13, -38, -13,
    -12, -12, -12, -12, -12, -12, -12, -12,
    -12, -12, -12, -13, -13, -13, 0, 0,
    -12, -12, 0, -13, -13, -13, -13, -11,
    -13, -11, -12, -12, -12, -12, -12, 0,
    -12, -12, -12, -12, 0, 0, -12, 0,
    0, -13, -13, -13, 0, 0, -13, -13,
    -13, -17, -10, -10, -10, -56, -7, -13,
    -13, -13, -13, -13, -27, -11, -38, -11,
    -16, -12, -12, -28, -28, -22, -23, -22,
    0, 0, 0, 0, 0, 0, 0, 0,
    0, 0, 0, 0, -36, 0, 0, 0,
    0, 0, 0, 0, 0, 0, 0, 0,
    0, 0, 0, 0, 0, 0, 0, 0,
    0, 0, 0, 0, 0, 0, 0, 0,
    0, 0, 0, 0, 0, 0, 0, 0,
    0, 0, 0, 0, 0, 0, 0, 0,
    0, 0, 0, 0, 0, 0, 0, 0,
    0, 0, 0, 0, 0, 0, 0, 0,
    0, 0, 0, 0, 0, 0, 0, 0,
    0, 0, 0, 0, 0, 0, 0, 0,
    0, 0, 0, 0, 0, 0, 0, 0,
    0, 0, 0, 0, 0, 0, 0, 0,
    0, 0, 0, 0, 0, 0, 0, 0,
    0, 0, 0, 0, 0, 0, 0, 0,
    0, 0, 0, 0, 0, 0, 0, 0,
    0, 0, 0, 0, 0, 0, 0, 0,
    0, 0, 0, 0, 0, 0, 0, 0,
    0, 0, 0, 0, 0, 0, 0, 0,
    0, 0, 0, 0, 0, 0, 0, 0,
    0, 0, 0, 0, 0, 0, 0, 0,
    0, 0, 0, 0, 0, 0, 0, 0,
    0, 0, -13, -9, 0, 0, 0, 0,
    -9, 0, -21, -6, 0, -48, -50, -48,
    -43, -12, -2, -4, -6, -42, -15, -12,
    -5, -8, -5, -21, 0, 0, 0, 0,
    0, -42, 0, -13, 0, 0, 0, 0,
    0, -12, 0, 0, 0, -10, 0, 0,
    0, 0, -15, 0, 0, -29, -29, -28,
    0, 0, -28, 0, 0, 0, -29, 0,
    0, 0, 0, 0, 0, 0, 0, 0,
    0, 0, 0, 0, 0, 0, 0, 0,
    0, 0, 0, 0, 0, -29, 0, 0,
    0, 0, 0, 0, 0, 0, 0, 0,
    0, 0, 0, 0, 0, 0, 0, 0,
    0, 0, 0, 0, 0, 0, 0, 0,
    0, 0, 0, 0, 0, 0, 0, 0,
    0, 0, 0, 0, 0, 0, 0, 0,
    0, 0, 0, 0, 0, 0, 0, 0,
    0, 0, 0, 0, 0, 0, 0, 0,
    0, 0, 0, 0, 0, 0, 0, 0,
    0, 0, 0, 0, 0, 0, 0, 0,
    0, 0, 0, 0, 0, 0, 0, -53,
    -53, -8, -10, -8, 0, 0, 0, 0,
    0, 0, 0, 0, 0, 0, 0, 0,
    -22, 0, 0, -48, -41, -48, -40, 0,
    0, 0, 0, 0, 0, 0, 0, 0,
    0, 0, 0, 0, 0, 0, 0, 0,
    0, 0, 0, 0, 0, 0, 0, 0,
    0, 0, 0, 0, 0, 0, 0, 0,
    0, 0, 0, 0, 0, 0, 0, 0,
    0, 0, 0, 0, 0, 0, 0, 0,
    0, 0, 0, 0, 0, 0, 0, 0,
    0, 0, 0, 0, 0, 0, 0, 0,
    0, 0, 0, 0, 0, 0, 0, 0,
    0, 0, 0, 0, 0, 0, 0, 0,
    0, 0, 0, 0, 0, 0, 0, 0,
    0, 0, 0, 0, 0, 0, 0, 0,
    0, 0, 0, 0, 0, 0, 0, 0,
    0, 0, 0, 0, 0, 0, 0, 0,
    0, 0, 0, 0, 0, 0, 0, 0,
    0, 0, 0, 0, 0, 0, 0, 0,
    0, 0, 0, 0, 0, 0, 0, 0,
    0, 0, 0, 0, 0, 0, 0, 0,
    0, 0, 0, 0, 0, 0, 0, 0,
    0, 0, 0, 0, 0, 0, -20, -43,
    0, 0, -33, 0, -43, -16, -45, -42,
    -19, -25, -15, -25, -26, -9, -30, -23,
    -9, -6, -10, -9, -40, -7, -11, -21,
    0, 0, 0, 0, 0, -22, -12, -10,
    -10, -21, -10, -10, -12, -10, -54, -11,
    -38, -34, -31, -55, -26, 0, -42, 0,
    0, -13, -5, -6, -5, -19, -6, -13,
    -13, 0, -5, -6, 0, -13, -21, -12,
    -19, -18, -32, -19, -25, 0, 0, 0,
    0, 0, 0, 0, 0, -12, 0, 0,
    0, -28, 0, -22, -22, -22, -10, -12,
    0, 0, 0, 0, 0, -11, -55, -13,
    -13, -13, -13, -13, -13, -13, -13, -5,
    -5, -5, -5, -13, -13, 0, 0, 0,
    -5, -5, 0, -12, -12, -12, -12, -19,
    -13, -19, -13, -13, -13, -5, -6, 0,
    -5, -5, -5, -6, 0, 0, -12, 0,
    0, -13, -13, -13, 0, 0, -13, -13,
    -13, -10, -13, -13, -13, -54, -21, -12,
    -12, -12, -12, -12, -34, -18, -55, -19,
    -26, -25, -25, -15, -15, -36, -37, -36,
    0, 0, 0, 0, 0, 0, 0, 0,
    0, 0, 0, 0, 0, 0, 0, 0,
    0, 0, 0, 0, 0, 0, 0, 0,
    0, 0, 0, 0, 0, 0, 0, 0,
    0, 0, 0, 0, 0, -36, 0, 0,
    -37, -37, 0, -30, -53, 0, -56, 0,
    0, -58, 0, 0, 0, 0, 0, 0,
    -27, 0, -27, 0, 0, 0, 0, 0,
    0, -26, 0, 0, 0, 0, 0, 0,
    0, 0, 0, 0, 0, 0, 0, 0,
    0, 0, 0, 0, 0, 0, 0, 0,
    0, 0, 0, 0, 0, 0, 0, 0,
    0, 0, 0, 0, 0, 0, 0, 0,
    0, 0, 0, 0, 0, 0, 0, 0,
    0, 0, 0, 0, 0, 0, 0, 0,
    0, 0, 0, 0, 0, 0, 0, 0,
    0, 0, 0, 0, 0, 0, 0, 0,
    0, 0, 0, 0, 0, 0, 0, 0,
    0, 0, 0, 0, 0, 0, 0, 0,
    0, 0, 0, 0, 0, 0, 0, 0,
    0, 0, 0, 0, 0, 0, 0, 0,
    0, 0, 0, 0, 0, 0, 0, 0,
    0, 0, -11, -43, 0, 0, 0, 0,
    -43, -19, -22, -41, -30, -10, -25, -10,
    -8, -13, -26, 0, 0, 0, 0, -13,
    0, 0, 0, -7, 0, 0, 0, -37,
    0, 0, -5, -16, -16, 0, -16, -16,
    -5, -12, -42, -15, -42, -38, -1, -44,
    -2, 0, -13, 0, -18, -8, -11, -10,
    -11, -15, -8, -8, -8, 0, -11, -10,
    0, -7, -20, -13, -25, -23, -1, -25,
    -4, 0, 0, 0, 0, 0, 0, 0,
    0, -22, 0, 0, 0, -16, 0, 0,
    0, 0, -16, -5, 0, 0, 0, 0,
    0, -15, -44, -8, -8, -8, -8, -8,
    -8, -8, -8, -11, -11, -11, -10, -8,
    -8, -8, -8, 0, -11, -10, 0, -13,
    -13, -13, -13, -25, -8, -25, -8, -8,
    -8, -11, -10, 0, -11, -11, -10, -8,
    0, 0, -5, 0, 0, -8, -8, -8,
    0, 0, -8, -8, -8, -12, -7, -7,
    -7, -42, -20, -13, -13, -13, -13, -13,
    -38, -23, -44, -25, -2, -4, -4, -26,
    -26, -39, -40, -39, -39, 0, 0, 0,
    -11, -43, 0, 0, 0, 0, -43, -19,
    -22, -41, -30, -10, -25, -10, -8, -13,
    -26, 0, 0, 0, 0, -13, 0, 0,
    0, -7, 0, 0, 0, -37, 0, 0,
    -5, -16, -16, 0, -16, -16, -5, -12,
    -42, -15, -42, -38, -1, -44, -2, 0,
    -13, 0, -18, -8, -11, -10, -11, -15,
    -8, -8, -8, 0, -11, -10, 0, -7,
    -20, -13, -25, -23, -1, -25, -4, 0,
    0, 0, 0, 0, 0, 0, 0, -22,
    0, 0, 0, -16, 0, 0, 0, 0,
    -16, -5, 0, 0, 0, 0, 0, -15,
    -44, -8, -8, -8, -8, -8, -8, -8,
    -8, -11, -11, -11, -10, -8, -8, -8,
    -8, -12, -11, -10, 0, -13, -13, -13,
    -13, -25, -8, -25, -8, -8, -8, -11,
    -10, 0, -11, -11, -10, -8, 0, 0,
    -5, 0, 0, -8, -8, -8, 0, -9,
    -8, -8, -8, -12, -7, -7, -7, -42,
    -20, -13, -13, -13, -13, -13, -38, -23,
    -44, -25, -2, -4, -4, -26, -26, -39,
    -40, -39, -39, 0, 0, 0, -10, -12,
    0, 0, 0, 0, -12, -19, -13, -12,
    -17, -11, -24, -11, -11, -10, -7, 0,
    0, 0, 0, -10, 0, 0, 0, -9,
    0, 0, 0, -15, 0, -4, -5, -11,
    -11, 1, -11, -11, -5, -12, -2, -6,
    -6, -8, -4, -4, -4, 0, -11, 0,
    -19, -9, -11, -11, -11, -12, -11, -4,
    -4, 0, -11, -11, 0, -7, -12, -13,
    -14, -14, -8, -14, -7, 0, 0, 0,
    0, 0, 0, 0, 0, -24, 0, 0,
    0, -14, 0, -4, -4, -4, -11, -5,
    0, 0, 0, 0, 0, -6, -4, -11,
    -8, -9, -8, -8, -8, -8, -9, -11,
    -11, -11, -10, -4, -4, 0, 5, -12,
    -11, -10, 0, -13, -13, -13, -13, -14,
    -4, -14, -8, -8, -9, -11, -11, 0,
    -11, -11, -10, -11, 0, 0, -5, 0,
    0, -4, -11, -4, 0, 0, -11, -11,
    -4, -12, -7, -7, -7, -2, -12, -13,
    -13, -13, -13, -13, -8, -14, -4, -14,
    -4, -7, -7, -25, -25, -15, -12, -15,
    -12, 0, 0, 0, -9, -14, 0, 0,
    0, 0, -14, -9, -31, -8, -15, -18,
    -14, -18, -19, 1, -1, 0, 0, 0,
    0, 1, 0, 0, 0, -7, 0, 0,
    0, -8, 0, -13, 0, -1, -1, -8,
    -1, -1, 0, 0, -15, -1, -13, -12,
    -19, -19, -12, 0, -23, 0, -38, -7,
    -1, -1, -1, 0, -1, -3, -4, 0,
    -1, -1, 0, -6, 0, -5, 0, -1,
    -10, 0, -7, 0, 0, 0, 0, 0,
    0, 0, 0, -8, 0, 0, 0, -12,
    0, -13, -13, -13, -1, 0, 0, 0,
    0, 0, 0, -1, -19, -6, -6, -7,
    -6, -6, -6, -6, -7, -1, -1, -1,
    -1, -4, -4, 3, 0, 0, -1, -1,
    0, -5, -5, -5, -5, 0, -4, 0,
    -6, -6, -7, -1, -1, 0, -1, -1,
    -1, -1, 0, 0, 0, 0, 0, -4,
    -6, -3, 0, 0, -6, -6, -4, 0,
    -6, -6, -6, -15, 0, -5, -5, -5,
    -5, -5, -12, -1, -19, 0, -12, -7,
    -7, -14, -14, -7, -10, -7, -9, 0,
    0, 0, -10, -12, 0, 0, 0, 0,
    -12, -19, -13, -12, -17, -11, -24, -11,
    -11, -10, -7, 0, 0, 0, 0, -10,
    0, 0, 0, -9, 0, 0, 0, -15,
    0, -4, -5, -11, -11, 1, -11, -11,
    -5, -12, -2, -6, -6, -8, -4, -4,
    -4, 0, -11, 0, -19, -9, -11, -11,
    -11, -12, -11, -4, -4, 0, -11, -11,
    0, -7, -12, -13, -14, -14, -8, -14,
    -7, 0, 0, 0, 0, 0, 0, 0,
    0, -24, 0, 0, 0, -14, 0, -4,
    -4, -4, -11, -5, 0, 0, 0, 0,
    0, -6, -4, -11, -8, -9, -8, -8,
    -8, -8, -9, -11, -11, -11, -10, -4,
    -4, 0, 5, 0, -11, -10, 0, -13,
    -13, -13, -13, -14, -4, -14, -8, -8,
    -9, -11, -11, 0, -11, -11, -10, -11,
    0, 0, -5, 0, 0, -4, -11, -4,
    0, 0, -11, -11, -4, -12, -7, -7,
    -7, -2, -12, -13, -13, -13, -13, -13,
    -8, -14, -4, -14, -4, -7, -7, -25,
    -25, -15, -12, -15, -12, 0, 0, 0,
    -7, -10, 0, 0, 0, 0, -10, -9,
    -13, -8, 0, -13, -14, -13, -13, 0,
    -1, 0, 0, 0, 0, 0, 0, 0,
    0, -5, 0, 0, 0, -8, 0, -5,
    -4, 0, 0, 0, 0, 0, -4, -2,
    -3, -3, -5, -5, -5, -4, -5, 0,
    -10, 0, -20, -4, 0, -1, 0, -1,
    0, -2, -4, 0, 0, -1, 0, -1,
    -1, -4, -2, -2, -8, -2, -5, 0,
    0, 0, 0, 0, 0, 0, 0, -12,
    0, 0, 0, -12, 0, -5, -5, -5,
    0, -4, 0, 0, 0, 0, 0, -3,
    -4, -6, -2, -4, -2, -2, -2, -2,
    -4, 0, 0, 0, 1, -4, -4, 0,
    0, 0, 0, 1, 0, -4, -4, -4,
    -4, -2, -4, -2, -2, -2, -4, 0,
    -1, 0, 0, 0, 1, 0, 0, 0,
    -4, 0, 0, -4, -6, -2, 0, 0,
    -6, -6, -4, -2, -1, -1, -1, -3,
    -1, -4, -4, -4, -4, -4, -5, -2,
    -4, -2, -5, -5, -5, -14, -14, -10,
    -10, -10, -9, 0, 0, 0, -7, -10,
    0, 0, 0, 0, -10, -9, -13, -8,
    0, -13, -14, -13, -13, 0, -1, 0,
    0, 0, 0, 0, 0, 0, 0, -5,
    0, 0, 0, -8, 0, -5, -4, 0,
    0, 0, 0, 0, -4, -2, -3, -3,
    -5, -5, -5, -4, -5, 0, -10, 0,
    -20, -4, 0, -1, 0, -1, 0, -2,
    -4, 0, 0, -1, 0, -1, -1, -4,
    -2, -2, -8, -2, -5, 0, 0, 0,
    0, 0, 0, 0, 0, -12, 0, 0,
    0, -12, 0, -5, -5, -5, 0, 14,
    0, 0, 0, 0, 0, -3, -4, -6,
    -2, -4, -2, -2, -2, -2, -4, 0,
    0, 0, 1, -4, -4, 0, 0, 0,
    0, 1, 0, -4, -4, -4, -4, -2,
    -4, -2, -2, -2, -4, 0, -1, 0,
    0, 0, 1, 0, 0, 0, -4, 0,
    0, -4, -6, -2, 0, 0, -6, -6,
    -4, -2, -1, -1, -1, -3, -1, -4,
    -4, -4, -4, -4, -5, -2, -4, -2,
    -5, -5, -5, -14, -14, -10, -10, -10,
    -9, 0, 0, 0, 0, 0, 0, 0,
    0, 0, 0, 0, 0, 0, 0, 0,
    0, 0, 0, 0, 0, 0, 0, 0,
    0, 0, 0, 0, 0, 0, 0, 0,
    0, 0, 0, 0, 0, 0, 0, 0,
    0, 0, 0, 0, 0, 0, 0, 0,
    0, 0, 0, 0, 0, 0, 0, 0,
    0, 0, 0, 0, 0, 0, 0, 0,
    0, 0, 0, 0, 0, 0, 0, 0,
    0, 0, -5, 0, 0, 0, 0, 0,
    0, 0, 0, 0, 0, 0, 0, 0,
    0, 0, 0, 0, 0, 0, 0, 0,
    0, 0, 0, 0, 0, 0, 0, 0,
    0, 0, 0, 0, 0, 0, 0, 0,
    0, 0, 0, 0, 0, 0, 0, 0,
    0, 0, 0, 0, 0, 0, 0, 0,
    0, 0, 0, 0, 0, 0, 0, 0,
    0, 0, 0, 0, 0, 0, 0, 0,
    0, 0, 0, 0, 0, 0, 0, 0,
    0, 0, 0, 0, 0, 0, 0, 0,
    0, 0, 0, 0, 0, 0, 0, 0,
    0, 0, 0, 0, 0, 0, 0, 0,
    0, 0, 0, 0, 0, 0, 0, 0,
    0, 0, 0, 0, 0, 0, -14, 0,
    0, 0, 0, 0, 0, 0, 0, 0,
    0, 0, 0, 0, 0, 0, 0, 0,
    0, 0, 0, 0, 0, 0, 0, 0,
    0, 0, 0, 0, 0, 0, 0, 0,
    0, 0, 0, 0, 0, 0, 0, 0,
    0, 0, 0, 0, 0, 0, 0, 0,
    0, 0, 0, 0, 0, 0, 0, 0,
    0, 0, 0, 0, 0, 0, 0, 0,
    0, 0, 0, 0, 0, 0, 0, 0,
    0, 0, 0, 0, 0, 50, 0, 0,
    0, 0, 0, 0, 0, 0, 0, 0,
    0, 0, 0, 0, 0, 0, 0, 0,
    0, 0, 0, 0, 0, 0, 0, 0,
    0, 0, 0, 0, 0, 0, 0, 0,
    0, 0, 0, 0, 0, 0, 0, 0,
    0, 0, 0, 0, 0, 0, 0, 0,
    0, 0, 0, 0, 0, 0, 0, 0,
    0, 0, 0, 0, 0, 0, 0, 0,
    0, 0, 0, 0, 0, 0, 0, 0,
    0, 0, 0, 0, 0, 0, 0, 0,
    -8, -18, 0, 0, 0, 0, -18, -6,
    -35, -12, -6, -23, -10, -23, -21, 4,
    -1, 0, 0, 0, 0, 4, 0, 0,
    0, -6, 0, 0, 0, -14, 0, -17,
    0, 1, 1, -17, 1, 1, 0, -1,
    -20, 0, -16, -15, -25, -23, -17, 0,
    -28, 0, -45, -4, -1, -1, -1, 0,
    -1, -2, -2, 0, -1, -1, 0, -1,
    0, -2, -1, -2, -12, -1, -7, 0,
    0, 0, 0, 0, 0, 0, 0, -10,
    0, 0, 0, -10, 0, -17, -17, -17,
    1, 0, 0, 0, 0, 0, 0, 0,
    -23, -3, -4, -4, -4, -4, -4, -4,
    -4, -1, -1, -1, -1, -2, -2, 3,
    0, 0, -1, -1, 0, -2, -2, -2,
    -2, -1, -2, -1, -4, -4, -4, -1,
    -1, 0, -1, -1, -1, -1, 0, 0,
    0, 0, 0, -2, -3, -2, 0, 0,
    -3, -3, -2, -1, -1, -1, -1, -20,
    0, -2, -2, -2, -2, -2, -15, -2,
    -23, -1, -17, -7, -7, -10, -10, -11,
    -13, -11, -11, 0, 0, 0, -8, -18,
    0, 0, 0, 0, -18, -6, -35, -12,
    -6, -22, -10, -22, -21, 4, -1, 0,
    0, 0, 0, 4, 0, 0, 0, -6,
    0, 0, 0, -14, 0, -16, 0, 2,
    2, -15, 2, 2, 0, -1, -19, 0,
    -16, -14, -24, -21, -16, 0, -27, 0,
    -43, -4, -1, 0, -1, 0, -1, -2,
    -2, 0, -1, 0, 0, 0, 0, -2,
    -1, -1, -12, -1, -7, 0, 0, 0,
    0, 0, 0, 0, 0, -10, 0, 0,
    0, -10, 0, -16, -16, -16, 2, 0,
    0, 0, 0, 0, 0, 0, -21, -3,
    -4, -4, -4, -4, -4, -4, -4, -1,
    -1, -1, -1, -2, -2, 3, 1, 0,
    -1, -1, 0, -2, -2, -2, -2, -1,
    -2, -1, -4, -4, -4, -1, 0, 0,
    -1, -1, -1, -1, 0, 0, 0, 0,
    0, -2, -3, -2, 0, 0, -3, -3,
    -2, -1, 0, 0, 0, -19, 0, -2,
    -2, -2, -2, -2, -14, -1, -21, -1,
    -16, -7, -7, -10, -10, -10, -13, -10,
    -11, 0, 0, 0, 0, 0, 0, 0,
    0, 0, 0, 0, -38, 0, 0, 0,
    0, 0, 0, 0, -5, 0, -6, -7,
    -9, 0, -24, 0, 0, 0, 0, 0,
    0, 0, 0, -23, 0, 0, 0, 0,
    0, 0, 0, 0, -25, 0, 0, 0,
    0, 0, 0, 0, 0, 0, 0, 0,
    0, 0, 0, 0, 0, 0, 0, 0,
    0, 0, 0, 0, 0, 0, 0, 0,
    0, 0, 0, 0, 0, 0, 0, 0,
    0, 0, 0, 0, 0, 0, 0, 0,
    0, 0, 0, 0, 0, 0, 0, 0,
    0, 0, 0, 0, 0, 0, 0, 0,
    0, 0, 0, 0, 0, 0, 0, 0,
    0, 0, 0, 0, 0, 0, 0, 0,
    0, 0, 0, 0, 0, 0, 0, 0,
    0, 0, 0, 0, 0, 0, 0, 0,
    0, 0, 0, 0, 0, 0, 0, 0,
    0, 0, 0, 0, 0, 0, 0, 0,
    0, 0, 0, 0, 0, 0, 0, 0,
    0, 0, 0, 0, 0, 0, 0, 0,
    0, 0, 0, 0, 0, 0, 0, 0,
    0, 0, 0, 0, 0, 0, 0, 0,
    0, 0, -21, 0, 0, 0, -10, 0,
    0, 0, 0, 0, 0, 0, 0, 0,
    0, 0, 0, 0, 0, 0, 0, 0,
    0, 0, 0, 0, 0, -15, 0, 0,
    0, 0, 0, 0, 0, 0, 0, 0,
    0, 0, 0, 0, 0, 0, 0, 0,
    0, 0, 0, 0, 0, 0, 0, 0,
    0, 0, 0, 0, -1, 0, 0, -2,
    0, 0, 0, 0, 0, 0, 0, 0,
    0, 0, 0, 0, 0, 0, 0, 0,
    0, 0, 0, 0, 0, 0, 0, 0,
    0, 0, 0, 0, 0, 0, 0, 0,
    0, 0, 0, 0, 0, 0, 0, 0,
    0, 0, 0, 0, 0, 0, 0, 0,
    0, 0, 0, 0, 0, 0, 0, 0,
    0, 0, 0, 0, 0, 0, 0, 0,
    0, 0, 0, 0, 0, 0, 0, 0,
    0, 0, 0, 0, 0, 0, 0, 0,
    0, 0, 0, 0, 0, 0, 0, 0,
    0, 0, 0, 0, 0, 0, 0, 0,
    0, 0, 0, 0, 0, 0, 0, 0,
    -7, -8, 0, 0, 0, 0, -8, -8,
    -13, -7, -10, -20, -13, -20, -21, 0,
    0, 0, 0, 0, 0, 0, 0, 0,
    0, -8, 0, 0, 0, -7, 0, -15,
    -3, 0, 0, -11, 0, 0, -3, -1,
    -2, -1, -3, -4, -8, -2, -7, 0,
    -10, 0, -38, -5, -1, -1, -1, 0,
    -1, -1, -2, 0, -1, -1, 0, -2,
    0, -3, -1, -1, -11, -1, -8, 0,
    0, 0, 0, 0, 0, 0, 0, -11,
    0, 0, 0, -13, 0, -15, -15, -15,
    0, -3, 0, 0, 0, 0, 0, -1,
    -2, -4, -4, -5, -4, -4, -4, -4,
    -5, -1, -1, -1, 0, -2, -2, 6,
    10, 0, -1, 0, 0, -3, -3, -3,
    -3, -1, -2, -1, -4, -4, -5, -1,
    -1, 0, -1, -1, 0, -1, 0, 0,
    -3, 0, 0, -2, -4, -1, 0, 0,
    -4, -4, -2, -1, -2, -2, -2, -2,
    0, -3, -3, -3, -3, -3, -4, -1,
    -2, -1, -7, -8, -8, -13, -13, -9,
    -8, -9, -8, 0, 0, 0, -10, -6,
    0, 0, 0, 0, -6, -30, -8, -11,
    -38, -48, -55, -48, -48, -19, -8, 0,
    0, 0, 0, -19, 0, 0, 0, -31,
    0, 0, 0, -13, 0, -44, -4, -21,
    -21, -39, -21, -21, -4, -18, 0, -2,
    0, 0, -1, 0, -4, 0, -6, 0,
    -51, -39, -38, -38, -38, -20, -37, -5,
    -7, -31, -38, -38, -31, -35, -21, -30,
    -21, -22, -29, -21, -29, 0, 0, 0,
    0, 0, 0, 0, 0, -55, 0, 0,
    0, -38, 0, -44, -44, -44, -21, -4,
    0, 0, 0, 0, 0, -2, 0, -31,
    -16, -39, -16, -16, -16, -16, -39, -38,
    -38, -38, -17, -7, -7, 7, 0, 0,
    -38, -17, 0, 0, 0, 0, -18, -21,
    -7, -21, -16, -16, -39, -38, -38, 0,
    -38, -38, -17, -37, 0, 0, -4, 0,
    0, -7, -31, -5, 0, 0, -31, -31,
    -7, -18, -35, -35, -35, 0, -21, 0,
    0, 0, 0, 0, 0, -22, 0, -21,
    -4, -29, -29, -56, -56, -13, -7, -13,
    -5, 0, 0, 0, 0, 0, 0, 0,
    0, 0, 0, 0, -37, 0, 0, 0,
    0, -31, 0, 0, 0, 0, 0, 0,
    0, 0, 0, 0, 0, 0, 0, 0,
    0, 0, 0, -20, 0, 0, 0, -25,
    0, 0, 0, 0, 0, 0, -19, 0,
    0, -27, 0, 0, 0, 0, 0, -6,
    0, 0, -2, 0, 0, -4, -5, 0,
    -2, 0, 0, 0, 0, -4, -2, 0,
    0, 0, 0, 0, 0, 0, 0, 0,
    0, 0, 0, 0, 0, 0, 0, 0,
    0, 0, -20, 0, 0, 0, 0, 0,
    0, 0, 0, 0, -27, 0, 0, -6,
    0, 0, 0, 0, -6, 0, 0, 0,
    0, 0, 0, 0, 0, 0, -2, 0,
    0, 0, 0, 0, 0, -2, 0, 0,
    -6, 0, 0, 0, 0, 0, 0, 0,
    0, 0, 0, 0, 0, 0, 0, 0,
    0, 0, 0, 0, 0, 0, 0, 0,
    0, 0, 0, 0, 0, 0, 0, 0,
    0, 0, 0, 0, 0, 0, 0, 0,
    0, 0, 0, 0, 0, 0, 0, 0,
    0, 0, 0, 0, 0, 0, 0, 0,
    -17, 0, -27, 0, 0, -12, -11, -12,
    0, 0, 0, 0, 0, 0, 0, 0,
    0, 0, 0, 0, 0, 0, 0, 0,
    0, 0, 0, 0, 0, 0, 0, 0,
    0, 0, 0, 0, 0, 0, 0, 0,
    0, 0, 0, 0, 0, -2, 0, 0,
    -1, -3, -1, -2, 0, 0, 0, 0,
    0, 0, -5, -2, -4, -4, 0, 0,
    -7, 0, 0, 0, 0, 0, 0, 0,
    0, 0, 0, 0, 0, -13, 0, 0,
    0, 0, 0, 0, 0, 0, 0, 0,
    0, 0, 0, 0, 0, 0, 0, 0,
    0, 0, 0, 0, 0, 0, 0, 0,
    0, 0, 0, 0, 0, 0, 0, 0,
    0, 0, 0, 0, 0, 0, 0, 0,
    0, 0, 0, 0, 0, 0, 0, 0,
    0, 0, 0, 0, 0, 0, 0, 0,
    0, 0, 0, 0, 0, 0, 0, 0,
    0, 0, 0, 0, 0, 0, 0, 0,
    0, 0, 0, 0, 0, 0, 0, 0,
    0, 0, 0, 0, 0, 0, 0, 0,
    -11, -31, 0, 0, 0, 0, -31, -12,
    -19, -29, -14, -13, -16, -13, -13, -4,
    -18, 0, 0, 0, 0, -4, 0, 0,
    0, -9, 0, 0, 0, -27, 0, -7,
    -4, -5, -5, -3, -5, -5, -4, -8,
    -19, -7, -29, -27, -9, -40, -10, 0,
    -17, 0, -19, -6, -3, -3, -3, -9,
    -3, -5, -5, 0, -3, -3, 0, -4,
    -10, -6, -10, -10, -9, -10, -9, 0,
    0, 0, 0, 0, 0, 0, 0, -14,
    0, 0, 0, -15, 0, -7, -7, -7,
    -5, -4, 0, 0, 0, 0, 0, -7,
    -40, -5, -6, -6, -6, -6, -6, -6,
    -6, -3, -3, -3, -3, -5, -5, -5,
    -5, 0, -3, -3, 0, -6, -6, -6,
    -6, -10, -5, -10, -6, -6, -6, -3,
    -3, 0, -3, -3, -3, -3, 0, 0,
    -4, 0, 0, -5, -5, -5, 0, 0,
    -5, -5, -5, -8, -4, -4, -4, -19,
    -10, -6, -6, -6, -6, -6, -27, -10,
    -40, -10, -10, -9, -9, -17, -17, -23,
    -22, -23, -23, 0, 0, 0, -11, -22,
    0, 0, 0, 0, -22, -12, -19, -29,
    -14, -13, -16, -13, -13, -4, -18, 0,
    0, 0, 0, -4, 0, 0, 0, -9,
    0, 0, 0, -27, 0, -7, -4, -5,
    -5, -3, -5, -5, -4, -8, -19, -7,
    -29, -27, -9, -40, -10, 0, -17, 0,
    -19, -6, -3, -3, -3, -9, -3, -5,
    -5, 0, -3, -3, 0, -4, -10, -6,
    -10, -10, -9, -10, -9, 0, 0, 0,
    0, 0, 0, 0, 0, -14, 0, 0,
    0, -15, 0, -7, -7, -7, -5, -4,
    0, 0, 0, 0, 0, -7, -40, -5,
    -6, -6, -6, -6, -6, -6, -6, -3,
    -3, -3, -3, -5, -5, -5, -5, -5,
    -3, -3, 0, -6, -6, -6, -6, -10,
    -5, -10, -6, -6, -6, -3, -3, 0,
    -3, -3, -3, -3, 0, 0, -4, 0,
    0, -5, -5, -5, 0, 0, -5, -5,
    -5, -8, -4, -4, -4, -19, -10, -6,
    -6, -6, -6, -6, -27, -10, -40, -10,
    -10, -9, -9, -17, -17, -23, -22, -23,
    -23, 0, 0, 0, -11, -22, 0, 0,
    0, 0, -22, -12, -19, -29, -14, -13,
    -16, -13, -13, -4, -18, 0, 0, 0,
    0, -4, 0, 0, 0, -9, 0, 0,
    0, -27, 0, -7, -4, -5, -5, -3,
    -5, -5, -4, -8, -19, -7, -29, -27,
    -9, -40, -10, 0, -17, 0, -19, -6,
    -3, -3, -3, -9, -3, -5, -5, 0,
    -3, -3, 0, -4, -10, -6, -10, -10,
    -9, -10, -9, 0, 0, 0, 0, 0,
    0, 0, 0, -14, 0, 0, 0, -15,
    0, -7, -7, -7, -5, -4, 0, 0,
    0, 0, 0, -7, -40, -5, -6, -6,
    -6, -6, -6, -6, -6, -3, -3, -3,
    -3, -5, -5, -5, -5, 0, -3, -3,
    0, -6, -6, -6, -6, -10, -5, -10,
    -6, -6, -6, -3, -3, 0, -3, -3,
    -3, -3, 0, 0, -4, 0, 0, -5,
    -5, -5, 0, 0, -5, -5, -5, -8,
    -4, -4, -4, -19, -10, -6, -6, -6,
    -6, -6, -27, -10, -40, -10, -10, -9,
    -9, -17, -17, -23, -22, -23, -23, 0,
    0, 0, -8, -27, 0, 0, 0, 0,
    -27, -6, -33, -26, -7, -13, -7, -13,
    -14, 0, -15, 0, 0, 0, 0, 0,
    0, 0, 0, -6, 0, 0, 0, -27,
    0, -10, 0, -1, -1, -3, -1, -1,
    0, -1, -39, -1, -25, -22, -17, -37,
    -11, 0, -27, 0, -32, -3, 2, 2,
    2, -3, 2, -1, -1, 0, 2, 2,
    0, 1, -4, 0, -5, -4, -15, -5,
    -9, 0, 0, 0, 0, 0, 0, 0,
    0, -5, 0, 0, 0, -12, 0, -10,
    -10, -10, -1, 0, 0, 0, 0, 0,
    0, -1, -37, -1, -3, -3, -3, -3,
    -3, -3, -3, 2, 2, 2, 2, -1,
    -1, -1, -1, 0, 2, 2, 0, 0,
    0, 0, 0, -5, -1, -5, -3, -3,
    -3, 2, 2, 0, 2, 2, 2, 2,
    0, 0, 0, 0, 0, -1, -1, -1,
    0, 0, -1, -1, -1, -1, 1, 1,
    1, -39, -4, 0, 0, 0, 0, 0,
    -22, -4, -37, -5, -11, -9, -9, -7,
    -7, -21, -23, -21, -22, 0, 0, 0,
    -8, -25, 0, 0, 0, 0, -25, -7,
    -23, -24, -6, -11, -14, -11, -15, -1,
    -12, 0, 0, 0, 0, -1, 0, 0,
    0, -4, 0, 0, 0, -26, 0, -10,
    -2, -1, -1, -1, -1, -1, -2, -2,
    -40, -4, -27, -24, -15, -36, -8, 0,
    -24, 0, -31, -2, -1, -1, -1, -1,
    -1, -3, -4, 0, -1, -1, 0, 0,
    -2, -4, -5, -5, -15, -5, -7, 0,
    0, 0, 0, 0, 0, 0, 0, -12,
    0, 0, 0, -10, 0, -10, -10, -10,
    -1, -2, 0, 0, 0, 0, 0, -4,
    -36, -4, -2, -2, -2, -2, -2, -2,
    -2, -1, -1, -1, -1, -4, -4, -4,
    -4, 0, -1, -1, 0, -4, -4, -4,
    -4, -5, -4, -5, -2, -2, -2, -1,
    -1, 0, -1, -1, -1, -1, 0, 0,
    -2, 0, 0, -4, -4, -3, 0, 0,
    -4, -4, -4, -2, 0, 0, 0, -40,
    -2, -4, -4, -4, -4, -4, -24, -5,
    -36, -5, -8, -7, -7, -14, -14, -20,
    -21, -20, -20, 0, 0, 0, -6, -26,
    0, 0, 0, 0, -26, -4, -30, 0,
    0, -12, -6, -12, -13, 0, -10, 0,
    0, 0, 0, 0, 0, 0, 0, -5,
    0, 0, 0, -23, 0, -9, 3, 0,
    0, -2, 0, 0, 3, 0, -23, -1,
    -21, 0, 0, 0, 0, 0, -25, 0,
    0, -1, 5, 4, 5, -2, 4, 1,
    0, 0, 5, 4, 0, 4, -2, 2,
    -3, -2, -13, -3, -7, 0, 0, 0,
    0, 0, 0, 0, 0, -4, 0, 0,
    0, -11, 0, -9, -9, -9, 0, 3,
    0, 0, 0, 0, 0, -1, 0, 0,
    -1, -1, -1, -1, -1, -1, -1, 5,
    5, 5, 5, 0, 0, 1, 0, 0,
    5, 5, 0, 2, 2, 2, 2, -3,
    0, -3, -1, -1, -1, 5, 4, 0,
    5, 5, 5, 4, 0, 0, 3, 0,
    0, 0, 0, 1, 0, 0, 0, 0,
    0, 0, 4, 4, 4, -23, -2, 2,
    2, 2, 2, 2, 0, -2, 0, -3,
    0, -7, -7, -6, -6, -18, -19, -18,
    -18, 0, 0, 0, -8, -27, 0, 0,
    0, 0, -27, -6, -26, -26, -7, -13,
    -7, -13, -14, 0, -15, 0, 0, 0,
    0, 0, 0, 0, 0, -6, 0, 0,
    0, -27, 0, -10, 0, -1, -1, -3,
    -1, -1, 0, -1, -39, -1, -25, -22,
    -17, -37, -11, 0, -27, 0, -32, -3,
    2, 2, 2, -3, 2, -1, -1, 0,
    2, 2, 0, 1, -4, 0, -5, -4,
    -15, -5, -9, 0, 0, 0, 0, 0,
    0, 0, 0, -5, 0, 0, 0, -12,
    0, -10, -10, -10, -1, 0, 0, 0,
    0, 0, 0, -1, -37, -1, -3, -3,
    -3, -3, -3, -3, -3, 2, 2, 2,
    2, -1, -1, -1, -1, 0, 2, 2,
    0, 0, 0, 0, 0, -5, -1, -5,
    -3, -3, -3, 2, 2, 0, 2, 2,
    2, 2, 0, 0, 0, 0, 0, -1,
    -1, -1, 0, 0, -1, -1, -1, -1,
    1, 1, 1, -39, -4, 0, 0, 0,
    0, 0, -22, -4, -37, -5, -11, -9,
    -9, -7, -7, -21, -23, -21, -22, 0,
    0, 0, -7, -20, 0, 0, 0, 0,
    -20, -6, -30, -17, 0, -13, -7, -13,
    -14, 0, -9, 0, 0, 0, 0, 0,
    0, 0, 0, -6, 0, 0, 0, -17,
    0, -10, 0, -1, -1, -3, -1, -1,
    0, -1, -7, -1, -7, -16, -14, 0,
    -7, 0, -17, 0, 0, -3, 2, 2,
    2, -3, 2, 0, -1, 0, 2, 2,
    0, 1, -4, 0, -5, -4, -15, -5,
    -9, 0, 0, 0, 0, 0, 0, 0,
    0, -5, 0, 0, 0, -12, 0, -10,
    -10, -10, -1, 0, 0, 0, 0, 0,
    0, -1, 0, -1, -3, -3, -3, -3,
    -3, -3, -3, 2, 2, 2, 2, -1,
    -1, 2, 0, 0, 2, 2, 0, 0,
    0, 0, 0, -5, -1, -5, -3, -3,
    -3, 2, 2, 0, 2, 2, 2, 2,
    0, 0, 0, 0, 0, -1, -1, 0,
    0, 0, -1, -1, -1, -1, 1, 1,
    1, -7, -4, 0, 0, 0, 0, 0,
    -16, -4, 0, -5, -7, -9, -9, -7,
    -7, -16, -12, -16, -17, 0, 0, 0,
    -7, -13, 0, 0, 0, 0, -20, -6,
    -20, -17, 0, -13, -7, -13, -14, 0,
    -9, 0, 0, 0, 0, 0, 0, 0,
    0, -6, 0, 0, 0, -17, 0, -10,
    0, -1, -1, -3, -1, -1, 0, -1,
    -7, -1, -7, -16, -14, 0, -7, 0,
    -17, 0, 0, -3, 2, 2, 2, -3,
    2, 0, -1, 0, 2, 2, 0, 1,
    -4, 0, -5, -4, -15, -5, -9, 0,
    0, 0, 0, 0, 0, 0, 0, -5,
    0, 0, 0, -12, 0, -10, -10, -10,
    -1, 0, 0, 0, 0, 0, 0, -1,
    0, -1, -3, -3, -3, -3, -3, -3,
    -3, 2, 2, 2, 2, -1, -1, 2,
    0, 0, 2, 2, 0, 0, 0, 0,
    0, -5, -1, -5, -3, -3, -3, 2,
    2, 0, 2, 2, 2, 2, 0, 0,
    0, 0, 0, -1, -1, 0, 0, 0,
    -1, -1, -1, -1, 1, 1, 1, -7,
    -4, 0, 0, 0, 0, 0, -16, -4,
    0, -5, -7, -9, -9, -7, -7, -16,
    -12, -16, -17, 0, 0, 0, 0, 0,
    0, 0, 0, 0, 0, -1, -16, 2,
    0, -5, -7, -5, -5, 10, 2, 0,
    0, 0, 0, 10, 0, 0, 0, 1,
    0, 0, 0, 0, 0, -1, 4, 9,
    9, 4, 9, 9, 4, 6, 3, 0,
    0, 0, 0, 4, 0, 0, 0, 0,
    0, 4, 11, 10, 11, 5, 10, 3,
    3, 0, 11, 10, 0, 8, 4, 3,
    5, 4, -1, 5, 3, 0, 0, 0,
    0, 0, 0, 0, 0, -5, 0, 0,
    0, -5, 0, -1, -1, -1, 9, 4,
    0, 0, 0, 0, 0, 0, 4, 2,
    4, 4, 4, 4, 4, 4, 4, 11,
    11, 11, 11, 3, 3, 4, 0, 0,
    11, 11, 0, 3, 3, 3, 3, 5,
    3, 5, 4, 4, 4, 11, 10, 0,
    11, 11, 11, 10, 0, 0, 4, 0,
    0, 3, 2, 3, 0, 0, 2, 2,
    3, 6, 8, 8, 8, 3, 4, 3,
    3, 3, 3, 3, 0, 4, 4, 5,
    0, 3, 3, -7, -7, 1, 0, 1,
    0, 0, 0, 0, 0, 0, 0, 0,
    0, 0, 0, -1, 0, 2, 0, -5,
    -7, -5, -5, 10, 2, 0, 0, 0,
    0, 10, 0, 0, 0, 1, 0, 0,
    0, 0, 0, -1, 4, 9, 9, 4,
    9, 9, 4, 6, 3, 0, 0, 0,
    0, 4, 0, 0, 0, 0, 0, 4,
    11, 10, 11, 5, 10, 3, 3, 0,
    11, 10, 0, 8, 4, 3, 5, 4,
    -1, 5, 3, 0, 0, 0, 0, 0,
    0, 0, 0, -5, 0, 0, 0, -5,
    0, -1, -1, -1, 9, 4, 0, 0,
    0, 0, 0, 0, 4, 2, 4, 4,
    4, 4, 4, 4, 4, 11, 11, 11,
    11, 3, 3, 4, 0, 9, 11, 11,
    0, 3, 3, 3, 3, 5, 3, 5,
    4, 4, 4, 11, 10, 0, 11, 11,
    11, 10, 0, 0, 4, 0, 0, 3,
    2, 3, 0, 8, 2, 2, 3, 6,
    8, 8, 11, 3, 4, 3, 3, 3,
    3, 3, 0, 4, 4, 5, 0, 3,
    7, -7, -7, 1, 0, 1, 0, 0,
    0, 0, 0, 4, 0, 0, 0, 0,
    4, 0, -7, 0, 0, -14, -15, -13,
    -13, 0, 0, 0, 0, 0, 0, 0,
    0, 0, 0, 0, 0, 0, 0, 0,
    0, 0, 0, 0, 0, 0, 0, 0,
    0, 0, 0, 0, 0, 0, 0, 0,
    0, 0, 0, 0, 0, -4, 0, 0,
    0, 0, 0, 0, 0, 0, 0, 0,
    0, 0, 0, 0, 0, 0, -7, -2,
    -4, 0, 0, 0, 0, 0, 0, 0,
    0, 0, 0, 0, 0, -13, 0, 0,
    0, 0, 0, 0, 0, 0, 0, 0,
    0, 0, 0, 0, 0, 0, 0, 0,
    0, 0, 0, 0, 0, 0, 0, 0,
    0, 0, 0, 0, 0, 0, 0, 0,
    0, 0, 0, 0, 0, 0, 0, 0,
    0, 0, 0, 0, 0, 0, 0, 0,
    0, 0, 0, 0, 0, 0, 0, 0,
    0, 0, 0, 0, 0, 0, 0, 0,
    0, 0, 0, 0, 0, 0, 0, 0,
    0, 0, 0, 0, 0, 0, 0, 0,
    0, 0, 0, 0, 0, 0, 0, 0,
    0, 0, 0, 0, 0, 0, 0, 0,
    0, 0, 0, 0, -15, 0, 0, 0,
    0, 0, 0, 0, 0, 0, 0, 0,
    0, 0, 0, 0, 0, 0, 0, 0,
    0, 0, 0, 0, 0, 0, 0, 0,
    0, 0, 0, 0, 0, 0, 0, 0,
    0, 0, 0, -4, 0, -2, 0, 0,
    0, 0, 0, 0, 0, -2, 0, -2,
    -2, 0, -4, -3, -8, 0, 0, 0,
    0, 0, 0, 0, 0, 0, 0, 0,
    0, 0, 0, 0, 0, 0, 0, 0,
    0, 0, 0, 0, 0, 0, 0, 0,
    0, 0, 0, 0, 0, 0, 0, 0,
    0, 0, 0, 0, 0, 0, 0, 0,
    0, 0, 0, 0, 0, 0, 0, 0,
    0, 0, 0, 0, 0, 0, 0, 0,
    0, 0, 0, 0, 0, 0, 0, 0,
    0, 0, 0, 0, 0, 0, 0, 0,
    0, 0, 0, 0, 0, 0, 0, 0,
    0, 0, 0, 0, 0, 0, 0, 0,
    0, 0, 0, 0, 0, 0, 0, 0,
    0, 0, 0, 0, 0, 0, 0, -18,
    0, 0, 0, 0, 0, 0, -28, 0,
    0, -16, -7, -17, 0, 0, 0, 0,
    0, 0, 0, 0, 0, 0, 0, 0,
    0, 0, 0, 0, 0, 0, 0, 0,
    0, 0, 0, 0, 0, 0, 0, 0,
    0, 0, 0, 0, 0, 0, -25, 0,
    0, -1, 0, 4, 3, 0, 3, 0,
    0, 0, 0, 0, 0, 3, 0, 0,
    -1, 0, 0, 0, 0, 0, 0, 0,
    0, 0, 0, 0, 0, 0, 0, 0,
    0, 0, 0, 0, 0, 0, 0, 0,
    0, 0, 0, 0, 0, 0, 0, 0,
    0, 0, 0, 0, 0, 0, 0, 0,
    0, 0, 0, 0, 0, 0, 0, 0,
    0, 0, 0, 0, 0, 0, 0, 0,
    0, 0, 0, 0, 0, 0, 0, 0,
    0, 0, 0, 0, 0, 0, 0, 0,
    0, 0, 0, 0, 0, 0, 0, 0,
    0, 0, 0, 0, 0, 0, 0, 0,
    0, 0, 0, 0, 0, 0, 0, 0,
    0, 0, 0, 0, 0, 0, 0, 0,
    0, 0, 0, 0, -10, -23, 0, 0,
    0, 0, -28, -10, -26, -25, -12, -12,
    -14, -12, -13, -2, -14, 0, 0, 0,
    0, -2, 0, 0, 0, -6, 0, 0,
    0, -25, 0, -7, -4, -3, -3, -2,
    -3, -3, -4, -5, -40, -5, -27, -24,
    -8, -38, -9, 0, -19, 0, -19, -4,
    0, 0, 0, -6, 0, -1, -5, 0,
    0, 0, 0, -1, -7, -4, -7, -7,
    -8, -7, -7, 0, 0, 0, 0, 0,
    0, 0, 0, -12, 0, 0, 0, -14,
    0, -7, -7, -7, -3, -4, 0, 0,
    0, 0, 0, -5, -38, -2, -4, -4,
    -4, -4, -4, -4, -4, 0, 0, 0,
    0, -5, -5, -5, -5, 0, 0, 0,
    0, -4, -4, -4, -4, -7, -5, -7,
    -4, -4, -4, 0, 0, 0, 0, 0,
    0, 0, 0, 0, -4, 0, 0, -5,
    -2, -1, 0, 0, -2, -2, -5, -5,
    -1, -1, -1, -40, -7, -4, -4, -4,
    -4, -4, -24, -7, -38, -7, -9, -7,
    -7, -14, -14, -21, -23, -21, -22, 0,
    0, 0, -8, -25, 0, 0, 0, 0,
    -25, -6, -23, -27, -8, -13, -7, -13,
    -15, 0, -15, 0, 0, 0, 0, 0,
    0, 0, 0, -6, 0, 0, 0, -29,
    0, -11, 0, -1, -1, -5, -1, -1,
    0, -1, -20, -1, -26, -22, -19, -38,
    -11, 0, -25, 0, -34, -1, 0, 2,
    0, -3, 1, 0, -1, 0, 0, 2,
    0, 1, -4, 0, -5, -5, -15, -5,
    -8, 0, 0, 0, 0, 0, 0, 0,
    0, -5, 0, 0, 0, -12, 0, -11,
    -11, -11, -1, 0, 0, 0, 0, 0,
    0, -1, -38, -1, -1, -1, -1, -1,
    -1, -1, -1, 0, 0, 0, 0, -1,
    -1, -1, -1, 0, 0, 0, 0, 0,
    0, 0, 0, -5, -1, -5, -1, -1,
    -1, 0, 2, 0, 0, 0, 0, 1,
    0, 0, 0, 0, 0, -1, -1, 0,
    0, 0, -1, -1, -1, -1, 1, 1,
    1, -20, -4, 0, 0, 0, 0, 0,
    -22, -5, -38, -5, -11, -8, -8, -7,
    -7, -21, -20, -21, -20, 0, 0, 0,
    -8, -25, 0, 0, 0, 0, -25, -6,
    -23, -27, -8, -13, -7, -13, -15, 0,
    -15, 0, 0, 0, 0, 0, 0, 0,
    0, -6, 0, 0, 0, -29, 0, -11,
    0, -1, -1, -5, -1, -1, 0, -1,
    -20, -1, -26, -22, -19, -38, -11, 0,
    -25, 0, -34, -1, 0, 2, 0, -3,
    1, 0, -1, 0, 0, 2, 0, 1,
    -4, 0, -5, -5, -15, -5, -8, 0,
    0, 0, 0, 0, 0, 0, 0, -5,
    0, 0, 0, -12, 0, -11, -11, -11,
    -1, 0, 0, 0, 0, 0, 0, -1,
    -38, -1, -1, -1, -1, -1, -1, -1,
    -1, 0, 0, 0, 0, -1, -1, -1,
    -1, -1, 0, 0, 0, 0, 0, 0,
    0, -5, -1, -5, -1, -1, -1, 0,
    2, 0, 0, 0, 0, 1, 0, 0,
    0, 0, 0, -1, -1, 0, 0, 2,
    -1, -1, -1, -1, 1, 1, 1, -20,
    -4, 0, 0, 0, 0, 0, -22, -5,
    -38, -5, -11, -8, -8, -7, -7, -21,
    -20, -21, -20, 0, 0, 0, -8, -25,
    0, 0, 0, 0, -25, -6, -23, -27,
    -8, -13, -7, -13, -15, 0, -15, 0,
    0, 0, 0, 0, 0, 0, 0, -6,
    0, 0, 0, -29, 0, -11, 0, -1,
    -1, -5, -1, -1, 0, -1, -20, -1,
    -26, -22, -19, -38, -11, 0, -25, 0,
    -34, -1, 0, 2, 0, -3, 1, 0,
    -1, 0, 0, 2, 0, 1, -4, 0,
    -5, -5, -15, -5, -8, 0, 0, 0,
    0, 0, 0, 0, 0, -5, 0, 0,
    0, -12, 0, -11, -11, -11, -1, 0,
    0, 0, 0, 0, 0, -1, -38, -1,
    -1, -1, -1, -1, -1, -1, -1, 0,
    0, 0, 0, -1, -1, -1, -1, -1,
    0, 0, 0, 0, 0, 0, 0, -5,
    -1, -5, -1, -1, -1, 0, 2, 0,
    0, 0, 0, 1, 0, 0, 0, 0,
    0, -1, -1, 0, 0, 0, -1, -1,
    -1, -1, 1, 1, 1, -20, -4, 0,
    0, 0, 0, 0, -22, -5, -38, -5,
    -11, -8, -8, -7, -7, -21, -20, -21,
    -20, 0, 0, 0, -18, -29, 0, 0,
    0, 0, -29, -15, -46, -26, -10, -48,
    -20, -48, -32, -6, -13, -27, -26, -17,
    -13, -6, -41, -14, -10, -11, 0, 0,
    0, 0, 0, -30, -11, -6, -6, -39,
    -6, -6, -11, -20, -42, -10, -29, -26,
    -45, -38, -37, 0, -43, 0, 0, -13,
    -8, -8, -8, -7, -7, -12, -12, 0,
    -8, -8, 0, -8, -7, -11, -8, -8,
    -22, -8, -18, 0, 0, 0, 0, 0,
    0, 0, 0, -19, 0, 0, 0, -14,
    0, -30, -30, -30, -6, -11, 0, 0,
    0, 0, 0, -10, -38, 0, -13, -13,
    -13, -13, -13, -13, -13, -8, -8, -8,
    -8, -12, -12, 0, 0, 0, -8, -8,
    0, -11, -11, -11, -11, -8, -12, -8,
    -13, -13, -13, -8, -8, 0, -8, -8,
    -8, -7, 0, 0, -11, 0, 0, -12,
    0, -12, 0, 0, 0, 0, -12, -20,
    -8, -8, -8, -42, -7, -11, -11, -11,
    -11, -11, -26, -8, -38, -8, -37, -18,
    -18, 0, 0, -22, -23, -22, 0, 0,
    0, 0, 0, -18, 0, 0, 0, 0,
    0, 0, -34, 0, 0, -13, -7, -14,
    -14, 0, 0, 0, 0, 0, 0, 0,
    0, 0, 0, 0, 0, 0, 0, 0,
    0, 0, 0, 0, 0, 0, 0, 0,
    0, 0, 0, 0, 0, 0, 0, 0,
    0, 0, -29, 0, 0, 0, 0, 4,
    3, 0, 3, 2, 1, 0, 0, 0,
    0, 0, 0, 0, 0, 0, 0, 0,
    0, 0, 0, 0, 0, 0, 0, 0,
    0, 0, 0, 0, 0, 0, 0, 0,
    0, 0, 0, 0, 0, 0, 0, 0,
    0, 0, 0, 0, 0, 0, 0, 0,
    0, 0, 0, 0, 0, 0, 0, 0,
    0, 0, 0, 0, 0, 0, 0, 0,
    0, 0, 0, 0, 0, 0, 0, 0,
    0, 0, 0, 0, 0, 0, 0, 0,
    0, 0, 0, 0, 0, 0, 0, 0,
    0, 0, 0, 0, 0, 0, 0, 0,
    0, 0, 0, 0, 0, 0, 0, 0,
    0, 0, 0, 0, 0, 0, 0, 0,
    0, 0, 0, 0, 0, 0, 0, 0,
    -11, -20, 0, 0, 0, 0, -20, -10,
    -26, -16, -12, -13, -15, -13, -14, -2,
    -8, 0, 0, 0, 0, -2, 0, 0,
    0, -7, 0, 0, 0, -17, 0, -8,
    -6, -3, -3, -3, -3, -3, -6, -6,
    -22, -4, -24, -21, -10, -31, -10, 0,
    -18, 0, -19, -4, -1, -2, -1, -2,
    -2, -6, -6, 0, -1, -2, 0, -2,
    -3, -5, -4, -3, -8, -4, -6, 0,
    0, 0, 0, 0, 0, 0, 0, -13,
    0, 0, 0, -13, 0, -8, -8, -8,
    -3, -6, 0, 0, 0, 0, 0, -4,
    -31, -6, -4, -4, -4, -4, -4, -4,
    -4, -1, -1, -1, -1, -6, -6, -3,
    -6, 0, -1, -1, 0, -5, -5, -5,
    -5, -4, -6, -4, -4, -4, -4, -1,
    -2, 0, -1, -1, -1, -2, 0, 0,
    -6, 0, 0, -6, -6, -6, 0, 0,
    -6, -6, -6, -6, -2, -2, -2, -22,
    -3, -5, -5, -5, -5, -5, -21, -3,
    -31, -4, -10, -6, -6, -15, -15, -15,
    -18, -15, -17, 0, 0, 0, -11, -20,
    0, 0, 0, 0, -20, -10, -26, -16,
    -12, -13, -15, -13, -14, -2, -8, 0,
    0, 0, 0, -2, 0, 0, 0, -7,
    0, 0, 0, -17, 0, -8, -6, -3,
    -3, -3, -3, -3, -6, -6, -22, -4,
    -24, -21, -10, -31, -10, 0, -18, 0,
    -19, -4, -1, -2, -1, -2, -2, -6,
    -6, 0, -1, -2, 0, -2, -3, -5,
    -4, -3, -8, -4, -6, 0, 0, 0,
    0, 0, 0, 0, 0, -13, 0, 0,
    0, -13, 0, -8, -8, -8, -3, -6,
    0, 0, 0, 0, 0, -4, -31, -6,
    -4, -4, -4, -4, -4, -4, -4, -1,
    -1, -1, -1, -6, -6, -3, -6, -3,
    -1, -1, 0, -5, -5, -5, -5, -4,
    -6, -4, -4, -4, -4, -1, -2, 0,
    -1, -1, -1, -2, 0, 0, -6, 0,
    0, -6, -6, -6, 0, 0, -6, -6,
    -6, -6, -2, -2, -2, -22, -3, -5,
    -5, -5, -5, -5, -21, -3, -31, -4,
    -10, -6, -6, -15, -15, -15, -18, -15,
    -17, 0, 0, 0, -8, -11, 0, 0,
    0, 0, -11, -9, -19, -3, -9, -32,
    -20, -32, -28, -1, -1, 0, 0, 0,
    0, -1, 0, 0, 0, -2, 0, 0,
    0, -3, 0, -26, -2, -1, -1, -27,
    -1, -1, -2, -5, -32, -2, -13, -12,
    -26, -21, -28, 0, -36, 0, -39, -9,
    -5, -5, -5, 2, -6, -3, -4, 0,
    -5, -5, 0, -5, 2, -2, 2, 1,
    -1, 2, -2, 0, 0, 0, 0, 0,
    0, 0, 0, -20, 0, 0, 0, -12,
    0, -26, -26, -26, -1, -2, 0, 0,
    0, 0, 0, -2, -21, -4, -9, -9,
    -9, -9, -9, -9, -9, -5, -5, -5,
    -5, -4, -4, -2, -4, -10, -5, -5,
    0, -2, -2, -2, -2, 2, -4, 2,
    -9, -9, -9, -5, -5, 0, -5, -5,
    -5, -6, 0, 0, -2, 0, 0, -4,
    -4, -3, 0, 0, -4, -4, -4, -5,
    -5, -5, -5, -32, 2, -2, -2, -2,
    -2, -2, -12, 1, -21, 2, -28, -2,
    -2, -21, -21, -5, -7, -5, -5, 0,
    0, 0, -8, -27, 0, 0, 0, 0,
    -27, -6, -33, -26, -7, -13, -7, -13,
    -14, 1, -14, 0, 0, 0, 0, 1,
    0, 0, 0, -6, 0, 0, 0, -26,
    0, -10, 0, 0, 0, -5, 0, 0,
    0, -1, -40, -1, -25, -21, -18, -37,
    -11, 0, -27, 0, -32, 0, 2, 2,
    2, -3, 2, -1, -2, 0, 2, 2,
    0, 1, -4, 0, -5, -4, -14, -5,
    -8, 0, 0, 0, 0, 0, 0, 0,
    0, -6, 0, 0, 0, -12, 0, -10,
    -10, -10, 0, 0, 0, 0, 0, 0,
    0, -1, -37, -2, 0, 0, 0, 0,
    0, 0, 0, 2, 2, 2, 2, -2,
    -2, -2, -2, 0, 2, 2, 0, 0,
    0, 0, 0, -5, -2, -5, 0, 0,
    0, 2, 2, 0, 2, 2, 2, 2,
    0, 0, 0, 0, 0, -2, -2, -1,
    0, 0, -2, -2, -2, -1, 1, 1,
    1, -40, -4, 0, 0, 0, 0, 0,
    -21, -4, -37, -5, -11, -8, -8, -7,
    -7, -21, -23, -21, -22, 0, 0, 0,
    -8, -11, 0, 0, 0, 0, -11, -9,
    -33, -3, -9, -32, -20, -32, -28, -1,
    -1, 0, 0, 0, 0, -1, 0, 0,
    0, -2, 0, 0, 0, -3, 0, -26,
    -2, -1, -1, -27, -1, -1, -2, -5,
    -32, -2, -13, -12, -26, -21, -28, 0,
    -36, 0, -39, -9, -5, -5, -5, 2,
    -6, -3, -4, 0, -5, -5, 0, -5,
    2, -2, 2, 1, -1, 2, -2, 0,
    0, 0, 0, 0, 0, 0, 0, -20,
    0, 0, 0, -12, 0, -26, -26, -26,
    -1, -2, 0, 0, 0, 0, 0, -2,
    -21, -4, -9, -9, -9, -9, -9, -9,
    -9, -5, -5, -5, -5, -4, -4, -2,
    -4, 0, -5, -5, 0, -2, -2, -2,
    -2, 2, -4, 2, -9, -9, -9, -5,
    -5, 0, -5, -5, -5, -6, 0, 0,
    -2, 0, 0, -4, -4, -3, 0, 0,
    -4, -4, -4, -5, -5, -5, -5, -32,
    2, -2, -2, -2, -2, -2, -12, 1,
    -21, 2, -28, -2, -2, -21, -21, -5,
    -7, -5, -5, 0, 0, 0, -11, -22,
    0, 0, 0, 0, -22, -12, -19, -29,
    -14, -13, -16, -13, -13, -4, -18, 0,
    0, 0, 0, -4, 0, 0, 0, -9,
    0, 0, 0, -27, 0, -7, -4, -5,
    -5, -3, -5, -5, -4, -8, -19, -7,
    -29, -27, -9, -40, -10, 0, -17, 0,
    -19, -6, -3, -3, -3, -9, -3, -5,
    -5, 0, -3, -3, 0, -4, -10, -6,
    -10, -10, -9, -10, -9, 0, 0, 0,
    0, 0, 0, 0, 0, -14, 0, 0,
    0, -15, 0, -7, -7, -7, -5, -4,
    0, 0, 0, 0, 0, -7, -40, -5,
    -6, -6, -6, -6, -6, -6, -6, -3,
    -3, -3, -3, -5, -5, -5, -5, 0,
    -3, -3, 0, -6, -6, -6, -6, -10,
    -5, -10, -6, -6, -6, -3, -3, 0,
    -3, -3, -3, -3, 0, 0, -4, 0,
    0, -5, -5, -5, 0, -3, -5, -5,
    -5, -8, -4, -4, -4, -19, -10, -6,
    -6, -6, -6, -6, -27, -10, -40, -10,
    -10, -9, -9, -17, -17, -23, -22, -23,
    -23, 0, 0, 0, -8, -18, 0, 0,
    0, 0, -25, -7, -23, -24, -6, -11,
    -14, -11, -15, -1, -12, 0, 0, 0,
    0, -1, 0, 0, 0, -4, 0, 0,
    0, -26, 0, -10, -2, -1, -1, -1,
    -1, -1, -2, -2, -40, -4, -27, -24,
    -15, -36, -8, 0, -24, 0, -31, -2,
    -1, -1, -1, -1, -1, -2, -4, 0,
    -1, -1, 0, 0, -2, -4, -5, -5,
    -15, -5, -7, 0, 0, 0, 0, 0,
    0, 0, 0, -12, 0, 0, 0, -10,
    0, -10, -10, -10, -1, -2, 0, 0,
    0, 0, 0, -4, -36, -4, -2, -2,
    -2, -2, -2, -2, -2, -1, -1, -1,
    -1, -4, -4, -4, -4, 0, -1, -1,
    0, -4, -4, -4, -4, -5, -4, -5,
    -2, -2, -2, -1, -1, 0, -1, -1,
    -1, -1, 0, 0, -2, 0, 0, -4,
    -4, -3, 0, 0, -4, -4, -4, -2,
    0, 0, 0, -40, -2, -4, -4, -4,
    -4, -4, -24, -5, -36, -5, -8, -7,
    -7, -14, -14, -20, -21, -20, -20, 0,
    0, 0, 0, 5, 0, 0, 0, 0,
    5, 0, 3, 0, 0, -29, -30, -29,
    -26, 0, 0, 0, 0, 0, 0, 0,
    0, 0, 0, -4, 0, 0, 0, 3,
    0, -22, 0, -1, -1, 0, -1, -1,
    0, 0, 0, 0, 0, 0, 0, 0,
    0, 0, 0, 0, 0, -13, -13, -11,
    -13, 1, -11, 0, 0, 0, -13, -11,
    0, -11, 1, -4, 0, 0, 0, 0,
    0, 0, 0, 0, 0, 0, 0, 0,
    0, -29, 0, 0, 0, 0, 0, -22,
    -22, -22, -1, 0, 0, 0, 0, 0,
    0, 0, 0, -5, -11, -13, -11, -11,
    -11, -11, -13, -13, -13, -13, -7, 0,
    0, 0, 0, 0, -13, -7, 0, -4,
    -4, -4, -4, 0, 0, 0, -11, -11,
    -13, -13, -11, 0, -13, -13, -7, -11,
    0, 0, 0, 0, 0, 0, -5, 0,
    0, 0, -5, -5, 0, 0, -11, -11,
    -11, 0, 1, -4, -4, -4, -4, -4,
    0, 0, 0, 0, 0, 0, 0, 0,
    0, 1, 5, 1, 4, 0, 0, 0,
    -10, -11, 0, 0, 0, 0, -11, -10,
    -13, -9, -13, -14, -15, -14, -12, -1,
    -5, 0, 0, 0, 0, -1, 0, 0,
    0, -6, 0, 0, 0, -11, 0, -8,
    -4, -2, -2, -3, -2, -2, -4, -5,
    -6, -2, -7, -8, -8, -7, -6, 0,
    -9, 0, -4, -4, -1, -2, -1, -2,
    -2, -3, -4, 0, -1, -2, 0, -2,
    -3, -5, -4, -3, -9, -4, -6, 0,
    0, 0, 0, 0, 0, 0, 0, -13,
    0, 0, 0, -13, 0, -8, -8, -8,
    -2, -4, 0, 0, 0, 0, 0, -2,
    -7, -6, -4, -4, -4, -4, -4, -4,
    -4, -1, -1, -1, -1, -4, -4, 0,
    0, 0, -1, -1, 0, -5, -5, -5,
    -5, -4, -4, -4, -4, -4, -4, -1,
    -2, 0, -1, -1, -1, -2, 0, 0,
    -4, 0, 0, -4, -6, -3, 0, 0,
    -6, -6, -4, -5, -2, -2, -2, -6,
    -3, -5, -5, -5, -5, -5, -8, -3,
    -7, -4, -6, -6, -6, -16, -16, -13,
    -10, -13, -11, 0, 0, 0, -7, -20,
    0, 0, 0, 0, -20, -6, -20, -17,
    0, -13, -7, -13, -14, 0, -9, 0,
    0, 0, 0, 0, 0, 0, 0, -6,
    0, 0, 0, -17, 0, -10, 0, -1,
    -1, -3, -1, -1, 0, -1, -7, -1,
    -7, -16, -14, 0, -7, 0, -17, 0,
    0, -3, 2, 2, 2, -3, 2, 0,
    -1, 0, 2, 2, 0, 1, -4, 0,
    -5, -4, -15, -5, -9, 0, 0, 0,
    0, 0, 0, 0, 0, -5, 0, 0,
    0, -12, 0, -10, -10, -10, -1, 0,
    0, 0, 0, 0, 0, -1, 0, -1,
    -3, -3, -3, -3, -3, -3, -3, 2,
    2, 2, 2, -1, -1, 2, 0, 0,
    2, 2, 0, 0, 0, 0, 0, -5,
    -1, -5, -3, -3, -3, 2, 2, 0,
    2, 2, 2, 2, 0, 0, 0, 0,
    0, -1, -1, 0, 0, 0, -1, -1,
    -1, -1, 1, 1, 1, -7, -4, 0,
    0, 0, 0, 0, -16, -4, 0, -5,
    -7, -9, -9, -7, -7, -16, -12, -16,
    -17, 0, 0, 0, -8, -27, 0, 0,
    0, 0, -27, -6, -33, -26, -7, -13,
    -7, -13, -14, 0, -15, 0, 0, 0,
    0, 0, 0, 0, 0, -6, 0, 0,
    0, -27, 0, -10, 0, -1, -1, -3,
    -1, -1, 0, -1, -39, -1, -25, -22,
    -17, -37, -11, 0, -27, 0, -32, -3,
    2, 2, 2, -3, 2, -1, -1, 0,
    2, 2, 0, 1, -4, 0, -5, -4,
    -15, -5, -9, 0, 0, 0, 0, 0,
    0, 0, 0, -5, 0, 0, 0, -12,
    0, -10, -10, -10, -1, 0, 0, 0,
    0, 0, 0, -1, -37, -1, -3, -3,
    -3, -3, -3, -3, -3, 2, 2, 2,
    2, -1, -1, -1, -1, 0, 2, 2,
    0, 0, 0, 0, 0, -5, -1, -5,
    -3, -3, -3, 2, 2, 0, 2, 2,
    2, 2, 0, 0, 0, 0, 0, -1,
    -1, -1, 0, 2, -1, -1, -1, -1,
    1, 1, 1, -39, -4, 0, 0, 0,
    0, 0, -22, -4, -37, -5, -11, -9,
    -9, -7, -7, -21, -23, -21, -22, 0,
    0, 0, -7, -18, 0, 0, 0, 0,
    -18, -7, -31, -12, -10, -14, -11, -14,
    -16, 2, -1, 0, 0, 0, 0, 2,
    0, 0, 0, -9, 0, 0, 0, -12,
    0, -9, -1, 0, 0, -2, 0, 0,
    -1, 0, -17, 0, -15, -14, -13, -20,
    -7, 0, -24, 0, -35, -3, 1, 2,
    1, -2, 1, -2, -2, 0, 1, 2,
    0, -1, -2, -2, -2, -2, -11, -2,
    -7, 0, 0, 0, 0, 0, 0, 0,
    0, -10, 0, 0, 0, -13, 0, -9,
    -9, -9, 0, -1, 0, 0, 0, 0,
    0, 0, -20, -3, -2, -3, -2, -2,
    -2, -2, -3, 1, 1, 1, 1, -2,
    -2, 1, 0, 0, 1, 1, 0, -2,
    -2, -2, -2, -2, -2, -2, -2, -2,
    -3, 1, 2, 0, 1, 1, 1, 1,
    0, 0, -1, 0, 0, -2, -3, -2,
    0, 0, -3, -3, -2, 0, -1, -1,
    -1, -17, -2, -2, -2, -2, -2, -2,
    -14, -2, -20, -2, -7, -7, -7, -11,
    -11, -11, -14, -11, -13, 0, 0, 0,
    -11, -20, 0, 0, 0, 0, -20, -10,
    -26, -16, -12, -13, -15, -13, -14, -2,
    -8, 0, 0, 0, 0, -2, 0, 0,
    0, -7, 0, 0, 0, -17, 0, -8,
    -6, -3, -3, -3, -3, -3, -6, -6,
    -22, -4, -24, -21, -10, -31, -10, 0,
    -18, 0, -19, -4, -1, -2, -1, -2,
    -2, -6, -2, 0, -1, -2, 0, -2,
    -3, -5, -4, -3, -8, -4, -6, 0,
    0, 0, 0, 0, 0, 0, 0, -13,
    0, 0, 0, -13, 0, -8, -8, -8,
    -3, -6, 0, 0, 0, 0, 0, -4,
    -31, -6, -4, -4, -4, -4, -4, -4,
    -4, -1, -1, -1, -1, -6, -6, -3,
    -6, 0, -1, -1, 0, -5, -5, -5,
    -5, -4, -6, -4, -4, -4, -4, -1,
    -2, 0, -1, -1, -1, -2, 0, 0,
    -6, 0, 0, -6, -6, -6, 0, 0,
    -6, -6, -6, -6, -2, -2, -2, -22,
    -3, -5, -5, -5, -5, -5, -21, -3,
    -31, -4, -10, -6, -6, -15, -15, -15,
    -18, -15, -17, 0, 0, 0, -11, -20,
    0, 0, 0, 0, -20, -10, -26, -16,
    -12, -13, -15, -13, -14, -2, -8, 0,
    0, 0, 0, -2, 0, 0, 0, -7,
    0, 0, 0, -17, 0, -8, -6, -3,
    -3, -3, -3, -3, -6, -6, -22, -4,
    -24, -21, -10, -31, -10, 0, -18, 0,
    -19, -4, -1, -2, -1, -2, -2, -6,
    -6, 0, -1, -2, 0, -2, -3, -5,
    -4, -3, -8, -4, -6, 0, 0, 0,
    0, 0, 0, 0, 0, -13, 0, 0,
    0, -13, 0, -8, -8, -8, -3, -6,
    0, 0, 0, 0, 0, -4, -31, -6,
    -4, -4, -4, -4, -4, -4, -4, -1,
    -1, -1, -1, -6, -6, -3, -6, 0,
    -1, -1, 0, -5, -5, -5, -5, -4,
    -6, -4, -4, -4, -4, -1, -2, 0,
    -1, -1, -1, -2, 0, 0, -6, -6,
    0, -6, -6, -6, 0, 0, -6, -6,
    -6, -6, -2, -2, -2, -22, -3, -5,
    -5, -5, -5, -5, -21, -3, -31, -4,
    -10, -6, -6, -15, -15, -15, -18, -15,
    -17, 0, 0, 0, 0, 0, 0, 0,
    0, 0, 0, 0, 0, 0, 0, 0,
    0, 0, 0, 0, 0, 0, 0, 0,
    0, 0, 0, 0, 0, 0, 0, 0,
    0, 0, 0, -8, 0, 0, 0, 0,
    0, 0, 0, 0, 0, 0, 0, 0,
    0, 0, 0, 0, 0, 0, 0, -5,
    0, 0, -2, 0, 0, 0, 0, 0,
    -2, 0, 0, 0, 0, 0, 0, 0,
    0, 0, 0, 0, 0, 0, 0, 0,
    0, 0, 0, 0, 0, 0, 0, 0,
    0, 0, 0, 0, 0, 0, 0, 0,
    0, 0, 0, 0, 0, 0, 0, 0,
    0, 0, 0, 0, 0, 0, 0, 0,
    0, 0, 0, 0, 0, 0, 0, 0,
    0, 0, 0, 0, 0, 0, 0, 0,
    0, 0, 0, 0, 0, 0, 0, 0,
    0, 0, 13, 0, 0, 0, 0, 0,
    0, 0, 0, 0, 0, 0, 0, 0,
    0, 0, 0, 0, 0, 0, 0, 0,
    0, 0, 0, 0, 0, 0, 0, 0,
    0, 0, 0, 0, 0, 0, 0, 0,
    0, 0, -10, -28, 0, 0, 0, 0,
    -28, -10, -26, -25, -12, -12, -14, -12,
    -13, -2, -14, 0, 0, 0, 0, -2,
    0, 0, 0, -6, 0, 0, 0, -25,
    0, -7, -4, -3, -3, -2, -3, -3,
    -4, -5, -40, -5, -27, -24, -8, -38,
    -9, 0, -19, 0, -19, -4, 0, 0,
    0, -6, 0, -1, -5, 0, 0, 0,
    0, -1, -7, -4, -7, -7, -8, -7,
    -7, 0, 0, 0, 0, 0, 0, 0,
    0, -12, 0, 0, 0, -14, 0, -7,
    -7, -7, -3, -4, 0, 0, 0, 0,
    0, -5, -38, -2, -4, -4, -4, -4,
    -4, -4, -4, 0, 0, 0, 0, -5,
    -5, -5, -5, 0, 0, 0, 0, -4,
    -4, -4, -4, -7, -5, -7, -4, -4,
    -4, 0, 0, 0, 0, 0, 0, 0,
    0, -5, -4, 0, 0, -5, -2, -1,
    0, 0, -2, -2, -5, -5, -1, -1,
    -1, -40, -7, -4, -4, -4, -4, -4,
    -24, -7, -38, -7, -9, -7, -7, -14,
    -14, -21, -23, -21, -22, 0, 0, 0,
    -7, -10, 0, 0, 0, 0, -10, -9,
    -13, -8, 0, -13, -14, -13, -13, 0,
    -1, 0, 0, 0, 0, 0, 0, 0,
    0, -5, 0, 0, 0, -8, 0, -5,
    -4, 0, 0, 0, 0, 0, -4, -2,
    -3, -3, -5, -5, -5, -4, -5, 0,
    -10, 0, -20, -4, 0, -1, 0, -1,
    0, -2, -4, 0, 0, -1, 0, -1,
    -1, -4, -2, -2, -8, -2, -5, 0,
    0, 0, 0, 0, 0, 0, 0, -12,
    0, 0, 0, -12, 0, -5, -5, -5,
    0, -4, 0, 0, 0, 0, 0, -3,
    -4, -6, -2, -4, -2, -2, -2, -2,
    -4, 0, 0, 0, 1, -4, -4, 0,
    0, 0, 0, 1, 0, -4, -4, -4,
    -4, -2, -4, -2, -2, -2, -4, 0,
    -1, 0, 0, 0, 1, 0, 0, 0,
    27, 0, 0, -4, -6, -2, 0, 0,
    -6, -6, -4, -2, -1, -1, -1, -3,
    -1, -4, -4, -4, -4, -4, -5, -2,
    -4, -2, -5, -5, -5, -14, -14, -10,
    -10, -10, -9, 0, 0, 0, -10, 0,
    0, 0, 0, 0, -11, -10, 0, -9,
    -13, -14, -15, -14, -12, -1, -5, 0,
    0, 0, 0, -1, 0, 0, 0, -6,
    0, 0, 0, -11, 0, -8, -4, -2,
    -2, -3, -2, -2, -4, -5, -6, -2,
    -7, -8, -8, -7, -6, 0, -9, 0,
    -4, -4, -1, -2, -1, -2, -2, -3,
    -4, 0, -1, -2, 0, -2, -3, -5,
    -4, -3, -9, -4, -6, 0, 0, 0,
    0, 0, 0, 0, 0, -13, 0, 0,
    0, -13, 0, -8, -8, -8, -2, -4,
    0, 0, 0, 0, 0, -2, -7, -6,
    -4, -4, -4, -4, -4, -4, -4, -1,
    -1, -1, -1, -4, -4, 0, 0, 0,
    -1, -1, 0, -5, -5, -5, -5, -4,
    -4, -4, -4, -4, -4, -1, -2, 0,
    -1, -1, -1, -2, 0, 0, -4, 0,
    0, -4, -6, -3, 0, 0, -6, -6,
    -4, -5, -2, -2, -2, -6, -3, -5,
    -5, -5, -5, -5, -8, -3, -7, -4,
    -6, -6, -6, -16, -16, -13, -10, -13,
    -11, 0, 0, 0, 0, -4, 0, 0,
    0, 0, -4, -3, -8, -3, -6, 0,
    -8, 0, -7, 8, 2, 0, 0, 0,
    0, 8, 0, 0, 0, 0, 0, 0,
    0, 0, 0, -2, 4, 7, 7, 3,
    7, 7, 4, 2, -1, 6, -2, -2,
    -2, -2, 4, 0, -4, 0, -19, 4,
    10, 8, 10, 4, 8, 2, 1, 0,
    10, 8, 0, 6, 4, 1, 4, 4,
    -2, 4, 2, 0, 0, 0, 0, 0,
    0, 0, 0, -6, 0, 0, 0, -6,
    0, -2, -2, -2, 7, 4, 0, 0,
    0, 0, 0, 6, -2, 0, 4, 4,
    4, 4, 4, 4, 4, 10, 10, 10,
    10, 1, 1, 2, 2, 0, 10, 10,
    0, 1, 1, 1, 1, 4, 1, 4,
    4, 4, 4, 10, 8, 0, 10, 10,
    10, 8, 0, 0, 4, 0, 0, 1,
    0, 2, 0, 0, 0, 0, 1, 2,
    6, 6, 6, -1, 4, 1, 1, 1,
    1, 1, -2, 4, -2, 4, 4, 2,
    2, -8, -8, 0, -4, 0, 0, 0,
    0, 0, 0, 0, 0, 0, 0, 0,
    0, 0, 0, 0, 0, 0, -13, 0,
    0, 0, 0, 0, 0, 0, 0, 0,
    0, 0, 0, 0, 0, 0, 0, 0,
    0, 0, 0, 0, 0, 0, 0, 0,
    0, 0, 0, 0, 0, 0, 0, 0,
    0, 0, 0, 0, 0, 0, 0, 0,
    0, 0, 0, 0, 0, 0, 0, 0,
    0, -1, 0, 0, 0, 0, 0, 0,
    0, 0, 0, 0, 0, 0, 0, 0,
    0, 0, 0, 0, 0, 0, 0, 0,
    0, 0, 0, 0, 0, 0, 0, 0,
    0, 0, 0, 0, 0, 0, 0, 0,
    0, 0, 0, 0, 0, 0, 0, 0,
    0, 0, 0, 0, 0, 0, 0, 0,
    0, 0, 0, 0, 0, 0, 0, 0,
    0, 0, 0, 0, 0, 0, 0, 0,
    0, 0, 0, 0, 0, 0, 0, 0,
    0, 0, 0, 0, 0, 0, 0, 0,
    0, 0, 0, 0, 0, 0, 0, 0,
    0, 0, 0, 0, 0, 0, 0, 0,
    0, 0, 0, 0, 0, 0, 0, 0,
    -12, -14, 0, 0, 0, 0, -14, -27,
    -11, -19, -55, -12, -41, -12, -9, -20,
    -18, 0, 0, 0, 0, -20, 0, 0,
    0, -9, 0, 0, 0, -21, 0, 0,
    -4, -26, -26, 0, -26, -26, -4, -18,
    -3, -8, -3, -5, 0, -4, -2, 0,
    -8, 0, -17, -12, -21, -19, -21, -17,
    -13, -7, -8, 0, -21, -19, -6, -14,
    -27, -18, -31, -29, 0, -31, -6, 0,
    0, 0, 0, 0, 0, 0, 0, -36,
    0, 0, 0, -20, 0, 0, 0, 0,
    -26, -4, 0, 0, 0, 0, 0, -8,
    -4, -11, -12, -12, -12, -12, -12, -12,
    -12, -21, -21, -21, -19, -8, -8, -2,
    0, 0, -21, -19, 0, -18, -18, -18,
    -18, -31, -8, -31, -12, -12, -12, -21,
    -19, 0, -21, -21, -19, -13, 0, 0,
    -4, 2, 0, -8, -11, -7, 0, 0,
    -11, -11, -8, -18, -14, -14, -14, -3,
    -27, -18, -18, -18, -18, -18, -5, -29,
    -4, -31, -2, -6, -6, -42, -42, -21,
    -14, -21, -13, 0, 0, 0, -8, -17,
    0, 0, 0, 0, -17, -14, -21, -8,
    -18, -7, -34, -7, -4, -5, 0, 0,
    0, 0, 0, -5, 0, 0, 0, -2,
    0, 0, 0, -4, 0, 0, -3, -5,
    -5, 0, -5, -5, -3, -7, -32, -4,
    -18, -17, 0, -25, -1, 0, -7, 0,
    -17, -8, -12, -11, -12, 1, -8, -4,
    -4, 0, -12, -11, 0, -8, 1, -5,
    -3, -3, -4, -3, -1, 0, 0, 0,
    0, 0, 0, 0, 0, -30, 0, 0,
    0, -13, 0, 0, 0, 0, -5, -3,
    0, 0, 0, 0, 0, -4, -25, -4,
    -8, -8, -8, -8, -8, -8, -8, -12,
    -12, -12, -12, -4, -4, -3, -4, 0,
    -12, -12, 0, -5, -5, -5, -5, -3,
    -4, -3, -8, -8, -8, -12, -11, 0,
    -12, -12, -12, -8, 0, 0, -3, -4,
    0, -4, -4, -4, 0, 0, -4, -4,
    -4, -7, -8, -8, -8, -32, 1, -5,
    -5, -5, -5, -5, -17, -3, -25, -3,
    -1, -1, -1, -35, -35, -9, -11, -9,
    -9, 0, 0, 0, -11, -45, 0, 0,
    0, 0, -45, -23, -24, -75, -48, -10,
    -41, -10, -10, -17, -32, 0, 0, 0,
    0, -17, 0, 0, 0, -8, 0, 0,
    0, -40, 0, -2, -7, -21, -21, 1,
    -21, -21, -7, -14, -46, -19, -48, -39,
    -3, -50, -4, 0, -17, 0, -18, -8,
    -14, -13, -14, -19, -12, -9, -10, 0,
    -14, -13, 0, -8, -25, -14, -31, -26,
    -6, -31, -6, 0, 0, 0, 0, 0,
    0, 0, 0, -27, 0, 0, 0, -17,
    0, -2, -2, -2, -21, -7, 0, -7,
    0, 0, 0, -19, -50, -10, -8, -8,
    -8, -8, -8, -8, -8, -14, -14, -14,
    -15, -10, -10, -10, -10, 0, -14, -15,
    0, -14, -14, -14, -14, -31, -10, -31,
    -8, -8, -8, -14, -13, 0, -14, -14,
    -15, -12, 0, 0, -7, 0, 0, -10,
    -10, -9, 0, 0, -10, -10, -10, -14,
    -8, -8, -8, -46, -25, -14, -14, -14,
    -14, -14, -39, -26, -50, -31, -4, -6,
    -6, -49, -49, -45, -48, -45, -72, 0,
    0, 0, 0, 0, 0, 0, 0, 0,
    0, 0, 0, 0, 0, 0, 0, 0,
    0, 0, 0, 0, 0, 0, 0, 0,
    0, 0, 0, 0, 0, 0, 0, 0,
    0, 0, 0, 0, 0, 0, 0, 0,
    0, 0, 0, 0, 0, 0, 0, 0,
    0, 0, 0, 0, 0, 0, 0, 0,
    0, 0, 0, 0, 0, 0, 0, 0,
    0, 0, 0, 0, 0, 0, 0, 0,
    -6, 0, 0, 0, 0, 0, 0, 0,
    0, 0, 0, 0, 0, 0, 0, 0,
    0, 0, 0, 0, 0, 0, 0, 0,
    0, 0, 0, 0, 0, 0, 0, 0,
    0, 0, 0, 0, 0, 0, 0, 0,
    0, 0, 0, 0, 0, 0, 0, 0,
    0, 0, 0, 0, 0, 0, 0, 0,
    0, 0, 0, 0, 0, 0, 0, 0,
    0, 0, 0, 0, 0, 0, 0, 0,
    0, 0, 0, -6, 0, 0, 0, 0,
    0, 0, 0, 0, 0, 0, 0, 0,
    0, 0, 0, 0, 0, 0, -6, 0,
    0, 0, 0, 0, 0, 0, 0, 0,
    -11, -45, 0, 0, 0, 0, -45, -23,
    -24, -75, -48, -10, -41, -10, -10, -17,
    -32, 0, 0, 0, 0, -17, 0, 0,
    0, -8, 0, 0, 0, -40, 0, -2,
    -7, -21, -21, 1, -21, -21, -7, -14,
    -46, -19, -48, -39, -3, -50, -4, 0,
    -17, 0, -18, -8, -14, -13, -14, -19,
    -12, -9, -10, 0, -14, -13, 0, -8,
    -25, -14, -31, -26, -6, -31, -6, 0,
    0, 0, 0, 0, 0, 0, 0, -27,
    0, 0, 0, -17, 0, -2, -2, -2,
    -21, -7, 0, 0, 0, 0, 0, -19,
    -50, -10, -8, -8, -8, -8, -8, -8,
    -8, -14, -14, -14, -15, -10, -10, -10,
    -10, 0, -14, -15, 0, -14, -14, -14,
    -14, -31, -10, -31, -8, -8, -8, -14,
    -13, 0, -14, -14, -15, -12, 0, 0,
    -7, 0, 0, -10, -10, -9, 0, 0,
    -10, -10, -10, -14, -8, -8, -8, -46,
    -25, -14, -14, -14, -14, -14, -39, -26,
    -50, -31, -4, -6, -6, -49, -49, -45,
    -48, -45, -72, 0, 0, 0, 0, 0,
    0, 0, 0, 0, 0, 0, -23, 0,
    0, 0, -46, 0, 0, 0, 0, 0,
    0, 0, 0, 0, 0, 0, 0, 0,
    0, 0, 0, 0, 0, 0, 0, 0,
    0, 0, -19, 0, 0, -12, 0, -13,
    0, 0, 0, 0, 0, 0, 0, 0,
    0, -8, 0, 0, 0, 0, 0, 0,
    0, 0, 0, 0, 0, 0, 0, -14,
    -20, 0, 0, 0, 0, 0, 0, 0,
    0, 0, 0, 0, 0, 0, 0, 0,
    0, 0, 0, 0, 0, 0, 0, 0,
    0, 0, 0, 0, 0, 0, 0, 0,
    0, 0, 0, 0, 0, 0, 0, 0,
    0, 0, 0, 0, 0, 0, 0, 0,
    0, 0, 0, 0, -14, 0, 0, 0,
    0, 0, 0, 0, 0, 0, 0, 0,
    0, 0, 0, 0, 0, 0, 0, 0,
    0, 0, 0, 0, 0, 0, 0, 0,
    0, 0, 0, 0, 0, 0, 0, 0,
    0, 0, 0, 0, 0, 0, 0, 0,
    0, 0, 0, 0, 0, 0, 0, 0,
    0, 0, 0, 0, -11, -45, 0, 0,
    0, 0, -45, -23, -24, 0, 0, -9,
    -46, -9, -10, 0, 0, 0, 0, 0,
    0, 0, 0, 0, 0, -7, 0, 0,
    0, -39, 0, -2, -6, -21, -21, 1,
    -21, -21, -6, -13, -44, -19, -47, -38,
    -2, -50, -3, 0, -17, 0, 0, -8,
    -14, -12, -14, 0, 0, -9, -10, 0,
    -14, -12, 0, -6, 0, -13, -31, 0,
    0, -31, -5, 0, 0, 0, 0, 0,
    0, 0, 0, -26, 0, 0, 0, -16,
    0, -2, -2, -2, -21, -6, 0, 0,
    0, 0, 0, -19, -50, 0, -8, -8,
    -8, -8, -8, -8, -8, -14, -14, -14,
    -14, -10, -10, 0, 0, 0, -14, -14,
    0, -13, -13, -13, -13, -31, -10, -31,
    -8, -8, -8, -14, -12, 0, -14, -14,
    -14, 0, 0, 0, -6, 0, 0, -10,
    0, -9, 0, 0, 0, 0, -10, -13,
    -6, -6, -6, -44, 0, -13, -13, -13,
    -13, -13, -38, 0, -50, -31, -3, -5,
    -5, -48, -48, -45, -48, -45, -51, 0,
    0, 0, 0, 0, 0, 0, 0, 0,
    -8, 0, -18, 0, 0, -17, -17, -17,
    0, 0, 0, 0, 0, 0, 0, 0,
    0, 0, 0, 0, 0, 0, 0, 0,
    0, 0, 0, 0, 0, 0, 0, 0,
    0, 0, 0, 0, 0, 0, 0, 0,
    0, 0, 0, 0, 0, -2, -1, 0,
    -1, 0, 1, 0, 0, 0, -1, 0,
    0, 0, 5, 0, 0, 0, 0, 2,
    0, 0, 0, 0, 0, 0, 0, 0,
    0, 0, 0, 0, 0, 0, 0, 0,
    0, 0, 0, 0, 0, 0, 0, 0,
    0, 0, 0, 0, 0, 0, 0, 0,
    0, 0, 0, 0, 0, 0, 0, 0,
    0, 0, 0, 0, -1, 0, 0, 0,
    0, 0, 0, 0, 0, 0, 0, 0,
    -2, 0, 0, 0, 0, -1, 0, 0,
    0, 0, 0, 0, 0, 0, 0, 0,
    0, 3, 0, 0, 0, 0, 0, 0,
    0, 0, 0, 0, 0, 0, 0, 0,
    0, 0, 0, 0, 0, 0, 0, 0,
    0, 0, 0, 0, 0, 0, 0, 0,
    -10, -28, 0, 0, 0, 0, -28, -10,
    -26, -25, -12, -12, -14, -12, -13, -2,
    -14, 0, 0, 0, 0, -2, 0, 0,
    0, -6, 0, 0, 0, -25, 0, -7,
    -4, -3, -3, -2, -3, -3, -4, -5,
    -40, -5, -27, -24, -8, -38, -9, 0,
    -19, 0, -19, -4, 0, 0, 0, -6,
    0, -1, -5, 0, 0, 0, 0, -1,
    -7, -4, -7, -7, -8, -7, -7, 0,
    0, 0, 0, 0, 0, 0, 0, -12,
    0, 0, 0, -14, 0, -7, -7, -7,
    -3, -4, 0, 0, 0, 0, 0, -5,
    -38, -2, -4, -4, -4, -4, -4, -4,
    -4, 0, 0, 0, 0, -5, -5, -5,
    -5, 0, 0, 0, 0, -4, -4, -4,
    -4, -7, -5, -7, -4, -4, -4, 0,
    0, 0, 0, 0, 0, 0, 0, 0,
    -4, 0, 0, -5, -2, -1, 0, 0,
    -2, -2, -5, -5, -1, -1, -1, -40,
    -7, -4, -4, -4, -4, -4, -24, -7,
    -38, -7, -9, -7, -7, -14, -14, -21,
    -23, -21, -22, 0, 0, 0, -10, -28,
    0, 0, 0, 0, -28, -10, -26, -25,
    -12, -12, -14, -12, -13, -2, -14, 0,
    0, 0, 0, -2, 0, 0, 0, -6,
    0, 0, 0, -25, 0, -7, -4, -3,
    -3, -2, -3, -3, -4, -5, -40, -5,
    -27, -24, -8, -38, -9, 0, -11, 0,
    -19, -4, 0, 0, 0, -6, 0, -1,
    -5, 0, 0, 0, 0, -1, -7, -4,
    -7, -7, -8, -7, -7, 0, 0, 0,
    0, 0, 0, 0, 0, -12, 0, 0,
    0, -14, 0, -7, -7, -7, -3, -4,
    0, 0, 0, 0, 0, -5, -38, -2,
    -4, -4, -4, -4, -4, -4, -4, 0,
    0, 0, 0, -5, -5, -5, -5, 0,
    0, 0, 0, -4, -4, -4, -4, -7,
    -5, -7, -4, -4, -4, 0, 0, 0,
    0, 0, 0, 0, 0, 0, -4, 0,
    0, -5, -2, -1, 0, 0, -2, -2,
    -5, -5, -1, -1, -1, -40, -7, -4,
    -4, -4, -4, -4, -24, -7, -38, -7,
    -9, -7, -7, -14, -14, -21, -23, -21,
    -22, 0, 0, 0, -8, -25, 0, 0,
    0, 0, -25, -6, -14, -27, -8, -13,
    -7, -13, -15, 0, -15, 0, 0, 0,
    0, 0, 0, 0, 0, -6, 0, 0,
    0, -29, 0, -11, 0, -1, -1, -5,
    -1, -1, 0, -1, -20, -1, -26, -22,
    -19, -38, -11, 0, -25, 0, -34, -1,
    0, 2, 0, -3, 1, 0, -1, 0,
    0, 2, 0, 1, -4, 0, -5, -5,
    -15, -5, -8, 0, 0, 0, 0, 0,
    0, 0, 0, -5, 0, 0, 0, -12,
    0, -11, -11, -11, -1, 0, 0, 0,
    0, 0, 0, -1, -38, -1, -1, -1,
    -1, -1, -1, -1, -1, 0, 0, 0,
    0, -1, -1, -1, -1, 0, 0, 0,
    0, 0, 0, 0, 0, -5, -1, -5,
    -1, -1, -1, 0, 2, 0, 0, 0,
    0, 1, 0, 0, 0, 0, 0, -1,
    -1, 0, 0, 0, -1, -1, -1, -1,
    1, 1, 1, -20, -4, 0, 0, 0,
    0, 0, -22, -5, -38, -5, -11, -8,
    -8, -7, -7, -21, -20, -21, -20, 0,
    0, 0, -6, -13, 0, 0, 0, 0,
    -13, -13, -19, -7, -16, -10, -27, -10,
    -5, -3, 0, 0, 0, 0, 0, -3,
    0, 0, 0, -4, 0, 0, 0, -8,
    0, 0, 0, -4, -4, 0, -4, -4,
    0, -6, -10, -4, -11, -11, 0, -16,
    -2, 0, -7, 0, -17, -9, -11, -10,
    -11, -1, -8, -3, -4, 0, -11, -10,
    0, -7, -2, -7, -1, -2, 0, -1,
    -2, 0, 0, 0, 0, 0, 0, 0,
    0, -29, 0, 0, 0, -13, 0, 0,
    0, 0, -4, 0, 0, 0, 0, 0,
    0, -4, -16, -6, -8, -9, -8, -8,
    -8, -8, -9, -11, -11, -11, -10, -4,
    -4, 5, 2, 0, -11, -10, 0, -7,
    -7, -7, -7, -1, -4, -1, -8, -8,
    -9, -11, -10, 0, -11, -11, -10, -8,
    0, 0, 0, 0, 0, -4, -6, -3,
    0, 0, -6, -6, -4, -6, -7, -7,
    -7, -10, -2, -7, -7, -7, -7, -7,
    -11, -2, -16, -1, -2, -2, -2, -28,
    -28, -9, -11, -9, -10, 0, 0, 0,
    0, 0, 0, 0, 0, 0, 0, 0,
    0, 0, 0, -37, -23, -37, 0, 0,
    0, 0, 0, 0, 0, 0, 0, 0,
    0, 0, 0, 0, 0, 0, 0, 0,
    0, 0, 0, 0, 0, 0, 0, 0,
    0, 0, 0, 0, 0, 0, 0, 0,
    0, 0, 0, 0, 0, -4, 0, 0,
    0, 0, 0, 0, 0, 0, 0, -3,
    5, 0, 0, 0, 0, 0, 0, 0,
    0, 0, 0, 0, 0, 0, 0, 0,
    0, 0, 0, 0, 0, 0, 0, 0,
    0, 0, 0, 0, 0, 0, 0, 0,
    0, 0, 0, 0, 0, 0, 0, 0,
    0, 0, 0, 0, 0, 0, 0, 0,
    0, 0, 0, 0, 0, 0, 0, 0,
    0, 0, 0, 0, 0, 0, 0, 0,
    0, 0, 0, 0, 0, 0, 0, 0,
    0, 0, 0, 0, 0, 0, 0, 0,
    0, -4, 0, 0, 0, 0, 0, 0,
    0, 0, 0, 0, 0, 0, 0, 0,
    0, 0, 0, 0, 0, 0, 0, 0,
    0, 0, 0, 0, 0, 0, -8, -10,
    0, 0, 0, 0, -10, -8, -33, -4,
    -8, -37, -23, -37, -28, -1, -1, 0,
    0, 0, 0, -1, 0, 0, 0, -2,
    0, 0, 0, -4, 0, -26, -1, -1,
    -1, -29, -1, -1, -1, -5, -31, -1,
    -13, -11, -27, -22, -27, 0, -35, 0,
    -36, -6, -4, -4, -4, 5, -4, -3,
    -4, 0, -4, -4, 0, -3, 5, -2,
    5, 3, -4, 5, -1, 0, 0, 0,
    0, 0, 0, 0, 0, -22, 0, 0,
    0, -10, 0, -26, -26, -26, -1, -1,
    0, 0, 0, 0, 0, -1, -22, -4,
    -6, -6, -6, -6, -6, -6, -6, -4,
    -4, -4, -4, -4, -4, -2, -4, 0,
    -4, -4, 0, -2, -2, -2, -2, 5,
    -4, 5, -6, -6, -6, -4, -4, 0,
    -4, -4, -4, -4, 0, 0, -1, 0,
    0, -4, -4, -3, 0, 0, -4, -4,
    -4, -5, -3, -3, -3, -31, 5, -2,
    -2, -2, -2, -2, -11, 3, -22, 5,
    -27, -1, -1, -24, -24, -6, -7, -6,
    -7, 0, 0, 0, 0, 0, 0, 0,
    0, 0, 0, 0, 0, 0, 0, -37,
    -23, -37, 0, 0, 0, 0, 0, 0,
    0, 0, 0, 0, 0, 0, 0, 0,
    0, 0, 0, 0, 0, 0, 0, 0,
    0, 0, 0, 0, 0, 0, 0, 0,
    0, 0, 0, 0, 0, 0, 0, -6,
    -4, 0, -4, 0, 0, 0, 0, 0,
    -4, 0, 0, -3, 0, -2, 0, 0,
    0, 0, 0, 0, 0, 0, 0, 0,
    0, 0, 0, 0, 0, 0, 0, 0,
    0, 0, 0, 0, 0, 0, 0, 0,
    0, 0, 0, 0, 0, 0, 0, -6,
    0, 0, 0, 0, 0, 0, 0, 0,
    0, 0, -3, 0, 0, 0, 0, 0,
    0, 0, 0, 0, 0, 0, 0, 0,
    0, 0, 0, 0, 0, 0, 0, 0,
    0, 0, 0, 0, 0, 0, 0, 0,
    0, 0, 0, 0, 0, 0, 0, 0,
    0, 0, 0, 0, 0, 0, 0, -2,
    0, 0, 0, 0, 0, 0, 0, 0,
    0, 0, 0, 0, 0, 0, 0, 0,
    0, 0, -6, -12, 0, 0, 0, 0,
    -12, -6, -25, -8, -15, -11, -8, -11,
    -14, 2, 0, 0, 0, 0, 0, 2,
    0, 0, 0, -6, 0, 0, 0, -6,
    0, -7, 0, 0, 0, 0, 0, 0,
    0, 0, -7, 0, -11, -10, -10, -15,
    -4, 0, -18, 0, -32, 0, -1, 0,
    -1, -1, 0, -1, 0, 0, -1, 0,
    0, -1, -1, -1, 0, -1, -8, 0,
    -6, 0, 0, 0, 0, 0, 0, 0,
    0, -6, 0, 0, 0, -13, 0, -7,
    -7, -7, 0, 0, 0, 0, 0, 0,
    0, 0, -15, -2, -2, 0, -2, -2,
    -2, -2, 0, -1, -1, -1, 0, 0,
    0, 7, 4, 0, -1, 0, 0, -1,
    -1, -1, -1, 0, 0, 0, -2, -2,
    0, -1, 0, 0, -1, -1, 0, 0,
    0, 0, 0, 0, 0, 0, -2, -1,
    0, 0, -2, -2, 0, 0, -1, -1,
    -1, -7, -1, -1, -1, -1, -1, -1,
    -10, -1, -15, 0, -4, -6, -6, -9,
    -9, -10, -11, -10, -10, 0, 0, 0,
    0, 0, 0, 0, 0, 0, 0, 0,
    -17, 0, 0, 0, -10, 0, 0, 0,
    0, 0, 0, 0, 0, 0, 0, 0,
    0, 0, 0, 0, 0, 0, 0, 0,
    0, 0, 0, 0, 0, 0, 0, 0,
    0, 0, 0, 0, 0, 0, 0, 0,
    0, 0, 0, 7, 10, 0, 10, 0,
    0, 4, 0, 0, 10, 0, 0, 0,
    0, 5, 0, 0, 0, 0, 0, 0,
    0, 0, 0, 0, 0, 0, 0, 0,
    0, 0, 0, 0, 0, 0, 0, 0,
    0, 0, 0, 0, 0, 0, 0, 0,
    0, 0, 0, 0, 0, 0, 0, 0,
    0, 0, 0, 0, 0, 0, 0, 0,
    0, 0, 0, 0, 0, 0, 0, 0,
    0, 0, 0, 0, 0, 0, 0, 10,
    0, 0, 0, 0, 10, 0, 0, 0,
    0, 0, 0, 0, 0, 0, 0, 0,
    3, 0, 0, 0, 0, 0, 0, 0,
    0, 0, 0, 5, 0, 0, 0, 0,
    0, 0, 0, 0, 0, 0, 0, 0,
    0, 0, 0, 0, 0, 0, -5, -23,
    0, 0, 0, 0, -23, -4, -28, -20,
    -7, -6, -12, -6, -10, 4, -6, 0,
    0, 0, 0, 4, 0, 0, 0, -1,
    0, 0, 0, -23, 0, -4, 2, 1,
    1, 0, 1, 1, 2, 0, -38, 0,
    -23, -19, -8, -33, -4, 0, -22, 0,
    -25, 3, 6, 6, 6, 0, 6, 1,
    0, 0, 6, 6, 0, 3, 0, 1,
    -2, -2, -7, -2, -1, 0, 0, 0,
    0, 0, 0, 0, 0, -8, 0, 0,
    0, -6, 0, -4, -4, -4, 1, 2,
    0, 0, 0, 0, 0, 0, -33, 0,
    3, 3, 3, 3, 3, 3, 3, 6,
    6, 6, 6, 0, 0, 1, 0, 0,
    6, 6, 0, 1, 1, 1, 1, -2,
    0, -2, 3, 3, 3, 6, 6, 0,
    6, 6, 6, 6, 0, 0, 2, 0,
    0, 0, 0, 1, 0, 0, 0, 0,
    0, 0, 3, 3, 3, -38, 0, 1,
    1, 1, 1, 1, -19, -2, -33, -2,
    -4, -1, -1, -12, -12, -18, -19, -18,
    -18, 0, 0, 0, -6, -12, 0, 0,
    0, 0, -12, -6, -25, -8, -15, -11,
    -8, -11, -14, 2, 0, 0, 0, 0,
    0, 2, 0, 0, 0, -6, 0, 0,
    0, -6, 0, -7, 0, 0, 0, 0,
    0, 0, 0, 0, -7, 0, -11, -10,
    -10, -15, -4, 0, -18, 0, -32, 0,
    -1, 0, -1, -1, 0, -1, 0, 0,
    -1, 0, 0, -1, -1, -1, 0, -1,
    -8, 0, -6, 0, 0, 0, 0, 0,
    0, 0, 0, -6, 0, 0, 0, -13,
    0, -7, -7, -7, 0, 0, 0, 0,
    0, 0, 0, 0, -15, -2, -2, 0,
    -2, -2, -2, -2, 0, -1, -1, -1,
    0, 0, 0, 7, 4, 0, -1, 0,
    0, -1, -1, -1, -1, 0, 0, 0,
    -2, -2, 0, -1, 0, 0, -1, -1,
    0, 0, 0, 0, 0, 2, 0, 0,
    -2, -1, 0, 0, -2, -2, 0, 0,
    -1, -1, -1, -7, -1, -1, -1, -1,
    -1, -1, -10, -1, -15, 0, -4, -6,
    -6, -9, -9, -10, -11, -10, -10, 0,
    0, 0, -5, -14, 0, 0, 0, 0,
    -23, -4, -13, -20, -7, -6, -12, -6,
    -10, 4, -6, 0, 0, 0, 0, 4,
    0, 0, 0, -1, 0, 0, 0, -23,
    0, -4, 2, 1, 1, 0, 1, 1,
    2, 0, -38, 0, -23, -19, -8, -33,
    -4, 0, -22, 0, -25, 3, 6, 6,
    6, 0, 6, 1, 0, 0, 6, 6,
    0, 3, 0, 1, -2, -2, -7, -2,
    -1, 0, 0, 0, 0, 0, 0, 0,
    0, -8, 0, 0, 0, -6, 0, -4,
    -4, -4, 1, 2, 0, 0, 0, 0,
    0, 0, -33, 0, 3, 3, 3, 3,
    3, 3, 3, 6, 6, 6, 6, 0,
    0, 1, 0, 0, 6, 6, 0, 1,
    1, 1, 1, -2, 0, -2, 3, 3,
    3, 6, 6, 0, 6, 6, 6, 6,
    0, 0, 2, 1, 3, 0, 0, 1,
    0, 0, 0, 0, 0, 0, 3, 3,
    3, -38, 0, 1, 1, 1, 1, 1,
    -19, -2, -33, -2, -4, -1, -1, -12,
    -12, -18, -19, -18, -18, 0, 0, 0,
    -9, 0, 0, 0, 0, 0, 0, -26,
    -10, -6, -42, -48, -55, -48, -45, -16,
    -5, 0, 0, 0, 0, -16, 0, 0,
    0, -43, 0, 0, 0, -10, 0, -42,
    -3, -19, -19, -35, -19, -19, -3, -13,
    1, -2, 0, -1, -2, 0, -2, 0,
    -6, 0, -47, -42, -40, 0, -40, -20,
    -40, -4, -5, -39, -40, 0, -39, -39,
    -23, -32, -32, -32, -32, -32, 0, 0,
    0, 0, 0, 0, 0, 0, 0, -54,
    0, 0, 0, -56, 0, -42, -42, -42,
    -19, -3, 0, 0, 0, 0, 0, -2,
    0, -24, -15, -42, -15, -15, -15, -15,
    -42, -40, -40, -40, -18, -5, -5, 0,
    11, 0, -40, -18, 0, 0, 0, 0,
    0, -32, -5, -32, -15, -15, -42, -40,
    0, 0, -40, -40, -18, -40, 0, 0,
    -3, 0, 0, -5, -24, -4, 0, 0,
    -24, -24, -5, -13, -39, -39, -39, 1,
    -23, 0, 0, 0, 0, 0, -1, -32,
    0, -32, -2, 0, 0, -56, -56, -10,
    0, -10, -4, 0, 0, 0, 1, 4,
    0, 0, 0, 0, 4, -7, 3, 0,
    0, -6, -24, -6, -6, 0, 0, 0,
    0, 0, 0, 0, 0, 0, 0, 0,
    0, 0, 0, 0, 0, 0, 0, 0,
    0, 0, 0, 0, 0, 0, 0, 0,
    0, 0, 0, 0, 0, 0, 1, 0,
    0, -2, -6, -5, -6, 3, 0, 0,
    0, 0, -6, -5, 0, -2, 2, -4,
    1, 0, 0, 1, 0, 0, 0, 0,
    0, 0, 0, 0, 0, -23, 0, 0,
    0, 0, 0, 0, 0, 0, 0, 0,
    0, 0, 0, 0, 0, 0, 0, 0,
    0, -2, 0, 0, 0, 0, -2, -6,
    -6, -6, -4, 0, 0, 0, 0, 0,
    -6, -4, 0, -4, -4, -4, -4, 1,
    0, 1, 0, 0, -2, -6, -5, 0,
    -6, -6, -4, 0, 0, 0, 0, 0,
    0, 0, 0, 0, 0, 0, 0, 0,
    0, 0, -2, -2, -2, 0, 2, -4,
    -4, -4, -4, -4, 0, 0, 0, 1,
    0, 0, 0, -25, -25, 0, 1, 0,
    3, 0, 0, 0, -11, -20, 0, 0,
    0, 0, -20, -10, -26, -16, -12, -13,
    -15, -13, -14, -2, -8, 0, 0, 0,
    0, -2, 0, 0, 0, -7, 0, 0,
    0, -17, 0, -8, -6, -3, -3, -3,
    -3, -3, -6, -6, -22, -4, -24, -21,
    -10, -31, -10, 0, -18, 0, -19, -4,
    -1, -2, -1, -2, -2, -6, 0, 0,
    -1, -2, 0, -2, -3, -5, -4, -3,
    -8, -4, -6, 0, 0, 0, 0, 0,
    0, 0, 0, -13, 0, 0, 0, -13,
    0, -8, -8, -8, -3, -6, 0, 0,
    0, 0, 0, -4, -31, -6, -4, -4,
    -4, -4, -4, -4, -4, -1, -1, -1,
    -1, -6, -6, -3, -6, 0, -1, -1,
    0, -5, -5, -5, -5, -4, -6, -4,
    -4, -4, -4, -1, -2, 0, -1, -1,
    -1, -2, 0, 0, -6, 0, 0, -6,
    -6, -6, 0, 0, -6, -6, -6, -6,
    -2, -2, -2, -22, -3, -5, -5, -5,
    -5, -5, -21, -3, -31, -4, -10, -6,
    -6, -15, -15, -15, -18, -15, -17, 0,
    0, 0, -12, -9, 0, 0, 0, 0,
    -9, -24, -13, -10, -26, -43, -33, -43,
    -43, -13, -5, 0, 0, 0, 0, -13,
    0, 0, 0, -22, 0, 0, 0, -12,
    0, -38, -5, -14, -14, -31, -14, -14,
    -5, -14, -1, -4, -1, -4, -5, 0,
    -7, 0, -10, 0, -43, -25, -22, -21,
    -22, -11, -21, -6, -7, -14, -22, -21,
    -14, -20, -11, -20, -12, -13, -21, -12,
    -21, 0, 0, 0, 0, 0, 0, 0,
    0, -34, 0, 0, 0, -27, 0, -38,
    -38, -38, -14, -5, 0, 0, 0, 0,
    0, -4, 0, -21, -17, -25, -17, -17,
    -17, -17, -25, -22, -22, -22, -16, -7,
    -7, 4, 6, 0, -22, -16, 0, -20,
    -20, -20, -20, -12, -7, -12, -17, -17,
    -25, -22, -21, 0, -22, -22, -16, -21,
    0, 0, -5, 0, 0, -7, -21, -6,
    0, 0, -21, -21, -7, -14, -20, -20,
    -20, -1, -11, -20, -20, -20, -20, -20,
    -4, -13, 0, -12, -7, -21, -21, -33,
    -33, -14, -10, -14, -8, 0, 0, 0,
    -9, -12, 0, 0, 0, 0, -12, -9,
    -34, -7, -8, -28, -18, -28, -27, -1,
    -2, 0, 0, 0, 0, -1, 0, 0,
    0, -4, 0, 0, 0, -4, 0, -23,
    -2, -1, -1, -20, -1, -1, -2, -6,
    -32, -1, -14, -13, -25, -22, -23, 0,
    -35, 0, -33, -8, -5, -4, -5, 2,
    -4, -3, -3, 0, -5, -4, 0, -4,
    1, -2, 1, 0, -3, 1, -3, 0,
    0, 0, 0, 0, 0, 0, 0, -18,
    0, 0, 0, -11, 0, -23, -23, -23,
    -1, -2, 0, 0, 0, 0, 0, -1,
    -22, -3, -7, -8, -7, -7, -7, -7,
    -8, -5, -5, -5, -5, -3, -3, -2,
    -3, 0, -5, -5, 0, -2, -2, -2,
    -2, 1, -3, 1, -7, -7, -8, -5,
    -4, 0, -5, -5, -5, -4, 0, 0,
    -2, 0, 0, -3, -3, -3, 0, 0,
    -3, -3, -3, -6, -4, -4, -4, -32,
    1, -2, -2, -2, -2, -2, -13, 0,
    -22, 1, -23, -3, -3, -18, -18, -8,
    -9, -8, -8, 0, 0, 0, -10, -6,
    0, 0, 0, 0, -6, -30, -8, -11,
    -38, -48, -55, -48, -48, -19, -8, 0,
    0, 0, 0, -19, 0, 0, 0, -31,
    0, 0, 0, -13, 0, -44, -4, -21,
    -21, -39, -21, -21, -4, -18, 0, -2,
    0, 0, -1, 0, -4, 0, -6, 0,
    -51, -39, -38, -38, -38, -20, -37, -5,
    -7, -31, -38, -38, -31, -35, -21, -30,
    -21, -22, -29, -21, -29, 0, 0, 0,
    0, 0, 0, 0, 0, -55, 0, 0,
    0, -38, 0, -44, -44, -44, -21, -4,
    0, 0, 0, 0, 0, -2, 0, -31,
    -16, -39, -16, -16, -16, -16, -39, -38,
    -38, -38, -17, -7, -7, 7, 0, 0,
    -38, -17, 0, 0, 0, 0, 0, -21,
    -7, -21, -16, -16, -39, -38, -38, 0,
    -38, -38, -17, -37, 0, 0, -4, 0,
    0, -7, -31, -5, 0, 0, -31, -31,
    -7, -18, -35, -35, -35, 0, -21, 0,
    0, 0, 0, 0, 0, -22, 0, -21,
    -4, -29, -29, -56, -56, -13, -7, -13,
    -5, 0, 0, 0, -8, -11, 0, 0,
    0, 0, -9, -9, -33, -3, -9, -32,
    -20, -32, -28, -1, -1, 0, 0, 0,
    0, -1, 0, 0, 0, -2, 0, 0,
    0, -3, 0, -26, -2, -1, -1, -27,
    -1, -1, -2, -5, -32, -2, -13, -12,
    -26, -21, -28, 0, -36, 0, -39, -9,
    -5, -5, -5, 2, -6, -3, -4, 0,
    -5, -5, 0, -5, 2, -2, 2, 1,
    -1, 2, -2, 0, 0, 0, 0, 0,
    0, 0, 0, -20, 0, 0, 0, -12,
    0, -26, -26, -26, -1, -2, 0, 0,
    0, 0, 0, -2, -21, -4, -9, -9,
    -9, -9, -9, -9, -9, -5, -5, -5,
    -5, -4, -4, -2, -4, 0, -5, -5,
    0, -2, -2, -2, -2, 2, -4, 2,
    -9, -9, -9, -5, -5, 0, -5, -5,
    -5, -6, 0, 0, -2, 0, 0, -4,
    -4, -3, 0, 0, -4, -4, -4, -5,
    -5, -5, -5, -32, 2, -2, -2, -2,
    -2, -2, -12, 1, -21, 2, -28, -2,
    -2, -21, -21, -5, -7, -5, -5, 0,
    0, 0, -10, -6, 0, 0, 0, 0,
    -6, -30, -8, -11, -38, -48, -55, -48,
    -48, -19, -8, 0, 0, 0, 0, -19,
    0, 0, 0, -31, 0, 0, 0, -13,
    0, -44, -4, -21, -21, -39, -21, -21,
    -4, -18, 0, -2, 0, 0, -1, 0,
    -4, 0, -6, 0, -51, -39, -38, -38,
    -38, -20, -37, -5, -7, -31, -38, -38,
    -31, -35, -21, 0, -21, -22, -29, -21,
    -29, 0, 0, 0, 0, 0, 0, 0,
    0, -55, 0, 0, 0, -38, 0, -44,
    -44, -44, -21, -4, 0, 0, 0, 0,
    0, -2, 0, -31, -16, -39, -16, -16,
    -16, -16, -39, -38, -38, -38, -17, -7,
    -7, 7, 0, 0, -38, -17, 0, 0,
    0, 0, 0, -21, -7, -21, -16, -16,
    -39, -38, -38, 0, -38, -38, -17, -37,
    0, 0, -4, 0, 0, -7, -31, -5,
    0, 0, -31, -31, -7, -18, -35, -35,
    -35, 0, -21, 0, 0, 0, 0, 0,
    0, -22, 0, -21, -4, -29, -29, -56,
    -56, -13, -7, -13, -5, 0, 0, 0,
    -8, -8, 0, 0, 0, 0, -8, -21,
    -11, -9, -35, -10, -38, -10, -10, -11,
    -4, 0, 0, 0, 0, -11, 0, 0,
    0, -7, 0, 0, 0, -10, 0, -2,
    -2, -14, -14, 1, -14, -14, -2, -8,
    -1, -5, -2, -5, -2, -1, -2, 0,
    -8, 0, -19, -8, -14, -12, -14, -12,
    -12, -3, -4, 0, -14, -12, 0, -7,
    -15, -13, -16, -17, -6, -16, -6, 0,
    0, 0, 0, 0, 0, 0, 0, -26,
    0, 0, 0, -17, 0, -2, -2, -2,
    -14, -2, 0, 0, 0, 0, 0, -5,
    -1, -10, -7, -8, -7, -7, -7, -7,
    -8, -14, -14, -14, -11, -4, -4, 6,
    0, 0, -14, -11, 0, -13, -13, -13,
    -13, -16, -4, -16, -7, -7, -8, -14,
    -12, 0, -14, -14, -11, -12, 0, 0,
    -2, 0, 0, -4, -10, -3, 0, 0,
    -10, -10, -4, -8, -7, -7, -7, -1,
    -15, -13, -13, -13, -13, -13, -5, -17,
    -1, -16, -2, -6, -6, -39, -39, -12,
    -9, -12, -9, 0, 0, 0, -10, -18,
    0, 0, 0, 0, -18, -12, -24, -12,
    -13, -10, -25, -10, -10, -4, -4, 0,
    0, 0, 0, -4, 0, 0, 0, -6,
    0, 0, 0, -13, 0, -4, -5, -5,
    -5, 0, -5, -5, -5, -10, -32, -6,
    -21, -19, -6, -28, -5, 0, -17, 0,
    -18, -6, -7, -7, -7, 0, -7, -5,
    -5, 0, -7, -7, 0, -4, -1, -5,
    0, -2, -4, 0, -5, 0, 0, 0,
    0, 0, 0, 0, 0, -26, 0, 0,
    0, -12, 0, -4, -4, -4, -5, -5,
    0, 0, 0, 0, 0, -6, -28, -5,
    -6, -6, -6, -6, -6, -6, -6, -7,
    -7, -7, -7, -5, -5, -3, -5, 0,
    -7, -7, 0, -5, -5, -5, -5, 0,
    -5, 0, -6, -6, -6, -7, -7, 0,
    -7, -7, -7, -7, 0, 0, -5, 0,
    0, -5, -5, -5, 0, 0, -5, -5,
    -5, -10, -4, -4, -4, -32, -1, -5,
    -5, -5, -5, -5, -19, -2, -28, 0,
    -5, -5, -5, -25, -25, -11, -15, -11,
    -13, 0, 0, 0, -10, -18, 0, 0,
    0, 0, -18, -12, -13, -12, -13, -10,
    -25, -10, -10, -4, -4, 0, 0, 0,
    0, -4, 0, 0, 0, -6, 0, 0,
    0, -13, 0, -4, -5, -5, -5, 0,
    -5, -5, -5, -10, -32, -6, -21, -19,
    -6, -28, -5, 0, -17, 0, -18, -6,
    -7, -7, -7, 0, -7, -5, -5, 0,
    -7, -7, 0, -4, -1, -5, 0, -2,
    -4, 0, -5, 0, 0, 0, 0, 0,
    0, 0, 0, -26, 0, 0, 0, -12,
    0, -4, -4, -4, -5, -5, 0, 0,
    0, 0, 0, -6, -28, -5, -6, -6,
    -6, -6, -6, -6, -6, -7, -7, -7,
    -7, -5, -5, -3, -5, 0, -7, -7,
    0, -5, -5, -5, -5, 0, -5, 0,
    -6, -6, -6, -7, -7, 0, -7, -7,
    -7, -7, 0, 0, -5, 0, 0, -5,
    -5, -5, 0, 0, -5, -5, -5, -10,
    -4, -4, -4, -32, -1, -5, -5, -5,
    -5, -5, -19, -2, -28, 0, -5, -5,
    -5, -25, -25, -11, -15, -11, -13, 0,
    0, 0, -23, -42, 0, 0, 0, 0,
    -42, -18, -49, 0, 0, -30, 0, -30,
    -29, -9, -40, -29, -14, -10, -17, -9,
    -42, -11, -17, -22, 0, 0, 0, 0,
    0, -26, -14, -10, -10, -34, -10, -10,
    -14, -15, -56, -13, -37, -33, -36, -56,
    -28, 0, -48, 0, 0, -18, -7, -8,
    -7, -19, -7, -15, -15, 0, -7, -8,
    0, -16, -21, -14, -20, -18, -36, -20,
    -27, 0, 0, 0, 0, 0, 0, 0,
    0, -15, 0, 0, 0, -28, 0, -26,
    -26, -26, -10, -14, 0, 0, 0, 0,
    0, -13, -56, -15, -18, -18, -18, -18,
    -18, -18, -18, -7, -7, -7, -7, -15,
    -15, 0, 0, 0, -7, -7, 0, -14,
    -14, -14, -14, -20, -15, -20, -18, -18,
    -18, -7, -8, 0, -7, -7, -7, -7,
    0, 0, -14, 0, 0, -15, -15, -15,
    0, 0, -15, -15, -15, -15, -16, -16,
    -16, -56, -21, -14, -14, -14, -14, -14,
    -33, -18, -56, -20, -28, -27, -27, -15,
    -15, -41, -42, -41, 0, 0, 0, 0,
    -23, -42, 0, 0, 0, 0, -42, -18,
    -49, 0, 0, -30, 0, -30, -29, -9,
    -40, -29, -14, -10, -17, -9, -42, -11,
    -17, -22, 0, 0, 0, 0, 0, -26,
    -14, -10, -10, -34, -10, -10, -14, -15,
    -56, -13, -37, -33, -36, -56, -28, 0,
    -48, 0, 0, -18, -7, -8, -7, -19,
    -7, -15, -15, 0, -7, -8, 0, -16,
    -21, -14, -20, -18, -36, -20, -27, 0,
    0, 0, 0, 0, 0, 0, 0, -15,
    0, 0, 0, -28, 0, -26, -26, -26,
    -10, -14, 0, 0, 0, 0, 0, -13,
    -56, -15, -18, -18, -18, -18, -18, -18,
    -18, -7, -7, -7, -7, -15, -15, 0,
    0, 0, -7, -7, 0, -14, -14, -14,
    -14, -20, -15, -20, -18, -18, -18, -7,
    -8, 0, -7, -7, -7, -7, 0, 0,
    -14, 0, 0, -15, -15, -15, 0, 0,
    -15, -15, -15, -15, -16, -16, -16, -56,
    -21, -14, -14, -14, -14, -14, -33, -18,
    -56, -20, -28, -27, -27, -15, -15, -41,
    -42, -41, -50, 0, 0, 0, -11, -9,
    0, 0, -5, 0, -9, -20, -15, -9,
    -22, -48, -39, -48, -41, -10, -1, -6,
    -9, -33, -15, -10, -6, -10, -5, -17,
    0, 0, 0, 0, 0, -39, -7, -10,
    -10, -41, -10, -10, -7, -13, -7, -6,
    -7, -9, -13, -6, -14, 0, -12, 0,
    0, -23, -23, -22, -23, -5, -22, 0,
    -11, 0, -23, -22, 0, -20, -5, -14,
    -5, -8, -17, -5, -14, 0, 0, 0,
    0, 0, 0, 0, 0, -36, 0, 0,
    0, -22, -41, -39, -39, -39, -10, -7,
    0, 0, 0, 0, 0, -6, -6, -15,
    -19, -23, -19, -19, -19, -19, -23, -23,
    -23, -23, -18, -11, -11, 0, 0, 0,
    -23, -18, 0, -14, -14, -14, -14, -5,
    -11, -5, -19, -19, -23, -23, -22, 0,
    -23, -23, -18, -22, 0, 0, -7, 0,
    0, -11, -15, 0, 0, 0, -15, -15,
    -11, -13, -20, -20, -20, -7, -5, -14,
    -14, -14, -14, -14, -9, -8, -6, -5,
    -14, -14, -14, -41, -41, -10, -11, -10,
    0, -45, 0, -45, 0, 0, 0, 0,
    0, 0, 0, 0, -15, 0, 0, -48,
    -48, -48, 0, 0, 0, 0, 0, 0,
    0, 0, 0, 0, 0, 0, 0, 0,
    0, 0, 0, -46, -13, -20, -20, -44,
    -20, -20, -13, -18, -6, -11, -8, -10,
    -13, -7, -13, 0, 0, 0, 0, -34,
    -34, -34, -34, -14, -33, 0, -15, 0,
    -34, -34, 0, -30, -14, -23, -17, -19,
    -24, -17, -23, 0, 0, 0, 0, 0,
    0, 0, 0, -48, 0, 0, 0, 0,
    0, -46, -46, -46, -20, -13, 0, 0,
    0, 0, 0, -11, -7, -24, -24, -34,
    -24, -24, -24, -24, -34, -34, -34, -34,
    -25, -15, -15, 0, 0, 0, -34, -25,
    0, -23, -23, -23, -23, -17, -15, -17,
    -24, -24, -34, -34, -34, 0, -34, -34,
    -25, -33, 0, 0, -13, 0, 0, -15,
    -24, 0, 0, 0, -24, -24, -15, -18,
    -30, -30, -30, -6, -14, -23, -23, -23,
    -23, -23, -10, -19, -7, -17, -13, -23,
    -23, 0, 0, 0, 0, 0, 0, 0,
    0, 0, -15, 0, 0, 0, -19, 0,
    0, -25, 0, -45, -45, -11, -37, -11,
    -8, -19, -37, -5, -14, -16, -15, -19,
    -32, -14, -16, -10, 0, 0, 0, 0,
    0, -7, -12, -24, -24, -1, -24, -24,
    -12, -17, -45, -21, -45, -43, -9, -45,
    -8, 0, 0, 0, 0, -10, -15, -14,
    -15, -21, -11, 0, -11, 0, -15, -14,
    0, -9, -26, -15, -33, -29, -10, -33,
    -9, 0, 0, 0, 0, 0, 0, 0,
    0, -28, 0, 0, 0, -18, 0, -7,
    -7, -7, -24, -12, 0, 0, 0, 0,
    0, -21, -45, -13, -10, -10, -10, -10,
    -10, -10, -10, -15, -15, -15, -15, -11,
    -11, 0, 0, 0, -15, -15, 0, -15,
    -15, -15, -15, -33, -11, -33, -10, -10,
    -10, -15, -14, 0, -15, -15, -15, -11,
    0, 0, -12, 0, 0, -11, -13, 0,
    0, 0, -13, -13, -11, -17, -9, -9,
    -9, -45, -26, -15, -15, -15, -15, -15,
    -43, -29, -45, -33, -8, -9, -9, -38,
    -38, -45, -48, -45, 0, 0, 0, 0,
    -11, -9, 0, 0, -5, 0, -9, -20,
    -15, -9, -22, -48, -39, -48, -41, -10,
    -1, -6, -9, -33, -15, -10, -6, -10,
    -5, -17, 0, 0, 0, 0, 0, -39,
    -7, -10, -10, -41, -10, -10, -7, -13,
    -7, -6, -7, -9, -13, -6, -14, 0,
    -12, 0, -80, -23, -23, -22, -23, -5,
    -22, 0, -11, 0, -23, -22, 0, -20,
    -5, -14, -5, -8, -17, -5, -14, 0,
    0, 0, 0, 0, 0, 0, 0, -36,
    0, 0, 0, -22, -41, -39, -39, -39,
    -10, -7, 0, 0, 0, 0, 0, -6,
    -6, -15, -19, -23, -19, -19, -19, -19,
    -23, -23, -23, -23, -18, -11, -11, 0,
    0, 0, -23, -18, 0, -14, -14, -14,
    -14, -5, -11, -5, -19, -19, -23, -23,
    -22, 0, -23, -23, -18, -22, 0, 0,
    -7, 0, 0, -11, -15, 0, 0, 0,
    -15, -15, -11, -13, -20, -20, -20, -7,
    -5, -14, -14, -14, -14, -14, -9, -8,
    -6, -5, -14, -14, -14, -41, -41, -10,
    -11, -10, 0, -79, 0, -80, 0, 0,
    0, 0, 0, 0, 0, 0, -14, 0,
    0, -48, -58, -48, 0, 0, 0, 0,
    0, 0, 0, 0, 0, 0, 0, -24,
    0, 0, 0, 0, 0, -46, -11, -19,
    -19, -47, -19, -19, -11, -16, -5, -9,
    -6, -8, -11, -5, -12, 0, 0, 0,
    0, -32, -33, -32, -33, -13, -32, 0,
    -13, 0, -33, -32, 0, -28, -13, -22,
    -14, -17, -23, -14, -15, 0, 0, 0,
    0, 0, 0, 0, 0, 0, 0, 0,
    0, 0, 0, -46, -46, -46, -19, -11,
    0, 0, 0, 0, 0, -9, -5, -23,
    -22, -32, -22, -22, -22, -22, -32, -33,
    -33, -33, -23, -13, -13, 0, 0, 0,
    -33, -23, 0, -22, -22, -22, -22, -14,
    -13, -14, -22, -22, -32, -33, -32, 0,
    -33, -33, -23, -32, 0, 0, -11, 0,
    0, -13, -23, 0, 0, 0, -23, -23,
    -13, -16, -28, -28, -28, -5, -13, -22,
    -22, -22, -22, -22, -8, -17, -5, -14,
    -12, -15, -15, 0, -59, 0, 0, 0,
    0, 0, 0, -80, -15, 0, 0, 0,
    -19, 0, 0, -25, 0, -45, -45, -11,
    -37, -11, -8, -19, -37, -5, -14, -16,
    -15, -19, -32, -14, -16, -10, 0, 0,
    0, 0, 0, -7, -12, -24, -24, -1,
    -24, -24, -12, -17, -45, -21, -45, -43,
    -9, -45, -8, 0, 0, 0, 0, -10,
    -15, -14, -15, -21, -11, 0, -11, 0,
    -15, -14, 0, -9, -26, -15, -33, -29,
    -10, -33, -9, 0, 0, 0, 0, 0,
    0, 0, 0, -28, 0, 0, 0, -18,
    0, -7, -7, -7, -24, -12, 0, 0,
    0, 0, 0, -21, -45, -13, -10, -10,
    -10, -10, -10, -10, -10, -15, -15, -15,
    -15, -11, -11, 0, 0, 0, -15, -15,
    0, -15, -15, -15, -15, -33, -11, -33,
    -10, -10, -10, -15, -14, 0, -15, -15,
    -15, -11, 0, 0, -12, 0, 0, -11,
    -13, 0, 0, 0, -13, -13, -11, -17,
    -9, -9, -9, -45, -26, -15, -15, -15,
    -15, -15, -43, -29, -45, -33, -8, -9,
    -9, -38, -38, -45, -48, -45, -79, 0,
    0, 0, 0, 0, 0, 0, 0, 0,
    0, 0, -42, 0, 0, 0, 0, 0,
    0, 0, 0, 0, 0, 0, 0, 0,
    0, 0, 0, 0, 0, 0, 0, 0,
    0, 0, 0, 0, 0, 0, 0, 0,
    0, 0, -48, 0, 0, 0, 0, 0,
    0, 0, 0, 0, 0, 0, 0, 0,
    0, 0, 0, 0, 0, 0, 0, 0,
    0, 0, 0, 0, 0, 0, 0, 0,
    0, 0, 0, 0, 0, 0, 0, 0,
    0, 0, 0, 0, 0, 0, 0, 0,
    0, 0, 0, 0, 0, 0, 0, 0,
    0, 0, 0, 0, 0, 0, 0, 0,
    0, 0, 0, 0, 0, 0, 0, 0,
    0, 0, 0, 0, 0, 0, 0, 0,
    0, 0, 0, 0, 0, 0, 0, 0,
    0, 0, 0, 0, 0, 0, 0, 0,
    0, 0, 0, 0, 0, 0, 0, 0,
    0, 0, 0, 0, 0, 0, 0, 0,
    0, 0, 0, 0, 0, 0, 0, 0,
    0, 0, 0, 0, 0, 0, 0, 0,
    0, 0, 0, 0, 0, 0, 0, 0,
    0, -79, 0, 0, 0, 0, 0, -23,
    -26, 0, 0, 0, 0, 0, 0, 0,
    0, 0, 0, 0, 0, 0, 0, 0,
    0, 0, 0, 0, 0, 0, 0, 0,
    0, 0, 0, 0, 0, 0, 0, 0,
    -51, 0, 0, 0, 0, 0, 0, 0,
    -19, 0, 0, 0, 0, 0, 0, 0,
    0, 0, 0, 0, 0, 0, 0, 0,
    0, 0, 0, -26, 0, 0, 0, 0,
    0, 0, 0, 0, 0, 0, 0, 0,
    0, 0, 0, -16, 0, 0, 0, 0,
    0, 0, 0, 0, 0, 0, 0, 0,
    0, 0, 0, 0, 0, 0, 0, 0,
    0, 0, 0, 0, 0, 0, 0, 0,
    0, 0, 0, 0, 0, 0, 0, 0,
    0, 0, 0, 0, 0, 0, 0, 0,
    0, 0, 0, 0, 0, 0, 0, 0,
    0, 0, 0, 0, 0, 0, 0, 0,
    0, 0, 0, 0, 0, 0, 0, 0,
    0, 0, 0, 0, 0, 0, 0, 0,
    0, 0, 0, 0, 0, 0, 0, -45,
    -48, -80, -80, 0, 0, 0
};


/*Collect the kern class' data in one place*/
static const lv_font_fmt_txt_kern_classes_t kern_classes =
{
    .class_pair_values   = kern_class_values,
    .left_class_mapping  = kern_left_class_mapping,
    .right_class_mapping = kern_right_class_mapping,
    .left_class_cnt      = 193,
    .right_class_cnt     = 174,
};

/*--------------------
 *  ALL CUSTOM DATA
 *--------------------*/

#if LV_VERSION_CHECK(8, 0, 0)
/*Store all the custom data of the font*/
static  lv_font_fmt_txt_glyph_cache_t cache;
static const lv_font_fmt_txt_dsc_t font_dsc = {
#else
static lv_font_fmt_txt_dsc_t font_dsc = {
#endif
    .glyph_bitmap = glyph_bitmap,
    .glyph_dsc = glyph_dsc,
    .cmaps = cmaps,
    .kern_dsc = &kern_classes,
    .kern_scale = 16,
    .cmap_num = 6,
    .bpp = 4,
    .kern_classes = 1,
    .bitmap_format = 0,
#if LV_VERSION_CHECK(8, 0, 0)
    .cache = &cache
#endif
};


/*-----------------
 *  PUBLIC FONT
 *----------------*/

/*Initialize a public general font descriptor*/
#if LV_VERSION_CHECK(8, 0, 0)
const lv_font_t airki_sans_22 = {
#else
lv_font_t airki_sans_22 = {
#endif
    .get_glyph_dsc = lv_font_get_glyph_dsc_fmt_txt,    /*Function pointer to get glyph's data*/
    .get_glyph_bitmap = lv_font_get_bitmap_fmt_txt,    /*Function pointer to get glyph's bitmap*/
    .line_height = 32,          /*The maximum line height required by the font*/
    .base_line = 9,             /*Baseline measured from the bottom of the line*/
#if !(LVGL_VERSION_MAJOR == 6 && LVGL_VERSION_MINOR == 0)
    .subpx = LV_FONT_SUBPX_NONE,
#endif
#if LV_VERSION_CHECK(7, 4, 0) || LVGL_VERSION_MAJOR >= 8
    .underline_position = -4,
    .underline_thickness = 1,
#endif
    .dsc = &font_dsc           /*The custom font data. Will be accessed by `get_glyph_bitmap/dsc` */
};



#endif /*#if AIRKI_SANS_22*/

