/*******************************************************************************
 * Size: 32 px
 * Bpp: 4
 * Opts: --no-compress --bpp 4 --size 32 --font InstrumentSans-SemiBold.ttf -r 0x20-0x7F,0xA0-0xFF,0x2013-0x2026 --font ../../.pio/libdeps/WS-241/lvgl/scripts/built_in_font/FontAwesome5-Solid+Brands+Regular.woff -r 61441,61448,61451,61452,61453,61457,61459,61461,61465,61468,61473,61478,61479,61480,61502,61507,61512,61515,61516,61517,61521,61522,61523,61524,61543,61544,61550,61552,61553,61556,61559,61560,61561,61563,61587,61589,61636,61637,61639,61641,61664,61671,61674,61683,61724,61732,61787,61931,62016,62017,62018,62019,62020,62087,62099,62212,62189,62810,63426,63650 --format lvgl --lv-include lvgl.h --force-fast-kern-format -o ../../examples/at_core_debug/fonts/airki_sans_32.c
 ******************************************************************************/

#ifdef LV_LVGL_H_INCLUDE_SIMPLE
#include "lvgl.h"
#else
#include "lvgl.h"
#endif

#ifndef AIRKI_SANS_32
#define AIRKI_SANS_32 1
#endif

#if AIRKI_SANS_32

/*-----------------
 *    BITMAPS
 *----------------*/

/*Store the image of the glyphs*/
static LV_ATTRIBUTE_LARGE_CONST const uint8_t glyph_bitmap[] = {
    /* U+0020 " " */

    /* U+0021 "!" */
    0x7f, 0xff, 0xe0, 0x7f, 0xff, 0xe0, 0x6f, 0xff,
    0xd0, 0x6f, 0xff, 0xc0, 0x5f, 0xff, 0xc0, 0x4f,
    0xff, 0xb0, 0x4f, 0xff, 0xb0, 0x3f, 0xff, 0xa0,
    0x3f, 0xff, 0x90, 0x2f, 0xff, 0x90, 0x1f, 0xff,
    0x80, 0x1f, 0xff, 0x80, 0xf, 0xff, 0x70, 0xf,
    0xff, 0x60, 0xf, 0xff, 0x60, 0xd, 0xee, 0x50,
    0x0, 0x0, 0x0, 0x0, 0x0, 0x0, 0x0, 0x0,
    0x0, 0x6b, 0xbb, 0xb0, 0x9f, 0xff, 0xf0, 0x9f,
    0xff, 0xf0, 0x9f, 0xff, 0xf0, 0x9f, 0xff, 0xf0,

    /* U+0022 "\"" */
    0x5, 0xee, 0x70, 0x3, 0xdf, 0x90, 0xf, 0xff,
    0xf3, 0xd, 0xff, 0xf6, 0x3f, 0xff, 0xf6, 0xf,
    0xff, 0xf9, 0x2f, 0xff, 0xf5, 0xf, 0xff, 0xf8,
    0xf, 0xff, 0xf2, 0xc, 0xff, 0xf5, 0xb, 0xff,
    0xe0, 0x8, 0xff, 0xf1, 0x7, 0xff, 0xa0, 0x4,
    0xff, 0xd0, 0x3, 0xff, 0x60, 0x0, 0xff, 0x90,
    0x0, 0xff, 0x20, 0x0, 0xcf, 0x50, 0x0, 0xbe,
    0x0, 0x0, 0x8f, 0x10,

    /* U+0023 "#" */
    0x0, 0x0, 0x0, 0x9f, 0xff, 0x0, 0x0, 0x9f,
    0xfe, 0x0, 0x0, 0x0, 0x0, 0x0, 0xbf, 0xfd,
    0x0, 0x0, 0xcf, 0xfc, 0x0, 0x0, 0x0, 0x0,
    0x0, 0xdf, 0xfa, 0x0, 0x0, 0xef, 0xfa, 0x0,
    0x0, 0x0, 0x0, 0x0, 0xff, 0xf8, 0x0, 0x0,
    0xff, 0xf8, 0x0, 0x0, 0x0, 0x0, 0x1, 0xff,
    0xf6, 0x0, 0x2, 0xff, 0xf6, 0x0, 0x0, 0x0,
    0x0, 0x4, 0xff, 0xf4, 0x0, 0x4, 0xff, 0xf3,
    0x0, 0x0, 0x6, 0x66, 0x69, 0xff, 0xf8, 0x66,
    0x6a, 0xff, 0xf7, 0x66, 0x60, 0x1f, 0xff, 0xff,
    0xff, 0xff, 0xff, 0xff, 0xff, 0xff, 0xff, 0xf1,
    0x1f, 0xff, 0xff, 0xff, 0xff, 0xff, 0xff, 0xff,
    0xff, 0xff, 0xf1, 0x1f, 0xff, 0xff, 0xff, 0xff,
    0xff, 0xff, 0xff, 0xff, 0xff, 0xf1, 0x0, 0x0,
    0xe, 0xff, 0x90, 0x0, 0xf, 0xff, 0x90, 0x0,
    0x0, 0x0, 0x0, 0xf, 0xff, 0x70, 0x0, 0x1f,
    0xff, 0x70, 0x0, 0x0, 0x0, 0x0, 0x3f, 0xff,
    0x50, 0x0, 0x3f, 0xff, 0x50, 0x0, 0x0, 0x0,
    0x0, 0x5f, 0xff, 0x30, 0x0, 0x5f, 0xff, 0x20,
    0x0, 0x0, 0xef, 0xff, 0xff, 0xff, 0xff, 0xff,
    0xff, 0xff, 0xff, 0xff, 0x50, 0xef, 0xff, 0xff,
    0xff, 0xff, 0xff, 0xff, 0xff, 0xff, 0xff, 0x50,
    0xef, 0xff, 0xff, 0xff, 0xff, 0xff, 0xff, 0xff,
    0xff, 0xff, 0x50, 0x56, 0x66, 0xff, 0xfc, 0x66,
    0x66, 0xff, 0xfc, 0x66, 0x66, 0x20, 0x0, 0x0,
    0xff, 0xf8, 0x0, 0x0, 0xff, 0xf8, 0x0, 0x0,
    0x0, 0x0, 0x1, 0xff, 0xf6, 0x0, 0x2, 0xff,
    0xf6, 0x0, 0x0, 0x0, 0x0, 0x4, 0xff, 0xf4,
    0x0, 0x4, 0xff, 0xf4, 0x0, 0x0, 0x0, 0x0,
    0x6, 0xff, 0xf2, 0x0, 0x6, 0xff, 0xf1, 0x0,
    0x0, 0x0, 0x0, 0x8, 0xff, 0xf0, 0x0, 0x8,
    0xff, 0xf0, 0x0, 0x0, 0x0, 0x0, 0xa, 0xff,
    0xe0, 0x0, 0xb, 0xff, 0xd0, 0x0, 0x0, 0x0,

    /* U+0024 "$" */
    0x0, 0x0, 0x0, 0x0, 0x18, 0x88, 0x10, 0x0,
    0x0, 0x0, 0x0, 0x0, 0x0, 0x0, 0x2f, 0xff,
    0x20, 0x0, 0x0, 0x0, 0x0, 0x0, 0x0, 0x0,
    0x2f, 0xff, 0x20, 0x0, 0x0, 0x0, 0x0, 0x0,
    0x0, 0x0, 0x2f, 0xff, 0x20, 0x0, 0x0, 0x0,
    0x0, 0x0, 0x0, 0x6a, 0xef, 0xff, 0xd9, 0x40,
    0x0, 0x0, 0x0, 0x0, 0x5e, 0xff, 0xff, 0xff,
    0xff, 0xfc, 0x20, 0x0, 0x0, 0x6, 0xff, 0xff,
    0xff, 0xff, 0xff, 0xff, 0xe3, 0x0, 0x0, 0x2f,
    0xff, 0xfd, 0x74, 0x46, 0xaf, 0xff, 0xfd, 0x0,
    0x0, 0x9f, 0xff, 0xa0, 0x0, 0x0, 0x3, 0xff,
    0xff, 0x70, 0x0, 0xdf, 0xff, 0x20, 0x0, 0x0,
    0x0, 0x6f, 0xff, 0xc0, 0x0, 0xef, 0xff, 0x20,
    0x0, 0x0, 0x0, 0xf, 0xff, 0xf0, 0x0, 0xdf,
    0xff, 0x80, 0x0, 0x0, 0x0, 0x0, 0x0, 0x0,
    0x0, 0xaf, 0xff, 0xf9, 0x10, 0x0, 0x0, 0x0,
    0x0, 0x0, 0x0, 0x3f, 0xff, 0xff, 0xfb, 0x72,
    0x0, 0x0, 0x0, 0x0, 0x0, 0x7, 0xff, 0xff,
    0xff, 0xff, 0xd8, 0x30, 0x0, 0x0, 0x0, 0x0,
    0x6f, 0xff, 0xff, 0xff, 0xff, 0xfc, 0x30, 0x0,
    0x0, 0x0, 0x1, 0x8e, 0xff, 0xff, 0xff, 0xff,
    0xf8, 0x0, 0x0, 0x0, 0x0, 0x0, 0x38, 0xdf,
    0xff, 0xff, 0xff, 0x60, 0x0, 0x0, 0x0, 0x0,
    0x0, 0x2, 0x7d, 0xff, 0xff, 0xf0, 0x0, 0x0,
    0x0, 0x0, 0x0, 0x0, 0x0, 0x7f, 0xff, 0xf4,
    0xb, 0xcc, 0xc0, 0x0, 0x0, 0x0, 0x0, 0xc,
    0xff, 0xf7, 0xd, 0xff, 0xf4, 0x0, 0x0, 0x0,
    0x0, 0x9, 0xff, 0xf7, 0x8, 0xff, 0xfc, 0x0,
    0x0, 0x0, 0x0, 0xa, 0xff, 0xf5, 0x1, 0xff,
    0xff, 0xb1, 0x0, 0x0, 0x0, 0x4f, 0xff, 0xf1,
    0x0, 0x6f, 0xff, 0xff, 0xa6, 0x44, 0x6a, 0xff,
    0xff, 0xa0, 0x0, 0x8, 0xff, 0xff, 0xff, 0xff,
    0xff, 0xff, 0xfd, 0x10, 0x0, 0x0, 0x5e, 0xff,
    0xff, 0xff, 0xff, 0xff, 0xb1, 0x0, 0x0, 0x0,
    0x0, 0x59, 0xdf, 0xff, 0xec, 0x83, 0x0, 0x0,
    0x0, 0x0, 0x0, 0x0, 0x2f, 0xff, 0x20, 0x0,
    0x0, 0x0, 0x0, 0x0, 0x0, 0x0, 0x2f, 0xff,
    0x20, 0x0, 0x0, 0x0, 0x0, 0x0, 0x0, 0x0,
    0x2f, 0xff, 0x20, 0x0, 0x0, 0x0, 0x0, 0x0,
    0x0, 0x0, 0x18, 0x88, 0x10, 0x0, 0x0, 0x0,

    /* U+0025 "%" */
    0x0, 0x3a, 0xef, 0xd8, 0x10, 0x0, 0x0, 0x0,
    0x0, 0xdf, 0xf7, 0x0, 0x5, 0xff, 0xff, 0xff,
    0xe1, 0x0, 0x0, 0x0, 0x9, 0xff, 0xb0, 0x0,
    0x1f, 0xff, 0xa8, 0xdf, 0xfb, 0x0, 0x0, 0x0,
    0x5f, 0xfe, 0x10, 0x0, 0x8f, 0xf6, 0x0, 0xc,
    0xff, 0x20, 0x0, 0x1, 0xef, 0xf5, 0x0, 0x0,
    0xcf, 0xf0, 0x0, 0x5, 0xff, 0x60, 0x0, 0xb,
    0xff, 0xa0, 0x0, 0x0, 0xdf, 0xd0, 0x0, 0x2,
    0xff, 0x70, 0x0, 0x6f, 0xfd, 0x0, 0x0, 0x0,
    0xdf, 0xd0, 0x0, 0x2, 0xff, 0x70, 0x2, 0xff,
    0xf3, 0x0, 0x0, 0x0, 0xcf, 0xf0, 0x0, 0x5,
    0xff, 0x60, 0xd, 0xff, 0x80, 0x0, 0x0, 0x0,
    0x8f, 0xf7, 0x0, 0xc, 0xff, 0x20, 0x8f, 0xfc,
    0x0, 0x0, 0x0, 0x0, 0x1f, 0xff, 0xa8, 0xdf,
    0xfa, 0x4, 0xff, 0xf2, 0x0, 0x0, 0x0, 0x0,
    0x5, 0xff, 0xff, 0xff, 0xd1, 0x1e, 0xff, 0x60,
    0x0, 0x0, 0x0, 0x0, 0x0, 0x3a, 0xef, 0xd8,
    0x0, 0xaf, 0xfa, 0x0, 0x0, 0x0, 0x0, 0x0,
    0x0, 0x0, 0x0, 0x0, 0x6, 0xff, 0xe1, 0x7,
    0xdf, 0xfb, 0x40, 0x0, 0x0, 0x0, 0x0, 0x0,
    0x2f, 0xff, 0x40, 0xcf, 0xff, 0xff, 0xf7, 0x0,
    0x0, 0x0, 0x0, 0x0, 0xcf, 0xf9, 0x9, 0xff,
    0xd8, 0x9f, 0xff, 0x30, 0x0, 0x0, 0x0, 0x7,
    0xff, 0xd0, 0x1f, 0xfd, 0x0, 0x5, 0xff, 0xa0,
    0x0, 0x0, 0x0, 0x3f, 0xff, 0x20, 0x4f, 0xf7,
    0x0, 0x0, 0xdf, 0xe0, 0x0, 0x0, 0x0, 0xdf,
    0xf7, 0x0, 0x6f, 0xf4, 0x0, 0x0, 0xaf, 0xf0,
    0x0, 0x0, 0x9, 0xff, 0xb0, 0x0, 0x6f, 0xf5,
    0x0, 0x0, 0xbf, 0xf0, 0x0, 0x0, 0x5f, 0xfe,
    0x10, 0x0, 0x4f, 0xf7, 0x0, 0x0, 0xdf, 0xe0,
    0x0, 0x1, 0xef, 0xf5, 0x0, 0x0, 0xf, 0xfd,
    0x0, 0x5, 0xff, 0xa0, 0x0, 0xb, 0xff, 0xa0,
    0x0, 0x0, 0x9, 0xff, 0xd8, 0xaf, 0xff, 0x30,
    0x0, 0x7f, 0xfd, 0x0, 0x0, 0x0, 0x0, 0xcf,
    0xff, 0xff, 0xf7, 0x0, 0x2, 0xff, 0xf3, 0x0,
    0x0, 0x0, 0x0, 0x7, 0xdf, 0xfb, 0x30, 0x0,

    /* U+0026 "&" */
    0x0, 0x0, 0x0, 0x6, 0xbe, 0xfe, 0xc6, 0x0,
    0x0, 0x0, 0x0, 0x0, 0x0, 0x0, 0x0, 0x2d,
    0xff, 0xff, 0xff, 0xfd, 0x30, 0x0, 0x0, 0x0,
    0x0, 0x0, 0x0, 0xd, 0xff, 0xff, 0xff, 0xff,
    0xfe, 0x10, 0x0, 0x0, 0x0, 0x0, 0x0, 0x7,
    0xff, 0xfc, 0x20, 0x19, 0xff, 0xf9, 0x0, 0x0,
    0x0, 0x0, 0x0, 0x0, 0xcf, 0xff, 0x20, 0x0,
    0xd, 0xff, 0xd0, 0x0, 0x0, 0x0, 0x0, 0x0,
    0xd, 0xff, 0xf0, 0x0, 0x0, 0xaf, 0xff, 0x0,
    0x0, 0x0, 0x0, 0x0, 0x0, 0xcf, 0xff, 0x30,
    0x0, 0xd, 0xff, 0xe0, 0x0, 0x0, 0x0, 0x0,
    0x0, 0x7, 0xff, 0xfb, 0x0, 0x6, 0xff, 0xf9,
    0x0, 0x0, 0x0, 0x0, 0x0, 0x0, 0x1e, 0xff,
    0xf7, 0x7, 0xff, 0xff, 0x20, 0x0, 0x0, 0x0,
    0x0, 0x0, 0x0, 0x5f, 0xff, 0xfe, 0xff, 0xff,
    0x50, 0x0, 0x0, 0x0, 0x0, 0x0, 0x0, 0x3,
    0xef, 0xff, 0xff, 0xfe, 0x40, 0x0, 0x0, 0x0,
    0x0, 0x0, 0x0, 0x1a, 0xff, 0xff, 0xff, 0xf9,
    0x0, 0x0, 0x7, 0xbb, 0xb2, 0x0, 0x0, 0x2e,
    0xff, 0xff, 0xef, 0xff, 0xf3, 0x0, 0x0, 0xaf,
    0xff, 0x20, 0x0, 0x1e, 0xff, 0xfd, 0x40, 0xcf,
    0xff, 0xe2, 0x0, 0xc, 0xff, 0xf1, 0x0, 0x8,
    0xff, 0xfc, 0x0, 0x0, 0xcf, 0xff, 0xe2, 0x0,
    0xff, 0xfe, 0x0, 0x0, 0xef, 0xff, 0x30, 0x0,
    0x1, 0xdf, 0xff, 0xe2, 0x4f, 0xff, 0xa0, 0x0,
    0x1f, 0xff, 0xf0, 0x0, 0x0, 0x1, 0xef, 0xff,
    0xdc, 0xff, 0xf4, 0x0, 0x1, 0xff, 0xff, 0x0,
    0x0, 0x0, 0x2, 0xef, 0xff, 0xff, 0xfd, 0x0,
    0x0, 0xf, 0xff, 0xf6, 0x0, 0x0, 0x0, 0x3,
    0xff, 0xff, 0xff, 0x40, 0x0, 0x0, 0xaf, 0xff,
    0xf4, 0x0, 0x0, 0x0, 0x1b, 0xff, 0xff, 0xe0,
    0x0, 0x0, 0x2, 0xff, 0xff, 0xfd, 0x86, 0x68,
    0xbf, 0xff, 0xff, 0xff, 0xc0, 0x0, 0x0, 0x5,
    0xff, 0xff, 0xff, 0xff, 0xff, 0xff, 0xff, 0xff,
    0xff, 0xb0, 0x0, 0x0, 0x3, 0xcf, 0xff, 0xff,
    0xff, 0xff, 0xfc, 0x37, 0xff, 0xff, 0xb0, 0x0,
    0x0, 0x0, 0x49, 0xce, 0xff, 0xeb, 0x82, 0x0,
    0x8, 0xff, 0xff, 0xa0,

    /* U+0027 "'" */
    0x5, 0xee, 0x70, 0xf, 0xff, 0xf3, 0x3f, 0xff,
    0xf6, 0x2f, 0xff, 0xf5, 0xf, 0xff, 0xf2, 0xb,
    0xff, 0xe0, 0x7, 0xff, 0xa0, 0x3, 0xff, 0x60,
    0x0, 0xff, 0x20, 0x0, 0xbe, 0x0,

    /* U+0028 "(" */
    0x0, 0x0, 0x0, 0x1, 0x11, 0x10, 0x0, 0x0,
    0x1d, 0xff, 0xe2, 0x0, 0x0, 0xc, 0xff, 0xf2,
    0x0, 0x0, 0xa, 0xff, 0xf4, 0x0, 0x0, 0x6,
    0xff, 0xf8, 0x0, 0x0, 0x1, 0xef, 0xfd, 0x0,
    0x0, 0x0, 0x9f, 0xff, 0x40, 0x0, 0x0, 0x1f,
    0xff, 0xc0, 0x0, 0x0, 0x7, 0xff, 0xf6, 0x0,
    0x0, 0x0, 0xcf, 0xff, 0x10, 0x0, 0x0, 0x1f,
    0xff, 0xc0, 0x0, 0x0, 0x4, 0xff, 0xf8, 0x0,
    0x0, 0x0, 0x7f, 0xff, 0x50, 0x0, 0x0, 0x9,
    0xff, 0xf4, 0x0, 0x0, 0x0, 0xaf, 0xff, 0x30,
    0x0, 0x0, 0xa, 0xff, 0xf3, 0x0, 0x0, 0x0,
    0x9f, 0xff, 0x40, 0x0, 0x0, 0x7, 0xff, 0xf6,
    0x0, 0x0, 0x0, 0x4f, 0xff, 0x80, 0x0, 0x0,
    0x1, 0xff, 0xfc, 0x0, 0x0, 0x0, 0xc, 0xff,
    0xf1, 0x0, 0x0, 0x0, 0x7f, 0xff, 0x70, 0x0,
    0x0, 0x1, 0xff, 0xfe, 0x0, 0x0, 0x0, 0x8,
    0xff, 0xf6, 0x0, 0x0, 0x0, 0x1e, 0xff, 0xe1,
    0x0, 0x0, 0x0, 0x5f, 0xff, 0xa0, 0x0, 0x0,
    0x0, 0x9f, 0xff, 0x60, 0x0, 0x0, 0x0, 0xbf,
    0xff, 0x40, 0x0, 0x0, 0x0, 0xcf, 0xff, 0x30,

    /* U+0029 ")" */
    0x12, 0x22, 0x0, 0x0, 0x0, 0x2, 0xef, 0xfd,
    0x10, 0x0, 0x0, 0x2, 0xef, 0xfd, 0x10, 0x0,
    0x0, 0x4, 0xff, 0xfb, 0x0, 0x0, 0x0, 0x8,
    0xff, 0xf7, 0x0, 0x0, 0x0, 0xd, 0xff, 0xf2,
    0x0, 0x0, 0x0, 0x4f, 0xff, 0xa0, 0x0, 0x0,
    0x0, 0xcf, 0xff, 0x20, 0x0, 0x0, 0x5, 0xff,
    0xf8, 0x0, 0x0, 0x0, 0xf, 0xff, 0xe0, 0x0,
    0x0, 0x0, 0xbf, 0xff, 0x20, 0x0, 0x0, 0x7,
    0xff, 0xf6, 0x0, 0x0, 0x0, 0x5f, 0xff, 0x80,
    0x0, 0x0, 0x3, 0xff, 0xfa, 0x0, 0x0, 0x0,
    0x2f, 0xff, 0xb0, 0x0, 0x0, 0x2, 0xff, 0xfb,
    0x0, 0x0, 0x0, 0x3f, 0xff, 0xa0, 0x0, 0x0,
    0x5, 0xff, 0xf8, 0x0, 0x0, 0x0, 0x8f, 0xff,
    0x50, 0x0, 0x0, 0xb, 0xff, 0xf1, 0x0, 0x0,
    0x0, 0xff, 0xfd, 0x0, 0x0, 0x0, 0x6f, 0xff,
    0x70, 0x0, 0x0, 0xd, 0xff, 0xf1, 0x0, 0x0,
    0x5, 0xff, 0xf8, 0x0, 0x0, 0x0, 0xdf, 0xfe,
    0x10, 0x0, 0x0, 0x9f, 0xff, 0x50, 0x0, 0x0,
    0x5f, 0xff, 0x90, 0x0, 0x0, 0x3f, 0xff, 0xc0,
    0x0, 0x0, 0x3e, 0xff, 0xc0, 0x0, 0x0, 0x0,

    /* U+002A "*" */
    0x0, 0x0, 0xbf, 0xf8, 0x0, 0x0, 0x2, 0x80,
    0x8f, 0xf4, 0x9, 0x0, 0xa, 0xfa, 0x5f, 0xf2,
    0xcf, 0x70, 0x3f, 0xff, 0xcf, 0xfd, 0xff, 0xe1,
    0x27, 0xcf, 0xff, 0xff, 0xfb, 0x61, 0x0, 0x4a,
    0xff, 0xff, 0x93, 0x0, 0x5e, 0xff, 0xff, 0xff,
    0xff, 0xd2, 0x1e, 0xff, 0x8f, 0xf8, 0xff, 0xc0,
    0x6, 0xf4, 0x6f, 0xf2, 0x6f, 0x30, 0x0, 0x20,
    0x9f, 0xf6, 0x2, 0x0, 0x0, 0x0, 0x79, 0x95,
    0x0, 0x0,

    /* U+002B "+" */
    0x0, 0x0, 0x0, 0xdf, 0xf4, 0x0, 0x0, 0x0,
    0x0, 0x0, 0xd, 0xff, 0x40, 0x0, 0x0, 0x0,
    0x0, 0x0, 0xdf, 0xf4, 0x0, 0x0, 0x0, 0x0,
    0x0, 0xd, 0xff, 0x40, 0x0, 0x0, 0x0, 0x0,
    0x0, 0xdf, 0xf4, 0x0, 0x0, 0x0, 0x11, 0x11,
    0x1d, 0xff, 0x51, 0x11, 0x10, 0x4f, 0xff, 0xff,
    0xff, 0xff, 0xff, 0xff, 0xb4, 0xff, 0xff, 0xff,
    0xff, 0xff, 0xff, 0xfb, 0x4f, 0xff, 0xff, 0xff,
    0xff, 0xff, 0xff, 0xb0, 0x0, 0x0, 0xd, 0xff,
    0x40, 0x0, 0x0, 0x0, 0x0, 0x0, 0xdf, 0xf4,
    0x0, 0x0, 0x0, 0x0, 0x0, 0xd, 0xff, 0x40,
    0x0, 0x0, 0x0, 0x0, 0x0, 0xdf, 0xf4, 0x0,
    0x0, 0x0, 0x0, 0x0, 0xd, 0xff, 0x40, 0x0,
    0x0, 0x0, 0x0, 0x0, 0xdf, 0xf4, 0x0, 0x0,
    0x0,

    /* U+002C "," */
    0xab, 0xbb, 0x7e, 0xff, 0xfb, 0xef, 0xff, 0xbe,
    0xff, 0xfb, 0xef, 0xff, 0xa0, 0xb, 0xf8, 0x0,
    0xef, 0x40, 0x9f, 0xd0, 0xcf, 0xf3, 0xd, 0xb2,
    0x0, 0x10, 0x0, 0x0,

    /* U+002D "-" */
    0x67, 0x77, 0x77, 0x77, 0x77, 0x74, 0xdf, 0xff,
    0xff, 0xff, 0xff, 0xfa, 0xdf, 0xff, 0xff, 0xff,
    0xff, 0xfa, 0xdf, 0xff, 0xff, 0xff, 0xff, 0xfa,

    /* U+002E "." */
    0xab, 0xbb, 0x8e, 0xff, 0xfb, 0xef, 0xff, 0xbe,
    0xff, 0xfb, 0xef, 0xff, 0xb0,

    /* U+002F "/" */
    0x0, 0x0, 0x0, 0x0, 0x48, 0x87, 0x0, 0x0,
    0x0, 0x0, 0xc, 0xff, 0xc0, 0x0, 0x0, 0x0,
    0x1, 0xff, 0xf7, 0x0, 0x0, 0x0, 0x0, 0x6f,
    0xff, 0x20, 0x0, 0x0, 0x0, 0xa, 0xff, 0xd0,
    0x0, 0x0, 0x0, 0x0, 0xff, 0xf8, 0x0, 0x0,
    0x0, 0x0, 0x4f, 0xff, 0x30, 0x0, 0x0, 0x0,
    0x9, 0xff, 0xe0, 0x0, 0x0, 0x0, 0x0, 0xef,
    0xfa, 0x0, 0x0, 0x0, 0x0, 0x3f, 0xff, 0x50,
    0x0, 0x0, 0x0, 0x8, 0xff, 0xf0, 0x0, 0x0,
    0x0, 0x0, 0xcf, 0xfb, 0x0, 0x0, 0x0, 0x0,
    0x1f, 0xff, 0x60, 0x0, 0x0, 0x0, 0x6, 0xff,
    0xf1, 0x0, 0x0, 0x0, 0x0, 0xbf, 0xfc, 0x0,
    0x0, 0x0, 0x0, 0xf, 0xff, 0x80, 0x0, 0x0,
    0x0, 0x5, 0xff, 0xf3, 0x0, 0x0, 0x0, 0x0,
    0xaf, 0xfe, 0x0, 0x0, 0x0, 0x0, 0xe, 0xff,
    0x90, 0x0, 0x0, 0x0, 0x3, 0xff, 0xf4, 0x0,
    0x0, 0x0, 0x0, 0x8f, 0xff, 0x0, 0x0, 0x0,
    0x0, 0xd, 0xff, 0xa0, 0x0, 0x0, 0x0, 0x2,
    0xff, 0xf6, 0x0, 0x0, 0x0, 0x0, 0x7f, 0xff,
    0x10, 0x0, 0x0, 0x0, 0xc, 0xff, 0xc0, 0x0,
    0x0, 0x0, 0x1, 0xff, 0xf7, 0x0, 0x0, 0x0,
    0x0, 0x5f, 0xff, 0x20, 0x0, 0x0, 0x0, 0xa,
    0xff, 0xd0, 0x0, 0x0, 0x0, 0x0,

    /* U+0030 "0" */
    0x0, 0x0, 0x0, 0x6b, 0xef, 0xfd, 0x93, 0x0,
    0x0, 0x0, 0x0, 0x0, 0x4e, 0xff, 0xff, 0xff,
    0xff, 0xb1, 0x0, 0x0, 0x0, 0x6, 0xff, 0xff,
    0xff, 0xff, 0xff, 0xfe, 0x20, 0x0, 0x0, 0x4f,
    0xff, 0xff, 0xc9, 0x9d, 0xff, 0xff, 0xd1, 0x0,
    0x1, 0xef, 0xff, 0xe3, 0x0, 0x0, 0x7f, 0xff,
    0xf9, 0x0, 0x8, 0xff, 0xff, 0x30, 0x0, 0x0,
    0x8, 0xff, 0xff, 0x20, 0xe, 0xff, 0xf9, 0x0,
    0x0, 0x0, 0x0, 0xef, 0xff, 0x90, 0x4f, 0xff,
    0xf3, 0x0, 0x0, 0x0, 0x0, 0x8f, 0xff, 0xe0,
    0x7f, 0xff, 0xe0, 0x0, 0x0, 0x0, 0x0, 0x4f,
    0xff, 0xf2, 0xaf, 0xff, 0xc0, 0x0, 0x0, 0x0,
    0x0, 0x1f, 0xff, 0xf5, 0xcf, 0xff, 0xa0, 0x0,
    0x0, 0x0, 0x0, 0xf, 0xff, 0xf6, 0xcf, 0xff,
    0x90, 0x0, 0x0, 0x0, 0x0, 0xf, 0xff, 0xf7,
    0xcf, 0xff, 0x90, 0x0, 0x0, 0x0, 0x0, 0xf,
    0xff, 0xf7, 0xbf, 0xff, 0xa0, 0x0, 0x0, 0x0,
    0x0, 0xf, 0xff, 0xf6, 0xaf, 0xff, 0xc0, 0x0,
    0x0, 0x0, 0x0, 0x2f, 0xff, 0xf4, 0x7f, 0xff,
    0xf0, 0x0, 0x0, 0x0, 0x0, 0x5f, 0xff, 0xf1,
    0x3f, 0xff, 0xf4, 0x0, 0x0, 0x0, 0x0, 0xaf,
    0xff, 0xd0, 0xd, 0xff, 0xfa, 0x0, 0x0, 0x0,
    0x1, 0xff, 0xff, 0x80, 0x6, 0xff, 0xff, 0x40,
    0x0, 0x0, 0x9, 0xff, 0xff, 0x10, 0x0, 0xdf,
    0xff, 0xe4, 0x0, 0x0, 0x8f, 0xff, 0xf8, 0x0,
    0x0, 0x3f, 0xff, 0xff, 0xc9, 0x9e, 0xff, 0xff,
    0xd0, 0x0, 0x0, 0x5, 0xff, 0xff, 0xff, 0xff,
    0xff, 0xfd, 0x10, 0x0, 0x0, 0x0, 0x3d, 0xff,
    0xff, 0xff, 0xff, 0xa1, 0x0, 0x0, 0x0, 0x0,
    0x0, 0x5b, 0xef, 0xfd, 0x93, 0x0, 0x0, 0x0,

    /* U+0031 "1" */
    0x0, 0x0, 0x0, 0x4f, 0xff, 0x60, 0x0, 0x0,
    0x2e, 0xff, 0xf6, 0x0, 0x0, 0x5f, 0xff, 0xff,
    0x60, 0x3, 0xbf, 0xff, 0xff, 0xf6, 0x4d, 0xff,
    0xff, 0xff, 0xff, 0x67, 0xff, 0xff, 0xfc, 0xff,
    0xf6, 0x7f, 0xff, 0xd3, 0xaf, 0xff, 0x67, 0xff,
    0x80, 0xa, 0xff, 0xf6, 0x34, 0x0, 0x0, 0xaf,
    0xff, 0x60, 0x0, 0x0, 0xa, 0xff, 0xf6, 0x0,
    0x0, 0x0, 0xaf, 0xff, 0x60, 0x0, 0x0, 0xa,
    0xff, 0xf6, 0x0, 0x0, 0x0, 0xaf, 0xff, 0x60,
    0x0, 0x0, 0xa, 0xff, 0xf6, 0x0, 0x0, 0x0,
    0xaf, 0xff, 0x60, 0x0, 0x0, 0xa, 0xff, 0xf6,
    0x0, 0x0, 0x0, 0xaf, 0xff, 0x60, 0x0, 0x0,
    0xa, 0xff, 0xf6, 0x0, 0x0, 0x0, 0xaf, 0xff,
    0x60, 0x0, 0x0, 0xa, 0xff, 0xf6, 0x0, 0x0,
    0x0, 0xaf, 0xff, 0x60, 0x0, 0x0, 0xa, 0xff,
    0xf6, 0x0, 0x0, 0x0, 0xaf, 0xff, 0x60, 0x0,
    0x0, 0xa, 0xff, 0xf6,

    /* U+0032 "2" */
    0x0, 0x0, 0x5, 0xae, 0xff, 0xeb, 0x71, 0x0,
    0x0, 0x0, 0x3, 0xdf, 0xff, 0xff, 0xff, 0xfe,
    0x40, 0x0, 0x0, 0x4f, 0xff, 0xff, 0xff, 0xff,
    0xff, 0xf4, 0x0, 0x1, 0xef, 0xff, 0xf9, 0x66,
    0xaf, 0xff, 0xfe, 0x0, 0x8, 0xff, 0xff, 0x30,
    0x0, 0x6, 0xff, 0xff, 0x50, 0xe, 0xff, 0xf7,
    0x0, 0x0, 0x0, 0xdf, 0xff, 0x90, 0x2f, 0xff,
    0xf1, 0x0, 0x0, 0x0, 0xaf, 0xff, 0xb0, 0x3,
    0x33, 0x20, 0x0, 0x0, 0x0, 0xbf, 0xff, 0xc0,
    0x0, 0x0, 0x0, 0x0, 0x0, 0x0, 0xef, 0xff,
    0xa0, 0x0, 0x0, 0x0, 0x0, 0x0, 0x4, 0xff,
    0xff, 0x70, 0x0, 0x0, 0x0, 0x0, 0x0, 0xc,
    0xff, 0xff, 0x20, 0x0, 0x0, 0x0, 0x0, 0x0,
    0x7f, 0xff, 0xfb, 0x0, 0x0, 0x0, 0x0, 0x0,
    0x4, 0xff, 0xff, 0xf2, 0x0, 0x0, 0x0, 0x0,
    0x0, 0x4f, 0xff, 0xff, 0x70, 0x0, 0x0, 0x0,
    0x0, 0x3, 0xff, 0xff, 0xfa, 0x0, 0x0, 0x0,
    0x0, 0x0, 0x4f, 0xff, 0xff, 0xb0, 0x0, 0x0,
    0x0, 0x0, 0x5, 0xff, 0xff, 0xfb, 0x0, 0x0,
    0x0, 0x0, 0x0, 0x6f, 0xff, 0xff, 0xb0, 0x0,
    0x0, 0x0, 0x0, 0x8, 0xff, 0xff, 0xf9, 0x0,
    0x0, 0x0, 0x0, 0x0, 0xaf, 0xff, 0xff, 0x70,
    0x0, 0x0, 0x0, 0x0, 0xc, 0xff, 0xff, 0xfb,
    0x66, 0x66, 0x66, 0x66, 0x61, 0xf, 0xff, 0xff,
    0xff, 0xff, 0xff, 0xff, 0xff, 0xf3, 0xf, 0xff,
    0xff, 0xff, 0xff, 0xff, 0xff, 0xff, 0xf3, 0xf,
    0xff, 0xff, 0xff, 0xff, 0xff, 0xff, 0xff, 0xf3,

    /* U+0033 "3" */
    0x0, 0x0, 0x3, 0x9d, 0xff, 0xfd, 0x93, 0x0,
    0x0, 0x0, 0x1, 0xaf, 0xff, 0xff, 0xff, 0xff,
    0xa0, 0x0, 0x0, 0x1d, 0xff, 0xff, 0xff, 0xff,
    0xff, 0xfb, 0x0, 0x0, 0xbf, 0xff, 0xfc, 0x76,
    0x8e, 0xff, 0xff, 0x60, 0x3, 0xff, 0xff, 0x70,
    0x0, 0x1, 0xef, 0xff, 0xc0, 0x9, 0xff, 0xfc,
    0x0, 0x0, 0x0, 0x8f, 0xff, 0xf0, 0xb, 0xff,
    0xf6, 0x0, 0x0, 0x0, 0x6f, 0xff, 0xf0, 0x0,
    0x0, 0x0, 0x0, 0x0, 0x0, 0x8f, 0xff, 0xe0,
    0x0, 0x0, 0x0, 0x0, 0x0, 0x2, 0xff, 0xff,
    0x90, 0x0, 0x0, 0x0, 0x14, 0x45, 0x8f, 0xff,
    0xff, 0x10, 0x0, 0x0, 0x0, 0x5f, 0xff, 0xff,
    0xff, 0xf4, 0x0, 0x0, 0x0, 0x0, 0x5f, 0xff,
    0xff, 0xff, 0x50, 0x0, 0x0, 0x0, 0x0, 0x5f,
    0xff, 0xff, 0xff, 0xf8, 0x0, 0x0, 0x0, 0x0,
    0x0, 0x0, 0x29, 0xff, 0xff, 0x70, 0x0, 0x0,
    0x0, 0x0, 0x0, 0x0, 0x8f, 0xff, 0xf0, 0x0,
    0x0, 0x0, 0x0, 0x0, 0x0, 0x1f, 0xff, 0xf5,
    0x1b, 0xbb, 0xb1, 0x0, 0x0, 0x0, 0xe, 0xff,
    0xf8, 0xf, 0xff, 0xf4, 0x0, 0x0, 0x0, 0xe,
    0xff, 0xf8, 0xb, 0xff, 0xfb, 0x0, 0x0, 0x0,
    0x2f, 0xff, 0xf7, 0x4, 0xff, 0xff, 0x60, 0x0,
    0x0, 0xbf, 0xff, 0xf3, 0x0, 0xbf, 0xff, 0xfc,
    0x76, 0x8d, 0xff, 0xff, 0xb0, 0x0, 0x1d, 0xff,
    0xff, 0xff, 0xff, 0xff, 0xfd, 0x10, 0x0, 0x1,
    0xaf, 0xff, 0xff, 0xff, 0xff, 0xb1, 0x0, 0x0,
    0x0, 0x3, 0x9c, 0xff, 0xfd, 0x93, 0x0, 0x0,

    /* U+0034 "4" */
    0x0, 0x0, 0x0, 0x0, 0x0, 0x2, 0xff, 0xff,
    0x60, 0x0, 0x0, 0x0, 0x0, 0x0, 0x0, 0xcf,
    0xff, 0xf6, 0x0, 0x0, 0x0, 0x0, 0x0, 0x0,
    0x7f, 0xff, 0xff, 0x60, 0x0, 0x0, 0x0, 0x0,
    0x0, 0x3f, 0xff, 0xff, 0xf6, 0x0, 0x0, 0x0,
    0x0, 0x0, 0xd, 0xff, 0xff, 0xff, 0x60, 0x0,
    0x0, 0x0, 0x0, 0x9, 0xff, 0xff, 0xff, 0xf6,
    0x0, 0x0, 0x0, 0x0, 0x5, 0xff, 0xff, 0xdf,
    0xff, 0x60, 0x0, 0x0, 0x0, 0x1, 0xef, 0xff,
    0x9a, 0xff, 0xf6, 0x0, 0x0, 0x0, 0x0, 0xbf,
    0xff, 0xd0, 0xaf, 0xff, 0x60, 0x0, 0x0, 0x0,
    0x7f, 0xff, 0xf2, 0xa, 0xff, 0xf6, 0x0, 0x0,
    0x0, 0x2f, 0xff, 0xf7, 0x0, 0xaf, 0xff, 0x60,
    0x0, 0x0, 0xd, 0xff, 0xfb, 0x0, 0xa, 0xff,
    0xf6, 0x0, 0x0, 0x9, 0xff, 0xfe, 0x10, 0x0,
    0xaf, 0xff, 0x60, 0x0, 0x4, 0xff, 0xff, 0x50,
    0x0, 0xa, 0xff, 0xf6, 0x0, 0x1, 0xef, 0xff,
    0xa0, 0x0, 0x0, 0xaf, 0xff, 0x60, 0x0, 0xbf,
    0xff, 0xd0, 0x0, 0x0, 0xa, 0xff, 0xf6, 0x0,
    0x2f, 0xff, 0xff, 0xff, 0xff, 0xff, 0xff, 0xff,
    0xff, 0xe2, 0xff, 0xff, 0xff, 0xff, 0xff, 0xff,
    0xff, 0xff, 0xfe, 0x2f, 0xff, 0xff, 0xff, 0xff,
    0xff, 0xff, 0xff, 0xff, 0xe0, 0x66, 0x66, 0x66,
    0x66, 0x66, 0x6e, 0xff, 0xfa, 0x65, 0x0, 0x0,
    0x0, 0x0, 0x0, 0x0, 0xdf, 0xff, 0x60, 0x0,
    0x0, 0x0, 0x0, 0x0, 0x0, 0xd, 0xff, 0xf6,
    0x0, 0x0, 0x0, 0x0, 0x0, 0x0, 0x0, 0xdf,
    0xff, 0x60, 0x0, 0x0, 0x0, 0x0, 0x0, 0x0,
    0xd, 0xff, 0xf6, 0x0,

    /* U+0035 "5" */
    0x0, 0xc, 0xff, 0xff, 0xff, 0xff, 0xff, 0xff,
    0x30, 0x0, 0xd, 0xff, 0xff, 0xff, 0xff, 0xff,
    0xff, 0x30, 0x0, 0xe, 0xff, 0xff, 0xff, 0xff,
    0xff, 0xff, 0x30, 0x0, 0xf, 0xff, 0xf5, 0x55,
    0x55, 0x55, 0x55, 0x10, 0x0, 0x1f, 0xff, 0xe0,
    0x0, 0x0, 0x0, 0x0, 0x0, 0x0, 0x2f, 0xff,
    0xd0, 0x0, 0x0, 0x0, 0x0, 0x0, 0x0, 0x4f,
    0xff, 0xc0, 0x0, 0x0, 0x0, 0x0, 0x0, 0x0,
    0x5f, 0xff, 0xa0, 0x0, 0x0, 0x0, 0x0, 0x0,
    0x0, 0x7f, 0xff, 0xa7, 0xdf, 0xfe, 0xa4, 0x0,
    0x0, 0x0, 0x8f, 0xff, 0xff, 0xff, 0xff, 0xff,
    0xa0, 0x0, 0x0, 0x9f, 0xff, 0xff, 0xff, 0xff,
    0xff, 0xfc, 0x0, 0x0, 0xbf, 0xff, 0xf8, 0x32,
    0x5c, 0xff, 0xff, 0x70, 0x0, 0xcf, 0xff, 0x50,
    0x0, 0x0, 0xcf, 0xff, 0xe0, 0x0, 0x0, 0x0,
    0x0, 0x0, 0x0, 0x4f, 0xff, 0xf4, 0x0, 0x0,
    0x0, 0x0, 0x0, 0x0, 0xf, 0xff, 0xf7, 0x0,
    0x0, 0x0, 0x0, 0x0, 0x0, 0xe, 0xff, 0xf8,
    0x0, 0x0, 0x0, 0x0, 0x0, 0x0, 0xe, 0xff,
    0xf8, 0xf, 0xff, 0xf5, 0x0, 0x0, 0x0, 0xf,
    0xff, 0xf7, 0xa, 0xff, 0xfb, 0x0, 0x0, 0x0,
    0x5f, 0xff, 0xf4, 0x4, 0xff, 0xff, 0x70, 0x0,
    0x2, 0xef, 0xff, 0xe0, 0x0, 0xbf, 0xff, 0xfc,
    0x76, 0x9f, 0xff, 0xff, 0x60, 0x0, 0x1d, 0xff,
    0xff, 0xff, 0xff, 0xff, 0xfa, 0x0, 0x0, 0x1,
    0xbf, 0xff, 0xff, 0xff, 0xff, 0x80, 0x0, 0x0,
    0x0, 0x3, 0x9d, 0xff, 0xfc, 0x82, 0x0, 0x0,

    /* U+0036 "6" */
    0x0, 0x0, 0x1, 0x7c, 0xef, 0xfd, 0x92, 0x0,
    0x0, 0x0, 0x0, 0x6f, 0xff, 0xff, 0xff, 0xff,
    0x80, 0x0, 0x0, 0x9, 0xff, 0xff, 0xff, 0xff,
    0xff, 0xfa, 0x0, 0x0, 0x6f, 0xff, 0xfd, 0x76,
    0x7d, 0xff, 0xff, 0x50, 0x1, 0xff, 0xff, 0x90,
    0x0, 0x0, 0xbf, 0xff, 0xd0, 0x8, 0xff, 0xfc,
    0x0, 0x0, 0x0, 0x1f, 0xff, 0xf2, 0xe, 0xff,
    0xf5, 0x0, 0x0, 0x0, 0x7, 0x88, 0x83, 0x3f,
    0xff, 0xf0, 0x0, 0x0, 0x0, 0x0, 0x0, 0x0,
    0x7f, 0xff, 0xc0, 0x0, 0x13, 0x43, 0x0, 0x0,
    0x0, 0xaf, 0xff, 0xa0, 0x4c, 0xff, 0xff, 0xfa,
    0x20, 0x0, 0xbf, 0xff, 0x98, 0xff, 0xff, 0xff,
    0xff, 0xf5, 0x0, 0xcf, 0xff, 0xef, 0xff, 0xff,
    0xff, 0xff, 0xff, 0x40, 0xcf, 0xff, 0xff, 0xa3,
    0x0, 0x3a, 0xff, 0xff, 0xd0, 0xcf, 0xff, 0xf8,
    0x0, 0x0, 0x0, 0x9f, 0xff, 0xf4, 0xbf, 0xff,
    0xe0, 0x0, 0x0, 0x0, 0xf, 0xff, 0xf9, 0x9f,
    0xff, 0xb0, 0x0, 0x0, 0x0, 0xc, 0xff, 0xfb,
    0x6f, 0xff, 0xa0, 0x0, 0x0, 0x0, 0xb, 0xff,
    0xfb, 0x2f, 0xff, 0xd0, 0x0, 0x0, 0x0, 0xd,
    0xff, 0xfa, 0xd, 0xff, 0xf4, 0x0, 0x0, 0x0,
    0x2f, 0xff, 0xf7, 0x6, 0xff, 0xfe, 0x20, 0x0,
    0x1, 0xdf, 0xff, 0xf2, 0x0, 0xcf, 0xff, 0xfa,
    0x66, 0x9f, 0xff, 0xff, 0x90, 0x0, 0x1d, 0xff,
    0xff, 0xff, 0xff, 0xff, 0xfc, 0x0, 0x0, 0x1,
    0xbf, 0xff, 0xff, 0xff, 0xff, 0x90, 0x0, 0x0,
    0x0, 0x4, 0x9d, 0xff, 0xfc, 0x82, 0x0, 0x0,

    /* U+0037 "7" */
    0x3f, 0xff, 0xff, 0xff, 0xff, 0xff, 0xff, 0xff,
    0xf4, 0x3f, 0xff, 0xff, 0xff, 0xff, 0xff, 0xff,
    0xff, 0xf4, 0x3f, 0xff, 0xff, 0xff, 0xff, 0xff,
    0xff, 0xff, 0xf4, 0x15, 0x55, 0x55, 0x55, 0x55,
    0x55, 0x9f, 0xff, 0xe1, 0x0, 0x0, 0x0, 0x0,
    0x0, 0x0, 0xdf, 0xff, 0x50, 0x0, 0x0, 0x0,
    0x0, 0x0, 0x9, 0xff, 0xfb, 0x0, 0x0, 0x0,
    0x0, 0x0, 0x0, 0x3f, 0xff, 0xf2, 0x0, 0x0,
    0x0, 0x0, 0x0, 0x0, 0xcf, 0xff, 0x90, 0x0,
    0x0, 0x0, 0x0, 0x0, 0x5, 0xff, 0xff, 0x10,
    0x0, 0x0, 0x0, 0x0, 0x0, 0xd, 0xff, 0xf8,
    0x0, 0x0, 0x0, 0x0, 0x0, 0x0, 0x5f, 0xff,
    0xf1, 0x0, 0x0, 0x0, 0x0, 0x0, 0x0, 0xcf,
    0xff, 0x90, 0x0, 0x0, 0x0, 0x0, 0x0, 0x3,
    0xff, 0xff, 0x30, 0x0, 0x0, 0x0, 0x0, 0x0,
    0xa, 0xff, 0xfc, 0x0, 0x0, 0x0, 0x0, 0x0,
    0x0, 0xf, 0xff, 0xf6, 0x0, 0x0, 0x0, 0x0,
    0x0, 0x0, 0x5f, 0xff, 0xf1, 0x0, 0x0, 0x0,
    0x0, 0x0, 0x0, 0xaf, 0xff, 0xc0, 0x0, 0x0,
    0x0, 0x0, 0x0, 0x0, 0xef, 0xff, 0x80, 0x0,
    0x0, 0x0, 0x0, 0x0, 0x3, 0xff, 0xff, 0x40,
    0x0, 0x0, 0x0, 0x0, 0x0, 0x6, 0xff, 0xff,
    0x10, 0x0, 0x0, 0x0, 0x0, 0x0, 0x9, 0xff,
    0xfe, 0x0, 0x0, 0x0, 0x0, 0x0, 0x0, 0xc,
    0xff, 0xfb, 0x0, 0x0, 0x0, 0x0, 0x0, 0x0,
    0xe, 0xff, 0xf9, 0x0, 0x0, 0x0, 0x0, 0x0,
    0x0, 0xf, 0xff, 0xf8, 0x0, 0x0, 0x0, 0x0,

    /* U+0038 "8" */
    0x0, 0x0, 0x39, 0xdf, 0xff, 0xda, 0x40, 0x0,
    0x0, 0x0, 0x1b, 0xff, 0xff, 0xff, 0xff, 0xfc,
    0x20, 0x0, 0x0, 0xdf, 0xff, 0xff, 0xff, 0xff,
    0xff, 0xe1, 0x0, 0x9, 0xff, 0xff, 0xe7, 0x67,
    0xdf, 0xff, 0xfb, 0x0, 0xf, 0xff, 0xfc, 0x0,
    0x0, 0xa, 0xff, 0xff, 0x20, 0x3f, 0xff, 0xf4,
    0x0, 0x0, 0x2, 0xff, 0xff, 0x50, 0x4f, 0xff,
    0xf1, 0x0, 0x0, 0x0, 0xff, 0xff, 0x60, 0x3f,
    0xff, 0xf3, 0x0, 0x0, 0x1, 0xff, 0xff, 0x50,
    0xe, 0xff, 0xfa, 0x0, 0x0, 0x7, 0xff, 0xff,
    0x10, 0x7, 0xff, 0xff, 0xb4, 0x23, 0x9f, 0xff,
    0xf9, 0x0, 0x0, 0x9f, 0xff, 0xff, 0xff, 0xff,
    0xff, 0xb0, 0x0, 0x0, 0x9, 0xff, 0xff, 0xff,
    0xff, 0xfb, 0x0, 0x0, 0x1, 0xbf, 0xff, 0xff,
    0xff, 0xff, 0xff, 0xd2, 0x0, 0xb, 0xff, 0xff,
    0x61, 0x1, 0x6e, 0xff, 0xfd, 0x0, 0x5f, 0xff,
    0xf3, 0x0, 0x0, 0x1, 0xff, 0xff, 0x70, 0xbf,
    0xff, 0xb0, 0x0, 0x0, 0x0, 0x9f, 0xff, 0xd0,
    0xef, 0xff, 0x80, 0x0, 0x0, 0x0, 0x6f, 0xff,
    0xf0, 0xef, 0xff, 0x80, 0x0, 0x0, 0x0, 0x6f,
    0xff, 0xf1, 0xdf, 0xff, 0xd0, 0x0, 0x0, 0x0,
    0xbf, 0xff, 0xf0, 0x8f, 0xff, 0xf8, 0x0, 0x0,
    0x6, 0xff, 0xff, 0xa0, 0x1e, 0xff, 0xff, 0xc7,
    0x67, 0xbf, 0xff, 0xff, 0x30, 0x4, 0xff, 0xff,
    0xff, 0xff, 0xff, 0xff, 0xf6, 0x0, 0x0, 0x2c,
    0xff, 0xff, 0xff, 0xff, 0xfe, 0x40, 0x0, 0x0,
    0x0, 0x49, 0xdf, 0xff, 0xda, 0x50, 0x0, 0x0,

    /* U+0039 "9" */
    0x0, 0x0, 0x4, 0x9d, 0xff, 0xec, 0x82, 0x0,
    0x0, 0x0, 0x0, 0x2c, 0xff, 0xff, 0xff, 0xff,
    0xf9, 0x0, 0x0, 0x0, 0x2e, 0xff, 0xff, 0xff,
    0xff, 0xff, 0xfb, 0x0, 0x0, 0xd, 0xff, 0xff,
    0xd7, 0x67, 0xcf, 0xff, 0xf8, 0x0, 0x6, 0xff,
    0xff, 0xb0, 0x0, 0x0, 0x7f, 0xff, 0xf2, 0x0,
    0xcf, 0xff, 0xf1, 0x0, 0x0, 0x0, 0xbf, 0xff,
    0x80, 0xf, 0xff, 0xfa, 0x0, 0x0, 0x0, 0x6,
    0xff, 0xfe, 0x0, 0xff, 0xff, 0x90, 0x0, 0x0,
    0x0, 0x3f, 0xff, 0xf2, 0xf, 0xff, 0xfa, 0x0,
    0x0, 0x0, 0x4, 0xff, 0xff, 0x40, 0xcf, 0xff,
    0xe0, 0x0, 0x0, 0x0, 0x9f, 0xff, 0xf6, 0x7,
    0xff, 0xff, 0xa0, 0x0, 0x0, 0x4f, 0xff, 0xff,
    0x70, 0x1e, 0xff, 0xff, 0xc6, 0x45, 0xaf, 0xff,
    0xff, 0xf8, 0x0, 0x4f, 0xff, 0xff, 0xff, 0xff,
    0xfd, 0xff, 0xff, 0x80, 0x0, 0x4e, 0xff, 0xff,
    0xff, 0xfb, 0x2f, 0xff, 0xf7, 0x0, 0x0, 0x17,
    0xcf, 0xfe, 0xb5, 0x2, 0xff, 0xff, 0x50, 0x0,
    0x0, 0x0, 0x0, 0x0, 0x0, 0x3f, 0xff, 0xf3,
    0x1, 0x11, 0x10, 0x0, 0x0, 0x0, 0x6, 0xff,
    0xff, 0x0, 0x9f, 0xff, 0xa0, 0x0, 0x0, 0x0,
    0xaf, 0xff, 0xb0, 0x5, 0xff, 0xfe, 0x0, 0x0,
    0x0, 0x1f, 0xff, 0xf6, 0x0, 0xf, 0xff, 0xf8,
    0x0, 0x0, 0xb, 0xff, 0xfe, 0x0, 0x0, 0x8f,
    0xff, 0xfc, 0x76, 0x8d, 0xff, 0xff, 0x50, 0x0,
    0x0, 0xcf, 0xff, 0xff, 0xff, 0xff, 0xff, 0x70,
    0x0, 0x0, 0x0, 0xaf, 0xff, 0xff, 0xff, 0xff,
    0x60, 0x0, 0x0, 0x0, 0x0, 0x39, 0xdf, 0xfe,
    0xc7, 0x10, 0x0, 0x0,

    /* U+003A ":" */
    0xef, 0xff, 0xbe, 0xff, 0xfb, 0xef, 0xff, 0xbe,
    0xff, 0xfb, 0xab, 0xbb, 0x80, 0x0, 0x0, 0x0,
    0x0, 0x0, 0x0, 0x0, 0x0, 0x0, 0x0, 0x0,
    0x0, 0x0, 0x0, 0xa, 0xbb, 0xb8, 0xef, 0xff,
    0xbe, 0xff, 0xfb, 0xef, 0xff, 0xbe, 0xff, 0xfb,

    /* U+003B ";" */
    0xef, 0xff, 0xbe, 0xff, 0xfb, 0xef, 0xff, 0xbe,
    0xff, 0xfb, 0xab, 0xbb, 0x80, 0x0, 0x0, 0x0,
    0x0, 0x0, 0x0, 0x0, 0x0, 0x0, 0x0, 0x0,
    0x0, 0x0, 0x0, 0xa, 0xbb, 0xb7, 0xef, 0xff,
    0xbe, 0xff, 0xfb, 0xef, 0xff, 0xbe, 0xff, 0xfa,
    0x0, 0xbf, 0x80, 0xe, 0xf4, 0x9, 0xfd, 0xc,
    0xff, 0x30, 0xdb, 0x20, 0x1, 0x0, 0x0,

    /* U+003C "<" */
    0x0, 0x0, 0x0, 0x0, 0x0, 0x0, 0x16, 0x80,
    0x0, 0x0, 0x0, 0x0, 0x5, 0xbf, 0xfb, 0x0,
    0x0, 0x0, 0x4, 0xaf, 0xff, 0xff, 0xb0, 0x0,
    0x3, 0x8e, 0xff, 0xff, 0xff, 0xd6, 0x1, 0x7d,
    0xff, 0xff, 0xff, 0xe8, 0x30, 0x4, 0xff, 0xff,
    0xff, 0xe9, 0x30, 0x0, 0x0, 0x4f, 0xff, 0xfa,
    0x40, 0x0, 0x0, 0x0, 0x4, 0xff, 0xff, 0xe9,
    0x30, 0x0, 0x0, 0x0, 0x3d, 0xff, 0xff, 0xff,
    0xe9, 0x30, 0x0, 0x0, 0x3, 0x8e, 0xff, 0xff,
    0xff, 0xe8, 0x30, 0x0, 0x0, 0x4, 0x9e, 0xff,
    0xff, 0xff, 0xa0, 0x0, 0x0, 0x0, 0x4, 0xaf,
    0xff, 0xfb, 0x0, 0x0, 0x0, 0x0, 0x0, 0x5,
    0xbf, 0xb0, 0x0, 0x0, 0x0, 0x0, 0x0, 0x0,
    0x13,

    /* U+003D "=" */
    0x4f, 0xff, 0xff, 0xff, 0xff, 0xff, 0xff, 0xb4,
    0xff, 0xff, 0xff, 0xff, 0xff, 0xff, 0xfb, 0x4f,
    0xff, 0xff, 0xff, 0xff, 0xff, 0xff, 0xb0, 0x11,
    0x11, 0x11, 0x11, 0x11, 0x11, 0x10, 0x0, 0x0,
    0x0, 0x0, 0x0, 0x0, 0x0, 0x0, 0x0, 0x0,
    0x0, 0x0, 0x0, 0x0, 0x0, 0x1, 0x11, 0x11,
    0x11, 0x11, 0x11, 0x11, 0x4, 0xff, 0xff, 0xff,
    0xff, 0xff, 0xff, 0xfb, 0x4f, 0xff, 0xff, 0xff,
    0xff, 0xff, 0xff, 0xb4, 0xff, 0xff, 0xff, 0xff,
    0xff, 0xff, 0xfb,

    /* U+003E ">" */
    0x37, 0x10, 0x0, 0x0, 0x0, 0x0, 0x0, 0x4,
    0xff, 0xc6, 0x10, 0x0, 0x0, 0x0, 0x0, 0x4f,
    0xff, 0xff, 0xb5, 0x0, 0x0, 0x0, 0x2, 0xcf,
    0xff, 0xff, 0xff, 0xa4, 0x0, 0x0, 0x0, 0x27,
    0xdf, 0xff, 0xff, 0xfe, 0x94, 0x0, 0x0, 0x0,
    0x28, 0xdf, 0xff, 0xff, 0xfa, 0x0, 0x0, 0x0,
    0x0, 0x28, 0xef, 0xff, 0xb0, 0x0, 0x0, 0x0,
    0x16, 0xbf, 0xff, 0xfb, 0x0, 0x0, 0x5, 0xbf,
    0xff, 0xff, 0xff, 0x80, 0x5, 0xaf, 0xff, 0xff,
    0xff, 0xb6, 0x0, 0x3f, 0xff, 0xff, 0xff, 0xd7,
    0x10, 0x0, 0x4, 0xff, 0xff, 0xe8, 0x20, 0x0,
    0x0, 0x0, 0x4f, 0xf9, 0x30, 0x0, 0x0, 0x0,
    0x0, 0x2, 0x50, 0x0, 0x0, 0x0, 0x0, 0x0,
    0x0,

    /* U+003F "?" */
    0x0, 0x0, 0x0, 0x14, 0x55, 0x41, 0x0, 0x0,
    0x0, 0x0, 0x6, 0xdf, 0xff, 0xff, 0xfc, 0x50,
    0x0, 0x0, 0x2d, 0xff, 0xff, 0xff, 0xff, 0xff,
    0xa0, 0x0, 0x2e, 0xff, 0xff, 0xff, 0xff, 0xff,
    0xff, 0xa0, 0xc, 0xff, 0xff, 0x72, 0x0, 0x4c,
    0xff, 0xff, 0x35, 0xff, 0xff, 0x20, 0x0, 0x0,
    0xd, 0xff, 0xf8, 0xaf, 0xff, 0x70, 0x0, 0x0,
    0x0, 0x8f, 0xff, 0xaa, 0xcc, 0xc1, 0x0, 0x0,
    0x0, 0x9, 0xff, 0xfa, 0x0, 0x0, 0x0, 0x0,
    0x0, 0x0, 0xef, 0xff, 0x80, 0x0, 0x0, 0x0,
    0x0, 0x1, 0xbf, 0xff, 0xf2, 0x0, 0x0, 0x0,
    0x0, 0x2, 0xdf, 0xff, 0xf7, 0x0, 0x0, 0x0,
    0x0, 0x4, 0xff, 0xff, 0xf8, 0x0, 0x0, 0x0,
    0x0, 0x2, 0xff, 0xff, 0xf5, 0x0, 0x0, 0x0,
    0x0, 0x0, 0xbf, 0xff, 0xe3, 0x0, 0x0, 0x0,
    0x0, 0x0, 0x1f, 0xff, 0xf4, 0x0, 0x0, 0x0,
    0x0, 0x0, 0x4, 0xff, 0xfb, 0x0, 0x0, 0x0,
    0x0, 0x0, 0x0, 0x4c, 0xcc, 0x60, 0x0, 0x0,
    0x0, 0x0, 0x0, 0x0, 0x0, 0x0, 0x0, 0x0,
    0x0, 0x0, 0x0, 0x0, 0x0, 0x0, 0x0, 0x0,
    0x0, 0x0, 0x0, 0x0, 0x0, 0x0, 0x0, 0x0,
    0x0, 0x0, 0x0, 0x0, 0x0, 0x7b, 0xbb, 0xa0,
    0x0, 0x0, 0x0, 0x0, 0x0, 0xb, 0xff, 0xfe,
    0x0, 0x0, 0x0, 0x0, 0x0, 0x0, 0xbf, 0xff,
    0xe0, 0x0, 0x0, 0x0, 0x0, 0x0, 0xb, 0xff,
    0xfe, 0x0, 0x0, 0x0, 0x0, 0x0, 0x0, 0xbf,
    0xff, 0xe0, 0x0, 0x0, 0x0,

    /* U+0040 "@" */
    0x0, 0x0, 0x0, 0x0, 0x15, 0x9c, 0xef, 0xff,
    0xeb, 0x72, 0x0, 0x0, 0x0, 0x0, 0x0, 0x0,
    0x29, 0xff, 0xff, 0xff, 0xff, 0xff, 0xff, 0xb2,
    0x0, 0x0, 0x0, 0x0, 0x7, 0xff, 0xff, 0xfe,
    0xca, 0xab, 0xdf, 0xff, 0xff, 0x60, 0x0, 0x0,
    0x0, 0xbf, 0xff, 0xd7, 0x20, 0x0, 0x0, 0x0,
    0x5c, 0xff, 0xf7, 0x0, 0x0, 0xb, 0xff, 0xf6,
    0x0, 0x0, 0x0, 0x0, 0x0, 0x0, 0x8f, 0xff,
    0x30, 0x0, 0x8f, 0xfe, 0x30, 0x3, 0xbf, 0xfe,
    0x90, 0x1, 0x11, 0x8, 0xff, 0xc0, 0x2, 0xff,
    0xf3, 0x0, 0x8f, 0xff, 0xff, 0xfb, 0x6f, 0xff,
    0x30, 0xef, 0xf2, 0xa, 0xff, 0x70, 0x7, 0xff,
    0xff, 0xff, 0xff, 0xdf, 0xfe, 0x0, 0x8f, 0xf6,
    0x1f, 0xfe, 0x0, 0x2f, 0xff, 0xf5, 0x1, 0xbf,
    0xff, 0xfa, 0x0, 0x5f, 0xf8, 0x5f, 0xf8, 0x0,
    0x9f, 0xff, 0x40, 0x0, 0x1f, 0xff, 0xf6, 0x0,
    0x4f, 0xf8, 0x9f, 0xf4, 0x0, 0xef, 0xfc, 0x0,
    0x0, 0xc, 0xff, 0xf2, 0x0, 0x4f, 0xf7, 0xbf,
    0xf1, 0x2, 0xff, 0xf8, 0x0, 0x0, 0xb, 0xff,
    0xe0, 0x0, 0x6f, 0xf5, 0xcf, 0xf0, 0x4, 0xff,
    0xf7, 0x0, 0x0, 0xe, 0xff, 0xa0, 0x0, 0xaf,
    0xf1, 0xcf, 0xf0, 0x4, 0xff, 0xf8, 0x0, 0x0,
    0x4f, 0xff, 0x60, 0x1, 0xff, 0xb0, 0xbf, 0xf1,
    0x2, 0xff, 0xfe, 0x10, 0x1, 0xdf, 0xff, 0x30,
    0xa, 0xff, 0x30, 0x9f, 0xf5, 0x0, 0xef, 0xff,
    0xd7, 0x8e, 0xff, 0xff, 0x61, 0x8f, 0xf9, 0x0,
    0x5f, 0xfa, 0x0, 0x6f, 0xff, 0xff, 0xff, 0x7f,
    0xff, 0xff, 0xff, 0xb0, 0x0, 0xe, 0xff, 0x30,
    0x9, 0xff, 0xff, 0xf7, 0x7, 0xff, 0xff, 0xf8,
    0x0, 0x0, 0x7, 0xff, 0xe1, 0x0, 0x38, 0xa7,
    0x20, 0x0, 0x49, 0x97, 0x20, 0x0, 0x0, 0x0,
    0xcf, 0xfe, 0x30, 0x0, 0x0, 0x0, 0x0, 0x0,
    0x0, 0x0, 0x0, 0x0, 0x0, 0x1d, 0xff, 0xfa,
    0x40, 0x0, 0x0, 0x0, 0x27, 0xc7, 0x0, 0x0,
    0x0, 0x0, 0x1, 0xbf, 0xff, 0xff, 0xcb, 0xab,
    0xce, 0xff, 0xfd, 0x0, 0x0, 0x0, 0x0, 0x0,
    0x5, 0xdf, 0xff, 0xff, 0xff, 0xff, 0xff, 0xfb,
    0x0, 0x0, 0x0, 0x0, 0x0, 0x0, 0x3, 0x7b,
    0xdf, 0xff, 0xec, 0xa6, 0x10, 0x0, 0x0, 0x0,

    /* U+0041 "A" */
    0x0, 0x0, 0x0, 0x0, 0xc, 0xff, 0xff, 0x40,
    0x0, 0x0, 0x0, 0x0, 0x0, 0x0, 0x0, 0x2,
    0xff, 0xff, 0xfa, 0x0, 0x0, 0x0, 0x0, 0x0,
    0x0, 0x0, 0x0, 0x8f, 0xff, 0xff, 0xf0, 0x0,
    0x0, 0x0, 0x0, 0x0, 0x0, 0x0, 0xd, 0xff,
    0xff, 0xff, 0x50, 0x0, 0x0, 0x0, 0x0, 0x0,
    0x0, 0x3, 0xff, 0xfa, 0xff, 0xfb, 0x0, 0x0,
    0x0, 0x0, 0x0, 0x0, 0x0, 0x9f, 0xff, 0x2d,
    0xff, 0xf1, 0x0, 0x0, 0x0, 0x0, 0x0, 0x0,
    0xe, 0xff, 0xc0, 0x8f, 0xff, 0x60, 0x0, 0x0,
    0x0, 0x0, 0x0, 0x4, 0xff, 0xf7, 0x2, 0xff,
    0xfc, 0x0, 0x0, 0x0, 0x0, 0x0, 0x0, 0xaf,
    0xff, 0x20, 0xd, 0xff, 0xf1, 0x0, 0x0, 0x0,
    0x0, 0x0, 0xf, 0xff, 0xc0, 0x0, 0x8f, 0xff,
    0x70, 0x0, 0x0, 0x0, 0x0, 0x5, 0xff, 0xf7,
    0x0, 0x3, 0xff, 0xfc, 0x0, 0x0, 0x0, 0x0,
    0x0, 0xbf, 0xff, 0x20, 0x0, 0xd, 0xff, 0xf2,
    0x0, 0x0, 0x0, 0x0, 0x1f, 0xff, 0xc0, 0x0,
    0x0, 0x8f, 0xff, 0x80, 0x0, 0x0, 0x0, 0x6,
    0xff, 0xf7, 0x0, 0x0, 0x3, 0xff, 0xfd, 0x0,
    0x0, 0x0, 0x0, 0xcf, 0xff, 0x86, 0x66, 0x66,
    0x6f, 0xff, 0xf3, 0x0, 0x0, 0x0, 0x1f, 0xff,
    0xff, 0xff, 0xff, 0xff, 0xff, 0xff, 0x90, 0x0,
    0x0, 0x7, 0xff, 0xff, 0xff, 0xff, 0xff, 0xff,
    0xff, 0xfe, 0x0, 0x0, 0x0, 0xcf, 0xff, 0xff,
    0xff, 0xff, 0xff, 0xff, 0xff, 0xf4, 0x0, 0x0,
    0x2f, 0xff, 0xd0, 0x0, 0x0, 0x0, 0x0, 0x8f,
    0xff, 0xa0, 0x0, 0x8, 0xff, 0xf7, 0x0, 0x0,
    0x0, 0x0, 0x3, 0xff, 0xff, 0x0, 0x0, 0xdf,
    0xff, 0x20, 0x0, 0x0, 0x0, 0x0, 0xe, 0xff,
    0xf5, 0x0, 0x3f, 0xff, 0xd0, 0x0, 0x0, 0x0,
    0x0, 0x0, 0x8f, 0xff, 0xa0, 0x9, 0xff, 0xf7,
    0x0, 0x0, 0x0, 0x0, 0x0, 0x3, 0xff, 0xff,
    0x10, 0xef, 0xff, 0x20, 0x0, 0x0, 0x0, 0x0,
    0x0, 0xe, 0xff, 0xf6,

    /* U+0042 "B" */
    0xf, 0xff, 0xff, 0xff, 0xff, 0xff, 0xeb, 0x50,
    0x0, 0x0, 0xff, 0xff, 0xff, 0xff, 0xff, 0xff,
    0xff, 0xc1, 0x0, 0xf, 0xff, 0xff, 0xff, 0xff,
    0xff, 0xff, 0xff, 0xd0, 0x0, 0xff, 0xff, 0x42,
    0x22, 0x22, 0x4b, 0xff, 0xff, 0x60, 0xf, 0xff,
    0xf2, 0x0, 0x0, 0x0, 0xb, 0xff, 0xfc, 0x0,
    0xff, 0xff, 0x20, 0x0, 0x0, 0x0, 0x5f, 0xff,
    0xe0, 0xf, 0xff, 0xf2, 0x0, 0x0, 0x0, 0x3,
    0xff, 0xfe, 0x0, 0xff, 0xff, 0x20, 0x0, 0x0,
    0x0, 0x5f, 0xff, 0xc0, 0xf, 0xff, 0xf2, 0x0,
    0x0, 0x0, 0xb, 0xff, 0xf7, 0x0, 0xff, 0xff,
    0x20, 0x0, 0x0, 0x2a, 0xff, 0xfd, 0x0, 0xf,
    0xff, 0xff, 0xff, 0xff, 0xff, 0xff, 0xfd, 0x20,
    0x0, 0xff, 0xff, 0xff, 0xff, 0xff, 0xff, 0xfc,
    0x10, 0x0, 0xf, 0xff, 0xff, 0xff, 0xff, 0xff,
    0xff, 0xfe, 0x40, 0x0, 0xff, 0xff, 0x42, 0x22,
    0x22, 0x49, 0xff, 0xff, 0x30, 0xf, 0xff, 0xf2,
    0x0, 0x0, 0x0, 0x7, 0xff, 0xfd, 0x0, 0xff,
    0xff, 0x20, 0x0, 0x0, 0x0, 0xe, 0xff, 0xf4,
    0xf, 0xff, 0xf2, 0x0, 0x0, 0x0, 0x0, 0xaf,
    0xff, 0x70, 0xff, 0xff, 0x20, 0x0, 0x0, 0x0,
    0xa, 0xff, 0xf9, 0xf, 0xff, 0xf2, 0x0, 0x0,
    0x0, 0x0, 0xdf, 0xff, 0x80, 0xff, 0xff, 0x20,
    0x0, 0x0, 0x0, 0x5f, 0xff, 0xf5, 0xf, 0xff,
    0xf4, 0x22, 0x22, 0x23, 0x8f, 0xff, 0xfe, 0x0,
    0xff, 0xff, 0xff, 0xff, 0xff, 0xff, 0xff, 0xff,
    0x50, 0xf, 0xff, 0xff, 0xff, 0xff, 0xff, 0xff,
    0xff, 0x50, 0x0, 0xff, 0xff, 0xff, 0xff, 0xff,
    0xff, 0xc8, 0x10, 0x0,

    /* U+0043 "C" */
    0x0, 0x0, 0x0, 0x5, 0xad, 0xff, 0xfd, 0xa5,
    0x0, 0x0, 0x0, 0x0, 0x0, 0x5, 0xef, 0xff,
    0xff, 0xff, 0xff, 0xd4, 0x0, 0x0, 0x0, 0x0,
    0xaf, 0xff, 0xff, 0xff, 0xff, 0xff, 0xff, 0x80,
    0x0, 0x0, 0xb, 0xff, 0xff, 0xfb, 0x87, 0x8b,
    0xff, 0xff, 0xf8, 0x0, 0x0, 0x8f, 0xff, 0xfb,
    0x20, 0x0, 0x0, 0x2b, 0xff, 0xff, 0x40, 0x3,
    0xff, 0xff, 0xa0, 0x0, 0x0, 0x0, 0x0, 0xbf,
    0xff, 0xd0, 0xb, 0xff, 0xfd, 0x0, 0x0, 0x0,
    0x0, 0x0, 0x1f, 0xff, 0xf4, 0x1f, 0xff, 0xf4,
    0x0, 0x0, 0x0, 0x0, 0x0, 0x9, 0xff, 0xf9,
    0x6f, 0xff, 0xe0, 0x0, 0x0, 0x0, 0x0, 0x0,
    0x4, 0xee, 0xeb, 0x9f, 0xff, 0xa0, 0x0, 0x0,
    0x0, 0x0, 0x0, 0x0, 0x0, 0x0, 0xbf, 0xff,
    0x70, 0x0, 0x0, 0x0, 0x0, 0x0, 0x0, 0x0,
    0x0, 0xcf, 0xff, 0x60, 0x0, 0x0, 0x0, 0x0,
    0x0, 0x0, 0x0, 0x0, 0xcf, 0xff, 0x60, 0x0,
    0x0, 0x0, 0x0, 0x0, 0x0, 0x0, 0x0, 0xbf,
    0xff, 0x80, 0x0, 0x0, 0x0, 0x0, 0x0, 0x0,
    0x0, 0x0, 0x9f, 0xff, 0xa0, 0x0, 0x0, 0x0,
    0x0, 0x0, 0x0, 0x0, 0x0, 0x5f, 0xff, 0xe0,
    0x0, 0x0, 0x0, 0x0, 0x0, 0x4, 0xdd, 0xdb,
    0x1f, 0xff, 0xf5, 0x0, 0x0, 0x0, 0x0, 0x0,
    0x9, 0xff, 0xfa, 0xa, 0xff, 0xfd, 0x0, 0x0,
    0x0, 0x0, 0x0, 0x1f, 0xff, 0xf5, 0x2, 0xff,
    0xff, 0xb0, 0x0, 0x0, 0x0, 0x0, 0xbf, 0xff,
    0xd0, 0x0, 0x8f, 0xff, 0xfc, 0x20, 0x0, 0x0,
    0x2c, 0xff, 0xff, 0x40, 0x0, 0xa, 0xff, 0xff,
    0xfc, 0x87, 0x8b, 0xff, 0xff, 0xf8, 0x0, 0x0,
    0x0, 0x9f, 0xff, 0xff, 0xff, 0xff, 0xff, 0xff,
    0x90, 0x0, 0x0, 0x0, 0x5, 0xdf, 0xff, 0xff,
    0xff, 0xff, 0xd5, 0x0, 0x0, 0x0, 0x0, 0x0,
    0x4, 0x9d, 0xff, 0xfd, 0xa5, 0x0, 0x0, 0x0,

    /* U+0044 "D" */
    0xf, 0xff, 0xff, 0xff, 0xff, 0xfe, 0xb8, 0x30,
    0x0, 0x0, 0x0, 0xf, 0xff, 0xff, 0xff, 0xff,
    0xff, 0xff, 0xfc, 0x40, 0x0, 0x0, 0xf, 0xff,
    0xff, 0xff, 0xff, 0xff, 0xff, 0xff, 0xfa, 0x0,
    0x0, 0xf, 0xff, 0xf7, 0x66, 0x66, 0x79, 0xdf,
    0xff, 0xff, 0xc0, 0x0, 0xf, 0xff, 0xf2, 0x0,
    0x0, 0x0, 0x3, 0xcf, 0xff, 0xfa, 0x0, 0xf,
    0xff, 0xf2, 0x0, 0x0, 0x0, 0x0, 0xa, 0xff,
    0xff, 0x50, 0xf, 0xff, 0xf2, 0x0, 0x0, 0x0,
    0x0, 0x0, 0xcf, 0xff, 0xd0, 0xf, 0xff, 0xf2,
    0x0, 0x0, 0x0, 0x0, 0x0, 0x3f, 0xff, 0xf4,
    0xf, 0xff, 0xf2, 0x0, 0x0, 0x0, 0x0, 0x0,
    0xc, 0xff, 0xf9, 0xf, 0xff, 0xf2, 0x0, 0x0,
    0x0, 0x0, 0x0, 0x8, 0xff, 0xfc, 0xf, 0xff,
    0xf2, 0x0, 0x0, 0x0, 0x0, 0x0, 0x5, 0xff,
    0xfe, 0xf, 0xff, 0xf2, 0x0, 0x0, 0x0, 0x0,
    0x0, 0x4, 0xff, 0xff, 0xf, 0xff, 0xf2, 0x0,
    0x0, 0x0, 0x0, 0x0, 0x4, 0xff, 0xff, 0xf,
    0xff, 0xf2, 0x0, 0x0, 0x0, 0x0, 0x0, 0x6,
    0xff, 0xfe, 0xf, 0xff, 0xf2, 0x0, 0x0, 0x0,
    0x0, 0x0, 0x9, 0xff, 0xfb, 0xf, 0xff, 0xf2,
    0x0, 0x0, 0x0, 0x0, 0x0, 0xd, 0xff, 0xf8,
    0xf, 0xff, 0xf2, 0x0, 0x0, 0x0, 0x0, 0x0,
    0x4f, 0xff, 0xf3, 0xf, 0xff, 0xf2, 0x0, 0x0,
    0x0, 0x0, 0x0, 0xdf, 0xff, 0xc0, 0xf, 0xff,
    0xf2, 0x0, 0x0, 0x0, 0x0, 0xb, 0xff, 0xff,
    0x40, 0xf, 0xff, 0xf2, 0x0, 0x0, 0x0, 0x4,
    0xdf, 0xff, 0xf9, 0x0, 0xf, 0xff, 0xf8, 0x66,
    0x66, 0x79, 0xdf, 0xff, 0xff, 0xb0, 0x0, 0xf,
    0xff, 0xff, 0xff, 0xff, 0xff, 0xff, 0xff, 0xf8,
    0x0, 0x0, 0xf, 0xff, 0xff, 0xff, 0xff, 0xff,
    0xff, 0xfc, 0x30, 0x0, 0x0, 0xf, 0xff, 0xff,
    0xff, 0xff, 0xfe, 0xb7, 0x20, 0x0, 0x0, 0x0,

    /* U+0045 "E" */
    0xf, 0xff, 0xff, 0xff, 0xff, 0xff, 0xff, 0xff,
    0xf3, 0xf, 0xff, 0xff, 0xff, 0xff, 0xff, 0xff,
    0xff, 0xf3, 0xf, 0xff, 0xff, 0xff, 0xff, 0xff,
    0xff, 0xff, 0xf3, 0xf, 0xff, 0xf7, 0x55, 0x55,
    0x55, 0x55, 0x55, 0x51, 0xf, 0xff, 0xf2, 0x0,
    0x0, 0x0, 0x0, 0x0, 0x0, 0xf, 0xff, 0xf2,
    0x0, 0x0, 0x0, 0x0, 0x0, 0x0, 0xf, 0xff,
    0xf2, 0x0, 0x0, 0x0, 0x0, 0x0, 0x0, 0xf,
    0xff, 0xf2, 0x0, 0x0, 0x0, 0x0, 0x0, 0x0,
    0xf, 0xff, 0xf2, 0x0, 0x0, 0x0, 0x0, 0x0,
    0x0, 0xf, 0xff, 0xf2, 0x0, 0x0, 0x0, 0x0,
    0x0, 0x0, 0xf, 0xff, 0xff, 0xff, 0xff, 0xff,
    0xff, 0xff, 0x70, 0xf, 0xff, 0xff, 0xff, 0xff,
    0xff, 0xff, 0xff, 0x70, 0xf, 0xff, 0xff, 0xff,
    0xff, 0xff, 0xff, 0xff, 0x70, 0xf, 0xff, 0xf6,
    0x44, 0x44, 0x44, 0x44, 0x44, 0x20, 0xf, 0xff,
    0xf2, 0x0, 0x0, 0x0, 0x0, 0x0, 0x0, 0xf,
    0xff, 0xf2, 0x0, 0x0, 0x0, 0x0, 0x0, 0x0,
    0xf, 0xff, 0xf2, 0x0, 0x0, 0x0, 0x0, 0x0,
    0x0, 0xf, 0xff, 0xf2, 0x0, 0x0, 0x0, 0x0,
    0x0, 0x0, 0xf, 0xff, 0xf2, 0x0, 0x0, 0x0,
    0x0, 0x0, 0x0, 0xf, 0xff, 0xf2, 0x0, 0x0,
    0x0, 0x0, 0x0, 0x0, 0xf, 0xff, 0xf7, 0x66,
    0x66, 0x66, 0x66, 0x66, 0x63, 0xf, 0xff, 0xff,
    0xff, 0xff, 0xff, 0xff, 0xff, 0xf9, 0xf, 0xff,
    0xff, 0xff, 0xff, 0xff, 0xff, 0xff, 0xf9, 0xf,
    0xff, 0xff, 0xff, 0xff, 0xff, 0xff, 0xff, 0xf9,

    /* U+0046 "F" */
    0xf, 0xff, 0xff, 0xff, 0xff, 0xff, 0xff, 0xff,
    0xb0, 0xff, 0xff, 0xff, 0xff, 0xff, 0xff, 0xff,
    0xfb, 0xf, 0xff, 0xff, 0xff, 0xff, 0xff, 0xff,
    0xff, 0xb0, 0xff, 0xff, 0x75, 0x55, 0x55, 0x55,
    0x55, 0x54, 0xf, 0xff, 0xf2, 0x0, 0x0, 0x0,
    0x0, 0x0, 0x0, 0xff, 0xff, 0x20, 0x0, 0x0,
    0x0, 0x0, 0x0, 0xf, 0xff, 0xf2, 0x0, 0x0,
    0x0, 0x0, 0x0, 0x0, 0xff, 0xff, 0x20, 0x0,
    0x0, 0x0, 0x0, 0x0, 0xf, 0xff, 0xf2, 0x0,
    0x0, 0x0, 0x0, 0x0, 0x0, 0xff, 0xff, 0x20,
    0x0, 0x0, 0x0, 0x0, 0x0, 0xf, 0xff, 0xf2,
    0x0, 0x0, 0x0, 0x0, 0x0, 0x0, 0xff, 0xff,
    0xff, 0xff, 0xff, 0xff, 0xff, 0xe0, 0xf, 0xff,
    0xff, 0xff, 0xff, 0xff, 0xff, 0xfe, 0x0, 0xff,
    0xff, 0xff, 0xff, 0xff, 0xff, 0xff, 0xe0, 0xf,
    0xff, 0xf7, 0x55, 0x55, 0x55, 0x55, 0x55, 0x0,
    0xff, 0xff, 0x20, 0x0, 0x0, 0x0, 0x0, 0x0,
    0xf, 0xff, 0xf2, 0x0, 0x0, 0x0, 0x0, 0x0,
    0x0, 0xff, 0xff, 0x20, 0x0, 0x0, 0x0, 0x0,
    0x0, 0xf, 0xff, 0xf2, 0x0, 0x0, 0x0, 0x0,
    0x0, 0x0, 0xff, 0xff, 0x20, 0x0, 0x0, 0x0,
    0x0, 0x0, 0xf, 0xff, 0xf2, 0x0, 0x0, 0x0,
    0x0, 0x0, 0x0, 0xff, 0xff, 0x20, 0x0, 0x0,
    0x0, 0x0, 0x0, 0xf, 0xff, 0xf2, 0x0, 0x0,
    0x0, 0x0, 0x0, 0x0, 0xff, 0xff, 0x20, 0x0,
    0x0, 0x0, 0x0, 0x0,

    /* U+0047 "G" */
    0x0, 0x0, 0x0, 0x5, 0xad, 0xff, 0xfd, 0xa6,
    0x0, 0x0, 0x0, 0x0, 0x0, 0x6, 0xef, 0xff,
    0xff, 0xff, 0xff, 0xe7, 0x0, 0x0, 0x0, 0x0,
    0xaf, 0xff, 0xff, 0xff, 0xff, 0xff, 0xff, 0xc1,
    0x0, 0x0, 0xb, 0xff, 0xff, 0xfc, 0x87, 0x8a,
    0xff, 0xff, 0xfc, 0x0, 0x0, 0x9f, 0xff, 0xfb,
    0x20, 0x0, 0x0, 0x8, 0xff, 0xff, 0x80, 0x3,
    0xff, 0xff, 0xa0, 0x0, 0x0, 0x0, 0x0, 0x7f,
    0xff, 0xf1, 0xb, 0xff, 0xfd, 0x0, 0x0, 0x0,
    0x0, 0x0, 0xd, 0xff, 0xf6, 0x1f, 0xff, 0xf4,
    0x0, 0x0, 0x0, 0x0, 0x0, 0x7, 0xee, 0xe9,
    0x6f, 0xff, 0xe0, 0x0, 0x0, 0x0, 0x0, 0x0,
    0x0, 0x0, 0x0, 0x9f, 0xff, 0xa0, 0x0, 0x0,
    0x0, 0x0, 0x0, 0x0, 0x0, 0x0, 0xbf, 0xff,
    0x70, 0x0, 0x0, 0x0, 0x0, 0x0, 0x0, 0x0,
    0x0, 0xcf, 0xff, 0x60, 0x0, 0x0, 0x0, 0xcf,
    0xff, 0xff, 0xff, 0xfe, 0xcf, 0xff, 0x60, 0x0,
    0x0, 0x0, 0xcf, 0xff, 0xff, 0xff, 0xfe, 0xcf,
    0xff, 0x70, 0x0, 0x0, 0x0, 0xcf, 0xff, 0xff,
    0xff, 0xfe, 0xaf, 0xff, 0xa0, 0x0, 0x0, 0x0,
    0x45, 0x55, 0x58, 0xff, 0xfe, 0x6f, 0xff, 0xe0,
    0x0, 0x0, 0x0, 0x0, 0x0, 0x4, 0xff, 0xfe,
    0x2f, 0xff, 0xf4, 0x0, 0x0, 0x0, 0x0, 0x0,
    0x4, 0xff, 0xfe, 0xc, 0xff, 0xfc, 0x0, 0x0,
    0x0, 0x0, 0x0, 0x4, 0xff, 0xfe, 0x4, 0xff,
    0xff, 0xa0, 0x0, 0x0, 0x0, 0x0, 0x5, 0xff,
    0xfe, 0x0, 0xaf, 0xff, 0xfc, 0x30, 0x0, 0x0,
    0x0, 0x5e, 0xff, 0xfe, 0x0, 0xc, 0xff, 0xff,
    0xfd, 0x97, 0x78, 0xae, 0xff, 0xff, 0xf7, 0x0,
    0x1, 0xbf, 0xff, 0xff, 0xff, 0xff, 0xff, 0xff,
    0xff, 0x50, 0x0, 0x0, 0x6, 0xef, 0xff, 0xff,
    0xff, 0xff, 0xff, 0x91, 0x0, 0x0, 0x0, 0x0,
    0x4, 0x9c, 0xef, 0xff, 0xda, 0x61, 0x0, 0x0,

    /* U+0048 "H" */
    0xf, 0xff, 0xf2, 0x0, 0x0, 0x0, 0x0, 0x0,
    0xff, 0xff, 0x30, 0xff, 0xff, 0x20, 0x0, 0x0,
    0x0, 0x0, 0xf, 0xff, 0xf3, 0xf, 0xff, 0xf2,
    0x0, 0x0, 0x0, 0x0, 0x0, 0xff, 0xff, 0x30,
    0xff, 0xff, 0x20, 0x0, 0x0, 0x0, 0x0, 0xf,
    0xff, 0xf3, 0xf, 0xff, 0xf2, 0x0, 0x0, 0x0,
    0x0, 0x0, 0xff, 0xff, 0x30, 0xff, 0xff, 0x20,
    0x0, 0x0, 0x0, 0x0, 0xf, 0xff, 0xf3, 0xf,
    0xff, 0xf2, 0x0, 0x0, 0x0, 0x0, 0x0, 0xff,
    0xff, 0x30, 0xff, 0xff, 0x20, 0x0, 0x0, 0x0,
    0x0, 0xf, 0xff, 0xf3, 0xf, 0xff, 0xf2, 0x0,
    0x0, 0x0, 0x0, 0x0, 0xff, 0xff, 0x30, 0xff,
    0xff, 0x20, 0x0, 0x0, 0x0, 0x0, 0xf, 0xff,
    0xf3, 0xf, 0xff, 0xff, 0xff, 0xff, 0xff, 0xff,
    0xff, 0xff, 0xff, 0x30, 0xff, 0xff, 0xff, 0xff,
    0xff, 0xff, 0xff, 0xff, 0xff, 0xf3, 0xf, 0xff,
    0xff, 0xff, 0xff, 0xff, 0xff, 0xff, 0xff, 0xff,
    0x30, 0xff, 0xff, 0x65, 0x55, 0x55, 0x55, 0x55,
    0x5f, 0xff, 0xf3, 0xf, 0xff, 0xf2, 0x0, 0x0,
    0x0, 0x0, 0x0, 0xff, 0xff, 0x30, 0xff, 0xff,
    0x20, 0x0, 0x0, 0x0, 0x0, 0xf, 0xff, 0xf3,
    0xf, 0xff, 0xf2, 0x0, 0x0, 0x0, 0x0, 0x0,
    0xff, 0xff, 0x30, 0xff, 0xff, 0x20, 0x0, 0x0,
    0x0, 0x0, 0xf, 0xff, 0xf3, 0xf, 0xff, 0xf2,
    0x0, 0x0, 0x0, 0x0, 0x0, 0xff, 0xff, 0x30,
    0xff, 0xff, 0x20, 0x0, 0x0, 0x0, 0x0, 0xf,
    0xff, 0xf3, 0xf, 0xff, 0xf2, 0x0, 0x0, 0x0,
    0x0, 0x0, 0xff, 0xff, 0x30, 0xff, 0xff, 0x20,
    0x0, 0x0, 0x0, 0x0, 0xf, 0xff, 0xf3, 0xf,
    0xff, 0xf2, 0x0, 0x0, 0x0, 0x0, 0x0, 0xff,
    0xff, 0x30, 0xff, 0xff, 0x20, 0x0, 0x0, 0x0,
    0x0, 0xf, 0xff, 0xf3,

    /* U+0049 "I" */
    0xf, 0xff, 0xf2, 0xf, 0xff, 0xf2, 0xf, 0xff,
    0xf2, 0xf, 0xff, 0xf2, 0xf, 0xff, 0xf2, 0xf,
    0xff, 0xf2, 0xf, 0xff, 0xf2, 0xf, 0xff, 0xf2,
    0xf, 0xff, 0xf2, 0xf, 0xff, 0xf2, 0xf, 0xff,
    0xf2, 0xf, 0xff, 0xf2, 0xf, 0xff, 0xf2, 0xf,
    0xff, 0xf2, 0xf, 0xff, 0xf2, 0xf, 0xff, 0xf2,
    0xf, 0xff, 0xf2, 0xf, 0xff, 0xf2, 0xf, 0xff,
    0xf2, 0xf, 0xff, 0xf2, 0xf, 0xff, 0xf2, 0xf,
    0xff, 0xf2, 0xf, 0xff, 0xf2, 0xf, 0xff, 0xf2,

    /* U+004A "J" */
    0x0, 0x0, 0x0, 0x6, 0xff, 0xfc, 0x0, 0x0,
    0x0, 0x6, 0xff, 0xfc, 0x0, 0x0, 0x0, 0x6,
    0xff, 0xfc, 0x0, 0x0, 0x0, 0x6, 0xff, 0xfc,
    0x0, 0x0, 0x0, 0x6, 0xff, 0xfc, 0x0, 0x0,
    0x0, 0x6, 0xff, 0xfc, 0x0, 0x0, 0x0, 0x6,
    0xff, 0xfc, 0x0, 0x0, 0x0, 0x6, 0xff, 0xfc,
    0x0, 0x0, 0x0, 0x6, 0xff, 0xfc, 0x0, 0x0,
    0x0, 0x6, 0xff, 0xfc, 0x0, 0x0, 0x0, 0x6,
    0xff, 0xfc, 0x0, 0x0, 0x0, 0x6, 0xff, 0xfc,
    0x0, 0x0, 0x0, 0x6, 0xff, 0xfc, 0x0, 0x0,
    0x0, 0x6, 0xff, 0xfc, 0x0, 0x0, 0x0, 0x6,
    0xff, 0xfc, 0x0, 0x0, 0x0, 0x6, 0xff, 0xfc,
    0x0, 0x0, 0x0, 0x6, 0xff, 0xfc, 0x0, 0x0,
    0x0, 0x6, 0xff, 0xfc, 0x0, 0x0, 0x0, 0x8,
    0xff, 0xfb, 0x0, 0x0, 0x0, 0x1e, 0xff, 0xf8,
    0x8b, 0x86, 0x79, 0xff, 0xff, 0xf3, 0x9f, 0xff,
    0xff, 0xff, 0xff, 0xa0, 0x9f, 0xff, 0xff, 0xff,
    0xfa, 0x0, 0x4b, 0xef, 0xff, 0xd9, 0x30, 0x0,

    /* U+004B "K" */
    0xf, 0xff, 0xf2, 0x0, 0x0, 0x0, 0x0, 0x9f,
    0xff, 0xfe, 0x20, 0xf, 0xff, 0xf2, 0x0, 0x0,
    0x0, 0x8, 0xff, 0xff, 0xe2, 0x0, 0xf, 0xff,
    0xf2, 0x0, 0x0, 0x0, 0x8f, 0xff, 0xfd, 0x10,
    0x0, 0xf, 0xff, 0xf2, 0x0, 0x0, 0x7, 0xff,
    0xff, 0xd1, 0x0, 0x0, 0xf, 0xff, 0xf2, 0x0,
    0x0, 0x7f, 0xff, 0xfd, 0x10, 0x0, 0x0, 0xf,
    0xff, 0xf2, 0x0, 0x6, 0xff, 0xff, 0xd1, 0x0,
    0x0, 0x0, 0xf, 0xff, 0xf2, 0x0, 0x6f, 0xff,
    0xfd, 0x10, 0x0, 0x0, 0x0, 0xf, 0xff, 0xf2,
    0x5, 0xff, 0xff, 0xd1, 0x0, 0x0, 0x0, 0x0,
    0xf, 0xff, 0xf2, 0x5f, 0xff, 0xfd, 0x10, 0x0,
    0x0, 0x0, 0x0, 0xf, 0xff, 0xf6, 0xff, 0xff,
    0xd1, 0x0, 0x0, 0x0, 0x0, 0x0, 0xf, 0xff,
    0xff, 0xff, 0xfd, 0x10, 0x0, 0x0, 0x0, 0x0,
    0x0, 0xf, 0xff, 0xf9, 0x88, 0x82, 0x0, 0x0,
    0x0, 0x0, 0x0, 0x0, 0xf, 0xff, 0xff, 0xff,
    0xfc, 0x0, 0x0, 0x0, 0x0, 0x0, 0x0, 0xf,
    0xff, 0xf9, 0xff, 0xff, 0xc0, 0x0, 0x0, 0x0,
    0x0, 0x0, 0xf, 0xff, 0xf2, 0x8f, 0xff, 0xfc,
    0x0, 0x0, 0x0, 0x0, 0x0, 0xf, 0xff, 0xf2,
    0x9, 0xff, 0xff, 0xc0, 0x0, 0x0, 0x0, 0x0,
    0xf, 0xff, 0xf2, 0x0, 0xaf, 0xff, 0xfb, 0x0,
    0x0, 0x0, 0x0, 0xf, 0xff, 0xf2, 0x0, 0xa,
    0xff, 0xff, 0xb0, 0x0, 0x0, 0x0, 0xf, 0xff,
    0xf2, 0x0, 0x0, 0xbf, 0xff, 0xfb, 0x0, 0x0,
    0x0, 0xf, 0xff, 0xf2, 0x0, 0x0, 0xc, 0xff,
    0xff, 0xb0, 0x0, 0x0, 0xf, 0xff, 0xf2, 0x0,
    0x0, 0x1, 0xdf, 0xff, 0xfb, 0x0, 0x0, 0xf,
    0xff, 0xf2, 0x0, 0x0, 0x0, 0x1d, 0xff, 0xff,
    0xa0, 0x0, 0xf, 0xff, 0xf2, 0x0, 0x0, 0x0,
    0x1, 0xef, 0xff, 0xfa, 0x0, 0xf, 0xff, 0xf2,
    0x0, 0x0, 0x0, 0x0, 0x2e, 0xff, 0xff, 0xa0,

    /* U+004C "L" */
    0xf, 0xff, 0xf2, 0x0, 0x0, 0x0, 0x0, 0x0,
    0x0, 0xff, 0xff, 0x20, 0x0, 0x0, 0x0, 0x0,
    0x0, 0xf, 0xff, 0xf2, 0x0, 0x0, 0x0, 0x0,
    0x0, 0x0, 0xff, 0xff, 0x20, 0x0, 0x0, 0x0,
    0x0, 0x0, 0xf, 0xff, 0xf2, 0x0, 0x0, 0x0,
    0x0, 0x0, 0x0, 0xff, 0xff, 0x20, 0x0, 0x0,
    0x0, 0x0, 0x0, 0xf, 0xff, 0xf2, 0x0, 0x0,
    0x0, 0x0, 0x0, 0x0, 0xff, 0xff, 0x20, 0x0,
    0x0, 0x0, 0x0, 0x0, 0xf, 0xff, 0xf2, 0x0,
    0x0, 0x0, 0x0, 0x0, 0x0, 0xff, 0xff, 0x20,
    0x0, 0x0, 0x0, 0x0, 0x0, 0xf, 0xff, 0xf2,
    0x0, 0x0, 0x0, 0x0, 0x0, 0x0, 0xff, 0xff,
    0x20, 0x0, 0x0, 0x0, 0x0, 0x0, 0xf, 0xff,
    0xf2, 0x0, 0x0, 0x0, 0x0, 0x0, 0x0, 0xff,
    0xff, 0x20, 0x0, 0x0, 0x0, 0x0, 0x0, 0xf,
    0xff, 0xf2, 0x0, 0x0, 0x0, 0x0, 0x0, 0x0,
    0xff, 0xff, 0x20, 0x0, 0x0, 0x0, 0x0, 0x0,
    0xf, 0xff, 0xf2, 0x0, 0x0, 0x0, 0x0, 0x0,
    0x0, 0xff, 0xff, 0x20, 0x0, 0x0, 0x0, 0x0,
    0x0, 0xf, 0xff, 0xf2, 0x0, 0x0, 0x0, 0x0,
    0x0, 0x0, 0xff, 0xff, 0x20, 0x0, 0x0, 0x0,
    0x0, 0x0, 0xf, 0xff, 0xf7, 0x66, 0x66, 0x66,
    0x66, 0x66, 0x20, 0xff, 0xff, 0xff, 0xff, 0xff,
    0xff, 0xff, 0xf7, 0xf, 0xff, 0xff, 0xff, 0xff,
    0xff, 0xff, 0xff, 0x70, 0xff, 0xff, 0xff, 0xff,
    0xff, 0xff, 0xff, 0xf7,

    /* U+004D "M" */
    0xf, 0xff, 0xff, 0xf9, 0x0, 0x0, 0x0, 0x0,
    0x0, 0xe, 0xff, 0xff, 0xfc, 0xf, 0xff, 0xff,
    0xfe, 0x0, 0x0, 0x0, 0x0, 0x0, 0x3f, 0xff,
    0xff, 0xfc, 0xf, 0xff, 0xff, 0xff, 0x30, 0x0,
    0x0, 0x0, 0x0, 0x8f, 0xff, 0xff, 0xfc, 0xf,
    0xff, 0xff, 0xff, 0x80, 0x0, 0x0, 0x0, 0x0,
    0xdf, 0xff, 0xff, 0xfc, 0xf, 0xff, 0xee, 0xff,
    0xd0, 0x0, 0x0, 0x0, 0x1, 0xff, 0xfd, 0xff,
    0xfc, 0xf, 0xff, 0xea, 0xff, 0xf1, 0x0, 0x0,
    0x0, 0x6, 0xff, 0xf8, 0xff, 0xfc, 0xf, 0xff,
    0xe5, 0xff, 0xf6, 0x0, 0x0, 0x0, 0xb, 0xff,
    0xe5, 0xff, 0xfc, 0xf, 0xff, 0xe0, 0xff, 0xfb,
    0x0, 0x0, 0x0, 0xf, 0xff, 0x95, 0xff, 0xfc,
    0xf, 0xff, 0xe0, 0xbf, 0xff, 0x0, 0x0, 0x0,
    0x5f, 0xff, 0x45, 0xff, 0xfc, 0xf, 0xff, 0xe0,
    0x6f, 0xff, 0x50, 0x0, 0x0, 0xaf, 0xff, 0x5,
    0xff, 0xfc, 0xf, 0xff, 0xe0, 0x1f, 0xff, 0xa0,
    0x0, 0x0, 0xef, 0xfa, 0x5, 0xff, 0xfc, 0xf,
    0xff, 0xe0, 0xc, 0xff, 0xe0, 0x0, 0x3, 0xff,
    0xf5, 0x5, 0xff, 0xfc, 0xf, 0xff, 0xe0, 0x7,
    0xff, 0xf3, 0x0, 0x8, 0xff, 0xf1, 0x5, 0xff,
    0xfc, 0xf, 0xff, 0xe0, 0x3, 0xff, 0xf8, 0x0,
    0xd, 0xff, 0xb0, 0x5, 0xff, 0xfc, 0xf, 0xff,
    0xe0, 0x0, 0xef, 0xfd, 0x0, 0x2f, 0xff, 0x60,
    0x5, 0xff, 0xfc, 0xf, 0xff, 0xe0, 0x0, 0x9f,
    0xff, 0x20, 0x7f, 0xff, 0x10, 0x5, 0xff, 0xfc,
    0xf, 0xff, 0xe0, 0x0, 0x4f, 0xff, 0x70, 0xcf,
    0xfc, 0x0, 0x5, 0xff, 0xfc, 0xf, 0xff, 0xe0,
    0x0, 0xf, 0xff, 0xc1, 0xff, 0xf7, 0x0, 0x5,
    0xff, 0xfc, 0xf, 0xff, 0xe0, 0x0, 0xa, 0xff,
    0xf7, 0xff, 0xf2, 0x0, 0x5, 0xff, 0xfc, 0xf,
    0xff, 0xe0, 0x0, 0x5, 0xff, 0xff, 0xff, 0xe0,
    0x0, 0x5, 0xff, 0xfc, 0xf, 0xff, 0xe0, 0x0,
    0x1, 0xff, 0xff, 0xff, 0x90, 0x0, 0x5, 0xff,
    0xfc, 0xf, 0xff, 0xe0, 0x0, 0x0, 0xbf, 0xff,
    0xff, 0x40, 0x0, 0x5, 0xff, 0xfc, 0xf, 0xff,
    0xe0, 0x0, 0x0, 0x6f, 0xff, 0xfe, 0x0, 0x0,
    0x5, 0xff, 0xfc, 0xf, 0xff, 0xe0, 0x0, 0x0,
    0x1f, 0xff, 0xfa, 0x0, 0x0, 0x5, 0xff, 0xfc,

    /* U+004E "N" */
    0xf, 0xff, 0xff, 0x60, 0x0, 0x0, 0x0, 0x0,
    0xdf, 0xff, 0x30, 0xff, 0xff, 0xfe, 0x0, 0x0,
    0x0, 0x0, 0xd, 0xff, 0xf3, 0xf, 0xff, 0xff,
    0xf7, 0x0, 0x0, 0x0, 0x0, 0xdf, 0xff, 0x30,
    0xff, 0xff, 0xff, 0xf1, 0x0, 0x0, 0x0, 0xd,
    0xff, 0xf3, 0xf, 0xff, 0xff, 0xff, 0x90, 0x0,
    0x0, 0x0, 0xdf, 0xff, 0x30, 0xff, 0xff, 0xef,
    0xff, 0x20, 0x0, 0x0, 0xd, 0xff, 0xf3, 0xf,
    0xff, 0xf6, 0xff, 0xfa, 0x0, 0x0, 0x0, 0xdf,
    0xff, 0x30, 0xff, 0xff, 0xc, 0xff, 0xf2, 0x0,
    0x0, 0xd, 0xff, 0xf3, 0xf, 0xff, 0xf0, 0x4f,
    0xff, 0xb0, 0x0, 0x0, 0xdf, 0xff, 0x30, 0xff,
    0xff, 0x0, 0xbf, 0xff, 0x40, 0x0, 0xd, 0xff,
    0xf3, 0xf, 0xff, 0xf0, 0x3, 0xff, 0xfc, 0x0,
    0x0, 0xdf, 0xff, 0x30, 0xff, 0xff, 0x0, 0xa,
    0xff, 0xf5, 0x0, 0xd, 0xff, 0xf3, 0xf, 0xff,
    0xf0, 0x0, 0x2f, 0xff, 0xd0, 0x0, 0xdf, 0xff,
    0x30, 0xff, 0xff, 0x0, 0x0, 0x9f, 0xff, 0x60,
    0xd, 0xff, 0xf3, 0xf, 0xff, 0xf0, 0x0, 0x1,
    0xff, 0xfe, 0x0, 0xdf, 0xff, 0x30, 0xff, 0xff,
    0x0, 0x0, 0x8, 0xff, 0xf7, 0xd, 0xff, 0xf3,
    0xf, 0xff, 0xf0, 0x0, 0x0, 0xe, 0xff, 0xf1,
    0xdf, 0xff, 0x30, 0xff, 0xff, 0x0, 0x0, 0x0,
    0x7f, 0xff, 0x8d, 0xff, 0xf3, 0xf, 0xff, 0xf0,
    0x0, 0x0, 0x0, 0xef, 0xff, 0xef, 0xff, 0x30,
    0xff, 0xff, 0x0, 0x0, 0x0, 0x5, 0xff, 0xff,
    0xff, 0xf3, 0xf, 0xff, 0xf0, 0x0, 0x0, 0x0,
    0xd, 0xff, 0xff, 0xff, 0x30, 0xff, 0xff, 0x0,
    0x0, 0x0, 0x0, 0x4f, 0xff, 0xff, 0xf3, 0xf,
    0xff, 0xf0, 0x0, 0x0, 0x0, 0x0, 0xbf, 0xff,
    0xff, 0x30, 0xff, 0xff, 0x0, 0x0, 0x0, 0x0,
    0x3, 0xff, 0xff, 0xf3,

    /* U+004F "O" */
    0x0, 0x0, 0x0, 0x4, 0x9d, 0xff, 0xfe, 0xb7,
    0x10, 0x0, 0x0, 0x0, 0x0, 0x0, 0x5, 0xef,
    0xff, 0xff, 0xff, 0xff, 0xf9, 0x10, 0x0, 0x0,
    0x0, 0x0, 0xaf, 0xff, 0xff, 0xff, 0xff, 0xff,
    0xff, 0xe3, 0x0, 0x0, 0x0, 0xb, 0xff, 0xff,
    0xfc, 0x87, 0x8a, 0xff, 0xff, 0xff, 0x30, 0x0,
    0x0, 0x9f, 0xff, 0xfc, 0x20, 0x0, 0x0, 0x8,
    0xff, 0xff, 0xe1, 0x0, 0x3, 0xff, 0xff, 0xa0,
    0x0, 0x0, 0x0, 0x0, 0x4f, 0xff, 0xfa, 0x0,
    0xb, 0xff, 0xfd, 0x0, 0x0, 0x0, 0x0, 0x0,
    0x7, 0xff, 0xff, 0x20, 0x2f, 0xff, 0xf4, 0x0,
    0x0, 0x0, 0x0, 0x0, 0x0, 0xef, 0xff, 0x80,
    0x6f, 0xff, 0xe0, 0x0, 0x0, 0x0, 0x0, 0x0,
    0x0, 0x8f, 0xff, 0xd0, 0x9f, 0xff, 0xa0, 0x0,
    0x0, 0x0, 0x0, 0x0, 0x0, 0x3f, 0xff, 0xf0,
    0xbf, 0xff, 0x70, 0x0, 0x0, 0x0, 0x0, 0x0,
    0x0, 0x1f, 0xff, 0xf2, 0xcf, 0xff, 0x60, 0x0,
    0x0, 0x0, 0x0, 0x0, 0x0, 0xf, 0xff, 0xf3,
    0xcf, 0xff, 0x60, 0x0, 0x0, 0x0, 0x0, 0x0,
    0x0, 0xf, 0xff, 0xf3, 0xbf, 0xff, 0x80, 0x0,
    0x0, 0x0, 0x0, 0x0, 0x0, 0x1f, 0xff, 0xf2,
    0x9f, 0xff, 0xb0, 0x0, 0x0, 0x0, 0x0, 0x0,
    0x0, 0x4f, 0xff, 0xf0, 0x5f, 0xff, 0xf0, 0x0,
    0x0, 0x0, 0x0, 0x0, 0x0, 0x9f, 0xff, 0xc0,
    0x1f, 0xff, 0xf6, 0x0, 0x0, 0x0, 0x0, 0x0,
    0x1, 0xff, 0xff, 0x70, 0xa, 0xff, 0xfe, 0x10,
    0x0, 0x0, 0x0, 0x0, 0x9, 0xff, 0xff, 0x10,
    0x2, 0xff, 0xff, 0xb0, 0x0, 0x0, 0x0, 0x0,
    0x6f, 0xff, 0xf8, 0x0, 0x0, 0x7f, 0xff, 0xfd,
    0x30, 0x0, 0x0, 0x19, 0xff, 0xff, 0xd0, 0x0,
    0x0, 0xa, 0xff, 0xff, 0xfc, 0x97, 0x8b, 0xff,
    0xff, 0xfe, 0x20, 0x0, 0x0, 0x0, 0x9f, 0xff,
    0xff, 0xff, 0xff, 0xff, 0xff, 0xd2, 0x0, 0x0,
    0x0, 0x0, 0x4, 0xdf, 0xff, 0xff, 0xff, 0xff,
    0xf8, 0x0, 0x0, 0x0, 0x0, 0x0, 0x0, 0x4,
    0x9c, 0xff, 0xfd, 0xb6, 0x10, 0x0, 0x0, 0x0,

    /* U+0050 "P" */
    0xf, 0xff, 0xff, 0xff, 0xff, 0xff, 0xec, 0x82,
    0x0, 0x0, 0xf, 0xff, 0xff, 0xff, 0xff, 0xff,
    0xff, 0xff, 0x80, 0x0, 0xf, 0xff, 0xff, 0xff,
    0xff, 0xff, 0xff, 0xff, 0xfa, 0x0, 0xf, 0xff,
    0xf7, 0x55, 0x55, 0x56, 0x8e, 0xff, 0xff, 0x60,
    0xf, 0xff, 0xf2, 0x0, 0x0, 0x0, 0x0, 0xcf,
    0xff, 0xe0, 0xf, 0xff, 0xf2, 0x0, 0x0, 0x0,
    0x0, 0x2f, 0xff, 0xf3, 0xf, 0xff, 0xf2, 0x0,
    0x0, 0x0, 0x0, 0xd, 0xff, 0xf5, 0xf, 0xff,
    0xf2, 0x0, 0x0, 0x0, 0x0, 0xc, 0xff, 0xf6,
    0xf, 0xff, 0xf2, 0x0, 0x0, 0x0, 0x0, 0xd,
    0xff, 0xf5, 0xf, 0xff, 0xf2, 0x0, 0x0, 0x0,
    0x0, 0x2f, 0xff, 0xf2, 0xf, 0xff, 0xf2, 0x0,
    0x0, 0x0, 0x0, 0xcf, 0xff, 0xd0, 0xf, 0xff,
    0xf6, 0x55, 0x55, 0x55, 0x8e, 0xff, 0xff, 0x50,
    0xf, 0xff, 0xff, 0xff, 0xff, 0xff, 0xff, 0xff,
    0xfa, 0x0, 0xf, 0xff, 0xff, 0xff, 0xff, 0xff,
    0xff, 0xff, 0x80, 0x0, 0xf, 0xff, 0xff, 0xff,
    0xff, 0xff, 0xec, 0x82, 0x0, 0x0, 0xf, 0xff,
    0xf2, 0x0, 0x0, 0x0, 0x0, 0x0, 0x0, 0x0,
    0xf, 0xff, 0xf2, 0x0, 0x0, 0x0, 0x0, 0x0,
    0x0, 0x0, 0xf, 0xff, 0xf2, 0x0, 0x0, 0x0,
    0x0, 0x0, 0x0, 0x0, 0xf, 0xff, 0xf2, 0x0,
    0x0, 0x0, 0x0, 0x0, 0x0, 0x0, 0xf, 0xff,
    0xf2, 0x0, 0x0, 0x0, 0x0, 0x0, 0x0, 0x0,
    0xf, 0xff, 0xf2, 0x0, 0x0, 0x0, 0x0, 0x0,
    0x0, 0x0, 0xf, 0xff, 0xf2, 0x0, 0x0, 0x0,
    0x0, 0x0, 0x0, 0x0, 0xf, 0xff, 0xf2, 0x0,
    0x0, 0x0, 0x0, 0x0, 0x0, 0x0, 0xf, 0xff,
    0xf2, 0x0, 0x0, 0x0, 0x0, 0x0, 0x0, 0x0,

    /* U+0051 "Q" */
    0x0, 0x0, 0x0, 0x4, 0x9d, 0xff, 0xfe, 0xb7,
    0x10, 0x0, 0x0, 0x0, 0x0, 0x0, 0x0, 0x5e,
    0xff, 0xff, 0xff, 0xff, 0xff, 0x91, 0x0, 0x0,
    0x0, 0x0, 0x0, 0xaf, 0xff, 0xff, 0xff, 0xff,
    0xff, 0xff, 0xe3, 0x0, 0x0, 0x0, 0x0, 0xbf,
    0xff, 0xff, 0xc8, 0x78, 0xaf, 0xff, 0xff, 0xf3,
    0x0, 0x0, 0x0, 0x9f, 0xff, 0xfc, 0x20, 0x0,
    0x0, 0x8, 0xff, 0xff, 0xe1, 0x0, 0x0, 0x3f,
    0xff, 0xfa, 0x0, 0x0, 0x0, 0x0, 0x4, 0xff,
    0xff, 0xa0, 0x0, 0xb, 0xff, 0xfd, 0x0, 0x0,
    0x0, 0x0, 0x0, 0x7, 0xff, 0xff, 0x20, 0x2,
    0xff, 0xff, 0x40, 0x0, 0x0, 0x0, 0x0, 0x0,
    0xe, 0xff, 0xf8, 0x0, 0x6f, 0xff, 0xe0, 0x0,
    0x0, 0x0, 0x0, 0x0, 0x0, 0x8f, 0xff, 0xd0,
    0x9, 0xff, 0xfa, 0x0, 0x0, 0x0, 0x0, 0x0,
    0x0, 0x3, 0xff, 0xff, 0x0, 0xbf, 0xff, 0x70,
    0x0, 0x0, 0x0, 0x0, 0x0, 0x0, 0x1f, 0xff,
    0xf2, 0xc, 0xff, 0xf6, 0x0, 0x0, 0x0, 0x0,
    0x0, 0x0, 0x0, 0xff, 0xff, 0x30, 0xcf, 0xff,
    0x60, 0x0, 0x0, 0x0, 0x0, 0x0, 0x0, 0xf,
    0xff, 0xf3, 0xb, 0xff, 0xf8, 0x0, 0x0, 0x0,
    0x0, 0x0, 0x0, 0x1, 0xff, 0xff, 0x20, 0x9f,
    0xff, 0xa0, 0x0, 0x0, 0x0, 0x0, 0x0, 0x0,
    0x4f, 0xff, 0xf0, 0x6, 0xff, 0xfe, 0x0, 0x0,
    0x0, 0x0, 0x0, 0x0, 0x8, 0xff, 0xfb, 0x0,
    0x1f, 0xff, 0xf5, 0x0, 0x0, 0x0, 0x0, 0x0,
    0x0, 0xef, 0xff, 0x60, 0x0, 0xaf, 0xff, 0xd0,
    0x0, 0x0, 0x0, 0x0, 0x0, 0x7f, 0xff, 0xe0,
    0x0, 0x2, 0xff, 0xff, 0x90, 0x0, 0x0, 0x0,
    0x0, 0x4f, 0xff, 0xf5, 0x0, 0x0, 0x8, 0xff,
    0xff, 0xa1, 0x0, 0x0, 0x0, 0x6f, 0xff, 0xf8,
    0x0, 0x0, 0x0, 0xa, 0xff, 0xff, 0xfa, 0x65,
    0x68, 0xdf, 0xff, 0xfb, 0x44, 0x44, 0x10, 0x0,
    0x9, 0xff, 0xff, 0xff, 0xff, 0xff, 0xff, 0xff,
    0xff, 0xff, 0xf5, 0x0, 0x0, 0x4, 0xdf, 0xff,
    0xff, 0xff, 0xff, 0xff, 0xff, 0xff, 0xff, 0x50,
    0x0, 0x0, 0x0, 0x49, 0xce, 0xff, 0xff, 0xff,
    0xff, 0xff, 0xff, 0xf5,

    /* U+0052 "R" */
    0x1f, 0xff, 0xff, 0xff, 0xff, 0xff, 0xda, 0x40,
    0x0, 0x0, 0x1f, 0xff, 0xff, 0xff, 0xff, 0xff,
    0xff, 0xfc, 0x20, 0x0, 0x1f, 0xff, 0xff, 0xff,
    0xff, 0xff, 0xff, 0xff, 0xe2, 0x0, 0x1f, 0xff,
    0xf6, 0x55, 0x55, 0x57, 0xbf, 0xff, 0xfc, 0x0,
    0x1f, 0xff, 0xf0, 0x0, 0x0, 0x0, 0x4, 0xff,
    0xff, 0x40, 0x1f, 0xff, 0xf0, 0x0, 0x0, 0x0,
    0x0, 0x9f, 0xff, 0x80, 0x1f, 0xff, 0xf0, 0x0,
    0x0, 0x0, 0x0, 0x6f, 0xff, 0xa0, 0x1f, 0xff,
    0xf0, 0x0, 0x0, 0x0, 0x0, 0x6f, 0xff, 0xa0,
    0x1f, 0xff, 0xf0, 0x0, 0x0, 0x0, 0x0, 0x9f,
    0xff, 0x80, 0x1f, 0xff, 0xf0, 0x0, 0x0, 0x0,
    0x3, 0xff, 0xff, 0x40, 0x1f, 0xff, 0xf4, 0x33,
    0x33, 0x35, 0x9f, 0xff, 0xfc, 0x0, 0x1f, 0xff,
    0xff, 0xff, 0xff, 0xff, 0xff, 0xff, 0xe2, 0x0,
    0x1f, 0xff, 0xff, 0xff, 0xff, 0xff, 0xff, 0xfc,
    0x20, 0x0, 0x1f, 0xff, 0xff, 0xff, 0xff, 0xff,
    0xda, 0x40, 0x0, 0x0, 0x1f, 0xff, 0xf2, 0xef,
    0xff, 0xd1, 0x0, 0x0, 0x0, 0x0, 0x1f, 0xff,
    0xf0, 0x2f, 0xff, 0xfc, 0x0, 0x0, 0x0, 0x0,
    0x1f, 0xff, 0xf0, 0x4, 0xff, 0xff, 0xc0, 0x0,
    0x0, 0x0, 0x1f, 0xff, 0xf0, 0x0, 0x6f, 0xff,
    0xfb, 0x0, 0x0, 0x0, 0x1f, 0xff, 0xf0, 0x0,
    0x9, 0xff, 0xff, 0xa0, 0x0, 0x0, 0x1f, 0xff,
    0xf0, 0x0, 0x0, 0xbf, 0xff, 0xf9, 0x0, 0x0,
    0x1f, 0xff, 0xf0, 0x0, 0x0, 0x1d, 0xff, 0xff,
    0x80, 0x0, 0x1f, 0xff, 0xf0, 0x0, 0x0, 0x2,
    0xef, 0xff, 0xf7, 0x0, 0x1f, 0xff, 0xf0, 0x0,
    0x0, 0x0, 0x3f, 0xff, 0xff, 0x60, 0x1f, 0xff,
    0xf0, 0x0, 0x0, 0x0, 0x5, 0xff, 0xff, 0xf5,

    /* U+0053 "S" */
    0x0, 0x0, 0x0, 0x6a, 0xdf, 0xff, 0xd9, 0x40,
    0x0, 0x0, 0x0, 0x0, 0x5e, 0xff, 0xff, 0xff,
    0xff, 0xfc, 0x20, 0x0, 0x0, 0x6, 0xff, 0xff,
    0xff, 0xff, 0xff, 0xff, 0xe3, 0x0, 0x0, 0x2f,
    0xff, 0xfd, 0x74, 0x46, 0xaf, 0xff, 0xfd, 0x0,
    0x0, 0x9f, 0xff, 0xa0, 0x0, 0x0, 0x3, 0xff,
    0xff, 0x70, 0x0, 0xdf, 0xff, 0x20, 0x0, 0x0,
    0x0, 0x6f, 0xff, 0xc0, 0x0, 0xef, 0xff, 0x20,
    0x0, 0x0, 0x0, 0xf, 0xff, 0xf0, 0x0, 0xdf,
    0xff, 0x80, 0x0, 0x0, 0x0, 0x0, 0x0, 0x0,
    0x0, 0xaf, 0xff, 0xf9, 0x10, 0x0, 0x0, 0x0,
    0x0, 0x0, 0x0, 0x3f, 0xff, 0xff, 0xfb, 0x72,
    0x0, 0x0, 0x0, 0x0, 0x0, 0x7, 0xff, 0xff,
    0xff, 0xff, 0xd8, 0x30, 0x0, 0x0, 0x0, 0x0,
    0x6f, 0xff, 0xff, 0xff, 0xff, 0xfc, 0x30, 0x0,
    0x0, 0x0, 0x1, 0x8e, 0xff, 0xff, 0xff, 0xff,
    0xf8, 0x0, 0x0, 0x0, 0x0, 0x0, 0x38, 0xdf,
    0xff, 0xff, 0xff, 0x60, 0x0, 0x0, 0x0, 0x0,
    0x0, 0x2, 0x7d, 0xff, 0xff, 0xf0, 0x0, 0x0,
    0x0, 0x0, 0x0, 0x0, 0x0, 0x7f, 0xff, 0xf4,
    0xb, 0xcc, 0xc0, 0x0, 0x0, 0x0, 0x0, 0xc,
    0xff, 0xf7, 0xd, 0xff, 0xf4, 0x0, 0x0, 0x0,
    0x0, 0x9, 0xff, 0xf7, 0x8, 0xff, 0xfc, 0x0,
    0x0, 0x0, 0x0, 0xa, 0xff, 0xf5, 0x1, 0xff,
    0xff, 0xb1, 0x0, 0x0, 0x0, 0x4f, 0xff, 0xf1,
    0x0, 0x6f, 0xff, 0xff, 0xa6, 0x44, 0x6a, 0xff,
    0xff, 0xa0, 0x0, 0x8, 0xff, 0xff, 0xff, 0xff,
    0xff, 0xff, 0xfd, 0x10, 0x0, 0x0, 0x5e, 0xff,
    0xff, 0xff, 0xff, 0xff, 0xb1, 0x0, 0x0, 0x0,
    0x0, 0x59, 0xdf, 0xff, 0xec, 0x83, 0x0, 0x0,

    /* U+0054 "T" */
    0x1f, 0xff, 0xff, 0xff, 0xff, 0xff, 0xff, 0xff,
    0xff, 0xff, 0x51, 0xff, 0xff, 0xff, 0xff, 0xff,
    0xff, 0xff, 0xff, 0xff, 0xf5, 0x1f, 0xff, 0xff,
    0xff, 0xff, 0xff, 0xff, 0xff, 0xff, 0xff, 0x50,
    0x55, 0x55, 0x55, 0x5a, 0xff, 0xfc, 0x55, 0x55,
    0x55, 0x52, 0x0, 0x0, 0x0, 0x0, 0x7f, 0xff,
    0xb0, 0x0, 0x0, 0x0, 0x0, 0x0, 0x0, 0x0,
    0x7, 0xff, 0xfb, 0x0, 0x0, 0x0, 0x0, 0x0,
    0x0, 0x0, 0x0, 0x7f, 0xff, 0xb0, 0x0, 0x0,
    0x0, 0x0, 0x0, 0x0, 0x0, 0x7, 0xff, 0xfb,
    0x0, 0x0, 0x0, 0x0, 0x0, 0x0, 0x0, 0x0,
    0x7f, 0xff, 0xb0, 0x0, 0x0, 0x0, 0x0, 0x0,
    0x0, 0x0, 0x7, 0xff, 0xfb, 0x0, 0x0, 0x0,
    0x0, 0x0, 0x0, 0x0, 0x0, 0x7f, 0xff, 0xb0,
    0x0, 0x0, 0x0, 0x0, 0x0, 0x0, 0x0, 0x7,
    0xff, 0xfb, 0x0, 0x0, 0x0, 0x0, 0x0, 0x0,
    0x0, 0x0, 0x7f, 0xff, 0xb0, 0x0, 0x0, 0x0,
    0x0, 0x0, 0x0, 0x0, 0x7, 0xff, 0xfb, 0x0,
    0x0, 0x0, 0x0, 0x0, 0x0, 0x0, 0x0, 0x7f,
    0xff, 0xb0, 0x0, 0x0, 0x0, 0x0, 0x0, 0x0,
    0x0, 0x7, 0xff, 0xfb, 0x0, 0x0, 0x0, 0x0,
    0x0, 0x0, 0x0, 0x0, 0x7f, 0xff, 0xb0, 0x0,
    0x0, 0x0, 0x0, 0x0, 0x0, 0x0, 0x7, 0xff,
    0xfb, 0x0, 0x0, 0x0, 0x0, 0x0, 0x0, 0x0,
    0x0, 0x7f, 0xff, 0xb0, 0x0, 0x0, 0x0, 0x0,
    0x0, 0x0, 0x0, 0x7, 0xff, 0xfb, 0x0, 0x0,
    0x0, 0x0, 0x0, 0x0, 0x0, 0x0, 0x7f, 0xff,
    0xb0, 0x0, 0x0, 0x0, 0x0, 0x0, 0x0, 0x0,
    0x7, 0xff, 0xfb, 0x0, 0x0, 0x0, 0x0, 0x0,
    0x0, 0x0, 0x0, 0x7f, 0xff, 0xb0, 0x0, 0x0,
    0x0, 0x0, 0x0, 0x0, 0x0, 0x7, 0xff, 0xfb,
    0x0, 0x0, 0x0, 0x0,

    /* U+0055 "U" */
    0x3f, 0xff, 0xe0, 0x0, 0x0, 0x0, 0x0, 0x6,
    0xff, 0xfc, 0x3f, 0xff, 0xe0, 0x0, 0x0, 0x0,
    0x0, 0x6, 0xff, 0xfc, 0x3f, 0xff, 0xe0, 0x0,
    0x0, 0x0, 0x0, 0x6, 0xff, 0xfc, 0x3f, 0xff,
    0xe0, 0x0, 0x0, 0x0, 0x0, 0x6, 0xff, 0xfc,
    0x3f, 0xff, 0xe0, 0x0, 0x0, 0x0, 0x0, 0x6,
    0xff, 0xfc, 0x3f, 0xff, 0xe0, 0x0, 0x0, 0x0,
    0x0, 0x6, 0xff, 0xfc, 0x3f, 0xff, 0xe0, 0x0,
    0x0, 0x0, 0x0, 0x6, 0xff, 0xfc, 0x3f, 0xff,
    0xe0, 0x0, 0x0, 0x0, 0x0, 0x6, 0xff, 0xfc,
    0x3f, 0xff, 0xe0, 0x0, 0x0, 0x0, 0x0, 0x6,
    0xff, 0xfc, 0x3f, 0xff, 0xe0, 0x0, 0x0, 0x0,
    0x0, 0x6, 0xff, 0xfc, 0x3f, 0xff, 0xe0, 0x0,
    0x0, 0x0, 0x0, 0x6, 0xff, 0xfc, 0x3f, 0xff,
    0xe0, 0x0, 0x0, 0x0, 0x0, 0x6, 0xff, 0xfc,
    0x3f, 0xff, 0xe0, 0x0, 0x0, 0x0, 0x0, 0x6,
    0xff, 0xfc, 0x3f, 0xff, 0xe0, 0x0, 0x0, 0x0,
    0x0, 0x6, 0xff, 0xfc, 0x3f, 0xff, 0xe0, 0x0,
    0x0, 0x0, 0x0, 0x6, 0xff, 0xfb, 0x1f, 0xff,
    0xf0, 0x0, 0x0, 0x0, 0x0, 0x7, 0xff, 0xfa,
    0xf, 0xff, 0xf2, 0x0, 0x0, 0x0, 0x0, 0xa,
    0xff, 0xf8, 0xc, 0xff, 0xf7, 0x0, 0x0, 0x0,
    0x0, 0xe, 0xff, 0xf4, 0x7, 0xff, 0xfe, 0x10,
    0x0, 0x0, 0x0, 0x7f, 0xff, 0xf0, 0x1, 0xff,
    0xff, 0xd2, 0x0, 0x0, 0x6, 0xff, 0xff, 0x80,
    0x0, 0x6f, 0xff, 0xff, 0xb8, 0x79, 0xdf, 0xff,
    0xfe, 0x0, 0x0, 0x9, 0xff, 0xff, 0xff, 0xff,
    0xff, 0xff, 0xe3, 0x0, 0x0, 0x0, 0x7f, 0xff,
    0xff, 0xff, 0xff, 0xfc, 0x20, 0x0, 0x0, 0x0,
    0x1, 0x7b, 0xef, 0xff, 0xd9, 0x40, 0x0, 0x0,

    /* U+0056 "V" */
    0xe, 0xff, 0xf6, 0x0, 0x0, 0x0, 0x0, 0x0,
    0x0, 0xbf, 0xff, 0x60, 0x9f, 0xff, 0xb0, 0x0,
    0x0, 0x0, 0x0, 0x0, 0x1f, 0xff, 0xf1, 0x3,
    0xff, 0xff, 0x10, 0x0, 0x0, 0x0, 0x0, 0x6,
    0xff, 0xfa, 0x0, 0xd, 0xff, 0xf6, 0x0, 0x0,
    0x0, 0x0, 0x0, 0xbf, 0xff, 0x50, 0x0, 0x8f,
    0xff, 0xb0, 0x0, 0x0, 0x0, 0x0, 0x1f, 0xff,
    0xf0, 0x0, 0x2, 0xff, 0xff, 0x10, 0x0, 0x0,
    0x0, 0x6, 0xff, 0xfa, 0x0, 0x0, 0xc, 0xff,
    0xf6, 0x0, 0x0, 0x0, 0x0, 0xbf, 0xff, 0x40,
    0x0, 0x0, 0x7f, 0xff, 0xb0, 0x0, 0x0, 0x0,
    0x1f, 0xff, 0xe0, 0x0, 0x0, 0x1, 0xff, 0xff,
    0x10, 0x0, 0x0, 0x6, 0xff, 0xf9, 0x0, 0x0,
    0x0, 0xc, 0xff, 0xf6, 0x0, 0x0, 0x0, 0xbf,
    0xff, 0x30, 0x0, 0x0, 0x0, 0x6f, 0xff, 0xb0,
    0x0, 0x0, 0x1f, 0xff, 0xd0, 0x0, 0x0, 0x0,
    0x1, 0xff, 0xff, 0x10, 0x0, 0x6, 0xff, 0xf8,
    0x0, 0x0, 0x0, 0x0, 0xb, 0xff, 0xf6, 0x0,
    0x0, 0xbf, 0xff, 0x20, 0x0, 0x0, 0x0, 0x0,
    0x5f, 0xff, 0xb0, 0x0, 0x1f, 0xff, 0xc0, 0x0,
    0x0, 0x0, 0x0, 0x0, 0xff, 0xff, 0x10, 0x6,
    0xff, 0xf7, 0x0, 0x0, 0x0, 0x0, 0x0, 0xa,
    0xff, 0xf6, 0x0, 0xbf, 0xff, 0x10, 0x0, 0x0,
    0x0, 0x0, 0x0, 0x4f, 0xff, 0xb0, 0x1f, 0xff,
    0xc0, 0x0, 0x0, 0x0, 0x0, 0x0, 0x0, 0xef,
    0xff, 0x16, 0xff, 0xf6, 0x0, 0x0, 0x0, 0x0,
    0x0, 0x0, 0x9, 0xff, 0xf6, 0xbf, 0xff, 0x10,
    0x0, 0x0, 0x0, 0x0, 0x0, 0x0, 0x3f, 0xff,
    0xcf, 0xff, 0xb0, 0x0, 0x0, 0x0, 0x0, 0x0,
    0x0, 0x0, 0xdf, 0xff, 0xff, 0xf5, 0x0, 0x0,
    0x0, 0x0, 0x0, 0x0, 0x0, 0x8, 0xff, 0xff,
    0xff, 0x0, 0x0, 0x0, 0x0, 0x0, 0x0, 0x0,
    0x0, 0x2f, 0xff, 0xff, 0xa0, 0x0, 0x0, 0x0,
    0x0, 0x0, 0x0, 0x0, 0x0, 0xcf, 0xff, 0xf4,
    0x0, 0x0, 0x0, 0x0,

    /* U+0057 "W" */
    0x9f, 0xff, 0x90, 0x0, 0x0, 0x0, 0x0, 0xff,
    0xff, 0xf0, 0x0, 0x0, 0x0, 0x0, 0xaf, 0xff,
    0x65, 0xff, 0xfd, 0x0, 0x0, 0x0, 0x0, 0x3f,
    0xff, 0xff, 0x40, 0x0, 0x0, 0x0, 0xe, 0xff,
    0xf1, 0x1f, 0xff, 0xf1, 0x0, 0x0, 0x0, 0x7,
    0xff, 0xff, 0xf7, 0x0, 0x0, 0x0, 0x2, 0xff,
    0xfd, 0x0, 0xcf, 0xff, 0x50, 0x0, 0x0, 0x0,
    0xbf, 0xff, 0xff, 0xb0, 0x0, 0x0, 0x0, 0x6f,
    0xff, 0x90, 0x8, 0xff, 0xfa, 0x0, 0x0, 0x0,
    0xf, 0xff, 0xff, 0xff, 0x0, 0x0, 0x0, 0xa,
    0xff, 0xf4, 0x0, 0x3f, 0xff, 0xe0, 0x0, 0x0,
    0x3, 0xff, 0xf8, 0xff, 0xf3, 0x0, 0x0, 0x0,
    0xef, 0xff, 0x0, 0x0, 0xff, 0xff, 0x20, 0x0,
    0x0, 0x6f, 0xfe, 0x1f, 0xff, 0x60, 0x0, 0x0,
    0x2f, 0xff, 0xb0, 0x0, 0xa, 0xff, 0xf6, 0x0,
    0x0, 0xa, 0xff, 0xa0, 0xdf, 0xfa, 0x0, 0x0,
    0x6, 0xff, 0xf7, 0x0, 0x0, 0x6f, 0xff, 0xa0,
    0x0, 0x0, 0xef, 0xf7, 0x9, 0xff, 0xe0, 0x0,
    0x0, 0xaf, 0xff, 0x20, 0x0, 0x2, 0xff, 0xfe,
    0x0, 0x0, 0x2f, 0xff, 0x30, 0x5f, 0xff, 0x20,
    0x0, 0xe, 0xff, 0xe0, 0x0, 0x0, 0xd, 0xff,
    0xf2, 0x0, 0x6, 0xff, 0xe0, 0x1, 0xff, 0xf5,
    0x0, 0x2, 0xff, 0xfa, 0x0, 0x0, 0x0, 0x9f,
    0xff, 0x60, 0x0, 0x9f, 0xfb, 0x0, 0xe, 0xff,
    0x90, 0x0, 0x7f, 0xff, 0x50, 0x0, 0x0, 0x4,
    0xff, 0xfa, 0x0, 0xd, 0xff, 0x70, 0x0, 0xaf,
    0xfd, 0x0, 0xb, 0xff, 0xf1, 0x0, 0x0, 0x0,
    0xf, 0xff, 0xe0, 0x1, 0xff, 0xf3, 0x0, 0x6,
    0xff, 0xf1, 0x0, 0xef, 0xfc, 0x0, 0x0, 0x0,
    0x0, 0xbf, 0xff, 0x20, 0x5f, 0xff, 0x0, 0x0,
    0x2f, 0xff, 0x40, 0x3f, 0xff, 0x80, 0x0, 0x0,
    0x0, 0x7, 0xff, 0xf7, 0x9, 0xff, 0xb0, 0x0,
    0x0, 0xef, 0xf8, 0x7, 0xff, 0xf4, 0x0, 0x0,
    0x0, 0x0, 0x3f, 0xff, 0xb0, 0xcf, 0xf7, 0x0,
    0x0, 0xa, 0xff, 0xc0, 0xbf, 0xff, 0x0, 0x0,
    0x0, 0x0, 0x0, 0xef, 0xfe, 0x1f, 0xff, 0x30,
    0x0, 0x0, 0x6f, 0xff, 0xf, 0xff, 0xb0, 0x0,
    0x0, 0x0, 0x0, 0xa, 0xff, 0xf7, 0xff, 0xf0,
    0x0, 0x0, 0x2, 0xff, 0xf7, 0xff, 0xf6, 0x0,
    0x0, 0x0, 0x0, 0x0, 0x5f, 0xff, 0xef, 0xfb,
    0x0, 0x0, 0x0, 0xe, 0xff, 0xef, 0xff, 0x20,
    0x0, 0x0, 0x0, 0x0, 0x1, 0xff, 0xff, 0xff,
    0x70, 0x0, 0x0, 0x0, 0xbf, 0xff, 0xff, 0xd0,
    0x0, 0x0, 0x0, 0x0, 0x0, 0xd, 0xff, 0xff,
    0xf3, 0x0, 0x0, 0x0, 0x7, 0xff, 0xff, 0xf9,
    0x0, 0x0, 0x0, 0x0, 0x0, 0x0, 0x8f, 0xff,
    0xff, 0x0, 0x0, 0x0, 0x0, 0x3f, 0xff, 0xff,
    0x50, 0x0, 0x0, 0x0, 0x0, 0x0, 0x4, 0xff,
    0xff, 0xb0, 0x0, 0x0, 0x0, 0x0, 0xff, 0xff,
    0xf0, 0x0, 0x0, 0x0,

    /* U+0058 "X" */
    0x4, 0xff, 0xff, 0x90, 0x0, 0x0, 0x0, 0x0,
    0x1e, 0xff, 0xf6, 0x0, 0x9f, 0xff, 0xf3, 0x0,
    0x0, 0x0, 0x0, 0xaf, 0xff, 0xb0, 0x0, 0xe,
    0xff, 0xfd, 0x0, 0x0, 0x0, 0x4, 0xff, 0xfe,
    0x10, 0x0, 0x4, 0xff, 0xff, 0x70, 0x0, 0x0,
    0xe, 0xff, 0xf5, 0x0, 0x0, 0x0, 0xaf, 0xff,
    0xf1, 0x0, 0x0, 0x9f, 0xff, 0xa0, 0x0, 0x0,
    0x0, 0x1e, 0xff, 0xfb, 0x0, 0x3, 0xff, 0xfe,
    0x10, 0x0, 0x0, 0x0, 0x5, 0xff, 0xff, 0x50,
    0xd, 0xff, 0xf4, 0x0, 0x0, 0x0, 0x0, 0x0,
    0xaf, 0xff, 0xe0, 0x8f, 0xff, 0x90, 0x0, 0x0,
    0x0, 0x0, 0x0, 0x1e, 0xff, 0xfb, 0xff, 0xfd,
    0x0, 0x0, 0x0, 0x0, 0x0, 0x0, 0x5, 0xff,
    0xff, 0xff, 0xf3, 0x0, 0x0, 0x0, 0x0, 0x0,
    0x0, 0x0, 0xaf, 0xff, 0xff, 0x80, 0x0, 0x0,
    0x0, 0x0, 0x0, 0x0, 0x0, 0x1f, 0xff, 0xfd,
    0x0, 0x0, 0x0, 0x0, 0x0, 0x0, 0x0, 0x0,
    0x4f, 0xff, 0xff, 0x30, 0x0, 0x0, 0x0, 0x0,
    0x0, 0x0, 0x0, 0xef, 0xff, 0xff, 0xc0, 0x0,
    0x0, 0x0, 0x0, 0x0, 0x0, 0xa, 0xff, 0xff,
    0xff, 0xf7, 0x0, 0x0, 0x0, 0x0, 0x0, 0x0,
    0x5f, 0xff, 0xc7, 0xff, 0xff, 0x20, 0x0, 0x0,
    0x0, 0x0, 0x1, 0xef, 0xff, 0x20, 0xdf, 0xff,
    0xc0, 0x0, 0x0, 0x0, 0x0, 0xb, 0xff, 0xf7,
    0x0, 0x3f, 0xff, 0xf7, 0x0, 0x0, 0x0, 0x0,
    0x6f, 0xff, 0xc0, 0x0, 0x9, 0xff, 0xff, 0x20,
    0x0, 0x0, 0x2, 0xff, 0xff, 0x30, 0x0, 0x0,
    0xef, 0xff, 0xc0, 0x0, 0x0, 0xc, 0xff, 0xf8,
    0x0, 0x0, 0x0, 0x5f, 0xff, 0xf7, 0x0, 0x0,
    0x7f, 0xff, 0xd0, 0x0, 0x0, 0x0, 0xa, 0xff,
    0xff, 0x20, 0x2, 0xff, 0xff, 0x30, 0x0, 0x0,
    0x0, 0x1, 0xff, 0xff, 0xc0, 0xc, 0xff, 0xf9,
    0x0, 0x0, 0x0, 0x0, 0x0, 0x6f, 0xff, 0xf7,

    /* U+0059 "Y" */
    0x3f, 0xff, 0xfc, 0x0, 0x0, 0x0, 0x0, 0x0,
    0xe, 0xff, 0xf9, 0x9, 0xff, 0xff, 0x50, 0x0,
    0x0, 0x0, 0x0, 0x8f, 0xff, 0xe1, 0x0, 0xef,
    0xff, 0xe0, 0x0, 0x0, 0x0, 0x2, 0xff, 0xff,
    0x50, 0x0, 0x5f, 0xff, 0xf8, 0x0, 0x0, 0x0,
    0xa, 0xff, 0xfb, 0x0, 0x0, 0xb, 0xff, 0xff,
    0x10, 0x0, 0x0, 0x4f, 0xff, 0xf2, 0x0, 0x0,
    0x2, 0xff, 0xff, 0xa0, 0x0, 0x0, 0xdf, 0xff,
    0x80, 0x0, 0x0, 0x0, 0x7f, 0xff, 0xf3, 0x0,
    0x6, 0xff, 0xfd, 0x0, 0x0, 0x0, 0x0, 0xd,
    0xff, 0xfc, 0x0, 0xe, 0xff, 0xf4, 0x0, 0x0,
    0x0, 0x0, 0x3, 0xff, 0xff, 0x50, 0x8f, 0xff,
    0xa0, 0x0, 0x0, 0x0, 0x0, 0x0, 0x9f, 0xff,
    0xe2, 0xff, 0xfe, 0x10, 0x0, 0x0, 0x0, 0x0,
    0x0, 0x1e, 0xff, 0xff, 0xff, 0xf6, 0x0, 0x0,
    0x0, 0x0, 0x0, 0x0, 0x5, 0xff, 0xff, 0xff,
    0xc0, 0x0, 0x0, 0x0, 0x0, 0x0, 0x0, 0x0,
    0xbf, 0xff, 0xff, 0x20, 0x0, 0x0, 0x0, 0x0,
    0x0, 0x0, 0x0, 0x2f, 0xff, 0xf8, 0x0, 0x0,
    0x0, 0x0, 0x0, 0x0, 0x0, 0x0, 0xe, 0xff,
    0xf4, 0x0, 0x0, 0x0, 0x0, 0x0, 0x0, 0x0,
    0x0, 0xe, 0xff, 0xf4, 0x0, 0x0, 0x0, 0x0,
    0x0, 0x0, 0x0, 0x0, 0xe, 0xff, 0xf4, 0x0,
    0x0, 0x0, 0x0, 0x0, 0x0, 0x0, 0x0, 0xe,
    0xff, 0xf4, 0x0, 0x0, 0x0, 0x0, 0x0, 0x0,
    0x0, 0x0, 0xe, 0xff, 0xf4, 0x0, 0x0, 0x0,
    0x0, 0x0, 0x0, 0x0, 0x0, 0xe, 0xff, 0xf4,
    0x0, 0x0, 0x0, 0x0, 0x0, 0x0, 0x0, 0x0,
    0xe, 0xff, 0xf4, 0x0, 0x0, 0x0, 0x0, 0x0,
    0x0, 0x0, 0x0, 0xe, 0xff, 0xf4, 0x0, 0x0,
    0x0, 0x0, 0x0, 0x0, 0x0, 0x0, 0xe, 0xff,
    0xf4, 0x0, 0x0, 0x0, 0x0, 0x0, 0x0, 0x0,
    0x0, 0xe, 0xff, 0xf4, 0x0, 0x0, 0x0, 0x0,

    /* U+005A "Z" */
    0x1f, 0xff, 0xff, 0xff, 0xff, 0xff, 0xff, 0xff,
    0xfa, 0x1f, 0xff, 0xff, 0xff, 0xff, 0xff, 0xff,
    0xff, 0xfa, 0x1f, 0xff, 0xff, 0xff, 0xff, 0xff,
    0xff, 0xff, 0xfa, 0x5, 0x55, 0x55, 0x55, 0x55,
    0x55, 0xef, 0xff, 0xf4, 0x0, 0x0, 0x0, 0x0,
    0x0, 0x6, 0xff, 0xff, 0x90, 0x0, 0x0, 0x0,
    0x0, 0x0, 0x2f, 0xff, 0xfe, 0x0, 0x0, 0x0,
    0x0, 0x0, 0x0, 0xbf, 0xff, 0xf4, 0x0, 0x0,
    0x0, 0x0, 0x0, 0x6, 0xff, 0xff, 0x90, 0x0,
    0x0, 0x0, 0x0, 0x0, 0x2f, 0xff, 0xfe, 0x0,
    0x0, 0x0, 0x0, 0x0, 0x0, 0xcf, 0xff, 0xf4,
    0x0, 0x0, 0x0, 0x0, 0x0, 0x6, 0xff, 0xff,
    0x90, 0x0, 0x0, 0x0, 0x0, 0x0, 0x2f, 0xff,
    0xfe, 0x0, 0x0, 0x0, 0x0, 0x0, 0x0, 0xcf,
    0xff, 0xf4, 0x0, 0x0, 0x0, 0x0, 0x0, 0x7,
    0xff, 0xff, 0x90, 0x0, 0x0, 0x0, 0x0, 0x0,
    0x2f, 0xff, 0xfe, 0x0, 0x0, 0x0, 0x0, 0x0,
    0x0, 0xcf, 0xff, 0xf4, 0x0, 0x0, 0x0, 0x0,
    0x0, 0x7, 0xff, 0xff, 0x90, 0x0, 0x0, 0x0,
    0x0, 0x0, 0x2f, 0xff, 0xfe, 0x0, 0x0, 0x0,
    0x0, 0x0, 0x0, 0xcf, 0xff, 0xf4, 0x0, 0x0,
    0x0, 0x0, 0x0, 0x7, 0xff, 0xff, 0x90, 0x0,
    0x0, 0x0, 0x0, 0x0, 0x2f, 0xff, 0xff, 0x66,
    0x66, 0x66, 0x66, 0x66, 0x65, 0x8f, 0xff, 0xff,
    0xff, 0xff, 0xff, 0xff, 0xff, 0xfd, 0x8f, 0xff,
    0xff, 0xff, 0xff, 0xff, 0xff, 0xff, 0xfd, 0x8f,
    0xff, 0xff, 0xff, 0xff, 0xff, 0xff, 0xff, 0xfd,

    /* U+005B "[" */
    0x5f, 0xff, 0xff, 0xff, 0xff, 0x55, 0xff, 0xff,
    0xff, 0xff, 0xf5, 0x5f, 0xff, 0xff, 0xff, 0xff,
    0x55, 0xff, 0xfa, 0x44, 0x44, 0x41, 0x5f, 0xff,
    0x80, 0x0, 0x0, 0x5, 0xff, 0xf8, 0x0, 0x0,
    0x0, 0x5f, 0xff, 0x80, 0x0, 0x0, 0x5, 0xff,
    0xf8, 0x0, 0x0, 0x0, 0x5f, 0xff, 0x80, 0x0,
    0x0, 0x5, 0xff, 0xf8, 0x0, 0x0, 0x0, 0x5f,
    0xff, 0x80, 0x0, 0x0, 0x5, 0xff, 0xf8, 0x0,
    0x0, 0x0, 0x5f, 0xff, 0x80, 0x0, 0x0, 0x5,
    0xff, 0xf8, 0x0, 0x0, 0x0, 0x5f, 0xff, 0x80,
    0x0, 0x0, 0x5, 0xff, 0xf8, 0x0, 0x0, 0x0,
    0x5f, 0xff, 0x80, 0x0, 0x0, 0x5, 0xff, 0xf8,
    0x0, 0x0, 0x0, 0x5f, 0xff, 0x80, 0x0, 0x0,
    0x5, 0xff, 0xf8, 0x0, 0x0, 0x0, 0x5f, 0xff,
    0x80, 0x0, 0x0, 0x5, 0xff, 0xf8, 0x0, 0x0,
    0x0, 0x5f, 0xff, 0x80, 0x0, 0x0, 0x5, 0xff,
    0xf8, 0x0, 0x0, 0x0, 0x5f, 0xff, 0xa4, 0x44,
    0x44, 0x15, 0xff, 0xff, 0xff, 0xff, 0xf5, 0x5f,
    0xff, 0xff, 0xff, 0xff, 0x55, 0xff, 0xff, 0xff,
    0xff, 0xf5,

    /* U+005C "\\" */
    0x58, 0x86, 0x0, 0x0, 0x0, 0x0, 0x8, 0xff,
    0xf0, 0x0, 0x0, 0x0, 0x0, 0x3f, 0xff, 0x50,
    0x0, 0x0, 0x0, 0x0, 0xef, 0xf9, 0x0, 0x0,
    0x0, 0x0, 0x9, 0xff, 0xe0, 0x0, 0x0, 0x0,
    0x0, 0x4f, 0xff, 0x30, 0x0, 0x0, 0x0, 0x0,
    0xff, 0xf8, 0x0, 0x0, 0x0, 0x0, 0xb, 0xff,
    0xd0, 0x0, 0x0, 0x0, 0x0, 0x6f, 0xff, 0x20,
    0x0, 0x0, 0x0, 0x1, 0xff, 0xf7, 0x0, 0x0,
    0x0, 0x0, 0xc, 0xff, 0xb0, 0x0, 0x0, 0x0,
    0x0, 0x7f, 0xff, 0x10, 0x0, 0x0, 0x0, 0x2,
    0xff, 0xf5, 0x0, 0x0, 0x0, 0x0, 0xd, 0xff,
    0xa0, 0x0, 0x0, 0x0, 0x0, 0x9f, 0xff, 0x0,
    0x0, 0x0, 0x0, 0x4, 0xff, 0xf4, 0x0, 0x0,
    0x0, 0x0, 0xf, 0xff, 0x90, 0x0, 0x0, 0x0,
    0x0, 0xaf, 0xfd, 0x0, 0x0, 0x0, 0x0, 0x5,
    0xff, 0xf2, 0x0, 0x0, 0x0, 0x0, 0x1f, 0xff,
    0x70, 0x0, 0x0, 0x0, 0x0, 0xbf, 0xfc, 0x0,
    0x0, 0x0, 0x0, 0x7, 0xff, 0xf1, 0x0, 0x0,
    0x0, 0x0, 0x2f, 0xff, 0x60, 0x0, 0x0, 0x0,
    0x0, 0xdf, 0xfb, 0x0, 0x0, 0x0, 0x0, 0x8,
    0xff, 0xf0, 0x0, 0x0, 0x0, 0x0, 0x3f, 0xff,
    0x40, 0x0, 0x0, 0x0, 0x0, 0xef, 0xf9, 0x0,
    0x0, 0x0, 0x0, 0x9, 0xff, 0xe0,

    /* U+005D "]" */
    0x4f, 0xff, 0xff, 0xff, 0xff, 0x64, 0xff, 0xff,
    0xff, 0xff, 0xf6, 0x4f, 0xff, 0xff, 0xff, 0xff,
    0x61, 0x44, 0x44, 0x49, 0xff, 0xf6, 0x0, 0x0,
    0x0, 0x6f, 0xff, 0x60, 0x0, 0x0, 0x6, 0xff,
    0xf6, 0x0, 0x0, 0x0, 0x6f, 0xff, 0x60, 0x0,
    0x0, 0x6, 0xff, 0xf6, 0x0, 0x0, 0x0, 0x6f,
    0xff, 0x60, 0x0, 0x0, 0x6, 0xff, 0xf6, 0x0,
    0x0, 0x0, 0x6f, 0xff, 0x60, 0x0, 0x0, 0x6,
    0xff, 0xf6, 0x0, 0x0, 0x0, 0x6f, 0xff, 0x60,
    0x0, 0x0, 0x6, 0xff, 0xf6, 0x0, 0x0, 0x0,
    0x6f, 0xff, 0x60, 0x0, 0x0, 0x6, 0xff, 0xf6,
    0x0, 0x0, 0x0, 0x6f, 0xff, 0x60, 0x0, 0x0,
    0x6, 0xff, 0xf6, 0x0, 0x0, 0x0, 0x6f, 0xff,
    0x60, 0x0, 0x0, 0x6, 0xff, 0xf6, 0x0, 0x0,
    0x0, 0x6f, 0xff, 0x60, 0x0, 0x0, 0x6, 0xff,
    0xf6, 0x0, 0x0, 0x0, 0x6f, 0xff, 0x60, 0x0,
    0x0, 0x6, 0xff, 0xf6, 0x14, 0x44, 0x44, 0x9f,
    0xff, 0x64, 0xff, 0xff, 0xff, 0xff, 0xf6, 0x4f,
    0xff, 0xff, 0xff, 0xff, 0x64, 0xff, 0xff, 0xff,
    0xff, 0xf6,

    /* U+005E "^" */
    0x0, 0x0, 0x4f, 0xff, 0xb0, 0x0, 0x0, 0x0,
    0x0, 0xdf, 0xff, 0xf5, 0x0, 0x0, 0x0, 0x8,
    0xff, 0xff, 0xfe, 0x0, 0x0, 0x0, 0x2f, 0xff,
    0x3c, 0xff, 0x90, 0x0, 0x0, 0xbf, 0xf8, 0x2,
    0xff, 0xf3, 0x0, 0x5, 0xff, 0xd0, 0x0, 0x6f,
    0xfc, 0x0, 0x1e, 0xff, 0x30, 0x0, 0xc, 0xff,
    0x60, 0x9f, 0xf8, 0x0, 0x0, 0x2, 0xff, 0xe1,

    /* U+005F "_" */
    0x22, 0x22, 0x22, 0x22, 0x22, 0x22, 0x22, 0x2f,
    0xff, 0xff, 0xff, 0xff, 0xff, 0xff, 0xfe, 0xff,
    0xff, 0xff, 0xff, 0xff, 0xff, 0xff, 0xef, 0xff,
    0xff, 0xff, 0xff, 0xff, 0xff, 0xfe,

    /* U+0060 "`" */
    0x2, 0x22, 0x22, 0x10, 0x0, 0x7, 0xff, 0xff,
    0xd0, 0x0, 0x0, 0x6f, 0xff, 0xf8, 0x0, 0x0,
    0x6, 0xff, 0xff, 0x20, 0x0, 0x0, 0x6f, 0xff,
    0xc0, 0x0, 0x0, 0x6, 0xff, 0xf7,

    /* U+0061 "a" */
    0x0, 0x0, 0x6b, 0xef, 0xfe, 0xb7, 0x0, 0x0,
    0x0, 0x3e, 0xff, 0xff, 0xff, 0xff, 0xe3, 0x0,
    0x3, 0xff, 0xff, 0xff, 0xff, 0xff, 0xfe, 0x10,
    0xc, 0xff, 0xfc, 0x42, 0x26, 0xff, 0xff, 0x70,
    0x1f, 0xff, 0xd0, 0x0, 0x0, 0x6f, 0xff, 0xc0,
    0x2, 0x22, 0x10, 0x0, 0x0, 0x2f, 0xff, 0xe0,
    0x0, 0x0, 0x0, 0x0, 0x24, 0x8f, 0xff, 0xe0,
    0x0, 0x1, 0x6a, 0xdf, 0xff, 0xff, 0xff, 0xe0,
    0x0, 0x7f, 0xff, 0xff, 0xff, 0xff, 0xff, 0xe0,
    0xa, 0xff, 0xff, 0xb8, 0x63, 0x3f, 0xff, 0xe0,
    0x5f, 0xff, 0xd1, 0x0, 0x0, 0x2f, 0xff, 0xe0,
    0xaf, 0xff, 0x60, 0x0, 0x0, 0x4f, 0xff, 0xe0,
    0xbf, 0xff, 0x60, 0x0, 0x0, 0xbf, 0xff, 0xe0,
    0x9f, 0xff, 0xe6, 0x23, 0x6d, 0xff, 0xff, 0xe0,
    0x4f, 0xff, 0xff, 0xff, 0xff, 0xcf, 0xff, 0xf0,
    0x8, 0xff, 0xff, 0xff, 0xfd, 0x1e, 0xff, 0xf0,
    0x0, 0x4b, 0xef, 0xfc, 0x70, 0xc, 0xff, 0xf3,

    /* U+0062 "b" */
    0xdf, 0xff, 0x20, 0x0, 0x0, 0x0, 0x0, 0x0,
    0xd, 0xff, 0xf2, 0x0, 0x0, 0x0, 0x0, 0x0,
    0x0, 0xdf, 0xff, 0x20, 0x0, 0x0, 0x0, 0x0,
    0x0, 0xd, 0xff, 0xf2, 0x0, 0x0, 0x0, 0x0,
    0x0, 0x0, 0xdf, 0xff, 0x20, 0x0, 0x0, 0x0,
    0x0, 0x0, 0xd, 0xff, 0xf2, 0x0, 0x0, 0x0,
    0x0, 0x0, 0x0, 0xdf, 0xff, 0x20, 0x0, 0x0,
    0x0, 0x0, 0x0, 0xd, 0xff, 0xf2, 0x4, 0xbe,
    0xff, 0xc7, 0x0, 0x0, 0xdf, 0xff, 0x3a, 0xff,
    0xff, 0xff, 0xfe, 0x30, 0xd, 0xff, 0xfa, 0xff,
    0xff, 0xff, 0xff, 0xff, 0x20, 0xdf, 0xff, 0xff,
    0xc7, 0x68, 0xdf, 0xff, 0xfc, 0xd, 0xff, 0xff,
    0x80, 0x0, 0x0, 0xaf, 0xff, 0xf3, 0xdf, 0xff,
    0xc0, 0x0, 0x0, 0x0, 0xef, 0xff, 0x8d, 0xff,
    0xf5, 0x0, 0x0, 0x0, 0x9, 0xff, 0xfb, 0xdf,
    0xff, 0x20, 0x0, 0x0, 0x0, 0x5f, 0xff, 0xdd,
    0xff, 0xf1, 0x0, 0x0, 0x0, 0x5, 0xff, 0xfe,
    0xdf, 0xff, 0x20, 0x0, 0x0, 0x0, 0x6f, 0xff,
    0xdd, 0xff, 0xf5, 0x0, 0x0, 0x0, 0x9, 0xff,
    0xfb, 0xdf, 0xff, 0xc0, 0x0, 0x0, 0x0, 0xef,
    0xff, 0x8d, 0xff, 0xff, 0x80, 0x0, 0x0, 0xbf,
    0xff, 0xf2, 0xdf, 0xff, 0xff, 0xd8, 0x68, 0xef,
    0xff, 0xfa, 0xd, 0xff, 0xfa, 0xff, 0xff, 0xff,
    0xff, 0xfe, 0x10, 0xdf, 0xff, 0x1c, 0xff, 0xff,
    0xff, 0xfd, 0x20, 0xd, 0xff, 0xf1, 0x6, 0xcf,
    0xfe, 0xb6, 0x0, 0x0,

    /* U+0063 "c" */
    0x0, 0x0, 0x3, 0x9d, 0xff, 0xeb, 0x60, 0x0,
    0x0, 0x0, 0xa, 0xff, 0xff, 0xff, 0xff, 0xd3,
    0x0, 0x0, 0x1d, 0xff, 0xff, 0xff, 0xff, 0xff,
    0xf3, 0x0, 0xa, 0xff, 0xff, 0xb6, 0x57, 0xef,
    0xff, 0xe0, 0x4, 0xff, 0xff, 0x60, 0x0, 0x0,
    0xcf, 0xff, 0x70, 0xaf, 0xff, 0xb0, 0x0, 0x0,
    0x3, 0xff, 0xfc, 0xf, 0xff, 0xf5, 0x0, 0x0,
    0x0, 0x1, 0x11, 0x1, 0xff, 0xff, 0x20, 0x0,
    0x0, 0x0, 0x0, 0x0, 0x2f, 0xff, 0xf1, 0x0,
    0x0, 0x0, 0x0, 0x0, 0x1, 0xff, 0xff, 0x20,
    0x0, 0x0, 0x0, 0x0, 0x0, 0xe, 0xff, 0xf5,
    0x0, 0x0, 0x0, 0x0, 0x0, 0x0, 0xaf, 0xff,
    0xb0, 0x0, 0x0, 0x2, 0xff, 0xfc, 0x3, 0xff,
    0xff, 0x60, 0x0, 0x0, 0xcf, 0xff, 0x70, 0xa,
    0xff, 0xff, 0xb6, 0x57, 0xef, 0xff, 0xe0, 0x0,
    0xc, 0xff, 0xff, 0xff, 0xff, 0xff, 0xf3, 0x0,
    0x0, 0xa, 0xff, 0xff, 0xff, 0xff, 0xd3, 0x0,
    0x0, 0x0, 0x3, 0x9d, 0xff, 0xeb, 0x60, 0x0,
    0x0,

    /* U+0064 "d" */
    0x0, 0x0, 0x0, 0x0, 0x0, 0x0, 0x5, 0xff,
    0xfb, 0x0, 0x0, 0x0, 0x0, 0x0, 0x0, 0x5,
    0xff, 0xfb, 0x0, 0x0, 0x0, 0x0, 0x0, 0x0,
    0x5, 0xff, 0xfb, 0x0, 0x0, 0x0, 0x0, 0x0,
    0x0, 0x5, 0xff, 0xfb, 0x0, 0x0, 0x0, 0x0,
    0x0, 0x0, 0x5, 0xff, 0xfb, 0x0, 0x0, 0x0,
    0x0, 0x0, 0x0, 0x5, 0xff, 0xfb, 0x0, 0x0,
    0x0, 0x0, 0x0, 0x0, 0x5, 0xff, 0xfb, 0x0,
    0x0, 0x7, 0xcf, 0xfe, 0xb5, 0x5, 0xff, 0xfb,
    0x0, 0x3, 0xef, 0xff, 0xff, 0xff, 0xa5, 0xff,
    0xfb, 0x0, 0x2f, 0xff, 0xff, 0xff, 0xff, 0xfc,
    0xff, 0xfb, 0x0, 0xcf, 0xff, 0xfd, 0x86, 0x8e,
    0xff, 0xff, 0xfb, 0x4, 0xff, 0xff, 0x90, 0x0,
    0x0, 0xaf, 0xff, 0xfb, 0xa, 0xff, 0xfd, 0x0,
    0x0, 0x0, 0xd, 0xff, 0xfb, 0xd, 0xff, 0xf6,
    0x0, 0x0, 0x0, 0x7, 0xff, 0xfb, 0xf, 0xff,
    0xf3, 0x0, 0x0, 0x0, 0x4, 0xff, 0xfb, 0xf,
    0xff, 0xf2, 0x0, 0x0, 0x0, 0x3, 0xff, 0xfb,
    0xf, 0xff, 0xf3, 0x0, 0x0, 0x0, 0x4, 0xff,
    0xfb, 0xe, 0xff, 0xf6, 0x0, 0x0, 0x0, 0x7,
    0xff, 0xfb, 0xa, 0xff, 0xfc, 0x0, 0x0, 0x0,
    0xd, 0xff, 0xfb, 0x5, 0xff, 0xff, 0x80, 0x0,
    0x0, 0xaf, 0xff, 0xfb, 0x0, 0xdf, 0xff, 0xfd,
    0x76, 0x7d, 0xff, 0xff, 0xfb, 0x0, 0x3f, 0xff,
    0xff, 0xff, 0xff, 0xfa, 0xff, 0xfb, 0x0, 0x4,
    0xef, 0xff, 0xff, 0xff, 0x93, 0xff, 0xfb, 0x0,
    0x0, 0x18, 0xcf, 0xfe, 0xa4, 0x3, 0xff, 0xfb,

    /* U+0065 "e" */
    0x0, 0x0, 0x3, 0x9d, 0xff, 0xec, 0x71, 0x0,
    0x0, 0x0, 0x1, 0xaf, 0xff, 0xff, 0xff, 0xff,
    0x50, 0x0, 0x0, 0x1d, 0xff, 0xff, 0xff, 0xff,
    0xff, 0xf6, 0x0, 0x0, 0xbf, 0xff, 0xf7, 0x32,
    0x4a, 0xff, 0xff, 0x20, 0x4, 0xff, 0xff, 0x20,
    0x0, 0x0, 0x8f, 0xff, 0xa0, 0xb, 0xff, 0xf7,
    0x0, 0x0, 0x0, 0xf, 0xff, 0xf0, 0xf, 0xff,
    0xf2, 0x0, 0x0, 0x0, 0xc, 0xff, 0xf4, 0x1f,
    0xff, 0xff, 0xff, 0xff, 0xff, 0xff, 0xff, 0xf5,
    0x2f, 0xff, 0xff, 0xff, 0xff, 0xff, 0xff, 0xff,
    0xf6, 0x1f, 0xff, 0xfe, 0xee, 0xee, 0xee, 0xee,
    0xee, 0xe4, 0xf, 0xff, 0xf1, 0x0, 0x0, 0x0,
    0x0, 0x0, 0x0, 0xa, 0xff, 0xf7, 0x0, 0x0,
    0x0, 0x0, 0x0, 0x0, 0x4, 0xff, 0xff, 0x20,
    0x0, 0x0, 0x2e, 0xff, 0xb0, 0x0, 0xaf, 0xff,
    0xf7, 0x31, 0x37, 0xff, 0xff, 0x40, 0x0, 0xc,
    0xff, 0xff, 0xff, 0xff, 0xff, 0xf8, 0x0, 0x0,
    0x0, 0xaf, 0xff, 0xff, 0xff, 0xff, 0x70, 0x0,
    0x0, 0x0, 0x3, 0x9d, 0xff, 0xfc, 0x82, 0x0,
    0x0,

    /* U+0066 "f" */
    0x0, 0x0, 0x1, 0x8d, 0xff, 0xe4, 0x0, 0x0,
    0x2e, 0xff, 0xff, 0xf5, 0x0, 0x0, 0xdf, 0xff,
    0xff, 0xf5, 0x0, 0x4, 0xff, 0xff, 0xa5, 0x42,
    0x0, 0x7, 0xff, 0xfb, 0x0, 0x0, 0x0, 0x9,
    0xff, 0xf7, 0x0, 0x0, 0x0, 0x9, 0xff, 0xf7,
    0x0, 0x0, 0x8f, 0xff, 0xff, 0xff, 0xff, 0xf0,
    0x8f, 0xff, 0xff, 0xff, 0xff, 0xf0, 0x8f, 0xff,
    0xff, 0xff, 0xff, 0xf0, 0x13, 0x3a, 0xff, 0xf9,
    0x33, 0x30, 0x0, 0x9, 0xff, 0xf7, 0x0, 0x0,
    0x0, 0x9, 0xff, 0xf7, 0x0, 0x0, 0x0, 0x9,
    0xff, 0xf7, 0x0, 0x0, 0x0, 0x9, 0xff, 0xf7,
    0x0, 0x0, 0x0, 0x9, 0xff, 0xf7, 0x0, 0x0,
    0x0, 0x9, 0xff, 0xf7, 0x0, 0x0, 0x0, 0x9,
    0xff, 0xf7, 0x0, 0x0, 0x0, 0x9, 0xff, 0xf7,
    0x0, 0x0, 0x0, 0x9, 0xff, 0xf7, 0x0, 0x0,
    0x0, 0x9, 0xff, 0xf7, 0x0, 0x0, 0x0, 0x9,
    0xff, 0xf7, 0x0, 0x0, 0x0, 0x9, 0xff, 0xf7,
    0x0, 0x0, 0x0, 0x9, 0xff, 0xf7, 0x0, 0x0,

    /* U+0067 "g" */
    0x0, 0x0, 0x7, 0xcf, 0xfe, 0xb4, 0x3, 0xff,
    0xfb, 0x0, 0x3, 0xdf, 0xff, 0xff, 0xff, 0x93,
    0xff, 0xfb, 0x0, 0x2f, 0xff, 0xff, 0xff, 0xff,
    0xf9, 0xff, 0xfb, 0x0, 0xcf, 0xff, 0xfb, 0x54,
    0x6c, 0xff, 0xff, 0xfb, 0x4, 0xff, 0xff, 0x70,
    0x0, 0x0, 0x9f, 0xff, 0xfb, 0xa, 0xff, 0xfc,
    0x0, 0x0, 0x0, 0xd, 0xff, 0xfb, 0xd, 0xff,
    0xf6, 0x0, 0x0, 0x0, 0x7, 0xff, 0xfb, 0xf,
    0xff, 0xf3, 0x0, 0x0, 0x0, 0x4, 0xff, 0xfb,
    0xf, 0xff, 0xf2, 0x0, 0x0, 0x0, 0x3, 0xff,
    0xfb, 0xf, 0xff, 0xf3, 0x0, 0x0, 0x0, 0x4,
    0xff, 0xfb, 0xe, 0xff, 0xf6, 0x0, 0x0, 0x0,
    0x7, 0xff, 0xfb, 0xa, 0xff, 0xfc, 0x0, 0x0,
    0x0, 0xd, 0xff, 0xfb, 0x5, 0xff, 0xff, 0x70,
    0x0, 0x0, 0x9f, 0xff, 0xfb, 0x0, 0xdf, 0xff,
    0xfb, 0x64, 0x6c, 0xff, 0xff, 0xfb, 0x0, 0x3f,
    0xff, 0xff, 0xff, 0xff, 0xfa, 0xff, 0xfb, 0x0,
    0x4, 0xef, 0xff, 0xff, 0xff, 0x75, 0xff, 0xfb,
    0x0, 0x0, 0x18, 0xdf, 0xfe, 0xa3, 0x5, 0xff,
    0xfb, 0x0, 0x0, 0x0, 0x0, 0x0, 0x0, 0x7,
    0xff, 0xfa, 0x1, 0x33, 0x31, 0x0, 0x0, 0x0,
    0xc, 0xff, 0xf7, 0x4, 0xff, 0xfd, 0x10, 0x0,
    0x0, 0x8f, 0xff, 0xf2, 0x0, 0xdf, 0xff, 0xfb,
    0x98, 0xae, 0xff, 0xff, 0x90, 0x0, 0x3f, 0xff,
    0xff, 0xff, 0xff, 0xff, 0xfc, 0x0, 0x0, 0x3,
    0xdf, 0xff, 0xff, 0xff, 0xff, 0xa0, 0x0, 0x0,
    0x0, 0x5, 0xad, 0xff, 0xfc, 0x93, 0x0, 0x0,

    /* U+0068 "h" */
    0xdf, 0xff, 0x20, 0x0, 0x0, 0x0, 0x0, 0x0,
    0xdf, 0xff, 0x20, 0x0, 0x0, 0x0, 0x0, 0x0,
    0xdf, 0xff, 0x20, 0x0, 0x0, 0x0, 0x0, 0x0,
    0xdf, 0xff, 0x20, 0x0, 0x0, 0x0, 0x0, 0x0,
    0xdf, 0xff, 0x20, 0x0, 0x0, 0x0, 0x0, 0x0,
    0xdf, 0xff, 0x20, 0x0, 0x0, 0x0, 0x0, 0x0,
    0xdf, 0xff, 0x20, 0x0, 0x0, 0x0, 0x0, 0x0,
    0xdf, 0xff, 0x20, 0x29, 0xdf, 0xfd, 0x91, 0x0,
    0xdf, 0xff, 0x25, 0xff, 0xff, 0xff, 0xfe, 0x30,
    0xdf, 0xff, 0x7f, 0xff, 0xff, 0xff, 0xff, 0xd0,
    0xdf, 0xff, 0xff, 0xd8, 0x67, 0xdf, 0xff, 0xf5,
    0xdf, 0xff, 0xf9, 0x0, 0x0, 0x1e, 0xff, 0xf9,
    0xdf, 0xff, 0xc0, 0x0, 0x0, 0x8, 0xff, 0xfa,
    0xdf, 0xff, 0x60, 0x0, 0x0, 0x6, 0xff, 0xfa,
    0xdf, 0xff, 0x30, 0x0, 0x0, 0x6, 0xff, 0xfa,
    0xdf, 0xff, 0x20, 0x0, 0x0, 0x6, 0xff, 0xfa,
    0xdf, 0xff, 0x20, 0x0, 0x0, 0x6, 0xff, 0xfa,
    0xdf, 0xff, 0x20, 0x0, 0x0, 0x6, 0xff, 0xfa,
    0xdf, 0xff, 0x20, 0x0, 0x0, 0x6, 0xff, 0xfa,
    0xdf, 0xff, 0x20, 0x0, 0x0, 0x6, 0xff, 0xfa,
    0xdf, 0xff, 0x20, 0x0, 0x0, 0x6, 0xff, 0xfa,
    0xdf, 0xff, 0x20, 0x0, 0x0, 0x6, 0xff, 0xfa,
    0xdf, 0xff, 0x20, 0x0, 0x0, 0x6, 0xff, 0xfa,
    0xdf, 0xff, 0x20, 0x0, 0x0, 0x6, 0xff, 0xfa,

    /* U+0069 "i" */
    0xf, 0xff, 0xf5, 0xf, 0xff, 0xf5, 0xf, 0xff,
    0xf5, 0xf, 0xff, 0xf5, 0x8, 0x88, 0x83, 0x0,
    0x0, 0x0, 0x0, 0x0, 0x0, 0xd, 0xff, 0xf2,
    0xd, 0xff, 0xf2, 0xd, 0xff, 0xf2, 0xd, 0xff,
    0xf2, 0xd, 0xff, 0xf2, 0xd, 0xff, 0xf2, 0xd,
    0xff, 0xf2, 0xd, 0xff, 0xf2, 0xd, 0xff, 0xf2,
    0xd, 0xff, 0xf2, 0xd, 0xff, 0xf2, 0xd, 0xff,
    0xf2, 0xd, 0xff, 0xf2, 0xd, 0xff, 0xf2, 0xd,
    0xff, 0xf2, 0xd, 0xff, 0xf2, 0xd, 0xff, 0xf2,

    /* U+006A "j" */
    0x0, 0x0, 0xff, 0xff, 0x50, 0x0, 0xf, 0xff,
    0xf5, 0x0, 0x0, 0xff, 0xff, 0x50, 0x0, 0xf,
    0xff, 0xf5, 0x0, 0x0, 0x88, 0x88, 0x30, 0x0,
    0x0, 0x0, 0x0, 0x0, 0x0, 0x0, 0x0, 0x0,
    0x0, 0xd, 0xff, 0xf2, 0x0, 0x0, 0xdf, 0xff,
    0x20, 0x0, 0xd, 0xff, 0xf2, 0x0, 0x0, 0xdf,
    0xff, 0x20, 0x0, 0xd, 0xff, 0xf2, 0x0, 0x0,
    0xdf, 0xff, 0x20, 0x0, 0xd, 0xff, 0xf2, 0x0,
    0x0, 0xdf, 0xff, 0x20, 0x0, 0xd, 0xff, 0xf2,
    0x0, 0x0, 0xdf, 0xff, 0x20, 0x0, 0xd, 0xff,
    0xf2, 0x0, 0x0, 0xdf, 0xff, 0x20, 0x0, 0xd,
    0xff, 0xf2, 0x0, 0x0, 0xdf, 0xff, 0x20, 0x0,
    0xd, 0xff, 0xf2, 0x0, 0x0, 0xdf, 0xff, 0x20,
    0x0, 0xd, 0xff, 0xf2, 0x0, 0x0, 0xdf, 0xff,
    0x20, 0x0, 0xd, 0xff, 0xf2, 0x0, 0x0, 0xff,
    0xff, 0x20, 0x54, 0xaf, 0xff, 0xf0, 0xf, 0xff,
    0xff, 0xfa, 0x0, 0xff, 0xff, 0xfe, 0x10, 0xd,
    0xff, 0xd8, 0x10, 0x0,

    /* U+006B "k" */
    0xdf, 0xff, 0x20, 0x0, 0x0, 0x0, 0x0, 0x0,
    0xdf, 0xff, 0x20, 0x0, 0x0, 0x0, 0x0, 0x0,
    0xdf, 0xff, 0x20, 0x0, 0x0, 0x0, 0x0, 0x0,
    0xdf, 0xff, 0x20, 0x0, 0x0, 0x0, 0x0, 0x0,
    0xdf, 0xff, 0x20, 0x0, 0x0, 0x0, 0x0, 0x0,
    0xdf, 0xff, 0x20, 0x0, 0x0, 0x0, 0x0, 0x0,
    0xdf, 0xff, 0x20, 0x0, 0x0, 0x0, 0x0, 0x0,
    0xdf, 0xff, 0x20, 0x0, 0x1, 0xef, 0xff, 0xc0,
    0xdf, 0xff, 0x20, 0x0, 0xd, 0xff, 0xfd, 0x10,
    0xdf, 0xff, 0x20, 0x0, 0xbf, 0xff, 0xe1, 0x0,
    0xdf, 0xff, 0x20, 0xa, 0xff, 0xfe, 0x20, 0x0,
    0xdf, 0xff, 0x20, 0x8f, 0xff, 0xf2, 0x0, 0x0,
    0xdf, 0xff, 0x26, 0xff, 0xff, 0x30, 0x0, 0x0,
    0xdf, 0xff, 0x7f, 0xff, 0xf4, 0x0, 0x0, 0x0,
    0xdf, 0xff, 0xff, 0xff, 0x50, 0x0, 0x0, 0x0,
    0xdf, 0xff, 0xff, 0xff, 0x30, 0x0, 0x0, 0x0,
    0xdf, 0xff, 0xcf, 0xff, 0xe2, 0x0, 0x0, 0x0,
    0xdf, 0xff, 0x3c, 0xff, 0xfd, 0x10, 0x0, 0x0,
    0xdf, 0xff, 0x21, 0xdf, 0xff, 0xc0, 0x0, 0x0,
    0xdf, 0xff, 0x20, 0x2f, 0xff, 0xfb, 0x0, 0x0,
    0xdf, 0xff, 0x20, 0x4, 0xff, 0xff, 0x90, 0x0,
    0xdf, 0xff, 0x20, 0x0, 0x6f, 0xff, 0xf7, 0x0,
    0xdf, 0xff, 0x20, 0x0, 0x9, 0xff, 0xff, 0x50,
    0xdf, 0xff, 0x20, 0x0, 0x0, 0xbf, 0xff, 0xf3,

    /* U+006C "l" */
    0xdf, 0xff, 0x2d, 0xff, 0xf2, 0xdf, 0xff, 0x2d,
    0xff, 0xf2, 0xdf, 0xff, 0x2d, 0xff, 0xf2, 0xdf,
    0xff, 0x2d, 0xff, 0xf2, 0xdf, 0xff, 0x2d, 0xff,
    0xf2, 0xdf, 0xff, 0x2d, 0xff, 0xf2, 0xdf, 0xff,
    0x2d, 0xff, 0xf2, 0xdf, 0xff, 0x2d, 0xff, 0xf2,
    0xdf, 0xff, 0x2d, 0xff, 0xf2, 0xdf, 0xff, 0x2d,
    0xff, 0xf2, 0xdf, 0xff, 0x2d, 0xff, 0xf2, 0xdf,
    0xff, 0x2d, 0xff, 0xf2,

    /* U+006D "m" */
    0xdf, 0xff, 0x10, 0x29, 0xef, 0xfc, 0x60, 0x0,
    0x3, 0xae, 0xff, 0xc6, 0x0, 0xd, 0xff, 0xf1,
    0x5f, 0xff, 0xff, 0xff, 0xb0, 0x9, 0xff, 0xff,
    0xff, 0xfa, 0x0, 0xdf, 0xff, 0x6f, 0xff, 0xff,
    0xff, 0xff, 0x89, 0xff, 0xff, 0xff, 0xff, 0xf7,
    0xd, 0xff, 0xff, 0xfd, 0x76, 0x9f, 0xff, 0xff,
    0xff, 0xc7, 0x69, 0xff, 0xff, 0xe0, 0xdf, 0xff,
    0xf8, 0x0, 0x0, 0x4f, 0xff, 0xff, 0x80, 0x0,
    0x5, 0xff, 0xff, 0x1d, 0xff, 0xfc, 0x0, 0x0,
    0x0, 0xff, 0xff, 0xb0, 0x0, 0x0, 0xf, 0xff,
    0xf2, 0xdf, 0xff, 0x50, 0x0, 0x0, 0xe, 0xff,
    0xf5, 0x0, 0x0, 0x0, 0xef, 0xff, 0x2d, 0xff,
    0xf3, 0x0, 0x0, 0x0, 0xef, 0xff, 0x30, 0x0,
    0x0, 0xe, 0xff, 0xf2, 0xdf, 0xff, 0x20, 0x0,
    0x0, 0xe, 0xff, 0xf3, 0x0, 0x0, 0x0, 0xef,
    0xff, 0x2d, 0xff, 0xf2, 0x0, 0x0, 0x0, 0xef,
    0xff, 0x30, 0x0, 0x0, 0xe, 0xff, 0xf2, 0xdf,
    0xff, 0x20, 0x0, 0x0, 0xe, 0xff, 0xf3, 0x0,
    0x0, 0x0, 0xef, 0xff, 0x2d, 0xff, 0xf2, 0x0,
    0x0, 0x0, 0xef, 0xff, 0x30, 0x0, 0x0, 0xe,
    0xff, 0xf2, 0xdf, 0xff, 0x20, 0x0, 0x0, 0xe,
    0xff, 0xf3, 0x0, 0x0, 0x0, 0xef, 0xff, 0x2d,
    0xff, 0xf2, 0x0, 0x0, 0x0, 0xef, 0xff, 0x30,
    0x0, 0x0, 0xe, 0xff, 0xf2, 0xdf, 0xff, 0x20,
    0x0, 0x0, 0xe, 0xff, 0xf3, 0x0, 0x0, 0x0,
    0xef, 0xff, 0x2d, 0xff, 0xf2, 0x0, 0x0, 0x0,
    0xef, 0xff, 0x30, 0x0, 0x0, 0xe, 0xff, 0xf2,
    0xdf, 0xff, 0x20, 0x0, 0x0, 0xe, 0xff, 0xf3,
    0x0, 0x0, 0x0, 0xef, 0xff, 0x20,

    /* U+006E "n" */
    0xdf, 0xff, 0x10, 0x29, 0xdf, 0xfd, 0x91, 0x0,
    0xdf, 0xff, 0x15, 0xff, 0xff, 0xff, 0xfe, 0x30,
    0xdf, 0xff, 0x6f, 0xff, 0xff, 0xff, 0xff, 0xd0,
    0xdf, 0xff, 0xff, 0xd8, 0x67, 0xdf, 0xff, 0xf5,
    0xdf, 0xff, 0xf9, 0x0, 0x0, 0x1e, 0xff, 0xf9,
    0xdf, 0xff, 0xc0, 0x0, 0x0, 0x8, 0xff, 0xfa,
    0xdf, 0xff, 0x60, 0x0, 0x0, 0x6, 0xff, 0xfa,
    0xdf, 0xff, 0x30, 0x0, 0x0, 0x6, 0xff, 0xfa,
    0xdf, 0xff, 0x20, 0x0, 0x0, 0x6, 0xff, 0xfa,
    0xdf, 0xff, 0x20, 0x0, 0x0, 0x6, 0xff, 0xfa,
    0xdf, 0xff, 0x20, 0x0, 0x0, 0x6, 0xff, 0xfa,
    0xdf, 0xff, 0x20, 0x0, 0x0, 0x6, 0xff, 0xfa,
    0xdf, 0xff, 0x20, 0x0, 0x0, 0x6, 0xff, 0xfa,
    0xdf, 0xff, 0x20, 0x0, 0x0, 0x6, 0xff, 0xfa,
    0xdf, 0xff, 0x20, 0x0, 0x0, 0x6, 0xff, 0xfa,
    0xdf, 0xff, 0x20, 0x0, 0x0, 0x6, 0xff, 0xfa,
    0xdf, 0xff, 0x20, 0x0, 0x0, 0x6, 0xff, 0xfa,

    /* U+006F "o" */
    0x0, 0x0, 0x2, 0x8c, 0xff, 0xfd, 0x93, 0x0,
    0x0, 0x0, 0x0, 0x9, 0xff, 0xff, 0xff, 0xff,
    0xfb, 0x10, 0x0, 0x0, 0xc, 0xff, 0xff, 0xff,
    0xff, 0xff, 0xfe, 0x10, 0x0, 0xa, 0xff, 0xff,
    0xc6, 0x46, 0xbf, 0xff, 0xfc, 0x0, 0x4, 0xff,
    0xff, 0x80, 0x0, 0x0, 0x6f, 0xff, 0xf6, 0x0,
    0xbf, 0xff, 0xb0, 0x0, 0x0, 0x0, 0xaf, 0xff,
    0xd0, 0xf, 0xff, 0xf5, 0x0, 0x0, 0x0, 0x3,
    0xff, 0xff, 0x11, 0xff, 0xff, 0x10, 0x0, 0x0,
    0x0, 0xf, 0xff, 0xf3, 0x2f, 0xff, 0xf1, 0x0,
    0x0, 0x0, 0x0, 0xff, 0xff, 0x41, 0xff, 0xff,
    0x20, 0x0, 0x0, 0x0, 0xf, 0xff, 0xf3, 0xe,
    0xff, 0xf6, 0x0, 0x0, 0x0, 0x4, 0xff, 0xff,
    0x0, 0xaf, 0xff, 0xc0, 0x0, 0x0, 0x0, 0xbf,
    0xff, 0xc0, 0x3, 0xff, 0xff, 0x90, 0x0, 0x0,
    0x7f, 0xff, 0xf5, 0x0, 0xa, 0xff, 0xff, 0xc6,
    0x56, 0xcf, 0xff, 0xfb, 0x0, 0x0, 0xc, 0xff,
    0xff, 0xff, 0xff, 0xff, 0xfd, 0x10, 0x0, 0x0,
    0x9, 0xff, 0xff, 0xff, 0xff, 0xfa, 0x10, 0x0,
    0x0, 0x0, 0x2, 0x8c, 0xff, 0xfd, 0x93, 0x0,
    0x0, 0x0,

    /* U+0070 "p" */
    0xdf, 0xff, 0x10, 0x5b, 0xef, 0xfc, 0x70, 0x0,
    0xd, 0xff, 0xf1, 0xbf, 0xff, 0xff, 0xff, 0xe3,
    0x0, 0xdf, 0xff, 0xaf, 0xff, 0xff, 0xff, 0xff,
    0xf2, 0xd, 0xff, 0xff, 0xfc, 0x76, 0x8d, 0xff,
    0xff, 0xc0, 0xdf, 0xff, 0xf8, 0x0, 0x0, 0xa,
    0xff, 0xff, 0x3d, 0xff, 0xfc, 0x0, 0x0, 0x0,
    0xe, 0xff, 0xf8, 0xdf, 0xff, 0x50, 0x0, 0x0,
    0x0, 0x9f, 0xff, 0xbd, 0xff, 0xf2, 0x0, 0x0,
    0x0, 0x5, 0xff, 0xfd, 0xdf, 0xff, 0x10, 0x0,
    0x0, 0x0, 0x5f, 0xff, 0xed, 0xff, 0xf2, 0x0,
    0x0, 0x0, 0x6, 0xff, 0xfd, 0xdf, 0xff, 0x50,
    0x0, 0x0, 0x0, 0x9f, 0xff, 0xbd, 0xff, 0xfc,
    0x0, 0x0, 0x0, 0xe, 0xff, 0xf8, 0xdf, 0xff,
    0xf8, 0x0, 0x0, 0xb, 0xff, 0xff, 0x2d, 0xff,
    0xff, 0xfd, 0x86, 0x8e, 0xff, 0xff, 0xa0, 0xdf,
    0xff, 0xbf, 0xff, 0xff, 0xff, 0xff, 0xe1, 0xd,
    0xff, 0xf3, 0xbf, 0xff, 0xff, 0xff, 0xd2, 0x0,
    0xdf, 0xff, 0x20, 0x6c, 0xff, 0xeb, 0x60, 0x0,
    0xd, 0xff, 0xf2, 0x0, 0x0, 0x0, 0x0, 0x0,
    0x0, 0xdf, 0xff, 0x20, 0x0, 0x0, 0x0, 0x0,
    0x0, 0xd, 0xff, 0xf2, 0x0, 0x0, 0x0, 0x0,
    0x0, 0x0, 0xdf, 0xff, 0x20, 0x0, 0x0, 0x0,
    0x0, 0x0, 0xd, 0xff, 0xf2, 0x0, 0x0, 0x0,
    0x0, 0x0, 0x0, 0xdf, 0xff, 0x20, 0x0, 0x0,
    0x0, 0x0, 0x0, 0xd, 0xff, 0xf2, 0x0, 0x0,
    0x0, 0x0, 0x0, 0x0,

    /* U+0071 "q" */
    0x0, 0x0, 0x7, 0xcf, 0xfe, 0xb5, 0x3, 0xff,
    0xfb, 0x0, 0x3, 0xef, 0xff, 0xff, 0xff, 0xa3,
    0xff, 0xfb, 0x0, 0x2f, 0xff, 0xff, 0xff, 0xff,
    0xfa, 0xff, 0xfb, 0x0, 0xcf, 0xff, 0xfd, 0x86,
    0x8d, 0xff, 0xff, 0xfb, 0x4, 0xff, 0xff, 0x90,
    0x0, 0x0, 0xaf, 0xff, 0xfb, 0xa, 0xff, 0xfc,
    0x0, 0x0, 0x0, 0xd, 0xff, 0xfb, 0xd, 0xff,
    0xf6, 0x0, 0x0, 0x0, 0x7, 0xff, 0xfb, 0xf,
    0xff, 0xf3, 0x0, 0x0, 0x0, 0x4, 0xff, 0xfb,
    0xf, 0xff, 0xf2, 0x0, 0x0, 0x0, 0x3, 0xff,
    0xfb, 0xf, 0xff, 0xf3, 0x0, 0x0, 0x0, 0x4,
    0xff, 0xfb, 0xe, 0xff, 0xf6, 0x0, 0x0, 0x0,
    0x7, 0xff, 0xfb, 0xa, 0xff, 0xfc, 0x0, 0x0,
    0x0, 0xd, 0xff, 0xfb, 0x5, 0xff, 0xff, 0x80,
    0x0, 0x0, 0x9f, 0xff, 0xfb, 0x0, 0xdf, 0xff,
    0xfc, 0x76, 0x7d, 0xff, 0xff, 0xfb, 0x0, 0x3f,
    0xff, 0xff, 0xff, 0xff, 0xfc, 0xff, 0xfb, 0x0,
    0x4, 0xef, 0xff, 0xff, 0xff, 0x95, 0xff, 0xfb,
    0x0, 0x0, 0x18, 0xcf, 0xfe, 0xa4, 0x5, 0xff,
    0xfb, 0x0, 0x0, 0x0, 0x0, 0x0, 0x0, 0x5,
    0xff, 0xfb, 0x0, 0x0, 0x0, 0x0, 0x0, 0x0,
    0x5, 0xff, 0xfb, 0x0, 0x0, 0x0, 0x0, 0x0,
    0x0, 0x5, 0xff, 0xfb, 0x0, 0x0, 0x0, 0x0,
    0x0, 0x0, 0x5, 0xff, 0xfb, 0x0, 0x0, 0x0,
    0x0, 0x0, 0x0, 0x5, 0xff, 0xfb, 0x0, 0x0,
    0x0, 0x0, 0x0, 0x0, 0x5, 0xff, 0xfb, 0x0,
    0x0, 0x0, 0x0, 0x0, 0x0, 0x5, 0xff, 0xfb,

    /* U+0072 "r" */
    0xdf, 0xff, 0x10, 0x6c, 0xff, 0xdf, 0xff, 0x1a,
    0xff, 0xff, 0xdf, 0xff, 0x8f, 0xff, 0xff, 0xdf,
    0xff, 0xff, 0xff, 0xee, 0xdf, 0xff, 0xfc, 0x40,
    0x0, 0xdf, 0xff, 0xd0, 0x0, 0x0, 0xdf, 0xff,
    0x60, 0x0, 0x0, 0xdf, 0xff, 0x40, 0x0, 0x0,
    0xdf, 0xff, 0x20, 0x0, 0x0, 0xdf, 0xff, 0x20,
    0x0, 0x0, 0xdf, 0xff, 0x20, 0x0, 0x0, 0xdf,
    0xff, 0x20, 0x0, 0x0, 0xdf, 0xff, 0x20, 0x0,
    0x0, 0xdf, 0xff, 0x20, 0x0, 0x0, 0xdf, 0xff,
    0x20, 0x0, 0x0, 0xdf, 0xff, 0x20, 0x0, 0x0,
    0xdf, 0xff, 0x20, 0x0, 0x0,

    /* U+0073 "s" */
    0x0, 0x0, 0x6b, 0xef, 0xfe, 0xb6, 0x0, 0x0,
    0x0, 0x2d, 0xff, 0xff, 0xff, 0xff, 0xe3, 0x0,
    0x0, 0xdf, 0xff, 0xfe, 0xff, 0xff, 0xff, 0x20,
    0x5, 0xff, 0xfa, 0x10, 0x1, 0xaf, 0xff, 0x90,
    0x8, 0xff, 0xf3, 0x0, 0x0, 0xc, 0xee, 0xc0,
    0x7, 0xff, 0xf9, 0x0, 0x0, 0x0, 0x0, 0x0,
    0x3, 0xff, 0xff, 0xe9, 0x52, 0x0, 0x0, 0x0,
    0x0, 0x9f, 0xff, 0xff, 0xff, 0xe9, 0x20, 0x0,
    0x0, 0x7, 0xff, 0xff, 0xff, 0xff, 0xf7, 0x0,
    0x0, 0x0, 0x16, 0xae, 0xff, 0xff, 0xff, 0x60,
    0x0, 0x0, 0x0, 0x0, 0x26, 0xbf, 0xff, 0xe0,
    0x16, 0x66, 0x30, 0x0, 0x0, 0xa, 0xff, 0xf2,
    0x1f, 0xff, 0xc0, 0x0, 0x0, 0x8, 0xff, 0xf2,
    0xc, 0xff, 0xfa, 0x20, 0x0, 0x4f, 0xff, 0xf0,
    0x3, 0xff, 0xff, 0xff, 0xef, 0xff, 0xff, 0x80,
    0x0, 0x3d, 0xff, 0xff, 0xff, 0xff, 0xfa, 0x0,
    0x0, 0x0, 0x5a, 0xdf, 0xff, 0xd9, 0x30, 0x0,

    /* U+0074 "t" */
    0x0, 0x0, 0x0, 0x2, 0x0, 0x0, 0x0, 0x0,
    0x2, 0x8d, 0xb0, 0x0, 0x0, 0x0, 0x5, 0xff,
    0xfb, 0x0, 0x0, 0x0, 0x0, 0x6f, 0xff, 0xb0,
    0x0, 0x0, 0x0, 0x6, 0xff, 0xfb, 0x0, 0x0,
    0x0, 0x0, 0x6f, 0xff, 0xb0, 0x0, 0x0, 0x8f,
    0xff, 0xff, 0xff, 0xff, 0xff, 0x28, 0xff, 0xff,
    0xff, 0xff, 0xff, 0xf2, 0x8f, 0xff, 0xff, 0xff,
    0xff, 0xff, 0x21, 0x33, 0x8f, 0xff, 0xc3, 0x33,
    0x30, 0x0, 0x6, 0xff, 0xfb, 0x0, 0x0, 0x0,
    0x0, 0x6f, 0xff, 0xb0, 0x0, 0x0, 0x0, 0x6,
    0xff, 0xfb, 0x0, 0x0, 0x0, 0x0, 0x6f, 0xff,
    0xb0, 0x0, 0x0, 0x0, 0x6, 0xff, 0xfb, 0x0,
    0x0, 0x0, 0x0, 0x6f, 0xff, 0xb0, 0x0, 0x0,
    0x0, 0x6, 0xff, 0xfb, 0x0, 0x0, 0x0, 0x0,
    0x6f, 0xff, 0xb0, 0x0, 0x0, 0x0, 0x4, 0xff,
    0xfe, 0x0, 0x0, 0x0, 0x0, 0x1f, 0xff, 0xfc,
    0x65, 0x71, 0x0, 0x0, 0xbf, 0xff, 0xff, 0xff,
    0x20, 0x0, 0x1, 0xdf, 0xff, 0xff, 0xf2, 0x0,
    0x0, 0x0, 0x7c, 0xff, 0xfc, 0x10,

    /* U+0075 "u" */
    0xf, 0xff, 0xf0, 0x0, 0x0, 0x0, 0xef, 0xff,
    0x30, 0xff, 0xff, 0x0, 0x0, 0x0, 0xe, 0xff,
    0xf3, 0xf, 0xff, 0xf0, 0x0, 0x0, 0x0, 0xef,
    0xff, 0x30, 0xff, 0xff, 0x0, 0x0, 0x0, 0xe,
    0xff, 0xf3, 0xf, 0xff, 0xf0, 0x0, 0x0, 0x0,
    0xef, 0xff, 0x30, 0xff, 0xff, 0x0, 0x0, 0x0,
    0xe, 0xff, 0xf3, 0xf, 0xff, 0xf0, 0x0, 0x0,
    0x0, 0xef, 0xff, 0x30, 0xff, 0xff, 0x0, 0x0,
    0x0, 0xe, 0xff, 0xf3, 0xf, 0xff, 0xf0, 0x0,
    0x0, 0x0, 0xef, 0xff, 0x30, 0xff, 0xff, 0x0,
    0x0, 0x0, 0xf, 0xff, 0xf3, 0xf, 0xff, 0xf0,
    0x0, 0x0, 0x1, 0xff, 0xff, 0x30, 0xff, 0xff,
    0x10, 0x0, 0x0, 0x8f, 0xff, 0xf3, 0xf, 0xff,
    0xf8, 0x0, 0x0, 0x5f, 0xff, 0xff, 0x30, 0xbf,
    0xff, 0xfa, 0x66, 0xbf, 0xff, 0xff, 0xf3, 0x3,
    0xff, 0xff, 0xff, 0xff, 0xf9, 0xcf, 0xff, 0x30,
    0x7, 0xff, 0xff, 0xff, 0xfa, 0xc, 0xff, 0xf3,
    0x0, 0x3, 0xbe, 0xfe, 0xb4, 0x0, 0xcf, 0xff,
    0x30,

    /* U+0076 "v" */
    0xaf, 0xff, 0xa0, 0x0, 0x0, 0x0, 0x5f, 0xff,
    0xd0, 0x4f, 0xff, 0xf0, 0x0, 0x0, 0x0, 0xbf,
    0xff, 0x70, 0xe, 0xff, 0xf5, 0x0, 0x0, 0x1,
    0xff, 0xff, 0x10, 0x8, 0xff, 0xfa, 0x0, 0x0,
    0x6, 0xff, 0xfa, 0x0, 0x1, 0xff, 0xff, 0x0,
    0x0, 0xb, 0xff, 0xf4, 0x0, 0x0, 0xbf, 0xff,
    0x50, 0x0, 0x1f, 0xff, 0xe0, 0x0, 0x0, 0x5f,
    0xff, 0xa0, 0x0, 0x6f, 0xff, 0x80, 0x0, 0x0,
    0xe, 0xff, 0xf0, 0x0, 0xbf, 0xff, 0x20, 0x0,
    0x0, 0x9, 0xff, 0xf5, 0x1, 0xff, 0xfc, 0x0,
    0x0, 0x0, 0x3, 0xff, 0xfb, 0x6, 0xff, 0xf5,
    0x0, 0x0, 0x0, 0x0, 0xdf, 0xff, 0xb, 0xff,
    0xf0, 0x0, 0x0, 0x0, 0x0, 0x6f, 0xff, 0x6f,
    0xff, 0x90, 0x0, 0x0, 0x0, 0x0, 0x1f, 0xff,
    0xff, 0xff, 0x30, 0x0, 0x0, 0x0, 0x0, 0xa,
    0xff, 0xff, 0xfd, 0x0, 0x0, 0x0, 0x0, 0x0,
    0x4, 0xff, 0xff, 0xf7, 0x0, 0x0, 0x0, 0x0,
    0x0, 0x0, 0xef, 0xff, 0xf1, 0x0, 0x0, 0x0,
    0x0, 0x0, 0x0, 0x8f, 0xff, 0xa0, 0x0, 0x0,
    0x0,

    /* U+0077 "w" */
    0x5f, 0xff, 0xd0, 0x0, 0x0, 0x2f, 0xff, 0xd0,
    0x0, 0x0, 0x2f, 0xff, 0xe0, 0x1f, 0xff, 0xf1,
    0x0, 0x0, 0x6f, 0xff, 0xf1, 0x0, 0x0, 0x6f,
    0xff, 0xa0, 0xc, 0xff, 0xf5, 0x0, 0x0, 0xbf,
    0xff, 0xf6, 0x0, 0x0, 0x9f, 0xff, 0x50, 0x7,
    0xff, 0xf8, 0x0, 0x0, 0xff, 0xff, 0xfb, 0x0,
    0x0, 0xdf, 0xff, 0x10, 0x2, 0xff, 0xfc, 0x0,
    0x4, 0xff, 0xff, 0xff, 0x0, 0x1, 0xff, 0xfc,
    0x0, 0x0, 0xdf, 0xff, 0x0, 0x8, 0xff, 0xaf,
    0xff, 0x40, 0x4, 0xff, 0xf7, 0x0, 0x0, 0x9f,
    0xff, 0x30, 0xd, 0xff, 0x5b, 0xff, 0x90, 0x8,
    0xff, 0xf2, 0x0, 0x0, 0x4f, 0xff, 0x70, 0x1f,
    0xff, 0x17, 0xff, 0xd0, 0xc, 0xff, 0xe0, 0x0,
    0x0, 0xf, 0xff, 0xb0, 0x6f, 0xfc, 0x2, 0xff,
    0xf2, 0xf, 0xff, 0x90, 0x0, 0x0, 0xb, 0xff,
    0xe0, 0xaf, 0xf7, 0x0, 0xdf, 0xf6, 0x3f, 0xff,
    0x40, 0x0, 0x0, 0x6, 0xff, 0xf3, 0xff, 0xf2,
    0x0, 0x9f, 0xfb, 0x7f, 0xff, 0x0, 0x0, 0x0,
    0x1, 0xff, 0xfa, 0xff, 0xe0, 0x0, 0x4f, 0xff,
    0xbf, 0xfb, 0x0, 0x0, 0x0, 0x0, 0xdf, 0xff,
    0xff, 0x90, 0x0, 0xf, 0xff, 0xff, 0xf6, 0x0,
    0x0, 0x0, 0x0, 0x8f, 0xff, 0xff, 0x40, 0x0,
    0xb, 0xff, 0xff, 0xf2, 0x0, 0x0, 0x0, 0x0,
    0x3f, 0xff, 0xff, 0x0, 0x0, 0x6, 0xff, 0xff,
    0xd0, 0x0, 0x0, 0x0, 0x0, 0xe, 0xff, 0xfb,
    0x0, 0x0, 0x2, 0xff, 0xff, 0x80, 0x0, 0x0,
    0x0, 0x0, 0xa, 0xff, 0xf6, 0x0, 0x0, 0x0,
    0xdf, 0xff, 0x30, 0x0, 0x0,

    /* U+0078 "x" */
    0x2, 0xff, 0xff, 0x70, 0x0, 0x0, 0x2f, 0xff,
    0xf5, 0x0, 0x6f, 0xff, 0xf2, 0x0, 0x0, 0xcf,
    0xff, 0x90, 0x0, 0xa, 0xff, 0xfc, 0x0, 0x7,
    0xff, 0xfd, 0x0, 0x0, 0x1, 0xef, 0xff, 0x60,
    0x2f, 0xff, 0xf2, 0x0, 0x0, 0x0, 0x3f, 0xff,
    0xf2, 0xcf, 0xff, 0x60, 0x0, 0x0, 0x0, 0x8,
    0xff, 0xfe, 0xff, 0xfa, 0x0, 0x0, 0x0, 0x0,
    0x0, 0xcf, 0xff, 0xff, 0xe1, 0x0, 0x0, 0x0,
    0x0, 0x0, 0x2f, 0xff, 0xff, 0x30, 0x0, 0x0,
    0x0, 0x0, 0x0, 0xd, 0xff, 0xfd, 0x0, 0x0,
    0x0, 0x0, 0x0, 0x0, 0x9f, 0xff, 0xff, 0x80,
    0x0, 0x0, 0x0, 0x0, 0x5, 0xff, 0xff, 0xff,
    0xf4, 0x0, 0x0, 0x0, 0x0, 0x2f, 0xff, 0xf7,
    0xff, 0xfe, 0x10, 0x0, 0x0, 0x0, 0xcf, 0xff,
    0x60, 0xaf, 0xff, 0xa0, 0x0, 0x0, 0x8, 0xff,
    0xfb, 0x0, 0x1e, 0xff, 0xf6, 0x0, 0x0, 0x4f,
    0xff, 0xf1, 0x0, 0x5, 0xff, 0xff, 0x20, 0x1,
    0xef, 0xff, 0x50, 0x0, 0x0, 0xaf, 0xff, 0xd0,
    0xc, 0xff, 0xfa, 0x0, 0x0, 0x0, 0x1e, 0xff,
    0xf9,

    /* U+0079 "y" */
    0xaf, 0xff, 0xb0, 0x0, 0x0, 0x0, 0x7f, 0xff,
    0xd0, 0x4f, 0xff, 0xf1, 0x0, 0x0, 0x0, 0xcf,
    0xff, 0x60, 0xd, 0xff, 0xf7, 0x0, 0x0, 0x2,
    0xff, 0xff, 0x0, 0x7, 0xff, 0xfc, 0x0, 0x0,
    0x8, 0xff, 0xf9, 0x0, 0x1, 0xff, 0xff, 0x20,
    0x0, 0xe, 0xff, 0xf3, 0x0, 0x0, 0xbf, 0xff,
    0x80, 0x0, 0x4f, 0xff, 0xc0, 0x0, 0x0, 0x4f,
    0xff, 0xe0, 0x0, 0x9f, 0xff, 0x60, 0x0, 0x0,
    0xe, 0xff, 0xf3, 0x0, 0xff, 0xff, 0x0, 0x0,
    0x0, 0x8, 0xff, 0xf9, 0x5, 0xff, 0xf9, 0x0,
    0x0, 0x0, 0x2, 0xff, 0xff, 0xb, 0xff, 0xf2,
    0x0, 0x0, 0x0, 0x0, 0xbf, 0xff, 0x6f, 0xff,
    0xc0, 0x0, 0x0, 0x0, 0x0, 0x5f, 0xff, 0xff,
    0xff, 0x50, 0x0, 0x0, 0x0, 0x0, 0xe, 0xff,
    0xff, 0xfe, 0x0, 0x0, 0x0, 0x0, 0x0, 0x8,
    0xff, 0xff, 0xf8, 0x0, 0x0, 0x0, 0x0, 0x0,
    0x2, 0xff, 0xff, 0xf2, 0x0, 0x0, 0x0, 0x0,
    0x0, 0x0, 0xcf, 0xff, 0xb0, 0x0, 0x0, 0x0,
    0x0, 0x0, 0x0, 0xaf, 0xff, 0x50, 0x0, 0x0,
    0x0, 0x0, 0x0, 0x1, 0xff, 0xfe, 0x0, 0x0,
    0x0, 0x0, 0x0, 0x0, 0x7, 0xff, 0xf8, 0x0,
    0x0, 0x0, 0x0, 0x0, 0x0, 0xe, 0xff, 0xf1,
    0x0, 0x0, 0x0, 0x0, 0x0, 0x0, 0x5f, 0xff,
    0xb0, 0x0, 0x0, 0x0, 0x0, 0x0, 0x0, 0xcf,
    0xff, 0x40, 0x0, 0x0, 0x0, 0x0, 0x0, 0x3,
    0xff, 0xfd, 0x0, 0x0, 0x0, 0x0, 0x0, 0x0,
    0x9, 0xff, 0xf7, 0x0, 0x0, 0x0, 0x0, 0x0,

    /* U+007A "z" */
    0x3f, 0xff, 0xff, 0xff, 0xff, 0xff, 0xfe, 0x3,
    0xff, 0xff, 0xff, 0xff, 0xff, 0xff, 0xe0, 0x3f,
    0xff, 0xff, 0xff, 0xff, 0xff, 0xfd, 0x0, 0x33,
    0x33, 0x33, 0x3b, 0xff, 0xff, 0x60, 0x0, 0x0,
    0x0, 0x4, 0xff, 0xff, 0xa0, 0x0, 0x0, 0x0,
    0x1, 0xef, 0xff, 0xd0, 0x0, 0x0, 0x0, 0x0,
    0xcf, 0xff, 0xf3, 0x0, 0x0, 0x0, 0x0, 0x8f,
    0xff, 0xf6, 0x0, 0x0, 0x0, 0x0, 0x4f, 0xff,
    0xfa, 0x0, 0x0, 0x0, 0x0, 0x1e, 0xff, 0xfd,
    0x0, 0x0, 0x0, 0x0, 0xc, 0xff, 0xff, 0x30,
    0x0, 0x0, 0x0, 0x8, 0xff, 0xff, 0x60, 0x0,
    0x0, 0x0, 0x4, 0xff, 0xff, 0xa0, 0x0, 0x0,
    0x0, 0x1, 0xef, 0xff, 0xf4, 0x33, 0x33, 0x33,
    0x30, 0x7f, 0xff, 0xff, 0xff, 0xff, 0xff, 0xff,
    0x18, 0xff, 0xff, 0xff, 0xff, 0xff, 0xff, 0xf1,
    0x8f, 0xff, 0xff, 0xff, 0xff, 0xff, 0xff, 0x10,

    /* U+007B "{" */
    0x0, 0x0, 0x18, 0xdf, 0xff, 0xf5, 0x0, 0x3,
    0xef, 0xff, 0xff, 0xf5, 0x0, 0xc, 0xff, 0xff,
    0xff, 0xf5, 0x0, 0x1f, 0xff, 0xf8, 0x44, 0x41,
    0x0, 0x2f, 0xff, 0xa0, 0x0, 0x0, 0x0, 0x1f,
    0xff, 0xa0, 0x0, 0x0, 0x0, 0xd, 0xff, 0xd0,
    0x0, 0x0, 0x0, 0xa, 0xff, 0xf1, 0x0, 0x0,
    0x0, 0x7, 0xff, 0xf5, 0x0, 0x0, 0x0, 0x4,
    0xff, 0xf8, 0x0, 0x0, 0x0, 0x5, 0xff, 0xf9,
    0x0, 0x0, 0x0, 0x3d, 0xff, 0xf5, 0x0, 0x0,
    0xff, 0xff, 0xff, 0xb0, 0x0, 0x0, 0xff, 0xff,
    0xf7, 0x0, 0x0, 0x0, 0xff, 0xff, 0xff, 0x50,
    0x0, 0x0, 0x44, 0x7f, 0xff, 0xf2, 0x0, 0x0,
    0x0, 0x6, 0xff, 0xf8, 0x0, 0x0, 0x0, 0x4,
    0xff, 0xf9, 0x0, 0x0, 0x0, 0x5, 0xff, 0xf7,
    0x0, 0x0, 0x0, 0x8, 0xff, 0xf4, 0x0, 0x0,
    0x0, 0xb, 0xff, 0xf0, 0x0, 0x0, 0x0, 0xf,
    0xff, 0xc0, 0x0, 0x0, 0x0, 0x1f, 0xff, 0x90,
    0x0, 0x0, 0x0, 0x2f, 0xff, 0xb0, 0x0, 0x0,
    0x0, 0x1f, 0xff, 0xf8, 0x44, 0x41, 0x0, 0xb,
    0xff, 0xff, 0xff, 0xf5, 0x0, 0x2, 0xef, 0xff,
    0xff, 0xf5, 0x0, 0x0, 0x18, 0xdf, 0xff, 0xf5,

    /* U+007C "|" */
    0x1, 0x11, 0x0, 0xff, 0xf8, 0xf, 0xff, 0x80,
    0xff, 0xf8, 0xf, 0xff, 0x80, 0xff, 0xf8, 0xf,
    0xff, 0x80, 0xff, 0xf8, 0xf, 0xff, 0x80, 0xff,
    0xf8, 0xf, 0xff, 0x80, 0xff, 0xf8, 0xf, 0xff,
    0x80, 0xff, 0xf8, 0xf, 0xff, 0x80, 0xff, 0xf8,
    0xf, 0xff, 0x80, 0xff, 0xf8, 0xf, 0xff, 0x80,
    0xff, 0xf8, 0xf, 0xff, 0x80, 0xff, 0xf8, 0xf,
    0xff, 0x80, 0xff, 0xf8, 0xf, 0xff, 0x80, 0xff,
    0xf8, 0xf, 0xff, 0x80, 0xff, 0xf8, 0xf, 0xff,
    0x80, 0xff, 0xf8, 0xf, 0xff, 0x80,

    /* U+007D "}" */
    0x4f, 0xff, 0xfd, 0x92, 0x0, 0x0, 0x4f, 0xff,
    0xff, 0xff, 0x30, 0x0, 0x4f, 0xff, 0xff, 0xff,
    0xd0, 0x0, 0x14, 0x44, 0x7f, 0xff, 0xf2, 0x0,
    0x0, 0x0, 0xa, 0xff, 0xf3, 0x0, 0x0, 0x0,
    0x9, 0xff, 0xf1, 0x0, 0x0, 0x0, 0xc, 0xff,
    0xe0, 0x0, 0x0, 0x0, 0xf, 0xff, 0xb0, 0x0,
    0x0, 0x0, 0x4f, 0xff, 0x70, 0x0, 0x0, 0x0,
    0x7f, 0xff, 0x50, 0x0, 0x0, 0x0, 0x8f, 0xff,
    0x50, 0x0, 0x0, 0x0, 0x4f, 0xff, 0xd3, 0x0,
    0x0, 0x0, 0xa, 0xff, 0xff, 0xff, 0x0, 0x0,
    0x0, 0x7f, 0xff, 0xff, 0x0, 0x0, 0x5, 0xff,
    0xff, 0xff, 0x0, 0x0, 0x1f, 0xff, 0xf7, 0x44,
    0x0, 0x0, 0x7f, 0xff, 0x70, 0x0, 0x0, 0x0,
    0x8f, 0xff, 0x40, 0x0, 0x0, 0x0, 0x6f, 0xff,
    0x60, 0x0, 0x0, 0x0, 0x3f, 0xff, 0x90, 0x0,
    0x0, 0x0, 0xf, 0xff, 0xc0, 0x0, 0x0, 0x0,
    0xb, 0xff, 0xf0, 0x0, 0x0, 0x0, 0x9, 0xff,
    0xf2, 0x0, 0x0, 0x0, 0xa, 0xff, 0xf3, 0x0,
    0x14, 0x44, 0x8f, 0xff, 0xf2, 0x0, 0x4f, 0xff,
    0xff, 0xff, 0xc0, 0x0, 0x4f, 0xff, 0xff, 0xfe,
    0x20, 0x0, 0x4f, 0xff, 0xfd, 0x81, 0x0, 0x0,

    /* U+007E "~" */
    0x0, 0x0, 0x33, 0x10, 0x0, 0x0, 0x0, 0x0,
    0x0, 0x1, 0xaf, 0xff, 0xfd, 0x81, 0x0, 0x0,
    0x6e, 0xe4, 0xc, 0xff, 0xff, 0xff, 0xff, 0xa5,
    0x47, 0xff, 0xf2, 0x6f, 0xff, 0xff, 0xff, 0xff,
    0xff, 0xff, 0xff, 0xb0, 0xbf, 0xf8, 0x0, 0x4a,
    0xff, 0xff, 0xff, 0xfe, 0x20, 0x9b, 0x90, 0x0,
    0x0, 0x17, 0xcf, 0xfe, 0x91, 0x0,

    /* U+00A0 " " */

    /* U+00A1 "¡" */
    0x9f, 0xff, 0xf0, 0x9f, 0xff, 0xf0, 0x9f, 0xff,
    0xf0, 0x9f, 0xff, 0xf0, 0x6b, 0xbb, 0xb0, 0x0,
    0x0, 0x0, 0x0, 0x0, 0x0, 0x0, 0x0, 0x0,
    0x1, 0x11, 0x0, 0xf, 0xff, 0x50, 0xf, 0xff,
    0x60, 0xf, 0xff, 0x70, 0x1f, 0xff, 0x70, 0x1f,
    0xff, 0x80, 0x2f, 0xff, 0x90, 0x2f, 0xff, 0x90,
    0x3f, 0xff, 0xa0, 0x4f, 0xff, 0xa0, 0x4f, 0xff,
    0xb0, 0x5f, 0xff, 0xc0, 0x5f, 0xff, 0xc0, 0x6f,
    0xff, 0xd0, 0x7f, 0xff, 0xe0, 0x7f, 0xff, 0xe0,

    /* U+00A2 "¢" */
    0x0, 0x0, 0x0, 0x3, 0x88, 0x70, 0x0, 0x0,
    0x0, 0x0, 0x0, 0x0, 0x6f, 0xfe, 0x0, 0x0,
    0x0, 0x0, 0x0, 0x0, 0x6, 0xff, 0xe0, 0x0,
    0x0, 0x0, 0x0, 0x0, 0x0, 0x6f, 0xfe, 0x0,
    0x0, 0x0, 0x0, 0x0, 0x3, 0x9e, 0xff, 0xfb,
    0x60, 0x0, 0x0, 0x0, 0xa, 0xff, 0xff, 0xff,
    0xff, 0xd3, 0x0, 0x0, 0x1d, 0xff, 0xff, 0xff,
    0xff, 0xff, 0xf4, 0x0, 0xa, 0xff, 0xff, 0xa5,
    0x46, 0xdf, 0xff, 0xe1, 0x4, 0xff, 0xff, 0x50,
    0x0, 0x0, 0xcf, 0xff, 0x70, 0xaf, 0xff, 0xb0,
    0x0, 0x0, 0x2, 0xff, 0xfc, 0xf, 0xff, 0xf5,
    0x0, 0x0, 0x0, 0x0, 0x0, 0x1, 0xff, 0xff,
    0x20, 0x0, 0x0, 0x0, 0x0, 0x0, 0x2f, 0xff,
    0xf1, 0x0, 0x0, 0x0, 0x0, 0x0, 0x1, 0xff,
    0xff, 0x20, 0x0, 0x0, 0x0, 0x0, 0x0, 0xe,
    0xff, 0xf5, 0x0, 0x0, 0x0, 0x0, 0x0, 0x0,
    0xaf, 0xff, 0xb0, 0x0, 0x0, 0x2, 0xff, 0xfc,
    0x3, 0xff, 0xff, 0x60, 0x0, 0x0, 0xcf, 0xff,
    0x70, 0xa, 0xff, 0xff, 0xa5, 0x46, 0xdf, 0xff,
    0xe0, 0x0, 0xc, 0xff, 0xff, 0xff, 0xff, 0xff,
    0xf3, 0x0, 0x0, 0xa, 0xff, 0xff, 0xff, 0xff,
    0xd3, 0x0, 0x0, 0x0, 0x3, 0x9e, 0xff, 0xfb,
    0x60, 0x0, 0x0, 0x0, 0x0, 0x0, 0x6f, 0xfe,
    0x0, 0x0, 0x0, 0x0, 0x0, 0x0, 0x6, 0xff,
    0xe0, 0x0, 0x0, 0x0, 0x0, 0x0, 0x0, 0x6f,
    0xfe, 0x0, 0x0, 0x0,

    /* U+00A3 "£" */
    0x0, 0x0, 0x3, 0x9d, 0xff, 0xfd, 0x94, 0x0,
    0x0, 0x0, 0x0, 0x1b, 0xff, 0xff, 0xff, 0xff,
    0xfb, 0x10, 0x0, 0x0, 0x1d, 0xff, 0xff, 0xff,
    0xff, 0xff, 0xfe, 0x20, 0x0, 0xa, 0xff, 0xff,
    0xc7, 0x66, 0xaf, 0xff, 0xfd, 0x0, 0x1, 0xff,
    0xff, 0x80, 0x0, 0x0, 0x2e, 0xff, 0xf6, 0x0,
    0x6f, 0xff, 0xe0, 0x0, 0x0, 0x0, 0x5f, 0xff,
    0xc0, 0x8, 0xff, 0xfa, 0x0, 0x0, 0x0, 0x0,
    0xff, 0xff, 0x0, 0x8f, 0xff, 0xa0, 0x0, 0x0,
    0x0, 0x1, 0x11, 0x10, 0x5, 0xff, 0xfe, 0x0,
    0x0, 0x0, 0x0, 0x0, 0x0, 0x0, 0x1f, 0xff,
    0xf4, 0x0, 0x0, 0x0, 0x0, 0x0, 0x0, 0x0,
    0xaf, 0xff, 0xb0, 0x0, 0x0, 0x0, 0x0, 0x0,
    0x8, 0xff, 0xff, 0xff, 0xff, 0xff, 0xff, 0xfd,
    0x0, 0x0, 0x8f, 0xff, 0xff, 0xff, 0xff, 0xff,
    0xff, 0xd0, 0x0, 0x8, 0xff, 0xff, 0xff, 0xff,
    0xff, 0xff, 0xfd, 0x0, 0x0, 0x48, 0x89, 0xff,
    0xff, 0x88, 0x88, 0x88, 0x70, 0x0, 0x0, 0x0,
    0x2f, 0xff, 0xd0, 0x0, 0x0, 0x0, 0x0, 0x0,
    0x0, 0x5, 0xff, 0xf9, 0x0, 0x0, 0x0, 0x0,
    0x0, 0x0, 0x0, 0xbf, 0xff, 0x40, 0x0, 0x0,
    0x0, 0x0, 0x0, 0x0, 0x3f, 0xff, 0xc0, 0x0,
    0x0, 0x0, 0x0, 0x0, 0x0, 0xd, 0xff, 0xf3,
    0x0, 0x0, 0x0, 0x0, 0x0, 0x0, 0x8, 0xff,
    0xfe, 0x99, 0x99, 0x99, 0x99, 0x99, 0x92, 0x0,
    0xaf, 0xff, 0xff, 0xff, 0xff, 0xff, 0xff, 0xff,
    0x40, 0xa, 0xff, 0xff, 0xff, 0xff, 0xff, 0xff,
    0xff, 0xf4, 0x0, 0xaf, 0xff, 0xff, 0xff, 0xff,
    0xff, 0xff, 0xff, 0x40,

    /* U+00A5 "¥" */
    0x3f, 0xff, 0xfb, 0x0, 0x0, 0x0, 0x0, 0xd,
    0xff, 0xfb, 0xb, 0xff, 0xff, 0x30, 0x0, 0x0,
    0x0, 0x5f, 0xff, 0xf3, 0x2, 0xff, 0xff, 0xb0,
    0x0, 0x0, 0x0, 0xdf, 0xff, 0xa0, 0x0, 0x9f,
    0xff, 0xf3, 0x0, 0x0, 0x4, 0xff, 0xff, 0x10,
    0x0, 0x1f, 0xff, 0xfb, 0x0, 0x0, 0xc, 0xff,
    0xf8, 0x0, 0x0, 0x8, 0xff, 0xff, 0x20, 0x0,
    0x4f, 0xff, 0xe1, 0x0, 0x0, 0x0, 0xef, 0xff,
    0xa0, 0x0, 0xbf, 0xff, 0x70, 0x0, 0x0, 0x0,
    0x7f, 0xff, 0xf2, 0x3, 0xff, 0xfe, 0x0, 0x0,
    0x7, 0xee, 0xef, 0xff, 0xfa, 0xb, 0xff, 0xff,
    0xee, 0xe0, 0x9, 0xff, 0xff, 0xff, 0xff, 0x5f,
    0xff, 0xff, 0xff, 0xf0, 0x9, 0xff, 0xff, 0xff,
    0xff, 0xff, 0xff, 0xff, 0xff, 0xf0, 0x0, 0x0,
    0x0, 0x4f, 0xff, 0xff, 0xfb, 0x0, 0x0, 0x0,
    0x0, 0x0, 0x0, 0xb, 0xff, 0xff, 0xf3, 0x0,
    0x0, 0x0, 0x7, 0xee, 0xee, 0xef, 0xff, 0xff,
    0xfe, 0xee, 0xee, 0xe0, 0x9, 0xff, 0xff, 0xff,
    0xff, 0xff, 0xff, 0xff, 0xff, 0xf0, 0x9, 0xff,
    0xff, 0xff, 0xff, 0xff, 0xff, 0xff, 0xff, 0xf0,
    0x0, 0x0, 0x0, 0x0, 0xdf, 0xff, 0x50, 0x0,
    0x0, 0x0, 0x0, 0x0, 0x0, 0x0, 0xdf, 0xff,
    0x50, 0x0, 0x0, 0x0, 0x0, 0x0, 0x0, 0x0,
    0xdf, 0xff, 0x50, 0x0, 0x0, 0x0, 0x0, 0x0,
    0x0, 0x0, 0xdf, 0xff, 0x50, 0x0, 0x0, 0x0,
    0x0, 0x0, 0x0, 0x0, 0xdf, 0xff, 0x50, 0x0,
    0x0, 0x0, 0x0, 0x0, 0x0, 0x0, 0xdf, 0xff,
    0x50, 0x0, 0x0, 0x0, 0x0, 0x0, 0x0, 0x0,
    0xdf, 0xff, 0x50, 0x0, 0x0, 0x0, 0x0, 0x0,
    0x0, 0x0, 0xdf, 0xff, 0x50, 0x0, 0x0, 0x0,

    /* U+00A7 "§" */
    0x0, 0x0, 0x28, 0xdf, 0xff, 0xd9, 0x20, 0x0,
    0x0, 0x6, 0xff, 0xff, 0xff, 0xff, 0xf8, 0x0,
    0x0, 0x4f, 0xff, 0xff, 0xff, 0xff, 0xff, 0x70,
    0x0, 0xcf, 0xff, 0x60, 0x1, 0x6f, 0xff, 0xf1,
    0x0, 0xff, 0xfb, 0x0, 0x0, 0x7, 0xff, 0xf5,
    0x0, 0xff, 0xfd, 0x0, 0x0, 0x0, 0x33, 0x31,
    0x0, 0xdf, 0xff, 0xc5, 0x0, 0x0, 0x0, 0x0,
    0x0, 0x7f, 0xff, 0xff, 0xfd, 0x95, 0x0, 0x0,
    0x0, 0xb, 0xff, 0xff, 0xff, 0xff, 0xe6, 0x0,
    0x0, 0x7f, 0xff, 0xff, 0xff, 0xff, 0xff, 0x70,
    0x5, 0xff, 0xff, 0xca, 0xae, 0xff, 0xff, 0xf2,
    0xd, 0xff, 0xf2, 0x0, 0x0, 0x3c, 0xff, 0xf8,
    0xf, 0xff, 0xa0, 0x0, 0x0, 0x1, 0xff, 0xfb,
    0xf, 0xff, 0xc0, 0x0, 0x0, 0x0, 0xff, 0xfa,
    0xd, 0xff, 0xfa, 0x30, 0x0, 0x7, 0xff, 0xf7,
    0x7, 0xff, 0xff, 0xfe, 0xab, 0xef, 0xff, 0xe1,
    0x0, 0xbf, 0xff, 0xff, 0xff, 0xff, 0xfe, 0x30,
    0x0, 0x8, 0xff, 0xff, 0xff, 0xff, 0xf7, 0x0,
    0x0, 0x0, 0x16, 0xad, 0xff, 0xff, 0xff, 0x20,
    0x0, 0x0, 0x0, 0x0, 0x16, 0xdf, 0xff, 0x80,
    0x2, 0x33, 0x30, 0x0, 0x0, 0x2f, 0xff, 0xa0,
    0xa, 0xff, 0xf2, 0x0, 0x0, 0xf, 0xff, 0xa0,
    0x5, 0xff, 0xfd, 0x40, 0x2, 0xbf, 0xff, 0x60,
    0x0, 0xcf, 0xff, 0xff, 0xff, 0xff, 0xfe, 0x0,
    0x0, 0x1b, 0xff, 0xff, 0xff, 0xff, 0xd2, 0x0,
    0x0, 0x0, 0x4a, 0xdf, 0xfe, 0xb6, 0x0, 0x0,

    /* U+00A8 "¨" */
    0x9, 0x99, 0x92, 0x0, 0x69, 0x99, 0x61, 0xff,
    0xff, 0x40, 0xb, 0xff, 0xfa, 0x1f, 0xff, 0xf4,
    0x0, 0xbf, 0xff, 0xa1, 0xff, 0xff, 0x40, 0xb,
    0xff, 0xfa, 0x1f, 0xff, 0xf4, 0x0, 0xbf, 0xff,
    0xa0,

    /* U+00A9 "©" */
    0x0, 0x0, 0x0, 0x0, 0x38, 0xbc, 0xdb, 0x95,
    0x0, 0x0, 0x0, 0x0, 0x0, 0x0, 0x0, 0x5,
    0xdf, 0xff, 0xff, 0xff, 0xff, 0x80, 0x0, 0x0,
    0x0, 0x0, 0x0, 0x1b, 0xff, 0xb6, 0x20, 0x1,
    0x49, 0xff, 0xe4, 0x0, 0x0, 0x0, 0x0, 0x1d,
    0xfd, 0x30, 0x0, 0x0, 0x0, 0x1, 0x9f, 0xf5,
    0x0, 0x0, 0x0, 0x1d, 0xfa, 0x0, 0x0, 0x0,
    0x0, 0x0, 0x0, 0x5f, 0xf4, 0x0, 0x0, 0xa,
    0xfa, 0x0, 0x0, 0x0, 0x12, 0x0, 0x0, 0x0,
    0x5f, 0xe1, 0x0, 0x4, 0xfd, 0x0, 0x0, 0x18,
    0xef, 0xff, 0xd6, 0x0, 0x0, 0x9f, 0xa0, 0x0,
    0xcf, 0x50, 0x0, 0x3e, 0xff, 0xff, 0xff, 0xfb,
    0x0, 0x0, 0xef, 0x20, 0x2f, 0xd0, 0x0, 0x1e,
    0xff, 0x61, 0x2, 0x9f, 0xf9, 0x0, 0x7, 0xf8,
    0x7, 0xf7, 0x0, 0x9, 0xff, 0x30, 0x0, 0x0,
    0x9f, 0xf1, 0x0, 0x2f, 0xd0, 0xaf, 0x40, 0x0,
    0xff, 0x90, 0x0, 0x0, 0x2, 0xff, 0x60, 0x0,
    0xef, 0xc, 0xf1, 0x0, 0x4f, 0xf4, 0x0, 0x0,
    0x0, 0x1, 0x10, 0x0, 0xb, 0xf2, 0xcf, 0x0,
    0x5, 0xff, 0x20, 0x0, 0x0, 0x0, 0x0, 0x0,
    0x0, 0xaf, 0x2c, 0xf1, 0x0, 0x5f, 0xf2, 0x0,
    0x0, 0x0, 0x0, 0x0, 0x0, 0xb, 0xf2, 0xaf,
    0x30, 0x3, 0xff, 0x50, 0x0, 0x0, 0x0, 0x44,
    0x20, 0x0, 0xdf, 0x7, 0xf7, 0x0, 0xe, 0xfb,
    0x0, 0x0, 0x0, 0x3f, 0xf6, 0x0, 0x1f, 0xd0,
    0x3f, 0xc0, 0x0, 0x8f, 0xf5, 0x0, 0x0, 0xc,
    0xff, 0x10, 0x6, 0xf9, 0x0, 0xdf, 0x30, 0x0,
    0xdf, 0xf9, 0x42, 0x5c, 0xff, 0x70, 0x0, 0xdf,
    0x30, 0x5, 0xfc, 0x0, 0x1, 0xcf, 0xff, 0xff,
    0xff, 0x80, 0x0, 0x7f, 0xb0, 0x0, 0xc, 0xf8,
    0x0, 0x0, 0x6c, 0xff, 0xea, 0x30, 0x0, 0x3f,
    0xf2, 0x0, 0x0, 0x2e, 0xf7, 0x0, 0x0, 0x0,
    0x0, 0x0, 0x0, 0x3e, 0xf7, 0x0, 0x0, 0x0,
    0x3f, 0xfa, 0x10, 0x0, 0x0, 0x0, 0x0, 0x6f,
    0xf8, 0x0, 0x0, 0x0, 0x0, 0x2d, 0xff, 0x83,
    0x0, 0x0, 0x16, 0xdf, 0xf6, 0x0, 0x0, 0x0,
    0x0, 0x0, 0x8, 0xff, 0xff, 0xdd, 0xef, 0xff,
    0xb2, 0x0, 0x0, 0x0, 0x0, 0x0, 0x0, 0x1,
    0x6b, 0xdf, 0xfe, 0xc8, 0x20, 0x0, 0x0, 0x0,
    0x0,

    /* U+00AA "ª" */
    0x0, 0x3, 0x55, 0x20, 0x0, 0x3, 0xdf, 0xff,
    0xfc, 0x20, 0x1e, 0xff, 0xff, 0xff, 0xc0, 0x4b,
    0xb7, 0x0, 0xdf, 0xf2, 0x0, 0x3, 0x58, 0xef,
    0xf3, 0x5, 0xef, 0xff, 0xff, 0xf3, 0x4f, 0xfe,
    0x96, 0xcf, 0xf3, 0xaf, 0xf3, 0x0, 0xdf, 0xf3,
    0xaf, 0xfb, 0x7c, 0xff, 0xf3, 0x5f, 0xff, 0xff,
    0xbf, 0xf4, 0x5, 0xbc, 0x92, 0x4a, 0xa4,

    /* U+00AB "«" */
    0x0, 0x0, 0x9f, 0xff, 0x50, 0x9f, 0xff, 0x40,
    0x0, 0x4f, 0xff, 0xa0, 0x4f, 0xff, 0xa0, 0x0,
    0x1e, 0xff, 0xe1, 0x1e, 0xff, 0xe1, 0x0, 0xa,
    0xff, 0xf4, 0xb, 0xff, 0xf4, 0x0, 0x6, 0xff,
    0xf9, 0x6, 0xff, 0xf9, 0x0, 0x2, 0xff, 0xfd,
    0x2, 0xff, 0xfd, 0x0, 0x0, 0x2f, 0xff, 0xd0,
    0x2f, 0xff, 0xd0, 0x0, 0x0, 0x6f, 0xff, 0x90,
    0x6f, 0xff, 0x90, 0x0, 0x0, 0xbf, 0xff, 0x40,
    0xbf, 0xff, 0x40, 0x0, 0x1, 0xef, 0xfe, 0x11,
    0xef, 0xfe, 0x0, 0x0, 0x4, 0xff, 0xfa, 0x5,
    0xff, 0xf9, 0x0, 0x0, 0x9, 0xff, 0xf5, 0x9,
    0xff, 0xf4,

    /* U+00AE "®" */
    0x0, 0x0, 0x0, 0x0, 0x38, 0xbc, 0xdb, 0x95,
    0x0, 0x0, 0x0, 0x0, 0x0, 0x0, 0x0, 0x5,
    0xdf, 0xff, 0xff, 0xff, 0xff, 0x80, 0x0, 0x0,
    0x0, 0x0, 0x0, 0x1b, 0xff, 0xb6, 0x20, 0x1,
    0x49, 0xff, 0xe4, 0x0, 0x0, 0x0, 0x0, 0x1d,
    0xfd, 0x30, 0x0, 0x0, 0x0, 0x1, 0x9f, 0xf5,
    0x0, 0x0, 0x0, 0x1d, 0xfa, 0x0, 0x0, 0x0,
    0x0, 0x0, 0x0, 0x5f, 0xf4, 0x0, 0x0, 0xa,
    0xfa, 0x0, 0x12, 0x22, 0x22, 0x10, 0x0, 0x0,
    0x5f, 0xe1, 0x0, 0x4, 0xfd, 0x0, 0xd, 0xff,
    0xff, 0xff, 0xfa, 0x20, 0x0, 0x9f, 0xa0, 0x0,
    0xcf, 0x50, 0x0, 0xdf, 0xff, 0xff, 0xff, 0xfe,
    0x20, 0x0, 0xef, 0x20, 0x2f, 0xd0, 0x0, 0xd,
    0xfa, 0x0, 0x0, 0x6f, 0xf9, 0x0, 0x7, 0xf8,
    0x7, 0xf7, 0x0, 0x0, 0xdf, 0xa0, 0x0, 0x0,
    0xcf, 0xc0, 0x0, 0x2f, 0xd0, 0xaf, 0x40, 0x0,
    0xd, 0xfa, 0x0, 0x0, 0xc, 0xfb, 0x0, 0x0,
    0xef, 0xc, 0xf1, 0x0, 0x0, 0xdf, 0xa0, 0x0,
    0x17, 0xff, 0x50, 0x0, 0xb, 0xf2, 0xcf, 0x0,
    0x0, 0xd, 0xff, 0xff, 0xff, 0xff, 0x60, 0x0,
    0x0, 0xaf, 0x2c, 0xf1, 0x0, 0x0, 0xdf, 0xff,
    0xff, 0xff, 0xe6, 0x0, 0x0, 0xb, 0xf2, 0xaf,
    0x30, 0x0, 0xd, 0xfa, 0x0, 0x2, 0xbf, 0xf3,
    0x0, 0x0, 0xdf, 0x7, 0xf7, 0x0, 0x0, 0xdf,
    0xa0, 0x0, 0x1, 0xff, 0x80, 0x0, 0x1f, 0xd0,
    0x3f, 0xc0, 0x0, 0xd, 0xfa, 0x0, 0x0, 0xf,
    0xf9, 0x0, 0x6, 0xf9, 0x0, 0xdf, 0x30, 0x0,
    0xdf, 0xa0, 0x0, 0x0, 0xff, 0x90, 0x0, 0xdf,
    0x30, 0x5, 0xfc, 0x0, 0xd, 0xfa, 0x0, 0x0,
    0xe, 0xf9, 0x0, 0x7f, 0xb0, 0x0, 0xc, 0xf8,
    0x0, 0xdf, 0xa0, 0x0, 0x0, 0xef, 0xa0, 0x3f,
    0xf2, 0x0, 0x0, 0x2e, 0xf7, 0x0, 0x0, 0x0,
    0x0, 0x0, 0x0, 0x3e, 0xf7, 0x0, 0x0, 0x0,
    0x3f, 0xfa, 0x10, 0x0, 0x0, 0x0, 0x0, 0x6f,
    0xf8, 0x0, 0x0, 0x0, 0x0, 0x2d, 0xff, 0x83,
    0x0, 0x0, 0x16, 0xdf, 0xf6, 0x0, 0x0, 0x0,
    0x0, 0x0, 0x8, 0xff, 0xff, 0xdd, 0xef, 0xff,
    0xb2, 0x0, 0x0, 0x0, 0x0, 0x0, 0x0, 0x1,
    0x6b, 0xdf, 0xfe, 0xc8, 0x20, 0x0, 0x0, 0x0,
    0x0,

    /* U+00AF "¯" */
    0x1f, 0xff, 0xff, 0xff, 0xff, 0xff, 0x71, 0xff,
    0xff, 0xff, 0xff, 0xff, 0xf7, 0x1f, 0xff, 0xff,
    0xff, 0xff, 0xff, 0x70,

    /* U+00B0 "°" */
    0x0, 0x0, 0x22, 0x0, 0x0, 0x0, 0x7f, 0xff,
    0xf7, 0x0, 0x9, 0xff, 0xff, 0xff, 0x80, 0x3f,
    0xf8, 0x11, 0x8f, 0xf2, 0x8f, 0xc0, 0x0, 0xd,
    0xf7, 0x9f, 0x90, 0x0, 0xa, 0xf8, 0x7f, 0xd0,
    0x0, 0xe, 0xf6, 0x1f, 0xfb, 0x44, 0xcf, 0xf1,
    0x6, 0xff, 0xff, 0xff, 0x50, 0x0, 0x4b, 0xff,
    0xb3, 0x0,

    /* U+00B4 "´" */
    0x0, 0x0, 0x12, 0x22, 0x21, 0x0, 0x2, 0xff,
    0xff, 0xe3, 0x0, 0xc, 0xff, 0xfe, 0x30, 0x0,
    0x7f, 0xff, 0xe2, 0x0, 0x2, 0xff, 0xfe, 0x20,
    0x0, 0xc, 0xff, 0xe2, 0x0, 0x0,

    /* U+00B6 "¶" */
    0x0, 0x0, 0x5b, 0xef, 0xff, 0xff, 0xff, 0xff,
    0xff, 0xf3, 0x0, 0x1c, 0xff, 0xff, 0xff, 0xff,
    0xff, 0xff, 0xff, 0xf3, 0x0, 0xcf, 0xff, 0xff,
    0xff, 0xff, 0xff, 0xff, 0xff, 0xf3, 0x6, 0xff,
    0xff, 0xff, 0xff, 0xff, 0xd1, 0x1a, 0xff, 0xf3,
    0xc, 0xff, 0xff, 0xff, 0xff, 0xff, 0xd0, 0x9,
    0xff, 0xf3, 0xf, 0xff, 0xff, 0xff, 0xff, 0xff,
    0xd0, 0x9, 0xff, 0xf3, 0x1f, 0xff, 0xff, 0xff,
    0xff, 0xff, 0xd0, 0x9, 0xff, 0xf3, 0xf, 0xff,
    0xff, 0xff, 0xff, 0xff, 0xd0, 0x9, 0xff, 0xf3,
    0xc, 0xff, 0xff, 0xff, 0xff, 0xff, 0xd0, 0x9,
    0xff, 0xf3, 0x5, 0xff, 0xff, 0xff, 0xff, 0xff,
    0xd0, 0x9, 0xff, 0xf3, 0x0, 0xbf, 0xff, 0xff,
    0xff, 0xff, 0xd0, 0x9, 0xff, 0xf3, 0x0, 0x9,
    0xff, 0xff, 0xff, 0xff, 0xd0, 0x9, 0xff, 0xf3,
    0x0, 0x0, 0x38, 0xbc, 0xcf, 0xff, 0xd0, 0x9,
    0xff, 0xf3, 0x0, 0x0, 0x0, 0x0, 0xf, 0xff,
    0xd0, 0x9, 0xff, 0xf3, 0x0, 0x0, 0x0, 0x0,
    0xf, 0xff, 0xd0, 0x9, 0xff, 0xf3, 0x0, 0x0,
    0x0, 0x0, 0xf, 0xff, 0xd0, 0x9, 0xff, 0xf3,
    0x0, 0x0, 0x0, 0x0, 0xf, 0xff, 0xd0, 0x9,
    0xff, 0xf3, 0x0, 0x0, 0x0, 0x0, 0xf, 0xff,
    0xd0, 0x9, 0xff, 0xf3, 0x0, 0x0, 0x0, 0x0,
    0xf, 0xff, 0xd0, 0x9, 0xff, 0xf3, 0x0, 0x0,
    0x0, 0x0, 0xf, 0xff, 0xd0, 0x9, 0xff, 0xf3,
    0x0, 0x0, 0x0, 0x0, 0xf, 0xff, 0xd0, 0x9,
    0xff, 0xf3, 0x0, 0x0, 0x0, 0x0, 0xf, 0xff,
    0xd0, 0x9, 0xff, 0xf3, 0x0, 0x0, 0x0, 0x0,
    0xf, 0xff, 0xd0, 0x9, 0xff, 0xf3, 0x0, 0x0,
    0x0, 0x0, 0xf, 0xff, 0xd0, 0x9, 0xff, 0xf3,
    0x0, 0x0, 0x0, 0x0, 0xf, 0xff, 0xd0, 0x9,
    0xff, 0xf3, 0x0, 0x0, 0x0, 0x0, 0xf, 0xff,
    0xd0, 0x9, 0xff, 0xf3, 0x0, 0x0, 0x0, 0x0,
    0xf, 0xff, 0xd0, 0x9, 0xff, 0xf3, 0x0, 0x0,
    0x0, 0x0, 0x9, 0x99, 0x80, 0x5, 0x99, 0x92,

    /* U+00B7 "·" */
    0xbb, 0xbb, 0x7f, 0xff, 0xfa, 0xff, 0xff, 0xaf,
    0xff, 0xfa, 0xff, 0xff, 0xa0,

    /* U+00B8 "¸" */
    0x0, 0x0, 0x57, 0x40, 0x0, 0x0, 0x0, 0xff,
    0x60, 0x0, 0x0, 0x3, 0xff, 0xd7, 0x0, 0x0,
    0x6, 0xff, 0xff, 0x90, 0x1, 0x10, 0x3, 0xef,
    0xf0, 0xf, 0xfd, 0x22, 0xdf, 0xf0, 0x8, 0xff,
    0xff, 0xff, 0xa0, 0x0, 0x6c, 0xff, 0xd7, 0x0,

    /* U+00BA "º" */
    0x0, 0x1, 0x45, 0x41, 0x0, 0x0, 0x9, 0xff,
    0xff, 0xfb, 0x10, 0xb, 0xff, 0xff, 0xff, 0xfd,
    0x15, 0xff, 0xf6, 0x24, 0xef, 0xf8, 0xbf, 0xf6,
    0x0, 0x4, 0xff, 0xec, 0xff, 0x20, 0x0, 0xf,
    0xff, 0xbf, 0xf4, 0x0, 0x2, 0xff, 0xf8, 0xff,
    0xc0, 0x0, 0xaf, 0xfb, 0x1e, 0xff, 0xea, 0xdf,
    0xff, 0x30, 0x3e, 0xff, 0xff, 0xff, 0x50, 0x0,
    0x17, 0xbc, 0xb8, 0x20, 0x0,

    /* U+00BB "»" */
    0xc, 0xff, 0xe2, 0xc, 0xff, 0xe2, 0x0, 0x0,
    0x2f, 0xff, 0xc0, 0x2f, 0xff, 0xc0, 0x0, 0x0,
    0x7f, 0xff, 0x80, 0x7f, 0xff, 0x70, 0x0, 0x0,
    0xcf, 0xff, 0x30, 0xcf, 0xff, 0x30, 0x0, 0x2,
    0xff, 0xfd, 0x2, 0xff, 0xfd, 0x0, 0x0, 0x6,
    0xff, 0xf9, 0x6, 0xff, 0xf9, 0x0, 0x0, 0x6f,
    0xff, 0xa0, 0x6f, 0xff, 0xa0, 0x0, 0x1f, 0xff,
    0xe0, 0x2f, 0xff, 0xd0, 0x0, 0xb, 0xff, 0xf3,
    0xc, 0xff, 0xf3, 0x0, 0x6, 0xff, 0xf8, 0x7,
    0xff, 0xf8, 0x0, 0x2, 0xff, 0xfc, 0x2, 0xff,
    0xfc, 0x0, 0x0, 0xcf, 0xff, 0x20, 0xcf, 0xff,
    0x20, 0x0,

    /* U+00BF "¿" */
    0x0, 0x0, 0x0, 0x5f, 0xff, 0xf4, 0x0, 0x0,
    0x0, 0x0, 0x0, 0x0, 0x5f, 0xff, 0xf4, 0x0,
    0x0, 0x0, 0x0, 0x0, 0x0, 0x5f, 0xff, 0xf4,
    0x0, 0x0, 0x0, 0x0, 0x0, 0x0, 0x5f, 0xff,
    0xf4, 0x0, 0x0, 0x0, 0x0, 0x0, 0x0, 0x3b,
    0xbb, 0xb3, 0x0, 0x0, 0x0, 0x0, 0x0, 0x0,
    0x0, 0x0, 0x0, 0x0, 0x0, 0x0, 0x0, 0x0,
    0x0, 0x0, 0x0, 0x0, 0x0, 0x0, 0x0, 0x0,
    0x0, 0x0, 0x0, 0x0, 0x0, 0x0, 0x0, 0x0,
    0x0, 0x0, 0x0, 0xa, 0xaa, 0x90, 0x0, 0x0,
    0x0, 0x0, 0x0, 0x0, 0x2f, 0xff, 0xd0, 0x0,
    0x0, 0x0, 0x0, 0x0, 0x0, 0xbf, 0xff, 0xa0,
    0x0, 0x0, 0x0, 0x0, 0x0, 0xa, 0xff, 0xff,
    0x40, 0x0, 0x0, 0x0, 0x0, 0x2, 0xdf, 0xff,
    0xf9, 0x0, 0x0, 0x0, 0x0, 0x0, 0x4f, 0xff,
    0xff, 0x90, 0x0, 0x0, 0x0, 0x0, 0x2, 0xff,
    0xff, 0xf6, 0x0, 0x0, 0x0, 0x0, 0x0, 0xa,
    0xff, 0xfe, 0x30, 0x0, 0x0, 0x0, 0x0, 0x0,
    0xf, 0xff, 0xf6, 0x0, 0x0, 0x0, 0x0, 0x0,
    0x0, 0x1f, 0xff, 0xf1, 0x0, 0x0, 0x0, 0x5,
    0x99, 0x94, 0x1f, 0xff, 0xf2, 0x0, 0x0, 0x0,
    0xd, 0xff, 0xf4, 0xe, 0xff, 0xfa, 0x0, 0x0,
    0x0, 0x9f, 0xff, 0xe0, 0x8, 0xff, 0xff, 0xd8,
    0x66, 0x9e, 0xff, 0xff, 0x50, 0x0, 0xcf, 0xff,
    0xff, 0xff, 0xff, 0xff, 0xf8, 0x0, 0x0, 0xa,
    0xff, 0xff, 0xff, 0xff, 0xfe, 0x50, 0x0, 0x0,
    0x0, 0x28, 0xce, 0xff, 0xda, 0x50, 0x0, 0x0,

    /* U+00C0 "À" */
    0x0, 0x0, 0x0, 0xbf, 0xff, 0xf9, 0x0, 0x0,
    0x0, 0x0, 0x0, 0x0, 0x0, 0x0, 0x0, 0xbf,
    0xff, 0xf4, 0x0, 0x0, 0x0, 0x0, 0x0, 0x0,
    0x0, 0x0, 0x0, 0xaf, 0xff, 0xd0, 0x0, 0x0,
    0x0, 0x0, 0x0, 0x0, 0x0, 0x0, 0x0, 0xaf,
    0xff, 0x90, 0x0, 0x0, 0x0, 0x0, 0x0, 0x0,
    0x0, 0x0, 0x0, 0xaf, 0xff, 0x30, 0x0, 0x0,
    0x0, 0x0, 0x0, 0x0, 0x0, 0x0, 0x0, 0x22,
    0x21, 0x0, 0x0, 0x0, 0x0, 0x0, 0x0, 0x0,
    0x0, 0x0, 0x0, 0x0, 0x0, 0x0, 0x0, 0x0,
    0x0, 0x0, 0x0, 0x0, 0x0, 0xcf, 0xff, 0xf4,
    0x0, 0x0, 0x0, 0x0, 0x0, 0x0, 0x0, 0x0,
    0x2f, 0xff, 0xff, 0xa0, 0x0, 0x0, 0x0, 0x0,
    0x0, 0x0, 0x0, 0x8, 0xff, 0xff, 0xff, 0x0,
    0x0, 0x0, 0x0, 0x0, 0x0, 0x0, 0x0, 0xdf,
    0xff, 0xff, 0xf5, 0x0, 0x0, 0x0, 0x0, 0x0,
    0x0, 0x0, 0x3f, 0xff, 0xaf, 0xff, 0xb0, 0x0,
    0x0, 0x0, 0x0, 0x0, 0x0, 0x9, 0xff, 0xf2,
    0xdf, 0xff, 0x10, 0x0, 0x0, 0x0, 0x0, 0x0,
    0x0, 0xef, 0xfc, 0x8, 0xff, 0xf6, 0x0, 0x0,
    0x0, 0x0, 0x0, 0x0, 0x4f, 0xff, 0x70, 0x2f,
    0xff, 0xc0, 0x0, 0x0, 0x0, 0x0, 0x0, 0xa,
    0xff, 0xf2, 0x0, 0xdf, 0xff, 0x10, 0x0, 0x0,
    0x0, 0x0, 0x0, 0xff, 0xfc, 0x0, 0x8, 0xff,
    0xf7, 0x0, 0x0, 0x0, 0x0, 0x0, 0x5f, 0xff,
    0x70, 0x0, 0x3f, 0xff, 0xc0, 0x0, 0x0, 0x0,
    0x0, 0xb, 0xff, 0xf2, 0x0, 0x0, 0xdf, 0xff,
    0x20, 0x0, 0x0, 0x0, 0x1, 0xff, 0xfc, 0x0,
    0x0, 0x8, 0xff, 0xf8, 0x0, 0x0, 0x0, 0x0,
    0x6f, 0xff, 0x70, 0x0, 0x0, 0x3f, 0xff, 0xd0,
    0x0, 0x0, 0x0, 0xc, 0xff, 0xf8, 0x66, 0x66,
    0x66, 0xff, 0xff, 0x30, 0x0, 0x0, 0x1, 0xff,
    0xff, 0xff, 0xff, 0xff, 0xff, 0xff, 0xf9, 0x0,
    0x0, 0x0, 0x7f, 0xff, 0xff, 0xff, 0xff, 0xff,
    0xff, 0xff, 0xe0, 0x0, 0x0, 0xc, 0xff, 0xff,
    0xff, 0xff, 0xff, 0xff, 0xff, 0xff, 0x40, 0x0,
    0x2, 0xff, 0xfd, 0x0, 0x0, 0x0, 0x0, 0x8,
    0xff, 0xfa, 0x0, 0x0, 0x8f, 0xff, 0x70, 0x0,
    0x0, 0x0, 0x0, 0x3f, 0xff, 0xf0, 0x0, 0xd,
    0xff, 0xf2, 0x0, 0x0, 0x0, 0x0, 0x0, 0xef,
    0xff, 0x50, 0x3, 0xff, 0xfd, 0x0, 0x0, 0x0,
    0x0, 0x0, 0x8, 0xff, 0xfa, 0x0, 0x9f, 0xff,
    0x70, 0x0, 0x0, 0x0, 0x0, 0x0, 0x3f, 0xff,
    0xf1, 0xe, 0xff, 0xf2, 0x0, 0x0, 0x0, 0x0,
    0x0, 0x0, 0xef, 0xff, 0x60,

    /* U+00C1 "Á" */
    0x0, 0x0, 0x0, 0x0, 0x0, 0x2, 0xff, 0xff,
    0xf4, 0x0, 0x0, 0x0, 0x0, 0x0, 0x0, 0x0,
    0x0, 0xcf, 0xff, 0xf4, 0x0, 0x0, 0x0, 0x0,
    0x0, 0x0, 0x0, 0x0, 0x6f, 0xff, 0xf3, 0x0,
    0x0, 0x0, 0x0, 0x0, 0x0, 0x0, 0x0, 0x2f,
    0xff, 0xf3, 0x0, 0x0, 0x0, 0x0, 0x0, 0x0,
    0x0, 0x0, 0xb, 0xff, 0xe3, 0x0, 0x0, 0x0,
    0x0, 0x0, 0x0, 0x0, 0x0, 0x0, 0x22, 0x21,
    0x0, 0x0, 0x0, 0x0, 0x0, 0x0, 0x0, 0x0,
    0x0, 0x0, 0x0, 0x0, 0x0, 0x0, 0x0, 0x0,
    0x0, 0x0, 0x0, 0x0, 0x0, 0xcf, 0xff, 0xf4,
    0x0, 0x0, 0x0, 0x0, 0x0, 0x0, 0x0, 0x0,
    0x2f, 0xff, 0xff, 0xa0, 0x0, 0x0, 0x0, 0x0,
    0x0, 0x0, 0x0, 0x8, 0xff, 0xff, 0xff, 0x0,
    0x0, 0x0, 0x0, 0x0, 0x0, 0x0, 0x0, 0xdf,
    0xff, 0xff, 0xf5, 0x0, 0x0, 0x0, 0x0, 0x0,
    0x0, 0x0, 0x3f, 0xff, 0xaf, 0xff, 0xb0, 0x0,
    0x0, 0x0, 0x0, 0x0, 0x0, 0x9, 0xff, 0xf2,
    0xdf, 0xff, 0x10, 0x0, 0x0, 0x0, 0x0, 0x0,
    0x0, 0xef, 0xfc, 0x8, 0xff, 0xf6, 0x0, 0x0,
    0x0, 0x0, 0x0, 0x0, 0x4f, 0xff, 0x70, 0x2f,
    0xff, 0xc0, 0x0, 0x0, 0x0, 0x0, 0x0, 0xa,
    0xff, 0xf2, 0x0, 0xdf, 0xff, 0x10, 0x0, 0x0,
    0x0, 0x0, 0x0, 0xff, 0xfc, 0x0, 0x8, 0xff,
    0xf7, 0x0, 0x0, 0x0, 0x0, 0x0, 0x5f, 0xff,
    0x70, 0x0, 0x3f, 0xff, 0xc0, 0x0, 0x0, 0x0,
    0x0, 0xb, 0xff, 0xf2, 0x0, 0x0, 0xdf, 0xff,
    0x20, 0x0, 0x0, 0x0, 0x1, 0xff, 0xfc, 0x0,
    0x0, 0x8, 0xff, 0xf8, 0x0, 0x0, 0x0, 0x0,
    0x6f, 0xff, 0x70, 0x0, 0x0, 0x3f, 0xff, 0xd0,
    0x0, 0x0, 0x0, 0xc, 0xff, 0xf8, 0x66, 0x66,
    0x66, 0xff, 0xff, 0x30, 0x0, 0x0, 0x1, 0xff,
    0xff, 0xff, 0xff, 0xff, 0xff, 0xff, 0xf9, 0x0,
    0x0, 0x0, 0x7f, 0xff, 0xff, 0xff, 0xff, 0xff,
    0xff, 0xff, 0xe0, 0x0, 0x0, 0xc, 0xff, 0xff,
    0xff, 0xff, 0xff, 0xff, 0xff, 0xff, 0x40, 0x0,
    0x2, 0xff, 0xfd, 0x0, 0x0, 0x0, 0x0, 0x8,
    0xff, 0xfa, 0x0, 0x0, 0x8f, 0xff, 0x70, 0x0,
    0x0, 0x0, 0x0, 0x3f, 0xff, 0xf0, 0x0, 0xd,
    0xff, 0xf2, 0x0, 0x0, 0x0, 0x0, 0x0, 0xef,
    0xff, 0x50, 0x3, 0xff, 0xfd, 0x0, 0x0, 0x0,
    0x0, 0x0, 0x8, 0xff, 0xfa, 0x0, 0x9f, 0xff,
    0x70, 0x0, 0x0, 0x0, 0x0, 0x0, 0x3f, 0xff,
    0xf1, 0xe, 0xff, 0xf2, 0x0, 0x0, 0x0, 0x0,
    0x0, 0x0, 0xef, 0xff, 0x60,

    /* U+00C2 "Â" */
    0x0, 0x0, 0x0, 0x0, 0xc, 0xff, 0xff, 0x40,
    0x0, 0x0, 0x0, 0x0, 0x0, 0x0, 0x0, 0xa,
    0xff, 0xff, 0xff, 0x20, 0x0, 0x0, 0x0, 0x0,
    0x0, 0x0, 0x8, 0xff, 0xfc, 0xff, 0xfd, 0x10,
    0x0, 0x0, 0x0, 0x0, 0x0, 0x5, 0xff, 0xf9,
    0x3, 0xef, 0xfc, 0x0, 0x0, 0x0, 0x0, 0x0,
    0x3, 0xff, 0xf7, 0x0, 0x2, 0xdf, 0xfa, 0x0,
    0x0, 0x0, 0x0, 0x0, 0x0, 0x0, 0x0, 0x0,
    0x0, 0x0, 0x0, 0x0, 0x0, 0x0, 0x0, 0x0,
    0x0, 0x0, 0x0, 0x0, 0x0, 0x0, 0x0, 0x0,
    0x0, 0x0, 0x0, 0x0, 0x0, 0xcf, 0xff, 0xf4,
    0x0, 0x0, 0x0, 0x0, 0x0, 0x0, 0x0, 0x0,
    0x2f, 0xff, 0xff, 0xa0, 0x0, 0x0, 0x0, 0x0,
    0x0, 0x0, 0x0, 0x8, 0xff, 0xff, 0xff, 0x0,
    0x0, 0x0, 0x0, 0x0, 0x0, 0x0, 0x0, 0xdf,
    0xff, 0xff, 0xf5, 0x0, 0x0, 0x0, 0x0, 0x0,
    0x0, 0x0, 0x3f, 0xff, 0xaf, 0xff, 0xb0, 0x0,
    0x0, 0x0, 0x0, 0x0, 0x0, 0x9, 0xff, 0xf2,
    0xdf, 0xff, 0x10, 0x0, 0x0, 0x0, 0x0, 0x0,
    0x0, 0xef, 0xfc, 0x8, 0xff, 0xf6, 0x0, 0x0,
    0x0, 0x0, 0x0, 0x0, 0x4f, 0xff, 0x70, 0x2f,
    0xff, 0xc0, 0x0, 0x0, 0x0, 0x0, 0x0, 0xa,
    0xff, 0xf2, 0x0, 0xdf, 0xff, 0x10, 0x0, 0x0,
    0x0, 0x0, 0x0, 0xff, 0xfc, 0x0, 0x8, 0xff,
    0xf7, 0x0, 0x0, 0x0, 0x0, 0x0, 0x5f, 0xff,
    0x70, 0x0, 0x3f, 0xff, 0xc0, 0x0, 0x0, 0x0,
    0x0, 0xb, 0xff, 0xf2, 0x0, 0x0, 0xdf, 0xff,
    0x20, 0x0, 0x0, 0x0, 0x1, 0xff, 0xfc, 0x0,
    0x0, 0x8, 0xff, 0xf8, 0x0, 0x0, 0x0, 0x0,
    0x6f, 0xff, 0x70, 0x0, 0x0, 0x3f, 0xff, 0xd0,
    0x0, 0x0, 0x0, 0xc, 0xff, 0xf8, 0x66, 0x66,
    0x66, 0xff, 0xff, 0x30, 0x0, 0x0, 0x1, 0xff,
    0xff, 0xff, 0xff, 0xff, 0xff, 0xff, 0xf9, 0x0,
    0x0, 0x0, 0x7f, 0xff, 0xff, 0xff, 0xff, 0xff,
    0xff, 0xff, 0xe0, 0x0, 0x0, 0xc, 0xff, 0xff,
    0xff, 0xff, 0xff, 0xff, 0xff, 0xff, 0x40, 0x0,
    0x2, 0xff, 0xfd, 0x0, 0x0, 0x0, 0x0, 0x8,
    0xff, 0xfa, 0x0, 0x0, 0x8f, 0xff, 0x70, 0x0,
    0x0, 0x0, 0x0, 0x3f, 0xff, 0xf0, 0x0, 0xd,
    0xff, 0xf2, 0x0, 0x0, 0x0, 0x0, 0x0, 0xef,
    0xff, 0x50, 0x3, 0xff, 0xfd, 0x0, 0x0, 0x0,
    0x0, 0x0, 0x8, 0xff, 0xfa, 0x0, 0x9f, 0xff,
    0x70, 0x0, 0x0, 0x0, 0x0, 0x0, 0x3f, 0xff,
    0xf1, 0xe, 0xff, 0xf2, 0x0, 0x0, 0x0, 0x0,
    0x0, 0x0, 0xef, 0xff, 0x60,

    /* U+00C3 "Ã" */
    0x0, 0x0, 0x0, 0x6, 0xbc, 0xa4, 0x0, 0x3,
    0xdd, 0x30, 0x0, 0x0, 0x0, 0x0, 0xa, 0xff,
    0xff, 0xfa, 0x20, 0xbf, 0xf1, 0x0, 0x0, 0x0,
    0x0, 0x4, 0xff, 0xff, 0xff, 0xff, 0xff, 0xfc,
    0x0, 0x0, 0x0, 0x0, 0x0, 0xaf, 0xf3, 0x6,
    0xef, 0xff, 0xff, 0x20, 0x0, 0x0, 0x0, 0x0,
    0xa, 0xda, 0x0, 0x0, 0x7c, 0xc9, 0x20, 0x0,
    0x0, 0x0, 0x0, 0x0, 0x0, 0x0, 0x0, 0x0,
    0x0, 0x0, 0x0, 0x0, 0x0, 0x0, 0x0, 0x0,
    0x0, 0x0, 0x0, 0x0, 0x0, 0x0, 0x0, 0x0,
    0x0, 0x0, 0x0, 0x0, 0x0, 0xcf, 0xff, 0xf4,
    0x0, 0x0, 0x0, 0x0, 0x0, 0x0, 0x0, 0x0,
    0x2f, 0xff, 0xff, 0xa0, 0x0, 0x0, 0x0, 0x0,
    0x0, 0x0, 0x0, 0x8, 0xff, 0xff, 0xff, 0x0,
    0x0, 0x0, 0x0, 0x0, 0x0, 0x0, 0x0, 0xdf,
    0xff, 0xff, 0xf5, 0x0, 0x0, 0x0, 0x0, 0x0,
    0x0, 0x0, 0x3f, 0xff, 0xaf, 0xff, 0xb0, 0x0,
    0x0, 0x0, 0x0, 0x0, 0x0, 0x9, 0xff, 0xf2,
    0xdf, 0xff, 0x10, 0x0, 0x0, 0x0, 0x0, 0x0,
    0x0, 0xef, 0xfc, 0x8, 0xff, 0xf6, 0x0, 0x0,
    0x0, 0x0, 0x0, 0x0, 0x4f, 0xff, 0x70, 0x2f,
    0xff, 0xc0, 0x0, 0x0, 0x0, 0x0, 0x0, 0xa,
    0xff, 0xf2, 0x0, 0xdf, 0xff, 0x10, 0x0, 0x0,
    0x0, 0x0, 0x0, 0xff, 0xfc, 0x0, 0x8, 0xff,
    0xf7, 0x0, 0x0, 0x0, 0x0, 0x0, 0x5f, 0xff,
    0x70, 0x0, 0x3f, 0xff, 0xc0, 0x0, 0x0, 0x0,
    0x0, 0xb, 0xff, 0xf2, 0x0, 0x0, 0xdf, 0xff,
    0x20, 0x0, 0x0, 0x0, 0x1, 0xff, 0xfc, 0x0,
    0x0, 0x8, 0xff, 0xf8, 0x0, 0x0, 0x0, 0x0,
    0x6f, 0xff, 0x70, 0x0, 0x0, 0x3f, 0xff, 0xd0,
    0x0, 0x0, 0x0, 0xc, 0xff, 0xf8, 0x66, 0x66,
    0x66, 0xff, 0xff, 0x30, 0x0, 0x0, 0x1, 0xff,
    0xff, 0xff, 0xff, 0xff, 0xff, 0xff, 0xf9, 0x0,
    0x0, 0x0, 0x7f, 0xff, 0xff, 0xff, 0xff, 0xff,
    0xff, 0xff, 0xe0, 0x0, 0x0, 0xc, 0xff, 0xff,
    0xff, 0xff, 0xff, 0xff, 0xff, 0xff, 0x40, 0x0,
    0x2, 0xff, 0xfd, 0x0, 0x0, 0x0, 0x0, 0x8,
    0xff, 0xfa, 0x0, 0x0, 0x8f, 0xff, 0x70, 0x0,
    0x0, 0x0, 0x0, 0x3f, 0xff, 0xf0, 0x0, 0xd,
    0xff, 0xf2, 0x0, 0x0, 0x0, 0x0, 0x0, 0xef,
    0xff, 0x50, 0x3, 0xff, 0xfd, 0x0, 0x0, 0x0,
    0x0, 0x0, 0x8, 0xff, 0xfa, 0x0, 0x9f, 0xff,
    0x70, 0x0, 0x0, 0x0, 0x0, 0x0, 0x3f, 0xff,
    0xf1, 0xe, 0xff, 0xf2, 0x0, 0x0, 0x0, 0x0,
    0x0, 0x0, 0xef, 0xff, 0x60,

    /* U+00C4 "Ä" */
    0x0, 0x0, 0x2, 0xff, 0xff, 0x30, 0xc, 0xff,
    0xf9, 0x0, 0x0, 0x0, 0x0, 0x0, 0x2f, 0xff,
    0xf3, 0x0, 0xcf, 0xff, 0x90, 0x0, 0x0, 0x0,
    0x0, 0x2, 0xff, 0xff, 0x30, 0xc, 0xff, 0xf9,
    0x0, 0x0, 0x0, 0x0, 0x0, 0x2f, 0xff, 0xf3,
    0x0, 0xcf, 0xff, 0x90, 0x0, 0x0, 0x0, 0x0,
    0x1, 0x99, 0x99, 0x20, 0x7, 0x99, 0x95, 0x0,
    0x0, 0x0, 0x0, 0x0, 0x0, 0x0, 0x0, 0x0,
    0x0, 0x0, 0x0, 0x0, 0x0, 0x0, 0x0, 0x0,
    0x0, 0x0, 0x0, 0x0, 0x0, 0x0, 0x0, 0x0,
    0x0, 0x0, 0x0, 0x0, 0x0, 0xcf, 0xff, 0xf4,
    0x0, 0x0, 0x0, 0x0, 0x0, 0x0, 0x0, 0x0,
    0x2f, 0xff, 0xff, 0xa0, 0x0, 0x0, 0x0, 0x0,
    0x0, 0x0, 0x0, 0x8, 0xff, 0xff, 0xff, 0x0,
    0x0, 0x0, 0x0, 0x0, 0x0, 0x0, 0x0, 0xdf,
    0xff, 0xff, 0xf5, 0x0, 0x0, 0x0, 0x0, 0x0,
    0x0, 0x0, 0x3f, 0xff, 0xaf, 0xff, 0xb0, 0x0,
    0x0, 0x0, 0x0, 0x0, 0x0, 0x9, 0xff, 0xf2,
    0xdf, 0xff, 0x10, 0x0, 0x0, 0x0, 0x0, 0x0,
    0x0, 0xef, 0xfc, 0x8, 0xff, 0xf6, 0x0, 0x0,
    0x0, 0x0, 0x0, 0x0, 0x4f, 0xff, 0x70, 0x2f,
    0xff, 0xc0, 0x0, 0x0, 0x0, 0x0, 0x0, 0xa,
    0xff, 0xf2, 0x0, 0xdf, 0xff, 0x10, 0x0, 0x0,
    0x0, 0x0, 0x0, 0xff, 0xfc, 0x0, 0x8, 0xff,
    0xf7, 0x0, 0x0, 0x0, 0x0, 0x0, 0x5f, 0xff,
    0x70, 0x0, 0x3f, 0xff, 0xc0, 0x0, 0x0, 0x0,
    0x0, 0xb, 0xff, 0xf2, 0x0, 0x0, 0xdf, 0xff,
    0x20, 0x0, 0x0, 0x0, 0x1, 0xff, 0xfc, 0x0,
    0x0, 0x8, 0xff, 0xf8, 0x0, 0x0, 0x0, 0x0,
    0x6f, 0xff, 0x70, 0x0, 0x0, 0x3f, 0xff, 0xd0,
    0x0, 0x0, 0x0, 0xc, 0xff, 0xf8, 0x66, 0x66,
    0x66, 0xff, 0xff, 0x30, 0x0, 0x0, 0x1, 0xff,
    0xff, 0xff, 0xff, 0xff, 0xff, 0xff, 0xf9, 0x0,
    0x0, 0x0, 0x7f, 0xff, 0xff, 0xff, 0xff, 0xff,
    0xff, 0xff, 0xe0, 0x0, 0x0, 0xc, 0xff, 0xff,
    0xff, 0xff, 0xff, 0xff, 0xff, 0xff, 0x40, 0x0,
    0x2, 0xff, 0xfd, 0x0, 0x0, 0x0, 0x0, 0x8,
    0xff, 0xfa, 0x0, 0x0, 0x8f, 0xff, 0x70, 0x0,
    0x0, 0x0, 0x0, 0x3f, 0xff, 0xf0, 0x0, 0xd,
    0xff, 0xf2, 0x0, 0x0, 0x0, 0x0, 0x0, 0xef,
    0xff, 0x50, 0x3, 0xff, 0xfd, 0x0, 0x0, 0x0,
    0x0, 0x0, 0x8, 0xff, 0xfa, 0x0, 0x9f, 0xff,
    0x70, 0x0, 0x0, 0x0, 0x0, 0x0, 0x3f, 0xff,
    0xf1, 0xe, 0xff, 0xf2, 0x0, 0x0, 0x0, 0x0,
    0x0, 0x0, 0xef, 0xff, 0x60,

    /* U+00C5 "Å" */
    0x0, 0x0, 0x0, 0x0, 0x0, 0x2, 0x10, 0x0,
    0x0, 0x0, 0x0, 0x0, 0x0, 0x0, 0x0, 0x0,
    0x5e, 0xff, 0xa0, 0x0, 0x0, 0x0, 0x0, 0x0,
    0x0, 0x0, 0x0, 0x3f, 0xff, 0xff, 0xa0, 0x0,
    0x0, 0x0, 0x0, 0x0, 0x0, 0x0, 0x9, 0xfc,
    0x15, 0xff, 0x0, 0x0, 0x0, 0x0, 0x0, 0x0,
    0x0, 0x0, 0xbf, 0x70, 0xf, 0xf2, 0x0, 0x0,
    0x0, 0x0, 0x0, 0x0, 0x0, 0x8, 0xfd, 0x38,
    0xff, 0x0, 0x0, 0x0, 0x0, 0x0, 0x0, 0x0,
    0x0, 0x1f, 0xff, 0xff, 0x80, 0x0, 0x0, 0x0,
    0x0, 0x0, 0x0, 0x0, 0x0, 0x3c, 0xfe, 0x80,
    0x0, 0x0, 0x0, 0x0, 0x0, 0x0, 0x0, 0x0,
    0x0, 0x0, 0x0, 0x0, 0x0, 0x0, 0x0, 0x0,
    0x0, 0x0, 0x0, 0x0, 0xcf, 0xff, 0xf4, 0x0,
    0x0, 0x0, 0x0, 0x0, 0x0, 0x0, 0x0, 0x2f,
    0xff, 0xff, 0xa0, 0x0, 0x0, 0x0, 0x0, 0x0,
    0x0, 0x0, 0x8, 0xff, 0xff, 0xff, 0x0, 0x0,
    0x0, 0x0, 0x0, 0x0, 0x0, 0x0, 0xdf, 0xff,
    0xff, 0xf5, 0x0, 0x0, 0x0, 0x0, 0x0, 0x0,
    0x0, 0x3f, 0xff, 0xaf, 0xff, 0xb0, 0x0, 0x0,
    0x0, 0x0, 0x0, 0x0, 0x9, 0xff, 0xf2, 0xdf,
    0xff, 0x10, 0x0, 0x0, 0x0, 0x0, 0x0, 0x0,
    0xef, 0xfc, 0x8, 0xff, 0xf6, 0x0, 0x0, 0x0,
    0x0, 0x0, 0x0, 0x4f, 0xff, 0x70, 0x2f, 0xff,
    0xc0, 0x0, 0x0, 0x0, 0x0, 0x0, 0xa, 0xff,
    0xf2, 0x0, 0xdf, 0xff, 0x10, 0x0, 0x0, 0x0,
    0x0, 0x0, 0xff, 0xfc, 0x0, 0x8, 0xff, 0xf7,
    0x0, 0x0, 0x0, 0x0, 0x0, 0x5f, 0xff, 0x70,
    0x0, 0x3f, 0xff, 0xc0, 0x0, 0x0, 0x0, 0x0,
    0xb, 0xff, 0xf2, 0x0, 0x0, 0xdf, 0xff, 0x20,
    0x0, 0x0, 0x0, 0x1, 0xff, 0xfc, 0x0, 0x0,
    0x8, 0xff, 0xf8, 0x0, 0x0, 0x0, 0x0, 0x6f,
    0xff, 0x70, 0x0, 0x0, 0x3f, 0xff, 0xd0, 0x0,
    0x0, 0x0, 0xc, 0xff, 0xf8, 0x66, 0x66, 0x66,
    0xff, 0xff, 0x30, 0x0, 0x0, 0x1, 0xff, 0xff,
    0xff, 0xff, 0xff, 0xff, 0xff, 0xf9, 0x0, 0x0,
    0x0, 0x7f, 0xff, 0xff, 0xff, 0xff, 0xff, 0xff,
    0xff, 0xe0, 0x0, 0x0, 0xc, 0xff, 0xff, 0xff,
    0xff, 0xff, 0xff, 0xff, 0xff, 0x40, 0x0, 0x2,
    0xff, 0xfd, 0x0, 0x0, 0x0, 0x0, 0x8, 0xff,
    0xfa, 0x0, 0x0, 0x8f, 0xff, 0x70, 0x0, 0x0,
    0x0, 0x0, 0x3f, 0xff, 0xf0, 0x0, 0xd, 0xff,
    0xf2, 0x0, 0x0, 0x0, 0x0, 0x0, 0xef, 0xff,
    0x50, 0x3, 0xff, 0xfd, 0x0, 0x0, 0x0, 0x0,
    0x0, 0x8, 0xff, 0xfa, 0x0, 0x9f, 0xff, 0x70,
    0x0, 0x0, 0x0, 0x0, 0x0, 0x3f, 0xff, 0xf1,
    0xe, 0xff, 0xf2, 0x0, 0x0, 0x0, 0x0, 0x0,
    0x0, 0xef, 0xff, 0x60,

    /* U+00C6 "Æ" */
    0x0, 0x0, 0x0, 0x0, 0xc, 0xff, 0xff, 0xff,
    0xff, 0xff, 0xff, 0xff, 0xff, 0xff, 0xf0, 0x0,
    0x0, 0x0, 0x0, 0x2f, 0xff, 0xff, 0xff, 0xff,
    0xff, 0xff, 0xff, 0xff, 0xff, 0xf0, 0x0, 0x0,
    0x0, 0x0, 0x8f, 0xff, 0xff, 0xff, 0xff, 0xff,
    0xff, 0xff, 0xff, 0xff, 0xf0, 0x0, 0x0, 0x0,
    0x0, 0xdf, 0xfd, 0x55, 0x5b, 0xff, 0xfc, 0x55,
    0x55, 0x55, 0x55, 0x50, 0x0, 0x0, 0x0, 0x3,
    0xff, 0xf7, 0x0, 0x8, 0xff, 0xf9, 0x0, 0x0,
    0x0, 0x0, 0x0, 0x0, 0x0, 0x0, 0x9, 0xff,
    0xf2, 0x0, 0x8, 0xff, 0xf9, 0x0, 0x0, 0x0,
    0x0, 0x0, 0x0, 0x0, 0x0, 0xe, 0xff, 0xd0,
    0x0, 0x8, 0xff, 0xf9, 0x0, 0x0, 0x0, 0x0,
    0x0, 0x0, 0x0, 0x0, 0x4f, 0xff, 0x70, 0x0,
    0x8, 0xff, 0xf9, 0x0, 0x0, 0x0, 0x0, 0x0,
    0x0, 0x0, 0x0, 0xaf, 0xff, 0x20, 0x0, 0x8,
    0xff, 0xf9, 0x0, 0x0, 0x0, 0x0, 0x0, 0x0,
    0x0, 0x0, 0xff, 0xfd, 0x0, 0x0, 0x8, 0xff,
    0xf9, 0x0, 0x0, 0x0, 0x0, 0x0, 0x0, 0x0,
    0x5, 0xff, 0xff, 0xff, 0xff, 0xff, 0xff, 0xff,
    0xff, 0xff, 0xff, 0xff, 0x30, 0x0, 0x0, 0xb,
    0xff, 0xff, 0xff, 0xff, 0xff, 0xff, 0xff, 0xff,
    0xff, 0xff, 0xff, 0x30, 0x0, 0x0, 0x1f, 0xff,
    0xff, 0xff, 0xff, 0xff, 0xff, 0xff, 0xff, 0xff,
    0xff, 0xff, 0x30, 0x0, 0x0, 0x6f, 0xff, 0x94,
    0x44, 0x44, 0x4a, 0xff, 0xfb, 0x44, 0x44, 0x44,
    0x44, 0x10, 0x0, 0x0, 0xcf, 0xff, 0x20, 0x0,
    0x0, 0x8, 0xff, 0xf9, 0x0, 0x0, 0x0, 0x0,
    0x0, 0x0, 0x1, 0xff, 0xfd, 0x0, 0x0, 0x0,
    0x8, 0xff, 0xf9, 0x0, 0x0, 0x0, 0x0, 0x0,
    0x0, 0x7, 0xff, 0xf7, 0x0, 0x0, 0x0, 0x8,
    0xff, 0xf9, 0x0, 0x0, 0x0, 0x0, 0x0, 0x0,
    0xc, 0xff, 0xf2, 0x0, 0x0, 0x0, 0x8, 0xff,
    0xf9, 0x0, 0x0, 0x0, 0x0, 0x0, 0x0, 0x2f,
    0xff, 0xd0, 0x0, 0x0, 0x0, 0x8, 0xff, 0xf9,
    0x0, 0x0, 0x0, 0x0, 0x0, 0x0, 0x8f, 0xff,
    0x70, 0x0, 0x0, 0x0, 0x8, 0xff, 0xf9, 0x0,
    0x0, 0x0, 0x0, 0x0, 0x0, 0xdf, 0xff, 0x20,
    0x0, 0x0, 0x0, 0x8, 0xff, 0xfc, 0x66, 0x66,
    0x66, 0x66, 0x62, 0x3, 0xff, 0xfd, 0x0, 0x0,
    0x0, 0x0, 0x8, 0xff, 0xff, 0xff, 0xff, 0xff,
    0xff, 0xf5, 0x9, 0xff, 0xf7, 0x0, 0x0, 0x0,
    0x0, 0x8, 0xff, 0xff, 0xff, 0xff, 0xff, 0xff,
    0xf5, 0xe, 0xff, 0xf2, 0x0, 0x0, 0x0, 0x0,
    0x8, 0xff, 0xff, 0xff, 0xff, 0xff, 0xff, 0xf5,

    /* U+00C7 "Ç" */
    0x0, 0x0, 0x0, 0x5, 0xad, 0xff, 0xfd, 0xa5,
    0x0, 0x0, 0x0, 0x0, 0x0, 0x5, 0xef, 0xff,
    0xff, 0xff, 0xff, 0xd4, 0x0, 0x0, 0x0, 0x0,
    0xaf, 0xff, 0xff, 0xff, 0xff, 0xff, 0xff, 0x80,
    0x0, 0x0, 0xb, 0xff, 0xff, 0xfb, 0x87, 0x8b,
    0xff, 0xff, 0xf8, 0x0, 0x0, 0x8f, 0xff, 0xfb,
    0x20, 0x0, 0x0, 0x2b, 0xff, 0xff, 0x40, 0x3,
    0xff, 0xff, 0xa0, 0x0, 0x0, 0x0, 0x0, 0xbf,
    0xff, 0xd0, 0xb, 0xff, 0xfd, 0x0, 0x0, 0x0,
    0x0, 0x0, 0x1f, 0xff, 0xf4, 0x1f, 0xff, 0xf4,
    0x0, 0x0, 0x0, 0x0, 0x0, 0x9, 0xff, 0xf9,
    0x6f, 0xff, 0xe0, 0x0, 0x0, 0x0, 0x0, 0x0,
    0x4, 0xee, 0xeb, 0x9f, 0xff, 0xa0, 0x0, 0x0,
    0x0, 0x0, 0x0, 0x0, 0x0, 0x0, 0xbf, 0xff,
    0x70, 0x0, 0x0, 0x0, 0x0, 0x0, 0x0, 0x0,
    0x0, 0xcf, 0xff, 0x60, 0x0, 0x0, 0x0, 0x0,
    0x0, 0x0, 0x0, 0x0, 0xcf, 0xff, 0x60, 0x0,
    0x0, 0x0, 0x0, 0x0, 0x0, 0x0, 0x0, 0xbf,
    0xff, 0x80, 0x0, 0x0, 0x0, 0x0, 0x0, 0x0,
    0x0, 0x0, 0x9f, 0xff, 0xa0, 0x0, 0x0, 0x0,
    0x0, 0x0, 0x0, 0x0, 0x0, 0x5f, 0xff, 0xe0,
    0x0, 0x0, 0x0, 0x0, 0x0, 0x4, 0xdd, 0xdb,
    0x1f, 0xff, 0xf5, 0x0, 0x0, 0x0, 0x0, 0x0,
    0x9, 0xff, 0xfa, 0xa, 0xff, 0xfd, 0x0, 0x0,
    0x0, 0x0, 0x0, 0x1f, 0xff, 0xf5, 0x2, 0xff,
    0xff, 0xb0, 0x0, 0x0, 0x0, 0x0, 0xbf, 0xff,
    0xd0, 0x0, 0x8f, 0xff, 0xfc, 0x20, 0x0, 0x0,
    0x2c, 0xff, 0xff, 0x40, 0x0, 0xa, 0xff, 0xff,
    0xfc, 0x87, 0x8b, 0xff, 0xff, 0xf8, 0x0, 0x0,
    0x0, 0x9f, 0xff, 0xff, 0xff, 0xff, 0xff, 0xff,
    0x90, 0x0, 0x0, 0x0, 0x5, 0xdf, 0xff, 0xff,
    0xff, 0xff, 0xd5, 0x0, 0x0, 0x0, 0x0, 0x0,
    0x4, 0x9d, 0xff, 0xfd, 0xa5, 0x0, 0x0, 0x0,
    0x0, 0x0, 0x0, 0x0, 0x0, 0xff, 0x60, 0x0,
    0x0, 0x0, 0x0, 0x0, 0x0, 0x0, 0x0, 0x3,
    0xff, 0xfa, 0x10, 0x0, 0x0, 0x0, 0x0, 0x0,
    0x0, 0x0, 0x6, 0xff, 0xff, 0xb0, 0x0, 0x0,
    0x0, 0x0, 0x0, 0x0, 0x1, 0x10, 0x2, 0xef,
    0xf0, 0x0, 0x0, 0x0, 0x0, 0x0, 0x0, 0xf,
    0xfd, 0x22, 0xdf, 0xf0, 0x0, 0x0, 0x0, 0x0,
    0x0, 0x0, 0x8, 0xff, 0xff, 0xff, 0x90, 0x0,
    0x0, 0x0, 0x0, 0x0, 0x0, 0x0, 0x6c, 0xff,
    0xd7, 0x0, 0x0, 0x0, 0x0,

    /* U+00C8 "È" */
    0x0, 0x2, 0xef, 0xff, 0xf5, 0x0, 0x0, 0x0,
    0x0, 0x0, 0x0, 0x2d, 0xff, 0xfe, 0x10, 0x0,
    0x0, 0x0, 0x0, 0x0, 0x1, 0xdf, 0xff, 0xa0,
    0x0, 0x0, 0x0, 0x0, 0x0, 0x0, 0x1d, 0xff,
    0xf4, 0x0, 0x0, 0x0, 0x0, 0x0, 0x0, 0x1,
    0xdf, 0xfe, 0x0, 0x0, 0x0, 0x0, 0x0, 0x0,
    0x0, 0x2, 0x22, 0x0, 0x0, 0x0, 0x0, 0x0,
    0x0, 0x0, 0x0, 0x0, 0x0, 0x0, 0x0, 0xf,
    0xff, 0xff, 0xff, 0xff, 0xff, 0xff, 0xff, 0xf3,
    0xf, 0xff, 0xff, 0xff, 0xff, 0xff, 0xff, 0xff,
    0xf3, 0xf, 0xff, 0xff, 0xff, 0xff, 0xff, 0xff,
    0xff, 0xf3, 0xf, 0xff, 0xf7, 0x55, 0x55, 0x55,
    0x55, 0x55, 0x51, 0xf, 0xff, 0xf2, 0x0, 0x0,
    0x0, 0x0, 0x0, 0x0, 0xf, 0xff, 0xf2, 0x0,
    0x0, 0x0, 0x0, 0x0, 0x0, 0xf, 0xff, 0xf2,
    0x0, 0x0, 0x0, 0x0, 0x0, 0x0, 0xf, 0xff,
    0xf2, 0x0, 0x0, 0x0, 0x0, 0x0, 0x0, 0xf,
    0xff, 0xf2, 0x0, 0x0, 0x0, 0x0, 0x0, 0x0,
    0xf, 0xff, 0xf2, 0x0, 0x0, 0x0, 0x0, 0x0,
    0x0, 0xf, 0xff, 0xff, 0xff, 0xff, 0xff, 0xff,
    0xff, 0x70, 0xf, 0xff, 0xff, 0xff, 0xff, 0xff,
    0xff, 0xff, 0x70, 0xf, 0xff, 0xff, 0xff, 0xff,
    0xff, 0xff, 0xff, 0x70, 0xf, 0xff, 0xf6, 0x44,
    0x44, 0x44, 0x44, 0x44, 0x20, 0xf, 0xff, 0xf2,
    0x0, 0x0, 0x0, 0x0, 0x0, 0x0, 0xf, 0xff,
    0xf2, 0x0, 0x0, 0x0, 0x0, 0x0, 0x0, 0xf,
    0xff, 0xf2, 0x0, 0x0, 0x0, 0x0, 0x0, 0x0,
    0xf, 0xff, 0xf2, 0x0, 0x0, 0x0, 0x0, 0x0,
    0x0, 0xf, 0xff, 0xf2, 0x0, 0x0, 0x0, 0x0,
    0x0, 0x0, 0xf, 0xff, 0xf2, 0x0, 0x0, 0x0,
    0x0, 0x0, 0x0, 0xf, 0xff, 0xf7, 0x66, 0x66,
    0x66, 0x66, 0x66, 0x63, 0xf, 0xff, 0xff, 0xff,
    0xff, 0xff, 0xff, 0xff, 0xf9, 0xf, 0xff, 0xff,
    0xff, 0xff, 0xff, 0xff, 0xff, 0xf9, 0xf, 0xff,
    0xff, 0xff, 0xff, 0xff, 0xff, 0xff, 0xf9,

    /* U+00C9 "É" */
    0x0, 0x0, 0x0, 0x0, 0x7, 0xff, 0xff, 0xd1,
    0x0, 0x0, 0x0, 0x0, 0x0, 0x2f, 0xff, 0xfc,
    0x10, 0x0, 0x0, 0x0, 0x0, 0x0, 0xbf, 0xff,
    0xc1, 0x0, 0x0, 0x0, 0x0, 0x0, 0x6, 0xff,
    0xfc, 0x0, 0x0, 0x0, 0x0, 0x0, 0x0, 0x1f,
    0xff, 0xc0, 0x0, 0x0, 0x0, 0x0, 0x0, 0x0,
    0x2, 0x22, 0x0, 0x0, 0x0, 0x0, 0x0, 0x0,
    0x0, 0x0, 0x0, 0x0, 0x0, 0x0, 0x0, 0xf,
    0xff, 0xff, 0xff, 0xff, 0xff, 0xff, 0xff, 0xf3,
    0xf, 0xff, 0xff, 0xff, 0xff, 0xff, 0xff, 0xff,
    0xf3, 0xf, 0xff, 0xff, 0xff, 0xff, 0xff, 0xff,
    0xff, 0xf3, 0xf, 0xff, 0xf7, 0x55, 0x55, 0x55,
    0x55, 0x55, 0x51, 0xf, 0xff, 0xf2, 0x0, 0x0,
    0x0, 0x0, 0x0, 0x0, 0xf, 0xff, 0xf2, 0x0,
    0x0, 0x0, 0x0, 0x0, 0x0, 0xf, 0xff, 0xf2,
    0x0, 0x0, 0x0, 0x0, 0x0, 0x0, 0xf, 0xff,
    0xf2, 0x0, 0x0, 0x0, 0x0, 0x0, 0x0, 0xf,
    0xff, 0xf2, 0x0, 0x0, 0x0, 0x0, 0x0, 0x0,
    0xf, 0xff, 0xf2, 0x0, 0x0, 0x0, 0x0, 0x0,
    0x0, 0xf, 0xff, 0xff, 0xff, 0xff, 0xff, 0xff,
    0xff, 0x70, 0xf, 0xff, 0xff, 0xff, 0xff, 0xff,
    0xff, 0xff, 0x70, 0xf, 0xff, 0xff, 0xff, 0xff,
    0xff, 0xff, 0xff, 0x70, 0xf, 0xff, 0xf6, 0x44,
    0x44, 0x44, 0x44, 0x44, 0x20, 0xf, 0xff, 0xf2,
    0x0, 0x0, 0x0, 0x0, 0x0, 0x0, 0xf, 0xff,
    0xf2, 0x0, 0x0, 0x0, 0x0, 0x0, 0x0, 0xf,
    0xff, 0xf2, 0x0, 0x0, 0x0, 0x0, 0x0, 0x0,
    0xf, 0xff, 0xf2, 0x0, 0x0, 0x0, 0x0, 0x0,
    0x0, 0xf, 0xff, 0xf2, 0x0, 0x0, 0x0, 0x0,
    0x0, 0x0, 0xf, 0xff, 0xf2, 0x0, 0x0, 0x0,
    0x0, 0x0, 0x0, 0xf, 0xff, 0xf7, 0x66, 0x66,
    0x66, 0x66, 0x66, 0x63, 0xf, 0xff, 0xff, 0xff,
    0xff, 0xff, 0xff, 0xff, 0xf9, 0xf, 0xff, 0xff,
    0xff, 0xff, 0xff, 0xff, 0xff, 0xf9, 0xf, 0xff,
    0xff, 0xff, 0xff, 0xff, 0xff, 0xff, 0xf9,

    /* U+00CA "Ê" */
    0x0, 0x0, 0x0, 0x2f, 0xff, 0xfe, 0x10, 0x0,
    0x0, 0x0, 0x0, 0x1, 0xdf, 0xff, 0xff, 0xc0,
    0x0, 0x0, 0x0, 0x0, 0xc, 0xff, 0xfb, 0xff,
    0xfa, 0x0, 0x0, 0x0, 0x0, 0x9f, 0xff, 0x50,
    0x6f, 0xff, 0x80, 0x0, 0x0, 0x7, 0xff, 0xe3,
    0x0, 0x4, 0xff, 0xf5, 0x0, 0x0, 0x0, 0x0,
    0x0, 0x0, 0x0, 0x0, 0x0, 0x0, 0x0, 0x0,
    0x0, 0x0, 0x0, 0x0, 0x0, 0x0, 0x0, 0xf,
    0xff, 0xff, 0xff, 0xff, 0xff, 0xff, 0xff, 0xf3,
    0xf, 0xff, 0xff, 0xff, 0xff, 0xff, 0xff, 0xff,
    0xf3, 0xf, 0xff, 0xff, 0xff, 0xff, 0xff, 0xff,
    0xff, 0xf3, 0xf, 0xff, 0xf7, 0x55, 0x55, 0x55,
    0x55, 0x55, 0x51, 0xf, 0xff, 0xf2, 0x0, 0x0,
    0x0, 0x0, 0x0, 0x0, 0xf, 0xff, 0xf2, 0x0,
    0x0, 0x0, 0x0, 0x0, 0x0, 0xf, 0xff, 0xf2,
    0x0, 0x0, 0x0, 0x0, 0x0, 0x0, 0xf, 0xff,
    0xf2, 0x0, 0x0, 0x0, 0x0, 0x0, 0x0, 0xf,
    0xff, 0xf2, 0x0, 0x0, 0x0, 0x0, 0x0, 0x0,
    0xf, 0xff, 0xf2, 0x0, 0x0, 0x0, 0x0, 0x0,
    0x0, 0xf, 0xff, 0xff, 0xff, 0xff, 0xff, 0xff,
    0xff, 0x70, 0xf, 0xff, 0xff, 0xff, 0xff, 0xff,
    0xff, 0xff, 0x70, 0xf, 0xff, 0xff, 0xff, 0xff,
    0xff, 0xff, 0xff, 0x70, 0xf, 0xff, 0xf6, 0x44,
    0x44, 0x44, 0x44, 0x44, 0x20, 0xf, 0xff, 0xf2,
    0x0, 0x0, 0x0, 0x0, 0x0, 0x0, 0xf, 0xff,
    0xf2, 0x0, 0x0, 0x0, 0x0, 0x0, 0x0, 0xf,
    0xff, 0xf2, 0x0, 0x0, 0x0, 0x0, 0x0, 0x0,
    0xf, 0xff, 0xf2, 0x0, 0x0, 0x0, 0x0, 0x0,
    0x0, 0xf, 0xff, 0xf2, 0x0, 0x0, 0x0, 0x0,
    0x0, 0x0, 0xf, 0xff, 0xf2, 0x0, 0x0, 0x0,
    0x0, 0x0, 0x0, 0xf, 0xff, 0xf7, 0x66, 0x66,
    0x66, 0x66, 0x66, 0x63, 0xf, 0xff, 0xff, 0xff,
    0xff, 0xff, 0xff, 0xff, 0xf9, 0xf, 0xff, 0xff,
    0xff, 0xff, 0xff, 0xff, 0xff, 0xf9, 0xf, 0xff,
    0xff, 0xff, 0xff, 0xff, 0xff, 0xff, 0xf9,

    /* U+00CB "Ë" */
    0x0, 0x6, 0xff, 0xff, 0x0, 0x1f, 0xff, 0xf5,
    0x0, 0x0, 0x6, 0xff, 0xff, 0x0, 0x1f, 0xff,
    0xf5, 0x0, 0x0, 0x6, 0xff, 0xff, 0x0, 0x1f,
    0xff, 0xf5, 0x0, 0x0, 0x6, 0xff, 0xff, 0x0,
    0x1f, 0xff, 0xf5, 0x0, 0x0, 0x3, 0x99, 0x98,
    0x0, 0x9, 0x99, 0x92, 0x0, 0x0, 0x0, 0x0,
    0x0, 0x0, 0x0, 0x0, 0x0, 0x0, 0x0, 0x0,
    0x0, 0x0, 0x0, 0x0, 0x0, 0x0, 0x0, 0xf,
    0xff, 0xff, 0xff, 0xff, 0xff, 0xff, 0xff, 0xf3,
    0xf, 0xff, 0xff, 0xff, 0xff, 0xff, 0xff, 0xff,
    0xf3, 0xf, 0xff, 0xff, 0xff, 0xff, 0xff, 0xff,
    0xff, 0xf3, 0xf, 0xff, 0xf7, 0x55, 0x55, 0x55,
    0x55, 0x55, 0x51, 0xf, 0xff, 0xf2, 0x0, 0x0,
    0x0, 0x0, 0x0, 0x0, 0xf, 0xff, 0xf2, 0x0,
    0x0, 0x0, 0x0, 0x0, 0x0, 0xf, 0xff, 0xf2,
    0x0, 0x0, 0x0, 0x0, 0x0, 0x0, 0xf, 0xff,
    0xf2, 0x0, 0x0, 0x0, 0x0, 0x0, 0x0, 0xf,
    0xff, 0xf2, 0x0, 0x0, 0x0, 0x0, 0x0, 0x0,
    0xf, 0xff, 0xf2, 0x0, 0x0, 0x0, 0x0, 0x0,
    0x0, 0xf, 0xff, 0xff, 0xff, 0xff, 0xff, 0xff,
    0xff, 0x70, 0xf, 0xff, 0xff, 0xff, 0xff, 0xff,
    0xff, 0xff, 0x70, 0xf, 0xff, 0xff, 0xff, 0xff,
    0xff, 0xff, 0xff, 0x70, 0xf, 0xff, 0xf6, 0x44,
    0x44, 0x44, 0x44, 0x44, 0x20, 0xf, 0xff, 0xf2,
    0x0, 0x0, 0x0, 0x0, 0x0, 0x0, 0xf, 0xff,
    0xf2, 0x0, 0x0, 0x0, 0x0, 0x0, 0x0, 0xf,
    0xff, 0xf2, 0x0, 0x0, 0x0, 0x0, 0x0, 0x0,
    0xf, 0xff, 0xf2, 0x0, 0x0, 0x0, 0x0, 0x0,
    0x0, 0xf, 0xff, 0xf2, 0x0, 0x0, 0x0, 0x0,
    0x0, 0x0, 0xf, 0xff, 0xf2, 0x0, 0x0, 0x0,
    0x0, 0x0, 0x0, 0xf, 0xff, 0xf7, 0x66, 0x66,
    0x66, 0x66, 0x66, 0x63, 0xf, 0xff, 0xff, 0xff,
    0xff, 0xff, 0xff, 0xff, 0xf9, 0xf, 0xff, 0xff,
    0xff, 0xff, 0xff, 0xff, 0xff, 0xf9, 0xf, 0xff,
    0xff, 0xff, 0xff, 0xff, 0xff, 0xff, 0xf9,

    /* U+00CC "Ì" */
    0x6f, 0xff, 0xfe, 0x0, 0x0, 0x6f, 0xff, 0xf9,
    0x0, 0x0, 0x6f, 0xff, 0xf3, 0x0, 0x0, 0x6f,
    0xff, 0xd0, 0x0, 0x0, 0x5f, 0xff, 0x80, 0x0,
    0x0, 0x12, 0x22, 0x0, 0x0, 0x0, 0x0, 0x0,
    0x0, 0xf, 0xff, 0xf2, 0x0, 0x0, 0xff, 0xff,
    0x20, 0x0, 0xf, 0xff, 0xf2, 0x0, 0x0, 0xff,
    0xff, 0x20, 0x0, 0xf, 0xff, 0xf2, 0x0, 0x0,
    0xff, 0xff, 0x20, 0x0, 0xf, 0xff, 0xf2, 0x0,
    0x0, 0xff, 0xff, 0x20, 0x0, 0xf, 0xff, 0xf2,
    0x0, 0x0, 0xff, 0xff, 0x20, 0x0, 0xf, 0xff,
    0xf2, 0x0, 0x0, 0xff, 0xff, 0x20, 0x0, 0xf,
    0xff, 0xf2, 0x0, 0x0, 0xff, 0xff, 0x20, 0x0,
    0xf, 0xff, 0xf2, 0x0, 0x0, 0xff, 0xff, 0x20,
    0x0, 0xf, 0xff, 0xf2, 0x0, 0x0, 0xff, 0xff,
    0x20, 0x0, 0xf, 0xff, 0xf2, 0x0, 0x0, 0xff,
    0xff, 0x20, 0x0, 0xf, 0xff, 0xf2, 0x0, 0x0,
    0xff, 0xff, 0x20, 0x0, 0xf, 0xff, 0xf2, 0x0,
    0x0, 0xff, 0xff, 0x20,

    /* U+00CD "Í" */
    0x0, 0xc, 0xff, 0xff, 0x80, 0x0, 0x7f, 0xff,
    0xf8, 0x0, 0x2, 0xff, 0xff, 0x70, 0x0, 0xb,
    0xff, 0xf7, 0x0, 0x0, 0x6f, 0xff, 0x70, 0x0,
    0x0, 0x12, 0x21, 0x0, 0x0, 0x0, 0x0, 0x0,
    0x0, 0x0, 0x0, 0xf, 0xff, 0xf2, 0x0, 0x0,
    0xf, 0xff, 0xf2, 0x0, 0x0, 0xf, 0xff, 0xf2,
    0x0, 0x0, 0xf, 0xff, 0xf2, 0x0, 0x0, 0xf,
    0xff, 0xf2, 0x0, 0x0, 0xf, 0xff, 0xf2, 0x0,
    0x0, 0xf, 0xff, 0xf2, 0x0, 0x0, 0xf, 0xff,
    0xf2, 0x0, 0x0, 0xf, 0xff, 0xf2, 0x0, 0x0,
    0xf, 0xff, 0xf2, 0x0, 0x0, 0xf, 0xff, 0xf2,
    0x0, 0x0, 0xf, 0xff, 0xf2, 0x0, 0x0, 0xf,
    0xff, 0xf2, 0x0, 0x0, 0xf, 0xff, 0xf2, 0x0,
    0x0, 0xf, 0xff, 0xf2, 0x0, 0x0, 0xf, 0xff,
    0xf2, 0x0, 0x0, 0xf, 0xff, 0xf2, 0x0, 0x0,
    0xf, 0xff, 0xf2, 0x0, 0x0, 0xf, 0xff, 0xf2,
    0x0, 0x0, 0xf, 0xff, 0xf2, 0x0, 0x0, 0xf,
    0xff, 0xf2, 0x0, 0x0, 0xf, 0xff, 0xf2, 0x0,
    0x0, 0xf, 0xff, 0xf2, 0x0, 0x0, 0xf, 0xff,
    0xf2, 0x0, 0x0,

    /* U+00CE "Î" */
    0x0, 0x0, 0x7f, 0xff, 0xf9, 0x0, 0x0, 0x0,
    0x5, 0xff, 0xff, 0xff, 0x60, 0x0, 0x0, 0x3f,
    0xff, 0xed, 0xff, 0xf4, 0x0, 0x1, 0xef, 0xfc,
    0x11, 0xcf, 0xff, 0x20, 0xc, 0xff, 0xb0, 0x0,
    0xa, 0xff, 0xd1, 0x0, 0x0, 0x0, 0x0, 0x0,
    0x0, 0x0, 0x0, 0x0, 0x0, 0x0, 0x0, 0x0,
    0x0, 0x0, 0x0, 0xf, 0xff, 0xf2, 0x0, 0x0,
    0x0, 0x0, 0xf, 0xff, 0xf2, 0x0, 0x0, 0x0,
    0x0, 0xf, 0xff, 0xf2, 0x0, 0x0, 0x0, 0x0,
    0xf, 0xff, 0xf2, 0x0, 0x0, 0x0, 0x0, 0xf,
    0xff, 0xf2, 0x0, 0x0, 0x0, 0x0, 0xf, 0xff,
    0xf2, 0x0, 0x0, 0x0, 0x0, 0xf, 0xff, 0xf2,
    0x0, 0x0, 0x0, 0x0, 0xf, 0xff, 0xf2, 0x0,
    0x0, 0x0, 0x0, 0xf, 0xff, 0xf2, 0x0, 0x0,
    0x0, 0x0, 0xf, 0xff, 0xf2, 0x0, 0x0, 0x0,
    0x0, 0xf, 0xff, 0xf2, 0x0, 0x0, 0x0, 0x0,
    0xf, 0xff, 0xf2, 0x0, 0x0, 0x0, 0x0, 0xf,
    0xff, 0xf2, 0x0, 0x0, 0x0, 0x0, 0xf, 0xff,
    0xf2, 0x0, 0x0, 0x0, 0x0, 0xf, 0xff, 0xf2,
    0x0, 0x0, 0x0, 0x0, 0xf, 0xff, 0xf2, 0x0,
    0x0, 0x0, 0x0, 0xf, 0xff, 0xf2, 0x0, 0x0,
    0x0, 0x0, 0xf, 0xff, 0xf2, 0x0, 0x0, 0x0,
    0x0, 0xf, 0xff, 0xf2, 0x0, 0x0, 0x0, 0x0,
    0xf, 0xff, 0xf2, 0x0, 0x0, 0x0, 0x0, 0xf,
    0xff, 0xf2, 0x0, 0x0, 0x0, 0x0, 0xf, 0xff,
    0xf2, 0x0, 0x0, 0x0, 0x0, 0xf, 0xff, 0xf2,
    0x0, 0x0, 0x0, 0x0, 0xf, 0xff, 0xf2, 0x0,
    0x0,

    /* U+00CF "Ï" */
    0xdf, 0xff, 0x90, 0x7, 0xff, 0xfe, 0xdf, 0xff,
    0x90, 0x7, 0xff, 0xfe, 0xdf, 0xff, 0x90, 0x7,
    0xff, 0xfe, 0xdf, 0xff, 0x90, 0x7, 0xff, 0xfe,
    0x79, 0x99, 0x50, 0x4, 0x99, 0x98, 0x0, 0x0,
    0x0, 0x0, 0x0, 0x0, 0x0, 0x0, 0x0, 0x0,
    0x0, 0x0, 0x0, 0x0, 0xff, 0xff, 0x20, 0x0,
    0x0, 0x0, 0xff, 0xff, 0x20, 0x0, 0x0, 0x0,
    0xff, 0xff, 0x20, 0x0, 0x0, 0x0, 0xff, 0xff,
    0x20, 0x0, 0x0, 0x0, 0xff, 0xff, 0x20, 0x0,
    0x0, 0x0, 0xff, 0xff, 0x20, 0x0, 0x0, 0x0,
    0xff, 0xff, 0x20, 0x0, 0x0, 0x0, 0xff, 0xff,
    0x20, 0x0, 0x0, 0x0, 0xff, 0xff, 0x20, 0x0,
    0x0, 0x0, 0xff, 0xff, 0x20, 0x0, 0x0, 0x0,
    0xff, 0xff, 0x20, 0x0, 0x0, 0x0, 0xff, 0xff,
    0x20, 0x0, 0x0, 0x0, 0xff, 0xff, 0x20, 0x0,
    0x0, 0x0, 0xff, 0xff, 0x20, 0x0, 0x0, 0x0,
    0xff, 0xff, 0x20, 0x0, 0x0, 0x0, 0xff, 0xff,
    0x20, 0x0, 0x0, 0x0, 0xff, 0xff, 0x20, 0x0,
    0x0, 0x0, 0xff, 0xff, 0x20, 0x0, 0x0, 0x0,
    0xff, 0xff, 0x20, 0x0, 0x0, 0x0, 0xff, 0xff,
    0x20, 0x0, 0x0, 0x0, 0xff, 0xff, 0x20, 0x0,
    0x0, 0x0, 0xff, 0xff, 0x20, 0x0, 0x0, 0x0,
    0xff, 0xff, 0x20, 0x0, 0x0, 0x0, 0xff, 0xff,
    0x20, 0x0,

    /* U+00D0 "Ð" */
    0x0, 0x9f, 0xff, 0xff, 0xff, 0xff, 0xec, 0x95,
    0x0, 0x0, 0x0, 0x0, 0x0, 0x9f, 0xff, 0xff,
    0xff, 0xff, 0xff, 0xff, 0xe8, 0x0, 0x0, 0x0,
    0x0, 0x9f, 0xff, 0xff, 0xff, 0xff, 0xff, 0xff,
    0xff, 0xd3, 0x0, 0x0, 0x0, 0x9f, 0xff, 0xb6,
    0x66, 0x66, 0x8b, 0xff, 0xff, 0xff, 0x40, 0x0,
    0x0, 0x9f, 0xff, 0x90, 0x0, 0x0, 0x0, 0x18,
    0xff, 0xff, 0xf2, 0x0, 0x0, 0x9f, 0xff, 0x90,
    0x0, 0x0, 0x0, 0x0, 0x4f, 0xff, 0xfc, 0x0,
    0x0, 0x9f, 0xff, 0x90, 0x0, 0x0, 0x0, 0x0,
    0x5, 0xff, 0xff, 0x40, 0x0, 0x9f, 0xff, 0x90,
    0x0, 0x0, 0x0, 0x0, 0x0, 0xcf, 0xff, 0xa0,
    0x0, 0x9f, 0xff, 0x90, 0x0, 0x0, 0x0, 0x0,
    0x0, 0x5f, 0xff, 0xf0, 0x0, 0x9f, 0xff, 0x90,
    0x0, 0x0, 0x0, 0x0, 0x0, 0x1f, 0xff, 0xf3,
    0x45, 0xcf, 0xff, 0xb5, 0x55, 0x55, 0x20, 0x0,
    0x0, 0xe, 0xff, 0xf5, 0xcf, 0xff, 0xff, 0xff,
    0xff, 0xff, 0x70, 0x0, 0x0, 0xd, 0xff, 0xf6,
    0xcf, 0xff, 0xff, 0xff, 0xff, 0xff, 0x70, 0x0,
    0x0, 0xd, 0xff, 0xf6, 0xcf, 0xff, 0xff, 0xff,
    0xff, 0xff, 0x70, 0x0, 0x0, 0xf, 0xff, 0xf4,
    0x0, 0x9f, 0xff, 0x90, 0x0, 0x0, 0x0, 0x0,
    0x0, 0x2f, 0xff, 0xf2, 0x0, 0x9f, 0xff, 0x90,
    0x0, 0x0, 0x0, 0x0, 0x0, 0x7f, 0xff, 0xf0,
    0x0, 0x9f, 0xff, 0x90, 0x0, 0x0, 0x0, 0x0,
    0x0, 0xdf, 0xff, 0xa0, 0x0, 0x9f, 0xff, 0x90,
    0x0, 0x0, 0x0, 0x0, 0x7, 0xff, 0xff, 0x30,
    0x0, 0x9f, 0xff, 0x90, 0x0, 0x0, 0x0, 0x0,
    0x6f, 0xff, 0xfa, 0x0, 0x0, 0x9f, 0xff, 0x90,
    0x0, 0x0, 0x0, 0x1a, 0xff, 0xff, 0xe1, 0x0,
    0x0, 0x9f, 0xff, 0xc6, 0x66, 0x66, 0x8b, 0xff,
    0xff, 0xfe, 0x30, 0x0, 0x0, 0x9f, 0xff, 0xff,
    0xff, 0xff, 0xff, 0xff, 0xff, 0xd2, 0x0, 0x0,
    0x0, 0x9f, 0xff, 0xff, 0xff, 0xff, 0xff, 0xff,
    0xe7, 0x0, 0x0, 0x0, 0x0, 0x9f, 0xff, 0xff,
    0xff, 0xff, 0xec, 0x95, 0x0, 0x0, 0x0, 0x0,

    /* U+00D1 "Ñ" */
    0x0, 0x0, 0x0, 0x7b, 0xca, 0x30, 0x0, 0x5d,
    0xd1, 0x0, 0x0, 0x0, 0x0, 0xbf, 0xff, 0xff,
    0x91, 0x1c, 0xff, 0x0, 0x0, 0x0, 0x0, 0x7f,
    0xff, 0xff, 0xff, 0xff, 0xff, 0xa0, 0x0, 0x0,
    0x0, 0xc, 0xfe, 0x21, 0x7f, 0xff, 0xff, 0xe1,
    0x0, 0x0, 0x0, 0x0, 0xbd, 0x80, 0x0, 0x18,
    0xcc, 0x81, 0x0, 0x0, 0x0, 0x0, 0x0, 0x0,
    0x0, 0x0, 0x0, 0x0, 0x0, 0x0, 0x0, 0x0,
    0x0, 0x0, 0x0, 0x0, 0x0, 0x0, 0x0, 0x0,
    0x0, 0x0, 0xff, 0xff, 0xf6, 0x0, 0x0, 0x0,
    0x0, 0xd, 0xff, 0xf3, 0xf, 0xff, 0xff, 0xe0,
    0x0, 0x0, 0x0, 0x0, 0xdf, 0xff, 0x30, 0xff,
    0xff, 0xff, 0x70, 0x0, 0x0, 0x0, 0xd, 0xff,
    0xf3, 0xf, 0xff, 0xff, 0xff, 0x10, 0x0, 0x0,
    0x0, 0xdf, 0xff, 0x30, 0xff, 0xff, 0xff, 0xf9,
    0x0, 0x0, 0x0, 0xd, 0xff, 0xf3, 0xf, 0xff,
    0xfe, 0xff, 0xf2, 0x0, 0x0, 0x0, 0xdf, 0xff,
    0x30, 0xff, 0xff, 0x6f, 0xff, 0xa0, 0x0, 0x0,
    0xd, 0xff, 0xf3, 0xf, 0xff, 0xf0, 0xcf, 0xff,
    0x20, 0x0, 0x0, 0xdf, 0xff, 0x30, 0xff, 0xff,
    0x4, 0xff, 0xfb, 0x0, 0x0, 0xd, 0xff, 0xf3,
    0xf, 0xff, 0xf0, 0xb, 0xff, 0xf4, 0x0, 0x0,
    0xdf, 0xff, 0x30, 0xff, 0xff, 0x0, 0x3f, 0xff,
    0xc0, 0x0, 0xd, 0xff, 0xf3, 0xf, 0xff, 0xf0,
    0x0, 0xaf, 0xff, 0x50, 0x0, 0xdf, 0xff, 0x30,
    0xff, 0xff, 0x0, 0x2, 0xff, 0xfd, 0x0, 0xd,
    0xff, 0xf3, 0xf, 0xff, 0xf0, 0x0, 0x9, 0xff,
    0xf6, 0x0, 0xdf, 0xff, 0x30, 0xff, 0xff, 0x0,
    0x0, 0x1f, 0xff, 0xe0, 0xd, 0xff, 0xf3, 0xf,
    0xff, 0xf0, 0x0, 0x0, 0x8f, 0xff, 0x70, 0xdf,
    0xff, 0x30, 0xff, 0xff, 0x0, 0x0, 0x0, 0xef,
    0xff, 0x1d, 0xff, 0xf3, 0xf, 0xff, 0xf0, 0x0,
    0x0, 0x7, 0xff, 0xf8, 0xdf, 0xff, 0x30, 0xff,
    0xff, 0x0, 0x0, 0x0, 0xe, 0xff, 0xfe, 0xff,
    0xf3, 0xf, 0xff, 0xf0, 0x0, 0x0, 0x0, 0x5f,
    0xff, 0xff, 0xff, 0x30, 0xff, 0xff, 0x0, 0x0,
    0x0, 0x0, 0xdf, 0xff, 0xff, 0xf3, 0xf, 0xff,
    0xf0, 0x0, 0x0, 0x0, 0x4, 0xff, 0xff, 0xff,
    0x30, 0xff, 0xff, 0x0, 0x0, 0x0, 0x0, 0xb,
    0xff, 0xff, 0xf3, 0xf, 0xff, 0xf0, 0x0, 0x0,
    0x0, 0x0, 0x3f, 0xff, 0xff, 0x30,

    /* U+00D2 "Ò" */
    0x0, 0x0, 0x0, 0x22, 0x22, 0x20, 0x0, 0x0,
    0x0, 0x0, 0x0, 0x0, 0x0, 0x0, 0x0, 0x9f,
    0xff, 0xfa, 0x0, 0x0, 0x0, 0x0, 0x0, 0x0,
    0x0, 0x0, 0x0, 0x9, 0xff, 0xff, 0x50, 0x0,
    0x0, 0x0, 0x0, 0x0, 0x0, 0x0, 0x0, 0x0,
    0x9f, 0xff, 0xe1, 0x0, 0x0, 0x0, 0x0, 0x0,
    0x0, 0x0, 0x0, 0x0, 0x9, 0xff, 0xf9, 0x0,
    0x0, 0x0, 0x0, 0x0, 0x0, 0x0, 0x0, 0x0,
    0x0, 0x9f, 0xff, 0x40, 0x0, 0x0, 0x0, 0x0,
    0x0, 0x0, 0x0, 0x0, 0x0, 0x0, 0x0, 0x0,
    0x0, 0x0, 0x0, 0x0, 0x0, 0x0, 0x0, 0x0,
    0x0, 0x0, 0x0, 0x0, 0x0, 0x0, 0x0, 0x0,
    0x0, 0x0, 0x0, 0x4, 0x9d, 0xff, 0xfe, 0xb7,
    0x10, 0x0, 0x0, 0x0, 0x0, 0x0, 0x5, 0xef,
    0xff, 0xff, 0xff, 0xff, 0xf9, 0x10, 0x0, 0x0,
    0x0, 0x0, 0xaf, 0xff, 0xff, 0xff, 0xff, 0xff,
    0xff, 0xe3, 0x0, 0x0, 0x0, 0xb, 0xff, 0xff,
    0xfc, 0x87, 0x8a, 0xff, 0xff, 0xff, 0x30, 0x0,
    0x0, 0x9f, 0xff, 0xfc, 0x20, 0x0, 0x0, 0x8,
    0xff, 0xff, 0xe1, 0x0, 0x3, 0xff, 0xff, 0xa0,
    0x0, 0x0, 0x0, 0x0, 0x4f, 0xff, 0xfa, 0x0,
    0xb, 0xff, 0xfd, 0x0, 0x0, 0x0, 0x0, 0x0,
    0x7, 0xff, 0xff, 0x20, 0x2f, 0xff, 0xf4, 0x0,
    0x0, 0x0, 0x0, 0x0, 0x0, 0xef, 0xff, 0x80,
    0x6f, 0xff, 0xe0, 0x0, 0x0, 0x0, 0x0, 0x0,
    0x0, 0x8f, 0xff, 0xd0, 0x9f, 0xff, 0xa0, 0x0,
    0x0, 0x0, 0x0, 0x0, 0x0, 0x3f, 0xff, 0xf0,
    0xbf, 0xff, 0x70, 0x0, 0x0, 0x0, 0x0, 0x0,
    0x0, 0x1f, 0xff, 0xf2, 0xcf, 0xff, 0x60, 0x0,
    0x0, 0x0, 0x0, 0x0, 0x0, 0xf, 0xff, 0xf3,
    0xcf, 0xff, 0x60, 0x0, 0x0, 0x0, 0x0, 0x0,
    0x0, 0xf, 0xff, 0xf3, 0xbf, 0xff, 0x80, 0x0,
    0x0, 0x0, 0x0, 0x0, 0x0, 0x1f, 0xff, 0xf2,
    0x9f, 0xff, 0xb0, 0x0, 0x0, 0x0, 0x0, 0x0,
    0x0, 0x4f, 0xff, 0xf0, 0x5f, 0xff, 0xf0, 0x0,
    0x0, 0x0, 0x0, 0x0, 0x0, 0x9f, 0xff, 0xc0,
    0x1f, 0xff, 0xf6, 0x0, 0x0, 0x0, 0x0, 0x0,
    0x1, 0xff, 0xff, 0x70, 0xa, 0xff, 0xfe, 0x10,
    0x0, 0x0, 0x0, 0x0, 0x9, 0xff, 0xff, 0x10,
    0x2, 0xff, 0xff, 0xb0, 0x0, 0x0, 0x0, 0x0,
    0x6f, 0xff, 0xf8, 0x0, 0x0, 0x7f, 0xff, 0xfd,
    0x30, 0x0, 0x0, 0x19, 0xff, 0xff, 0xd0, 0x0,
    0x0, 0xa, 0xff, 0xff, 0xfc, 0x97, 0x8b, 0xff,
    0xff, 0xfe, 0x20, 0x0, 0x0, 0x0, 0x9f, 0xff,
    0xff, 0xff, 0xff, 0xff, 0xff, 0xd2, 0x0, 0x0,
    0x0, 0x0, 0x4, 0xdf, 0xff, 0xff, 0xff, 0xff,
    0xf8, 0x0, 0x0, 0x0, 0x0, 0x0, 0x0, 0x4,
    0x9c, 0xff, 0xfd, 0xb6, 0x10, 0x0, 0x0, 0x0,

    /* U+00D3 "Ó" */
    0x0, 0x0, 0x0, 0x0, 0x0, 0x0, 0x22, 0x22,
    0x21, 0x0, 0x0, 0x0, 0x0, 0x0, 0x0, 0x0,
    0x0, 0x4, 0xff, 0xff, 0xe2, 0x0, 0x0, 0x0,
    0x0, 0x0, 0x0, 0x0, 0x0, 0xd, 0xff, 0xfe,
    0x20, 0x0, 0x0, 0x0, 0x0, 0x0, 0x0, 0x0,
    0x0, 0x8f, 0xff, 0xd2, 0x0, 0x0, 0x0, 0x0,
    0x0, 0x0, 0x0, 0x0, 0x3, 0xff, 0xfd, 0x10,
    0x0, 0x0, 0x0, 0x0, 0x0, 0x0, 0x0, 0x0,
    0xd, 0xff, 0xd1, 0x0, 0x0, 0x0, 0x0, 0x0,
    0x0, 0x0, 0x0, 0x0, 0x0, 0x0, 0x0, 0x0,
    0x0, 0x0, 0x0, 0x0, 0x0, 0x0, 0x0, 0x0,
    0x0, 0x0, 0x0, 0x0, 0x0, 0x0, 0x0, 0x0,
    0x0, 0x0, 0x0, 0x4, 0x9d, 0xff, 0xfe, 0xb7,
    0x10, 0x0, 0x0, 0x0, 0x0, 0x0, 0x5, 0xef,
    0xff, 0xff, 0xff, 0xff, 0xf9, 0x10, 0x0, 0x0,
    0x0, 0x0, 0xaf, 0xff, 0xff, 0xff, 0xff, 0xff,
    0xff, 0xe3, 0x0, 0x0, 0x0, 0xb, 0xff, 0xff,
    0xfc, 0x87, 0x8a, 0xff, 0xff, 0xff, 0x30, 0x0,
    0x0, 0x9f, 0xff, 0xfc, 0x20, 0x0, 0x0, 0x8,
    0xff, 0xff, 0xe1, 0x0, 0x3, 0xff, 0xff, 0xa0,
    0x0, 0x0, 0x0, 0x0, 0x4f, 0xff, 0xfa, 0x0,
    0xb, 0xff, 0xfd, 0x0, 0x0, 0x0, 0x0, 0x0,
    0x7, 0xff, 0xff, 0x20, 0x2f, 0xff, 0xf4, 0x0,
    0x0, 0x0, 0x0, 0x0, 0x0, 0xef, 0xff, 0x80,
    0x6f, 0xff, 0xe0, 0x0, 0x0, 0x0, 0x0, 0x0,
    0x0, 0x8f, 0xff, 0xd0, 0x9f, 0xff, 0xa0, 0x0,
    0x0, 0x0, 0x0, 0x0, 0x0, 0x3f, 0xff, 0xf0,
    0xbf, 0xff, 0x70, 0x0, 0x0, 0x0, 0x0, 0x0,
    0x0, 0x1f, 0xff, 0xf2, 0xcf, 0xff, 0x60, 0x0,
    0x0, 0x0, 0x0, 0x0, 0x0, 0xf, 0xff, 0xf3,
    0xcf, 0xff, 0x60, 0x0, 0x0, 0x0, 0x0, 0x0,
    0x0, 0xf, 0xff, 0xf3, 0xbf, 0xff, 0x80, 0x0,
    0x0, 0x0, 0x0, 0x0, 0x0, 0x1f, 0xff, 0xf2,
    0x9f, 0xff, 0xb0, 0x0, 0x0, 0x0, 0x0, 0x0,
    0x0, 0x4f, 0xff, 0xf0, 0x5f, 0xff, 0xf0, 0x0,
    0x0, 0x0, 0x0, 0x0, 0x0, 0x9f, 0xff, 0xc0,
    0x1f, 0xff, 0xf6, 0x0, 0x0, 0x0, 0x0, 0x0,
    0x1, 0xff, 0xff, 0x70, 0xa, 0xff, 0xfe, 0x10,
    0x0, 0x0, 0x0, 0x0, 0x9, 0xff, 0xff, 0x10,
    0x2, 0xff, 0xff, 0xb0, 0x0, 0x0, 0x0, 0x0,
    0x6f, 0xff, 0xf8, 0x0, 0x0, 0x7f, 0xff, 0xfd,
    0x30, 0x0, 0x0, 0x19, 0xff, 0xff, 0xd0, 0x0,
    0x0, 0xa, 0xff, 0xff, 0xfc, 0x97, 0x8b, 0xff,
    0xff, 0xfe, 0x20, 0x0, 0x0, 0x0, 0x9f, 0xff,
    0xff, 0xff, 0xff, 0xff, 0xff, 0xd2, 0x0, 0x0,
    0x0, 0x0, 0x4, 0xdf, 0xff, 0xff, 0xff, 0xff,
    0xf8, 0x0, 0x0, 0x0, 0x0, 0x0, 0x0, 0x4,
    0x9c, 0xff, 0xfd, 0xb6, 0x10, 0x0, 0x0, 0x0,

    /* U+00D4 "Ô" */
    0x0, 0x0, 0x0, 0x0, 0x5, 0x88, 0x87, 0x0,
    0x0, 0x0, 0x0, 0x0, 0x0, 0x0, 0x0, 0x0,
    0x4f, 0xff, 0xff, 0xa0, 0x0, 0x0, 0x0, 0x0,
    0x0, 0x0, 0x0, 0x2, 0xff, 0xff, 0xff, 0xf7,
    0x0, 0x0, 0x0, 0x0, 0x0, 0x0, 0x0, 0x1d,
    0xff, 0xe4, 0xbf, 0xff, 0x50, 0x0, 0x0, 0x0,
    0x0, 0x0, 0x0, 0xcf, 0xfd, 0x20, 0x9, 0xff,
    0xf3, 0x0, 0x0, 0x0, 0x0, 0x0, 0x3, 0x88,
    0x71, 0x0, 0x0, 0x58, 0x86, 0x0, 0x0, 0x0,
    0x0, 0x0, 0x0, 0x0, 0x0, 0x0, 0x0, 0x0,
    0x0, 0x0, 0x0, 0x0, 0x0, 0x0, 0x0, 0x0,
    0x0, 0x0, 0x0, 0x0, 0x0, 0x0, 0x0, 0x0,
    0x0, 0x0, 0x0, 0x4, 0x9d, 0xff, 0xfe, 0xb7,
    0x10, 0x0, 0x0, 0x0, 0x0, 0x0, 0x5, 0xef,
    0xff, 0xff, 0xff, 0xff, 0xf9, 0x10, 0x0, 0x0,
    0x0, 0x0, 0xaf, 0xff, 0xff, 0xff, 0xff, 0xff,
    0xff, 0xe3, 0x0, 0x0, 0x0, 0xb, 0xff, 0xff,
    0xfc, 0x87, 0x8a, 0xff, 0xff, 0xff, 0x30, 0x0,
    0x0, 0x9f, 0xff, 0xfc, 0x20, 0x0, 0x0, 0x8,
    0xff, 0xff, 0xe1, 0x0, 0x3, 0xff, 0xff, 0xa0,
    0x0, 0x0, 0x0, 0x0, 0x4f, 0xff, 0xfa, 0x0,
    0xb, 0xff, 0xfd, 0x0, 0x0, 0x0, 0x0, 0x0,
    0x7, 0xff, 0xff, 0x20, 0x2f, 0xff, 0xf4, 0x0,
    0x0, 0x0, 0x0, 0x0, 0x0, 0xef, 0xff, 0x80,
    0x6f, 0xff, 0xe0, 0x0, 0x0, 0x0, 0x0, 0x0,
    0x0, 0x8f, 0xff, 0xd0, 0x9f, 0xff, 0xa0, 0x0,
    0x0, 0x0, 0x0, 0x0, 0x0, 0x3f, 0xff, 0xf0,
    0xbf, 0xff, 0x70, 0x0, 0x0, 0x0, 0x0, 0x0,
    0x0, 0x1f, 0xff, 0xf2, 0xcf, 0xff, 0x60, 0x0,
    0x0, 0x0, 0x0, 0x0, 0x0, 0xf, 0xff, 0xf3,
    0xcf, 0xff, 0x60, 0x0, 0x0, 0x0, 0x0, 0x0,
    0x0, 0xf, 0xff, 0xf3, 0xbf, 0xff, 0x80, 0x0,
    0x0, 0x0, 0x0, 0x0, 0x0, 0x1f, 0xff, 0xf2,
    0x9f, 0xff, 0xb0, 0x0, 0x0, 0x0, 0x0, 0x0,
    0x0, 0x4f, 0xff, 0xf0, 0x5f, 0xff, 0xf0, 0x0,
    0x0, 0x0, 0x0, 0x0, 0x0, 0x9f, 0xff, 0xc0,
    0x1f, 0xff, 0xf6, 0x0, 0x0, 0x0, 0x0, 0x0,
    0x1, 0xff, 0xff, 0x70, 0xa, 0xff, 0xfe, 0x10,
    0x0, 0x0, 0x0, 0x0, 0x9, 0xff, 0xff, 0x10,
    0x2, 0xff, 0xff, 0xb0, 0x0, 0x0, 0x0, 0x0,
    0x6f, 0xff, 0xf8, 0x0, 0x0, 0x7f, 0xff, 0xfd,
    0x30, 0x0, 0x0, 0x19, 0xff, 0xff, 0xd0, 0x0,
    0x0, 0xa, 0xff, 0xff, 0xfc, 0x97, 0x8b, 0xff,
    0xff, 0xfe, 0x20, 0x0, 0x0, 0x0, 0x9f, 0xff,
    0xff, 0xff, 0xff, 0xff, 0xff, 0xd2, 0x0, 0x0,
    0x0, 0x0, 0x4, 0xdf, 0xff, 0xff, 0xff, 0xff,
    0xf8, 0x0, 0x0, 0x0, 0x0, 0x0, 0x0, 0x4,
    0x9c, 0xff, 0xfd, 0xb6, 0x10, 0x0, 0x0, 0x0,

    /* U+00D5 "Õ" */
    0x0, 0x0, 0x0, 0x9, 0xef, 0xd6, 0x0, 0x5,
    0xff, 0x30, 0x0, 0x0, 0x0, 0x0, 0x0, 0xcf,
    0xff, 0xff, 0xb2, 0x1b, 0xff, 0x0, 0x0, 0x0,
    0x0, 0x0, 0x6, 0xff, 0xfd, 0xff, 0xff, 0xff,
    0xfa, 0x0, 0x0, 0x0, 0x0, 0x0, 0xb, 0xfe,
    0x10, 0x4d, 0xff, 0xff, 0xe1, 0x0, 0x0, 0x0,
    0x0, 0x0, 0xa, 0xd9, 0x0, 0x0, 0x7c, 0xc9,
    0x10, 0x0, 0x0, 0x0, 0x0, 0x0, 0x0, 0x0,
    0x0, 0x0, 0x0, 0x0, 0x0, 0x0, 0x0, 0x0,
    0x0, 0x0, 0x0, 0x0, 0x0, 0x0, 0x0, 0x0,
    0x0, 0x0, 0x0, 0x0, 0x0, 0x0, 0x0, 0x4,
    0x9d, 0xff, 0xfe, 0xb7, 0x10, 0x0, 0x0, 0x0,
    0x0, 0x0, 0x5, 0xef, 0xff, 0xff, 0xff, 0xff,
    0xf9, 0x10, 0x0, 0x0, 0x0, 0x0, 0xaf, 0xff,
    0xff, 0xff, 0xff, 0xff, 0xff, 0xe3, 0x0, 0x0,
    0x0, 0xb, 0xff, 0xff, 0xfc, 0x87, 0x8a, 0xff,
    0xff, 0xff, 0x30, 0x0, 0x0, 0x9f, 0xff, 0xfc,
    0x20, 0x0, 0x0, 0x8, 0xff, 0xff, 0xe1, 0x0,
    0x3, 0xff, 0xff, 0xa0, 0x0, 0x0, 0x0, 0x0,
    0x4f, 0xff, 0xfa, 0x0, 0xb, 0xff, 0xfd, 0x0,
    0x0, 0x0, 0x0, 0x0, 0x7, 0xff, 0xff, 0x20,
    0x2f, 0xff, 0xf4, 0x0, 0x0, 0x0, 0x0, 0x0,
    0x0, 0xef, 0xff, 0x80, 0x6f, 0xff, 0xe0, 0x0,
    0x0, 0x0, 0x0, 0x0, 0x0, 0x8f, 0xff, 0xd0,
    0x9f, 0xff, 0xa0, 0x0, 0x0, 0x0, 0x0, 0x0,
    0x0, 0x3f, 0xff, 0xf0, 0xbf, 0xff, 0x70, 0x0,
    0x0, 0x0, 0x0, 0x0, 0x0, 0x1f, 0xff, 0xf2,
    0xcf, 0xff, 0x60, 0x0, 0x0, 0x0, 0x0, 0x0,
    0x0, 0xf, 0xff, 0xf3, 0xcf, 0xff, 0x60, 0x0,
    0x0, 0x0, 0x0, 0x0, 0x0, 0xf, 0xff, 0xf3,
    0xbf, 0xff, 0x80, 0x0, 0x0, 0x0, 0x0, 0x0,
    0x0, 0x1f, 0xff, 0xf2, 0x9f, 0xff, 0xb0, 0x0,
    0x0, 0x0, 0x0, 0x0, 0x0, 0x4f, 0xff, 0xf0,
    0x5f, 0xff, 0xf0, 0x0, 0x0, 0x0, 0x0, 0x0,
    0x0, 0x9f, 0xff, 0xc0, 0x1f, 0xff, 0xf6, 0x0,
    0x0, 0x0, 0x0, 0x0, 0x1, 0xff, 0xff, 0x70,
    0xa, 0xff, 0xfe, 0x10, 0x0, 0x0, 0x0, 0x0,
    0x9, 0xff, 0xff, 0x10, 0x2, 0xff, 0xff, 0xb0,
    0x0, 0x0, 0x0, 0x0, 0x6f, 0xff, 0xf8, 0x0,
    0x0, 0x7f, 0xff, 0xfd, 0x30, 0x0, 0x0, 0x19,
    0xff, 0xff, 0xd0, 0x0, 0x0, 0xa, 0xff, 0xff,
    0xfc, 0x97, 0x8b, 0xff, 0xff, 0xfe, 0x20, 0x0,
    0x0, 0x0, 0x9f, 0xff, 0xff, 0xff, 0xff, 0xff,
    0xff, 0xd2, 0x0, 0x0, 0x0, 0x0, 0x4, 0xdf,
    0xff, 0xff, 0xff, 0xff, 0xf8, 0x0, 0x0, 0x0,
    0x0, 0x0, 0x0, 0x4, 0x9c, 0xff, 0xfd, 0xb6,
    0x10, 0x0, 0x0, 0x0,

    /* U+00D6 "Ö" */
    0x0, 0x0, 0x3, 0xff, 0xff, 0x30, 0xd, 0xff,
    0xf9, 0x0, 0x0, 0x0, 0x0, 0x0, 0x3, 0xff,
    0xff, 0x30, 0xd, 0xff, 0xf9, 0x0, 0x0, 0x0,
    0x0, 0x0, 0x3, 0xff, 0xff, 0x30, 0xd, 0xff,
    0xf9, 0x0, 0x0, 0x0, 0x0, 0x0, 0x3, 0xff,
    0xff, 0x30, 0xd, 0xff, 0xf9, 0x0, 0x0, 0x0,
    0x0, 0x0, 0x1, 0x99, 0x99, 0x10, 0x7, 0x99,
    0x95, 0x0, 0x0, 0x0, 0x0, 0x0, 0x0, 0x0,
    0x0, 0x0, 0x0, 0x0, 0x0, 0x0, 0x0, 0x0,
    0x0, 0x0, 0x0, 0x0, 0x0, 0x0, 0x0, 0x0,
    0x0, 0x0, 0x0, 0x0, 0x0, 0x0, 0x0, 0x4,
    0x9d, 0xff, 0xfe, 0xb7, 0x10, 0x0, 0x0, 0x0,
    0x0, 0x0, 0x5, 0xef, 0xff, 0xff, 0xff, 0xff,
    0xf9, 0x10, 0x0, 0x0, 0x0, 0x0, 0xaf, 0xff,
    0xff, 0xff, 0xff, 0xff, 0xff, 0xe3, 0x0, 0x0,
    0x0, 0xb, 0xff, 0xff, 0xfc, 0x87, 0x8a, 0xff,
    0xff, 0xff, 0x30, 0x0, 0x0, 0x9f, 0xff, 0xfc,
    0x20, 0x0, 0x0, 0x8, 0xff, 0xff, 0xe1, 0x0,
    0x3, 0xff, 0xff, 0xa0, 0x0, 0x0, 0x0, 0x0,
    0x4f, 0xff, 0xfa, 0x0, 0xb, 0xff, 0xfd, 0x0,
    0x0, 0x0, 0x0, 0x0, 0x7, 0xff, 0xff, 0x20,
    0x2f, 0xff, 0xf4, 0x0, 0x0, 0x0, 0x0, 0x0,
    0x0, 0xef, 0xff, 0x80, 0x6f, 0xff, 0xe0, 0x0,
    0x0, 0x0, 0x0, 0x0, 0x0, 0x8f, 0xff, 0xd0,
    0x9f, 0xff, 0xa0, 0x0, 0x0, 0x0, 0x0, 0x0,
    0x0, 0x3f, 0xff, 0xf0, 0xbf, 0xff, 0x70, 0x0,
    0x0, 0x0, 0x0, 0x0, 0x0, 0x1f, 0xff, 0xf2,
    0xcf, 0xff, 0x60, 0x0, 0x0, 0x0, 0x0, 0x0,
    0x0, 0xf, 0xff, 0xf3, 0xcf, 0xff, 0x60, 0x0,
    0x0, 0x0, 0x0, 0x0, 0x0, 0xf, 0xff, 0xf3,
    0xbf, 0xff, 0x80, 0x0, 0x0, 0x0, 0x0, 0x0,
    0x0, 0x1f, 0xff, 0xf2, 0x9f, 0xff, 0xb0, 0x0,
    0x0, 0x0, 0x0, 0x0, 0x0, 0x4f, 0xff, 0xf0,
    0x5f, 0xff, 0xf0, 0x0, 0x0, 0x0, 0x0, 0x0,
    0x0, 0x9f, 0xff, 0xc0, 0x1f, 0xff, 0xf6, 0x0,
    0x0, 0x0, 0x0, 0x0, 0x1, 0xff, 0xff, 0x70,
    0xa, 0xff, 0xfe, 0x10, 0x0, 0x0, 0x0, 0x0,
    0x9, 0xff, 0xff, 0x10, 0x2, 0xff, 0xff, 0xb0,
    0x0, 0x0, 0x0, 0x0, 0x6f, 0xff, 0xf8, 0x0,
    0x0, 0x7f, 0xff, 0xfd, 0x30, 0x0, 0x0, 0x19,
    0xff, 0xff, 0xd0, 0x0, 0x0, 0xa, 0xff, 0xff,
    0xfc, 0x97, 0x8b, 0xff, 0xff, 0xfe, 0x20, 0x0,
    0x0, 0x0, 0x9f, 0xff, 0xff, 0xff, 0xff, 0xff,
    0xff, 0xd2, 0x0, 0x0, 0x0, 0x0, 0x4, 0xdf,
    0xff, 0xff, 0xff, 0xff, 0xf8, 0x0, 0x0, 0x0,
    0x0, 0x0, 0x0, 0x4, 0x9c, 0xff, 0xfd, 0xb6,
    0x10, 0x0, 0x0, 0x0,

    /* U+00D7 "×" */
    0x0, 0x0, 0x0, 0x0, 0x0, 0x0, 0x10, 0x0,
    0xc, 0xb0, 0x0, 0x0, 0x0, 0x4f, 0x40, 0xc,
    0xff, 0xa0, 0x0, 0x0, 0x4f, 0xff, 0x40, 0xbf,
    0xff, 0xa0, 0x0, 0x4f, 0xff, 0xf3, 0x0, 0xbf,
    0xff, 0xa0, 0x3f, 0xff, 0xf4, 0x0, 0x0, 0xbf,
    0xff, 0xbf, 0xff, 0xf4, 0x0, 0x0, 0x0, 0xcf,
    0xff, 0xff, 0xf4, 0x0, 0x0, 0x0, 0x0, 0xcf,
    0xff, 0xf4, 0x0, 0x0, 0x0, 0x0, 0x2e, 0xff,
    0xff, 0x80, 0x0, 0x0, 0x0, 0x2e, 0xff, 0xff,
    0xff, 0x80, 0x0, 0x0, 0x2e, 0xff, 0xf6, 0xcf,
    0xff, 0x80, 0x0, 0x2e, 0xff, 0xf5, 0x1, 0xdf,
    0xff, 0x70, 0x1e, 0xff, 0xf5, 0x0, 0x1, 0xdf,
    0xff, 0x60, 0x8f, 0xf6, 0x0, 0x0, 0x1, 0xdf,
    0xd1, 0x0, 0x86, 0x0, 0x0, 0x0, 0x1, 0xb1,
    0x0,

    /* U+00D8 "Ø" */
    0x0, 0x0, 0x0, 0x4, 0x9d, 0xff, 0xfe, 0xb7,
    0x10, 0x2, 0xb1, 0x0, 0x0, 0x0, 0x5, 0xef,
    0xff, 0xff, 0xff, 0xff, 0xf9, 0x2e, 0xfd, 0x20,
    0x0, 0x0, 0xaf, 0xff, 0xff, 0xff, 0xff, 0xff,
    0xff, 0xff, 0xff, 0x30, 0x0, 0xb, 0xff, 0xff,
    0xfc, 0x87, 0x8a, 0xff, 0xff, 0xff, 0xf4, 0x0,
    0x0, 0x9f, 0xff, 0xfc, 0x20, 0x0, 0x0, 0x8,
    0xff, 0xff, 0xe1, 0x0, 0x3, 0xff, 0xff, 0xa0,
    0x0, 0x0, 0x0, 0x9, 0xff, 0xff, 0xfa, 0x0,
    0xb, 0xff, 0xfd, 0x0, 0x0, 0x0, 0x0, 0x7f,
    0xff, 0xff, 0xff, 0x20, 0x2f, 0xff, 0xf4, 0x0,
    0x0, 0x0, 0x5, 0xff, 0xfa, 0xef, 0xff, 0x80,
    0x6f, 0xff, 0xe0, 0x0, 0x0, 0x0, 0x4f, 0xff,
    0xc0, 0x8f, 0xff, 0xd0, 0x9f, 0xff, 0xa0, 0x0,
    0x0, 0x3, 0xff, 0xfd, 0x10, 0x3f, 0xff, 0xf0,
    0xbf, 0xff, 0x70, 0x0, 0x0, 0x2e, 0xff, 0xe1,
    0x0, 0x1f, 0xff, 0xf2, 0xcf, 0xff, 0x60, 0x0,
    0x1, 0xdf, 0xff, 0x20, 0x0, 0xf, 0xff, 0xf3,
    0xcf, 0xff, 0x60, 0x0, 0xc, 0xff, 0xf4, 0x0,
    0x0, 0xf, 0xff, 0xf3, 0xbf, 0xff, 0x80, 0x0,
    0xbf, 0xff, 0x50, 0x0, 0x0, 0x1f, 0xff, 0xf2,
    0x9f, 0xff, 0xb0, 0x9, 0xff, 0xf7, 0x0, 0x0,
    0x0, 0x4f, 0xff, 0xf0, 0x5f, 0xff, 0xf0, 0x7f,
    0xff, 0x80, 0x0, 0x0, 0x0, 0x9f, 0xff, 0xc0,
    0x1f, 0xff, 0xfb, 0xff, 0xfa, 0x0, 0x0, 0x0,
    0x1, 0xff, 0xff, 0x70, 0xa, 0xff, 0xff, 0xff,
    0xb0, 0x0, 0x0, 0x0, 0x9, 0xff, 0xff, 0x10,
    0x2, 0xff, 0xff, 0xfd, 0x10, 0x0, 0x0, 0x0,
    0x6f, 0xff, 0xf8, 0x0, 0x0, 0x8f, 0xff, 0xfd,
    0x30, 0x0, 0x0, 0x19, 0xff, 0xff, 0xd0, 0x0,
    0x1, 0xdf, 0xff, 0xff, 0xfc, 0x97, 0x8b, 0xff,
    0xff, 0xfe, 0x20, 0x0, 0xc, 0xff, 0xff, 0xff,
    0xff, 0xff, 0xff, 0xff, 0xff, 0xd2, 0x0, 0x0,
    0x2e, 0xff, 0x54, 0xdf, 0xff, 0xff, 0xff, 0xff,
    0xf8, 0x0, 0x0, 0x0, 0x1, 0xd6, 0x0, 0x4,
    0x9c, 0xff, 0xfd, 0xb6, 0x10, 0x0, 0x0, 0x0,
    0x0, 0x0, 0x0, 0x0, 0x0, 0x0, 0x0, 0x0,
    0x0, 0x0, 0x0, 0x0,

    /* U+00D9 "Ù" */
    0x0, 0x0, 0x12, 0x22, 0x21, 0x0, 0x0, 0x0,
    0x0, 0x0, 0x0, 0x0, 0x2e, 0xff, 0xff, 0x30,
    0x0, 0x0, 0x0, 0x0, 0x0, 0x0, 0x2, 0xef,
    0xff, 0xd0, 0x0, 0x0, 0x0, 0x0, 0x0, 0x0,
    0x0, 0x2e, 0xff, 0xf8, 0x0, 0x0, 0x0, 0x0,
    0x0, 0x0, 0x0, 0x2, 0xef, 0xff, 0x30, 0x0,
    0x0, 0x0, 0x0, 0x0, 0x0, 0x0, 0x2e, 0xff,
    0xc0, 0x0, 0x0, 0x0, 0x0, 0x0, 0x0, 0x0,
    0x0, 0x0, 0x0, 0x0, 0x0, 0x0, 0x0, 0x0,
    0x0, 0x0, 0x0, 0x0, 0x0, 0x0, 0x0, 0x0,
    0x3f, 0xff, 0xe0, 0x0, 0x0, 0x0, 0x0, 0x6,
    0xff, 0xfc, 0x3f, 0xff, 0xe0, 0x0, 0x0, 0x0,
    0x0, 0x6, 0xff, 0xfc, 0x3f, 0xff, 0xe0, 0x0,
    0x0, 0x0, 0x0, 0x6, 0xff, 0xfc, 0x3f, 0xff,
    0xe0, 0x0, 0x0, 0x0, 0x0, 0x6, 0xff, 0xfc,
    0x3f, 0xff, 0xe0, 0x0, 0x0, 0x0, 0x0, 0x6,
    0xff, 0xfc, 0x3f, 0xff, 0xe0, 0x0, 0x0, 0x0,
    0x0, 0x6, 0xff, 0xfc, 0x3f, 0xff, 0xe0, 0x0,
    0x0, 0x0, 0x0, 0x6, 0xff, 0xfc, 0x3f, 0xff,
    0xe0, 0x0, 0x0, 0x0, 0x0, 0x6, 0xff, 0xfc,
    0x3f, 0xff, 0xe0, 0x0, 0x0, 0x0, 0x0, 0x6,
    0xff, 0xfc, 0x3f, 0xff, 0xe0, 0x0, 0x0, 0x0,
    0x0, 0x6, 0xff, 0xfc, 0x3f, 0xff, 0xe0, 0x0,
    0x0, 0x0, 0x0, 0x6, 0xff, 0xfc, 0x3f, 0xff,
    0xe0, 0x0, 0x0, 0x0, 0x0, 0x6, 0xff, 0xfc,
    0x3f, 0xff, 0xe0, 0x0, 0x0, 0x0, 0x0, 0x6,
    0xff, 0xfc, 0x3f, 0xff, 0xe0, 0x0, 0x0, 0x0,
    0x0, 0x6, 0xff, 0xfc, 0x3f, 0xff, 0xe0, 0x0,
    0x0, 0x0, 0x0, 0x6, 0xff, 0xfb, 0x1f, 0xff,
    0xf0, 0x0, 0x0, 0x0, 0x0, 0x7, 0xff, 0xfa,
    0xf, 0xff, 0xf2, 0x0, 0x0, 0x0, 0x0, 0xa,
    0xff, 0xf8, 0xc, 0xff, 0xf7, 0x0, 0x0, 0x0,
    0x0, 0xe, 0xff, 0xf4, 0x7, 0xff, 0xfe, 0x10,
    0x0, 0x0, 0x0, 0x7f, 0xff, 0xf0, 0x1, 0xff,
    0xff, 0xd2, 0x0, 0x0, 0x6, 0xff, 0xff, 0x80,
    0x0, 0x6f, 0xff, 0xff, 0xb8, 0x79, 0xdf, 0xff,
    0xfe, 0x0, 0x0, 0x9, 0xff, 0xff, 0xff, 0xff,
    0xff, 0xff, 0xe3, 0x0, 0x0, 0x0, 0x7f, 0xff,
    0xff, 0xff, 0xff, 0xfc, 0x20, 0x0, 0x0, 0x0,
    0x1, 0x7b, 0xef, 0xff, 0xd9, 0x40, 0x0, 0x0,

    /* U+00DA "Ú" */
    0x0, 0x0, 0x0, 0x0, 0x0, 0x2, 0x22, 0x22,
    0x0, 0x0, 0x0, 0x0, 0x0, 0x0, 0x0, 0xbf,
    0xff, 0xf9, 0x0, 0x0, 0x0, 0x0, 0x0, 0x0,
    0x5, 0xff, 0xff, 0x90, 0x0, 0x0, 0x0, 0x0,
    0x0, 0x0, 0x1e, 0xff, 0xf8, 0x0, 0x0, 0x0,
    0x0, 0x0, 0x0, 0x0, 0xaf, 0xff, 0x80, 0x0,
    0x0, 0x0, 0x0, 0x0, 0x0, 0x4, 0xff, 0xf8,
    0x0, 0x0, 0x0, 0x0, 0x0, 0x0, 0x0, 0x0,
    0x0, 0x0, 0x0, 0x0, 0x0, 0x0, 0x0, 0x0,
    0x0, 0x0, 0x0, 0x0, 0x0, 0x0, 0x0, 0x0,
    0x3f, 0xff, 0xe0, 0x0, 0x0, 0x0, 0x0, 0x6,
    0xff, 0xfc, 0x3f, 0xff, 0xe0, 0x0, 0x0, 0x0,
    0x0, 0x6, 0xff, 0xfc, 0x3f, 0xff, 0xe0, 0x0,
    0x0, 0x0, 0x0, 0x6, 0xff, 0xfc, 0x3f, 0xff,
    0xe0, 0x0, 0x0, 0x0, 0x0, 0x6, 0xff, 0xfc,
    0x3f, 0xff, 0xe0, 0x0, 0x0, 0x0, 0x0, 0x6,
    0xff, 0xfc, 0x3f, 0xff, 0xe0, 0x0, 0x0, 0x0,
    0x0, 0x6, 0xff, 0xfc, 0x3f, 0xff, 0xe0, 0x0,
    0x0, 0x0, 0x0, 0x6, 0xff, 0xfc, 0x3f, 0xff,
    0xe0, 0x0, 0x0, 0x0, 0x0, 0x6, 0xff, 0xfc,
    0x3f, 0xff, 0xe0, 0x0, 0x0, 0x0, 0x0, 0x6,
    0xff, 0xfc, 0x3f, 0xff, 0xe0, 0x0, 0x0, 0x0,
    0x0, 0x6, 0xff, 0xfc, 0x3f, 0xff, 0xe0, 0x0,
    0x0, 0x0, 0x0, 0x6, 0xff, 0xfc, 0x3f, 0xff,
    0xe0, 0x0, 0x0, 0x0, 0x0, 0x6, 0xff, 0xfc,
    0x3f, 0xff, 0xe0, 0x0, 0x0, 0x0, 0x0, 0x6,
    0xff, 0xfc, 0x3f, 0xff, 0xe0, 0x0, 0x0, 0x0,
    0x0, 0x6, 0xff, 0xfc, 0x3f, 0xff, 0xe0, 0x0,
    0x0, 0x0, 0x0, 0x6, 0xff, 0xfb, 0x1f, 0xff,
    0xf0, 0x0, 0x0, 0x0, 0x0, 0x7, 0xff, 0xfa,
    0xf, 0xff, 0xf2, 0x0, 0x0, 0x0, 0x0, 0xa,
    0xff, 0xf8, 0xc, 0xff, 0xf7, 0x0, 0x0, 0x0,
    0x0, 0xe, 0xff, 0xf4, 0x7, 0xff, 0xfe, 0x10,
    0x0, 0x0, 0x0, 0x7f, 0xff, 0xf0, 0x1, 0xff,
    0xff, 0xd2, 0x0, 0x0, 0x6, 0xff, 0xff, 0x80,
    0x0, 0x6f, 0xff, 0xff, 0xb8, 0x79, 0xdf, 0xff,
    0xfe, 0x0, 0x0, 0x9, 0xff, 0xff, 0xff, 0xff,
    0xff, 0xff, 0xe3, 0x0, 0x0, 0x0, 0x7f, 0xff,
    0xff, 0xff, 0xff, 0xfc, 0x20, 0x0, 0x0, 0x0,
    0x1, 0x7b, 0xef, 0xff, 0xd9, 0x40, 0x0, 0x0,

    /* U+00DB "Û" */
    0x0, 0x0, 0x0, 0x0, 0x78, 0x88, 0x40, 0x0,
    0x0, 0x0, 0x0, 0x0, 0x0, 0xb, 0xff, 0xff,
    0xf3, 0x0, 0x0, 0x0, 0x0, 0x0, 0x0, 0x8f,
    0xff, 0xff, 0xfe, 0x20, 0x0, 0x0, 0x0, 0x0,
    0x6, 0xff, 0xfa, 0x4f, 0xff, 0xd0, 0x0, 0x0,
    0x0, 0x0, 0x4f, 0xff, 0x80, 0x2, 0xef, 0xfb,
    0x0, 0x0, 0x0, 0x0, 0x68, 0x85, 0x0, 0x0,
    0x17, 0x88, 0x20, 0x0, 0x0, 0x0, 0x0, 0x0,
    0x0, 0x0, 0x0, 0x0, 0x0, 0x0, 0x0, 0x0,
    0x0, 0x0, 0x0, 0x0, 0x0, 0x0, 0x0, 0x0,
    0x3f, 0xff, 0xe0, 0x0, 0x0, 0x0, 0x0, 0x6,
    0xff, 0xfc, 0x3f, 0xff, 0xe0, 0x0, 0x0, 0x0,
    0x0, 0x6, 0xff, 0xfc, 0x3f, 0xff, 0xe0, 0x0,
    0x0, 0x0, 0x0, 0x6, 0xff, 0xfc, 0x3f, 0xff,
    0xe0, 0x0, 0x0, 0x0, 0x0, 0x6, 0xff, 0xfc,
    0x3f, 0xff, 0xe0, 0x0, 0x0, 0x0, 0x0, 0x6,
    0xff, 0xfc, 0x3f, 0xff, 0xe0, 0x0, 0x0, 0x0,
    0x0, 0x6, 0xff, 0xfc, 0x3f, 0xff, 0xe0, 0x0,
    0x0, 0x0, 0x0, 0x6, 0xff, 0xfc, 0x3f, 0xff,
    0xe0, 0x0, 0x0, 0x0, 0x0, 0x6, 0xff, 0xfc,
    0x3f, 0xff, 0xe0, 0x0, 0x0, 0x0, 0x0, 0x6,
    0xff, 0xfc, 0x3f, 0xff, 0xe0, 0x0, 0x0, 0x0,
    0x0, 0x6, 0xff, 0xfc, 0x3f, 0xff, 0xe0, 0x0,
    0x0, 0x0, 0x0, 0x6, 0xff, 0xfc, 0x3f, 0xff,
    0xe0, 0x0, 0x0, 0x0, 0x0, 0x6, 0xff, 0xfc,
    0x3f, 0xff, 0xe0, 0x0, 0x0, 0x0, 0x0, 0x6,
    0xff, 0xfc, 0x3f, 0xff, 0xe0, 0x0, 0x0, 0x0,
    0x0, 0x6, 0xff, 0xfc, 0x3f, 0xff, 0xe0, 0x0,
    0x0, 0x0, 0x0, 0x6, 0xff, 0xfb, 0x1f, 0xff,
    0xf0, 0x0, 0x0, 0x0, 0x0, 0x7, 0xff, 0xfa,
    0xf, 0xff, 0xf2, 0x0, 0x0, 0x0, 0x0, 0xa,
    0xff, 0xf8, 0xc, 0xff, 0xf7, 0x0, 0x0, 0x0,
    0x0, 0xe, 0xff, 0xf4, 0x7, 0xff, 0xfe, 0x10,
    0x0, 0x0, 0x0, 0x7f, 0xff, 0xf0, 0x1, 0xff,
    0xff, 0xd2, 0x0, 0x0, 0x6, 0xff, 0xff, 0x80,
    0x0, 0x6f, 0xff, 0xff, 0xb8, 0x79, 0xdf, 0xff,
    0xfe, 0x0, 0x0, 0x9, 0xff, 0xff, 0xff, 0xff,
    0xff, 0xff, 0xe3, 0x0, 0x0, 0x0, 0x7f, 0xff,
    0xff, 0xff, 0xff, 0xfc, 0x20, 0x0, 0x0, 0x0,
    0x1, 0x7b, 0xef, 0xff, 0xd9, 0x40, 0x0, 0x0,

    /* U+00DC "Ü" */
    0x0, 0x0, 0xaf, 0xff, 0xc0, 0x4, 0xff, 0xff,
    0x20, 0x0, 0x0, 0x0, 0xaf, 0xff, 0xc0, 0x4,
    0xff, 0xff, 0x20, 0x0, 0x0, 0x0, 0xaf, 0xff,
    0xc0, 0x4, 0xff, 0xff, 0x20, 0x0, 0x0, 0x0,
    0xaf, 0xff, 0xc0, 0x4, 0xff, 0xff, 0x20, 0x0,
    0x0, 0x0, 0x59, 0x99, 0x70, 0x2, 0x99, 0x99,
    0x10, 0x0, 0x0, 0x0, 0x0, 0x0, 0x0, 0x0,
    0x0, 0x0, 0x0, 0x0, 0x0, 0x0, 0x0, 0x0,
    0x0, 0x0, 0x0, 0x0, 0x0, 0x0, 0x3f, 0xff,
    0xe0, 0x0, 0x0, 0x0, 0x0, 0x6, 0xff, 0xfc,
    0x3f, 0xff, 0xe0, 0x0, 0x0, 0x0, 0x0, 0x6,
    0xff, 0xfc, 0x3f, 0xff, 0xe0, 0x0, 0x0, 0x0,
    0x0, 0x6, 0xff, 0xfc, 0x3f, 0xff, 0xe0, 0x0,
    0x0, 0x0, 0x0, 0x6, 0xff, 0xfc, 0x3f, 0xff,
    0xe0, 0x0, 0x0, 0x0, 0x0, 0x6, 0xff, 0xfc,
    0x3f, 0xff, 0xe0, 0x0, 0x0, 0x0, 0x0, 0x6,
    0xff, 0xfc, 0x3f, 0xff, 0xe0, 0x0, 0x0, 0x0,
    0x0, 0x6, 0xff, 0xfc, 0x3f, 0xff, 0xe0, 0x0,
    0x0, 0x0, 0x0, 0x6, 0xff, 0xfc, 0x3f, 0xff,
    0xe0, 0x0, 0x0, 0x0, 0x0, 0x6, 0xff, 0xfc,
    0x3f, 0xff, 0xe0, 0x0, 0x0, 0x0, 0x0, 0x6,
    0xff, 0xfc, 0x3f, 0xff, 0xe0, 0x0, 0x0, 0x0,
    0x0, 0x6, 0xff, 0xfc, 0x3f, 0xff, 0xe0, 0x0,
    0x0, 0x0, 0x0, 0x6, 0xff, 0xfc, 0x3f, 0xff,
    0xe0, 0x0, 0x0, 0x0, 0x0, 0x6, 0xff, 0xfc,
    0x3f, 0xff, 0xe0, 0x0, 0x0, 0x0, 0x0, 0x6,
    0xff, 0xfc, 0x3f, 0xff, 0xe0, 0x0, 0x0, 0x0,
    0x0, 0x6, 0xff, 0xfb, 0x1f, 0xff, 0xf0, 0x0,
    0x0, 0x0, 0x0, 0x7, 0xff, 0xfa, 0xf, 0xff,
    0xf2, 0x0, 0x0, 0x0, 0x0, 0xa, 0xff, 0xf8,
    0xc, 0xff, 0xf7, 0x0, 0x0, 0x0, 0x0, 0xe,
    0xff, 0xf4, 0x7, 0xff, 0xfe, 0x10, 0x0, 0x0,
    0x0, 0x7f, 0xff, 0xf0, 0x1, 0xff, 0xff, 0xd2,
    0x0, 0x0, 0x6, 0xff, 0xff, 0x80, 0x0, 0x6f,
    0xff, 0xff, 0xb8, 0x79, 0xdf, 0xff, 0xfe, 0x0,
    0x0, 0x9, 0xff, 0xff, 0xff, 0xff, 0xff, 0xff,
    0xe3, 0x0, 0x0, 0x0, 0x7f, 0xff, 0xff, 0xff,
    0xff, 0xfc, 0x20, 0x0, 0x0, 0x0, 0x1, 0x7b,
    0xef, 0xff, 0xd9, 0x40, 0x0, 0x0,

    /* U+00DD "Ý" */
    0x0, 0x0, 0x0, 0x0, 0x0, 0xa, 0xff, 0xff,
    0xa0, 0x0, 0x0, 0x0, 0x0, 0x0, 0x0, 0x0,
    0x5f, 0xff, 0xfa, 0x0, 0x0, 0x0, 0x0, 0x0,
    0x0, 0x0, 0x1, 0xef, 0xff, 0x90, 0x0, 0x0,
    0x0, 0x0, 0x0, 0x0, 0x0, 0xa, 0xff, 0xf9,
    0x0, 0x0, 0x0, 0x0, 0x0, 0x0, 0x0, 0x0,
    0x4f, 0xff, 0x90, 0x0, 0x0, 0x0, 0x0, 0x0,
    0x0, 0x0, 0x0, 0x12, 0x22, 0x0, 0x0, 0x0,
    0x0, 0x0, 0x0, 0x0, 0x0, 0x0, 0x0, 0x0,
    0x0, 0x0, 0x0, 0x0, 0x0, 0x3f, 0xff, 0xfc,
    0x0, 0x0, 0x0, 0x0, 0x0, 0xe, 0xff, 0xf9,
    0x9, 0xff, 0xff, 0x50, 0x0, 0x0, 0x0, 0x0,
    0x8f, 0xff, 0xe1, 0x0, 0xef, 0xff, 0xe0, 0x0,
    0x0, 0x0, 0x2, 0xff, 0xff, 0x50, 0x0, 0x5f,
    0xff, 0xf8, 0x0, 0x0, 0x0, 0xa, 0xff, 0xfb,
    0x0, 0x0, 0xb, 0xff, 0xff, 0x10, 0x0, 0x0,
    0x4f, 0xff, 0xf2, 0x0, 0x0, 0x2, 0xff, 0xff,
    0xa0, 0x0, 0x0, 0xdf, 0xff, 0x80, 0x0, 0x0,
    0x0, 0x7f, 0xff, 0xf3, 0x0, 0x6, 0xff, 0xfd,
    0x0, 0x0, 0x0, 0x0, 0xd, 0xff, 0xfc, 0x0,
    0xe, 0xff, 0xf4, 0x0, 0x0, 0x0, 0x0, 0x3,
    0xff, 0xff, 0x50, 0x8f, 0xff, 0xa0, 0x0, 0x0,
    0x0, 0x0, 0x0, 0x9f, 0xff, 0xe2, 0xff, 0xfe,
    0x10, 0x0, 0x0, 0x0, 0x0, 0x0, 0x1e, 0xff,
    0xff, 0xff, 0xf6, 0x0, 0x0, 0x0, 0x0, 0x0,
    0x0, 0x5, 0xff, 0xff, 0xff, 0xc0, 0x0, 0x0,
    0x0, 0x0, 0x0, 0x0, 0x0, 0xbf, 0xff, 0xff,
    0x20, 0x0, 0x0, 0x0, 0x0, 0x0, 0x0, 0x0,
    0x2f, 0xff, 0xf8, 0x0, 0x0, 0x0, 0x0, 0x0,
    0x0, 0x0, 0x0, 0xe, 0xff, 0xf4, 0x0, 0x0,
    0x0, 0x0, 0x0, 0x0, 0x0, 0x0, 0xe, 0xff,
    0xf4, 0x0, 0x0, 0x0, 0x0, 0x0, 0x0, 0x0,
    0x0, 0xe, 0xff, 0xf4, 0x0, 0x0, 0x0, 0x0,
    0x0, 0x0, 0x0, 0x0, 0xe, 0xff, 0xf4, 0x0,
    0x0, 0x0, 0x0, 0x0, 0x0, 0x0, 0x0, 0xe,
    0xff, 0xf4, 0x0, 0x0, 0x0, 0x0, 0x0, 0x0,
    0x0, 0x0, 0xe, 0xff, 0xf4, 0x0, 0x0, 0x0,
    0x0, 0x0, 0x0, 0x0, 0x0, 0xe, 0xff, 0xf4,
    0x0, 0x0, 0x0, 0x0, 0x0, 0x0, 0x0, 0x0,
    0xe, 0xff, 0xf4, 0x0, 0x0, 0x0, 0x0, 0x0,
    0x0, 0x0, 0x0, 0xe, 0xff, 0xf4, 0x0, 0x0,
    0x0, 0x0, 0x0, 0x0, 0x0, 0x0, 0xe, 0xff,
    0xf4, 0x0, 0x0, 0x0, 0x0,

    /* U+00DE "Þ" */
    0x1f, 0xff, 0xf0, 0x0, 0x0, 0x0, 0x0, 0x0,
    0x0, 0x0, 0x1f, 0xff, 0xf0, 0x0, 0x0, 0x0,
    0x0, 0x0, 0x0, 0x0, 0x1f, 0xff, 0xf0, 0x0,
    0x0, 0x0, 0x0, 0x0, 0x0, 0x0, 0x1f, 0xff,
    0xf0, 0x0, 0x0, 0x0, 0x0, 0x0, 0x0, 0x0,
    0x1f, 0xff, 0xf6, 0x55, 0x55, 0x55, 0x42, 0x0,
    0x0, 0x0, 0x1f, 0xff, 0xff, 0xff, 0xff, 0xff,
    0xff, 0xe7, 0x0, 0x0, 0x1f, 0xff, 0xff, 0xff,
    0xff, 0xff, 0xff, 0xff, 0xd2, 0x0, 0x1f, 0xff,
    0xff, 0xff, 0xff, 0xff, 0xff, 0xff, 0xfd, 0x10,
    0x1f, 0xff, 0xf0, 0x0, 0x0, 0x0, 0x3a, 0xff,
    0xff, 0x90, 0x1f, 0xff, 0xf0, 0x0, 0x0, 0x0,
    0x0, 0x9f, 0xff, 0xf0, 0x1f, 0xff, 0xf0, 0x0,
    0x0, 0x0, 0x0, 0x1f, 0xff, 0xf3, 0x1f, 0xff,
    0xf0, 0x0, 0x0, 0x0, 0x0, 0xd, 0xff, 0xf4,
    0x1f, 0xff, 0xf0, 0x0, 0x0, 0x0, 0x0, 0xe,
    0xff, 0xf4, 0x1f, 0xff, 0xf0, 0x0, 0x0, 0x0,
    0x0, 0x3f, 0xff, 0xf2, 0x1f, 0xff, 0xf0, 0x0,
    0x0, 0x0, 0x1, 0xcf, 0xff, 0xd0, 0x1f, 0xff,
    0xf6, 0x66, 0x66, 0x66, 0x9e, 0xff, 0xff, 0x50,
    0x1f, 0xff, 0xff, 0xff, 0xff, 0xff, 0xff, 0xff,
    0xfa, 0x0, 0x1f, 0xff, 0xff, 0xff, 0xff, 0xff,
    0xff, 0xff, 0x80, 0x0, 0x1f, 0xff, 0xff, 0xff,
    0xff, 0xff, 0xec, 0x82, 0x0, 0x0, 0x1f, 0xff,
    0xf0, 0x0, 0x0, 0x0, 0x0, 0x0, 0x0, 0x0,
    0x1f, 0xff, 0xf0, 0x0, 0x0, 0x0, 0x0, 0x0,
    0x0, 0x0, 0x1f, 0xff, 0xf0, 0x0, 0x0, 0x0,
    0x0, 0x0, 0x0, 0x0, 0x1f, 0xff, 0xf0, 0x0,
    0x0, 0x0, 0x0, 0x0, 0x0, 0x0, 0x1f, 0xff,
    0xf0, 0x0, 0x0, 0x0, 0x0, 0x0, 0x0, 0x0,

    /* U+00DF "ß" */
    0x0, 0x0, 0x5b, 0xef, 0xfe, 0xc7, 0x10, 0x0,
    0x0, 0x0, 0x2d, 0xff, 0xff, 0xff, 0xff, 0xf7,
    0x0, 0x0, 0x2, 0xef, 0xff, 0xff, 0xff, 0xff,
    0xff, 0x90, 0x0, 0xc, 0xff, 0xff, 0x84, 0x47,
    0xef, 0xff, 0xf4, 0x0, 0x3f, 0xff, 0xf3, 0x0,
    0x0, 0x1e, 0xff, 0xfa, 0x0, 0x8f, 0xff, 0x90,
    0x0, 0x0, 0x6, 0xff, 0xfe, 0x0, 0xbf, 0xff,
    0x40, 0x0, 0x0, 0x4, 0xff, 0xff, 0x0, 0xdf,
    0xff, 0x30, 0x0, 0x0, 0x6, 0xff, 0xfd, 0x0,
    0xdf, 0xff, 0x20, 0x0, 0x0, 0x1e, 0xff, 0xf8,
    0x0, 0xdf, 0xff, 0x20, 0x4, 0x57, 0xef, 0xff,
    0xe1, 0x0, 0xdf, 0xff, 0x20, 0x2f, 0xff, 0xff,
    0xfe, 0x30, 0x0, 0xdf, 0xff, 0x20, 0x2f, 0xff,
    0xff, 0xe4, 0x0, 0x0, 0xdf, 0xff, 0x20, 0x2f,
    0xff, 0xff, 0xff, 0xb1, 0x0, 0xdf, 0xff, 0x20,
    0x0, 0x1, 0x5d, 0xff, 0xfd, 0x0, 0xdf, 0xff,
    0x20, 0x0, 0x0, 0x0, 0xcf, 0xff, 0x80, 0xdf,
    0xff, 0x20, 0x0, 0x0, 0x0, 0x4f, 0xff, 0xe0,
    0xdf, 0xff, 0x20, 0x0, 0x0, 0x0, 0xf, 0xff,
    0xf1, 0xdf, 0xff, 0x20, 0x0, 0x0, 0x0, 0x1f,
    0xff, 0xf2, 0xdf, 0xff, 0x20, 0x0, 0x0, 0x0,
    0x5f, 0xff, 0xf1, 0xdf, 0xff, 0x20, 0x0, 0x0,
    0x1, 0xdf, 0xff, 0xd0, 0xdf, 0xff, 0x20, 0x46,
    0x56, 0x9f, 0xff, 0xff, 0x60, 0xdf, 0xff, 0x20,
    0x7f, 0xff, 0xff, 0xff, 0xfa, 0x0, 0xdf, 0xff,
    0x20, 0x7f, 0xff, 0xff, 0xff, 0x80, 0x0, 0xdf,
    0xff, 0x20, 0x6f, 0xff, 0xec, 0x82, 0x0, 0x0,

    /* U+00E0 "à" */
    0x0, 0x5f, 0xff, 0xfe, 0x10, 0x0, 0x0, 0x0,
    0x0, 0x5, 0xff, 0xff, 0xa0, 0x0, 0x0, 0x0,
    0x0, 0x0, 0x5f, 0xff, 0xf4, 0x0, 0x0, 0x0,
    0x0, 0x0, 0x5, 0xff, 0xfe, 0x0, 0x0, 0x0,
    0x0, 0x0, 0x0, 0x4f, 0xff, 0x90, 0x0, 0x0,
    0x0, 0x0, 0x0, 0x1, 0x22, 0x10, 0x0, 0x0,
    0x0, 0x0, 0x0, 0x0, 0x0, 0x0, 0x0, 0x0,
    0x0, 0x0, 0x6b, 0xef, 0xfe, 0xb7, 0x0, 0x0,
    0x0, 0x3e, 0xff, 0xff, 0xff, 0xff, 0xe3, 0x0,
    0x3, 0xff, 0xff, 0xff, 0xff, 0xff, 0xfe, 0x10,
    0xc, 0xff, 0xfc, 0x42, 0x26, 0xff, 0xff, 0x70,
    0x1f, 0xff, 0xd0, 0x0, 0x0, 0x6f, 0xff, 0xc0,
    0x2, 0x22, 0x10, 0x0, 0x0, 0x2f, 0xff, 0xe0,
    0x0, 0x0, 0x0, 0x0, 0x24, 0x8f, 0xff, 0xe0,
    0x0, 0x1, 0x6a, 0xdf, 0xff, 0xff, 0xff, 0xe0,
    0x0, 0x7f, 0xff, 0xff, 0xff, 0xff, 0xff, 0xe0,
    0xa, 0xff, 0xff, 0xb8, 0x63, 0x3f, 0xff, 0xe0,
    0x5f, 0xff, 0xd1, 0x0, 0x0, 0x2f, 0xff, 0xe0,
    0xaf, 0xff, 0x60, 0x0, 0x0, 0x4f, 0xff, 0xe0,
    0xbf, 0xff, 0x60, 0x0, 0x0, 0xbf, 0xff, 0xe0,
    0x9f, 0xff, 0xe6, 0x23, 0x6d, 0xff, 0xff, 0xe0,
    0x4f, 0xff, 0xff, 0xff, 0xff, 0xcf, 0xff, 0xf0,
    0x8, 0xff, 0xff, 0xff, 0xfd, 0x1e, 0xff, 0xf0,
    0x0, 0x4b, 0xef, 0xfc, 0x70, 0xc, 0xff, 0xf3,

    /* U+00E1 "á" */
    0x0, 0x0, 0x0, 0x0, 0xcf, 0xff, 0xf9, 0x0,
    0x0, 0x0, 0x0, 0x6, 0xff, 0xff, 0x90, 0x0,
    0x0, 0x0, 0x0, 0x1f, 0xff, 0xf8, 0x0, 0x0,
    0x0, 0x0, 0x0, 0xbf, 0xff, 0x80, 0x0, 0x0,
    0x0, 0x0, 0x5, 0xff, 0xf8, 0x0, 0x0, 0x0,
    0x0, 0x0, 0x1, 0x22, 0x10, 0x0, 0x0, 0x0,
    0x0, 0x0, 0x0, 0x0, 0x0, 0x0, 0x0, 0x0,
    0x0, 0x0, 0x6b, 0xef, 0xfe, 0xb7, 0x0, 0x0,
    0x0, 0x3e, 0xff, 0xff, 0xff, 0xff, 0xe3, 0x0,
    0x3, 0xff, 0xff, 0xff, 0xff, 0xff, 0xfe, 0x10,
    0xc, 0xff, 0xfc, 0x42, 0x26, 0xff, 0xff, 0x70,
    0x1f, 0xff, 0xd0, 0x0, 0x0, 0x6f, 0xff, 0xc0,
    0x2, 0x22, 0x10, 0x0, 0x0, 0x2f, 0xff, 0xe0,
    0x0, 0x0, 0x0, 0x0, 0x24, 0x8f, 0xff, 0xe0,
    0x0, 0x1, 0x6a, 0xdf, 0xff, 0xff, 0xff, 0xe0,
    0x0, 0x7f, 0xff, 0xff, 0xff, 0xff, 0xff, 0xe0,
    0xa, 0xff, 0xff, 0xb8, 0x63, 0x3f, 0xff, 0xe0,
    0x5f, 0xff, 0xd1, 0x0, 0x0, 0x2f, 0xff, 0xe0,
    0xaf, 0xff, 0x60, 0x0, 0x0, 0x4f, 0xff, 0xe0,
    0xbf, 0xff, 0x60, 0x0, 0x0, 0xbf, 0xff, 0xe0,
    0x9f, 0xff, 0xe6, 0x23, 0x6d, 0xff, 0xff, 0xe0,
    0x4f, 0xff, 0xff, 0xff, 0xff, 0xcf, 0xff, 0xf0,
    0x8, 0xff, 0xff, 0xff, 0xfd, 0x1e, 0xff, 0xf0,
    0x0, 0x4b, 0xef, 0xfc, 0x70, 0xc, 0xff, 0xf3,

    /* U+00E2 "â" */
    0x0, 0x0, 0x7, 0xff, 0xff, 0xa0, 0x0, 0x0,
    0x0, 0x0, 0x5f, 0xff, 0xff, 0xf9, 0x0, 0x0,
    0x0, 0x4, 0xff, 0xf6, 0x3f, 0xff, 0x70, 0x0,
    0x0, 0x3f, 0xff, 0x60, 0x4, 0xff, 0xf5, 0x0,
    0x0, 0x9b, 0xb6, 0x0, 0x0, 0x4b, 0xbb, 0x10,
    0x0, 0x0, 0x0, 0x0, 0x0, 0x0, 0x0, 0x0,
    0x0, 0x0, 0x0, 0x0, 0x0, 0x0, 0x0, 0x0,
    0x0, 0x0, 0x6b, 0xef, 0xfe, 0xb7, 0x0, 0x0,
    0x0, 0x3e, 0xff, 0xff, 0xff, 0xff, 0xe3, 0x0,
    0x3, 0xff, 0xff, 0xff, 0xff, 0xff, 0xfe, 0x10,
    0xc, 0xff, 0xfc, 0x42, 0x26, 0xff, 0xff, 0x70,
    0x1f, 0xff, 0xd0, 0x0, 0x0, 0x6f, 0xff, 0xc0,
    0x2, 0x22, 0x10, 0x0, 0x0, 0x2f, 0xff, 0xe0,
    0x0, 0x0, 0x0, 0x0, 0x24, 0x8f, 0xff, 0xe0,
    0x0, 0x1, 0x6a, 0xdf, 0xff, 0xff, 0xff, 0xe0,
    0x0, 0x7f, 0xff, 0xff, 0xff, 0xff, 0xff, 0xe0,
    0xa, 0xff, 0xff, 0xb8, 0x63, 0x3f, 0xff, 0xe0,
    0x5f, 0xff, 0xd1, 0x0, 0x0, 0x2f, 0xff, 0xe0,
    0xaf, 0xff, 0x60, 0x0, 0x0, 0x4f, 0xff, 0xe0,
    0xbf, 0xff, 0x60, 0x0, 0x0, 0xbf, 0xff, 0xe0,
    0x9f, 0xff, 0xe6, 0x23, 0x6d, 0xff, 0xff, 0xe0,
    0x4f, 0xff, 0xff, 0xff, 0xff, 0xcf, 0xff, 0xf0,
    0x8, 0xff, 0xff, 0xff, 0xfd, 0x1e, 0xff, 0xf0,
    0x0, 0x4b, 0xef, 0xfc, 0x70, 0xc, 0xff, 0xf3,

    /* U+00E3 "ã" */
    0x0, 0x7, 0xdf, 0xfc, 0x60, 0x1, 0xff, 0x90,
    0x0, 0x9f, 0xff, 0xff, 0xff, 0xdf, 0xff, 0x50,
    0x2, 0xff, 0xfd, 0xff, 0xff, 0xff, 0xfc, 0x0,
    0x6, 0xff, 0x40, 0x5, 0xae, 0xfe, 0x80, 0x0,
    0x0, 0x0, 0x0, 0x0, 0x0, 0x0, 0x0, 0x0,
    0x0, 0x0, 0x0, 0x0, 0x0, 0x0, 0x0, 0x0,
    0x0, 0x0, 0x0, 0x0, 0x0, 0x0, 0x0, 0x0,
    0x0, 0x0, 0x6b, 0xef, 0xfe, 0xb7, 0x0, 0x0,
    0x0, 0x3e, 0xff, 0xff, 0xff, 0xff, 0xe3, 0x0,
    0x3, 0xff, 0xff, 0xff, 0xff, 0xff, 0xfe, 0x10,
    0xc, 0xff, 0xfc, 0x42, 0x26, 0xff, 0xff, 0x70,
    0x1f, 0xff, 0xd0, 0x0, 0x0, 0x6f, 0xff, 0xc0,
    0x2, 0x22, 0x10, 0x0, 0x0, 0x2f, 0xff, 0xe0,
    0x0, 0x0, 0x0, 0x0, 0x24, 0x8f, 0xff, 0xe0,
    0x0, 0x1, 0x6a, 0xdf, 0xff, 0xff, 0xff, 0xe0,
    0x0, 0x7f, 0xff, 0xff, 0xff, 0xff, 0xff, 0xe0,
    0xa, 0xff, 0xff, 0xb8, 0x63, 0x3f, 0xff, 0xe0,
    0x5f, 0xff, 0xd1, 0x0, 0x0, 0x2f, 0xff, 0xe0,
    0xaf, 0xff, 0x60, 0x0, 0x0, 0x4f, 0xff, 0xe0,
    0xbf, 0xff, 0x60, 0x0, 0x0, 0xbf, 0xff, 0xe0,
    0x9f, 0xff, 0xe6, 0x23, 0x6d, 0xff, 0xff, 0xe0,
    0x4f, 0xff, 0xff, 0xff, 0xff, 0xcf, 0xff, 0xf0,
    0x8, 0xff, 0xff, 0xff, 0xfd, 0x1e, 0xff, 0xf0,
    0x0, 0x4b, 0xef, 0xfc, 0x70, 0xc, 0xff, 0xf3,

    /* U+00E4 "ä" */
    0x0, 0xcf, 0xff, 0x90, 0x6, 0xff, 0xff, 0x0,
    0x0, 0xcf, 0xff, 0x90, 0x6, 0xff, 0xff, 0x0,
    0x0, 0xcf, 0xff, 0x90, 0x6, 0xff, 0xff, 0x0,
    0x0, 0xcf, 0xff, 0x90, 0x6, 0xff, 0xff, 0x0,
    0x0, 0x79, 0x99, 0x50, 0x3, 0x99, 0x98, 0x0,
    0x0, 0x0, 0x0, 0x0, 0x0, 0x0, 0x0, 0x0,
    0x0, 0x0, 0x0, 0x0, 0x0, 0x0, 0x0, 0x0,
    0x0, 0x0, 0x6b, 0xef, 0xfe, 0xb7, 0x0, 0x0,
    0x0, 0x3e, 0xff, 0xff, 0xff, 0xff, 0xe3, 0x0,
    0x3, 0xff, 0xff, 0xff, 0xff, 0xff, 0xfe, 0x10,
    0xc, 0xff, 0xfc, 0x42, 0x26, 0xff, 0xff, 0x70,
    0x1f, 0xff, 0xd0, 0x0, 0x0, 0x6f, 0xff, 0xc0,
    0x2, 0x22, 0x10, 0x0, 0x0, 0x2f, 0xff, 0xe0,
    0x0, 0x0, 0x0, 0x0, 0x24, 0x8f, 0xff, 0xe0,
    0x0, 0x1, 0x6a, 0xdf, 0xff, 0xff, 0xff, 0xe0,
    0x0, 0x7f, 0xff, 0xff, 0xff, 0xff, 0xff, 0xe0,
    0xa, 0xff, 0xff, 0xb8, 0x63, 0x3f, 0xff, 0xe0,
    0x5f, 0xff, 0xd1, 0x0, 0x0, 0x2f, 0xff, 0xe0,
    0xaf, 0xff, 0x60, 0x0, 0x0, 0x4f, 0xff, 0xe0,
    0xbf, 0xff, 0x60, 0x0, 0x0, 0xbf, 0xff, 0xe0,
    0x9f, 0xff, 0xe6, 0x23, 0x6d, 0xff, 0xff, 0xe0,
    0x4f, 0xff, 0xff, 0xff, 0xff, 0xcf, 0xff, 0xf0,
    0x8, 0xff, 0xff, 0xff, 0xfd, 0x1e, 0xff, 0xf0,
    0x0, 0x4b, 0xef, 0xfc, 0x70, 0xc, 0xff, 0xf3,

    /* U+00E5 "å" */
    0x0, 0x0, 0x0, 0x9e, 0xfb, 0x10, 0x0, 0x0,
    0x0, 0x0, 0xb, 0xff, 0xff, 0xd0, 0x0, 0x0,
    0x0, 0x0, 0x2f, 0xf6, 0x4e, 0xf6, 0x0, 0x0,
    0x0, 0x0, 0x5f, 0xd0, 0x9, 0xf8, 0x0, 0x0,
    0x0, 0x0, 0x3f, 0xf3, 0x1e, 0xf6, 0x0, 0x0,
    0x0, 0x0, 0xc, 0xff, 0xff, 0xe1, 0x0, 0x0,
    0x0, 0x0, 0x1, 0xbf, 0xfd, 0x30, 0x0, 0x0,
    0x0, 0x0, 0x0, 0x1, 0x20, 0x0, 0x0, 0x0,
    0x0, 0x0, 0x0, 0x0, 0x0, 0x0, 0x0, 0x0,
    0x0, 0x0, 0x6b, 0xef, 0xfe, 0xb7, 0x0, 0x0,
    0x0, 0x3e, 0xff, 0xff, 0xff, 0xff, 0xe3, 0x0,
    0x3, 0xff, 0xff, 0xff, 0xff, 0xff, 0xfe, 0x10,
    0xc, 0xff, 0xfc, 0x42, 0x26, 0xff, 0xff, 0x70,
    0x1f, 0xff, 0xd0, 0x0, 0x0, 0x6f, 0xff, 0xc0,
    0x2, 0x22, 0x10, 0x0, 0x0, 0x2f, 0xff, 0xe0,
    0x0, 0x0, 0x0, 0x0, 0x24, 0x8f, 0xff, 0xe0,
    0x0, 0x1, 0x6a, 0xdf, 0xff, 0xff, 0xff, 0xe0,
    0x0, 0x7f, 0xff, 0xff, 0xff, 0xff, 0xff, 0xe0,
    0xa, 0xff, 0xff, 0xb8, 0x63, 0x3f, 0xff, 0xe0,
    0x5f, 0xff, 0xd1, 0x0, 0x0, 0x2f, 0xff, 0xe0,
    0xaf, 0xff, 0x60, 0x0, 0x0, 0x4f, 0xff, 0xe0,
    0xbf, 0xff, 0x60, 0x0, 0x0, 0xbf, 0xff, 0xe0,
    0x9f, 0xff, 0xe6, 0x23, 0x6d, 0xff, 0xff, 0xe0,
    0x4f, 0xff, 0xff, 0xff, 0xff, 0xcf, 0xff, 0xf0,
    0x8, 0xff, 0xff, 0xff, 0xfd, 0x1e, 0xff, 0xf0,
    0x0, 0x4b, 0xef, 0xfc, 0x70, 0xc, 0xff, 0xf3,

    /* U+00E6 "æ" */
    0x0, 0x1, 0x7c, 0xef, 0xfe, 0xa4, 0x0, 0x6,
    0xbe, 0xff, 0xc8, 0x10, 0x0, 0x0, 0x4, 0xef,
    0xff, 0xff, 0xff, 0xfb, 0x4d, 0xff, 0xff, 0xff,
    0xff, 0x50, 0x0, 0x3, 0xff, 0xff, 0xff, 0xff,
    0xff, 0xff, 0xff, 0xff, 0xff, 0xff, 0xff, 0x50,
    0x0, 0xcf, 0xff, 0xc4, 0x22, 0x7f, 0xff, 0xff,
    0xfb, 0x42, 0x27, 0xff, 0xff, 0x20, 0x2f, 0xff,
    0xd0, 0x0, 0x0, 0x8f, 0xff, 0xfa, 0x0, 0x0,
    0x5, 0xff, 0xf9, 0x0, 0x33, 0x31, 0x0, 0x0,
    0x4, 0xff, 0xff, 0x10, 0x0, 0x0, 0xd, 0xff,
    0xe0, 0x0, 0x0, 0x0, 0x0, 0x2, 0x7f, 0xff,
    0xb0, 0x0, 0x0, 0x0, 0x9f, 0xff, 0x20, 0x0,
    0x4, 0x8a, 0xdf, 0xff, 0xff, 0xff, 0xff, 0xff,
    0xff, 0xff, 0xff, 0xf4, 0x0, 0x6e, 0xff, 0xff,
    0xff, 0xff, 0xff, 0xff, 0xff, 0xff, 0xff, 0xff,
    0xff, 0x40, 0x9f, 0xff, 0xff, 0xca, 0x78, 0xff,
    0xff, 0xee, 0xee, 0xee, 0xee, 0xee, 0xe3, 0x4f,
    0xff, 0xe5, 0x0, 0x0, 0x4f, 0xff, 0xb0, 0x0,
    0x0, 0x0, 0x0, 0x0, 0x9, 0xff, 0xf6, 0x0,
    0x0, 0x5, 0xff, 0xff, 0x10, 0x0, 0x0, 0x0,
    0x0, 0x0, 0xbf, 0xff, 0x60, 0x0, 0x1, 0xdf,
    0xff, 0xfa, 0x0, 0x0, 0x4, 0xff, 0xf9, 0x9,
    0xff, 0xfe, 0x52, 0x37, 0xef, 0xff, 0xff, 0xfb,
    0x42, 0x37, 0xff, 0xff, 0x20, 0x3f, 0xff, 0xff,
    0xff, 0xff, 0xfc, 0x3f, 0xff, 0xff, 0xff, 0xff,
    0xff, 0x70, 0x0, 0x7f, 0xff, 0xff, 0xff, 0xfb,
    0x0, 0x3d, 0xff, 0xff, 0xff, 0xff, 0x70, 0x0,
    0x0, 0x3a, 0xef, 0xfd, 0xa4, 0x0, 0x0, 0x6,
    0xbe, 0xff, 0xd8, 0x20, 0x0, 0x0,

    /* U+00E7 "ç" */
    0x0, 0x0, 0x3, 0x9d, 0xff, 0xeb, 0x60, 0x0,
    0x0, 0x0, 0xa, 0xff, 0xff, 0xff, 0xff, 0xd3,
    0x0, 0x0, 0x1d, 0xff, 0xff, 0xff, 0xff, 0xff,
    0xf3, 0x0, 0xa, 0xff, 0xff, 0xb6, 0x57, 0xef,
    0xff, 0xe0, 0x4, 0xff, 0xff, 0x60, 0x0, 0x0,
    0xcf, 0xff, 0x70, 0xaf, 0xff, 0xb0, 0x0, 0x0,
    0x3, 0xff, 0xfc, 0xf, 0xff, 0xf5, 0x0, 0x0,
    0x0, 0x1, 0x11, 0x1, 0xff, 0xff, 0x20, 0x0,
    0x0, 0x0, 0x0, 0x0, 0x2f, 0xff, 0xf1, 0x0,
    0x0, 0x0, 0x0, 0x0, 0x1, 0xff, 0xff, 0x20,
    0x0, 0x0, 0x0, 0x0, 0x0, 0xe, 0xff, 0xf5,
    0x0, 0x0, 0x0, 0x0, 0x0, 0x0, 0xaf, 0xff,
    0xb0, 0x0, 0x0, 0x2, 0xff, 0xfc, 0x3, 0xff,
    0xff, 0x60, 0x0, 0x0, 0xcf, 0xff, 0x70, 0xa,
    0xff, 0xff, 0xb6, 0x57, 0xef, 0xff, 0xe0, 0x0,
    0xc, 0xff, 0xff, 0xff, 0xff, 0xff, 0xf3, 0x0,
    0x0, 0xa, 0xff, 0xff, 0xff, 0xff, 0xd3, 0x0,
    0x0, 0x0, 0x3, 0x9d, 0xff, 0xeb, 0x60, 0x0,
    0x0, 0x0, 0x0, 0x0, 0x4f, 0xf1, 0x0, 0x0,
    0x0, 0x0, 0x0, 0x0, 0x8, 0xff, 0xe7, 0x0,
    0x0, 0x0, 0x0, 0x0, 0x0, 0xbf, 0xff, 0xf6,
    0x0, 0x0, 0x0, 0x0, 0x1, 0x10, 0x6, 0xff,
    0xb0, 0x0, 0x0, 0x0, 0x4, 0xff, 0x91, 0x4f,
    0xfb, 0x0, 0x0, 0x0, 0x0, 0xd, 0xff, 0xff,
    0xff, 0x40, 0x0, 0x0, 0x0, 0x0, 0x19, 0xdf,
    0xfc, 0x40, 0x0, 0x0,

    /* U+00E8 "è" */
    0x0, 0x2, 0xef, 0xff, 0xf5, 0x0, 0x0, 0x0,
    0x0, 0x0, 0x0, 0x1d, 0xff, 0xfe, 0x10, 0x0,
    0x0, 0x0, 0x0, 0x0, 0x1, 0xdf, 0xff, 0xa0,
    0x0, 0x0, 0x0, 0x0, 0x0, 0x0, 0x1d, 0xff,
    0xf4, 0x0, 0x0, 0x0, 0x0, 0x0, 0x0, 0x1,
    0xdf, 0xfe, 0x0, 0x0, 0x0, 0x0, 0x0, 0x0,
    0x0, 0x2, 0x22, 0x0, 0x0, 0x0, 0x0, 0x0,
    0x0, 0x0, 0x0, 0x0, 0x0, 0x0, 0x0, 0x0,
    0x0, 0x3, 0x9d, 0xff, 0xec, 0x71, 0x0, 0x0,
    0x0, 0x1, 0xaf, 0xff, 0xff, 0xff, 0xff, 0x50,
    0x0, 0x0, 0x1d, 0xff, 0xff, 0xff, 0xff, 0xff,
    0xf6, 0x0, 0x0, 0xbf, 0xff, 0xf7, 0x32, 0x4a,
    0xff, 0xff, 0x20, 0x4, 0xff, 0xff, 0x20, 0x0,
    0x0, 0x8f, 0xff, 0xa0, 0xb, 0xff, 0xf7, 0x0,
    0x0, 0x0, 0xf, 0xff, 0xf0, 0xf, 0xff, 0xf2,
    0x0, 0x0, 0x0, 0xc, 0xff, 0xf4, 0x1f, 0xff,
    0xff, 0xff, 0xff, 0xff, 0xff, 0xff, 0xf5, 0x2f,
    0xff, 0xff, 0xff, 0xff, 0xff, 0xff, 0xff, 0xf6,
    0x1f, 0xff, 0xfe, 0xee, 0xee, 0xee, 0xee, 0xee,
    0xe4, 0xf, 0xff, 0xf1, 0x0, 0x0, 0x0, 0x0,
    0x0, 0x0, 0xa, 0xff, 0xf7, 0x0, 0x0, 0x0,
    0x0, 0x0, 0x0, 0x4, 0xff, 0xff, 0x20, 0x0,
    0x0, 0x2e, 0xff, 0xb0, 0x0, 0xaf, 0xff, 0xf7,
    0x31, 0x37, 0xff, 0xff, 0x40, 0x0, 0xc, 0xff,
    0xff, 0xff, 0xff, 0xff, 0xf8, 0x0, 0x0, 0x0,
    0xaf, 0xff, 0xff, 0xff, 0xff, 0x70, 0x0, 0x0,
    0x0, 0x3, 0x9d, 0xff, 0xfc, 0x82, 0x0, 0x0,

    /* U+00E9 "é" */
    0x0, 0x0, 0x0, 0x0, 0x6, 0xff, 0xff, 0xd1,
    0x0, 0x0, 0x0, 0x0, 0x0, 0x1f, 0xff, 0xfd,
    0x10, 0x0, 0x0, 0x0, 0x0, 0x0, 0xbf, 0xff,
    0xd1, 0x0, 0x0, 0x0, 0x0, 0x0, 0x5, 0xff,
    0xfc, 0x10, 0x0, 0x0, 0x0, 0x0, 0x0, 0x1e,
    0xff, 0xc0, 0x0, 0x0, 0x0, 0x0, 0x0, 0x0,
    0x2, 0x22, 0x0, 0x0, 0x0, 0x0, 0x0, 0x0,
    0x0, 0x0, 0x0, 0x0, 0x0, 0x0, 0x0, 0x0,
    0x0, 0x3, 0x9d, 0xff, 0xec, 0x71, 0x0, 0x0,
    0x0, 0x1, 0xaf, 0xff, 0xff, 0xff, 0xff, 0x50,
    0x0, 0x0, 0x1d, 0xff, 0xff, 0xff, 0xff, 0xff,
    0xf6, 0x0, 0x0, 0xbf, 0xff, 0xf7, 0x32, 0x4a,
    0xff, 0xff, 0x20, 0x4, 0xff, 0xff, 0x20, 0x0,
    0x0, 0x8f, 0xff, 0xa0, 0xb, 0xff, 0xf7, 0x0,
    0x0, 0x0, 0xf, 0xff, 0xf0, 0xf, 0xff, 0xf2,
    0x0, 0x0, 0x0, 0xc, 0xff, 0xf4, 0x1f, 0xff,
    0xff, 0xff, 0xff, 0xff, 0xff, 0xff, 0xf5, 0x2f,
    0xff, 0xff, 0xff, 0xff, 0xff, 0xff, 0xff, 0xf6,
    0x1f, 0xff, 0xfe, 0xee, 0xee, 0xee, 0xee, 0xee,
    0xe4, 0xf, 0xff, 0xf1, 0x0, 0x0, 0x0, 0x0,
    0x0, 0x0, 0xa, 0xff, 0xf7, 0x0, 0x0, 0x0,
    0x0, 0x0, 0x0, 0x4, 0xff, 0xff, 0x20, 0x0,
    0x0, 0x2e, 0xff, 0xb0, 0x0, 0xaf, 0xff, 0xf7,
    0x31, 0x37, 0xff, 0xff, 0x40, 0x0, 0xc, 0xff,
    0xff, 0xff, 0xff, 0xff, 0xf8, 0x0, 0x0, 0x0,
    0xaf, 0xff, 0xff, 0xff, 0xff, 0x70, 0x0, 0x0,
    0x0, 0x3, 0x9d, 0xff, 0xfc, 0x82, 0x0, 0x0,

    /* U+00EA "ê" */
    0x0, 0x0, 0x0, 0x2f, 0xff, 0xfe, 0x20, 0x0,
    0x0, 0x0, 0x0, 0x1, 0xef, 0xff, 0xff, 0xd1,
    0x0, 0x0, 0x0, 0x0, 0x1d, 0xff, 0xb1, 0xcf,
    0xfc, 0x0, 0x0, 0x0, 0x0, 0xcf, 0xfb, 0x0,
    0x1c, 0xff, 0xa0, 0x0, 0x0, 0x6, 0xbb, 0xa0,
    0x0, 0x1, 0xab, 0xb5, 0x0, 0x0, 0x0, 0x0,
    0x0, 0x0, 0x0, 0x0, 0x0, 0x0, 0x0, 0x0,
    0x0, 0x0, 0x0, 0x0, 0x0, 0x0, 0x0, 0x0,
    0x0, 0x3, 0x9d, 0xff, 0xec, 0x71, 0x0, 0x0,
    0x0, 0x1, 0xaf, 0xff, 0xff, 0xff, 0xff, 0x50,
    0x0, 0x0, 0x1d, 0xff, 0xff, 0xff, 0xff, 0xff,
    0xf6, 0x0, 0x0, 0xbf, 0xff, 0xf7, 0x32, 0x4a,
    0xff, 0xff, 0x20, 0x4, 0xff, 0xff, 0x20, 0x0,
    0x0, 0x8f, 0xff, 0xa0, 0xb, 0xff, 0xf7, 0x0,
    0x0, 0x0, 0xf, 0xff, 0xf0, 0xf, 0xff, 0xf2,
    0x0, 0x0, 0x0, 0xc, 0xff, 0xf4, 0x1f, 0xff,
    0xff, 0xff, 0xff, 0xff, 0xff, 0xff, 0xf5, 0x2f,
    0xff, 0xff, 0xff, 0xff, 0xff, 0xff, 0xff, 0xf6,
    0x1f, 0xff, 0xfe, 0xee, 0xee, 0xee, 0xee, 0xee,
    0xe4, 0xf, 0xff, 0xf1, 0x0, 0x0, 0x0, 0x0,
    0x0, 0x0, 0xa, 0xff, 0xf7, 0x0, 0x0, 0x0,
    0x0, 0x0, 0x0, 0x4, 0xff, 0xff, 0x20, 0x0,
    0x0, 0x2e, 0xff, 0xb0, 0x0, 0xaf, 0xff, 0xf7,
    0x31, 0x37, 0xff, 0xff, 0x40, 0x0, 0xc, 0xff,
    0xff, 0xff, 0xff, 0xff, 0xf8, 0x0, 0x0, 0x0,
    0xaf, 0xff, 0xff, 0xff, 0xff, 0x70, 0x0, 0x0,
    0x0, 0x3, 0x9d, 0xff, 0xfc, 0x82, 0x0, 0x0,

    /* U+00EB "ë" */
    0x0, 0x6, 0xff, 0xff, 0x0, 0x1f, 0xff, 0xf5,
    0x0, 0x0, 0x6, 0xff, 0xff, 0x0, 0x1f, 0xff,
    0xf5, 0x0, 0x0, 0x6, 0xff, 0xff, 0x0, 0x1f,
    0xff, 0xf5, 0x0, 0x0, 0x6, 0xff, 0xff, 0x0,
    0x1f, 0xff, 0xf5, 0x0, 0x0, 0x3, 0x99, 0x98,
    0x0, 0x9, 0x99, 0x93, 0x0, 0x0, 0x0, 0x0,
    0x0, 0x0, 0x0, 0x0, 0x0, 0x0, 0x0, 0x0,
    0x0, 0x0, 0x0, 0x0, 0x0, 0x0, 0x0, 0x0,
    0x0, 0x3, 0x9d, 0xff, 0xec, 0x71, 0x0, 0x0,
    0x0, 0x1, 0xaf, 0xff, 0xff, 0xff, 0xff, 0x50,
    0x0, 0x0, 0x1d, 0xff, 0xff, 0xff, 0xff, 0xff,
    0xf6, 0x0, 0x0, 0xbf, 0xff, 0xf7, 0x32, 0x4a,
    0xff, 0xff, 0x20, 0x4, 0xff, 0xff, 0x20, 0x0,
    0x0, 0x8f, 0xff, 0xa0, 0xb, 0xff, 0xf7, 0x0,
    0x0, 0x0, 0xf, 0xff, 0xf0, 0xf, 0xff, 0xf2,
    0x0, 0x0, 0x0, 0xc, 0xff, 0xf4, 0x1f, 0xff,
    0xff, 0xff, 0xff, 0xff, 0xff, 0xff, 0xf5, 0x2f,
    0xff, 0xff, 0xff, 0xff, 0xff, 0xff, 0xff, 0xf6,
    0x1f, 0xff, 0xfe, 0xee, 0xee, 0xee, 0xee, 0xee,
    0xe4, 0xf, 0xff, 0xf1, 0x0, 0x0, 0x0, 0x0,
    0x0, 0x0, 0xa, 0xff, 0xf7, 0x0, 0x0, 0x0,
    0x0, 0x0, 0x0, 0x4, 0xff, 0xff, 0x20, 0x0,
    0x0, 0x2e, 0xff, 0xb0, 0x0, 0xaf, 0xff, 0xf7,
    0x31, 0x37, 0xff, 0xff, 0x40, 0x0, 0xc, 0xff,
    0xff, 0xff, 0xff, 0xff, 0xf8, 0x0, 0x0, 0x0,
    0xaf, 0xff, 0xff, 0xff, 0xff, 0x70, 0x0, 0x0,
    0x0, 0x3, 0x9d, 0xff, 0xfc, 0x82, 0x0, 0x0,

    /* U+00EC "ì" */
    0x5f, 0xff, 0xff, 0x10, 0x0, 0x5, 0xff, 0xff,
    0xb0, 0x0, 0x0, 0x4f, 0xff, 0xf5, 0x0, 0x0,
    0x4, 0xff, 0xfe, 0x10, 0x0, 0x0, 0x4f, 0xff,
    0xa0, 0x0, 0x0, 0x1, 0x22, 0x20, 0x0, 0x0,
    0x0, 0x0, 0x0, 0x0, 0x0, 0xdf, 0xff, 0x20,
    0x0, 0x0, 0xdf, 0xff, 0x20, 0x0, 0x0, 0xdf,
    0xff, 0x20, 0x0, 0x0, 0xdf, 0xff, 0x20, 0x0,
    0x0, 0xdf, 0xff, 0x20, 0x0, 0x0, 0xdf, 0xff,
    0x20, 0x0, 0x0, 0xdf, 0xff, 0x20, 0x0, 0x0,
    0xdf, 0xff, 0x20, 0x0, 0x0, 0xdf, 0xff, 0x20,
    0x0, 0x0, 0xdf, 0xff, 0x20, 0x0, 0x0, 0xdf,
    0xff, 0x20, 0x0, 0x0, 0xdf, 0xff, 0x20, 0x0,
    0x0, 0xdf, 0xff, 0x20, 0x0, 0x0, 0xdf, 0xff,
    0x20, 0x0, 0x0, 0xdf, 0xff, 0x20, 0x0, 0x0,
    0xdf, 0xff, 0x20, 0x0, 0x0, 0xdf, 0xff, 0x20,

    /* U+00ED "í" */
    0x0, 0xb, 0xff, 0xff, 0x90, 0x0, 0x5f, 0xff,
    0xf9, 0x0, 0x1, 0xef, 0xff, 0x90, 0x0, 0xa,
    0xff, 0xf8, 0x0, 0x0, 0x5f, 0xff, 0x80, 0x0,
    0x0, 0x12, 0x21, 0x0, 0x0, 0x0, 0x0, 0x0,
    0x0, 0x0, 0x0, 0xd, 0xff, 0xf2, 0x0, 0x0,
    0xd, 0xff, 0xf2, 0x0, 0x0, 0xd, 0xff, 0xf2,
    0x0, 0x0, 0xd, 0xff, 0xf2, 0x0, 0x0, 0xd,
    0xff, 0xf2, 0x0, 0x0, 0xd, 0xff, 0xf2, 0x0,
    0x0, 0xd, 0xff, 0xf2, 0x0, 0x0, 0xd, 0xff,
    0xf2, 0x0, 0x0, 0xd, 0xff, 0xf2, 0x0, 0x0,
    0xd, 0xff, 0xf2, 0x0, 0x0, 0xd, 0xff, 0xf2,
    0x0, 0x0, 0xd, 0xff, 0xf2, 0x0, 0x0, 0xd,
    0xff, 0xf2, 0x0, 0x0, 0xd, 0xff, 0xf2, 0x0,
    0x0, 0xd, 0xff, 0xf2, 0x0, 0x0, 0xd, 0xff,
    0xf2, 0x0, 0x0, 0xd, 0xff, 0xf2, 0x0, 0x0,

    /* U+00EE "î" */
    0x0, 0x0, 0x7f, 0xff, 0xfb, 0x0, 0x0, 0x0,
    0x6, 0xff, 0xfe, 0xff, 0xa0, 0x0, 0x0, 0x5f,
    0xff, 0x52, 0xef, 0xf9, 0x0, 0x4, 0xff, 0xf5,
    0x0, 0x2d, 0xff, 0x80, 0x7, 0x77, 0x40, 0x0,
    0x1, 0x77, 0x71, 0x0, 0x0, 0x0, 0x0, 0x0,
    0x0, 0x0, 0x0, 0x0, 0x0, 0x0, 0x0, 0x0,
    0x0, 0x0, 0x0, 0xd, 0xff, 0xf2, 0x0, 0x0,
    0x0, 0x0, 0xd, 0xff, 0xf2, 0x0, 0x0, 0x0,
    0x0, 0xd, 0xff, 0xf2, 0x0, 0x0, 0x0, 0x0,
    0xd, 0xff, 0xf2, 0x0, 0x0, 0x0, 0x0, 0xd,
    0xff, 0xf2, 0x0, 0x0, 0x0, 0x0, 0xd, 0xff,
    0xf2, 0x0, 0x0, 0x0, 0x0, 0xd, 0xff, 0xf2,
    0x0, 0x0, 0x0, 0x0, 0xd, 0xff, 0xf2, 0x0,
    0x0, 0x0, 0x0, 0xd, 0xff, 0xf2, 0x0, 0x0,
    0x0, 0x0, 0xd, 0xff, 0xf2, 0x0, 0x0, 0x0,
    0x0, 0xd, 0xff, 0xf2, 0x0, 0x0, 0x0, 0x0,
    0xd, 0xff, 0xf2, 0x0, 0x0, 0x0, 0x0, 0xd,
    0xff, 0xf2, 0x0, 0x0, 0x0, 0x0, 0xd, 0xff,
    0xf2, 0x0, 0x0, 0x0, 0x0, 0xd, 0xff, 0xf2,
    0x0, 0x0, 0x0, 0x0, 0xd, 0xff, 0xf2, 0x0,
    0x0, 0x0, 0x0, 0xd, 0xff, 0xf2, 0x0, 0x0,

    /* U+00EF "ï" */
    0xbf, 0xff, 0xa0, 0x6, 0xff, 0xff, 0xb, 0xff,
    0xfa, 0x0, 0x6f, 0xff, 0xf0, 0xbf, 0xff, 0xa0,
    0x6, 0xff, 0xff, 0xb, 0xff, 0xfa, 0x0, 0x6f,
    0xff, 0xf0, 0x69, 0x99, 0x60, 0x3, 0x99, 0x99,
    0x0, 0x0, 0x0, 0x0, 0x0, 0x0, 0x0, 0x0,
    0x0, 0x0, 0x0, 0x0, 0x0, 0x0, 0x0, 0xd,
    0xff, 0xf2, 0x0, 0x0, 0x0, 0x0, 0xdf, 0xff,
    0x20, 0x0, 0x0, 0x0, 0xd, 0xff, 0xf2, 0x0,
    0x0, 0x0, 0x0, 0xdf, 0xff, 0x20, 0x0, 0x0,
    0x0, 0xd, 0xff, 0xf2, 0x0, 0x0, 0x0, 0x0,
    0xdf, 0xff, 0x20, 0x0, 0x0, 0x0, 0xd, 0xff,
    0xf2, 0x0, 0x0, 0x0, 0x0, 0xdf, 0xff, 0x20,
    0x0, 0x0, 0x0, 0xd, 0xff, 0xf2, 0x0, 0x0,
    0x0, 0x0, 0xdf, 0xff, 0x20, 0x0, 0x0, 0x0,
    0xd, 0xff, 0xf2, 0x0, 0x0, 0x0, 0x0, 0xdf,
    0xff, 0x20, 0x0, 0x0, 0x0, 0xd, 0xff, 0xf2,
    0x0, 0x0, 0x0, 0x0, 0xdf, 0xff, 0x20, 0x0,
    0x0, 0x0, 0xd, 0xff, 0xf2, 0x0, 0x0, 0x0,
    0x0, 0xdf, 0xff, 0x20, 0x0, 0x0, 0x0, 0xd,
    0xff, 0xf2, 0x0, 0x0,

    /* U+00F0 "ð" */
    0x0, 0x0, 0x0, 0x0, 0x0, 0x0, 0x48, 0x0,
    0x0, 0x0, 0xf, 0xfd, 0xb9, 0x50, 0x1a, 0xff,
    0x30, 0x0, 0x0, 0x3f, 0xff, 0xff, 0xff, 0xef,
    0xff, 0x50, 0x0, 0x0, 0x5d, 0xff, 0xff, 0xff,
    0xff, 0xe2, 0x0, 0x0, 0x0, 0x0, 0x1, 0xaf,
    0xff, 0xff, 0xfb, 0x0, 0x0, 0x0, 0x0, 0x2c,
    0xff, 0xfb, 0xff, 0xff, 0xb0, 0x0, 0x0, 0x0,
    0x7f, 0xfd, 0x40, 0x2e, 0xff, 0xf7, 0x0, 0x0,
    0x0, 0xc, 0x80, 0x0, 0x3, 0xff, 0xff, 0x10,
    0x0, 0x0, 0x0, 0x24, 0x43, 0x0, 0x9f, 0xff,
    0x80, 0x0, 0x0, 0x7e, 0xff, 0xff, 0xe8, 0x3f,
    0xff, 0xd0, 0x0, 0x3e, 0xff, 0xff, 0xff, 0xff,
    0xcf, 0xff, 0xf1, 0x2, 0xef, 0xff, 0xff, 0xff,
    0xff, 0xff, 0xff, 0xf4, 0xd, 0xff, 0xff, 0x82,
    0x1, 0x6e, 0xff, 0xff, 0xf6, 0x5f, 0xff, 0xf6,
    0x0, 0x0, 0x1, 0xdf, 0xff, 0xf7, 0xaf, 0xff,
    0xc0, 0x0, 0x0, 0x0, 0x5f, 0xff, 0xf7, 0xdf,
    0xff, 0x80, 0x0, 0x0, 0x0, 0xf, 0xff, 0xf7,
    0xef, 0xff, 0x60, 0x0, 0x0, 0x0, 0xf, 0xff,
    0xf5, 0xef, 0xff, 0x70, 0x0, 0x0, 0x0, 0xf,
    0xff, 0xf3, 0xcf, 0xff, 0x90, 0x0, 0x0, 0x0,
    0x2f, 0xff, 0xf0, 0x9f, 0xff, 0xe0, 0x0, 0x0,
    0x0, 0x9f, 0xff, 0xa0, 0x3f, 0xff, 0xfa, 0x0,
    0x0, 0x6, 0xff, 0xff, 0x30, 0xa, 0xff, 0xff,
    0xe8, 0x67, 0xcf, 0xff, 0xfa, 0x0, 0x0, 0xcf,
    0xff, 0xff, 0xff, 0xff, 0xff, 0xd1, 0x0, 0x0,
    0x9, 0xff, 0xff, 0xff, 0xff, 0xfa, 0x10, 0x0,
    0x0, 0x0, 0x28, 0xcf, 0xff, 0xd9, 0x30, 0x0,
    0x0,

    /* U+00F1 "ñ" */
    0x0, 0x1, 0x9e, 0xfc, 0x50, 0x0, 0x7f, 0xf1,
    0x0, 0xd, 0xff, 0xff, 0xfa, 0x11, 0xdf, 0xe0,
    0x0, 0x8f, 0xfe, 0xef, 0xff, 0xff, 0xff, 0x90,
    0x0, 0xdf, 0xd0, 0x5, 0xef, 0xff, 0xfd, 0x10,
    0x0, 0xcd, 0x70, 0x0, 0x18, 0xcc, 0x80, 0x0,
    0x0, 0x0, 0x0, 0x0, 0x0, 0x0, 0x0, 0x0,
    0x0, 0x0, 0x0, 0x0, 0x0, 0x0, 0x0, 0x0,
    0xdf, 0xff, 0x10, 0x29, 0xdf, 0xfd, 0x91, 0x0,
    0xdf, 0xff, 0x15, 0xff, 0xff, 0xff, 0xfe, 0x30,
    0xdf, 0xff, 0x6f, 0xff, 0xff, 0xff, 0xff, 0xd0,
    0xdf, 0xff, 0xff, 0xd8, 0x67, 0xdf, 0xff, 0xf5,
    0xdf, 0xff, 0xf9, 0x0, 0x0, 0x1e, 0xff, 0xf9,
    0xdf, 0xff, 0xc0, 0x0, 0x0, 0x8, 0xff, 0xfa,
    0xdf, 0xff, 0x60, 0x0, 0x0, 0x6, 0xff, 0xfa,
    0xdf, 0xff, 0x30, 0x0, 0x0, 0x6, 0xff, 0xfa,
    0xdf, 0xff, 0x20, 0x0, 0x0, 0x6, 0xff, 0xfa,
    0xdf, 0xff, 0x20, 0x0, 0x0, 0x6, 0xff, 0xfa,
    0xdf, 0xff, 0x20, 0x0, 0x0, 0x6, 0xff, 0xfa,
    0xdf, 0xff, 0x20, 0x0, 0x0, 0x6, 0xff, 0xfa,
    0xdf, 0xff, 0x20, 0x0, 0x0, 0x6, 0xff, 0xfa,
    0xdf, 0xff, 0x20, 0x0, 0x0, 0x6, 0xff, 0xfa,
    0xdf, 0xff, 0x20, 0x0, 0x0, 0x6, 0xff, 0xfa,
    0xdf, 0xff, 0x20, 0x0, 0x0, 0x6, 0xff, 0xfa,
    0xdf, 0xff, 0x20, 0x0, 0x0, 0x6, 0xff, 0xfa,

    /* U+00F2 "ò" */
    0x0, 0x1, 0xdf, 0xff, 0xf7, 0x0, 0x0, 0x0,
    0x0, 0x0, 0x0, 0x1, 0xdf, 0xff, 0xf2, 0x0,
    0x0, 0x0, 0x0, 0x0, 0x0, 0x1, 0xcf, 0xff,
    0xb0, 0x0, 0x0, 0x0, 0x0, 0x0, 0x0, 0x1,
    0xcf, 0xff, 0x60, 0x0, 0x0, 0x0, 0x0, 0x0,
    0x0, 0x0, 0xcf, 0xff, 0x10, 0x0, 0x0, 0x0,
    0x0, 0x0, 0x0, 0x0, 0x22, 0x20, 0x0, 0x0,
    0x0, 0x0, 0x0, 0x0, 0x0, 0x0, 0x0, 0x0,
    0x0, 0x0, 0x0, 0x0, 0x0, 0x28, 0xcf, 0xff,
    0xd9, 0x30, 0x0, 0x0, 0x0, 0x0, 0x9f, 0xff,
    0xff, 0xff, 0xff, 0xb1, 0x0, 0x0, 0x0, 0xcf,
    0xff, 0xff, 0xff, 0xff, 0xff, 0xe1, 0x0, 0x0,
    0xaf, 0xff, 0xfc, 0x64, 0x6b, 0xff, 0xff, 0xc0,
    0x0, 0x4f, 0xff, 0xf8, 0x0, 0x0, 0x6, 0xff,
    0xff, 0x60, 0xb, 0xff, 0xfb, 0x0, 0x0, 0x0,
    0xa, 0xff, 0xfd, 0x0, 0xff, 0xff, 0x50, 0x0,
    0x0, 0x0, 0x3f, 0xff, 0xf1, 0x1f, 0xff, 0xf1,
    0x0, 0x0, 0x0, 0x0, 0xff, 0xff, 0x32, 0xff,
    0xff, 0x10, 0x0, 0x0, 0x0, 0xf, 0xff, 0xf4,
    0x1f, 0xff, 0xf2, 0x0, 0x0, 0x0, 0x0, 0xff,
    0xff, 0x30, 0xef, 0xff, 0x60, 0x0, 0x0, 0x0,
    0x4f, 0xff, 0xf0, 0xa, 0xff, 0xfc, 0x0, 0x0,
    0x0, 0xb, 0xff, 0xfc, 0x0, 0x3f, 0xff, 0xf9,
    0x0, 0x0, 0x7, 0xff, 0xff, 0x50, 0x0, 0xaf,
    0xff, 0xfc, 0x65, 0x6c, 0xff, 0xff, 0xb0, 0x0,
    0x0, 0xcf, 0xff, 0xff, 0xff, 0xff, 0xff, 0xd1,
    0x0, 0x0, 0x0, 0x9f, 0xff, 0xff, 0xff, 0xff,
    0xa1, 0x0, 0x0, 0x0, 0x0, 0x28, 0xcf, 0xff,
    0xd9, 0x30, 0x0, 0x0,

    /* U+00F3 "ó" */
    0x0, 0x0, 0x0, 0x0, 0x5, 0xff, 0xff, 0xe2,
    0x0, 0x0, 0x0, 0x0, 0x0, 0x1, 0xef, 0xff,
    0xe2, 0x0, 0x0, 0x0, 0x0, 0x0, 0x0, 0x9f,
    0xff, 0xd1, 0x0, 0x0, 0x0, 0x0, 0x0, 0x0,
    0x4f, 0xff, 0xd1, 0x0, 0x0, 0x0, 0x0, 0x0,
    0x0, 0xd, 0xff, 0xd1, 0x0, 0x0, 0x0, 0x0,
    0x0, 0x0, 0x0, 0x22, 0x20, 0x0, 0x0, 0x0,
    0x0, 0x0, 0x0, 0x0, 0x0, 0x0, 0x0, 0x0,
    0x0, 0x0, 0x0, 0x0, 0x0, 0x28, 0xcf, 0xff,
    0xd9, 0x30, 0x0, 0x0, 0x0, 0x0, 0x9f, 0xff,
    0xff, 0xff, 0xff, 0xb1, 0x0, 0x0, 0x0, 0xcf,
    0xff, 0xff, 0xff, 0xff, 0xff, 0xe1, 0x0, 0x0,
    0xaf, 0xff, 0xfc, 0x64, 0x6b, 0xff, 0xff, 0xc0,
    0x0, 0x4f, 0xff, 0xf8, 0x0, 0x0, 0x6, 0xff,
    0xff, 0x60, 0xb, 0xff, 0xfb, 0x0, 0x0, 0x0,
    0xa, 0xff, 0xfd, 0x0, 0xff, 0xff, 0x50, 0x0,
    0x0, 0x0, 0x3f, 0xff, 0xf1, 0x1f, 0xff, 0xf1,
    0x0, 0x0, 0x0, 0x0, 0xff, 0xff, 0x32, 0xff,
    0xff, 0x10, 0x0, 0x0, 0x0, 0xf, 0xff, 0xf4,
    0x1f, 0xff, 0xf2, 0x0, 0x0, 0x0, 0x0, 0xff,
    0xff, 0x30, 0xef, 0xff, 0x60, 0x0, 0x0, 0x0,
    0x4f, 0xff, 0xf0, 0xa, 0xff, 0xfc, 0x0, 0x0,
    0x0, 0xb, 0xff, 0xfc, 0x0, 0x3f, 0xff, 0xf9,
    0x0, 0x0, 0x7, 0xff, 0xff, 0x50, 0x0, 0xaf,
    0xff, 0xfc, 0x65, 0x6c, 0xff, 0xff, 0xb0, 0x0,
    0x0, 0xcf, 0xff, 0xff, 0xff, 0xff, 0xff, 0xd1,
    0x0, 0x0, 0x0, 0x9f, 0xff, 0xff, 0xff, 0xff,
    0xa1, 0x0, 0x0, 0x0, 0x0, 0x28, 0xcf, 0xff,
    0xd9, 0x30, 0x0, 0x0,

    /* U+00F4 "ô" */
    0x0, 0x0, 0x0, 0x2e, 0xff, 0xff, 0x30, 0x0,
    0x0, 0x0, 0x0, 0x0, 0x1d, 0xff, 0xff, 0xfe,
    0x10, 0x0, 0x0, 0x0, 0x0, 0xc, 0xff, 0xc1,
    0xbf, 0xfd, 0x10, 0x0, 0x0, 0x0, 0xa, 0xff,
    0xc1, 0x0, 0xbf, 0xfc, 0x0, 0x0, 0x0, 0x5,
    0xbb, 0xa1, 0x0, 0x0, 0xab, 0xb6, 0x0, 0x0,
    0x0, 0x0, 0x0, 0x0, 0x0, 0x0, 0x0, 0x0,
    0x0, 0x0, 0x0, 0x0, 0x0, 0x0, 0x0, 0x0,
    0x0, 0x0, 0x0, 0x0, 0x0, 0x28, 0xcf, 0xff,
    0xd9, 0x30, 0x0, 0x0, 0x0, 0x0, 0x9f, 0xff,
    0xff, 0xff, 0xff, 0xb1, 0x0, 0x0, 0x0, 0xcf,
    0xff, 0xff, 0xff, 0xff, 0xff, 0xe1, 0x0, 0x0,
    0xaf, 0xff, 0xfc, 0x64, 0x6b, 0xff, 0xff, 0xc0,
    0x0, 0x4f, 0xff, 0xf8, 0x0, 0x0, 0x6, 0xff,
    0xff, 0x60, 0xb, 0xff, 0xfb, 0x0, 0x0, 0x0,
    0xa, 0xff, 0xfd, 0x0, 0xff, 0xff, 0x50, 0x0,
    0x0, 0x0, 0x3f, 0xff, 0xf1, 0x1f, 0xff, 0xf1,
    0x0, 0x0, 0x0, 0x0, 0xff, 0xff, 0x32, 0xff,
    0xff, 0x10, 0x0, 0x0, 0x0, 0xf, 0xff, 0xf4,
    0x1f, 0xff, 0xf2, 0x0, 0x0, 0x0, 0x0, 0xff,
    0xff, 0x30, 0xef, 0xff, 0x60, 0x0, 0x0, 0x0,
    0x4f, 0xff, 0xf0, 0xa, 0xff, 0xfc, 0x0, 0x0,
    0x0, 0xb, 0xff, 0xfc, 0x0, 0x3f, 0xff, 0xf9,
    0x0, 0x0, 0x7, 0xff, 0xff, 0x50, 0x0, 0xaf,
    0xff, 0xfc, 0x65, 0x6c, 0xff, 0xff, 0xb0, 0x0,
    0x0, 0xcf, 0xff, 0xff, 0xff, 0xff, 0xff, 0xd1,
    0x0, 0x0, 0x0, 0x9f, 0xff, 0xff, 0xff, 0xff,
    0xa1, 0x0, 0x0, 0x0, 0x0, 0x28, 0xcf, 0xff,
    0xd9, 0x30, 0x0, 0x0,

    /* U+00F5 "õ" */
    0x0, 0x0, 0x2b, 0xff, 0xd9, 0x20, 0x9, 0xff,
    0x0, 0x0, 0x0, 0x2f, 0xff, 0xff, 0xff, 0xed,
    0xff, 0xd0, 0x0, 0x0, 0xb, 0xff, 0xed, 0xff,
    0xff, 0xff, 0xf4, 0x0, 0x0, 0x0, 0xff, 0xb0,
    0x2, 0x8d, 0xff, 0xc3, 0x0, 0x0, 0x0, 0x0,
    0x0, 0x0, 0x0, 0x0, 0x0, 0x0, 0x0, 0x0,
    0x0, 0x0, 0x0, 0x0, 0x0, 0x0, 0x0, 0x0,
    0x0, 0x0, 0x0, 0x0, 0x0, 0x0, 0x0, 0x0,
    0x0, 0x0, 0x0, 0x0, 0x0, 0x28, 0xcf, 0xff,
    0xd9, 0x30, 0x0, 0x0, 0x0, 0x0, 0x9f, 0xff,
    0xff, 0xff, 0xff, 0xb1, 0x0, 0x0, 0x0, 0xcf,
    0xff, 0xff, 0xff, 0xff, 0xff, 0xe1, 0x0, 0x0,
    0xaf, 0xff, 0xfc, 0x64, 0x6b, 0xff, 0xff, 0xc0,
    0x0, 0x4f, 0xff, 0xf8, 0x0, 0x0, 0x6, 0xff,
    0xff, 0x60, 0xb, 0xff, 0xfb, 0x0, 0x0, 0x0,
    0xa, 0xff, 0xfd, 0x0, 0xff, 0xff, 0x50, 0x0,
    0x0, 0x0, 0x3f, 0xff, 0xf1, 0x1f, 0xff, 0xf1,
    0x0, 0x0, 0x0, 0x0, 0xff, 0xff, 0x32, 0xff,
    0xff, 0x10, 0x0, 0x0, 0x0, 0xf, 0xff, 0xf4,
    0x1f, 0xff, 0xf2, 0x0, 0x0, 0x0, 0x0, 0xff,
    0xff, 0x30, 0xef, 0xff, 0x60, 0x0, 0x0, 0x0,
    0x4f, 0xff, 0xf0, 0xa, 0xff, 0xfc, 0x0, 0x0,
    0x0, 0xb, 0xff, 0xfc, 0x0, 0x3f, 0xff, 0xf9,
    0x0, 0x0, 0x7, 0xff, 0xff, 0x50, 0x0, 0xaf,
    0xff, 0xfc, 0x65, 0x6c, 0xff, 0xff, 0xb0, 0x0,
    0x0, 0xcf, 0xff, 0xff, 0xff, 0xff, 0xff, 0xd1,
    0x0, 0x0, 0x0, 0x9f, 0xff, 0xff, 0xff, 0xff,
    0xa1, 0x0, 0x0, 0x0, 0x0, 0x28, 0xcf, 0xff,
    0xd9, 0x30, 0x0, 0x0,

    /* U+00F6 "ö" */
    0x0, 0x5, 0xff, 0xff, 0x10, 0xf, 0xff, 0xf6,
    0x0, 0x0, 0x0, 0x5f, 0xff, 0xf1, 0x0, 0xff,
    0xff, 0x60, 0x0, 0x0, 0x5, 0xff, 0xff, 0x10,
    0xf, 0xff, 0xf6, 0x0, 0x0, 0x0, 0x5f, 0xff,
    0xf1, 0x0, 0xff, 0xff, 0x60, 0x0, 0x0, 0x2,
    0x99, 0x99, 0x0, 0x8, 0x99, 0x93, 0x0, 0x0,
    0x0, 0x0, 0x0, 0x0, 0x0, 0x0, 0x0, 0x0,
    0x0, 0x0, 0x0, 0x0, 0x0, 0x0, 0x0, 0x0,
    0x0, 0x0, 0x0, 0x0, 0x0, 0x28, 0xcf, 0xff,
    0xd9, 0x30, 0x0, 0x0, 0x0, 0x0, 0x9f, 0xff,
    0xff, 0xff, 0xff, 0xb1, 0x0, 0x0, 0x0, 0xcf,
    0xff, 0xff, 0xff, 0xff, 0xff, 0xe1, 0x0, 0x0,
    0xaf, 0xff, 0xfc, 0x64, 0x6b, 0xff, 0xff, 0xc0,
    0x0, 0x4f, 0xff, 0xf8, 0x0, 0x0, 0x6, 0xff,
    0xff, 0x60, 0xb, 0xff, 0xfb, 0x0, 0x0, 0x0,
    0xa, 0xff, 0xfd, 0x0, 0xff, 0xff, 0x50, 0x0,
    0x0, 0x0, 0x3f, 0xff, 0xf1, 0x1f, 0xff, 0xf1,
    0x0, 0x0, 0x0, 0x0, 0xff, 0xff, 0x32, 0xff,
    0xff, 0x10, 0x0, 0x0, 0x0, 0xf, 0xff, 0xf4,
    0x1f, 0xff, 0xf2, 0x0, 0x0, 0x0, 0x0, 0xff,
    0xff, 0x30, 0xef, 0xff, 0x60, 0x0, 0x0, 0x0,
    0x4f, 0xff, 0xf0, 0xa, 0xff, 0xfc, 0x0, 0x0,
    0x0, 0xb, 0xff, 0xfc, 0x0, 0x3f, 0xff, 0xf9,
    0x0, 0x0, 0x7, 0xff, 0xff, 0x50, 0x0, 0xaf,
    0xff, 0xfc, 0x65, 0x6c, 0xff, 0xff, 0xb0, 0x0,
    0x0, 0xcf, 0xff, 0xff, 0xff, 0xff, 0xff, 0xd1,
    0x0, 0x0, 0x0, 0x9f, 0xff, 0xff, 0xff, 0xff,
    0xa1, 0x0, 0x0, 0x0, 0x0, 0x28, 0xcf, 0xff,
    0xd9, 0x30, 0x0, 0x0,

    /* U+00F7 "÷" */
    0x0, 0x0, 0x0, 0x9f, 0xd2, 0x0, 0x0, 0x0,
    0x0, 0x0, 0x5f, 0xff, 0xc0, 0x0, 0x0, 0x0,
    0x0, 0x7, 0xff, 0xfd, 0x0, 0x0, 0x0, 0x0,
    0x0, 0x2f, 0xff, 0x80, 0x0, 0x0, 0x0, 0x0,
    0x0, 0x27, 0x40, 0x0, 0x0, 0x0, 0x0, 0x0,
    0x0, 0x0, 0x0, 0x0, 0x0, 0x4f, 0xff, 0xff,
    0xff, 0xff, 0xff, 0xff, 0xb4, 0xff, 0xff, 0xff,
    0xff, 0xff, 0xff, 0xfb, 0x4f, 0xff, 0xff, 0xff,
    0xff, 0xff, 0xff, 0xb0, 0x11, 0x11, 0x11, 0x11,
    0x11, 0x11, 0x10, 0x0, 0x0, 0x0, 0x0, 0x0,
    0x0, 0x0, 0x0, 0x0, 0x0, 0x2, 0x75, 0x0,
    0x0, 0x0, 0x0, 0x0, 0x2, 0xff, 0xf8, 0x0,
    0x0, 0x0, 0x0, 0x0, 0x7f, 0xff, 0xd0, 0x0,
    0x0, 0x0, 0x0, 0x5, 0xff, 0xfc, 0x0, 0x0,
    0x0, 0x0, 0x0, 0x9, 0xfd, 0x20, 0x0, 0x0,

    /* U+00F8 "ø" */
    0x0, 0x0, 0x0, 0x0, 0x0, 0x0, 0x0, 0x0,
    0x0, 0x0, 0x0, 0x0, 0x28, 0xcf, 0xff, 0xd9,
    0x30, 0x6c, 0x10, 0x0, 0x0, 0x9f, 0xff, 0xff,
    0xff, 0xff, 0xcf, 0xfc, 0x0, 0x0, 0xcf, 0xff,
    0xff, 0xff, 0xff, 0xff, 0xff, 0x80, 0x0, 0xaf,
    0xff, 0xfa, 0x53, 0x49, 0xff, 0xff, 0xe0, 0x0,
    0x4f, 0xff, 0xf5, 0x0, 0x0, 0x6f, 0xff, 0xff,
    0x60, 0xb, 0xff, 0xf9, 0x0, 0x0, 0x6f, 0xff,
    0xff, 0xfd, 0x0, 0xff, 0xff, 0x30, 0x0, 0x6f,
    0xff, 0x8f, 0xff, 0xf1, 0x1f, 0xff, 0xf0, 0x0,
    0x6f, 0xff, 0x70, 0xef, 0xff, 0x32, 0xff, 0xff,
    0x0, 0x6f, 0xff, 0x70, 0xd, 0xff, 0xf4, 0x1f,
    0xff, 0xf0, 0x6f, 0xff, 0x70, 0x0, 0xef, 0xff,
    0x30, 0xef, 0xff, 0x9f, 0xff, 0x70, 0x0, 0x2f,
    0xff, 0xf0, 0xa, 0xff, 0xff, 0xff, 0x70, 0x0,
    0x9, 0xff, 0xfc, 0x0, 0x3f, 0xff, 0xff, 0x70,
    0x0, 0x5, 0xff, 0xff, 0x50, 0x0, 0xbf, 0xff,
    0xfb, 0x53, 0x4a, 0xff, 0xff, 0xb0, 0x0, 0x6f,
    0xff, 0xff, 0xff, 0xff, 0xff, 0xff, 0xd1, 0x0,
    0xb, 0xff, 0xbf, 0xff, 0xff, 0xff, 0xff, 0xa1,
    0x0, 0x0, 0xb, 0x70, 0x28, 0xcf, 0xff, 0xd9,
    0x30, 0x0, 0x0, 0x0, 0x0, 0x0, 0x0, 0x0,
    0x0, 0x0, 0x0, 0x0, 0x0,

    /* U+00F9 "ù" */
    0x0, 0xb, 0xff, 0xff, 0x90, 0x0, 0x0, 0x0,
    0x0, 0x0, 0xb, 0xff, 0xff, 0x30, 0x0, 0x0,
    0x0, 0x0, 0x0, 0xb, 0xff, 0xfd, 0x0, 0x0,
    0x0, 0x0, 0x0, 0x0, 0xb, 0xff, 0xf8, 0x0,
    0x0, 0x0, 0x0, 0x0, 0x0, 0xb, 0xff, 0xf3,
    0x0, 0x0, 0x0, 0x0, 0x0, 0x0, 0x2, 0x22,
    0x10, 0x0, 0x0, 0x0, 0x0, 0x0, 0x0, 0x0,
    0x0, 0x0, 0x0, 0x0, 0xff, 0xff, 0x0, 0x0,
    0x0, 0xe, 0xff, 0xf3, 0xf, 0xff, 0xf0, 0x0,
    0x0, 0x0, 0xef, 0xff, 0x30, 0xff, 0xff, 0x0,
    0x0, 0x0, 0xe, 0xff, 0xf3, 0xf, 0xff, 0xf0,
    0x0, 0x0, 0x0, 0xef, 0xff, 0x30, 0xff, 0xff,
    0x0, 0x0, 0x0, 0xe, 0xff, 0xf3, 0xf, 0xff,
    0xf0, 0x0, 0x0, 0x0, 0xef, 0xff, 0x30, 0xff,
    0xff, 0x0, 0x0, 0x0, 0xe, 0xff, 0xf3, 0xf,
    0xff, 0xf0, 0x0, 0x0, 0x0, 0xef, 0xff, 0x30,
    0xff, 0xff, 0x0, 0x0, 0x0, 0xe, 0xff, 0xf3,
    0xf, 0xff, 0xf0, 0x0, 0x0, 0x0, 0xff, 0xff,
    0x30, 0xff, 0xff, 0x0, 0x0, 0x0, 0x1f, 0xff,
    0xf3, 0xf, 0xff, 0xf1, 0x0, 0x0, 0x8, 0xff,
    0xff, 0x30, 0xff, 0xff, 0x80, 0x0, 0x5, 0xff,
    0xff, 0xf3, 0xb, 0xff, 0xff, 0xa6, 0x6b, 0xff,
    0xff, 0xff, 0x30, 0x3f, 0xff, 0xff, 0xff, 0xff,
    0x9c, 0xff, 0xf3, 0x0, 0x7f, 0xff, 0xff, 0xff,
    0xa0, 0xcf, 0xff, 0x30, 0x0, 0x3b, 0xef, 0xeb,
    0x40, 0xc, 0xff, 0xf3,

    /* U+00FA "ú" */
    0x0, 0x0, 0x0, 0x0, 0x3f, 0xff, 0xfe, 0x30,
    0x0, 0x0, 0x0, 0x0, 0xd, 0xff, 0xfe, 0x30,
    0x0, 0x0, 0x0, 0x0, 0x8, 0xff, 0xfe, 0x20,
    0x0, 0x0, 0x0, 0x0, 0x2, 0xff, 0xfe, 0x20,
    0x0, 0x0, 0x0, 0x0, 0x0, 0xcf, 0xfe, 0x20,
    0x0, 0x0, 0x0, 0x0, 0x0, 0x2, 0x22, 0x0,
    0x0, 0x0, 0x0, 0x0, 0x0, 0x0, 0x0, 0x0,
    0x0, 0x0, 0x0, 0x0, 0xff, 0xff, 0x0, 0x0,
    0x0, 0xe, 0xff, 0xf3, 0xf, 0xff, 0xf0, 0x0,
    0x0, 0x0, 0xef, 0xff, 0x30, 0xff, 0xff, 0x0,
    0x0, 0x0, 0xe, 0xff, 0xf3, 0xf, 0xff, 0xf0,
    0x0, 0x0, 0x0, 0xef, 0xff, 0x30, 0xff, 0xff,
    0x0, 0x0, 0x0, 0xe, 0xff, 0xf3, 0xf, 0xff,
    0xf0, 0x0, 0x0, 0x0, 0xef, 0xff, 0x30, 0xff,
    0xff, 0x0, 0x0, 0x0, 0xe, 0xff, 0xf3, 0xf,
    0xff, 0xf0, 0x0, 0x0, 0x0, 0xef, 0xff, 0x30,
    0xff, 0xff, 0x0, 0x0, 0x0, 0xe, 0xff, 0xf3,
    0xf, 0xff, 0xf0, 0x0, 0x0, 0x0, 0xff, 0xff,
    0x30, 0xff, 0xff, 0x0, 0x0, 0x0, 0x1f, 0xff,
    0xf3, 0xf, 0xff, 0xf1, 0x0, 0x0, 0x8, 0xff,
    0xff, 0x30, 0xff, 0xff, 0x80, 0x0, 0x5, 0xff,
    0xff, 0xf3, 0xb, 0xff, 0xff, 0xa6, 0x6b, 0xff,
    0xff, 0xff, 0x30, 0x3f, 0xff, 0xff, 0xff, 0xff,
    0x9c, 0xff, 0xf3, 0x0, 0x7f, 0xff, 0xff, 0xff,
    0xa0, 0xcf, 0xff, 0x30, 0x0, 0x3b, 0xef, 0xeb,
    0x40, 0xc, 0xff, 0xf3,

    /* U+00FB "û" */
    0x0, 0x0, 0x1, 0xdf, 0xff, 0xf4, 0x0, 0x0,
    0x0, 0x0, 0x0, 0xcf, 0xfe, 0xff, 0xf3, 0x0,
    0x0, 0x0, 0x0, 0xcf, 0xfc, 0x17, 0xff, 0xf3,
    0x0, 0x0, 0x0, 0xbf, 0xfc, 0x0, 0x7, 0xff,
    0xe2, 0x0, 0x0, 0x37, 0x77, 0x0, 0x0, 0x5,
    0x77, 0x50, 0x0, 0x0, 0x0, 0x0, 0x0, 0x0,
    0x0, 0x0, 0x0, 0x0, 0x0, 0x0, 0x0, 0x0,
    0x0, 0x0, 0x0, 0x0, 0xff, 0xff, 0x0, 0x0,
    0x0, 0xe, 0xff, 0xf3, 0xf, 0xff, 0xf0, 0x0,
    0x0, 0x0, 0xef, 0xff, 0x30, 0xff, 0xff, 0x0,
    0x0, 0x0, 0xe, 0xff, 0xf3, 0xf, 0xff, 0xf0,
    0x0, 0x0, 0x0, 0xef, 0xff, 0x30, 0xff, 0xff,
    0x0, 0x0, 0x0, 0xe, 0xff, 0xf3, 0xf, 0xff,
    0xf0, 0x0, 0x0, 0x0, 0xef, 0xff, 0x30, 0xff,
    0xff, 0x0, 0x0, 0x0, 0xe, 0xff, 0xf3, 0xf,
    0xff, 0xf0, 0x0, 0x0, 0x0, 0xef, 0xff, 0x30,
    0xff, 0xff, 0x0, 0x0, 0x0, 0xe, 0xff, 0xf3,
    0xf, 0xff, 0xf0, 0x0, 0x0, 0x0, 0xff, 0xff,
    0x30, 0xff, 0xff, 0x0, 0x0, 0x0, 0x1f, 0xff,
    0xf3, 0xf, 0xff, 0xf1, 0x0, 0x0, 0x8, 0xff,
    0xff, 0x30, 0xff, 0xff, 0x80, 0x0, 0x5, 0xff,
    0xff, 0xf3, 0xb, 0xff, 0xff, 0xa6, 0x6b, 0xff,
    0xff, 0xff, 0x30, 0x3f, 0xff, 0xff, 0xff, 0xff,
    0x9c, 0xff, 0xf3, 0x0, 0x7f, 0xff, 0xff, 0xff,
    0xa0, 0xcf, 0xff, 0x30, 0x0, 0x3b, 0xef, 0xeb,
    0x40, 0xc, 0xff, 0xf3,

    /* U+00FC "ü" */
    0x0, 0x3f, 0xff, 0xf3, 0x0, 0xdf, 0xff, 0x80,
    0x0, 0x3, 0xff, 0xff, 0x30, 0xd, 0xff, 0xf8,
    0x0, 0x0, 0x3f, 0xff, 0xf3, 0x0, 0xdf, 0xff,
    0x80, 0x0, 0x3, 0xff, 0xff, 0x30, 0xd, 0xff,
    0xf8, 0x0, 0x0, 0x19, 0x99, 0x91, 0x0, 0x79,
    0x99, 0x50, 0x0, 0x0, 0x0, 0x0, 0x0, 0x0,
    0x0, 0x0, 0x0, 0x0, 0x0, 0x0, 0x0, 0x0,
    0x0, 0x0, 0x0, 0x0, 0xff, 0xff, 0x0, 0x0,
    0x0, 0xe, 0xff, 0xf3, 0xf, 0xff, 0xf0, 0x0,
    0x0, 0x0, 0xef, 0xff, 0x30, 0xff, 0xff, 0x0,
    0x0, 0x0, 0xe, 0xff, 0xf3, 0xf, 0xff, 0xf0,
    0x0, 0x0, 0x0, 0xef, 0xff, 0x30, 0xff, 0xff,
    0x0, 0x0, 0x0, 0xe, 0xff, 0xf3, 0xf, 0xff,
    0xf0, 0x0, 0x0, 0x0, 0xef, 0xff, 0x30, 0xff,
    0xff, 0x0, 0x0, 0x0, 0xe, 0xff, 0xf3, 0xf,
    0xff, 0xf0, 0x0, 0x0, 0x0, 0xef, 0xff, 0x30,
    0xff, 0xff, 0x0, 0x0, 0x0, 0xe, 0xff, 0xf3,
    0xf, 0xff, 0xf0, 0x0, 0x0, 0x0, 0xff, 0xff,
    0x30, 0xff, 0xff, 0x0, 0x0, 0x0, 0x1f, 0xff,
    0xf3, 0xf, 0xff, 0xf1, 0x0, 0x0, 0x8, 0xff,
    0xff, 0x30, 0xff, 0xff, 0x80, 0x0, 0x5, 0xff,
    0xff, 0xf3, 0xb, 0xff, 0xff, 0xa6, 0x6b, 0xff,
    0xff, 0xff, 0x30, 0x3f, 0xff, 0xff, 0xff, 0xff,
    0x9c, 0xff, 0xf3, 0x0, 0x7f, 0xff, 0xff, 0xff,
    0xa0, 0xcf, 0xff, 0x30, 0x0, 0x3b, 0xef, 0xeb,
    0x40, 0xc, 0xff, 0xf3,

    /* U+00FD "ý" */
    0x0, 0x0, 0x0, 0x0, 0x4f, 0xff, 0xfe, 0x20,
    0x0, 0x0, 0x0, 0x0, 0x0, 0xdf, 0xff, 0xe2,
    0x0, 0x0, 0x0, 0x0, 0x0, 0x9, 0xff, 0xfe,
    0x20, 0x0, 0x0, 0x0, 0x0, 0x0, 0x3f, 0xff,
    0xe2, 0x0, 0x0, 0x0, 0x0, 0x0, 0x0, 0xdf,
    0xfd, 0x10, 0x0, 0x0, 0x0, 0x0, 0x0, 0x0,
    0x22, 0x20, 0x0, 0x0, 0x0, 0x0, 0x0, 0x0,
    0x0, 0x0, 0x0, 0x0, 0x0, 0x0, 0x0, 0xaf,
    0xff, 0xb0, 0x0, 0x0, 0x0, 0x7f, 0xff, 0xd0,
    0x4f, 0xff, 0xf1, 0x0, 0x0, 0x0, 0xcf, 0xff,
    0x60, 0xd, 0xff, 0xf7, 0x0, 0x0, 0x2, 0xff,
    0xff, 0x0, 0x7, 0xff, 0xfc, 0x0, 0x0, 0x8,
    0xff, 0xf9, 0x0, 0x1, 0xff, 0xff, 0x20, 0x0,
    0xe, 0xff, 0xf3, 0x0, 0x0, 0xbf, 0xff, 0x80,
    0x0, 0x4f, 0xff, 0xc0, 0x0, 0x0, 0x4f, 0xff,
    0xe0, 0x0, 0x9f, 0xff, 0x60, 0x0, 0x0, 0xe,
    0xff, 0xf3, 0x0, 0xff, 0xff, 0x0, 0x0, 0x0,
    0x8, 0xff, 0xf9, 0x5, 0xff, 0xf9, 0x0, 0x0,
    0x0, 0x2, 0xff, 0xff, 0xb, 0xff, 0xf2, 0x0,
    0x0, 0x0, 0x0, 0xbf, 0xff, 0x6f, 0xff, 0xc0,
    0x0, 0x0, 0x0, 0x0, 0x5f, 0xff, 0xff, 0xff,
    0x50, 0x0, 0x0, 0x0, 0x0, 0xe, 0xff, 0xff,
    0xfe, 0x0, 0x0, 0x0, 0x0, 0x0, 0x8, 0xff,
    0xff, 0xf8, 0x0, 0x0, 0x0, 0x0, 0x0, 0x2,
    0xff, 0xff, 0xf2, 0x0, 0x0, 0x0, 0x0, 0x0,
    0x0, 0xcf, 0xff, 0xb0, 0x0, 0x0, 0x0, 0x0,
    0x0, 0x0, 0xaf, 0xff, 0x50, 0x0, 0x0, 0x0,
    0x0, 0x0, 0x1, 0xff, 0xfe, 0x0, 0x0, 0x0,
    0x0, 0x0, 0x0, 0x7, 0xff, 0xf8, 0x0, 0x0,
    0x0, 0x0, 0x0, 0x0, 0xe, 0xff, 0xf1, 0x0,
    0x0, 0x0, 0x0, 0x0, 0x0, 0x5f, 0xff, 0xb0,
    0x0, 0x0, 0x0, 0x0, 0x0, 0x0, 0xcf, 0xff,
    0x40, 0x0, 0x0, 0x0, 0x0, 0x0, 0x3, 0xff,
    0xfd, 0x0, 0x0, 0x0, 0x0, 0x0, 0x0, 0x9,
    0xff, 0xf7, 0x0, 0x0, 0x0, 0x0, 0x0,

    /* U+00FE "þ" */
    0xdf, 0xff, 0x20, 0x0, 0x0, 0x0, 0x0, 0x0,
    0xd, 0xff, 0xf2, 0x0, 0x0, 0x0, 0x0, 0x0,
    0x0, 0xdf, 0xff, 0x20, 0x0, 0x0, 0x0, 0x0,
    0x0, 0xd, 0xff, 0xf2, 0x0, 0x0, 0x0, 0x0,
    0x0, 0x0, 0xdf, 0xff, 0x20, 0x0, 0x0, 0x0,
    0x0, 0x0, 0xd, 0xff, 0xf2, 0x0, 0x0, 0x0,
    0x0, 0x0, 0x0, 0xdf, 0xff, 0x20, 0x0, 0x0,
    0x0, 0x0, 0x0, 0xd, 0xff, 0xf2, 0x5, 0xbe,
    0xff, 0xc7, 0x0, 0x0, 0xdf, 0xff, 0x3b, 0xff,
    0xff, 0xff, 0xfe, 0x30, 0xd, 0xff, 0xfc, 0xff,
    0xff, 0xff, 0xff, 0xff, 0x20, 0xdf, 0xff, 0xff,
    0xc7, 0x68, 0xdf, 0xff, 0xfc, 0xd, 0xff, 0xff,
    0x70, 0x0, 0x0, 0xaf, 0xff, 0xf3, 0xdf, 0xff,
    0xc0, 0x0, 0x0, 0x0, 0xef, 0xff, 0x8d, 0xff,
    0xf5, 0x0, 0x0, 0x0, 0x8, 0xff, 0xfb, 0xdf,
    0xff, 0x20, 0x0, 0x0, 0x0, 0x5f, 0xff, 0xdd,
    0xff, 0xf1, 0x0, 0x0, 0x0, 0x5, 0xff, 0xfe,
    0xdf, 0xff, 0x20, 0x0, 0x0, 0x0, 0x6f, 0xff,
    0xdd, 0xff, 0xf5, 0x0, 0x0, 0x0, 0x9, 0xff,
    0xfb, 0xdf, 0xff, 0xc0, 0x0, 0x0, 0x0, 0xef,
    0xff, 0x8d, 0xff, 0xff, 0x80, 0x0, 0x0, 0xaf,
    0xff, 0xf2, 0xdf, 0xff, 0xff, 0xd8, 0x68, 0xef,
    0xff, 0xfa, 0xd, 0xff, 0xfb, 0xff, 0xff, 0xff,
    0xff, 0xfe, 0x10, 0xdf, 0xff, 0x3b, 0xff, 0xff,
    0xff, 0xfd, 0x20, 0xd, 0xff, 0xf2, 0x6, 0xcf,
    0xfe, 0xb6, 0x0, 0x0, 0xdf, 0xff, 0x20, 0x0,
    0x0, 0x0, 0x0, 0x0, 0xd, 0xff, 0xf2, 0x0,
    0x0, 0x0, 0x0, 0x0, 0x0, 0xdf, 0xff, 0x20,
    0x0, 0x0, 0x0, 0x0, 0x0, 0xd, 0xff, 0xf2,
    0x0, 0x0, 0x0, 0x0, 0x0, 0x0, 0xdf, 0xff,
    0x20, 0x0, 0x0, 0x0, 0x0, 0x0, 0xd, 0xff,
    0xf2, 0x0, 0x0, 0x0, 0x0, 0x0, 0x0, 0xdf,
    0xff, 0x20, 0x0, 0x0, 0x0, 0x0, 0x0, 0x0,

    /* U+00FF "ÿ" */
    0x0, 0x4f, 0xff, 0xf1, 0x0, 0xef, 0xff, 0x70,
    0x0, 0x0, 0x4f, 0xff, 0xf1, 0x0, 0xef, 0xff,
    0x70, 0x0, 0x0, 0x4f, 0xff, 0xf1, 0x0, 0xef,
    0xff, 0x70, 0x0, 0x0, 0x4f, 0xff, 0xf1, 0x0,
    0xef, 0xff, 0x70, 0x0, 0x0, 0x29, 0x99, 0x91,
    0x0, 0x89, 0x99, 0x40, 0x0, 0x0, 0x0, 0x0,
    0x0, 0x0, 0x0, 0x0, 0x0, 0x0, 0x0, 0x0,
    0x0, 0x0, 0x0, 0x0, 0x0, 0x0, 0x0, 0xaf,
    0xff, 0xb0, 0x0, 0x0, 0x0, 0x7f, 0xff, 0xd0,
    0x4f, 0xff, 0xf1, 0x0, 0x0, 0x0, 0xcf, 0xff,
    0x60, 0xd, 0xff, 0xf7, 0x0, 0x0, 0x2, 0xff,
    0xff, 0x0, 0x7, 0xff, 0xfc, 0x0, 0x0, 0x8,
    0xff, 0xf9, 0x0, 0x1, 0xff, 0xff, 0x20, 0x0,
    0xe, 0xff, 0xf3, 0x0, 0x0, 0xbf, 0xff, 0x80,
    0x0, 0x4f, 0xff, 0xc0, 0x0, 0x0, 0x4f, 0xff,
    0xe0, 0x0, 0x9f, 0xff, 0x60, 0x0, 0x0, 0xe,
    0xff, 0xf3, 0x0, 0xff, 0xff, 0x0, 0x0, 0x0,
    0x8, 0xff, 0xf9, 0x5, 0xff, 0xf9, 0x0, 0x0,
    0x0, 0x2, 0xff, 0xff, 0xb, 0xff, 0xf2, 0x0,
    0x0, 0x0, 0x0, 0xbf, 0xff, 0x6f, 0xff, 0xc0,
    0x0, 0x0, 0x0, 0x0, 0x5f, 0xff, 0xff, 0xff,
    0x50, 0x0, 0x0, 0x0, 0x0, 0xe, 0xff, 0xff,
    0xfe, 0x0, 0x0, 0x0, 0x0, 0x0, 0x8, 0xff,
    0xff, 0xf8, 0x0, 0x0, 0x0, 0x0, 0x0, 0x2,
    0xff, 0xff, 0xf2, 0x0, 0x0, 0x0, 0x0, 0x0,
    0x0, 0xcf, 0xff, 0xb0, 0x0, 0x0, 0x0, 0x0,
    0x0, 0x0, 0xaf, 0xff, 0x50, 0x0, 0x0, 0x0,
    0x0, 0x0, 0x1, 0xff, 0xfe, 0x0, 0x0, 0x0,
    0x0, 0x0, 0x0, 0x7, 0xff, 0xf8, 0x0, 0x0,
    0x0, 0x0, 0x0, 0x0, 0xe, 0xff, 0xf1, 0x0,
    0x0, 0x0, 0x0, 0x0, 0x0, 0x5f, 0xff, 0xb0,
    0x0, 0x0, 0x0, 0x0, 0x0, 0x0, 0xcf, 0xff,
    0x40, 0x0, 0x0, 0x0, 0x0, 0x0, 0x3, 0xff,
    0xfd, 0x0, 0x0, 0x0, 0x0, 0x0, 0x0, 0x9,
    0xff, 0xf7, 0x0, 0x0, 0x0, 0x0, 0x0,

    /* U+2013 "–" */
    0x12, 0x22, 0x22, 0x22, 0x22, 0x22, 0x22, 0x20,
    0xdf, 0xff, 0xff, 0xff, 0xff, 0xff, 0xff, 0xf1,
    0xdf, 0xff, 0xff, 0xff, 0xff, 0xff, 0xff, 0xf1,
    0xdf, 0xff, 0xff, 0xff, 0xff, 0xff, 0xff, 0xf1,

    /* U+2014 "—" */
    0x12, 0x22, 0x22, 0x22, 0x22, 0x22, 0x22, 0x22,
    0x22, 0x22, 0x22, 0x22, 0x1d, 0xff, 0xff, 0xff,
    0xff, 0xff, 0xff, 0xff, 0xff, 0xff, 0xff, 0xff,
    0xfa, 0xdf, 0xff, 0xff, 0xff, 0xff, 0xff, 0xff,
    0xff, 0xff, 0xff, 0xff, 0xff, 0xad, 0xff, 0xff,
    0xff, 0xff, 0xff, 0xff, 0xff, 0xff, 0xff, 0xff,
    0xff, 0xfa,

    /* U+2018 "‘" */
    0x0, 0x0, 0x30, 0x7, 0xfd, 0x9, 0xff, 0x93,
    0xff, 0x20, 0x9f, 0x90, 0xd, 0xfa, 0x64, 0xef,
    0xff, 0xce, 0xff, 0xfc, 0xef, 0xff, 0xce, 0xff,
    0xfc,

    /* U+2019 "’" */
    0xf, 0xff, 0xfb, 0xf, 0xff, 0xfb, 0xf, 0xff,
    0xfb, 0xf, 0xff, 0xfb, 0x5, 0x6c, 0xf9, 0x0,
    0xc, 0xf6, 0x0, 0x4f, 0xf1, 0xc, 0xff, 0x60,
    0xf, 0xe6, 0x0, 0x3, 0x0, 0x0,

    /* U+201A "‚" */
    0xbb, 0xbb, 0x6f, 0xff, 0xf9, 0xff, 0xff, 0x9f,
    0xff, 0xf9, 0xff, 0xff, 0x80, 0xd, 0xf6, 0x1,
    0xff, 0x20, 0xaf, 0xb0, 0xef, 0xe2, 0xf, 0xa1,
    0x0, 0x10, 0x0, 0x0,

    /* U+201C "“" */
    0x0, 0x0, 0x30, 0x0, 0x0, 0x30, 0x0, 0x7f,
    0xd0, 0x0, 0x4d, 0xf1, 0x9, 0xff, 0x90, 0x5,
    0xff, 0xd1, 0x3f, 0xf2, 0x0, 0xe, 0xf6, 0x0,
    0x9f, 0x90, 0x0, 0x5f, 0xd0, 0x0, 0xdf, 0xa6,
    0x40, 0x8f, 0xd6, 0x60, 0xef, 0xff, 0xc0, 0xaf,
    0xff, 0xf0, 0xef, 0xff, 0xc0, 0xaf, 0xff, 0xf0,
    0xef, 0xff, 0xc0, 0xaf, 0xff, 0xf0, 0xef, 0xff,
    0xc0, 0xaf, 0xff, 0xf0,

    /* U+201D "”" */
    0xf, 0xff, 0xfb, 0xb, 0xff, 0xff, 0xf, 0xff,
    0xfb, 0xb, 0xff, 0xff, 0xf, 0xff, 0xfb, 0xb,
    0xff, 0xff, 0xf, 0xff, 0xfb, 0xb, 0xff, 0xff,
    0x5, 0x6c, 0xf9, 0x4, 0x6a, 0xfe, 0x0, 0xc,
    0xf6, 0x0, 0x8, 0xfa, 0x0, 0x4f, 0xf1, 0x0,
    0x1e, 0xf4, 0xc, 0xff, 0x60, 0x9, 0xff, 0xa0,
    0xf, 0xe6, 0x0, 0xc, 0xf8, 0x0, 0x3, 0x0,
    0x0, 0x3, 0x0, 0x0,

    /* U+201E "„" */
    0xbb, 0xbb, 0x60, 0x9b, 0xbb, 0x8f, 0xff, 0xf9,
    0xd, 0xff, 0xfb, 0xff, 0xff, 0x90, 0xdf, 0xff,
    0xbf, 0xff, 0xf9, 0xd, 0xff, 0xfb, 0xff, 0xff,
    0x80, 0xdf, 0xff, 0xb0, 0xd, 0xf6, 0x0, 0xa,
    0xf9, 0x1, 0xff, 0x20, 0x0, 0xef, 0x40, 0xaf,
    0xb0, 0x0, 0x8f, 0xd0, 0xef, 0xe2, 0x0, 0xcf,
    0xf3, 0xf, 0xa1, 0x0, 0xc, 0xb2, 0x0, 0x10,
    0x0, 0x0, 0x10, 0x0, 0x0,

    /* U+2022 "•" */
    0xab, 0xbb, 0xbb, 0x7e, 0xff, 0xff, 0xfa, 0xef,
    0xff, 0xff, 0xae, 0xff, 0xff, 0xfa, 0xef, 0xff,
    0xff, 0xae, 0xff, 0xff, 0xfa, 0xef, 0xff, 0xff,
    0xa0,

    /* U+2026 "…" */
    0xab, 0xbb, 0x80, 0x7, 0xbb, 0xbb, 0x0, 0x4b,
    0xbb, 0xb2, 0xef, 0xff, 0xb0, 0xa, 0xff, 0xff,
    0x0, 0x6f, 0xff, 0xf3, 0xef, 0xff, 0xb0, 0xa,
    0xff, 0xff, 0x0, 0x6f, 0xff, 0xf3, 0xef, 0xff,
    0xb0, 0xa, 0xff, 0xff, 0x0, 0x6f, 0xff, 0xf3,
    0xef, 0xff, 0xb0, 0xa, 0xff, 0xff, 0x0, 0x6f,
    0xff, 0xf3,

    /* U+F001 "" */
    0x0, 0x0, 0x0, 0x0, 0x0, 0x0, 0x0, 0x0,
    0x0, 0x0, 0x0, 0x0, 0x0, 0x0, 0x0, 0x0,
    0x0, 0x0, 0x0, 0x0, 0x0, 0x0, 0x0, 0x0,
    0x0, 0x0, 0x0, 0x0, 0x0, 0x5, 0x9d, 0xd4,
    0x0, 0x0, 0x0, 0x0, 0x0, 0x0, 0x0, 0x0,
    0x0, 0x0, 0x0, 0x2, 0x7b, 0xff, 0xff, 0xfe,
    0x0, 0x0, 0x0, 0x0, 0x0, 0x0, 0x0, 0x0,
    0x0, 0x0, 0x48, 0xdf, 0xff, 0xff, 0xff, 0xff,
    0x0, 0x0, 0x0, 0x0, 0x0, 0x0, 0x0, 0x0,
    0x16, 0xaf, 0xff, 0xff, 0xff, 0xff, 0xff, 0xff,
    0x0, 0x0, 0x0, 0x0, 0x0, 0x0, 0x3, 0x8c,
    0xff, 0xff, 0xff, 0xff, 0xff, 0xff, 0xff, 0xff,
    0x0, 0x0, 0x0, 0x0, 0x0, 0x59, 0xef, 0xff,
    0xff, 0xff, 0xff, 0xff, 0xff, 0xff, 0xff, 0xff,
    0x0, 0x0, 0x0, 0x0, 0x6f, 0xff, 0xff, 0xff,
    0xff, 0xff, 0xff, 0xff, 0xff, 0xff, 0xff, 0xff,
    0x0, 0x0, 0x0, 0x0, 0xff, 0xff, 0xff, 0xff,
    0xff, 0xff, 0xff, 0xff, 0xff, 0xff, 0xff, 0xff,
    0x0, 0x0, 0x0, 0x0, 0xff, 0xff, 0xff, 0xff,
    0xff, 0xff, 0xff, 0xff, 0xff, 0xfd, 0xff, 0xff,
    0x0, 0x0, 0x0, 0x0, 0xff, 0xff, 0xff, 0xff,
    0xff, 0xff, 0xff, 0xff, 0xb6, 0x20, 0xff, 0xff,
    0x0, 0x0, 0x0, 0x0, 0xff, 0xff, 0xff, 0xff,
    0xff, 0xff, 0xe9, 0x40, 0x0, 0x0, 0xff, 0xff,
    0x0, 0x0, 0x0, 0x0, 0xff, 0xff, 0xff, 0xff,
    0xfc, 0x72, 0x0, 0x0, 0x0, 0x0, 0xff, 0xff,
    0x0, 0x0, 0x0, 0x0, 0xff, 0xff, 0xfe, 0xa5,
    0x10, 0x0, 0x0, 0x0, 0x0, 0x0, 0xff, 0xff,
    0x0, 0x0, 0x0, 0x0, 0xff, 0xff, 0x30, 0x0,
    0x0, 0x0, 0x0, 0x0, 0x0, 0x0, 0xff, 0xff,
    0x0, 0x0, 0x0, 0x0, 0xff, 0xff, 0x0, 0x0,
    0x0, 0x0, 0x0, 0x0, 0x0, 0x0, 0xff, 0xff,
    0x0, 0x0, 0x0, 0x0, 0xff, 0xff, 0x0, 0x0,
    0x0, 0x0, 0x0, 0x0, 0x0, 0x0, 0xff, 0xff,
    0x0, 0x0, 0x0, 0x0, 0xff, 0xff, 0x0, 0x0,
    0x0, 0x0, 0x0, 0x0, 0x0, 0x0, 0xff, 0xff,
    0x0, 0x0, 0x0, 0x0, 0xff, 0xff, 0x0, 0x0,
    0x0, 0x0, 0x0, 0x0, 0x0, 0x0, 0xff, 0xff,
    0x0, 0x0, 0x0, 0x0, 0xff, 0xff, 0x0, 0x0,
    0x0, 0x0, 0x0, 0x0, 0x0, 0x0, 0xff, 0xff,
    0x0, 0x0, 0x0, 0x0, 0xff, 0xff, 0x0, 0x0,
    0x0, 0x0, 0x0, 0x0, 0x0, 0x0, 0xff, 0xff,
    0x0, 0x0, 0x0, 0x0, 0xff, 0xff, 0x0, 0x0,
    0x0, 0x0, 0x0, 0x3a, 0xdf, 0xfd, 0xff, 0xff,
    0x0, 0x0, 0x0, 0x0, 0xff, 0xff, 0x0, 0x0,
    0x0, 0x0, 0xa, 0xff, 0xff, 0xff, 0xff, 0xff,
    0x0, 0x0, 0x0, 0x0, 0xff, 0xff, 0x0, 0x0,
    0x0, 0x0, 0x8f, 0xff, 0xff, 0xff, 0xff, 0xff,
    0x0, 0x0, 0x0, 0x0, 0xff, 0xff, 0x0, 0x0,
    0x0, 0x0, 0xef, 0xff, 0xff, 0xff, 0xff, 0xff,
    0x0, 0x3a, 0xdf, 0xfd, 0xff, 0xff, 0x0, 0x0,
    0x0, 0x0, 0xef, 0xff, 0xff, 0xff, 0xff, 0xfe,
    0xa, 0xff, 0xff, 0xff, 0xff, 0xff, 0x0, 0x0,
    0x0, 0x0, 0x8f, 0xff, 0xff, 0xff, 0xff, 0xf8,
    0x8f, 0xff, 0xff, 0xff, 0xff, 0xff, 0x0, 0x0,
    0x0, 0x0, 0xa, 0xff, 0xff, 0xff, 0xff, 0xa0,
    0xef, 0xff, 0xff, 0xff, 0xff, 0xff, 0x0, 0x0,
    0x0, 0x0, 0x0, 0x3a, 0xdf, 0xfd, 0xa3, 0x0,
    0xef, 0xff, 0xff, 0xff, 0xff, 0xfe, 0x0, 0x0,
    0x0, 0x0, 0x0, 0x0, 0x0, 0x0, 0x0, 0x0,
    0x8f, 0xff, 0xff, 0xff, 0xff, 0xf8, 0x0, 0x0,
    0x0, 0x0, 0x0, 0x0, 0x0, 0x0, 0x0, 0x0,
    0xa, 0xff, 0xff, 0xff, 0xff, 0xa0, 0x0, 0x0,
    0x0, 0x0, 0x0, 0x0, 0x0, 0x0, 0x0, 0x0,
    0x0, 0x3a, 0xdf, 0xfd, 0xa3, 0x0, 0x0, 0x0,
    0x0, 0x0, 0x0, 0x0, 0x0, 0x0, 0x0, 0x0,

    /* U+F008 "" */
    0x8f, 0x0, 0x0, 0xff, 0xff, 0xff, 0xff, 0xff,
    0xff, 0xff, 0xff, 0xff, 0xff, 0x0, 0x0, 0xf8,
    0xff, 0x20, 0x2, 0xff, 0xff, 0xff, 0xff, 0xff,
    0xff, 0xff, 0xff, 0xff, 0xff, 0x20, 0x2, 0xff,
    0xff, 0xff, 0xff, 0xff, 0xff, 0xff, 0xff, 0xff,
    0xff, 0xff, 0xff, 0xff, 0xff, 0xff, 0xff, 0xff,
    0xff, 0xff, 0xff, 0xff, 0xf2, 0x0, 0x0, 0x0,
    0x0, 0x0, 0x0, 0x2f, 0xff, 0xff, 0xff, 0xff,
    0xff, 0x20, 0x2, 0xff, 0xf0, 0x0, 0x0, 0x0,
    0x0, 0x0, 0x0, 0xf, 0xff, 0x20, 0x2, 0xff,
    0xff, 0x0, 0x0, 0xff, 0xf0, 0x0, 0x0, 0x0,
    0x0, 0x0, 0x0, 0xf, 0xff, 0x0, 0x0, 0xff,
    0xff, 0x0, 0x0, 0xff, 0xf0, 0x0, 0x0, 0x0,
    0x0, 0x0, 0x0, 0xf, 0xff, 0x0, 0x0, 0xff,
    0xff, 0x20, 0x2, 0xff, 0xf0, 0x0, 0x0, 0x0,
    0x0, 0x0, 0x0, 0xf, 0xff, 0x20, 0x2, 0xff,
    0xff, 0xff, 0xff, 0xff, 0xf0, 0x0, 0x0, 0x0,
    0x0, 0x0, 0x0, 0xf, 0xff, 0xff, 0xff, 0xff,
    0xff, 0xff, 0xff, 0xff, 0xf0, 0x0, 0x0, 0x0,
    0x0, 0x0, 0x0, 0xf, 0xff, 0xff, 0xff, 0xff,
    0xff, 0x20, 0x2, 0xff, 0xfa, 0x88, 0x88, 0x88,
    0x88, 0x88, 0x88, 0xaf, 0xff, 0x20, 0x2, 0xff,
    0xff, 0x0, 0x0, 0xff, 0xff, 0xff, 0xff, 0xff,
    0xff, 0xff, 0xff, 0xff, 0xff, 0x0, 0x0, 0xff,
    0xff, 0x0, 0x0, 0xff, 0xff, 0xff, 0xff, 0xff,
    0xff, 0xff, 0xff, 0xff, 0xff, 0x0, 0x0, 0xff,
    0xff, 0x20, 0x2, 0xff, 0xfa, 0x88, 0x88, 0x88,
    0x88, 0x88, 0x88, 0xaf, 0xff, 0x20, 0x2, 0xff,
    0xff, 0xff, 0xff, 0xff, 0xf0, 0x0, 0x0, 0x0,
    0x0, 0x0, 0x0, 0xf, 0xff, 0xff, 0xff, 0xff,
    0xff, 0xff, 0xff, 0xff, 0xf0, 0x0, 0x0, 0x0,
    0x0, 0x0, 0x0, 0xf, 0xff, 0xff, 0xff, 0xff,
    0xff, 0x20, 0x2, 0xff, 0xf0, 0x0, 0x0, 0x0,
    0x0, 0x0, 0x0, 0xf, 0xff, 0x20, 0x2, 0xff,
    0xff, 0x0, 0x0, 0xff, 0xf0, 0x0, 0x0, 0x0,
    0x0, 0x0, 0x0, 0xf, 0xff, 0x0, 0x0, 0xff,
    0xff, 0x0, 0x0, 0xff, 0xf0, 0x0, 0x0, 0x0,
    0x0, 0x0, 0x0, 0xf, 0xff, 0x0, 0x0, 0xff,
    0xff, 0x20, 0x2, 0xff, 0xf0, 0x0, 0x0, 0x0,
    0x0, 0x0, 0x0, 0xf, 0xff, 0x20, 0x2, 0xff,
    0xff, 0xff, 0xff, 0xff, 0xf2, 0x0, 0x0, 0x0,
    0x0, 0x0, 0x0, 0x2f, 0xff, 0xff, 0xff, 0xff,
    0xff, 0xff, 0xff, 0xff, 0xff, 0xff, 0xff, 0xff,
    0xff, 0xff, 0xff, 0xff, 0xff, 0xff, 0xff, 0xff,
    0xff, 0x20, 0x2, 0xff, 0xff, 0xff, 0xff, 0xff,
    0xff, 0xff, 0xff, 0xff, 0xff, 0x20, 0x2, 0xff,
    0x8f, 0x0, 0x0, 0xff, 0xff, 0xff, 0xff, 0xff,
    0xff, 0xff, 0xff, 0xff, 0xff, 0x0, 0x0, 0xf8,

    /* U+F00B "" */
    0x8f, 0xff, 0xff, 0xff, 0xc0, 0x4, 0xef, 0xff,
    0xff, 0xff, 0xff, 0xff, 0xff, 0xff, 0xff, 0xf8,
    0xff, 0xff, 0xff, 0xff, 0xf4, 0xa, 0xff, 0xff,
    0xff, 0xff, 0xff, 0xff, 0xff, 0xff, 0xff, 0xff,
    0xff, 0xff, 0xff, 0xff, 0xf5, 0xb, 0xff, 0xff,
    0xff, 0xff, 0xff, 0xff, 0xff, 0xff, 0xff, 0xff,
    0xff, 0xff, 0xff, 0xff, 0xf5, 0xb, 0xff, 0xff,
    0xff, 0xff, 0xff, 0xff, 0xff, 0xff, 0xff, 0xff,
    0xff, 0xff, 0xff, 0xff, 0xf5, 0xb, 0xff, 0xff,
    0xff, 0xff, 0xff, 0xff, 0xff, 0xff, 0xff, 0xff,
    0xff, 0xff, 0xff, 0xff, 0xf5, 0xb, 0xff, 0xff,
    0xff, 0xff, 0xff, 0xff, 0xff, 0xff, 0xff, 0xff,
    0xff, 0xff, 0xff, 0xff, 0xf4, 0xa, 0xff, 0xff,
    0xff, 0xff, 0xff, 0xff, 0xff, 0xff, 0xff, 0xff,
    0x8f, 0xff, 0xff, 0xff, 0xc0, 0x4, 0xef, 0xff,
    0xff, 0xff, 0xff, 0xff, 0xff, 0xff, 0xff, 0xf8,
    0x0, 0x0, 0x0, 0x0, 0x0, 0x0, 0x0, 0x0,
    0x0, 0x0, 0x0, 0x0, 0x0, 0x0, 0x0, 0x0,
    0x0, 0x0, 0x0, 0x0, 0x0, 0x0, 0x0, 0x0,
    0x0, 0x0, 0x0, 0x0, 0x0, 0x0, 0x0, 0x0,
    0x8f, 0xff, 0xff, 0xff, 0xc0, 0x4, 0xef, 0xff,
    0xff, 0xff, 0xff, 0xff, 0xff, 0xff, 0xff, 0xf8,
    0xff, 0xff, 0xff, 0xff, 0xf4, 0xa, 0xff, 0xff,
    0xff, 0xff, 0xff, 0xff, 0xff, 0xff, 0xff, 0xff,
    0xff, 0xff, 0xff, 0xff, 0xf5, 0xb, 0xff, 0xff,
    0xff, 0xff, 0xff, 0xff, 0xff, 0xff, 0xff, 0xff,
    0xff, 0xff, 0xff, 0xff, 0xf5, 0xb, 0xff, 0xff,
    0xff, 0xff, 0xff, 0xff, 0xff, 0xff, 0xff, 0xff,
    0xff, 0xff, 0xff, 0xff, 0xf5, 0xb, 0xff, 0xff,
    0xff, 0xff, 0xff, 0xff, 0xff, 0xff, 0xff, 0xff,
    0xff, 0xff, 0xff, 0xff, 0xf5, 0xb, 0xff, 0xff,
    0xff, 0xff, 0xff, 0xff, 0xff, 0xff, 0xff, 0xff,
    0xff, 0xff, 0xff, 0xff, 0xf4, 0xa, 0xff, 0xff,
    0xff, 0xff, 0xff, 0xff, 0xff, 0xff, 0xff, 0xff,
    0x8f, 0xff, 0xff, 0xff, 0xc0, 0x4, 0xef, 0xff,
    0xff, 0xff, 0xff, 0xff, 0xff, 0xff, 0xff, 0xf8,
    0x0, 0x0, 0x0, 0x0, 0x0, 0x0, 0x0, 0x0,
    0x0, 0x0, 0x0, 0x0, 0x0, 0x0, 0x0, 0x0,
    0x0, 0x0, 0x0, 0x0, 0x0, 0x0, 0x0, 0x0,
    0x0, 0x0, 0x0, 0x0, 0x0, 0x0, 0x0, 0x0,
    0x8f, 0xff, 0xff, 0xff, 0xc0, 0x4, 0xef, 0xff,
    0xff, 0xff, 0xff, 0xff, 0xff, 0xff, 0xff, 0xf8,
    0xff, 0xff, 0xff, 0xff, 0xf4, 0xa, 0xff, 0xff,
    0xff, 0xff, 0xff, 0xff, 0xff, 0xff, 0xff, 0xff,
    0xff, 0xff, 0xff, 0xff, 0xf5, 0xb, 0xff, 0xff,
    0xff, 0xff, 0xff, 0xff, 0xff, 0xff, 0xff, 0xff,
    0xff, 0xff, 0xff, 0xff, 0xf5, 0xb, 0xff, 0xff,
    0xff, 0xff, 0xff, 0xff, 0xff, 0xff, 0xff, 0xff,
    0xff, 0xff, 0xff, 0xff, 0xf5, 0xb, 0xff, 0xff,
    0xff, 0xff, 0xff, 0xff, 0xff, 0xff, 0xff, 0xff,
    0xff, 0xff, 0xff, 0xff, 0xf5, 0xb, 0xff, 0xff,
    0xff, 0xff, 0xff, 0xff, 0xff, 0xff, 0xff, 0xff,
    0xff, 0xff, 0xff, 0xff, 0xf4, 0xa, 0xff, 0xff,
    0xff, 0xff, 0xff, 0xff, 0xff, 0xff, 0xff, 0xff,
    0x8f, 0xff, 0xff, 0xff, 0xc0, 0x4, 0xef, 0xff,
    0xff, 0xff, 0xff, 0xff, 0xff, 0xff, 0xff, 0xf8,

    /* U+F00C "" */
    0x0, 0x0, 0x0, 0x0, 0x0, 0x0, 0x0, 0x0,
    0x0, 0x0, 0x0, 0x0, 0x0, 0x1b, 0xd3, 0x0,
    0x0, 0x0, 0x0, 0x0, 0x0, 0x0, 0x0, 0x0,
    0x0, 0x0, 0x0, 0x0, 0x1, 0xdf, 0xff, 0x40,
    0x0, 0x0, 0x0, 0x0, 0x0, 0x0, 0x0, 0x0,
    0x0, 0x0, 0x0, 0x0, 0x1d, 0xff, 0xff, 0xf4,
    0x0, 0x0, 0x0, 0x0, 0x0, 0x0, 0x0, 0x0,
    0x0, 0x0, 0x0, 0x1, 0xdf, 0xff, 0xff, 0xfe,
    0x0, 0x0, 0x0, 0x0, 0x0, 0x0, 0x0, 0x0,
    0x0, 0x0, 0x0, 0x1d, 0xff, 0xff, 0xff, 0xfd,
    0x0, 0x0, 0x0, 0x0, 0x0, 0x0, 0x0, 0x0,
    0x0, 0x0, 0x1, 0xdf, 0xff, 0xff, 0xff, 0xe3,
    0x0, 0x0, 0x0, 0x0, 0x0, 0x0, 0x0, 0x0,
    0x0, 0x0, 0x1d, 0xff, 0xff, 0xff, 0xfe, 0x30,
    0x0, 0x0, 0x0, 0x0, 0x0, 0x0, 0x0, 0x0,
    0x0, 0x1, 0xdf, 0xff, 0xff, 0xff, 0xe3, 0x0,
    0x0, 0x3d, 0xb1, 0x0, 0x0, 0x0, 0x0, 0x0,
    0x0, 0x1d, 0xff, 0xff, 0xff, 0xfe, 0x30, 0x0,
    0x4, 0xff, 0xfd, 0x10, 0x0, 0x0, 0x0, 0x0,
    0x1, 0xdf, 0xff, 0xff, 0xff, 0xe2, 0x0, 0x0,
    0x4f, 0xff, 0xff, 0xd1, 0x0, 0x0, 0x0, 0x0,
    0x1d, 0xff, 0xff, 0xff, 0xfe, 0x20, 0x0, 0x0,
    0xef, 0xff, 0xff, 0xfd, 0x10, 0x0, 0x0, 0x1,
    0xdf, 0xff, 0xff, 0xff, 0xe2, 0x0, 0x0, 0x0,
    0xdf, 0xff, 0xff, 0xff, 0xd1, 0x0, 0x0, 0x1d,
    0xff, 0xff, 0xff, 0xfe, 0x20, 0x0, 0x0, 0x0,
    0x3e, 0xff, 0xff, 0xff, 0xfd, 0x10, 0x1, 0xdf,
    0xff, 0xff, 0xff, 0xe2, 0x0, 0x0, 0x0, 0x0,
    0x3, 0xef, 0xff, 0xff, 0xff, 0xd1, 0x1d, 0xff,
    0xff, 0xff, 0xfe, 0x20, 0x0, 0x0, 0x0, 0x0,
    0x0, 0x3e, 0xff, 0xff, 0xff, 0xfd, 0xdf, 0xff,
    0xff, 0xff, 0xe2, 0x0, 0x0, 0x0, 0x0, 0x0,
    0x0, 0x2, 0xef, 0xff, 0xff, 0xff, 0xff, 0xff,
    0xff, 0xfe, 0x20, 0x0, 0x0, 0x0, 0x0, 0x0,
    0x0, 0x0, 0x2e, 0xff, 0xff, 0xff, 0xff, 0xff,
    0xff, 0xe2, 0x0, 0x0, 0x0, 0x0, 0x0, 0x0,
    0x0, 0x0, 0x2, 0xef, 0xff, 0xff, 0xff, 0xff,
    0xfe, 0x20, 0x0, 0x0, 0x0, 0x0, 0x0, 0x0,
    0x0, 0x0, 0x0, 0x2e, 0xff, 0xff, 0xff, 0xff,
    0xe2, 0x0, 0x0, 0x0, 0x0, 0x0, 0x0, 0x0,
    0x0, 0x0, 0x0, 0x2, 0xef, 0xff, 0xff, 0xfe,
    0x20, 0x0, 0x0, 0x0, 0x0, 0x0, 0x0, 0x0,
    0x0, 0x0, 0x0, 0x0, 0x2e, 0xff, 0xff, 0xe2,
    0x0, 0x0, 0x0, 0x0, 0x0, 0x0, 0x0, 0x0,
    0x0, 0x0, 0x0, 0x0, 0x2, 0xef, 0xfe, 0x20,
    0x0, 0x0, 0x0, 0x0, 0x0, 0x0, 0x0, 0x0,
    0x0, 0x0, 0x0, 0x0, 0x0, 0x2c, 0xc2, 0x0,
    0x0, 0x0, 0x0, 0x0, 0x0, 0x0, 0x0, 0x0,

    /* U+F00D "" */
    0x1, 0xcf, 0x90, 0x0, 0x0, 0x0, 0x0, 0x0,
    0x9, 0xfc, 0x10, 0x1e, 0xff, 0xfa, 0x0, 0x0,
    0x0, 0x0, 0x0, 0xaf, 0xff, 0xe1, 0xcf, 0xff,
    0xff, 0xa0, 0x0, 0x0, 0x0, 0xa, 0xff, 0xff,
    0xfc, 0xff, 0xff, 0xff, 0xfa, 0x0, 0x0, 0x0,
    0xaf, 0xff, 0xff, 0xff, 0x9f, 0xff, 0xff, 0xff,
    0xa0, 0x0, 0xa, 0xff, 0xff, 0xff, 0xf9, 0xa,
    0xff, 0xff, 0xff, 0xfa, 0x0, 0xaf, 0xff, 0xff,
    0xff, 0xa0, 0x0, 0xaf, 0xff, 0xff, 0xff, 0xaa,
    0xff, 0xff, 0xff, 0xfa, 0x0, 0x0, 0xa, 0xff,
    0xff, 0xff, 0xff, 0xff, 0xff, 0xff, 0xa0, 0x0,
    0x0, 0x0, 0xaf, 0xff, 0xff, 0xff, 0xff, 0xff,
    0xfa, 0x0, 0x0, 0x0, 0x0, 0xa, 0xff, 0xff,
    0xff, 0xff, 0xff, 0xa0, 0x0, 0x0, 0x0, 0x0,
    0x0, 0xaf, 0xff, 0xff, 0xff, 0xfa, 0x0, 0x0,
    0x0, 0x0, 0x0, 0x0, 0xaf, 0xff, 0xff, 0xff,
    0xfa, 0x0, 0x0, 0x0, 0x0, 0x0, 0xa, 0xff,
    0xff, 0xff, 0xff, 0xff, 0xa0, 0x0, 0x0, 0x0,
    0x0, 0xaf, 0xff, 0xff, 0xff, 0xff, 0xff, 0xfa,
    0x0, 0x0, 0x0, 0xa, 0xff, 0xff, 0xff, 0xff,
    0xff, 0xff, 0xff, 0xa0, 0x0, 0x0, 0xaf, 0xff,
    0xff, 0xff, 0xaa, 0xff, 0xff, 0xff, 0xfa, 0x0,
    0xa, 0xff, 0xff, 0xff, 0xfa, 0x0, 0xaf, 0xff,
    0xff, 0xff, 0xa0, 0x9f, 0xff, 0xff, 0xff, 0xa0,
    0x0, 0xa, 0xff, 0xff, 0xff, 0xf9, 0xff, 0xff,
    0xff, 0xfa, 0x0, 0x0, 0x0, 0xaf, 0xff, 0xff,
    0xff, 0xcf, 0xff, 0xff, 0xa0, 0x0, 0x0, 0x0,
    0xa, 0xff, 0xff, 0xfc, 0x1e, 0xff, 0xfa, 0x0,
    0x0, 0x0, 0x0, 0x0, 0xaf, 0xff, 0xe1, 0x1,
    0xcf, 0x90, 0x0, 0x0, 0x0, 0x0, 0x0, 0x9,
    0xfc, 0x10,

    /* U+F011 "" */
    0x0, 0x0, 0x0, 0x0, 0x0, 0x0, 0x7, 0xff,
    0xf9, 0x0, 0x0, 0x0, 0x0, 0x0, 0x0, 0x0,
    0x0, 0x0, 0x0, 0x0, 0x0, 0x0, 0xef, 0xff,
    0xf0, 0x0, 0x0, 0x0, 0x0, 0x0, 0x0, 0x0,
    0x0, 0x0, 0x0, 0x0, 0x0, 0xe, 0xff, 0xff,
    0x10, 0x0, 0x0, 0x0, 0x0, 0x0, 0x0, 0x0,
    0x0, 0x3, 0x95, 0x0, 0x0, 0xef, 0xff, 0xf1,
    0x0, 0x3, 0x94, 0x0, 0x0, 0x0, 0x0, 0x0,
    0x5, 0xff, 0xf3, 0x0, 0xe, 0xff, 0xff, 0x10,
    0x1, 0xff, 0xf7, 0x0, 0x0, 0x0, 0x0, 0x6,
    0xff, 0xff, 0xc0, 0x0, 0xef, 0xff, 0xf1, 0x0,
    0x9f, 0xff, 0xf8, 0x0, 0x0, 0x0, 0x4, 0xff,
    0xff, 0xff, 0x10, 0xe, 0xff, 0xff, 0x10, 0xe,
    0xff, 0xff, 0xf6, 0x0, 0x0, 0x1, 0xef, 0xff,
    0xff, 0xb0, 0x0, 0xef, 0xff, 0xf1, 0x0, 0x9f,
    0xff, 0xff, 0xf3, 0x0, 0x0, 0x9f, 0xff, 0xff,
    0xb0, 0x0, 0xe, 0xff, 0xff, 0x10, 0x0, 0x9f,
    0xff, 0xff, 0xc0, 0x0, 0x2f, 0xff, 0xff, 0xb0,
    0x0, 0x0, 0xef, 0xff, 0xf1, 0x0, 0x0, 0x9f,
    0xff, 0xff, 0x50, 0x9, 0xff, 0xff, 0xe1, 0x0,
    0x0, 0xe, 0xff, 0xff, 0x10, 0x0, 0x0, 0xdf,
    0xff, 0xfc, 0x0, 0xff, 0xff, 0xf6, 0x0, 0x0,
    0x0, 0xef, 0xff, 0xf1, 0x0, 0x0, 0x4, 0xff,
    0xff, 0xf1, 0x3f, 0xff, 0xff, 0x10, 0x0, 0x0,
    0xe, 0xff, 0xff, 0x10, 0x0, 0x0, 0xd, 0xff,
    0xff, 0x67, 0xff, 0xff, 0xa0, 0x0, 0x0, 0x0,
    0xef, 0xff, 0xf1, 0x0, 0x0, 0x0, 0x7f, 0xff,
    0xf9, 0x9f, 0xff, 0xf7, 0x0, 0x0, 0x0, 0xe,
    0xff, 0xff, 0x10, 0x0, 0x0, 0x4, 0xff, 0xff,
    0xca, 0xff, 0xff, 0x50, 0x0, 0x0, 0x0, 0xef,
    0xff, 0xf1, 0x0, 0x0, 0x0, 0x2f, 0xff, 0xfd,
    0xbf, 0xff, 0xf4, 0x0, 0x0, 0x0, 0xe, 0xff,
    0xff, 0x0, 0x0, 0x0, 0x2, 0xff, 0xff, 0xda,
    0xff, 0xff, 0x60, 0x0, 0x0, 0x0, 0x7f, 0xff,
    0x90, 0x0, 0x0, 0x0, 0x3f, 0xff, 0xfd, 0x8f,
    0xff, 0xf8, 0x0, 0x0, 0x0, 0x0, 0x0, 0x0,
    0x0, 0x0, 0x0, 0x6, 0xff, 0xff, 0xb5, 0xff,
    0xff, 0xd0, 0x0, 0x0, 0x0, 0x0, 0x0, 0x0,
    0x0, 0x0, 0x0, 0xaf, 0xff, 0xf8, 0x2f, 0xff,
    0xff, 0x20, 0x0, 0x0, 0x0, 0x0, 0x0, 0x0,
    0x0, 0x0, 0x1f, 0xff, 0xff, 0x40, 0xcf, 0xff,
    0xfb, 0x0, 0x0, 0x0, 0x0, 0x0, 0x0, 0x0,
    0x0, 0x8, 0xff, 0xff, 0xf0, 0x6, 0xff, 0xff,
    0xf5, 0x0, 0x0, 0x0, 0x0, 0x0, 0x0, 0x0,
    0x3, 0xff, 0xff, 0xf9, 0x0, 0xe, 0xff, 0xff,
    0xf3, 0x0, 0x0, 0x0, 0x0, 0x0, 0x0, 0x2,
    0xef, 0xff, 0xff, 0x20, 0x0, 0x5f, 0xff, 0xff,
    0xf5, 0x0, 0x0, 0x0, 0x0, 0x0, 0x3, 0xef,
    0xff, 0xff, 0x80, 0x0, 0x0, 0xaf, 0xff, 0xff,
    0xfa, 0x20, 0x0, 0x0, 0x0, 0x19, 0xff, 0xff,
    0xff, 0xd0, 0x0, 0x0, 0x0, 0xcf, 0xff, 0xff,
    0xff, 0xc7, 0x64, 0x57, 0xbf, 0xff, 0xff, 0xff,
    0xe2, 0x0, 0x0, 0x0, 0x1, 0xdf, 0xff, 0xff,
    0xff, 0xff, 0xff, 0xff, 0xff, 0xff, 0xff, 0xe2,
    0x0, 0x0, 0x0, 0x0, 0x0, 0xbf, 0xff, 0xff,
    0xff, 0xff, 0xff, 0xff, 0xff, 0xff, 0xc1, 0x0,
    0x0, 0x0, 0x0, 0x0, 0x0, 0x5e, 0xff, 0xff,
    0xff, 0xff, 0xff, 0xff, 0xff, 0x80, 0x0, 0x0,
    0x0, 0x0, 0x0, 0x0, 0x0, 0x7, 0xdf, 0xff,
    0xff, 0xff, 0xff, 0xe8, 0x10, 0x0, 0x0, 0x0,
    0x0, 0x0, 0x0, 0x0, 0x0, 0x0, 0x26, 0x9a,
    0xba, 0x97, 0x30, 0x0, 0x0, 0x0, 0x0, 0x0,

    /* U+F013 "" */
    0x0, 0x0, 0x0, 0x0, 0x0, 0x1, 0x46, 0x77,
    0x64, 0x10, 0x0, 0x0, 0x0, 0x0, 0x0, 0x0,
    0x0, 0x0, 0x0, 0x0, 0xe, 0xff, 0xff, 0xff,
    0xe0, 0x0, 0x0, 0x0, 0x0, 0x0, 0x0, 0x0,
    0x0, 0x0, 0x0, 0xf, 0xff, 0xff, 0xff, 0xf0,
    0x0, 0x0, 0x0, 0x0, 0x0, 0x0, 0x0, 0x0,
    0x0, 0x0, 0xf, 0xff, 0xff, 0xff, 0xf0, 0x0,
    0x0, 0x0, 0x0, 0x0, 0x0, 0x0, 0x0, 0x0,
    0x0, 0x1f, 0xff, 0xff, 0xff, 0xf1, 0x0, 0x0,
    0x0, 0x0, 0x0, 0x0, 0x5, 0x91, 0x0, 0x19,
    0xff, 0xff, 0xff, 0xff, 0xff, 0x91, 0x0, 0x2a,
    0x50, 0x0, 0x0, 0x3f, 0xff, 0x85, 0xef, 0xff,
    0xff, 0xff, 0xff, 0xff, 0xfe, 0x58, 0xff, 0xf3,
    0x0, 0x0, 0xef, 0xff, 0xff, 0xff, 0xff, 0xff,
    0xff, 0xff, 0xff, 0xff, 0xff, 0xff, 0xfd, 0x0,
    0x8, 0xff, 0xff, 0xff, 0xff, 0xff, 0xff, 0xff,
    0xff, 0xff, 0xff, 0xff, 0xff, 0xff, 0x80, 0x1f,
    0xff, 0xff, 0xff, 0xff, 0xff, 0xff, 0xff, 0xff,
    0xff, 0xff, 0xff, 0xff, 0xff, 0xf1, 0x7f, 0xff,
    0xff, 0xff, 0xff, 0xff, 0xff, 0xff, 0xff, 0xff,
    0xff, 0xff, 0xff, 0xff, 0xf7, 0xcf, 0xff, 0xff,
    0xff, 0xff, 0xff, 0xb3, 0x0, 0x3b, 0xff, 0xff,
    0xff, 0xff, 0xff, 0xfc, 0x3c, 0xff, 0xff, 0xff,
    0xff, 0xf7, 0x0, 0x0, 0x0, 0x7f, 0xff, 0xff,
    0xff, 0xff, 0xc3, 0x0, 0x6f, 0xff, 0xff, 0xff,
    0xb0, 0x0, 0x0, 0x0, 0xb, 0xff, 0xff, 0xff,
    0xf6, 0x0, 0x0, 0xe, 0xff, 0xff, 0xff, 0x30,
    0x0, 0x0, 0x0, 0x3, 0xff, 0xff, 0xff, 0xd0,
    0x0, 0x0, 0xf, 0xff, 0xff, 0xff, 0x0, 0x0,
    0x0, 0x0, 0x0, 0xff, 0xff, 0xff, 0xf0, 0x0,
    0x0, 0xf, 0xff, 0xff, 0xff, 0x0, 0x0, 0x0,
    0x0, 0x0, 0xff, 0xff, 0xff, 0xf0, 0x0, 0x0,
    0xe, 0xff, 0xff, 0xff, 0x30, 0x0, 0x0, 0x0,
    0x3, 0xff, 0xff, 0xff, 0xd0, 0x0, 0x0, 0x6f,
    0xff, 0xff, 0xff, 0xb0, 0x0, 0x0, 0x0, 0xb,
    0xff, 0xff, 0xff, 0xf6, 0x0, 0x3c, 0xff, 0xff,
    0xff, 0xff, 0xf7, 0x0, 0x0, 0x0, 0x7f, 0xff,
    0xff, 0xff, 0xff, 0xc3, 0xcf, 0xff, 0xff, 0xff,
    0xff, 0xff, 0xb3, 0x0, 0x3b, 0xff, 0xff, 0xff,
    0xff, 0xff, 0xfc, 0x7f, 0xff, 0xff, 0xff, 0xff,
    0xff, 0xff, 0xff, 0xff, 0xff, 0xff, 0xff, 0xff,
    0xff, 0xf7, 0x1f, 0xff, 0xff, 0xff, 0xff, 0xff,
    0xff, 0xff, 0xff, 0xff, 0xff, 0xff, 0xff, 0xff,
    0xf1, 0x8, 0xff, 0xff, 0xff, 0xff, 0xff, 0xff,
    0xff, 0xff, 0xff, 0xff, 0xff, 0xff, 0xff, 0x80,
    0x0, 0xef, 0xff, 0xff, 0xff, 0xff, 0xff, 0xff,
    0xff, 0xff, 0xff, 0xff, 0xff, 0xfe, 0x0, 0x0,
    0x3f, 0xff, 0x85, 0xef, 0xff, 0xff, 0xff, 0xff,
    0xff, 0xfe, 0x58, 0xff, 0xf3, 0x0, 0x0, 0x5,
    0xa2, 0x0, 0x1a, 0xff, 0xff, 0xff, 0xff, 0xff,
    0xa1, 0x0, 0x2a, 0x50, 0x0, 0x0, 0x0, 0x0,
    0x0, 0x0, 0x1f, 0xff, 0xff, 0xff, 0xf1, 0x0,
    0x0, 0x0, 0x0, 0x0, 0x0, 0x0, 0x0, 0x0,
    0x0, 0xf, 0xff, 0xff, 0xff, 0xf0, 0x0, 0x0,
    0x0, 0x0, 0x0, 0x0, 0x0, 0x0, 0x0, 0x0,
    0xf, 0xff, 0xff, 0xff, 0xf0, 0x0, 0x0, 0x0,
    0x0, 0x0, 0x0, 0x0, 0x0, 0x0, 0x0, 0xe,
    0xff, 0xff, 0xff, 0xe0, 0x0, 0x0, 0x0, 0x0,
    0x0, 0x0, 0x0, 0x0, 0x0, 0x0, 0x1, 0x46,
    0x77, 0x64, 0x10, 0x0, 0x0, 0x0, 0x0, 0x0,

    /* U+F015 "" */
    0x0, 0x0, 0x0, 0x0, 0x0, 0x0, 0x0, 0x0,
    0x8e, 0xe8, 0x0, 0x0, 0x5, 0xff, 0xff, 0x50,
    0x0, 0x0, 0x0, 0x0, 0x0, 0x0, 0x0, 0x0,
    0x0, 0x1c, 0xff, 0xff, 0xc1, 0x0, 0x8, 0xff,
    0xff, 0x80, 0x0, 0x0, 0x0, 0x0, 0x0, 0x0,
    0x0, 0x0, 0x3, 0xef, 0xff, 0xff, 0xfe, 0x30,
    0x8, 0xff, 0xff, 0x80, 0x0, 0x0, 0x0, 0x0,
    0x0, 0x0, 0x0, 0x0, 0x6f, 0xff, 0xff, 0xff,
    0xff, 0xf5, 0x8, 0xff, 0xff, 0x80, 0x0, 0x0,
    0x0, 0x0, 0x0, 0x0, 0x0, 0x8, 0xff, 0xff,
    0xfc, 0xcf, 0xff, 0xff, 0x88, 0xff, 0xff, 0x80,
    0x0, 0x0, 0x0, 0x0, 0x0, 0x0, 0x1, 0xbf,
    0xff, 0xff, 0x80, 0x8, 0xff, 0xff, 0xff, 0xff,
    0xff, 0x80, 0x0, 0x0, 0x0, 0x0, 0x0, 0x0,
    0x2d, 0xff, 0xff, 0xf5, 0x0, 0x0, 0x5f, 0xff,
    0xff, 0xff, 0xff, 0x80, 0x0, 0x0, 0x0, 0x0,
    0x0, 0x4, 0xff, 0xff, 0xfe, 0x30, 0x1a, 0xa1,
    0x3, 0xef, 0xff, 0xff, 0xff, 0x80, 0x0, 0x0,
    0x0, 0x0, 0x0, 0x7f, 0xff, 0xff, 0xc1, 0x2,
    0xdf, 0xfd, 0x20, 0x1c, 0xff, 0xff, 0xff, 0x80,
    0x0, 0x0, 0x0, 0x0, 0xa, 0xff, 0xff, 0xfa,
    0x0, 0x4f, 0xff, 0xff, 0xf4, 0x0, 0xaf, 0xff,
    0xff, 0xa0, 0x0, 0x0, 0x0, 0x1, 0xcf, 0xff,
    0xff, 0x70, 0x7, 0xff, 0xff, 0xff, 0xff, 0x70,
    0x7, 0xff, 0xff, 0xfb, 0x10, 0x0, 0x0, 0x3e,
    0xff, 0xff, 0xf4, 0x0, 0x9f, 0xff, 0xff, 0xff,
    0xff, 0xf9, 0x0, 0x4f, 0xff, 0xff, 0xd2, 0x0,
    0x5, 0xff, 0xff, 0xfd, 0x20, 0x1c, 0xff, 0xff,
    0xff, 0xff, 0xff, 0xff, 0xc1, 0x2, 0xdf, 0xff,
    0xff, 0x50, 0x7f, 0xff, 0xff, 0xb1, 0x2, 0xef,
    0xff, 0xff, 0xff, 0xff, 0xff, 0xff, 0xfe, 0x20,
    0x1c, 0xff, 0xff, 0xf7, 0xdf, 0xff, 0xf9, 0x0,
    0x5f, 0xff, 0xff, 0xff, 0xff, 0xff, 0xff, 0xff,
    0xff, 0xf5, 0x0, 0x9f, 0xff, 0xfd, 0x3f, 0xff,
    0x60, 0x7, 0xff, 0xff, 0xff, 0xff, 0xff, 0xff,
    0xff, 0xff, 0xff, 0xff, 0x70, 0x6, 0xff, 0xf3,
    0x6, 0xe4, 0x0, 0xaf, 0xff, 0xff, 0xff, 0xff,
    0xff, 0xff, 0xff, 0xff, 0xff, 0xff, 0xfa, 0x0,
    0x4e, 0x60, 0x0, 0x0, 0x0, 0xff, 0xff, 0xff,
    0xff, 0xff, 0xff, 0xff, 0xff, 0xff, 0xff, 0xff,
    0xff, 0x0, 0x0, 0x0, 0x0, 0x0, 0x0, 0xff,
    0xff, 0xff, 0xff, 0xff, 0xff, 0xff, 0xff, 0xff,
    0xff, 0xff, 0xff, 0x0, 0x0, 0x0, 0x0, 0x0,
    0x0, 0xff, 0xff, 0xff, 0xff, 0xff, 0xff, 0xff,
    0xff, 0xff, 0xff, 0xff, 0xff, 0x0, 0x0, 0x0,
    0x0, 0x0, 0x0, 0xff, 0xff, 0xff, 0xff, 0xf3,
    0x0, 0x0, 0x3f, 0xff, 0xff, 0xff, 0xff, 0x0,
    0x0, 0x0, 0x0, 0x0, 0x0, 0xff, 0xff, 0xff,
    0xff, 0xf0, 0x0, 0x0, 0xf, 0xff, 0xff, 0xff,
    0xff, 0x0, 0x0, 0x0, 0x0, 0x0, 0x0, 0xff,
    0xff, 0xff, 0xff, 0xf0, 0x0, 0x0, 0xf, 0xff,
    0xff, 0xff, 0xff, 0x0, 0x0, 0x0, 0x0, 0x0,
    0x0, 0xff, 0xff, 0xff, 0xff, 0xf0, 0x0, 0x0,
    0xf, 0xff, 0xff, 0xff, 0xff, 0x0, 0x0, 0x0,
    0x0, 0x0, 0x0, 0xff, 0xff, 0xff, 0xff, 0xf0,
    0x0, 0x0, 0xf, 0xff, 0xff, 0xff, 0xff, 0x0,
    0x0, 0x0, 0x0, 0x0, 0x0, 0xff, 0xff, 0xff,
    0xff, 0xf0, 0x0, 0x0, 0xf, 0xff, 0xff, 0xff,
    0xff, 0x0, 0x0, 0x0, 0x0, 0x0, 0x0, 0xff,
    0xff, 0xff, 0xff, 0xf0, 0x0, 0x0, 0xf, 0xff,
    0xff, 0xff, 0xff, 0x0, 0x0, 0x0, 0x0, 0x0,
    0x0, 0xcf, 0xff, 0xff, 0xff, 0xc0, 0x0, 0x0,
    0xc, 0xff, 0xff, 0xff, 0xfc, 0x0, 0x0, 0x0,

    /* U+F019 "" */
    0x0, 0x0, 0x0, 0x0, 0x0, 0x0, 0x8f, 0xff,
    0xff, 0xf8, 0x0, 0x0, 0x0, 0x0, 0x0, 0x0,
    0x0, 0x0, 0x0, 0x0, 0x0, 0x0, 0xff, 0xff,
    0xff, 0xff, 0x0, 0x0, 0x0, 0x0, 0x0, 0x0,
    0x0, 0x0, 0x0, 0x0, 0x0, 0x0, 0xff, 0xff,
    0xff, 0xff, 0x0, 0x0, 0x0, 0x0, 0x0, 0x0,
    0x0, 0x0, 0x0, 0x0, 0x0, 0x0, 0xff, 0xff,
    0xff, 0xff, 0x0, 0x0, 0x0, 0x0, 0x0, 0x0,
    0x0, 0x0, 0x0, 0x0, 0x0, 0x0, 0xff, 0xff,
    0xff, 0xff, 0x0, 0x0, 0x0, 0x0, 0x0, 0x0,
    0x0, 0x0, 0x0, 0x0, 0x0, 0x0, 0xff, 0xff,
    0xff, 0xff, 0x0, 0x0, 0x0, 0x0, 0x0, 0x0,
    0x0, 0x0, 0x0, 0x0, 0x0, 0x0, 0xff, 0xff,
    0xff, 0xff, 0x0, 0x0, 0x0, 0x0, 0x0, 0x0,
    0x0, 0x0, 0x0, 0x0, 0x0, 0x0, 0xff, 0xff,
    0xff, 0xff, 0x0, 0x0, 0x0, 0x0, 0x0, 0x0,
    0x0, 0x0, 0x0, 0x0, 0x0, 0x0, 0xff, 0xff,
    0xff, 0xff, 0x0, 0x0, 0x0, 0x0, 0x0, 0x0,
    0x0, 0x0, 0x0, 0x0, 0x0, 0x0, 0xff, 0xff,
    0xff, 0xff, 0x0, 0x0, 0x0, 0x0, 0x0, 0x0,
    0x0, 0x0, 0x0, 0x0, 0x0, 0x0, 0xff, 0xff,
    0xff, 0xff, 0x0, 0x0, 0x0, 0x0, 0x0, 0x0,
    0x0, 0x0, 0x0, 0x0, 0x0, 0x0, 0xff, 0xff,
    0xff, 0xff, 0x0, 0x0, 0x0, 0x0, 0x0, 0x0,
    0x0, 0x0, 0x6, 0xff, 0xff, 0xff, 0xff, 0xff,
    0xff, 0xff, 0xff, 0xff, 0xff, 0x60, 0x0, 0x0,
    0x0, 0x0, 0xa, 0xff, 0xff, 0xff, 0xff, 0xff,
    0xff, 0xff, 0xff, 0xff, 0xff, 0xa0, 0x0, 0x0,
    0x0, 0x0, 0x1, 0xef, 0xff, 0xff, 0xff, 0xff,
    0xff, 0xff, 0xff, 0xff, 0xfe, 0x10, 0x0, 0x0,
    0x0, 0x0, 0x0, 0x2e, 0xff, 0xff, 0xff, 0xff,
    0xff, 0xff, 0xff, 0xff, 0xe2, 0x0, 0x0, 0x0,
    0x0, 0x0, 0x0, 0x2, 0xef, 0xff, 0xff, 0xff,
    0xff, 0xff, 0xff, 0xfe, 0x20, 0x0, 0x0, 0x0,
    0x0, 0x0, 0x0, 0x0, 0x2e, 0xff, 0xff, 0xff,
    0xff, 0xff, 0xff, 0xe2, 0x0, 0x0, 0x0, 0x0,
    0x0, 0x0, 0x0, 0x0, 0x2, 0xef, 0xff, 0xff,
    0xff, 0xff, 0xfe, 0x20, 0x0, 0x0, 0x0, 0x0,
    0x0, 0x0, 0x0, 0x0, 0x0, 0x2e, 0xff, 0xff,
    0xff, 0xff, 0xe2, 0x0, 0x0, 0x0, 0x0, 0x0,
    0x0, 0x0, 0x0, 0x0, 0x0, 0x2, 0xef, 0xff,
    0xff, 0xfe, 0x20, 0x0, 0x0, 0x0, 0x0, 0x0,
    0x0, 0x0, 0x0, 0x0, 0x0, 0x0, 0x2e, 0xff,
    0xff, 0xe2, 0x0, 0x0, 0x0, 0x0, 0x0, 0x0,
    0x8f, 0xff, 0xff, 0xff, 0xff, 0xf3, 0x2, 0xef,
    0xfe, 0x20, 0x3f, 0xff, 0xff, 0xff, 0xff, 0xf8,
    0xff, 0xff, 0xff, 0xff, 0xff, 0xff, 0x30, 0x2d,
    0xd2, 0x3, 0xff, 0xff, 0xff, 0xff, 0xff, 0xff,
    0xff, 0xff, 0xff, 0xff, 0xff, 0xff, 0xf3, 0x0,
    0x0, 0x3f, 0xff, 0xff, 0xff, 0xff, 0xff, 0xff,
    0xff, 0xff, 0xff, 0xff, 0xff, 0xff, 0xff, 0x61,
    0x16, 0xff, 0xff, 0xff, 0xff, 0xff, 0xff, 0xff,
    0xff, 0xff, 0xff, 0xff, 0xff, 0xff, 0xff, 0xff,
    0xff, 0xff, 0xff, 0xff, 0xff, 0xff, 0xff, 0xff,
    0xff, 0xff, 0xff, 0xff, 0xff, 0xff, 0xff, 0xff,
    0xff, 0xff, 0xff, 0xee, 0xff, 0xee, 0xff, 0xff,
    0xff, 0xff, 0xff, 0xff, 0xff, 0xff, 0xff, 0xff,
    0xff, 0xff, 0xfe, 0x0, 0xee, 0x0, 0xef, 0xff,
    0xff, 0xff, 0xff, 0xff, 0xff, 0xff, 0xff, 0xff,
    0xff, 0xff, 0xfe, 0x0, 0xee, 0x0, 0xef, 0xff,
    0xff, 0xff, 0xff, 0xff, 0xff, 0xff, 0xff, 0xff,
    0xff, 0xff, 0xff, 0xee, 0xff, 0xee, 0xff, 0xff,
    0x8f, 0xff, 0xff, 0xff, 0xff, 0xff, 0xff, 0xff,
    0xff, 0xff, 0xff, 0xff, 0xff, 0xff, 0xff, 0xf8,

    /* U+F01C "" */
    0x0, 0x0, 0x0, 0x2, 0xbf, 0xff, 0xff, 0xff,
    0xff, 0xff, 0xff, 0xff, 0xff, 0xfb, 0x20, 0x0,
    0x0, 0x0, 0x0, 0x0, 0x0, 0x1e, 0xff, 0xff,
    0xff, 0xff, 0xff, 0xff, 0xff, 0xff, 0xff, 0xff,
    0xe1, 0x0, 0x0, 0x0, 0x0, 0x0, 0x0, 0xaf,
    0xff, 0xff, 0xff, 0xff, 0xff, 0xff, 0xff, 0xff,
    0xff, 0xff, 0xfa, 0x0, 0x0, 0x0, 0x0, 0x0,
    0x5, 0xff, 0xff, 0xff, 0xff, 0xff, 0xff, 0xff,
    0xff, 0xff, 0xff, 0xff, 0xff, 0x50, 0x0, 0x0,
    0x0, 0x0, 0x1e, 0xff, 0xfc, 0x0, 0x0, 0x0,
    0x0, 0x0, 0x0, 0x0, 0x0, 0xcf, 0xff, 0xe1,
    0x0, 0x0, 0x0, 0x0, 0xaf, 0xff, 0xf2, 0x0,
    0x0, 0x0, 0x0, 0x0, 0x0, 0x0, 0x0, 0x2f,
    0xff, 0xfa, 0x0, 0x0, 0x0, 0x5, 0xff, 0xff,
    0x70, 0x0, 0x0, 0x0, 0x0, 0x0, 0x0, 0x0,
    0x0, 0x7, 0xff, 0xff, 0x50, 0x0, 0x0, 0x1e,
    0xff, 0xfc, 0x0, 0x0, 0x0, 0x0, 0x0, 0x0,
    0x0, 0x0, 0x0, 0x0, 0xcf, 0xff, 0xe1, 0x0,
    0x0, 0xaf, 0xff, 0xf2, 0x0, 0x0, 0x0, 0x0,
    0x0, 0x0, 0x0, 0x0, 0x0, 0x0, 0x2f, 0xff,
    0xfa, 0x0, 0x5, 0xff, 0xff, 0x70, 0x0, 0x0,
    0x0, 0x0, 0x0, 0x0, 0x0, 0x0, 0x0, 0x0,
    0x7, 0xff, 0xff, 0x50, 0x1e, 0xff, 0xfc, 0x0,
    0x0, 0x0, 0x0, 0x0, 0x0, 0x0, 0x0, 0x0,
    0x0, 0x0, 0x0, 0xcf, 0xff, 0xe1, 0x9f, 0xff,
    0xf2, 0x0, 0x0, 0x0, 0x0, 0x0, 0x0, 0x0,
    0x0, 0x0, 0x0, 0x0, 0x0, 0x2f, 0xff, 0xf9,
    0xff, 0xff, 0xff, 0xff, 0xff, 0xff, 0xc0, 0x0,
    0x0, 0x0, 0x0, 0xc, 0xff, 0xff, 0xff, 0xff,
    0xff, 0xff, 0xff, 0xff, 0xff, 0xff, 0xff, 0xff,
    0xf4, 0x0, 0x0, 0x0, 0x0, 0x4f, 0xff, 0xff,
    0xff, 0xff, 0xff, 0xff, 0xff, 0xff, 0xff, 0xff,
    0xff, 0xff, 0xfc, 0x0, 0x0, 0x0, 0x0, 0xcf,
    0xff, 0xff, 0xff, 0xff, 0xff, 0xff, 0xff, 0xff,
    0xff, 0xff, 0xff, 0xff, 0xff, 0x40, 0x0, 0x0,
    0x4, 0xff, 0xff, 0xff, 0xff, 0xff, 0xff, 0xff,
    0xff, 0xff, 0xff, 0xff, 0xff, 0xff, 0xff, 0xff,
    0xff, 0xff, 0xff, 0xff, 0xff, 0xff, 0xff, 0xff,
    0xff, 0xff, 0xff, 0xff, 0xff, 0xff, 0xff, 0xff,
    0xff, 0xff, 0xff, 0xff, 0xff, 0xff, 0xff, 0xff,
    0xff, 0xff, 0xff, 0xff, 0xff, 0xff, 0xff, 0xff,
    0xff, 0xff, 0xff, 0xff, 0xff, 0xff, 0xff, 0xff,
    0xff, 0xff, 0xff, 0xff, 0xff, 0xff, 0xff, 0xff,
    0xff, 0xff, 0xff, 0xff, 0xff, 0xff, 0xff, 0xff,
    0xff, 0xff, 0xff, 0xff, 0xff, 0xff, 0xff, 0xff,
    0xff, 0xff, 0xff, 0xff, 0xff, 0xff, 0xff, 0xff,
    0xff, 0xff, 0xff, 0xff, 0xff, 0xff, 0xff, 0xff,
    0xff, 0xff, 0xef, 0xff, 0xff, 0xff, 0xff, 0xff,
    0xff, 0xff, 0xff, 0xff, 0xff, 0xff, 0xff, 0xff,
    0xff, 0xff, 0xff, 0xfe, 0x8f, 0xff, 0xff, 0xff,
    0xff, 0xff, 0xff, 0xff, 0xff, 0xff, 0xff, 0xff,
    0xff, 0xff, 0xff, 0xff, 0xff, 0xf8, 0x8, 0xef,
    0xff, 0xff, 0xff, 0xff, 0xff, 0xff, 0xff, 0xff,
    0xff, 0xff, 0xff, 0xff, 0xff, 0xff, 0xfe, 0x80,

    /* U+F021 "" */
    0x0, 0x0, 0x0, 0x0, 0x0, 0x0, 0x14, 0x57,
    0x75, 0x30, 0x0, 0x0, 0x0, 0x4, 0xff, 0xfd,
    0x0, 0x0, 0x0, 0x0, 0x1, 0x7c, 0xff, 0xff,
    0xff, 0xff, 0xa4, 0x0, 0x0, 0x6, 0xff, 0xff,
    0x0, 0x0, 0x0, 0x0, 0x8f, 0xff, 0xff, 0xff,
    0xff, 0xff, 0xff, 0xd5, 0x0, 0x5, 0xff, 0xff,
    0x0, 0x0, 0x0, 0x3d, 0xff, 0xff, 0xff, 0xff,
    0xff, 0xff, 0xff, 0xff, 0xc2, 0x4, 0xff, 0xff,
    0x0, 0x0, 0x5, 0xff, 0xff, 0xff, 0xff, 0xff,
    0xff, 0xff, 0xff, 0xff, 0xff, 0x54, 0xff, 0xff,
    0x0, 0x0, 0x5f, 0xff, 0xff, 0xff, 0xa5, 0x20,
    0x2, 0x6b, 0xff, 0xff, 0xff, 0xf9, 0xff, 0xff,
    0x0, 0x3, 0xff, 0xff, 0xff, 0xa1, 0x0, 0x0,
    0x0, 0x0, 0x2a, 0xff, 0xff, 0xff, 0xff, 0xff,
    0x0, 0xd, 0xff, 0xff, 0xf4, 0x0, 0x0, 0x0,
    0x0, 0x0, 0x0, 0x5f, 0xff, 0xff, 0xff, 0xff,
    0x0, 0x8f, 0xff, 0xfe, 0x30, 0x0, 0x0, 0x0,
    0x0, 0x0, 0x0, 0x2, 0xef, 0xff, 0xff, 0xff,
    0x1, 0xff, 0xff, 0xf4, 0x0, 0x0, 0x0, 0x0,
    0x0, 0x46, 0x54, 0x43, 0x5f, 0xff, 0xff, 0xff,
    0x7, 0xff, 0xff, 0x80, 0x0, 0x0, 0x0, 0x0,
    0x0, 0xff, 0xff, 0xff, 0xff, 0xff, 0xff, 0xff,
    0xc, 0xff, 0xff, 0x10, 0x0, 0x0, 0x0, 0x0,
    0x0, 0xff, 0xff, 0xff, 0xff, 0xff, 0xff, 0xff,
    0x1f, 0xff, 0xf9, 0x0, 0x0, 0x0, 0x0, 0x0,
    0x0, 0xff, 0xff, 0xff, 0xff, 0xff, 0xff, 0xff,
    0x2f, 0xff, 0xf3, 0x0, 0x0, 0x0, 0x0, 0x0,
    0x0, 0xdf, 0xff, 0xff, 0xff, 0xff, 0xff, 0xfd,
    0x0, 0x0, 0x0, 0x0, 0x0, 0x0, 0x0, 0x0,
    0x0, 0x0, 0x0, 0x0, 0x0, 0x0, 0x0, 0x0,
    0x0, 0x0, 0x0, 0x0, 0x0, 0x0, 0x0, 0x0,
    0x0, 0x0, 0x0, 0x0, 0x0, 0x0, 0x0, 0x0,
    0x0, 0x0, 0x0, 0x0, 0x0, 0x0, 0x0, 0x0,
    0x0, 0x0, 0x0, 0x0, 0x0, 0x0, 0x0, 0x0,
    0x0, 0x0, 0x0, 0x0, 0x0, 0x0, 0x0, 0x0,
    0x0, 0x0, 0x0, 0x0, 0x0, 0x0, 0x0, 0x0,
    0xdf, 0xff, 0xff, 0xff, 0xff, 0xff, 0xfd, 0x0,
    0x0, 0x0, 0x0, 0x0, 0x0, 0x3f, 0xff, 0xf1,
    0xff, 0xff, 0xff, 0xff, 0xff, 0xff, 0xff, 0x0,
    0x0, 0x0, 0x0, 0x0, 0x0, 0xaf, 0xff, 0xf0,
    0xff, 0xff, 0xff, 0xff, 0xff, 0xff, 0xff, 0x0,
    0x0, 0x0, 0x0, 0x0, 0x1, 0xff, 0xff, 0xb0,
    0xff, 0xff, 0xff, 0xff, 0xff, 0xff, 0xff, 0x0,
    0x0, 0x0, 0x0, 0x0, 0x9, 0xff, 0xff, 0x70,
    0xff, 0xff, 0xff, 0xf5, 0x34, 0x45, 0x64, 0x0,
    0x0, 0x0, 0x0, 0x0, 0x4f, 0xff, 0xff, 0x0,
    0xff, 0xff, 0xff, 0xfe, 0x20, 0x0, 0x0, 0x0,
    0x0, 0x0, 0x0, 0x3, 0xff, 0xff, 0xf8, 0x0,
    0xff, 0xff, 0xff, 0xff, 0xe4, 0x0, 0x0, 0x0,
    0x0, 0x0, 0x0, 0x5f, 0xff, 0xff, 0xd0, 0x0,
    0xff, 0xff, 0xff, 0xff, 0xff, 0xa2, 0x0, 0x0,
    0x0, 0x0, 0x1a, 0xff, 0xff, 0xff, 0x30, 0x0,
    0xff, 0xff, 0x9f, 0xff, 0xff, 0xff, 0xb6, 0x20,
    0x2, 0x5a, 0xff, 0xff, 0xff, 0xf5, 0x0, 0x0,
    0xff, 0xff, 0x45, 0xff, 0xff, 0xff, 0xff, 0xff,
    0xff, 0xff, 0xff, 0xff, 0xff, 0x50, 0x0, 0x0,
    0xff, 0xff, 0x40, 0x2c, 0xff, 0xff, 0xff, 0xff,
    0xff, 0xff, 0xff, 0xff, 0xd3, 0x0, 0x0, 0x0,
    0xff, 0xff, 0x50, 0x0, 0x5d, 0xff, 0xff, 0xff,
    0xff, 0xff, 0xff, 0xf8, 0x0, 0x0, 0x0, 0x0,
    0xff, 0xff, 0x60, 0x0, 0x0, 0x4a, 0xff, 0xff,
    0xff, 0xff, 0xc7, 0x10, 0x0, 0x0, 0x0, 0x0,
    0xdf, 0xff, 0x40, 0x0, 0x0, 0x0, 0x3, 0x67,
    0x76, 0x41, 0x0, 0x0, 0x0, 0x0, 0x0, 0x0,

    /* U+F026 "" */
    0x0, 0x0, 0x0, 0x0, 0x0, 0x0, 0x0, 0x0,
    0x0, 0x0, 0x0, 0x0, 0x0, 0x0, 0x9, 0xf7,
    0x0, 0x0, 0x0, 0x0, 0x0, 0x0, 0x9f, 0xff,
    0x0, 0x0, 0x0, 0x0, 0x0, 0x9, 0xff, 0xff,
    0x0, 0x0, 0x0, 0x0, 0x0, 0x9f, 0xff, 0xff,
    0x0, 0x0, 0x0, 0x0, 0x9, 0xff, 0xff, 0xff,
    0x0, 0x0, 0x0, 0x0, 0x9f, 0xff, 0xff, 0xff,
    0x8f, 0xff, 0xff, 0xff, 0xff, 0xff, 0xff, 0xff,
    0xff, 0xff, 0xff, 0xff, 0xff, 0xff, 0xff, 0xff,
    0xff, 0xff, 0xff, 0xff, 0xff, 0xff, 0xff, 0xff,
    0xff, 0xff, 0xff, 0xff, 0xff, 0xff, 0xff, 0xff,
    0xff, 0xff, 0xff, 0xff, 0xff, 0xff, 0xff, 0xff,
    0xff, 0xff, 0xff, 0xff, 0xff, 0xff, 0xff, 0xff,
    0xff, 0xff, 0xff, 0xff, 0xff, 0xff, 0xff, 0xff,
    0xff, 0xff, 0xff, 0xff, 0xff, 0xff, 0xff, 0xff,
    0xff, 0xff, 0xff, 0xff, 0xff, 0xff, 0xff, 0xff,
    0xff, 0xff, 0xff, 0xff, 0xff, 0xff, 0xff, 0xff,
    0xff, 0xff, 0xff, 0xff, 0xff, 0xff, 0xff, 0xff,
    0x8f, 0xff, 0xff, 0xff, 0xff, 0xff, 0xff, 0xff,
    0x0, 0x0, 0x0, 0x0, 0x9f, 0xff, 0xff, 0xff,
    0x0, 0x0, 0x0, 0x0, 0x9, 0xff, 0xff, 0xff,
    0x0, 0x0, 0x0, 0x0, 0x0, 0x9f, 0xff, 0xff,
    0x0, 0x0, 0x0, 0x0, 0x0, 0x9, 0xff, 0xff,
    0x0, 0x0, 0x0, 0x0, 0x0, 0x0, 0x9f, 0xff,
    0x0, 0x0, 0x0, 0x0, 0x0, 0x0, 0x9, 0xf7,
    0x0, 0x0, 0x0, 0x0, 0x0, 0x0, 0x0, 0x0,

    /* U+F027 "" */
    0x0, 0x0, 0x0, 0x0, 0x0, 0x0, 0x0, 0x0,
    0x0, 0x0, 0x0, 0x0, 0x0, 0x0, 0x0, 0x0,
    0x0, 0x0, 0x8, 0xe7, 0x0, 0x0, 0x0, 0x0,
    0x0, 0x0, 0x0, 0x0, 0x0, 0x0, 0x9f, 0xff,
    0x0, 0x0, 0x0, 0x0, 0x0, 0x0, 0x0, 0x0,
    0x0, 0x9, 0xff, 0xff, 0x0, 0x0, 0x0, 0x0,
    0x0, 0x0, 0x0, 0x0, 0x0, 0x9f, 0xff, 0xff,
    0x0, 0x0, 0x0, 0x0, 0x0, 0x0, 0x0, 0x0,
    0x9, 0xff, 0xff, 0xff, 0x0, 0x0, 0x0, 0x0,
    0x0, 0x0, 0x0, 0x0, 0x9f, 0xff, 0xff, 0xff,
    0x0, 0x0, 0x0, 0x0, 0x7e, 0xff, 0xff, 0xff,
    0xff, 0xff, 0xff, 0xff, 0x0, 0x0, 0x0, 0x0,
    0xff, 0xff, 0xff, 0xff, 0xff, 0xff, 0xff, 0xff,
    0x0, 0x8, 0xe7, 0x0, 0xff, 0xff, 0xff, 0xff,
    0xff, 0xff, 0xff, 0xff, 0x0, 0xf, 0xff, 0x90,
    0xff, 0xff, 0xff, 0xff, 0xff, 0xff, 0xff, 0xff,
    0x0, 0xa, 0xff, 0xf4, 0xff, 0xff, 0xff, 0xff,
    0xff, 0xff, 0xff, 0xff, 0x0, 0x0, 0x9f, 0xfb,
    0xff, 0xff, 0xff, 0xff, 0xff, 0xff, 0xff, 0xff,
    0x0, 0x0, 0x1f, 0xfe, 0xff, 0xff, 0xff, 0xff,
    0xff, 0xff, 0xff, 0xff, 0x0, 0x0, 0x1f, 0xff,
    0xff, 0xff, 0xff, 0xff, 0xff, 0xff, 0xff, 0xff,
    0x0, 0x0, 0x7f, 0xfc, 0xff, 0xff, 0xff, 0xff,
    0xff, 0xff, 0xff, 0xff, 0x0, 0x8, 0xff, 0xf5,
    0xff, 0xff, 0xff, 0xff, 0xff, 0xff, 0xff, 0xff,
    0x0, 0xf, 0xff, 0xb0, 0xff, 0xff, 0xff, 0xff,
    0xff, 0xff, 0xff, 0xff, 0x0, 0xa, 0xf9, 0x0,
    0x9f, 0xff, 0xff, 0xff, 0xff, 0xff, 0xff, 0xff,
    0x0, 0x0, 0x0, 0x0, 0x0, 0x0, 0x0, 0x0,
    0xaf, 0xff, 0xff, 0xff, 0x0, 0x0, 0x0, 0x0,
    0x0, 0x0, 0x0, 0x0, 0xa, 0xff, 0xff, 0xff,
    0x0, 0x0, 0x0, 0x0, 0x0, 0x0, 0x0, 0x0,
    0x0, 0xaf, 0xff, 0xff, 0x0, 0x0, 0x0, 0x0,
    0x0, 0x0, 0x0, 0x0, 0x0, 0xa, 0xff, 0xff,
    0x0, 0x0, 0x0, 0x0, 0x0, 0x0, 0x0, 0x0,
    0x0, 0x0, 0xaf, 0xff, 0x0, 0x0, 0x0, 0x0,
    0x0, 0x0, 0x0, 0x0, 0x0, 0x0, 0xa, 0xf8,
    0x0, 0x0, 0x0, 0x0, 0x0, 0x0, 0x0, 0x0,
    0x0, 0x0, 0x0, 0x0, 0x0, 0x0, 0x0, 0x0,

    /* U+F028 "" */
    0x0, 0x0, 0x0, 0x0, 0x0, 0x0, 0x0, 0x0,
    0x0, 0x0, 0x0, 0x0, 0x0, 0x0, 0x0, 0x0,
    0x0, 0x0, 0x0, 0x0, 0x0, 0x0, 0x0, 0x0,
    0x0, 0x0, 0x0, 0x0, 0x0, 0x0, 0x0, 0xce,
    0x60, 0x0, 0x0, 0x0, 0x0, 0x0, 0x0, 0x0,
    0x0, 0x0, 0x0, 0x0, 0x0, 0x0, 0x0, 0x0,
    0x4, 0xff, 0xfa, 0x0, 0x0, 0x0, 0x0, 0x0,
    0x0, 0x0, 0x0, 0x0, 0x0, 0x0, 0x0, 0x0,
    0x0, 0x0, 0x0, 0xcf, 0xff, 0xb0, 0x0, 0x0,
    0x0, 0x0, 0x0, 0x0, 0x0, 0x0, 0x9, 0xf7,
    0x0, 0x0, 0x0, 0x0, 0x0, 0x9, 0xff, 0xfb,
    0x0, 0x0, 0x0, 0x0, 0x0, 0x0, 0x0, 0x0,
    0x9f, 0xff, 0x0, 0x0, 0x0, 0x0, 0x0, 0x0,
    0x8f, 0xff, 0x80, 0x0, 0x0, 0x0, 0x0, 0x0,
    0x0, 0x9, 0xff, 0xff, 0x0, 0x0, 0x0, 0x3e,
    0xc2, 0x0, 0x9, 0xff, 0xf3, 0x0, 0x0, 0x0,
    0x0, 0x0, 0x0, 0x9f, 0xff, 0xff, 0x0, 0x0,
    0x0, 0x9f, 0xff, 0x40, 0x0, 0xcf, 0xfc, 0x0,
    0x0, 0x0, 0x0, 0x0, 0x9, 0xff, 0xff, 0xff,
    0x0, 0x0, 0x0, 0x4f, 0xff, 0xf4, 0x0, 0x2f,
    0xff, 0x40, 0x0, 0x0, 0x0, 0x0, 0x9f, 0xff,
    0xff, 0xff, 0x0, 0x0, 0x0, 0x2, 0xdf, 0xfe,
    0x10, 0x9, 0xff, 0xb0, 0x8f, 0xff, 0xff, 0xff,
    0xff, 0xff, 0xff, 0xff, 0x0, 0x0, 0x0, 0x0,
    0x2e, 0xff, 0x90, 0x1, 0xff, 0xf1, 0xff, 0xff,
    0xff, 0xff, 0xff, 0xff, 0xff, 0xff, 0x0, 0x9,
    0xf8, 0x0, 0x4, 0xff, 0xf1, 0x0, 0xcf, 0xf6,
    0xff, 0xff, 0xff, 0xff, 0xff, 0xff, 0xff, 0xff,
    0x0, 0xf, 0xff, 0xa0, 0x0, 0xcf, 0xf7, 0x0,
    0x7f, 0xf9, 0xff, 0xff, 0xff, 0xff, 0xff, 0xff,
    0xff, 0xff, 0x0, 0x9, 0xff, 0xf5, 0x0, 0x6f,
    0xfb, 0x0, 0x3f, 0xfc, 0xff, 0xff, 0xff, 0xff,
    0xff, 0xff, 0xff, 0xff, 0x0, 0x0, 0x8f, 0xfb,
    0x0, 0x2f, 0xfe, 0x0, 0x1f, 0xfe, 0xff, 0xff,
    0xff, 0xff, 0xff, 0xff, 0xff, 0xff, 0x0, 0x0,
    0x1f, 0xfe, 0x0, 0xf, 0xff, 0x0, 0xf, 0xff,
    0xff, 0xff, 0xff, 0xff, 0xff, 0xff, 0xff, 0xff,
    0x0, 0x0, 0x1f, 0xfe, 0x0, 0xf, 0xff, 0x0,
    0xf, 0xff, 0xff, 0xff, 0xff, 0xff, 0xff, 0xff,
    0xff, 0xff, 0x0, 0x0, 0x8f, 0xfb, 0x0, 0x2f,
    0xfe, 0x0, 0x2f, 0xfe, 0xff, 0xff, 0xff, 0xff,
    0xff, 0xff, 0xff, 0xff, 0x0, 0x9, 0xff, 0xf5,
    0x0, 0x6f, 0xfb, 0x0, 0x3f, 0xfc, 0xff, 0xff,
    0xff, 0xff, 0xff, 0xff, 0xff, 0xff, 0x0, 0xf,
    0xff, 0xa0, 0x0, 0xcf, 0xf7, 0x0, 0x7f, 0xf9,
    0xff, 0xff, 0xff, 0xff, 0xff, 0xff, 0xff, 0xff,
    0x0, 0x9, 0xf8, 0x0, 0x4, 0xff, 0xf1, 0x0,
    0xcf, 0xf6, 0x8f, 0xff, 0xff, 0xff, 0xff, 0xff,
    0xff, 0xff, 0x0, 0x0, 0x0, 0x0, 0x2e, 0xff,
    0x90, 0x2, 0xff, 0xf1, 0x0, 0x0, 0x0, 0x0,
    0x9f, 0xff, 0xff, 0xff, 0x0, 0x0, 0x0, 0x2,
    0xdf, 0xfe, 0x10, 0x9, 0xff, 0xb0, 0x0, 0x0,
    0x0, 0x0, 0x9, 0xff, 0xff, 0xff, 0x0, 0x0,
    0x0, 0x4f, 0xff, 0xf4, 0x0, 0x2f, 0xff, 0x40,
    0x0, 0x0, 0x0, 0x0, 0x0, 0x9f, 0xff, 0xff,
    0x0, 0x0, 0x0, 0x9f, 0xff, 0x40, 0x0, 0xcf,
    0xfc, 0x0, 0x0, 0x0, 0x0, 0x0, 0x0, 0x9,
    0xff, 0xff, 0x0, 0x0, 0x0, 0x4e, 0xc2, 0x0,
    0x9, 0xff, 0xf3, 0x0, 0x0, 0x0, 0x0, 0x0,
    0x0, 0x0, 0x9f, 0xff, 0x0, 0x0, 0x0, 0x0,
    0x0, 0x0, 0x8f, 0xff, 0x80, 0x0, 0x0, 0x0,
    0x0, 0x0, 0x0, 0x0, 0x9, 0xf7, 0x0, 0x0,
    0x0, 0x0, 0x0, 0xa, 0xff, 0xfb, 0x0, 0x0,
    0x0, 0x0, 0x0, 0x0, 0x0, 0x0, 0x0, 0x0,
    0x0, 0x0, 0x0, 0x0, 0x0, 0xcf, 0xff, 0xb0,
    0x0, 0x0, 0x0, 0x0, 0x0, 0x0, 0x0, 0x0,
    0x0, 0x0, 0x0, 0x0, 0x0, 0x0, 0x4, 0xff,
    0xfa, 0x0, 0x0, 0x0, 0x0, 0x0, 0x0, 0x0,
    0x0, 0x0, 0x0, 0x0, 0x0, 0x0, 0x0, 0x0,
    0x0, 0xce, 0x60, 0x0, 0x0, 0x0, 0x0, 0x0,
    0x0, 0x0, 0x0, 0x0, 0x0, 0x0, 0x0, 0x0,
    0x0, 0x0, 0x0, 0x0, 0x0, 0x0, 0x0, 0x0,

    /* U+F03E "" */
    0x8, 0xef, 0xff, 0xff, 0xff, 0xff, 0xff, 0xff,
    0xff, 0xff, 0xff, 0xff, 0xff, 0xff, 0xfe, 0x80,
    0x8f, 0xff, 0xff, 0xff, 0xff, 0xff, 0xff, 0xff,
    0xff, 0xff, 0xff, 0xff, 0xff, 0xff, 0xff, 0xf8,
    0xef, 0xff, 0xff, 0xff, 0xff, 0xff, 0xff, 0xff,
    0xff, 0xff, 0xff, 0xff, 0xff, 0xff, 0xff, 0xfe,
    0xff, 0xff, 0xfd, 0x88, 0xdf, 0xff, 0xff, 0xff,
    0xff, 0xff, 0xff, 0xff, 0xff, 0xff, 0xff, 0xff,
    0xff, 0xff, 0x90, 0x0, 0x9, 0xff, 0xff, 0xff,
    0xff, 0xff, 0xff, 0xff, 0xff, 0xff, 0xff, 0xff,
    0xff, 0xfd, 0x0, 0x0, 0x0, 0xdf, 0xff, 0xff,
    0xff, 0xff, 0xff, 0xff, 0xff, 0xff, 0xff, 0xff,
    0xff, 0xf8, 0x0, 0x0, 0x0, 0x8f, 0xff, 0xff,
    0xff, 0xff, 0xff, 0xff, 0xff, 0xff, 0xff, 0xff,
    0xff, 0xf8, 0x0, 0x0, 0x0, 0x8f, 0xff, 0xff,
    0xff, 0xff, 0xf9, 0x9f, 0xff, 0xff, 0xff, 0xff,
    0xff, 0xfd, 0x0, 0x0, 0x0, 0xdf, 0xff, 0xff,
    0xff, 0xff, 0x80, 0x8, 0xff, 0xff, 0xff, 0xff,
    0xff, 0xff, 0x90, 0x0, 0x9, 0xff, 0xff, 0xff,
    0xff, 0xf8, 0x0, 0x0, 0x8f, 0xff, 0xff, 0xff,
    0xff, 0xff, 0xfd, 0x88, 0xdf, 0xff, 0xff, 0xff,
    0xff, 0x80, 0x0, 0x0, 0x8, 0xff, 0xff, 0xff,
    0xff, 0xff, 0xff, 0xff, 0xff, 0xff, 0xff, 0xff,
    0xf8, 0x0, 0x0, 0x0, 0x0, 0x8f, 0xff, 0xff,
    0xff, 0xff, 0xff, 0xff, 0x99, 0xff, 0xff, 0xff,
    0x80, 0x0, 0x0, 0x0, 0x0, 0x8, 0xff, 0xff,
    0xff, 0xff, 0xff, 0xf8, 0x0, 0x8f, 0xff, 0xf8,
    0x0, 0x0, 0x0, 0x0, 0x0, 0x0, 0xff, 0xff,
    0xff, 0xff, 0xff, 0x80, 0x0, 0x8, 0xff, 0x80,
    0x0, 0x0, 0x0, 0x0, 0x0, 0x0, 0xff, 0xff,
    0xff, 0xff, 0xf8, 0x0, 0x0, 0x0, 0x88, 0x0,
    0x0, 0x0, 0x0, 0x0, 0x0, 0x0, 0xff, 0xff,
    0xff, 0xff, 0x80, 0x0, 0x0, 0x0, 0x0, 0x0,
    0x0, 0x0, 0x0, 0x0, 0x0, 0x0, 0xff, 0xff,
    0xff, 0xff, 0x0, 0x0, 0x0, 0x0, 0x0, 0x0,
    0x0, 0x0, 0x0, 0x0, 0x0, 0x0, 0xff, 0xff,
    0xff, 0xff, 0x0, 0x0, 0x0, 0x0, 0x0, 0x0,
    0x0, 0x0, 0x0, 0x0, 0x0, 0x0, 0xff, 0xff,
    0xff, 0xff, 0x0, 0x0, 0x0, 0x0, 0x0, 0x0,
    0x0, 0x0, 0x0, 0x0, 0x0, 0x0, 0xff, 0xff,
    0xff, 0xff, 0xff, 0xff, 0xff, 0xff, 0xff, 0xff,
    0xff, 0xff, 0xff, 0xff, 0xff, 0xff, 0xff, 0xff,
    0xef, 0xff, 0xff, 0xff, 0xff, 0xff, 0xff, 0xff,
    0xff, 0xff, 0xff, 0xff, 0xff, 0xff, 0xff, 0xfe,
    0x8f, 0xff, 0xff, 0xff, 0xff, 0xff, 0xff, 0xff,
    0xff, 0xff, 0xff, 0xff, 0xff, 0xff, 0xff, 0xf8,
    0x8, 0xef, 0xff, 0xff, 0xff, 0xff, 0xff, 0xff,
    0xff, 0xff, 0xff, 0xff, 0xff, 0xff, 0xfe, 0x80,

    /* U+F043 "" */
    0x0, 0x0, 0x0, 0x0, 0x4, 0xee, 0x40, 0x0,
    0x0, 0x0, 0x0, 0x0, 0x0, 0x0, 0x0, 0xd,
    0xff, 0xd0, 0x0, 0x0, 0x0, 0x0, 0x0, 0x0,
    0x0, 0x0, 0x3f, 0xff, 0xf3, 0x0, 0x0, 0x0,
    0x0, 0x0, 0x0, 0x0, 0x0, 0x9f, 0xff, 0xf9,
    0x0, 0x0, 0x0, 0x0, 0x0, 0x0, 0x0, 0x0,
    0xef, 0xff, 0xfe, 0x0, 0x0, 0x0, 0x0, 0x0,
    0x0, 0x0, 0x7, 0xff, 0xff, 0xff, 0x70, 0x0,
    0x0, 0x0, 0x0, 0x0, 0x0, 0xe, 0xff, 0xff,
    0xff, 0xe0, 0x0, 0x0, 0x0, 0x0, 0x0, 0x0,
    0x7f, 0xff, 0xff, 0xff, 0xf7, 0x0, 0x0, 0x0,
    0x0, 0x0, 0x1, 0xef, 0xff, 0xff, 0xff, 0xff,
    0x10, 0x0, 0x0, 0x0, 0x0, 0x9, 0xff, 0xff,
    0xff, 0xff, 0xff, 0xa0, 0x0, 0x0, 0x0, 0x0,
    0x4f, 0xff, 0xff, 0xff, 0xff, 0xff, 0xf4, 0x0,
    0x0, 0x0, 0x1, 0xef, 0xff, 0xff, 0xff, 0xff,
    0xff, 0xfe, 0x10, 0x0, 0x0, 0xb, 0xff, 0xff,
    0xff, 0xff, 0xff, 0xff, 0xff, 0xb0, 0x0, 0x0,
    0x6f, 0xff, 0xff, 0xff, 0xff, 0xff, 0xff, 0xff,
    0xf7, 0x0, 0x1, 0xff, 0xff, 0xff, 0xff, 0xff,
    0xff, 0xff, 0xff, 0xff, 0x10, 0x9, 0xff, 0xff,
    0xff, 0xff, 0xff, 0xff, 0xff, 0xff, 0xff, 0x90,
    0x1f, 0xff, 0xff, 0xff, 0xff, 0xff, 0xff, 0xff,
    0xff, 0xff, 0xf1, 0x7f, 0xff, 0xff, 0xff, 0xff,
    0xff, 0xff, 0xff, 0xff, 0xff, 0xf7, 0xbf, 0xff,
    0xff, 0xff, 0xff, 0xff, 0xff, 0xff, 0xff, 0xff,
    0xfb, 0xef, 0xff, 0xff, 0xff, 0xff, 0xff, 0xff,
    0xff, 0xff, 0xff, 0xfe, 0xff, 0xff, 0x33, 0xff,
    0xff, 0xff, 0xff, 0xff, 0xff, 0xff, 0xff, 0xff,
    0xff, 0x0, 0xff, 0xff, 0xff, 0xff, 0xff, 0xff,
    0xff, 0xff, 0xdf, 0xff, 0x20, 0xcf, 0xff, 0xff,
    0xff, 0xff, 0xff, 0xff, 0xfd, 0xaf, 0xff, 0x70,
    0x4f, 0xff, 0xff, 0xff, 0xff, 0xff, 0xff, 0xfa,
    0x6f, 0xff, 0xe0, 0x8, 0xff, 0xff, 0xff, 0xff,
    0xff, 0xff, 0xf6, 0x1f, 0xff, 0xfb, 0x0, 0x4c,
    0xff, 0xff, 0xff, 0xff, 0xff, 0xf1, 0x7, 0xff,
    0xff, 0xb0, 0x0, 0x3, 0xff, 0xff, 0xff, 0xff,
    0x70, 0x0, 0xcf, 0xff, 0xfe, 0x72, 0x3, 0xff,
    0xff, 0xff, 0xfc, 0x0, 0x0, 0x1e, 0xff, 0xff,
    0xff, 0xff, 0xff, 0xff, 0xff, 0xe1, 0x0, 0x0,
    0x1, 0xcf, 0xff, 0xff, 0xff, 0xff, 0xff, 0xfc,
    0x10, 0x0, 0x0, 0x0, 0x7, 0xff, 0xff, 0xff,
    0xff, 0xff, 0x70, 0x0, 0x0, 0x0, 0x0, 0x0,
    0x16, 0xbd, 0xff, 0xdb, 0x61, 0x0, 0x0, 0x0,

    /* U+F048 "" */
    0x0, 0x0, 0x0, 0x0, 0x0, 0x0, 0x0, 0x0,
    0x0, 0x0, 0xdf, 0xff, 0x50, 0x0, 0x0, 0x0,
    0x0, 0x0, 0x5e, 0xe5, 0xff, 0xff, 0x80, 0x0,
    0x0, 0x0, 0x0, 0x6, 0xff, 0xfe, 0xff, 0xff,
    0x80, 0x0, 0x0, 0x0, 0x0, 0x7f, 0xff, 0xff,
    0xff, 0xff, 0x80, 0x0, 0x0, 0x0, 0x8, 0xff,
    0xff, 0xff, 0xff, 0xff, 0x80, 0x0, 0x0, 0x0,
    0xaf, 0xff, 0xff, 0xff, 0xff, 0xff, 0x80, 0x0,
    0x0, 0xb, 0xff, 0xff, 0xff, 0xff, 0xff, 0xff,
    0x80, 0x0, 0x0, 0xcf, 0xff, 0xff, 0xff, 0xff,
    0xff, 0xff, 0x80, 0x0, 0x1c, 0xff, 0xff, 0xff,
    0xff, 0xff, 0xff, 0xff, 0x80, 0x2, 0xdf, 0xff,
    0xff, 0xff, 0xff, 0xff, 0xff, 0xff, 0x80, 0x2e,
    0xff, 0xff, 0xff, 0xff, 0xff, 0xff, 0xff, 0xff,
    0x83, 0xef, 0xff, 0xff, 0xff, 0xff, 0xff, 0xff,
    0xff, 0xff, 0xbf, 0xff, 0xff, 0xff, 0xff, 0xff,
    0xff, 0xff, 0xff, 0xff, 0xff, 0xff, 0xff, 0xff,
    0xff, 0xff, 0xff, 0xff, 0xff, 0xff, 0xff, 0xff,
    0xff, 0xff, 0xff, 0xff, 0xff, 0xff, 0xff, 0xff,
    0xff, 0xff, 0xff, 0xff, 0xff, 0xff, 0xff, 0xff,
    0xff, 0xff, 0xff, 0xff, 0xff, 0xff, 0xff, 0xff,
    0xff, 0xff, 0xff, 0xff, 0xcf, 0xff, 0xff, 0xff,
    0xff, 0xff, 0xff, 0xff, 0xff, 0xff, 0x84, 0xff,
    0xff, 0xff, 0xff, 0xff, 0xff, 0xff, 0xff, 0xff,
    0x80, 0x3e, 0xff, 0xff, 0xff, 0xff, 0xff, 0xff,
    0xff, 0xff, 0x80, 0x2, 0xef, 0xff, 0xff, 0xff,
    0xff, 0xff, 0xff, 0xff, 0x80, 0x0, 0x1d, 0xff,
    0xff, 0xff, 0xff, 0xff, 0xff, 0xff, 0x80, 0x0,
    0x1, 0xcf, 0xff, 0xff, 0xff, 0xff, 0xff, 0xff,
    0x80, 0x0, 0x0, 0xb, 0xff, 0xff, 0xff, 0xff,
    0xff, 0xff, 0x80, 0x0, 0x0, 0x0, 0xaf, 0xff,
    0xff, 0xff, 0xff, 0xff, 0x80, 0x0, 0x0, 0x0,
    0x9, 0xff, 0xff, 0xff, 0xff, 0xff, 0x80, 0x0,
    0x0, 0x0, 0x0, 0x8f, 0xff, 0xff, 0xff, 0xff,
    0x80, 0x0, 0x0, 0x0, 0x0, 0x6, 0xff, 0xfe,
    0xdf, 0xff, 0x50, 0x0, 0x0, 0x0, 0x0, 0x0,
    0x5e, 0xe5, 0x0, 0x0, 0x0, 0x0, 0x0, 0x0,
    0x0, 0x0, 0x0, 0x0,

    /* U+F04B "" */
    0x0, 0x0, 0x0, 0x0, 0x0, 0x0, 0x0, 0x0,
    0x0, 0x0, 0x0, 0x0, 0x0, 0x0, 0x9, 0xef,
    0x80, 0x0, 0x0, 0x0, 0x0, 0x0, 0x0, 0x0,
    0x0, 0x0, 0x0, 0x0, 0x9f, 0xff, 0xfe, 0x60,
    0x0, 0x0, 0x0, 0x0, 0x0, 0x0, 0x0, 0x0,
    0x0, 0x0, 0xff, 0xff, 0xff, 0xfc, 0x30, 0x0,
    0x0, 0x0, 0x0, 0x0, 0x0, 0x0, 0x0, 0x0,
    0xff, 0xff, 0xff, 0xff, 0xf9, 0x10, 0x0, 0x0,
    0x0, 0x0, 0x0, 0x0, 0x0, 0x0, 0xff, 0xff,
    0xff, 0xff, 0xff, 0xe6, 0x0, 0x0, 0x0, 0x0,
    0x0, 0x0, 0x0, 0x0, 0xff, 0xff, 0xff, 0xff,
    0xff, 0xff, 0xd3, 0x0, 0x0, 0x0, 0x0, 0x0,
    0x0, 0x0, 0xff, 0xff, 0xff, 0xff, 0xff, 0xff,
    0xff, 0xa1, 0x0, 0x0, 0x0, 0x0, 0x0, 0x0,
    0xff, 0xff, 0xff, 0xff, 0xff, 0xff, 0xff, 0xff,
    0x70, 0x0, 0x0, 0x0, 0x0, 0x0, 0xff, 0xff,
    0xff, 0xff, 0xff, 0xff, 0xff, 0xff, 0xfd, 0x40,
    0x0, 0x0, 0x0, 0x0, 0xff, 0xff, 0xff, 0xff,
    0xff, 0xff, 0xff, 0xff, 0xff, 0xfb, 0x20, 0x0,
    0x0, 0x0, 0xff, 0xff, 0xff, 0xff, 0xff, 0xff,
    0xff, 0xff, 0xff, 0xff, 0xf8, 0x0, 0x0, 0x0,
    0xff, 0xff, 0xff, 0xff, 0xff, 0xff, 0xff, 0xff,
    0xff, 0xff, 0xff, 0xe5, 0x0, 0x0, 0xff, 0xff,
    0xff, 0xff, 0xff, 0xff, 0xff, 0xff, 0xff, 0xff,
    0xff, 0xff, 0xb2, 0x0, 0xff, 0xff, 0xff, 0xff,
    0xff, 0xff, 0xff, 0xff, 0xff, 0xff, 0xff, 0xff,
    0xff, 0x80, 0xff, 0xff, 0xff, 0xff, 0xff, 0xff,
    0xff, 0xff, 0xff, 0xff, 0xff, 0xff, 0xff, 0xf9,
    0xff, 0xff, 0xff, 0xff, 0xff, 0xff, 0xff, 0xff,
    0xff, 0xff, 0xff, 0xff, 0xff, 0xfe, 0xff, 0xff,
    0xff, 0xff, 0xff, 0xff, 0xff, 0xff, 0xff, 0xff,
    0xff, 0xff, 0xff, 0xfe, 0xff, 0xff, 0xff, 0xff,
    0xff, 0xff, 0xff, 0xff, 0xff, 0xff, 0xff, 0xff,
    0xff, 0xf9, 0xff, 0xff, 0xff, 0xff, 0xff, 0xff,
    0xff, 0xff, 0xff, 0xff, 0xff, 0xff, 0xff, 0x80,
    0xff, 0xff, 0xff, 0xff, 0xff, 0xff, 0xff, 0xff,
    0xff, 0xff, 0xff, 0xff, 0xb2, 0x0, 0xff, 0xff,
    0xff, 0xff, 0xff, 0xff, 0xff, 0xff, 0xff, 0xff,
    0xff, 0xe5, 0x0, 0x0, 0xff, 0xff, 0xff, 0xff,
    0xff, 0xff, 0xff, 0xff, 0xff, 0xff, 0xf8, 0x0,
    0x0, 0x0, 0xff, 0xff, 0xff, 0xff, 0xff, 0xff,
    0xff, 0xff, 0xff, 0xfb, 0x20, 0x0, 0x0, 0x0,
    0xff, 0xff, 0xff, 0xff, 0xff, 0xff, 0xff, 0xff,
    0xfd, 0x40, 0x0, 0x0, 0x0, 0x0, 0xff, 0xff,
    0xff, 0xff, 0xff, 0xff, 0xff, 0xff, 0x70, 0x0,
    0x0, 0x0, 0x0, 0x0, 0xff, 0xff, 0xff, 0xff,
    0xff, 0xff, 0xff, 0xa1, 0x0, 0x0, 0x0, 0x0,
    0x0, 0x0, 0xff, 0xff, 0xff, 0xff, 0xff, 0xff,
    0xd3, 0x0, 0x0, 0x0, 0x0, 0x0, 0x0, 0x0,
    0xff, 0xff, 0xff, 0xff, 0xff, 0xe6, 0x0, 0x0,
    0x0, 0x0, 0x0, 0x0, 0x0, 0x0, 0xff, 0xff,
    0xff, 0xff, 0xf9, 0x10, 0x0, 0x0, 0x0, 0x0,
    0x0, 0x0, 0x0, 0x0, 0xff, 0xff, 0xff, 0xfc,
    0x30, 0x0, 0x0, 0x0, 0x0, 0x0, 0x0, 0x0,
    0x0, 0x0, 0x9f, 0xff, 0xfe, 0x60, 0x0, 0x0,
    0x0, 0x0, 0x0, 0x0, 0x0, 0x0, 0x0, 0x0,
    0x8, 0xee, 0x80, 0x0, 0x0, 0x0, 0x0, 0x0,
    0x0, 0x0, 0x0, 0x0, 0x0, 0x0, 0x0, 0x0,
    0x0, 0x0, 0x0, 0x0, 0x0, 0x0, 0x0, 0x0,
    0x0, 0x0, 0x0, 0x0,

    /* U+F04C "" */
    0x0, 0x0, 0x0, 0x0, 0x0, 0x0, 0x0, 0x0,
    0x0, 0x0, 0x0, 0x0, 0x0, 0x0, 0x9, 0xff,
    0xff, 0xff, 0xff, 0x90, 0x0, 0x0, 0x9, 0xff,
    0xff, 0xff, 0xff, 0x90, 0x9f, 0xff, 0xff, 0xff,
    0xff, 0xf9, 0x0, 0x0, 0x9f, 0xff, 0xff, 0xff,
    0xff, 0xf9, 0xef, 0xff, 0xff, 0xff, 0xff, 0xfe,
    0x0, 0x0, 0xef, 0xff, 0xff, 0xff, 0xff, 0xfe,
    0xff, 0xff, 0xff, 0xff, 0xff, 0xff, 0x0, 0x0,
    0xff, 0xff, 0xff, 0xff, 0xff, 0xff, 0xff, 0xff,
    0xff, 0xff, 0xff, 0xff, 0x0, 0x0, 0xff, 0xff,
    0xff, 0xff, 0xff, 0xff, 0xff, 0xff, 0xff, 0xff,
    0xff, 0xff, 0x0, 0x0, 0xff, 0xff, 0xff, 0xff,
    0xff, 0xff, 0xff, 0xff, 0xff, 0xff, 0xff, 0xff,
    0x0, 0x0, 0xff, 0xff, 0xff, 0xff, 0xff, 0xff,
    0xff, 0xff, 0xff, 0xff, 0xff, 0xff, 0x0, 0x0,
    0xff, 0xff, 0xff, 0xff, 0xff, 0xff, 0xff, 0xff,
    0xff, 0xff, 0xff, 0xff, 0x0, 0x0, 0xff, 0xff,
    0xff, 0xff, 0xff, 0xff, 0xff, 0xff, 0xff, 0xff,
    0xff, 0xff, 0x0, 0x0, 0xff, 0xff, 0xff, 0xff,
    0xff, 0xff, 0xff, 0xff, 0xff, 0xff, 0xff, 0xff,
    0x0, 0x0, 0xff, 0xff, 0xff, 0xff, 0xff, 0xff,
    0xff, 0xff, 0xff, 0xff, 0xff, 0xff, 0x0, 0x0,
    0xff, 0xff, 0xff, 0xff, 0xff, 0xff, 0xff, 0xff,
    0xff, 0xff, 0xff, 0xff, 0x0, 0x0, 0xff, 0xff,
    0xff, 0xff, 0xff, 0xff, 0xff, 0xff, 0xff, 0xff,
    0xff, 0xff, 0x0, 0x0, 0xff, 0xff, 0xff, 0xff,
    0xff, 0xff, 0xff, 0xff, 0xff, 0xff, 0xff, 0xff,
    0x0, 0x0, 0xff, 0xff, 0xff, 0xff, 0xff, 0xff,
    0xff, 0xff, 0xff, 0xff, 0xff, 0xff, 0x0, 0x0,
    0xff, 0xff, 0xff, 0xff, 0xff, 0xff, 0xff, 0xff,
    0xff, 0xff, 0xff, 0xff, 0x0, 0x0, 0xff, 0xff,
    0xff, 0xff, 0xff, 0xff, 0xff, 0xff, 0xff, 0xff,
    0xff, 0xff, 0x0, 0x0, 0xff, 0xff, 0xff, 0xff,
    0xff, 0xff, 0xff, 0xff, 0xff, 0xff, 0xff, 0xff,
    0x0, 0x0, 0xff, 0xff, 0xff, 0xff, 0xff, 0xff,
    0xff, 0xff, 0xff, 0xff, 0xff, 0xff, 0x0, 0x0,
    0xff, 0xff, 0xff, 0xff, 0xff, 0xff, 0xff, 0xff,
    0xff, 0xff, 0xff, 0xff, 0x0, 0x0, 0xff, 0xff,
    0xff, 0xff, 0xff, 0xff, 0xff, 0xff, 0xff, 0xff,
    0xff, 0xff, 0x0, 0x0, 0xff, 0xff, 0xff, 0xff,
    0xff, 0xff, 0xff, 0xff, 0xff, 0xff, 0xff, 0xff,
    0x0, 0x0, 0xff, 0xff, 0xff, 0xff, 0xff, 0xff,
    0xff, 0xff, 0xff, 0xff, 0xff, 0xff, 0x0, 0x0,
    0xff, 0xff, 0xff, 0xff, 0xff, 0xff, 0xff, 0xff,
    0xff, 0xff, 0xff, 0xff, 0x0, 0x0, 0xff, 0xff,
    0xff, 0xff, 0xff, 0xff, 0xef, 0xff, 0xff, 0xff,
    0xff, 0xfe, 0x0, 0x0, 0xef, 0xff, 0xff, 0xff,
    0xff, 0xfe, 0x8f, 0xff, 0xff, 0xff, 0xff, 0xf8,
    0x0, 0x0, 0x8f, 0xff, 0xff, 0xff, 0xff, 0xf8,
    0x7, 0xdf, 0xff, 0xff, 0xfd, 0x70, 0x0, 0x0,
    0x7, 0xdf, 0xff, 0xff, 0xfd, 0x70,

    /* U+F04D "" */
    0x8, 0xef, 0xff, 0xff, 0xff, 0xff, 0xff, 0xff,
    0xff, 0xff, 0xff, 0xff, 0xfe, 0x80, 0x8f, 0xff,
    0xff, 0xff, 0xff, 0xff, 0xff, 0xff, 0xff, 0xff,
    0xff, 0xff, 0xff, 0xf8, 0xef, 0xff, 0xff, 0xff,
    0xff, 0xff, 0xff, 0xff, 0xff, 0xff, 0xff, 0xff,
    0xff, 0xfe, 0xff, 0xff, 0xff, 0xff, 0xff, 0xff,
    0xff, 0xff, 0xff, 0xff, 0xff, 0xff, 0xff, 0xff,
    0xff, 0xff, 0xff, 0xff, 0xff, 0xff, 0xff, 0xff,
    0xff, 0xff, 0xff, 0xff, 0xff, 0xff, 0xff, 0xff,
    0xff, 0xff, 0xff, 0xff, 0xff, 0xff, 0xff, 0xff,
    0xff, 0xff, 0xff, 0xff, 0xff, 0xff, 0xff, 0xff,
    0xff, 0xff, 0xff, 0xff, 0xff, 0xff, 0xff, 0xff,
    0xff, 0xff, 0xff, 0xff, 0xff, 0xff, 0xff, 0xff,
    0xff, 0xff, 0xff, 0xff, 0xff, 0xff, 0xff, 0xff,
    0xff, 0xff, 0xff, 0xff, 0xff, 0xff, 0xff, 0xff,
    0xff, 0xff, 0xff, 0xff, 0xff, 0xff, 0xff, 0xff,
    0xff, 0xff, 0xff, 0xff, 0xff, 0xff, 0xff, 0xff,
    0xff, 0xff, 0xff, 0xff, 0xff, 0xff, 0xff, 0xff,
    0xff, 0xff, 0xff, 0xff, 0xff, 0xff, 0xff, 0xff,
    0xff, 0xff, 0xff, 0xff, 0xff, 0xff, 0xff, 0xff,
    0xff, 0xff, 0xff, 0xff, 0xff, 0xff, 0xff, 0xff,
    0xff, 0xff, 0xff, 0xff, 0xff, 0xff, 0xff, 0xff,
    0xff, 0xff, 0xff, 0xff, 0xff, 0xff, 0xff, 0xff,
    0xff, 0xff, 0xff, 0xff, 0xff, 0xff, 0xff, 0xff,
    0xff, 0xff, 0xff, 0xff, 0xff, 0xff, 0xff, 0xff,
    0xff, 0xff, 0xff, 0xff, 0xff, 0xff, 0xff, 0xff,
    0xff, 0xff, 0xff, 0xff, 0xff, 0xff, 0xff, 0xff,
    0xff, 0xff, 0xff, 0xff, 0xff, 0xff, 0xff, 0xff,
    0xff, 0xff, 0xff, 0xff, 0xff, 0xff, 0xff, 0xff,
    0xff, 0xff, 0xff, 0xff, 0xff, 0xff, 0xff, 0xff,
    0xff, 0xff, 0xff, 0xff, 0xff, 0xff, 0xff, 0xff,
    0xff, 0xff, 0xff, 0xff, 0xff, 0xff, 0xff, 0xff,
    0xff, 0xff, 0xff, 0xff, 0xff, 0xff, 0xff, 0xff,
    0xff, 0xff, 0xff, 0xff, 0xff, 0xff, 0xff, 0xff,
    0xff, 0xff, 0xff, 0xff, 0xff, 0xff, 0xff, 0xff,
    0xff, 0xff, 0xff, 0xff, 0xff, 0xff, 0xff, 0xff,
    0xff, 0xff, 0xff, 0xff, 0xff, 0xff, 0xff, 0xff,
    0xff, 0xff, 0xff, 0xff, 0xff, 0xff, 0xff, 0xff,
    0xff, 0xff, 0xff, 0xff, 0xff, 0xff, 0xff, 0xff,
    0xff, 0xff, 0xff, 0xff, 0xff, 0xff, 0xff, 0xff,
    0xff, 0xff, 0xff, 0xff, 0xff, 0xff, 0xff, 0xff,
    0xff, 0xff, 0xff, 0xff, 0xff, 0xff, 0xff, 0xff,
    0xff, 0xff, 0xff, 0xff, 0xff, 0xff, 0xff, 0xff,
    0xff, 0xff, 0xff, 0xff, 0xff, 0xff, 0xef, 0xff,
    0xff, 0xff, 0xff, 0xff, 0xff, 0xff, 0xff, 0xff,
    0xff, 0xff, 0xff, 0xfe, 0x8f, 0xff, 0xff, 0xff,
    0xff, 0xff, 0xff, 0xff, 0xff, 0xff, 0xff, 0xff,
    0xff, 0xf8, 0x8, 0xef, 0xff, 0xff, 0xff, 0xff,
    0xff, 0xff, 0xff, 0xff, 0xff, 0xff, 0xfe, 0x80,

    /* U+F051 "" */
    0x0, 0x0, 0x0, 0x0, 0x0, 0x0, 0x0, 0x0,
    0x0, 0x0, 0x5e, 0xe5, 0x0, 0x0, 0x0, 0x0,
    0x0, 0x5, 0xff, 0xfd, 0xef, 0xff, 0x60, 0x0,
    0x0, 0x0, 0x0, 0x8, 0xff, 0xff, 0xff, 0xff,
    0xf7, 0x0, 0x0, 0x0, 0x0, 0x8, 0xff, 0xff,
    0xff, 0xff, 0xff, 0x90, 0x0, 0x0, 0x0, 0x8,
    0xff, 0xff, 0xff, 0xff, 0xff, 0xfa, 0x0, 0x0,
    0x0, 0x8, 0xff, 0xff, 0xff, 0xff, 0xff, 0xff,
    0xb0, 0x0, 0x0, 0x8, 0xff, 0xff, 0xff, 0xff,
    0xff, 0xff, 0xfc, 0x10, 0x0, 0x8, 0xff, 0xff,
    0xff, 0xff, 0xff, 0xff, 0xff, 0xd1, 0x0, 0x8,
    0xff, 0xff, 0xff, 0xff, 0xff, 0xff, 0xff, 0xfe,
    0x20, 0x8, 0xff, 0xff, 0xff, 0xff, 0xff, 0xff,
    0xff, 0xff, 0xe3, 0x8, 0xff, 0xff, 0xff, 0xff,
    0xff, 0xff, 0xff, 0xff, 0xff, 0x48, 0xff, 0xff,
    0xff, 0xff, 0xff, 0xff, 0xff, 0xff, 0xff, 0xfc,
    0xff, 0xff, 0xff, 0xff, 0xff, 0xff, 0xff, 0xff,
    0xff, 0xff, 0xff, 0xff, 0xff, 0xff, 0xff, 0xff,
    0xff, 0xff, 0xff, 0xff, 0xff, 0xff, 0xff, 0xff,
    0xff, 0xff, 0xff, 0xff, 0xff, 0xff, 0xff, 0xff,
    0xff, 0xff, 0xff, 0xff, 0xff, 0xff, 0xff, 0xff,
    0xff, 0xff, 0xff, 0xff, 0xff, 0xff, 0xff, 0xff,
    0xff, 0xfb, 0xff, 0xff, 0xff, 0xff, 0xff, 0xff,
    0xff, 0xff, 0xfe, 0x38, 0xff, 0xff, 0xff, 0xff,
    0xff, 0xff, 0xff, 0xff, 0xe2, 0x8, 0xff, 0xff,
    0xff, 0xff, 0xff, 0xff, 0xff, 0xfd, 0x10, 0x8,
    0xff, 0xff, 0xff, 0xff, 0xff, 0xff, 0xff, 0xc1,
    0x0, 0x8, 0xff, 0xff, 0xff, 0xff, 0xff, 0xff,
    0xfc, 0x0, 0x0, 0x8, 0xff, 0xff, 0xff, 0xff,
    0xff, 0xff, 0xb0, 0x0, 0x0, 0x8, 0xff, 0xff,
    0xff, 0xff, 0xff, 0xfa, 0x0, 0x0, 0x0, 0x8,
    0xff, 0xff, 0xff, 0xff, 0xff, 0x80, 0x0, 0x0,
    0x0, 0x8, 0xff, 0xff, 0xff, 0xff, 0xf7, 0x0,
    0x0, 0x0, 0x0, 0x8, 0xff, 0xff, 0xef, 0xff,
    0x60, 0x0, 0x0, 0x0, 0x0, 0x8, 0xff, 0xff,
    0x5e, 0xe5, 0x0, 0x0, 0x0, 0x0, 0x0, 0x5,
    0xff, 0xfd, 0x0, 0x0, 0x0, 0x0, 0x0, 0x0,
    0x0, 0x0, 0x0, 0x0,

    /* U+F052 "" */
    0x0, 0x0, 0x0, 0x0, 0x0, 0x0, 0x8, 0xee,
    0x80, 0x0, 0x0, 0x0, 0x0, 0x0, 0x0, 0x0,
    0x0, 0x0, 0x0, 0x0, 0x0, 0xaf, 0xff, 0xfa,
    0x0, 0x0, 0x0, 0x0, 0x0, 0x0, 0x0, 0x0,
    0x0, 0x0, 0x0, 0x9, 0xff, 0xff, 0xff, 0x80,
    0x0, 0x0, 0x0, 0x0, 0x0, 0x0, 0x0, 0x0,
    0x0, 0x0, 0x7f, 0xff, 0xff, 0xff, 0xf7, 0x0,
    0x0, 0x0, 0x0, 0x0, 0x0, 0x0, 0x0, 0x0,
    0x6, 0xff, 0xff, 0xff, 0xff, 0xff, 0x60, 0x0,
    0x0, 0x0, 0x0, 0x0, 0x0, 0x0, 0x0, 0x5f,
    0xff, 0xff, 0xff, 0xff, 0xff, 0xf5, 0x0, 0x0,
    0x0, 0x0, 0x0, 0x0, 0x0, 0x4, 0xff, 0xff,
    0xff, 0xff, 0xff, 0xff, 0xff, 0x40, 0x0, 0x0,
    0x0, 0x0, 0x0, 0x0, 0x3f, 0xff, 0xff, 0xff,
    0xff, 0xff, 0xff, 0xff, 0xf3, 0x0, 0x0, 0x0,
    0x0, 0x0, 0x2, 0xef, 0xff, 0xff, 0xff, 0xff,
    0xff, 0xff, 0xff, 0xfe, 0x20, 0x0, 0x0, 0x0,
    0x0, 0x1e, 0xff, 0xff, 0xff, 0xff, 0xff, 0xff,
    0xff, 0xff, 0xff, 0xd1, 0x0, 0x0, 0x0, 0x1,
    0xdf, 0xff, 0xff, 0xff, 0xff, 0xff, 0xff, 0xff,
    0xff, 0xff, 0xfd, 0x10, 0x0, 0x0, 0xc, 0xff,
    0xff, 0xff, 0xff, 0xff, 0xff, 0xff, 0xff, 0xff,
    0xff, 0xff, 0xc0, 0x0, 0x0, 0xbf, 0xff, 0xff,
    0xff, 0xff, 0xff, 0xff, 0xff, 0xff, 0xff, 0xff,
    0xff, 0xfb, 0x0, 0x8, 0xff, 0xff, 0xff, 0xff,
    0xff, 0xff, 0xff, 0xff, 0xff, 0xff, 0xff, 0xff,
    0xff, 0x80, 0xe, 0xff, 0xff, 0xff, 0xff, 0xff,
    0xff, 0xff, 0xff, 0xff, 0xff, 0xff, 0xff, 0xff,
    0xe0, 0xe, 0xff, 0xff, 0xff, 0xff, 0xff, 0xff,
    0xff, 0xff, 0xff, 0xff, 0xff, 0xff, 0xff, 0xe0,
    0x8, 0xff, 0xff, 0xff, 0xff, 0xff, 0xff, 0xff,
    0xff, 0xff, 0xff, 0xff, 0xff, 0xff, 0x80, 0x0,
    0x9f, 0xff, 0xff, 0xff, 0xff, 0xff, 0xff, 0xff,
    0xff, 0xff, 0xff, 0xff, 0xe9, 0x0, 0x0, 0x0,
    0x0, 0x0, 0x0, 0x0, 0x0, 0x0, 0x0, 0x0,
    0x0, 0x0, 0x0, 0x0, 0x0, 0x0, 0x0, 0x0,
    0x0, 0x0, 0x0, 0x0, 0x0, 0x0, 0x0, 0x0,
    0x0, 0x0, 0x0, 0x0, 0x4, 0xef, 0xff, 0xff,
    0xff, 0xff, 0xff, 0xff, 0xff, 0xff, 0xff, 0xff,
    0xff, 0xfe, 0x40, 0xe, 0xff, 0xff, 0xff, 0xff,
    0xff, 0xff, 0xff, 0xff, 0xff, 0xff, 0xff, 0xff,
    0xff, 0xe0, 0xf, 0xff, 0xff, 0xff, 0xff, 0xff,
    0xff, 0xff, 0xff, 0xff, 0xff, 0xff, 0xff, 0xff,
    0xf0, 0xf, 0xff, 0xff, 0xff, 0xff, 0xff, 0xff,
    0xff, 0xff, 0xff, 0xff, 0xff, 0xff, 0xff, 0xf0,
    0xf, 0xff, 0xff, 0xff, 0xff, 0xff, 0xff, 0xff,
    0xff, 0xff, 0xff, 0xff, 0xff, 0xff, 0xf0, 0xf,
    0xff, 0xff, 0xff, 0xff, 0xff, 0xff, 0xff, 0xff,
    0xff, 0xff, 0xff, 0xff, 0xff, 0xf0, 0xe, 0xff,
    0xff, 0xff, 0xff, 0xff, 0xff, 0xff, 0xff, 0xff,
    0xff, 0xff, 0xff, 0xff, 0xe0, 0x4, 0xef, 0xff,
    0xff, 0xff, 0xff, 0xff, 0xff, 0xff, 0xff, 0xff,
    0xff, 0xff, 0xfe, 0x40,

    /* U+F053 "" */
    0x0, 0x0, 0x0, 0x0, 0x0, 0x0, 0x2, 0x50,
    0x0, 0x0, 0x0, 0x0, 0x0, 0x0, 0x0, 0x3f,
    0xfd, 0x10, 0x0, 0x0, 0x0, 0x0, 0x0, 0x3,
    0xff, 0xff, 0xd0, 0x0, 0x0, 0x0, 0x0, 0x0,
    0x3f, 0xff, 0xff, 0xf3, 0x0, 0x0, 0x0, 0x0,
    0x3, 0xff, 0xff, 0xff, 0xd0, 0x0, 0x0, 0x0,
    0x0, 0x3f, 0xff, 0xff, 0xfd, 0x10, 0x0, 0x0,
    0x0, 0x3, 0xff, 0xff, 0xff, 0xd1, 0x0, 0x0,
    0x0, 0x0, 0x3f, 0xff, 0xff, 0xfd, 0x10, 0x0,
    0x0, 0x0, 0x3, 0xff, 0xff, 0xff, 0xd1, 0x0,
    0x0, 0x0, 0x0, 0x3f, 0xff, 0xff, 0xfd, 0x10,
    0x0, 0x0, 0x0, 0x3, 0xff, 0xff, 0xff, 0xd1,
    0x0, 0x0, 0x0, 0x0, 0x3f, 0xff, 0xff, 0xfd,
    0x10, 0x0, 0x0, 0x0, 0x3, 0xff, 0xff, 0xff,
    0xd1, 0x0, 0x0, 0x0, 0x0, 0x1e, 0xff, 0xff,
    0xfd, 0x10, 0x0, 0x0, 0x0, 0x0, 0x3f, 0xff,
    0xff, 0xf8, 0x0, 0x0, 0x0, 0x0, 0x0, 0x9,
    0xff, 0xff, 0xff, 0x70, 0x0, 0x0, 0x0, 0x0,
    0x0, 0x9f, 0xff, 0xff, 0xf7, 0x0, 0x0, 0x0,
    0x0, 0x0, 0x9, 0xff, 0xff, 0xff, 0x70, 0x0,
    0x0, 0x0, 0x0, 0x0, 0x9f, 0xff, 0xff, 0xf7,
    0x0, 0x0, 0x0, 0x0, 0x0, 0x9, 0xff, 0xff,
    0xff, 0x70, 0x0, 0x0, 0x0, 0x0, 0x0, 0x9f,
    0xff, 0xff, 0xf7, 0x0, 0x0, 0x0, 0x0, 0x0,
    0x9, 0xff, 0xff, 0xff, 0x70, 0x0, 0x0, 0x0,
    0x0, 0x0, 0x9f, 0xff, 0xff, 0xf7, 0x0, 0x0,
    0x0, 0x0, 0x0, 0x9, 0xff, 0xff, 0xff, 0x70,
    0x0, 0x0, 0x0, 0x0, 0x0, 0x9f, 0xff, 0xff,
    0xf2, 0x0, 0x0, 0x0, 0x0, 0x0, 0x9, 0xff,
    0xff, 0xf2, 0x0, 0x0, 0x0, 0x0, 0x0, 0x0,
    0x9f, 0xff, 0x50, 0x0, 0x0, 0x0, 0x0, 0x0,
    0x0, 0x8, 0xc5, 0x0,

    /* U+F054 "" */
    0x0, 0x5, 0x20, 0x0, 0x0, 0x0, 0x0, 0x0,
    0x0, 0x1, 0xdf, 0xf3, 0x0, 0x0, 0x0, 0x0,
    0x0, 0x0, 0xd, 0xff, 0xff, 0x30, 0x0, 0x0,
    0x0, 0x0, 0x0, 0x3f, 0xff, 0xff, 0xf3, 0x0,
    0x0, 0x0, 0x0, 0x0, 0xd, 0xff, 0xff, 0xff,
    0x30, 0x0, 0x0, 0x0, 0x0, 0x1, 0xdf, 0xff,
    0xff, 0xf3, 0x0, 0x0, 0x0, 0x0, 0x0, 0x1d,
    0xff, 0xff, 0xff, 0x30, 0x0, 0x0, 0x0, 0x0,
    0x1, 0xdf, 0xff, 0xff, 0xf3, 0x0, 0x0, 0x0,
    0x0, 0x0, 0x1d, 0xff, 0xff, 0xff, 0x30, 0x0,
    0x0, 0x0, 0x0, 0x1, 0xdf, 0xff, 0xff, 0xf3,
    0x0, 0x0, 0x0, 0x0, 0x0, 0x1d, 0xff, 0xff,
    0xff, 0x30, 0x0, 0x0, 0x0, 0x0, 0x1, 0xdf,
    0xff, 0xff, 0xf3, 0x0, 0x0, 0x0, 0x0, 0x0,
    0x1d, 0xff, 0xff, 0xff, 0x30, 0x0, 0x0, 0x0,
    0x0, 0x1, 0xdf, 0xff, 0xff, 0xe1, 0x0, 0x0,
    0x0, 0x0, 0x0, 0x8f, 0xff, 0xff, 0xf3, 0x0,
    0x0, 0x0, 0x0, 0x7, 0xff, 0xff, 0xff, 0x90,
    0x0, 0x0, 0x0, 0x0, 0x7f, 0xff, 0xff, 0xf9,
    0x0, 0x0, 0x0, 0x0, 0x7, 0xff, 0xff, 0xff,
    0x90, 0x0, 0x0, 0x0, 0x0, 0x7f, 0xff, 0xff,
    0xf9, 0x0, 0x0, 0x0, 0x0, 0x7, 0xff, 0xff,
    0xff, 0x90, 0x0, 0x0, 0x0, 0x0, 0x7f, 0xff,
    0xff, 0xf9, 0x0, 0x0, 0x0, 0x0, 0x7, 0xff,
    0xff, 0xff, 0x90, 0x0, 0x0, 0x0, 0x0, 0x7f,
    0xff, 0xff, 0xf9, 0x0, 0x0, 0x0, 0x0, 0x7,
    0xff, 0xff, 0xff, 0x90, 0x0, 0x0, 0x0, 0x0,
    0x2f, 0xff, 0xff, 0xf9, 0x0, 0x0, 0x0, 0x0,
    0x0, 0x2f, 0xff, 0xff, 0x90, 0x0, 0x0, 0x0,
    0x0, 0x0, 0x5, 0xff, 0xf9, 0x0, 0x0, 0x0,
    0x0, 0x0, 0x0, 0x0, 0x5c, 0x80, 0x0, 0x0,
    0x0, 0x0, 0x0, 0x0,

    /* U+F067 "" */
    0x0, 0x0, 0x0, 0x0, 0x0, 0x4, 0xef, 0xfe,
    0x40, 0x0, 0x0, 0x0, 0x0, 0x0, 0x0, 0x0,
    0x0, 0x0, 0x0, 0xe, 0xff, 0xff, 0xe0, 0x0,
    0x0, 0x0, 0x0, 0x0, 0x0, 0x0, 0x0, 0x0,
    0x0, 0xf, 0xff, 0xff, 0xf0, 0x0, 0x0, 0x0,
    0x0, 0x0, 0x0, 0x0, 0x0, 0x0, 0x0, 0xf,
    0xff, 0xff, 0xf0, 0x0, 0x0, 0x0, 0x0, 0x0,
    0x0, 0x0, 0x0, 0x0, 0x0, 0xf, 0xff, 0xff,
    0xf0, 0x0, 0x0, 0x0, 0x0, 0x0, 0x0, 0x0,
    0x0, 0x0, 0x0, 0xf, 0xff, 0xff, 0xf0, 0x0,
    0x0, 0x0, 0x0, 0x0, 0x0, 0x0, 0x0, 0x0,
    0x0, 0xf, 0xff, 0xff, 0xf0, 0x0, 0x0, 0x0,
    0x0, 0x0, 0x0, 0x0, 0x0, 0x0, 0x0, 0xf,
    0xff, 0xff, 0xf0, 0x0, 0x0, 0x0, 0x0, 0x0,
    0x0, 0x0, 0x0, 0x0, 0x0, 0xf, 0xff, 0xff,
    0xf0, 0x0, 0x0, 0x0, 0x0, 0x0, 0x0, 0x0,
    0x0, 0x0, 0x0, 0xf, 0xff, 0xff, 0xf0, 0x0,
    0x0, 0x0, 0x0, 0x0, 0x0, 0x0, 0x0, 0x0,
    0x0, 0xf, 0xff, 0xff, 0xf0, 0x0, 0x0, 0x0,
    0x0, 0x0, 0x4e, 0xff, 0xff, 0xff, 0xff, 0xff,
    0xff, 0xff, 0xff, 0xff, 0xff, 0xff, 0xff, 0xe4,
    0xef, 0xff, 0xff, 0xff, 0xff, 0xff, 0xff, 0xff,
    0xff, 0xff, 0xff, 0xff, 0xff, 0xfe, 0xff, 0xff,
    0xff, 0xff, 0xff, 0xff, 0xff, 0xff, 0xff, 0xff,
    0xff, 0xff, 0xff, 0xff, 0xff, 0xff, 0xff, 0xff,
    0xff, 0xff, 0xff, 0xff, 0xff, 0xff, 0xff, 0xff,
    0xff, 0xff, 0xef, 0xff, 0xff, 0xff, 0xff, 0xff,
    0xff, 0xff, 0xff, 0xff, 0xff, 0xff, 0xff, 0xfe,
    0x4e, 0xff, 0xff, 0xff, 0xff, 0xff, 0xff, 0xff,
    0xff, 0xff, 0xff, 0xff, 0xff, 0xe4, 0x0, 0x0,
    0x0, 0x0, 0x0, 0xf, 0xff, 0xff, 0xf0, 0x0,
    0x0, 0x0, 0x0, 0x0, 0x0, 0x0, 0x0, 0x0,
    0x0, 0xf, 0xff, 0xff, 0xf0, 0x0, 0x0, 0x0,
    0x0, 0x0, 0x0, 0x0, 0x0, 0x0, 0x0, 0xf,
    0xff, 0xff, 0xf0, 0x0, 0x0, 0x0, 0x0, 0x0,
    0x0, 0x0, 0x0, 0x0, 0x0, 0xf, 0xff, 0xff,
    0xf0, 0x0, 0x0, 0x0, 0x0, 0x0, 0x0, 0x0,
    0x0, 0x0, 0x0, 0xf, 0xff, 0xff, 0xf0, 0x0,
    0x0, 0x0, 0x0, 0x0, 0x0, 0x0, 0x0, 0x0,
    0x0, 0xf, 0xff, 0xff, 0xf0, 0x0, 0x0, 0x0,
    0x0, 0x0, 0x0, 0x0, 0x0, 0x0, 0x0, 0xf,
    0xff, 0xff, 0xf0, 0x0, 0x0, 0x0, 0x0, 0x0,
    0x0, 0x0, 0x0, 0x0, 0x0, 0xf, 0xff, 0xff,
    0xf0, 0x0, 0x0, 0x0, 0x0, 0x0, 0x0, 0x0,
    0x0, 0x0, 0x0, 0xf, 0xff, 0xff, 0xf0, 0x0,
    0x0, 0x0, 0x0, 0x0, 0x0, 0x0, 0x0, 0x0,
    0x0, 0xe, 0xff, 0xff, 0xe0, 0x0, 0x0, 0x0,
    0x0, 0x0, 0x0, 0x0, 0x0, 0x0, 0x0, 0x4,
    0xef, 0xfe, 0x40, 0x0, 0x0, 0x0, 0x0, 0x0,

    /* U+F068 "" */
    0x4e, 0xff, 0xff, 0xff, 0xff, 0xff, 0xff, 0xff,
    0xff, 0xff, 0xff, 0xff, 0xff, 0xe4, 0xef, 0xff,
    0xff, 0xff, 0xff, 0xff, 0xff, 0xff, 0xff, 0xff,
    0xff, 0xff, 0xff, 0xfe, 0xff, 0xff, 0xff, 0xff,
    0xff, 0xff, 0xff, 0xff, 0xff, 0xff, 0xff, 0xff,
    0xff, 0xff, 0xff, 0xff, 0xff, 0xff, 0xff, 0xff,
    0xff, 0xff, 0xff, 0xff, 0xff, 0xff, 0xff, 0xff,
    0xef, 0xff, 0xff, 0xff, 0xff, 0xff, 0xff, 0xff,
    0xff, 0xff, 0xff, 0xff, 0xff, 0xfe, 0x4e, 0xff,
    0xff, 0xff, 0xff, 0xff, 0xff, 0xff, 0xff, 0xff,
    0xff, 0xff, 0xff, 0xe4,

    /* U+F06E "" */
    0x0, 0x0, 0x0, 0x0, 0x0, 0x0, 0x37, 0xad,
    0xef, 0xfe, 0xda, 0x73, 0x0, 0x0, 0x0, 0x0,
    0x0, 0x0, 0x0, 0x0, 0x0, 0x0, 0x1, 0x7d,
    0xff, 0xff, 0xff, 0xff, 0xff, 0xff, 0xd7, 0x10,
    0x0, 0x0, 0x0, 0x0, 0x0, 0x0, 0x0, 0x0,
    0x7f, 0xff, 0xff, 0xff, 0xff, 0xff, 0xff, 0xff,
    0xff, 0xf7, 0x0, 0x0, 0x0, 0x0, 0x0, 0x0,
    0x0, 0x3d, 0xff, 0xff, 0xff, 0xb5, 0x20, 0x2,
    0x5b, 0xff, 0xff, 0xff, 0xd3, 0x0, 0x0, 0x0,
    0x0, 0x0, 0x7, 0xff, 0xff, 0xff, 0xd3, 0x0,
    0x0, 0x0, 0x0, 0x3d, 0xff, 0xff, 0xff, 0x70,
    0x0, 0x0, 0x0, 0x0, 0x8f, 0xff, 0xff, 0xfb,
    0x0, 0x0, 0x0, 0x0, 0x0, 0x0, 0xbf, 0xff,
    0xff, 0xf8, 0x0, 0x0, 0x0, 0x9, 0xff, 0xff,
    0xff, 0xd0, 0x0, 0x0, 0x4e, 0xfc, 0x70, 0x0,
    0xd, 0xff, 0xff, 0xff, 0x90, 0x0, 0x0, 0x6f,
    0xff, 0xff, 0xff, 0x30, 0x0, 0x0, 0x1f, 0xff,
    0xfd, 0x10, 0x3, 0xff, 0xff, 0xff, 0xf6, 0x0,
    0x3, 0xff, 0xff, 0xff, 0xfb, 0x0, 0x0, 0x0,
    0x1f, 0xff, 0xff, 0xd0, 0x0, 0xbf, 0xff, 0xff,
    0xff, 0x30, 0xd, 0xff, 0xff, 0xff, 0xf5, 0x0,
    0x0, 0x0, 0x7f, 0xff, 0xff, 0xf7, 0x0, 0x5f,
    0xff, 0xff, 0xff, 0xd0, 0x7f, 0xff, 0xff, 0xff,
    0xf2, 0x0, 0x41, 0x17, 0xff, 0xff, 0xff, 0xfc,
    0x0, 0x2f, 0xff, 0xff, 0xff, 0xf7, 0xef, 0xff,
    0xff, 0xff, 0xf0, 0x0, 0xef, 0xff, 0xff, 0xff,
    0xff, 0xff, 0x0, 0xf, 0xff, 0xff, 0xff, 0xfe,
    0xef, 0xff, 0xff, 0xff, 0xf0, 0x0, 0xff, 0xff,
    0xff, 0xff, 0xff, 0xff, 0x0, 0xf, 0xff, 0xff,
    0xff, 0xfe, 0x7f, 0xff, 0xff, 0xff, 0xf2, 0x0,
    0xcf, 0xff, 0xff, 0xff, 0xff, 0xfc, 0x0, 0x2f,
    0xff, 0xff, 0xff, 0xf7, 0xc, 0xff, 0xff, 0xff,
    0xf5, 0x0, 0x6f, 0xff, 0xff, 0xff, 0xff, 0xf6,
    0x0, 0x5f, 0xff, 0xff, 0xff, 0xd0, 0x3, 0xff,
    0xff, 0xff, 0xfb, 0x0, 0xc, 0xff, 0xff, 0xff,
    0xff, 0xc0, 0x0, 0xbf, 0xff, 0xff, 0xff, 0x30,
    0x0, 0x6f, 0xff, 0xff, 0xff, 0x30, 0x1, 0xcf,
    0xff, 0xff, 0xfc, 0x10, 0x3, 0xff, 0xff, 0xff,
    0xf6, 0x0, 0x0, 0x7, 0xff, 0xff, 0xff, 0xd0,
    0x0, 0x6, 0xcf, 0xfc, 0x70, 0x0, 0xd, 0xff,
    0xff, 0xff, 0x90, 0x0, 0x0, 0x0, 0x9f, 0xff,
    0xff, 0xfb, 0x0, 0x0, 0x0, 0x0, 0x0, 0x0,
    0xbf, 0xff, 0xff, 0xf8, 0x0, 0x0, 0x0, 0x0,
    0x7, 0xff, 0xff, 0xff, 0xd3, 0x0, 0x0, 0x0,
    0x0, 0x3d, 0xff, 0xff, 0xff, 0x70, 0x0, 0x0,
    0x0, 0x0, 0x0, 0x3d, 0xff, 0xff, 0xff, 0xb5,
    0x20, 0x2, 0x5b, 0xff, 0xff, 0xff, 0xd3, 0x0,
    0x0, 0x0, 0x0, 0x0, 0x0, 0x0, 0x7f, 0xff,
    0xff, 0xff, 0xff, 0xff, 0xff, 0xff, 0xff, 0xf7,
    0x0, 0x0, 0x0, 0x0, 0x0, 0x0, 0x0, 0x0,
    0x0, 0x7d, 0xff, 0xff, 0xff, 0xff, 0xff, 0xff,
    0xd7, 0x10, 0x0, 0x0, 0x0, 0x0, 0x0, 0x0,
    0x0, 0x0, 0x0, 0x0, 0x37, 0xad, 0xef, 0xfe,
    0xda, 0x73, 0x0, 0x0, 0x0, 0x0, 0x0, 0x0,

    /* U+F070 "" */
    0x9, 0xe4, 0x0, 0x0, 0x0, 0x0, 0x0, 0x0,
    0x0, 0x0, 0x0, 0x0, 0x0, 0x0, 0x0, 0x0,
    0x0, 0x0, 0x0, 0x0, 0x7f, 0xff, 0x80, 0x0,
    0x0, 0x0, 0x0, 0x0, 0x0, 0x0, 0x0, 0x0,
    0x0, 0x0, 0x0, 0x0, 0x0, 0x0, 0x0, 0x0,
    0xef, 0xff, 0xfb, 0x10, 0x0, 0x0, 0x0, 0x0,
    0x0, 0x0, 0x0, 0x0, 0x0, 0x0, 0x0, 0x0,
    0x0, 0x0, 0x0, 0x0, 0x7f, 0xff, 0xff, 0xe3,
    0x0, 0x0, 0x0, 0x0, 0x0, 0x0, 0x0, 0x0,
    0x0, 0x0, 0x0, 0x0, 0x0, 0x0, 0x0, 0x0,
    0x4, 0xef, 0xff, 0xff, 0x60, 0x0, 0x0, 0x15,
    0x9c, 0xef, 0xfe, 0xda, 0x73, 0x0, 0x0, 0x0,
    0x0, 0x0, 0x0, 0x0, 0x0, 0x1c, 0xff, 0xff,
    0xfa, 0x0, 0x6c, 0xff, 0xff, 0xff, 0xff, 0xff,
    0xff, 0xd7, 0x10, 0x0, 0x0, 0x0, 0x0, 0x0,
    0x0, 0x0, 0x9f, 0xff, 0xff, 0xde, 0xff, 0xff,
    0xff, 0xff, 0xff, 0xff, 0xff, 0xff, 0xf7, 0x0,
    0x0, 0x0, 0x0, 0x0, 0x0, 0x0, 0x5, 0xff,
    0xff, 0xff, 0xff, 0xff, 0xc7, 0x30, 0x2, 0x5b,
    0xff, 0xff, 0xff, 0xd3, 0x0, 0x0, 0x0, 0x0,
    0x0, 0x0, 0x0, 0x2d, 0xff, 0xff, 0xff, 0xe4,
    0x0, 0x0, 0x0, 0x0, 0x3d, 0xff, 0xff, 0xff,
    0x70, 0x0, 0x0, 0x0, 0x0, 0x0, 0x0, 0x0,
    0xaf, 0xff, 0xff, 0xc1, 0x0, 0x0, 0x0, 0x0,
    0x0, 0xbf, 0xff, 0xff, 0xf8, 0x0, 0x0, 0x0,
    0x0, 0x0, 0x0, 0x0, 0x6, 0xff, 0xff, 0xfe,
    0x30, 0x4e, 0xfc, 0x70, 0x0, 0xd, 0xff, 0xff,
    0xff, 0x90, 0x0, 0x0, 0x0, 0x0, 0x20, 0x0,
    0x0, 0x3e, 0xff, 0xff, 0xf7, 0x1f, 0xff, 0xfd,
    0x10, 0x3, 0xff, 0xff, 0xff, 0xf6, 0x0, 0x0,
    0x0, 0x2, 0xf9, 0x0, 0x0, 0x1, 0xbf, 0xff,
    0xff, 0xbf, 0xff, 0xff, 0xd0, 0x0, 0xbf, 0xff,
    0xff, 0xff, 0x30, 0x0, 0x0, 0xd, 0xff, 0xc2,
    0x0, 0x0, 0x8, 0xff, 0xff, 0xff, 0xff, 0xff,
    0xf7, 0x0, 0x5f, 0xff, 0xff, 0xff, 0xd0, 0x0,
    0x0, 0x7f, 0xff, 0xfe, 0x40, 0x0, 0x0, 0x4e,
    0xff, 0xff, 0xff, 0xff, 0xfc, 0x0, 0x2f, 0xff,
    0xff, 0xff, 0xf7, 0x0, 0x0, 0xef, 0xff, 0xff,
    0xf8, 0x0, 0x0, 0x2, 0xcf, 0xff, 0xff, 0xff,
    0xff, 0x0, 0xf, 0xff, 0xff, 0xff, 0xfe, 0x0,
    0x0, 0xef, 0xff, 0xff, 0xff, 0xb0, 0x0, 0x0,
    0x9, 0xff, 0xff, 0xff, 0xff, 0x0, 0xf, 0xff,
    0xff, 0xff, 0xfe, 0x0, 0x0, 0x7f, 0xff, 0xff,
    0xff, 0xf2, 0x0, 0x0, 0x0, 0x6f, 0xff, 0xff,
    0xfc, 0x0, 0x2f, 0xff, 0xff, 0xff, 0xf7, 0x0,
    0x0, 0xd, 0xff, 0xff, 0xff, 0xf6, 0x0, 0x0,
    0x0, 0x2, 0xdf, 0xff, 0xff, 0x70, 0x6f, 0xff,
    0xff, 0xff, 0xd0, 0x0, 0x0, 0x3, 0xff, 0xff,
    0xff, 0xfb, 0x0, 0x0, 0x0, 0x0, 0xb, 0xff,
    0xff, 0xfb, 0xdf, 0xff, 0xff, 0xff, 0x20, 0x0,
    0x0, 0x0, 0x6f, 0xff, 0xff, 0xff, 0x30, 0x0,
    0x0, 0x0, 0x0, 0x7f, 0xff, 0xff, 0xff, 0xff,
    0xff, 0xf5, 0x0, 0x0, 0x0, 0x0, 0x9, 0xff,
    0xff, 0xff, 0xd1, 0x0, 0x0, 0x0, 0x0, 0x4,
    0xef, 0xff, 0xff, 0xff, 0xff, 0x70, 0x0, 0x0,
    0x0, 0x0, 0x0, 0x8f, 0xff, 0xff, 0xfc, 0x10,
    0x0, 0x0, 0x0, 0x0, 0x1c, 0xff, 0xff, 0xff,
    0xf8, 0x0, 0x0, 0x0, 0x0, 0x0, 0x0, 0x7,
    0xff, 0xff, 0xff, 0xe3, 0x0, 0x0, 0x0, 0x0,
    0x0, 0x9f, 0xff, 0xff, 0xe2, 0x0, 0x0, 0x0,
    0x0, 0x0, 0x0, 0x0, 0x3d, 0xff, 0xff, 0xff,
    0xb5, 0x20, 0x1, 0x0, 0x0, 0x5, 0xff, 0xff,
    0xfe, 0x40, 0x0, 0x0, 0x0, 0x0, 0x0, 0x0,
    0x0, 0x7f, 0xff, 0xff, 0xff, 0xff, 0xff, 0x70,
    0x0, 0x0, 0x2d, 0xff, 0xff, 0xf8, 0x0, 0x0,
    0x0, 0x0, 0x0, 0x0, 0x0, 0x1, 0x7d, 0xff,
    0xff, 0xff, 0xff, 0xfb, 0x0, 0x0, 0x0, 0xaf,
    0xff, 0xff, 0xc1, 0x0, 0x0, 0x0, 0x0, 0x0,
    0x0, 0x0, 0x0, 0x37, 0xad, 0xef, 0xfe, 0xca,
    0x40, 0x0, 0x0, 0x6, 0xff, 0xff, 0xfe, 0x30,
    0x0, 0x0, 0x0, 0x0, 0x0, 0x0, 0x0, 0x0,
    0x0, 0x0, 0x0, 0x0, 0x0, 0x0, 0x0, 0x0,
    0x3e, 0xff, 0xff, 0xf7, 0x0, 0x0, 0x0, 0x0,
    0x0, 0x0, 0x0, 0x0, 0x0, 0x0, 0x0, 0x0,
    0x0, 0x0, 0x0, 0x0, 0x1, 0xbf, 0xff, 0xfe,
    0x0, 0x0, 0x0, 0x0, 0x0, 0x0, 0x0, 0x0,
    0x0, 0x0, 0x0, 0x0, 0x0, 0x0, 0x0, 0x0,
    0x0, 0x8, 0xff, 0xf7, 0x0, 0x0, 0x0, 0x0,
    0x0, 0x0, 0x0, 0x0, 0x0, 0x0, 0x0, 0x0,
    0x0, 0x0, 0x0, 0x0, 0x0, 0x0, 0x4e, 0x90,

    /* U+F071 "" */
    0x0, 0x0, 0x0, 0x0, 0x0, 0x0, 0x0, 0x0,
    0x9, 0xff, 0x90, 0x0, 0x0, 0x0, 0x0, 0x0,
    0x0, 0x0, 0x0, 0x0, 0x0, 0x0, 0x0, 0x0,
    0x0, 0x0, 0x0, 0x9f, 0xff, 0xf9, 0x0, 0x0,
    0x0, 0x0, 0x0, 0x0, 0x0, 0x0, 0x0, 0x0,
    0x0, 0x0, 0x0, 0x0, 0x0, 0x3, 0xff, 0xff,
    0xff, 0x30, 0x0, 0x0, 0x0, 0x0, 0x0, 0x0,
    0x0, 0x0, 0x0, 0x0, 0x0, 0x0, 0x0, 0x0,
    0xc, 0xff, 0xff, 0xff, 0xc0, 0x0, 0x0, 0x0,
    0x0, 0x0, 0x0, 0x0, 0x0, 0x0, 0x0, 0x0,
    0x0, 0x0, 0x0, 0x5f, 0xff, 0xff, 0xff, 0xf5,
    0x0, 0x0, 0x0, 0x0, 0x0, 0x0, 0x0, 0x0,
    0x0, 0x0, 0x0, 0x0, 0x0, 0x0, 0xef, 0xff,
    0xff, 0xff, 0xfe, 0x0, 0x0, 0x0, 0x0, 0x0,
    0x0, 0x0, 0x0, 0x0, 0x0, 0x0, 0x0, 0x0,
    0x8, 0xff, 0xff, 0xff, 0xff, 0xff, 0x80, 0x0,
    0x0, 0x0, 0x0, 0x0, 0x0, 0x0, 0x0, 0x0,
    0x0, 0x0, 0x0, 0x1f, 0xff, 0xff, 0xff, 0xff,
    0xff, 0xf1, 0x0, 0x0, 0x0, 0x0, 0x0, 0x0,
    0x0, 0x0, 0x0, 0x0, 0x0, 0x0, 0xaf, 0xff,
    0xff, 0xff, 0xff, 0xff, 0xfa, 0x0, 0x0, 0x0,
    0x0, 0x0, 0x0, 0x0, 0x0, 0x0, 0x0, 0x0,
    0x3, 0xff, 0xff, 0xff, 0xff, 0xff, 0xff, 0xff,
    0x30, 0x0, 0x0, 0x0, 0x0, 0x0, 0x0, 0x0,
    0x0, 0x0, 0x0, 0xc, 0xff, 0xff, 0xff, 0xff,
    0xff, 0xff, 0xff, 0xc0, 0x0, 0x0, 0x0, 0x0,
    0x0, 0x0, 0x0, 0x0, 0x0, 0x0, 0x6f, 0xff,
    0xff, 0x60, 0x0, 0x6, 0xff, 0xff, 0xf6, 0x0,
    0x0, 0x0, 0x0, 0x0, 0x0, 0x0, 0x0, 0x0,
    0x0, 0xef, 0xff, 0xff, 0x40, 0x0, 0x4, 0xff,
    0xff, 0xfe, 0x0, 0x0, 0x0, 0x0, 0x0, 0x0,
    0x0, 0x0, 0x0, 0x8, 0xff, 0xff, 0xff, 0x50,
    0x0, 0x5, 0xff, 0xff, 0xff, 0x80, 0x0, 0x0,
    0x0, 0x0, 0x0, 0x0, 0x0, 0x0, 0x2f, 0xff,
    0xff, 0xff, 0x60, 0x0, 0x6, 0xff, 0xff, 0xff,
    0xf2, 0x0, 0x0, 0x0, 0x0, 0x0, 0x0, 0x0,
    0x0, 0xbf, 0xff, 0xff, 0xff, 0x70, 0x0, 0x7,
    0xff, 0xff, 0xff, 0xfb, 0x0, 0x0, 0x0, 0x0,
    0x0, 0x0, 0x0, 0x4, 0xff, 0xff, 0xff, 0xff,
    0x80, 0x0, 0x8, 0xff, 0xff, 0xff, 0xff, 0x40,
    0x0, 0x0, 0x0, 0x0, 0x0, 0x0, 0xd, 0xff,
    0xff, 0xff, 0xff, 0x90, 0x0, 0x9, 0xff, 0xff,
    0xff, 0xff, 0xd0, 0x0, 0x0, 0x0, 0x0, 0x0,
    0x0, 0x6f, 0xff, 0xff, 0xff, 0xff, 0xa0, 0x0,
    0xa, 0xff, 0xff, 0xff, 0xff, 0xf6, 0x0, 0x0,
    0x0, 0x0, 0x0, 0x1, 0xef, 0xff, 0xff, 0xff,
    0xff, 0xb0, 0x0, 0xb, 0xff, 0xff, 0xff, 0xff,
    0xfe, 0x10, 0x0, 0x0, 0x0, 0x0, 0x9, 0xff,
    0xff, 0xff, 0xff, 0xff, 0xd0, 0x0, 0xd, 0xff,
    0xff, 0xff, 0xff, 0xff, 0x90, 0x0, 0x0, 0x0,
    0x0, 0x2f, 0xff, 0xff, 0xff, 0xff, 0xff, 0xff,
    0xff, 0xff, 0xff, 0xff, 0xff, 0xff, 0xff, 0xf2,
    0x0, 0x0, 0x0, 0x0, 0xbf, 0xff, 0xff, 0xff,
    0xff, 0xff, 0xf9, 0x33, 0x9f, 0xff, 0xff, 0xff,
    0xff, 0xff, 0xfb, 0x0, 0x0, 0x0, 0x5, 0xff,
    0xff, 0xff, 0xff, 0xff, 0xff, 0x90, 0x0, 0x9,
    0xff, 0xff, 0xff, 0xff, 0xff, 0xff, 0x50, 0x0,
    0x0, 0xd, 0xff, 0xff, 0xff, 0xff, 0xff, 0xff,
    0x30, 0x0, 0x3, 0xff, 0xff, 0xff, 0xff, 0xff,
    0xff, 0xd0, 0x0, 0x0, 0x7f, 0xff, 0xff, 0xff,
    0xff, 0xff, 0xff, 0x30, 0x0, 0x3, 0xff, 0xff,
    0xff, 0xff, 0xff, 0xff, 0xf7, 0x0, 0x1, 0xff,
    0xff, 0xff, 0xff, 0xff, 0xff, 0xff, 0x90, 0x0,
    0x9, 0xff, 0xff, 0xff, 0xff, 0xff, 0xff, 0xff,
    0x10, 0x9, 0xff, 0xff, 0xff, 0xff, 0xff, 0xff,
    0xff, 0xf9, 0x33, 0x9f, 0xff, 0xff, 0xff, 0xff,
    0xff, 0xff, 0xff, 0x90, 0xf, 0xff, 0xff, 0xff,
    0xff, 0xff, 0xff, 0xff, 0xff, 0xff, 0xff, 0xff,
    0xff, 0xff, 0xff, 0xff, 0xff, 0xff, 0xf0, 0xf,
    0xff, 0xff, 0xff, 0xff, 0xff, 0xff, 0xff, 0xff,
    0xff, 0xff, 0xff, 0xff, 0xff, 0xff, 0xff, 0xff,
    0xff, 0xf0, 0x8, 0xff, 0xff, 0xff, 0xff, 0xff,
    0xff, 0xff, 0xff, 0xff, 0xff, 0xff, 0xff, 0xff,
    0xff, 0xff, 0xff, 0xff, 0x80, 0x0, 0x9f, 0xff,
    0xff, 0xff, 0xff, 0xff, 0xff, 0xff, 0xff, 0xff,
    0xff, 0xff, 0xff, 0xff, 0xff, 0xff, 0xf9, 0x0,

    /* U+F074 "" */
    0x0, 0x0, 0x0, 0x0, 0x0, 0x0, 0x0, 0x0,
    0x0, 0x0, 0x0, 0x0, 0x0, 0x0, 0x0, 0x0,
    0x0, 0x0, 0x0, 0x0, 0x0, 0x0, 0x0, 0x0,
    0x0, 0x0, 0x0, 0x0, 0x8f, 0x90, 0x0, 0x0,
    0x0, 0x0, 0x0, 0x0, 0x0, 0x0, 0x0, 0x0,
    0x0, 0x0, 0x0, 0x0, 0xff, 0xf9, 0x0, 0x0,
    0x0, 0x0, 0x0, 0x0, 0x0, 0x0, 0x0, 0x0,
    0x0, 0x0, 0x0, 0x0, 0xff, 0xff, 0x90, 0x0,
    0x0, 0x0, 0x0, 0x0, 0x0, 0x0, 0x0, 0x0,
    0x0, 0x0, 0x0, 0x0, 0xff, 0xff, 0xf9, 0x0,
    0xdf, 0xff, 0xff, 0xff, 0x70, 0x0, 0x0, 0x0,
    0x0, 0x7, 0xff, 0xff, 0xff, 0xff, 0xff, 0x90,
    0xff, 0xff, 0xff, 0xff, 0xf6, 0x0, 0x0, 0x0,
    0x0, 0x6f, 0xff, 0xff, 0xff, 0xff, 0xff, 0xf9,
    0xff, 0xff, 0xff, 0xff, 0xff, 0x50, 0x0, 0x0,
    0x5, 0xff, 0xff, 0xff, 0xff, 0xff, 0xff, 0xff,
    0xff, 0xff, 0xff, 0xff, 0xff, 0xf4, 0x0, 0x0,
    0x4f, 0xff, 0xff, 0xff, 0xff, 0xff, 0xff, 0xf9,
    0xdf, 0xff, 0xff, 0xff, 0xff, 0xff, 0x30, 0x3,
    0xff, 0xff, 0xff, 0xff, 0xff, 0xff, 0xff, 0x90,
    0x0, 0x0, 0x0, 0x8f, 0xff, 0xfe, 0x20, 0x3f,
    0xff, 0xff, 0xf8, 0x0, 0xff, 0xff, 0xf9, 0x0,
    0x0, 0x0, 0x0, 0x9, 0xff, 0xf3, 0x2, 0xef,
    0xff, 0xff, 0x90, 0x0, 0xff, 0xff, 0x90, 0x0,
    0x0, 0x0, 0x0, 0x0, 0xaf, 0x40, 0x1e, 0xff,
    0xff, 0xfa, 0x0, 0x0, 0xff, 0xf9, 0x0, 0x0,
    0x0, 0x0, 0x0, 0x0, 0x4, 0x1, 0xdf, 0xff,
    0xff, 0xb0, 0x0, 0x0, 0x8f, 0x90, 0x0, 0x0,
    0x0, 0x0, 0x0, 0x0, 0x0, 0xc, 0xff, 0xff,
    0xfc, 0x0, 0x0, 0x0, 0x0, 0x0, 0x0, 0x0,
    0x0, 0x0, 0x0, 0x0, 0x0, 0xcf, 0xff, 0xff,
    0xc0, 0x0, 0x0, 0x0, 0x0, 0x0, 0x0, 0x0,
    0x0, 0x0, 0x0, 0x0, 0xb, 0xff, 0xff, 0xfd,
    0x10, 0x40, 0x0, 0x0, 0x8f, 0x90, 0x0, 0x0,
    0x0, 0x0, 0x0, 0x0, 0xaf, 0xff, 0xff, 0xe1,
    0x4, 0xfa, 0x0, 0x0, 0xff, 0xf9, 0x0, 0x0,
    0x0, 0x0, 0x0, 0x9, 0xff, 0xff, 0xfe, 0x20,
    0x3f, 0xff, 0x90, 0x0, 0xff, 0xff, 0x90, 0x0,
    0x0, 0x0, 0x0, 0x8f, 0xff, 0xff, 0xf3, 0x2,
    0xef, 0xff, 0xf8, 0x0, 0xff, 0xff, 0xf9, 0x0,
    0xdf, 0xff, 0xff, 0xff, 0xff, 0xff, 0x30, 0x3,
    0xff, 0xff, 0xff, 0xff, 0xff, 0xff, 0xff, 0x90,
    0xff, 0xff, 0xff, 0xff, 0xff, 0xf4, 0x0, 0x0,
    0x4f, 0xff, 0xff, 0xff, 0xff, 0xff, 0xff, 0xf9,
    0xff, 0xff, 0xff, 0xff, 0xff, 0x50, 0x0, 0x0,
    0x5, 0xff, 0xff, 0xff, 0xff, 0xff, 0xff, 0xff,
    0xff, 0xff, 0xff, 0xff, 0xf6, 0x0, 0x0, 0x0,
    0x0, 0x6f, 0xff, 0xff, 0xff, 0xff, 0xff, 0xf9,
    0xdf, 0xff, 0xff, 0xff, 0x70, 0x0, 0x0, 0x0,
    0x0, 0x7, 0xff, 0xff, 0xff, 0xff, 0xff, 0x90,
    0x0, 0x0, 0x0, 0x0, 0x0, 0x0, 0x0, 0x0,
    0x0, 0x0, 0x0, 0x0, 0xff, 0xff, 0xf9, 0x0,
    0x0, 0x0, 0x0, 0x0, 0x0, 0x0, 0x0, 0x0,
    0x0, 0x0, 0x0, 0x0, 0xff, 0xff, 0x90, 0x0,
    0x0, 0x0, 0x0, 0x0, 0x0, 0x0, 0x0, 0x0,
    0x0, 0x0, 0x0, 0x0, 0xff, 0xf9, 0x0, 0x0,
    0x0, 0x0, 0x0, 0x0, 0x0, 0x0, 0x0, 0x0,
    0x0, 0x0, 0x0, 0x0, 0x8f, 0x90, 0x0, 0x0,
    0x0, 0x0, 0x0, 0x0, 0x0, 0x0, 0x0, 0x0,
    0x0, 0x0, 0x0, 0x0, 0x0, 0x0, 0x0, 0x0,

    /* U+F077 "" */
    0x0, 0x0, 0x0, 0x0, 0x0, 0x0, 0x3, 0x20,
    0x0, 0x0, 0x0, 0x0, 0x0, 0x0, 0x0, 0x0,
    0x0, 0x0, 0x0, 0x0, 0x8f, 0xf4, 0x0, 0x0,
    0x0, 0x0, 0x0, 0x0, 0x0, 0x0, 0x0, 0x0,
    0x0, 0x8, 0xff, 0xff, 0x40, 0x0, 0x0, 0x0,
    0x0, 0x0, 0x0, 0x0, 0x0, 0x0, 0x0, 0x8f,
    0xff, 0xff, 0xf4, 0x0, 0x0, 0x0, 0x0, 0x0,
    0x0, 0x0, 0x0, 0x0, 0x8, 0xff, 0xff, 0xff,
    0xff, 0x40, 0x0, 0x0, 0x0, 0x0, 0x0, 0x0,
    0x0, 0x0, 0x8f, 0xff, 0xff, 0xff, 0xff, 0xf4,
    0x0, 0x0, 0x0, 0x0, 0x0, 0x0, 0x0, 0x8,
    0xff, 0xff, 0xff, 0xff, 0xff, 0xff, 0x40, 0x0,
    0x0, 0x0, 0x0, 0x0, 0x0, 0x8f, 0xff, 0xff,
    0xf9, 0xcf, 0xff, 0xff, 0xf4, 0x0, 0x0, 0x0,
    0x0, 0x0, 0x8, 0xff, 0xff, 0xff, 0x80, 0xc,
    0xff, 0xff, 0xff, 0x40, 0x0, 0x0, 0x0, 0x0,
    0x8f, 0xff, 0xff, 0xf8, 0x0, 0x0, 0xcf, 0xff,
    0xff, 0xf4, 0x0, 0x0, 0x0, 0x8, 0xff, 0xff,
    0xff, 0x80, 0x0, 0x0, 0xc, 0xff, 0xff, 0xff,
    0x40, 0x0, 0x0, 0x8f, 0xff, 0xff, 0xf8, 0x0,
    0x0, 0x0, 0x0, 0xcf, 0xff, 0xff, 0xf4, 0x0,
    0x8, 0xff, 0xff, 0xff, 0x80, 0x0, 0x0, 0x0,
    0x0, 0xc, 0xff, 0xff, 0xff, 0x40, 0x6f, 0xff,
    0xff, 0xf8, 0x0, 0x0, 0x0, 0x0, 0x0, 0x0,
    0xcf, 0xff, 0xff, 0xf2, 0xbf, 0xff, 0xff, 0x80,
    0x0, 0x0, 0x0, 0x0, 0x0, 0x0, 0xc, 0xff,
    0xff, 0xf6, 0x4f, 0xff, 0xf8, 0x0, 0x0, 0x0,
    0x0, 0x0, 0x0, 0x0, 0x0, 0xcf, 0xff, 0xd1,
    0x4, 0xff, 0x80, 0x0, 0x0, 0x0, 0x0, 0x0,
    0x0, 0x0, 0x0, 0xc, 0xfd, 0x10, 0x0, 0x13,
    0x0, 0x0, 0x0, 0x0, 0x0, 0x0, 0x0, 0x0,
    0x0, 0x0, 0x30, 0x0,

    /* U+F078 "" */
    0x0, 0x13, 0x0, 0x0, 0x0, 0x0, 0x0, 0x0,
    0x0, 0x0, 0x0, 0x0, 0x30, 0x0, 0x4, 0xff,
    0x80, 0x0, 0x0, 0x0, 0x0, 0x0, 0x0, 0x0,
    0x0, 0xc, 0xfd, 0x10, 0x4f, 0xff, 0xf8, 0x0,
    0x0, 0x0, 0x0, 0x0, 0x0, 0x0, 0x0, 0xcf,
    0xff, 0xd1, 0xbf, 0xff, 0xff, 0x80, 0x0, 0x0,
    0x0, 0x0, 0x0, 0x0, 0xc, 0xff, 0xff, 0xf6,
    0x6f, 0xff, 0xff, 0xf8, 0x0, 0x0, 0x0, 0x0,
    0x0, 0x0, 0xcf, 0xff, 0xff, 0xf2, 0x8, 0xff,
    0xff, 0xff, 0x80, 0x0, 0x0, 0x0, 0x0, 0xc,
    0xff, 0xff, 0xff, 0x40, 0x0, 0x8f, 0xff, 0xff,
    0xf8, 0x0, 0x0, 0x0, 0x0, 0xcf, 0xff, 0xff,
    0xf4, 0x0, 0x0, 0x8, 0xff, 0xff, 0xff, 0x80,
    0x0, 0x0, 0xc, 0xff, 0xff, 0xff, 0x40, 0x0,
    0x0, 0x0, 0x8f, 0xff, 0xff, 0xf8, 0x0, 0x0,
    0xcf, 0xff, 0xff, 0xf4, 0x0, 0x0, 0x0, 0x0,
    0x8, 0xff, 0xff, 0xff, 0x80, 0xc, 0xff, 0xff,
    0xff, 0x40, 0x0, 0x0, 0x0, 0x0, 0x0, 0x8f,
    0xff, 0xff, 0xf9, 0xcf, 0xff, 0xff, 0xf4, 0x0,
    0x0, 0x0, 0x0, 0x0, 0x0, 0x8, 0xff, 0xff,
    0xff, 0xff, 0xff, 0xff, 0x40, 0x0, 0x0, 0x0,
    0x0, 0x0, 0x0, 0x0, 0x8f, 0xff, 0xff, 0xff,
    0xff, 0xf4, 0x0, 0x0, 0x0, 0x0, 0x0, 0x0,
    0x0, 0x0, 0x8, 0xff, 0xff, 0xff, 0xff, 0x40,
    0x0, 0x0, 0x0, 0x0, 0x0, 0x0, 0x0, 0x0,
    0x0, 0x8f, 0xff, 0xff, 0xf4, 0x0, 0x0, 0x0,
    0x0, 0x0, 0x0, 0x0, 0x0, 0x0, 0x0, 0x8,
    0xff, 0xff, 0x40, 0x0, 0x0, 0x0, 0x0, 0x0,
    0x0, 0x0, 0x0, 0x0, 0x0, 0x0, 0x8f, 0xf4,
    0x0, 0x0, 0x0, 0x0, 0x0, 0x0, 0x0, 0x0,
    0x0, 0x0, 0x0, 0x0, 0x3, 0x20, 0x0, 0x0,
    0x0, 0x0, 0x0, 0x0,

    /* U+F079 "" */
    0x0, 0x0, 0x0, 0x1, 0x10, 0x0, 0x0, 0x0,
    0x0, 0x0, 0x0, 0x0, 0x0, 0x0, 0x0, 0x0,
    0x0, 0x0, 0x0, 0x0, 0x0, 0x0, 0x0, 0x5f,
    0xf5, 0x0, 0x0, 0x0, 0x0, 0x0, 0x0, 0x0,
    0x0, 0x0, 0x0, 0x0, 0x0, 0x0, 0x0, 0x0,
    0x0, 0x0, 0x5, 0xff, 0xff, 0x50, 0x0, 0x0,
    0x0, 0x0, 0x0, 0x0, 0x0, 0x0, 0x0, 0x0,
    0x0, 0x0, 0x0, 0x0, 0x0, 0x0, 0x5f, 0xff,
    0xff, 0xf5, 0x0, 0x0, 0xbf, 0xff, 0xff, 0xff,
    0xff, 0xff, 0xff, 0xff, 0xf8, 0x0, 0x0, 0x0,
    0x0, 0x5, 0xff, 0xff, 0xff, 0xff, 0x50, 0x3,
    0xff, 0xff, 0xff, 0xff, 0xff, 0xff, 0xff, 0xff,
    0xff, 0x0, 0x0, 0x0, 0x0, 0x5f, 0xff, 0xff,
    0xff, 0xff, 0xf5, 0x0, 0xcf, 0xff, 0xff, 0xff,
    0xff, 0xff, 0xff, 0xff, 0xff, 0x0, 0x0, 0x0,
    0x6, 0xff, 0xff, 0xff, 0xff, 0xff, 0xff, 0x50,
    0x1b, 0xff, 0xff, 0xff, 0xff, 0xff, 0xff, 0xff,
    0xff, 0x0, 0x0, 0x0, 0x5f, 0xff, 0xfe, 0xff,
    0xff, 0xef, 0xff, 0xf5, 0x0, 0x0, 0x0, 0x0,
    0x0, 0x0, 0x0, 0xff, 0xff, 0x0, 0x0, 0x0,
    0xcf, 0xff, 0xf3, 0xff, 0xff, 0x3f, 0xff, 0xfc,
    0x0, 0x0, 0x0, 0x0, 0x0, 0x0, 0x0, 0xff,
    0xff, 0x0, 0x0, 0x0, 0x6f, 0xff, 0x40, 0xff,
    0xff, 0x4, 0xff, 0xf6, 0x0, 0x0, 0x0, 0x0,
    0x0, 0x0, 0x0, 0xff, 0xff, 0x0, 0x0, 0x0,
    0x6, 0xb4, 0x0, 0xff, 0xff, 0x0, 0x4b, 0x60,
    0x0, 0x0, 0x0, 0x0, 0x0, 0x0, 0x0, 0xff,
    0xff, 0x0, 0x0, 0x0, 0x0, 0x0, 0x0, 0xff,
    0xff, 0x0, 0x0, 0x0, 0x0, 0x0, 0x0, 0x0,
    0x0, 0x0, 0x0, 0xff, 0xff, 0x0, 0x0, 0x0,
    0x0, 0x0, 0x0, 0xff, 0xff, 0x0, 0x0, 0x0,
    0x0, 0x0, 0x0, 0x0, 0x0, 0x0, 0x0, 0xff,
    0xff, 0x0, 0x0, 0x0, 0x0, 0x0, 0x0, 0xff,
    0xff, 0x0, 0x0, 0x0, 0x0, 0x0, 0x0, 0x0,
    0x0, 0x0, 0x0, 0xff, 0xff, 0x0, 0x0, 0x0,
    0x0, 0x0, 0x0, 0xff, 0xff, 0x0, 0x0, 0x0,
    0x0, 0x0, 0x0, 0x0, 0x0, 0x0, 0x0, 0xff,
    0xff, 0x0, 0x0, 0x0, 0x0, 0x0, 0x0, 0xff,
    0xff, 0x0, 0x0, 0x0, 0x0, 0x0, 0x0, 0x0,
    0x6, 0xb4, 0x0, 0xff, 0xff, 0x0, 0x4b, 0x60,
    0x0, 0x0, 0x0, 0xff, 0xff, 0x0, 0x0, 0x0,
    0x0, 0x0, 0x0, 0x0, 0x6f, 0xff, 0x40, 0xff,
    0xff, 0x4, 0xff, 0xf6, 0x0, 0x0, 0x0, 0xff,
    0xff, 0x0, 0x0, 0x0, 0x0, 0x0, 0x0, 0x0,
    0xcf, 0xff, 0xf3, 0xff, 0xff, 0x3f, 0xff, 0xfc,
    0x0, 0x0, 0x0, 0xff, 0xff, 0x0, 0x0, 0x0,
    0x0, 0x0, 0x0, 0x0, 0x5f, 0xff, 0xfe, 0xff,
    0xff, 0xef, 0xff, 0xf5, 0x0, 0x0, 0x0, 0xff,
    0xff, 0xff, 0xff, 0xff, 0xff, 0xff, 0xff, 0xb1,
    0x6, 0xff, 0xff, 0xff, 0xff, 0xff, 0xff, 0x50,
    0x0, 0x0, 0x0, 0xff, 0xff, 0xff, 0xff, 0xff,
    0xff, 0xff, 0xff, 0xfc, 0x0, 0x5f, 0xff, 0xff,
    0xff, 0xff, 0xf5, 0x0, 0x0, 0x0, 0x0, 0xff,
    0xff, 0xff, 0xff, 0xff, 0xff, 0xff, 0xff, 0xff,
    0x30, 0x5, 0xff, 0xff, 0xff, 0xff, 0x50, 0x0,
    0x0, 0x0, 0x0, 0x8f, 0xff, 0xff, 0xff, 0xff,
    0xff, 0xff, 0xff, 0xfb, 0x0, 0x0, 0x5f, 0xff,
    0xff, 0xf5, 0x0, 0x0, 0x0, 0x0, 0x0, 0x0,
    0x0, 0x0, 0x0, 0x0, 0x0, 0x0, 0x0, 0x0,
    0x0, 0x0, 0x5, 0xff, 0xff, 0x50, 0x0, 0x0,
    0x0, 0x0, 0x0, 0x0, 0x0, 0x0, 0x0, 0x0,
    0x0, 0x0, 0x0, 0x0, 0x0, 0x0, 0x0, 0x5f,
    0xf5, 0x0, 0x0, 0x0, 0x0, 0x0, 0x0, 0x0,
    0x0, 0x0, 0x0, 0x0, 0x0, 0x0, 0x0, 0x0,
    0x0, 0x0, 0x0, 0x1, 0x10, 0x0, 0x0, 0x0,

    /* U+F07B "" */
    0x8, 0xef, 0xff, 0xff, 0xff, 0xff, 0xf8, 0x0,
    0x0, 0x0, 0x0, 0x0, 0x0, 0x0, 0x0, 0x0,
    0x8f, 0xff, 0xff, 0xff, 0xff, 0xff, 0xff, 0x80,
    0x0, 0x0, 0x0, 0x0, 0x0, 0x0, 0x0, 0x0,
    0xef, 0xff, 0xff, 0xff, 0xff, 0xff, 0xff, 0xf8,
    0x0, 0x0, 0x0, 0x0, 0x0, 0x0, 0x0, 0x0,
    0xff, 0xff, 0xff, 0xff, 0xff, 0xff, 0xff, 0xff,
    0x80, 0x0, 0x0, 0x0, 0x0, 0x0, 0x0, 0x0,
    0xff, 0xff, 0xff, 0xff, 0xff, 0xff, 0xff, 0xff,
    0xff, 0xff, 0xff, 0xff, 0xff, 0xff, 0xfe, 0x80,
    0xff, 0xff, 0xff, 0xff, 0xff, 0xff, 0xff, 0xff,
    0xff, 0xff, 0xff, 0xff, 0xff, 0xff, 0xff, 0xf8,
    0xff, 0xff, 0xff, 0xff, 0xff, 0xff, 0xff, 0xff,
    0xff, 0xff, 0xff, 0xff, 0xff, 0xff, 0xff, 0xfe,
    0xff, 0xff, 0xff, 0xff, 0xff, 0xff, 0xff, 0xff,
    0xff, 0xff, 0xff, 0xff, 0xff, 0xff, 0xff, 0xff,
    0xff, 0xff, 0xff, 0xff, 0xff, 0xff, 0xff, 0xff,
    0xff, 0xff, 0xff, 0xff, 0xff, 0xff, 0xff, 0xff,
    0xff, 0xff, 0xff, 0xff, 0xff, 0xff, 0xff, 0xff,
    0xff, 0xff, 0xff, 0xff, 0xff, 0xff, 0xff, 0xff,
    0xff, 0xff, 0xff, 0xff, 0xff, 0xff, 0xff, 0xff,
    0xff, 0xff, 0xff, 0xff, 0xff, 0xff, 0xff, 0xff,
    0xff, 0xff, 0xff, 0xff, 0xff, 0xff, 0xff, 0xff,
    0xff, 0xff, 0xff, 0xff, 0xff, 0xff, 0xff, 0xff,
    0xff, 0xff, 0xff, 0xff, 0xff, 0xff, 0xff, 0xff,
    0xff, 0xff, 0xff, 0xff, 0xff, 0xff, 0xff, 0xff,
    0xff, 0xff, 0xff, 0xff, 0xff, 0xff, 0xff, 0xff,
    0xff, 0xff, 0xff, 0xff, 0xff, 0xff, 0xff, 0xff,
    0xff, 0xff, 0xff, 0xff, 0xff, 0xff, 0xff, 0xff,
    0xff, 0xff, 0xff, 0xff, 0xff, 0xff, 0xff, 0xff,
    0xff, 0xff, 0xff, 0xff, 0xff, 0xff, 0xff, 0xff,
    0xff, 0xff, 0xff, 0xff, 0xff, 0xff, 0xff, 0xff,
    0xff, 0xff, 0xff, 0xff, 0xff, 0xff, 0xff, 0xff,
    0xff, 0xff, 0xff, 0xff, 0xff, 0xff, 0xff, 0xff,
    0xff, 0xff, 0xff, 0xff, 0xff, 0xff, 0xff, 0xff,
    0xff, 0xff, 0xff, 0xff, 0xff, 0xff, 0xff, 0xff,
    0xff, 0xff, 0xff, 0xff, 0xff, 0xff, 0xff, 0xff,
    0xff, 0xff, 0xff, 0xff, 0xff, 0xff, 0xff, 0xff,
    0xff, 0xff, 0xff, 0xff, 0xff, 0xff, 0xff, 0xff,
    0xff, 0xff, 0xff, 0xff, 0xff, 0xff, 0xff, 0xff,
    0xff, 0xff, 0xff, 0xff, 0xff, 0xff, 0xff, 0xff,
    0xff, 0xff, 0xff, 0xff, 0xff, 0xff, 0xff, 0xff,
    0xef, 0xff, 0xff, 0xff, 0xff, 0xff, 0xff, 0xff,
    0xff, 0xff, 0xff, 0xff, 0xff, 0xff, 0xff, 0xfe,
    0x8f, 0xff, 0xff, 0xff, 0xff, 0xff, 0xff, 0xff,
    0xff, 0xff, 0xff, 0xff, 0xff, 0xff, 0xff, 0xf8,
    0x8, 0xef, 0xff, 0xff, 0xff, 0xff, 0xff, 0xff,
    0xff, 0xff, 0xff, 0xff, 0xff, 0xff, 0xfe, 0x80,

    /* U+F093 "" */
    0x0, 0x0, 0x0, 0x0, 0x0, 0x0, 0x0, 0x2d,
    0xd2, 0x0, 0x0, 0x0, 0x0, 0x0, 0x0, 0x0,
    0x0, 0x0, 0x0, 0x0, 0x0, 0x0, 0x2, 0xef,
    0xfe, 0x20, 0x0, 0x0, 0x0, 0x0, 0x0, 0x0,
    0x0, 0x0, 0x0, 0x0, 0x0, 0x0, 0x2e, 0xff,
    0xff, 0xe2, 0x0, 0x0, 0x0, 0x0, 0x0, 0x0,
    0x0, 0x0, 0x0, 0x0, 0x0, 0x2, 0xef, 0xff,
    0xff, 0xfe, 0x20, 0x0, 0x0, 0x0, 0x0, 0x0,
    0x0, 0x0, 0x0, 0x0, 0x0, 0x2e, 0xff, 0xff,
    0xff, 0xff, 0xe2, 0x0, 0x0, 0x0, 0x0, 0x0,
    0x0, 0x0, 0x0, 0x0, 0x2, 0xef, 0xff, 0xff,
    0xff, 0xff, 0xfe, 0x20, 0x0, 0x0, 0x0, 0x0,
    0x0, 0x0, 0x0, 0x0, 0x2e, 0xff, 0xff, 0xff,
    0xff, 0xff, 0xff, 0xe2, 0x0, 0x0, 0x0, 0x0,
    0x0, 0x0, 0x0, 0x2, 0xef, 0xff, 0xff, 0xff,
    0xff, 0xff, 0xff, 0xfe, 0x20, 0x0, 0x0, 0x0,
    0x0, 0x0, 0x0, 0x2e, 0xff, 0xff, 0xff, 0xff,
    0xff, 0xff, 0xff, 0xff, 0xe2, 0x0, 0x0, 0x0,
    0x0, 0x0, 0x1, 0xef, 0xff, 0xff, 0xff, 0xff,
    0xff, 0xff, 0xff, 0xff, 0xfe, 0x10, 0x0, 0x0,
    0x0, 0x0, 0xa, 0xff, 0xff, 0xff, 0xff, 0xff,
    0xff, 0xff, 0xff, 0xff, 0xff, 0xa0, 0x0, 0x0,
    0x0, 0x0, 0x6, 0xff, 0xff, 0xff, 0xff, 0xff,
    0xff, 0xff, 0xff, 0xff, 0xff, 0x60, 0x0, 0x0,
    0x0, 0x0, 0x0, 0x0, 0x0, 0x0, 0xff, 0xff,
    0xff, 0xff, 0x0, 0x0, 0x0, 0x0, 0x0, 0x0,
    0x0, 0x0, 0x0, 0x0, 0x0, 0x0, 0xff, 0xff,
    0xff, 0xff, 0x0, 0x0, 0x0, 0x0, 0x0, 0x0,
    0x0, 0x0, 0x0, 0x0, 0x0, 0x0, 0xff, 0xff,
    0xff, 0xff, 0x0, 0x0, 0x0, 0x0, 0x0, 0x0,
    0x0, 0x0, 0x0, 0x0, 0x0, 0x0, 0xff, 0xff,
    0xff, 0xff, 0x0, 0x0, 0x0, 0x0, 0x0, 0x0,
    0x0, 0x0, 0x0, 0x0, 0x0, 0x0, 0xff, 0xff,
    0xff, 0xff, 0x0, 0x0, 0x0, 0x0, 0x0, 0x0,
    0x0, 0x0, 0x0, 0x0, 0x0, 0x0, 0xff, 0xff,
    0xff, 0xff, 0x0, 0x0, 0x0, 0x0, 0x0, 0x0,
    0x0, 0x0, 0x0, 0x0, 0x0, 0x0, 0xff, 0xff,
    0xff, 0xff, 0x0, 0x0, 0x0, 0x0, 0x0, 0x0,
    0x0, 0x0, 0x0, 0x0, 0x0, 0x0, 0xff, 0xff,
    0xff, 0xff, 0x0, 0x0, 0x0, 0x0, 0x0, 0x0,
    0x0, 0x0, 0x0, 0x0, 0x0, 0x0, 0xff, 0xff,
    0xff, 0xff, 0x0, 0x0, 0x0, 0x0, 0x0, 0x0,
    0x0, 0x0, 0x0, 0x0, 0x0, 0x0, 0xff, 0xff,
    0xff, 0xff, 0x0, 0x0, 0x0, 0x0, 0x0, 0x0,
    0x8f, 0xff, 0xff, 0xff, 0xff, 0x0, 0xff, 0xff,
    0xff, 0xff, 0x0, 0xff, 0xff, 0xff, 0xff, 0xf8,
    0xff, 0xff, 0xff, 0xff, 0xff, 0x20, 0x8f, 0xff,
    0xff, 0xf8, 0x2, 0xff, 0xff, 0xff, 0xff, 0xff,
    0xff, 0xff, 0xff, 0xff, 0xff, 0xa0, 0x0, 0x0,
    0x0, 0x0, 0xa, 0xff, 0xff, 0xff, 0xff, 0xff,
    0xff, 0xff, 0xff, 0xff, 0xff, 0xfa, 0x20, 0x0,
    0x0, 0x2, 0xaf, 0xff, 0xff, 0xff, 0xff, 0xff,
    0xff, 0xff, 0xff, 0xff, 0xff, 0xff, 0xff, 0xff,
    0xff, 0xff, 0xff, 0xff, 0xff, 0xff, 0xff, 0xff,
    0xff, 0xff, 0xff, 0xff, 0xff, 0xff, 0xff, 0xff,
    0xff, 0xff, 0xff, 0xee, 0xff, 0xee, 0xff, 0xff,
    0xff, 0xff, 0xff, 0xff, 0xff, 0xff, 0xff, 0xff,
    0xff, 0xff, 0xfe, 0x0, 0xee, 0x0, 0xef, 0xff,
    0xff, 0xff, 0xff, 0xff, 0xff, 0xff, 0xff, 0xff,
    0xff, 0xff, 0xfe, 0x0, 0xee, 0x0, 0xef, 0xff,
    0xff, 0xff, 0xff, 0xff, 0xff, 0xff, 0xff, 0xff,
    0xff, 0xff, 0xff, 0xee, 0xff, 0xee, 0xff, 0xff,
    0x8f, 0xff, 0xff, 0xff, 0xff, 0xff, 0xff, 0xff,
    0xff, 0xff, 0xff, 0xff, 0xff, 0xff, 0xff, 0xf8,

    /* U+F095 "" */
    0x0, 0x0, 0x0, 0x0, 0x0, 0x0, 0x0, 0x0,
    0x0, 0x0, 0x0, 0x0, 0x0, 0x0, 0x0, 0x0,
    0x0, 0x0, 0x0, 0x0, 0x0, 0x0, 0x0, 0x0,
    0x0, 0x0, 0x0, 0x0, 0x2e, 0xea, 0x63, 0x0,
    0x0, 0x0, 0x0, 0x0, 0x0, 0x0, 0x0, 0x0,
    0x0, 0x0, 0x0, 0x0, 0xa, 0xff, 0xff, 0xff,
    0xb8, 0x20, 0x0, 0x0, 0x0, 0x0, 0x0, 0x0,
    0x0, 0x0, 0x0, 0x0, 0x1, 0xff, 0xff, 0xff,
    0xff, 0xfe, 0x0, 0x0, 0x0, 0x0, 0x0, 0x0,
    0x0, 0x0, 0x0, 0x0, 0x0, 0x8f, 0xff, 0xff,
    0xff, 0xff, 0xf0, 0x0, 0x0, 0x0, 0x0, 0x0,
    0x0, 0x0, 0x0, 0x0, 0x0, 0xe, 0xff, 0xff,
    0xff, 0xff, 0xfe, 0x0, 0x0, 0x0, 0x0, 0x0,
    0x0, 0x0, 0x0, 0x0, 0x0, 0x5, 0xff, 0xff,
    0xff, 0xff, 0xff, 0xe0, 0x0, 0x0, 0x0, 0x0,
    0x0, 0x0, 0x0, 0x0, 0x0, 0x0, 0xcf, 0xff,
    0xff, 0xff, 0xff, 0xfc, 0x0, 0x0, 0x0, 0x0,
    0x0, 0x0, 0x0, 0x0, 0x0, 0x0, 0x3f, 0xff,
    0xff, 0xff, 0xff, 0xff, 0xa0, 0x0, 0x0, 0x0,
    0x0, 0x0, 0x0, 0x0, 0x0, 0x0, 0x7, 0xff,
    0xff, 0xff, 0xff, 0xff, 0xf8, 0x0, 0x0, 0x0,
    0x0, 0x0, 0x0, 0x0, 0x0, 0x0, 0x0, 0x2e,
    0xff, 0xff, 0xff, 0xff, 0xff, 0x40, 0x0, 0x0,
    0x0, 0x0, 0x0, 0x0, 0x0, 0x0, 0x0, 0x0,
    0x1c, 0xff, 0xff, 0xff, 0xff, 0xf0, 0x0, 0x0,
    0x0, 0x0, 0x0, 0x0, 0x0, 0x0, 0x0, 0x0,
    0x0, 0xa, 0xff, 0xff, 0xff, 0xfc, 0x0, 0x0,
    0x0, 0x0, 0x0, 0x0, 0x0, 0x0, 0x0, 0x0,
    0x0, 0x0, 0x8, 0xff, 0xff, 0xff, 0x70, 0x0,
    0x0, 0x0, 0x0, 0x0, 0x0, 0x0, 0x0, 0x0,
    0x0, 0x0, 0x0, 0x9f, 0xff, 0xff, 0xf1, 0x0,
    0x0, 0x0, 0x0, 0x0, 0x0, 0x0, 0x0, 0x0,
    0x0, 0x0, 0x0, 0x2f, 0xff, 0xff, 0xfb, 0x0,
    0x0, 0x0, 0x0, 0x0, 0x0, 0x0, 0x0, 0x0,
    0x0, 0x0, 0x0, 0xb, 0xff, 0xff, 0xff, 0x30,
    0x0, 0x0, 0x0, 0x0, 0x0, 0x0, 0x0, 0x0,
    0x0, 0x0, 0x0, 0x6, 0xff, 0xff, 0xff, 0xb0,
    0x0, 0x0, 0x0, 0x0, 0x0, 0x0, 0x0, 0x0,
    0x0, 0x0, 0x0, 0x3, 0xff, 0xff, 0xff, 0xf2,
    0x0, 0x0, 0x0, 0x0, 0x0, 0x0, 0x0, 0x0,
    0x0, 0x0, 0x0, 0x2, 0xef, 0xff, 0xff, 0xf8,
    0x0, 0x0, 0x0, 0x0, 0x0, 0x0, 0x37, 0x20,
    0x0, 0x0, 0x0, 0x2, 0xdf, 0xff, 0xff, 0xfd,
    0x0, 0x0, 0x0, 0x0, 0x0, 0x5, 0xcf, 0xfe,
    0x20, 0x0, 0x0, 0x3, 0xef, 0xff, 0xff, 0xff,
    0x20, 0x0, 0x0, 0x0, 0x1, 0x7e, 0xff, 0xff,
    0xfd, 0x0, 0x0, 0x6, 0xff, 0xff, 0xff, 0xff,
    0x50, 0x0, 0x0, 0x0, 0x29, 0xff, 0xff, 0xff,
    0xff, 0xfa, 0x0, 0x2b, 0xff, 0xff, 0xff, 0xff,
    0x60, 0x0, 0x0, 0x0, 0xe, 0xff, 0xff, 0xff,
    0xff, 0xff, 0xf8, 0x9f, 0xff, 0xff, 0xff, 0xff,
    0x70, 0x0, 0x0, 0x0, 0x0, 0xef, 0xff, 0xff,
    0xff, 0xff, 0xff, 0xff, 0xff, 0xff, 0xff, 0xff,
    0x60, 0x0, 0x0, 0x0, 0x0, 0xa, 0xff, 0xff,
    0xff, 0xff, 0xff, 0xff, 0xff, 0xff, 0xff, 0xff,
    0x50, 0x0, 0x0, 0x0, 0x0, 0x0, 0x6f, 0xff,
    0xff, 0xff, 0xff, 0xff, 0xff, 0xff, 0xff, 0xfd,
    0x20, 0x0, 0x0, 0x0, 0x0, 0x0, 0x3, 0xff,
    0xff, 0xff, 0xff, 0xff, 0xff, 0xff, 0xff, 0xf8,
    0x0, 0x0, 0x0, 0x0, 0x0, 0x0, 0x0, 0xf,
    0xff, 0xff, 0xff, 0xff, 0xff, 0xff, 0xff, 0xb2,
    0x0, 0x0, 0x0, 0x0, 0x0, 0x0, 0x0, 0x0,
    0xbf, 0xff, 0xff, 0xff, 0xff, 0xff, 0xfb, 0x30,
    0x0, 0x0, 0x0, 0x0, 0x0, 0x0, 0x0, 0x0,
    0x8, 0xff, 0xff, 0xff, 0xff, 0xfc, 0x71, 0x0,
    0x0, 0x0, 0x0, 0x0, 0x0, 0x0, 0x0, 0x0,
    0x0, 0x2e, 0xfe, 0xec, 0xa8, 0x40, 0x0, 0x0,
    0x0, 0x0, 0x0, 0x0, 0x0, 0x0, 0x0, 0x0,
    0x0,

    /* U+F0C4 "" */
    0x0, 0x7, 0xcf, 0xfc, 0x70, 0x0, 0x0, 0x0,
    0x0, 0x0, 0x0, 0x0, 0x0, 0x0, 0x0, 0x1d,
    0xff, 0xff, 0xff, 0xd1, 0x0, 0x0, 0x0, 0x0,
    0x0, 0x4b, 0xff, 0xc5, 0x0, 0xd, 0xff, 0xff,
    0xff, 0xff, 0xd0, 0x0, 0x0, 0x0, 0x0, 0x8f,
    0xff, 0xff, 0xfa, 0x7, 0xff, 0xff, 0xff, 0xff,
    0xff, 0x70, 0x0, 0x0, 0x0, 0x9f, 0xff, 0xff,
    0xff, 0xc0, 0xcf, 0xff, 0xb1, 0x1b, 0xff, 0xfc,
    0x0, 0x0, 0x0, 0x9f, 0xff, 0xff, 0xff, 0xc1,
    0xf, 0xff, 0xf1, 0x0, 0x1f, 0xff, 0xf0, 0x0,
    0x0, 0x9f, 0xff, 0xff, 0xff, 0xc1, 0x0, 0xff,
    0xff, 0x10, 0x1, 0xff, 0xff, 0x0, 0x0, 0x9f,
    0xff, 0xff, 0xff, 0xc1, 0x0, 0xc, 0xff, 0xfb,
    0x11, 0xbf, 0xff, 0xc0, 0x0, 0x9f, 0xff, 0xff,
    0xff, 0xc1, 0x0, 0x0, 0x7f, 0xff, 0xff, 0xff,
    0xff, 0xfd, 0x10, 0x9f, 0xff, 0xff, 0xff, 0xc1,
    0x0, 0x0, 0x0, 0xdf, 0xff, 0xff, 0xff, 0xff,
    0xfc, 0xaf, 0xff, 0xff, 0xff, 0xc1, 0x0, 0x0,
    0x0, 0x1, 0xdf, 0xff, 0xff, 0xff, 0xff, 0xff,
    0xff, 0xff, 0xff, 0xc1, 0x0, 0x0, 0x0, 0x0,
    0x0, 0x7c, 0xff, 0xff, 0xff, 0xff, 0xff, 0xff,
    0xff, 0xc1, 0x0, 0x0, 0x0, 0x0, 0x0, 0x0,
    0x0, 0x9, 0xff, 0xff, 0xff, 0xff, 0xff, 0xc1,
    0x0, 0x0, 0x0, 0x0, 0x0, 0x0, 0x0, 0x0,
    0x9, 0xff, 0xff, 0xff, 0xff, 0xc1, 0x0, 0x0,
    0x0, 0x0, 0x0, 0x0, 0x0, 0x0, 0x0, 0x9f,
    0xff, 0xff, 0xff, 0xfc, 0x10, 0x0, 0x0, 0x0,
    0x0, 0x0, 0x0, 0x0, 0x0, 0x9f, 0xff, 0xff,
    0xff, 0xff, 0xfc, 0x10, 0x0, 0x0, 0x0, 0x0,
    0x0, 0x7, 0xcf, 0xff, 0xff, 0xff, 0xff, 0xff,
    0xff, 0xfc, 0x10, 0x0, 0x0, 0x0, 0x0, 0x1d,
    0xff, 0xff, 0xff, 0xff, 0xff, 0xff, 0xff, 0xff,
    0xfc, 0x10, 0x0, 0x0, 0x0, 0xd, 0xff, 0xff,
    0xff, 0xff, 0xff, 0xca, 0xff, 0xff, 0xff, 0xfc,
    0x10, 0x0, 0x0, 0x7, 0xff, 0xff, 0xff, 0xff,
    0xff, 0xd1, 0x9, 0xff, 0xff, 0xff, 0xfc, 0x10,
    0x0, 0x0, 0xcf, 0xff, 0xb1, 0x1b, 0xff, 0xfc,
    0x0, 0x9, 0xff, 0xff, 0xff, 0xfc, 0x10, 0x0,
    0xf, 0xff, 0xf1, 0x0, 0x1f, 0xff, 0xf0, 0x0,
    0x9, 0xff, 0xff, 0xff, 0xfc, 0x10, 0x0, 0xff,
    0xff, 0x10, 0x1, 0xff, 0xff, 0x0, 0x0, 0x9,
    0xff, 0xff, 0xff, 0xfc, 0x10, 0xc, 0xff, 0xfb,
    0x11, 0xbf, 0xff, 0xc0, 0x0, 0x0, 0x9, 0xff,
    0xff, 0xff, 0xfc, 0x10, 0x7f, 0xff, 0xff, 0xff,
    0xff, 0xf7, 0x0, 0x0, 0x0, 0x9, 0xff, 0xff,
    0xff, 0xfc, 0x0, 0xdf, 0xff, 0xff, 0xff, 0xfd,
    0x0, 0x0, 0x0, 0x0, 0x8, 0xff, 0xff, 0xff,
    0xa0, 0x1, 0xdf, 0xff, 0xff, 0xfd, 0x10, 0x0,
    0x0, 0x0, 0x0, 0x4, 0xbf, 0xfc, 0x50, 0x0,
    0x0, 0x7c, 0xff, 0xc7, 0x0, 0x0, 0x0, 0x0,
    0x0, 0x0, 0x0, 0x0, 0x0, 0x0,

    /* U+F0C5 "" */
    0x0, 0x0, 0x0, 0x0, 0x8f, 0xff, 0xff, 0xff,
    0xff, 0xff, 0x0, 0xf7, 0x0, 0x0, 0x0, 0x0,
    0x0, 0x0, 0xff, 0xff, 0xff, 0xff, 0xff, 0xff,
    0x0, 0xff, 0x80, 0x0, 0x0, 0x0, 0x0, 0x0,
    0xff, 0xff, 0xff, 0xff, 0xff, 0xff, 0x0, 0xff,
    0xf8, 0x0, 0x0, 0x0, 0x0, 0x0, 0xff, 0xff,
    0xff, 0xff, 0xff, 0xff, 0x0, 0xff, 0xff, 0x80,
    0x0, 0x0, 0x0, 0x0, 0xff, 0xff, 0xff, 0xff,
    0xff, 0xff, 0x0, 0xff, 0xff, 0xf7, 0x0, 0x0,
    0x0, 0x0, 0xff, 0xff, 0xff, 0xff, 0xff, 0xff,
    0x0, 0xff, 0xff, 0xff, 0x8f, 0xff, 0xff, 0x0,
    0xff, 0xff, 0xff, 0xff, 0xff, 0xff, 0x0, 0x0,
    0x0, 0x0, 0xff, 0xff, 0xff, 0x0, 0xff, 0xff,
    0xff, 0xff, 0xff, 0xff, 0x70, 0x0, 0x0, 0x0,
    0xff, 0xff, 0xff, 0x0, 0xff, 0xff, 0xff, 0xff,
    0xff, 0xff, 0xff, 0xff, 0xff, 0xff, 0xff, 0xff,
    0xff, 0x0, 0xff, 0xff, 0xff, 0xff, 0xff, 0xff,
    0xff, 0xff, 0xff, 0xff, 0xff, 0xff, 0xff, 0x0,
    0xff, 0xff, 0xff, 0xff, 0xff, 0xff, 0xff, 0xff,
    0xff, 0xff, 0xff, 0xff, 0xff, 0x0, 0xff, 0xff,
    0xff, 0xff, 0xff, 0xff, 0xff, 0xff, 0xff, 0xff,
    0xff, 0xff, 0xff, 0x0, 0xff, 0xff, 0xff, 0xff,
    0xff, 0xff, 0xff, 0xff, 0xff, 0xff, 0xff, 0xff,
    0xff, 0x0, 0xff, 0xff, 0xff, 0xff, 0xff, 0xff,
    0xff, 0xff, 0xff, 0xff, 0xff, 0xff, 0xff, 0x0,
    0xff, 0xff, 0xff, 0xff, 0xff, 0xff, 0xff, 0xff,
    0xff, 0xff, 0xff, 0xff, 0xff, 0x0, 0xff, 0xff,
    0xff, 0xff, 0xff, 0xff, 0xff, 0xff, 0xff, 0xff,
    0xff, 0xff, 0xff, 0x0, 0xff, 0xff, 0xff, 0xff,
    0xff, 0xff, 0xff, 0xff, 0xff, 0xff, 0xff, 0xff,
    0xff, 0x0, 0xff, 0xff, 0xff, 0xff, 0xff, 0xff,
    0xff, 0xff, 0xff, 0xff, 0xff, 0xff, 0xff, 0x0,
    0xff, 0xff, 0xff, 0xff, 0xff, 0xff, 0xff, 0xff,
    0xff, 0xff, 0xff, 0xff, 0xff, 0x0, 0xff, 0xff,
    0xff, 0xff, 0xff, 0xff, 0xff, 0xff, 0xff, 0xff,
    0xff, 0xff, 0xff, 0x0, 0xff, 0xff, 0xff, 0xff,
    0xff, 0xff, 0xff, 0xff, 0xff, 0xff, 0xff, 0xff,
    0xff, 0x0, 0xff, 0xff, 0xff, 0xff, 0xff, 0xff,
    0xff, 0xff, 0xff, 0xff, 0xff, 0xff, 0xff, 0x0,
    0xff, 0xff, 0xff, 0xff, 0xff, 0xff, 0xff, 0xff,
    0xff, 0xff, 0xff, 0xff, 0xff, 0x0, 0xff, 0xff,
    0xff, 0xff, 0xff, 0xff, 0xff, 0xff, 0xff, 0xff,
    0xff, 0xff, 0xff, 0x0, 0xff, 0xff, 0xff, 0xff,
    0xff, 0xff, 0xff, 0xff, 0xff, 0xff, 0xff, 0xff,
    0xff, 0x20, 0x8f, 0xff, 0xff, 0xff, 0xff, 0xff,
    0xff, 0xff, 0xff, 0xf8, 0xff, 0xff, 0xff, 0xa0,
    0x0, 0x0, 0x0, 0x0, 0x0, 0x0, 0x0, 0x0,
    0x0, 0x0, 0xff, 0xff, 0xff, 0xfa, 0x20, 0x0,
    0x0, 0x0, 0x0, 0x0, 0x0, 0x0, 0x0, 0x0,
    0xff, 0xff, 0xff, 0xff, 0xff, 0xff, 0xff, 0xff,
    0xff, 0xff, 0x0, 0x0, 0x0, 0x0, 0xff, 0xff,
    0xff, 0xff, 0xff, 0xff, 0xff, 0xff, 0xff, 0xff,
    0x0, 0x0, 0x0, 0x0, 0xff, 0xff, 0xff, 0xff,
    0xff, 0xff, 0xff, 0xff, 0xff, 0xff, 0x0, 0x0,
    0x0, 0x0, 0x8f, 0xff, 0xff, 0xff, 0xff, 0xff,
    0xff, 0xff, 0xff, 0xf8, 0x0, 0x0, 0x0, 0x0,

    /* U+F0C7 "" */
    0x8, 0xef, 0xff, 0xff, 0xff, 0xff, 0xff, 0xff,
    0xff, 0xff, 0xd6, 0x0, 0x0, 0x0, 0x8f, 0xff,
    0xff, 0xff, 0xff, 0xff, 0xff, 0xff, 0xff, 0xff,
    0xff, 0x80, 0x0, 0x0, 0xef, 0xff, 0xff, 0xff,
    0xff, 0xff, 0xff, 0xff, 0xff, 0xff, 0xff, 0xf8,
    0x0, 0x0, 0xff, 0xff, 0xff, 0xff, 0xff, 0xff,
    0xff, 0xff, 0xff, 0xff, 0xff, 0xff, 0x80, 0x0,
    0xff, 0xff, 0x20, 0x0, 0x0, 0x0, 0x0, 0x0,
    0x0, 0x4, 0xff, 0xff, 0xf8, 0x0, 0xff, 0xff,
    0x0, 0x0, 0x0, 0x0, 0x0, 0x0, 0x0, 0x0,
    0xff, 0xff, 0xff, 0x80, 0xff, 0xff, 0x0, 0x0,
    0x0, 0x0, 0x0, 0x0, 0x0, 0x0, 0xff, 0xff,
    0xff, 0xf6, 0xff, 0xff, 0x0, 0x0, 0x0, 0x0,
    0x0, 0x0, 0x0, 0x0, 0xff, 0xff, 0xff, 0xfd,
    0xff, 0xff, 0x0, 0x0, 0x0, 0x0, 0x0, 0x0,
    0x0, 0x0, 0xff, 0xff, 0xff, 0xff, 0xff, 0xff,
    0x0, 0x0, 0x0, 0x0, 0x0, 0x0, 0x0, 0x0,
    0xff, 0xff, 0xff, 0xff, 0xff, 0xff, 0x0, 0x0,
    0x0, 0x0, 0x0, 0x0, 0x0, 0x0, 0xff, 0xff,
    0xff, 0xff, 0xff, 0xff, 0x20, 0x0, 0x0, 0x0,
    0x0, 0x0, 0x0, 0x2, 0xff, 0xff, 0xff, 0xff,
    0xff, 0xff, 0xff, 0xff, 0xff, 0xff, 0xff, 0xff,
    0xff, 0xff, 0xff, 0xff, 0xff, 0xff, 0xff, 0xff,
    0xff, 0xff, 0xff, 0xff, 0xff, 0xff, 0xff, 0xff,
    0xff, 0xff, 0xff, 0xff, 0xff, 0xff, 0xff, 0xff,
    0xff, 0xff, 0xff, 0xff, 0xff, 0xff, 0xff, 0xff,
    0xff, 0xff, 0xff, 0xff, 0xff, 0xff, 0xff, 0xff,
    0xff, 0xff, 0xff, 0xff, 0xff, 0xff, 0xff, 0xff,
    0xff, 0xff, 0xff, 0xff, 0xff, 0xfd, 0x40, 0x4,
    0xdf, 0xff, 0xff, 0xff, 0xff, 0xff, 0xff, 0xff,
    0xff, 0xff, 0xff, 0xd0, 0x0, 0x0, 0xd, 0xff,
    0xff, 0xff, 0xff, 0xff, 0xff, 0xff, 0xff, 0xff,
    0xff, 0x40, 0x0, 0x0, 0x4, 0xff, 0xff, 0xff,
    0xff, 0xff, 0xff, 0xff, 0xff, 0xff, 0xff, 0x0,
    0x0, 0x0, 0x0, 0xff, 0xff, 0xff, 0xff, 0xff,
    0xff, 0xff, 0xff, 0xff, 0xff, 0x0, 0x0, 0x0,
    0x0, 0xff, 0xff, 0xff, 0xff, 0xff, 0xff, 0xff,
    0xff, 0xff, 0xff, 0x40, 0x0, 0x0, 0x4, 0xff,
    0xff, 0xff, 0xff, 0xff, 0xff, 0xff, 0xff, 0xff,
    0xff, 0xd0, 0x0, 0x0, 0xd, 0xff, 0xff, 0xff,
    0xff, 0xff, 0xff, 0xff, 0xff, 0xff, 0xff, 0xfd,
    0x40, 0x4, 0xdf, 0xff, 0xff, 0xff, 0xff, 0xff,
    0xff, 0xff, 0xff, 0xff, 0xff, 0xff, 0xff, 0xff,
    0xff, 0xff, 0xff, 0xff, 0xff, 0xff, 0xef, 0xff,
    0xff, 0xff, 0xff, 0xff, 0xff, 0xff, 0xff, 0xff,
    0xff, 0xff, 0xff, 0xfe, 0x8f, 0xff, 0xff, 0xff,
    0xff, 0xff, 0xff, 0xff, 0xff, 0xff, 0xff, 0xff,
    0xff, 0xf8, 0x8, 0xef, 0xff, 0xff, 0xff, 0xff,
    0xff, 0xff, 0xff, 0xff, 0xff, 0xff, 0xfe, 0x80,

    /* U+F0C9 "" */
    0x47, 0x77, 0x77, 0x77, 0x77, 0x77, 0x77, 0x77,
    0x77, 0x77, 0x77, 0x77, 0x77, 0x74, 0xff, 0xff,
    0xff, 0xff, 0xff, 0xff, 0xff, 0xff, 0xff, 0xff,
    0xff, 0xff, 0xff, 0xff, 0xff, 0xff, 0xff, 0xff,
    0xff, 0xff, 0xff, 0xff, 0xff, 0xff, 0xff, 0xff,
    0xff, 0xff, 0xff, 0xff, 0xff, 0xff, 0xff, 0xff,
    0xff, 0xff, 0xff, 0xff, 0xff, 0xff, 0xff, 0xff,
    0xdf, 0xff, 0xff, 0xff, 0xff, 0xff, 0xff, 0xff,
    0xff, 0xff, 0xff, 0xff, 0xff, 0xfd, 0x0, 0x0,
    0x0, 0x0, 0x0, 0x0, 0x0, 0x0, 0x0, 0x0,
    0x0, 0x0, 0x0, 0x0, 0x0, 0x0, 0x0, 0x0,
    0x0, 0x0, 0x0, 0x0, 0x0, 0x0, 0x0, 0x0,
    0x0, 0x0, 0x0, 0x0, 0x0, 0x0, 0x0, 0x0,
    0x0, 0x0, 0x0, 0x0, 0x0, 0x0, 0x0, 0x0,
    0x0, 0x0, 0x0, 0x0, 0x0, 0x0, 0x0, 0x0,
    0x0, 0x0, 0x0, 0x0, 0x0, 0x0, 0x0, 0x0,
    0x0, 0x0, 0x0, 0x0, 0x0, 0x0, 0x0, 0x0,
    0x0, 0x0, 0x0, 0x0, 0x47, 0x77, 0x77, 0x77,
    0x77, 0x77, 0x77, 0x77, 0x77, 0x77, 0x77, 0x77,
    0x77, 0x74, 0xff, 0xff, 0xff, 0xff, 0xff, 0xff,
    0xff, 0xff, 0xff, 0xff, 0xff, 0xff, 0xff, 0xff,
    0xff, 0xff, 0xff, 0xff, 0xff, 0xff, 0xff, 0xff,
    0xff, 0xff, 0xff, 0xff, 0xff, 0xff, 0xff, 0xff,
    0xff, 0xff, 0xff, 0xff, 0xff, 0xff, 0xff, 0xff,
    0xff, 0xff, 0xff, 0xff, 0xdf, 0xff, 0xff, 0xff,
    0xff, 0xff, 0xff, 0xff, 0xff, 0xff, 0xff, 0xff,
    0xff, 0xfd, 0x0, 0x0, 0x0, 0x0, 0x0, 0x0,
    0x0, 0x0, 0x0, 0x0, 0x0, 0x0, 0x0, 0x0,
    0x0, 0x0, 0x0, 0x0, 0x0, 0x0, 0x0, 0x0,
    0x0, 0x0, 0x0, 0x0, 0x0, 0x0, 0x0, 0x0,
    0x0, 0x0, 0x0, 0x0, 0x0, 0x0, 0x0, 0x0,
    0x0, 0x0, 0x0, 0x0, 0x0, 0x0, 0x0, 0x0,
    0x0, 0x0, 0x0, 0x0, 0x0, 0x0, 0x0, 0x0,
    0x0, 0x0, 0x0, 0x0, 0x0, 0x0, 0x0, 0x0,
    0x0, 0x0, 0x0, 0x0, 0x0, 0x0, 0x0, 0x0,
    0x47, 0x77, 0x77, 0x77, 0x77, 0x77, 0x77, 0x77,
    0x77, 0x77, 0x77, 0x77, 0x77, 0x74, 0xff, 0xff,
    0xff, 0xff, 0xff, 0xff, 0xff, 0xff, 0xff, 0xff,
    0xff, 0xff, 0xff, 0xff, 0xff, 0xff, 0xff, 0xff,
    0xff, 0xff, 0xff, 0xff, 0xff, 0xff, 0xff, 0xff,
    0xff, 0xff, 0xff, 0xff, 0xff, 0xff, 0xff, 0xff,
    0xff, 0xff, 0xff, 0xff, 0xff, 0xff, 0xff, 0xff,
    0xdf, 0xff, 0xff, 0xff, 0xff, 0xff, 0xff, 0xff,
    0xff, 0xff, 0xff, 0xff, 0xff, 0xfd, 0x0, 0x0,
    0x0, 0x0, 0x0, 0x0, 0x0, 0x0, 0x0, 0x0,
    0x0, 0x0, 0x0, 0x0,

    /* U+F0E0 "" */
    0x8, 0xef, 0xff, 0xff, 0xff, 0xff, 0xff, 0xff,
    0xff, 0xff, 0xff, 0xff, 0xff, 0xff, 0xfe, 0x80,
    0x8f, 0xff, 0xff, 0xff, 0xff, 0xff, 0xff, 0xff,
    0xff, 0xff, 0xff, 0xff, 0xff, 0xff, 0xff, 0xf8,
    0xef, 0xff, 0xff, 0xff, 0xff, 0xff, 0xff, 0xff,
    0xff, 0xff, 0xff, 0xff, 0xff, 0xff, 0xff, 0xfe,
    0xff, 0xff, 0xff, 0xff, 0xff, 0xff, 0xff, 0xff,
    0xff, 0xff, 0xff, 0xff, 0xff, 0xff, 0xff, 0xff,
    0xef, 0xff, 0xff, 0xff, 0xff, 0xff, 0xff, 0xff,
    0xff, 0xff, 0xff, 0xff, 0xff, 0xff, 0xff, 0xfe,
    0x4f, 0xff, 0xff, 0xff, 0xff, 0xff, 0xff, 0xff,
    0xff, 0xff, 0xff, 0xff, 0xff, 0xff, 0xff, 0xf4,
    0x2, 0xdf, 0xff, 0xff, 0xff, 0xff, 0xff, 0xff,
    0xff, 0xff, 0xff, 0xff, 0xff, 0xff, 0xfd, 0x20,
    0x0, 0x9, 0xff, 0xff, 0xff, 0xff, 0xff, 0xff,
    0xff, 0xff, 0xff, 0xff, 0xff, 0xff, 0x90, 0x0,
    0xf6, 0x0, 0x5f, 0xff, 0xff, 0xff, 0xff, 0xff,
    0xff, 0xff, 0xff, 0xff, 0xff, 0xf5, 0x0, 0x6f,
    0xff, 0xa0, 0x2, 0xcf, 0xff, 0xff, 0xff, 0xff,
    0xff, 0xff, 0xff, 0xff, 0xfc, 0x20, 0xa, 0xff,
    0xff, 0xfd, 0x30, 0x8, 0xff, 0xff, 0xff, 0xff,
    0xff, 0xff, 0xff, 0xff, 0x80, 0x3, 0xdf, 0xff,
    0xff, 0xff, 0xf7, 0x0, 0x4e, 0xff, 0xff, 0xff,
    0xff, 0xff, 0xff, 0xe4, 0x0, 0x7f, 0xff, 0xff,
    0xff, 0xff, 0xff, 0xb1, 0x1, 0xbf, 0xff, 0xff,
    0xff, 0xff, 0xfb, 0x10, 0x1b, 0xff, 0xff, 0xff,
    0xff, 0xff, 0xff, 0xfe, 0x40, 0x7, 0xff, 0xff,
    0xff, 0xff, 0x70, 0x4, 0xef, 0xff, 0xff, 0xff,
    0xff, 0xff, 0xff, 0xff, 0xf8, 0x0, 0x3e, 0xff,
    0xff, 0xe3, 0x0, 0x8f, 0xff, 0xff, 0xff, 0xff,
    0xff, 0xff, 0xff, 0xff, 0xff, 0xc1, 0x0, 0x8e,
    0xe8, 0x0, 0x1c, 0xff, 0xff, 0xff, 0xff, 0xff,
    0xff, 0xff, 0xff, 0xff, 0xff, 0xfe, 0x50, 0x0,
    0x0, 0x4, 0xef, 0xff, 0xff, 0xff, 0xff, 0xff,
    0xff, 0xff, 0xff, 0xff, 0xff, 0xff, 0xfb, 0x41,
    0x14, 0xbf, 0xff, 0xff, 0xff, 0xff, 0xff, 0xff,
    0xff, 0xff, 0xff, 0xff, 0xff, 0xff, 0xff, 0xff,
    0xff, 0xff, 0xff, 0xff, 0xff, 0xff, 0xff, 0xff,
    0xff, 0xff, 0xff, 0xff, 0xff, 0xff, 0xff, 0xff,
    0xff, 0xff, 0xff, 0xff, 0xff, 0xff, 0xff, 0xff,
    0xff, 0xff, 0xff, 0xff, 0xff, 0xff, 0xff, 0xff,
    0xff, 0xff, 0xff, 0xff, 0xff, 0xff, 0xff, 0xff,
    0xef, 0xff, 0xff, 0xff, 0xff, 0xff, 0xff, 0xff,
    0xff, 0xff, 0xff, 0xff, 0xff, 0xff, 0xff, 0xfe,
    0x8f, 0xff, 0xff, 0xff, 0xff, 0xff, 0xff, 0xff,
    0xff, 0xff, 0xff, 0xff, 0xff, 0xff, 0xff, 0xf8,
    0x8, 0xef, 0xff, 0xff, 0xff, 0xff, 0xff, 0xff,
    0xff, 0xff, 0xff, 0xff, 0xff, 0xff, 0xfe, 0x80,

    /* U+F0E7 "" */
    0x0, 0x8, 0xff, 0xff, 0xff, 0xff, 0xff, 0x80,
    0x0, 0x0, 0x0, 0x0, 0xf, 0xff, 0xff, 0xff,
    0xff, 0xff, 0xf0, 0x0, 0x0, 0x0, 0x0, 0x2f,
    0xff, 0xff, 0xff, 0xff, 0xff, 0xb0, 0x0, 0x0,
    0x0, 0x0, 0x4f, 0xff, 0xff, 0xff, 0xff, 0xff,
    0x60, 0x0, 0x0, 0x0, 0x0, 0x6f, 0xff, 0xff,
    0xff, 0xff, 0xff, 0x10, 0x0, 0x0, 0x0, 0x0,
    0x8f, 0xff, 0xff, 0xff, 0xff, 0xfc, 0x0, 0x0,
    0x0, 0x0, 0x0, 0xbf, 0xff, 0xff, 0xff, 0xff,
    0xf7, 0x0, 0x0, 0x0, 0x0, 0x0, 0xdf, 0xff,
    0xff, 0xff, 0xff, 0xf1, 0x0, 0x0, 0x0, 0x0,
    0x0, 0xff, 0xff, 0xff, 0xff, 0xff, 0xc0, 0x0,
    0x0, 0x0, 0x0, 0x1, 0xff, 0xff, 0xff, 0xff,
    0xff, 0x70, 0x0, 0x0, 0x0, 0x0, 0x3, 0xff,
    0xff, 0xff, 0xff, 0xff, 0xff, 0xff, 0xff, 0xff,
    0x80, 0x5, 0xff, 0xff, 0xff, 0xff, 0xff, 0xff,
    0xff, 0xff, 0xff, 0xf0, 0x7, 0xff, 0xff, 0xff,
    0xff, 0xff, 0xff, 0xff, 0xff, 0xff, 0xa0, 0xa,
    0xff, 0xff, 0xff, 0xff, 0xff, 0xff, 0xff, 0xff,
    0xff, 0x10, 0xc, 0xff, 0xff, 0xff, 0xff, 0xff,
    0xff, 0xff, 0xff, 0xf8, 0x0, 0xe, 0xff, 0xff,
    0xff, 0xff, 0xff, 0xff, 0xff, 0xff, 0xe0, 0x0,
    0xf, 0xff, 0xff, 0xff, 0xff, 0xff, 0xff, 0xff,
    0xff, 0x50, 0x0, 0x7, 0xff, 0xff, 0xff, 0xff,
    0xff, 0xff, 0xff, 0xfc, 0x0, 0x0, 0x0, 0x0,
    0x0, 0x0, 0x2, 0xff, 0xff, 0xff, 0xf3, 0x0,
    0x0, 0x0, 0x0, 0x0, 0x0, 0x6, 0xff, 0xff,
    0xff, 0x90, 0x0, 0x0, 0x0, 0x0, 0x0, 0x0,
    0xa, 0xff, 0xff, 0xff, 0x10, 0x0, 0x0, 0x0,
    0x0, 0x0, 0x0, 0xe, 0xff, 0xff, 0xf7, 0x0,
    0x0, 0x0, 0x0, 0x0, 0x0, 0x0, 0x2f, 0xff,
    0xff, 0xd0, 0x0, 0x0, 0x0, 0x0, 0x0, 0x0,
    0x0, 0x5f, 0xff, 0xff, 0x40, 0x0, 0x0, 0x0,
    0x0, 0x0, 0x0, 0x0, 0x9f, 0xff, 0xfb, 0x0,
    0x0, 0x0, 0x0, 0x0, 0x0, 0x0, 0x0, 0xdf,
    0xff, 0xf2, 0x0, 0x0, 0x0, 0x0, 0x0, 0x0,
    0x0, 0x1, 0xff, 0xff, 0x80, 0x0, 0x0, 0x0,
    0x0, 0x0, 0x0, 0x0, 0x5, 0xff, 0xfe, 0x10,
    0x0, 0x0, 0x0, 0x0, 0x0, 0x0, 0x0, 0x8,
    0xff, 0xf6, 0x0, 0x0, 0x0, 0x0, 0x0, 0x0,
    0x0, 0x0, 0xc, 0xff, 0xd0, 0x0, 0x0, 0x0,
    0x0, 0x0, 0x0, 0x0, 0x0, 0xf, 0xff, 0x30,
    0x0, 0x0, 0x0, 0x0, 0x0, 0x0, 0x0, 0x0,
    0x8, 0xf8, 0x0, 0x0, 0x0, 0x0, 0x0, 0x0,

    /* U+F0EA "" */
    0x0, 0x0, 0x0, 0x2, 0xbf, 0xfb, 0x20, 0x0,
    0x0, 0x0, 0x0, 0x0, 0x0, 0x0, 0x0, 0x0,
    0x0, 0x2f, 0xff, 0xff, 0xe2, 0x0, 0x0, 0x0,
    0x0, 0x0, 0x0, 0x0, 0x8f, 0xff, 0xff, 0xff,
    0xfa, 0xaf, 0xff, 0xff, 0xff, 0xf8, 0x0, 0x0,
    0x0, 0x0, 0xff, 0xff, 0xff, 0xff, 0xa0, 0xa,
    0xff, 0xff, 0xff, 0xff, 0x0, 0x0, 0x0, 0x0,
    0xff, 0xff, 0xff, 0xff, 0xa0, 0xa, 0xff, 0xff,
    0xff, 0xff, 0x0, 0x0, 0x0, 0x0, 0xff, 0xff,
    0xff, 0xff, 0xfa, 0xaf, 0xff, 0xff, 0xff, 0xff,
    0x0, 0x0, 0x0, 0x0, 0xff, 0xff, 0xff, 0xff,
    0xff, 0xff, 0xff, 0xff, 0xff, 0xff, 0x0, 0x0,
    0x0, 0x0, 0xff, 0xff, 0xff, 0xff, 0xff, 0xff,
    0xff, 0xff, 0xff, 0xff, 0x0, 0x0, 0x0, 0x0,
    0xff, 0xff, 0xff, 0xff, 0xfa, 0x20, 0x0, 0x0,
    0x0, 0x0, 0x0, 0x0, 0x0, 0x0, 0xff, 0xff,
    0xff, 0xff, 0xa0, 0x0, 0x0, 0x0, 0x0, 0x0,
    0x0, 0x0, 0x0, 0x0, 0xff, 0xff, 0xff, 0xff,
    0x20, 0x8f, 0xff, 0xff, 0xff, 0xff, 0x0, 0xf7,
    0x0, 0x0, 0xff, 0xff, 0xff, 0xff, 0x0, 0xff,
    0xff, 0xff, 0xff, 0xff, 0x0, 0xff, 0x80, 0x0,
    0xff, 0xff, 0xff, 0xff, 0x0, 0xff, 0xff, 0xff,
    0xff, 0xff, 0x0, 0xff, 0xf8, 0x0, 0xff, 0xff,
    0xff, 0xff, 0x0, 0xff, 0xff, 0xff, 0xff, 0xff,
    0x0, 0xff, 0xff, 0x80, 0xff, 0xff, 0xff, 0xff,
    0x0, 0xff, 0xff, 0xff, 0xff, 0xff, 0x0, 0xff,
    0xff, 0xf7, 0xff, 0xff, 0xff, 0xff, 0x0, 0xff,
    0xff, 0xff, 0xff, 0xff, 0x0, 0xff, 0xff, 0xff,
    0xff, 0xff, 0xff, 0xff, 0x0, 0xff, 0xff, 0xff,
    0xff, 0xff, 0x0, 0x0, 0x0, 0x0, 0xff, 0xff,
    0xff, 0xff, 0x0, 0xff, 0xff, 0xff, 0xff, 0xff,
    0x70, 0x0, 0x0, 0x0, 0xff, 0xff, 0xff, 0xff,
    0x0, 0xff, 0xff, 0xff, 0xff, 0xff, 0xff, 0xff,
    0xff, 0xff, 0xff, 0xff, 0xff, 0xff, 0x0, 0xff,
    0xff, 0xff, 0xff, 0xff, 0xff, 0xff, 0xff, 0xff,
    0xff, 0xff, 0xff, 0xff, 0x0, 0xff, 0xff, 0xff,
    0xff, 0xff, 0xff, 0xff, 0xff, 0xff, 0xff, 0xff,
    0xff, 0xff, 0x0, 0xff, 0xff, 0xff, 0xff, 0xff,
    0xff, 0xff, 0xff, 0xff, 0xff, 0xff, 0xff, 0xff,
    0x0, 0xff, 0xff, 0xff, 0xff, 0xff, 0xff, 0xff,
    0xff, 0xff, 0xff, 0xff, 0xff, 0xff, 0x0, 0xff,
    0xff, 0xff, 0xff, 0xff, 0xff, 0xff, 0xff, 0xff,
    0xff, 0xff, 0xff, 0xff, 0x0, 0xff, 0xff, 0xff,
    0xff, 0xff, 0xff, 0xff, 0xff, 0xff, 0x8f, 0xff,
    0xff, 0xff, 0x0, 0xff, 0xff, 0xff, 0xff, 0xff,
    0xff, 0xff, 0xff, 0xff, 0x0, 0x0, 0x0, 0x0,
    0x0, 0xff, 0xff, 0xff, 0xff, 0xff, 0xff, 0xff,
    0xff, 0xff, 0x0, 0x0, 0x0, 0x0, 0x0, 0xff,
    0xff, 0xff, 0xff, 0xff, 0xff, 0xff, 0xff, 0xff,
    0x0, 0x0, 0x0, 0x0, 0x0, 0xff, 0xff, 0xff,
    0xff, 0xff, 0xff, 0xff, 0xff, 0xff, 0x0, 0x0,
    0x0, 0x0, 0x0, 0xff, 0xff, 0xff, 0xff, 0xff,
    0xff, 0xff, 0xff, 0xff, 0x0, 0x0, 0x0, 0x0,
    0x0, 0xff, 0xff, 0xff, 0xff, 0xff, 0xff, 0xff,
    0xff, 0xff, 0x0, 0x0, 0x0, 0x0, 0x0, 0x8f,
    0xff, 0xff, 0xff, 0xff, 0xff, 0xff, 0xff, 0xf8,

    /* U+F0F3 "" */
    0x0, 0x0, 0x0, 0x0, 0x0, 0x0, 0x4e, 0xe4,
    0x0, 0x0, 0x0, 0x0, 0x0, 0x0, 0x0, 0x0,
    0x0, 0x0, 0x0, 0x0, 0xef, 0xfe, 0x0, 0x0,
    0x0, 0x0, 0x0, 0x0, 0x0, 0x0, 0x0, 0x0,
    0x0, 0x0, 0xff, 0xff, 0x0, 0x0, 0x0, 0x0,
    0x0, 0x0, 0x0, 0x0, 0x0, 0x0, 0x0, 0x48,
    0xff, 0xff, 0x83, 0x0, 0x0, 0x0, 0x0, 0x0,
    0x0, 0x0, 0x0, 0x0, 0x4d, 0xff, 0xff, 0xff,
    0xff, 0xd3, 0x0, 0x0, 0x0, 0x0, 0x0, 0x0,
    0x0, 0x8, 0xff, 0xff, 0xff, 0xff, 0xff, 0xff,
    0x80, 0x0, 0x0, 0x0, 0x0, 0x0, 0x0, 0x8f,
    0xff, 0xff, 0xff, 0xff, 0xff, 0xff, 0xf8, 0x0,
    0x0, 0x0, 0x0, 0x0, 0x5, 0xff, 0xff, 0xff,
    0xff, 0xff, 0xff, 0xff, 0xff, 0x40, 0x0, 0x0,
    0x0, 0x0, 0xe, 0xff, 0xff, 0xff, 0xff, 0xff,
    0xff, 0xff, 0xff, 0xe0, 0x0, 0x0, 0x0, 0x0,
    0x5f, 0xff, 0xff, 0xff, 0xff, 0xff, 0xff, 0xff,
    0xff, 0xf5, 0x0, 0x0, 0x0, 0x0, 0xaf, 0xff,
    0xff, 0xff, 0xff, 0xff, 0xff, 0xff, 0xff, 0xfa,
    0x0, 0x0, 0x0, 0x0, 0xef, 0xff, 0xff, 0xff,
    0xff, 0xff, 0xff, 0xff, 0xff, 0xfd, 0x0, 0x0,
    0x0, 0x0, 0xff, 0xff, 0xff, 0xff, 0xff, 0xff,
    0xff, 0xff, 0xff, 0xff, 0x0, 0x0, 0x0, 0x0,
    0xff, 0xff, 0xff, 0xff, 0xff, 0xff, 0xff, 0xff,
    0xff, 0xff, 0x0, 0x0, 0x0, 0x1, 0xff, 0xff,
    0xff, 0xff, 0xff, 0xff, 0xff, 0xff, 0xff, 0xff,
    0x10, 0x0, 0x0, 0x2, 0xff, 0xff, 0xff, 0xff,
    0xff, 0xff, 0xff, 0xff, 0xff, 0xff, 0x20, 0x0,
    0x0, 0x5, 0xff, 0xff, 0xff, 0xff, 0xff, 0xff,
    0xff, 0xff, 0xff, 0xff, 0x50, 0x0, 0x0, 0x8,
    0xff, 0xff, 0xff, 0xff, 0xff, 0xff, 0xff, 0xff,
    0xff, 0xff, 0x80, 0x0, 0x0, 0xd, 0xff, 0xff,
    0xff, 0xff, 0xff, 0xff, 0xff, 0xff, 0xff, 0xff,
    0xd0, 0x0, 0x0, 0x3f, 0xff, 0xff, 0xff, 0xff,
    0xff, 0xff, 0xff, 0xff, 0xff, 0xff, 0xf3, 0x0,
    0x0, 0xaf, 0xff, 0xff, 0xff, 0xff, 0xff, 0xff,
    0xff, 0xff, 0xff, 0xff, 0xfa, 0x0, 0x7, 0xff,
    0xff, 0xff, 0xff, 0xff, 0xff, 0xff, 0xff, 0xff,
    0xff, 0xff, 0xff, 0x70, 0x5f, 0xff, 0xff, 0xff,
    0xff, 0xff, 0xff, 0xff, 0xff, 0xff, 0xff, 0xff,
    0xff, 0xf5, 0xef, 0xff, 0xff, 0xff, 0xff, 0xff,
    0xff, 0xff, 0xff, 0xff, 0xff, 0xff, 0xff, 0xfe,
    0xdf, 0xff, 0xff, 0xff, 0xff, 0xff, 0xff, 0xff,
    0xff, 0xff, 0xff, 0xff, 0xff, 0xfe, 0x4e, 0xff,
    0xff, 0xff, 0xff, 0xff, 0xff, 0xff, 0xff, 0xff,
    0xff, 0xff, 0xff, 0xe4, 0x0, 0x0, 0x0, 0x0,
    0x0, 0x0, 0x0, 0x0, 0x0, 0x0, 0x0, 0x0,
    0x0, 0x0, 0x0, 0x0, 0x0, 0x0, 0x0, 0x0,
    0x0, 0x0, 0x0, 0x0, 0x0, 0x0, 0x0, 0x0,
    0x0, 0x0, 0x0, 0x0, 0x0, 0xff, 0xff, 0xff,
    0xff, 0x0, 0x0, 0x0, 0x0, 0x0, 0x0, 0x0,
    0x0, 0x0, 0x0, 0xbf, 0xff, 0xff, 0xfb, 0x0,
    0x0, 0x0, 0x0, 0x0, 0x0, 0x0, 0x0, 0x0,
    0x0, 0x2e, 0xff, 0xff, 0xe2, 0x0, 0x0, 0x0,
    0x0, 0x0, 0x0, 0x0, 0x0, 0x0, 0x0, 0x2,
    0xbf, 0xfb, 0x20, 0x0, 0x0, 0x0, 0x0, 0x0,

    /* U+F11C "" */
    0x8, 0xef, 0xff, 0xff, 0xff, 0xff, 0xff, 0xff,
    0xff, 0xff, 0xff, 0xff, 0xff, 0xff, 0xff, 0xff,
    0xfe, 0x80, 0x8f, 0xff, 0xff, 0xff, 0xff, 0xff,
    0xff, 0xff, 0xff, 0xff, 0xff, 0xff, 0xff, 0xff,
    0xff, 0xff, 0xff, 0xf8, 0xef, 0xff, 0xff, 0xff,
    0xff, 0xff, 0xff, 0xff, 0xff, 0xff, 0xff, 0xff,
    0xff, 0xff, 0xff, 0xff, 0xff, 0xfe, 0xff, 0xff,
    0xff, 0xff, 0xff, 0xff, 0xff, 0xff, 0xff, 0xff,
    0xff, 0xff, 0xff, 0xff, 0xff, 0xff, 0xff, 0xff,
    0xff, 0xff, 0x20, 0x2, 0xff, 0x20, 0x2, 0xff,
    0x20, 0x2, 0xff, 0x20, 0x2, 0xff, 0x20, 0x2,
    0xff, 0xff, 0xff, 0xff, 0x0, 0x0, 0xff, 0x0,
    0x0, 0xff, 0x0, 0x0, 0xff, 0x0, 0x0, 0xff,
    0x0, 0x0, 0xff, 0xff, 0xff, 0xff, 0x0, 0x0,
    0xff, 0x0, 0x0, 0xff, 0x0, 0x0, 0xff, 0x0,
    0x0, 0xff, 0x0, 0x0, 0xff, 0xff, 0xff, 0xff,
    0x20, 0x2, 0xff, 0x20, 0x2, 0xff, 0x20, 0x2,
    0xff, 0x20, 0x2, 0xff, 0x20, 0x2, 0xff, 0xff,
    0xff, 0xff, 0xff, 0xff, 0xff, 0xff, 0xff, 0xff,
    0xff, 0xff, 0xff, 0xff, 0xff, 0xff, 0xff, 0xff,
    0xff, 0xff, 0xff, 0xff, 0xff, 0xff, 0xff, 0xff,
    0xff, 0xff, 0xff, 0xff, 0xff, 0xff, 0xff, 0xff,
    0xff, 0xff, 0xff, 0xff, 0xff, 0xff, 0xff, 0xf2,
    0x0, 0x2f, 0xf2, 0x0, 0x2f, 0xf2, 0x0, 0x2f,
    0xf2, 0x0, 0x2f, 0xff, 0xff, 0xff, 0xff, 0xff,
    0xff, 0xf0, 0x0, 0xf, 0xf0, 0x0, 0xf, 0xf0,
    0x0, 0xf, 0xf0, 0x0, 0xf, 0xff, 0xff, 0xff,
    0xff, 0xff, 0xff, 0xf0, 0x0, 0xf, 0xf0, 0x0,
    0xf, 0xf0, 0x0, 0xf, 0xf0, 0x0, 0xf, 0xff,
    0xff, 0xff, 0xff, 0xff, 0xff, 0xf2, 0x0, 0x2f,
    0xf2, 0x0, 0x2f, 0xf2, 0x0, 0x2f, 0xf2, 0x0,
    0x2f, 0xff, 0xff, 0xff, 0xff, 0xff, 0xff, 0xff,
    0xff, 0xff, 0xff, 0xff, 0xff, 0xff, 0xff, 0xff,
    0xff, 0xff, 0xff, 0xff, 0xff, 0xff, 0xff, 0xff,
    0xff, 0xff, 0xff, 0xff, 0xff, 0xff, 0xff, 0xff,
    0xff, 0xff, 0xff, 0xff, 0xff, 0xff, 0xff, 0xff,
    0xff, 0xff, 0x20, 0x2, 0xff, 0x20, 0x0, 0x0,
    0x0, 0x0, 0x0, 0x0, 0x2, 0xff, 0x20, 0x2,
    0xff, 0xff, 0xff, 0xff, 0x0, 0x0, 0xff, 0x0,
    0x0, 0x0, 0x0, 0x0, 0x0, 0x0, 0x0, 0xff,
    0x0, 0x0, 0xff, 0xff, 0xff, 0xff, 0x0, 0x0,
    0xff, 0x0, 0x0, 0x0, 0x0, 0x0, 0x0, 0x0,
    0x0, 0xff, 0x0, 0x0, 0xff, 0xff, 0xff, 0xff,
    0x20, 0x2, 0xff, 0x20, 0x0, 0x0, 0x0, 0x0,
    0x0, 0x0, 0x2, 0xff, 0x20, 0x2, 0xff, 0xff,
    0xff, 0xff, 0xff, 0xff, 0xff, 0xff, 0xff, 0xff,
    0xff, 0xff, 0xff, 0xff, 0xff, 0xff, 0xff, 0xff,
    0xff, 0xff, 0xef, 0xff, 0xff, 0xff, 0xff, 0xff,
    0xff, 0xff, 0xff, 0xff, 0xff, 0xff, 0xff, 0xff,
    0xff, 0xff, 0xff, 0xfe, 0x8f, 0xff, 0xff, 0xff,
    0xff, 0xff, 0xff, 0xff, 0xff, 0xff, 0xff, 0xff,
    0xff, 0xff, 0xff, 0xff, 0xff, 0xf8, 0x8, 0xef,
    0xff, 0xff, 0xff, 0xff, 0xff, 0xff, 0xff, 0xff,
    0xff, 0xff, 0xff, 0xff, 0xff, 0xff, 0xfe, 0x80,

    /* U+F124 "" */
    0x0, 0x0, 0x0, 0x0, 0x0, 0x0, 0x0, 0x0,
    0x0, 0x0, 0x0, 0x0, 0x0, 0x0, 0x0, 0x0,
    0x0, 0x0, 0x0, 0x0, 0x0, 0x0, 0x0, 0x0,
    0x0, 0x0, 0x0, 0x0, 0x0, 0x0, 0x2, 0x9e,
    0xe6, 0x0, 0x0, 0x0, 0x0, 0x0, 0x0, 0x0,
    0x0, 0x0, 0x0, 0x0, 0x0, 0x0, 0x3, 0xbf,
    0xff, 0xff, 0x60, 0x0, 0x0, 0x0, 0x0, 0x0,
    0x0, 0x0, 0x0, 0x0, 0x0, 0x0, 0x4, 0xcf,
    0xff, 0xff, 0xff, 0xe0, 0x0, 0x0, 0x0, 0x0,
    0x0, 0x0, 0x0, 0x0, 0x0, 0x0, 0x6, 0xdf,
    0xff, 0xff, 0xff, 0xff, 0xe0, 0x0, 0x0, 0x0,
    0x0, 0x0, 0x0, 0x0, 0x0, 0x0, 0x17, 0xef,
    0xff, 0xff, 0xff, 0xff, 0xff, 0x90, 0x0, 0x0,
    0x0, 0x0, 0x0, 0x0, 0x0, 0x0, 0x18, 0xff,
    0xff, 0xff, 0xff, 0xff, 0xff, 0xff, 0x20, 0x0,
    0x0, 0x0, 0x0, 0x0, 0x0, 0x0, 0x2a, 0xff,
    0xff, 0xff, 0xff, 0xff, 0xff, 0xff, 0xfa, 0x0,
    0x0, 0x0, 0x0, 0x0, 0x0, 0x0, 0x4b, 0xff,
    0xff, 0xff, 0xff, 0xff, 0xff, 0xff, 0xff, 0xf3,
    0x0, 0x0, 0x0, 0x0, 0x0, 0x0, 0x5c, 0xff,
    0xff, 0xff, 0xff, 0xff, 0xff, 0xff, 0xff, 0xff,
    0xc0, 0x0, 0x0, 0x0, 0x0, 0x0, 0x6d, 0xff,
    0xff, 0xff, 0xff, 0xff, 0xff, 0xff, 0xff, 0xff,
    0xff, 0x40, 0x0, 0x0, 0x0, 0x1, 0x8e, 0xff,
    0xff, 0xff, 0xff, 0xff, 0xff, 0xff, 0xff, 0xff,
    0xff, 0xfd, 0x0, 0x0, 0x0, 0x2, 0x9f, 0xff,
    0xff, 0xff, 0xff, 0xff, 0xff, 0xff, 0xff, 0xff,
    0xff, 0xff, 0xf6, 0x0, 0x0, 0x0, 0x9f, 0xff,
    0xff, 0xff, 0xff, 0xff, 0xff, 0xff, 0xff, 0xff,
    0xff, 0xff, 0xff, 0xe0, 0x0, 0x0, 0x9, 0xff,
    0xff, 0xff, 0xff, 0xff, 0xff, 0xff, 0xff, 0xff,
    0xff, 0xff, 0xff, 0xff, 0x70, 0x0, 0x0, 0xf,
    0xff, 0xff, 0xff, 0xff, 0xff, 0xff, 0xff, 0xff,
    0xff, 0xff, 0xff, 0xff, 0xff, 0x10, 0x0, 0x0,
    0xf, 0xff, 0xff, 0xff, 0xff, 0xff, 0xff, 0xff,
    0xff, 0xff, 0xff, 0xff, 0xff, 0xf8, 0x0, 0x0,
    0x0, 0x9, 0xff, 0xff, 0xff, 0xff, 0xff, 0xff,
    0xff, 0xff, 0xff, 0xff, 0xff, 0xff, 0xf1, 0x0,
    0x0, 0x0, 0x0, 0x9f, 0xff, 0xff, 0xff, 0xff,
    0xff, 0xff, 0xff, 0xff, 0xff, 0xff, 0xff, 0xa0,
    0x0, 0x0, 0x0, 0x0, 0x0, 0x0, 0x0, 0x0,
    0x0, 0x0, 0xf, 0xff, 0xff, 0xff, 0xff, 0xff,
    0x20, 0x0, 0x0, 0x0, 0x0, 0x0, 0x0, 0x0,
    0x0, 0x0, 0x0, 0xf, 0xff, 0xff, 0xff, 0xff,
    0xfb, 0x0, 0x0, 0x0, 0x0, 0x0, 0x0, 0x0,
    0x0, 0x0, 0x0, 0x0, 0xf, 0xff, 0xff, 0xff,
    0xff, 0xf4, 0x0, 0x0, 0x0, 0x0, 0x0, 0x0,
    0x0, 0x0, 0x0, 0x0, 0x0, 0xf, 0xff, 0xff,
    0xff, 0xff, 0xc0, 0x0, 0x0, 0x0, 0x0, 0x0,
    0x0, 0x0, 0x0, 0x0, 0x0, 0x0, 0xf, 0xff,
    0xff, 0xff, 0xff, 0x50, 0x0, 0x0, 0x0, 0x0,
    0x0, 0x0, 0x0, 0x0, 0x0, 0x0, 0x0, 0xf,
    0xff, 0xff, 0xff, 0xfd, 0x0, 0x0, 0x0, 0x0,
    0x0, 0x0, 0x0, 0x0, 0x0, 0x0, 0x0, 0x0,
    0xf, 0xff, 0xff, 0xff, 0xf6, 0x0, 0x0, 0x0,
    0x0, 0x0, 0x0, 0x0, 0x0, 0x0, 0x0, 0x0,
    0x0, 0xf, 0xff, 0xff, 0xff, 0xe0, 0x0, 0x0,
    0x0, 0x0, 0x0, 0x0, 0x0, 0x0, 0x0, 0x0,
    0x0, 0x0, 0xf, 0xff, 0xff, 0xff, 0x80, 0x0,
    0x0, 0x0, 0x0, 0x0, 0x0, 0x0, 0x0, 0x0,
    0x0, 0x0, 0x0, 0xf, 0xff, 0xff, 0xff, 0x10,
    0x0, 0x0, 0x0, 0x0, 0x0, 0x0, 0x0, 0x0,
    0x0, 0x0, 0x0, 0x0, 0xf, 0xff, 0xff, 0xf9,
    0x0, 0x0, 0x0, 0x0, 0x0, 0x0, 0x0, 0x0,
    0x0, 0x0, 0x0, 0x0, 0x0, 0xe, 0xff, 0xff,
    0xf2, 0x0, 0x0, 0x0, 0x0, 0x0, 0x0, 0x0,
    0x0, 0x0, 0x0, 0x0, 0x0, 0x0, 0x8, 0xff,
    0xff, 0x90, 0x0, 0x0, 0x0, 0x0, 0x0, 0x0,
    0x0, 0x0, 0x0, 0x0, 0x0, 0x0, 0x0, 0x0,
    0x8e, 0xe8, 0x0, 0x0, 0x0, 0x0, 0x0, 0x0,
    0x0, 0x0, 0x0, 0x0, 0x0, 0x0, 0x0, 0x0,
    0x0, 0x0, 0x0, 0x0, 0x0, 0x0, 0x0, 0x0,
    0x0, 0x0,

    /* U+F15B "" */
    0x8f, 0xff, 0xff, 0xff, 0xff, 0xff, 0xff, 0x0,
    0xf7, 0x0, 0x0, 0x0, 0xff, 0xff, 0xff, 0xff,
    0xff, 0xff, 0xff, 0x0, 0xff, 0x80, 0x0, 0x0,
    0xff, 0xff, 0xff, 0xff, 0xff, 0xff, 0xff, 0x0,
    0xff, 0xf8, 0x0, 0x0, 0xff, 0xff, 0xff, 0xff,
    0xff, 0xff, 0xff, 0x0, 0xff, 0xff, 0x80, 0x0,
    0xff, 0xff, 0xff, 0xff, 0xff, 0xff, 0xff, 0x0,
    0xff, 0xff, 0xf8, 0x0, 0xff, 0xff, 0xff, 0xff,
    0xff, 0xff, 0xff, 0x0, 0xff, 0xff, 0xff, 0x80,
    0xff, 0xff, 0xff, 0xff, 0xff, 0xff, 0xff, 0x0,
    0xff, 0xff, 0xff, 0xf7, 0xff, 0xff, 0xff, 0xff,
    0xff, 0xff, 0xff, 0x0, 0xff, 0xff, 0xff, 0xff,
    0xff, 0xff, 0xff, 0xff, 0xff, 0xff, 0xff, 0x0,
    0x0, 0x0, 0x0, 0x0, 0xff, 0xff, 0xff, 0xff,
    0xff, 0xff, 0xff, 0x70, 0x0, 0x0, 0x0, 0x0,
    0xff, 0xff, 0xff, 0xff, 0xff, 0xff, 0xff, 0xff,
    0xff, 0xff, 0xff, 0xff, 0xff, 0xff, 0xff, 0xff,
    0xff, 0xff, 0xff, 0xff, 0xff, 0xff, 0xff, 0xff,
    0xff, 0xff, 0xff, 0xff, 0xff, 0xff, 0xff, 0xff,
    0xff, 0xff, 0xff, 0xff, 0xff, 0xff, 0xff, 0xff,
    0xff, 0xff, 0xff, 0xff, 0xff, 0xff, 0xff, 0xff,
    0xff, 0xff, 0xff, 0xff, 0xff, 0xff, 0xff, 0xff,
    0xff, 0xff, 0xff, 0xff, 0xff, 0xff, 0xff, 0xff,
    0xff, 0xff, 0xff, 0xff, 0xff, 0xff, 0xff, 0xff,
    0xff, 0xff, 0xff, 0xff, 0xff, 0xff, 0xff, 0xff,
    0xff, 0xff, 0xff, 0xff, 0xff, 0xff, 0xff, 0xff,
    0xff, 0xff, 0xff, 0xff, 0xff, 0xff, 0xff, 0xff,
    0xff, 0xff, 0xff, 0xff, 0xff, 0xff, 0xff, 0xff,
    0xff, 0xff, 0xff, 0xff, 0xff, 0xff, 0xff, 0xff,
    0xff, 0xff, 0xff, 0xff, 0xff, 0xff, 0xff, 0xff,
    0xff, 0xff, 0xff, 0xff, 0xff, 0xff, 0xff, 0xff,
    0xff, 0xff, 0xff, 0xff, 0xff, 0xff, 0xff, 0xff,
    0xff, 0xff, 0xff, 0xff, 0xff, 0xff, 0xff, 0xff,
    0xff, 0xff, 0xff, 0xff, 0xff, 0xff, 0xff, 0xff,
    0xff, 0xff, 0xff, 0xff, 0xff, 0xff, 0xff, 0xff,
    0xff, 0xff, 0xff, 0xff, 0xff, 0xff, 0xff, 0xff,
    0xff, 0xff, 0xff, 0xff, 0xff, 0xff, 0xff, 0xff,
    0xff, 0xff, 0xff, 0xff, 0xff, 0xff, 0xff, 0xff,
    0xff, 0xff, 0xff, 0xff, 0xff, 0xff, 0xff, 0xff,
    0xff, 0xff, 0xff, 0xff, 0xff, 0xff, 0xff, 0xff,
    0xff, 0xff, 0xff, 0xff, 0xff, 0xff, 0xff, 0xff,
    0xff, 0xff, 0xff, 0xff, 0xff, 0xff, 0xff, 0xff,
    0xff, 0xff, 0xff, 0xff, 0xff, 0xff, 0xff, 0xff,
    0xff, 0xff, 0xff, 0xff, 0xff, 0xff, 0xff, 0xff,
    0xff, 0xff, 0xff, 0xff, 0xff, 0xff, 0xff, 0xff,
    0xff, 0xff, 0xff, 0xff, 0xff, 0xff, 0xff, 0xff,
    0xff, 0xff, 0xff, 0xff, 0x8f, 0xff, 0xff, 0xff,
    0xff, 0xff, 0xff, 0xff, 0xff, 0xff, 0xff, 0xf8,

    /* U+F1EB "" */
    0x0, 0x0, 0x0, 0x0, 0x0, 0x0, 0x0, 0x0,
    0x0, 0x0, 0x0, 0x0, 0x0, 0x0, 0x0, 0x0,
    0x0, 0x0, 0x0, 0x0, 0x0, 0x0, 0x0, 0x0,
    0x0, 0x0, 0x4, 0x7a, 0xde, 0xff, 0xff, 0xed,
    0xa7, 0x40, 0x0, 0x0, 0x0, 0x0, 0x0, 0x0,
    0x0, 0x0, 0x0, 0x0, 0x1, 0x6b, 0xff, 0xff,
    0xff, 0xff, 0xff, 0xff, 0xff, 0xff, 0xb6, 0x10,
    0x0, 0x0, 0x0, 0x0, 0x0, 0x0, 0x0, 0x2,
    0xaf, 0xff, 0xff, 0xff, 0xff, 0xff, 0xff, 0xff,
    0xff, 0xff, 0xff, 0xfa, 0x20, 0x0, 0x0, 0x0,
    0x0, 0x0, 0x2, 0xbf, 0xff, 0xff, 0xff, 0xff,
    0xff, 0xff, 0xff, 0xff, 0xff, 0xff, 0xff, 0xff,
    0xfb, 0x20, 0x0, 0x0, 0x0, 0x0, 0x7f, 0xff,
    0xff, 0xff, 0xff, 0xff, 0xff, 0xff, 0xff, 0xff,
    0xff, 0xff, 0xff, 0xff, 0xff, 0xf7, 0x0, 0x0,
    0x0, 0x2d, 0xff, 0xff, 0xff, 0xff, 0xfd, 0x96,
    0x42, 0x10, 0x1, 0x24, 0x69, 0xdf, 0xff, 0xff,
    0xff, 0xff, 0xd2, 0x0, 0x4, 0xff, 0xff, 0xff,
    0xff, 0xe8, 0x20, 0x0, 0x0, 0x0, 0x0, 0x0,
    0x0, 0x2, 0x8e, 0xff, 0xff, 0xff, 0xff, 0x40,
    0x7f, 0xff, 0xff, 0xff, 0xd5, 0x0, 0x0, 0x0,
    0x0, 0x0, 0x0, 0x0, 0x0, 0x0, 0x0, 0x5d,
    0xff, 0xff, 0xff, 0xf7, 0xef, 0xff, 0xff, 0xf7,
    0x0, 0x0, 0x0, 0x0, 0x0, 0x0, 0x0, 0x0,
    0x0, 0x0, 0x0, 0x0, 0x7f, 0xff, 0xff, 0xfe,
    0x5f, 0xff, 0xfd, 0x20, 0x0, 0x0, 0x0, 0x0,
    0x0, 0x0, 0x0, 0x0, 0x0, 0x0, 0x0, 0x0,
    0x2, 0xdf, 0xff, 0xf5, 0x5, 0xff, 0xa0, 0x0,
    0x0, 0x0, 0x0, 0x37, 0xbd, 0xef, 0xfe, 0xdb,
    0x73, 0x0, 0x0, 0x0, 0x0, 0xa, 0xff, 0x50,
    0x0, 0x46, 0x0, 0x0, 0x0, 0x1, 0x8e, 0xff,
    0xff, 0xff, 0xff, 0xff, 0xff, 0xe8, 0x10, 0x0,
    0x0, 0x0, 0x64, 0x0, 0x0, 0x0, 0x0, 0x0,
    0x0, 0x8f, 0xff, 0xff, 0xff, 0xff, 0xff, 0xff,
    0xff, 0xff, 0xf8, 0x0, 0x0, 0x0, 0x0, 0x0,
    0x0, 0x0, 0x0, 0x0, 0x3d, 0xff, 0xff, 0xff,
    0xff, 0xff, 0xff, 0xff, 0xff, 0xff, 0xff, 0xd3,
    0x0, 0x0, 0x0, 0x0, 0x0, 0x0, 0x0, 0x6,
    0xff, 0xff, 0xff, 0xff, 0xff, 0xff, 0xff, 0xff,
    0xff, 0xff, 0xff, 0xff, 0x60, 0x0, 0x0, 0x0,
    0x0, 0x0, 0x0, 0xf, 0xff, 0xff, 0xff, 0xfb,
    0x73, 0x20, 0x2, 0x37, 0xbf, 0xff, 0xff, 0xff,
    0xf0, 0x0, 0x0, 0x0, 0x0, 0x0, 0x0, 0x6,
    0xff, 0xff, 0xf9, 0x20, 0x0, 0x0, 0x0, 0x0,
    0x2, 0x9f, 0xff, 0xff, 0x60, 0x0, 0x0, 0x0,
    0x0, 0x0, 0x0, 0x0, 0x7f, 0xfd, 0x20, 0x0,
    0x0, 0x0, 0x0, 0x0, 0x0, 0x3, 0xdf, 0xf7,
    0x0, 0x0, 0x0, 0x0, 0x0, 0x0, 0x0, 0x0,
    0x6, 0x80, 0x0, 0x0, 0x0, 0x0, 0x0, 0x0,
    0x0, 0x0, 0x8, 0x60, 0x0, 0x0, 0x0, 0x0,
    0x0, 0x0, 0x0, 0x0, 0x0, 0x0, 0x0, 0x0,
    0x0, 0x0, 0x0, 0x0, 0x0, 0x0, 0x0, 0x0,
    0x0, 0x0, 0x0, 0x0, 0x0, 0x0, 0x0, 0x0,
    0x0, 0x0, 0x0, 0x0, 0x2, 0xbf, 0xfb, 0x20,
    0x0, 0x0, 0x0, 0x0, 0x0, 0x0, 0x0, 0x0,
    0x0, 0x0, 0x0, 0x0, 0x0, 0x0, 0x0, 0x0,
    0x2f, 0xff, 0xff, 0xf2, 0x0, 0x0, 0x0, 0x0,
    0x0, 0x0, 0x0, 0x0, 0x0, 0x0, 0x0, 0x0,
    0x0, 0x0, 0x0, 0x0, 0xbf, 0xff, 0xff, 0xfb,
    0x0, 0x0, 0x0, 0x0, 0x0, 0x0, 0x0, 0x0,
    0x0, 0x0, 0x0, 0x0, 0x0, 0x0, 0x0, 0x0,
    0xff, 0xff, 0xff, 0xff, 0x0, 0x0, 0x0, 0x0,
    0x0, 0x0, 0x0, 0x0, 0x0, 0x0, 0x0, 0x0,
    0x0, 0x0, 0x0, 0x0, 0xff, 0xff, 0xff, 0xff,
    0x0, 0x0, 0x0, 0x0, 0x0, 0x0, 0x0, 0x0,
    0x0, 0x0, 0x0, 0x0, 0x0, 0x0, 0x0, 0x0,
    0xbf, 0xff, 0xff, 0xfb, 0x0, 0x0, 0x0, 0x0,
    0x0, 0x0, 0x0, 0x0, 0x0, 0x0, 0x0, 0x0,
    0x0, 0x0, 0x0, 0x0, 0x2f, 0xff, 0xff, 0xf2,
    0x0, 0x0, 0x0, 0x0, 0x0, 0x0, 0x0, 0x0,
    0x0, 0x0, 0x0, 0x0, 0x0, 0x0, 0x0, 0x0,
    0x2, 0xbf, 0xfb, 0x20, 0x0, 0x0, 0x0, 0x0,
    0x0, 0x0, 0x0, 0x0,

    /* U+F240 "" */
    0x8, 0xef, 0xff, 0xff, 0xff, 0xff, 0xff, 0xff,
    0xff, 0xff, 0xff, 0xff, 0xff, 0xff, 0xff, 0xff,
    0xff, 0xfe, 0x80, 0x0, 0x8f, 0xff, 0xff, 0xff,
    0xff, 0xff, 0xff, 0xff, 0xff, 0xff, 0xff, 0xff,
    0xff, 0xff, 0xff, 0xff, 0xff, 0xff, 0xf8, 0x0,
    0xef, 0xff, 0xff, 0xff, 0xff, 0xff, 0xff, 0xff,
    0xff, 0xff, 0xff, 0xff, 0xff, 0xff, 0xff, 0xff,
    0xff, 0xff, 0xfe, 0x0, 0xff, 0xff, 0xff, 0xff,
    0xff, 0xff, 0xff, 0xff, 0xff, 0xff, 0xff, 0xff,
    0xff, 0xff, 0xff, 0xff, 0xff, 0xff, 0xff, 0x0,
    0xff, 0xff, 0x0, 0x0, 0x0, 0x0, 0x0, 0x0,
    0x0, 0x0, 0x0, 0x0, 0x0, 0x0, 0x0, 0x0,
    0x0, 0xff, 0xff, 0xf8, 0xff, 0xff, 0x0, 0x0,
    0x0, 0x0, 0x0, 0x0, 0x0, 0x0, 0x0, 0x0,
    0x0, 0x0, 0x0, 0x0, 0x0, 0xff, 0xff, 0xff,
    0xff, 0xff, 0x0, 0xff, 0xff, 0xff, 0xff, 0xff,
    0xff, 0xff, 0xff, 0xff, 0xff, 0xff, 0xff, 0xff,
    0x0, 0xff, 0xff, 0xff, 0xff, 0xff, 0x0, 0xff,
    0xff, 0xff, 0xff, 0xff, 0xff, 0xff, 0xff, 0xff,
    0xff, 0xff, 0xff, 0xff, 0x0, 0xff, 0xff, 0xff,
    0xff, 0xff, 0x0, 0xff, 0xff, 0xff, 0xff, 0xff,
    0xff, 0xff, 0xff, 0xff, 0xff, 0xff, 0xff, 0xff,
    0x0, 0x0, 0xff, 0xff, 0xff, 0xff, 0x0, 0xff,
    0xff, 0xff, 0xff, 0xff, 0xff, 0xff, 0xff, 0xff,
    0xff, 0xff, 0xff, 0xff, 0x0, 0x0, 0xff, 0xff,
    0xff, 0xff, 0x0, 0xff, 0xff, 0xff, 0xff, 0xff,
    0xff, 0xff, 0xff, 0xff, 0xff, 0xff, 0xff, 0xff,
    0x0, 0x0, 0xff, 0xff, 0xff, 0xff, 0x0, 0xff,
    0xff, 0xff, 0xff, 0xff, 0xff, 0xff, 0xff, 0xff,
    0xff, 0xff, 0xff, 0xff, 0x0, 0x0, 0xff, 0xff,
    0xff, 0xff, 0x0, 0xff, 0xff, 0xff, 0xff, 0xff,
    0xff, 0xff, 0xff, 0xff, 0xff, 0xff, 0xff, 0xff,
    0x0, 0xff, 0xff, 0xff, 0xff, 0xff, 0x0, 0xff,
    0xff, 0xff, 0xff, 0xff, 0xff, 0xff, 0xff, 0xff,
    0xff, 0xff, 0xff, 0xff, 0x0, 0xff, 0xff, 0xff,
    0xff, 0xff, 0x0, 0x0, 0x0, 0x0, 0x0, 0x0,
    0x0, 0x0, 0x0, 0x0, 0x0, 0x0, 0x0, 0x0,
    0x0, 0xff, 0xff, 0xff, 0xff, 0xff, 0x0, 0x0,
    0x0, 0x0, 0x0, 0x0, 0x0, 0x0, 0x0, 0x0,
    0x0, 0x0, 0x0, 0x0, 0x0, 0xff, 0xff, 0xf8,
    0xff, 0xff, 0xff, 0xff, 0xff, 0xff, 0xff, 0xff,
    0xff, 0xff, 0xff, 0xff, 0xff, 0xff, 0xff, 0xff,
    0xff, 0xff, 0xff, 0x0, 0xef, 0xff, 0xff, 0xff,
    0xff, 0xff, 0xff, 0xff, 0xff, 0xff, 0xff, 0xff,
    0xff, 0xff, 0xff, 0xff, 0xff, 0xff, 0xfe, 0x0,
    0x8f, 0xff, 0xff, 0xff, 0xff, 0xff, 0xff, 0xff,
    0xff, 0xff, 0xff, 0xff, 0xff, 0xff, 0xff, 0xff,
    0xff, 0xff, 0xf8, 0x0, 0x8, 0xef, 0xff, 0xff,
    0xff, 0xff, 0xff, 0xff, 0xff, 0xff, 0xff, 0xff,
    0xff, 0xff, 0xff, 0xff, 0xff, 0xfe, 0x80, 0x0,

    /* U+F241 "" */
    0x8, 0xef, 0xff, 0xff, 0xff, 0xff, 0xff, 0xff,
    0xff, 0xff, 0xff, 0xff, 0xff, 0xff, 0xff, 0xff,
    0xff, 0xfe, 0x80, 0x0, 0x8f, 0xff, 0xff, 0xff,
    0xff, 0xff, 0xff, 0xff, 0xff, 0xff, 0xff, 0xff,
    0xff, 0xff, 0xff, 0xff, 0xff, 0xff, 0xf8, 0x0,
    0xef, 0xff, 0xff, 0xff, 0xff, 0xff, 0xff, 0xff,
    0xff, 0xff, 0xff, 0xff, 0xff, 0xff, 0xff, 0xff,
    0xff, 0xff, 0xfe, 0x0, 0xff, 0xff, 0xff, 0xff,
    0xff, 0xff, 0xff, 0xff, 0xff, 0xff, 0xff, 0xff,
    0xff, 0xff, 0xff, 0xff, 0xff, 0xff, 0xff, 0x0,
    0xff, 0xff, 0x0, 0x0, 0x0, 0x0, 0x0, 0x0,
    0x0, 0x0, 0x0, 0x0, 0x0, 0x0, 0x0, 0x0,
    0x0, 0xff, 0xff, 0xf8, 0xff, 0xff, 0x0, 0x0,
    0x0, 0x0, 0x0, 0x0, 0x0, 0x0, 0x0, 0x0,
    0x0, 0x0, 0x0, 0x0, 0x0, 0xff, 0xff, 0xff,
    0xff, 0xff, 0x0, 0xff, 0xff, 0xff, 0xff, 0xff,
    0xff, 0xff, 0xff, 0xff, 0xff, 0x0, 0x0, 0x0,
    0x0, 0xff, 0xff, 0xff, 0xff, 0xff, 0x0, 0xff,
    0xff, 0xff, 0xff, 0xff, 0xff, 0xff, 0xff, 0xff,
    0xff, 0x0, 0x0, 0x0, 0x0, 0xff, 0xff, 0xff,
    0xff, 0xff, 0x0, 0xff, 0xff, 0xff, 0xff, 0xff,
    0xff, 0xff, 0xff, 0xff, 0xff, 0x0, 0x0, 0x0,
    0x0, 0x0, 0xff, 0xff, 0xff, 0xff, 0x0, 0xff,
    0xff, 0xff, 0xff, 0xff, 0xff, 0xff, 0xff, 0xff,
    0xff, 0x0, 0x0, 0x0, 0x0, 0x0, 0xff, 0xff,
    0xff, 0xff, 0x0, 0xff, 0xff, 0xff, 0xff, 0xff,
    0xff, 0xff, 0xff, 0xff, 0xff, 0x0, 0x0, 0x0,
    0x0, 0x0, 0xff, 0xff, 0xff, 0xff, 0x0, 0xff,
    0xff, 0xff, 0xff, 0xff, 0xff, 0xff, 0xff, 0xff,
    0xff, 0x0, 0x0, 0x0, 0x0, 0x0, 0xff, 0xff,
    0xff, 0xff, 0x0, 0xff, 0xff, 0xff, 0xff, 0xff,
    0xff, 0xff, 0xff, 0xff, 0xff, 0x0, 0x0, 0x0,
    0x0, 0xff, 0xff, 0xff, 0xff, 0xff, 0x0, 0xff,
    0xff, 0xff, 0xff, 0xff, 0xff, 0xff, 0xff, 0xff,
    0xff, 0x0, 0x0, 0x0, 0x0, 0xff, 0xff, 0xff,
    0xff, 0xff, 0x0, 0x0, 0x0, 0x0, 0x0, 0x0,
    0x0, 0x0, 0x0, 0x0, 0x0, 0x0, 0x0, 0x0,
    0x0, 0xff, 0xff, 0xff, 0xff, 0xff, 0x0, 0x0,
    0x0, 0x0, 0x0, 0x0, 0x0, 0x0, 0x0, 0x0,
    0x0, 0x0, 0x0, 0x0, 0x0, 0xff, 0xff, 0xf8,
    0xff, 0xff, 0xff, 0xff, 0xff, 0xff, 0xff, 0xff,
    0xff, 0xff, 0xff, 0xff, 0xff, 0xff, 0xff, 0xff,
    0xff, 0xff, 0xff, 0x0, 0xef, 0xff, 0xff, 0xff,
    0xff, 0xff, 0xff, 0xff, 0xff, 0xff, 0xff, 0xff,
    0xff, 0xff, 0xff, 0xff, 0xff, 0xff, 0xfe, 0x0,
    0x8f, 0xff, 0xff, 0xff, 0xff, 0xff, 0xff, 0xff,
    0xff, 0xff, 0xff, 0xff, 0xff, 0xff, 0xff, 0xff,
    0xff, 0xff, 0xf8, 0x0, 0x8, 0xef, 0xff, 0xff,
    0xff, 0xff, 0xff, 0xff, 0xff, 0xff, 0xff, 0xff,
    0xff, 0xff, 0xff, 0xff, 0xff, 0xfe, 0x80, 0x0,

    /* U+F242 "" */
    0x8, 0xef, 0xff, 0xff, 0xff, 0xff, 0xff, 0xff,
    0xff, 0xff, 0xff, 0xff, 0xff, 0xff, 0xff, 0xff,
    0xff, 0xfe, 0x80, 0x0, 0x8f, 0xff, 0xff, 0xff,
    0xff, 0xff, 0xff, 0xff, 0xff, 0xff, 0xff, 0xff,
    0xff, 0xff, 0xff, 0xff, 0xff, 0xff, 0xf8, 0x0,
    0xef, 0xff, 0xff, 0xff, 0xff, 0xff, 0xff, 0xff,
    0xff, 0xff, 0xff, 0xff, 0xff, 0xff, 0xff, 0xff,
    0xff, 0xff, 0xfe, 0x0, 0xff, 0xff, 0xff, 0xff,
    0xff, 0xff, 0xff, 0xff, 0xff, 0xff, 0xff, 0xff,
    0xff, 0xff, 0xff, 0xff, 0xff, 0xff, 0xff, 0x0,
    0xff, 0xff, 0x0, 0x0, 0x0, 0x0, 0x0, 0x0,
    0x0, 0x0, 0x0, 0x0, 0x0, 0x0, 0x0, 0x0,
    0x0, 0xff, 0xff, 0xf8, 0xff, 0xff, 0x0, 0x0,
    0x0, 0x0, 0x0, 0x0, 0x0, 0x0, 0x0, 0x0,
    0x0, 0x0, 0x0, 0x0, 0x0, 0xff, 0xff, 0xff,
    0xff, 0xff, 0x0, 0xff, 0xff, 0xff, 0xff, 0xff,
    0xff, 0xff, 0x0, 0x0, 0x0, 0x0, 0x0, 0x0,
    0x0, 0xff, 0xff, 0xff, 0xff, 0xff, 0x0, 0xff,
    0xff, 0xff, 0xff, 0xff, 0xff, 0xff, 0x0, 0x0,
    0x0, 0x0, 0x0, 0x0, 0x0, 0xff, 0xff, 0xff,
    0xff, 0xff, 0x0, 0xff, 0xff, 0xff, 0xff, 0xff,
    0xff, 0xff, 0x0, 0x0, 0x0, 0x0, 0x0, 0x0,
    0x0, 0x0, 0xff, 0xff, 0xff, 0xff, 0x0, 0xff,
    0xff, 0xff, 0xff, 0xff, 0xff, 0xff, 0x0, 0x0,
    0x0, 0x0, 0x0, 0x0, 0x0, 0x0, 0xff, 0xff,
    0xff, 0xff, 0x0, 0xff, 0xff, 0xff, 0xff, 0xff,
    0xff, 0xff, 0x0, 0x0, 0x0, 0x0, 0x0, 0x0,
    0x0, 0x0, 0xff, 0xff, 0xff, 0xff, 0x0, 0xff,
    0xff, 0xff, 0xff, 0xff, 0xff, 0xff, 0x0, 0x0,
    0x0, 0x0, 0x0, 0x0, 0x0, 0x0, 0xff, 0xff,
    0xff, 0xff, 0x0, 0xff, 0xff, 0xff, 0xff, 0xff,
    0xff, 0xff, 0x0, 0x0, 0x0, 0x0, 0x0, 0x0,
    0x0, 0xff, 0xff, 0xff, 0xff, 0xff, 0x0, 0xff,
    0xff, 0xff, 0xff, 0xff, 0xff, 0xff, 0x0, 0x0,
    0x0, 0x0, 0x0, 0x0, 0x0, 0xff, 0xff, 0xff,
    0xff, 0xff, 0x0, 0x0, 0x0, 0x0, 0x0, 0x0,
    0x0, 0x0, 0x0, 0x0, 0x0, 0x0, 0x0, 0x0,
    0x0, 0xff, 0xff, 0xff, 0xff, 0xff, 0x0, 0x0,
    0x0, 0x0, 0x0, 0x0, 0x0, 0x0, 0x0, 0x0,
    0x0, 0x0, 0x0, 0x0, 0x0, 0xff, 0xff, 0xf8,
    0xff, 0xff, 0xff, 0xff, 0xff, 0xff, 0xff, 0xff,
    0xff, 0xff, 0xff, 0xff, 0xff, 0xff, 0xff, 0xff,
    0xff, 0xff, 0xff, 0x0, 0xef, 0xff, 0xff, 0xff,
    0xff, 0xff, 0xff, 0xff, 0xff, 0xff, 0xff, 0xff,
    0xff, 0xff, 0xff, 0xff, 0xff, 0xff, 0xfe, 0x0,
    0x8f, 0xff, 0xff, 0xff, 0xff, 0xff, 0xff, 0xff,
    0xff, 0xff, 0xff, 0xff, 0xff, 0xff, 0xff, 0xff,
    0xff, 0xff, 0xf8, 0x0, 0x8, 0xef, 0xff, 0xff,
    0xff, 0xff, 0xff, 0xff, 0xff, 0xff, 0xff, 0xff,
    0xff, 0xff, 0xff, 0xff, 0xff, 0xfe, 0x80, 0x0,

    /* U+F243 "" */
    0x8, 0xef, 0xff, 0xff, 0xff, 0xff, 0xff, 0xff,
    0xff, 0xff, 0xff, 0xff, 0xff, 0xff, 0xff, 0xff,
    0xff, 0xfe, 0x80, 0x0, 0x8f, 0xff, 0xff, 0xff,
    0xff, 0xff, 0xff, 0xff, 0xff, 0xff, 0xff, 0xff,
    0xff, 0xff, 0xff, 0xff, 0xff, 0xff, 0xf8, 0x0,
    0xef, 0xff, 0xff, 0xff, 0xff, 0xff, 0xff, 0xff,
    0xff, 0xff, 0xff, 0xff, 0xff, 0xff, 0xff, 0xff,
    0xff, 0xff, 0xfe, 0x0, 0xff, 0xff, 0xff, 0xff,
    0xff, 0xff, 0xff, 0xff, 0xff, 0xff, 0xff, 0xff,
    0xff, 0xff, 0xff, 0xff, 0xff, 0xff, 0xff, 0x0,
    0xff, 0xff, 0x0, 0x0, 0x0, 0x0, 0x0, 0x0,
    0x0, 0x0, 0x0, 0x0, 0x0, 0x0, 0x0, 0x0,
    0x0, 0xff, 0xff, 0xf8, 0xff, 0xff, 0x0, 0x0,
    0x0, 0x0, 0x0, 0x0, 0x0, 0x0, 0x0, 0x0,
    0x0, 0x0, 0x0, 0x0, 0x0, 0xff, 0xff, 0xff,
    0xff, 0xff, 0x0, 0xff, 0xff, 0xff, 0xff, 0x0,
    0x0, 0x0, 0x0, 0x0, 0x0, 0x0, 0x0, 0x0,
    0x0, 0xff, 0xff, 0xff, 0xff, 0xff, 0x0, 0xff,
    0xff, 0xff, 0xff, 0x0, 0x0, 0x0, 0x0, 0x0,
    0x0, 0x0, 0x0, 0x0, 0x0, 0xff, 0xff, 0xff,
    0xff, 0xff, 0x0, 0xff, 0xff, 0xff, 0xff, 0x0,
    0x0, 0x0, 0x0, 0x0, 0x0, 0x0, 0x0, 0x0,
    0x0, 0x0, 0xff, 0xff, 0xff, 0xff, 0x0, 0xff,
    0xff, 0xff, 0xff, 0x0, 0x0, 0x0, 0x0, 0x0,
    0x0, 0x0, 0x0, 0x0, 0x0, 0x0, 0xff, 0xff,
    0xff, 0xff, 0x0, 0xff, 0xff, 0xff, 0xff, 0x0,
    0x0, 0x0, 0x0, 0x0, 0x0, 0x0, 0x0, 0x0,
    0x0, 0x0, 0xff, 0xff, 0xff, 0xff, 0x0, 0xff,
    0xff, 0xff, 0xff, 0x0, 0x0, 0x0, 0x0, 0x0,
    0x0, 0x0, 0x0, 0x0, 0x0, 0x0, 0xff, 0xff,
    0xff, 0xff, 0x0, 0xff, 0xff, 0xff, 0xff, 0x0,
    0x0, 0x0, 0x0, 0x0, 0x0, 0x0, 0x0, 0x0,
    0x0, 0xff, 0xff, 0xff, 0xff, 0xff, 0x0, 0xff,
    0xff, 0xff, 0xff, 0x0, 0x0, 0x0, 0x0, 0x0,
    0x0, 0x0, 0x0, 0x0, 0x0, 0xff, 0xff, 0xff,
    0xff, 0xff, 0x0, 0x0, 0x0, 0x0, 0x0, 0x0,
    0x0, 0x0, 0x0, 0x0, 0x0, 0x0, 0x0, 0x0,
    0x0, 0xff, 0xff, 0xff, 0xff, 0xff, 0x0, 0x0,
    0x0, 0x0, 0x0, 0x0, 0x0, 0x0, 0x0, 0x0,
    0x0, 0x0, 0x0, 0x0, 0x0, 0xff, 0xff, 0xf8,
    0xff, 0xff, 0xff, 0xff, 0xff, 0xff, 0xff, 0xff,
    0xff, 0xff, 0xff, 0xff, 0xff, 0xff, 0xff, 0xff,
    0xff, 0xff, 0xff, 0x0, 0xef, 0xff, 0xff, 0xff,
    0xff, 0xff, 0xff, 0xff, 0xff, 0xff, 0xff, 0xff,
    0xff, 0xff, 0xff, 0xff, 0xff, 0xff, 0xfe, 0x0,
    0x8f, 0xff, 0xff, 0xff, 0xff, 0xff, 0xff, 0xff,
    0xff, 0xff, 0xff, 0xff, 0xff, 0xff, 0xff, 0xff,
    0xff, 0xff, 0xf8, 0x0, 0x8, 0xef, 0xff, 0xff,
    0xff, 0xff, 0xff, 0xff, 0xff, 0xff, 0xff, 0xff,
    0xff, 0xff, 0xff, 0xff, 0xff, 0xfe, 0x80, 0x0,

    /* U+F244 "" */
    0x8, 0xef, 0xff, 0xff, 0xff, 0xff, 0xff, 0xff,
    0xff, 0xff, 0xff, 0xff, 0xff, 0xff, 0xff, 0xff,
    0xff, 0xfe, 0x80, 0x0, 0x8f, 0xff, 0xff, 0xff,
    0xff, 0xff, 0xff, 0xff, 0xff, 0xff, 0xff, 0xff,
    0xff, 0xff, 0xff, 0xff, 0xff, 0xff, 0xf8, 0x0,
    0xef, 0xff, 0xff, 0xff, 0xff, 0xff, 0xff, 0xff,
    0xff, 0xff, 0xff, 0xff, 0xff, 0xff, 0xff, 0xff,
    0xff, 0xff, 0xfe, 0x0, 0xff, 0xff, 0xff, 0xff,
    0xff, 0xff, 0xff, 0xff, 0xff, 0xff, 0xff, 0xff,
    0xff, 0xff, 0xff, 0xff, 0xff, 0xff, 0xff, 0x0,
    0xff, 0xff, 0x0, 0x0, 0x0, 0x0, 0x0, 0x0,
    0x0, 0x0, 0x0, 0x0, 0x0, 0x0, 0x0, 0x0,
    0x0, 0xff, 0xff, 0xf8, 0xff, 0xff, 0x0, 0x0,
    0x0, 0x0, 0x0, 0x0, 0x0, 0x0, 0x0, 0x0,
    0x0, 0x0, 0x0, 0x0, 0x0, 0xff, 0xff, 0xff,
    0xff, 0xff, 0x0, 0x0, 0x0, 0x0, 0x0, 0x0,
    0x0, 0x0, 0x0, 0x0, 0x0, 0x0, 0x0, 0x0,
    0x0, 0xff, 0xff, 0xff, 0xff, 0xff, 0x0, 0x0,
    0x0, 0x0, 0x0, 0x0, 0x0, 0x0, 0x0, 0x0,
    0x0, 0x0, 0x0, 0x0, 0x0, 0xff, 0xff, 0xff,
    0xff, 0xff, 0x0, 0x0, 0x0, 0x0, 0x0, 0x0,
    0x0, 0x0, 0x0, 0x0, 0x0, 0x0, 0x0, 0x0,
    0x0, 0x0, 0xff, 0xff, 0xff, 0xff, 0x0, 0x0,
    0x0, 0x0, 0x0, 0x0, 0x0, 0x0, 0x0, 0x0,
    0x0, 0x0, 0x0, 0x0, 0x0, 0x0, 0xff, 0xff,
    0xff, 0xff, 0x0, 0x0, 0x0, 0x0, 0x0, 0x0,
    0x0, 0x0, 0x0, 0x0, 0x0, 0x0, 0x0, 0x0,
    0x0, 0x0, 0xff, 0xff, 0xff, 0xff, 0x0, 0x0,
    0x0, 0x0, 0x0, 0x0, 0x0, 0x0, 0x0, 0x0,
    0x0, 0x0, 0x0, 0x0, 0x0, 0x0, 0xff, 0xff,
    0xff, 0xff, 0x0, 0x0, 0x0, 0x0, 0x0, 0x0,
    0x0, 0x0, 0x0, 0x0, 0x0, 0x0, 0x0, 0x0,
    0x0, 0xff, 0xff, 0xff, 0xff, 0xff, 0x0, 0x0,
    0x0, 0x0, 0x0, 0x0, 0x0, 0x0, 0x0, 0x0,
    0x0, 0x0, 0x0, 0x0, 0x0, 0xff, 0xff, 0xff,
    0xff, 0xff, 0x0, 0x0, 0x0, 0x0, 0x0, 0x0,
    0x0, 0x0, 0x0, 0x0, 0x0, 0x0, 0x0, 0x0,
    0x0, 0xff, 0xff, 0xff, 0xff, 0xff, 0x0, 0x0,
    0x0, 0x0, 0x0, 0x0, 0x0, 0x0, 0x0, 0x0,
    0x0, 0x0, 0x0, 0x0, 0x0, 0xff, 0xff, 0xf8,
    0xff, 0xff, 0xff, 0xff, 0xff, 0xff, 0xff, 0xff,
    0xff, 0xff, 0xff, 0xff, 0xff, 0xff, 0xff, 0xff,
    0xff, 0xff, 0xff, 0x0, 0xef, 0xff, 0xff, 0xff,
    0xff, 0xff, 0xff, 0xff, 0xff, 0xff, 0xff, 0xff,
    0xff, 0xff, 0xff, 0xff, 0xff, 0xff, 0xfe, 0x0,
    0x8f, 0xff, 0xff, 0xff, 0xff, 0xff, 0xff, 0xff,
    0xff, 0xff, 0xff, 0xff, 0xff, 0xff, 0xff, 0xff,
    0xff, 0xff, 0xf8, 0x0, 0x8, 0xef, 0xff, 0xff,
    0xff, 0xff, 0xff, 0xff, 0xff, 0xff, 0xff, 0xff,
    0xff, 0xff, 0xff, 0xff, 0xff, 0xfe, 0x80, 0x0,

    /* U+F287 "" */
    0x0, 0x0, 0x0, 0x0, 0x0, 0x0, 0x0, 0x0,
    0x0, 0x0, 0x0, 0x1, 0x0, 0x0, 0x0, 0x0,
    0x0, 0x0, 0x0, 0x0, 0x0, 0x0, 0x0, 0x0,
    0x0, 0x0, 0x0, 0x0, 0x0, 0x0, 0x0, 0x7f,
    0xfe, 0x40, 0x0, 0x0, 0x0, 0x0, 0x0, 0x0,
    0x0, 0x0, 0x0, 0x0, 0x0, 0x0, 0x0, 0x0,
    0x0, 0x0, 0x0, 0x6f, 0xff, 0xff, 0x30, 0x0,
    0x0, 0x0, 0x0, 0x0, 0x0, 0x0, 0x0, 0x0,
    0x0, 0x0, 0x0, 0x0, 0x0, 0x5, 0xce, 0xef,
    0xff, 0xff, 0xfa, 0x0, 0x0, 0x0, 0x0, 0x0,
    0x0, 0x0, 0x0, 0x0, 0x0, 0x0, 0x0, 0x0,
    0x0, 0x7, 0xff, 0xff, 0xff, 0xff, 0xff, 0xb0,
    0x0, 0x0, 0x0, 0x0, 0x0, 0x0, 0x0, 0x0,
    0x0, 0x0, 0x0, 0x0, 0x0, 0x3, 0xff, 0xb5,
    0x5b, 0xff, 0xff, 0xf7, 0x0, 0x0, 0x0, 0x0,
    0x0, 0x0, 0x0, 0x0, 0x0, 0x0, 0x0, 0x0,
    0x0, 0x0, 0xbf, 0xc0, 0x0, 0x1d, 0xff, 0xfb,
    0x0, 0x0, 0x0, 0x0, 0x0, 0x0, 0x0, 0x0,
    0x0, 0x0, 0x0, 0x0, 0x0, 0x0, 0x3f, 0xf3,
    0x0, 0x0, 0x6, 0x85, 0x0, 0x0, 0x0, 0x0,
    0x0, 0x0, 0x0, 0x0, 0x0, 0x5, 0x64, 0x0,
    0x0, 0x0, 0xb, 0xfb, 0x0, 0x0, 0x0, 0x0,
    0x0, 0x0, 0x0, 0x0, 0x0, 0x0, 0x0, 0x0,
    0x0, 0x4e, 0xff, 0xfd, 0x30, 0x0, 0x3, 0xff,
    0x40, 0x0, 0x0, 0x0, 0x0, 0x0, 0x0, 0x0,
    0x0, 0x7a, 0x10, 0x0, 0x0, 0x3f, 0xff, 0xff,
    0xfe, 0x20, 0x0, 0xbf, 0xc0, 0x0, 0x0, 0x0,
    0x0, 0x0, 0x0, 0x0, 0x0, 0xa, 0xff, 0x70,
    0x0, 0xb, 0xff, 0xff, 0xff, 0xf9, 0x12, 0x8f,
    0xf5, 0x22, 0x22, 0x22, 0x22, 0x22, 0x22, 0x22,
    0x22, 0x22, 0xaf, 0xff, 0xd3, 0x0, 0xff, 0xff,
    0xff, 0xff, 0xff, 0xff, 0xff, 0xff, 0xff, 0xff,
    0xff, 0xff, 0xff, 0xff, 0xff, 0xff, 0xff, 0xff,
    0xff, 0xf9, 0xf, 0xff, 0xff, 0xff, 0xff, 0xff,
    0xff, 0xff, 0xff, 0xff, 0xff, 0xff, 0xff, 0xff,
    0xff, 0xff, 0xff, 0xff, 0xff, 0xff, 0xa0, 0xbf,
    0xff, 0xff, 0xff, 0x92, 0x22, 0x22, 0x24, 0xef,
    0xc2, 0x22, 0x22, 0x22, 0x22, 0x22, 0x22, 0x2a,
    0xff, 0xfd, 0x40, 0x3, 0xff, 0xff, 0xff, 0xe2,
    0x0, 0x0, 0x0, 0x4, 0xff, 0x30, 0x0, 0x0,
    0x0, 0x0, 0x0, 0x0, 0xaf, 0xf7, 0x0, 0x0,
    0x4, 0xef, 0xff, 0xd3, 0x0, 0x0, 0x0, 0x0,
    0xb, 0xfb, 0x0, 0x0, 0x0, 0x0, 0x0, 0x0,
    0x7, 0xa1, 0x0, 0x0, 0x0, 0x0, 0x56, 0x40,
    0x0, 0x0, 0x0, 0x0, 0x0, 0x3f, 0xf2, 0x0,
    0x0, 0x0, 0x0, 0x0, 0x0, 0x0, 0x0, 0x0,
    0x0, 0x0, 0x0, 0x0, 0x0, 0x0, 0x0, 0x0,
    0x0, 0x0, 0xcf, 0xa0, 0x0, 0x3a, 0xaa, 0xaa,
    0x91, 0x0, 0x0, 0x0, 0x0, 0x0, 0x0, 0x0,
    0x0, 0x0, 0x0, 0x0, 0x0, 0x0, 0x4, 0xff,
    0x40, 0x8, 0xff, 0xff, 0xff, 0x30, 0x0, 0x0,
    0x0, 0x0, 0x0, 0x0, 0x0, 0x0, 0x0, 0x0,
    0x0, 0x0, 0x0, 0xa, 0xff, 0x76, 0xbf, 0xff,
    0xff, 0xf3, 0x0, 0x0, 0x0, 0x0, 0x0, 0x0,
    0x0, 0x0, 0x0, 0x0, 0x0, 0x0, 0x0, 0x0,
    0x1d, 0xff, 0xff, 0xff, 0xff, 0xff, 0x30, 0x0,
    0x0, 0x0, 0x0, 0x0, 0x0, 0x0, 0x0, 0x0,
    0x0, 0x0, 0x0, 0x0, 0x0, 0x8, 0xcc, 0xef,
    0xff, 0xff, 0xf3, 0x0, 0x0, 0x0, 0x0, 0x0,
    0x0, 0x0, 0x0, 0x0, 0x0, 0x0, 0x0, 0x0,
    0x0, 0x0, 0x0, 0x8, 0xff, 0xff, 0xff, 0x30,
    0x0, 0x0, 0x0, 0x0, 0x0, 0x0, 0x0, 0x0,
    0x0, 0x0, 0x0, 0x0, 0x0, 0x0, 0x0, 0x0,
    0x7f, 0xff, 0xff, 0xf2, 0x0, 0x0, 0x0, 0x0,
    0x0, 0x0, 0x0, 0x0, 0x0, 0x0, 0x0, 0x0,
    0x0, 0x0, 0x0, 0x0, 0x0, 0x0, 0x0, 0x0,
    0x0, 0x0, 0x0, 0x0, 0x0,

    /* U+F293 "" */
    0x0, 0x0, 0x0, 0x4, 0x8c, 0xdf, 0xfe, 0xda,
    0x61, 0x0, 0x0, 0x0, 0x0, 0x0, 0x4, 0xdf,
    0xff, 0xff, 0xff, 0xff, 0xff, 0x90, 0x0, 0x0,
    0x0, 0x0, 0x8f, 0xff, 0xff, 0xfb, 0xff, 0xff,
    0xff, 0xfd, 0x10, 0x0, 0x0, 0xa, 0xff, 0xff,
    0xff, 0xf4, 0x9f, 0xff, 0xff, 0xff, 0xd1, 0x0,
    0x0, 0x7f, 0xff, 0xff, 0xff, 0xf4, 0xa, 0xff,
    0xff, 0xff, 0xfa, 0x0, 0x1, 0xff, 0xff, 0xff,
    0xff, 0xf4, 0x0, 0xbf, 0xff, 0xff, 0xff, 0x30,
    0x7, 0xff, 0xff, 0xff, 0xff, 0xf4, 0x0, 0xc,
    0xff, 0xff, 0xff, 0x90, 0xd, 0xff, 0xff, 0xff,
    0xff, 0xf4, 0x0, 0x1, 0xdf, 0xff, 0xff, 0xe0,
    0x2f, 0xff, 0xff, 0xef, 0xff, 0xf4, 0x5, 0x20,
    0x1d, 0xff, 0xff, 0xf3, 0x6f, 0xff, 0xfc, 0x19,
    0xff, 0xf4, 0x6, 0xe2, 0x2, 0xef, 0xff, 0xf7,
    0x9f, 0xff, 0xf3, 0x0, 0x9f, 0xf4, 0x6, 0xfe,
    0x10, 0x3f, 0xff, 0xf9, 0xbf, 0xff, 0xfe, 0x20,
    0x9, 0xf4, 0x6, 0xf8, 0x0, 0xaf, 0xff, 0xfb,
    0xdf, 0xff, 0xff, 0xe2, 0x0, 0x94, 0x6, 0x80,
    0x9, 0xff, 0xff, 0xfd, 0xef, 0xff, 0xff, 0xfe,
    0x20, 0x0, 0x1, 0x0, 0x7f, 0xff, 0xff, 0xfe,
    0xff, 0xff, 0xff, 0xff, 0xe2, 0x0, 0x0, 0x5,
    0xff, 0xff, 0xff, 0xff, 0xff, 0xff, 0xff, 0xff,
    0xfe, 0x20, 0x0, 0x4f, 0xff, 0xff, 0xff, 0xff,
    0xff, 0xff, 0xff, 0xff, 0xff, 0x60, 0x0, 0x8f,
    0xff, 0xff, 0xff, 0xff, 0xff, 0xff, 0xff, 0xff,
    0xf7, 0x0, 0x0, 0xa, 0xff, 0xff, 0xff, 0xff,
    0xef, 0xff, 0xff, 0xff, 0x70, 0x0, 0x0, 0x0,
    0xbf, 0xff, 0xff, 0xfe, 0xdf, 0xff, 0xff, 0xf7,
    0x0, 0x33, 0x4, 0x20, 0xc, 0xff, 0xff, 0xfe,
    0xcf, 0xff, 0xff, 0x70, 0x3, 0xe4, 0x6, 0xe2,
    0x0, 0xcf, 0xff, 0xfc, 0xaf, 0xff, 0xf7, 0x0,
    0x3f, 0xf4, 0x6, 0xfe, 0x10, 0x1e, 0xff, 0xfb,
    0x7f, 0xff, 0xf7, 0x3, 0xff, 0xf4, 0x6, 0xf8,
    0x0, 0x6f, 0xff, 0xf8, 0x3f, 0xff, 0xff, 0x9f,
    0xff, 0xf4, 0x6, 0x80, 0x6, 0xff, 0xff, 0xf5,
    0xe, 0xff, 0xff, 0xff, 0xff, 0xf4, 0x1, 0x0,
    0x6f, 0xff, 0xff, 0xf1, 0x9, 0xff, 0xff, 0xff,
    0xff, 0xf5, 0x0, 0x6, 0xff, 0xff, 0xff, 0xb0,
    0x2, 0xff, 0xff, 0xff, 0xff, 0xf5, 0x0, 0x6f,
    0xff, 0xff, 0xff, 0x50, 0x0, 0x9f, 0xff, 0xff,
    0xff, 0xf5, 0x6, 0xff, 0xff, 0xff, 0xfc, 0x0,
    0x0, 0xc, 0xff, 0xff, 0xff, 0xf5, 0x6f, 0xff,
    0xff, 0xff, 0xf3, 0x0, 0x0, 0x0, 0xaf, 0xff,
    0xff, 0xfb, 0xff, 0xff, 0xff, 0xff, 0x50, 0x0,
    0x0, 0x0, 0x5, 0xdf, 0xff, 0xff, 0xff, 0xff,
    0xff, 0xc3, 0x0, 0x0, 0x0, 0x0, 0x0, 0x4,
    0x8c, 0xef, 0xff, 0xec, 0x83, 0x0, 0x0, 0x0,

    /* U+F2ED "" */
    0x0, 0x0, 0x0, 0x0, 0x9, 0xff, 0xff, 0xff,
    0xff, 0x90, 0x0, 0x0, 0x0, 0x0, 0x0, 0x0,
    0x0, 0x0, 0x4f, 0xff, 0xff, 0xff, 0xff, 0xf4,
    0x0, 0x0, 0x0, 0x0, 0xcf, 0xff, 0xff, 0xff,
    0xff, 0xff, 0xff, 0xff, 0xff, 0xff, 0xff, 0xff,
    0xff, 0xfc, 0xff, 0xff, 0xff, 0xff, 0xff, 0xff,
    0xff, 0xff, 0xff, 0xff, 0xff, 0xff, 0xff, 0xff,
    0xff, 0xff, 0xff, 0xff, 0xff, 0xff, 0xff, 0xff,
    0xff, 0xff, 0xff, 0xff, 0xff, 0xff, 0xcf, 0xff,
    0xff, 0xff, 0xff, 0xff, 0xff, 0xff, 0xff, 0xff,
    0xff, 0xff, 0xff, 0xfc, 0x0, 0x0, 0x0, 0x0,
    0x0, 0x0, 0x0, 0x0, 0x0, 0x0, 0x0, 0x0,
    0x0, 0x0, 0x0, 0x0, 0x0, 0x0, 0x0, 0x0,
    0x0, 0x0, 0x0, 0x0, 0x0, 0x0, 0x0, 0x0,
    0x0, 0xff, 0xff, 0xff, 0xff, 0xff, 0xff, 0xff,
    0xff, 0xff, 0xff, 0xff, 0xff, 0x0, 0x0, 0xff,
    0xff, 0xff, 0xff, 0xff, 0xff, 0xff, 0xff, 0xff,
    0xff, 0xff, 0xff, 0x0, 0x0, 0xff, 0xff, 0xff,
    0xff, 0xff, 0xff, 0xff, 0xff, 0xff, 0xff, 0xff,
    0xff, 0x0, 0x0, 0xff, 0xff, 0xff, 0xff, 0xff,
    0xff, 0xff, 0xff, 0xff, 0xff, 0xff, 0xff, 0x0,
    0x0, 0xff, 0xff, 0xf3, 0x3f, 0xff, 0xf3, 0x3f,
    0xff, 0xf3, 0x3f, 0xff, 0xff, 0x0, 0x0, 0xff,
    0xff, 0xf0, 0xf, 0xff, 0xf0, 0xf, 0xff, 0xf0,
    0xf, 0xff, 0xff, 0x0, 0x0, 0xff, 0xff, 0xf0,
    0xf, 0xff, 0xf0, 0xf, 0xff, 0xf0, 0xf, 0xff,
    0xff, 0x0, 0x0, 0xff, 0xff, 0xf0, 0xf, 0xff,
    0xf0, 0xf, 0xff, 0xf0, 0xf, 0xff, 0xff, 0x0,
    0x0, 0xff, 0xff, 0xf0, 0xf, 0xff, 0xf0, 0xf,
    0xff, 0xf0, 0xf, 0xff, 0xff, 0x0, 0x0, 0xff,
    0xff, 0xf0, 0xf, 0xff, 0xf0, 0xf, 0xff, 0xf0,
    0xf, 0xff, 0xff, 0x0, 0x0, 0xff, 0xff, 0xf0,
    0xf, 0xff, 0xf0, 0xf, 0xff, 0xf0, 0xf, 0xff,
    0xff, 0x0, 0x0, 0xff, 0xff, 0xf0, 0xf, 0xff,
    0xf0, 0xf, 0xff, 0xf0, 0xf, 0xff, 0xff, 0x0,
    0x0, 0xff, 0xff, 0xf0, 0xf, 0xff, 0xf0, 0xf,
    0xff, 0xf0, 0xf, 0xff, 0xff, 0x0, 0x0, 0xff,
    0xff, 0xf0, 0xf, 0xff, 0xf0, 0xf, 0xff, 0xf0,
    0xf, 0xff, 0xff, 0x0, 0x0, 0xff, 0xff, 0xf0,
    0xf, 0xff, 0xf0, 0xf, 0xff, 0xf0, 0xf, 0xff,
    0xff, 0x0, 0x0, 0xff, 0xff, 0xf0, 0xf, 0xff,
    0xf0, 0xf, 0xff, 0xf0, 0xf, 0xff, 0xff, 0x0,
    0x0, 0xff, 0xff, 0xf0, 0xf, 0xff, 0xf0, 0xf,
    0xff, 0xf0, 0xf, 0xff, 0xff, 0x0, 0x0, 0xff,
    0xff, 0xf0, 0xf, 0xff, 0xf0, 0xf, 0xff, 0xf0,
    0xf, 0xff, 0xff, 0x0, 0x0, 0xff, 0xff, 0xf0,
    0xf, 0xff, 0xf0, 0xf, 0xff, 0xf0, 0xf, 0xff,
    0xff, 0x0, 0x0, 0xff, 0xff, 0xf3, 0x3f, 0xff,
    0xf3, 0x3f, 0xff, 0xf3, 0x3f, 0xff, 0xff, 0x0,
    0x0, 0xff, 0xff, 0xff, 0xff, 0xff, 0xff, 0xff,
    0xff, 0xff, 0xff, 0xff, 0xff, 0x0, 0x0, 0xef,
    0xff, 0xff, 0xff, 0xff, 0xff, 0xff, 0xff, 0xff,
    0xff, 0xff, 0xfe, 0x0, 0x0, 0x8f, 0xff, 0xff,
    0xff, 0xff, 0xff, 0xff, 0xff, 0xff, 0xff, 0xff,
    0xf8, 0x0, 0x0, 0x8, 0xef, 0xff, 0xff, 0xff,
    0xff, 0xff, 0xff, 0xff, 0xff, 0xfe, 0x80, 0x0,

    /* U+F304 "" */
    0x0, 0x0, 0x0, 0x0, 0x0, 0x0, 0x0, 0x0,
    0x0, 0x0, 0x0, 0x0, 0x6d, 0xfa, 0x10, 0x0,
    0x0, 0x0, 0x0, 0x0, 0x0, 0x0, 0x0, 0x0,
    0x0, 0x0, 0x0, 0x0, 0x8f, 0xff, 0xfe, 0x20,
    0x0, 0x0, 0x0, 0x0, 0x0, 0x0, 0x0, 0x0,
    0x0, 0x0, 0x0, 0x0, 0x8f, 0xff, 0xff, 0xfe,
    0x20, 0x0, 0x0, 0x0, 0x0, 0x0, 0x0, 0x0,
    0x0, 0x0, 0x0, 0x0, 0x8f, 0xff, 0xff, 0xff,
    0xfe, 0x20, 0x0, 0x0, 0x0, 0x0, 0x0, 0x0,
    0x0, 0x0, 0x0, 0x0, 0x3f, 0xff, 0xff, 0xff,
    0xff, 0xfe, 0x10, 0x0, 0x0, 0x0, 0x0, 0x0,
    0x0, 0x0, 0x0, 0x0, 0x0, 0x6f, 0xff, 0xff,
    0xff, 0xff, 0xfa, 0x0, 0x0, 0x0, 0x0, 0x0,
    0x0, 0x0, 0x0, 0x0, 0x8c, 0x10, 0x6f, 0xff,
    0xff, 0xff, 0xff, 0xf0, 0x0, 0x0, 0x0, 0x0,
    0x0, 0x0, 0x0, 0x0, 0x8f, 0xfc, 0x10, 0x6f,
    0xff, 0xff, 0xff, 0xfd, 0x0, 0x0, 0x0, 0x0,
    0x0, 0x0, 0x0, 0x0, 0x8f, 0xff, 0xfc, 0x10,
    0x6f, 0xff, 0xff, 0xff, 0x60, 0x0, 0x0, 0x0,
    0x0, 0x0, 0x0, 0x0, 0x8f, 0xff, 0xff, 0xfc,
    0x10, 0x6f, 0xff, 0xff, 0x80, 0x0, 0x0, 0x0,
    0x0, 0x0, 0x0, 0x0, 0x8f, 0xff, 0xff, 0xff,
    0xfc, 0x10, 0x6f, 0xff, 0x80, 0x0, 0x0, 0x0,
    0x0, 0x0, 0x0, 0x0, 0x8f, 0xff, 0xff, 0xff,
    0xff, 0xfc, 0x10, 0x6f, 0x80, 0x0, 0x0, 0x0,
    0x0, 0x0, 0x0, 0x0, 0x8f, 0xff, 0xff, 0xff,
    0xff, 0xff, 0xfc, 0x10, 0x30, 0x0, 0x0, 0x0,
    0x0, 0x0, 0x0, 0x0, 0x8f, 0xff, 0xff, 0xff,
    0xff, 0xff, 0xff, 0xfc, 0x0, 0x0, 0x0, 0x0,
    0x0, 0x0, 0x0, 0x0, 0x8f, 0xff, 0xff, 0xff,
    0xff, 0xff, 0xff, 0xff, 0x80, 0x0, 0x0, 0x0,
    0x0, 0x0, 0x0, 0x0, 0x8f, 0xff, 0xff, 0xff,
    0xff, 0xff, 0xff, 0xff, 0x80, 0x0, 0x0, 0x0,
    0x0, 0x0, 0x0, 0x0, 0x8f, 0xff, 0xff, 0xff,
    0xff, 0xff, 0xff, 0xff, 0x80, 0x0, 0x0, 0x0,
    0x0, 0x0, 0x0, 0x0, 0x8f, 0xff, 0xff, 0xff,
    0xff, 0xff, 0xff, 0xff, 0x80, 0x0, 0x0, 0x0,
    0x0, 0x0, 0x0, 0x0, 0x8f, 0xff, 0xff, 0xff,
    0xff, 0xff, 0xff, 0xff, 0x80, 0x0, 0x0, 0x0,
    0x0, 0x0, 0x0, 0x0, 0x8f, 0xff, 0xff, 0xff,
    0xff, 0xff, 0xff, 0xff, 0x80, 0x0, 0x0, 0x0,
    0x0, 0x0, 0x0, 0x0, 0x8f, 0xff, 0xff, 0xff,
    0xff, 0xff, 0xff, 0xff, 0x80, 0x0, 0x0, 0x0,
    0x0, 0x0, 0x0, 0x0, 0x8f, 0xff, 0xff, 0xff,
    0xff, 0xff, 0xff, 0xff, 0x80, 0x0, 0x0, 0x0,
    0x0, 0x0, 0x0, 0x0, 0x8f, 0xff, 0xff, 0xff,
    0xff, 0xff, 0xff, 0xff, 0x80, 0x0, 0x0, 0x0,
    0x0, 0x0, 0x0, 0x0, 0x3f, 0xff, 0xff, 0xff,
    0xff, 0xff, 0xff, 0xff, 0x80, 0x0, 0x0, 0x0,
    0x0, 0x0, 0x0, 0x0, 0x5, 0xff, 0xff, 0xff,
    0xff, 0xff, 0xff, 0xff, 0x80, 0x0, 0x0, 0x0,
    0x0, 0x0, 0x0, 0x0, 0x0, 0x7f, 0xff, 0xff,
    0xff, 0xff, 0xff, 0xff, 0x80, 0x0, 0x0, 0x0,
    0x0, 0x0, 0x0, 0x0, 0x0, 0x9, 0xff, 0xff,
    0xff, 0xff, 0xff, 0xff, 0x80, 0x0, 0x0, 0x0,
    0x0, 0x0, 0x0, 0x0, 0x0, 0x0, 0xaf, 0xff,
    0xff, 0xff, 0xff, 0xff, 0x80, 0x0, 0x0, 0x0,
    0x0, 0x0, 0x0, 0x0, 0x0, 0x0, 0xc, 0xff,
    0xff, 0xff, 0xff, 0xff, 0x80, 0x0, 0x0, 0x0,
    0x0, 0x0, 0x0, 0x0, 0x0, 0x0, 0x0, 0xef,
    0xff, 0xff, 0xff, 0xff, 0x80, 0x0, 0x0, 0x0,
    0x0, 0x0, 0x0, 0x0, 0x0, 0x0, 0x0, 0xf,
    0xff, 0xff, 0xff, 0xff, 0x80, 0x0, 0x0, 0x0,
    0x0, 0x0, 0x0, 0x0, 0x0, 0x0, 0x0, 0x0,
    0x8f, 0xec, 0xa9, 0x75, 0x30, 0x0, 0x0, 0x0,
    0x0, 0x0, 0x0, 0x0, 0x0, 0x0, 0x0, 0x0,
    0x0, 0x0, 0x0, 0x0, 0x0, 0x0, 0x0, 0x0,
    0x0, 0x0, 0x0, 0x0, 0x0, 0x0, 0x0, 0x0,
    0x0,

    /* U+F55A "" */
    0x0, 0x0, 0x0, 0x0, 0x0, 0x3c, 0xff, 0xff,
    0xff, 0xff, 0xff, 0xff, 0xff, 0xff, 0xff, 0xff,
    0xff, 0xff, 0xfb, 0x20, 0x0, 0x0, 0x0, 0x0,
    0x5, 0xff, 0xff, 0xff, 0xff, 0xff, 0xff, 0xff,
    0xff, 0xff, 0xff, 0xff, 0xff, 0xff, 0xff, 0xf2,
    0x0, 0x0, 0x0, 0x0, 0x5f, 0xff, 0xff, 0xff,
    0xff, 0xff, 0xff, 0xff, 0xff, 0xff, 0xff, 0xff,
    0xff, 0xff, 0xff, 0xfb, 0x0, 0x0, 0x0, 0x5,
    0xff, 0xff, 0xff, 0xff, 0xff, 0xff, 0xff, 0xff,
    0xff, 0xff, 0xff, 0xff, 0xff, 0xff, 0xff, 0xff,
    0x0, 0x0, 0x0, 0x5f, 0xff, 0xff, 0xff, 0xff,
    0xff, 0xff, 0xff, 0xff, 0xff, 0xff, 0xff, 0xff,
    0xff, 0xff, 0xff, 0xff, 0x0, 0x0, 0x5, 0xff,
    0xff, 0xff, 0xff, 0xff, 0xff, 0x80, 0xaf, 0xff,
    0xff, 0xfa, 0x8, 0xff, 0xff, 0xff, 0xff, 0xff,
    0x0, 0x0, 0x5f, 0xff, 0xff, 0xff, 0xff, 0xff,
    0xf8, 0x0, 0xa, 0xff, 0xff, 0xa0, 0x0, 0x8f,
    0xff, 0xff, 0xff, 0xff, 0x0, 0x5, 0xff, 0xff,
    0xff, 0xff, 0xff, 0xff, 0xf0, 0x0, 0x0, 0xaf,
    0xfa, 0x0, 0x0, 0xf, 0xff, 0xff, 0xff, 0xff,
    0x0, 0x5f, 0xff, 0xff, 0xff, 0xff, 0xff, 0xff,
    0xfa, 0x0, 0x0, 0xa, 0xa0, 0x0, 0x0, 0xaf,
    0xff, 0xff, 0xff, 0xff, 0x6, 0xff, 0xff, 0xff,
    0xff, 0xff, 0xff, 0xff, 0xff, 0xa0, 0x0, 0x0,
    0x0, 0x0, 0xa, 0xff, 0xff, 0xff, 0xff, 0xff,
    0x5f, 0xff, 0xff, 0xff, 0xff, 0xff, 0xff, 0xff,
    0xff, 0xfa, 0x0, 0x0, 0x0, 0x0, 0xaf, 0xff,
    0xff, 0xff, 0xff, 0xff, 0xef, 0xff, 0xff, 0xff,
    0xff, 0xff, 0xff, 0xff, 0xff, 0xff, 0xa0, 0x0,
    0x0, 0xa, 0xff, 0xff, 0xff, 0xff, 0xff, 0xff,
    0xef, 0xff, 0xff, 0xff, 0xff, 0xff, 0xff, 0xff,
    0xff, 0xff, 0xa0, 0x0, 0x0, 0xa, 0xff, 0xff,
    0xff, 0xff, 0xff, 0xff, 0x5f, 0xff, 0xff, 0xff,
    0xff, 0xff, 0xff, 0xff, 0xff, 0xfa, 0x0, 0x0,
    0x0, 0x0, 0xaf, 0xff, 0xff, 0xff, 0xff, 0xff,
    0x6, 0xff, 0xff, 0xff, 0xff, 0xff, 0xff, 0xff,
    0xff, 0xa0, 0x0, 0x0, 0x0, 0x0, 0xa, 0xff,
    0xff, 0xff, 0xff, 0xff, 0x0, 0x5f, 0xff, 0xff,
    0xff, 0xff, 0xff, 0xff, 0xfa, 0x0, 0x0, 0xa,
    0xa0, 0x0, 0x0, 0xaf, 0xff, 0xff, 0xff, 0xff,
    0x0, 0x5, 0xff, 0xff, 0xff, 0xff, 0xff, 0xff,
    0xf0, 0x0, 0x0, 0xaf, 0xfa, 0x0, 0x0, 0xf,
    0xff, 0xff, 0xff, 0xff, 0x0, 0x0, 0x5f, 0xff,
    0xff, 0xff, 0xff, 0xff, 0xf8, 0x0, 0xa, 0xff,
    0xff, 0xa0, 0x0, 0x8f, 0xff, 0xff, 0xff, 0xff,
    0x0, 0x0, 0x5, 0xff, 0xff, 0xff, 0xff, 0xff,
    0xff, 0x80, 0xaf, 0xff, 0xff, 0xfa, 0x8, 0xff,
    0xff, 0xff, 0xff, 0xff, 0x0, 0x0, 0x0, 0x5f,
    0xff, 0xff, 0xff, 0xff, 0xff, 0xff, 0xff, 0xff,
    0xff, 0xff, 0xff, 0xff, 0xff, 0xff, 0xff, 0xff,
    0x0, 0x0, 0x0, 0x5, 0xff, 0xff, 0xff, 0xff,
    0xff, 0xff, 0xff, 0xff, 0xff, 0xff, 0xff, 0xff,
    0xff, 0xff, 0xff, 0xff, 0x0, 0x0, 0x0, 0x0,
    0x5f, 0xff, 0xff, 0xff, 0xff, 0xff, 0xff, 0xff,
    0xff, 0xff, 0xff, 0xff, 0xff, 0xff, 0xff, 0xfb,
    0x0, 0x0, 0x0, 0x0, 0x5, 0xff, 0xff, 0xff,
    0xff, 0xff, 0xff, 0xff, 0xff, 0xff, 0xff, 0xff,
    0xff, 0xff, 0xff, 0xf2, 0x0, 0x0, 0x0, 0x0,
    0x0, 0x3c, 0xff, 0xff, 0xff, 0xff, 0xff, 0xff,
    0xff, 0xff, 0xff, 0xff, 0xff, 0xff, 0xfb, 0x20,

    /* U+F7C2 "" */
    0x0, 0x0, 0x0, 0x8, 0xff, 0xff, 0xff, 0xff,
    0xff, 0xff, 0xfa, 0x20, 0x0, 0x0, 0x0, 0x8f,
    0xff, 0xff, 0xff, 0xff, 0xff, 0xff, 0xff, 0xe2,
    0x0, 0x0, 0x8, 0xff, 0xff, 0xff, 0xff, 0xff,
    0xff, 0xff, 0xff, 0xfa, 0x0, 0x0, 0x8f, 0xff,
    0xff, 0xff, 0xff, 0xff, 0xff, 0xff, 0xff, 0xff,
    0x0, 0x8, 0xff, 0xf0, 0x0, 0xff, 0x0, 0xf,
    0xf0, 0x0, 0xff, 0xff, 0x0, 0x8f, 0xff, 0xf0,
    0x0, 0xff, 0x0, 0xf, 0xf0, 0x0, 0xff, 0xff,
    0x8, 0xff, 0xff, 0xf0, 0x0, 0xff, 0x0, 0xf,
    0xf0, 0x0, 0xff, 0xff, 0x8f, 0xff, 0xff, 0xf0,
    0x0, 0xff, 0x0, 0xf, 0xf0, 0x0, 0xff, 0xff,
    0xff, 0xff, 0xff, 0xf0, 0x0, 0xff, 0x0, 0xf,
    0xf0, 0x0, 0xff, 0xff, 0xff, 0xff, 0xff, 0xf0,
    0x0, 0xff, 0x0, 0xf, 0xf0, 0x0, 0xff, 0xff,
    0xff, 0xff, 0xff, 0xff, 0xff, 0xff, 0xff, 0xff,
    0xff, 0xff, 0xff, 0xff, 0xff, 0xff, 0xff, 0xff,
    0xff, 0xff, 0xff, 0xff, 0xff, 0xff, 0xff, 0xff,
    0xff, 0xff, 0xff, 0xff, 0xff, 0xff, 0xff, 0xff,
    0xff, 0xff, 0xff, 0xff, 0xff, 0xff, 0xff, 0xff,
    0xff, 0xff, 0xff, 0xff, 0xff, 0xff, 0xff, 0xff,
    0xff, 0xff, 0xff, 0xff, 0xff, 0xff, 0xff, 0xff,
    0xff, 0xff, 0xff, 0xff, 0xff, 0xff, 0xff, 0xff,
    0xff, 0xff, 0xff, 0xff, 0xff, 0xff, 0xff, 0xff,
    0xff, 0xff, 0xff, 0xff, 0xff, 0xff, 0xff, 0xff,
    0xff, 0xff, 0xff, 0xff, 0xff, 0xff, 0xff, 0xff,
    0xff, 0xff, 0xff, 0xff, 0xff, 0xff, 0xff, 0xff,
    0xff, 0xff, 0xff, 0xff, 0xff, 0xff, 0xff, 0xff,
    0xff, 0xff, 0xff, 0xff, 0xff, 0xff, 0xff, 0xff,
    0xff, 0xff, 0xff, 0xff, 0xff, 0xff, 0xff, 0xff,
    0xff, 0xff, 0xff, 0xff, 0xff, 0xff, 0xff, 0xff,
    0xff, 0xff, 0xff, 0xff, 0xff, 0xff, 0xff, 0xff,
    0xff, 0xff, 0xff, 0xff, 0xff, 0xff, 0xff, 0xff,
    0xff, 0xff, 0xff, 0xff, 0xff, 0xff, 0xff, 0xff,
    0xff, 0xff, 0xff, 0xff, 0xff, 0xff, 0xff, 0xff,
    0xff, 0xff, 0xff, 0xff, 0xff, 0xff, 0xff, 0xff,
    0xff, 0xff, 0xff, 0xff, 0xff, 0xff, 0xff, 0xff,
    0xff, 0xff, 0xff, 0xff, 0xff, 0xff, 0xff, 0xff,
    0xff, 0xff, 0xff, 0xff, 0xff, 0xff, 0xff, 0xff,
    0xff, 0xff, 0xff, 0xff, 0xff, 0xff, 0xff, 0xff,
    0xff, 0xff, 0xff, 0xff, 0xff, 0xff, 0xff, 0xff,
    0xff, 0xff, 0xff, 0xff, 0xff, 0xff, 0xff, 0xff,
    0xff, 0xff, 0xff, 0xff, 0xff, 0xff, 0xff, 0xff,
    0xff, 0xff, 0xff, 0xff, 0xaf, 0xff, 0xff, 0xff,
    0xff, 0xff, 0xff, 0xff, 0xff, 0xff, 0xff, 0xfa,
    0x2e, 0xff, 0xff, 0xff, 0xff, 0xff, 0xff, 0xff,
    0xff, 0xff, 0xff, 0xe2, 0x2, 0xaf, 0xff, 0xff,
    0xff, 0xff, 0xff, 0xff, 0xff, 0xff, 0xfa, 0x20,

    /* U+F8A2 "" */
    0x0, 0x0, 0x0, 0x0, 0x0, 0x0, 0x0, 0x0,
    0x0, 0x0, 0x0, 0x0, 0x0, 0x0, 0x0, 0x0,
    0x0, 0x0, 0x0, 0x0, 0x0, 0x0, 0x0, 0x0,
    0x0, 0x0, 0x0, 0x0, 0x0, 0x0, 0x0, 0x6,
    0xe0, 0x0, 0x0, 0x0, 0x0, 0x0, 0x0, 0x0,
    0x0, 0x0, 0x0, 0x0, 0x0, 0x0, 0x0, 0x6,
    0xff, 0x10, 0x0, 0x0, 0x0, 0x0, 0x0, 0x0,
    0x0, 0x0, 0x0, 0x0, 0x0, 0x0, 0x0, 0x6,
    0xff, 0xf1, 0x0, 0x0, 0x0, 0x0, 0x0, 0x0,
    0x0, 0x0, 0x0, 0x0, 0x0, 0x0, 0x0, 0x6,
    0xff, 0xff, 0x10, 0x0, 0x0, 0x0, 0x8f, 0x90,
    0x0, 0x0, 0x0, 0x0, 0x0, 0x0, 0x0, 0x0,
    0xef, 0xff, 0xf1, 0x0, 0x0, 0x0, 0x9f, 0xff,
    0x0, 0x0, 0x0, 0x0, 0x0, 0x0, 0x0, 0x0,
    0xe, 0xff, 0xff, 0x10, 0x0, 0x0, 0xaf, 0xff,
    0xf1, 0x0, 0x0, 0x0, 0x0, 0x0, 0x0, 0x0,
    0x0, 0xef, 0xff, 0xf1, 0x0, 0x0, 0xbf, 0xff,
    0xff, 0x10, 0x0, 0x0, 0x0, 0x0, 0x0, 0x0,
    0x0, 0xe, 0xff, 0xff, 0x10, 0x1, 0xcf, 0xff,
    0xff, 0xf1, 0x0, 0x0, 0x0, 0x0, 0x0, 0x0,
    0x0, 0x0, 0xef, 0xff, 0xf1, 0x1, 0xdf, 0xff,
    0xff, 0xff, 0x88, 0x88, 0x88, 0x88, 0x88, 0x88,
    0x88, 0x88, 0x8f, 0xff, 0xff, 0x12, 0xdf, 0xff,
    0xff, 0xff, 0xff, 0xff, 0xff, 0xff, 0xff, 0xff,
    0xff, 0xff, 0xff, 0xff, 0xff, 0xf1, 0xcf, 0xff,
    0xff, 0xff, 0xff, 0xff, 0xff, 0xff, 0xff, 0xff,
    0xff, 0xff, 0xff, 0xff, 0xff, 0xff, 0x1c, 0xff,
    0xff, 0xff, 0xff, 0xff, 0xff, 0xff, 0xff, 0xff,
    0xff, 0xff, 0xff, 0xff, 0xff, 0xff, 0xf1, 0x2e,
    0xff, 0xff, 0xff, 0xff, 0xff, 0xff, 0xff, 0xff,
    0xff, 0xff, 0xff, 0xff, 0xff, 0xff, 0xfe, 0x0,
    0x1d, 0xff, 0xff, 0xff, 0xf8, 0x88, 0x88, 0x88,
    0x88, 0x88, 0x88, 0x88, 0x88, 0x88, 0x87, 0x20,
    0x0, 0x1c, 0xff, 0xff, 0xff, 0x10, 0x0, 0x0,
    0x0, 0x0, 0x0, 0x0, 0x0, 0x0, 0x0, 0x0,
    0x0, 0x0, 0xb, 0xff, 0xff, 0xf1, 0x0, 0x0,
    0x0, 0x0, 0x0, 0x0, 0x0, 0x0, 0x0, 0x0,
    0x0, 0x0, 0x0, 0xa, 0xff, 0xff, 0x10, 0x0,
    0x0, 0x0, 0x0, 0x0, 0x0, 0x0, 0x0, 0x0,
    0x0, 0x0, 0x0, 0x0, 0x9, 0xff, 0xf0, 0x0,
    0x0, 0x0, 0x0, 0x0, 0x0, 0x0, 0x0, 0x0,
    0x0, 0x0, 0x0, 0x0, 0x0, 0x8, 0xf9, 0x0,
    0x0, 0x0, 0x0, 0x0, 0x0, 0x0, 0x0, 0x0,
    0x0, 0x0, 0x0
};


/*---------------------
 *  GLYPH DESCRIPTION
 *--------------------*/

static const lv_font_fmt_txt_glyph_dsc_t glyph_dsc[] = {
    {.bitmap_index = 0, .adv_w = 0, .box_w = 0, .box_h = 0, .ofs_x = 0, .ofs_y = 0} /* id = 0 reserved */,
    {.bitmap_index = 0, .adv_w = 99, .box_w = 0, .box_h = 0, .ofs_x = 0, .ofs_y = 0},
    {.bitmap_index = 0, .adv_w = 151, .box_w = 6, .box_h = 24, .ofs_x = 2, .ofs_y = 0},
    {.bitmap_index = 72, .adv_w = 230, .box_w = 12, .box_h = 10, .ofs_x = 1, .ofs_y = 15},
    {.bitmap_index = 132, .adv_w = 372, .box_w = 22, .box_h = 24, .ofs_x = 1, .ofs_y = 0},
    {.bitmap_index = 396, .adv_w = 326, .box_w = 20, .box_h = 32, .ofs_x = 0, .ofs_y = -4},
    {.bitmap_index = 716, .adv_w = 402, .box_w = 24, .box_h = 24, .ofs_x = 1, .ofs_y = 0},
    {.bitmap_index = 1004, .adv_w = 393, .box_w = 25, .box_h = 24, .ofs_x = 0, .ofs_y = 0},
    {.bitmap_index = 1304, .adv_w = 131, .box_w = 6, .box_h = 10, .ofs_x = 1, .ofs_y = 15},
    {.bitmap_index = 1334, .adv_w = 225, .box_w = 11, .box_h = 29, .ofs_x = 2, .ofs_y = -4},
    {.bitmap_index = 1494, .adv_w = 225, .box_w = 11, .box_h = 29, .ofs_x = 1, .ofs_y = -3},
    {.bitmap_index = 1654, .adv_w = 220, .box_w = 12, .box_h = 11, .ofs_x = 1, .ofs_y = 13},
    {.bitmap_index = 1720, .adv_w = 279, .box_w = 15, .box_h = 15, .ofs_x = 1, .ofs_y = 5},
    {.bitmap_index = 1833, .adv_w = 141, .box_w = 5, .box_h = 11, .ofs_x = 2, .ofs_y = -6},
    {.bitmap_index = 1861, .adv_w = 252, .box_w = 12, .box_h = 4, .ofs_x = 2, .ofs_y = 7},
    {.bitmap_index = 1885, .adv_w = 141, .box_w = 5, .box_h = 5, .ofs_x = 2, .ofs_y = 0},
    {.bitmap_index = 1898, .adv_w = 227, .box_w = 13, .box_h = 28, .ofs_x = 1, .ofs_y = -2},
    {.bitmap_index = 2080, .adv_w = 347, .box_w = 20, .box_h = 24, .ofs_x = 1, .ofs_y = 0},
    {.bitmap_index = 2320, .adv_w = 198, .box_w = 11, .box_h = 24, .ofs_x = 0, .ofs_y = 0},
    {.bitmap_index = 2452, .adv_w = 285, .box_w = 18, .box_h = 24, .ofs_x = 0, .ofs_y = 0},
    {.bitmap_index = 2668, .adv_w = 296, .box_w = 18, .box_h = 24, .ofs_x = 0, .ofs_y = 0},
    {.bitmap_index = 2884, .adv_w = 315, .box_w = 19, .box_h = 24, .ofs_x = 0, .ofs_y = 0},
    {.bitmap_index = 3112, .adv_w = 297, .box_w = 18, .box_h = 24, .ofs_x = 0, .ofs_y = 0},
    {.bitmap_index = 3328, .adv_w = 315, .box_w = 18, .box_h = 24, .ofs_x = 1, .ofs_y = 0},
    {.bitmap_index = 3544, .adv_w = 287, .box_w = 18, .box_h = 24, .ofs_x = 0, .ofs_y = 0},
    {.bitmap_index = 3760, .adv_w = 306, .box_w = 18, .box_h = 24, .ofs_x = 1, .ofs_y = 0},
    {.bitmap_index = 3976, .adv_w = 317, .box_w = 19, .box_h = 24, .ofs_x = 0, .ofs_y = 0},
    {.bitmap_index = 4204, .adv_w = 141, .box_w = 5, .box_h = 16, .ofs_x = 2, .ofs_y = 0},
    {.bitmap_index = 4244, .adv_w = 141, .box_w = 5, .box_h = 22, .ofs_x = 2, .ofs_y = -6},
    {.bitmap_index = 4299, .adv_w = 279, .box_w = 15, .box_h = 14, .ofs_x = 1, .ofs_y = 5},
    {.bitmap_index = 4404, .adv_w = 279, .box_w = 15, .box_h = 10, .ofs_x = 1, .ofs_y = 7},
    {.bitmap_index = 4479, .adv_w = 279, .box_w = 15, .box_h = 14, .ofs_x = 1, .ofs_y = 5},
    {.bitmap_index = 4584, .adv_w = 297, .box_w = 17, .box_h = 25, .ofs_x = 1, .ofs_y = 0},
    {.bitmap_index = 4797, .adv_w = 444, .box_w = 26, .box_h = 24, .ofs_x = 1, .ofs_y = 0},
    {.bitmap_index = 5109, .adv_w = 375, .box_w = 23, .box_h = 24, .ofs_x = 0, .ofs_y = 0},
    {.bitmap_index = 5385, .adv_w = 330, .box_w = 19, .box_h = 24, .ofs_x = 1, .ofs_y = 0},
    {.bitmap_index = 5613, .adv_w = 382, .box_w = 22, .box_h = 24, .ofs_x = 1, .ofs_y = 0},
    {.bitmap_index = 5877, .adv_w = 387, .box_w = 22, .box_h = 24, .ofs_x = 1, .ofs_y = 0},
    {.bitmap_index = 6141, .adv_w = 323, .box_w = 18, .box_h = 24, .ofs_x = 1, .ofs_y = 0},
    {.bitmap_index = 6357, .adv_w = 304, .box_w = 17, .box_h = 24, .ofs_x = 1, .ofs_y = 0},
    {.bitmap_index = 6561, .adv_w = 391, .box_w = 22, .box_h = 24, .ofs_x = 1, .ofs_y = 0},
    {.bitmap_index = 6825, .adv_w = 371, .box_w = 21, .box_h = 24, .ofs_x = 1, .ofs_y = 0},
    {.bitmap_index = 7077, .adv_w = 130, .box_w = 6, .box_h = 24, .ofs_x = 1, .ofs_y = 0},
    {.bitmap_index = 7149, .adv_w = 219, .box_w = 12, .box_h = 24, .ofs_x = 0, .ofs_y = 0},
    {.bitmap_index = 7293, .adv_w = 365, .box_w = 22, .box_h = 24, .ofs_x = 1, .ofs_y = 0},
    {.bitmap_index = 7557, .adv_w = 302, .box_w = 17, .box_h = 24, .ofs_x = 1, .ofs_y = 0},
    {.bitmap_index = 7761, .adv_w = 460, .box_w = 26, .box_h = 24, .ofs_x = 1, .ofs_y = 0},
    {.bitmap_index = 8073, .adv_w = 371, .box_w = 21, .box_h = 24, .ofs_x = 1, .ofs_y = 0},
    {.bitmap_index = 8325, .adv_w = 407, .box_w = 24, .box_h = 24, .ofs_x = 1, .ofs_y = 0},
    {.bitmap_index = 8613, .adv_w = 342, .box_w = 20, .box_h = 24, .ofs_x = 1, .ofs_y = 0},
    {.bitmap_index = 8853, .adv_w = 413, .box_w = 25, .box_h = 24, .ofs_x = 1, .ofs_y = 0},
    {.bitmap_index = 9153, .adv_w = 340, .box_w = 20, .box_h = 24, .ofs_x = 1, .ofs_y = 0},
    {.bitmap_index = 9393, .adv_w = 326, .box_w = 20, .box_h = 24, .ofs_x = 0, .ofs_y = 0},
    {.bitmap_index = 9633, .adv_w = 340, .box_w = 21, .box_h = 24, .ofs_x = 0, .ofs_y = 0},
    {.bitmap_index = 9885, .adv_w = 360, .box_w = 20, .box_h = 24, .ofs_x = 1, .ofs_y = 0},
    {.bitmap_index = 10125, .adv_w = 375, .box_w = 23, .box_h = 24, .ofs_x = 0, .ofs_y = 0},
    {.bitmap_index = 10401, .adv_w = 557, .box_w = 33, .box_h = 24, .ofs_x = 1, .ofs_y = 0},
    {.bitmap_index = 10797, .adv_w = 362, .box_w = 22, .box_h = 24, .ofs_x = 0, .ofs_y = 0},
    {.bitmap_index = 11061, .adv_w = 358, .box_w = 22, .box_h = 24, .ofs_x = 0, .ofs_y = 0},
    {.bitmap_index = 11325, .adv_w = 323, .box_w = 18, .box_h = 24, .ofs_x = 1, .ofs_y = 0},
    {.bitmap_index = 11541, .adv_w = 225, .box_w = 11, .box_h = 28, .ofs_x = 2, .ofs_y = -4},
    {.bitmap_index = 11695, .adv_w = 227, .box_w = 13, .box_h = 28, .ofs_x = 1, .ofs_y = -2},
    {.bitmap_index = 11877, .adv_w = 225, .box_w = 11, .box_h = 28, .ofs_x = 1, .ofs_y = -4},
    {.bitmap_index = 12031, .adv_w = 279, .box_w = 14, .box_h = 8, .ofs_x = 2, .ofs_y = 16},
    {.bitmap_index = 12087, .adv_w = 239, .box_w = 15, .box_h = 4, .ofs_x = 0, .ofs_y = -5},
    {.bitmap_index = 12117, .adv_w = 181, .box_w = 10, .box_h = 6, .ofs_x = 1, .ofs_y = 19},
    {.bitmap_index = 12147, .adv_w = 286, .box_w = 16, .box_h = 17, .ofs_x = 1, .ofs_y = 0},
    {.bitmap_index = 12283, .adv_w = 318, .box_w = 17, .box_h = 24, .ofs_x = 2, .ofs_y = 0},
    {.bitmap_index = 12487, .adv_w = 283, .box_w = 17, .box_h = 17, .ofs_x = 0, .ofs_y = 0},
    {.bitmap_index = 12632, .adv_w = 318, .box_w = 18, .box_h = 24, .ofs_x = 0, .ofs_y = 0},
    {.bitmap_index = 12848, .adv_w = 292, .box_w = 18, .box_h = 17, .ofs_x = 0, .ofs_y = 0},
    {.bitmap_index = 13001, .adv_w = 189, .box_w = 12, .box_h = 24, .ofs_x = 0, .ofs_y = 0},
    {.bitmap_index = 13145, .adv_w = 318, .box_w = 18, .box_h = 24, .ofs_x = 0, .ofs_y = -7},
    {.bitmap_index = 13361, .adv_w = 313, .box_w = 16, .box_h = 24, .ofs_x = 2, .ofs_y = 0},
    {.bitmap_index = 13553, .adv_w = 133, .box_w = 6, .box_h = 24, .ofs_x = 1, .ofs_y = 0},
    {.bitmap_index = 13625, .adv_w = 133, .box_w = 9, .box_h = 31, .ofs_x = -2, .ofs_y = -7},
    {.bitmap_index = 13765, .adv_w = 286, .box_w = 16, .box_h = 24, .ofs_x = 2, .ofs_y = 0},
    {.bitmap_index = 13957, .adv_w = 133, .box_w = 5, .box_h = 24, .ofs_x = 2, .ofs_y = 0},
    {.bitmap_index = 14017, .adv_w = 482, .box_w = 27, .box_h = 17, .ofs_x = 2, .ofs_y = 0},
    {.bitmap_index = 14247, .adv_w = 313, .box_w = 16, .box_h = 17, .ofs_x = 2, .ofs_y = 0},
    {.bitmap_index = 14383, .adv_w = 306, .box_w = 19, .box_h = 17, .ofs_x = 0, .ofs_y = 0},
    {.bitmap_index = 14545, .adv_w = 318, .box_w = 17, .box_h = 24, .ofs_x = 2, .ofs_y = -7},
    {.bitmap_index = 14749, .adv_w = 318, .box_w = 18, .box_h = 24, .ofs_x = 0, .ofs_y = -7},
    {.bitmap_index = 14965, .adv_w = 200, .box_w = 10, .box_h = 17, .ofs_x = 2, .ofs_y = 0},
    {.bitmap_index = 15050, .adv_w = 253, .box_w = 16, .box_h = 17, .ofs_x = 0, .ofs_y = 0},
    {.bitmap_index = 15186, .adv_w = 208, .box_w = 13, .box_h = 23, .ofs_x = 0, .ofs_y = 0},
    {.bitmap_index = 15336, .adv_w = 309, .box_w = 17, .box_h = 17, .ofs_x = 1, .ofs_y = 0},
    {.bitmap_index = 15481, .adv_w = 274, .box_w = 18, .box_h = 17, .ofs_x = 0, .ofs_y = 0},
    {.bitmap_index = 15634, .adv_w = 410, .box_w = 26, .box_h = 17, .ofs_x = 0, .ofs_y = 0},
    {.bitmap_index = 15855, .adv_w = 301, .box_w = 18, .box_h = 17, .ofs_x = 0, .ofs_y = 0},
    {.bitmap_index = 16008, .adv_w = 274, .box_w = 18, .box_h = 24, .ofs_x = 0, .ofs_y = -7},
    {.bitmap_index = 16224, .adv_w = 263, .box_w = 15, .box_h = 17, .ofs_x = 1, .ofs_y = 0},
    {.bitmap_index = 16352, .adv_w = 225, .box_w = 12, .box_h = 28, .ofs_x = 1, .ofs_y = -4},
    {.bitmap_index = 16520, .adv_w = 120, .box_w = 5, .box_h = 31, .ofs_x = 1, .ofs_y = -4},
    {.bitmap_index = 16598, .adv_w = 225, .box_w = 12, .box_h = 28, .ofs_x = 1, .ofs_y = -4},
    {.bitmap_index = 16766, .adv_w = 279, .box_w = 18, .box_h = 6, .ofs_x = 0, .ofs_y = 9},
    {.bitmap_index = 16820, .adv_w = 99, .box_w = 0, .box_h = 0, .ofs_x = 0, .ofs_y = 0},
    {.bitmap_index = 16820, .adv_w = 151, .box_w = 6, .box_h = 24, .ofs_x = 2, .ofs_y = -7},
    {.bitmap_index = 16892, .adv_w = 283, .box_w = 17, .box_h = 24, .ofs_x = 0, .ofs_y = -3},
    {.bitmap_index = 17096, .adv_w = 307, .box_w = 19, .box_h = 24, .ofs_x = 0, .ofs_y = 0},
    {.bitmap_index = 17324, .adv_w = 328, .box_w = 20, .box_h = 24, .ofs_x = 0, .ofs_y = 0},
    {.bitmap_index = 17564, .adv_w = 266, .box_w = 16, .box_h = 26, .ofs_x = 0, .ofs_y = -2},
    {.bitmap_index = 17772, .adv_w = 249, .box_w = 13, .box_h = 5, .ofs_x = 1, .ofs_y = 19},
    {.bitmap_index = 17805, .adv_w = 421, .box_w = 25, .box_h = 25, .ofs_x = 1, .ofs_y = 0},
    {.bitmap_index = 18118, .adv_w = 192, .box_w = 10, .box_h = 11, .ofs_x = 1, .ofs_y = 13},
    {.bitmap_index = 18173, .adv_w = 280, .box_w = 15, .box_h = 12, .ofs_x = 1, .ofs_y = 2},
    {.bitmap_index = 18263, .adv_w = 421, .box_w = 25, .box_h = 25, .ofs_x = 1, .ofs_y = 0},
    {.bitmap_index = 18576, .adv_w = 210, .box_w = 13, .box_h = 3, .ofs_x = 1, .ofs_y = 20},
    {.bitmap_index = 18596, .adv_w = 191, .box_w = 10, .box_h = 10, .ofs_x = 1, .ofs_y = 15},
    {.bitmap_index = 18646, .adv_w = 181, .box_w = 10, .box_h = 6, .ofs_x = 1, .ofs_y = 19},
    {.bitmap_index = 18676, .adv_w = 339, .box_w = 20, .box_h = 28, .ofs_x = 0, .ofs_y = -4},
    {.bitmap_index = 18956, .adv_w = 74, .box_w = 5, .box_h = 5, .ofs_x = 0, .ofs_y = 10},
    {.bitmap_index = 18969, .adv_w = 154, .box_w = 10, .box_h = 8, .ofs_x = 1, .ofs_y = -7},
    {.bitmap_index = 19009, .adv_w = 210, .box_w = 11, .box_h = 11, .ofs_x = 1, .ofs_y = 13},
    {.bitmap_index = 19070, .adv_w = 280, .box_w = 15, .box_h = 12, .ofs_x = 1, .ofs_y = 2},
    {.bitmap_index = 19160, .adv_w = 297, .box_w = 18, .box_h = 24, .ofs_x = 0, .ofs_y = -7},
    {.bitmap_index = 19376, .adv_w = 375, .box_w = 23, .box_h = 31, .ofs_x = 0, .ofs_y = 0},
    {.bitmap_index = 19733, .adv_w = 375, .box_w = 23, .box_h = 31, .ofs_x = 0, .ofs_y = 0},
    {.bitmap_index = 20090, .adv_w = 375, .box_w = 23, .box_h = 31, .ofs_x = 0, .ofs_y = 0},
    {.bitmap_index = 20447, .adv_w = 375, .box_w = 23, .box_h = 31, .ofs_x = 0, .ofs_y = 0},
    {.bitmap_index = 20804, .adv_w = 375, .box_w = 23, .box_h = 31, .ofs_x = 0, .ofs_y = 0},
    {.bitmap_index = 21161, .adv_w = 375, .box_w = 23, .box_h = 33, .ofs_x = 0, .ofs_y = 0},
    {.bitmap_index = 21541, .adv_w = 495, .box_w = 30, .box_h = 24, .ofs_x = 0, .ofs_y = 0},
    {.bitmap_index = 21901, .adv_w = 382, .box_w = 22, .box_h = 31, .ofs_x = 1, .ofs_y = -7},
    {.bitmap_index = 22242, .adv_w = 323, .box_w = 18, .box_h = 31, .ofs_x = 1, .ofs_y = 0},
    {.bitmap_index = 22521, .adv_w = 323, .box_w = 18, .box_h = 31, .ofs_x = 1, .ofs_y = 0},
    {.bitmap_index = 22800, .adv_w = 323, .box_w = 18, .box_h = 31, .ofs_x = 1, .ofs_y = 0},
    {.bitmap_index = 23079, .adv_w = 323, .box_w = 18, .box_h = 31, .ofs_x = 1, .ofs_y = 0},
    {.bitmap_index = 23358, .adv_w = 130, .box_w = 9, .box_h = 31, .ofs_x = -2, .ofs_y = 0},
    {.bitmap_index = 23498, .adv_w = 130, .box_w = 10, .box_h = 31, .ofs_x = 1, .ofs_y = 0},
    {.bitmap_index = 23653, .adv_w = 130, .box_w = 14, .box_h = 31, .ofs_x = -3, .ofs_y = 0},
    {.bitmap_index = 23870, .adv_w = 130, .box_w = 12, .box_h = 31, .ofs_x = -2, .ofs_y = 0},
    {.bitmap_index = 24056, .adv_w = 392, .box_w = 24, .box_h = 24, .ofs_x = 0, .ofs_y = 0},
    {.bitmap_index = 24344, .adv_w = 371, .box_w = 21, .box_h = 31, .ofs_x = 1, .ofs_y = 0},
    {.bitmap_index = 24670, .adv_w = 407, .box_w = 24, .box_h = 32, .ofs_x = 1, .ofs_y = 0},
    {.bitmap_index = 25054, .adv_w = 407, .box_w = 24, .box_h = 32, .ofs_x = 1, .ofs_y = 0},
    {.bitmap_index = 25438, .adv_w = 407, .box_w = 24, .box_h = 32, .ofs_x = 1, .ofs_y = 0},
    {.bitmap_index = 25822, .adv_w = 407, .box_w = 24, .box_h = 31, .ofs_x = 1, .ofs_y = 0},
    {.bitmap_index = 26194, .adv_w = 407, .box_w = 24, .box_h = 31, .ofs_x = 1, .ofs_y = 0},
    {.bitmap_index = 26566, .adv_w = 279, .box_w = 15, .box_h = 15, .ofs_x = 1, .ofs_y = 5},
    {.bitmap_index = 26679, .adv_w = 407, .box_w = 24, .box_h = 25, .ofs_x = 1, .ofs_y = -1},
    {.bitmap_index = 26979, .adv_w = 360, .box_w = 20, .box_h = 32, .ofs_x = 1, .ofs_y = 0},
    {.bitmap_index = 27299, .adv_w = 360, .box_w = 20, .box_h = 32, .ofs_x = 1, .ofs_y = 0},
    {.bitmap_index = 27619, .adv_w = 360, .box_w = 20, .box_h = 32, .ofs_x = 1, .ofs_y = 0},
    {.bitmap_index = 27939, .adv_w = 360, .box_w = 20, .box_h = 31, .ofs_x = 1, .ofs_y = 0},
    {.bitmap_index = 28249, .adv_w = 358, .box_w = 22, .box_h = 31, .ofs_x = 0, .ofs_y = 0},
    {.bitmap_index = 28590, .adv_w = 340, .box_w = 20, .box_h = 24, .ofs_x = 1, .ofs_y = 0},
    {.bitmap_index = 28830, .adv_w = 323, .box_w = 18, .box_h = 24, .ofs_x = 2, .ofs_y = 0},
    {.bitmap_index = 29046, .adv_w = 286, .box_w = 16, .box_h = 24, .ofs_x = 1, .ofs_y = 0},
    {.bitmap_index = 29238, .adv_w = 286, .box_w = 16, .box_h = 24, .ofs_x = 1, .ofs_y = 0},
    {.bitmap_index = 29430, .adv_w = 286, .box_w = 16, .box_h = 24, .ofs_x = 1, .ofs_y = 0},
    {.bitmap_index = 29622, .adv_w = 286, .box_w = 16, .box_h = 24, .ofs_x = 1, .ofs_y = 0},
    {.bitmap_index = 29814, .adv_w = 286, .box_w = 16, .box_h = 24, .ofs_x = 1, .ofs_y = 0},
    {.bitmap_index = 30006, .adv_w = 286, .box_w = 16, .box_h = 26, .ofs_x = 1, .ofs_y = 0},
    {.bitmap_index = 30214, .adv_w = 451, .box_w = 27, .box_h = 17, .ofs_x = 1, .ofs_y = 0},
    {.bitmap_index = 30444, .adv_w = 283, .box_w = 17, .box_h = 24, .ofs_x = 0, .ofs_y = -7},
    {.bitmap_index = 30648, .adv_w = 292, .box_w = 18, .box_h = 24, .ofs_x = 0, .ofs_y = 0},
    {.bitmap_index = 30864, .adv_w = 292, .box_w = 18, .box_h = 24, .ofs_x = 0, .ofs_y = 0},
    {.bitmap_index = 31080, .adv_w = 292, .box_w = 18, .box_h = 24, .ofs_x = 0, .ofs_y = 0},
    {.bitmap_index = 31296, .adv_w = 292, .box_w = 18, .box_h = 24, .ofs_x = 0, .ofs_y = 0},
    {.bitmap_index = 31512, .adv_w = 133, .box_w = 10, .box_h = 24, .ofs_x = -2, .ofs_y = 0},
    {.bitmap_index = 31632, .adv_w = 133, .box_w = 10, .box_h = 24, .ofs_x = 1, .ofs_y = 0},
    {.bitmap_index = 31752, .adv_w = 133, .box_w = 14, .box_h = 24, .ofs_x = -3, .ofs_y = 0},
    {.bitmap_index = 31920, .adv_w = 133, .box_w = 13, .box_h = 24, .ofs_x = -2, .ofs_y = 0},
    {.bitmap_index = 32076, .adv_w = 311, .box_w = 18, .box_h = 25, .ofs_x = 1, .ofs_y = 0},
    {.bitmap_index = 32301, .adv_w = 313, .box_w = 16, .box_h = 24, .ofs_x = 2, .ofs_y = 0},
    {.bitmap_index = 32493, .adv_w = 306, .box_w = 19, .box_h = 24, .ofs_x = 0, .ofs_y = 0},
    {.bitmap_index = 32721, .adv_w = 306, .box_w = 19, .box_h = 24, .ofs_x = 0, .ofs_y = 0},
    {.bitmap_index = 32949, .adv_w = 306, .box_w = 19, .box_h = 24, .ofs_x = 0, .ofs_y = 0},
    {.bitmap_index = 33177, .adv_w = 306, .box_w = 19, .box_h = 24, .ofs_x = 0, .ofs_y = 0},
    {.bitmap_index = 33405, .adv_w = 306, .box_w = 19, .box_h = 24, .ofs_x = 0, .ofs_y = 0},
    {.bitmap_index = 33633, .adv_w = 279, .box_w = 15, .box_h = 16, .ofs_x = 1, .ofs_y = 4},
    {.bitmap_index = 33753, .adv_w = 306, .box_w = 19, .box_h = 19, .ofs_x = 0, .ofs_y = -1},
    {.bitmap_index = 33934, .adv_w = 309, .box_w = 17, .box_h = 24, .ofs_x = 1, .ofs_y = 0},
    {.bitmap_index = 34138, .adv_w = 309, .box_w = 17, .box_h = 24, .ofs_x = 1, .ofs_y = 0},
    {.bitmap_index = 34342, .adv_w = 309, .box_w = 17, .box_h = 24, .ofs_x = 1, .ofs_y = 0},
    {.bitmap_index = 34546, .adv_w = 309, .box_w = 17, .box_h = 24, .ofs_x = 1, .ofs_y = 0},
    {.bitmap_index = 34750, .adv_w = 274, .box_w = 18, .box_h = 31, .ofs_x = 0, .ofs_y = -7},
    {.bitmap_index = 35029, .adv_w = 318, .box_w = 17, .box_h = 31, .ofs_x = 2, .ofs_y = -7},
    {.bitmap_index = 35293, .adv_w = 274, .box_w = 18, .box_h = 31, .ofs_x = 0, .ofs_y = -7},
    {.bitmap_index = 35572, .adv_w = 307, .box_w = 16, .box_h = 4, .ofs_x = 2, .ofs_y = 7},
    {.bitmap_index = 35604, .adv_w = 460, .box_w = 25, .box_h = 4, .ofs_x = 2, .ofs_y = 7},
    {.bitmap_index = 35654, .adv_w = 141, .box_w = 5, .box_h = 10, .ofs_x = 2, .ofs_y = 15},
    {.bitmap_index = 35679, .adv_w = 141, .box_w = 6, .box_h = 10, .ofs_x = 1, .ofs_y = 14},
    {.bitmap_index = 35709, .adv_w = 139, .box_w = 5, .box_h = 11, .ofs_x = 2, .ofs_y = -7},
    {.bitmap_index = 35737, .adv_w = 241, .box_w = 12, .box_h = 10, .ofs_x = 2, .ofs_y = 15},
    {.bitmap_index = 35797, .adv_w = 241, .box_w = 12, .box_h = 10, .ofs_x = 1, .ofs_y = 14},
    {.bitmap_index = 35857, .adv_w = 238, .box_w = 11, .box_h = 11, .ofs_x = 2, .ofs_y = -7},
    {.bitmap_index = 35918, .adv_w = 172, .box_w = 7, .box_h = 7, .ofs_x = 2, .ofs_y = 9},
    {.bitmap_index = 35943, .adv_w = 373, .box_w = 20, .box_h = 5, .ofs_x = 2, .ofs_y = 0},
    {.bitmap_index = 35993, .adv_w = 512, .box_w = 32, .box_h = 33, .ofs_x = 0, .ofs_y = -4},
    {.bitmap_index = 36521, .adv_w = 512, .box_w = 32, .box_h = 24, .ofs_x = 0, .ofs_y = 0},
    {.bitmap_index = 36905, .adv_w = 512, .box_w = 32, .box_h = 28, .ofs_x = 0, .ofs_y = -2},
    {.bitmap_index = 37353, .adv_w = 512, .box_w = 32, .box_h = 24, .ofs_x = 0, .ofs_y = 0},
    {.bitmap_index = 37737, .adv_w = 352, .box_w = 22, .box_h = 22, .ofs_x = 0, .ofs_y = 1},
    {.bitmap_index = 37979, .adv_w = 512, .box_w = 31, .box_h = 32, .ofs_x = 0, .ofs_y = -4},
    {.bitmap_index = 38475, .adv_w = 512, .box_w = 30, .box_h = 32, .ofs_x = 1, .ofs_y = -4},
    {.bitmap_index = 38955, .adv_w = 576, .box_w = 36, .box_h = 28, .ofs_x = 0, .ofs_y = -2},
    {.bitmap_index = 39459, .adv_w = 512, .box_w = 32, .box_h = 32, .ofs_x = 0, .ofs_y = -4},
    {.bitmap_index = 39971, .adv_w = 576, .box_w = 36, .box_h = 24, .ofs_x = 0, .ofs_y = 0},
    {.bitmap_index = 40403, .adv_w = 512, .box_w = 32, .box_h = 32, .ofs_x = 0, .ofs_y = -4},
    {.bitmap_index = 40915, .adv_w = 256, .box_w = 16, .box_h = 26, .ofs_x = 0, .ofs_y = -1},
    {.bitmap_index = 41123, .adv_w = 384, .box_w = 24, .box_h = 26, .ofs_x = 0, .ofs_y = -1},
    {.bitmap_index = 41435, .adv_w = 576, .box_w = 36, .box_h = 32, .ofs_x = 0, .ofs_y = -4},
    {.bitmap_index = 42011, .adv_w = 512, .box_w = 32, .box_h = 24, .ofs_x = 0, .ofs_y = 0},
    {.bitmap_index = 42395, .adv_w = 352, .box_w = 22, .box_h = 32, .ofs_x = 0, .ofs_y = -4},
    {.bitmap_index = 42747, .adv_w = 448, .box_w = 20, .box_h = 30, .ofs_x = 4, .ofs_y = -3},
    {.bitmap_index = 43047, .adv_w = 448, .box_w = 28, .box_h = 34, .ofs_x = 0, .ofs_y = -5},
    {.bitmap_index = 43523, .adv_w = 448, .box_w = 28, .box_h = 29, .ofs_x = 0, .ofs_y = -2},
    {.bitmap_index = 43929, .adv_w = 448, .box_w = 28, .box_h = 28, .ofs_x = 0, .ofs_y = -2},
    {.bitmap_index = 44321, .adv_w = 448, .box_w = 20, .box_h = 30, .ofs_x = 4, .ofs_y = -3},
    {.bitmap_index = 44621, .adv_w = 448, .box_w = 30, .box_h = 28, .ofs_x = -1, .ofs_y = -2},
    {.bitmap_index = 45041, .adv_w = 320, .box_w = 18, .box_h = 28, .ofs_x = 1, .ofs_y = -2},
    {.bitmap_index = 45293, .adv_w = 320, .box_w = 18, .box_h = 28, .ofs_x = 1, .ofs_y = -2},
    {.bitmap_index = 45545, .adv_w = 448, .box_w = 28, .box_h = 28, .ofs_x = 0, .ofs_y = -2},
    {.bitmap_index = 45937, .adv_w = 448, .box_w = 28, .box_h = 6, .ofs_x = 0, .ofs_y = 9},
    {.bitmap_index = 46021, .adv_w = 576, .box_w = 36, .box_h = 24, .ofs_x = 0, .ofs_y = 0},
    {.bitmap_index = 46453, .adv_w = 640, .box_w = 40, .box_h = 32, .ofs_x = 0, .ofs_y = -4},
    {.bitmap_index = 47093, .adv_w = 576, .box_w = 38, .box_h = 32, .ofs_x = -1, .ofs_y = -4},
    {.bitmap_index = 47701, .adv_w = 512, .box_w = 32, .box_h = 30, .ofs_x = 0, .ofs_y = -3},
    {.bitmap_index = 48181, .adv_w = 448, .box_w = 28, .box_h = 18, .ofs_x = 0, .ofs_y = 3},
    {.bitmap_index = 48433, .adv_w = 448, .box_w = 28, .box_h = 18, .ofs_x = 0, .ofs_y = 3},
    {.bitmap_index = 48685, .adv_w = 640, .box_w = 40, .box_h = 26, .ofs_x = 0, .ofs_y = -1},
    {.bitmap_index = 49205, .adv_w = 512, .box_w = 32, .box_h = 24, .ofs_x = 0, .ofs_y = 0},
    {.bitmap_index = 49589, .adv_w = 512, .box_w = 32, .box_h = 32, .ofs_x = 0, .ofs_y = -4},
    {.bitmap_index = 50101, .adv_w = 512, .box_w = 33, .box_h = 33, .ofs_x = -1, .ofs_y = -4},
    {.bitmap_index = 50646, .adv_w = 448, .box_w = 29, .box_h = 28, .ofs_x = 0, .ofs_y = -2},
    {.bitmap_index = 51052, .adv_w = 448, .box_w = 28, .box_h = 32, .ofs_x = 0, .ofs_y = -4},
    {.bitmap_index = 51500, .adv_w = 448, .box_w = 28, .box_h = 28, .ofs_x = 0, .ofs_y = -2},
    {.bitmap_index = 51892, .adv_w = 448, .box_w = 28, .box_h = 26, .ofs_x = 0, .ofs_y = -1},
    {.bitmap_index = 52256, .adv_w = 512, .box_w = 32, .box_h = 24, .ofs_x = 0, .ofs_y = 0},
    {.bitmap_index = 52640, .adv_w = 320, .box_w = 22, .box_h = 32, .ofs_x = -1, .ofs_y = -4},
    {.bitmap_index = 52992, .adv_w = 448, .box_w = 28, .box_h = 32, .ofs_x = 0, .ofs_y = -4},
    {.bitmap_index = 53440, .adv_w = 448, .box_w = 28, .box_h = 32, .ofs_x = 0, .ofs_y = -4},
    {.bitmap_index = 53888, .adv_w = 576, .box_w = 36, .box_h = 24, .ofs_x = 0, .ofs_y = 0},
    {.bitmap_index = 54320, .adv_w = 512, .box_w = 34, .box_h = 34, .ofs_x = -1, .ofs_y = -5},
    {.bitmap_index = 54898, .adv_w = 384, .box_w = 24, .box_h = 32, .ofs_x = 0, .ofs_y = -4},
    {.bitmap_index = 55282, .adv_w = 640, .box_w = 40, .box_h = 29, .ofs_x = 0, .ofs_y = -2},
    {.bitmap_index = 55862, .adv_w = 640, .box_w = 40, .box_h = 20, .ofs_x = 0, .ofs_y = 2},
    {.bitmap_index = 56262, .adv_w = 640, .box_w = 40, .box_h = 20, .ofs_x = 0, .ofs_y = 2},
    {.bitmap_index = 56662, .adv_w = 640, .box_w = 40, .box_h = 20, .ofs_x = 0, .ofs_y = 2},
    {.bitmap_index = 57062, .adv_w = 640, .box_w = 40, .box_h = 20, .ofs_x = 0, .ofs_y = 2},
    {.bitmap_index = 57462, .adv_w = 640, .box_w = 40, .box_h = 20, .ofs_x = 0, .ofs_y = 2},
    {.bitmap_index = 57862, .adv_w = 640, .box_w = 41, .box_h = 26, .ofs_x = 0, .ofs_y = -1},
    {.bitmap_index = 58395, .adv_w = 448, .box_w = 24, .box_h = 32, .ofs_x = 2, .ofs_y = -4},
    {.bitmap_index = 58779, .adv_w = 448, .box_w = 28, .box_h = 32, .ofs_x = 0, .ofs_y = -4},
    {.bitmap_index = 59227, .adv_w = 512, .box_w = 33, .box_h = 33, .ofs_x = -1, .ofs_y = -5},
    {.bitmap_index = 59772, .adv_w = 640, .box_w = 40, .box_h = 24, .ofs_x = 0, .ofs_y = 0},
    {.bitmap_index = 60252, .adv_w = 384, .box_w = 24, .box_h = 32, .ofs_x = 0, .ofs_y = -4},
    {.bitmap_index = 60636, .adv_w = 515, .box_w = 33, .box_h = 21, .ofs_x = 0, .ofs_y = 2}
};

/*---------------------
 *  CHARACTER MAPPING
 *--------------------*/

static const uint8_t glyph_id_ofs_list_1[] = {
    0, 1, 2, 3, 0, 4, 0, 5,
    6, 7, 8, 9, 0, 0, 10, 11,
    12, 0, 0, 0, 13, 0, 14, 15,
    16, 0, 17, 18
};

static const uint16_t unicode_list_3[] = {
    0x0, 0x1, 0x5, 0x6, 0x7, 0x9, 0xa, 0xb,
    0xf, 0x13, 0xcfee, 0xcff5, 0xcff8, 0xcff9, 0xcffa, 0xcffe,
    0xd000, 0xd002, 0xd006, 0xd009, 0xd00e, 0xd013, 0xd014, 0xd015,
    0xd02b, 0xd030, 0xd035, 0xd038, 0xd039, 0xd03a, 0xd03e, 0xd03f,
    0xd040, 0xd041, 0xd054, 0xd055, 0xd05b, 0xd05d, 0xd05e, 0xd061,
    0xd064, 0xd065, 0xd066, 0xd068, 0xd080, 0xd082, 0xd0b1, 0xd0b2,
    0xd0b4, 0xd0b6, 0xd0cd, 0xd0d4, 0xd0d7, 0xd0e0, 0xd109, 0xd111,
    0xd148, 0xd1d8, 0xd22d, 0xd22e, 0xd22f, 0xd230, 0xd231, 0xd274,
    0xd280, 0xd2da, 0xd2f1, 0xd547, 0xd7af, 0xd88f
};

/*Collect the unicode lists and glyph_id offsets*/
static const lv_font_fmt_txt_cmap_t cmaps[] =
{
    {
        .range_start = 32, .range_length = 95, .glyph_id_start = 1,
        .unicode_list = NULL, .glyph_id_ofs_list = NULL, .list_length = 0, .type = LV_FONT_FMT_TXT_CMAP_FORMAT0_TINY
    },
    {
        .range_start = 160, .range_length = 28, .glyph_id_start = 96,
        .unicode_list = NULL, .glyph_id_ofs_list = glyph_id_ofs_list_1, .list_length = 28, .type = LV_FONT_FMT_TXT_CMAP_FORMAT0_FULL
    },
    {
        .range_start = 191, .range_length = 65, .glyph_id_start = 115,
        .unicode_list = NULL, .glyph_id_ofs_list = NULL, .list_length = 0, .type = LV_FONT_FMT_TXT_CMAP_FORMAT0_TINY
    },
    {
        .range_start = 8211, .range_length = 55440, .glyph_id_start = 180,
        .unicode_list = unicode_list_3, .glyph_id_ofs_list = NULL, .list_length = 70, .type = LV_FONT_FMT_TXT_CMAP_SPARSE_TINY
    }
};

/*-----------------
 *    KERNING
 *----------------*/


/*Map glyph_ids to kern left classes*/
static const uint8_t kern_left_class_mapping[] =
{
    0, 0, 1, 2, 3, 4, 5, 6,
    7, 8, 9, 10, 11, 12, 13, 14,
    15, 16, 17, 18, 19, 20, 21, 22,
    23, 24, 25, 26, 27, 28, 29, 30,
    31, 32, 33, 34, 35, 36, 37, 38,
    39, 0, 0, 40, 41, 42, 0, 0,
    43, 44, 45, 46, 47, 48, 49, 50,
    51, 52, 53, 54, 55, 56, 0, 57,
    58, 0, 59, 60, 61, 0, 62, 63,
    0, 64, 65, 66, 67, 0, 68, 69,
    70, 71, 0, 72, 73, 74, 75, 76,
    77, 78, 79, 80, 81, 0, 82, 83,
    0, 84, 85, 86, 87, 0, 0, 88,
    89, 90, 91, 0, 92, 0, 0, 0,
    0, 93, 94, 95, 96, 97, 96, 96,
    96, 96, 98, 99, 100, 100, 100, 100,
    101, 102, 103, 104, 105, 101, 106, 106,
    106, 106, 106, 107, 108, 109, 109, 109,
    109, 110, 111, 112, 113, 114, 115, 115,
    115, 115, 116, 117, 118, 119, 120, 121,
    122, 123, 124, 125, 126, 127, 128, 129,
    128, 128, 129, 130, 131, 132, 133, 132,
    132, 134, 135, 136, 137, 138, 139, 140,
    141, 142, 143, 144, 145, 146, 0, 0,
    0, 0, 0, 0, 0, 0, 0, 0,
    0, 0, 0, 0, 0, 0, 0, 0,
    0, 0, 0, 0, 0, 0, 0, 0,
    0, 0, 0, 0, 0, 0, 0, 0,
    0, 0, 0, 0, 0, 0, 0, 0,
    0, 0, 0, 0, 0, 0, 0, 0,
    0, 0, 0, 0, 0, 0, 0, 0,
    0, 0
};

/*Map glyph_ids to kern right classes*/
static const uint8_t kern_right_class_mapping[] =
{
    0, 0, 1, 2, 3, 4, 5, 6,
    7, 8, 9, 10, 11, 12, 13, 14,
    15, 16, 17, 18, 19, 20, 21, 22,
    23, 24, 25, 26, 26, 27, 28, 29,
    30, 31, 32, 33, 34, 0, 0, 0,
    35, 0, 0, 36, 0, 0, 0, 0,
    37, 0, 38, 39, 40, 41, 42, 43,
    44, 45, 46, 47, 0, 48, 49, 50,
    51, 0, 52, 0, 53, 54, 55, 56,
    57, 0, 58, 59, 0, 0, 60, 60,
    61, 60, 62, 63, 64, 65, 66, 67,
    68, 69, 70, 71, 0, 0, 72, 73,
    0, 74, 75, 76, 0, 77, 0, 78,
    79, 80, 81, 0, 82, 0, 0, 0,
    0, 83, 84, 85, 86, 87, 86, 88,
    86, 86, 87, 89, 39, 39, 39, 39,
    90, 39, 91, 92, 93, 39, 89, 89,
    89, 89, 89, 94, 95, 42, 42, 42,
    42, 96, 39, 97, 98, 99, 100, 101,
    102, 103, 104, 105, 106, 107, 108, 108,
    109, 110, 111, 112, 113, 97, 108, 114,
    108, 108, 115, 11, 116, 117, 118, 119,
    120, 121, 122, 123, 124, 125, 126, 127,
    0, 128, 129, 130, 131, 132, 0, 0,
    0, 0, 0, 0, 0, 0, 0, 0,
    0, 0, 0, 0, 0, 0, 0, 0,
    0, 0, 0, 0, 0, 0, 0, 0,
    0, 0, 0, 0, 0, 0, 0, 0,
    0, 0, 0, 0, 0, 0, 0, 0,
    0, 0, 0, 0, 0, 0, 0, 0,
    0, 0, 0, 0, 0, 0, 0, 0,
    0, 0
};

/*Kern values between classes*/
static const int8_t kern_class_values[] =
{
    -15, -20, 0, 0, 0, 0, -20, 0,
    -22, -18, 0, -21, -32, -21, 0, -11,
    -10, -6, -12, -17, -14, -11, -12, -10,
    -7, -13, 0, 0, 0, -19, 0, -14,
    -10, -11, -11, -6, -11, -11, -10, -14,
    -13, -11, -16, -16, -16, -13, -14, 0,
    -21, 0, 0, -14, -11, -11, -11, -10,
    -12, -10, -12, 0, -11, -11, 0, -10,
    -10, -13, -12, -13, -17, -12, -15, 0,
    0, 0, 0, 0, 0, 0, 0, -28,
    0, 0, 0, -22, 0, -14, -14, -14,
    -11, -10, 0, 0, 0, 0, 0, -13,
    0, 0, -14, 0, 0, 0, 0, -14,
    -11, -11, -11, 0, -12, -12, 0, 0,
    0, -11, 0, 0, -13, -13, -13, -13,
    -12, -12, -12, -32, -32, -20, -20, -20,
    -16, 0, 0, 0, -20, -14, -26, -22,
    -11, 0, -14, -35, -20, -13, -40, -66,
    -68, -66, -59, -23, -6, -12, -16, -55,
    -23, -23, -5, -18, -13, -30, 0, -25,
    0, 0, -28, -58, -13, -25, -25, -64,
    -25, -25, -13, -22, -6, -11, -9, -12,
    -16, -9, -16, 0, -16, 0, -108, -40,
    -39, -38, -39, -13, -38, -14, -15, 0,
    -39, -38, 0, -35, -14, -26, -14, -17,
    -29, -14, -27, 0, -48, -32, 0, 0,
    0, 0, 0, -59, 0, 0, 0, -40,
    -67, -58, -58, -58, -25, -13, 0, 0,
    0, 0, -25, -9, -28, -30, -40, -30,
    -30, -30, -30, -40, -39, -39, -39, -34,
    -15, -15, 6, 0, 0, -39, -34, -39,
    -26, -26, -26, -26, -14, -15, -14, -57,
    -69, -16, -15, -16, 0, 0, 0, -108,
    0, 0, 0, 0, 0, 0, 0, 0,
    -39, 0, 0, 0, 0, 0, 0, 0,
    0, 0, 0, -8, -11, 0, -22, 0,
    0, 0, 0, 0, 0, 0, 0, -30,
    0, 0, 0, -32, 0, 0, 0, 0,
    -23, 0, 0, 0, 0, 0, 0, 0,
    0, 0, 0, -14, 0, 0, 0, 0,
    0, 0, 0, 0, 0, 0, 0, 0,
    0, 0, 0, 0, 0, 0, 0, 0,
    0, 0, 0, 0, 0, 0, 0, 0,
    0, 0, 0, 0, 0, 0, 0, 0,
    0, 0, 0, 0, 0, 0, 0, 0,
    0, 0, 0, 0, 0, 0, 0, 0,
    0, 0, 0, 0, 0, 0, 0, 0,
    0, 0, 0, 0, 0, 0, 0, 0,
    0, 0, 0, 0, 0, 0, 0, 0,
    0, 0, 0, 0, -9, -17, 0, 0,
    0, 0, -17, -8, -34, -11, -20, -15,
    -12, -15, -19, 3, -1, 1, 0, 0,
    -1, 3, -15, 6, 0, -9, 0, 0,
    0, 0, 0, 0, 0, 0, 0, 0,
    0, 0, 0, 0, 0, 0, 0, 0,
    0, 0, 0, 0, -24, 0, 0, 0,
    0, 0, 0, 0, 0, 0, 0, 0,
    0, 0, 0, 0, 0, 0, 0, 0,
    0, 0, 0, 0, 0, 0, 0, 0,
    0, 0, 0, -9, 0, 0, 0, -18,
    0, 0, 0, 0, 0, 0, 0, 0,
    0, 0, 0, 0, 0, 0, 0, 0,
    0, 0, 0, 0, 0, 0, 0, 0,
    0, 0, 0, 0, 0, 0, 0, 0,
    0, 0, 0, 0, 0, 0, 0, 0,
    0, -13, -15, -13, 0, 0, 0, 0,
    -13, -26, 0, 0, 0, 0, -26, 0,
    -24, -32, 0, -14, -17, -14, -20, 0,
    0, 0, 0, 0, 0, 0, 0, 0,
    0, -11, 0, 0, 0, 0, 0, 0,
    0, 0, 0, 0, 0, 0, 0, 0,
    0, 0, 0, 0, 0, 0, 0, 0,
    -22, 0, 0, 0, 0, 0, 0, 0,
    0, 0, 0, 0, 0, 0, 0, 0,
    0, 0, 0, 0, 0, 0, 0, 0,
    0, 0, 0, 0, 0, 0, 0, -12,
    0, 0, 0, -17, 0, 0, 0, 0,
    0, 0, 0, 0, 0, 0, 0, 0,
    0, 0, 0, 0, 0, 0, 0, 0,
    0, 0, 0, 0, 0, 0, 0, 0,
    0, 0, 0, 0, 0, 0, 0, 0,
    0, 0, 0, -17, -17, -36, -27, -36,
    0, 0, 0, 0, 0, 0, 0, 0,
    0, 0, 0, 0, 0, 0, 0, 0,
    0, 0, 0, 0, -30, 0, 0, 0,
    0, 0, 0, 0, 0, 0, 0, 0,
    0, 0, 0, 0, -7, -13, -13, 0,
    -13, 0, 0, -22, -57, 0, -45, -41,
    0, -61, 0, 0, 0, 0, 0, -13,
    0, 0, 0, 0, 0, 0, 0, 0,
    0, 0, 0, 0, -15, 0, 0, 0,
    0, 0, 0, 0, 0, 0, 0, 0,
    0, 0, 0, 0, 0, 0, 0, 0,
    0, 0, 0, 0, 0, 0, 0, 0,
    0, 0, 0, 0, 0, 0, 0, 0,
    0, 0, 0, 0, 0, 0, 0, 0,
    0, 0, 0, 0, 0, 0, 0, 0,
    0, 0, 0, 0, 0, 0, 0, 0,
    0, 0, 0, 0, 0, 0, 0, 0,
    -20, -14, 0, 0, -11, 0, -14, -35,
    -20, -13, -40, -62, -56, -62, -59, -23,
    -6, -12, -16, -55, -23, -23, -5, -18,
    -13, -30, 0, 0, 0, 0, 0, -58,
    -13, -25, -25, -57, -25, -25, -13, -22,
    -6, -11, -9, -12, -16, -9, -16, 0,
    -16, 0, -62, -40, -39, -38, -39, -13,
    -38, -14, -15, 0, -39, -38, 0, -35,
    -14, -27, -14, -17, -29, -14, -27, 0,
    0, 0, 0, 0, 0, 0, 0, -59,
    0, 0, 0, -40, 0, -58, -58, -58,
    -25, -13, -5, 0, 0, 0, -25, -9,
    -28, -30, -40, -30, -30, -30, -30, -40,
    -39, -39, -39, -34, 1, -15, 6, 0,
    0, -39, -34, 0, -26, -26, -26, -26,
    -14, -15, -14, -57, -57, -16, -15, -16,
    0, 0, 0, 0, -21, -20, -48, -38,
    -27, -44, -20, -53, -13, -30, -63, -39,
    -67, -39, -18, -43, -35, -27, -34, -51,
    -30, -43, -12, -34, -32, -37, -62, -53,
    -47, -37, -51, -30, -18, -47, -47, -27,
    -47, -47, -18, -38, -13, -18, -14, -18,
    -15, -10, -17, 0, -13, -49, 0, -44,
    -47, -46, -47, -41, -22, -18, 0, 0,
    -47, -46, 0, -43, -44, -46, -44, -47,
    -33, -37, -34, 0, -69, 0, -47, -31,
    -30, -48, 0, -62, -48, -29, 0, -49,
    0, -30, -30, -30, -47, -18, -1, 0,
    -22, -52, -40, -10, -37, -27, -44, -27,
    -27, -27, -27, -44, -47, -47, -47, -34,
    -18, -18, -9, 0, -37, -47, -34, -37,
    -46, -46, -46, -36, -37, -18, -37, -67,
    -67, -35, -21, -35, -18, -20, -57, -37,
    -22, -35, 0, 0, 0, 0, -35, -19,
    -53, -29, -20, -34, -24, -34, -34, -7,
    -14, -16, -15, -13, -13, -7, -35, -10,
    -9, -17, 0, -18, 0, 0, 0, -27,
    -13, -8, -8, -22, -8, -8, -13, -14,
    -36, -11, -32, -32, -35, -41, -27, 0,
    -44, -33, 0, -13, -8, -8, -8, -10,
    -8, -13, -14, 0, -8, -8, 0, -10,
    -10, -13, -11, -12, -25, -11, -18, -40,
    0, 0, 0, 0, 0, 0, 0, -22,
    0, 0, 0, -26, 0, -27, -27, -27,
    -8, -13, 0, 0, 0, -22, 0, -41,
    -14, -13, -13, -13, -13, -13, -13, -13,
    -8, -8, -8, -8, -14, -14, 0, 0,
    0, -8, -8, 0, -13, -13, -13, -13,
    -11, -14, -11, -24, -24, -27, -28, -27,
    -27, 0, 0, 0, -18, -13, 0, 0,
    0, 0, -13, -29, -30, -10, 0, -66,
    -61, -66, -56, -14, -2, -5, -10, -54,
    -20, -14, -6, -11, -5, -24, 0, 0,
    0, 0, 0, -56, -11, -16, -16, -62,
    -16, -16, -11, -15, -8, -9, -13, -14,
    -23, -14, -17, 0, -19, 0, 0, -36,
    -37, -36, -37, -5, -36, -12, -13, 0,
    -37, -36, 0, -31, -5, -20, -4, -10,
    -22, -4, -18, 0, 0, 0, 0, 0,
    0, 0, 0, -57, 0, 0, 0, -37,
    0, -56, -56, -56, -16, -11, 0, 0,
    0, 0, 0, -14, 0, 0, -36, 0,
    0, 0, 0, -36, -37, -37, -37, 0,
    -13, -13, 0, 0, 0, -37, 0, 0,
    -20, -20, -20, -20, -4, -13, -4, -64,
    -64, -11, -14, -11, 0, 0, 0, 0,
    -25, -39, 0, 0, 0, 0, -39, -20,
    -63, -36, -13, -66, -28, -66, -44, -8,
    -18, -38, -36, -23, -18, -8, -56, -19,
    -13, -15, 0, -22, 0, 0, 0, -41,
    -15, -8, -8, -54, -8, -8, -15, -27,
    -57, -13, -39, -35, -62, -53, -51, 0,
    -59, 0, 0, -18, -11, -11, -11, -10,
    -10, -16, -17, 0, -11, -11, 0, -12,
    -10, -15, -11, -12, -30, -11, -25, 0,
    0, 0, 0, 0, 0, 0, 0, -26,
    0, 0, 0, -20, 0, -41, -41, -41,
    -8, -15, 0, 0, 0, 0, 0, -53,
    0, -18, -18, -18, -18, -18, -18, -18,
    -11, -11, -11, -11, -17, -17, 0, 0,
    0, -11, -11, 0, -15, -15, -15, -15,
    -11, -17, -11, 0, 0, -30, -31, -30,
    0, 0, 0, 0, -21, -66, 0, 0,
    0, 0, -66, -33, -38, -66, 0, -18,
    -40, -18, -20, -26, -51, -9, -18, -22,
    -18, -26, -45, -17, -22, -15, 0, 0,
    0, 0, 0, -13, -17, -30, -30, -4,
    -30, -30, -17, -20, -66, -28, -66, -59,
    -16, -66, -14, 0, -28, 0, 0, -14,
    -19, -19, -19, -29, -19, 0, -18, 0,
    -19, -19, 0, -12, -36, -22, -43, -38,
    -16, -43, -15, 0, 0, 0, 0, 0,
    0, 0, 0, -34, 0, 0, 0, -25,
    0, -13, -13, -13, -30, -17, 0, 0,
    0, 0, 0, -66, 0, 0, -14, 0,
    0, 0, 0, -14, -19, -19, -19, 0,
    -18, -18, 0, 0, 0, -19, 0, 0,
    -22, -22, -22, -22, -43, -18, -43, -40,
    -40, -66, -66, -66, -66, 0, 0, 0,
    -31, -68, 0, -21, 0, 0, -56, -24,
    -66, -61, -28, -40, -21, -40, -40, -13,
    -51, -39, -19, -14, -22, -13, -57, -14,
    -23, -30, 0, 0, 0, -70, 0, -35,
    -19, -13, -13, -45, -13, -13, -19, -21,
    -75, -18, -50, -45, -49, -76, -38, 0,
    -65, 0, 0, -23, -9, -10, -9, -25,
    -10, -20, -21, 0, -9, -10, 0, -21,
    -27, -19, -27, -24, -49, -27, -35, -52,
    0, 0, 0, 0, 0, 0, 0, -20,
    0, 0, 0, -38, 0, -35, -35, -35,
    -13, -19, -19, -19, 0, 0, -13, -76,
    -21, -23, -23, -23, -23, -23, -23, -23,
    -9, -9, -9, -9, -21, -21, -21, -21,
    0, -9, -9, -9, -19, -19, -19, -19,
    -27, -21, -27, 0, 0, -54, -55, -54,
    -66, -51, 0, 0, -21, -66, 0, 0,
    0, 0, -66, -33, -38, -66, 0, -18,
    -40, -18, -20, -26, -51, -9, -18, -22,
    -18, -26, -45, -17, -22, -15, 0, 0,
    0, -60, 0, -13, -17, -30, -30, -4,
    -30, -30, -17, -20, -66, -28, -66, -59,
    -16, -66, -14, 0, -28, 0, 0, -14,
    -19, -19, -19, -29, -19, 0, -18, 0,
    -19, -19, 0, -12, -36, -22, -43, -38,
    -16, -43, -15, 0, 0, 0, 0, 0,
    0, 0, -66, -34, 0, 0, -66, -25,
    0, -13, -13, -13, -30, -17, 0, 0,
    0, 0, 0, -66, 0, 0, -14, 0,
    0, 0, 0, -14, -19, -19, -19, 0,
    -18, -18, 0, 0, 0, -19, 0, 0,
    -22, -22, -22, -22, -43, -18, -43, -40,
    -40, -66, -66, -66, -66, 0, 0, 0,
    -19, -15, 0, -25, -16, 0, -15, -38,
    -13, -18, -40, -65, -51, -65, -67, -24,
    -13, -19, -22, -44, -22, -24, -5, -21,
    -17, -34, 0, 0, 0, 0, 0, -60,
    -13, -26, -26, -50, -26, -26, -13, -25,
    -6, -10, -8, -11, -15, -4, -14, 0,
    -11, 0, 0, -40, -36, -35, -36, -21,
    -35, -14, -15, 0, -36, -35, 0, -35,
    -21, -32, -20, -23, -33, -20, -33, 0,
    0, 0, 0, 0, 0, 0, 0, -51,
    0, 0, 0, -41, 0, -60, -60, -60,
    -26, -13, 0, 0, 0, 0, -26, -4,
    -30, -27, -40, -27, -27, -27, -27, -40,
    -36, -36, -36, -27, -15, -15, 0, 0,
    0, -36, -27, -36, -32, -32, -32, -32,
    -20, -15, -20, -51, -51, -22, -15, -22,
    0, 0, 0, 0, -11, -23, 0, 0,
    -7, 0, -23, -7, -42, -13, -8, -27,
    -14, -27, -27, 6, -2, -3, -3, -3,
    -1, 7, -21, 2, 2, -8, 0, 0,
    0, 0, 0, -20, 0, 5, 5, -17,
    5, 5, 0, -1, -20, 0, -20, -19,
    -29, -25, -19, 0, -31, -22, -53, -4,
    0, 0, 0, 0, 0, -2, -2, 0,
    0, 0, 0, 0, 0, -1, -1, -1,
    -14, -1, -9, -31, -11, 0, 0, 0,
    0, 0, 0, -13, 0, -16, -11, -13,
    0, -20, -20, -20, 5, 0, 0, 0,
    0, -11, 0, -25, -3, -4, -4, -4,
    -4, -4, -4, -4, 0, 0, 0, 0,
    -2, -2, 4, 0, 0, 0, 0, 0,
    -1, -1, -1, -1, -1, -2, -1, -13,
    -13, -12, -16, -12, 0, 0, 0, 0,
    -10, -13, 0, 0, -2, 0, -13, -13,
    -18, -11, -15, -17, -19, -17, -17, 0,
    -1, 0, 0, -3, -3, 0, -2, -1,
    1, -7, 0, 0, 0, 0, 0, -7,
    -6, 0, 0, 0, 0, 0, 0, 0,
    0, 0, 0, 0, 0, 0, 0, 0,
    -15, 0, 0, -5, 0, 0, 0, 0,
    0, 0, 0, 0, 0, 0, 0, -1,
    0, 0, 0, 0, -11, 0, 0, -15,
    0, 0, 0, 0, 0, 0, -8, -17,
    0, -12, -9, -17, 0, 0, 0, 0,
    0, 0, 0, 0, 0, -13, 0, 0,
    0, 0, 0, 0, 0, 0, 0, 0,
    0, 0, 0, 0, 0, 0, 0, 0,
    0, 0, 0, 0, 0, 0, 0, 0,
    0, 0, 0, -20, -20, -14, -13, -14,
    0, 0, 0, 0, -2, -12, 0, 0,
    4, 0, -12, -11, -24, -5, -15, -6,
    -31, -6, -6, 1, 3, 5, 0, -6,
    0, 1, -3, 2, 8, -2, 0, 0,
    0, 0, 0, 0, 0, 0, 0, 0,
    0, 0, 0, 0, 0, 0, 0, 0,
    0, 0, 0, 0, -12, 0, 0, 0,
    0, 0, 0, 0, 0, 0, 0, 0,
    0, 0, 0, 0, 0, 0, 0, 0,
    0, 0, 0, 0, 0, 0, 0, 0,
    0, 0, 0, -29, 0, 0, 0, -10,
    0, 0, 0, 0, 0, 0, 0, 0,
    0, 0, 0, 0, 0, 0, 0, 0,
    0, 0, 0, 0, 0, 0, 0, 0,
    0, 0, 0, 0, 0, 0, 0, 0,
    0, 0, 0, 0, 0, 0, 0, -31,
    -31, -7, -10, -7, 0, 0, 0, 0,
    -7, -16, 0, 0, -4, 0, -16, -8,
    -32, -9, -17, -16, -13, -16, -19, 3,
    0, 2, 4, 0, 0, 3, -7, 8,
    6, -8, 0, 0, 0, 0, 0, -10,
    0, 2, 0, 0, 0, 0, 0, 0,
    0, 0, 0, 0, -13, 0, 0, 0,
    -22, 0, 0, 0, 0, 0, 0, 0,
    0, 0, 0, 0, 0, 0, 0, 0,
    0, 0, 0, 0, -13, 0, 0, -21,
    0, 0, 0, 0, 0, 0, -7, -9,
    0, -9, -7, -18, 0, 0, 0, 0,
    0, 0, 0, 0, 0, -7, 0, 0,
    0, 0, 0, 0, 0, 0, 0, 0,
    0, 0, 0, 0, 0, 0, 0, 0,
    0, 0, 0, 0, 0, 0, 0, 0,
    0, 0, 0, -13, -13, -12, -14, -12,
    0, 0, 0, 0, -14, -26, 0, 0,
    -15, 0, -26, -12, -30, -25, -23, -15,
    -14, -15, -19, 0, -12, -2, 0, 2,
    0, 0, -14, 1, 0, -12, 0, 0,
    0, 0, 0, -10, 0, 0, 0, 0,
    0, 0, 0, 0, -16, 0, -17, -17,
    -15, -16, 0, 0, -27, 0, 0, 0,
    0, 0, 0, 0, 0, 0, 0, 0,
    0, 0, 0, 0, -9, 0, 0, 0,
    -20, -11, 0, -23, 0, 0, 0, 0,
    0, 0, -21, -7, 0, -25, -22, -19,
    0, 0, 0, 0, 0, 0, 0, 0,
    0, -8, 0, 0, 0, 0, 0, 0,
    0, 0, 0, 0, 0, 0, 0, 0,
    0, 0, 0, 0, 0, 0, 0, 0,
    0, 0, 0, 0, 0, 0, 0, -14,
    -14, -25, -25, -25, 0, 0, 0, 0,
    -11, -21, 0, 0, -15, 0, -21, -10,
    -23, -21, -14, -18, -12, -18, -21, 0,
    -13, -5, 0, 0, 0, 0, -6, 0,
    -1, -11, 0, 0, 0, 0, 0, -12,
    0, 0, 0, 0, 0, 0, 0, 0,
    0, 0, 0, 0, 0, 0, 0, 0,
    -20, -40, 0, 0, 0, 0, 0, 0,
    0, 0, 0, 0, 0, 0, 0, 0,
    -10, 0, -12, 0, -21, 0, 0, -18,
    0, 0, 0, 0, 0, 0, -21, -9,
    0, -21, -20, -20, 0, 0, 0, 0,
    0, 0, 0, 0, 0, -11, 0, 0,
    0, 0, 0, 0, 0, 0, 0, 0,
    0, 0, 0, 0, 0, 0, 0, 0,
    0, 0, 0, 0, 0, 0, 0, 0,
    0, 0, 0, -12, -12, -24, -21, -24,
    0, 0, 0, 0, -8, -17, 0, 0,
    -6, 0, -17, -8, -34, -11, -15, -17,
    -10, -17, -20, 3, 0, 1, 3, 0,
    0, 5, -8, 8, 3, -10, 0, 0,
    0, 0, 0, -11, 0, 0, 0, 0,
    0, 0, 0, 0, -9, 0, 0, 0,
    0, 0, 0, 0, -24, 0, 0, 0,
    0, 0, 0, 0, 0, 0, 0, 0,
    0, 0, 0, 0, 0, 0, 0, 0,
    -13, 0, 0, 0, 0, 0, 0, 0,
    0, 0, 0, -8, 0, -10, -8, -19,
    0, 0, 0, 0, 0, 0, 0, 0,
    0, 0, 0, 0, 0, 0, 0, 0,
    0, 0, 0, 0, 0, 0, 0, 0,
    0, 0, 0, 0, 0, 0, 0, 0,
    0, 0, 0, 0, 0, 0, 0, -11,
    -11, -13, -16, -13, 0, 0, 0, 0,
    -10, -4, 0, 0, -3, 0, -4, -28,
    -11, -4, -39, -66, -53, -66, -56, -12,
    0, -2, -6, -44, -11, -11, 4, -7,
    -3, -30, 0, 0, 0, 0, 0, -53,
    -1, -13, -13, -46, -13, -13, -1, -11,
    2, 0, 0, 0, -1, 1, -1, 0,
    -5, 0, -64, -40, -36, -35, -36, -13,
    -35, -3, -5, 0, -36, -35, 0, -34,
    -13, -27, -16, -18, -29, -16, -26, 0,
    -47, 0, 0, 0, 0, 0, 0, -52,
    0, -3, 0, -39, 0, -53, -53, -53,
    -13, -1, 0, 0, 0, -22, 0, 1,
    -28, -33, -40, -33, -33, -33, -33, -40,
    -36, -36, -36, -23, -5, -5, 0, 0,
    0, -36, -23, 0, -27, -27, -27, -27,
    -16, -5, -16, -54, -54, -7, -4, -7,
    0, 0, 0, 0, -9, -18, 0, 0,
    -5, 0, -18, -10, -34, -11, -19, -17,
    -14, -17, -21, 2, 0, 0, 2, 0,
    0, 2, -10, 6, 4, -10, 0, 0,
    0, 0, 0, -11, 0, 0, 0, 0,
    0, 0, 0, 0, -11, 0, 0, 0,
    0, 0, 0, 0, -24, 0, 0, 0,
    0, 0, 0, 0, 0, 0, 0, 0,
    0, 0, 0, 0, -3, 0, 0, 0,
    -14, 0, 0, 0, 0, 0, 0, 0,
    0, 0, 0, -10, 0, -12, -8, -19,
    0, 0, 0, 0, 0, 0, 0, 0,
    0, 0, 0, 0, 0, 0, 0, 0,
    0, 0, 0, 0, 0, 0, 0, 0,
    0, 0, 0, 0, 0, 0, 0, 0,
    0, 0, 0, 0, 0, 0, 0, -15,
    -15, -14, -15, -14, 0, 0, 0, 0,
    -11, -23, 0, 0, -7, 0, -23, -7,
    -42, -13, -8, -27, -14, -27, -27, 6,
    -2, -3, -1, -3, -1, 6, -18, 1,
    3, -8, 0, 0, 0, 0, 0, -20,
    0, 5, 5, -17, 5, 5, 0, -1,
    -20, 0, -20, -19, -29, -25, -19, 0,
    -31, 0, -52, -4, 0, 0, 0, 0,
    0, -2, -2, 0, 0, 0, 0, 0,
    0, -1, -1, -1, -14, -1, -9, -29,
    0, 0, 0, 0, 0, 0, 0, -13,
    0, -15, -10, -13, 0, -20, -20, -20,
    5, 0, 0, 0, 0, -11, 0, -25,
    -3, -4, -4, -4, -4, -4, -4, -4,
    0, 0, 0, 0, -2, -2, 0, 0,
    0, 0, 0, 0, -1, -1, -1, -1,
    -1, -2, -1, -13, -13, -12, -16, -12,
    0, 0, 0, 0, 0, -30, 0, 0,
    0, 0, 0, -19, -36, 0, 0, 0,
    0, 0, 0, -8, -11, 0, -13, -16,
    -12, 0, -42, 0, 0, 0, 0, 0,
    0, 0, 0, 0, 0, 0, 0, 0,
    0, 0, 0, 0, -58, 0, -33, 0,
    0, -43, 0, 0, 0, 0, 0, 0,
    0, 0, 0, 0, 0, 0, 0, 0,
    0, 0, 0, 0, 0, 0, 0, 0,
    0, 0, 0, 0, 0, 0, 0, 0,
    0, 0, 0, 0, 0, 0, 0, 0,
    0, 0, 0, 0, 0, 0, 0, 0,
    0, 0, 0, 0, 0, 0, 0, 0,
    0, 0, 0, 0, 0, 0, 0, 0,
    0, 0, 0, 0, 0, 0, 0, 0,
    0, 0, 0, 0, 0, 0, 0, 0,
    0, 0, 0, 0, 0, 0, 0, 0,
    0, 0, 0, 0, 0, 0, 0, 0,
    -25, 0, 0, 0, 0, 0, 0, 0,
    0, 0, 0, 0, 0, 0, 0, 0,
    0, 0, 0, 0, 0, 0, 0, 0,
    0, 0, 0, 0, 0, 0, 0, 0,
    0, 0, 0, 0, 0, 0, 0, 0,
    0, 0, 0, 0, 0, 0, 0, 0,
    0, 0, 0, 0, 0, 0, 0, 0,
    0, 0, 0, 0, 0, 0, 0, 0,
    0, 0, 0, 0, 0, 0, 0, 0,
    0, 0, 0, 0, 0, 0, 0, 0,
    0, 0, 0, 0, 0, 0, 0, 0,
    0, 0, 0, 0, 0, 0, 0, 0,
    0, 0, 0, 0, 0, 0, 0, 0,
    0, 0, 0, 0, 0, 0, 0, 0,
    0, 0, 0, 0, 0, 0, 0, 0,
    0, 0, 0, 0, 0, 0, 0, 0,
    0, 0, 0, 0, -47, 0, 0, 0,
    0, 0, 0, 0, 0, 0, 0, 0,
    0, 0, 0, 0, 0, 0, -25, 0,
    0, 0, 0, 0, 0, 0, 0, -24,
    0, 0, 0, 0, -24, 0, 0, 0,
    -36, -29, -22, 0, 0, 0, 0, 0,
    0, 0, 0, 0, 0, 0, 0, 0,
    0, 0, 0, 0, 0, 0, 0, 0,
    0, 0, 0, 0, 0, 0, 0, 0,
    0, 0, 0, 0, 0, 0, 0, 0,
    0, 0, 0, 0, 0, 0, 0, 0,
    0, 0, 0, 0, 0, 0, 0, 0,
    0, 0, 0, 0, 0, 0, 0, 0,
    0, 0, 0, 0, 0, 0, 0, 0,
    0, 0, 0, 0, 0, 0, 0, 0,
    0, 0, 0, 0, 0, 0, 0, 0,
    0, -25, 0, 0, 0, 0, -25, -19,
    -53, 0, 0, 0, 0, 0, 0, 0,
    -8, 0, -14, -10, -13, 0, -37, 0,
    0, 0, 0, -9, 0, 0, 0, -32,
    -12, 0, 0, -46, 0, 0, 0, -12,
    -42, 0, -29, -27, -45, -38, -36, 0,
    -52, 0, 0, -19, 0, 0, 0, 0,
    0, 0, 0, 0, 0, 0, 0, -13,
    0, 0, 0, 0, -18, 0, 0, 0,
    0, 0, 0, 0, 0, 0, 0, 0,
    0, 0, 0, 0, 0, 0, 0, 0,
    0, 0, 0, 0, 0, 0, 0, 0,
    0, 0, 0, 0, 0, 0, 0, 0,
    0, 0, 0, 0, 0, 0, 0, 0,
    0, 0, 0, 0, 0, 0, 0, 0,
    0, 0, 0, 0, 0, 0, 0, 0,
    0, 0, 0, 0, 0, 0, 0, 0,
    0, 0, 0, 0, -62, 0, 0, 0,
    0, 0, 0, 0, 0, 0, 0, 0,
    0, 0, -63, 0, 0, 0, 0, 0,
    -24, 0, 0, -40, 0, 0, 0, -64,
    0, 0, 0, -26, -67, 0, -38, -35,
    -59, -52, -51, 0, 0, 0, 0, 0,
    0, 0, 0, 0, 0, 0, 0, 0,
    0, 0, 0, 0, 0, 0, 0, 0,
    -27, 0, 0, 0, 0, 0, 0, 0,
    0, 0, 0, 0, 0, 0, 0, 0,
    0, 0, 0, 0, 0, 0, 0, 0,
    0, 0, 0, 0, 0, 0, 0, 0,
    0, 0, 0, 0, 0, 0, 0, 0,
    0, 0, 0, 0, 0, 0, 0, 0,
    0, 0, 0, 0, 0, 0, 0, 0,
    0, 0, 0, 0, 0, 0, 0, 0,
    -12, -9, 0, 0, 0, 0, -9, -22,
    -30, -3, 0, -53, -46, -53, -46, 0,
    0, 0, 0, 0, 0, 0, 0, 0,
    0, -14, 0, 0, 0, 0, 0, -44,
    -5, -7, -7, -40, -7, -7, -5, -9,
    -4, -3, -10, -11, -20, -11, -15, 0,
    -19, 0, 0, -24, -25, -24, -25, -1,
    -23, -6, -8, 0, -25, -24, 0, -18,
    -1, -12, 0, 0, -13, 0, -12, 0,
    0, 0, 0, 0, 0, 0, 0, -49,
    0, 0, 0, -26, 0, -44, -44, -44,
    -7, -5, 0, 0, 0, 0, 0, -11,
    0, 0, -24, 0, 0, 0, 0, -24,
    -25, -25, -25, 0, -8, -8, 0, 0,
    0, -25, 0, 0, -12, -12, -12, -12,
    0, -8, 0, -47, -47, -6, -8, -6,
    0, 0, 0, 0, 0, 0, 0, 0,
    0, 0, 0, 0, -42, 0, 0, 0,
    0, 0, 0, 0, 0, 0, 0, 0,
    0, 0, 0, 0, 0, 0, 0, 0,
    0, 0, 0, -33, 0, 0, 0, -40,
    0, 0, 0, 0, -24, 0, 0, 0,
    -33, 0, -27, 0, 0, 0, 0, -13,
    0, -7, 0, 0, -6, 0, 0, 0,
    0, 0, 0, -7, 0, 0, 0, 0,
    0, 0, 0, 0, 0, 0, 0, 0,
    0, 0, 0, 0, 0, 0, 0, 0,
    0, 0, 0, 0, 0, 0, 0, 0,
    0, 0, 0, 0, 0, 0, 0, 0,
    0, 0, 0, 0, 0, 0, 0, 0,
    0, 0, 0, 0, 0, 0, 0, 0,
    0, 0, 0, 0, 0, 0, 0, 0,
    0, 0, 0, 0, 0, 0, 0, 0,
    -14, -58, 0, -18, 0, -13, -58, -26,
    -30, -56, -41, -13, -35, -13, -11, -17,
    -36, 0, -14, -13, -13, -17, -35, -11,
    -15, -9, -40, -32, 0, -51, 0, 0,
    -7, -22, -22, 0, -22, -22, -7, -16,
    -57, -21, -57, -52, -1, -60, -3, -59,
    -17, -57, -24, -11, -14, -13, -14, -21,
    -11, -11, -12, 0, -14, -13, 0, -9,
    -28, -17, -35, -31, -2, -35, -6, 0,
    -38, 0, 0, 0, 0, 0, 0, -30,
    0, 0, 0, -22, 0, 0, 0, 0,
    -22, -7, -7, -7, 0, -31, 0, -60,
    -12, -11, -11, -11, -11, -11, -11, -11,
    -14, -14, -14, -14, -12, -12, -11, -12,
    -16, -14, -14, 0, -17, -17, -17, -17,
    -35, -12, -35, -35, -35, -53, -55, -53,
    -53, 0, 0, 0, -8, -17, 0, 0,
    0, 0, -17, -9, -34, -11, -19, -17,
    -15, -17, -20, 1, 0, 0, 0, 0,
    0, 1, -9, 6, 4, -9, 0, 0,
    0, -11, 0, -11, 0, 1, 1, 0,
    1, 1, 0, 1, -11, 0, -14, -14,
    -13, -19, -6, 0, -23, 0, -44, -3,
    0, 0, 0, -3, 0, -1, -1, 0,
    0, 0, 0, -1, -4, -1, -2, -4,
    -13, -2, -8, -22, 0, 0, 0, 0,
    0, 0, 0, -10, 0, 0, 0, -18,
    0, -11, -11, -11, 1, 0, 0, 0,
    0, 0, 0, -19, -2, -3, -3, -3,
    -3, -3, -3, -3, 0, 0, 0, 0,
    -1, -1, 8, 5, 0, 0, 0, 0,
    -1, -1, -1, -1, -2, -1, -2, -16,
    -16, -13, -16, -13, -14, 0, 0, 0,
    -12, -20, 0, 0, 0, 0, -20, -13,
    -42, -11, -21, -25, -19, -25, -27, 1,
    -1, 0, 0, 0, 0, 1, -19, 0,
    0, -10, 0, -7, 0, -12, 0, -18,
    0, -1, -1, -12, -1, -1, 0, 0,
    -20, -1, -18, -17, -26, -26, -16, 0,
    -31, 0, -53, -9, -1, -2, -1, 0,
    -2, -4, -5, 0, -1, -2, 0, -8,
    0, -6, 0, -1, -14, 0, -10, -29,
    0, 0, 0, 0, 0, 0, 0, -12,
    0, 0, 0, -16, 0, -18, -18, -18,
    -1, 0, 0, 0, 0, 0, 0, -26,
    -8, -8, -9, -8, -8, -8, -8, -9,
    -1, -1, -1, -1, -5, -5, 4, 0,
    0, -1, -1, 0, -6, -6, -6, -6,
    0, -5, 0, -19, -19, -10, -13, -10,
    -12, 0, 0, 0, -11, -25, 0, 0,
    0, -4, -25, -9, -48, -16, -8, -31,
    -13, -31, -29, 5, -1, 0, -5, 0,
    0, 5, -26, 0, 0, -9, 0, 0,
    0, -20, 0, -23, 0, 2, 2, -23,
    2, 2, 0, -2, -28, 0, -22, -20,
    -34, -31, -23, 0, -39, 0, -61, -6,
    -1, -1, -1, 0, -1, -2, -3, 0,
    -1, -1, 0, -1, 0, -2, -2, -3,
    -16, -2, -10, -33, 0, 0, 0, 0,
    0, 0, 0, -13, 0, 0, 0, -13,
    0, -23, -23, -23, 2, 0, 0, 0,
    0, 0, 0, -31, -4, -5, -6, -5,
    -5, -5, -5, -6, -1, -1, -1, -1,
    -3, -3, 4, 0, 0, -1, -1, 0,
    -2, -2, -2, -2, -2, -3, -2, -14,
    -14, -14, -17, -14, -15, 0, 0, 0,
    -14, -16, 0, 0, 0, -14, -16, -26,
    -18, -17, -23, -15, -33, -15, -15, -14,
    -9, 0, -13, -13, -12, -14, 0, -11,
    -11, -13, 0, -27, 0, -20, -18, -5,
    -7, -15, -15, 1, -15, -15, -7, -16,
    -3, -9, -8, -11, -5, -5, -6, 0,
    -14, -36, -27, -13, -15, -14, -15, -16,
    -14, -5, -6, 0, -15, -14, 0, -10,
    -17, -18, -20, -20, -11, -20, -10, 0,
    -28, 0, 0, 0, 0, 0, 0, -33,
    0, 0, 0, -19, 0, -5, -5, -5,
    -15, -7, 0, -6, 0, -34, -10, -5,
    -15, -12, -13, -12, -12, -12, -12, -13,
    -15, -15, -15, -14, -6, -6, 0, 7,
    -17, -15, -14, 0, -18, -18, -18, -18,
    -20, -6, -20, -34, -34, -21, -17, -21,
    -16, 0, 0, 0, -14, -10, -20, 0,
    0, -19, -10, -23, -17, -12, -18, -62,
    -27, -62, -44, -8, -8, 0, -13, -17,
    -17, -8, 0, -12, -9, -23, 0, -22,
    0, -17, 0, -37, -4, -9, -9, -55,
    -9, -9, -4, -16, 0, -4, -2, -4,
    -8, -1, -7, 0, -11, -32, -103, -22,
    -10, -11, -10, -14, -11, -5, -6, 0,
    -10, -11, 0, -15, -15, -19, -18, -17,
    -38, -18, -29, 0, 0, 0, 0, 0,
    0, 0, 0, -24, 0, 0, 0, -26,
    0, -37, -37, -37, -9, -4, 0, 0,
    0, 0, -9, -1, -21, -21, -22, -21,
    -21, -18, -21, -22, -10, -10, -10, -10,
    3, -6, 2, 13, 0, -10, -10, -10,
    -19, -19, -19, -18, -18, -6, -18, -27,
    -27, -16, -11, -16, -10, 0, 0, 0,
    -10, -24, 0, 0, 0, 0, -24, -10,
    -42, -16, -14, -20, -15, -20, -22, 2,
    -2, 0, 0, 0, 0, 2, -20, 0,
    0, -12, 0, 0, 0, -16, 0, -12,
    -1, 0, 0, -3, 0, 0, -1, 0,
    -24, 0, -21, -20, -17, -27, -10, 0,
    -33, 0, -48, -4, 1, 3, 1, -3,
    2, -2, -3, 0, 1, 3, 0, -1,
    -3, -2, -2, -3, -15, -2, -10, -30,
    0, 0, 0, 0, 0, 0, 0, -13,
    0, 0, 0, -17, 0, -12, -12, -12,
    0, -1, 0, 0, 0, 0, 0, -27,
    -4, -3, -4, -3, -3, -3, -3, -4,
    1, 1, 1, 1, -3, -3, 2, 0,
    0, 1, 1, 0, -2, -2, -2, -2,
    -2, -3, -2, -15, -15, -15, -19, -15,
    -17, 0, 0, 0, -12, -12, 0, 0,
    0, 0, -12, -12, -19, -10, -14, -22,
    -18, -22, -24, 0, 0, 0, 0, 0,
    0, 0, 0, 0, 0, -8, 0, 0,
    0, -11, 0, -15, -5, 0, 0, -5,
    0, 0, -5, -1, -3, -2, -6, -6,
    -9, -4, -8, 0, -14, 0, -43, -5,
    0, 0, 0, 0, 0, -2, -3, 0,
    0, 0, 0, -1, 0, -4, -2, -2,
    -14, -2, -9, 0, 0, 0, 0, 0,
    0, 0, 0, -16, 0, 0, 0, -18,
    0, -15, -15, -15, 0, -5, 0, 0,
    0, 0, 0, -4, -7, -4, -5, -4,
    -4, -4, -4, -5, 0, 0, 0, 0,
    -3, -3, 5, 12, 0, 0, 0, 0,
    -4, -4, -4, -4, -2, -3, -2, -18,
    -18, -13, -13, -13, -12, 0, 0, 0,
    -16, -19, 0, -28, 0, -25, -19, -37,
    -15, -26, -75, -16, -56, -16, -13, -28,
    -25, 0, -20, -31, -20, -28, 0, -19,
    -20, -12, -80, -54, -42, -29, -40, 0,
    -5, -35, -35, 0, -35, -35, -5, -24,
    -4, -11, -4, -7, 0, -5, -3, 0,
    -11, -47, -23, -16, -28, -26, -28, -24,
    -18, -10, -11, 0, -28, -26, -8, -19,
    -37, -24, -42, -40, 0, -42, -8, 0,
    -73, 0, 0, 0, 0, 0, 0, -49,
    -41, 0, 0, -27, 0, 0, 0, 0,
    -35, -5, 0, 0, 0, 0, 0, -5,
    -15, -16, -16, -16, -16, -16, -16, -16,
    -28, -28, -28, -27, 5, -11, -2, 0,
    0, -28, -26, -9, -24, -24, -24, -24,
    -42, -11, -42, -57, -57, -28, -20, -28,
    -18, 0, 0, 0, -15, -100, 0, 0,
    0, -16, -62, -31, -33, -102, -65, -13,
    -56, -13, -14, -24, -44, 0, -14, -14,
    -15, -24, -38, -14, -18, -11, -93, -67,
    -32, -54, -29, -3, -9, -29, -29, 1,
    -29, -29, -9, -19, -63, -26, -65, -53,
    -4, -69, -5, -65, -23, -114, -25, -12,
    -20, -18, -20, -26, -17, -13, -14, 0,
    -20, -18, 0, -11, -34, -19, -43, -36,
    -9, -43, -8, 0, -97, 0, 0, 0,
    0, 0, -93, -37, -32, 0, 0, -23,
    0, -3, -3, -3, -29, -9, -9, 0,
    0, -41, -12, -69, -14, -12, -12, -12,
    -12, -12, -12, -12, -20, -20, -20, -20,
    -14, -14, -14, -14, 0, -20, -20, -7,
    -19, -19, -19, -19, -43, -14, -43, -67,
    -67, -62, -66, -62, -99, 0, 0, 0,
    -11, -25, 0, 0, 0, 0, -25, -8,
    -48, -16, -8, -30, -13, -30, -28, 6,
    -1, 0, 0, 0, 0, 6, -25, 0,
    0, -8, 0, 0, 0, -19, 0, -22,
    0, 2, 2, -20, 2, 2, 0, -2,
    -26, 0, -22, -20, -33, -29, -22, 0,
    -38, -23, -58, -5, -1, 0, -1, 0,
    -1, -2, -3, 0, -1, 0, 0, 0,
    0, -2, -2, -2, -16, -2, -10, -32,
    0, 0, 0, 0, 0, 0, 0, -13,
    0, 0, 0, -13, 0, -22, -22, -22,
    2, 0, 0, 0, 0, 0, 0, -29,
    -4, -5, -5, -5, -5, -5, -5, -5,
    -1, -1, -1, -1, -3, -3, 4, 1,
    0, -1, -1, 0, -2, -2, -2, -2,
    -2, -3, -2, -13, -13, -13, -17, -13,
    -15, 0, 0, 0, -12, -12, 0, 0,
    0, -20, -12, -17, -36, -5, -13, -66,
    -34, -66, -43, -2, 3, 0, 0, -28,
    -8, -2, -6, 0, 0, -8, 0, 0,
    0, -3, 0, -40, -1, -2, -2, -53,
    -2, -2, -1, -7, -7, -1, -12, -11,
    -25, -17, -19, 0, -27, 0, -112, -15,
    -13, -13, -13, 0, -13, -4, -4, 0,
    -13, -13, 0, -9, 0, -8, 0, 0,
    -11, 0, -7, 0, 0, 0, 0, 0,
    0, 0, 0, -35, 0, 0, 0, -19,
    0, -40, -40, -40, -2, -1, 0, 0,
    0, 0, 0, -17, -10, -14, -15, -14,
    -14, -14, -14, -15, -13, -13, -13, -12,
    -4, -4, 8, 3, 0, -13, -12, 0,
    -8, -8, -8, -8, 0, -4, 0, -35,
    -35, -7, -8, -7, -7, 0, 0, -92,
    -3, -28, 0, 0, 0, 0, -28, -8,
    -23, -19, -12, -5, -17, -5, -4, 1,
    -2, 0, 0, 0, 0, 1, -21, 0,
    0, 0, 0, 0, 0, -20, 0, 0,
    2, 0, 0, 8, 0, 0, 2, -2,
    -27, -2, -25, -24, 0, -33, 1, 0,
    -10, 0, -23, 0, 3, 2, 3, 0,
    3, 2, 2, 0, 3, 2, 0, 1,
    -2, 1, -4, -3, 0, -4, 0, 0,
    0, 0, 0, 0, 0, 0, 0, -15,
    0, 0, 0, -7, 0, 0, 0, 0,
    0, 2, 0, 0, 0, 0, 0, -33,
    2, 0, 0, 0, 0, 0, 0, 0,
    3, 3, 3, 3, 2, 2, 7, 2,
    0, 3, 3, 0, 1, 1, 1, 1,
    -4, 2, -4, -18, -18, -17, -20, -17,
    -19, 0, 0, 0, -9, -18, 0, 0,
    0, -17, -18, -18, -26, -10, -22, -13,
    -38, -13, -7, -4, 0, 0, 0, 0,
    0, -4, 0, 0, 0, -5, 0, 0,
    0, -11, 0, 0, 0, -5, -5, 0,
    -5, -5, 0, -9, -13, -5, -15, -15,
    0, -22, -2, 0, -10, 0, -23, -12,
    -14, -13, -14, -1, -12, -4, -5, 0,
    -14, -13, 0, -10, -2, -10, -1, -3,
    0, -1, -3, 0, 0, 0, 0, 0,
    0, 0, 0, -39, 0, 0, 0, -18,
    0, 0, 0, 0, -5, 0, 0, 0,
    0, 0, 0, -22, -8, -12, -12, -12,
    -12, -12, -12, -12, -14, -14, -14, -14,
    -5, -5, 7, 3, 0, -14, -14, 0,
    -10, -10, -10, -10, -1, -5, -1, -39,
    -39, -13, -15, -13, -13, 0, 0, 0,
    -9, -17, 0, 0, 0, 0, -17, -8,
    -34, -11, -20, -15, -12, -15, -19, 3,
    0, 0, 4, 0, 0, 3, 0, 9,
    0, -9, 0, 0, 0, -8, 0, -9,
    0, 0, 0, 0, 0, 0, 0, 0,
    -10, 0, -14, -14, -13, -21, -6, 0,
    -24, 0, -43, 0, -1, 0, -1, -1,
    0, -1, 0, 0, -1, 0, 0, -1,
    -1, -1, 0, -1, -12, 0, -9, 0,
    0, 0, 0, 0, 0, 0, 0, -9,
    0, 0, 0, -18, 0, -9, -9, -9,
    0, 0, 0, 0, 0, 0, 0, -21,
    -2, -2, 0, -2, -2, -2, -2, 0,
    -1, -1, -1, 0, 0, 0, 9, 5,
    0, -1, 0, 0, -1, -1, -1, 0,
    0, 0, 0, -12, -12, -13, -15, -13,
    -13, 0, 0, 0, -13, 0, -35, -21,
    0, -33, 0, -36, -14, -8, -57, -66,
    -75, -66, -61, -22, -7, 0, -10, -59,
    -17, -22, 0, -11, 0, -58, -67, -42,
    -25, -13, -33, -57, -4, -26, -26, -48,
    -26, -26, -4, -18, 1, -3, 0, -2,
    -3, 0, -3, 0, -8, -29, -65, -57,
    -54, -54, -54, -27, -54, -5, -6, -53,
    -54, -54, -53, -54, -31, -44, -44, -44,
    -44, -44, -44, 0, -76, 0, 0, 0,
    0, 0, 0, -74, -29, 0, 0, -77,
    0, -57, -57, -48, -26, -4, 0, 0,
    0, -34, -25, 0, -33, -21, -52, -21,
    -21, -19, -43, -57, -54, -43, -43, -25,
    0, -11, 0, 15, 0, -54, -24, -54,
    -28, -43, -28, -25, -42, -6, -44, -76,
    -76, -14, 0, -14, -6, 0, 0, 0,
    -10, -11, 0, 0, 0, 0, -11, -12,
    -18, -9, -13, -28, -18, -28, -28, 0,
    0, 0, 0, 0, 0, 0, 0, 0,
    0, -11, 0, 0, 0, -10, 0, -21,
    -4, 0, 0, -15, 0, 0, -4, -2,
    -3, -1, -4, -5, -11, -3, -9, 0,
    -13, 0, -52, -7, -1, -1, -1, 0,
    -1, -2, -3, 0, -1, -1, 0, -3,
    0, -4, -1, -2, -15, -1, -11, 0,
    -16, 0, 0, 0, 0, 0, 0, -15,
    0, 0, 0, -18, 0, -21, -21, -21,
    0, -4, 0, 0, 0, 0, 0, -3,
    -5, -5, -7, -5, -5, -5, -5, -7,
    -1, -1, -1, 0, -3, -3, 8, 14,
    0, -1, 0, 0, -4, -4, -4, -4,
    -1, -3, -1, -18, -18, -12, -12, -12,
    -11, 0, 0, 0, -15, -9, 0, 0,
    0, -33, -9, -35, -16, -13, -39, -66,
    -50, -66, -62, -20, -7, 0, -14, -40,
    -15, -20, 0, -14, 0, -33, -38, -29,
    0, -15, 0, -57, -7, -22, -22, -49,
    -22, -22, -7, -19, 0, -4, 0, -2,
    -3, 0, -8, 0, -11, 0, -73, -39,
    -35, -35, -35, -17, -35, -7, -9, -22,
    -35, -35, -22, -34, -18, -32, -17, -20,
    -31, -17, -31, 0, 0, 0, 0, 0,
    0, 0, 0, -52, 0, 0, 0, -40,
    0, -57, -57, -57, -22, -7, 0, 0,
    0, 0, -22, 0, -28, -24, -39, -28,
    -23, -23, -35, -39, -35, -35, -35, -22,
    5, -16, 7, 9, 0, -35, -22, -35,
    -32, -32, -32, -21, -17, -9, -17, -51,
    -51, -17, -11, -17, -8, 0, 0, 0,
    -16, -12, 0, 0, 0, -32, -12, -33,
    -18, -14, -35, -59, -45, -59, -59, -18,
    -7, 0, -14, -36, -17, -18, 0, 0,
    0, -30, 0, 0, 0, -16, 0, -52,
    -7, -20, -20, -42, -20, -20, -7, -19,
    -2, -5, -2, -6, -7, 0, -10, 0,
    -13, 0, -59, -34, -30, -29, -30, -15,
    -29, -9, -10, -19, -30, -29, -19, -27,
    -15, -27, -16, -18, -28, -16, -29, 0,
    0, 0, 0, 0, 0, 0, 0, -46,
    0, 0, 0, -37, 0, -52, -52, -52,
    -20, -7, 0, 0, 0, 0, 0, 0,
    -29, -24, -34, -24, -24, -22, -24, -34,
    -30, -30, -30, -22, 4, -10, 5, 8,
    0, -30, -22, 0, -27, -27, -27, -22,
    -16, -10, -16, -46, -46, -19, -13, -19,
    -11, 0, 0, 0, -12, -13, 0, 0,
    0, 0, -13, -33, -12, -18, -59, -16,
    -48, -16, -13, -24, -16, 0, -17, -24,
    -14, -24, 0, -14, 0, -12, -57, -42,
    -33, -23, -31, -1, -3, -30, -30, 0,
    -30, -30, -3, -19, 0, -5, 0, -1,
    -3, 0, -2, 0, -9, -39, -25, -16,
    -25, -24, -25, -23, -15, -5, -6, 0,
    -25, -24, -8, -15, -28, -24, -32, -33,
    -3, -32, -9, 0, 0, 0, 0, 0,
    0, 0, 0, -42, -34, 0, 0, -26,
    0, -1, -1, -1, -30, -3, 0, 0,
    0, -39, 0, 0, -13, -14, -16, -14,
    -14, -14, -14, -16, -25, -25, -25, -22,
    -6, -6, 4, 9, 0, -25, -22, 0,
    -24, -24, -24, -24, -32, -6, -32, -49,
    -49, -22, -13, -22, -10, 0, 0, 0,
    -13, -9, -37, 0, 0, -40, -9, -41,
    -11, -14, -53, -66, -76, -66, -66, -27,
    -12, 0, -20, -63, -16, -27, 0, -20,
    -17, -43, -52, -38, 0, -18, -37, -60,
    -5, -29, -29, -53, -29, -29, -5, -24,
    0, -3, 0, 0, -2, 0, -5, 0,
    -9, -34, -70, -53, -52, -52, -52, -27,
    -51, -6, -10, -43, -52, -52, -43, -48,
    -29, -40, -29, -30, -40, -29, -40, 0,
    -66, 0, 0, 0, 0, 0, 0, -75,
    -34, 0, 0, -53, 0, -60, -60, -60,
    -29, -5, 0, 0, 0, 0, 0, 0,
    -42, -22, -53, -22, -22, -22, -22, -53,
    -52, -39, -52, -24, -10, -10, 9, 0,
    0, -52, -24, 0, -24, -40, -37, -25,
    -29, -10, -29, -76, -76, -18, -9, -18,
    -7, 0, 0, 0, -11, -12, 0, -16,
    0, 0, -12, -28, -14, -13, -48, -13,
    -52, -13, -13, -15, -5, 0, -10, -13,
    -10, -15, 0, -7, -7, -10, -47, -32,
    0, -13, -26, -3, -3, -19, -19, 1,
    -19, -19, -3, -12, -1, -6, -3, -7,
    -3, -2, -3, 0, -11, -32, -26, -11,
    -19, -17, -19, -17, -16, -4, -5, 0,
    -19, -17, 0, -9, -20, -18, -22, -23,
    -8, -22, -8, 0, 0, 0, 0, 0,
    0, 0, 0, -36, -25, 0, 0, -23,
    0, -3, -3, -3, -19, -3, 0, 0,
    0, 0, 0, -2, -13, -10, -11, -10,
    -10, -10, -10, -11, -19, -19, -19, -14,
    -5, -5, 8, 0, 0, -19, -14, 0,
    -18, -18, -18, -18, -22, -5, -22, -53,
    -53, -16, -12, -16, -12, 0, 0, 0,
    -20, -16, -40, 0, -16, 0, -16, -45,
    -13, -20, -58, -28, -65, -28, -13, -34,
    -26, -16, -23, -53, -27, -34, -6, -24,
    -21, -27, 0, -52, 0, 0, 0, -17,
    -15, -38, -38, -13, -38, -38, -15, -28,
    -8, -13, -11, -13, -10, -9, -14, 0,
    -6, 0, 0, -32, -39, -36, -39, -33,
    -18, -11, -12, 0, -39, -36, 0, -32,
    -36, -37, -50, -48, -17, -30, -24, 0,
    -66, 0, 0, 0, 0, 0, 0, -57,
    0, 0, 0, -37, 0, -17, -17, -17,
    -38, -15, 0, 0, 0, 0, -27, -9,
    -27, -25, -32, -25, -25, -25, -25, -32,
    -39, -39, -39, -30, -12, -12, 0, 0,
    0, -39, -30, -25, -37, -37, -37, -37,
    -30, -12, -30, -65, -65, -25, -17, -25,
    0, 0, 0, -27, 0, -61, 0, 0,
    0, 0, -59, 0, 0, -57, 0, 0,
    0, 0, 0, 0, 0, 0, 0, 0,
    0, 0, 0, 0, 0, 0, 0, 0,
    0, 0, 0, 0, 0, 0, 0, 0,
    0, 0, 0, 0, -61, 0, -62, -59,
    0, -65, 0, 0, 0, 0, 0, 0,
    0, 0, 0, -27, 0, 0, 0, 0,
    0, 0, 0, 0, -33, 0, 0, 0,
    0, 0, 0, 0, 0, 0, 0, 0,
    0, 0, 0, 0, 0, 0, 0, 0,
    0, 0, 0, 0, 0, 0, 0, 0,
    0, 0, 0, 0, 0, 0, 0, 0,
    0, 0, 0, 0, 0, 0, 0, 0,
    0, 0, 0, 0, 0, 0, 0, 0,
    0, 0, 0, 0, 0, 0, 0, 0,
    0, 0, 0, 0, 0, 0, 0, 0,
    0, 0, 0, 0, 0, 0, 0, -34,
    -49, -19, 0, -66, -96, -66, 0, 0,
    0, 0, -18, -53, 0, 0, 0, 0,
    0, 0, 0, 0, 0, 0, 0, -57,
    -19, -23, -23, -71, -23, -23, -19, -22,
    -29, -18, -30, -30, -42, -34, -36, 0,
    0, 0, 0, -38, -39, -38, -39, -9,
    -37, -21, -22, 0, -39, -38, 0, -33,
    -9, -26, -7, -12, -25, -7, -25, 0,
    0, 0, 0, 0, 0, 0, 0, 0,
    0, 0, 0, 0, 0, -57, -57, -57,
    -23, -19, 0, 0, 0, 0, 0, -34,
    0, 0, -38, 0, 0, 0, 0, -38,
    -39, -39, -39, 0, -22, -22, 0, 0,
    0, -39, 0, 0, -26, -26, -26, -26,
    -7, -22, -7, 0, 0, 0, 0, 0,
    0, 0, 0, 0, 0, -108, 0, 0,
    0, 0, -62, -42, 0, -104, 0, 0,
    0, 0, 0, -53, -50, 0, -46, -98,
    -45, -50, -42, -45, -46, 0, 0, 0,
    0, 0, 0, -24, -27, -58, -58, -23,
    -58, -58, -27, -49, -65, -52, -73, -59,
    -25, -70, -26, 0, 0, 0, 20, -35,
    -46, -43, -46, -32, -2, -27, 0, 0,
    -46, -43, 0, -40, -49, -41, -23, -45,
    -23, -23, -26, 0, 0, 0, 0, 0,
    0, 0, 0, 0, 0, 0, 0, 0,
    0, -24, -24, -24, -58, -27, 0, 0,
    0, 0, 0, -70, -27, -35, -35, -35,
    -35, -35, -35, -35, -46, -46, -46, -46,
    0, 0, 0, 0, 0, -46, -46, 0,
    -41, -41, -41, -41, -23, 0, -23, 0,
    0, 0, 0, 0, -110, 0, 0, 0,
    -14, -43, 0, 0, 0, 0, -43, -16,
    -34, -39, -20, -18, -22, -18, -18, -6,
    -25, 0, -11, 0, 0, -6, -42, 0,
    0, -12, 0, -18, 0, -37, 0, -10,
    -6, -7, -7, -4, -7, -7, -6, -12,
    -60, -10, -40, -37, -13, -55, -13, -42,
    -24, -40, -26, -8, -4, -4, -4, -12,
    -4, -7, -7, 0, -4, -4, 0, -5,
    -13, -8, -14, -14, -12, -14, -12, -24,
    -22, 0, 0, 0, 0, 0, 0, -19,
    0, 0, 0, -21, 0, -10, -10, -10,
    -7, -6, 0, 0, 0, 0, 0, -55,
    -7, -8, -8, -8, -8, -8, -8, -8,
    -4, -4, -4, -4, -7, -7, -7, -7,
    -6, -4, -4, 0, -8, -8, -8, -8,
    -14, -7, -14, -23, -23, -31, -30, -31,
    -31, 0, 0, 0, -11, -38, 0, 0,
    0, 0, -38, -8, -46, -36, -10, -18,
    -10, -18, -19, 2, -20, 0, 0, 0,
    0, 2, -40, 0, 0, -8, 0, 0,
    0, -36, 0, -13, 0, 0, 0, -7,
    0, 0, 0, -2, -54, -1, -34, -29,
    -25, -51, -15, 0, -37, -37, -43, 0,
    3, 2, 3, -4, 2, -1, -2, 0,
    3, 2, 0, 1, -5, 0, -6, -5,
    -20, -7, -11, -33, 0, 0, 0, 0,
    0, 0, 0, -8, 0, 0, 0, -16,
    0, -13, -13, -13, 0, 0, 0, 0,
    0, 0, 0, -51, -2, 0, 0, 0,
    0, 0, 0, 0, 3, 3, 3, 3,
    -2, -2, -2, -2, 0, 3, 3, 5,
    0, 0, 0, 0, -7, -2, -7, -10,
    -10, -29, -32, -29, -30, 0, 0, 0,
    -11, -35, 0, 0, 0, 0, -35, -10,
    -46, -33, -9, -14, -19, -14, -21, -2,
    -17, 0, 0, 0, 0, -2, -43, 0,
    0, -5, 0, -10, 0, -35, 0, -13,
    -2, -2, -2, -2, -2, -2, -2, -2,
    -55, -5, -37, -32, -21, -50, -11, 0,
    -33, -35, -42, -3, -1, -1, -1, -1,
    -2, -4, -5, 0, -1, -1, 0, 0,
    -2, -5, -7, -7, -20, -7, -10, -33,
    0, 0, 0, 0, 0, 0, 0, -16,
    0, 0, 0, -14, 0, -13, -13, -13,
    -2, -2, 0, 0, 0, 0, 0, -50,
    -5, -3, -3, -3, -3, -3, -3, -3,
    -1, -1, -1, -1, -5, -5, -5, -5,
    0, -1, -1, 0, -5, -5, -5, -5,
    -7, -5, -7, -19, -19, -27, -29, -27,
    -28, 0, 0, 0, -11, -37, 0, 0,
    0, 0, -37, -8, -45, -35, -10, -18,
    -9, -18, -20, 0, -21, 0, 0, 0,
    0, 0, -41, 0, 0, -8, 0, -6,
    0, -37, 0, -14, 0, -1, -1, -4,
    -1, -1, 0, -2, -53, -2, -35, -30,
    -24, -50, -15, 0, -37, -37, -43, -4,
    3, 2, 3, -4, 2, -1, -2, 0,
    3, 2, 0, 1, -5, 0, -7, -6,
    -20, -7, -12, -33, -10, 0, 0, 0,
    0, 0, 0, -7, 0, 0, 0, -16,
    0, -14, -14, -14, -1, 0, 0, 0,
    0, 0, 0, -50, -2, -4, -4, -4,
    -4, -4, -4, -4, 3, 3, 3, 3,
    -2, -2, -2, -2, 0, 3, 3, 4,
    0, 0, 0, 0, -7, -2, -7, -9,
    -9, -29, -31, -29, -30, 0, 0, -15,
    -6, 0, 0, 0, 0, 0, 0, -14,
    -9, -3, -14, -36, -30, -36, -35, -1,
    0, 0, 0, -25, 0, -1, 0, 0,
    0, -6, 0, 0, 0, -7, 0, -29,
    2, -1, -1, -25, -1, -1, 2, -7,
    1, 5, 0, -1, -2, 2, -2, 0,
    -5, 0, -39, -13, -11, -11, -11, 3,
    -11, -3, -5, 0, -11, -11, 0, -8,
    3, -5, 1, 0, -7, 1, -4, 0,
    0, 0, 0, 0, 0, 0, 0, -33,
    0, 0, 0, -17, 0, -29, -29, -29,
    -1, 2, 0, 0, 0, 0, 0, 2,
    -7, -13, -13, -13, -13, -12, -13, -13,
    -11, -11, -11, -11, 4, -5, 6, 6,
    -15, -11, -11, -11, -5, -5, -5, -5,
    1, -5, 1, -31, -31, -5, 0, -5,
    0, 0, 0, 0, -13, -39, 0, 0,
    0, 0, -39, -13, -35, -35, -16, -16,
    -19, -16, -18, -3, -20, 0, -8, 0,
    0, -3, -40, 0, 0, -9, 0, -15,
    0, -35, 0, -10, -5, -4, -4, -2,
    -4, -4, -5, -7, -55, -7, -37, -33,
    -12, -52, -13, -38, -26, -36, -27, -5,
    0, 0, 0, -8, 0, -2, -7, 0,
    0, 0, 0, -1, -9, -5, -10, -10,
    -12, -10, -10, -24, -18, 0, 0, 0,
    0, 0, 0, -16, 0, 0, 0, -19,
    0, -10, -10, -10, -4, -5, 0, 0,
    0, 0, 0, -52, -2, -5, -5, -5,
    -5, -5, -5, -5, 0, 0, 0, 0,
    -7, -7, -6, -7, 0, 0, 0, 1,
    -5, -5, -5, -5, -10, -7, -10, -19,
    -19, -29, -31, -29, -30, 0, 0, 0,
    0, -14, 0, 0, 0, 0, -14, -13,
    -19, -12, -16, 0, -20, 0, -18, -1,
    -6, 0, 0, 0, 0, -1, 0, 0,
    0, 0, 0, -13, 0, 0, 0, -11,
    -4, -2, -2, -3, -2, -2, -4, -5,
    -5, -2, -7, -8, -10, -6, -5, 0,
    -11, -21, -27, -5, -1, -1, -1, -2,
    -2, -3, -4, 0, -1, -1, 0, -1,
    -3, -6, -4, -4, -11, -4, -7, -11,
    -19, 0, 0, 0, 0, 0, 0, -17,
    0, 0, 0, -17, 0, -11, -11, -11,
    -2, -4, 0, 0, 0, 0, 0, -6,
    -8, -5, -5, -5, -5, -5, -5, -5,
    -1, -1, -1, -1, -4, -4, 0, 0,
    -4, -1, -1, 2, -6, -6, -6, -6,
    -4, -4, -4, -20, -20, 0, -12, 0,
    0, 0, 0, 0, -13, -15, 0, 0,
    0, 0, -15, -14, -17, -13, -17, -19,
    -21, -19, -16, -2, -6, 0, 0, 0,
    0, -2, 0, 0, 0, -8, 0, 0,
    0, -15, 0, -12, -5, -3, -3, -4,
    -3, -3, -5, -6, -8, -3, -9, -11,
    -12, -9, -8, 0, -13, 0, -6, -6,
    -1, -2, -1, -3, -2, -4, 0, 0,
    -1, -2, 0, -2, -4, -7, -5, -4,
    -12, -5, -8, 0, 0, 0, 0, 0,
    0, 0, 0, -18, 0, 0, 0, -18,
    0, -12, -12, -12, -3, -5, 0, 0,
    0, 0, 0, -9, -9, -5, -6, -5,
    -5, -5, -5, -6, -1, -1, -1, -1,
    -6, -6, 0, 0, 0, -1, -1, 1,
    -7, -7, -7, -7, -5, -6, -5, -22,
    -22, -18, -13, -18, -15, 0, 0, 0,
    -11, -23, 0, 0, 0, -18, -23, -19,
    -29, -12, -25, -10, -47, -10, -5, -6,
    0, 0, 0, -27, 0, -6, -34, 0,
    0, -3, 0, 0, 0, -6, 0, 0,
    -4, -7, -7, 0, -7, -7, -4, -9,
    -43, -6, -25, -24, 0, -35, -2, 0,
    -9, 0, -23, -12, -17, -15, -17, 2,
    -11, -5, -6, 0, -17, -15, 0, -11,
    1, -7, -4, -4, -6, -4, -1, 0,
    -38, 0, 0, 0, 0, 0, 0, -41,
    0, 0, 0, -18, 0, 0, 0, 0,
    -7, -4, 0, 0, 0, 0, 0, -35,
    -6, -12, -12, -12, -12, -12, -12, -12,
    -17, -17, -17, -17, -6, -6, -4, -6,
    0, -17, -17, 0, -7, -7, -7, -7,
    -4, -6, -4, -48, -48, -12, -15, -12,
    -13, 0, 0, 0, -13, -39, 0, 0,
    0, 0, -39, -13, -35, -35, -16, -16,
    -19, -16, -18, -3, -20, 0, 0, 0,
    0, -3, -40, 0, 0, -9, 0, -15,
    0, -35, 0, -10, -5, -4, -4, -2,
    -4, -4, -5, -7, -55, -7, -37, -33,
    -12, -52, -13, -38, -26, -36, -27, -5,
    0, 0, 0, -8, 0, -2, -7, 0,
    0, 0, 0, -1, -9, -5, -10, -10,
    -12, -10, -10, -24, -18, 0, 0, 0,
    0, 0, 0, -16, 0, 0, -30, -19,
    0, -10, -10, -10, -4, -5, 0, 0,
    0, -18, 0, -52, -2, -5, -5, -5,
    -5, -5, -5, -5, 0, 0, 0, 0,
    -7, -7, -6, -7, 0, 0, 0, 1,
    -5, -5, -5, -5, -10, -7, -10, -19,
    -19, -29, -31, -29, -30, 0, 0, 0,
    -13, -39, 0, 0, 0, 0, -39, -13,
    -35, -35, -16, -16, -19, -16, -18, -3,
    -20, 0, -8, 0, 0, -3, -40, 0,
    0, -9, 0, -15, 0, -35, -3, -10,
    -5, -4, -4, -2, -4, -4, -5, -7,
    -55, -7, -37, -33, -12, -52, -13, -38,
    -26, -36, -27, -5, 0, 0, 0, -8,
    0, -2, -7, 0, 0, 0, 0, -1,
    -9, -5, -10, -10, -12, -10, -10, -24,
    -18, 0, 0, 0, 0, 0, 0, -16,
    0, 0, -30, -19, 0, -10, -10, -10,
    -4, -5, 0, 0, 0, -18, 0, -52,
    -2, -5, -5, -5, -5, -5, -5, -5,
    0, 0, 0, 0, -7, -7, -6, -7,
    0, 0, 0, 1, -5, -5, -5, -5,
    -10, -7, -10, -19, -19, -29, -31, -29,
    -30, 0, 0, 0, -11, -39, 0, 0,
    0, 0, -39, -8, -46, -37, -11, -18,
    -9, -18, -20, 0, -21, 0, 0, 0,
    0, 0, -40, 0, 0, -9, 0, -6,
    0, -39, 0, -15, 0, -1, -1, -7,
    -1, -1, 0, -1, -54, -1, -35, -30,
    -26, -52, -15, 0, -39, -39, -46, -1,
    0, 3, 0, -4, 1, 0, -1, 0,
    0, 3, 0, 1, -6, 0, -7, -6,
    -21, -8, -12, -33, -11, 0, 0, 0,
    0, 0, 0, -7, 0, 0, 0, -17,
    0, -15, -15, -15, -1, 0, 0, 0,
    0, 0, 0, -52, -1, -1, -1, -1,
    -1, -1, -1, -1, 0, 0, 0, 0,
    -1, -1, -1, -1, -1, 0, 0, 0,
    0, 0, 0, 0, -7, -1, -7, -9,
    -9, -29, -27, -29, -27, 0, 0, 0,
    -11, -38, 0, 0, 0, 0, -38, -8,
    -46, -36, -10, -18, -10, -18, -19, 2,
    -20, 0, 0, 0, 0, 2, -40, 0,
    0, -8, 0, 0, 0, -36, 0, -13,
    0, 0, 0, -7, 0, 0, 0, -2,
    -54, -1, -34, -29, -25, -51, -15, 0,
    -37, -37, -43, 0, 3, 2, 3, -4,
    2, -1, -2, 0, 3, 2, 0, 1,
    -5, 0, -7, -5, -20, -7, -11, -33,
    0, 0, 0, 0, 0, 0, 0, -8,
    0, 0, 0, -16, 0, -13, -13, -13,
    0, 0, 0, 0, 0, 0, 0, -51,
    -2, 0, 0, 0, 0, 0, 0, 0,
    3, 3, 3, 3, -2, -2, -2, -2,
    0, 3, 3, 5, 0, 0, 0, 0,
    -7, -2, -7, -10, -10, -29, -32, -29,
    -30, 0, 0, 0, -11, -14, 0, 0,
    0, -20, -14, -11, -46, -5, -11, -50,
    -31, -50, -39, -1, -1, 0, 0, -25,
    0, -1, -40, 0, 0, -3, 0, 0,
    0, -5, 0, -36, -1, -1, -1, -39,
    -1, -1, -1, -6, -42, -1, -18, -15,
    -38, -30, -37, 0, -48, 0, -50, -9,
    -5, -6, -5, 6, -5, -4, -5, 0,
    -2, -6, 0, -4, 6, -3, 6, 4,
    -5, 6, -2, -38, -23, 0, 0, 0,
    0, 0, 0, -30, 0, 0, 0, -13,
    0, -36, -36, -36, -1, -1, 0, 0,
    0, 0, 0, -30, -5, -9, -9, -9,
    -9, -9, -9, -9, -5, -5, -5, -5,
    -5, -5, -3, -5, -13, -5, -5, -5,
    -3, -3, -3, -3, 6, -5, 6, -33,
    -33, -8, -10, -8, -9, 0, 0, -48,
    -7, -31, 0, 0, 0, 0, -31, -5,
    -38, -27, -10, -9, -16, -9, -14, 6,
    -9, 0, 0, 0, 0, 6, -35, 0,
    0, -2, 0, -8, 0, -31, 0, -5,
    3, 1, 1, 0, 1, 1, 3, 0,
    -52, 0, -31, -26, -11, -46, -5, 0,
    -30, -30, -34, 4, 8, 9, 9, 0,
    8, 1, 1, 0, 8, 9, 0, 4,
    0, 2, -3, -2, -10, -3, -1, -24,
    -15, 0, 0, 0, 0, 0, 0, -11,
    0, 0, 0, -8, 0, -5, -5, -5,
    1, 3, 0, 0, 0, 0, 0, -46,
    0, 4, 4, 4, 4, 4, 4, 4,
    8, 8, 8, 8, 0, 0, 1, 0,
    0, 8, 8, 11, 2, 2, 2, 2,
    -3, 0, -3, -17, -17, -24, -26, -24,
    -24, 0, 0, 0, -9, -18, 0, 0,
    0, 0, -18, -13, -29, -10, -15, -9,
    -33, -9, -9, -2, 0, 0, 0, -12,
    0, -2, -32, 0, 0, 0, 0, -5,
    0, -10, 0, -3, 0, -2, -2, 1,
    -2, -2, 0, -8, -39, -5, -22, -19,
    -2, -33, -3, 0, -19, 0, -20, -3,
    -8, -6, -8, 4, -6, -1, -2, 0,
    -8, -6, 0, -2, 3, -5, 2, 0,
    -3, 2, 0, -16, -26, 0, 0, 0,
    0, 0, 0, -32, 0, 0, 0, -11,
    0, -3, -3, -3, -2, 0, 0, 0,
    0, 0, 0, -33, -2, -3, -3, -3,
    -3, -3, -3, -3, -8, -8, -8, -8,
    -2, -2, -2, -2, 0, -8, -8, 0,
    -5, -5, -5, -5, 2, -2, 2, -34,
    -34, -10, -14, -10, -13, 0, 0, 0,
    -14, -27, 0, 0, 0, 0, -29, -14,
    -36, -22, -17, -18, -21, -18, -19, -3,
    -11, 0, 0, 0, 0, -3, -39, 0,
    0, -9, 0, 0, 0, -23, 0, -12,
    -8, -4, -4, -4, -4, -4, -8, -8,
    -44, -6, -33, -29, -14, -42, -14, 0,
    -25, -27, -27, -6, -1, -2, -1, -3,
    -2, -8, -9, 0, -1, -2, 0, -2,
    -4, -7, -5, -4, -12, -5, -8, -25,
    -20, 0, 0, 0, 0, 0, 0, -18,
    0, 0, 0, -18, 0, -12, -12, -12,
    -4, -8, 0, 0, 0, 0, 0, -42,
    -9, -6, -6, -6, -6, -6, -6, -6,
    -1, -1, -1, -1, -9, -9, -4, -9,
    -4, -1, -1, 0, -7, -7, -7, -7,
    -5, -9, -5, -21, -21, -21, -25, -21,
    -23, 0, 0, 0, -11, -15, 0, 0,
    0, 0, -15, -13, -45, -4, -13, -43,
    -28, -43, -39, -1, -1, 0, 0, -20,
    0, -1, -43, 0, 0, -3, 0, 0,
    0, -4, 0, -36, -3, -2, -2, -37,
    -2, -2, -3, -6, -44, -2, -18, -16,
    -36, -29, -38, 0, -49, 0, -53, -12,
    -7, -7, -7, 3, -8, -4, -5, 0,
    -7, -7, 0, -7, 3, -3, 2, 1,
    -1, 2, -3, -38, 0, 0, 0, 0,
    0, 0, 0, -28, 0, 0, 0, -16,
    0, -36, -36, -36, -2, -3, 0, 0,
    0, 0, 0, -29, -5, -12, -12, -12,
    -12, -12, -12, -12, -7, -7, -7, -7,
    -5, -5, -3, -5, -12, -7, -7, -7,
    -3, -3, -3, -3, 2, -5, 2, -28,
    -28, -7, -9, -7, -7, 0, 0, 0,
    -13, -17, 0, 0, 0, 0, -17, -13,
    -47, -10, -12, -38, -24, -38, -38, -1,
    -2, 0, 0, 0, 0, -1, -43, 0,
    0, -5, 0, 0, 0, -6, 0, -31,
    -3, -2, -2, -27, -2, -2, -3, -9,
    -44, -2, -20, -18, -35, -30, -32, 0,
    -48, 0, -45, -11, -6, -6, -6, 2,
    -6, -4, -4, 0, -6, -6, 0, -5,
    1, -3, 1, 0, -4, 1, -4, -37,
    -20, 0, 0, 0, 0, 0, 0, -24,
    0, 0, 0, -15, 0, -31, -31, -31,
    -2, -3, 0, 0, 0, 0, 0, -30,
    -4, -10, -11, -10, -10, -10, -10, -11,
    -6, -6, -6, -6, -4, -4, -3, -4,
    0, -6, -6, 0, -3, -3, -3, -3,
    1, -4, 1, -25, -25, -11, -12, -11,
    -11, 0, 0, 0, -14, -26, 0, 0,
    0, 0, -26, -22, -32, -19, -27, -16,
    -46, -16, -13, -11, -3, 0, 0, -27,
    -15, -11, -39, -11, 0, -10, 0, -14,
    0, -13, 0, -2, -9, -12, -12, 0,
    -12, -12, -9, -14, -44, -12, -28, -26,
    -2, -37, -9, 0, -17, -21, -23, -16,
    -19, -18, -19, -1, -14, -10, -11, 0,
    -19, -18, 0, -14, -1, -11, 0, 0,
    -1, 0, -6, -16, 0, 0, 0, 0,
    0, 0, 0, -41, 0, 0, 0, -20,
    0, -2, -2, -2, -12, -9, 0, 0,
    0, 0, 0, -37, -11, -16, -16, -16,
    -16, -16, -16, -16, -19, -19, -19, -19,
    -11, -11, -9, -11, 0, -19, -19, 0,
    -11, -11, -11, -11, 0, -11, 0, -47,
    -47, -19, -21, -19, -20, 0, 0, 0,
    -11, -15, 0, 0, 0, -15, -15, -13,
    -45, -4, -13, -43, -28, -43, -39, -1,
    -1, 0, 0, 0, 0, -1, -43, 0,
    0, -3, 0, 0, 0, -4, 0, -36,
    -3, -2, -2, -37, -2, -2, -3, -6,
    -44, -2, -18, -16, -36, -29, -38, 0,
    -49, 0, -53, -12, -7, -7, -7, 3,
    -8, -4, -5, 0, -7, -7, 0, -7,
    3, -3, 2, 1, -1, 2, -3, -39,
    -22, 0, 0, 0, 0, 0, 0, -28,
    0, 0, 0, -16, 0, -36, -36, -36,
    -2, -3, 0, 0, 0, 0, 0, -29,
    -5, -12, -12, -12, -12, -12, -12, -12,
    -7, -7, -7, -7, -5, -5, -3, -5,
    -13, -7, -7, 0, -3, -3, -3, -3,
    2, -5, 2, -28, -28, -7, -9, -7,
    -7, 0, 0, -43, -13, -25, 0, 0,
    0, 0, -25, -16, -32, -16, -17, -13,
    -34, -13, -13, -5, -6, 0, 0, 0,
    0, -5, -39, 0, 0, -8, 0, 0,
    0, -18, 0, -5, -6, -6, -6, 0,
    -6, -6, -6, -14, -44, -9, -28, -26,
    -8, -38, -7, 0, -23, 0, -25, -8,
    -10, -9, -10, 0, -9, -6, -7, 0,
    -10, -9, 0, -6, -1, -7, 0, -2,
    -6, 0, -6, 0, -27, 0, 0, 0,
    0, 0, 0, -35, 0, 0, 0, -16,
    0, -5, -5, -5, -6, -6, 0, 0,
    0, 0, 0, -38, -7, -8, -8, -8,
    -8, -8, -8, -8, -10, -10, -10, -10,
    -7, -7, -4, -7, 0, -10, -10, 0,
    -7, -7, -7, -7, 0, -7, 0, -34,
    -34, -15, -21, -15, -18, 0, 0, 0,
    0, 0, 0, 0, 0, 0, 0, -40,
    0, 0, 0, 0, -52, 0, 0, -31,
    -22, 0, 0, -40, 0, 0, 0, 0,
    0, 0, 0, 0, 0, 0, 0, -16,
    -15, -32, -32, -12, -32, -32, -15, -27,
    -8, -13, -10, -13, -10, -8, -14, 0,
    0, 0, 0, -28, -33, -32, -33, -31,
    -17, -11, -12, 0, -33, -32, 0, -28,
    -34, -33, -34, -37, -17, -34, -23, 0,
    0, 0, 0, 0, 0, 0, 0, 0,
    0, 0, 0, 0, 0, -16, -16, -16,
    -32, -15, 0, 0, 0, 0, 0, -8,
    0, 0, -28, 0, 0, 0, 0, -28,
    -33, -33, -33, 0, -12, -12, 0, 0,
    0, -33, 0, 0, -33, -33, -33, -33,
    -34, -12, -34, 0, 0, 0, 0, 0,
    0, 0, 0, 0, 0, 0, 0, 0,
    0, 0, 0, 0, -40, 0, 0, 0,
    0, 0, 0, 0, 0, 0, 0, 0,
    0, 0, 0, 0, 0, 0, 0, 0,
    0, 0, 0, 0, 0, 0, 0, 0,
    0, 0, 0, 0, 0, 0, 0, 0,
    0, 0, 0, 0, 0, 0, 0, 0,
    0, 0, 0, 0, 0, 0, 0, 0,
    0, 0, 0, 0, 0, 0, 0, 0,
    0, 0, 0, -30, 0, 0, 0, 0,
    0, 0, 0, 0, 0, 0, 0, 0,
    0, 0, 0, 0, 0, 0, 0, 0,
    0, 0, 0, 0, 0, 0, 0, 0,
    0, 0, 0, 0, 0, 0, 0, 0,
    0, 0, 0, 0, 0, 0, 0, 0,
    0, 0, 0, 0, 0, 0, 0, 0,
    0, 0, 0, 0, 0, 0, 0, 0,
    -27, -39, 0, 0, 0, 0, -39, -23,
    -66, -36, 0, -66, -31, -66, -48, -10,
    -18, -38, -35, -30, -22, -10, -68, -23,
    -15, -17, 0, 0, 0, 0, 0, -46,
    -18, -10, -10, -69, -10, -10, -18, -27,
    -76, -15, -39, -36, -61, -52, -60, 0,
    -66, 0, 0, -20, -14, -15, -14, -11,
    -14, -18, -19, 0, -14, -15, 0, -14,
    -12, -17, -12, -13, -29, -12, -26, 0,
    0, 0, 0, 0, 0, 0, 0, -35,
    0, 0, 0, -23, 0, -46, -46, -46,
    -10, -18, 0, 0, 0, 0, 0, -52,
    0, 0, -20, 0, 0, 0, 0, -20,
    -14, -14, -14, -14, -19, -19, 0, 0,
    0, -14, -14, 0, -17, -17, -17, -17,
    -12, -19, -12, 0, 0, -29, -31, -29,
    0, 0, 0, 0, 0, 0, 0, 0,
    0, 0, 0, 0, 0, 0, 0, 0,
    0, 0, 0, 0, 0, 0, 0, 0,
    0, 0, 0, 0, 0, 0, 0, 0,
    0, 0, 0, 0, 0, 0, 0, 0,
    0, 0, 0, 0, -47, 0, -36, 0,
    0, -44, 0, 0, 0, 0, 0, 0,
    0, 0, 0, 0, 0, 0, 0, 0,
    0, 0, 0, 0, 0, 0, 0, 0,
    0, 0, 0, 0, 0, 0, 0, 0,
    0, 0, 0, 0, 0, 0, 0, 0,
    0, 0, 0, 0, 0, 0, 0, 0,
    0, 0, 0, 0, 0, 0, 0, 0,
    0, 0, 0, 0, 0, 0, 0, 0,
    0, 0, 0, 0, 0, 0, 0, 0,
    0, 0, 0, 0, 0, 0, 0, 0,
    0, 0, 0, 0, 0, 0, 0, 0,
    0, 0, 0, 0, 0, 0, 0, 0,
    -44, 0, 0, 0, 0, 0, 0, 0,
    0, 0, 0, 0, 0, 0, -41, 0,
    0, 0, 0, 0, 0, 0, 0, 0,
    0, 0, 0, 0, 0, 0, 0, 0,
    0, 0, 0, 0, 0, 0, 0, 0,
    0, 0, 0, 0, 0, 0, 0, 0,
    0, 0, 0, 0, 0, 0, 0, 0,
    0, 0, 0, 0, 0, 0, 0, 0,
    0, 0, 0, 0, 0, 0, 0, 0,
    0, 0, 0, 0, 0, 0, 0, 0,
    0, 0, 0, 0, 0, 0, 0, 0,
    0, 0, 0, 0, 0, 0, 0, 0,
    0, 0, 0, 0, 0, 0, 0, 0,
    0, 0, 0, 0, 0, 0, 0, 0,
    0, 0, 0, 0, 0, 0, 0, 0,
    0, 0, 0, 0, 0, 0, 0, 0,
    0, 0, 0, 0, -34, 0, 0, 0,
    0, 0, 0, 0, -1, 0, -5, -23,
    -15, -11, -15, 0, 0, 0, 0, 0,
    0, 0, 0, 0, 0, 0, 0, 0,
    0, 0, 0, 0, 0, 0, 0, 0,
    0, 0, 0, 0, 0, 0, 0, 0,
    0, 0, 0, 0, 0, 0, 0, 0,
    0, 0, 0, 0, 0, 0, 0, 0,
    0, 0, 0, 0, 0, 0, 0, 0,
    0, 0, 0, 0, 0, 0, 0, 0,
    0, 0, 0, 0, 0, 0, 0, 0,
    0, 0, 0, 0, 0, 0, 0, 0,
    0, 0, 0, 0, 0, 0, 0, 0,
    0, 0, 0, 0, 0, 0, 0, 0,
    0, 0, 0, 0, 0, 0, 0, 0,
    0, 0, 0, 0, 0, 0, 0, 0,
    0, 0, 0, 0, 0, 0, 0, 0,
    0, 0, 0, 0, 0, 0, -36, 0,
    0, 0, 0, 0, 0, 0, 0, 0,
    0, 0, 0, 0, 0, 0, 0, 0,
    0, 0, 0, 0, 0, 0, 0, 0,
    0, 0, 0, 0, 0, 0, 0, 0,
    0, 0, 0, 0, 0, 0, 0, 0,
    0, 0, 0, 0, 0, 0, 0, 0,
    0, 0, 0, 0, 0, 0, 0, 0,
    0, 0, 0, 0, 0, 0, 0, 0,
    0, 0, 0, 0, 0, 0, 0, 0,
    0, 0, 0, 0, 0, 0, 0, 0,
    0, 0, 0, 0, 0, 0, 0, 0,
    0, 0, 0, 0, 0, 0, 0, 0,
    0, 0, 0, 0, 0, 0, 0, 0,
    0, 0, 0, 0, 0, 0, 0, 0,
    0, 0, 0, 0, 0, 0, 0, 0,
    0, 0, 0, 0, -49, 0, 0, 0,
    0, 0, 0, 0, 0, 0, 0, 0,
    0, 0, 0, 0, 0, 0, 0, 0,
    0, 0, 0, 0, 0, 0, 0, -25,
    0, 0, 0, 0, 0, 0, 0, 0,
    0, 0, 0, 0, 0, 0, 0, 0,
    0, 0, 0, 0, 0, 0, 0, 0,
    0, 0, 0, 0, 0, 0, 0, 0,
    0, 0, 0, 0, 0, 0, 0, 0,
    0, 0, 0, 0, 0, 0, 0, 0,
    0, 0, 0, 0, 0, 0, 0, 0,
    0, 0, 0, 0, 0, 0, 0, 0,
    0, 0, 0, 0, 0, 0, 0, 0,
    0, 0, 0, 0, 0, 0, 0, 0,
    0, 0, 0, 0, 0, 0, 0, 0,
    0, 0, 0, 0, 0, 0, 0, 0,
    0, 0, 0, 0, 0, 0, 0, 0,
    -32, 0, 0, -66, -46, -66, 0, 0,
    0, 0, 0, 0, 0, 0, 0, 0,
    0, 0, 0, 0, 0, 0, 0, 0,
    0, 0, 0, 0, 0, 0, 0, 0,
    0, 0, 0, 0, 0, 0, 0, 0,
    0, 0, 0, 0, 0, 0, 0, 0,
    0, 0, 0, 0, 0, 0, 0, 0,
    0, 0, 0, 0, 0, 0, 0, 0,
    0, 0, 0, 0, 0, 0, 0, 0,
    0, 0, 0, 0, 0, 0, 0, 0,
    0, 0, 0, 0, 0, 0, 0, 0,
    0, 0, 0, 0, 0, 0, 0, 0,
    0, 0, 0, 0, 0, 0, 0, 0,
    0, 0, 0, 0, 0, 0, 0, 0,
    0, 0, 0, 0, 0, 0, 0, 0,
    0, 0, 0, 0, -22, -40, 0, 0,
    -19, 0, -40, -26, -49, -37, -20, -25,
    -38, -25, -27, -13, -17, -16, -22, -20,
    -20, -13, -48, -19, -13, -16, 0, 0,
    0, 0, 0, -22, -17, -13, -13, -11,
    -13, -13, -17, -23, -77, -18, -40, -37,
    -26, -53, -22, 0, -37, 0, 0, -16,
    -16, -16, -16, -10, -16, -17, -18, 0,
    -16, -16, 0, -13, -10, -18, -15, -15,
    -21, -15, -17, 0, 0, 0, 0, 0,
    0, 0, 0, -38, 0, 0, 0, -20,
    0, -22, -22, -22, -13, -17, -17, 0,
    0, 0, -13, -53, -18, -16, -16, -16,
    -16, -16, -16, -16, -16, -16, -16, -16,
    -18, -18, -18, 0, 0, -16, -16, 0,
    -18, -18, -18, -18, -15, -18, -15, -39,
    -39, -30, -31, -30, 0, 0, 0, 0,
    0, 0, 0, 0, 0, 0, 0, 0,
    -49, 0, 0, 0, 0, 0, 0, 0,
    0, 0, 0, 0, 0, 0, 0, 0,
    0, 0, 0, 0, 0, 0, 0, 0,
    0, 0, 0, 0, 0, 0, 0, 0,
    0, 0, 0, 0, 0, 0, 0, 0,
    0, 0, 0, 0, 0, 0, 0, 0,
    0, 0, 0, 0, 0, 0, 0, 0,
    0, 0, 0, 0, 0, 0, 0, 0,
    0, 0, 0, 0, 0, 0, 0, 0,
    0, 0, 0, 0, 0, 0, 0, 0,
    0, 0, 0, 0, 0, 0, 0, 0,
    0, 0, 0, 0, 0, 0, 0, 0,
    0, 0, 0, 0, 0, 0, 0, 0,
    0, 0, 0, 0, 0, 0, 0, 0,
    0, 0, 0, 0, 0, 0, 0, 0,
    0, 0, 0, 0, -18, -12, 0, 0,
    0, 0, -12, 0, -29, -9, 0, -66,
    -69, -66, -59, -16, -2, -5, -8, -57,
    -21, -16, -7, -12, -6, -29, 0, 0,
    0, 0, 0, -57, 0, -18, 0, 0,
    0, 0, 0, -16, 0, 0, 0, -13,
    0, 0, 0, 0, -20, 0, 0, -39,
    -40, -39, 0, 0, -39, 0, 0, 0,
    -40, 0, 0, 0, 0, 0, 0, 0,
    0, 0, 0, 0, 0, 0, 0, 0,
    0, 0, 0, 0, 0, 0, 0, -39,
    0, 0, 0, 0, 0, 0, 0, 0,
    0, 0, 0, 0, 0, 0, 0, 0,
    0, 0, 0, 0, 0, 0, 0, 0,
    0, 0, 0, 0, 0, 0, 0, 0,
    0, 0, 0, 0, 0, 0, 0, -72,
    -72, -12, -13, -12, 0, 0, 0, 0,
    0, 0, 0, 0, 0, 0, 0, 0,
    -30, 0, 0, -66, -56, -66, -55, 0,
    0, 0, 0, 0, 0, 0, 0, 0,
    0, 0, 0, 0, 0, 0, 0, 0,
    0, 0, 0, 0, 0, 0, 0, 0,
    0, 0, 0, 0, 0, 0, 0, 0,
    0, 0, 0, 0, 0, 0, 0, 0,
    0, 0, 0, 0, 0, 0, 0, 0,
    0, 0, 0, 0, 0, 0, 0, 0,
    0, 0, 0, 0, 0, 0, 0, 0,
    0, 0, 0, 0, 0, 0, 0, 0,
    0, 0, 0, 0, 0, 0, 0, 0,
    0, 0, 0, 0, 0, 0, 0, 0,
    0, 0, 0, 0, 0, 0, 0, 0,
    0, 0, 0, 0, 0, 0, 0, 0,
    0, 0, 0, 0, 0, 0, 0, 0,
    0, 0, 0, 0, -28, -59, 0, 0,
    -45, 0, -59, -22, -62, -57, -26, -34,
    -20, -34, -36, -13, -40, -32, -12, -8,
    -14, -13, -54, -10, -15, -29, 0, 0,
    0, 0, 0, -30, -17, -13, -13, -28,
    -13, -13, -17, -14, -74, -15, -52, -46,
    -43, -75, -36, 0, -57, 0, 0, -18,
    -7, -8, -7, -26, -8, -17, -18, 0,
    -7, -8, 0, -17, -28, -16, -26, -24,
    -43, -26, -35, 0, 0, 0, 0, 0,
    0, 0, 0, -16, 0, 0, 0, -38,
    0, -30, -30, -30, -13, -17, 0, 0,
    0, 0, 0, -75, -18, -18, -18, -18,
    -18, -18, -18, -18, -7, -7, -7, -7,
    -18, -18, 0, 0, 0, -7, -7, 0,
    -16, -16, -16, -16, -26, -18, -26, -20,
    -20, -50, -51, -50, 0, 0, 0, 0,
    0, 0, 0, 0, 0, 0, 0, 0,
    0, 0, 0, 0, 0, 0, 0, 0,
    0, 0, 0, 0, 0, 0, 0, 0,
    0, 0, 0, 0, 0, 0, 0, 0,
    0, -50, 0, 0, -50, -50, 0, -40,
    -72, 0, -76, 0, 0, -80, 0, 0,
    0, 0, 0, 0, -38, 0, -38, 0,
    0, 0, 0, 0, 0, -36, 0, 0,
    0, 0, 0, 0, 0, 0, 0, 0,
    0, 0, 0, 0, 0, 0, 0, 0,
    0, 0, 0, 0, 0, 0, 0, 0,
    0, 0, 0, 0, 0, 0, 0, 0,
    0, 0, 0, 0, 0, 0, 0, 0,
    0, 0, 0, 0, 0, 0, 0, 0,
    0, 0, 0, 0, 0, 0, 0, 0,
    0, 0, 0, 0, 0, 0, 0, 0,
    0, 0, 0, 0, -14, -58, 0, 0,
    0, 0, -58, -26, -30, -56, -41, -13,
    -35, -13, -11, -17, -36, 0, 0, 0,
    0, -17, 0, 0, 0, -9, 0, 0,
    0, -51, 0, 0, -7, -22, -22, 0,
    -22, -22, -7, -16, -57, -21, -57, -52,
    -1, -60, -3, 0, -17, 0, -24, -11,
    -14, -13, -14, -21, -11, -11, -12, 0,
    -14, -13, 0, -9, -28, -17, -35, -31,
    -2, -35, -6, 0, 0, 0, 0, 0,
    0, 0, 0, -30, 0, 0, 0, -22,
    0, 0, 0, 0, -22, -7, 0, 0,
    0, 0, 0, -60, -12, -11, -11, -11,
    -11, -11, -11, -11, -14, -14, -14, -14,
    -12, -12, -11, -12, 0, -14, -14, 0,
    -17, -17, -17, -17, -35, -12, -35, -35,
    -35, -53, -55, -53, -53, 0, 0, 0,
    -14, -58, 0, 0, 0, 0, -58, -26,
    -30, -56, -41, -13, -35, -13, -11, -17,
    -36, 0, 0, 0, 0, -17, 0, 0,
    0, -9, 0, 0, 0, -51, 0, 0,
    -7, -22, -22, 0, -22, -22, -7, -16,
    -57, -21, -57, -52, -1, -60, -3, 0,
    -17, 0, -24, -11, -14, -13, -14, -21,
    -11, -11, -12, 0, -14, -13, 0, -9,
    -28, -17, -35, -31, -2, -35, -6, 0,
    0, 0, 0, 0, 0, 0, 0, -30,
    0, 0, 0, -22, 0, 0, 0, 0,
    -22, -7, 0, 0, 0, 0, 0, -60,
    -12, -11, -11, -11, -11, -11, -11, -11,
    -14, -14, -14, -14, -12, -12, -11, -12,
    -16, -14, -14, 0, -17, -17, -17, -17,
    -35, -12, -35, -35, -35, -53, -55, -53,
    -53, 0, 0, 0, -14, -16, 0, 0,
    0, 0, -16, -26, -18, -17, -23, -15,
    -33, -15, -15, -14, -9, 0, 0, 0,
    0, -14, 0, 0, 0, -13, 0, 0,
    0, -20, 0, -5, -7, -15, -15, 1,
    -15, -15, -7, -16, -3, -9, -8, -11,
    -5, -5, -6, 0, -14, 0, -27, -13,
    -15, -14, -15, -16, -14, -5, -6, 0,
    -15, -14, 0, -10, -17, -18, -20, -20,
    -11, -20, -10, 0, 0, 0, 0, 0,
    0, 0, 0, -33, 0, 0, 0, -19,
    0, -5, -5, -5, -15, -7, 0, 0,
    0, 0, 0, -5, -15, -12, -13, -12,
    -12, -12, -12, -13, -15, -15, -15, -14,
    -6, -6, 0, 7, -17, -15, -14, 0,
    -18, -18, -18, -18, -20, -6, -20, -34,
    -34, -21, -17, -21, -16, 0, 0, 0,
    -12, -20, 0, 0, 0, 0, -20, -13,
    -42, -11, -21, -25, -19, -25, -27, 1,
    -1, 0, 0, 0, 0, 1, 0, 0,
    0, -10, 0, 0, 0, -12, 0, -18,
    0, -1, -1, -12, -1, -1, 0, 0,
    -20, -1, -18, -17, -26, -26, -16, 0,
    -31, 0, -53, -9, -1, -2, -1, 0,
    -2, -4, -5, 0, -1, -2, 0, -8,
    0, -6, 0, -1, -14, 0, -10, 0,
    0, 0, 0, 0, 0, 0, 0, -12,
    0, 0, 0, -16, 0, -18, -18, -18,
    -1, 0, 0, 0, 0, 0, 0, -26,
    -8, -8, -9, -8, -8, -8, -8, -9,
    -1, -1, -1, -1, -5, -5, 4, 0,
    0, -1, -1, 0, -6, -6, -6, -6,
    0, -5, 0, -19, -19, -10, -13, -10,
    -12, 0, 0, 0, -14, -16, 0, 0,
    0, 0, -16, -26, -18, -17, -23, -15,
    -33, -15, -15, -14, -9, 0, 0, 0,
    0, -14, 0, 0, 0, -13, 0, 0,
    0, -20, 0, -5, -7, -15, -15, 1,
    -15, -15, -7, -16, -3, -9, -8, -11,
    -5, -5, -6, 0, -14, 0, -27, -13,
    -15, -14, -15, -16, -14, -5, -6, 0,
    -15, -14, 0, -10, -17, -18, -20, -20,
    -11, -20, -10, 0, 0, 0, 0, 0,
    0, 0, 0, -33, 0, 0, 0, -19,
    0, -5, -5, -5, -15, -7, 0, 0,
    0, 0, 0, -5, -15, -12, -13, -12,
    -12, -12, -12, -13, -15, -15, -15, -14,
    -6, -6, 0, 7, 0, -15, -14, 0,
    -18, -18, -18, -18, -20, -6, -20, -34,
    -34, -21, -17, -21, -16, 0, 0, 0,
    -10, -13, 0, 0, 0, 0, -13, -13,
    -18, -11, 0, -17, -19, -17, -17, 0,
    -1, 0, 0, 0, 0, 0, 0, 0,
    0, -6, 0, 0, 0, -12, 0, -7,
    -5, 0, 0, 0, 0, 0, -5, -2,
    -4, -4, -7, -7, -6, -5, -7, 0,
    -13, 0, -27, -5, 0, -1, 0, -1,
    0, -3, -5, 0, 0, -1, 0, -1,
    -1, -5, -3, -3, -11, -3, -7, 0,
    0, 0, 0, 0, 0, 0, 0, -17,
    0, 0, 0, -17, 0, -7, -7, -7,
    0, -5, 0, 0, 0, 0, 0, -5,
    -8, -3, -5, -3, -3, -3, -3, -5,
    0, 0, 0, 1, -5, -5, 0, 0,
    0, 0, 1, 0, -5, -5, -5, -5,
    -3, -5, -3, -20, -20, -14, -13, -14,
    -13, 0, 0, 0, -10, -13, 0, 0,
    0, 0, -13, -13, -18, -11, 0, -17,
    -19, -17, -17, 0, -1, 0, 0, 0,
    0, 0, 0, 0, 0, -6, 0, 0,
    0, -12, 0, -7, -5, 0, 0, 0,
    0, 0, -5, -2, -4, -4, -7, -7,
    -6, -5, -7, 0, -13, 0, -27, -5,
    0, -1, 0, -1, 0, -3, -5, 0,
    0, -1, 0, -1, -1, -5, -3, -3,
    -11, -3, -7, 0, 0, 0, 0, 0,
    0, 0, 0, -17, 0, 0, 0, -17,
    0, -7, -7, -7, 0, 19, 0, 0,
    0, 0, 0, -5, -8, -3, -5, -3,
    -3, -3, -3, -5, 0, 0, 0, 1,
    -5, -5, 0, 0, 0, 0, 1, 0,
    -5, -5, -5, -5, -3, -5, -3, -20,
    -20, -14, -13, -14, -13, 0, 0, 0,
    0, 0, 0, 0, 0, 0, 0, 0,
    0, 0, 0, 0, 0, 0, 0, 0,
    0, 0, 0, 0, 0, 0, 0, 0,
    0, 0, 0, 0, 0, 0, 0, 0,
    0, 0, 0, 0, 0, 0, 0, 0,
    0, 0, 0, 0, 0, 0, 0, 0,
    0, 0, 0, 0, 0, 0, 0, 0,
    0, 0, 0, 0, 0, 0, 0, 0,
    0, 0, 0, 0, 0, 0, -7, 0,
    0, 0, 0, 0, 0, 0, 0, 0,
    0, 0, 0, 0, 0, 0, 0, 0,
    0, 0, 0, 0, 0, 0, 0, 0,
    0, 0, 0, 0, 0, 0, 0, 0,
    0, 0, 0, 0, 0, 0, 0, 0,
    0, 0, 0, 0, 0, 0, 0, 0,
    0, 0, 0, 0, 0, 0, 0, 0,
    0, 0, 0, 0, 0, 0, 0, 0,
    0, 0, 0, 0, 0, 0, 0, 0,
    -19, 0, 0, 0, 0, 0, 0, 0,
    0, 0, 0, 0, 0, 0, 0, 0,
    0, 0, 0, 0, 0, 0, 0, 0,
    0, 0, 0, 0, 0, 0, 0, 0,
    0, 0, 0, 0, 0, 0, 0, 0,
    0, 0, 0, 0, 0, 0, 0, 0,
    0, 0, 0, 0, 0, 0, 0, 0,
    0, 0, 0, 0, 0, 0, 0, 0,
    0, 0, 0, 0, 0, 0, 0, 0,
    0, 0, 0, 0, 0, 0, 0, 68,
    0, 0, 0, 0, 0, 0, 0, 0,
    0, 0, 0, 0, 0, 0, 0, 0,
    0, 0, 0, 0, 0, 0, 0, 0,
    0, 0, 0, 0, 0, 0, 0, 0,
    0, 0, 0, 0, 0, 0, 0, 0,
    -11, -25, 0, 0, 0, 0, -25, -9,
    -48, -16, -8, -31, -13, -31, -29, 5,
    -1, 0, 0, 0, 0, 5, 0, 0,
    0, -9, 0, 0, 0, -20, 0, -23,
    0, 2, 2, -23, 2, 2, 0, -2,
    -28, 0, -22, -20, -34, -31, -23, 0,
    -39, 0, -61, -6, -1, -1, -1, 0,
    -1, -2, -3, 0, -1, -1, 0, -1,
    0, -2, -2, -3, -16, -2, -10, 0,
    0, 0, 0, 0, 0, 0, 0, -13,
    0, 0, 0, -13, 0, -23, -23, -23,
    2, 0, 0, 0, 0, 0, 0, -31,
    -4, -5, -6, -5, -5, -5, -5, -6,
    -1, -1, -1, -1, -3, -3, 4, 0,
    0, -1, -1, 0, -2, -2, -2, -2,
    -2, -3, -2, -14, -14, -14, -17, -14,
    -15, 0, 0, 0, -11, -25, 0, 0,
    0, 0, -25, -8, -48, -16, -8, -30,
    -13, -30, -28, 6, -1, 0, 0, 0,
    0, 6, 0, 0, 0, -8, 0, 0,
    0, -19, 0, -22, 0, 2, 2, -20,
    2, 2, 0, -2, -26, 0, -22, -20,
    -33, -29, -22, 0, -38, 0, -58, -5,
    -1, 0, -1, 0, -1, -2, -3, 0,
    -1, 0, 0, 0, 0, -2, -2, -2,
    -16, -2, -10, 0, 0, 0, 0, 0,
    0, 0, 0, -13, 0, 0, 0, -13,
    0, -22, -22, -22, 2, 0, 0, 0,
    0, 0, 0, -29, -4, -5, -5, -5,
    -5, -5, -5, -5, -1, -1, -1, -1,
    -3, -3, 4, 1, 0, -1, -1, 0,
    -2, -2, -2, -2, -2, -3, -2, -13,
    -13, -13, -17, -13, -15, 0, 0, 0,
    0, 0, 0, 0, 0, 0, 0, 0,
    -53, 0, 0, 0, 0, 0, 0, 0,
    -7, 0, -9, -10, -13, 0, -32, 0,
    0, 0, 0, 0, 0, 0, 0, -31,
    0, 0, 0, 0, 0, 0, 0, 0,
    -34, 0, 0, 0, 0, 0, 0, 0,
    0, 0, 0, 0, 0, 0, 0, 0,
    0, 0, 0, 0, 0, 0, 0, 0,
    0, 0, 0, 0, 0, 0, 0, 0,
    0, 0, 0, 0, 0, 0, 0, 0,
    0, 0, 0, 0, 0, 0, 0, 0,
    0, 0, 0, 0, 0, 0, 0, 0,
    0, 0, 0, 0, 0, 0, 0, 0,
    0, 0, 0, 0, 0, 0, 0, 0,
    0, 0, 0, 0, 0, 0, 0, 0,
    0, 0, 0, 0, 0, 0, 0, 0,
    0, 0, 0, 0, 0, 0, 0, 0,
    0, 0, 0, 0, -29, 0, 0, 0,
    -13, 0, 0, 0, 0, 0, 0, 0,
    0, 0, 0, 0, 0, 0, 0, 0,
    0, 0, 0, 0, 0, 0, 0, -20,
    0, 0, 0, 0, 0, 0, 0, 0,
    0, 0, 0, 0, 0, 0, 0, 0,
    0, 0, 0, 0, 0, 0, 0, 0,
    0, 0, 0, 0, 0, 0, -2, 0,
    0, -2, 0, 0, 0, 0, 0, 0,
    0, 0, 0, 0, 0, 0, 0, 0,
    0, 0, 0, 0, 0, 0, 0, 0,
    0, 0, 0, 0, 0, 0, 0, 0,
    0, 0, 0, 0, 0, 0, 0, 0,
    0, 0, 0, 0, 0, 0, 0, 0,
    0, 0, 0, 0, 0, 0, 0, 0,
    0, 0, 0, 0, 0, 0, 0, 0,
    -10, -11, 0, 0, 0, 0, -11, -12,
    -18, -9, -13, -28, -18, -28, -28, 0,
    0, 0, 0, 0, 0, 0, 0, 0,
    0, -11, 0, 0, 0, -10, 0, -21,
    -4, 0, 0, -15, 0, 0, -4, -2,
    -3, -1, -4, -5, -11, -3, -9, 0,
    -13, 0, -52, -7, -1, -1, -1, 0,
    -1, -2, -3, 0, -1, -1, 0, -3,
    0, -4, -1, -2, -15, -1, -11, 0,
    0, 0, 0, 0, 0, 0, 0, -15,
    0, 0, 0, -18, 0, -21, -21, -21,
    0, -4, 0, 0, 0, 0, 0, -3,
    -5, -5, -7, -5, -5, -5, -5, -7,
    -1, -1, -1, 0, -3, -3, 8, 14,
    0, -1, 0, 0, -4, -4, -4, -4,
    -1, -3, -1, -18, -18, -12, -12, -12,
    -11, 0, 0, 0, -13, -9, 0, 0,
    0, 0, -9, -41, -11, -14, -53, -66,
    -76, -66, -66, -27, -12, 0, 0, 0,
    0, -27, 0, 0, 0, -43, 0, 0,
    0, -18, 0, -60, -5, -29, -29, -53,
    -29, -29, -5, -24, 0, -3, 0, 0,
    -2, 0, -5, 0, -9, 0, -70, -53,
    -52, -52, -52, -27, -51, -6, -10, -43,
    -52, -52, -43, -48, -29, -40, -29, -30,
    -40, -29, -40, 0, 0, 0, 0, 0,
    0, 0, 0, -75, 0, 0, 0, -53,
    0, -60, -60, -60, -29, -5, 0, 0,
    0, 0, 0, 0, -42, -22, -53, -22,
    -22, -22, -22, -53, -52, -52, -52, -24,
    -10, -10, 9, 0, 0, -52, -24, 0,
    0, 0, 0, -25, -29, -10, -29, -76,
    -76, -18, -9, -18, -7, 0, 0, 0,
    0, 0, 0, 0, 0, 0, 0, 0,
    -51, 0, 0, 0, 0, -42, 0, 0,
    0, 0, 0, 0, 0, 0, 0, 0,
    0, 0, 0, 0, 0, 0, 0, -28,
    0, 0, 0, -34, 0, 0, 0, 0,
    0, 0, -26, 0, 0, -37, 0, 0,
    0, 0, 0, -9, 0, 0, -2, 0,
    0, -5, -6, 0, -2, 0, 0, 0,
    0, -5, -2, 0, 0, 0, 0, 0,
    0, 0, 0, 0, 0, 0, 0, 0,
    0, 0, 0, 0, 0, 0, -28, 0,
    0, 0, 0, 0, 0, 0, 0, -37,
    0, 0, -9, 0, 0, 0, 0, -9,
    0, 0, 0, 0, 0, 0, 0, 0,
    0, -2, 0, 0, 0, 0, 0, 0,
    -2, 0, 0, 0, 0, 0, 0, 0,
    0, 0, 0, 0, 0, 0, 0, 0,
    0, 0, -24, 0, -38, 0, 0, -16,
    -14, -16, 0, 0, 0, 0, 0, 0,
    0, 0, 0, 0, 0, 0, 0, 0,
    0, 0, 0, 0, 0, 0, 0, 0,
    0, 0, 0, 0, 0, 0, 0, 0,
    0, 0, 0, 0, 0, 0, 0, -3,
    0, 0, -1, -4, -1, -3, 0, 0,
    0, 0, 0, 0, -6, -3, -5, -5,
    0, 0, -9, 0, 0, 0, 0, 0,
    0, 0, 0, 0, 0, 0, 0, -18,
    0, 0, 0, 0, 0, 0, 0, 0,
    0, 0, 0, 0, 0, 0, 0, 0,
    0, 0, 0, 0, 0, 0, 0, 0,
    0, 0, 0, 0, 0, 0, 0, 0,
    0, 0, 0, 0, 0, 0, 0, 0,
    0, 0, 0, 0, 0, 0, 0, 0,
    -14, -43, 0, 0, 0, 0, -43, -16,
    -27, -39, -20, -18, -22, -18, -18, -6,
    -25, 0, 0, 0, 0, -6, 0, 0,
    0, -12, 0, 0, 0, -37, 0, -10,
    -6, -7, -7, -4, -7, -7, -6, -12,
    -26, -10, -40, -37, -13, -55, -13, 0,
    -24, 0, -26, -8, -4, -4, -4, -12,
    -4, -7, -7, 0, -4, -4, 0, -5,
    -13, -8, -14, -14, -12, -14, -12, 0,
    0, 0, 0, 0, 0, 0, 0, -19,
    0, 0, 0, -21, 0, -10, -10, -10,
    -7, -6, 0, 0, 0, 0, 0, -55,
    -7, -8, -8, -8, -8, -8, -8, -8,
    -4, -4, -4, -4, -7, -7, -7, -7,
    0, -4, -4, 0, -8, -8, -8, -8,
    -14, -7, -14, -23, -23, -31, -30, -31,
    -31, 0, 0, 0, -14, -30, 0, 0,
    0, 0, -30, -16, -27, -39, -20, -18,
    -22, -18, -18, -6, -25, 0, 0, 0,
    0, -6, 0, 0, 0, -12, 0, 0,
    0, -37, 0, -10, -6, -7, -7, -4,
    -7, -7, -6, -12, -26, -10, -40, -37,
    -13, -55, -13, 0, -24, 0, -26, -8,
    -4, -4, -4, -12, -4, -7, -7, 0,
    -4, -4, 0, -5, -13, -8, -14, -14,
    -12, -14, -12, 0, 0, 0, 0, 0,
    0, 0, 0, -19, 0, 0, 0, -21,
    0, -10, -10, -10, -7, -6, 0, 0,
    0, 0, 0, -55, -7, -8, -8, -8,
    -8, -8, -8, -8, -4, -4, -4, -4,
    -7, -7, -7, -7, -6, -4, -4, 0,
    -8, -8, -8, -8, -14, -7, -14, -23,
    -23, -31, -30, -31, -31, 0, 0, 0,
    -14, -30, 0, 0, 0, 0, -30, -16,
    -27, -39, -20, -18, -22, -18, -18, -6,
    -25, 0, 0, 0, 0, -6, 0, 0,
    0, -12, 0, 0, 0, -37, 0, -10,
    -6, -7, -7, -4, -7, -7, -6, -12,
    -26, -10, -40, -37, -13, -55, -13, 0,
    -24, 0, -26, -8, -4, -4, -4, -12,
    -4, -7, -7, 0, -4, -4, 0, -5,
    -13, -8, -14, -14, -12, -14, -12, 0,
    0, 0, 0, 0, 0, 0, 0, -19,
    0, 0, 0, -21, 0, -10, -10, -10,
    -7, -6, 0, 0, 0, 0, 0, -55,
    -7, -8, -8, -8, -8, -8, -8, -8,
    -4, -4, -4, -4, -7, -7, -7, -7,
    0, -4, -4, 0, -8, -8, -8, -8,
    -14, -7, -14, -23, -23, -31, -30, -31,
    -31, 0, 0, 0, -11, -37, 0, 0,
    0, 0, -37, -8, -45, -35, -10, -18,
    -9, -18, -20, 0, -21, 0, 0, 0,
    0, 0, 0, 0, 0, -8, 0, 0,
    0, -37, 0, -14, 0, -1, -1, -4,
    -1, -1, 0, -2, -53, -2, -35, -30,
    -24, -50, -15, 0, -37, 0, -43, -4,
    3, 2, 3, -4, 2, -1, -2, 0,
    3, 2, 0, 1, -5, 0, -7, -6,
    -20, -7, -12, 0, 0, 0, 0, 0,
    0, 0, 0, -7, 0, 0, 0, -16,
    0, -14, -14, -14, -1, 0, 0, 0,
    0, 0, 0, -50, -2, -4, -4, -4,
    -4, -4, -4, -4, 3, 3, 3, 3,
    -2, -2, -2, -2, 0, 3, 3, 0,
    0, 0, 0, 0, -7, -2, -7, -9,
    -9, -29, -31, -29, -30, 0, 0, 0,
    -11, -35, 0, 0, 0, 0, -35, -10,
    -32, -33, -9, -14, -19, -14, -21, -2,
    -17, 0, 0, 0, 0, -2, 0, 0,
    0, -5, 0, 0, 0, -35, 0, -13,
    -2, -2, -2, -2, -2, -2, -2, -2,
    -55, -5, -37, -32, -21, -50, -11, 0,
    -33, 0, -42, -3, -1, -1, -1, -1,
    -2, -4, -5, 0, -1, -1, 0, 0,
    -2, -5, -7, -7, -20, -7, -10, 0,
    0, 0, 0, 0, 0, 0, 0, -16,
    0, 0, 0, -14, 0, -13, -13, -13,
    -2, -2, 0, 0, 0, 0, 0, -50,
    -5, -3, -3, -3, -3, -3, -3, -3,
    -1, -1, -1, -1, -5, -5, -5, -5,
    0, -1, -1, 0, -5, -5, -5, -5,
    -7, -5, -7, -19, -19, -27, -29, -27,
    -28, 0, 0, 0, -8, -35, 0, 0,
    0, 0, -35, -6, -41, 0, 0, -16,
    -8, -16, -17, 0, -14, 0, 0, 0,
    0, 0, 0, 0, 0, -7, 0, 0,
    0, -31, 0, -12, 4, 0, 0, -3,
    0, 0, 4, 0, -31, -1, -29, 0,
    0, 0, 0, 0, -34, 0, 0, -2,
    6, 5, 6, -2, 5, 1, 0, 0,
    6, 5, 0, 5, -3, 2, -4, -3,
    -18, -4, -10, 0, 0, 0, 0, 0,
    0, 0, 0, -5, 0, 0, 0, -14,
    0, -12, -12, -12, 0, 4, 0, 0,
    0, 0, 0, 0, 0, -2, -2, -2,
    -2, -2, -2, -2, 6, 6, 6, 6,
    0, 0, 1, 0, 0, 6, 6, 0,
    2, 2, 2, 2, -4, 0, -4, -8,
    -8, -25, -27, -25, -25, 0, 0, 0,
    -11, -37, 0, 0, 0, 0, -37, -8,
    -36, -35, -10, -18, -9, -18, -20, 0,
    -21, 0, 0, 0, 0, 0, 0, 0,
    0, -8, 0, 0, 0, -37, 0, -14,
    0, -1, -1, -4, -1, -1, 0, -2,
    -53, -2, -35, -30, -24, -50, -15, 0,
    -37, 0, -43, -4, 3, 2, 3, -4,
    2, -1, -2, 0, 3, 2, 0, 1,
    -5, 0, -7, -6, -20, -7, -12, 0,
    0, 0, 0, 0, 0, 0, 0, -7,
    0, 0, 0, -16, 0, -14, -14, -14,
    -1, 0, 0, 0, 0, 0, 0, -50,
    -2, -4, -4, -4, -4, -4, -4, -4,
    3, 3, 3, 3, -2, -2, -2, -2,
    0, 3, 3, 0, 0, 0, 0, 0,
    -7, -2, -7, -9, -9, -29, -31, -29,
    -30, 0, 0, 0, -9, -27, 0, 0,
    0, 0, -27, -8, -41, -23, 0, -18,
    -9, -18, -19, 0, -12, 0, 0, 0,
    0, 0, 0, 0, 0, -8, 0, 0,
    0, -23, 0, -14, 0, -1, -1, -4,
    -1, -1, 0, -2, -9, -1, -10, -22,
    -19, 0, -9, 0, -24, 0, 0, -4,
    3, 2, 3, -4, 2, 0, -2, 0,
    3, 2, 0, 1, -5, 0, -6, -6,
    -20, -6, -12, 0, 0, 0, 0, 0,
    0, 0, 0, -7, 0, 0, 0, -16,
    0, -14, -14, -14, -1, 0, 0, 0,
    0, 0, 0, 0, -2, -4, -4, -4,
    -4, -4, -4, -4, 3, 3, 3, 3,
    -2, -2, 2, 0, 0, 3, 3, 0,
    0, 0, 0, 0, -6, -2, -6, -9,
    -9, -22, -17, -22, -23, 0, 0, 0,
    -9, -18, 0, 0, 0, 0, -27, -8,
    -27, -23, 0, -18, -9, -18, -19, 0,
    -12, 0, 0, 0, 0, 0, 0, 0,
    0, -8, 0, 0, 0, -23, 0, -14,
    0, -1, -1, -4, -1, -1, 0, -2,
    -9, -1, -10, -22, -19, 0, -9, 0,
    -24, 0, 0, -4, 3, 2, 3, -4,
    2, 0, -2, 0, 3, 2, 0, 1,
    -5, 0, -6, -6, -20, -6, -12, 0,
    0, 0, 0, 0, 0, 0, 0, -7,
    0, 0, 0, -16, 0, -14, -14, -14,
    -1, 0, 0, 0, 0, 0, 0, 0,
    -2, -4, -4, -4, -4, -4, -4, -4,
    3, 3, 3, 3, -2, -2, 2, 0,
    0, 3, 3, 0, 0, 0, 0, 0,
    -6, -2, -6, -9, -9, -22, -17, -22,
    -23, 0, 0, 0, 0, 0, 0, 0,
    0, 0, 0, -1, -22, 3, 0, -6,
    -10, -6, -7, 13, 3, 0, 0, 0,
    0, 13, 0, 0, 0, 2, 0, 0,
    0, 0, 0, -1, 5, 12, 12, 5,
    12, 12, 5, 8, 4, 0, 0, 0,
    0, 6, 0, 0, 0, 0, 0, 6,
    15, 13, 15, 6, 13, 4, 4, 0,
    15, 13, 0, 11, 6, 4, 7, 6,
    -1, 7, 4, 0, 0, 0, 0, 0,
    0, 0, 0, -7, 0, 0, 0, -7,
    0, -1, -1, -1, 12, 5, 0, 0,
    0, 0, 0, 6, 3, 6, 6, 6,
    6, 6, 6, 6, 15, 15, 15, 15,
    4, 4, 6, 0, 0, 15, 15, 0,
    4, 4, 4, 4, 7, 4, 7, -10,
    -10, 1, 0, 1, 0, 0, 0, 0,
    0, 0, 0, 0, 0, 0, 0, -1,
    0, 3, 0, -6, -10, -6, -7, 13,
    3, 0, 0, 0, 0, 13, 0, 0,
    0, 2, 0, 0, 0, 0, 0, -1,
    5, 12, 12, 5, 12, 12, 5, 8,
    4, 0, 0, 0, 0, 6, 0, 0,
    0, 0, 0, 6, 15, 13, 15, 6,
    13, 4, 4, 0, 15, 13, 0, 11,
    6, 4, 7, 6, -1, 7, 4, 0,
    0, 0, 0, 0, 0, 0, 0, -7,
    0, 0, 0, -7, 0, -1, -1, -1,
    12, 5, 0, 0, 0, 0, 0, 6,
    3, 6, 6, 6, 6, 6, 6, 6,
    15, 15, 15, 15, 4, 4, 6, 0,
    12, 15, 15, 0, 4, 4, 4, 4,
    7, 4, 7, -10, -10, 1, 0, 1,
    0, 0, 0, 0, 0, 6, 0, 0,
    0, 0, 6, 0, -10, 0, 0, -19,
    -21, -18, -17, 0, 0, 0, 0, 0,
    0, 0, 0, 0, 0, 0, 0, 0,
    0, 0, 0, 0, 0, 0, 0, 0,
    0, 0, 0, 0, 0, 0, 0, 0,
    0, 0, 0, 0, 0, 0, 0, -6,
    0, 0, 0, 0, 0, 0, 0, 0,
    0, 0, 0, 0, 0, 0, 0, 0,
    -9, -3, -5, 0, 0, 0, 0, 0,
    0, 0, 0, 0, 0, 0, 0, -18,
    0, 0, 0, 0, 0, 0, 0, 0,
    0, 0, 0, 0, 0, 0, 0, 0,
    0, 0, 0, 0, 0, 0, 0, 0,
    0, 0, 0, 0, 0, 0, 0, 0,
    0, 0, 0, 0, 0, 0, 0, 0,
    0, 0, 0, 0, 0, 0, 0, 0,
    0, 0, 0, 0, 0, 0, 0, 0,
    0, 0, 0, 0, -21, 0, 0, 0,
    0, 0, 0, 0, 0, 0, 0, 0,
    0, 0, 0, 0, 0, 0, 0, 0,
    0, 0, 0, 0, 0, 0, 0, 0,
    0, 0, 0, 0, 0, 0, 0, 0,
    0, 0, 0, -6, 0, -2, 0, 0,
    0, 0, 0, 0, 0, -2, 0, -2,
    -3, 0, -5, -4, -12, 0, 0, 0,
    0, 0, 0, 0, 0, 0, 0, 0,
    0, 0, 0, 0, 0, 0, 0, 0,
    0, 0, 0, 0, 0, 0, 0, 0,
    0, 0, 0, 0, 0, 0, 0, 0,
    0, 0, 0, 0, 0, 0, 0, 0,
    0, 0, 0, 0, 0, 0, 0, 0,
    0, 0, 0, 0, 0, 0, 0, 0,
    0, 0, 0, 0, 0, -25, 0, 0,
    0, 0, 0, 0, -39, 0, 0, -22,
    -10, -23, 0, 0, 0, 0, 0, 0,
    0, 0, 0, 0, 0, 0, 0, 0,
    0, 0, 0, 0, 0, 0, 0, 0,
    0, 0, 0, 0, 0, 0, 0, 0,
    0, 0, 0, 0, -34, 0, 0, -1,
    0, 5, 4, 0, 4, 0, 0, 0,
    0, 0, 0, 4, 0, 0, -1, 0,
    0, 0, 0, 0, 0, 0, 0, 0,
    0, 0, 0, 0, 0, 0, 0, 0,
    0, 0, 0, 0, 0, 0, 0, 0,
    0, 0, 0, 0, 0, 0, 0, 0,
    0, 0, 0, 0, 0, 0, 0, 0,
    0, 0, 0, 0, 0, 0, 0, 0,
    0, 0, 0, 0, 0, 0, 0, 0,
    0, 0, 0, 0, 0, 0, 0, 0,
    -13, -31, 0, 0, 0, 0, -39, -13,
    -35, -35, -16, -16, -19, -16, -18, -3,
    -20, 0, 0, 0, 0, -3, 0, 0,
    0, -9, 0, 0, 0, -35, 0, -10,
    -5, -4, -4, -2, -4, -4, -5, -7,
    -55, -7, -37, -33, -12, -52, -13, 0,
    -26, 0, -27, -5, 0, 0, 0, -8,
    0, -2, -7, 0, 0, 0, 0, -1,
    -9, -5, -10, -10, -12, -10, -10, 0,
    0, 0, 0, 0, 0, 0, 0, -16,
    0, 0, 0, -19, 0, -10, -10, -10,
    -4, -5, 0, 0, 0, 0, 0, -52,
    -2, -5, -5, -5, -5, -5, -5, -5,
    0, 0, 0, 0, -7, -7, -6, -7,
    0, 0, 0, 0, -5, -5, -5, -5,
    -10, -7, -10, -19, -19, -29, -31, -29,
    -30, 0, 0, 0, -11, -34, 0, 0,
    0, 0, -34, -8, -32, -37, -11, -18,
    -9, -18, -20, 0, -21, 0, 0, 0,
    0, 0, 0, 0, 0, -9, 0, 0,
    0, -39, 0, -15, 0, -1, -1, -7,
    -1, -1, 0, -1, -27, -1, -35, -30,
    -26, -52, -15, 0, -34, 0, -46, -1,
    0, 3, 0, -4, 1, 0, -1, 0,
    0, 3, 0, 1, -6, 0, -7, -6,
    -21, -7, -12, 0, 0, 0, 0, 0,
    0, 0, 0, -7, 0, 0, 0, -17,
    0, -15, -15, -15, -1, 0, 0, 0,
    0, 0, 0, -52, -1, -1, -1, -1,
    -1, -1, -1, -1, 0, 0, 0, 0,
    -1, -1, -1, -1, 0, 0, 0, 0,
    0, 0, 0, 0, -7, -1, -7, -9,
    -9, -29, -27, -29, -27, 0, 0, 0,
    -11, -34, 0, 0, 0, 0, -34, -8,
    -32, -37, -11, -18, -9, -18, -20, 0,
    -21, 0, 0, 0, 0, 0, 0, 0,
    0, -9, 0, 0, 0, -39, 0, -15,
    0, -1, -1, -7, -1, -1, 0, -1,
    -27, -1, -35, -30, -26, -52, -15, 0,
    -34, 0, -46, -1, 0, 3, 0, -4,
    1, 0, -1, 0, 0, 3, 0, 1,
    -6, 0, -7, -6, -21, -7, -12, 0,
    0, 0, 0, 0, 0, 0, 0, -7,
    0, 0, 0, -17, 0, -15, -15, -15,
    -1, 0, 0, 0, 0, 0, 0, -52,
    -1, -1, -1, -1, -1, -1, -1, -1,
    0, 0, 0, 0, -1, -1, -1, -1,
    -1, 0, 0, 0, 0, 0, 0, 0,
    -7, -1, -7, -9, -9, -29, -27, -29,
    -27, 0, 0, 0, -25, -39, 0, 0,
    0, 0, -39, -20, -63, -36, -13, -66,
    -28, -66, -44, -8, -18, -38, -36, -23,
    -18, -8, -56, -19, -13, -15, 0, 0,
    0, 0, 0, -41, -15, -8, -8, -54,
    -8, -8, -15, -27, -57, -13, -39, -35,
    -62, -53, -51, 0, -59, 0, 0, -18,
    -11, -11, -11, -10, -10, -16, -17, 0,
    -11, -11, 0, -12, -10, -15, -11, -12,
    -30, -11, -25, 0, 0, 0, 0, 0,
    0, 0, 0, -26, 0, 0, 0, -20,
    0, -41, -41, -41, -8, -15, 0, 0,
    0, 0, 0, -53, 0, -18, -18, -18,
    -18, -18, -18, -18, -11, -11, -11, -11,
    -17, -17, 0, 0, 0, -11, -11, 0,
    -15, -15, -15, -15, -11, -17, -11, 0,
    0, -30, -31, -30, 0, 0, 0, 0,
    0, -25, 0, 0, 0, 0, 0, 0,
    -46, 0, 0, -18, -9, -19, -19, 0,
    0, 0, 0, 0, 0, 0, 0, 0,
    0, 0, 0, 0, 0, 0, 0, 0,
    0, 0, 0, 0, 0, 0, 0, 0,
    0, 0, 0, 0, 0, 0, 0, 0,
    -39, 0, 0, 0, 0, 5, 4, 0,
    4, 3, 2, 0, 0, 0, 0, 0,
    0, 0, 0, 0, 0, 0, 0, 0,
    0, 0, 0, 0, 0, 0, 0, 0,
    0, 0, 0, 0, 0, 0, 0, 0,
    0, 0, 0, 0, 0, 0, 0, 0,
    0, 0, 0, 0, 0, 0, 0, 0,
    0, 0, 0, 0, 0, 0, 0, 0,
    0, 0, 0, 0, 0, 0, 0, 0,
    0, 0, 0, 0, 0, 0, 0, 0,
    0, 0, 0, 0, -14, -27, 0, 0,
    0, 0, -27, -14, -36, -22, -17, -18,
    -21, -18, -19, -3, -11, 0, 0, 0,
    0, -3, 0, 0, 0, -9, 0, 0,
    0, -23, 0, -12, -8, -4, -4, -4,
    -4, -4, -8, -8, -30, -6, -33, -29,
    -14, -42, -14, 0, -25, 0, -27, -6,
    -1, -2, -1, -3, -2, -8, -9, 0,
    -1, -2, 0, -2, -4, -7, -5, -4,
    -12, -5, -8, 0, 0, 0, 0, 0,
    0, 0, 0, -18, 0, 0, 0, -18,
    0, -12, -12, -12, -4, -8, 0, 0,
    0, 0, 0, -42, -9, -6, -6, -6,
    -6, -6, -6, -6, -1, -1, -1, -1,
    -9, -9, -4, -9, 0, -1, -1, 0,
    -7, -7, -7, -7, -5, -9, -5, -21,
    -21, -21, -25, -21, -23, 0, 0, 0,
    -14, -27, 0, 0, 0, 0, -27, -14,
    -36, -22, -17, -18, -21, -18, -19, -3,
    -11, 0, 0, 0, 0, -3, 0, 0,
    0, -9, 0, 0, 0, -23, 0, -12,
    -8, -4, -4, -4, -4, -4, -8, -8,
    -30, -6, -33, -29, -14, -42, -14, 0,
    -25, 0, -27, -6, -1, -2, -1, -3,
    -2, -8, -9, 0, -1, -2, 0, -2,
    -4, -7, -5, -4, -12, -5, -8, 0,
    0, 0, 0, 0, 0, 0, 0, -18,
    0, 0, 0, -18, 0, -12, -12, -12,
    -4, -8, 0, 0, 0, 0, 0, -42,
    -9, -6, -6, -6, -6, -6, -6, -6,
    -1, -1, -1, -1, -9, -9, -4, -9,
    -4, -1, -1, 0, -7, -7, -7, -7,
    -5, -9, -5, -21, -21, -21, -25, -21,
    -23, 0, 0, 0, -11, -15, 0, 0,
    0, 0, -15, -13, -26, -4, -13, -43,
    -28, -43, -39, -1, -1, 0, 0, 0,
    0, -1, 0, 0, 0, -3, 0, 0,
    0, -4, 0, -36, -3, -2, -2, -37,
    -2, -2, -3, -6, -44, -2, -18, -16,
    -36, -29, -38, 0, -49, 0, -53, -12,
    -7, -7, -7, 3, -8, -4, -5, 0,
    -7, -7, 0, -7, 3, -3, 2, 1,
    -1, 2, -3, 0, 0, 0, 0, 0,
    0, 0, 0, -28, 0, 0, 0, -16,
    0, -36, -36, -36, -2, -3, 0, 0,
    0, 0, 0, -29, -5, -12, -12, -12,
    -12, -12, -12, -12, -7, -7, -7, -7,
    -5, -5, -3, -5, -13, -7, -7, 0,
    -3, -3, -3, -3, 2, -5, 2, -28,
    -28, -7, -9, -7, -7, 0, 0, 0,
    -11, -38, 0, 0, 0, 0, -38, -8,
    -46, -36, -10, -18, -10, -18, -19, 2,
    -20, 0, 0, 0, 0, 2, 0, 0,
    0, -8, 0, 0, 0, -36, 0, -13,
    0, 0, 0, -7, 0, 0, 0, -2,
    -54, -1, -34, -29, -25, -51, -15, 0,
    -37, 0, -43, 0, 3, 2, 3, -4,
    2, -1, -2, 0, 3, 2, 0, 1,
    -5, 0, -7, -5, -20, -7, -11, 0,
    0, 0, 0, 0, 0, 0, 0, -8,
    0, 0, 0, -16, 0, -13, -13, -13,
    0, 0, 0, 0, 0, 0, 0, -51,
    -2, 0, 0, 0, 0, 0, 0, 0,
    3, 3, 3, 3, -2, -2, -2, -2,
    0, 3, 3, 0, 0, 0, 0, 0,
    -7, -2, -7, -10, -10, -29, -32, -29,
    -30, 0, 0, 0, -11, -15, 0, 0,
    0, 0, -15, -13, -45, -4, -13, -43,
    -28, -43, -39, -1, -1, 0, 0, 0,
    0, -1, 0, 0, 0, -3, 0, 0,
    0, -4, 0, -36, -3, -2, -2, -37,
    -2, -2, -3, -6, -44, -2, -18, -16,
    -36, -29, -38, 0, -49, 0, -53, -12,
    -7, -7, -7, 3, -8, -4, -5, 0,
    -7, -7, 0, -7, 3, -3, 2, 1,
    -1, 2, -3, 0, 0, 0, 0, 0,
    0, 0, 0, -28, 0, 0, 0, -16,
    0, -36, -36, -36, -2, -3, 0, 0,
    0, 0, 0, -29, -5, -12, -12, -12,
    -12, -12, -12, -12, -7, -7, -7, -7,
    -5, -5, -3, -5, 0, -7, -7, 0,
    -3, -3, -3, -3, 2, -5, 2, -28,
    -28, -7, -9, -7, -7, 0, 0, 0,
    -32, -57, 0, 0, 0, 0, -57, -24,
    -67, 0, 0, -40, 0, -40, -40, -13,
    -54, -40, -19, -14, -23, -13, -58, -15,
    -24, -30, 0, 0, 0, 0, 0, -35,
    -20, -13, -13, -47, -13, -13, -20, -20,
    -76, -18, -51, -46, -50, -76, -39, 0,
    -65, 0, 0, -24, -9, -11, -9, -26,
    -10, -20, -21, 0, -9, -11, 0, -22,
    -29, -19, -27, -25, -50, -27, -37, 0,
    0, 0, 0, 0, 0, 0, 0, -20,
    0, 0, 0, -39, 0, -35, -35, -35,
    -13, -20, 0, 0, 0, 0, 0, -76,
    -21, -24, -24, -24, -24, -24, -24, -24,
    -9, -9, -9, -9, -21, -21, 0, 0,
    0, -9, -9, 0, -19, -19, -19, -19,
    -27, -21, -27, -21, -21, -56, -57, -56,
    0, 0, 0, 0, -32, -57, 0, 0,
    0, 0, -57, -24, -67, 0, 0, -40,
    0, -40, -40, -13, -54, -40, -19, -14,
    -23, -13, -58, -15, -24, -30, 0, 0,
    0, 0, 0, -35, -20, -13, -13, -47,
    -13, -13, -20, -20, -76, -18, -51, -46,
    -50, -76, -39, 0, -65, 0, 0, -24,
    -9, -11, -9, -26, -10, -20, -21, 0,
    -9, -11, 0, -22, -29, -19, -27, -25,
    -50, -27, -37, 0, 0, 0, 0, 0,
    0, 0, 0, -20, 0, 0, 0, -39,
    0, -35, -35, -35, -13, -20, 0, 0,
    0, 0, 0, -76, -21, -24, -24, -24,
    -24, -24, -24, -24, -9, -9, -9, -9,
    -21, -21, 0, 0, 0, -9, -9, 0,
    -19, -19, -19, -19, -27, -21, -27, -21,
    -21, -56, -57, -56, -68, 0, 0, 0,
    -14, -13, 0, 0, -7, 0, -13, -27,
    -20, -13, -30, -66, -54, -66, -56, -13,
    -2, -8, -12, -45, -21, -13, -8, -14,
    -7, -23, 0, 0, 0, 0, 0, -53,
    -10, -13, -13, -56, -13, -13, -10, -18,
    -10, -8, -10, -12, -17, -8, -19, 0,
    -16, 0, 0, -31, -31, -30, -31, -6,
    -30, 0, -15, 0, -31, -30, 0, -27,
    -6, -19, -7, -11, -23, -7, -19, 0,
    0, 0, 0, 0, 0, 0, 0, -50,
    0, 0, 0, -30, -56, -53, -53, -53,
    -13, -10, 0, 0, 0, 0, 0, -8,
    -21, -26, -31, -26, -26, -26, -26, -31,
    -31, -31, -31, -25, -15, -15, 0, 0,
    0, -31, -25, 0, -19, -19, -19, -19,
    -7, -15, -7, -56, -56, -13, -14, -13,
    0, -62, 0, -62, 0, 0, 0, 0,
    0, 0, 0, 0, -21, 0, 0, -66,
    -66, -66, 0, 0, 0, 0, 0, 0,
    0, 0, 0, 0, 0, 0, 0, 0,
    0, 0, 0, -63, -18, -28, -28, -60,
    -28, -28, -18, -25, -9, -15, -11, -13,
    -18, -10, -18, 0, 0, 0, 0, -46,
    -47, -46, -47, -19, -46, 0, -20, 0,
    -47, -46, 0, -41, -20, -31, -23, -26,
    -33, -23, -31, 0, 0, 0, 0, 0,
    0, 0, 0, -66, 0, 0, 0, 0,
    0, -63, -63, -63, -28, -18, 0, 0,
    0, 0, 0, -10, -32, -33, -46, -33,
    -33, -33, -33, -46, -47, -47, -47, -34,
    -20, -20, 0, 0, 0, -47, -34, 0,
    -31, -31, -31, -31, -23, -20, -23, 0,
    0, 0, 0, 0, 0, 0, 0, 0,
    -20, 0, 0, 0, -27, 0, 0, -34,
    0, -61, -61, -15, -51, -15, -12, -27,
    -51, -6, -20, -22, -20, -27, -44, -19,
    -22, -14, 0, 0, 0, 0, 0, -10,
    -16, -33, -33, -1, -33, -33, -16, -23,
    -61, -29, -61, -59, -13, -61, -12, 0,
    0, 0, 0, -14, -21, -19, -21, -29,
    -15, 0, -15, 0, -21, -19, 0, -13,
    -36, -21, -45, -39, -13, -45, -12, 0,
    0, 0, 0, 0, 0, 0, 0, -39,
    0, 0, 0, -25, 0, -10, -10, -10,
    -33, -16, 0, 0, 0, 0, 0, -61,
    -17, -14, -14, -14, -14, -14, -14, -14,
    -21, -21, -21, -21, -15, -15, 0, 0,
    0, -21, -21, 0, -21, -21, -21, -21,
    -45, -15, -45, -53, -53, -62, -66, -62,
    0, 0, 0, 0, -14, -13, 0, 0,
    -7, 0, -13, -27, -20, -13, -30, -66,
    -54, -66, -56, -13, -2, -8, -12, -45,
    -21, -13, -8, -14, -7, -23, 0, 0,
    0, 0, 0, -53, -10, -13, -13, -56,
    -13, -13, -10, -18, -10, -8, -10, -12,
    -17, -8, -19, 0, -16, 0, -110, -31,
    -31, -30, -31, -6, -30, 0, -15, 0,
    -31, -30, 0, -27, -6, -19, -7, -11,
    -23, -7, -19, 0, 0, 0, 0, 0,
    0, 0, 0, -50, 0, 0, 0, -30,
    -56, -53, -53, -53, -13, -10, 0, 0,
    0, 0, 0, -8, -21, -26, -31, -26,
    -26, -26, -26, -31, -31, -31, -31, -25,
    -15, -15, 0, 0, 0, -31, -25, 0,
    -19, -19, -19, -19, -7, -15, -7, -56,
    -56, -13, -14, -13, 0, -108, 0, -110,
    0, 0, 0, 0, 0, 0, 0, 0,
    -19, 0, 0, -66, -80, -66, 0, 0,
    0, 0, 0, 0, 0, 0, 0, 0,
    0, -33, 0, 0, 0, 0, 0, -63,
    -15, -26, -26, -64, -26, -26, -15, -22,
    -6, -12, -8, -11, -15, -7, -16, 0,
    0, 0, 0, -44, -45, -44, -45, -17,
    -44, 0, -17, 0, -45, -44, 0, -39,
    -18, -30, -19, -24, -31, -19, -21, 0,
    0, 0, 0, 0, 0, 0, 0, 0,
    0, 0, 0, 0, 0, -63, -63, -63,
    -26, -15, 0, 0, 0, 0, 0, -7,
    -31, -30, -44, -30, -30, -30, -30, -44,
    -45, -45, -45, -31, -17, -17, 0, 0,
    0, -45, -31, 0, -30, -30, -30, -30,
    -19, -17, -19, 0, -81, 0, 0, 0,
    0, 0, 0, -110, -20, 0, 0, 0,
    -27, 0, 0, -34, 0, -61, -61, -15,
    -51, -15, -12, -27, -51, -6, -20, -22,
    -20, -27, -44, -19, -22, -14, 0, 0,
    0, 0, 0, -10, -16, -33, -33, -1,
    -33, -33, -16, -23, -61, -29, -61, -59,
    -13, -61, -12, 0, 0, 0, 0, -14,
    -21, -19, -21, -29, -15, 0, -15, 0,
    -21, -19, 0, -13, -36, -21, -45, -39,
    -13, -45, -12, 0, 0, 0, 0, 0,
    0, 0, 0, -39, 0, 0, 0, -25,
    0, -10, -10, -10, -33, -16, 0, 0,
    0, 0, 0, -61, -17, -14, -14, -14,
    -14, -14, -14, -14, -21, -21, -21, -21,
    -15, -15, 0, 0, 0, -21, -21, 0,
    -21, -21, -21, -21, -45, -15, -45, -53,
    -53, -62, -66, -62, -108, 0, 0, 0,
    0, 0, 0, 0, 0, 0, 0, 0,
    -57, 0, 0, 0, 0, 0, 0, 0,
    0, 0, 0, 0, 0, 0, 0, 0,
    0, 0, 0, 0, 0, 0, 0, 0,
    0, 0, 0, 0, 0, 0, 0, 0,
    -66, 0, 0, 0, 0, 0, 0, 0,
    0, 0, 0, 0, 0, 0, 0, 0,
    0, 0, 0, 0, 0, 0, 0, 0,
    0, 0, 0, 0, 0, 0, 0, 0,
    0, 0, 0, 0, 0, 0, 0, 0,
    0, 0, 0, 0, 0, 0, 0, 0,
    0, 0, 0, 0, 0, 0, 0, 0,
    0, 0, 0, 0, 0, 0, 0, 0,
    0, 0, 0, 0, 0, 0, 0, 0,
    0, 0, 0, 0, 0, 0, 0, 0,
    0, 0, 0, 0, 0, 0, 0, 0,
    0, 0, 0, 0, 0, -108, 0, 0,
    0, 0, 0, -31, -36, 0, 0, 0,
    0, 0, 0, 0, 0, 0, 0, 0,
    0, 0, 0, 0, 0, 0, 0, 0,
    0, 0, 0, 0, 0, 0, 0, 0,
    0, 0, 0, 0, -70, 0, 0, 0,
    0, 0, 0, 0, -27, 0, 0, 0,
    0, 0, 0, 0, 0, 0, 0, 0,
    0, 0, 0, 0, 0, 0, 0, -35,
    0, 0, 0, 0, 0, 0, 0, 0,
    0, 0, 0, 0, 0, 0, 0, -22,
    0, 0, 0, 0, 0, 0, 0, 0,
    0, 0, 0, 0, 0, 0, 0, 0,
    0, 0, 0, 0, 0, 0, 0, 0,
    0, 0, 0, 0, 0, 0, 0, 0,
    0, 0, 0, 0, 0, 0, 0, 0,
    0, -62, -66, -110, -110, 0, 0, 0
};


/*Collect the kern class' data in one place*/
static const lv_font_fmt_txt_kern_classes_t kern_classes =
{
    .class_pair_values   = kern_class_values,
    .left_class_mapping  = kern_left_class_mapping,
    .right_class_mapping = kern_right_class_mapping,
    .left_class_cnt      = 146,
    .right_class_cnt     = 132,
};

/*--------------------
 *  ALL CUSTOM DATA
 *--------------------*/

#if LV_VERSION_CHECK(8, 0, 0)
/*Store all the custom data of the font*/
static  lv_font_fmt_txt_glyph_cache_t cache;
static const lv_font_fmt_txt_dsc_t font_dsc = {
#else
static lv_font_fmt_txt_dsc_t font_dsc = {
#endif
    .glyph_bitmap = glyph_bitmap,
    .glyph_dsc = glyph_dsc,
    .cmaps = cmaps,
    .kern_dsc = &kern_classes,
    .kern_scale = 17,
    .cmap_num = 4,
    .bpp = 4,
    .kern_classes = 1,
    .bitmap_format = 0,
#if LV_VERSION_CHECK(8, 0, 0)
    .cache = &cache
#endif
};


/*-----------------
 *  PUBLIC FONT
 *----------------*/

/*Initialize a public general font descriptor*/
#if LV_VERSION_CHECK(8, 0, 0)
const lv_font_t airki_sans_32 = {
#else
lv_font_t airki_sans_32 = {
#endif
    .get_glyph_dsc = lv_font_get_glyph_dsc_fmt_txt,    /*Function pointer to get glyph's data*/
    .get_glyph_bitmap = lv_font_get_bitmap_fmt_txt,    /*Function pointer to get glyph's bitmap*/
    .line_height = 40,          /*The maximum line height required by the font*/
    .base_line = 7,             /*Baseline measured from the bottom of the line*/
#if !(LVGL_VERSION_MAJOR == 6 && LVGL_VERSION_MINOR == 0)
    .subpx = LV_FONT_SUBPX_NONE,
#endif
#if LV_VERSION_CHECK(7, 4, 0) || LVGL_VERSION_MAJOR >= 8
    .underline_position = -6,
    .underline_thickness = 1,
#endif
    .dsc = &font_dsc           /*The custom font data. Will be accessed by `get_glyph_bitmap/dsc` */
};



#endif /*#if AIRKI_SANS_32*/

